v -0.41370000000000001 0.18970000000000001 -0.047899999999999998
v -0.42399999999999999 0.1623 -0.14119999999999999
v -0.41820000000000002 0.16270000000000001 -0.15160000000000001
v -0.40060000000000001 0.16400000000000001 -0.16619999999999999
v -0.40550000000000003 0.1583 -0.16639999999999999
v -0.23910000000000001 0.061100000000000002 -0.22670000000000001
v -0.1671 0.055599999999999997 -0.20899999999999999
v -0.13009999999999999 0.031199999999999999 -0.1749
v -0.106 0.034500000000000003 -0.17299999999999999
v 0.14449999999999999 0.0407 -0.15279999999999999
v 0.1678 0.063500000000000001 -0.15079999999999999
v 0.22409999999999999 0.15210000000000001 -0.15090000000000001
v 0.22850000000000001 0.15790000000000001 -0.15359999999999999
v 0.21829999999999999 0.15290000000000001 -0.15609999999999999
v 0.21659999999999999 0.1583 -0.161
v 0.20849999999999999 0.1585 -0.1666
v -0.019900000000000001 0.19259999999999999 -0.25629999999999997
v -0.034299999999999997 0.1779 -0.2487
v -0.0448 0.1797 -0.25009999999999999
v -0.1246 0.1535 -0.2303
v -0.3931 0.12470000000000001 -0.2185
v -0.31609999999999999 0.21060000000000001 -0.1239
v -0.31919999999999998 0.20269999999999999 -0.1376
v -0.3921 0.16919999999999999 -0.16650000000000001
v -0.17080000000000001 0.13969999999999999 -0.216
v -0.18260000000000001 0.14180000000000001 -0.21740000000000001
v -0.18260000000000001 0.14899999999999999 -0.21929999999999999
v 0.12230000000000001 0.028000000000000001 -0.063700000000000007
v 0.18110000000000001 0.037999999999999999 -0.088800000000000004
v 0.1265 0.028899999999999999 -0.1105
v 0.23580000000000001 0.0843 -0.027799999999999998
v 0.2387 0.080600000000000005 -0.018100000000000002
v 0.24390000000000001 0.025000000000000001 0.14030000000000001
v 0.22120000000000001 0.025600000000000001 0.1052
v 0.2319 0.024299999999999999 0.11119999999999999
v 0.21929999999999999 0.0309 0.047600000000000003
v 0.2157 0.0235 0.084000000000000005
v 0.19520000000000001 0.026700000000000002 0.085199999999999998
v 0.1966 0.030099999999999998 0.093899999999999997
v 0.18490000000000001 0.030700000000000002 0.086800000000000002
v 0.18490000000000001 0.035099999999999999 0.092299999999999993
v 0.20810000000000001 0.029100000000000001 0.041000000000000002
v 0.1009 0.030700000000000002 0.00029999999999999997
v 0.092399999999999996 0.038800000000000001 -0.0054000000000000003
v 0.072400000000000006 0.066400000000000001 -0.0088999999999999999
v 0.0378 0.075800000000000006 -0.064399999999999999
v 0.20000000000000001 0.023800000000000002 0.0683
v 0.19470000000000001 0.024400000000000002 0.078799999999999995
v 0.22900000000000001 0.066400000000000001 -0.0083999999999999995
v 0.2298 0.071800000000000003 -0.018200000000000001
v 0.23980000000000001 0.1196 -0.077799999999999994
v -0.18260000000000001 0.91390000000000005 -0.055899999999999998
v -0.36699999999999999 0.93169999999999997 -0.041000000000000002
v -0.37419999999999998 1.0278 0.16350000000000001
v -0.64510000000000001 0.94840000000000002 0.0068999999999999999
v -0.39200000000000002 0.92210000000000003 -0.052999999999999999
v -0.60509999999999997 0.1847 0.080100000000000005
v -0.67230000000000001 0.1193 0.023199999999999998
v -0.70899999999999996 0.092399999999999996 0.033500000000000002
v -0.69569999999999999 0.091899999999999996 0.020400000000000001
v -0.69789999999999996 0.071999999999999995 0.016299999999999999
v -0.68659999999999999 0.073400000000000007 0.0109
v -0.69340000000000002 0.054199999999999998 0.0172
v -0.67569999999999997 0.039899999999999998 0.0223
v -0.66400000000000003 0.040800000000000003 0.0106
v -0.64529999999999998 0.037600000000000001 0.0115
v -0.42999999999999999 0.031199999999999999 0.095200000000000007
v -0.40050000000000002 0.031 0.1164
v -0.38279999999999997 0.029899999999999999 0.14779999999999999
v -0.39140000000000003 0.0304 0.1676
v -0.38740000000000002 0.033000000000000002 0.17580000000000001
v -0.39760000000000001 0.033700000000000001 0.16969999999999999
v -0.39550000000000002 0.039300000000000002 0.17660000000000001
v -0.4042 0.043099999999999999 0.1754
v -0.40460000000000002 0.047399999999999998 0.1835
v -0.52649999999999997 0.039100000000000003 0.20680000000000001
v -0.53500000000000003 0.031899999999999998 0.1638
v -0.5232 0.032800000000000003 0.16389999999999999
v -0.5151 0.039100000000000003 0.17330000000000001
v -0.51300000000000001 0.035499999999999997 0.16289999999999999
v -0.45369999999999999 0.045100000000000001 0.1605
v -0.44640000000000002 0.032199999999999999 0.14779999999999999
v -0.43530000000000002 0.031600000000000003 0.1472
v -0.4728 0.047600000000000003 0.1633
v -0.47120000000000001 0.0424 0.15559999999999999
v -0.47920000000000001 0.046399999999999997 0.15859999999999999
v -0.4819 0.041799999999999997 0.15509999999999999
v -0.48449999999999999 0.046199999999999998 0.16039999999999999
v -0.48970000000000002 0.042200000000000001 0.1595
v -0.49199999999999999 0.045900000000000003 0.1686
v -0.48180000000000001 0.048399999999999999 0.16830000000000001
v -0.45490000000000003 0.031399999999999997 0.14299999999999999
v -0.69450000000000001 0.0407 0.028899999999999999
v -0.71020000000000005 0.0419 0.0395
v -0.71519999999999995 0.044400000000000002 0.043099999999999999
v -0.71699999999999997 0.042900000000000001 0.049299999999999997
v -0.73360000000000003 0.059900000000000002 0.066299999999999998
v -0.74960000000000004 0.074300000000000005 0.13320000000000001
v -0.75109999999999999 0.071199999999999999 0.14349999999999999
v -0.75319999999999998 0.072599999999999998 0.15559999999999999
v -0.75160000000000005 0.079000000000000001 0.16789999999999999
v -0.74980000000000002 0.087999999999999995 0.1646
v -0.70950000000000002 0.075800000000000006 0.21510000000000001
v -0.68300000000000005 0.091800000000000007 0.23830000000000001
v -0.65229999999999999 0.084699999999999998 0.26440000000000002
v -0.61050000000000004 0.099900000000000003 0.29210000000000003
v -0.59199999999999997 0.11550000000000001 0.28710000000000002
v -0.5867 0.1208 0.28239999999999998
v -0.57699999999999996 0.124 0.28749999999999998
v -0.72030000000000005 0.13420000000000001 0.1133
v -0.73860000000000003 0.10299999999999999 0.1047
v -0.73170000000000002 0.11219999999999999 0.097100000000000006
v -0.70689999999999997 0.1099 0.0545
v -0.72919999999999996 0.077700000000000005 0.066400000000000001
v -0.7349 0.1037 0.1343
v -0.74209999999999998 0.093899999999999997 0.13089999999999999
v -0.73640000000000005 0.10050000000000001 0.13950000000000001
v -0.72030000000000005 0.1308 0.14480000000000001
v -0.7107 0.1439 0.15559999999999999
v -0.72509999999999997 0.1285 0.1615
v -0.71879999999999999 0.1303 0.17130000000000001
v -0.7198 0.13469999999999999 0.1555
v -0.70430000000000004 0.13339999999999999 0.184
v -0.69159999999999999 0.13880000000000001 0.1903
v -0.61619999999999997 0.1042 0.27950000000000003
v -0.62609999999999999 0.099500000000000005 0.2762
v -0.59709999999999996 0.1404 0.24679999999999999
v -0.67449999999999999 0.12590000000000001 0.21690000000000001
v -0.73140000000000005 0.042599999999999999 0.078899999999999998
v -0.73780000000000001 0.043799999999999999 0.1004
v -0.74709999999999999 0.049500000000000002 0.1113
v -0.75170000000000003 0.062300000000000001 0.1234
v -0.7429 0.046699999999999998 0.1026
v -0.74099999999999999 0.047100000000000003 0.093899999999999997
v -0.45279999999999998 0.96160000000000001 0.38500000000000001
v -0.4294 0.96209999999999996 0.36120000000000002
v -0.45269999999999999 0.95140000000000002 0.38640000000000002
v 0.0011000000000000001 0.13350000000000001 0.55600000000000005
v -0.0044999999999999997 0.128 0.55700000000000005
v -0.082900000000000001 0.039399999999999998 0.58840000000000003
v -0.093200000000000005 0.0356 0.58740000000000003
v -0.1918 0.031800000000000002 0.54979999999999996
v -0.21099999999999999 0.036299999999999999 0.54149999999999998
v -0.29809999999999998 0.069500000000000006 0.4118
v -0.30070000000000002 0.070300000000000001 0.40550000000000003
v -0.30399999999999999 0.068099999999999994 0.39479999999999998
v 0.032300000000000002 0.074200000000000002 0.41999999999999998
v 0.1293 0.038899999999999997 0.40150000000000002
v 0.1235 0.048599999999999997 0.39750000000000002
v 0.089700000000000002 0.026100000000000002 0.30030000000000001
v 0.094899999999999998 0.027199999999999998 0.311
v 0.1457 0.1888 0.58460000000000001
v 0.2276 0.030300000000000001 0.41660000000000003
v 0.18920000000000001 0.027699999999999999 0.49059999999999998
v -0.019900000000000001 0.046800000000000001 0.57299999999999995
v 0.1401 0.031800000000000002 0.38900000000000001
v 0.21640000000000001 0.0252 0.41089999999999999
v 0.14219999999999999 0.0269 0.35299999999999998
v 0.13239999999999999 0.032899999999999999 0.36009999999999998
v 0.16850000000000001 0.022499999999999999 0.47910000000000003
v 0.23469999999999999 0.060400000000000002 0.4889
v 0.2346 0.068000000000000005 0.49580000000000002
v 0.22059999999999999 0.1041 0.51470000000000005
v 0.18090000000000001 0.14449999999999999 0.51990000000000003
v 0.15840000000000001 0.14149999999999999 0.52839999999999998
v 0.16389999999999999 0.13100000000000001 0.52349999999999997
v 0.15229999999999999 0.13469999999999999 0.52769999999999995
v 0.043499999999999997 0.038699999999999998 0.55000000000000004
v 0.032000000000000001 0.0292 0.5423
v 0.0011000000000000001 0.037900000000000003 0.56220000000000003
v 0.20080000000000001 0.046399999999999997 0.50970000000000004
v 0.18940000000000001 0.0458 0.51580000000000004
v 0.0722 0.048399999999999999 0.32440000000000002
v 0.085800000000000001 0.032599999999999997 0.31830000000000003
v 0.095600000000000004 0.028799999999999999 0.31900000000000001
v -0.32450000000000001 0.080699999999999994 -0.1019
v -0.3347 0.079299999999999995 -0.0998
v -0.3866 0.045400000000000003 -0.098500000000000004
v -0.46010000000000001 0.035999999999999997 -0.1573
v -0.46010000000000001 0.037600000000000001 -0.16900000000000001
v -0.46829999999999999 0.040300000000000002 -0.1598
v -0.47199999999999998 0.049299999999999997 -0.1643
v -0.46760000000000002 0.050099999999999999 -0.17530000000000001
v -0.4733 0.060900000000000003 -0.1648
v -0.46960000000000002 0.066299999999999998 -0.1706
v -0.46450000000000002 0.077200000000000005 -0.1749
v -0.46189999999999998 0.077700000000000005 -0.18509999999999999
v -0.43209999999999998 0.12230000000000001 -0.17230000000000001
v -0.4264 0.12720000000000001 -0.1734
v -0.41049999999999998 0.1507 -0.1668
v -0.4214 0.15759999999999999 -0.156
v -0.48070000000000002 0.093799999999999994 -0.12609999999999999
v -0.48909999999999998 0.0722 -0.11070000000000001
v -0.49459999999999998 0.066900000000000001 -0.098500000000000004
v -0.49840000000000001 0.049299999999999997 -0.080199999999999994
v -0.50160000000000005 0.055599999999999997 -0.074700000000000003
v -0.50409999999999999 0.047399999999999998 -0.069199999999999998
v -0.50449999999999995 0.058900000000000001 -0.067599999999999993
v -0.51019999999999999 0.055599999999999997 -0.061499999999999999
v -0.51019999999999999 0.064299999999999996 -0.0591
v -0.54400000000000004 0.079000000000000001 -0.0419
v -0.61939999999999995 0.070400000000000004 -0.019
v -0.63929999999999998 0.067500000000000004 -0.0111
v -0.64600000000000002 0.0596 -0.0082000000000000007
v -0.65569999999999995 0.061100000000000002 -0.0035000000000000001
v -0.48970000000000002 0.11609999999999999 -0.039899999999999998
v -0.495 0.1056 -0.040599999999999997
v -0.50349999999999995 0.1094 -0.039399999999999998
v -0.50290000000000001 0.099099999999999994 -0.041799999999999997
v -0.51359999999999995 0.099099999999999994 -0.040300000000000002
v -0.50319999999999998 0.089899999999999994 -0.045699999999999998
v -0.50970000000000004 0.087900000000000006 -0.045100000000000001
v -0.50519999999999998 0.083599999999999994 -0.050000000000000003
v -0.50439999999999996 0.077399999999999997 -0.056899999999999999
v -0.50619999999999998 0.069199999999999998 -0.060699999999999997
v -0.5403 0.1087 -0.034000000000000002
v -0.44750000000000001 0.156 -0.086199999999999999
v -0.47499999999999998 0.13969999999999999 -0.041200000000000001
v -0.48459999999999998 0.1293 -0.0385
v -0.4299 0.185 -0.048000000000000001
v -0.45019999999999999 0.17760000000000001 -0.037600000000000001
v -0.45739999999999997 0.1618 -0.046399999999999997
v -0.4577 0.16639999999999999 -0.039
v -0.46229999999999999 0.17530000000000001 -0.031800000000000002
v -0.45579999999999998 0.18790000000000001 -0.0327
v -0.41439999999999999 0.127 -0.1971
v -0.41870000000000002 0.073200000000000001 -0.22770000000000001
v -0.42080000000000001 0.067100000000000007 -0.2271
v -0.42520000000000002 0.044200000000000003 -0.214
v -0.42480000000000001 0.036400000000000002 -0.19939999999999999
v -0.44579999999999997 0.036900000000000002 -0.1835
v -0.43530000000000002 0.035099999999999999 -0.17319999999999999
v -0.38200000000000001 0.038800000000000001 -0.12139999999999999
v -0.31390000000000001 0.080399999999999999 -0.10630000000000001
v -0.30320000000000003 0.080199999999999994 -0.1103
v -0.30199999999999999 0.084000000000000005 -0.1013
v -0.30859999999999999 0.084699999999999998 -0.095000000000000001
v -0.44330000000000003 0.042500000000000003 -0.2026
v -0.44769999999999999 0.040000000000000001 -0.1978
v -0.44769999999999999 0.038699999999999998 -0.19259999999999999
v -0.45650000000000002 0.039800000000000002 -0.18440000000000001
v -0.45590000000000003 0.037900000000000003 -0.17799999999999999
v -0.46260000000000001 0.0448 -0.1812
v 0.0247 0.067500000000000004 0.31040000000000001
v 0.0051000000000000004 0.068400000000000002 0.29270000000000002
v 0.0057999999999999996 0.066000000000000003 0.28260000000000002
v 0.0195 0.0286 0.20960000000000001
v -0.019099999999999999 0.0688 0.1353
v -0.031 0.071999999999999995 0.1409
v 0.2266 0.036200000000000003 0.24610000000000001
v 0.2326 0.028500000000000001 0.25819999999999999
v 0.23530000000000001 0.0344 0.247
v 0.24329999999999999 0.0246 0.25800000000000001
v 0.24560000000000001 0.0287 0.246
v 0.25190000000000001 0.031 0.23019999999999999
v 0.23669999999999999 0.037199999999999997 0.23749999999999999
v 0.23849999999999999 0.037699999999999997 0.22720000000000001
v 0.24460000000000001 0.035099999999999999 0.23630000000000001
v 0.1051 0.0304 0.094100000000000003
v 0.1007 0.026200000000000001 0.086400000000000005
v 0.13170000000000001 0.024 0.078799999999999995
v 0.1691 0.025999999999999999 0.079100000000000004
v 0.069599999999999995 0.0287 0.12609999999999999
v 0.0746 0.0263 0.1119
v 0.037999999999999999 0.027799999999999998 0.25829999999999997
v 0.11269999999999999 0.023699999999999999 0.28360000000000002
v 0.2321 0.023199999999999998 0.27110000000000001
v 0.23999999999999999 0.023599999999999999 0.26450000000000001
v 0.2361 0.11260000000000001 -0.072300000000000003
v 0.00040000000000000002 0.065100000000000005 0.27179999999999999
v -0.1857 0.076399999999999996 0.47410000000000002
v -0.19570000000000001 0.077299999999999994 0.4667
v -0.046100000000000002 0.074700000000000003 0.43909999999999999
v -0.067199999999999996 0.0269 0.52149999999999996
v -0.076200000000000004 0.031 0.57379999999999998
v -0.046800000000000001 0.040800000000000003 0.57909999999999995
v -0.040899999999999999 0.047100000000000003 0.58009999999999995
v -0.035799999999999998 0.0419 0.57720000000000005
v -0.025700000000000001 0.041300000000000003 0.57330000000000003
v -0.073300000000000004 0.031699999999999999 0.51429999999999998
v -0.104 0.028000000000000001 0.5373
v -0.083500000000000005 0.027300000000000001 0.56359999999999999
v -0.020400000000000001 0.070199999999999999 0.44409999999999999
v -0.033099999999999997 0.072999999999999995 0.44219999999999998
v -0.0011000000000000001 0.0253 0.50349999999999995
v 0.033599999999999998 0.031199999999999999 0.4738
v 0.073999999999999996 0.023300000000000001 0.47389999999999999
v -0.0458 0.026700000000000002 0.51500000000000001
v -0.37230000000000002 0.0344 0.51180000000000003
v -0.38490000000000002 0.040000000000000001 0.52149999999999996
v -0.39319999999999999 0.036900000000000002 0.51170000000000004
v -0.39200000000000002 0.042900000000000001 0.52339999999999998
v -0.40250000000000002 0.042700000000000002 0.52329999999999999
v -0.3952 0.0516 0.52849999999999997
v -0.3952 0.067500000000000004 0.5272
v -0.39789999999999998 0.092700000000000005 0.52480000000000004
v -0.3972 0.10340000000000001 0.52200000000000002
v -0.4047 0.11260000000000001 0.52529999999999999
v -0.41620000000000001 0.12 0.52869999999999995
v -0.43070000000000003 0.12180000000000001 0.5333
v -0.49220000000000003 0.18090000000000001 0.49390000000000001
v -0.50760000000000005 0.1933 0.47410000000000002
v -0.50260000000000005 0.1993 0.46960000000000002
v -0.51400000000000001 0.19639999999999999 0.4677
v -0.50319999999999998 0.20449999999999999 0.46379999999999999
v -0.52190000000000003 0.19769999999999999 0.45090000000000002
v -0.52459999999999996 0.1993 0.4415
v -0.52669999999999995 0.2026 0.4294
v -0.5373 0.19939999999999999 0.36780000000000002
v -0.53610000000000002 0.19639999999999999 0.34639999999999999
v -0.5171 0.18809999999999999 0.25609999999999999
v -0.51539999999999997 0.1827 0.26619999999999999
v -0.5222 0.1744 0.28660000000000002
v -0.51200000000000001 0.18149999999999999 0.4914
v -0.52410000000000001 0.19220000000000001 0.47120000000000001
v -0.52139999999999997 0.17230000000000001 0.26550000000000001
v -0.33429999999999999 0.033000000000000002 0.47949999999999998
v -0.66700000000000004 0.043700000000000003 0.4486
v -0.66990000000000005 0.045900000000000003 0.46000000000000002
v -0.6784 0.054300000000000001 0.4607
v -0.67930000000000001 0.052299999999999999 0.44869999999999999
v -0.67179999999999995 0.10249999999999999 0.4491
v -0.66169999999999995 0.12470000000000001 0.43530000000000002
v -0.65659999999999996 0.13159999999999999 0.42520000000000002
v -0.65659999999999996 0.1288 0.4138
v -0.64739999999999998 0.14099999999999999 0.40949999999999998
v -0.64200000000000002 0.1011 0.34350000000000003
v -0.65429999999999999 0.1114 0.36880000000000002
v -0.53590000000000004 0.15440000000000001 0.28489999999999999
v -0.54269999999999996 0.1472 0.2777
v -0.56620000000000004 0.1293 0.28939999999999999
v -0.53180000000000005 0.15740000000000001 0.27860000000000001
v -0.53469999999999995 0.15670000000000001 0.2707
v -0.52659999999999996 0.16309999999999999 0.27350000000000002
v -0.52049999999999996 0.1721 0.27389999999999998
v -0.67810000000000004 0.056399999999999999 0.47060000000000002
v -0.67410000000000003 0.054199999999999998 0.48049999999999998
v -0.67400000000000004 0.050700000000000002 0.47010000000000002
v -0.65880000000000005 0.13400000000000001 0.44650000000000001
v -0.65680000000000005 0.1361 0.43619999999999998
v -0.66349999999999998 0.12379999999999999 0.45619999999999999
v -0.66800000000000004 0.067199999999999996 0.49909999999999999
v -0.66820000000000002 0.053800000000000001 0.49569999999999997
v -0.66349999999999998 0.0487 0.49580000000000002
v -0.67310000000000003 0.055100000000000003 0.48749999999999999
v -0.66869999999999996 0.049599999999999998 0.48530000000000001
v -0.32579999999999998 0.0504 0.40300000000000002
v -0.3216 0.047600000000000003 0.37969999999999998
v -0.29580000000000001 0.066199999999999995 0.3604
v -0.44579999999999997 0.035400000000000001 0.42230000000000001
v -0.52249999999999996 0.036900000000000002 0.45190000000000002
v -0.29880000000000001 0.067799999999999999 0.38290000000000002
v -0.26319999999999999 0.0349 0.5373
v -0.26529999999999998 0.032199999999999999 0.55310000000000004
v -0.25609999999999999 0.046899999999999997 0.6371
v -0.25569999999999998 0.055899999999999998 0.64200000000000002
v -0.26019999999999999 0.091800000000000007 0.64019999999999999
v -0.2979 0.10879999999999999 0.61260000000000003
v -0.30680000000000002 0.16039999999999999 0.55220000000000002
v -0.29649999999999999 0.1658 0.55310000000000004
v -0.32200000000000001 0.1976 0.48520000000000002
v -0.098299999999999998 0.18540000000000001 0.59609999999999996
v -0.1099 0.18679999999999999 0.59260000000000002
v -0.1043 0.1736 0.5827
v -0.10390000000000001 0.16350000000000001 0.57530000000000003
v -0.093399999999999997 0.16350000000000001 0.57499999999999996
v -0.088099999999999998 0.15310000000000001 0.57310000000000005
v 0.026100000000000002 0.18679999999999999 0.61890000000000001
v 0.039199999999999999 0.18809999999999999 0.61550000000000005
v 0.037900000000000003 0.1807 0.61050000000000004
v 0.045499999999999999 0.18909999999999999 0.61470000000000002
v -0.022499999999999999 0.13830000000000001 0.56120000000000003
v -0.0304 0.1512 0.57050000000000001
v -0.035999999999999997 0.14380000000000001 0.56440000000000001
v -0.021100000000000001 0.13039999999999999 0.56179999999999997
v -0.061899999999999997 0.14829999999999999 0.56779999999999997
v -0.060600000000000001 0.15609999999999999 0.5706
v -0.061899999999999997 0.1636 0.5766
v -0.046100000000000002 0.1769 0.59930000000000005
v -0.046100000000000002 0.14319999999999999 0.56579999999999997
v -0.038300000000000001 0.1484 0.56630000000000003
v 0.030800000000000001 0.1908 0.62160000000000004
v 0.23380000000000001 0.1305 -0.1172
v 0.23980000000000001 0.13289999999999999 -0.10829999999999999
v 0.2427 0.1394 -0.11650000000000001
v 0.068500000000000005 0.073300000000000004 -0.0276
v 0.077700000000000005 0.065100000000000005 -0.0557
v 0.016899999999999998 0.040899999999999999 -0.1022
v 0.071900000000000006 0.0533 -0.076700000000000004
v 0.1075 0.033099999999999997 -0.021299999999999999
v 0.10630000000000001 0.035900000000000001 -0.030800000000000001
v 0.1172 0.0298 -0.031300000000000001
v 0.090899999999999995 0.030700000000000002 -0.088999999999999996
v 0.099900000000000003 0.031600000000000003 -0.079200000000000007
v 0.091800000000000007 0.034599999999999999 -0.079799999999999996
v 0.1125 0.028899999999999999 -0.075200000000000003
v 0.1026 0.034099999999999998 -0.069500000000000006
v 0.1104 0.031699999999999999 -0.062799999999999995
v -0.27579999999999999 0.16930000000000001 -0.2084
v -0.2883 0.1467 -0.22470000000000001
v -0.32390000000000002 0.1108 -0.2394
v -0.25609999999999999 0.15709999999999999 -0.219
v -0.24629999999999999 0.16170000000000001 -0.21759999999999999
v -0.2397 0.17199999999999999 -0.21579999999999999
v 0.1061 0.14899999999999999 -0.20469999999999999
v -0.010699999999999999 0.0339 -0.1152
v -0.0086999999999999994 0.041599999999999998 -0.106
v 0.12709999999999999 0.1731 -0.2185
v 0.14319999999999999 0.15909999999999999 -0.2021
v 0.2089 0.11550000000000001 -0.15989999999999999
v 0.14230000000000001 0.047199999999999999 -0.1605
v 0.1323 0.0419 -0.16170000000000001
v 0.084500000000000006 0.033000000000000002 -0.1613
v 0.080399999999999999 0.037900000000000003 -0.1714
v 0.1009 0.042099999999999999 -0.1729
v 0.1114 0.054199999999999998 -0.17879999999999999
v 0.13370000000000001 0.061100000000000002 -0.17280000000000001
v 0.1489 0.075800000000000006 -0.17019999999999999
v 0.085800000000000001 0.079699999999999993 -0.18459999999999999
v 0.19239999999999999 0.13009999999999999 -0.1794
v 0.20880000000000001 0.1245 -0.1646
v -0.061800000000000001 0.1288 -0.2054
v -0.051400000000000001 0.12479999999999999 -0.20250000000000001
v -0.0304 0.049000000000000002 -0.1925
v -0.013299999999999999 0.040899999999999999 -0.18609999999999999
v 0.00029999999999999997 0.038899999999999997 -0.1827
v -0.093399999999999997 0.054199999999999998 -0.1973
v -0.1048 0.051499999999999997 -0.19700000000000001
v -0.1236 0.10150000000000001 -0.20780000000000001
v -0.13270000000000001 0.093600000000000003 -0.2079
v -0.1137 0.053600000000000002 -0.19900000000000001
v -0.098400000000000001 0.15390000000000001 -0.2356
v -0.092100000000000001 0.1368 -0.21290000000000001
v -0.1144 0.1305 -0.20569999999999999
v -0.1249 0.13719999999999999 -0.20930000000000001
v 0.0172 0.042099999999999999 -0.18540000000000001
v -0.020500000000000001 0.1522 -0.22650000000000001
v 0.15340000000000001 0.16539999999999999 -0.20100000000000001
v 0.17380000000000001 0.14879999999999999 -0.19009999999999999
v 0.18590000000000001 0.1469 -0.18379999999999999
v -0.30009999999999998 0.038800000000000001 -0.2215
v -0.28070000000000001 0.043799999999999999 -0.22750000000000001
v 0.23730000000000001 0.16819999999999999 -0.1615
v -0.34470000000000001 0.058799999999999998 -0.2475
v -0.33360000000000001 0.056500000000000002 -0.2432
v -0.32369999999999999 0.058299999999999998 -0.24149999999999999
v -0.28699999999999998 0.057799999999999997 -0.23630000000000001
v -0.29599999999999999 0.047899999999999998 -0.2354
v -0.2873 0.047100000000000003 -0.2341
v -0.32450000000000001 0.043299999999999998 -0.23580000000000001
v -0.3296 0.047399999999999998 -0.24010000000000001
v -0.34000000000000002 0.047699999999999999 -0.24279999999999999
v -0.3453 0.050799999999999998 -0.24629999999999999
v -0.3725 0.062300000000000001 -0.24590000000000001
v -0.38940000000000002 0.065000000000000002 -0.24279999999999999
v -0.40899999999999997 0.073899999999999993 -0.2316
v -0.3296 0.1202 -0.23849999999999999
v -0.32829999999999998 0.1308 -0.23469999999999999
v -0.31019999999999998 0.19620000000000001 -0.16569999999999999
v -0.30459999999999998 0.19109999999999999 -0.17749999999999999
v -0.30059999999999998 0.19600000000000001 -0.17380000000000001
v -0.29480000000000001 0.19600000000000001 -0.17879999999999999
v -0.2084 0.16189999999999999 -0.22040000000000001
v -0.21690000000000001 0.16020000000000001 -0.21870000000000001
v -0.19839999999999999 0.15690000000000001 -0.22070000000000001
v -0.20619999999999999 0.1525 -0.21870000000000001
v -0.21299999999999999 0.1507 -0.21940000000000001
v -0.19359999999999999 0.14849999999999999 -0.219
v -0.019900000000000001 0.12429999999999999 -0.1978
v -0.039600000000000003 0.1212 -0.20050000000000001
v -0.23960000000000001 0.050500000000000003 -0.22450000000000001
v -0.24679999999999999 0.048899999999999999 -0.22570000000000001
v -0.37169999999999997 0.035700000000000003 -0.22059999999999999
v -0.39589999999999997 0.053199999999999997 -0.2351
v -0.38840000000000002 0.060400000000000002 -0.24210000000000001
v -0.38190000000000002 0.0574 -0.24210000000000001
v -0.22989999999999999 0.056300000000000003 -0.22320000000000001
v -0.2077 0.051799999999999999 -0.21679999999999999
v -0.25609999999999999 0.0332 -0.15620000000000001
v -0.27650000000000002 0.068900000000000003 -0.122
v -0.22869999999999999 0.031699999999999999 -0.1867
v -0.22270000000000001 0.046699999999999998 -0.2142
v -0.27339999999999998 0.18970000000000001 -0.19919999999999999
v -0.2727 0.2009 -0.19989999999999999
v -0.27889999999999998 0.19520000000000001 -0.1943
v -0.72729999999999995 0.99550000000000005 0.6643
v -0.75490000000000002 0.87539999999999996 0.62890000000000001
v -0.71879999999999999 0.86280000000000001 0.62050000000000005
v -0.52270000000000005 0.89259999999999995 0.4597
v -0.53900000000000003 0.88260000000000005 0.46920000000000001
v -0.51449999999999996 0.89359999999999995 0.45519999999999999
v -0.49380000000000002 0.90410000000000001 0.44240000000000002
v -0.437 0.98629999999999995 0.35070000000000001
v -0.42380000000000001 0.97919999999999996 0.34060000000000001
v -0.61580000000000001 0.86350000000000005 0.49340000000000001
v -0.71289999999999998 0.93930000000000002 0.66800000000000004
v -0.1852 0.052299999999999999 -0.21249999999999999
v -0.20330000000000001 0.0309 -0.17369999999999999
v -0.088099999999999998 0.059700000000000003 -0.1983
v -0.081000000000000003 0.050900000000000001 -0.193
v -0.40160000000000001 0.037499999999999999 -0.2185
v -0.39419999999999999 0.038300000000000001 -0.223
v -0.41620000000000001 0.0373 -0.21379999999999999
v -0.42149999999999999 0.037699999999999997 -0.20849999999999999
v -0.41820000000000002 0.041000000000000002 -0.21679999999999999
v -0.45329999999999998 0.043299999999999998 -0.19359999999999999
v -0.45619999999999999 0.079100000000000004 -0.19570000000000001
v -0.30620000000000003 0.20100000000000001 -0.16309999999999999
v -0.31090000000000001 0.20430000000000001 -0.14960000000000001
v -0.039600000000000003 0.046199999999999998 -0.1913
v -0.45839999999999997 0.1022 -0.161
v -0.45200000000000001 0.1057 -0.16450000000000001
v -0.44519999999999998 0.115 -0.1643
v -0.4214 0.13739999999999999 -0.16819999999999999
v -0.4158 0.1419 -0.16769999999999999
v -0.42149999999999999 0.1326 -0.1709
v -0.43059999999999998 0.12709999999999999 -0.16800000000000001
v -0.41620000000000001 0.1479 -0.16520000000000001
v -0.45340000000000003 0.123 -0.15390000000000001
v -0.46820000000000001 0.077200000000000005 -0.16439999999999999
v -0.47949999999999998 0.065299999999999997 -0.15379999999999999
v -0.48949999999999999 0.042200000000000001 -0.0964
v -0.49330000000000002 0.043400000000000001 -0.085400000000000004
v -0.49619999999999997 0.0419 -0.076799999999999993
v -0.50260000000000005 0.042599999999999999 -0.068699999999999997
v -0.50019999999999998 0.037900000000000003 -0.066199999999999995
v -0.49759999999999999 0.036200000000000003 -0.057099999999999998
v -0.51590000000000003 0.051200000000000002 -0.056899999999999999
v -0.52439999999999998 0.050099999999999999 -0.051499999999999997
v -0.52590000000000003 0.038600000000000002 -0.0441
v -0.53500000000000003 0.037199999999999997 -0.039899999999999998
v -0.53500000000000003 0.035499999999999997 -0.0309
v -0.61939999999999995 0.0419 -0.0095999999999999992
v -0.62749999999999995 0.052900000000000003 -0.0147
v -0.61829999999999996 0.062799999999999995 -0.021600000000000001
v -0.61080000000000001 0.062399999999999997 -0.023
v -0.60519999999999996 0.048000000000000001 -0.019900000000000001
v -0.59340000000000004 0.043700000000000003 -0.020799999999999999
v -0.63780000000000003 0.048599999999999997 -0.0080000000000000002
v -0.64059999999999995 0.042099999999999999 -0.0025999999999999999
v -0.64470000000000005 0.039699999999999999 0.00089999999999999998
v -0.6764 0.062799999999999995 0.0053
v -0.61170000000000002 0.038399999999999997 -0.0083000000000000001
v -0.60519999999999996 0.036299999999999999 -0.0083999999999999995
v -0.53410000000000002 0.065000000000000002 -0.049000000000000002
v -0.5696 0.062199999999999998 -0.039699999999999999
v -0.47649999999999998 0.0579 -0.15959999999999999
v -0.48949999999999999 0.050099999999999999 -0.1114
v -0.48409999999999997 0.037600000000000001 -0.1084
v -0.4773 0.035499999999999997 -0.094100000000000003
v -0.48530000000000001 0.037900000000000003 -0.098400000000000001
v -0.4844 0.036299999999999999 -0.092700000000000005
v -0.41820000000000002 0.037100000000000001 -0.088800000000000004
v -0.47199999999999998 0.035799999999999998 -0.11509999999999999
v -0.47470000000000001 0.047300000000000002 -0.15659999999999999
v -0.48080000000000001 0.050000000000000003 -0.14480000000000001
v -0.47460000000000002 0.038199999999999998 -0.13730000000000001
v -0.47970000000000002 0.039899999999999998 -0.1265
v -0.46329999999999999 0.089399999999999993 -0.1618
v -0.4622 0.094799999999999995 -0.16039999999999999
v -0.46389999999999998 0.1023 -0.15590000000000001
v -0.1774 0.034799999999999998 -0.13980000000000001
v -0.18060000000000001 0.031 -0.17000000000000001
v -0.41920000000000002 0.1711 -0.1195
v -0.090700000000000003 0.0304 -0.15640000000000001
v 0.1376 0.037600000000000001 -0.15190000000000001
v -0.48480000000000001 0.11 -0.071900000000000006
v -0.50019999999999998 0.074200000000000002 -0.0688
v -0.4904 0.085800000000000001 -0.094899999999999998
v -0.50160000000000005 0.066299999999999998 -0.074300000000000005
v -0.48570000000000002 0.11119999999999999 -0.0613
v -0.49399999999999999 0.0935 -0.055500000000000001
v -0.49930000000000002 0.086199999999999999 -0.055500000000000001
v -0.50019999999999998 0.095299999999999996 -0.043099999999999999
v -0.49630000000000002 0.097699999999999995 -0.043900000000000002
v -0.495 0.10050000000000001 -0.042200000000000001
v -0.13109999999999999 0.075200000000000003 -0.1013
v -0.1206 0.067400000000000002 -0.106
v -0.1147 0.038699999999999998 -0.12379999999999999
v -0.1236 0.034200000000000001 -0.1333
v -0.082699999999999996 0.039100000000000003 -0.1192
v -0.031 0.071800000000000003 -0.088400000000000006
v 0.014200000000000001 0.068500000000000005 -0.085599999999999996
v -0.17630000000000001 0.082900000000000001 -0.080000000000000002
v -0.16689999999999999 0.075700000000000003 -0.1062
v -0.21510000000000001 0.076200000000000004 -0.1118
v -0.22989999999999999 0.080100000000000005 -0.1084
v -0.22459999999999999 0.074800000000000005 -0.11550000000000001
v -0.072400000000000006 0.081299999999999997 -0.078299999999999995
v -0.029700000000000001 0.079200000000000007 -0.079600000000000004
v -0.031 0.082500000000000004 -0.069000000000000006
v -0.039600000000000003 0.081500000000000003 -0.075999999999999998
v -0.36409999999999998 0.081699999999999995 -0.069800000000000001
v -0.3775 0.079699999999999993 -0.0521
v -0.40760000000000002 0.042000000000000003 -0.077899999999999997
v -0.37109999999999999 0.076600000000000001 -0.069400000000000003
v -0.42899999999999999 0.040300000000000002 -0.0146
v -0.42670000000000002 0.042500000000000003 -0.0022000000000000001
v -0.43559999999999999 0.036799999999999999 0.042000000000000003
v -0.43630000000000002 0.037499999999999999 0.0094000000000000004
v -0.43569999999999998 0.038600000000000002 0.0161
v -0.43459999999999999 0.037999999999999999 -0.030599999999999999
v -0.42230000000000001 0.043799999999999999 -0.025399999999999999
v -0.4022 0.065299999999999997 -0.025000000000000001
v -0.39279999999999998 0.076399999999999996 -0.017899999999999999
v -0.36480000000000001 0.080299999999999996 0.0166
v 0.042999999999999997 0.075399999999999995 0.0137
v -0.50170000000000003 0.0659 -0.069099999999999995
v -0.52790000000000004 0.1125 -0.034200000000000001
v -0.52949999999999997 0.13450000000000001 -0.0252
v -0.53949999999999998 0.1646 -0.0035000000000000001
v -0.50549999999999995 0.1618 -0.020500000000000001
v 0.3488 0.1857 -0.020899999999999998
v 0.35930000000000001 0.18529999999999999 -0.0172
v 0.39550000000000002 0.1867 -0.0183
v -0.50470000000000004 0.039399999999999998 -0.062100000000000002
v -0.51600000000000001 0.036600000000000001 -0.045199999999999997
v -0.28810000000000002 0.074099999999999999 0.1198
v 0.1002 0.028899999999999999 0.010699999999999999
v -0.65529999999999999 0.041599999999999998 0.0043
v -0.66090000000000004 0.043999999999999997 0.0048999999999999998
v -0.65539999999999998 0.047399999999999998 -0.00059999999999999995
v 0.090899999999999995 0.030599999999999999 0.016299999999999999
v -0.0057000000000000002 0.073200000000000001 0.086999999999999994
v 0.014500000000000001 0.063899999999999998 0.080299999999999996
v -0.0143 0.071900000000000006 0.1079
v 0.014800000000000001 0.035900000000000001 0.12529999999999999
v 0.026800000000000001 0.028000000000000001 0.1305
v -0.72030000000000005 0.069900000000000004 0.037400000000000003
v -0.71209999999999996 0.047 0.035200000000000002
v -0.33360000000000001 0.079399999999999998 0.051200000000000002
v -0.67549999999999999 0.15179999999999999 0.079100000000000004
v -0.68959999999999999 0.1384 0.071999999999999995
v -0.71060000000000001 0.10730000000000001 0.063700000000000007
v -0.70350000000000001 0.11559999999999999 0.061600000000000002
v -0.62749999999999995 0.034500000000000003 0.041500000000000002
v -0.74890000000000001 0.054800000000000001 0.13919999999999999
v -0.75370000000000004 0.061699999999999998 0.16639999999999999
v -0.75380000000000003 0.070099999999999996 0.1651
v -0.75249999999999995 0.065699999999999995 0.1749
v -0.74639999999999995 0.068000000000000005 0.18329999999999999
v -0.73140000000000005 0.066000000000000003 0.19980000000000001
v -0.75109999999999999 0.064100000000000004 0.13830000000000001
v -0.75 0.0562 0.1298
v -0.747 0.050299999999999997 0.15609999999999999
v -0.74719999999999998 0.055399999999999998 0.1744
v -0.75080000000000002 0.060600000000000001 0.1757
v -0.75109999999999999 0.055800000000000002 0.16450000000000001
v -0.60240000000000005 0.034200000000000001 0.1789
v -0.61299999999999999 0.18629999999999999 0.14050000000000001
v -0.68530000000000002 0.039699999999999999 0.029999999999999999
v -0.73050000000000004 0.0436 0.068599999999999994
v -0.73150000000000004 0.046699999999999998 0.064699999999999994
v -0.031 0.069800000000000001 0.17230000000000001
v -0.022200000000000001 0.068000000000000005 0.155
v -0.40899999999999997 1.0032000000000001 0.29470000000000002
v -0.4123 0.99760000000000004 0.3039
v -0.42170000000000002 1.0036 0.30099999999999999
v 0.2177 0.0235 0.093299999999999994
v -0.72130000000000005 0.1308 0.1026
v -0.48580000000000001 0.032199999999999999 0.14169999999999999
v -0.3821 0.029999999999999999 0.13730000000000001
v -0.42409999999999998 0.032099999999999997 0.1542
v -0.41789999999999999 0.040800000000000003 0.1668
v -0.42599999999999999 0.0465 0.17100000000000001
v -0.71519999999999995 0.055800000000000002 0.215
v -0.71020000000000005 0.057000000000000002 0.22059999999999999
v -0.71809999999999996 0.0487 0.20219999999999999
v -0.71319999999999995 0.044499999999999998 0.19639999999999999
v -0.73499999999999999 0.1085 0.1439
v -0.67610000000000003 0.042099999999999999 0.23319999999999999
v -0.70620000000000005 0.056300000000000003 0.22739999999999999
v -0.69950000000000001 0.056500000000000002 0.23549999999999999
v -0.68279999999999996 0.054300000000000001 0.25009999999999999
v -0.50419999999999998 0.035499999999999997 0.1573
v -0.73680000000000001 0.1041 0.1729
v -0.26729999999999998 0.065000000000000002 0.2611
v -0.33379999999999999 0.028500000000000001 0.24110000000000001
v -0.33879999999999999 0.027900000000000001 0.25269999999999998
v -0.29809999999999998 0.062399999999999997 0.3508
v -0.29520000000000002 0.0625 0.33900000000000002
v -0.29020000000000001 0.066500000000000004 0.34720000000000001
v -0.29020000000000001 0.064699999999999994 0.33129999999999998
v -0.29420000000000002 0.0608 0.3296
v -0.28499999999999998 0.066900000000000001 0.32090000000000002
v -0.28129999999999999 0.062899999999999998 0.29980000000000001
v -0.32229999999999998 0.030700000000000002 0.29420000000000002
v -0.36549999999999999 0.040599999999999997 0.30880000000000002
v -0.46610000000000001 0.033300000000000003 0.38540000000000002
v -0.36899999999999999 0.033500000000000002 0.33910000000000001
v -0.37369999999999998 0.036499999999999998 0.34050000000000002
v -0.37419999999999998 0.0327 0.34429999999999999
v -0.38469999999999999 0.0402 0.34360000000000002
v -0.38500000000000001 0.0349 0.34949999999999998
v -0.38640000000000002 0.040899999999999999 0.34499999999999997
v -0.39279999999999998 0.036700000000000003 0.35199999999999998
v -0.43909999999999999 0.0315 0.37690000000000001
v -0.41699999999999998 0.032500000000000001 0.36670000000000003
v -0.39000000000000001 0.032500000000000001 0.3548
v -0.38669999999999999 0.042599999999999999 0.33989999999999998
v -0.38119999999999998 0.042299999999999997 0.33850000000000002
v -0.37419999999999998 0.041799999999999997 0.33550000000000002
v -0.25659999999999999 0.070999999999999994 0.1812
v -0.25850000000000001 0.069599999999999995 0.19470000000000001
v -0.33550000000000002 0.0281 0.2109
v -0.30880000000000002 0.031899999999999998 0.2329
v -0.25900000000000001 0.067500000000000004 0.2319
v -0.36209999999999998 0.031899999999999998 0.20030000000000001
v -0.37930000000000003 0.047899999999999998 0.21060000000000001
v -0.39040000000000002 0.048800000000000003 0.20680000000000001
v -0.33069999999999999 0.029100000000000001 0.20030000000000001
v -0.36649999999999999 0.028899999999999999 0.17910000000000001
v -0.53190000000000004 0.039 0.18429999999999999
v -0.34599999999999997 0.0298 0.17499999999999999
v -0.64529999999999998 0.040000000000000001 0.2646
v -0.62949999999999995 0.039300000000000002 0.29089999999999999
v -0.33679999999999999 0.029399999999999999 0.1885
v -0.3649 0.044299999999999999 0.21659999999999999
v -0.35749999999999998 0.040599999999999997 0.22639999999999999
v -0.35610000000000003 0.040300000000000002 0.23630000000000001
v -0.35780000000000001 0.040099999999999997 0.2475
v -0.65559999999999996 0.039699999999999999 0.24840000000000001
v -0.65190000000000003 0.0516 0.28220000000000001
v -0.6492 0.055399999999999998 0.28570000000000001
v -0.64329999999999998 0.065199999999999994 0.2878
v -0.64319999999999999 0.0591 0.2908
v -0.63880000000000003 0.0613 0.29920000000000002
v -0.63529999999999998 0.070800000000000002 0.30599999999999999
v -0.63790000000000002 0.064899999999999999 0.30959999999999999
v -0.63990000000000002 0.059299999999999999 0.31340000000000001
v -0.64129999999999998 0.052400000000000002 0.31680000000000003
v -0.64319999999999999 0.045699999999999998 0.32390000000000002
v -0.63929999999999998 0.043200000000000002 0.32050000000000001
v -0.63280000000000003 0.039399999999999998 0.3271
v -0.62390000000000001 0.086999999999999994 0.29959999999999998
v -0.36220000000000002 0.046899999999999997 0.2331
v -0.36959999999999998 0.047800000000000002 0.22459999999999999
v -0.36230000000000001 0.045499999999999999 0.2276
v -0.64490000000000003 0.050200000000000002 0.28799999999999998
v -0.63949999999999996 0.048500000000000001 0.29449999999999998
v -0.64119999999999999 0.054100000000000002 0.29449999999999998
v -0.63870000000000005 0.055800000000000002 0.30309999999999998
v -0.63859999999999995 0.052400000000000002 0.3075
v -0.6371 0.044900000000000002 0.3135
v -0.63260000000000005 0.040000000000000001 0.3155
v -0.63380000000000003 0.042599999999999999 0.2984
v -0.63729999999999998 0.048099999999999997 0.30420000000000003
v -0.27029999999999998 0.064799999999999996 0.2717
v -0.27589999999999998 0.062600000000000003 0.27879999999999999
v -0.27600000000000002 0.064299999999999996 0.28949999999999998
v -0.3296 0.039699999999999999 0.37659999999999999
v -0.48680000000000001 0.1862 0.48849999999999999
v -0.49209999999999998 0.1983 0.47560000000000002
v -0.6411 0.072099999999999997 0.28410000000000002
v 0.20749999999999999 0.025399999999999999 0.2762
v 0.2177 0.023599999999999999 0.28889999999999999
v -0.63009999999999999 0.086699999999999999 0.31540000000000001
v -0.62429999999999997 0.089700000000000002 0.309
v -0.61199999999999999 0.1011 0.30769999999999997
v -0.61780000000000002 0.094200000000000006 0.30449999999999999
v -0.67020000000000002 0.098000000000000004 0.43180000000000002
v -0.67869999999999997 0.079000000000000001 0.43120000000000003
v -0.68320000000000003 0.068099999999999994 0.43009999999999998
v -0.6845 0.062700000000000006 0.41980000000000001
v -0.68379999999999996 0.058999999999999997 0.4279
v -0.6724 0.045499999999999999 0.42780000000000001
v -0.68200000000000005 0.053999999999999999 0.43840000000000001
v -0.68400000000000005 0.059400000000000001 0.43819999999999998
v -0.44740000000000002 0.94399999999999995 0.38590000000000002
v -0.4456 0.9325 0.3952
v -0.6431 0.039300000000000002 0.35870000000000002
v -0.65249999999999997 0.042700000000000002 0.35049999999999998
v -0.65249999999999997 0.041500000000000002 0.35820000000000002
v -0.65769999999999995 0.045499999999999999 0.35439999999999999
v -0.66349999999999998 0.042200000000000001 0.38990000000000002
v -0.66820000000000002 0.0436 0.39529999999999998
v -0.67789999999999995 0.048599999999999997 0.40689999999999998
v -0.67889999999999995 0.0533 0.4032
v -0.68240000000000001 0.055100000000000003 0.41210000000000002
v -0.68189999999999995 0.061199999999999997 0.40560000000000002
v -0.68000000000000005 0.050599999999999999 0.4163
v -0.66420000000000001 0.043700000000000003 0.37930000000000003
v -0.66910000000000003 0.047800000000000002 0.38340000000000002
v -0.67379999999999995 0.051799999999999999 0.39179999999999998
v -0.66520000000000001 0.047699999999999999 0.36799999999999999
v 0.082600000000000007 0.066699999999999995 0.35249999999999998
v 0.086699999999999999 0.068400000000000002 0.35970000000000002
v 0.068000000000000005 0.072700000000000001 0.40510000000000002
v 0.090999999999999998 0.070099999999999996 0.36830000000000002
v 0.095200000000000007 0.070800000000000002 0.37759999999999999
v 0.095000000000000001 0.070699999999999999 0.38819999999999999
v 0.092999999999999999 0.069900000000000004 0.39779999999999999
v 0.11070000000000001 0.059700000000000003 0.37180000000000002
v 0.10299999999999999 0.067900000000000002 0.38769999999999999
v 0.10150000000000001 0.066799999999999998 0.39560000000000001
v 0.074099999999999999 0.069000000000000006 0.35149999999999998
v -0.44900000000000001 0.17760000000000001 0.4995
v -0.43990000000000001 0.17430000000000001 0.50349999999999995
v -0.38150000000000001 0.1633 0.50170000000000003
v -0.40960000000000002 0.13320000000000001 0.52249999999999996
v -0.40799999999999997 0.12429999999999999 0.52490000000000003
v -0.41889999999999999 0.13220000000000001 0.52380000000000004
v -0.3805 0.12139999999999999 0.51549999999999996
v -0.38 0.11119999999999999 0.52210000000000001
v -0.38469999999999999 0.105 0.51910000000000001
v -0.39019999999999999 0.1017 0.51919999999999999
v -0.38740000000000002 0.088900000000000007 0.52300000000000002
v -0.31950000000000001 0.1719 0.53480000000000005
v -0.3795 0.12659999999999999 0.51319999999999999
v -0.3624 0.16789999999999999 0.49740000000000001
v -0.36370000000000002 0.15709999999999999 0.50190000000000001
v -0.37030000000000002 0.1573 0.50190000000000001
v -0.3795 0.15379999999999999 0.50380000000000003
v -0.38269999999999998 0.14449999999999999 0.50819999999999999
v -0.31940000000000002 0.1515 0.5534
v -0.28789999999999999 0.0482 0.624
v -0.27710000000000001 0.049399999999999999 0.63190000000000002
v -0.2661 0.051499999999999997 0.63749999999999996
v -0.27460000000000001 0.056099999999999997 0.63619999999999999
v -0.26550000000000001 0.061699999999999998 0.64090000000000003
v -0.32540000000000002 0.13789999999999999 0.56299999999999994
v -0.3342 0.13339999999999999 0.55869999999999997
v -0.32719999999999999 0.1152 0.58919999999999995
v -0.31809999999999999 0.094700000000000006 0.60750000000000004
v -0.27689999999999998 0.038399999999999997 0.61909999999999998
v -0.3372 0.0974 0.58579999999999999
v -0.33239999999999997 0.0906 0.59509999999999996
v -0.32669999999999999 0.090200000000000002 0.60189999999999999
v -0.29349999999999998 0.033099999999999997 0.5907
v -0.28739999999999999 0.034200000000000001 0.6018
v -0.33239999999999997 0.051200000000000002 0.58850000000000002
v -0.315 0.035400000000000001 0.58050000000000002
v -0.33279999999999998 0.045900000000000003 0.58299999999999996
v -0.33300000000000002 0.0419 0.57730000000000004
v -0.32419999999999999 0.037100000000000001 0.57809999999999995
v -0.65110000000000001 0.043799999999999999 0.34499999999999997
v -0.65500000000000003 0.049599999999999998 0.34670000000000001
v -0.46970000000000001 0.92500000000000004 0.41970000000000002
v -0.47439999999999999 0.92710000000000004 0.42570000000000002
v -0.47820000000000001 0.91080000000000005 0.43059999999999998
v -0.48730000000000001 0.91169999999999995 0.43659999999999999
v -0.67130000000000001 0.097000000000000003 0.39069999999999999
v -0.67259999999999998 0.097699999999999995 0.40129999999999999
v -0.16450000000000001 0.076700000000000004 0.47560000000000002
v -0.78590000000000004 0.85240000000000005 0.58860000000000001
v -0.67879999999999996 0.074800000000000005 0.39510000000000001
v -0.59670000000000001 0.90449999999999997 0.51649999999999996
v -0.60740000000000005 0.17169999999999999 0.48530000000000001
v 0.23899999999999999 0.1681 0.49370000000000003
v 0.098199999999999996 0.12529999999999999 0.54579999999999995
v 0.1353 0.14879999999999999 0.55989999999999995
v 0.13519999999999999 0.15690000000000001 0.56599999999999995
v 0.1288 0.1555 0.57040000000000002
v 0.1062 0.1394 0.56440000000000001
v 0.22070000000000001 0.16109999999999999 0.50260000000000005
v 0.2137 0.16400000000000001 0.50829999999999997
v 0.1079 0.0309 0.43669999999999998
v 0.1048 0.025700000000000001 0.44940000000000002
v 0.10199999999999999 0.023599999999999999 0.45789999999999997
v -0.11219999999999999 0.0746 0.46789999999999998
v -0.1026 0.074899999999999994 0.46160000000000001
v -0.083299999999999999 0.072800000000000004 0.46210000000000001
v -0.082699999999999996 0.075399999999999995 0.45090000000000002
v -0.81299999999999994 0.85840000000000005 0.58360000000000001
v -0.25090000000000001 0.14860000000000001 0.60729999999999995
v -0.21410000000000001 0.1348 0.63219999999999998
v -0.16950000000000001 0.18479999999999999 0.5675
v -0.16420000000000001 0.19059999999999999 0.56579999999999997
v -0.17000000000000001 0.1961 0.56410000000000005
v -0.17999999999999999 0.1903 0.56240000000000001
v -0.1852 0.1953 0.5575
v -0.19040000000000001 0.19689999999999999 0.55330000000000001
v -0.193 0.20250000000000001 0.55000000000000004
v -0.20349999999999999 0.19570000000000001 0.55189999999999995
v -0.21410000000000001 0.19869999999999999 0.54449999999999998
v -0.21060000000000001 0.2034 0.53779999999999994
v -0.21709999999999999 0.2041 0.5333
v -0.1769 0.18260000000000001 0.57189999999999996
v -0.18790000000000001 0.19020000000000001 0.56140000000000001
v -0.2089 0.161 0.61470000000000002
v -0.13270000000000001 0.1678 0.57620000000000005
v -0.1404 0.17899999999999999 0.57210000000000005
v -0.17369999999999999 0.2039 0.56420000000000003
v -0.28179999999999999 0.1348 0.60609999999999997
v -0.2482 0.14480000000000001 0.60850000000000004
v -0.2477 0.1391 0.61150000000000004
v -0.2661 0.1234 0.6159
v -0.17999999999999999 0.041799999999999997 0.62549999999999994
v -0.1774 0.037699999999999997 0.61970000000000003
v -0.20830000000000001 0.1089 0.6401
v -0.17269999999999999 0.047199999999999999 0.62670000000000003
v -0.25869999999999999 0.15040000000000001 0.60540000000000005
v -0.26700000000000002 0.19189999999999999 0.54710000000000003
v -0.22739999999999999 0.2107 0.51790000000000003
v -0.52880000000000005 0.048300000000000003 0.56689999999999996
v -0.5081 0.047699999999999999 0.56269999999999998
v -0.4819 0.053400000000000003 0.5625
v -0.46949999999999997 0.050000000000000003 0.55369999999999997
v -0.45100000000000001 0.1069 0.54400000000000004
v -0.50349999999999995 0.036900000000000002 0.5383
v -0.4773 0.037499999999999999 0.53310000000000002
v -0.4556 0.043499999999999997 0.54079999999999995
v -0.41549999999999998 0.057700000000000001 0.53800000000000003
v -0.40810000000000002 0.045600000000000002 0.52869999999999995
v -0.4264 0.048800000000000003 0.53739999999999999
v -0.43459999999999999 0.044699999999999997 0.53620000000000001
v -0.44379999999999997 0.041599999999999998 0.53280000000000005
v -0.4546 0.039699999999999999 0.53269999999999995
v 0.21149999999999999 0.039100000000000003 0.49199999999999999
v -0.59760000000000002 0.042799999999999998 0.55320000000000003
v -0.59209999999999996 0.053100000000000001 0.56759999999999999
v -0.60270000000000001 0.057299999999999997 0.56630000000000003
v -0.6321 0.10100000000000001 0.53839999999999999
v -0.6472 0.059999999999999998 0.53110000000000002
v -0.64200000000000002 0.056099999999999997 0.53610000000000002
v -0.63619999999999999 0.058400000000000001 0.54110000000000003
v -0.62680000000000002 0.067500000000000004 0.55020000000000002
v 0.24110000000000001 0.065000000000000002 0.48980000000000001
v 0.2457 0.073099999999999998 0.49059999999999998
v 0.2145 0.1454 0.5071
v 0.22220000000000001 0.1527 0.50090000000000001
v 0.21110000000000001 0.15740000000000001 0.50749999999999995
v 0.20019999999999999 0.15440000000000001 0.51339999999999997
v -0.53549999999999998 0.11849999999999999 0.56950000000000001
v -0.51490000000000002 0.1201 0.56179999999999997
v -0.60140000000000005 0.076999999999999999 0.56999999999999995
v -0.59060000000000001 0.081900000000000001 0.57530000000000003
v -0.59119999999999995 0.072599999999999998 0.57489999999999997
v -0.50419999999999998 0.087300000000000003 0.56699999999999995
v -0.51070000000000004 0.095500000000000002 0.56950000000000001
v -0.47789999999999999 0.12590000000000001 0.54390000000000005
v -0.52410000000000001 0.087599999999999997 0.57609999999999995
v -0.56989999999999996 0.1031 0.57640000000000002
v -0.52839999999999998 0.1673 0.52300000000000002
v -0.66700000000000004 0.92379999999999995 0.65439999999999998
v 0.12709999999999999 0.034000000000000002 0.52959999999999996
v 0.1245 0.027 0.52059999999999995
v 0.13239999999999999 0.029999999999999999 0.52429999999999999
v 0.1532 0.035999999999999997 0.52390000000000003
v 0.16389999999999999 0.035099999999999999 0.51919999999999999
v 0.1716 0.039300000000000002 0.51990000000000003
v -0.43969999999999998 0.15859999999999999 0.51349999999999996
v -0.432 0.15049999999999999 0.51680000000000004
v 0.10680000000000001 0.044200000000000003 0.53759999999999997
v 0.096100000000000005 0.038899999999999997 0.53969999999999996
v 0.085099999999999995 0.034500000000000003 0.53969999999999996
v 0.096299999999999997 0.049299999999999997 0.54039999999999999
v -0.52980000000000005 0.057099999999999998 0.57410000000000005
v -0.5081 0.067500000000000004 0.57279999999999998
v -0.48820000000000002 0.083699999999999997 0.5605
v -0.46960000000000002 0.060699999999999997 0.56000000000000005
v -0.47639999999999999 0.063100000000000003 0.56220000000000003
v -0.48449999999999999 0.058999999999999997 0.56479999999999997
v -0.65200000000000002 0.057099999999999998 0.52500000000000002
v -0.65859999999999996 0.065699999999999995 0.51480000000000004
v -0.63139999999999996 0.050700000000000002 0.54079999999999995
v -0.60840000000000005 0.041500000000000002 0.54400000000000004
v -0.60709999999999997 0.047199999999999999 0.55589999999999995
v -0.60809999999999997 0.053400000000000003 0.56120000000000003
v -0.61619999999999997 0.057099999999999998 0.5575
v -0.63400000000000001 0.042999999999999997 0.52559999999999996
v -0.031 0.025600000000000001 0.54790000000000005
v -0.33300000000000002 0.037400000000000003 0.56840000000000002
v -0.32500000000000001 0.035000000000000003 0.56979999999999997
v -0.32500000000000001 0.034200000000000001 0.55920000000000003
v -0.33550000000000002 0.035700000000000003 0.55930000000000002
v -0.3755 0.040300000000000002 0.52700000000000002
v -0.38919999999999999 0.072800000000000004 0.52659999999999996
v 0.13980000000000001 0.1308 0.53139999999999998
v 0.1447 0.15060000000000001 0.54879999999999995
v -0.39000000000000001 0.046399999999999997 0.52729999999999999
v -0.37940000000000002 0.0533 0.53580000000000005
v -0.39000000000000001 0.054199999999999998 0.52859999999999996
v 0.1419 0.050000000000000003 0.53000000000000003
v 0.032599999999999997 0.12959999999999999 0.55169999999999997
v 0.040500000000000001 0.1237 0.54769999999999996
v 0.031899999999999998 0.0378 0.55220000000000002
v 0.021999999999999999 0.038300000000000001 0.55579999999999996
v 0.0746 0.033500000000000002 0.54039999999999999
v 0.080100000000000005 0.12379999999999999 0.54700000000000004
v -0.34289999999999998 0.10730000000000001 0.56869999999999998
v -0.34229999999999999 0.097600000000000006 0.57520000000000004
v -0.31269999999999998 0.064299999999999996 0.6109
v -0.30209999999999998 0.061800000000000001 0.61629999999999996
v -0.3034 0.043799999999999999 0.60960000000000003
v -0.1341 0.18190000000000001 0.57440000000000002
v -0.13270000000000001 0.17419999999999999 0.5736
v -0.1275 0.16880000000000001 0.57469999999999999
v -0.11169999999999999 0.16350000000000001 0.57489999999999997
v -0.22520000000000001 0.0424 0.63500000000000001
v -0.21410000000000001 0.045199999999999997 0.63649999999999995
v -0.224 0.050799999999999998 0.64119999999999999
v -0.20230000000000001 0.033700000000000001 0.61580000000000001
v -0.1244 0.17760000000000001 0.57720000000000005
v -0.22939999999999999 0.15529999999999999 0.61329999999999996
v -0.082799999999999999 0.045999999999999999 0.59260000000000002
v -0.2747 0.075899999999999995 0.63790000000000002
v -0.41089999999999999 0.039100000000000003 -0.21820000000000001
v -0.37359999999999999 0.047100000000000003 0.24729999999999999
v -0.1363 0.0722 0.47910000000000003
v -0.59280448061584712 0.033600359526825635 0.074384980963089278
v 0.0042516132711004559 0.037441010403372187 0.20768533181389237
v 0.13692997646424876 0.028897192518528146 -0.11044849338382746
v 0.13304792540729451 0.044665925394562621 0.53187940392109434
v -0.70126425708783457 0.12267490393105192 0.067385990794196243
v -0.31860311356069071 0.19507113049801006 -0.15906824857825733
v -0.56654033568548678 0.037383522489822317 0.44362165197924475
v 0.013979230465985872 0.10172569424883615 0.55768684382147404
v -0.68395885714068461 0.11860765223611111 0.2135135764208646
v 0.16841194269334267 0.030766297314391827 -0.073288667712265887
v -0.636523258784505 0.90650153075276829 0.60863721949791461
v -0.39095559741946023 0.051180482967950663 -0.081066915584009039
v -0.19875918085208716 0.069402066734664036 0.27726494855329498
v 0.1900461518977076 0.90244022270452229 -0.072366566946555785
v -0.43006353793622615 0.040869359878044458 0.52766405510278003
v -0.25100289806592674 0.12060598761922987 -0.23105131882089108
v -0.22524842878069301 0.072580056396807868 0.17793440782946587
v -0.25375302400767513 0.06755837384456595 0.47227429813660199
v -0.094887255874841245 0.070851111243352777 0.35220508220854801
v 0.011383416646256903 0.94329357829645333 -0.048544068891611905
v 0.11403540649720957 0.87294449099717364 -0.11500815902848166
v 0.10688820636976171 0.035671853358582313 0.3401808141273801
v -0.10567176372871451 0.07283794338132546 0.15364975114625951
v -0.18359502812973344 0.93542904275322869 0.41524671222217679
v 0.015947677386367553 0.029240269648819605 0.17775960146425784
v 0.10238107261639856 0.95606661479093202 -0.047814581463830046
v -0.073429695718290014 0.081030321146431744 -0.022149409879658803
v 0.00084385891221966283 0.068303196852003048 0.094358787064777488
v -0.063130202921988843 0.87523419845246764 -0.10512651224900046
v 0.23851361357824599 0.93181707436308581 0.41028845184118817
v -0.16768772888699729 0.069802927735685194 0.2729778638490748
v -0.31954286891284694 0.16682789749368115 -0.20842446522607269
v 0.12089466107904839 0.047928405307997531 0.40410983126469385
v -0.19181286182441631 0.98677157991230213 0.063004257363858646
v -0.26727940468354189 0.044456955115321703 -0.13777360957434101
v 0.030419494908630374 0.03986363839660919 0.085426847959444066
v -0.47867005639859211 0.10243454051349701 0.55131137822706533
v -0.69369685976617435 0.94564577076431744 0.66511475931401798
v -0.041969029115590965 0.077981697803887792 0.041071343985000418
v -0.094762744613642938 0.075434192195908717 0.081106579534973605
v -0.64778849366153235 0.13716647721456096 0.22316107013203862
v 0.20394866883264054 0.13606155184325294 0.51470729137622018
v -0.40128671685242456 0.057997579013107904 -0.046019989700807618
v -0.42504319076548253 1.0241523839447344 0.072240475354222622
v 0.22771503267181728 0.036447435916412696 0.45918110892477798
v -0.61982243254402147 0.034005089915308581 0.14516543937432225
v 0.21872107849923761 0.067422974154474458 0.5053675162131499
v -0.6840788640273554 0.10921977131955266 0.22403131226856329
v 0.23445076478001373 0.10708024819336881 -0.062728127011756771
v -0.59789898286246368 0.037763489628967667 0.4113929540579529
v -0.68245941413004285 0.058377236520222274 0.0090573979912560998
v -0.4096092245563161 0.034396472781443671 0.4505727320056544
v -0.41423971158459 0.041584179289790239 0.5223894174537359
v -0.64885531896426463 0.15875202612782247 0.19186191347544934
v -0.37449732866070856 0.080392721894829072 0.0019248838814985591
v -0.61627593267776992 0.96990557865093896 0.58745869149667651
v -0.44059533013296009 0.036449158778568497 0.0012963364130007392
v -0.49678169334691652 0.073418984551212679 0.56709407638799436
v -0.23994811021398638 0.098461555991818911 0.64206981080723546
v -0.31935367494417727 0.99473557590358708 0.073794813325193276
v -0.27141489474886771 0.95021774024758021 0.34875108338077648
v -0.068533918364085955 0.92809417640283154 -0.067356552076740211
v -0.69771022244904968 0.043192841224439345 0.21153662631825415
v -0.57092451919205278 0.031793776051387904 0.24774459959040251
v 0.099760828035372937 0.16719979158655326 0.59377886354654241
v -0.24433073163305577 0.19799097985389205 0.54452111869405373
v -0.11273078803489625 0.8972450872063209 0.47626354012264976
v -0.45053637512793299 0.86461682754911362 0.46294373057041038
v -0.26073526616042131 0.91403279388436065 -0.055310756932421025
v -0.54759167350034565 0.17760321478859942 0.35116497481483272
v -0.05626963006380141 0.18103047809842732 0.60129933395813973
v 0.21138136086288839 0.084734938053448672 -0.10575089821661555
v -0.082999167267656659 0.88215378908203368 0.49239415314491697
v -0.053789842286847654 1.0062038863633305 0.025782549454440275
v -0.50925072030386709 0.032298576073833962 0.11310983435958542
v -0.52625152068191905 0.16627547365972223 0.28441246788219066
v -0.50757997724593606 0.15494480299380872 -0.022865522886768876
v 0.02207732783365067 0.98635337830658865 -0.0024362025862876969
v 0.1474480978159137 0.9578948670483759 0.42769030616833953
v -0.48457625489838713 0.034311528645025915 -0.013740666861458613
v -0.43251968179505429 0.051941753796033802 -0.21364319013749611
v -0.48550425640350814 0.033077195123321447 0.088449239849029554
v -0.40411024767762593 0.064194103625864363 -0.013547428115969491
v -0.37859886452243963 0.043030189298088897 0.30846513415256133
v 0.21441754194743803 0.033447576650734979 0.25314702029401442
v -0.12037260358906257 0.074493120479898464 0.43468989573496519
v -0.70493446768385015 0.96948858207513888 0.66750540847745921
v -0.070842061135135206 0.86123419560750125 -0.12465993085337641
v -0.48853118866015027 0.84875910158321743 0.47861952180647865
v -0.2521463498833787 0.94608835844884365 0.35736970193710615
v -0.025221889877640416 0.93317645825653728 0.46370816739223036
v -0.61330177607005598 0.034639064167579989 0.25859013298094713
v -0.25100452123141609 0.069853044489325264 0.22399947248499705
v -0.27786383907407131 0.075137127176504823 0.12466019764524769
v 0.22729525263204203 0.056543299973280919 0.0049540463037405953
v -0.32326556649175453 0.94657716284116256 -0.010009855296029466
v -0.27143903492477228 0.85971554375828818 -0.096483105192179175
v -0.18700575089583804 0.082323450999808409 -0.05922978316133401
v -0.65373698626219201 0.11846783477202316 0.24102614226342906
v -0.24476037161322525 0.071281820292560721 0.37685993142514274
v -0.3772581563308337 0.98682872072153915 0.0034672755286237755
v -0.58408044838163364 0.15084331162650377 0.347983430570662
v -0.26132556247763195 0.083717932276181004 -0.089391076872091815
v -0.43873582636983516 0.052873573834271263 0.54600927773215568
v -0.05805543768712175 0.074162917043087515 0.42349828249661325
v -0.18972061893536366 0.031496177699921545 0.60700891844390115
v 0.019723060398564956 0.057425762617000435 0.081179393125237087
v -0.48152630845453898 0.89234861858500669 -0.07246922579961812
v -0.38663816621979746 0.065134173603524151 0.029886125000823754
v 0.0070237619248905911 0.074747046161319358 -0.19746099455680366
v 0.013624860136337551 0.038439991870674331 0.24690336570674692
v -0.7468479867438016 0.083024726385720157 0.12386646065391425
v -0.65822416953969232 0.15944535644541025 0.075185714559974165
v -0.63510148632676688 0.11904035522529909 0.35153146927793411
v -0.27345340697442899 0.037701948702538055 0.52436345811422214
v -0.21195009194261641 0.069915709771682322 0.2813506014405921
v -0.50496714580572333 0.95036462749591266 0.46864844332395406
v -0.4157692568966983 0.032858769931431914 0.37856842360120246
v -0.32616053979178083 0.93701712207626908 0.39671384152489769
v -0.74274597839735923 0.89355284574709981 0.64729369800625591
v 0.067081926970700437 0.989588323355857 0.40326054914949933
v -0.047381369164308011 0.071948953119761558 0.57894433184719918
v -0.17757837761619308 0.076886641452209109 0.46795294908232465
v -0.21186178873673633 0.076307263226979755 0.6407450414857524
v -0.37281883676064642 0.078307907092948326 0.015030632017001192
v -0.67798685619422738 0.057728604989519663 0.39708095856105813
v 0.0029044415442601897 0.034376496133037553 -0.17028560396975309
v -0.23907477540129315 0.8965082351556467 0.42620978948684785
v -0.30945124318109468 0.116417766712463 0.60391984326934955
v -0.20866241998372448 0.19191460349492828 0.56041333564360574
v 0.0038113097065102922 0.16204119871962341 0.58824140468043074
v -0.070077411729469727 0.16528511079906796 -0.24463505616053652
v -0.34684433388933661 0.058144299678419824 0.57188207537367908
v -0.1204152650453507 0.97320155045004009 0.012277837410154951
v 0.14790600759999917 0.96362697457546598 -0.023144124677915243
v -0.4870943124481884 0.93571429546215557 0.44453373784140565
v -0.57939839512599578 0.03255885063432843 0.20546336391008807
v -0.31387258812953273 0.061101501973166064 0.41002488274496118
v -0.2839160474997165 0.065634093405452273 0.31598803342946719
v -0.63464363939273305 0.081253709344745989 -0.0082288791537409849
v 0.21881034745105141 0.16882108750504224 0.50909739629190498
v -0.27432075630305691 0.061725936866880868 0.20014986843365357
v 0.030435576138953164 0.023097132599979833 0.51274907170671991
v 0.16545247207794536 0.9028980599927604 0.45506138363606863
v 0.16644844770959893 0.88195403189605548 -0.095695097631368325
v 0.16901679611480802 0.88226117668066173 0.46082298319781156
v -0.017063217187773819 0.87706973382501097 -0.10750826072853245
v -0.25035328890712755 0.069260137146973016 0.26211625579968784
v -0.40120164490085086 0.066030745694313692 -0.0043614367709047166
v 0.19248401540623411 0.11997067431782502 -0.17605099797315715
v -0.1072097745439934 0.12222637656274285 0.59883593262534829
v -0.2441191810846326 0.15174730617251875 -0.22198742217158277
v -0.40075985393530444 0.13981692448489672 -0.20000154516657614
v -0.58897634147211375 0.03305963023593661 0.28330750973839308
v -0.012212686066931136 0.088586740790674426 0.56818185677660316
v 0.11807870604319465 0.91044718711988482 -0.089898538244165022
v 0.17359457312541521 0.99923255783084197 0.0482791069804537
v 0.1111714972432674 0.9933223345769282 0.0042457747229138624
v -0.44745764057224696 0.13203953509348151 -0.15341085891610912
v 0.11977729687597935 0.039858251424827761 0.41530179497202352
v -0.67605731352032439 0.035666772013500651 0.12172197871022762
v -0.52243593994414073 0.037217308380856108 0.4287595650110631
v -0.62579632306466837 0.09415126260859466 0.28159510845455232
v -0.54371495431707606 0.094100021028892186 -0.038290863832182061
v -0.51380866310324491 0.039248052876227395 0.25029553888309714
v -0.26666601844599841 0.95377310723393371 0.33800108683062335
v -0.2980701492930779 0.98340859551908133 0.069716989672517743
v -0.60646961127784227 0.92605264391356767 0.5508397025682753
v -0.58719911233687705 0.9339396989174289 0.53182440221699778
v -0.10313110274897749 0.93556777649986989 -0.053018975600337678
v -0.72931185445512037 0.93086078988478882 0.66340801660068704
v -0.46082384167385004 0.12841550411864291 -0.11809528595564556
v -0.086601349418456638 0.076215071278929472 0.064363179680875141
v -0.67459843097288685 0.053604939580467317 0.25893597431697368
v -0.19188344587998712 0.079494673968548479 -0.0025662735630040583
v -0.28329045255081176 0.083988230739854619 -0.099961322231912217
v -0.27077740880220558 0.98529017087777437 0.27967581954293147
v -0.3097885011491105 0.96835915879346612 0.026644308549252226
v -0.44960043307806907 0.99099568145659034 0.37772468506792628
v -0.072553813721118951 0.92063702050256924 0.47108157784276855
v -0.12718195382790048 0.95888770177802818 0.41136318093019358
v -0.46571690087528989 0.11839617987785994 -0.13016136048312696
v -0.54533028057466859 0.17822756469329132 0.5084902965606044
v -0.20962109979940161 0.069870308003680617 0.31512015489185485
v -0.27476368481643776 0.069264620011654982 0.35615514173549989
v -0.47893053889722198 0.1522704934474145 0.52434485125259989
v -0.63136774257705608 0.14007158770743625 0.021334098993994827
v -0.68500567702100135 0.13316698093952345 0.049615920789708466
v 0.22272920345105421 0.026431666163309768 0.37748071562356461
v -0.36478413811459631 0.074132026390486591 0.55312647046313579
v -0.39557616243713162 0.046505897329136986 0.52708741393054803
v -0.63069420513658481 0.87408251986529073 0.53442606653426583
v 0.19168304536818825 1.0037197933711315 0.071570102992904353
v -0.4081734309447278 0.94472555195129626 0.38461240221082982
v -0.19304368784547393 0.060101928406708381 0.5023405930437066
v -0.37188991279813938 0.032526150643559841 0.13742146998999338
v -0.46091274422188389 0.12858818439399586 -0.10811920319839256
v 0.17101875145347159 0.024103431087026322 0.36984003015252187
v -0.63419032056351032 0.15896592604555834 0.43273598388304529
v -0.60244488991363099 0.17278915475532169 0.19112441490511567
v -0.21871304973229691 0.94851439584462194 0.37408183567206044
v -0.10060317204390398 0.92303327782461697 -0.06814716173881584
v -0.02996646296128087 0.90960716472456182 -0.08160378664744776
v -0.29722152661430945 0.93264494218098448 0.38760376451479989
v -0.29994699610773973 0.94868591443238326 -0.0015017767357623725
v -0.25040611326746143 0.07642486453918923 0.07298397438949078
v -0.20461051613494599 0.07544047426435331 0.07980785545323317
v -0.43381410537935855 0.035341203762399326 -0.18509555406608486
v 0.18196641085778056 0.12447156075165715 -0.18238446132510178
v 0.1905548887678753 0.023848289205247803 0.33168547744673293
v -0.31415244724292452 0.039885924232494305 -0.14402921536797647
v -0.20373416956464516 0.14565822941748527 -0.21929520818230483
v -0.63338177665544437 0.1576866343580729 0.46897586862173207
v 0.1437676850076858 0.02264808533103484 0.49922651065107021
v 0.10369131837373169 0.025307132650027288 0.26505074506296711
v -0.70492201789687203 0.14603250229112394 0.10480838339249719
v -0.41220765018806094 0.094529580094461302 -0.22129566086457744
v -0.74751460265316771 0.9695863487669365 0.66259167333775737
v -0.12949435423303438 0.96716929266409035 0.0095132968207389552
v 0.11026979383318128 0.97931099442037617 0.41271654010629877
v -0.47790046598869673 0.97297324978019006 0.43289161022223321
v -0.38005428472550395 0.16106783839821476 -0.19413437687930138
v 0.22458233606225189 0.039713677482375268 0.47480688306197177
v 0.095524911272811194 0.03038061448832054 0.53347055866315096
v 0.23604589408014146 0.054930164257141603 0.018083889182317417
v -0.11553668358990687 0.082203535857069063 -0.050777279457427091
v -0.03987269289420238 0.16628698712197496 -0.24341771101205936
v -0.53579438215013242 0.16570265680889523 0.25487558548713662
v -0.23616615000535188 0.16734027826188555 0.60276472077741405
v 0.24541952728274008 0.051769773105202026 0.4586190517815345
v -0.22781791760711442 0.078564565881565712 0.0074403026353177465
v -0.73068391140737488 1.0122778209901155 0.013640591664118304
v 0.016939555319952802 1.0102155115201783 0.031350999557722074
v 0.13123295537682667 0.90124031377459246 -0.093506810926911585
v -0.63046346143111986 0.93580980905138722 0.61898178792835623
v -0.41657720276929122 0.91084451171061409 0.42097815470275091
v -0.015236932190921298 0.050755355392599795 -0.10070742502456166
v -0.31729531126587235 0.036586537451352305 -0.1500833784239107
v -0.67836378723601265 0.10113856944774906 0.015283814484459569
v -6.7662722473618952e-05 0.060768439282945376 0.11149852541068093
v -0.3978706749694601 0.17600763526945098 -0.12764862252556647
v -0.032861817554830287 0.14607265538619502 -0.22244596264668698
v -0.10558239035761122 0.034156064722732811 -0.13043865530367321
v -0.19565441173412282 0.041181910848032938 -0.19845691621775646
v -0.69803723056544598 0.8891697171593399 0.64707023823042242
v 0.22178097918419004 0.95324314950657674 0.3857703985257252
v -0.38630884677004973 1.0248152736574421 0.23111304458647791
v -0.28672165423777124 0.86907349022904612 -0.094400471270637054
v 0.20162735195997636 0.93674014643373182 0.4189848987288608
v -0.42215534583595021 0.045523684964199194 -0.014219251441092947
v -0.29007994072074489 0.068287345919261125 0.37925710356030934
v -0.30103663790299168 0.19103604744415087 0.52326963593050546
v -0.46228868609785878 0.036487244936363031 0.46940188002850081
v 0.15737698225685923 0.12204409597568028 0.52679570711310253
v -0.11980295617390514 0.027275183601482046 0.5683248152375564
v 0.16858529488274501 0.085134893583810281 0.52888800527576474
v -0.27016023207000622 0.061666320503527952 0.22553686951161592
v -0.13336957654653553 0.069643891243634778 0.29269272484248776
v -0.38134761257024502 0.089548107933614979 -0.23582155523737583
v -0.22156246516678482 0.92030167129381857 -0.049462606325578078
v -0.62573644232863534 0.91623165313070087 -0.017841546134067809
v -0.2362229220202611 0.93449817691533299 0.38837431257332528
v 0.00017212347455547721 0.9546639248794162 -0.037253024755485947
v -0.48761107218028249 0.98533120006866159 0.44693154290557818
v -0.070921989289602444 1.0193265975174866 0.33199246143077754
v -0.26026167696709895 0.97701520209123749 0.29387666402596641
v -0.50003961719029311 0.12906340348827669 0.55119447689557832
v -0.29011176643971937 0.14300657866608715 0.59618030738920702
v -0.3336662444651522 0.033055302771461882 0.52425993028139961
v -0.49500199163985975 0.046108415342211474 0.17461932536529276
v -0.6237466713752895 0.17979860272317233 0.15414310285700961
v 0.2108683454481497 0.047660417875607618 -0.0092742547131005708
v 0.12137226389084556 0.15691820421722574 0.57663526884428473
v -0.37152678590201105 0.15083820464458725 -0.21149530881798878
v -0.36469544063114762 0.14831425216191549 0.50738265037410002
v -0.26596199660147224 0.068579094182885422 0.32736519837915912
v -0.19745288346309683 0.035114079381199231 -0.14184873145057578
v -0.046111709050670094 0.89380847727223633 0.49145779785646421
v -0.49300546246067789 0.94737364499181298 0.45449985790234831
v 0.19054238436998375 0.94864823849716007 -0.02407084400851903
v -0.68417102556575782 0.86019872008239084 0.60345099321498696
v -0.038017331296149141 0.069290748285027709 0.27520018142625524
v 0.12900539426529917 0.18974966605814148 0.59554375893768396
v -0.058984471836706985 0.08113238957446911 -0.20278489339093936
v -0.20778766789972591 0.079170350650707363 0.0080880457210836375
v -0.236319393574484 0.17217265851403163 0.5979659633611456
v -0.59383099536402673 0.034532978105590195 0.10730885414049718
v -0.45702376522625093 0.034824982646114583 0.3489980872385629
v -0.67011661707059667 0.058510656094011113 0.26402428467648464
v -0.37709010036901591 0.052505172807566003 -0.24046807152527516
v -0.7441102271121236 0.076830362019683907 0.096359593064340568
v -0.04255111574198623 0.073211609613789086 0.13341826255046199
v -0.41110702914050179 0.14333059364786579 -0.17304773576797847
v 0.13788383352175385 0.91205913623162804 -0.086991513531458634
v -0.5132677258200613 0.90194866670825991 -0.06934782324181861
v -0.6734165189042125 0.87933018881608982 0.62741039154083178
v -0.50641138646585793 0.87087848044344074 0.46342029851368971
v -0.72446896575511366 0.96331675183644816 0.66763162875521709
v 0.28136205026998562 0.87840784661717275 -0.038149331146948753
v -0.53291376168643534 0.9627271091974331 0.50353290964925612
v -0.41201922242294858 1.0191831382119596 0.058431677112251799
v 0.12145595796854228 0.95555117002442025 -0.046602848774047412
v -0.29695683203639939 0.032647315319046681 -0.1843913067739891
v -0.3264323958579326 0.13242475896317618 0.56946100837519309
v 0.11254368072735564 0.027763097129628652 0.00055882807096837791
v -0.053173143518449581 0.03870527898531196 -0.17980373906040001
v -0.61760808410757662 0.16875633248190916 0.46735569300431151
v -0.096974969972829228 0.030845194254168522 -0.14757942688560644
v -0.39849187407491443 0.032233273828764182 0.37502025938607003
v -0.38191567662196835 0.15427323618088268 -0.20153732092994983
v -0.69954960856578596 0.15438192664571548 0.13223683203159942
v 0.23049305486018887 0.99677210291781271 0.27993579096392457
v -0.40170524963562337 0.9634025586224646 -0.03031104362894186
v -0.54675663765402427 0.031884190677221945 0.3199398318467207
v -0.58171881873097708 0.035155601695406276 0.35111166371962305
v -0.54761477731514663 0.15469030964233366 0.31379515106690548
v -0.41522545408851219 0.11006357648987097 0.53104127095300246
v -0.21698912006898546 0.12360658155291264 0.63705030227286452
v -0.67474745784804313 0.035616376388331344 0.086729372060270912
v -0.16920758017546481 0.13728243411208127 0.62084716558790021
v 0.020298672015263263 0.064690142539744644 0.071384323498847088
v -0.4010840635781065 0.032435135214992146 0.10583525778241298
v 0.24085923211867591 0.90717069820620078 0.43176230769477403
v -0.2202549337241558 0.99821707423945738 0.24002051300366292
v 0.10634147481161628 0.91262725496878283 0.46439060395962478
v 0.13028824961832122 0.02751123655272553 -0.049574915756844445
v -0.44788507529891042 0.035810169997221475 -0.17139697219513902
v 0.2092071368730847 0.025504699995014493 0.39388220961686576
v 0.1980397032220679 0.035056504807322815 0.12601131590477258
v 0.080391894733429739 0.067251859154602814 0.5423319467918325
v -0.44252022065465713 0.1672223648438512 -0.074381085929576568
v -0.39123407464352472 0.11336679767453843 0.51795894209747995
v -0.023967205967001602 0.033050457264627187 -0.16383726763356743
v 0.090944326168333256 0.04741262383244628 -0.01630018969408643
v -0.72396549245540409 0.074329175737649578 0.2024429992052747
v -0.73013069358003235 0.87870181895747468 0.6392003979431492
v 0.1027334113502481 0.89109810676254886 -0.10671132255366213
v -0.018828514021175302 0.90899315876724229 -0.081959008426764027
v 0.1395868014509492 0.90185887293917122 -0.092555719390412419
v -0.28340472785623011 0.99653856847880418 0.16106775229410086
v -0.2561346606376913 0.96953399023030151 0.30868824301777553
v -0.45105948115482347 0.049060556432954212 0.17637111714653497
v -0.028230410572793997 0.042712811546379049 -0.10760472163213806
v -0.54708189091288106 0.18920587795237195 0.3788739430912072
v -0.62511384150059379 0.12939943975994647 0.53117927960124567
v -0.21551222785966104 0.056488786261622903 0.64186751169304856
v 0.18691271338520279 0.023675213914370857 0.29531861709406704
v -0.4775016305230832 0.036877945866150515 0.42629448809812087
v -0.73638731663769141 0.043676274300173103 0.087093534031137509
v -0.62788362744436232 0.037864070228247566 0.4000549270375971
v -0.6574602318971986 0.94574937026934169 0.0078670693465080488
v 0.15547371324014381 1.0077364847431218 0.35797881495057904
v 0.11254597560734782 1.0038588895255367 0.37621376793507794
v 0.087222359661575724 0.9117590839990658 0.46954123416977034
v -0.46599349046859762 0.9506089631483311 -0.043602085163878569
v -0.25549834344943545 0.86722581203596671 -0.089162851165125415
v -0.31796080376798219 0.95970956837444121 0.0088046708470878136
v 0.10236446572090595 0.041236853795663928 -0.047840560963898673
v 0.23416222089940533 0.12345060797202885 -0.10536531691171672
v 0.021455851088245961 0.045069352758748515 0.092823631587012748
v -0.49569730715283311 0.033860047073386183 -0.025908102005594791
v -0.69777408833882415 0.15483289536871345 0.11999552834186065
v -0.66647820296493676 0.037428426978561267 0.18779628531912718
v -0.47504626915401826 0.13060786103889671 -0.060377461023070296
v -0.13430789096295431 0.075871378303088086 0.44805043299830416
v -0.43649734770440685 0.10879245085047014 -0.19189183818964123
v -0.62755504238323367 0.16296826763849354 0.46399310131844074
v -0.21361627449387383 1.003176524083742 0.19864943966305873
v -0.026827658393670659 0.87929648324657494 0.4994725975127372
v -0.43161934428392418 1.0212776245235273 0.055139990686627963
v -0.054139246502393788 0.99177354003533502 0.39086725723397819
v -0.52308798859489003 0.88199958786303667 -0.079095527514773792
v -0.46482558967420307 0.88649499165630474 -0.075696229821292524
v -0.085511181090867805 0.99163524482942933 0.38155182415977396
v 0.21767740667373936 0.99747765811344646 0.088170081309100118
v -0.27725935059853074 0.99085283021817838 0.12039781969585787
v 0.45949258719807795 0.21060525997845966 0.39252055264678531
v -0.63978960487945513 0.036865195587908538 0.22310500706702488
v -0.22694098210503882 0.035448622294240263 -0.14535720471065114
v -0.46648765058650399 0.14759191511829439 0.52488858212969391
v -0.53449096260305085 0.15005180941542801 0.54676016398531579
v -0.58360584189902498 0.18147840663255202 0.43494080161091708
v -0.058713552548324013 0.091440013874826212 -0.20419796455296035
v 0.084387310391054723 0.038103643585976919 0.0078471245166382847
v -0.62283536265470607 0.17808308331797551 0.090252778270088735
v -0.10753747396464126 0.053567680398157014 0.49669485224436533
v -0.038140679733248306 0.074772325796105571 0.10504637077485147
v -0.4022055186242085 0.030162396187453817 0.15574296297606913
v -0.48960797291928465 0.033679988890999171 0.036738133134059964
v 0.20381077141489012 0.036210756772168978 0.011203370319998591
v -0.42023376258746842 0.9099743739034506 -0.065283486094377952
v -0.47331944606170895 0.94772237409871629 0.42870568868636955
v -0.11793005498473512 0.91158118062919358 0.46684494294382312
v -0.64042799809179518 0.93590178782127897 0.63526295933950627
v -0.66016851097193907 0.86274627519914093 0.57692273319359255
v 0.11743854684875714 0.93997263429877809 -0.067641190892890946
v 0.21285120847370834 0.91737224362280612 0.43170963914193522
v -0.19500768607991628 1.0017881904694625 0.25731713092886277
v -0.65918714991169935 0.92243980383432866 0.0015331623541899207
v -0.045309191757277066 0.93409164152360413 0.46260579715528943
v -0.28443761127107342 0.96867282901016016 0.032816421661417489
v -0.47287418270727033 0.97283657474032881 0.42183385703613935
v -0.43184584192670228 0.1527259217341069 -0.14853762067221327
v -0.021837389247984049 0.056447835802868669 -0.19502805322180317
v -0.039115666414656636 0.15996489539336756 -0.23945017615694289
v -0.62878458924837233 0.038796093709059204 0.49568555092547067
v -0.023588340563850473 0.0810208036331692 -0.043964262412703167
v -0.23109865263481993 0.03171375788685362 0.55177841621727197
v -0.24772717455876334 0.133965726883471 0.61603202294151915
v -0.6725626030848032 0.097104383000563427 0.46310368227692711
v -0.41168272261611999 0.071070365999799101 0.53618605311590684
v -0.036431172310084421 0.070321699453861089 0.18634661276390532
v 0.0089142951622276888 0.03242106659469067 -0.11374617872910224
v -0.29636504741648412 0.12631090661889252 0.60573426227556337
v 0.24158376751693439 0.17717385536841632 0.49837045020660103
v -0.7031295644266804 0.85302637745676313 0.6003590191593815
v -0.57605639531479291 0.8727623678619143 -0.073289073714148806
v 0.083667615067233275 0.95363067251742339 0.43721962309685347
v -0.12010879278507522 0.95423516783012763 -0.010175460431641586
v 0.094654168709718003 0.9761627955419615 -0.019041924852462207
v -0.68126590485248839 0.88544072538775864 -0.010103346476672066
v -0.44953166882435941 0.88035129292278469 -0.078059441134426408
v -0.51829497727772778 0.18508226956863799 0.28743550199292878
v -0.47637518045375055 0.033294179540179526 0.070777342463172202
v -0.19288399775911597 0.051619162724459551 -0.21287057077514601
v -0.089963130982250422 0.070893297441477404 0.36479236583292296
v -0.25543180755644751 0.038114185992850255 0.62513514688319272
v 0.24550594826528574 0.14354475578696962 -0.12101808224029499
v -0.21811193764118272 0.077227103904191491 0.032543959980221207
v 0.18575689920292571 0.024652361051355744 0.052750326524523938
v -0.014721533163907216 0.10792837654670158 0.5675421359088163
v 0.093238883264741904 0.065989266016323031 0.40503718555276147
v -0.61677645020806182 0.14708146568532923 0.37317455170015978
v -0.66372491554101842 0.11635206749457327 0.46772169871555691
v 0.20199235670742602 0.94636462512585839 0.40828159398313107
v -0.0063010165185948541 0.98729114870358736 -0.008977433473475134
v -0.68960042636358432 0.93285483356107846 0.010477457191079781
v -0.38861234860897231 1.0136125794084705 0.26905613084318397
v 0.19554553015182177 0.90762577940892208 0.44534154145978422
v 0.071292955204162525 0.95322215749295813 0.43798865648090746
v -0.052000640159518094 0.99623447880038574 0.0037386595221625507
v -0.39737103765918708 0.97653002321217153 -0.018049301617678898
v -0.45087217519551004 0.87864244067219532 0.44888427895977434
v -0.18241319562567937 0.97620600413002634 0.030866254143246272
v 0.1832488001031265 0.028258586974287896 0.26664858216874709
v -0.31712462141173181 0.034020904163206848 -0.15742217118201385
v -0.061705036507890249 0.030933785012944717 -0.13145604475978875
v -0.49849531935879082 0.1669688656553944 0.5129061001236348
v -0.089301542748944363 0.070889797848948832 0.19705247871125905
v -0.47863982121569543 0.036681122030484903 0.14987937567891757
v -0.099842022432208813 0.078777932723728683 -0.089923753503371034
v -0.61870902771354419 0.036810567300464885 0.30083704315765708
v -0.0062374563691512076 0.19108528088567087 0.61923747711950994
v -0.4772411382974332 0.16965893821719635 -0.026985346407970207
v -0.65196773675908593 0.9011042095301357 0.62771327038970104
v -0.2259266996248393 0.92086347407404212 0.41326427668891746
v 0.19619002139106523 0.98367643151376027 0.040466947386256016
v -0.38098318644957968 0.90676819962336241 0.42784751826139217
v -0.24545594991128125 0.98763454478222268 0.10443431162470886
v -0.30729278334835258 0.91869498534174665 0.40848636909451352
v -0.2897645264233551 0.99968002496271835 0.17983726128574759
v 0.11648869680264141 0.92349272569407681 0.45788144040348289
v 0.094812679137013897 0.070939348264271354 -0.18417509359248002
v -0.37977575515047818 0.049173167628580081 0.22013134163265341
v -0.38342539764386568 0.17457435954454342 -0.15780913350408518
v 0.12187994101765649 0.029033356967470218 0.42709104229468986
v -0.012750111400660515 0.056326237856506249 0.20330033774766174
v -0.63933037473583332 0.046032124292712584 0.52828936069598997
v 0.019257358447554229 0.13645309665639185 -0.20426285926367529
v -0.66199198641117829 0.11756125257463246 0.41194704413520072
v 0.19350504487013784 0.040101008294035401 -0.052776635659357092
v -0.19451451159671021 0.11891735243465093 0.63493079265201657
v -0.26816414822484952 0.062227733351583936 0.2392436710484612
v -0.24368130700445317 0.075948397502740198 -0.22805392031104776
v -0.68769537739653419 0.12213765165513762 0.03597803855120231
v -0.41696178564495096 0.11952626388440336 -0.20180433201341572
v -0.65522326067425107 0.042305591267794283 0.26036449952073365
v 0.15692614673779526 0.87365756649092186 -0.10121690522737126
v -0.68258822802411367 0.9252474850212129 0.0088349550025196115
v 0.21746040332351282 0.98061249074685919 0.051010187803957573
v 0.20852188700873581 0.90599015198194144 -0.060848885759748277
v 0.21130614582594848 0.93060594096190696 -0.027730065995462322
v -0.17987656247558001 0.92199222628861022 0.43320259490976337
v -0.66145421178225772 0.94489477337190508 0.65448528197307287
v -0.081744732491242963 1.0207066954214379 0.31830826385581856
v 0.0074237177293945619 0.96808725156221287 0.43141065170117993
v -0.056114828029573259 0.98855396902543191 -0.0073767256510611483
v -0.65050099518382976 0.93782284361057089 0.0052667650061144601
v -0.71651837632986637 0.098915293778067334 0.065554886616601221
v -0.28612281204315437 0.15820673502175392 -0.21709116829291411
v -0.40713400939644256 0.037711280449323335 0.51142974233101124
v -0.25471101235886595 0.053734063135653258 -0.13107366169656023
v -0.43324757073430253 0.034857935171113665 0.05453330615718803
v -0.52892077147214833 0.033836899321548729 0.3584320775743316
v -0.30437754595457894 0.033310577729081248 0.51154801607858558
v -0.41822604888385206 0.038455709838751143 0.062857065485504848
v -0.22466222506802566 0.061054823502385357 0.49657775079008937
v -0.51622810870015112 0.03364605799248508 0.36130775766485779
v 0.088322731132886384 0.023620863162373957 0.084954863601106226
v -0.42855833528497311 0.16092684289898049 -0.13160101074213948
v -0.48223855490953726 0.036035913248703144 -0.083252239014653104
v -0.18706626843478047 0.084939425573163918 -0.21890910483577161
v -0.057659423989558145 0.046677369516780365 0.5851631913998504
v -0.072312924966095857 0.06819505783658332 0.46450641431390244
v -0.21782408861309538 0.10069149876014585 -0.22773380925826714
v -0.22835177710974033 0.033211615923813692 0.61710766712028475
v 0.011622215494063263 0.04355082635477861 0.5611228536943702
v -0.44349947049313021 0.030555285433106108 0.13769019828320869
v -0.27845471713688452 0.9847420682623782 0.096148557812018004
v 0.20160048195622224 0.97507007495914766 0.37797599353007694
v 0.11080298804680828 0.97037472437589112 0.42267855987857655
v -0.47306734845113779 0.89924047242353056 -0.07129676523954985
v -0.54274874604533785 0.89121348992712968 0.47554567000602477
v -0.74963262299793254 0.92294062375201025 0.026678973156640647
v -0.23992794830074196 0.037683399438472556 0.53591759777755577
v -0.00046893402751859765 0.075467760523307156 0.066737414414667656
v -0.31918953044365111 0.08099607838408919 -0.017561828517594167
v -0.0063451547373939467 0.028937926530077773 0.55261818475554991
v 0.014647080794388959 0.029386625342531041 0.54732453798638103
v 0.19544165553208404 0.033673271502530348 0.0017704565472590485
v -0.48821987383535509 0.069177458525345986 -0.11917024943722823
v 0.025993619202781558 0.15870753663758877 -0.22997218027691024
v -0.099289677865114834 0.9109711855933994 -0.078543518372209242
v -0.63562501643176905 0.93821920781419588 0.0014163692138396827
v 0.22710489343285931 0.99207188910717414 0.30336301147760492
v -0.42146794970305546 0.9520388991897033 0.37245227008934512
v -0.51848665943734351 0.92484935648736477 -0.054521959401721491
v -0.5220252335469544 0.91633567955599171 0.47074411275522393
v 0.14480245630066743 0.93749430259611288 0.44550116633881631
v -0.47842541715108633 0.95959674689012397 0.43785168402824837
v -0.46265815794739135 0.91483404800875467 -0.068292943552443433
v -0.47776644950383523 0.90143805161959389 0.4353279335888256
v -0.63195875162768478 0.94831046054801849 0.0043801269905755832
v -0.26520392553605515 0.90459665318985738 0.41696504203772305
v 0.018966515743474022 0.91135566957877667 0.48301112358730636
v -0.55453378186936608 0.15811402695776106 0.2480808580468557
v -0.26941055782157658 0.17844717350724315 0.56833584425201256
v -0.2508253917783877 0.078131882747132717 0.015865460487023156
v -0.51296872825236317 0.034517689892374928 0.33171214354635148
v -0.62533306245417997 0.037695962777207291 0.3415305895662617
v -0.70764755711565241 0.037621924418945518 0.10320493884472616
v -0.33680770479364247 0.034263871841041786 0.46983037008346723
v -0.62906773165093144 0.17328273560379479 0.17171618070892106
v -0.45253162568079186 0.13453588817637613 -0.13529711198975211
v -0.44090723203694709 0.1233961053537808 -0.16337913748934396
v 0.18218232300364581 0.13858500848490338 -0.18560728764894854
v 0.034192023225375477 0.027125216306026663 0.48076611448583839
v -0.2140181784451117 0.08097771943243251 -0.03368907563421876
v -0.68159421950802945 0.88294751348982004 0.63751879677636991
v -0.45657077797668999 0.90434919885422482 0.42621064982518275
v -0.25010769732833849 0.95686532321533402 0.33420786556894932
v -0.30542887706130345 0.98965042405843795 0.29802174882275806
v 0.13070858445138819 0.9866943294739029 0.39815133716771139
v -0.26391225123716799 0.99460118511304541 0.22442659013044489
v -0.082318047605957179 1.0139131718873751 0.33761515080128524
v -0.62882396159213216 0.87084885174477422 0.51996317386821678
v -0.42135783156831075 0.99781757032136409 0.30726149382530843
v 0.12126711174158855 0.97604002139559531 -0.014003810182621701
v 0.32628523308184915 0.87248592270143399 0.39851832251280894
v -0.068057103201745184 0.94002178429792582 -0.056214753875822414
v 0.13613388978079979 0.87725929537159986 -0.10285453508772896
v 0.34013769787315218 0.8441675737193427 0.41336930902003644
v -0.068600313194915927 0.078669757373401414 0.025846489483138904
v -0.39477492079522042 0.046032378432621382 -0.23021396495011387
v -0.17602293723400053 0.098088159750758366 0.62954313312673904
v 0.031527374742997334 0.024787909554788063 0.20064633907493659
v -0.11418427215281596 0.04658953689646074 0.602944711187687
v -0.64489518225774389 0.072834449384210145 0.53295366455579807
v -0.042872624904328763 0.065822689809923965 -0.095272784755393233
v 0.1070147315222585 0.063639768086123177 -0.18163606896500067
v -0.62065123896447605 0.15864186043866998 0.04009314272472278
v 0.021787436361794751 0.15752800686261101 0.58625943171756667
v -0.26316253450767135 0.03295134765666663 -0.20004063370987546
v -0.018281017883012663 0.078014877944832348 -0.080537952797032186
v -0.62308007042789815 0.10014987596973265 -0.0066162457178496883
v -0.36670509157885456 0.040247468947605836 0.29116379828277555
v -0.61555866106254054 0.15286067347274285 0.38321379428719299
v -0.44340811751764109 0.036053450458934065 -0.025408547147921665
v -0.20727852839151636 0.92893302315586956 -0.042295128716740328
v -0.060167486774406378 0.90402066679348014 0.48332642583127899
v 0.096078488389142319 0.90487791090090253 0.4707910472933246
v -0.48974272691469328 0.99569413994871481 0.0070270280230500812
v -0.2481192480109071 0.99508280237483204 0.22399449459583054
v -0.60089639336544609 0.91142045931925353 0.52932932564956914
v 0.21161487701492321 0.94826360910985752 0.3974477487036604
v -0.25110138356828554 0.9617918610721724 0.32456172474257694
v 0.23532056397472806 0.89708093497912933 -0.053161358633083806
v -0.43344574672670227 0.92107275422253676 0.40884724215407708
v -0.17509216683281231 0.88699118083337636 -0.095523782802386714
v 0.022645202628400245 0.17097162705335467 0.59933460667983907
v -0.00058843672672399491 0.05280325556828315 -0.19323154220003974
v -0.29158806903429646 0.076144326591245967 0.10173436458865702
v -0.20355653290742334 0.076845889541349785 0.47027102675520349
v -0.24607607980775864 0.19203430465600885 0.56014303247191188
v -0.72264705131989548 0.084895149696732328 0.19731246575130876
v -0.46342087164229528 0.15778672279610306 -0.039175815227008193
v -0.7153221456424983 0.13689238853734945 0.16618319104566026
v -0.21316739602666815 0.04416715551791469 -0.20856391112100858
v -0.2113142380152126 0.0714392115337808 0.21120734697816021
v -0.52531199927478422 0.17985283784470812 0.29965782900069404
v -0.74379207564399208 0.063462877917152605 0.091756360394065803
v -0.39393870310731782 0.073657320110936328 -0.0081867448054202679
v 0.22685468157249436 0.023259380991842132 0.2792473787787913
v -0.69443593633627387 0.13280404709461163 0.19283765930787833
v 0.16277424873022978 0.024079593560290175 0.29456495543356598
v 0.023278869307533819 0.076634958222560334 0.030504191744313576
v -0.47772047748468593 0.04240182113675757 0.27435165991663479
v -0.23965732884137714 0.081799385005839248 -0.064687438108378709
v -0.33442662942156076 0.88949825943883409 -0.076636631779160122
v -0.45258886802401377 0.98777901112826938 -0.0089548105974516894
v -0.69313566287847883 0.87822001130606553 0.63770567219874819
v -0.058040865870037782 0.91935217646467571 0.4728318420151989
v -0.043926050194087067 0.98990664378484816 -0.0093033373517629261
v 0.011422260758788601 0.92653428321203213 -0.068382811546485636
v 0.31828444631956698 0.92267458603729013 0.073121110904664596
v -0.67853953213289353 0.95039894677476189 0.66297597528484542
v -0.48712570916087794 0.92869276827307234 -0.056994184844818455
v -0.1728540217411946 0.96490010751885169 0.0063117178023143232
v 0.18832877752996227 0.89543451401052587 0.45296642332936338
v -0.17127020845805552 0.20268376895338605 0.56753410957672057
v 0.022314046951379243 0.027171338418966278 0.16877422876138451
v -0.53982659102410702 0.13655986393764705 -0.020019708131167508
v -0.061663696969422373 0.075515825270889056 0.094828697079940946
v -0.3081690701355963 0.036313872641283107 -0.21584224365037191
v -0.031052806664778655 0.072503260618351523 0.57388521763427214
v -0.37315481183472471 0.03273129213332409 0.44640203805099549
v 0.031570665214822276 0.17538502623293917 0.60575593229552116
v -0.40409448348910443 0.036960569317491553 0.35099708986133255
v -0.12917057046694688 0.034678334271529991 0.59630978336078388
v -0.19971967217300995 0.070558341840785924 0.33670017679436404
v 0.0035492868638129201 0.088457238695483859 -0.19691804599988155
v -0.64334624516650118 0.036343786621221091 0.21014734913483515
v -0.20822564000326993 0.075733058549733348 0.47426158763706106
v 0.21305945185260239 0.93917170281350659 -0.017301837102653393
v -0.13504788668605264 0.89564815602403558 0.46762027063299144
v 0.1820220970759602 0.91901103217031621 0.44198843217364164
v 0.21977263703437563 0.95155058151541672 0.0010142632221342392
v -0.50721574635141597 0.99911316518308557 0.017968012667365127
v -0.035936103519374971 0.99146018516792656 0.39659701993237656
v -0.47773834602879134 0.87759872559865248 0.45595184591266574
v -0.44427348770024078 0.8900875078277416 0.43890142846301405
v -0.25414312677721718 0.98787046704571502 0.26504603461134385
v -0.31104443149536498 0.99719461695023048 0.28293625304826031
v -0.12059269880939578 0.92744964483238568 0.45285900656908812
v -0.53133292958898826 0.90549257835288677 0.47507092572196064
v -0.45276498374448781 1.0206698078825371 0.042898162829890077
v -0.24468276593956254 0.96328684065311398 0.023467546868285224
v 0.030836667605644144 0.025070056564470453 0.171067280816634
v -0.41332619197314474 0.030652043336943685 0.11655168135438179
v 0.14786646924947358 0.054869482799652522 -0.1623563671351462
v -0.22784474324645812 0.12043089490118551 -0.22932983668259346
v -0.0052168653315593193 0.068550474666864925 0.28324322636745991
v -0.225794779794423 0.16501594732964966 -0.21814180242649456
v -0.11174420320350567 0.13146760899569829 0.59725899759706502
v 0.11275125006233903 0.047165624914433872 0.35837041978033607
v -0.6831261016816863 0.14206170581164296 0.065903448514599172
v -0.21294180699627233 0.073353904183639601 0.40505003118487587
v -0.24965984204343095 0.11193284631590657 0.63618465041858663
v -0.52385463034304014 0.17825075190118772 0.50070768317168801
v -0.081498915133464328 0.17470946331885259 0.58860331838707114
v -0.21229346535526958 0.09581138444849592 0.64190068152575641
v -0.60117600011074268 0.090701040275078568 0.56704169867590526
v -0.32642219189292415 0.041173842459979286 -0.14088799445228728
v 0.014167351253232905 0.04877303817479766 0.10163697617149832
v -0.2150424496536372 0.95921421522267036 0.0058774418351826944
v -0.30525261325717162 0.94421477984148439 0.37593427268918311
v 0.10351225690173343 0.86170667108665655 -0.12723898838590461
v -0.43078018404370377 0.98709055562360903 0.34093957830742072
v -0.70776392800849242 0.96778085759947918 0.010652798865149663
v 0.22766147131201689 0.99907421679440367 0.11825193068624565
v 0.16706688090495744 0.99649009202113759 0.37245742206154669
v -0.44918605199872441 0.93029888364834501 -0.059167495770941179
v -0.41448505666195368 0.88603233949020233 0.44362340678908524
v -0.66295625796570701 0.89868139640479727 0.63917652491497767
v -0.29278130946509973 0.92210519213278153 0.39983117959404552
v -0.61157938149395319 0.91155179994743341 0.54899682162445651
v -0.67827959701276219 0.92741442178900724 0.66017978098121333
v -0.49690025811535865 0.033631375696780749 0.34958793468788607
v 0.035094579882584208 0.035934790265884919 0.27578309249090704
v -0.72873552468666947 0.048657439678286563 0.19078667381227579
v -0.66540927015947182 0.16553913494177783 0.10183501028728195
v -0.17181947056247013 0.14823395266318456 -0.21961660640919184
v 0.12512535932071583 0.13523222333000107 0.54517671346694674
v -0.39955984770899555 0.050467516809703621 -0.068048600442674634
v 0.17307651043912145 0.11531905141609015 0.52705307369954824
v -0.61989546581469834 0.16016671449110592 0.49863938429675958
v -0.31635460771454066 0.084621637564740004 -0.082335272298930756
v -0.24904129453859244 0.97621028166464607 0.061285097931533694
v -0.73816704977844971 0.93048452166197615 0.66246254031063645
v -0.25289971652004012 0.99185302551112164 0.13347448556628544
v 0.022672061633319075 0.97414443351860791 -0.016900586452366077
v -0.5921394452010843 0.90801416192460782 -0.042650730686469351
v -0.46987518990070037 0.93262783859952447 0.41905298931540919
v -0.21945174336775475 0.93831513988281534 -0.029389207345473619
v -0.21185405332446752 1.003484440951002 0.21554748611917651
v -0.38432441185721977 0.91488745269522542 -0.057451490442077743
v 0.069968342471392844 0.89961031971147731 -0.10952859777514781
v 0.043164178185217505 0.92164449574922547 0.47532296837135796
v -0.25783011492106589 0.96297560909505053 0.020893510554586419
v -0.74272465937025534 0.90609295194146744 0.65436471977228905
v -0.42702034405833222 0.99225361986784355 0.32797689219269599
v -0.0094958148044476699 1.0239809828402291 0.34706685479504262
v 0.11709195258411678 0.88996514561088536 -0.10299222382698685
v -0.00044723114322170639 1.0033060026245639 0.38793834168260027
v -0.33270612702393598 0.93410310572574073 -0.027258436833749112
v -0.50271402666902643 0.91192202856008397 -0.063442732447881275
v -0.47308004837692236 1.0016186790884745 0.010970576752573602
v 0.45783535219413568 0.22411687515198628 -0.024071618299670198
v 0.30809213967509835 0.8566316831229398 -0.035001989043733667
v 0.18256276513798217 0.068328575727120144 0.52304502949772513
v -0.0285759008034637 0.032636092164514546 -0.12049892861253886
v -0.61585835940461542 0.13393616225194668 0.35094082888328987
v -0.027927860474742171 0.03630668843945542 -0.17441338808022566
v -0.50931689487246035 0.033386975546765188 0.085691641163529619
v -0.076606123189830677 0.026662024496460664 0.52922505098121297
v -0.29648874797003233 0.044545865542358232 0.21143050382218598
v -0.57519742297498033 0.15901258356395465 0.35315754241920305
v -0.21841296912975883 0.071425785130664984 0.48094135486687239
v -0.18733768987741004 0.076392259358020631 0.46222611299565669
v -0.064111919187522792 0.060623205835809518 -0.10163548958016688
v -0.24592392283412692 0.073580249733719585 0.14228108685907598
v 0.01962603792105613 0.075010446135937034 0.043654077498515291
v -0.64718507800708991 0.14547621493359453 0.42140832993162025
v -0.28221277578603543 0.053858433303435239 0.25938467585057151
v -0.31386133530254257 0.062643935012109117 0.40089098836468418
v -0.66557537976353853 0.061378966637974201 0.50411923965102234
v -0.66563812085172758 0.14737149250468812 0.19834517579895589
v -0.61383116549184169 0.18304106364553782 0.15433035748589125
v 0.12852928628108864 0.029885004051776402 -0.13035236495817049
v -0.030746165604460456 0.11088743500698627 0.57368062678184228
v -0.67935718532128564 0.16615565902528878 0.13293768523459931
v -0.65751458307090427 0.93205077647192713 0.65107720307884043
v -0.18370875679930748 0.89161760902049836 -0.087047297955169065
v -0.72828734997161937 0.85574292793920503 0.61129324886184977
v -0.45694382436624364 0.91803317054423272 0.41361645160076094
v -0.72780745233190403 0.91868482757328718 0.020834188382684301
v 0.18046436510261887 0.96542480241081452 0.40703695774189691
v -0.70280085181014196 0.950883031770272 0.66769611976923071
v -0.27212599022109701 0.98829584527281722 0.1098725519354108
v 0.0065257486750585495 1.0052837483753132 0.018371651372408544
v -0.12851004233108662 0.96953792874032729 0.39457947044249081
v 0.019081263814501311 0.94995467897433061 0.45342708058529591
v -0.42003709108103265 0.9973890459028536 0.0039690580154268006
v 0.19282816585223614 0.95542218534583778 -0.012318472067246934
v -0.66278371387426582 0.9526304803919059 0.65436310018305877
v -0.30583071426718639 0.91953894209699527 -0.046163933215947403
v -0.12507647141276107 0.88801420173942724 0.47528186233294428
v -0.069989006824124803 0.99477842446596598 0.3812061298721352
v -0.59514535083128184 0.14350429031715253 0.54451485790956988
v -0.57727154313448215 0.031902433893329696 0.22858376639574546
v -0.26285109971400011 0.11686380247962289 0.62473090025797651
v -0.65909617114297747 0.052359897492557268 0.27356773709693749
v -0.50248782865709529 0.13710368918050042 0.54693769032781414
v -0.48919439810085957 0.035725697855238235 0.51188987271344111
v 0.087772385437527287 0.060315542677735673 0.35024430223165881
v -0.58653119046784352 0.037424452815967013 0.53231882729335167
v 0.071758394146012525 0.045243941161115513 0.017748874747772498
v 0.19097037895765276 0.098828226573894576 0.52568632582394026
v -0.01688151307644942 0.070379740296822355 -0.089021364307513007
v -0.31712905060618918 0.033493338800195997 0.20390942023363054
v -0.21531062025477715 0.039755408662544171 -0.20089943029199361
v -0.012853004881343836 0.026085379834935165 0.54599209091105072
v -0.45320970031975299 0.035949251241704568 0.40158640642392207
v -0.33649515024965121 0.038155486662877151 0.38900698203892914
v 0.027555065252125088 0.023601044927266276 0.525429469220973
v -0.18419306570557117 0.046903067996793418 -0.12744779103941731
v -0.31048998051823851 0.89669349292854306 0.42625902165101442
v -0.61730005777176467 0.87000668793000868 0.49929403177966653
v -0.0041775511761361368 0.92399853008775468 0.47236292191179508
v -0.38358613099775624 0.97051842661182786 -0.019821622996367094
v -0.31998498396130809 1.0087467549063975 0.24760120076296477
v -0.36605240187563304 0.87826590785173175 0.44658209149469102
v 0.10810626134114504 0.89512257591002375 0.47700853680580513
v 0.20233607211615395 0.99837459595725209 0.33652731488734761
v -0.28706748674782062 0.93037500650998162 0.38709674913965597
v -0.25029070926191582 0.95508355760151831 0.0062263394406117814
v -0.61071403214013298 0.95300151653113796 0.5760284484105419
v -0.26649851540985225 0.99073067207361254 0.25590313121271563
v -0.43760306163375784 1.0172249321467759 0.040714766552009847
v 0.17035070146723447 0.94193717225951068 0.43123865456677823
v 0.11654588418068458 0.96376077723962172 -0.03205247539651198
v -0.28360966428477813 0.95314245581112278 0.35072306887937404
v -0.5137080565318487 1.0077810657246162 0.030277420042511983
v -0.63627346904523396 0.91795953041204648 0.61974172775227143
v 0.15630240970947196 0.95534677292839576 -0.035079178135495548
v -0.27856641488163514 0.90487111385840613 -0.062183571816663043
v -0.59244288839777115 0.88589220550648473 0.49354975685124319
v -0.11101472243071149 1.0014905386369461 0.052572992207134281
v 0.17128164518790093 0.91494411437158063 0.44699997162574767
v -0.12715454074666188 0.83335141946760394 -0.12768776330539114
v -0.47385681282235065 0.12276113532454523 -0.079637462528223776
v -0.66819038077511306 0.15832398076103993 0.08622400906234913
v -0.63351232058676932 0.14480757772068606 0.028390493731635508
v -0.23543928573134829 0.075170540393425508 -0.11582417643117647
v 0.089715837975632137 0.13783018717923934 0.56946285136365382
v -0.59061171021077807 0.17254990009416465 0.20178696031830856
v -0.086910886548904956 0.16596244657425266 0.57720323563918385
v -0.69777229627946602 0.037052781273521067 0.063878775369935636
v -0.60061783767113619 0.1326074715631215 0.002742293508466468
v -0.37783586060105478 0.035891834194808958 0.11878086278570714
v -0.10385713210660401 0.032344494397190691 -0.13620249894621603
v -0.62237162667295975 0.037570718038492532 0.3169698336008584
v -0.32232500980764078 0.074439777887400999 0.080138970421082992
v 0.0081212686676314875 0.035491837785168054 0.1535994412741378
v -0.11153847491060007 0.15872036787759955 -0.23626940047778378
v -0.31726401404063637 0.18941594846343476 0.50907181058367157
v -0.42630914609550286 0.13169313019838097 -0.16832416650883997
v -0.42114572582187093 0.85255625377989441 0.4704236854997324
v -0.40742336379803296 0.95796887198398661 0.36934811057958816
v -0.10128172046771634 0.96291098479793735 -0.0099001898414182096
v -0.024342020158794168 0.97901052455513882 0.41529729292783302
v -0.67236448273460181 0.95842828453938278 0.66082675928861379
v -0.79143153220684925 0.99924029877272824 0.036765209776137467
v 0.15438133749315838 0.88325785926992051 -0.098427014712052577
v -0.20893495340730192 0.97061570237416883 0.3268556139050065
v 0.13420738778598992 0.94092681218318941 0.44611369715472887
v 0.15062007389675067 0.94098125567311985 -0.056872976782496497
v -0.58365044550000322 0.94649156152086367 -0.010843466160967501
v -0.014105593621436553 0.89529048036873871 0.49128371742305393
v -0.0074406001561170458 0.99207718704816084 0.40296284768297908
v -0.30507867927181942 1.0065686510867686 0.22310259681432151
v -0.29666865322130698 0.9961507984146728 0.11889994427322856
v -0.24932954989032222 0.89616043831961179 0.42604632585019636
v -0.51297835604500153 0.91318381574064733 0.45906620439582341
v -0.020647760869680572 0.89560147673485246 -0.092238581354534874
v 0.24737692062280892 0.98363190435668102 0.096311217287303463
v -0.13096570341906055 0.9948446759602354 0.053671289743427643
v -0.63213833022617383 0.86356280103682603 0.50847413564209265
v -0.17635644537759354 0.37681390179656526 -0.32374097830859155
v 0.096990247253360626 1.0459448116488086 0.27417768913524987
v -0.64556001212443836 0.13742681681644217 0.027370538018166881
v 0.2375133440397495 0.036319468629137604 0.18911890536309026
v -0.0091504481294463272 0.072077238466274507 0.37952769558664379
v -0.1765033946411135 0.078581739449915838 0.022898376398754947
v -0.04409432988504372 0.032113445834000359 0.56806883712515255
v -0.64355698012432183 0.062356608234778052 0.32445665480646302
v -0.63727075980029946 0.1500814714739766 0.040156976605603752
v -0.66402641838990384 0.11593793064526632 0.40044811678225939
v -0.23865789364316176 0.031933393099517544 0.61118043971549429
v -0.055343223799133853 0.13631863917463694 -0.21175409992717123
v -0.59393822155952714 0.1432831826406904 0.0081819611626286082
v -0.58845603151124537 0.17854307459895491 0.48618867564931884
v -0.11646938398775335 0.069893603839604468 0.30866307571573787
v -0.63185347758320731 0.11049162961011609 0.26019379232940326
v -0.30755493438927706 0.15530846491993922 0.55975474950306869
v 0.22140941311069068 0.12396772113494096 -0.14383806637838495
v -0.54645439909474203 0.13125494567442605 -0.020953355435038241
v -0.65466591406595143 0.059159975417924809 0.34477422904995464
v 0.20173425757406341 0.17033322109759003 -0.17637376997688509
v 0.12041162921603869 0.13914572555170229 -0.20343915836297399
v -0.69253333683395679 0.11199360833084197 0.20762778443507859
v -0.46175421141724016 0.034521532178957363 -0.01359707398938307
v -0.044703073187912057 0.081316120948881854 -0.052321837175834184
v 0.12330131565575186 0.029813380966120993 0.096253759732731425
v -0.67355812872862297 0.13048717199262919 0.03485343615151261
v -0.42063030225658177 0.13174824036412008 -0.17448828741060396
v -0.46234908095154342 0.92688011982087493 -0.061006767067261852
v 0.14183516501806234 0.95602241749496264 -0.040631273388000308
v -0.23281843771919949 0.99787343338471479 0.22057439324223224
v -0.60107152501226035 0.94809392081318988 0.55356152947082904
v -0.67448290046851311 0.899624147298689 0.64759096180033826
v -0.31957629099203749 0.96599910200214611 0.016852060458455647
v -0.7271495224312301 0.84892078568529072 0.59800858576580684
v -0.18137879724047706 0.9011967037363704 0.45344148856889988
v -0.41287300383149844 0.9746313759348002 0.34289648849773569
v -0.45505287496812014 0.92950261510523713 0.40164530469890569
v -0.31436954506018616 0.90647222277607642 0.4206353161956804
v -0.61936977683086247 0.93580950201041524 0.59499926912275169
v -0.020825703525066176 0.98446822317944627 -0.015821779929996761
v -0.18619490414570786 1.0086941756053951 0.16732166250794084
v -0.12104307798884162 0.87683418822112891 -0.099526038949925455
v -0.58153335813994811 0.85846803470789668 0.47978206400651363
v -0.86828623200059263 0.84015605454562736 0.17540256341228022
v -0.069474504855170913 0.07133574319467266 0.36137866683097669
v 0.14688960437544671 0.026576190973887869 -0.010198490288257516
v 0.17655394957368506 0.028847152242516626 0.50236988613384537
v -0.22692188420074846 0.073118983474046273 0.40379198965042057
v 0.16965044024305653 0.050837853110769687 0.52409362808060445
v -0.32715525332609796 0.059417224516542272 0.59863853068279016
v -0.3415575347946242 0.038111893706658607 0.41273458241604344
v -0.68758385786599818 0.040775365669199898 0.21252695126707058
v -0.49017783266986975 0.036525779390167074 0.44827962584001668
v 0.18820844311926341 0.022685162578958473 0.42727669465283341
v 0.17615001835320346 0.10821856191521403 0.52795473728587805
v -0.01161922062996823 0.080669524540536261 -0.0073953345103063145
v 0.08594240091286301 0.022947554394545905 0.47262412642426238
v -0.412937524451439 0.035185605711534645 0.35464726309396793
v -0.044334831982664649 0.041805700363881752 -0.18699272170622952
v -0.58581479428609129 0.18073501748284351 0.03989944741995409
v -0.13275215497829271 0.053139897319786897 -0.11617989716046168
v -0.37658739134785751 0.043541376898671623 0.1999302571186152
v -0.71514271555223119 0.1373635474041493 0.10293574901749682
v -0.43654981516701097 0.15149264660709319 -0.13901085271629782
v -0.304143239243506 0.06058637030745951 0.42998761424890769
v -0.24810744982486749 0.11905918137107764 0.63217415751880979
v -0.46356529303676558 0.036280143111183646 0.42594620627603963
v -0.51474344314867715 0.14314738133390523 -0.026498206783751789
v 0.13882817965659999 0.022504095792486311 0.43975324491715506
v -0.17271263512069573 0.11329052164135402 -0.21853201476646364
v -0.46478854296836597 0.90544008256461028 -0.071415281328012781
v -0.5110203682967982 0.95276223526553638 0.47783046770525761
v -0.41916385802275047 0.96434270528422772 0.3579007752450451
v -0.41314407121540375 0.98907348762604552 0.32025665114060103
v 0.088755562812202468 0.91332257640855341 -0.091722162035484486
v -0.31680882755598883 1.0002253854188043 0.095534167138237105
v -0.59470109240066815 0.92119103454426055 0.53008101558985565
v -0.25929542557237878 0.99294470640564592 0.1469735156724282
v -0.078262188412969641 0.98612042685031243 0.39386127642730939
v -0.052812722609765411 0.87071494168506036 -0.11282616593271112
v -0.20860918109709939 0.8994591227701052 -0.068921281066903858
v -0.63663663543118743 0.88880221350865618 0.58783839992875342
v 0.17297897325966186 0.98717904734028417 0.027310074911927568
v -0.32810367175865346 0.9577259398761705 0.00067445159477496188
v -0.59562188716724418 0.87453028428195312 0.48587142945610334
v -0.6714420080315795 0.93989517268533507 0.65951014094041316
v -0.31035558341464015 1.007781563517645 0.17702942745085976
v -0.047490336024694935 0.94880308637482369 -0.047995415084351824
v -0.51929245946176794 0.93902712588677284 -0.04281325788593475
v -0.079295362270619993 0.85873247306358236 -0.12513642263902527
v -0.58924188964273072 0.85236768808781216 0.48260416493154995
v -0.6259231175534451 0.85783684005020622 0.49677729314747143
v -0.37361752412945431 0.049044350896261357 -0.10475570171199373
v 0.08532044433157461 0.043118972420690772 -0.1771398536436897
v 0.23013108287057107 0.13708529198319166 -0.13104723303028035
v -0.47766460545773121 0.095843532243027232 -0.13637355549873861
v -0.36633994783096557 0.094355235892434511 -0.23969167968095276
v -0.00050553379181404354 0.030734681278746227 -0.11995293207758956
v -0.65924737499716235 0.10140016198165114 0.49465782039630707
v 0.094419554968374134 0.097210867331056439 0.54056865016782363
v 0.11906744362013448 0.12527443958113557 -0.19977592762953625
v -0.28111440853012615 0.053331738774187953 0.23060542032295003
v -0.62976850873692569 0.098078861459122424 0.32593407930390866
v -0.70928266874168955 0.037077112008544709 0.081689211986035848
v 0.11691073980591862 0.023435449272378495 0.061404673529450185
v 0.13726390193456806 0.031480428340973386 0.40031513249510758
v 0.038459549663444371 0.035808109726555279 0.076944788708686998
v 0.10467609783992658 0.024106161594517589 0.078593211195871482
v -0.66922841424287716 0.14233078238282115 0.04884972179273523
v -0.52680959268023975 0.193866011846174 0.46070180710926434
v 0.010090526352666232 0.07124718182249698 0.071113357646626268
v -0.030313722709199166 0.16632302350298042 0.58883691095823765
v 0.0075444965186726495 0.034004262992846326 0.17424928128284414
v -0.40005636853478582 0.048392377201437839 0.19169874701220416
v 0.21954655906834525 0.024621886038629748 0.31139882189137613
v 0.032260876069603206 0.07983522950074845 0.00074297051572131388
v -0.42068254141263794 0.98729073351141083 0.32742430838753678
v -0.64768656443400829 0.95982662427977705 0.0076383273562385329
v -0.66010036212374068 0.87556222525073713 -0.030430264290584597
v -0.27730336951141427 0.99007184831038852 0.26891537770556057
v 0.1929793256237555 0.9776986705415821 0.027283751052795374
v -0.3067065125587109 1.0027811373392106 0.13340729641132273
v -0.3953820419847901 1.0067215100984328 0.029998908601072852
v -0.10356557630567474 0.99415029436488245 0.36703977307788199
v -0.73988380421838607 0.86638853715217834 0.62417415686085942
v -0.2847205011541144 0.98104222424016507 0.3005288537276799
v -0.04190429386862865 0.97947080416403165 0.41230091262148338
v -0.36570474305621781 0.94757258607207762 -0.030433856496948339
v 0.22686277645717531 0.93230891305618524 0.41147669322159863
v -0.23459943460696836 0.90058653891739071 -0.067370727168752906
v -0.59472352928616423 0.99858021792229468 0.54472848841421662
v -0.28968292739351142 0.99986205089922187 0.2254771870955026
v -0.47000252708871953 0.91503545495347782 -0.066555662848595612
v -0.24671957251484353 0.9830871189679099 0.086241093333714949
v -0.18046780341404262 1.0072571773148107 0.25466668223712557
v -0.10045468956280422 0.87946889917338034 -0.099680421730350938
v -0.60905875600962722 0.85804978518259889 0.48744179131773535
v -0.64558684797007404 0.85564464687572761 0.51460038868754565
v -0.062079980220852905 0.21974726910965514 -0.27041942461858953
v 0.13292889590010029 0.081271015891302256 -0.17766369454340428
v -0.71299657284057871 0.1282306284025086 0.085625796572788862
v -0.65155464211103775 0.12738088092723335 0.48564761903969195
v -0.3932304868944908 0.16018368214098508 0.50645398888120929
v -0.47012116256452402 0.035829041762363852 -0.083387121485240398
v -0.26679469834681219 0.083193677624013571 -0.10162986884565244
v -0.57966808303103878 0.12789134110135808 0.27690669214828151
v -0.61198326847788254 0.13882817574370385 0.53764723805936832
v -0.089273467416866523 0.11682419567495624 0.59320505503621901
v -0.48689818534551216 0.16198777339120443 0.5153754991629661
v -0.28147709779829505 0.033563247639085192 -0.20299679110970872
v -0.28736998762803095 0.060820356426431091 0.17138884468845506
v 0.033387662141222574 0.14776925357698728 -0.215482925191082
v -0.30985003060585098 0.15066583395163033 0.56651779232474153
v -0.41539246925368228 0.062117559851726817 -0.22966121099655076
v 0.40849093485317439 0.1208539562058492 0.36723733358867844
v -0.25717690278225763 0.072758694636367527 0.45779777260488314
v -0.73543488925293365 0.057479760503848558 0.19555107116138837
v -0.11699030707597241 0.069522187632964652 0.26058697522774699
v -0.31026373358564346 0.061316408769170723 -0.12436172837914053
v -0.28040004675399965 0.10904492457557667 0.62005262381042248
v -0.66562061194127731 0.10730755821913154 0.42105032564063577
v -0.18858481535034441 0.9064862465160336 -0.063283105492402014
v -0.26810016250358787 0.99213556231212674 0.13900305298383725
v -0.11649321811196714 0.99569727068315339 0.3556095204156926
v -0.11806891976906159 0.98348904987622088 0.023706684176044397
v -0.40048581930791333 0.93761829918570339 -0.047473693712822458
v -0.017636436530226937 0.99398134133702987 -0.0032976557549488045
v -0.5156591328668656 0.9890333094915672 0.0084926883859051897
v 0.19140529913480825 0.93298672810391259 -0.043363086771692448
v -0.27227987544256316 0.99370428131106003 0.15494395279838041
v -0.261977557422928 0.93802788703865114 0.37297506828920446
v -0.41832264276464926 0.95207171903812793 -0.041888894118749839
v -0.28908141464565407 0.96870866044551029 0.32461233947766183
v -0.4429679249240529 0.91221887072904384 -0.068851796449578576
v -0.49620791406859338 0.9680255834392415 0.46083233223663222
v -0.47215221077097747 0.97563234949369126 -0.021100965651473649
v -0.09728242310211338 0.89818244131755132 -0.087709310983672961
v -0.54000454030601541 1.1860615489146396 0.089633050173768922
v 0.13126686867108039 0.027165638523683543 -0.067691784127015542
v -0.3225307321467914 0.034451517889179918 0.48989131239037631
v 0.24483563694172983 0.045317389165900314 0.43652911286300405
v -0.055795329188253855 0.042108258009482404 -0.11223315936918635
v 0.17938866349399404 0.13415251389379512 0.52032506997788885
v -0.46479694986986547 0.048863764904578992 0.17988696409464144
v -0.4038000201670553 0.19000187861211326 0.49747716868067909
v -0.31332979085587115 0.084414764846643384 -0.065338129860026947
v -0.10688096156369435 0.10229487698589482 -0.20721940887129273
v -0.52102094963713352 0.1822462848397457 0.25492566791485771
v -0.27955915690949601 0.035291123550265528 -0.20935438654544802
v -0.2476888956646745 0.081980100803061548 -0.05583725090237477
v 0.10440337597023042 0.066249693186024985 0.37537545143046946
v -0.098765862905876953 0.042937412789837592 -0.11776609873189457
v -0.57637727972976194 0.037079788507578211 0.48208258854469405
v 0.21843806479017913 0.035819904073587192 0.18179912252524941
v -0.25138087799977121 0.069115482076817253 0.23537243972390448
v -0.059060462881440082 0.088606548360891241 0.5838307504642174
v -0.63081792034741169 0.078111552234645248 0.30073302667003027
v -0.70359927030805591 0.14985480017296804 0.1555792406457846
v 0.12695280063598091 0.87580980904109451 -0.10818777735225624
v -0.38226663041253595 1.013336227014926 0.058177976187788971
v -0.30468895641446098 0.9807867583075488 0.054816262376069444
v -0.076681759517239614 0.93317282573292903 -0.061525100148687971
v -0.22422487455972048 0.96884916146431388 0.32323527040693528
v -0.51216017209116083 0.88435959235845729 0.45670048169723898
v -0.73402057650766162 0.89273520718535304 0.64899515090579152
v -0.12749856394497139 0.94908800103127089 0.42255763941441604
v -0.48075317373005066 0.94565577104914578 0.44106489738369598
v 0.12506917587375413 0.90783975210408252 0.46590356847910147
v -0.20855052678569361 0.95353666411744298 -0.0068093664186575312
v -0.45559695440977693 0.94061517833051278 0.39395302377939856
v -0.1936277537437387 1.0045822307266472 0.14050832468801269
v -0.32448436831881633 1.0105946833288131 0.13263836236651616
v -0.29199013303653398 0.94830737297776002 0.36143790375125462
v -0.84957605752345255 1.0066569377625889 0.068497167529879194
v -0.63834484961763427 0.9018829724377676 -0.021752935264681771
v 0.19021370518099545 0.92620107119565065 0.43507173260235055
v -0.0070441858162094365 0.93315923716486704 0.46536907650299525
v -0.16698809986706889 1.000258545780311 0.094447248547329762
v -0.12388705358997554 0.87833860122113505 0.48368353500757666
v -0.3389460149212456 1.0033227290549678 0.072363056448819282
v 0.13417427573306445 1.0071088868966998 0.36788757679380696
v -0.54565219743647875 0.18310453343645966 0.44646212948007147
v 0.45184920322816491 0.29533582556454208 0.37973130212320216
v -0.322751425628509 0.03328069879689826 0.49597749749482489
v -0.27725167346372709 0.075553225877821303 0.11289333490100985
v 0.010732692121044702 0.03727347734132605 -0.1789176335502993
v -0.50572141126016601 0.036730429553063007 -0.055576652733804938
v -0.48425444099669684 0.086651321602391446 -0.11669640787653818
v -0.0066946355948767529 0.029469734799810108 -0.13245074161445036
v 0.19864749504216614 0.063127795347435706 0.51677914133925373
v -0.22797681328573835 0.039619942131736786 -0.13969062453343684
v -0.30969734842483621 0.037324110898725699 0.29262176704325144
v -0.10253211256832495 0.076622237569844043 0.06363898276767424
v -0.37246718060493594 0.063517932528783239 0.54379560412803152
v -0.63258219246565039 0.16094105510474976 0.44308763932450024
v 0.15441985959538698 0.11120489040065734 -0.18691894760635488
v -0.45919720131820307 0.036462576736580932 0.41599276986602557
v -0.22230434003850183 0.069377400254217764 0.31301380374996313
v 0.18579324655195739 0.026416031322935681 0.080879982051560453
v 0.091266007648098127 0.027699180970801224 0.45529306032567723
v -0.51173082499292655 0.0334164899605284 0.069440143739944754
v 0.11106453012244692 0.040552506610710665 0.34970574194924497
v -0.40868733899507453 0.043597557800965366 0.31281849475083684
v 0.18416766683820768 0.072836939614845705 -0.14191565546470436
v -0.6661066026991489 0.039890322237585714 0.23505078932226287
v -0.3118188475146374 0.054636598826079165 0.37154031048551883
v 0.18393457917300438 0.035911745211131128 -0.068701967847512604
v -0.30848899630761206 0.98931416289010077 0.074934764237775564
v -0.087958076547362818 0.92508377482561754 -0.069360590946151518
v -0.23483752865964461 0.97275954713593327 0.044911227874542228
v 0.12272049276721583 0.89565666460347748 -0.098149032254911117
v -0.32280036713617727 0.9163471800030959 0.41476782694534309
v -0.39829811717671476 0.9107639767602197 -0.061586987178751149
v 0.14768427322380334 0.98809566475322796 0.39179950633274485
v 0.30152644058942252 0.93674076809919848 0.34364556005500185
v -0.24759248568117093 0.88645016617378203 -0.077114117305237415
v -0.15492080932706137 0.91790754703716382 -0.062433566806525606
v 0.21586203586191949 0.91283625899097964 -0.047537096857963784
v -0.036560292793804697 1.0122327206704458 0.36568452555617376
v -0.5030569105968945 1.0074767926175441 0.027051941587025612
v -0.23257684935741846 0.99486147589613727 0.13394431183342878
v -0.42795317941542999 0.96855524529436865 0.35388107954047965
v -0.067707152204497995 0.97342492044081574 -0.018900324703297333
v -0.44818359279885667 0.94500476232951314 -0.049327004317718116
v -0.034706207245370678 0.95611423032049425 -0.041119286590668824
v -0.12813258759780413 1.0086274695277504 0.3143044574810655
v 0.0041413863902411115 0.98747984243361808 0.40954232675427493
v -0.52584585787540228 0.90173692975799979 0.46568750656335145
v -0.2402748920551491 0.96191042386309933 0.33027412224245256
v -0.30896082262713426 0.95827352668249732 0.010389125934558584
v 0.085227998880679418 0.98716159381704538 -0.0077833020427765251
v -0.058067302299242396 0.94649838894266491 0.45022993637576686
v -0.19056687909751432 0.91610876295067001 -0.052208711368035475
v -0.52140126329868297 0.21579184698492454 0.43778063301678105
v 0.4581217881129101 0.21978343404512826 0.39339338387904293
v -0.38481522127736939 0.059649727545881499 0.53101395834259812
v -0.63480019240862395 0.038144727378549965 0.0024111429254783869
v 0.15966272268671722 0.05677807840374581 0.52676071976369698
v -0.112102102453977 0.081237180607569362 -0.20533997444242499
v 0.14163335344436684 0.0210902852790192 0.48498959830809352
v 0.21615471864498986 0.094920742960483862 -0.11448487448136695
v 0.017685056079008447 0.043385684665407973 0.26387669058408092
v -0.61519260228944617 0.034272746654075426 0.17049281053401188
v 0.18344304058909494 0.059933774341397662 -0.12879206895745643
v -0.27287420700051773 0.060959775188770007 0.25834328465950407
v -0.13561020191539039 0.15000425164610248 0.59676717393163037
v -0.46818260047514154 0.12113679780385267 -0.098393958329007006
v 0.022390680183156486 0.1492731286160448 -0.21899351202776288
v -0.4448931655290338 0.13996996410400422 -0.14492107056658041
v 0.072045363855833114 0.058241062367920399 0.0031569938065273378
v -0.39426220407033175 0.10072237739554292 -0.22909898890154259
v -0.32191031352517469 0.039568867638902862 0.35421645206135033
v -0.042972404135087149 0.071514638763366875 0.44942072444704556
v 0.042869533815368864 0.07216156539964716 -0.070397713331893069
v -0.2794371637020292 0.064454920816261613 0.45534544616111272
v -0.52361714673406268 0.99390360538968403 0.017693323301320663
v -0.061781883242653754 0.95272669736107729 -0.041452590039923534
v -0.72969051054828504 0.94001499946661626 0.016993432279563715
v -0.67470471054117465 0.91937670655528714 0.0053742724357869129
v -0.7070495364555357 0.99831493400223026 0.011810026377861375
v -0.748577886831015 0.9734355387007344 0.021497630281607606
v -0.65347962518417602 0.91083020438237017 0.63921170987453702
v -0.11767323492399907 1.0034524880554179 0.33738769248446199
v -0.54309651146662419 0.96415168103280291 0.51460003696355006
v -0.70978192416924824 0.91968165650301326 0.66427416963056207
v -0.60081837720414288 0.99425563284413854 0.5533546444595242
v -0.64473870841770242 0.87918313673207071 0.58753738554646129
v -0.44370805581545597 0.93950183426826583 0.38786414364056265
v -0.068857699129292738 1.0165080824629102 0.064851544104051542
v -0.024762852734898678 0.97405829861228976 -0.027077726358341467
v -0.47702847307848073 0.98459760364328008 0.43150004180495011
v -0.31868005306126229 0.9862986869572592 0.31398668529189799
v -0.23705355586836005 0.92528945821575848 -0.042671141579814713
v -0.5066688643474162 0.91462329930934905 0.45233906838006538
v -0.26104853601130967 0.96122305291601506 0.32305116973435605
v 0.30467073445216658 0.88670281957725305 -0.0029098024038555579
v -0.28883171318743922 0.98297942730876076 0.080764367008668916
v 0.23015041768572927 0.98549570061998204 0.32206262734789209
v -0.48686756549464039 0.86521301515330662 0.46471245358979574
v -0.63336757060785187 0.88868069745242229 0.57930915990086496
v -0.21704399599941368 0.90274355462476996 -0.065526562481316011
v -0.61912480258495606 0.94575649578924659 0.59687774753176881
v -0.59952282285016278 0.89181623754492445 0.5033364449807336
v -0.27916088090400898 0.9929539027455091 0.25515674952738066
v -0.50477298008545768 0.93909072680349881 -0.047275765852589212
v -0.60010270165488 0.93120396243054282 0.54335532916788587
v 0.30888340656941093 0.93951544942247955 0.32198017262237344
v 0.016098646813318809 0.89525828988848077 0.49408034079848812
v -0.075574598309401664 1.0021668874524476 0.36537006992953264
v -0.7356825506764747 0.41797124292598276 0.043326751920266131
v -0.39497164510799843 0.17855581572396989 0.49870013100628691
v -0.0053549060097783799 0.15720414270777744 -0.23155023760444701
v -0.25441697141194958 0.034145146140045206 0.61703736278128274
v -0.52643095690695985 0.1680621774060867 -0.0097189752846549189
v -0.26817014890019231 0.032152982043235426 -0.16408959420631722
v -0.20273172942073558 0.069729512804366109 0.48653690646956321
v -0.49211890459890328 0.03219480410493071 0.36841238520049074
v 0.096387176658965748 0.045890821034424774 -0.028066160289902241
v -0.37172594270423731 0.03180794181224314 0.40417257484199653
v -0.63100031125109279 0.14824795198272347 0.50064464625157168
v 0.19634023989280341 0.13971378722760441 0.51576319797045123
v 0.0095247410556775509 0.03892365258773705 0.56048338957798949
v -0.47411592833489474 0.15993778675466622 0.51507848778058318
v 0.32199084824537866 0.17192333543465466 -0.036096847266313715
v 0.23106566302101075 0.028256583498947854 0.37601017825159555
v -0.45519613580952989 0.035422814201085208 0.15095902038848355
v -0.37701060058138497 0.081393960709864627 -0.0074953666332647087
v -0.080499168860080655 0.10369578450149199 -0.20520303356522823
v -0.23152047861608302 0.072256188624373399 0.47606967055707933
v -0.194290242865646 0.067719095572248575 -0.11578708045905084
v 0.2052743061770477 0.023811470640046069 0.2831340461702162
v -0.056873798738872446 0.072231763507068281 0.16514506801893861
v -0.40254748011094466 0.033478702775172911 0.42753508698513587
v -0.3776956809283803 0.10282489548201937 0.5298202395177577
v -0.40289088345598595 0.041017011512637647 -0.22292325989305556
v -0.26731336332769534 0.070426742751345445 0.16924684206929796
v -0.46914354474000325 0.9613376174023287 0.41361858755613229
v 0.29237881681044459 0.96575788429413112 0.25813799699176149
v -0.18737333032415918 1.0093278318184715 0.19179401565863113
v -0.46625880906382877 0.94376531775871009 0.40696220492988089
v 0.076227014934142481 0.92622171886243188 -0.078280572822282235
v -0.31363000304713817 0.93233102424306724 0.39593792107427633
v -0.49260506559617062 0.95829711679360807 -0.034062937687029574
v -0.50921935965770448 0.92506665921248288 -0.055721362564261571
v -0.33962225823888303 0.98893054453584572 0.03231062669834063
v -0.084739974839324606 0.93938358942937117 -0.052658415511836289
v -0.7382386300070144 0.85558593927007442 0.60912573834311212
v 0.21299685373829161 0.92613163464057313 0.42312020396258399
v -0.68650552783398766 0.94578262278254077 0.0091558217765386248
v -0.39036521363610294 0.96053052498198033 0.37239879749859089
v -0.70315776700578825 0.91738677831750193 0.014378290194058457
v -0.6278920836986307 0.91001352579234607 0.59461293651402958
v 0.34425023478144229 0.89889517524075946 0.06531515942589966
v -0.63272949287949243 0.92539459319979989 0.61862038339658243
v 0.097531805192807644 0.96442880154841282 -0.033409843330494578
v -0.60632327076582482 0.93976831581925713 0.55973887065639516
v 0.10367122751205578 0.98801342448123852 -0.0049645606635425306
v -0.28307244148225436 0.95382764156738065 0.0026888922937536048
v -0.38700045577248826 1.0023353507570165 0.023649404468092161
v -0.055301676935382141 1.0168107411821516 0.056062530710414456
v -0.43724092193983921 0.96720553138319176 -0.029590418170581705
v -0.073857051372516455 0.93482656355324101 0.45921383146800959
v 0.25783647505199264 0.42343698235450578 -0.21720926915349092
v -0.33065378186797911 0.16960613845500849 0.47645726173466252
v -0.18510960224084527 0.060954968288302665 -0.11901751793390257
v 0.15731352370220641 0.028032176101097206 0.51112139820873759
v -0.29471783233785243 0.033312839657376796 0.55717213572403013
v -0.12408963232027082 0.032542010280709133 -0.17719250667036432
v -0.31086071953890371 0.13108070741019859 -0.23391609049793893
v -0.70066465737126127 0.14741030474219183 0.16916206568220099
v -0.42473008883086855 0.061633810451290648 -0.22308726956753222
v -0.60819785042728247 0.1740185157770445 0.45465923240097372
v 0.11729828361421056 0.11392025976249788 -0.19453156032250418
v -0.50973734942816695 0.042797270686428163 0.18134601783945292
v 0.0072189225196447864 0.077791589585007925 -0.074522623744138261
v -0.033875271752237222 0.038708955384252397 -0.18038661755293189
v -0.51415785837346684 0.031489254787473962 0.14082105387468344
v -0.31614136980309476 0.17526092579452163 -0.19868863125124395
v -0.27408370565197621 0.11265240402343528 0.62148419303269287
v -0.048379021570407618 0.14610553635072451 -0.22589560671842202
v -0.62139598306801125 0.051308278891543081 0.5502809223293893
v -0.64170557049948462 0.042671006219956488 0.32482580576226494
v -0.29897012778665527 0.080170619622356581 -0.010652074270651067
v -0.29755680499705039 0.046669187288132623 0.20026011565087998
v 0.19574185924176407 0.06418702107507307 -0.11199503115955776
v -0.67213180694090247 0.096241234673554124 0.41689422765062967
v 0.1070259797763341 0.062109000683796843 0.39865514446712597
v -0.10994653764640572 0.031799560849420469 -0.16633571530714186
v 0.078510762260706371 0.03566998119850729 0.020474017339623545
v 0.086284783104830634 0.056742788177555264 -0.056182082131830686
v -0.052931074538346432 0.076482863916551277 0.064798202176293535
v 0.30209214701881804 0.95557194463491479 0.28125716031823023
v -0.48339201526614711 0.93761981689915475 -0.052158940664891032
v -0.38995618951230099 0.88292335512615405 0.44738334373627497
v 0.099525038501483809 0.90375696358751623 -0.098189997240114305
v -0.66460091138985544 0.86748880979320531 0.59680416710697215
v 0.36217625312227808 0.90333933077445594 0.16427927529447819
v 0.067275851541074322 0.98036919278386425 -0.016882292829636016
v -0.40098858832707379 0.99439156547049901 0.31214930632365218
v -0.31533937469461887 0.98066324558037288 0.32220159966021694
v -0.18933135798363412 0.93745447225967349 -0.029379161395557685
v -0.27633734911203373 0.900301428354778 0.42153663630399762
v -0.67038145178567199 0.85460112234181784 0.56785494364082778
v -0.2947700671149574 0.97336866794915922 0.043491218803643199
v -0.070146796611427961 0.95751923136124439 0.43628118508276836
v -0.59350417338502681 0.96523086369411637 0.54746860388170182
v 0.098465732386782898 0.95774898751100701 0.43465765591225136
v -0.13870124060426275 0.94414352023143755 0.42246333586998508
v 0.018222385507784523 0.96797996570891398 0.42891491648622021
v -0.39533843637385319 0.92032228151113027 0.41534589003598876
v -0.32360111364580119 0.87031055204334706 -0.093796101614074756
v 0.087167648471672465 0.98644033341405402 0.40567355195389521
v -0.46190750118248486 0.88881255469762288 0.44129331878584593
v -0.43445683795824902 0.93703671428855029 0.3903146609323096
v 0.10025161256896159 0.94815640117395894 -0.060412974773185732
v 0.035137224172924947 0.90217328644985451 0.49020148349014425
v -0.33277578402758756 0.92416685087096251 0.41009783206599232
v -0.36753307340285996 0.91123883066743316 0.42159502374259977
v 0.11181685518109763 0.86250993776287666 -0.12399427740437358
v -0.29695110902171568 0.95428862943224546 0.0042319328282335094
v 0.15178353791865409 0.26624046336907764 0.61201588937295637
v -0.55327853540148475 1.157461125448118 0.44325204189837814
v -0.77773069408973428 0.42500958963703578 0.094153046053563685
v -0.47730420293369252 0.22392628088399319 -0.027029360240805409
v -0.3698044211743256 0.44425870960995623 -0.108442668388172
v -0.23679064621522081 0.70805080244625607 -0.22964951198918884
v -0.68722660257777235 0.073093918317731113 0.24582907576089788
v -0.34257967331008221 0.042660786941479241 0.56780341335679663
v 0.22076238735549539 0.063990180985462039 -0.019968974956752088
v -0.59874506415398321 0.1329882119750305 0.3323189028696823
v -0.72533490245470766 0.073592212419323733 0.053435792087246525
v 0.010395072077208554 0.077478529844157901 0.037313232474820997
v 0.10258963102582734 0.064946294399976012 0.53812669332924634
v -0.094328271572774583 0.074697515022382602 0.11011169805284179
v 0.22442534004416387 0.037302905897663753 0.21248521640175536
v -0.24419703050381297 0.082893604997543446 -0.09588785782463348
v -0.38474488671830243 0.094293751037552637 0.52304389064817514
v 0.2386416599730341 0.15851071815491105 -0.14739037115932455
v -0.41769830003742031 0.18517068643025636 -0.058463916126900065
v -0.079996586778629072 0.1917331095843168 0.60250377980799719
v -0.28724064462430582 0.099848704725531548 0.62039301174992778
v -0.63554255291024708 0.038598536233095462 0.40641822738595401
v -0.42609287400849849 0.082718540151395265 -0.21817086446073997
v 0.095076015989180529 0.026832257320836796 0.52685421973279656
v -0.65861161977451921 0.044477894103493253 0.49034434453974696
v -0.52969526350187857 0.034961769804194145 0.29981645777019678
v -0.45423394929094446 0.043372660850066955 0.28880737181787425
v -0.24470701600402434 0.076442412392362866 0.088507074587323736
v -0.48249554585817389 0.09003318388182853 0.55589612675295563
v -0.42290107396253485 0.17457877702371985 -0.095332809443699415
v 0.17598939223393489 0.041107332872617641 -0.11383604295830738
v -0.74342058960089841 0.94868129411880009 0.66368655894835116
v -0.38859798314734467 0.89551144973186514 0.43689012915380809
v -0.29635537328172012 0.96860156400165709 0.031395980726224702
v -0.17468985793939762 1.0099406713011978 0.14412691546929898
v -0.021858188278568731 0.95124541646586303 0.45150859980090752
v -0.089272585235051494 0.87367965877191756 -0.10412695389590025
v 0.074759463459816461 0.94077658665003416 0.44745345675829723
v -0.19996362661606723 0.97075506276369583 0.33194711024489854
v -0.12574263079204268 0.98566738036414026 0.03206553546618153
v -0.31581285894004646 0.96401171462387136 0.35575590107444854
v -0.60556909095847999 0.89296833001951559 0.51327153872743936
v -0.71973628567372405 0.85272881617879093 0.60625180501918696
v -0.27667332088429597 0.94014680857479604 0.36976697428672173
v 0.20629181830695495 0.98932362043014921 0.35336941962290802
v -0.26679382304570148 0.97313827567181299 0.30493536276497307
v -0.30273456376600399 0.87891790192360664 -0.089148619839371529
v -0.41495373581463052 0.92540474827707297 -0.058034407413081641
v -0.28741243858764698 0.93921269011581077 -0.015929146854748243
v -0.71067821174375889 0.95503152612277431 0.66924408088683962
v -0.62149468987256273 0.89785590620268751 0.55609150412310482
v -0.071133584274731598 0.95681817091226151 -0.034149912591415775
v -0.21632438079985361 0.94725178029347756 -0.015989797522061582
v -0.66695887299596923 0.96472255465227397 0.65711407976049718
v -0.28925240118947143 0.98828120919264939 0.10174856023994344
v -0.45977199695505316 0.9772866691480484 0.40359496974883319
v 0.076320883451221191 0.99617776493982535 0.39017003244800108
v 0.25431739002802095 0.8861917326257317 -0.052691869483933729
v -0.5032290436659862 0.96720842712220412 -0.02264380117249443
v 0.1570034302491761 0.96993350142318235 0.40940171255139873
v 0.16830337968606487 0.93062117384148324 0.43978679946818661
v -0.28928244207119602 0.98688109399818658 0.29050860727954159
v -0.39193642727430483 0.96009742596495828 -0.031018421224728233
v -0.32630415561716603 0.98293063484036647 0.037851770568189579
v -0.25995102097568579 0.91900771374019552 -0.048835143137274183
v -0.38787885087517715 0.97581680240709423 0.34730270444320371
v -0.66504961785642669 0.88594482959915688 -0.020355652594870308
v -0.21676889786241457 0.32422192250359316 0.5301158146405629
v -0.74442328592259166 0.36395569012896789 0.23661100103418473
v -0.11609164131305799 0.27942005628634758 0.61901433066735612
v -0.073717627666254448 0.39617295686138199 -0.30789140214967081
v -0.89913000358667605 1.1692260006266018 0.22224924060395923
v -0.57277611651007387 0.87248526266094206 -0.082267715644825032
v -0.30397277679570345 0.83872217688349671 -0.10761270886878076
v -0.2974008879219166 0.21040652151843442 -0.1762297775594566
v -0.86000853438317759 0.84878554173093612 0.35389633558182837
v -0.60282700477077211 0.3129067948606955 0.40068070863612287
v 0.36615929263699187 0.74727104533504229 -0.087959892605329298
v -0.58259437443058049 0.13836255740514011 0.32534461549310584
v -0.66669456556262963 0.092030577127401009 0.48788411299125306
v 0.20629922213482105 0.023345469695569214 0.078659015131732082
v 0.000744788227870762 0.043814740825664299 0.14766888535635062
v -0.21960477264815018 0.16077609384788227 0.61351748055411204
v 0.042084561589688207 0.16231518867458433 0.59475603302503932
v -0.53882702087111367 0.19141409352063152 0.35175512097935685
v -0.51926468993310759 0.035865278607241667 0.53225238639964034
v -0.63108915278640276 0.038623535981172595 0.27893026263032755
v -0.13994326458411752 0.07140312368896426 0.2108931901559383
v -0.31769086310568811 0.10441315907736458 0.60468874624546531
v 0.030842060871645673 0.028688250100791606 -0.14223364948059194
v -0.3196236492522892 0.029501706607816293 0.25906949936534129
v -0.62858468942700063 0.16298233412205795 0.056884067164665743
v -0.71511164689484807 0.075693936651129168 0.03185391911444703
v 0.10838682304354295 0.098403453444699529 -0.18638260733526577
v -0.59996337113733078 0.16257380156332557 0.38749251025118325
v -0.29538218185667114 0.052002606917251996 0.46899881856112141
v -0.092475819802244841 1.0163220384921894 0.32376541917694318
v -0.69743349606317362 0.86041502582225415 0.61415053693119215
v -0.24629385583423336 0.99631983266211444 0.1862603816650974
v -0.59320352513793351 0.93676823991571712 0.5379133415653069
v -0.2357009726191481 0.91947111450306251 -0.049655669904978592
v -0.6614137252940423 0.88267558267604418 0.61914563876561435
v -0.59800154788328785 0.97942779719902018 0.55280473480799497
v -0.34356637716549671 0.98196513179489431 0.33915138406191053
v -0.23096310964021044 0.95238645489351226 -0.0015215824416865453
v -0.02330576668143328 1.0000889282490879 0.0050163464533197711
v 0.12313143874949532 0.96370710870753995 0.42852499545656592
v -0.71105491125980846 0.89743382115174275 0.65144004598902205
v -0.019023052933960314 0.99718511796102494 0.39438867516480558
v -0.3734439900683163 0.95409276459793713 0.38576311065027774
v -0.11345154289972809 1.0090933902403094 0.075472184579935722
v 0.28337138901785736 0.89088029536208801 -0.021893764473483367
v -0.036644393914933973 0.92285499829790341 0.47284591498314255
v -0.71540523074188 0.9077678118021022 0.017610563711901631
v 0.20936204528826863 0.91064316758574193 0.43810895726798221
v 0.18093259056963137 0.87144699756992061 0.46220269540968478
v 0.25058736978170132 0.98439046407504971 0.29899620253175246
v 0.35667988817675189 0.89999993058424899 0.31629401235787424
v 0.1418552044557771 0.88017673711345734 -0.10030305828354588
v -0.16921769647813706 0.97265185609959903 0.019455014928129944
v -0.2663809947849729 0.87238026377302402 -0.086348386834398078
v -0.27586881705838806 0.89261964587383302 0.42943858393355966
v -0.28486655013889123 0.99458920306286636 0.13516364522837856
v -0.095040399284896881 1.0034981687274862 0.04488819849122614
v -0.2514220417721682 0.98268355907271865 0.28064623004020772
v 0.17019158669312018 0.91191383639816104 -0.075160744176579822
v -0.43288496717424446 0.95148504936640688 0.37271263828146123
v -0.38760945888337378 0.98422728547854554 -0.0050508695203078449
v -0.76213344025599483 0.93564307633518518 0.65181833208230433
v -0.33491563028122701 0.96916046428063118 0.0077917619702684311
v -0.59783219087292516 0.95176637518671503 -0.0023992215502399951
v 0.30315719241982936 0.18804811418203976 -0.12405173848007348
v -0.31817538843511278 0.60704993471377755 0.53510874790544871
v 0.32479437749606521 0.80529013309059028 -0.086852740269168546
v -0.3805104155625571 0.083888693891746746 0.53327139568657544
v -0.39380730432184741 0.083206672262463699 -0.23341347634002399
v -0.31252443477381658 0.079515352135155884 0.61259732890838225
v 0.16649330632094841 0.045415604774807071 -0.1350175548343405
v -0.095978384378151205 0.12789672571723024 0.59266546861736169
v -0.70640183486265795 0.10089756854067639 0.036647229106883054
v -0.58831585734326364 0.15840466574271939 0.36890812553375885
v -0.4076034837130631 0.039637460166081502 0.34170239609422481
v -0.6575583138276081 0.10862059621750644 0.010308043069449694
v -0.68542766656476828 0.1625689447990874 0.12267584038489319
v -0.16471022253570153 0.070027140037295446 0.32066252897342973
v -0.62679172711629094 0.18299608993354996 0.12890853265228372
v 0.23405532930090817 0.027341564086690615 0.072149552766421723
v 0.20039843081089254 0.11611243516863025 -0.1685893949023303
v -0.29211206293643877 0.032557981115334318 0.53248261393738128
v -0.067438471287781285 0.04660973623740744 0.49209942554617203
v -0.32490989289966377 0.05034550159464965 0.59632430057404007
v -0.48437209429808731 0.083229689810738472 -0.12857240228283526
v 0.10457374809684516 0.087994576546320979 0.53977039125582871
v 0.12413445434008807 0.02700249409197409 -0.095104391502033481
v -0.2069988771335797 0.069680453677384485 0.29228334378574339
v 0.072404942701880817 0.02181988102178559 0.49371930807514769
v -0.20596799497530799 0.031017339835145437 0.60528438668022044
v -0.72456392170329054 0.095008839386999777 0.074142266226577977
v -0.18553192598504795 0.081293115065279031 -0.036594282352283486
v -0.027808396178870039 0.068361014438070702 0.18540633694547087
v -0.47318556527789041 0.036397597903794099 0.46818567481935985
v -0.00084064201473459273 0.029244953829598491 -0.14364310537660527
v -0.45307409903576518 0.049366282971328258 0.54734614827459216
v 0.084655548698796171 0.17527362341327851 0.60398175672486387
v -0.25479151656497678 0.068715206866060183 0.25175688337517715
v 0.012802852632003234 0.057487094860443351 0.27586769466521616
v -0.29671415573129123 0.083397218991066252 -0.058963479763416912
v 0.13388255347187134 0.15293243256823597 -0.2029670250103871
v 0.4220115233902707 0.099801237774227558 0.027723743498487403
v -0.28311491904225589 0.89130848389169959 -0.075949597653730688
v 0.13738810149684924 0.97241736242757326 0.41513201340427874
v -0.039888924725894725 1.0010905076953946 0.0090278068379217435
v 0.13723689825450458 0.8853192088925238 0.47170732272677174
v 0.06292901811237972 0.94610601848998033 -0.058634510813915589
v -0.045853984721094775 0.86140721482529614 -0.12757687318101268
v -0.44495691132605875 0.95251942368593978 0.37891827882646217
v -0.0013562080055456063 0.93051078897795736 -0.062467974763089018
v -0.09704440896868699 0.96298674942928641 0.42198363674243855
v 0.35179654946261779 0.91555385208598794 0.18253638229151434
v -0.69525252583719488 0.91237200539082186 0.6599362356412396
v -0.59530128002263638 0.95166300369074697 0.54662036162382599
v -0.70932550379117132 0.86822082874344975 0.62892502611958467
v -0.49515699860226353 0.97880848127525077 0.45922343105125329
v -0.64366946971716299 0.86964802760697646 0.55997454095109012
v -0.11720807282484304 0.9660614572794296 0.0035667028998805804
v -0.30030667430635566 0.99797289340912443 0.26734293936021325
v -0.28011347351931581 0.91903469056495335 -0.047404999720909245
v -0.3112022423433442 0.94971926621708203 -0.00097063807963538185
v -0.62627882232499432 0.93781511353025215 -0.0021941504811556736
v -0.68223085521526061 0.93624256013814111 0.66290109430505095
v 0.19327560595325688 0.91280754225969318 -0.062425044739850631
v -0.3812822242744755 0.99576972017016696 0.014840896547141691
v -0.030738224363053387 0.9896376501495926 -0.010889617918825274
v 0.33353426460299734 0.88338434852575032 0.018872781253345988
v 0.22503107935673497 0.96301097195853103 0.025640638092626598
v 0.0077009918366307004 0.97623388331251293 0.42101752200568027
v -0.11105595499013952 0.88461941939762345 0.48393149200911828
v 0.19290869324119303 0.96155990948460779 -0.0029398401871004176
v -0.28322419914576286 0.91834307126390058 0.40245439638683683
v -0.25656697279995244 0.95134144174231594 0.34203632098330011
v -0.52438892731628051 0.95882720221439643 -0.022073569358099288
v 0.16703722166408749 0.93026424117565587 -0.060476614582065331
v -0.29574907765365166 0.90595935373181125 0.41821958549454008
v -0.13361949191066369 0.9562764769255091 -0.0024956701198984338
v 0.13004875252043574 0.27263579228461332 0.61907186866722919
v -0.028441569308701509 1.0311932833030431 0.32299357954583474
v 0.34770014887868361 0.21536354251643891 -0.050291788485115563
v 0.19576161787878546 0.63918647559535635 -0.19622640867677865
v 0.52022211041992306 0.22650776485131724 -0.016707805291413896
v 0.12175316856448393 0.21253939551705828 -0.24440724137202149
v -0.39321554465794145 0.041143899754008006 0.34378950870200037
v -0.30546885887568698 0.032822460234441138 0.53299508540549867
v -0.62746126698013827 0.18222965931424995 0.11732603838344367
v -0.38611156301881616 0.033149115732110622 0.11900329984308686
v -0.31430246692929953 0.040226861487041347 0.1867914963167657
v 0.12789747535359022 0.18846638189672604 -0.2273617438084706
v 0.19585658215271212 0.073230167122288498 0.52009673646591781
v -0.02655973343995905 0.073932714159833518 0.43500906974492215
v -0.44829084091260724 0.15722282473484883 0.51523247179474352
v -0.6777803287091495 0.15770572466567381 0.17318730685082898
v -0.64178906877484598 0.14052572387705195 0.49003980881479858
v -0.71836819790617401 0.13668311026434732 0.12424167817613099
v 0.08387545408871383 0.043162311394516303 0.54255988787479092
v -0.18882743351061709 0.08254822571822916 -0.079689282123050986
v 0.135662100626087 0.18683508101280311 0.58893468971159879
v -0.22094156343627744 0.076222552317074685 0.45376620196405715
v -0.59634882310368587 0.10387172762582095 -0.014478893300083864
v -0.3125342635022208 0.037883924479937381 0.31572846396453003
v -0.43429303978425832 0.13194210801716541 0.53070312915779538
v -0.66271490328541294 0.09746563753033613 0.37183046486972465
v 0.094271746776712989 0.041361803628648983 0.33682846122263549
v -0.10955378827436875 0.14193566554606532 -0.216761166025077
v -0.51667786514251923 0.037351828128529267 0.54350569055723619
v -0.31040127012707558 0.079815801453709617 0.018554862493335066
v -0.32205574066881482 0.064608520463371732 0.60514867556024821
v 0.11627364997380597 0.043457972018973293 0.53572546977515767
v 0.23971403182761172 0.075203696663805275 -0.0088303582329646337
v -0.1047112594549352 0.075597899509088989 0.4512062020321343
v -0.48955969733183674 0.12178429672336256 -0.038900228621228765
v -0.059548555472546977 1.000055341560933 0.01471698968380002
v -0.64890790869350834 0.91857126373454701 0.63921860309239431
v -0.52755754472298699 0.89451235896604586 0.4636767502482344
v 0.30130556634480843 0.94086638455729454 0.090470683206335195
v 0.0086873818645049374 0.92208206556681416 0.47453935736331632
v -0.48186001022634989 0.96973887333387465 -0.025529106330645226
v -0.45960691193848996 0.98113565678538273 -0.016315305506713916
v -0.19289167619334976 0.92745010857535759 0.41993203210450458
v -0.37830964388859428 0.97803647260327653 -0.0095342711743059468
v -0.46562613655835422 0.87566799545478335 0.45558109416349174
v -0.50123192738022915 0.90302550287259864 0.44676691475448738
v -0.328327195424504 0.97112196613992197 0.015159789643139982
v 0.19776420008520673 0.98637996028295727 0.3670349329558687
v -0.22209963055991799 0.9132133625554224 0.4217959177868621
v -0.1031346012115059 0.90999001241594391 0.47334272839527514
v -0.30289791869176835 0.94234611919037059 -0.010006250814774544
v -0.72553056789745962 0.91783429433354125 0.66083104629825751
v -0.33622445656741468 0.91233883284299488 0.4184813394193827
v -0.66954445581155819 0.94909313704696774 0.0079305035108551639
v 0.18594264131319743 0.97347453017908414 0.39482633352751489
v -0.10988094212437109 0.96292560775372782 0.41665165074147165
v 0.12291645751255875 0.98565586680885253 -0.0022251621132336977
v -0.11923945140530376 0.93418823285726771 -0.048482601580192776
v -0.38669897855893387 0.90898546060839991 -0.062281839012694983
v -0.26144887328272703 0.98636469884718214 0.27146166622411633
v -0.41106959526762799 1.0122647786181675 0.28148199262442214
v 0.17487905242672011 0.89925590609922135 0.45320522711158295
v 0.087337031870284978 0.88673409498336886 -0.11588935607000633
v -0.63457758725548064 1.0024806430750552 0.60813811916357063
v 0.019279544876932463 0.94333676267819611 0.46000915193443842
v 0.035559123868363358 0.93690597577748891 0.46351359718151375
v -0.34004379943464297 1.0097142765160079 0.093158744359598755
v 0.12491898678346436 1.0429545358361614 0.29585019337658497
v 0.49113985114899511 0.4097661988159344 0.081001110133332263
v -0.2836986732587567 0.083762015443408708 -0.074562569697655526
v -0.64052129693944915 0.12635233426722375 0.23985585057290956
v 0.018386401503835099 0.18993654653080996 0.62327701779786637
v -0.67272381872004039 0.067109834043116129 0.25900322697319017
v -0.58700716698204347 0.056076397044399789 -0.030404560122012602
v -0.50522939377547349 0.036389713091882152 0.47271734103602231
v -0.22363206675029521 0.071224416383931233 0.20588688892491666
v -0.37613918356567416 0.17019674054392944 -0.1821433196410219
v -0.6545485888990914 0.040497447530244549 0.44614995614571429
v -0.073819510849815737 0.072689484060984313 -0.094559593034026737
v -0.37553629559144502 0.042484177200406821 0.29735062593753242
v -0.5167941221918515 0.10791207457040342 0.56833026145280119
v -0.49431261839500434 0.090930563322565064 -0.065376110880744187
v -0.26479842630503753 0.17014780530172319 -0.20983532739076341
v -0.091897948721188213 0.073260987094342728 0.59441554828853449
v -0.61539882864406559 0.068592833821647561 0.56022420688354357
v -0.30535187213084131 0.040609583331656908 0.48841767906028316
v -0.43514460053772847 0.035108198162980081 0.45866078114802028
v -0.32350307264806444 0.041090164337734686 0.58684320062219864
v -0.30593617311895732 0.046794402342686441 0.32715869580496953
v 0.023725499322923997 0.034236527455431799 0.1065669298899871
v 0.10841602144923111 0.054550556445998946 0.36150149158513567
v 0.17106826926283852 0.10523544353784393 -0.17785307350888602
v -0.51532619510678712 0.13357147168402317 0.55531872214660905
v -0.52353473499308423 0.039468411959422134 0.18104011661029937
v -0.41626276447301563 0.049727897777985725 0.2180231568719426
v -0.29573195154846055 0.060293126773162731 0.62124647323468163
v -0.52591416634494403 0.87193688275540882 0.46607344924379718
v -0.12141458028488897 0.92086646159672092 0.45941548137561633
v -0.47032438859427755 0.96453166303722193 -0.031132633894795651
v -0.45211522236211427 1.0029928225790878 0.0084569302801282154
v -0.15012929406045966 0.90524904684911855 0.45919382834300659
v 0.10845572955015971 0.94624646585320038 0.44273737277748548
v 0.14828294800228986 0.98151080611225883 0.39917079374763947
v -0.40284906243240787 1.0101066370116358 0.28092307851148607
v -0.73270281735344189 0.97734167446964426 0.66642635616174295
v -0.38458933789022348 1.0009057823591643 0.30397252999714286
v -0.035700786532676616 0.8819933189982031 0.49970774051141742
v -0.58327140562185142 0.90284079821848062 0.50680522073571832
v -0.38088830868187667 0.93842991625168937 0.39868495348380634
v 0.23539476828792733 0.97780301420777804 0.063796459597736582
v -0.60467770641923635 0.95541686410726523 0.0008705016768307982
v 0.20262053841991012 0.94111983890456152 -0.022771778571551625
v -0.22318670224451681 0.88626249139387114 0.44029231263957586
v -0.0053710038934040244 0.89140076835739213 -0.10011091094559363
v 0.19950475738194617 1.0070376105854897 0.31212392456474353
v 0.13417730084686616 0.99655323303665655 0.38418427881966033
v -0.40759393603294142 0.97874596920647239 -0.017184427303201188
v -0.0073754259078249512 0.99897586679756878 0.0054236094603606691
v -0.44544563103790885 0.95896838426097075 -0.037736496803845131
v 0.085399786611060374 0.94938409301573479 -0.058930139458329291
v -0.28355524681635669 0.97550747475533717 0.3098882438260292
v -0.68725218489273099 0.854395744136626 0.59207467665080449
v -0.26125567485855017 0.98759246898137476 0.11163538195278755
v -0.69317122964360012 0.96591706785831954 0.66647808020776467
v 0.24314985085560309 0.99153760115327239 0.12512616310047067
v -0.31281995513606287 1.001195506364025 0.11381065083201657
v -0.46967604190706491 0.89385376647733883 0.4384688269849133
v 0.17799451171460204 0.95716001110379245 -0.019442595143493061
v -0.650570317671189 0.98005913074720119 0.63965174928009239
v -0.25989171326910554 0.99194915913096871 0.24477461293992833
v 0.33509465551529943 0.34555812705322958 -0.14371197943028366
v -0.23445753172726466 0.33043493689156833 0.50924388221306138
v -0.3351640154687397 0.22608127595044777 -0.027541820618089484
v -0.37216568694003349 0.1147227903490791 0.53021600209090691
v -0.0086336942566277008 0.16741157169884291 -0.24175015050166446
v -0.26822333903981882 0.15771194079662082 -0.21773734731386563
v 0.13377025543021198 0.025429087562910496 0.51450704644352419
v -0.42646983969852742 0.17036427631462747 0.50552150224635128
v 0.087598629241824932 0.09016549323769707 0.54209204143462097
v -0.39366140126205695 0.030202243270585839 0.13897565168751858
v 0.16919536961210149 0.023447867477424601 0.38531394128669683
v -0.36753041128619746 0.042647303724561172 0.26092380201628523
v -0.31529732400783073 0.052943530316198611 0.15112799330980306
v 0.027882800992504179 0.036185372059791533 0.094545125138928515
v -0.29339217817224156 0.042043731377610999 -0.22812205575748112
v -0.67757961847884829 0.03520115595161085 0.095939245514700233
v -0.57629608096164198 0.11418936945186019 0.56996221472913422
v 0.23189511751344796 0.085079564054759485 -0.039413988302344612
v -0.39545184263130484 0.071972407169590774 -0.02992824340763886
v -0.30188086545173654 0.18420066411709923 0.53133151953125746
v -0.25343626744245096 0.12661392757380613 0.62049334093852915
v -0.28648430019915255 0.075986243439268117 -0.11641826220293362
v 0.16480214619684391 0.032664412715478756 -0.10914673665594768
v -0.20162130464898251 0.074331033601630708 0.1250388339613627
v 0.23962965817869386 0.037542066051101268 0.21686145144252369
v -0.42116415959006004 0.051977878994890765 -0.22184094727573808
v -0.27546444852930396 0.16118714014801913 0.58810927145756653
v -0.28747458357643524 0.067027425159706416 0.35639871309675764
v -0.48992003363963915 0.14509114800559242 0.53506806726648337
v -0.10056442636930368 0.033903990261833036 0.52106991628938204
v 0.17081044635240525 0.97190744094075621 0.40382130218012025
v -0.73503706440445338 0.9432707691412483 0.66504599965753475
v -0.2152218542513582 0.90527372439932297 0.43147167595623337
v -0.27009983890615896 0.95956842590239033 0.32657393926215827
v 0.010397330081970821 0.98801831382169236 -0.0025623804249172615
v 0.24878284372701484 0.9265701394564797 -0.009758627983947759
v -0.21007815133516594 0.92055146883490835 0.41977509464342327
v -0.51242615354751941 0.90299861236460377 0.45452830230373703
v -0.23524508975744715 0.92149576315764536 0.40960634610880164
v 0.16279518992371159 0.97145991750446359 -0.0024417458455454938
v -0.18490499902357085 0.95246225237235282 0.38893674431725728
v -0.27176065160476465 0.8885846212322327 -0.075783775383964871
v -0.62245864406441431 0.91338002710971589 0.5853955747823939
v -0.3584805980545645 1.0016736511086353 0.30074411233761872
v -0.7074451691442204 0.90775052702746428 0.65849860461734189
v 0.27815273327300222 0.92151829106534389 0.39689155536906073
v -0.54488805918149708 0.93331419984306985 -0.040551346086093863
v -0.21493103628693813 0.96224289514409778 0.34749335531410436
v -0.085976473209291582 0.94764412707270718 -0.040547882142190274
v -0.11500199733127749 1.013296904802101 0.31428864532555489
v -0.53393349949023139 0.97374096452051362 -0.00045633788101513836
v -0.1109424718161424 0.91189870074614032 -0.076913719326521121
v 0.17091876505228459 1.009376994771044 0.066081634187078381
v 0.031712178844464936 0.928960051770791 0.47058389604630202
v -0.52233445073520168 0.96173110357153091 0.49208801403226315
v -0.39797122214132286 0.94875229340066791 -0.039821088858521349
v 0.033125792497165872 0.98230409121018125 -0.0083519099642358728
v 0.13723827485058987 0.95815818375633666 0.43137055596219592
v 0.20773731568695175 0.96877637763640045 0.020555200013728361
v 0.22190109142415987 0.9244766285787156 -0.027657836806018851
v -0.72947705720457656 0.91262513032417569 0.022109335563801465
v -0.46467367687883349 0.92433000528186127 0.41484912106353428
v -0.44329440509400309 0.9832251299352146 0.36369621203406688
v -0.20866676171260173 0.89253680747839481 -0.077316346569947861
v -0.019833288219372466 0.94785966264045685 -0.046240286546469993
v -0.33291493469722211 1.0152764487718817 0.14989989560310651
v -0.23111200078546387 0.97943441752402605 0.064500588003052417
v -0.33126238879394321 0.90579011281472332 -0.058313354335794501
v 0.064873427976897158 0.25988985659628316 0.63074992146821696
v -0.18390418670165343 0.34495913589091859 -0.30626996779473126
v 0.58643834813361451 0.22472310373185167 0.33617860521781573
v -0.020863140649058844 0.4364771540452454 -0.30568983122783955
v 0.22913414579744379 0.07678589755820861 -0.032408127256236076
v -0.59610921919441073 0.17850142373103145 0.46478196502043084
v -0.28594800924372804 0.03818309399143191 -0.21852448695225357
v -0.058834876899099539 0.031715773468199877 0.57186101587862181
v -0.66204147260605273 0.035949313661723187 0.13554376485829434
v 0.20268449294211777 0.096493436903616947 -0.14651876826731278
v -0.51721967452390849 0.083518947093764132 -0.043817315196051768
v -0.30336835783935995 0.18584917221006986 -0.18609447836412135
v -0.49848770795717662 0.032589030521596535 0.058247820319693992
v -0.33687517098424458 0.041157631669592208 0.42259485224952709
v -0.57512076244275101 0.17865036552425023 0.20741524142734619
v -0.27461917137373254 0.15305270116374717 0.59755080951953532
v -0.44216972630928353 0.13268693399443054 -0.15853753109625396
v -0.4364054973439816 0.038273697230116484 0.026247075742589703
v -0.52831338390553528 0.15743006102971649 0.53714528017562624
v -0.67279005969824457 0.048580722064169544 0.25414475086670185
v -0.50271577619506069 0.032908608816344942 0.37010733751055436
v -0.24392893745036273 0.075637182936475159 0.43660746371376269
v -0.33377990842943417 0.037547540773282359 0.45903088961521193
v 0.037098601775206699 0.073662544888197304 0.40754468430277474
v -0.27268959620953392 0.077133088015575585 -0.2318928873470065
v -0.37212621987240618 0.052838011663869124 0.54259042563811943
v -0.70496998693971225 0.09282346625375483 0.20677635112635454
v -0.60671685845315937 0.18271865643033253 0.16467972541105291
v -0.61320334521166431 0.034366417294678854 0.11131698306565634
v -0.3026382155328266 0.14608996348884282 -0.22590609710316004
v 0.12068371951829285 0.031082248640349947 0.10527825892450456
v 0.20463278629765058 0.052990290109761959 -0.054109696079933933
v -0.6923931272344328 0.062378592481896498 0.24344709044934598
v -0.27687191705025982 0.06668851228759208 0.3202670408834527
v -0.72392569521181938 0.94134013782795978 0.66751177527962946
v -0.25878941782240883 0.92041693484609133 0.40210896608307212
v -0.73468522955634508 0.92504588607909566 0.021373397798314618
v -0.22155939833356778 0.95636276592214209 0.3586831252809618
v -0.66977795498724702 0.87309084078448518 0.6140269028589348
v -0.72054880131708265 0.9713723820012381 0.66777967210401579
v -0.019659958333209639 0.87254468329933355 -0.11146150748714369
v -0.65001820928307252 1.0171294422644539 0.009090951809359326
v -0.4376305396720242 0.95825526283481366 0.36816678922194906
v -0.76098424135894638 0.85852819972745809 0.6007987558529666
v -0.164312643005084 0.89542234021825717 -0.086255023513589699
v 0.1646987144272738 0.97793823338884456 0.0084141340409206872
v -0.60594926372844748 0.86703105500560518 0.48656810850823606
v -0.67035325880609764 0.93110499891610343 0.0068432135668522777
v 0.18443671715317725 0.93690067812182887 -0.043668712257246223
v -0.50094671017659165 0.93950608608422748 0.45974800400812854
v 0.33000856674493889 0.93556708183180159 0.23152021992749347
v -0.28564113196461532 0.97628529852839208 0.056090799644755655
v -0.085859935483488636 0.98948509778768579 0.0097582515559309271
v -0.37452090511089625 0.96469435746724508 -0.021655033868966587
v -0.63942232691319612 0.88504621958941276 -0.035747355849887953
v 0.27999894924290497 0.97558070400569585 0.23632701647175927
v 0.0071129054837404324 0.91833799920777304 -0.07643744384047968
v -0.62705545193117262 0.97952038339597025 0.60666715845775865
v -0.37202653903782257 0.89038431482421532 0.43876344413861018
v -0.42588757247053399 0.93507192871619682 -0.054264374759384414
v -0.10440798077070619 0.95789849563763618 -0.014634508432345541
v 0.23767745422037911 0.88525938563917872 -0.06271123751134991
v 0.084358036845464349 0.91720182543163709 -0.088109118980061421
v 0.32321897840525843 0.90878425172362121 0.046564368421775706
v -0.18887208823066565 1.0079992830955209 0.23479848596815425
v 0.035556730187969864 0.99845350284263767 0.015503775454594028
v -0.11690466728429874 0.9826423145548856 0.3786972870111221
v -0.14376672782054137 0.98951829346019782 0.048705742735455033
v -0.6576144392481551 0.89125751114089846 0.62555749286287821
v -0.20142119708235554 0.9352403168112795 0.4069331868032896
v -0.099169425766151037 0.89952327425211975 0.48037866070121377
v -0.23370354080687711 0.99843144209951806 0.19957027733001434
v -0.49515093022250212 0.95799125314406441 0.45868165598345279
v -0.70701335744863048 0.93033142365058685 0.014524592790679573
v 0.23176333158240495 0.98972167213035078 0.086601064817545967
v -0.1867585696922571 0.96155705329124364 0.00089637805961858034
v -0.0081905597222632909 0.96015879185016073 0.44400403649759945
v -0.39513619257503957 0.94011459694344046 0.39241420213452144
v -0.40335414808928011 1.0198297618597252 0.067146101414440801
v -0.59077843447110301 0.28502632768730218 0.22983252076025967
v -0.33375480088812742 0.2915814694092092 0.49284604521174674
v -0.10259819599603552 0.26765646183995911 -0.28493827231361996
v 0.29588943639856086 0.22255110355478949 0.49244934283660452
v 0.35170509098341246 0.85617214615318271 0.39704201984869786
v -0.34607142095920695 0.84377461962309719 0.4635988929623473
v -0.045927704907894315 0.85037002536509554 -0.14027287586726814
v -0.2745450922194409 0.25925618827357333 -0.23248806322886423
v -0.034666369320585387 0.20291945782181797 0.67491012414695817
v -0.7720698628817948 1.2531831217413594 0.57217902314475166
v -0.07111311490171357 0.11287713082511382 -0.20336310675028163
v -0.077016060868377464 0.07514013171835951 0.44020419447373238
v -0.53461185716017645 0.15270554649824344 -0.012603344926026107
v 0.17895103323738712 0.09389340056867275 -0.16613498735073554
v 0.076623310934889347 0.053254914313506756 0.33331507929419624
v -0.18608440444146537 0.081962255689184221 -0.089495917910725906
v -0.44258296409357578 0.035599938557800595 -0.087153867556128209
v 0.024641357445550405 0.051652805068085769 0.28514609995541174
v -0.4245034911525723 0.10489368149099637 0.53509773747188683
v -0.52050982543917945 0.040331830935612434 0.55289367514325061
v -0.20463219928736959 0.031682778495123201 -0.15252062858800475
v 0.11536809101538889 0.028921388470719695 0.14577487447665768
v -0.46880426296549937 0.037605713129720837 -0.1505705445421692
v -0.64303625188466951 0.042958617079932919 0.515721530640321
v -0.63992185803428225 0.15541731186864749 0.44653341722112638
v -0.64323760962174237 0.071319107160330547 0.32828063511794608
v -0.39597461736086775 0.082455786939241354 0.52484223036780098
v -0.68423840756723131 0.038475227812788608 0.19367725337689537
v -0.025246534402345623 0.11987356626306589 0.56854141483904785
v -0.21759821446452327 0.044936261807840723 0.52526485654827282
v -0.0024614222775330621 0.046410753056484129 -0.10124224108042294
v 0.2138754509176963 0.036337486641642817 0.22916107879879399
v -0.63340655664977719 0.041540944000475248 0.3075297574342904
v -0.0027867099638183186 0.95117884102062533 0.45380795492968279
v -0.049959989961349094 0.9797664853415422 -0.020126629787463428
v -0.099782835689451524 1.0211308842702851 0.10857294608866903
v 0.30884625704181512 0.95410063060852535 0.18173128644169323
v -0.23954693342536995 0.99400044988588021 0.24059272163224538
v 0.27246150182279683 0.93832302675766988 0.38125760662556235
v -0.20636605511361034 0.99987480647877314 0.1283143425612745
v 0.35970363183563853 0.87493847901629596 0.35623995141317288
v 0.061776055714153733 0.90992219263099128 0.47943847821565483
v -0.49096371249896242 0.91280911337416293 -0.063626528064171836
v 0.09529953590410753 0.94097652411808186 -0.068566729796593048
v -0.42180814342209111 0.97124106260140108 -0.025779074325733842
v 0.21057114781087402 0.95714106471756055 0.38867959562180449
v -0.29726805165256193 0.87331837799771572 -0.093088223444837179
v -0.20154089529018424 0.95628308221814506 0.36946314709597838
v 0.12090645762295092 0.91716643726848934 0.46158025461404195
v -0.42734529554514844 0.89758945982722049 0.4329901730497801
v -0.47685315565878122 1.0128354601780929 0.029708803819974785
v -0.19542006743115967 0.97322623630035376 0.025768967521074122
v -0.32834217337042187 0.92717761728808479 0.40669897710976038
v -0.2619134129688408 0.9945156784517527 0.17080057052040304
v -0.2689138272146403 0.96274338138567961 0.018789618826290468
v -0.063203472545458453 0.89392537617187706 -0.091203313131997685
v -0.12691237856221613 1.0193819449004267 0.13220951572342468
v -0.48460747635928009 0.96606256318256722 0.44614986462514034
v -0.55371732707768162 0.96281703930237672 0.52128928519556905
v -0.44562880164508184 0.96357748234982954 0.37288363103725691
v -0.47735149951400874 0.93663234108961113 0.4343854273684013
v 0.30281374274951833 0.89020362218033566 0.39822306060520396
v -0.10501583412060531 0.94119011766729699 0.4434467549152874
v -0.60788609578138486 0.98112119785209728 0.56883005443033796
v 0.059877814823375466 0.98994991486691131 0.40448377924559481
v -0.3503198876465633 0.94580430156368034 0.39563729862791619
v 0.043810194337218854 0.95274406290485425 0.44620255801367592
v -0.078002950577580318 0.86994692861198275 -0.10975953150635137
v 0.28483753552884006 0.91428291948998386 0.0061916994474328357
v -0.075148976871166853 1.0079839002835655 0.042750036040412595
v -0.56685670118918607 0.92404108548677566 -0.040081498935531486
v -0.5731465109067434 0.87566934736994284 0.48079627027024668
v 0.29574430422042541 0.92693246115258232 0.040659211226036975
v -0.19962869024666111 0.9270768257521188 -0.043046652337845388
v -0.41612185083502801 0.93117657135209786 0.40015634488937735
v -0.0052251395858467159 0.2607187377742286 0.63331417136452495
v 0.053679375388206468 0.26921805380913666 0.63951633638719518
v 0.33930161668773867 0.29350500190859413 0.49217456155308514
v -0.59731633397961414 0.30319829969788331 0.10218488477495637
v -0.43045612137922507 0.27950544508495412 -0.038574851238835604
v 0.28068887691591571 0.25569885370870593 -0.16234263431346288
v -0.59239166680315514 0.40460048090026302 -0.044552353488313851
v 0.41676817494810281 0.29459341899146058 0.42431474052124707
v -0.92267429805920986 1.0762500472813448 0.18865637396740162
v -0.59144819742818577 0.97082218766435158 0.007795776263332505
v 0.0064280835261215259 1.0164318893344348 0.36498638558544738
v -0.065119156121414098 1.0307619354234321 0.11659076592271593
v -0.36452432124965428 0.35451293718447419 0.52219045335541692
v 0.2649164307965316 0.28825529471896744 0.55716482706976755
v -0.13511656825747217 0.23611577778364667 -0.28258453346975249
v -0.010816746841914157 0.82817075370794979 -0.14569364766827714
v 0.033776525738904072 0.84663908685654798 0.52624026740169616
v 0.19631275956391375 0.40716214443397186 -0.25233733260057117
v -0.17984966006517497 0.16020489114655587 0.60958237805369442
v -0.23232708497787308 0.069652149383274936 0.31072736182796518
v -0.2991254470028803 0.078540031419922121 0.03909043884427691
v 0.19308744030836916 0.17310520434528082 0.53313238865692736
v -0.58045557622380772 0.087131626293820083 -0.028589629110235094
v 0.17733990827901855 0.02260816353923149 0.43757995953595336
v -0.0084019447126583626 0.13823781564144522 -0.20535782176589379
v -0.013201203264477403 0.082191826402730747 -0.056511466911033037
v -0.41058066974504437 0.098968099323056183 0.53086842939663437
v -0.38224184015994522 0.14403154966892792 -0.21189739102043828
v -0.40965885629607574 0.034622031471328203 0.48655115496695589
v -0.29789226831228954 0.096181444935248522 0.61609741106055593
v -0.37208936590107261 0.16027394797983552 -0.20021440496395634
v -0.27640551783711143 0.034543294661574429 0.53311384240168525
v -0.38352951298455973 0.059271259372707413 0.050202551761751875
v -0.42547208793524177 0.10550397117234289 -0.20509603483971117
v -0.1725492378919018 0.029002080280532815 0.59047488785732927
v -0.23915421129010353 0.031474567675382793 0.5856927308956501
v -0.44109197254088145 0.049118585169559935 0.19917734502848253
v -0.48568477268284677 0.070152525260553336 0.56397014013560987
v 0.30645199070585888 0.95229920527246292 0.14609990233240566
v 0.1020429294851654 0.92396774286805805 -0.081357251497328975
v 0.3448887666121756 0.91548529493760478 0.12429279318987753
v 0.077484198130305174 0.91819594727988696 0.46801052069306232
v -0.030193393706569826 0.9454483844249657 0.45445906978804351
v 0.25986510033831861 0.95087962367959666 0.37111065095628948
v 0.018450308525962567 0.96058842677809719 -0.031054184840580097
v 0.12516104440646067 0.9330580456148555 -0.073266820703545316
v -0.59063134604457401 0.90886125718471378 0.5160004583224892
v -0.22023056331153204 0.93605537228389091 0.39474428168665271
v -0.044557320660724604 0.88198019672128303 -0.10191204504308032
v -0.061782118789742053 0.97528671962280344 0.41457911063712327
v -0.098188878167551938 0.92835276401594624 0.45950944278246941
v -0.67740390465198552 0.91335875056296223 0.65565262978452388
v -0.61356176450791511 0.93376102204051459 -0.0097496968755749879
v 0.21477627184033546 0.93947728783931483 0.4057369326165457
v -0.51866593736729893 0.94708816345449265 0.48258323748148196
v -0.26232476449200048 0.9459268946322813 0.35562042492746776
v -0.31435899556173336 0.97634018282063606 0.33135600147813643
v -0.4685200109842072 0.91788889269004759 0.42138841038383318
v -0.22260303039422308 0.99152764624952638 0.26558433524108854
v -0.40402499091992905 0.98333024845904204 0.32995000794270218
v 0.33044209841630862 0.93574560759110292 0.21238064199112863
v 0.29359851293949407 0.89400630283534199 -0.0082743831392123636
v -0.49173161676165711 0.98160404527458633 -0.01022644657018589
v -0.19489040289192353 0.96994936262397102 0.33852551822099364
v -0.21524567327262184 0.9352359790151582 -0.034489208045355255
v -0.40452262571561376 0.903773529324984 0.42992233533361701
v 0.18391051378658507 0.93231026048815002 0.43415032883689358
v -0.70358552893747095 0.86489791459217269 0.62379613296810577
v -0.63366188374776655 0.9588755786733888 0.0069057381242861792
v 0.32781472949164375 0.88569422533850783 0.38268163530709559
v -0.3630255383326727 0.91289101930613092 -0.057051014098797759
v -0.044452386630691086 0.96112738147215093 0.43911565788314927
v -0.64638810068303409 0.88472926437533383 0.60010820736685289
v -0.32113780233157235 0.93279894105772876 -0.027512744818888619
v -0.72906625508665468 0.95770788728060807 0.015398829241245967
v -0.32812622474724712 1.0058482873704528 0.27087325572182891
v -0.25518579911289274 0.99505057884329928 0.21504293296184063
v 0.19351496142289992 1.0097148203287076 0.088854175692052326
v -0.62776114867593535 0.94908774102211513 0.61552498601694849
v -0.019642548667156666 1.0086078712498479 0.37647190732841229
v -0.61269755498831358 0.37802300307711989 0.45193555796928581
v -0.55017494106713893 0.33338752523827531 -0.0094286077016788664
v -0.026417241805116915 0.29064526744762897 0.65275403662933684
v -0.12263183690302258 0.37180961809190577 0.64626120080127036
v -0.26675587482938273 0.29066023687494913 -0.24157341053693165
v 0.28505185927909904 0.29422999763411806 0.53299363752657047
v -0.69998042764800195 0.34805483001484905 0.10447021279912268
v 0.51775644510555086 0.27495036184690053 0.38099137081174084
v -0.32630962945341196 0.30680732347651446 -0.10220554045347573
v -0.72985792534132221 0.3445984339621263 0.24424761129879463
v 0.44280793607375379 0.70669446206235453 0.36362213105662183
v 0.33092765987296013 0.79313360537137489 0.45720569038144221
v -0.4847070704591957 1.039419919482327 0.054344976796006313
v -0.39623343658221571 0.1961629156410927 -0.047797514974360057
v -0.68299185890032177 1.0047804664344655 0.0092953051446563687
v 0.36709189429317768 0.1697586886783328 0.39068115081093763
v -0.45543557800351897 1.0335717363632122 0.063227547975432313
v 0.42475829776698765 0.82385569821839355 0.29896355151902892
v -0.78475866984141718 1.0863077762226823 0.69187030234561553
v -0.44126793674745507 0.1200838643510467 0.53860257686144053
v -0.1703558164082597 0.091028312694056424 -0.21643325967894353
v -0.058599478709926524 0.033250282701332644 0.50664672583043002
v 0.13298019347730766 0.10983543886798286 -0.19093996050322842
v -0.66878069040526134 0.050706837776521324 0.37655466138889265
v 0.065401884790418183 0.034223828213996554 -0.16615577111775046
v -0.062679119913165438 0.15288918003915228 -0.23551975527905369
v 0.13737631538334047 0.024537793015958723 0.33216136743790359
v -0.28426331951680212 0.13639942162928514 -0.22941196068513434
v -0.61607055330493776 0.087660863508387699 0.55463259658199782
v -0.32756506280398862 0.033196368252804795 0.18686205595702254
v -0.71344438529946097 0.10116247935465966 0.19645454713341526
v -0.37255634599620857 0.034460966953540013 -0.19286565861519031
v 0.23157560723481657 0.085154395561096941 0.50358351208583885
v -0.23608482553904617 0.070570673149513222 0.20050993264488592
v -0.29353789140757169 0.051838848599485898 0.18994547504571593
v -0.54172098898946941 0.16986532306332189 0.32831093916750009
v 0.019708936727099887 0.052238987383413732 -0.19159798674519235
v -0.5359341567624305 0.19242168239184088 0.45214722181338052
v -0.51414847971694089 0.033572346186115022 0.036857213665916426
v 0.12433255152070384 0.030974415688619011 0.11918081406264414
v -0.41488759142144521 0.045206182943613157 0.17168497488063483
v -0.020111212205419608 0.033106504864059645 0.56431435296920507
v 0.44559760245992086 0.068105792389852496 0.21266036164756377
v -0.43812573133392518 0.046693710910152945 -0.20759979921791666
v 0.027366390908448196 0.078756711091054241 -0.058121343374441671
v -0.00413942018060625 0.069521083916986082 0.29738777623042234
v 0.1140964400861703 0.026330875328547082 0.32479198535710557
v -0.40702331030416022 0.054401722484642222 -0.037380345785914149
v -0.40221048366427486 0.053666077451614044 0.5305893392651535
v -0.48709054344730079 0.11482939722177102 -0.044148368485465397
v -0.21532076098175273 0.11629486440689235 -0.22776830261550174
v -0.62159784385939498 0.038238661511190847 0.4505890440525912
v -0.63866491785109403 0.17554979734610027 0.1040883677324712
v -0.036963580433754341 0.89187762348271438 -0.09346545889103261
v -0.46721249344787474 0.90681095496660469 0.42704423264880498
v -0.19427009721867564 0.99629324046570156 0.10166615693455032
v -0.51082136343689721 0.96105081018222094 0.48015005418134743
v 0.020509157419553281 0.94076642168193181 -0.051994435443312038
v -0.60865093413358529 0.92887655215396547 -0.016515013438388515
v -0.30002014219051976 0.96325795176992601 0.34355607323544918
v -0.66068690912848971 0.91222260135748623 0.64640402536272612
v 0.12521294071338629 0.94773734179785585 -0.057138041171338735
v 0.094162815821445159 0.92826439356211121 0.45417160549249685
v -0.66808617807421056 0.89153016535469753 0.63729620630028394
v 0.22207119232715369 0.97403174066758846 0.043868054351795256
v -0.044605289440068099 0.94151531667657162 -0.055722265048196711
v 0.23355424552384155 0.9329208894256158 -0.012586535415565883
v 0.015300732130865406 0.91072640358756096 -0.088349075725819959
v 0.29210545924164388 0.91038535885055982 0.39379161087510572
v 0.19562287678323764 0.93173734596873969 0.42825483179488849
v -0.70209463056821664 0.90563188687073315 0.012289915079756396
v 0.35986980206898195 0.90519529586326142 0.24804122727580233
v -0.57899773817208033 0.89545650941799027 -0.057521356469372648
v -0.21357329663230229 1.0021813534529489 0.16979936667325191
v -0.53089212458228141 0.93322825299774925 -0.045074218712754278
v 0.058801617479356597 0.90444001889842562 -0.10559662244809044
v 0.23190754336181363 0.95277728252114025 0.38330389065567116
v -0.44354093012237467 0.91050924430075164 0.41873379566590924
v -0.40346969230052382 0.99421902230982906 0.0027642861648616707
v -0.32256918190720418 0.88690641725068919 0.43088786000712453
v -0.41592027642825252 1.0119836177743902 0.034197676353083871
v -0.29408933102242063 0.93923110449507319 0.37587223744983261
v -0.7288153224397127 0.90727892383329845 0.65731882783064555
v 0.35640329396495224 0.90797838493531868 0.14458997506772814
v -0.24147872164620873 0.97095543761035374 0.30716258633842175
v -0.23791657297775887 0.94342515009795447 0.37070905876183918
v -0.69534589655804702 0.95917139485461345 0.0080921410716069588
v -0.023668818766550519 0.92434740267821469 -0.067576392530716803
v 0.29902871206651471 0.94941644786208235 0.10964420018379389
v -0.039592306182399221 1.0051260261566384 0.377122946657797
v -0.32567882060000641 0.94068412631559939 -0.017009403391014564
v -0.51226476433020207 0.92987127230906563 0.46772763199873035
v -0.37501232091065501 0.92579590252741439 0.41021546801713865
v -0.032669692419462895 0.89854903377583339 0.486461493055727
v -0.657171409222437 0.90870694566251731 -0.007017234061920727
v 0.21118657195284288 0.89550407925640274 -0.069482962199114567
v -0.2207495006719499 0.98586068177618091 0.07725825520200226
v -0.085313489485659047 0.99813293920702828 0.025402552328445308
v -0.30806628748030923 0.89361206000476534 -0.074900108128265933
v -0.046587985948415539 0.25367851859276147 0.63427346396371198
v 0.10236624276808685 0.33430654040375712 -0.26482980107679949
v -0.58662420580115426 0.26956316016062176 0.12742708552603224
v -0.58775741057510822 0.28816427786888643 0.18919984719489469
v -0.62859133031589465 0.35394288503929228 0.031625760894489166
v -0.28809395640866126 0.31675342276089447 -0.22826380354506687
v -0.12671130362769026 0.34846839888359299 -0.31135822825020093
v -0.5855461779047948 0.29987367038735874 0.31407396232684559
v -0.62320544569834346 0.29526583860277122 0.24874593227997993
v -0.66968145534561785 0.38605359459331628 0.43091721652464388
v -0.33500809685953065 0.20227650354669324 -0.10037861029379039
v 0.39176925287937081 0.46753163497179123 -0.088207225588457935
v -0.17642465278558786 0.42515032090232413 0.64546581364514133
v 0.15216101762533207 0.59391113213191671 0.64554091731484742
v -0.63143970996733911 0.40821079669187987 0.50539178169345866
v -0.61379068532205217 0.077698295344412846 0.56002418784002739
v -0.053901381463336867 0.0427442033202904 -0.18749378519263676
v -0.19727801433518183 0.074841410309228876 -0.11081583124169071
v 0.15178450800989784 0.02527720142499747 0.39963219033241554
v 0.12322765014838784 0.048830104551327941 0.37785312579151076
v -0.67264670621931921 0.11110766625742262 0.018076242432887031
v 0.0094825084581915617 0.16338614418539762 -0.23638669553810102
v -0.63600620960532339 0.03892603722031511 0.46451554307822868
v -0.42617448845241568 0.17030555713125134 -0.10562587939511424
v -0.40818973137728193 0.1679514112651441 0.5061153322386156
v -0.083281865646991748 0.063364835325690316 0.47616623297204957
v 0.22800957127127569 0.1112970123765181 -0.10787270279655063
v -0.58473662441001528 0.1805203241465316 0.47470898096684527
v -0.59953803449247134 0.05684295357145612 -0.024920846359447277
v -0.19142769579030153 0.038175328247358205 0.62440884153212339
v -0.43549059680760271 0.037727837907511941 -0.015264319416168157
v 0.12547071850162017 0.098899596814103291 -0.18632891271229829
v 0.15757871538804574 0.18411606394877728 -0.21275032427732424
v -0.332561135265941 0.084402196418139244 -0.06465097701479619
v 0.0067285037324261825 0.0808886937614888 -0.015388523252094347
v -0.61668350005484551 0.0371876006037841 0.36308137525437489
v -0.31769792574820044 0.032528621828970899 0.29788434809017517
v -0.004639109498279512 0.02423014629340545 0.53612292561721442
v 0.16508019376160776 0.023698413349534177 0.31305223790090281
v -0.67583283322014809 0.13185165507330374 0.20946161503062635
v -0.26406213395284078 0.032417213281456782 0.60684932133265879
v -0.65192804619760714 0.047162894683863255 0.51590537732096853
v 0.082172380212290133 0.90366975395785865 -0.10337601349577066
v -0.44612807460290815 0.9209039931935854 0.40774548134741306
v 0.038956026277730448 0.92690204043582891 -0.073144522811291718
v -0.38714020095024776 0.92803484649752988 0.40724607894438264
v -0.26141650580560283 0.98437052755796839 0.095554400013212484
v 0.22078832045974073 0.9200222085226698 0.42659050914596186
v 0.18017196799086033 0.98609903378287123 0.3815971133357498
v 0.29821754713804083 0.87526379863912862 0.4137351917697486
v 0.28517377837812469 0.94129333376027791 0.054785214790076302
v -0.44921009857586064 0.90069865985364905 -0.074222037293406595
v -0.40141646838370793 0.96802833866672677 0.35674581398717864
v -0.90130216986616662 0.99581913773939901 0.14131411258224491
v 0.22116293890060709 0.98889623228788592 0.070959164894229002
v -0.63483058430115213 0.87523713554451432 0.54861719359033256
v 0.24320518170441482 0.96182661999936481 0.04451180128517436
v -0.43398015751773933 0.98869585980023389 -0.0087915924687227958
v -0.43617471624803694 0.97591759251887178 0.35467245466282682
v -0.26744765114749786 0.99518712692879174 0.19388105758608384
v -0.37460863146032819 0.99705061272254103 0.31458402725149148
v 0.29480613151505713 0.92315105965690025 0.3763929265646363
v -0.38153115018871026 1.0202506226665435 0.08037154672214851
v -0.055489994295607789 0.88794131676563171 0.49516310137738273
v 0.080266876793970376 0.94253608250628884 -0.065701101146894175
v 0.29501100326386703 0.95812899349098846 0.13162051837223634
v -0.5871575886660958 0.86548940682621134 0.48015522685598178
v -0.022770822817749357 0.88650036992588832 0.49434860858796476
v -0.64878063450552426 0.94137977187951527 0.64531076674122811
v -0.58892538315120535 0.96357170476468135 0.0039567967347109659
v -0.40527062283066045 0.87641887632052795 0.45154331944342752
v -0.45969789651408588 1.0038509114339391 0.011461981904314543
v -0.70325642201666816 0.93063526138527308 0.66656173992430778
v -0.28531619003923503 0.92999755674639129 -0.030157692797006759
v -0.18508975590201723 0.92425938717536027 -0.042351065434880528
v -0.018810410403695365 1.0199212195925802 0.3557503855120247
v -0.48487275564653259 0.94998850248061761 -0.042294046813752713
v -0.37284250591194956 0.9180806063479412 -0.053147579211454257
v -0.60216111504410808 0.96367264524666463 0.55893286734942149
v 0.15428459266422212 0.89476871611778597 0.4628490260075902
v -0.25476811500586477 0.9112856756375568 0.4120527019219356
v -0.0060129907466414051 1.0092953607729338 0.02421688734769372
v -0.35735647692067124 0.95635695598331161 0.38446447934064482
v -0.4866399743962635 0.35086414877419053 0.46653525888829261
v 0.45555300873838661 0.29953964184092846 0.36150657916890006
v -0.55735736463148333 0.36278530324571473 -0.00992235619671652
v 0.068462573859742304 0.30954906534543575 -0.25729986260292537
v -0.10781881669780351 0.37710812095158086 0.64155346426037696
v -0.21434400845996437 0.35700236405820485 -0.30341557598445446
v -0.33141343658667072 0.70410796374462559 0.53963038659091489
v 0.16514851028067118 0.67517402422836836 0.58624773215853243
v -0.47706353482795605 0.67738068403964191 0.56401806794286558
v -0.11215588278430429 0.74247600747951281 0.53704690472243188
v 0.060494144265459113 0.68123655575435615 0.62721032466910676
v 0.11212423611582124 0.61876917223245909 -0.26215252927310917
v -0.60956398561494063 0.58226329535291443 0.58314538908093583
v -0.75096147247444056 1.1998214402926344 0.034553998796893318
v -0.42890639268939845 0.19146441570668235 -0.041233832593377977
v -0.4581437669159249 0.98775126134026958 0.4012892223554721
v -0.62086577823055 0.97648522368293766 0.0070325465205418403
v -0.15706971320398952 0.86668297387302173 0.48671466233158894
v 0.2187373532639918 1.0042675270112125 0.27785105568688934
v 0.15005724827940814 0.86427918920697067 -0.10676218403542803
v 0.061359110105986887 1.0368181592338657 0.083355614495817174
v -0.72848144826928751 0.49108457144856188 0.49127032904677659
v -0.72421272257446079 0.84653627135798493 0.59934788731876754
v 0.39064685626841927 0.22940531550352039 -0.014753163127597949
v 0.21268195003883975 0.80713881858820635 0.4892026574323235
v -0.21444374073940481 0.38301900935211552 -0.32735862354327377
v -0.041388908702562441 0.21263945637211754 0.67477550281570187
v -0.62895427051910591 1.4142394979072819 -0.52677569370882582
v -0.64207686681350817 0.039088694892349576 0.39101578099181306
v -0.30044066645332013 0.13901488362746231 -0.23005951232446215
v 0.012134141121278384 0.031492125917516725 0.19680234988516448
v -0.064937462431794588 0.078690905770863337 -0.085008587790600193
v 0.23183211951720287 0.034333257255471789 0.16748884193831826
v -0.74457852472628916 0.059561717470822798 0.18560789544745693
v 0.12895216144347219 0.022260286290591919 0.50222258565760858
v 0.18385233239968843 0.036843581496967336 0.51317786475293625
v -0.38507222757389975 0.17689228533419063 0.49847246148017854
v -0.57020650348508328 0.13155729807289487 0.56177596900672178
v -0.37217906678533569 0.02958720748893175 0.16272646955104483
v -0.19824752822765881 0.055967958631304639 0.63817714071076681
v 0.00016127361715095818 0.059383098716693672 0.25784533037563845
v -0.44096228116862846 0.097019434028416174 0.5415789009392239
v 0.22008624060704293 0.03066665906287501 0.45167496994516865
v 0.29791463550383024 0.10352296286397472 -0.00079320002016507283
v -0.39239096664821715 0.16339763103452337 -0.17752785092910783
v -0.042399065842430743 0.15433178475443465 -0.23494639688391644
v -0.41587659559117995 0.16847549632666961 -0.13682869033829814
v -0.62606340515566372 0.12185817006526488 0.34438099901102154
v -0.33232526874470814 0.10061578090394761 0.59196382706592632
v -0.43109313161879176 0.035514327642924927 -0.075756502976521867
v -0.53423131126585988 0.1888740326724504 0.47571868671817835
v -0.6442108819792447 0.083032383341541768 -0.0032591222111981993
v -0.61538699099727223 0.055672132735222972 -0.02022272654339461
v -0.66376959022314808 0.035322857652778782 0.064275199883393183
v 0.34494420474948473 0.15592617862931124 -0.012491095650036678
v 0.11268891851067722 0.86892820630660916 0.49193806175425259
v 0.14599336443526009 0.99321752203420366 0.019180499471015671
v -0.271120601101072 0.97939942883696507 0.074732413933408556
v 0.10031560177354104 0.99311316389407633 0.39361135012191162
v -0.23952204141898237 0.95688647059296783 0.34353238274732462
v -0.48217634005575855 0.92183703775107961 0.43358066967842945
v 0.30838456590339741 0.89995725198217946 0.38414119240121858
v -0.6069298260380207 0.90682389618748771 0.5337198651675753
v -0.27488653979180055 0.99582289027973425 0.19203244366922587
v 0.016707080112916658 0.99783575367251298 0.39712606076602197
v -0.65343463850633787 0.87399848233754096 0.59384774861700695
v -0.60195118390022562 0.88092579964565909 0.49396233819251351
v -0.34381588004833091 1.018847435200289 0.1441108434977898
v -0.62005031099114627 0.87287179863968878 0.50709499135281544
v -0.15452131898400825 0.90705961464000984 -0.076802786389134722
v -0.36796281413733567 1.0187851193277886 0.090455212332536547
v -0.4598441091041035 0.99163845081240187 -0.0050640960584831928
v -0.29587609004557924 0.98996440923261952 0.09906761883541261
v -0.21803288596685763 0.99578714913288668 0.25505191932370075
v -0.10065495590323442 1.008701603029849 0.33865628646899476
v 0.21732763872868038 0.94640664778684724 -0.0067283385567635237
v -0.075632409464029035 0.98125623327040568 -0.0068673859350394193
v -0.53323289178431188 0.99578785884085963 0.022465539961962527
v -0.33943162550781331 0.99844181313565949 0.30100760534884541
v -0.062479712905827621 0.9319854098534468 0.46312151212385744
v -0.33146566070570455 0.97856450202031053 0.33937556719891732
v -0.31779494991894375 0.90760508527857431 -0.059178534968773434
v -0.010373658821195248 0.91599305078353166 -0.074926184161183337
v 0.14576228364037358 0.97266363774382369 -0.0085752171896552858
v 0.16448618077336818 0.9564138628894352 0.42059866798662265
v -0.68929232825548359 0.893688304686301 0.64899635252266419
v -0.32676797819447156 0.95788452358247411 0.37095480372513234
v -0.17668140449774083 0.92303478778215864 -0.044070690421305299
v -0.12528292553229181 1.0143157786859232 0.10538713612340679
v -0.12722424241950286 0.89903310189784247 0.4677803352292863
v -0.63829019956033606 0.87903355687186813 0.57061474171675441
v 0.21120095482270856 0.99395638754327131 0.33490818654942167
v -0.16268876838001448 0.93823769195162343 0.42371523567978764
v 0.1923249690099719 0.96744895815272625 0.396990123010593
v -0.64066302813287057 0.94946702021859508 0.6367723626216536
v 0.21047110639877811 1.0119838791939721 0.15187014635440246
v 0.29519114694894716 0.91484327501753104 0.019193270809680002
v -0.66947780603055973 0.98745663155604779 0.0068875904400211834
v 0.24898639787399843 0.91254087076459733 -0.027861891715853574
v 0.064728893154086961 0.34872523743320488 -0.2754769942781698
v -0.55377894343936851 0.31757538587316325 0.36742661132011345
v 0.24307901739185545 0.31200205269056192 -0.2088270090872846
v -0.72626120071865896 0.35182278547251694 0.13924853795149769
v 0.23999880680965183 0.3592706864472402 -0.22025193992109252
v 0.022650286081085436 0.29727424690219595 0.65823100398253442
v 0.44126993406387921 0.31088496615438538 0.014228408890917317
v 0.46936950677839379 0.35815567073763865 0.34182762113272464
v -0.61541779114429629 0.31013762832057296 0.11855424311594369
v -0.51745524304168988 0.32922520654728571 -0.031718312636466926
v 0.31961644451614218 0.27222685029034865 -0.12542364481426474
v -0.17833197928173111 0.37480980164459782 0.61940700079456024
v 0.19378912213854285 0.34386119376213747 -0.23795215642782111
v -0.64304185667650182 0.29975311139381644 0.22567191650103727
v -0.81038025063173535 0.69646290921021836 0.46171885890223296
v 0.07942263842771291 0.76953711793090751 0.51774455260937868
v 0.4478477208272521 0.48575420504693823 -0.033618290314617105
v -0.10838788617078703 0.19758884677088165 -0.25672325232879289
v -0.66263642499482589 0.98005825513992395 0.65060301822159428
v 0.20073794032534259 0.87945647312479824 0.45657920732804563
v 0.0881545144346422 1.0126565294812533 0.03402910887404767
v -0.75558180851143808 0.99754495475659399 0.021339216414987022
v -0.22059459708531917 0.87336398444934971 0.45208521216979181
v 0.10563292855727846 1.0183775044079215 0.35620516631149801
v 0.36844660301246546 0.89523511600781636 0.13612893520042266
v 0.34027965587101699 0.89168959609605247 0.041304807018508298
v -0.10550676669087053 0.29547007678554355 0.63868768443800394
v -0.32319559560748123 0.36216827024110687 -0.151252011866782
v -0.609629590106196 0.19215190300691143 0.13251751407569232
v -0.79479852211230839 0.82583596729181963 0.53121733024934881
v 0.002820809802889747 0.66791309343488237 -0.28014265863125049
v -0.19601949875770711 0.82472585075452742 -0.14316159424546801
v 0.62484229259369739 0.17831924914529335 0.19664879924435441
v -0.96142393129278714 0.9001736632828895 0.30067864429841268
v -0.024368160175686653 0.29444503371213926 0.69081142009456942
v -0.11649117218180009 0.073868037266853967 0.41537955428542683
v -0.43234073196045236 0.035229624343731697 0.50609679761721782
v -0.45339810869279434 0.030384489362624532 0.12807918261031542
v -0.64809854807476686 0.12604717989530081 0.23652294585037867
v -0.36390751420421774 0.038249897102863029 0.20647636428139057
v -0.73684649795425239 0.10683226660807342 0.12690360863320124
v 0.17143132368485758 0.0337345892100867 0.15627246027028505
v 0.22231868670801053 0.0284992158691573 0.42719129087259317
v -0.099980661742741436 0.046919211370595466 -0.19252410729241748
v -0.57739036613976524 0.03941470644668664 0.550761611814651
v -0.38987439032828458 0.13427840552063278 -0.21430933714446168
v -0.73942358834608957 0.058022936891104139 0.081101975900873716
v -0.4096547065729339 0.11819925826832708 -0.20922977125925366
v -0.14203801358922877 0.075151374672698737 0.09845395519743011
v 0.20696540235186633 0.067848686973441388 -0.081853236296997894
v -0.63787941536086978 0.058473655404174325 -0.012126411794875619
v 0.23780434122838004 0.037743571731012809 0.42460760753732141
v -0.001612316686255419 0.043226241034156475 0.20450640858143854
v -0.67830546551600457 0.1099972121373041 0.23020518560343031
v -0.66314336305521537 0.042125608560317336 0.43465986227575992
v -0.056316540765617318 0.10232173120670027 0.58314749571973834
v -0.031505820644906715 0.025735194913001799 0.51587343676681141
v -0.33721947489250137 0.10759399557919415 -0.241178004376499
v -0.26948401807318911 0.17132908984552397 0.58018191040192113
v -0.29473870018344434 0.067526033165928881 0.42402598102188127
v -0.030580738278871485 0.15503298917196304 -0.23205442207898913
v -0.31879230528943353 0.074514327330750391 -0.11192697583657192
v 0.13229876508962329 0.038997859872117263 0.37940570289628966
v 0.16677926798035139 0.07481810158513863 -0.15942318299553179
v -0.26907929144944309 0.973828252251282 0.053113804987419404
v -0.6458659507379515 0.9274552404507348 0.63995796679876082
v -0.28742344784530888 1.0000763585492114 0.20652975391689793
v -0.080916098219407401 0.96044951751394836 -0.026152437715325962
v 0.26162470035084057 0.98637451510933116 0.24974294048877216
v -0.33946425034607364 0.94103609071272121 -0.021581338516339112
v -0.54039984556325571 0.94460142166883931 0.50380441403758558
v -0.34417874643799018 0.95355491231915013 0.38507317586650269
v -0.31192271819381928 0.9770155696240701 0.040610437305429639
v -0.33735777133816025 0.88031292391994087 -0.085251760938942822
v -0.026760907027097887 0.90125809823657321 0.48479115998710604
v 0.083425288002998921 0.96432984275983546 -0.034305695074614243
v -0.49791382390069439 0.91516018241633723 0.44445779180558359
v -0.07910603896295923 0.91229928915373615 -0.080276023941004082
v 0.30463197635910166 0.9576351095743979 0.23746272389872181
v -0.48552680114424174 0.88986793902813766 0.44784485125264839
v -0.21289554376911604 0.98737696119999041 0.28715622259796358
v -0.82415791529670157 0.99592279994608102 0.057421565245138598
v -0.58457372151259046 0.96116255887598978 0.53892167747848951
v -0.46213575871730422 0.94847882205123468 0.39748097406336369
v -0.011029798580643565 0.97585804851357361 0.42157589349521585
v -0.60759886183478151 0.99836877710861549 0.56232950036993301
v -0.3277761866180891 1.0151315804107341 0.18748763263082066
v 0.15367734870164543 0.94870232298347856 -0.046881798390255587
v -0.2953616516416126 0.89705492222310479 0.42600083069573935
v 0.12636700382408411 0.99960454544133692 0.019823609301455321
v -0.041889851345290316 0.91952587104495564 -0.075372575516573573
v -0.45042698278660243 0.97223246491680682 0.37946402531099543
v 0.095131807657679854 0.99901102914245921 0.0080610323347253977
v -0.64725382822322886 0.90932703505309986 -0.011118050593335097
v -0.7458018366377166 0.87900694339294516 0.63599683688938025
v -0.046415459662797379 0.96700675332568597 0.4317651159318433
v -0.19424229436932389 0.90825148344763706 0.44115204286536258
v -0.22988399203718471 0.99672353524085355 0.14558402810709414
v 0.14169850370964918 0.88574307984508971 0.47036201972684971
v -0.091337510352750631 1.0119891557556484 0.066435541190939987
v 0.019307944076327691 0.8954425110292572 -0.10683800084442041
v -0.29458868650913328 0.99918328093111708 0.15323454653142593
v 0.33976287727282239 0.29104302189220171 -0.12666165657476003
v -0.61216198991646475 0.32475446181847989 0.068627881930186721
v -0.6488889809261883 0.31314496847437201 0.14540299008214036
v -0.56761763684338651 0.27366040638881528 0.036242451868273656
v -0.3361435198148981 0.31831407343052864 -0.077260422554679464
v -0.57949598692641735 0.34621555490570055 0.021638969249784489
v 0.25729100439973984 0.35048874715967421 -0.19208478282765432
v -0.53644917647090518 0.36707184101470225 -0.023704218821294584
v -0.13529315103572725 0.34534031377460367 0.63488743185884489
v 0.13127562308988489 0.30595341891290151 -0.2440177367920261
v 0.14692821656200369 0.29666295687303224 0.61317559383099374
v -0.55111758408242839 0.38302583644360427 0.47812428733462242
v -0.06096182785596338 0.30855316105736114 -0.29664879424155566
v 0.43928823885517415 0.33463785636147464 -0.0041596106182263722
v 0.12066970779145722 0.27554099688271233 0.6229317983747531
v 0.23794969695693133 0.32191476313295203 0.56682162529842073
v 0.44354961849622754 0.32747958527116133 0.39462976521689497
v -0.64006368099393685 0.38440481325701747 0.0028326588873213245
v -0.68684084172972737 0.3184669013384358 0.25847082601303362
v -0.047700252015084522 0.31852762012055763 0.66188487871558588
v 0.028913162950937425 0.32749706630973568 0.66527270143463513
v -0.75021679490357995 0.37224944437141572 0.14058890129847848
v -0.20170998392440329 0.32881165254255712 0.55330815311701664
v -0.0072819764977900244 0.3241607836590682 -0.28990308058364117
v 0.41068655345939842 0.3010414549577759 -0.046261665340879068
v 0.37018034012540874 0.78859894977377432 -0.03882351549936891
v 0.16418877782562302 0.72327287153285369 0.57123023316703347
v 0.090424751783064222 0.72902725101835086 -0.15536005666067593
v -0.56153380115355556 0.77364846003613597 -0.1105801506000053
v -0.4094085042214744 0.5450478389424096 0.53385785768675098
v -0.36913490698471646 0.75579309248524418 0.51426661037761268
v -0.33862767912668268 0.21029723113640614 -0.059715787987473026
v -0.11468687051296136 0.16580416590159594 -0.24098168242716594
v 0.13609171913869048 1.0143566459533349 0.053602758632292941
v -0.56927986761978877 0.98422509630410016 0.016978186793904265
v 0.014160352184806229 1.0160092110222605 0.042082372023184239
v -0.16720190016076161 0.87776312502091547 -0.10668484940578295
v -0.2353416710048222 0.88106414018529788 0.43920444751045706
v 0.36882138373223572 0.89790698156879156 0.20084065134323525
v 0.063927657973099378 0.86698289494872738 -0.13275272216199799
v -0.71332249541155701 0.88914855277212068 0.010799973641880983
v 0.032836928373547944 0.27228110245764758 0.64105565984583768
v -0.13389579091036449 1.0179440488472518 0.27114826768937761
v 0.38448364714742223 0.72132123068822029 0.43745871030126038
v 0.37224557602793495 0.25511788584508344 0.46020855556119594
v -0.83481197253396366 0.52462033929638019 0.40995521694604214
v 0.65346965910535915 0.20332699766883866 0.19832056492560943
v 0.45084877095837678 0.4380660146185581 -0.030728449232574208
v 0.16439209432998497 0.43027401253609748 0.66537757796537522
v -0.86726471053209064 1.1266190992439939 0.58903081640678367
v -0.69719958623973965 1.5911983513238881 -0.50622674717085836
v -0.088752645896412741 0.073242443814410724 0.41235695244292592
v 0.20779082704698704 0.10891183066674566 -0.15569422790381623
v -0.1768561514698854 0.07144147358517805 0.48611030059731369
v -0.69633690407241211 0.10193094061484728 0.21193689134223961
v -0.10864995756587544 0.13609703246145316 -0.21012737459506386
v -0.35673461017339214 0.031785145118900307 0.46277585319000969
v -0.28258876773731439 0.07171745354303842 0.42662203292385098
v 0.12162894719198075 0.027797850562157545 0.18744855612556685
v -0.27943124224874627 0.061040821578431416 0.18666878432916281
v -0.60282093262786351 0.034177792048772519 0.26129306320221241
v 0.23654870106086381 0.049025592034814408 0.47120170339551098
v -0.21858304602472756 0.15228026405250747 0.62101255476388129
v -0.30852233044344862 0.13465695876234235 0.5901999513655517
v -0.43446211520810746 0.04599435170763478 0.16586104543584196
v -0.60134936992083121 0.034542390126827645 0.29462518131707693
v -0.46651457994320622 0.04869206884724598 0.17219046519779632
v -0.46971910494644331 0.17132104048182906 -0.029060473873217658
v -0.69411279471492049 0.15427533673519669 0.10828088682541692
v 0.087388881429278947 0.053357818707242634 0.54160571285755621
v -0.6503608380133149 0.12039205582384012 0.49477485053882564
v 0.10045894402566806 0.028404750088096842 -0.11998955969343356
v 0.37573532781292279 0.14733842564795951 -0.012993836270505682
v -0.089856904311938934 0.069258556978743183 0.25439551990111242
v -0.41447821105735078 0.030908762576859219 0.10479629051993246
v 0.11664752515713285 0.024537113288436097 0.31370790809701621
v 0.017230062973235125 0.069441507796000446 0.31513185592405613
v -0.6375445175669473 0.035452223081131766 0.15304121444589677
v -0.72761566329644767 0.040556854030671739 0.1367509874888691
v 0.30111098660124103 0.071812557581589304 0.37150539495520968
v -0.35077998306834157 0.93963058435726288 -0.028482070519412633
v 0.1496745516422022 1.005641965418073 0.043770813258270945
v -0.076470856709549367 0.88112664941201801 -0.098353779192785526
v -0.37225722557741447 0.97041546687231406 0.36370202026481863
v 0.046446690395695441 0.90801620857409782 -0.10080643501419562
v -0.55877128333636805 0.85939637100474331 0.47701419979379478
v 0.14449526612498176 0.9188377708489518 -0.080599043621991467
v -0.61305011484410721 0.93401808116534812 0.57492059163884357
v -0.61702645429279679 0.88566093760930054 0.52586208944909463
v -0.64856339650117778 0.86233857810340375 0.54717744759060316
v -0.26340246500819731 0.93115747891683875 -0.028857962230466494
v -0.65762364006784335 0.99631747077265587 0.0076816378909606757
v -0.18632940022013253 1.0101848848914059 0.21413710300116276
v -0.2753547501828017 0.92314074641813526 0.39653120609871112
v -0.010285493652034001 0.96071338152278141 -0.033980230345490102
v -0.28964698736910904 0.91103374295243933 -0.055867360269265393
v 0.34754854013789838 0.87470091065646549 0.37260639247160787
v -0.42341753019393308 0.89256317083634473 -0.073039604615235287
v -0.097067552193138076 0.95003000893050527 -0.031762651251101164
v 0.18300356990259203 0.89586974355167037 -0.079547718134425752
v -0.56561542076218085 0.88147055007360398 -0.07109129352219018
v -0.23175996275002392 0.95970488345262006 0.013971050874411643
v -0.44056329350218681 0.96933078782657367 0.36326723209648631
v -0.27814922247414331 0.94650670998541364 -0.0084179392445142623
v 0.27856969765779455 0.8663579151180123 -0.050653829434532401
v -0.24334148825400023 0.9883394380448014 0.26578908003427759
v -0.33387735556067316 1.0138231043614561 0.23852325070264493
v -0.49325687289566739 0.89486138893034506 0.44634397633206574
v 0.115798485395991 0.89025113238271703 0.478437762383916
v 0.36013245021035645 0.89148019684341318 0.32832184359913774
v -0.60078957249664888 0.92039713834455705 -0.028059823630562565
v -0.35058039294927884 1.0005079650154456 0.046295915979118536
v 0.30854756272364092 0.95430688672330033 0.20545267265032471
v -0.62901150248526039 0.96000723940769361 0.61622829048626337
v -0.16092204720266995 0.95356206949612021 0.4013392253262828
v 0.0016588523138494913 0.94184968145724324 0.46138475662391798
v -0.50803797312955834 0.97311431937516113 -0.014622248441028348
v -0.70784554032066782 0.88153056103394434 0.64274622781296453
v -0.53755205475584056 0.92652459919149366 0.49478578415412972
v -0.018377881472556767 0.91790361968301759 0.47782236875748285
v 0.14931219024726147 0.94616742957985922 0.43748733377585974
v -0.77417296894220688 0.98893449753988016 0.028598558321009486
v -0.33130035272866803 0.92659524953600414 -0.035527686985974874
v -0.66714835429958486 0.90991820319319461 -0.0013828875902779415
v -0.2407671445612998 0.9279321771424196 -0.038695170477975153
v -0.64017820259056846 0.98146656866473914 0.62689842895614423
v 0.37556603090243529 0.28251819128067529 -0.080606983991710651
v -0.70834692079559036 0.33106374427751684 0.17280716246296263
v -0.58824274399563092 0.28551839104546212 0.096428784868214074
v -0.57017866522733174 0.34143694811199804 0.016457558280483498
v 0.137975783278935 0.31623382926017735 0.63655944261909381
v -0.094840287539702264 0.32513106439855821 0.65021452794126133
v -0.6636523253331188 0.3389605187976481 0.067556563438992467
v -0.028993493172883661 0.26636320849056649 0.63925890698274157
v 0.23904357542525348 0.33068915280516853 -0.21081129862660219
v -0.53136427050902624 0.29865332740628275 0.36893987279170803
v -0.16645760930195816 0.3291988460727423 0.60498021306603456
v 0.28061497514222733 0.34448415330168558 -0.17519116212825486
v -0.71173855485250348 0.38982321257525276 0.053585041137966576
v -0.27351950383672941 0.31785641971627299 -0.24704467898146362
v 0.42070941989060501 0.2819355178200933 -0.0028483009474495856
v 0.011854656785413219 0.37601068087236716 0.66527590319331587
v 0.31685452373016437 0.29926834347339243 -0.14604292320159487
v -0.5586847761491075 0.26873275371215061 0.19961968180648326
v -0.31099136470363847 0.2977294456471884 -0.1423032514196472
v 0.44996336715463814 0.27924944537292901 0.36883254883888444
v -0.71892377950017428 0.34170750247077586 0.28955857362929777
v -0.51131744153519831 0.3411874726085436 0.43943061523470772
v -0.46559373344238003 0.33598975368157918 0.48086904553531862
v -0.46166303403381209 0.26973976301286162 -0.035178270865743676
v 0.023955947114829679 0.32159092663157912 -0.28180641571362919
v 0.082239827792177603 0.37522775764083632 0.65214595838987455
v -0.14735088144985153 0.28953487440460923 0.61636924243983826
v 0.20817005381593628 0.3256369897336735 0.58983574201307487
v -0.15490042404162893 0.36832687790643059 -0.31938552821426242
v -0.58508321262346674 0.33399446641037095 0.38806282908101575
v -0.10383707259916142 0.34007884571241781 -0.30462977034937044
v 0.45869535629965991 0.36424041302692406 0.36067206689560249
v 0.098909820259607914 0.77934491648318205 -0.14732715238325741
v 0.090988716902960634 0.7516365390694254 0.52512395183921856
v -0.040485274788173049 0.78026010564881598 0.53998867175653653
v -0.17401672621292186 0.70684446218056918 -0.17986294514199103
v -0.059315207181747244 0.72372125952311217 -0.18122436712778225
v 0.12192124907157934 0.69118452957867527 0.58390192845285949
v -0.37806900464234727 0.47565222264145207 -0.10934804673374567
v -0.51758122524115968 0.72791802583521892 0.54748876364348487
v -0.2572295593318088 0.78576692990516384 0.51483801350955771
v -0.0010473852752219597 0.52335900259946699 -0.31023536718383771
v -0.35198587267635395 0.59640176870439554 -0.17709872138005037
v 0.089804164582741625 1.0594634035656672 0.16879834461446161
v -0.42185039230619725 0.19012276681913298 -0.042779409477007195
v -0.54490733049515283 0.9762988692587522 0.51712618038383418
v -0.16250564907133738 0.1585699920792937 -0.23080378697891185
v 0.10800816222662939 1.0152722620414643 0.042585188015507737
v -0.19274273922832291 0.8790318887960008 -0.10007207313182796
v 0.20504271536974775 1.0170045417984852 0.18045600092146849
v -0.29800267069553715 0.88655333765493705 0.43406886186377269
v 0.37374838304383462 0.88416729264516702 0.30319653807729929
v 0.025902340048775844 1.0131257408855203 0.37093496958091343
v 0.24602169172111679 0.88755652732057955 0.44202708494469212
v 0.22015007600185865 0.87839848560969325 -0.077598740412671924
v -0.18099379338480975 0.30825014690826275 0.57975759176593378
v 0.30362984531682302 0.39389427636519081 -0.17816337872425092
v -0.35517381116895486 0.36639262066666617 -0.074062969165690981
v 0.46992896809980278 0.70676909890125961 0.29194206884616763
v 0.40021779926836981 0.35345180534685589 0.4614013273736351
v -0.53158284808725031 0.23344785682824692 0.0042545149443358569
v -0.7460966296107675 0.80499455501300021 0.48681512664963994
v 0.52042337690052276 0.42034474082802487 0.23781653650996673
v -0.4164997702398075 0.20471396600708022 0.49183478007970499
v 0.38965037592620444 0.57162203211547225 -0.1303461903334385
v -0.70839182875823836 0.61170648179289588 0.55759291938214761
v -0.55054522664629624 1.3677042343907164 0.2075512686804652
v -0.27964008326419854 0.073095426942111824 0.4183251749915009
v -0.24562951769528796 0.070670314557616354 0.1960255992105964
v -0.51138610808730378 0.11990303261938749 -0.035733220211394662
v -0.18484530799774679 0.069525143981504806 0.30739933362940997
v -0.26695964015251 0.074545736263236614 0.13785827274186405
v -0.72767407556361252 0.11935805062686114 0.12964183117513345
v -0.47821125149566601 0.044359262801972547 -0.14470754300846464
v -0.38233322345920012 0.052281269676702408 -0.090540961703856726
v -0.061761895438023379 0.15882598728474234 -0.24028941506902576
v 0.009532377705198573 0.054719714295530089 0.26687135919914023
v -0.47448041883023373 0.038994411638140783 0.31276776739975803
v -0.26603075156979578 0.080672128861596068 -0.11104713890310521
v 0.12398116966669395 0.035753385790534886 0.35531221988895634
v -0.66517757227579954 0.067161014860705068 0.36294080184214356
v -0.42563923664899811 0.042753567601082128 0.030045944761120356
v -0.63809799936392031 0.17656035199894851 0.15226041053466832
v -0.69411697556682006 0.12005375405535064 0.040153115003384227
v -0.72054927773830368 0.042084592302057279 0.055060484173754788
v -0.3956482562235768 0.035304264286377382 -0.15303089476020565
v -0.61965152459493178 0.13766084499465492 0.5308910437200054
v -0.4166634455445829 0.13621189066151754 -0.17331705421981436
v -0.19683455643784167 0.030204219441832658 0.59394897185078688
v -0.26127232239556425 0.16670749068416277 0.59290719738722297
v 0.030735676238183168 0.10807802764664101 -0.19054029456081967
v -0.68497863200043307 0.16417125098749555 0.14137780905125308
v -0.42153463334855523 0.030213744815826744 0.13736671220659374
v -0.21712685660721115 0.18987863559599163 0.56735220186522584
v -0.53853305482544589 0.86761471813818936 0.47100248009652934
v 0.34014646558939104 0.89416252472593494 0.35791829116742169
v 0.11272470561310521 0.9318353623972313 -0.075954939166272439
v 0.1572484876485408 0.89817113289468931 -0.090322512429086454
v -0.15508678670818354 0.93267633196771804 -0.034378876330268003
v -0.23023052105534081 0.99805674264793687 0.16872062920900657
v -0.38898837823241045 0.91323029222851371 0.4224960272981711
v 0.19258848788559593 0.95178382767761471 0.41308047575986995
v -0.073334384521877544 0.90459964816076266 0.48200342649691685
v -0.7149101015238748 0.84532673489613974 0.58672001222736425
v -0.052756258940605649 0.96108893471875689 -0.035401444262804636
v -0.61128853537113492 0.9664350213219941 0.0051444355505984897
v -0.051715279443760975 1.0125957047986562 0.36028696896054807
v -0.22915544081184669 0.96791788032972148 0.029540893329733805
v 0.24245896197527428 0.98201828335984975 0.31508490925444899
v -0.50299204740732439 0.97515370662233103 0.46956523717634324
v 0.17909559155784593 0.95188312960402066 0.42056954735483348
v -0.23381434444989208 0.98250393473694242 0.28730172620777206
v 0.33415087328885568 0.89528748427386473 0.037948770692737256
v -0.35965349823733639 1.0239748892538356 0.15157723622032299
v -0.00094814190528973608 0.9058240403467186 0.48814444575632604
v -0.052460452442056944 0.93291866660272116 -0.065012569633482148
v -0.36480016257950376 0.99999483501111608 0.032071071783710242
v 0.096879494988784134 0.93204018268445432 0.45079612894866694
v -0.24481063675468578 0.94461540301637592 -0.012683824803562969
v -0.10578337465248321 0.97290180763934719 0.40334030748951488
v -0.61730639517379693 0.90851730087955851 0.56147748366769334
v 0.33920694415513331 0.91863401033456316 0.31251381491175367
v -0.20339102387038743 0.97916226112376714 0.045843762179799109
v -0.24938165727076467 0.96978508408979036 0.040187038912964886
v 0.24399221080857897 0.99724598509958007 0.18713964638349276
v 0.22527926813474133 0.97478070434188313 0.35447870590686664
v -0.39251943516084215 1.0077195704402879 0.28617803606233133
v -0.03142280474041699 0.86881611087913302 -0.11653396689667828
v -0.30968358446302402 1.0083155770114818 0.20304486173859881
v 0.19747117371573353 0.99387737240314178 0.057590555169434322
v -0.536935728637562 0.91308646916710412 0.48743046617196123
v -0.38024495702297734 0.92980908891369718 -0.044802816832495568
v -0.26059988748073154 0.92841071154732269 0.39038842522484224
v -0.17730319779724496 0.95653401862829479 -0.0068900056706962367
v 0.28305186250953623 0.9535156928963151 0.080173619956205575
v -0.4261998279641489 1.0059517681342898 0.016835599950628447
v 0.28219800225926461 0.87951427975771079 0.42396973615735856
v -0.10331784460053441 0.9931650378388337 0.029020081262961739
v 0.06198807271860373 0.30296659049341929 0.66101489209176456
v -0.19874302810569169 0.31221033719668895 -0.29652964973559998
v -0.51221171189959236 0.36034972596273213 0.45879494168780083
v 0.21840942951870893 0.38206504971263988 -0.2378176496913012
v 0.16117247167806542 0.33598799236654558 -0.24980139194590048
v 0.16764218121478308 0.29954431940501525 -0.23542146154927321
v -0.64668015779013688 0.31972857711469049 0.10863429920548867
v -0.04119125658876846 0.37793315442296521 0.65864218938584851
v -0.46774776581690181 0.31248470688381552 -0.045776426079997865
v -0.60456205518937733 0.38672016058535491 -0.011766470062295252
v -0.59177118991255517 0.31192591523244173 0.072042190869102282
v -0.55872998597039403 0.27316934121024589 0.21784800312447783
v -0.30705591228812062 0.35639511550932174 -0.21395876556821575
v 0.077506576732982405 0.36400041128306565 -0.2735088297917696
v -0.53491082577437421 0.33367131939064398 0.40923046242719624
v -0.73914640391962116 0.35328320823050186 0.28087525881948316
v -0.24063105334886314 0.35277855714471162 -0.28657413517453767
v -0.50266020342773832 0.31737496841960938 0.43658832518575147
v -0.33889848064143852 0.27535436715104705 -0.040533810503851471
v -0.10603511510422106 0.35925659775635133 0.63790137608884412
v -0.53353311186455565 0.38899266082525291 -0.040739563875093039
v 0.34499235434676279 0.3107857627852022 -0.13186113417597872
v 0.45843868865816079 0.33089396745129024 0.03164548764139366
v -0.53455627078517931 0.27189043740684854 0.29325576735879516
v -0.3927435891517137 0.29630645111024423 -0.037439432766429477
v 0.025344771374211515 0.28456394471425811 -0.27488805527658933
v -0.70528265067505136 0.32400148734278916 0.21745768729761197
v -0.68706126863335382 0.36078964895029431 0.36632081505447456
v 0.40673047918090649 0.33393409589625517 -0.064399830769907018
v 0.38010578352320429 0.2976958974495143 0.47061177411973409
v 0.13390834971942522 0.32895242170132766 0.64129897917070666
v -0.041206744777931889 0.33490880474345125 -0.3006503190772985
v -0.63386818332188954 0.31268720329987226 0.30686418949321315
v 0.18617800779665158 0.34012894191629334 0.61276372291184766
v 0.25078285565869624 0.27111410864664309 -0.20785568277153241
v -0.14214115899219679 0.3256300258865914 -0.31114098671742241
v 0.18990955057475897 0.77859031436088733 -0.12495539555985877
v -0.035247313528044319 0.73137894947891469 0.53911001585900409
v 0.15193336432092081 0.74408988867849246 0.55576122592320099
v -0.092379481934633273 0.72906372500099736 -0.18029434642423606
v 0.042272497190243431 0.69754092466542572 0.61526715129755849
v -0.44891801485108868 0.78046354969043286 -0.12996572922197402
v 0.026874645356948047 0.68744071158522413 -0.24356245461824153
v -0.15161686254751 0.77699912093610402 0.53057406194073364
v -0.26385683098541851 0.69979174765775431 0.5529338822611668
v -0.63779997986618886 0.76498451502993325 -0.094654973327937736
v 0.45719742913896894 0.77037588213497465 0.12081587286198084
v -0.32411064127142253 0.78098170922398436 -0.14419295541274149
v -0.37185061355978499 0.50833980889018104 -0.13777296361371444
v -0.013462945983815353 0.80452084605584229 0.54070849977195545
v -0.42265858551749619 0.59500083532619474 -0.14432294293281411
v 0.42828950886937095 0.50281100204799911 0.45012315092959643
v -0.47577738255348889 0.80969271362059636 0.51672221338664226
v -0.84892558712933786 0.57672296967920622 0.028222842615787003
v -0.2489498379652034 0.67038268633265852 0.57751808157001783
v -0.47490811400667476 0.18021529633972316 -0.025505432605328355
v -0.32300890802187027 0.20710569922393593 -0.11367885748339841
v 0.31442229199628013 0.18687854383259375 0.4553703181830569
v -0.62348620454533643 0.99949005551387593 0.59186131443397649
v -0.13277507236614969 0.16257665329968868 -0.23772652182482207
v -0.029199445840497253 1.0145056117071334 0.037020951291476097
v 0.52911994078080471 0.17931454142458364 0.3543155311253679
v -0.14996401958308148 0.88617640359438299 -0.094301799366319328
v 0.21162702137724462 1.0063166590204826 0.11112101582121109
v 0.36886405535029554 0.8948644141314156 0.25821930357392642
v 0.21836698829238074 0.9071931321496387 0.43811673103198379
v -0.26532507296097968 0.87225725470241955 0.44870427488555914
v 0.14968961084097046 1.0143861313765306 0.34773106471101373
v 0.19110004980102535 0.87351211380957416 -0.089483731095341149
v -0.15776357869122024 0.29010479244084286 0.6089294972596071
v 0.35114397391040236 0.3473416492387299 -0.1317542270886328
v -0.31790260947403515 0.37602433486114673 -0.19895346144647577
v -0.099467586211629128 1.0317862287082744 0.23119301158672625
v 0.30190429913624006 0.74354707728297975 -0.11631674515156419
v -0.50516196794091417 0.21759053770667494 0.25249203345971166
v 0.36174265498634633 0.4358723408178426 0.48273122721612038
v -0.47699871458029353 0.82094340236939678 -0.10971164846556181
v -0.49582600548314471 0.47095255368981792 0.54291555026156035
v 0.21047728628701307 0.23182117982949804 -0.22968982404425967
v -0.18634040753784467 0.52807468580142425 0.68422891761414328
v 0.45639195394215609 0.54539663395982763 0.42900713676770791
v -0.65390429280220741 0.37290642502865168 -0.015613302478130527
v 0.095389180050178671 0.73791342020218886 0.61119959580944727
v -0.69677987798183072 1.2725470376622832 0.10225598338158398
v 0.011150748477806916 0.13879319911687818 0.55834265629379298
v -0.069501174124957821 0.121925940136157 -0.20342201166458795
v -0.69235100812183359 0.084613373454169485 0.23563797888963706
v -0.37227921905838668 0.08238913087782633 0.5432562897956994
v -0.42615620673080945 0.1159167641518255 -0.19554685711387901
v -0.061053253269776252 0.05972737633947036 -0.19731134639591108
v -0.53633165017130335 0.03619919925449535 0.21777340610562002
v -0.2929209868390939 0.03864280471771761 0.60837936860275899
v -0.10916332704671959 0.092429497968466209 -0.20713846995162941
v -0.50110941033406653 0.036384379685908672 0.48930157535357877
v 0.056187431587494147 0.063409961285162575 -0.18990444579391985
v -0.5415371626395955 0.15600238780515391 0.30582195819673985
v 0.2292862120229642 0.17350110640307687 0.50515752214284304
v 0.027964233396168787 0.095831731752751989 0.55428273853232035
v 0.09798975578598218 0.027574885303372043 0.024735939445087975
v -0.20125924959397914 0.034508639053037714 -0.18551183069675053
v -0.28206874434802748 0.069725361655409698 0.63375987300768566
v -0.51467858462511606 0.036726927663004547 0.39549775400048881
v -0.40857159178570102 0.036113631231255855 -0.20969048453704456
v 0.033129148269055962 0.049659746940522775 0.068810991604665223
v -0.47228752396250773 0.055145425267930537 0.55899325503239861
v -0.25190200247611882 0.032124985636094838 -0.16335212293826595
v -0.074049163486579028 0.082257310730755664 -0.06460853084286737
v -0.34081055444262515 0.14664656842079299 0.54419567178117001
v -0.74680654845288208 0.049922249188254407 0.1241239608859641
v -0.01076149122796566 0.070170843864958921 0.56702671089401901
v -0.71049500443967983 0.14507247120602818 0.12446774580417348
v 0.067871805050877462 0.035481216478451476 0.035407324597311281
v 0.010646273110086577 0.044717287946716359 -0.10108770667139541
v -0.25696565214443068 0.060089714779407555 0.48483609004378614
v -0.092611747614657805 0.09730951619875236 -0.20625758658445875
v -0.36738096049204427 0.13717158997438453 0.51544280993954861
v -0.29098020857714213 0.033805474853702382 0.52266854407598373
v -0.056568283314146331 1.0166555591735584 0.34835291970357324
v -0.55749906287887341 0.87010526780010078 0.47606714212632339
v -0.06015838498511155 0.91533211691767302 -0.077586431026212196
v -0.61586297177183513 0.89199125929973855 0.53419589990731331
v -0.43502503006506543 0.86529883215814962 0.46079472428289292
v -0.57195060452011759 0.93670305142650423 0.52345876231872379
v -0.46197188871854161 0.95810374868218873 0.3992263503490025
v 0.20432098739011084 0.92254785506045545 -0.04556937716376773
v -0.1967044402355764 0.96791548925344584 0.014522191480248064
v 0.12691268233469463 0.94597454068167819 0.44347582952473136
v -0.12095715068960584 0.8985868034521397 -0.087894452272394841
v -0.23143590722373789 0.91170055695842023 0.41827149334825198
v -0.23303419206467593 0.98698142544556411 0.091869701865173112
v 0.17117122311461025 0.97326731005047917 0.004968374874596621
v -0.68744853760580982 0.96779419545607792 0.0075703119189458089
v -0.2760458617396831 0.99635239649788376 0.21696759812427169
v -0.64519103929564614 0.96451240857054477 0.63903327814013167
v 0.12381690963779664 0.96777595547344264 -0.024193214771000587
v 0.029428025093817964 0.91976189417721455 -0.080587047731810427
v -0.2999518525181557 1.0015500138864317 0.24703199094505143
v -0.0043131723335097958 0.87166715971112263 -0.11518690555359432
v -0.12076891895755475 0.92075016760785355 -0.066360163421311305
v 0.18479524665150651 0.99848644457818436 0.3568988345875036
v -0.52592923567432093 0.88257971317521955 0.46206206694727064
v -0.68698371776967726 0.87004164248619653 0.62506557034093957
v 0.22007480427374251 0.96442647102531476 0.37320454520363627
v -0.087146385933962109 0.95415507636079999 0.43602157307234518
v 0.032642410175832227 0.98630182278280953 0.41113171445592689
v -0.096799562952792406 0.98168609994063916 0.0064831918123979355
v 0.13876369469186783 0.92743841698476248 0.4533447926075812
v -0.10025680351188238 0.91791759359511327 0.46823090521740129
v -0.19730729328956742 0.97867943756204945 0.31693091640330751
v -0.3735042982277415 1.0211129149897975 0.23791756853514753
v -0.45377375154716376 1.0115964180743995 0.023620507774296692
v 0.056936028064243589 0.97566260499440671 -0.020686758587644051
v -0.75508709015901698 0.90519501661034385 0.64859004903590145
v -0.0054392458001536522 0.90333582551775971 -0.089011114891872425
v -0.32129862856663721 0.98888470224360103 0.057252047493790224
v 0.26473155599815401 0.93182694254774479 0.011790221011008982
v -0.19136105035950124 0.99319101443743318 0.29298256766088526
v 0.25144325206916041 0.97660237065643496 0.081540793217748667
v 0.23400690831450482 0.96271214296732888 0.36620206636705727
v 0.0087241237283845908 0.973171150143465 -0.018931205520276634
v -0.17311816610315012 0.90755033656072615 -0.06907914794123407
v -0.25095948307105315 0.90785871083588465 -0.061710316394385907
v -0.35208451880064862 1.0087718945598363 0.27888158595404472
v -0.035814416417216631 0.97716428753828588 -0.025189224999248559
v 0.34985096852926639 0.85717134940916917 0.39143720490866846
v 0.25465413650851187 0.94411292700221261 0.3878761773994942
v -0.92997924591547387 0.98212682443578503 0.50001512006447257
v 0.23598327785179965 0.37745047414955524 0.5869290416704116
v -0.5020517905658286 0.3115179258588901 -0.037026804119621864
v -0.69145489174387353 0.35302444335813093 0.067363234645428524
v -0.58424857628373816 0.28801725659963678 0.27366101590717784
v 0.20872476801320219 0.30642291363466317 -0.22323926029944782
v -0.5773987824289053 0.35516361145151554 0.43544532041826162
v -0.069753711492166123 0.37242922372155596 0.65210174527788056
v -0.68365118840485606 0.33469547628803148 0.31950236534354293
v -0.61723201729586319 0.29852114462716878 0.17095109627037569
v -0.22832030389942812 0.283234020336746 -0.26654784138269549
v 0.13686162113385045 0.34262961953197341 -0.25567155447125123
v -0.73282194907374365 0.38198618809011564 0.34092022589729015
v 0.015013385108040518 0.35089264001152798 -0.29371337035170014
v -0.12481668138133063 0.31411835213671918 0.63591483578193664
v 0.00095036860758313533 0.27792503051323014 0.63357645564069065
v -0.51746576088036611 0.25840958146319087 0.24649945025371772
v -0.35108960951340867 0.25990551686752572 -0.029026235248522238
v -0.58544627083441381 0.3245235806501352 0.049571126292155009
v 0.075960016588753024 0.32693424230228996 0.66287393120913118
v 0.4732015116610539 0.31489495362386105 0.35064550652647269
v -0.49070921754215574 0.34707012815605076 -0.048936583742313765
v -0.74180867166004127 0.35213738268013689 0.19388954856341817
v -0.28034570138465137 0.3712031144364385 -0.25375684141621557
v 0.43660844951439765 0.29141675387667826 0.0099540905432495708
v -0.57301087191700384 0.37584511845503848 -0.0095547307395484893
v -0.5273670045458223 0.31140305267380769 0.38855502699438604
v 0.29098257526663246 0.29617410873951333 -0.17688540688286702
v 0.31929317972256943 0.30237943944824275 0.5187831454616838
v -0.29796303380931211 0.31994991278504681 -0.20221866752431986
v -0.75045682692014104 0.38406689051057136 0.10947570154981709
v -0.59276934749476884 0.28706513968966019 0.14929780303678084
v 0.25443967491918662 0.28767972199198877 0.56453078729410155
v 0.11115869422111468 0.3031244637618053 -0.25015983245233553
v 0.30387408932078003 0.35506145078814977 -0.15606413225865035
v 0.15836238869072763 0.30434075007564093 0.60782910672045942
v -0.65570831932548646 0.38495286929142081 0.010044669968052488
v -0.63090237837768648 0.35277958626215716 0.4031656127959149
v -0.35142425617159917 0.3220079205984886 -0.056086027774084314
v -0.35814937538206193 0.32608361417755172 0.51652474817434491
v -0.065878841375002606 0.28776322821187833 0.65091774193842467
v -0.54374918057959021 0.292466043655908 0.32389607724273073
v 0.44531480463581635 0.29788735456809096 0.37220646471996716
v -0.10324066411351411 0.29538681923304921 -0.28750880337688767
v 0.14979020561909026 0.37844506948584561 -0.25931441027806568
v -0.0083259328854996574 0.32440982900099807 0.66085408987450556
v -0.26421031505064507 0.31122856551140876 0.46991458404806552
v -0.56901773727734017 0.24516637297798077 0.17878525798353356
v 0.10534217760130453 0.27070049392476403 0.62973301707957607
v 0.37239642964874914 0.35765676504898186 -0.10907989587977183
v -0.038904815074426634 0.37646495574508848 -0.29475028455813312
v 0.056156487365238178 0.72535327046201492 0.53870610607651315
v -0.094589081106253706 0.71910023883436958 0.54381042536338198
v -0.031538388335917183 0.7459798308096135 -0.16877075619069937
v -0.051046716170812113 0.70202047912178911 0.61336076504783676
v -0.5415459729337917 0.7079787163767548 -0.14070843961782989
v 0.24155456700436684 0.72952053986123577 0.54789232327448412
v 0.39718254044808321 0.73917038217828779 -0.053380631313505907
v -0.57148601817915634 0.24660356103545311 0.041151728030262943
v 0.11021568848113207 0.70328434013114938 -0.17271070570584976
v -0.72989890568257054 0.78699552494957326 0.49096537782651323
v -0.37389259498555988 0.76910255870460431 -0.13114629824679694
v 0.17256070311809835 0.7480976135463715 -0.16268754815344108
v -0.36037871692637269 0.53431540237861219 0.54470335944153658
v -0.63438147159375158 0.79112290265267138 -0.084853802450320662
v -0.46872073914521911 0.48973469982910833 -0.10730987335188574
v 0.13730112086544388 0.51299069369626138 0.6528928271241039
v -0.50857461966794348 0.58665620100216076 0.57602774685296276
v -0.23829294055007857 0.46995844169325712 -0.3372162751740691
v -0.16902610132504009 0.67283359898536266 -0.28756006695240677
v -0.71114577531940837 0.542399793695854 -0.095044261764987703
v -0.37879881973379731 0.19814879500338026 -0.051568330311415549
v 0.32815778188643163 0.14893991111327831 0.42964196176761699
v -0.22164254350191764 0.1730732953858268 -0.22129461086046334
v -0.40633012588777234 0.89986759873093181 -0.068873426926099018
v -0.72403567136279479 0.9896970039047841 0.014850526679891235
v 0.38471853134487827 0.8645823314531853 0.31967166429776445
v -0.23096120023167863 0.87754987382038363 -0.086454690588807587
v 0.034043068938238955 0.99984993153470214 0.018808243519972394
v 0.18456995977097496 1.0159943295077114 0.30293309456583939
v 0.22145116365126527 1.0087265169572008 0.22712266237771875
v 0.15238503530577568 0.86639762568028 0.47616577556956408
v 0.43293058367873316 0.18300480259358803 -0.021751300929485521
v -0.19147682072751079 0.88089687001346906 0.4655693413465658
v 0.118379645727638 0.85207957218652453 -0.12869187630364401
v -0.25840350803460471 0.27979265961252542 0.47077368071732412
v 0.36106369654850928 0.19576002373835114 -0.017856130790022146
v 0.4101584250137103 0.37172011593161458 -0.078785361820602987
v 0.2588166643461709 0.33614912246318379 0.55113705700437743
v -0.41638046456781075 0.35908008813122066 0.51703337910576508
v -0.42128365954742214 0.34078329984948108 -0.052835856289503429
v 0.093174212425392047 0.38555507791193705 -0.26572006158894779
v -0.65103366322802947 0.72992200501071525 0.54046673305393478
v -0.59413768978474713 0.22933707904522355 0.082531199534772795
v -0.52764210950404777 0.29054561098122356 0.39583652878167125
v -0.81591029237363089 0.42585582538871203 0.23552582053332657
v -0.28577667838591653 0.57283245238894864 -0.30676629335386119
v -0.21785301694195566 0.67216360398386821 0.55253505614003517
v 0.46260077427736424 0.68947852397673226 0.023930170720074785
v -0.2910158816855607 0.56872423048746423 0.53296433701949275
v -0.59103732192973713 0.85418810563711822 0.48023365689907321
v -0.87893014065417507 0.84682551396060424 0.28615525091222327
v 0.22969876749913284 0.52710693012015142 -0.21996061752018697
v -0.29394101553436458 0.53333740585490341 0.5287462738932367
v 0.34067109895650005 0.67012125890341689 0.51667253246468203
v 0.24299720957670948 0.21422997792588219 -0.21472685580500397
v -0.66425172025279189 0.67280511790703779 -0.11624577190583818
v -0.11696921138632801 1.5244863527409589 -0.13146086897879525
v -0.4296772096637636 0.034056372178916675 0.35839109309831679
v -0.44262189331172025 0.1049523600440634 -0.18733704983639912
v -0.2090562191281328 0.057183494463963681 0.50589159075710233
v -0.5328812353241994 0.078878730189271606 -0.043140625836282726
v -0.26981824354412792 0.072274497075200908 0.44547830977925973
v -0.099893012102646866 0.07902879565773531 0.013794682592329383
v -0.2844685917294677 0.17133422821257552 0.55837904384316839
v -0.73686879591543397 0.067089934919855307 0.0770055257784764
v 0.18141756747408258 0.16030758071194259 0.5309893005970282
v 0.16935316386643393 0.1846852184210809 -0.20343683554869499
v 0.097603949808333243 0.11857057574790918 -0.19587533767885271
v -0.10677981035071284 0.1716397795353094 -0.244909919808423
v -0.30234460990113665 0.053467126056111515 -0.23810418048792736
v -0.62376797122818084 0.047006600486624348 -0.012365160104476415
v -0.043265506155098506 0.077859776532335917 -0.083994699474258319
v 0.19638660797693963 0.045102791885958546 -0.064357012554199566
v 0.078080729040257507 0.028867561010016217 -0.14112915975765125
v -0.31145773778132474 0.031282572042584424 0.26251735693451617
v -0.11762465368462538 0.16871754451416981 0.57564100256756989
v -0.4071957341818741 0.1638962634408043 -0.15981861798331964
v -0.74318897302456388 0.092191762815727926 0.17300156974745659
v -0.20393850889064796 0.045903246463881296 0.63571468917443352
v -0.083337162163643022 0.08231887752650148 -0.057451419716603697
v -0.10925504007958803 0.069890096191477319 0.32646893711628822
v 0.080613076264814829 0.060844747004283467 -0.01482729597334669
v 0.067701582138783425 0.041643417502636428 0.026584791937818264
v -0.48560373588695943 0.13013201197542104 0.54490596831031457
v -0.059878863756033809 0.066106199732430274 0.46246234770581246
v -0.22508924274438791 0.073343045392629688 0.14479836422731787
v -0.12026102101438539 0.066127317801232363 -0.20257715875795126
v -0.62867634794834237 0.15537457045740852 0.042064322907754755
v -0.063012638103943086 0.13153692243234633 0.576618470695757
v 0.22720303951181842 0.043810841634465969 0.47884390715209191
v -0.49778543372285794 0.040525201519883078 0.54820981472103414
v -0.39336590344562139 0.036501094357565024 -0.12484959483584271
v -0.33613009820683715 0.041491150531222917 0.40522534723877079
v 0.13626871352794284 0.027176924557734284 -0.08054552309830311
v 0.18306229345370634 0.054865774767946171 -0.12359724476765738
v -0.69876144300940635 0.039952574506201856 0.039903601297112824
v -0.73995975922852031 0.053911613412523776 0.1859200779006554
v 0.21423012678886952 0.17879828583164875 0.52451888605655639
v 0.17784550604882488 0.023598569526107005 0.073328764489002204
v -0.39065479337177894 0.043781773378756259 0.31898528982450591
v -0.66683792904570727 0.0458242947291213 0.47434788668365074
v 0.15376010867802442 0.10839143625611981 0.53103050928315165
v -0.12607748311968225 0.074342455778633215 0.097291566711894081
v -0.50758684401141485 0.13435043354436013 -0.032024974664972519
v -0.60335166710634358 0.15398389366300441 0.37266149969046136
v -0.053580785371741699 0.14824103595515284 0.5668225316979113
v -0.63830563215060743 0.066116166822289615 0.29463175704270178
v -0.52026004080781796 0.097317704757490492 0.5729915044388767
v 0.079767638786052086 0.090980965470523839 -0.18541427801995103
v -0.3365938802183478 0.084959655873104195 0.59029043604000797
v -0.022474836060372431 0.065258580739327887 0.19008775872677333
v 0.1982442854055613 0.11131465923993301 0.52366144061607534
v -0.19580362063651144 0.14898077221394099 0.62424895613715603
v -0.31244529291472795 0.080129417775534256 0.0044791399091306744
v -0.23845349556767653 0.18822511554137397 0.57082113621768338
v -0.45280307485219395 0.032547866837751557 0.38151094635250338
v -0.32347016756875036 0.057247761587271115 0.13117342409991536
v -0.4610343669410672 0.063808476320485433 0.55812455752649059
v 0.031713513679113882 0.036437390975211127 -0.10269628787886866
v -0.32172670557543143 0.036029643555479482 0.33959848231466777
v 0.01122777947202205 0.062664035393767401 0.55899710780707512
v -0.43143207476151324 0.073588306312606155 0.54482295024502947
v -0.40389548730250746 0.032984321983780325 0.41177456437414028
v -0.49058994377620679 0.063332399816579996 0.56664250653526793
v -0.51051921248371124 0.033462947823112967 0.02082176456555335
v 0.16894517314625049 0.029493495872785054 0.25527547405743634
v -0.58317119103078396 0.17630497543489698 0.40455304969100725
v -0.48529069332851876 0.036877359331351361 0.46885799065972839
v -0.20074484158060288 0.070630769331215065 0.35284207275823515
v -0.44603705288705203 0.033061010315695707 0.078844945454842441
v -0.42800846609925708 0.036878017503651862 0.1595329129105777
v 0.01301687196741348 0.081673450421719571 -0.03865357310285894
v 0.0029974646684651899 0.041039842204215402 0.22049711932194394
v 0.09714498890855966 0.023622247427074448 0.070319415214758929
v -0.28054213192783978 0.077298435087289466 0.071997425764475348
v 0.14685659010591826 0.028602835509139796 0.38596886535436797
v 0.34803407016935328 0.099750386373502226 0.35787052392938951
v -0.50478779402548657 0.037406573998085932 0.44464063948598626
v 0.03217191663912692 0.046811903705245031 0.55518388706333921
v -0.64718273950017846 0.13351845358993517 0.38906282861114783
v -0.43429658704112595 0.17636718064829299 -0.066476576927602588
v 0.0063570932621591445 0.17670483109688637 0.60243569760527382
v -0.071065156254106712 0.042372911227587663 -0.18227025744093034
v -0.054324500559345568 0.19022125469548462 -0.25357514375205076
v -0.28644506924114482 0.03314285264569717 0.57412199700680377
v -0.06598583314540829 0.030083710561155837 -0.13903472669419256
v -0.66561813549078253 0.035270719629672966 0.10032526567997709
v -0.52342816529711966 0.19373357143671102 0.24192835940603655
v 0.037657361382727829 0.029594074253491486 0.091659014162359026
v -0.27919033646937502 0.19356083410848898 0.53427619602040044
v -0.41882966841373848 0.038013482756812808 0.51405875686396596
v -0.58162167065472747 0.03691719671617192 0.41246107785600777
v 0.23040274103044769 0.1245155729060311 -0.11890780952221119
v -0.11760803879701071 0.10001009571583011 0.6057827374959962
v -0.40645903926320226 0.03586955986709997 -0.11707449206646332
v -0.31440682302840839 0.072779584037086356 0.095068015471140285
v 0.14917181392014708 0.0294581713597434 -0.10973323937750679
v -0.33390908248929346 0.067586678036467604 0.086810234571509923
v -0.18617668477977184 0.17181273576194567 0.59580973450433361
v -0.63438395762303024 0.1541534646556916 0.48210944907505854
v 0.075710833075415859 0.025449018121925626 0.15556062483260721
v -0.68879442471365593 0.14461115395761712 0.18585722795810813
v 0.10205910469815958 0.038556991798347443 -0.059136900534631699
v 0.23225319523490398 0.02730404303046096 0.34123554576924586
v 0.11868795032863276 0.026164697108872394 0.27434910605770424
v -0.51537929958388495 0.19984390290353057 0.45743222951877516
v -0.076614405259629481 0.12675584903877457 -0.20488824613476725
v -0.092754700875500307 0.031950465793965696 -0.16307169307026229
v -0.73325728025400116 0.041366686813891031 0.12196809204728476
v -0.69652763535283524 0.075747596206546156 0.23611272322490001
v -0.60472868935897872 0.16557134168995014 0.038762484215429598
v 0.0047865065490880297 0.052849957152064385 0.25606151865169946
v -0.60650103059258997 0.035319122324879923 0.00081084868428801923
v 0.1246302130671271 0.17919556617461971 -0.22394197293664686
v -0.27825642640310333 0.03346046455172965 -0.15647999592637443
v -0.50588152114025275 0.18654402753038918 0.48286143161966005
v 0.22572598133358837 0.091438559197938404 -0.06438667029663793
v 0.2252675929357455 0.024499993991339487 0.081670659715764898
v 0.33792741190837761 0.032120946962647397 0.11748672285143731
v -0.095695174966746385 0.20860018611038675 -0.26214388846770142
v -0.60284762816156801 0.12670608461705124 0.32768429964625495
v -0.64604773051937048 0.14362485524315508 0.47206947296461149
v -0.42459856737399732 0.14476286663538729 0.5173492174864599
v -0.28770837041169772 0.11423809965942913 0.6136068020919796
v -0.47253912348423954 0.036633728202795451 0.40281093011584024
v -0.60830540340460781 0.17332402961236373 0.47263868654785668
v -0.2214123037435641 0.16836662539277597 0.60552091097157068
v -0.28958667929942955 0.044971069993356462 -0.13844231513997965
v -0.38334860580255842 0.10365498359308176 -0.23257334702766913
v 0.19809304672992903 0.040420899134537586 -0.022861884443971088
v -0.26510798273148778 0.10785050001774801 0.63117958483769454
v -0.25184235186390569 0.091682750502364324 0.64174544241426867
v 0.22344119753116659 0.09341436548306048 0.51131624118763352
v -0.44819221507310836 0.14355940223411451 0.52769960108901981
v -0.32011961128673533 0.043683252996861995 0.36712644221828938
v -0.40994527306967637 0.042003411799176001 0.32661598088006877
v -0.45150894600013775 0.054164368344011359 -0.20224811708890994
v -0.21287002256888365 0.079853743610800165 -0.10609370505560203
v 0.2261215341996019 0.12343948061487918 0.51005128467438854
v -0.033992775475284377 0.19207690509397191 -0.25523421400225837
v -0.23083523081406981 0.059430141900013091 0.64392016319006951
v 0.097540076637702769 0.039903678097243905 -0.018279516259264678
v -0.068584452750196603 0.070030399969453247 0.23360135578807201
v -0.53092900441636859 0.039516999253966768 0.19419671363047936
v -0.59470521321089564 0.10221353439102376 0.56691675903686234
v -0.091384624558526917 0.070227887758116683 0.31741575646018777
v -0.52801041917119385 0.1725356118364387 0.25559878036187139
v -0.064280598695185209 0.080288230564141763 -0.015603579745879616
v -0.026606296446259687 0.19058939655415108 0.61233745162824726
v -0.57784452906267791 0.1615225079111052 0.53249424632263687
v 0.20781330028366635 0.029072930066693019 0.47261909543127806
v -0.71411970008084447 0.14122806098707244 0.11365574154082056
v -0.63930692846510306 0.10522741472684537 0.52669996453135348
v 0.0091106983682953651 0.074464009020231939 0.060586049297347337
v 0.023702356319556351 0.027958832724848604 0.14753974489587496
v -0.29069222152626961 0.14854227946182524 0.59005184989371795
v -0.47652169946020395 0.11191024351357955 0.54880116261193346
v -0.25617239299521588 0.067770860402463662 -0.12307889787683358
v -0.062412543805645961 0.070509517621333506 -0.094859828312772079
v -0.085256243049029082 0.047829619324565774 -0.11214602772580158
v -0.23258147025828474 0.13557591699891994 0.62597995554922647
v -0.29701297775233071 0.12974034199895501 -0.23333186433811332
v -0.21569853620558926 0.031768249814840277 -0.1796629008621943
v -0.59796163724725149 0.11354261618070763 -0.0093105178294896531
v -0.63353052277249167 0.091681616478154079 0.2760571458009215
v -0.038356940751506953 0.069562188620859222 0.20367134536736714
v -0.63626770287416112 0.085921929971486774 0.53942680102059004
v -0.49613505369062499 0.034435423511063531 -0.041514076981966866
v -0.24482495701505969 0.13031050132041772 -0.22899336728056174
v -0.6570670718381435 0.094140085065750417 0.50304162453485735
v -0.23215051079746812 0.08252884952427475 -0.074245774829936093
v -0.25866682697308185 0.072969200585509986 0.16067113514020334
v -0.031622583621772671 0.082586778921416706 -0.061619337205737333
v -0.16799911576390647 0.053249471737274609 0.62644820286516711
v 0.17950091035226892 0.037490458453670349 0.10122588821553477
v -0.18868383193711893 0.032552897113645098 -0.17884172351793615
v -0.54129835846563579 0.18364753672313494 0.23081393517861268
v -0.72685895626608754 0.12461314189192944 0.1231357948262581
v 0.19223946829295205 0.035055886059900329 0.2050563350549153
v -0.72991474182697791 0.10715419833743663 0.17914171850201629
v -0.28435824251464725 0.07912357642455331 0.63130589034663465
v -0.58401743026634623 0.062953666245617768 -0.034445812875721578
v -0.25010772168499262 0.073451808660659826 0.41500605637041221
v -0.65411888368816784 0.13507489380161922 0.028914115818525817
v -0.032748437692507237 0.13047607252143878 0.56606400653537936
v 0.17468156319356268 0.022337392068461037 0.42156846243521373
v 0.18980262284145577 0.030672472157075876 0.0098921827063127143
v -0.074626556049080722 0.074166829834139497 0.4250979423126498
v 0.19116669646892445 0.087326245268144309 0.523902222583849
v -0.48008093892970816 0.040547925015271193 0.54334981730523169
v -0.61957600772152277 0.038136710711505963 0.48630018521452179
v 0.12641375316749756 0.02684599033819865 0.33902511943787472
v -0.17537729062166801 0.072529331661249766 -0.11000226402710656
v -0.20053759140848212 0.12684672023686175 -0.22327462676561752
v -0.072084946806222988 0.060667653072381929 -0.19801916237192557
v -0.21859930723732884 0.076333817877326793 0.067015945250084766
v -0.59278264545548864 0.050768635332029223 -0.025026577658903836
v 0.0094462054242555379 0.1024314486497304 -0.1939222537194607
v -0.62773510027381707 0.18182777496779759 0.13738853973606577
v -0.34197708646863639 0.046243555915986459 0.57343503510384242
v -0.27631007787897588 0.10539466710950215 -0.23269107353644658
v -0.4313513590637521 0.16825834656372313 -0.098739300910591785
v -0.66904901814828999 0.071705418991271003 0.0032819764894970963
v -0.41698505069397634 0.047455459861330443 0.17765625543991648
v -0.25858623828269522 0.049334906339350129 -0.22778040766449914
v -0.64499301403011278 0.1171996894630964 0.24734206491225927
v -0.38150790391831035 0.039620392627695573 -0.22679514075029988
v -0.63169759212992593 0.13092375961194438 0.013351009034555876
v 0.20675362579304565 0.12265509449196552 0.51871313709391931
v 0.10257666303571696 0.028362080097220792 0.1410769736856945
v -0.62029454722907129 0.037471950066212338 0.37713735684458316
v -0.60849431056931624 0.12516596734428953 0.54703877026499381
v 0.1065832707412632 0.031294735129858593 0.10728596210446055
v -0.67821987487996915 0.065125392130501045 0.47458380798966282
v -0.66460185492651225 0.11254478745588964 0.39407243888950938
v 0.12042086708226543 0.029209002920013629 -0.045969269275443043
v -0.56865560015310701 0.17921923746008672 0.39202237206486357
v 0.12406946925040821 0.14763611351650757 -0.20389510201498612
v -0.71238626313523312 0.1407320026999308 0.14416813720287328
v -0.74495088101478124 0.051268089452968006 0.16946951130439536
v -0.62156980145209861 0.09785193809424389 0.31574378028678307
v 0.21704343441250742 0.045448364905884435 0.0087532231425860776
v 0.2023248179285535 0.16384010046765929 0.51730669265611562
v -0.67170258607569466 0.038551837821975118 0.20991847971957067
v 0.13505287514975306 0.024379603978014253 0.43018932903145035
v -0.68437478820296227 0.049267202663849763 0.24334763213915314
v 0.29794154087823704 0.06367445825280256 0.35920244377964911
v 0.46783678852953353 0.11951045804588735 0.042938590183147385
v -0.80412216967431438 0.86663657932362792 0.59088978549812399
v 0.25874989439757479 0.033810873291557443 0.063685109972269879
v 0.055670104699058046 0.022407256667874124 0.50251708668549144
v -0.54183825081743464 0.18339775465134536 0.49397361973150278
v 0.10253302126635075 0.18658859105477918 0.60515940950328184
v -0.36228670895724685 0.032504999430090088 0.42031058342348843
v 0.040857521681297158 0.073852147097397514 0.39869743102883243
v -0.35637111913285913 0.1604757174205689 -0.20713758206761648
v -0.13987246460306232 0.090524587126248404 -0.20886146915496362
v -0.55921118330910968 0.097662061411602927 0.57903567463424532
v 0.047844916937695089 0.04030191824518118 0.055990430591579647
v -0.30048955545159411 0.036881889757478241 0.25831290138955337
v -0.26182945788380313 0.074983059606778688 0.44174562102280374
v -0.20851875634805381 0.15360707049346978 0.62165708997053148
v -0.084721625892213076 0.082371682322541329 -0.07527511038268922
v -0.10330638176938584 0.12177574286781119 -0.20360799761233497
v 0.019566513762189451 0.030048791896514184 0.22869550326714402
v 0.1131497143651333 0.026420876593196925 -0.09529323799873872
v 0.20688962621643259 0.10168574394925069 0.52139756630423129
v -0.51909686882212369 0.072668829866521692 -0.049580518270688531
v 0.0026791289681448731 0.081816034368149423 -0.054163456283266638
v 0.01620057142453887 0.07208642975106494 0.36706759321007326
v -0.21345172873638282 0.074074630608385567 0.11445028179301683
v -0.45726645391154996 0.13522271293542712 0.53474202787091352
v 0.22143421811672107 0.026878365687132595 0.39574969184438125
v 0.11306063795815187 0.027562075354032177 -0.11104299004768854
v -0.30312075070565692 0.12992861202241693 0.59874963896833411
v -0.29362887095654727 0.035749619189379196 -0.15159186740573796
v 0.43248178534347459 0.10011650025768894 0.035632893959401252
v -0.3959190780658195 0.040410050212383558 -0.10084472669109371
v -0.19652419618371772 0.073726519219997941 0.48022500594564388
v -0.59702804426250666 0.1727838254792177 0.41623188019324847
v -0.30868717208118279 0.048580567735580546 -0.23666735255276206
v 0.095901289783758031 0.041498677766772588 -0.064841159329767264
v 0.024883446773987024 0.046457363697046741 -0.096452170512856358
v -0.063384606312851866 0.071407034975352932 0.17684370851597667
v 0.18641338199633145 0.050622318366609208 -0.1106072760497023
v 0.18001276131740956 0.18337318076057391 -0.19569649750050755
v -0.06729224306230637 0.072423915780837539 0.39187108992723191
v -0.62328850762706112 0.16252010069871822 0.48537955997115906
v -0.10508398977420126 0.16111475217377252 -0.23958262596097515
v 0.23462697644504835 0.051495863905295786 0.47851653823711726
v 0.18612860101054599 0.03729448104728203 0.1061609104732429
v -0.070462069437341124 0.037839095201842005 -0.11820847994316219
v -0.58497045564654526 0.11260903941910942 -0.015055510557932559
v -0.47235144551740582 0.035323934762419892 0.39156573265672173
v -0.10160818169857611 0.077719118916559943 0.038843575394871439
v 0.16173268179911957 0.15465365043346657 0.53978913168409504
v -0.041450928842278204 0.030813984122931008 -0.1312826244437712
v -0.73457817232416822 0.046995019635969401 0.17797513133675061
v -0.61427661385537979 0.13895688072694262 0.013210438870048514
v -0.59731960991643696 0.13973458096364591 0.34305536054895019
v -0.19685395388806931 0.069967231910355615 0.301877537255554
v -0.11092580326350597 0.11311062820301757 0.6023047945684038
v -0.18414545860756473 0.15502981218310435 0.61629137046432769
v -0.39507817241735338 0.064202577605140393 0.017937576471240616
v -0.056849593222785134 0.069737872522729061 0.30967180513221731
v -0.05078798446837144 0.02568164047294845 0.55210287757200327
v -0.29167491624689179 0.084318130968120075 -0.10145702750300371
v 0.48104917530279784 0.081912857137918141 0.18317893502351321
v -0.11079339336016948 0.078742534072510154 0.60280805564415929
v -0.22570255866262581 0.19974251206233529 0.54231074746474506
v -0.33571249793363139 0.076214147855200684 0.061566275510968702
v -0.04844886251515354 0.031329870673744938 -0.15857901051031442
v -0.4808831636285919 0.035002998056390955 0.34122472616455285
v -0.32711905852735162 0.063351791500539142 -0.11819726801532897
v -0.54518371514580877 0.14410195643270307 0.28538267262458755
v -0.71219397422172392 0.12561396068665537 0.18265016801662651
v -0.025822906471671975 0.11774415753169296 -0.19812555217605807
v -0.047286122357905414 0.11499549817598165 -0.20110696496105204
v -0.22948128151847802 0.1796087782929465 0.58892309117943376
v 0.033354985565638422 0.17845752744418023 -0.24350329857654998
v -0.38999635982305525 0.066500372906135086 0.52660650660847808
v -0.061794953333608994 0.036487974558545064 0.58008608864798006
v -0.26063942827685072 0.077232475691413796 0.059707810853439923
v -0.11524670115282583 0.030566452570372028 -0.16079162895061835
v -0.24830236469255432 0.038861732529450459 -0.21160062969819662
v 0.010374190745181346 0.11455899858149628 -0.1932143255148189
v -0.074396718782136842 0.095818833509392284 -0.20517093046493362
v -0.73798596348169399 0.050344753168443224 0.081335802575924612
v -0.45041999409035788 0.037090498801983403 0.52198006849740897
v 0.011148827776292936 0.072194001598486351 0.42996682537592845
v -0.59233322495773444 0.15807269808844024 0.5319258911120982
v -0.23957330396661863 0.062939700820355118 0.48857947775238314
v -0.38100661342171749 0.036153278238468201 0.51435338313185064
v -0.32969640911539566 0.18828351782042921 0.49284399694223613
v -0.18701166812541439 0.069930301366838393 0.32678833224467579
v -0.30335098649704706 0.080483805948184994 0.61668334554341131
v -0.27917241791504505 0.031904673583801543 -0.18901320489719198
v -0.11376055939793331 0.046416895962475703 -0.11704848518959368
v 0.1262017676049299 0.027720433951751017 -0.023944583843376756
v 0.16205597070827088 0.031081249382452696 0.089831284200470138
v -0.24388007921070001 0.072564897960213842 0.39241233632830802
v -0.32678079805236748 0.12358013807688817 0.58148892730271906
v 0.11412349854746875 0.050988338525509581 0.40780142823496185
v 0.14998142740657314 0.023775220382313795 0.3277897804470058
v 0.2035451372748662 0.087555136492934213 -0.13240023382856367
v -0.71388799307111617 0.05142344191698546 0.21243471717922871
v -0.24731515064481824 0.20510248959432514 0.52092540474718174
v 0.22407164383976608 0.062671373187110579 0.49985591897429543
v -0.69377923725700119 0.13293417396110119 0.070818680916879928
v 0.015971989999586673 0.067103594855791898 0.29842027653795394
v -0.18678710557077563 0.059699380221111098 -0.21432852185981047
v -0.71301333024446456 0.13430691879551018 0.093621182262472971
v -0.60458373998456638 0.037471427289099003 0.40034265658787599
v -0.49522733969010052 0.031598238404274906 0.12235775680250685
v -0.42930387525112174 0.036447353171303626 -0.06286634570642062
v -0.37966902620532772 0.034782360112826628 0.34808756884492714
v -0.58078640247046409 0.031661677748242661 0.26774532824660235
v -0.071363106429189707 0.075707380051608597 0.5873758531082145
v -0.59901130192520269 0.14780532921159378 0.23647663763827972
v 0.13826993672930066 0.030994165601096368 -0.13369317609489581
v -0.70384483240746198 0.1501620335791104 0.13840821020096952
v -0.087047648864306201 0.15845361500848643 -0.24146626702925122
v 0.034559789971710018 0.024907018532121235 0.14769165513442686
v 0.19316309739706689 0.10925316280361162 -0.16926080357030754
v -0.19502565422647972 0.070409227891766568 0.24159109406746443
v 0.19101917484492786 0.034930458495745241 0.16607446808947759
v 0.0025947828011728463 0.033492717241943158 0.48423555751029762
v -0.491492113094813 0.092590496953103146 -0.079461689998574628
v -0.65627768824612542 0.1299371670895195 0.47045452028599372
v 0.22375644079158216 0.046516571437996722 0.017892379713282093
v -0.021568034012109775 0.030745467939825417 -0.12582407650702529
v -0.65341587531892797 0.16665935049532579 0.091917784545954881
v -0.41773075746744587 0.18921824059894585 0.49935102012413052
v -0.012916017952961982 0.073712681029009394 -0.085164312619895502
v 0.15027511778911753 0.024485565063037177 0.50425293172471342
v -0.63137662061524724 0.12030474965636541 0.0058583111515123918
v -0.54435254851123682 0.19299036421677965 0.38949070122807961
v -0.025940366960266029 0.085835325406220409 -0.20045753299219304
v -0.44250844963593311 0.17227595530901035 -0.058022983274779158
v -0.69955830996682866 0.037095350473298525 0.1288804463018331
v -0.43645648728223951 0.035629655689008916 -0.13232619704780552
v -0.10658327718514481 0.068963670243561287 0.27626235143009498
v -0.4092817074776976 0.044062239063022278 -0.065222913780978609
v 0.20469540355361579 0.17846811874624005 -0.18237792488029012
v -0.25978169385037031 0.045835644675452814 0.51252621727345116
v -0.49699227447489902 0.044018889885512107 0.55502744700838746
v -0.31747459911828246 0.067086369075000402 0.11030952173837806
v -0.2536001415516505 0.17479841812894248 0.58826761389245952
v -0.49504896197494036 0.032082688266382289 0.14560065395738947
v -0.1126755643074958 0.15296580797756207 -0.2306188366882688
v -0.22393558531423841 0.081722885231000061 -0.053040920914724093
v -0.49820528990078511 0.033108971562511864 0.081605885882675588
v -0.33243581648741111 0.14018877770944532 0.55487501992788191
v -0.45359646939285875 0.13730275187848437 -0.12317949770885597
v -0.61766812519606096 0.15983410247963478 0.40543037178866648
v 0.094948035935601194 0.16193231197593069 -0.21348051502793897
v 0.1135053407506631 0.043065048401210795 -0.17098825383305746
v -0.4498364409001987 0.046304781768293557 -0.20066502074006512
v -0.25572733541099463 0.044176628674015721 -0.13786941854777543
v -0.2113943253807456 0.056765737121734744 -0.12466057103051698
v -0.50331762696776017 0.17532842075723151 0.50274269278136552
v -0.41896938239971937 0.04875414837163352 0.0074004886304959482
v -0.64484460704530377 0.09371696409131848 0.26492132944154695
v -0.68597555678754618 0.099761921506743817 0.0187644971134357
v -0.58137743165179634 0.037081473307443394 0.51535877977870814
v -0.38456374687315614 0.043542912844844156 0.33324196946668894
v -0.37781489921478628 0.045190015987082555 0.2623613242629998
v -0.52635567878148815 0.10229275709572448 -0.037389678636385086
v -0.64200891798112669 0.040034014688196222 0.34291110482395298
v 0.15613874445797041 0.029602962315830348 -0.082762137887655407
v 0.16249392055458836 0.068338514075332063 0.52731835376718328
v -0.023019295642699715 0.066203439719599633 0.17330250849573642
v 0.19879504400389753 0.032695358714164978 0.49381837791707622
v 0.073700325411343762 0.069937817297599153 -0.043035164455081001
v -0.26101024500680814 0.082073836546505463 -0.2308190547760792
v -0.48447760891699665 0.11027631917178399 0.55148086179234157
v 0.03475162553794689 0.070927830094678582 0.42655339261378911
v -0.62942349241005879 0.082617737817743009 0.30808405909956416
v 0.31875997701547887 0.093254301429438954 0.37921236566010841
v 0.088041533964371504 0.02520781815498107 0.058123263374837579
v -0.26592176234313941 0.066982983842785615 0.19417075453604252
v -0.61789444230734525 0.12581477243536646 0.25356210544447821
v -0.29799461935933907 0.16085079165174163 -0.21460647531178154
v -0.41623859853164669 0.048030530791238167 -0.029451425899301487
v -0.18934465196960035 0.047824901169959841 0.63301895065116409
v -0.078703549865145953 0.13512098635473305 -0.2120791021742707
v -0.079747125314357459 0.18180419138408391 0.59585474457988874
v -0.20548814756710126 0.039910237598758287 0.62883630454542117
v 0.20340958292772185 0.066009406862113026 -0.094040071022517588
v 0.14727480916264307 0.024388543758538991 0.035782829309061938
v -0.23241670420687632 0.1405110015151656 -0.22522446294526147
v -0.58590794740216723 0.17194734582106844 0.031200838769629081
v -0.36966880994850271 0.039265831756104333 0.33179628336674433
v -0.62715957750294238 0.14137982562024073 0.51566553566023832
v -0.61773197592361084 0.15271907425026876 0.51646875636456369
v -0.28620963417067052 0.088779606983329304 -0.23284765202400953
v -0.47442693442922712 0.031066466295923165 0.13518622239376643
v -0.44159822563793383 0.085465302006776239 -0.20619781819551206
v 0.14270857766441125 0.021761379943367 0.45154043217721512
v 0.28053358792295829 0.08531655540721049 0.44522685409499824
v -0.033866657198403947 0.079011043255512448 0.029338950970719195
v -0.66798243420193082 0.11394096473958021 0.45436384763408039
v -0.72245632045816388 0.080474704354007678 0.052580485954811684
v -0.31298211584289226 0.033694428839669867 0.56951349373806337
v -0.44536091591964538 0.075009570038341064 0.54966046879881969
v -0.22255983164967519 0.11015463471645891 0.64116475996723188
v -0.63376103324365751 0.13243909036157558 0.36775333839224061
v -0.28287509301124986 0.17899407449507598 0.54847172770859132
v 0.11363885823110305 0.083436852957554944 0.5376926009727514
v -0.67477464614814675 0.047200295156113979 0.4468787267958933
v -0.64741581502631762 0.083222507805391713 0.52590054508002826
v -0.030624003850909902 0.070857047769771295 0.15425279304445133
v -0.3391108295374427 0.034224227115441923 0.3714312642131794
v 0.089464616478507397 0.056787838198672502 -0.035940860668996807
v -0.010771505791680564 0.03721358551431516 -0.17938233290656755
v -0.23459503112404426 0.076332607981072456 0.061579427897886077
v 0.14895582706045776 0.031673749046917873 0.10172078954937118
v -0.18699953113955911 0.029300185968823111 0.57930325459935972
v -0.69964555471825784 0.036890748529043171 0.07438765641339759
v -0.65996050454005784 0.035865314909539731 0.14954224973881808
v 0.10689626369009031 0.11219948252055525 0.53707572385491753
v -0.25265996246690625 0.061567394834065044 0.64336226361732662
v -0.54089670270188062 0.15114419286735897 0.29484376917708893
v -0.49542222152457821 0.053153379619368307 0.56647453214882459
v 0.11942526505494679 0.054309170869276557 0.39071041763888953
v -0.72041837045915957 0.061660240070451157 0.038422396854400763
v -0.70187184941033909 0.13891675484021054 0.18061450134593454
v -0.3040061690900247 0.061426032594886777 0.36509397052417314
v -0.18394189180189313 0.069977200558690458 0.27348018592918366
v 0.10937420154955199 0.02257913696923261 0.46014964490708882
v 0.35453407403943671 0.070550835556376951 0.32605408830722238
v 0.0048856521149243243 0.12771833103278252 0.55436057151260887
v -0.6385852305028572 0.035668711747479688 0.023004557054781775
v -0.43839780934755701 0.03468116378231445 0.39091208183049719
v -0.65952207321500489 0.11168951824799433 0.24313109048236708
v -0.49132813612410065 0.19143549426626436 0.48161935876224121
v -0.32180887858357454 0.03010956365793593 0.27726876282220186
v -0.67275974936110139 0.1542472889583783 0.18356851158756918
v 0.14281179928758353 0.17854242133431558 -0.21742243296700189
v 0.068058099921301282 0.062528310104730311 0.33673078889715152
v 0.16569469685388297 0.16846016068644865 -0.19619763490293715
v -0.099426739138548659 0.082324361888446274 -0.069328046295561815
v -0.20663887202909711 0.11974712602450703 0.63746875969147487
v -0.43016895171796266 0.16038611250202078 0.51031786159328407
v 0.28098937074932018 0.17772816252943099 -0.14039730203438042
v -0.44231583679957975 0.15713933259705445 -0.093718244178705182
v 0.098650253118301806 0.028706672404440949 0.096664056442070628
v 0.35794434200679126 0.099123067397020273 0.353033471297793
v -0.2860691381369459 0.056564041420958722 0.62933607375809331
v -0.43212010824382702 0.04868931232876899 0.17783617541817229
v -0.3868716024433676 0.12549121854535858 0.51466233956229657
v -0.43156808601746138 0.16419965583927834 -0.11153340286229967
v -0.63769271957215545 0.095693321601200185 -0.0024535347205533126
v 0.21341685802947477 0.079840232338453818 0.51385362018461544
v -0.52751714304130781 0.033403540765130302 0.34999325315675905
v -0.72665214374729314 0.053676504860642807 0.20116511250449348
v 0.12621760190859194 0.17327905128128154 0.58619947868806099
v 0.19526193291069704 0.024213052343422692 0.4002418613736719
v 0.11771998142486749 0.026050937250481798 0.43652006492395728
v -0.11212536888468425 0.073626261661376702 -0.10026073761031123
v 0.15145758735907958 0.031098817435354271 0.19363652608159124
v -0.0535796536596451 0.079141404869187748 0.022252872351184481
v -0.42891132230527401 0.030307780511942429 0.12677694238983975
v 0.1260332656825951 0.13036513131119884 0.53762574832606269
v -0.41099460023182605 0.08130959066307443 -0.2273194612467592
v -0.10825352581171072 0.035879903923197579 0.59240220354046103
v -0.052388719258016692 0.17187492332503823 0.59400970478434678
v -0.12511853394905917 0.072176682637343378 0.15085176357824814
v -0.63728690018784717 0.044243487630963238 0.29306584281462211
v -0.60109414194949751 0.16963061152033446 0.50201973773822572
v -0.64234399479337201 0.14915020635841075 0.2101846730780724
v 0.31098120026582227 0.025367920751099827 0.2161308969541014
v -0.6916332430035792 0.055309159636186253 0.24202463972789429
v -0.66641843996454264 0.086887913783955065 0.371260122733508
v -0.61747614315068355 0.18412028954670459 0.10889354249855633
v 0.21916072088195232 0.025313353963700554 0.33358609065219974
v 0.2313091826936885 0.15177192818992882 -0.14397727877585431
v 0.2262294545912677 0.16427440025078088 -0.16228652454290796
v 0.20934879961019162 0.062696564934699273 0.51029411033433969
v 0.20138691595910865 0.12536072859484504 -0.17230467845543468
v 0.28943260562374024 0.17321448027356764 -0.12507265900055289
v 0.3396547054409344 0.02630098407826351 0.17387256098138143
v 0.37337283002137117 0.15724256326931027 0.38007990601744213
v 0.29232939778988687 0.046321232510536679 0.31542889184255546
v 0.28847612201362416 0.067337916306613954 0.38223176002173487
v 0.40018791213818289 0.11469390138620178 0.0066224563036777406
v 0.51663094001627829 0.15417631271390894 0.34229261701465247
v -0.8939578814548016 0.8830123513998096 0.17027872234993782
v -0.92094204874446561 0.91634736251587912 0.3905031974470467
v -0.77038994518270598 0.89502093584649123 0.04839916315572438
v -0.87017633570288622 0.90067557629700323 0.59980715640805793
v 0.51660777821498238 0.29006094004237887 0.00034173269472109757
v 0.66170815868091881 0.3234959916908709 0.17897689289008328
v -0.36250061890218338 0.12626544897130787 0.53534033608682408
v -0.22590033686930938 0.20376244603447446 0.53082740521569538
v -0.3456019919126761 0.02829221229754042 0.21119249481567909
v 0.24376555103110634 0.039065158013258314 0.40534774449343342
v 0.2442160406988555 0.037485747020227812 0.052318447229947856
v -0.14005287665802318 0.075987407349802583 0.46040684603897813
v 0.055047310825109871 0.11039491857983864 0.54505859601847861
v -0.34569133964682336 0.13313866208011979 -0.2323539597278142
v -0.14316211118969618 0.069356077295747678 0.30098843999579816
v 0.41098573540421235 0.17340976622422569 0.38560260259718959
v 0.24515097473163874 0.10697983083066288 -0.038024663990668998
v -0.54487076899304121 0.036631389128286326 -0.031625897572994076
v 0.045216150542164213 0.17589405608563047 0.60666409440261782
v -0.14611480318027686 0.070956507193396218 0.21879093959683435
v -0.3670397219714458 0.16992357495365396 -0.18736622726197519
v -0.55491342043021463 0.1539381255287143 0.32251527630481247
v -0.55392136545818327 0.031665914492139721 0.32197846540708813
v -0.56780742381160709 0.18010528571656592 0.2128532607915069
v -0.27582249797253006 0.21231086570744373 0.48733168518468772
v -0.35128065968227773 0.19785846190843306 -0.092319360090593064
v 0.25758230187463055 0.03226848410324868 0.32188941274384208
v 0.45432274768165276 0.075296913917595215 0.10769133439341796
v 0.025671637087272284 0.071539459965251115 0.34686143646693873
v -0.36104236687459446 0.081283533889573156 0.013001506804313315
v 0.041724840782246489 0.034422900561278481 0.28125374213741955
v -0.43002474760826614 0.045660447903477383 0.28414954586222679
v -0.44520472169134434 0.13176165977077267 0.53521650423901457
v -0.11744524586953183 0.1221942998114131 -0.2045871588634624
v -0.048256597236963621 0.071993903363259046 0.38135801686732246
v -0.24530862441376897 0.17860774930128959 0.58676358452621524
v -0.081761696760736136 0.069936707475594329 0.34388804082827185
v 0.016870511824302728 0.074271808700380235 0.41838552994173717
v -0.71153547090015112 0.14194176512826281 0.1347675985475624
v -0.057025165115459318 0.19996972961729595 -0.25651489039310299
v -0.093817210329535217 0.081692669906026957 -0.055865304899210579
v -0.4564803523185561 0.035070117939819796 -0.066059334095671413
v -0.093516739027768039 0.07238082738144308 0.15653785298918957
v -0.3207639196306627 0.1450428700118932 0.55951380814022078
v -0.5055373147640565 0.033498671829714201 0.047388706790308203
v -0.49312189616288987 0.032111511053965057 0.10293764532444406
v -0.39635775845662219 0.035551096897664204 -0.13589363851400507
v 0.017254549858793846 0.061927021973923926 0.28882846012747432
v -0.67263339002147804 0.10585304002889175 0.23872424587921881
v -0.50398037471513191 0.11104555731037935 0.56238458352304532
v -0.10984309814879319 0.026890109941667281 0.55705175498742043
v -0.23678141421389731 0.080666490671297331 -0.035933489419584234
v -0.0051223815435865114 0.11170159534086396 -0.19525220967692311
v -0.29645291908339583 0.084565504313254408 -0.086364325355613586
v -0.23364253179994537 0.19670076000835668 0.54979920483884948
v -0.62674321340105188 0.034955310861725077 0.21051854110401713
v 0.036084885995205984 0.072738016594396299 0.029893970871490788
v 0.14349769606305154 0.030009408571930116 0.52049570427101843
v -0.72335675585086789 0.04388620263165708 0.18266965048715003
v -0.21886509906135315 0.10096813277445631 0.64252559648229901
v -0.69909863093614721 0.12257182549619688 0.061816857556244657
v -0.43681251468281079 0.10113781583805825 -0.19897840930286334
v 0.013348112132272593 0.11821873482858848 0.5534447128192328
v -0.017417194783217464 0.065756191671050568 0.14506531835249478
v -0.39559387954222042 0.075609205603560964 0.52624164730577783
v -0.049661615871129709 0.034409252245210381 -0.1206026400522015
v -0.040148911860022098 0.074152430385994256 0.43109164739446526
v -0.18378179001699171 0.12463534333938202 -0.21843889556522689
v 0.12520714293192772 0.027056790996419132 -0.0079554432091458651
v -0.38010468950361365 0.18754996660227141 0.49592469597754341
v -0.26222973060158739 0.067957914350777332 0.21400381078443853
v -0.51792707562418183 0.039892721351039231 0.22379935712833932
v -0.31914792833828726 0.033693229308968037 -0.20612507690047693
v -0.44995714658569164 0.16706307344058022 -0.053450944361861513
v -0.27599858346415168 0.065392615516583971 0.63756461079565085
v -0.37883072986030225 0.035163163459580572 -0.1451384277498739
v -0.67576235365153003 0.085688960153693289 0.0093092695527733395
v -0.060354078659929804 0.029418589250054996 0.51313567608058019
v -0.39558531808473019 0.15140476685865437 -0.19239887143984002
v -0.31447093009135119 0.041703085377667537 -0.23003382962036581
v -0.23612068665117558 0.030985911956600706 -0.16605397153602255
v -0.41129174609342473 0.046604444694296976 -0.22439049464771574
v -0.58889621520427748 0.17544492421358901 0.49750750063033167
v 0.15795213460934798 0.025086032880342505 0.08006448045882783
v -0.41188145003967913 0.18137184719732005 0.50117063784363391
v -0.01649970816733291 0.081901983298477532 -0.069771479635916747
v -0.41078053695954875 0.044018223103818428 0.055312477343268371
v -0.48037075019126924 0.037418806276852096 -0.11455772797421636
v -0.4123395860126513 0.055330907709528261 -0.017198411157045696
v -0.28644500504660636 0.18905013600048118 0.53474429163842596
v -0.49944610018591618 0.036141622023256062 0.52662296070618264
v -0.067114278820975717 0.14831509572456339 -0.23132943267928285
v -0.53258451841344445 0.03718777948609172 0.44516204847294022
v -0.53679002285073074 0.15222633869127852 0.2754558937319932
v -0.026099440156985645 0.079456413160880202 0.014093272826852314
v -0.6873118862250811 0.14313638076460444 0.077298914026278823
v -0.022411641013470512 0.077887986128890085 0.045665478195687427
v -0.59119895518655685 0.037489997525783345 0.45849839051072311
v -0.2998707887748514 0.11863637714537706 0.60839301124036649
v -0.00071646950084025432 0.14316429543764106 0.56422484107944115
v -0.68683352630327121 0.1513032297233218 0.091986350036562858
v -0.73492797933356102 0.078127362489565824 0.078545702520223568
v -0.68145217674475977 0.062022974266756042 0.25228211954881474
v -0.73964456036560788 0.067226085386360046 0.19218922203734717
v -0.23049713773823086 0.048953038503039455 0.51623122635767271
v -0.4266664834190747 0.063717672891528396 0.54416858306296667
v -0.032235488741996617 0.060793270288879486 -0.09654521771783868
v -0.63033606253120755 0.11707408264312033 0.25513954041131964
v -0.41281975305128216 0.086306000570566824 0.5337737779758962
v -0.28420596690498462 0.078459869393682546 0.036160426256528329
v -0.11968562858052774 0.039876538433409596 -0.18680252784568335
v -0.33300478650827481 0.072302310909507769 -0.10820843794591667
v -0.43922081000423852 0.15659644762101024 -0.10869278092829789
v -0.30144295851687242 0.036475104306022695 0.23804471918344255
v 0.22246455902085308 0.031432053708411241 0.25965928347564737
v -0.60464668739466165 0.16006886627049424 0.031051169622621465
v 0.081318359840885326 0.025624576148133314 0.4633366566589367
v -0.22297800999494222 0.032732534939456916 -0.15178059798483848
v -0.10375815614419361 0.071485499972786831 0.47077975772748193
v -0.3006804530500588 0.033400097023864476 -0.16041840751127703
v -0.70669937258962057 0.11711931631185764 0.19250802234094092
v -0.72847107563313851 0.12428090535611482 0.11304656744495581
v 0.094556017537475445 0.052768754949656445 -0.18168383627207566
v 0.15738039507595364 0.027642336914416515 -0.016833314307865454
v -0.30351121359426975 0.040532867695857858 0.28408834900096247
v -0.075948011178070221 0.030634656800648693 -0.14918857370938793
v 0.16157447018572899 0.035558746507509634 -0.12370708171189337
v -0.6791319792730548 0.036910646167839192 0.066337776690618716
v -0.59327386705476293 0.12213845667204121 0.55597898167720028
v 0.15981669093739148 0.024610332776048544 0.38233693282043241
v -0.11402090457754238 0.17211637036446095 0.57752927637143314
v -0.65841795429720273 0.14414744669385457 0.044140717381994536
v 0.23319745014759363 0.040223166748360011 0.040623097031234616
v -0.39785943527207729 0.14734354891331414 0.51431238105838373
v -0.62564495742473336 0.13792710166799571 0.23496970444977985
v -0.71131316558216307 0.038830263922633008 0.15447297291158613
v -0.0080383996306673706 0.1460723070226978 -0.21625998610194716
v 0.17907595405205054 0.046042594662833593 0.52061679675729755
v -0.67303020082489962 0.125944752940781 0.029323102554681492
v -0.48690021962828989 0.061791629286543838 -0.13144206059952421
v -0.011820608325703339 0.074820910849072941 0.083862651960210935
v -0.44892982623111788 0.035078484533388209 0.01836064862177866
v 0.13911945255244149 0.024881915890411058 0.28451967913362558
v -0.03644661987329896 0.070111010104013174 0.30189856798353809
v 0.00037549263669947814 0.033060156995853344 0.55747035675075562
v -0.035483650371334781 0.10401344966884031 0.57615587257376755
v -0.62027080723966088 0.16794316470270765 0.45029053574678873
v -0.52378840901152324 0.042027153735232012 -0.047835740976435545
v -0.60986643937769247 0.16556370736312689 0.50187173758188519
v 0.075452795014817914 0.059519133793859771 -0.069644608408356512
v 0.19361019877692257 0.12200497227899158 0.52214590878124401
v -0.49760071857246913 0.1626792661662087 -0.023611571955849103
v -0.24370852965426537 0.031852961214435253 0.57137034420213428
v -0.09838927495593873 0.074812113454601106 -0.096030882321534936
v 0.0082744392019856467 0.053190888816028202 0.45690904128872162
v -0.72128715462689863 0.11511686308734653 0.082335701149430174
v -0.26217710570796404 0.18254791921754976 0.56930373143074497
v -0.63946825938154228 0.090985027646561509 0.53426563334164301
v -0.71275978518664451 0.098568646575079757 0.057292590983908029
v 0.20502541229169649 0.050524448637735725 -0.04155356955334711
v -0.23606201126778309 0.032923219953001077 -0.15115292105069053
v -0.64622147275409503 0.11355464809863532 0.35782073031288048
v 0.19007640879079341 0.025571024737082247 0.27918304225119422
v -0.51931625937297488 0.1481131219837096 -0.022654036680799912
v -0.63538914994910045 0.08426060981850296 0.28050726103098245
v -0.2396266595745101 0.075293809757078542 0.11758028451767701
v 0.16586062579124378 0.13106113251034918 -0.19031695352432976
v 0.15395412744281201 0.04026653441865944 -0.14367159705628491
v 0.081357799397048194 0.072868835318176325 0.37560687622267341
v 0.015134742485053415 0.15250331713138229 0.57943963857951342
v -0.31479320660433657 0.12000394881189594 -0.23693787334895089
v -0.51107843771097949 0.14160893798331003 0.54685137290624375
v 0.11665415958241435 0.1413823510244053 0.56032648341585722
v 0.0041062410278363878 0.076075949491245548 0.054672881365437645
v -0.012724265773210935 0.1973628630831944 0.62303701837768521
v -0.32891597766796904 0.16408372497514903 0.53610769068815156
v 0.23922989931059846 0.11244259056886856 -0.06047459040135901
v 0.18589179027149216 0.032251312337712938 0.50396357054579988
v -0.716888031269313 0.052178858117768498 0.037248710047692264
v -0.69018917962249671 0.15134900635611398 0.17385622073734625
v -0.20375299838961949 0.074705315450167828 0.097671819761673995
v -0.48401386996389145 0.17969119964510472 0.49584604929820819
v -0.13083399799622733 0.032164467994205664 -0.14381885947738729
v -0.025876939121655562 0.068339015658829161 0.22932480030924995
v -0.024945921363004775 0.18399145807892653 -0.25243178845898551
v -0.33489489626788649 0.090654063429604664 -0.24183219946818371
v -0.44733944707819218 0.072845767084915136 -0.20771238212188101
v -0.44393732535474056 0.031463860608120897 0.099922542551563298
v -0.45356687539127372 0.14246781334448744 -0.095728557061831421
v 0.19631710681936601 0.031155386484656267 0.018850772417452671
v -0.2680509053747494 0.035823771677880152 0.61788163456954981
v -0.30312975889048382 0.057301652779953 0.34919509211628025
v 0.14819018731062283 0.068077201985222727 -0.16778212144492743
v -0.22350170362080851 0.069595716192172072 0.33334830160181966
v -0.3729599400498404 0.13920428250999739 0.50870493893646196
v -0.64435330120684264 0.037639735143226279 0.24940674321684417
v -0.46639619498180163 0.046070088309439962 0.54788296159734484
v -0.68234962951531786 0.058426233574205538 0.44888205260204955
v -0.64107451077438926 0.068387816183407446 0.53763445043510016
v 0.22547957453630735 0.14691624372861556 -0.14500209694286462
v -0.099501100867523382 0.040313411494565195 0.59487619221154131
v -0.64856823359044469 0.12162938601326288 0.013760469994787415
v -0.4099995468478671 0.033470926342217835 0.39319701780090283
v -0.29459378879261977 0.076457903118102924 0.62187080280896045
v -0.074183156946724602 0.081384894576589664 -0.20329759443197915
v -0.46922870495542796 0.035654631427599857 -0.12717884452450787
v -0.46397128409992738 0.042410635974605024 -0.1742211203423755
v -0.4947403702176138 0.041620237879572641 0.25622546194724444
v -0.19184732915649522 0.030086924095742325 0.5570289443216514
v -0.39810986749836491 0.071520265941293487 -0.017374195855424379
v -0.38666816288438222 0.033859063326902354 0.50051842563181204
v -0.30757192613352979 0.078418236532319871 0.065955969917837198
v 0.22526295411863087 0.02882465065076004 0.11701149550134518
v 0.11413564753467531 0.021680732281705497 0.50290802799663448
v 0.24600949471126976 0.022445882427542842 0.12452403943892201
v -0.68226233004001302 0.07409413445072692 0.42513179182523736
v -0.60373432105817071 0.034238367917877252 0.12652337692564139
v -0.340330513338095 0.029061353584411153 0.27108330897848837
v -0.601141743338521 0.16510990176063375 0.20755055896488828
v -0.44226648518056433 0.16688641809382684 0.50841174870641948
v -0.73677814884879811 0.11343742841411041 0.159787302165115
v -0.19676492358509001 0.076937419899754292 0.045018422279787869
v -0.055243813117660558 0.081605776833666682 -0.075296766220120645
v 0.15523137468398945 0.023361467834656542 0.053302260030459347
v -0.31080066591035715 0.19428589474984942 0.50721848896106125
v -0.44344402727064142 0.050218789918448838 -0.20664851385224672
v -0.26939232934246599 0.035528521457534774 -0.1490705197506477
v -0.056622440495503475 0.11173665390572252 0.58200068485491951
v -0.59548878731057875 0.086183011195805764 0.57240710487852653
v -0.18833992907520192 0.03075800011748505 -0.16139872608918626
v -0.1094036619406758 0.072356260383765608 0.39001898566260351
v 0.12523794532639862 0.030673334838441656 0.42195993594116005
v -0.49598831979522429 0.048445726359853801 0.56236898498792154
v -0.32866503359338428 0.036990386087273112 0.36323814334210142
v -0.30116860732414608 0.077080783510317136 0.086868034504389693
v 0.22587931965720248 0.13234710243214884 -0.13716764552933489
v -0.0070509574696054466 0.055157127357749802 0.22975865259328532
v -0.19692259202809126 0.093648213692761106 -0.22216632123185068
v -0.28673446950902137 0.07298625607555026 0.1309470682653863
v -0.19683271571000641 0.15820598205179498 0.6160925964001418
v 0.090837658819383521 0.14759441417281563 -0.20473547773234579
v 0.072940831462401351 0.022112720844797082 0.48444306412200866
v -0.48542557052201618 0.036405224668539966 0.40254439691501548
v -0.49085926377161088 0.037073332628960586 -0.075816420888360381
v 0.12947420725685058 0.027626970751519209 0.25354795664287394
v 0.11815614569016364 0.079784545355000458 -0.18063209660416457
v -0.24013291965016426 0.20590539035076522 0.52067408936736514
v -0.086852509298292663 0.13182552308683906 0.58682768653712769
v -0.6031355783800102 0.1502287900940818 0.019080332581243767
v -0.40588706808549957 0.048402910027113555 -0.058852370006221448
v -0.21291994392656904 0.066758879240981547 -0.11887550756229179
v -0.26602426591215261 0.15060915950868245 0.60313850145084325
v -0.3209866765151177 0.033100670158551004 -0.16421247269957048
v -0.374814122973326 0.044215807192512925 -0.11238522169814567
v -0.3262074789965147 0.049576303344661246 0.41444223147066883
v -0.68852269542707711 0.044843613730039006 0.22749300596092753
v -0.69929706588553986 0.049539925767507882 0.02283339552519131
v 0.082260421833358605 0.05971579332345036 0.34391357722480781
v -0.12519119266468953 0.14203473958818985 -0.21373638484825455
v -0.66264946757466925 0.035810986926649573 0.053426391870103257
v 0.11178346922027244 0.027002017678844779 0.012811493472825054
v -0.0053832222167983146 0.073140044431737897 0.40515823023915987
v 0.19268016504445615 0.049474657796320924 -0.090718717272657998
v -0.24437735550167849 0.076902896535728807 0.058920641842427277
v -0.30756268252947561 0.10212508472456393 0.61158183156234602
v 0.31021496775463031 0.097589748471280255 0.39667575594047777
v -0.67885603470649547 0.073939194400084479 0.46386667442241175
v 0.21839177725518974 0.04753635236108885 0.49469835917176658
v 0.17240433631373026 0.075279170451513305 -0.15567163504227174
v 0.19351576674848414 0.070450477009432383 -0.12655566852642633
v 0.084271054495502165 0.028387276215392644 0.13433383977703239
v -0.53679346136504302 0.19866264458013755 0.41636993902175812
v 0.13208451286366812 0.039249756113305265 0.38992484466745791
v -0.58320358091263036 0.043175540556892066 0.55806366288538545
v -0.24325769689089835 0.078572901068570289 0.010568438471301485
v 0.14857976389120098 0.14619451809003897 0.53938008302259488
v -0.049628880094833946 0.047782449772982023 -0.19326350147861363
v -0.67139043095418649 0.044620099633476011 0.40870860996121638
v -0.48067980157076579 0.03631306155959188 -0.10295247613308484
v 0.10475327217840165 0.038177415986372309 -0.03900647743971189
v -0.65413022416601407 0.067310468802224688 0.3457030962010606
v 0.36446519320082638 0.13645291931938766 -0.0096347516573315264
v 0.42116067034904642 0.12056911111130791 0.36691314731418667
v -0.51004698736592247 0.04597621037151698 -0.060723660130816016
v -0.37617216619717159 0.042873434849213396 0.32547747722477055
v -0.65568712223327863 0.061343436924243204 0.52039723767962054
v 0.17969161681815954 0.031646017534313696 -0.039928642079651057
v 0.15637050881178957 0.025150735987920798 0.023659284369402286
v 0.29803037293607842 0.10340682250238051 0.42816238399975398
v 0.065521405613482422 0.028803372168919265 0.29269548805957685
v 0.23951059317112036 0.17904859516363686 -0.17145281711182225
v -0.65541189487098928 0.13785742286392313 0.45397549039956581
v 0.10677948092413592 0.055887381207419567 0.53713938786831561
v -0.66064011739850992 0.17318594933711462 0.14239089730760421
v -0.57104183016136056 0.090917489942217891 0.57942485370588659
v -0.59560407062892795 0.17720257446988716 0.48329364750727682
v -0.60235915833872855 0.15411451979697335 0.53102415386553592
v 0.19230171426021228 0.023967760287786057 0.31950401266404233
v 0.10110469696649546 0.025512046368459169 0.30664302638390195
v 0.11789227501716304 0.023157624392933042 0.069985731905591264
v 0.10459700775493519 0.1266656932038473 -0.20021871320850781
v -0.60620688390488819 0.10984995049854181 0.28101842404045457
v -0.64121506766820446 0.15438339254838512 0.43505759165878749
v 0.35423838902464982 0.032554725371668855 0.13472790769756121
v 0.30218756770395455 0.022574977996977646 0.1931980988742058
v 0.2692964514925778 0.081616973294165882 0.0048803840241910482
v 0.38115605334738339 0.0542163591208977 0.27491697126538028
v 0.43182911561855353 0.10459136169250285 0.34568912983953898
v 0.32795774202355488 0.06568789546707357 0.33339602517010453
v 0.285977524109506 0.032834210172704451 0.28747773443787644
v 0.4037566853086364 0.092912864408350962 0.024303277104279288
v 0.39537515078570834 0.068405714636509754 0.30212212770188462
v 0.32335242518398788 0.15598067965969423 -0.018891770905954352
v 0.33958750668248172 0.076264719598976863 0.025783675673007659
v 0.43501220805890384 0.13476978217863422 0.0055788332932098245
v 0.27970687403222799 0.021101328741003997 0.15767442204872095
v 0.56159174294637948 0.14223185390389867 0.12927267923423594
v 0.4774100011971249 0.093653486544505865 0.2738678430941025
v 0.56127038321066824 0.17620935283713512 0.051142907164180719
v -0.7759178563734952 0.92007615375649598 0.642222346158417
v 0.56551514592629348 0.13279129513994958 0.1955241377721581
v -0.93565587425497243 0.94624817032536035 0.49988549401165605
v -0.92075004009468053 0.9433909943091694 0.56422255272459099
v -0.78836320034278573 0.87228079914160639 0.59747566881783798
v -0.8424720643832293 0.9845317524936601 0.06564963243981968
v -0.77517207891392315 0.886328604411176 0.052109252789457425
v 0.089270123065605431 0.19805031131042192 0.61901225896886347
v -0.13773806670430747 0.082345136155776238 -0.055968662840409147
v 0.25877442666744571 0.029189593182651779 0.18381889130601015
v -0.37610721486436782 0.05636903644567362 0.067107177625432196
v -0.57130731311115679 0.11137436072124306 -0.022653165266251184
v 0.051284197028194929 0.024116394036132468 0.11680333745233008
v -0.55353781143892 0.032553334373955731 0.13269362755085543
v 0.059062531644218562 0.076517819390726965 -0.029140645960566577
v -0.34855519536145063 0.06320217297891742 0.57030529112297357
v 0.26949695939449048 0.025428133742335036 0.19633269758220462
v -0.53610743099642311 0.036572554901008088 0.37484683488013937
v 0.24113533165520565 0.02974825930467263 0.06608017953106593
v -0.55355737983971631 0.13765028560061301 0.28170045371949504
v -0.56008967247792407 0.13340439186658976 0.29344240308615765
v -0.55023071057878581 0.185934127734316 0.47734814823182403
v 0.059340642209642587 0.027227319645900146 0.27795861311376696
v -0.34461017683323991 0.060284767107364551 0.093264235857971722
v 0.057267765265780556 0.025763607800260428 0.4716551878187828
v -0.34003002716173514 0.03099806408664136 0.3478137998355792
v -0.35421584461858835 0.071784805022450215 -0.093843431582482983
v -0.13755878982415057 0.027484088871175216 0.55079078787146152
v 0.048290478660204354 0.070602789652102038 0.33946913758460701
v -0.35293405214935819 0.18185681615770702 -0.16397380090252281
v -0.35490628710713901 0.082190405711487405 -0.06967958095282592
v -0.16114619477728054 0.032226901381454509 -0.14711368176663611
v 0.055749987123810789 0.15054343268032147 -0.21188678892929336
v -0.35859747746447301 0.13718228353568995 -0.22758400529703243
v -0.57273868716609766 0.037330205630284968 0.54184244362259926
v -0.15778627594207609 0.072669630358416434 0.48394820174244207
v 0.26979357397841841 0.18551376139899522 0.48679132392886748
v 0.25868568586354695 0.02652368971318449 0.29139393041721012
v -0.359868236066402 0.036242646176092831 -0.22327222213169626
v 0.044362313735982289 0.1062008615965214 -0.18975507976041223
v -0.35069569396313571 0.031420805041399838 0.31192902560211716
v -0.34178009810737287 0.048486569285875393 0.13267901504372803
v -0.14360287122611701 0.07141216392515852 -0.10722338733511637
v -0.36004117187838713 0.20195419169016368 -0.05688069130536752
v -0.34927029233732187 0.029963422969073214 0.21967917971129511
v -0.16266220816944288 0.075229031547789968 0.44193479369734756
v 0.056330476734951708 0.12717177632670937 -0.19676203647537294
v -0.34533100796376914 0.079227989843467198 0.04217616115261643
v -0.14820502978892938 0.17810131391442552 0.57158527504616086
v -0.13217661453195276 0.13590726248617369 0.60462913042058286
v -0.13787400478061715 0.15010164517923566 -0.22390634409848301
v -0.44745351743460454 0.035072987776792873 -0.050951075034649171
v -0.0013380958357375632 0.17917491222031995 -0.24940430263809379
v -0.41335482716189365 0.054264203121219552 -0.0052965502572207834
v -0.45188224020428047 0.092379102938509025 -0.18862544258209885
v -0.42368844690871665 0.041403137174483289 -0.035443121623993455
v -0.66884182727159869 0.059936340891264379 0.0019317372373047143
v -0.39008533734661743 0.084629025228839763 0.52280274453966369
v -0.43746527861685486 0.048166223731924626 0.54165399233834621
v -0.40951338247694485 0.054815422939729089 -0.22995608559974298
v -0.67265676625959969 0.072785583521577518 0.25672507584974918
v -0.23686418991411909 0.079359649048138442 -0.0080811725525259618
v 0.17293508411013711 0.024711007303484741 0.28737885282959269
v -0.68656963893262457 0.037541708301261897 0.16170615250845063
v -0.11666616225188034 0.18154487770841646 0.58379547063016646
v 0.081224240677884557 0.072156654955275457 0.39901099631568193
v 0.21984866660584843 0.13343879957253324 0.50987769028443708
v -0.25640927822886667 0.19137436761743051 0.5555867594211652
v -0.31218284800788476 0.10983799148345361 -0.23715614178592478
v 0.01642138113578024 0.13234646305752285 0.55388644661882935
v 0.18956796382527846 0.02442782863686617 0.37377372369437861
v -0.41841716879945667 0.048118508020867562 0.26035922763859115
v -0.050585068085508618 0.074132560069159054 0.1121011475830892
v -0.072054977714186758 0.035524811349360925 -0.16982094290080246
v -0.45025918934115838 0.15990549190547848 -0.073235755900638494
v -0.62855994811053073 0.091810523539435418 0.5446736670443344
v 0.13991590676927512 0.023506561607188056 0.29996879930615084
v -0.17820574934594768 0.10318643693840733 -0.21995967255569773
v -0.18667202479537445 0.080789985019929803 0.63336318563288596
v -0.38140160740254631 0.13196049954979208 -0.22223639025821748
v -0.26371849871887287 0.08331165138603136 -0.068417572566244325
v 0.11309938798370359 0.025598819956931078 0.52181544518861167
v -0.10521000658909263 0.064282631100433071 -0.10521610076224681
v -0.085742947781044285 0.15340612704866097 -0.23722323913422044
v -0.12254936287334106 0.07181158652156773 0.38967412872604973
v -0.011230906210033845 0.061468541573284297 0.23624590900836043
v -0.21528746510813726 0.030361721052020129 0.59386044345971623
v -0.5834296534152702 0.034043781164770172 0.057793420745746872
v -0.23232213513707026 0.031251956051987828 -0.15977164065814101
v -0.27709178369232629 0.034717549913764495 0.61133188068748368
v -0.012109961710926589 0.12712488157630011 0.55979541273611022
v -0.10656894552082027 0.032331408168959228 0.58541736694469193
v -0.50571714018752167 0.058930723706946339 0.57212101260340809
v -0.52888760964106463 0.033984765390755713 0.025211003256563055
v -0.70286448231215981 0.10508250853594106 0.20221539782979861
v -0.43857473307250888 0.17803787047777844 -0.048987750115743273
v 0.16817098136095079 0.041355104007789668 -0.12741420225986333
v -0.69340774216988144 0.15489046100989187 0.16209653603593016
v -0.21892689059115164 0.0738794427359033 0.1355242495777477
v 0.23723035696426548 0.10619404875268887 -0.053058526816380208
v 0.022694220502789738 0.033945988219471361 -0.17030356562071206
v 0.23022167896716883 0.033825234659137629 0.050983884797325844
v 0.15496083222183676 0.046883396716829208 -0.15158375586551989
v -0.25512600029970639 0.13648229120556998 0.61069984963199286
v -0.2228252798123643 0.14089972223105271 0.62703771568333133
v -0.45521635173515451 0.18306391815126413 0.49548175680157169
v -0.40040623575786699 0.054053150875275686 0.039864052412164688
v 0.0068153859156954268 0.07053463577379912 0.32798494213799639
v -0.73127044524341289 0.10304285400881323 0.085876928539218786
v -0.17492502156644943 0.070948528174326134 0.3394885238729608
v -0.36919131273340744 0.17984660626778901 -0.1504728880893115
v -0.48957616151100897 0.039360363531698098 -0.085148597780785026
v -0.52916453578413014 0.16489897566973355 0.26364261407151673
v -0.4257836630756191 0.071780923242134226 -0.22281177634300547
v -0.4859792720767826 0.085413705451185803 -0.10635726619874043
v -0.039891858141896212 0.070209439574406826 0.33298847508304752
v -0.39025983467295916 0.049781612295757019 0.22301791852907332
v -0.33041861772884668 0.029904854299011571 0.31218573789199805
v -0.39971017980182844 0.044510174717879727 0.30225654405672298
v -0.2336729215735448 0.06636338648566005 0.6440357913679492
v -0.079551136671994899 0.026357610433406051 0.53845286264455894
v 0.019398441456910345 0.055559128179008356 0.44984293799976632
v -0.46403768626645053 0.12991459635413066 0.53891721412082982
v -0.54028013936269104 0.15830223187895537 0.2603810298938885
v -0.074750634361240506 0.15852058874645486 0.57277669263077746
v -0.12938375184523862 0.069439632974420573 0.48142902123901149
v -0.2410756165096086 0.070405082091760565 0.24423048939810482
v -0.36252611144427543 0.087217665982789114 0.55492012857627826
v -0.47707100558439086 0.034167652029809072 -0.0070707606590162241
v -0.46652108522440033 0.11362567419085927 -0.14031322100953084
v -0.20968984929140286 0.14372095554741063 0.62833439109442579
v -0.012444082839536965 0.080980764908039307 -0.032689194588618388
v -0.69223314528271962 0.12750627279651264 0.051290693566225704
v -0.30198354208404404 0.063846051290494421 0.13976489943719517
v -0.70618945148239631 0.11532495576093908 0.06846676030247642
v 0.082765753896735877 0.029942699089579139 0.029157455454096835
v -0.47708710729087245 0.15110682663164687 -0.034174669952220973
v 0.07395186617644553 0.030356746402374034 -0.098716794871995098
v -0.61601606905769168 0.03802986827480264 0.43347918413451569
v 0.00062366091764872117 0.04182216777651114 0.15921390400704519
v -0.49100639331969087 0.037142057178714043 0.53581547621712255
v -0.51699535771324712 0.14732255355279403 0.54421946251735731
v -0.7444688891080069 0.094977057289237804 0.14768794458340326
v -0.59706839623959695 0.12612825265723637 -0.00255328132230673
v -0.6541520066480182 0.15065968957503686 0.2008789373334712
v -0.25844821650810723 0.052816533449427022 0.49850476513904474
v -0.72576597926945219 0.074900774425513447 0.050641676740099548
v -0.74671076849307461 0.057893027664158624 0.099434087758415834
v -0.52399603537332917 0.082619563988320405 -0.042379200730857103
v -0.033034203755019975 0.17522326036903685 0.5973547567503712
v -0.41574961955595779 0.10118139619434044 -0.21527646727727232
v -0.17165060493086373 0.075080946074279717 0.47988159556026555
v -0.69325419123534615 0.036419670189505891 0.092964602857331824
v -0.24468228101716952 0.033416882371858164 0.54524443523663024
v -0.29712093315206739 0.18142672049703185 -0.19353634204479692
v -0.074817351055347675 0.071730528971509777 0.37911260570476302
v -0.039368053413364808 0.029142303365565697 0.50703015323022393
v 0.11366424580988231 0.087867372133078658 -0.18304077527281654
v -0.46602578332537009 0.16309364817344521 0.51057592857480194
v -0.33656607570053948 0.032083421479496242 0.17643225335328039
v -0.20152679906559515 0.078475054847368789 0.025323386630280501
v 0.17323800998398486 0.030554761638717412 -0.059706519657002126
v 0.20491650762756528 0.14617012754594289 -0.17027511024548914
v 0.22547491667653954 0.16856164530118739 0.50311827398389153
v -0.30236150880766388 0.054990044299042071 0.16342709642810938
v -0.72259548667800655 0.039232707364889707 0.12470681287327806
v -0.7442655055323103 0.086039927928700119 0.10091238681202414
v -0.18010689256854043 0.075046233036483723 0.10814677906418002
v -0.59553351344517325 0.12933982214915082 0.55112212010365003
v -0.47720002805153339 0.13258365828439289 -0.048146714064390514
v 0.074316902198279369 0.024677311114808989 0.10494985398213963
v -0.71773534922798887 0.13274439131640484 0.13633050601567184
v -0.48719095890489872 0.071126350875347119 -0.12796531255737711
v -0.24037405674612425 0.080682632578203628 -0.10629917671996576
v -0.57470984495251254 0.074926893475281323 0.57918884236296253
v -0.31104349098704448 0.048539133263466573 0.45732798958201321
v -0.39627550258617322 0.04692296943850828 -0.081689659349311258
v -0.69704599151337188 0.11294210931882606 0.03453796589472885
v 0.12838834707196117 0.030836093061177638 0.3506341154383667
v 0.21180463896453974 0.13390033468943766 -0.1633179544464923
v 0.21167826091402644 0.054125056438970205 -0.024859501354803876
v -0.62490620595442992 0.035606842433029362 0.23881594824656738
v 0.037516783529020971 0.026152426008109228 0.1132871337765636
v -0.66055416435972936 0.05514507934376147 0.35415613123961887
v 0.079506612626701348 0.05945051521372724 -0.065194924451158209
v -0.27966045625114733 0.06928685320352862 0.44168169104455723
v -0.062806374328252187 0.077511901943997305 0.05349844501741801
v -0.069684220171039618 0.069883739826804306 0.25036896409166892
v -0.26216170842885739 0.067702642220448861 0.28345071246454545
v 0.24596575883175209 0.065046081687113344 0.48465680876454154
v 0.13563876670177796 0.13666045867188314 0.54059916520550222
v -0.075901904600804912 0.095930679596849214 0.59066790174426453
v -0.18343664786054262 0.078905597329302746 0.0090847096532055572
v -0.49223681638042482 0.045852858692405685 0.19338618914412745
v -0.64676461238409677 0.12311199957704479 0.37131549309206202
v -0.69591119338900909 0.083498823417259713 0.017299827938875138
v -0.30380878621532242 0.04456302164004073 0.30485525309038614
v -0.031891732956726968 0.030742395330907783 -0.15383522491880472
v 0.12702013748713981 0.039886864174509339 0.36692929596872448
v -0.31156352222383599 0.19933544809160372 -0.15703676752234683
v -0.65086864569732705 0.050689408598589052 0.52290657023048381
v -0.31722146498513043 0.053676387836181644 0.60563537350427932
v -0.65965111214859429 0.071215171394186247 0.51036724463654359
v -0.030067377326254596 0.16671310146796997 -0.24150750543720045
v -0.0059885779733999632 0.12038465272080777 -0.19541419373754851
v -0.33552688306706779 0.041408596066255979 -0.23574925273346034
v -0.33670884694095998 0.081252936612698251 0.0077925562322430208
v -0.18694220077538098 0.034222550936367564 0.61558335281151622
v -0.35790102675993246 0.045032496668747535 0.23457201485072773
v 0.22047419209576949 0.14416250427990446 -0.15028179776792849
v -0.24008585905166199 0.051286973280004949 0.64193899580284119
v -0.066385976311611847 0.069677858885340296 0.29788572185037099
v 0.017105805053858805 0.081342813679012721 -0.19633549648974361
v 0.22768068344622172 0.03776255354329254 0.23294205749291882
v -0.61773420831612413 0.18607047418763301 0.12738848745525039
v -0.17946981025629366 0.060149273819874519 -0.21264934010698658
v 0.07134413413277535 0.026164802108164287 0.14282368748998006
v -2.2669970926544089e-05 0.0681542943097634 0.56288509659237784
v 0.15596357420860588 0.026228672977040769 0.011141437342063746
v -0.305906726232613 0.067657815399373503 0.40620348961265279
v 0.21233582058954717 0.034413783377993092 0.15032626218778317
v -0.73095709669766162 0.1174737384700462 0.10403757127413123
v 0.03017914820480842 0.069192443374284096 0.31941604548279923
v -0.75086649307376196 0.072101298656029045 0.11884743300574165
v 0.21480748440891131 0.16397223804912076 -0.16646795685133528
v -0.48459240452142205 0.03437388571997585 -0.039622073818879375
v 0.096540413463630945 0.02497134243321715 0.254299947208949
v 0.097781946076070478 0.15624860923489686 -0.20857383671013749
v -0.73635096720946946 0.092514122623348002 0.18125168101706515
v -0.41070492690103322 0.18158562838615161 -0.084594912933408276
v -0.33866039493416461 0.069606881942557042 -0.24435563429294269
v -0.28772599778051738 0.039902446917117716 -0.14389816203532599
v -0.08287803232029145 0.074732875935396376 0.10188262612841041
v -0.47631591508400051 0.036323732552906489 0.45668894899535772
v -0.32028319064049521 0.18980945234296714 -0.17106477286290653
v 0.098137715414705756 0.036591664144945094 -0.1661930740718445
v -0.61535437186070507 0.1701745280100766 0.058612262277085138
v 0.025716196825339838 0.032488536742517303 -0.11012871052551494
v -0.46771956770837608 0.084541019287986283 -0.16085305049288201
v -0.57842590578678599 0.17018373862654709 0.51663213418008003
v 0.23978288619678031 0.072266270906204896 0.49489581115905612
v -0.28201481733742972 0.054462476503805472 0.21474601257508089
v -0.10303473740760918 0.17797840635009027 0.58843548688230884
v 0.13732038297417298 0.06979985107290021 -0.17332624351944284
v 0.20313575425626004 0.035768517676582193 0.19162816979927125
v -0.39200288553359458 0.043538089372508838 0.18339096252371728
v 0.085464683086405174 0.058514012351980435 -0.18495844668137654
v -0.31061312212270026 0.204428234866115 0.48094945546327095
v -0.28803567668655411 0.11475346472158343 -0.23410561390046156
v 0.077302816507706165 0.023972402981328515 0.27075856272271759
v -0.30008117668269818 0.066321751779795435 0.36992731905866794
v -0.42282312106140929 0.03518578951613606 -0.16567654439816704
v -0.48808180215948727 0.1006250642093314 0.55519313118069558
v -0.67015955885527756 0.060530878802625455 0.37311443362400032
v 0.18652540473011911 0.035115200796747868 0.13741863363790308
v 0.19227106879701913 0.16771008705153848 -0.18018461885658957
v -0.38226322111001393 0.081021647666456101 -0.024317582271237266
v -0.6757789507108064 0.078862198404770975 0.38816494680350838
v 0.13866372827733256 0.033270780122517427 -0.14217942287003926
v -0.39664877780937635 0.17459451711558693 0.50111408192921225
v 0.094069583722275682 0.021871068192880896 0.48629176609297875
v 0.11910152513930632 0.021247065081483912 0.49465241835579593
v -0.05686459205070156 0.056145338637690084 0.47527491371763791
v -0.18210899953242649 0.13525327364388129 -0.21693810715902259
v -0.060742381841210003 0.10103891684354548 -0.2041034845639505
v -0.71869824090162648 0.040872539092324356 0.16994975061401882
v -0.030757584526954526 0.08833159391535518 0.57432728263022037
v -0.26744950999156536 0.051112785232117819 -0.13247504379994945
v -0.094149866127968593 0.066809403223889979 -0.20068461952518776
v -0.58747226930987206 0.16250905696672574 0.22111768548372529
v 0.16294106961133498 0.17612666726520512 -0.20185221815682006
v -0.59097743542847081 0.15196297238915821 0.35741050955343912
v -0.21417916234105802 0.044319913071958268 -0.13367128541795903
v -0.60060058719397325 0.033893400995572136 0.19801287363640294
v -0.64342697028341855 0.039977439962328304 0.34882950983643385
v -0.33849229889385413 0.028096483704403954 0.23444666105941084
v 0.11603250530328857 0.053875071638089148 0.37022602585500863
v -0.17673924602502214 0.07022190111313048 0.2445828829283388
v -0.38907295681937176 0.07301594182104329 -0.043527865777936783
v -0.26622264894188258 0.077312092240239924 0.64095030366683647
v 0.20156357104633349 0.023544790011066134 0.29569512224515526
v 0.20799525690044782 0.027140573732870647 0.055791005665070392
v -0.65850642521072666 0.034831403377867498 0.085190539314731112
v -0.3028727007726702 0.035008242764659005 0.59165064958793689
v -0.41379764771160182 0.15755290913793477 -0.16111576440289946
v -0.18171870504616552 0.16720670169327276 0.60150820165424723
v -0.10639113356603407 0.15037019108033139 0.58110278918875991
v -0.099482217911094628 0.12883664680038984 -0.20538748406044466
v 0.11445133390372267 0.02934083134327644 0.33562458442169857
v -0.0029901562349357591 0.149887306213184 0.57406709892231089
v -0.46513131105558198 0.033557324335014439 0.029018391155897365
v -0.48501437491957305 0.037087066085217918 0.15052694478404927
v 0.01602575762472554 0.028467695251393567 0.4848097389506999
v -0.25777981881592887 0.074787793290002402 0.12065588147814751
v -0.0091206411458489081 0.072723269338186347 0.43590009708738386
v 0.17639203576711432 0.023054491948338432 0.47252785951233323
v -0.6379767755468867 0.038276537265188364 0.37521760395801662
v -0.24274315191643667 0.049264441174516158 0.51257031411152654
v -0.1120730855009633 0.078347496644601375 0.033739646953725465
v -0.73797057890153683 0.10771554924803012 0.11703611685465522
v -0.46152047935889295 0.031412757767263516 0.37453145007884664
v -0.057327060541043147 0.1396699357043075 0.56995029577118628
v -0.27518939438493373 0.20010625614973163 0.52646808017098157
v -0.67150855057721992 0.097345264643522902 0.43860209575513559
v -0.34306967553184553 0.1972026388336906 -0.1173108658711737
v 0.019479247092591058 0.14142100109735894 -0.20938658709682217
v -0.38003737137648086 0.031914924529452708 0.3915702260926337
v -0.39294693441970202 0.029633646170392384 0.15860036854447668
v 0.21625872562673495 0.074119769238092215 -0.060809899724157179
v -0.46334141121582606 0.035626062394357172 -0.1457662003504144
v -0.27450249216299782 0.080442031964837998 -0.021443442612440772
v 0.15188161663908209 0.18608449024994933 -0.21807779114814696
v -0.65903869942810633 0.053288645101707027 0.51239162620495493
v -0.13155690525073929 0.039035153544926121 0.60469372620700301
v -0.70170799657332716 0.043210656210376883 0.029481545578644974
v 0.1166737754378325 0.023571414175726321 0.44749067467867176
v 0.11364175320463794 0.029572787917178208 -0.13481275925018318
v -0.4972433209129844 0.085278560868185652 -0.066799528391596141
v -0.093945018964052593 0.029514790316031429 0.57502002634585891
v -0.65312789436865193 0.13996650199989666 0.42971568403286642
v 0.18803425663171588 0.035351567913850683 -0.036625733716176757
v -0.41931435715991677 0.12409570078809883 0.52801834463563713
v 0.089943494645369548 0.029741243181878922 0.12010169207095883
v -0.051015515137962653 0.070994326657050189 0.18811792182734977
v -0.025415235828295288 0.02893860569144005 0.55753261648327823
v -0.65167220506150259 0.10220904603838618 0.50540599522825957
v -0.6424715935023414 0.090956476125622715 0.33801583340337532
v 0.15752459808578503 0.022261272419549085 0.42603438856166409
v -0.61199801575647306 0.12686850111589562 0.33715730557518103
v -0.12902587956849343 0.074867707639089898 0.077224681220615807
v -0.59097041570751829 0.034341925751815459 0.30738381566272305
v -0.39493253528171607 0.068272149673003102 -0.23890353501937725
v -0.085741775388636685 0.083094595764576895 -0.20447190151284389
v -0.07516309011782836 0.064974541568880814 0.58923273388552089
v -0.10087216033751562 0.070993068973301557 0.20058811770429577
v -0.59922343112471887 0.17569760319857919 0.43368245624136897
v -0.52102470505020992 0.19106283990547482 0.4767502655194199
v 0.13034697110991114 0.1152219065937696 0.53233019050581443
v -0.46368972117872626 0.07033353858153632 -0.18780134165807755
v -0.48832553095579379 0.033114132721106887 0.05146188665101744
v -0.011032317163992998 0.029828054535730744 0.49627989465151745
v 0.027339972446341686 0.028966939310394804 0.24372696264599544
v 0.27268368722622044 0.022479750213602514 0.23024043933343008
v -0.64982170780863335 0.046680027108277379 0.27709228308118616
v -0.070489249616807567 0.17202407701525679 0.5881745915235822
v 0.19347843581012053 0.088359267236776715 -0.14793803554488413
v -0.6308362582226974 0.17740972712657505 0.10026846636731339
v -0.062149171361425649 0.074965348471256063 0.44079203145770812
v 0.11849735092180659 0.026901204404166525 0.26708399946979422
v -0.72097947076711644 0.063356453115009315 0.20940520915017333
v 0.16674653063520226 0.094295719512856951 0.53000791676966719
v -0.66990836247103036 0.098733920251850585 0.47228325722836278
v -0.69384780651388323 0.092539613165167955 0.22648321903853819
v -0.67023877710791491 0.14974196148122196 0.063854224464094098
v -0.62934862317417239 0.12435792864038271 0.24878417882497839
v -0.68194269490311266 0.075997473567711027 0.41515480670749422
v 0.20907824685166401 0.047836080010100868 0.50417611691338671
v 0.33678781182028478 0.031598067072075291 0.22955121711983112
v 0.3888681522844189 0.040187834341499258 0.16270997364202824
v 0.36226878546246094 0.13829522653740089 0.37564055891511433
v 0.29442903478239801 0.13384757761523167 -0.019583436077389427
v 0.32875707370417956 0.076323701322816323 0.35176458535813687
v 0.40121965130784099 0.10468543286110568 0.014099733383815705
v 0.31143371350506666 0.095627643418542449 0.0060536689019129088
v 0.28748378092771126 0.078821598253697792 0.012965168468366886
v 0.36035787267562575 0.1527592163645875 -0.013081767851146628
v 0.42183504657406828 0.076404489521562771 0.059614476041340646
v 0.40406182563639098 0.056749937206048456 0.25025632894859201
v 0.27421725122295554 0.020986117679551729 0.16597426590432368
v 0.30570356892857009 0.046447087980916325 0.058046462719454087
v 0.41079270393774997 0.050879737877166265 0.14950229634036064
v 0.44509065250528285 0.11994145291801889 0.02517386303556066
v 0.31386993922770667 0.052288498755925041 0.31472469085455368
v 0.27403080622653903 0.045632479600506343 0.050928571164898614
v 0.31560651114961114 0.056217460295568483 0.042649311784181895
v 0.33118681501998537 0.18956663143170466 -0.046688722718301962
v 0.29266445611218239 0.14627869013033978 -0.04894668091176823
v 0.28800817844291066 0.18982466225980407 -0.14511987494188985
v 0.38895418303699264 0.13679300044463794 0.3732273044879299
v 0.54579659573356654 0.1439040739974507 0.29667201980811747
v 0.48724704634008958 0.086055295306686944 0.20965369098244191
v 0.47386945183552753 0.1242211445573628 0.33988538300383142
v 0.48072040098453539 0.08961400739913182 0.2508392903421926
v -0.91563631331569606 0.89546873364592505 0.53484470703073894
v -0.77174158074058197 0.86528470262768487 0.60177609729328252
v 0.6038636439547328 0.18822844641650233 0.27548164798944685
v -0.89401057620460123 0.98319870562682132 0.59256108304376331
v -0.92853236110870363 0.9631369664784184 0.55049733788283517
v -0.77523089274389401 0.95397678687567933 0.029667418300084045
v -0.89166970474687535 0.87053997644831138 0.5419356156352102
v -0.78289650522588994 0.96548201651938925 0.64413429794291632
v 0.5138697065300708 0.35961757861249544 0.052772849732964505
v -0.83268210629100903 0.81235960820921216 0.056816138831212518
v 0.067928253296735408 0.024843568120118266 0.15407853581102793
v -0.56126522876721241 0.1382963503143268 0.30619234446607718
v -0.34449039460254727 0.043969521882434574 -0.24069579223261447
v -0.53126785356643946 0.036518233406041274 0.41061004396317258
v -0.36114834208736823 0.038107387449924535 0.28573896984939595
v -0.53974489173353757 0.033938333009312684 0.34664460877591002
v 0.27831118407624239 0.025692798189964769 0.10122608676080989
v -0.3681033528613093 0.19090340330202812 -0.10144166185196875
v -0.56926197476942342 0.13447445944417877 -0.0089985443449832909
v -0.14531876554604425 0.051933977160094437 0.50975313062633709
v -0.54226562012729995 0.10855819337599235 0.57495112384791658
v 0.25543873998903127 0.021601270566948626 0.14623474879315709
v 0.056976084769867034 0.023891973112436168 0.10058410309744474
v 0.048689076215566868 0.050965220234778126 0.309195419708437
v 0.044921238262172161 0.067396476112060122 0.32604877601412502
v -0.35524901488829852 0.034256017991771165 -0.20953611892306293
v 0.057831776708121396 0.0238323234516848 0.25776819738126344
v 0.22833443346989968 0.024146588926723306 0.29378749511459129
v -0.36524792459601579 0.03454544933681844 0.51854661972181026
v 0.27617958442280083 0.1188725321583263 0.47424209212064294
v -0.56012231113820066 0.14120176520416472 0.55742043563049681
v -0.16107689348217688 0.078246703857445504 0.623511259365368
v -0.53359849478473864 0.033496021561939017 0.044195272478390196
v 0.048508272422088057 0.030386812616359612 0.46733557024376993
v -0.35281099194424892 0.034321774184697951 0.22963398209275387
v -0.15239828373291892 0.028148044030512413 0.56238142829200588
v -0.35683194688827957 0.081775883675721958 -0.24360236962526349
v 0.2538517710046041 0.054308268608633206 0.44405830888915332
v 0.043460268670114086 0.073071947410215846 0.37046228097004769
v -0.35030609271279056 0.030877203028948936 0.35839715620990309
v 0.029200984427646026 0.036828219223577499 -0.17850106854516964
v -0.16648720273185291 0.072610479194562927 0.38781499908486233
v 0.44498883624284513 0.10096980582775586 0.048747363856915638
v -0.57021603433865442 0.14971000443588928 0.32931424722894032
v -0.36730225620387968 0.056989137861079973 -0.10077774347371087
v -0.13290183678485629 0.074203450865811246 0.42195514961831482
v 0.049477641787597372 0.032123854942604779 -0.10432719804542898
v -0.35977050471476679 0.060467305505536646 -0.24953033174930359
v -0.166381157279682 0.15772289993514876 0.60626336995549135
v 0.042919303854656386 0.02240771157796612 0.18618186440729467
v 0.46052469233975107 0.075002144279302657 0.12717665902076011
v 0.24705209785222215 0.031358405017220647 0.33797701927868767
v 0.058169140764471244 0.029444204619631306 0.53815011954702885
v 0.040342435051260443 0.023431451080677061 0.49144894703316061
v -0.14474715126786722 0.051242662815389826 -0.11867100220428679
v -0.56001362941928801 0.065444678151080432 0.57852864458227182
v -0.35229138785140257 0.083626137972564185 -0.056268150829324966
v -0.56408259438154074 0.03648440350370457 -0.023059758981448544
v 0.25095307835516989 0.13581287391489372 -0.10039651234298888
v -0.14629315015727221 0.075016692458967471 0.47821809007450083
v -0.14466301547649779 0.031867911615555473 -0.1739905451343931
v -0.55309183905579096 0.18123483849096592 0.49981617143392582
v -0.74757854690605174 0.99750016563165511 0.66153443002530232
v -0.54314087010500178 0.033259495622670852 0.086127807040346491
v 0.039288210833984948 0.11411525190111776 0.5474282705607717
v -0.55958917910882378 0.060215321923219274 -0.044231303346614431
v -0.55074266257981375 0.10502154622666668 -0.033238710715731846
v 0.45493510898223399 0.07100363784133272 0.18118559543615659
v 0.27323882690145851 0.051881190172780305 0.36379910647009617
v -0.14876247196660294 0.04328155102301235 0.6148683786490029
v 0.077965417094747649 0.89393699294456097 0.48759353016636026
v 0.045906551829044101 0.031456118865804884 0.073849156697914156
v -0.55360170120494057 0.9386456265148948 0.51350825282522483
v -0.35994110430876913 0.038336439269791057 0.3125272228521131
v -0.34349998892578998 0.2113270002096935 -0.040433005021184687
v -0.55146437593315167 0.046235820815652792 0.56660188236201159
v -0.059462498977460601 0.20033791130734491 0.61185700765613082
v -0.45093097630343448 0.17044444999141445 -0.042888981303684355
v -0.32967859973528696 0.036404455592941198 0.17305359391454256
v -0.083198795599505979 0.06784233805773382 -0.099657650475920706
v -0.010145474056364316 0.053079141985609514 0.17698300421467583
v -0.018742477534672532 0.066176729814288945 0.23402519743022923
v 0.12070291074531192 0.023887766918075887 0.2915448511674299
v -0.24672519754870526 0.069128092953570211 0.27839102114623138
v -0.25364709258945278 0.073082224991075945 0.64292771393409054
v -0.29032492362634532 0.081094993904994139 -0.11078624423073948
v -0.74865272263298044 0.064167347601350816 0.10414846858338135
v -0.1666374742590554 0.1100136914399981 -0.21718941625433008
v 0.15495008951875824 0.02745097212370947 0.26602543550364466
v -0.46597280748623721 0.11983693597926162 0.54395878702662293
v 0.067428770154070922 0.042249054535922752 -0.17848858210319377
v -0.40758843191646693 0.091920076971968495 -0.2253660663493314
v -0.12749039776105961 0.060826209311247957 -0.11049492891560617
v -0.70277357900542503 0.039155317847982068 0.17712976077984804
v 0.20359370632396198 0.024696692291699081 0.36267569172740532
v -0.098924307843226214 0.084358114979409593 0.59800925404018501
v -0.65410387655128854 0.12210336224784971 0.38211969592547868
v -0.59854408431718475 0.17890549477122228 0.052623495264838463
v -0.27867033379698541 0.082885089727578437 -0.055415386508094099
v -0.62536149316187384 0.08273480898171176 0.54844009907334157
v -0.067717658130206262 0.027368352270102963 0.56330246594537392
v -0.72864444296058206 0.042712459327849658 0.16448713018402572
v -0.42556594517000751 0.043904181437614258 0.017493089781851694
v -0.014137353247376798 0.18043087614263106 -0.25123447585734549
v 0.16748810690015831 0.03470716789709348 0.12078175557843952
v -0.21861625106077873 0.069712371090609127 0.25367461127090291
v 0.078899486063856855 0.023709474505950102 0.080271807198401449
v -0.72601288009534581 0.07489687153230476 0.050784618106138331
v -0.040225485837535449 0.20333280810556364 -0.25854673557603292
v 0.24451848582397584 0.081389841049876524 0.4939716246970054
v -0.07558773657062047 0.03182543846638039 -0.16184400447442904
v -0.17071759618527443 0.071200069690883813 0.62789329683182393
v 0.15648998436884859 0.021448701730765705 0.45966337636331889
v 0.085050009181024469 0.048479155670228667 -0.070926706873603182
v -0.39863998380739712 0.04204386739820138 -0.090403607465366118
v -0.45562308502987736 0.034769721784262984 -0.0303790769976084
v 0.13264734329342259 0.025983064653391459 0.020385385033519211
v -0.21258288630393557 0.07647885371163532 0.46333438361680812
v -0.19497591595384997 0.080578181450192021 -0.10079185492187247
v -0.0025354909506016786 0.047213236794387901 0.22180217032427779
v -0.25438456329440051 0.068957048446726676 0.31384539539028838
v -0.23012182429966097 0.15820335098569097 -0.21890696376981175
v -0.66537372366553327 0.083207466673425518 0.49620907471697123
v -0.38906697977342747 0.046322306383616826 0.19170288688916029
v -0.4756762649911534 0.1909434278123032 0.48831536758237953
v 0.083576078389714065 0.027080185339588028 0.047058231093216447
v -0.18641826579272899 0.17979490751287389 0.58025247859532647
v -0.0060137943292004632 0.13233009614143598 -0.19990593957681377
v -0.45671768366746346 0.033795979203223449 0.053726768765819964
v -0.33988207685951849 0.029012502449326866 0.30401753034239759
v -0.45743171862013227 0.1715086164466508 0.50299795057264429
v -0.17705791588248598 0.077717722505965883 0.041489725330876415
v 0.18892232219941532 0.18323384459807135 -0.19239743229760853
v -0.31008811962862648 0.034782017595266973 0.27899906884022319
v -0.32006237809409377 0.16527594468194684 0.54176737348013204
v -0.21030282909817405 0.061899301694755188 -0.22089468046434216
v -0.46414256888153677 0.16184777558298066 -0.035340057064834576
v -0.52543588667283192 0.12640331593550388 0.56372211424848162
v 0.14724638137008267 0.023310861637873857 0.42348889425976521
v -0.3950971057339665 0.033367201544193793 0.45561560231919768
v -0.45570561999965159 0.12469203120580417 -0.14829737568603904
v -0.37269720751098251 0.061187343977159248 -0.089077654069211962
v -0.0012955799716793755 0.18584021436539766 0.61351420194389517
v -0.33361088488880236 0.048438769199612354 -0.13051177042137888
v -0.23226565766049959 0.11695196990908392 0.63813641823266753
v -0.32893169164190744 0.043802695773023634 0.39051063973125416
v -0.17200263709953936 0.11565630398781943 0.62737149098624134
v -0.32739354642317414 0.033893117731235184 0.54284429746727003
v -0.25613927932227532 0.19848912525131787 0.54022253277277998
v -0.55226237553833391 0.066832558015254673 -0.046176661229004219
v -0.19033751981804656 0.073994870406232149 0.12816865009554426
v -0.47900677032760175 0.1026293643236932 -0.099398394784191879
v -0.32681579565022256 0.10496232030433757 0.59614070161856469
v -0.41214857943845279 0.17207163009321413 -0.12883212733128968
v -0.045823154164248384 0.069405157120531025 0.25261752462520504
v 0.081193564787118588 0.035082448651346104 -0.08672615434131993
v -0.032699317134792301 0.098171962677325322 -0.20103545476103138
v 0.20050872905195069 0.13769295751660968 -0.17511162632415847
v -0.39115736676994128 0.064477704274803441 -0.057703328662642391
v -0.19396233668332646 0.18808650514306874 0.56618103500636108
v -0.48975352803437555 0.1063267206733899 -0.045559155936340898
v -0.043202200943239552 0.17011421922905118 0.59229876336214848
v 0.02549765435358356 0.029961604553901625 0.11660175932246819
v -0.21189849536966035 0.069777997987249624 0.33007865735688086
v -0.30766240866150052 0.075932655436266386 0.09053575456009412
v -0.22774590903397579 0.070629876562211133 0.22861987805557005
v 0.15698897111834617 0.022422351969477523 0.48799561317857743
v -0.4291086154061356 0.18248145532671831 0.50069500564768332
v -0.42461305005461569 0.13467584950210576 0.52344954130228849
v -0.31771980357139418 0.085787857530942202 0.60959723900482321
v -0.70055532060729042 0.11640334692972014 0.045347147123375314
v -0.39532455408076289 0.18115582477674436 -0.10589585551222443
v -0.2997988082009031 0.084907381634952386 -0.23492999437267337
v -0.39521998800282732 0.031386376116617758 0.35997431522197149
v 0.16066943605573886 0.02312743907843277 0.067349035181162434
v -0.43072398046415011 0.03499323731261797 0.39694224135860551
v -0.077577910846525849 0.07587046102941894 0.076343244328944126
v -0.45275969594359505 0.035091962395061196 0.49414432056281926
v 0.20522317343160007 0.035071966569665054 0.16293651167270093
v -0.49837147473986942 0.037382269704588064 0.42996542187883613
v -0.70643397847585976 0.046037605630126675 0.21017148647593223
v -0.64851312115950799 0.095155614124263682 0.5154032467161338
v -0.020118835247583549 0.07148412386410477 0.12247180384763919
v -0.44481842555444523 0.10883321755497016 -0.17262369437502453
v -0.0012240135545351183 0.0433746395366345 -0.18794934622480358
v -0.59076050039085504 0.033121872724917824 0.16867631385784176
v -0.007893530253391335 0.07655452081600686 0.060045233263056351
v 0.21717001276592471 0.03532437719980018 0.24555584814517659
v -0.65759535533288949 0.045793552433323864 0.49911376271691776
v -0.11050185724652944 0.027280688225489444 0.54233118075390585
v 0.22527990790191219 0.083253821843341 -0.051645548745814597
v -0.32701879454508931 0.028286448726954686 0.23425446233174707
v -0.28200757795079334 0.063727716465064366 -0.23466329113836859
v -0.73290954851576473 0.052630133266512738 0.064507589790294015
v -0.63462357657174118 0.10510399435611911 0.33689833343848014
v -0.032518105289551305 0.070946861517903304 0.36768545180586543
v -0.11542211118197272 0.073932631363131426 0.11426553772170367
v -0.39022134516990964 0.090243210966071505 0.5223696504612364
v -0.17595851375921706 0.03145953970350851 -0.15232241519838779
v -0.29132519779784771 0.15671616089619597 0.5788760178826664
v -0.68508173468758993 0.050723438963169415 0.013866637171386472
v -0.59930668314779911 0.037919120639176393 0.43570195254198896
v 0.087911735404458624 0.10538809163237246 0.54012716437078023
v -0.31124666841167825 0.039272156196757634 0.59508620758160313
v -0.61737400950202659 0.034963231835051484 0.045318585279091009
v -0.4559695782000206 0.07331093636940586 0.55473575105840112
v -0.7069068403538622 0.048545572127731258 0.028695558543531195
v -0.2761018439859384 0.032892712900019209 0.54252806880730109
v -0.38030288864105172 0.048990096616350585 0.2391035362056263
v -0.31703351233122423 0.030292494801695598 0.21713747138247391
v -0.60844185252856364 0.13347745844568049 0.54353425396549315
v 0.14875263131976882 0.10486852579635809 0.53243103125697611
v -0.21706190289324931 0.032468662322102625 0.61554323726727622
v 0.0026241070142713633 0.023755792485017666 0.52677745264809339
v -0.62630123627352796 0.072563412666251076 -0.015331441461399092
v -0.64930252770667085 0.040611627145040186 0.47518021457359083
v -0.6695097177802467 0.040528247508637136 0.013182485404413474
v -0.4094116928760636 0.033739367625989669 0.09063240973506162
v -0.68926054722951502 0.1618959635125285 0.13957227239311834
v -0.090475785819122176 0.069247688526940632 0.47070551779925379
v -0.46688878991486998 0.13145778048861376 -0.083850492240687621
v -0.38348830489640823 0.06977439437739294 0.53151210373073088
v -0.53462694892524198 0.053280393085475407 -0.049190406274400911
v -0.38373562616366846 0.031427585546632504 0.1275827817987002
v -0.70852547219838391 0.040243068619584488 0.050720910766181175
v 0.20217653782218931 0.16086244171092859 -0.17158180837635539
v -0.042892138659242247 0.071632096001245343 0.16386108701425872
v -0.24747918917958775 0.031541538659424266 -0.19043996244815872
v -0.70363314964589263 0.084347583018998695 0.21604775996504849
v -0.0022209778209774738 0.056684663143201086 0.12492221838926987
v 0.10303083224016775 0.024034233899660678 0.28396506042640307
v -0.58286408359467434 0.045675605671118009 -0.02586342567635035
v -0.17150685865388021 0.079274718703002373 -0.10134861214906631
v 0.18046903232448691 0.031140445774098132 -0.021128247637407983
v 0.1132228401262577 0.029897686328939806 0.52834112684006751
v -0.20757545601385008 0.035388010125837123 -0.14256932242145745
v -0.11856606334158835 0.14777715341756872 -0.22335795389391139
v 0.080249616025591761 0.070142923290506962 0.40561284858525465
v -0.73586788318336305 0.097106555825444724 0.17933131830210053
v -0.58696160932999197 0.032883958584231293 0.23562670721101581
v 0.0075238216147690161 0.080070921494861752 -0.066213805415251709
v -0.42274713950104797 0.12286658354378273 -0.19083395050955171
v 0.12255285914030264 0.027325202893292638 0.22230717542009251
v -0.41845581226628464 0.038197836699856894 0.3428505676618368
v -0.43839132445685114 0.16324917257658736 -0.092244534158498301
v -0.62488299070174547 0.13044107446577888 0.35636254517851668
v -0.25330197150845157 0.17099608650332457 -0.21221220268166835
v 0.19370335481540621 0.027834700716810351 0.037491556895414987
v -0.31744336084766639 0.036592779131976165 -0.21859960722913518
v 0.10342061604219009 0.1322100044928253 0.55403033012762182
v 0.15044399444581613 0.17365664515657883 -0.20835482491575597
v -0.31066279664806562 0.17411466372184456 0.53752451144250002
v -0.59103630245245542 0.17871129763768354 0.043304157580744101
v -0.44928288692083951 0.14561822730653695 -0.10281013392368771
v -0.61672126649225911 0.15462273913913446 0.031495132262475418
v -0.45960137762051118 0.089812960234684158 -0.17117479068823044
v -0.28025737689956626 0.045156601827794352 0.50060999785423022
v -0.53075295001927847 0.031401914580547002 0.15343752172542593
v -0.51503552737770908 0.035842399884073416 0.37963207449911707
v -0.37436382459085987 0.034062050662705817 -0.20528974770174982
v -0.4979534558217808 0.069520203040615555 -0.08275997422360909
v -0.19259606106177762 0.1368429809242937 0.62983762961640088
v 0.1811165853230649 0.11088758601293575 -0.17692443494681231
v -0.29749921766518272 0.052288491808601123 0.6184244712756517
v 0.073828775088655485 0.12781014821267381 0.55232323713640663
v -0.23452851076477974 0.049786569566250376 -0.13210942880566834
v 0.2195141211039702 0.056638223796761644 -0.0080326431180534931
v -0.48360641928671905 0.049356096266629325 -0.13430212498311181
v -0.74248991848631352 0.047036423249073353 0.14090607896176094
v -0.64949435365060437 0.14666401128185144 0.43791630671306042
v -0.061621818071359788 0.1804727123222151 -0.25119256949116786
v -0.6268268662967823 0.038521999380182755 0.30104722662736727
v -0.083145209210011575 0.077382933412602314 0.046197188690406898
v -0.29040906379219072 0.066630189972906914 0.33949971141071511
v 0.11315035027509344 0.060816691239283675 0.38129674218897347
v -0.65416057752391121 0.035604215376186521 0.037316988672799555
v -0.67369553664303183 0.047434904743728294 0.39918182953897136
v 0.097108747874265128 0.025683956194090942 0.177881561094065
v -0.11501758157250051 0.059458664330768504 0.60455382647813471
v -0.3877028036017498 0.078276887645918447 -0.0098861005621737955
v -0.3186802156254202 0.12723434715263063 0.58778150556081332
v -0.64008834283144123 0.14775379560291318 0.41069077669673043
v -0.50733983163924212 0.035269815414101846 -0.042343036421929298
v -0.43936810432626228 0.037405465449591724 0.52054112808927577
v -0.68053254628328042 0.06652619210751895 0.40011805374079978
v -0.17567117713825345 0.049669078308881863 -0.20690614146517802
v -0.3689718485805098 0.16867074644454402 0.49837222788178953
v -0.27523795633836107 0.12237955519280455 -0.23205813335205344
v -0.25826852098310976 0.04284542145816865 -0.2216139758536487
v -0.069187448184771669 0.14643660929208194 0.57029950109411909
v -0.0014688985441517861 0.081040464654455108 -0.012138542483753751
v -0.077682009536425678 0.070499667157730636 0.21932270054380276
v -0.61393175031968894 0.10663149478194782 0.55006125449777965
v -0.2551242957473418 0.032008255590447218 0.559443379584593
v -0.43448741894670989 0.04336055279611007 0.30308486473427865
v 0.12129125198044176 0.0586140473709491 -0.17718610088885745
v -0.63621377952760261 0.085171713088293452 0.32423354560529699
v 0.094854244696591913 0.09318995039493988 -0.18470134731158372
v -0.58942699530076459 0.037480441994500083 0.47696200604812133
v -0.65742066744540339 0.12049693393178612 0.48060438329738381
v -0.024489578141676949 0.12858249562472318 -0.20001432822378554
v -0.32264782966600408 0.2040226647018013 -0.12659906301065621
v 0.10465763585281466 0.032062748808742471 -0.15400242351500462
v -0.51482217694843257 0.16807790635532202 0.51885710621017134
v 0.13289390051601194 0.030404602622730627 0.41116985309437998
v -0.61743849283350261 0.1749998366233137 0.074357783765276422
v -0.46348467213892075 0.03553149947191489 -0.0975180048839627
v -0.083975027779698022 0.072378723278596874 0.16398735760972497
v -0.61868103057118695 0.16657342961253338 0.43023725672053942
v 0.20502375044471788 0.090808900140852647 0.52055460931849751
v -0.60955083775730667 0.14894945941884824 0.53096303626403107
v -0.41713252913321891 0.044824496860873544 0.52895455806610558
v 0.18441859329989696 0.043835822671403242 -0.10018690255457631
v -0.60531455547828028 0.10586275375523341 0.2899156659569625
v -0.4348075780710372 0.065342510433072903 -0.21638668208062406
v -0.60942176193719111 0.033991239970666318 0.13968527334924821
v -0.41485416230817618 0.038423639328323989 -0.082933970150255082
v 0.21721211539019794 0.10342422216464293 -0.13005623232852268
v 0.2120620914622981 0.033423558070485276 0.48026211279198799
v -0.44006230983218009 0.18106023135303112 -0.042520896009355304
v -0.67520388025649014 0.037079888399013494 0.14711087777925896
v -0.46630366584465394 0.10724407191206917 -0.15041035165774683
v -0.57775299436825345 0.14379978514255895 0.55080160949376145
v -0.60738435549671665 0.16607105346609488 0.40822795057931116
v 0.034183178174292686 0.065059184139866527 -0.19348915773145681
v -0.49830113587536107 0.15118437523938799 0.53145902955665925
v -0.57711141315220549 0.067941743833362114 -0.036992440530721517
v -0.00071166963143582014 0.06953718079673013 0.30640925580085687
v -0.47315240125386704 0.070705900510173419 -0.16095909721346915
v -0.73140066279546845 0.08390688381585544 0.075657268384352008
v 0.10762291387049644 0.12296601885001654 0.54046160768041918
v -0.67432756082871792 0.13888925168770624 0.20317171689215099
v 0.21888921524421082 0.032403634545308632 0.12608962191911421
v -0.42419501799390485 0.034455505334704005 0.49489963748997606
v -0.53942071174792539 0.087862268319545189 0.58017583762406988
v -0.40445299190689205 0.034707303571821051 -0.16644050651234571
v 0.22867014130361707 0.034421437338132563 0.44532415037420242
v -0.67770836136061263 0.16179103885652341 0.16440614448508617
v 0.18948868265545163 0.041139132480482288 -0.073807036356503153
v 0.16779091258701148 0.051850847920787944 -0.14144801688698661
v 0.18909654526538169 0.10722567939501405 0.52644151138424888
v 0.23396588530232307 0.041213181647875533 0.45901292863723991
v -0.053368276621158887 0.074275314055817485 -0.089888879946150912
v -0.61290422001707801 0.038451631514595477 0.52268934530818034
v 0.026194889322178196 0.12145837801919609 0.54994850440067844
v -0.65974474167653885 0.057410910371738282 0.27383049309700097
v -0.027999247130791861 0.068053680445119974 0.20552108570856667
v -0.68617218208424291 0.039809443426657293 0.20660580236859963
v -0.67612523060263507 0.083630457726659696 0.43539397724942597
v 0.0071094795619990473 0.074070947272861745 0.42263353932197772
v 0.19382386837292079 0.034999538588048447 0.21738797803429924
v 0.00064861168837981572 0.078907012126419498 0.027521933718470969
v -0.69681849096416204 0.10665320646919067 0.029105754285185598
v 0.01519029189285925 0.033922444898830673 0.5546546238815907
v 0.24008309139228867 0.037716200877735334 0.2055772966672717
v 0.23371661838165184 0.15783567750965355 0.49511754916541201
v 0.10111745497235312 0.14904685645732474 0.57873537258034602
v -0.072937049451159197 0.070078837843671068 0.34280397418074676
v 0.037880979720593969 0.07800871991582134 0.0082637284474975873
v 0.025409472296140472 0.067625017358380154 -0.083071430785299147
v 0.20021136062253564 0.10707618697207123 -0.16228787858733837
v 0.070545448065706853 0.15603453273607851 -0.21155909656742503
v 0.09441095641232658 0.027290637108270198 -0.10797291650312908
v -0.02107787730855586 0.027063103843787673 0.50366146735884509
v 0.083952174134621804 0.045236918812656249 -0.00067363533013437308
v 0.1828890093536169 0.022623553862813055 0.45403910774417844
v -0.010413436969650358 0.038361167603903706 0.48408878156767732
v -0.12237755660653425 0.1586324919679343 0.58075975030230265
v -0.11638383655509699 0.031336228527820136 -0.14327310167628754
v -0.047277995612791668 0.057276931728996734 0.58053146596352467
v -0.12449244828190154 0.081893074261913112 -0.082952948165388979
v -0.082218032206747685 0.047811228907622287 -0.18997809001726843
v 0.0061572262668981772 0.1525815524339714 -0.22474681208331682
v -0.032616036095298194 0.063537224404855638 0.45809030540850748
v 0.33365599801331769 0.042304443465132104 0.27691235221636845
v 0.42055534381563597 0.086193141386253377 0.042915347555736123
v 0.35682564922832949 0.058254448828965411 0.054388168353842588
v 0.39231307452082392 0.044417118971801339 0.20171381259222401
v 0.27661607985903519 0.03829229021802736 0.065206955933556646
v 0.38710367262599754 0.071898393273668731 0.31523209442356886
v 0.36397674573892225 0.15768916797559671 0.38614915787731674
v 0.36684823891668034 0.04544225618597067 0.096646248214833169
v 0.39867836592069644 0.093772825193851328 0.34357344263363193
v 0.34023343282687873 0.16557695766043085 -0.016034008791904798
v 0.4311591217078789 0.067646602507667186 0.091890618642934657
v 0.32907076468817836 0.093093455728247357 0.011908692306618519
v 0.33622386236508001 0.18724558700915958 -0.034081842675037381
v 0.44181361843457306 0.14007862155799988 0.37889882724481888
v 0.4040739719158612 0.16243520933621697 -0.014390847359921801
v 0.36604934322974814 0.10099283318084019 0.010696803924171105
v 0.34770738519072669 0.080776343873003587 0.34214977983564732
v 0.31678574138158511 0.13393567681077245 0.4320569864650069
v 0.30940911745519495 0.067235521172061399 0.35439766380551485
v 0.4332531583673887 0.091374655994056087 0.322475251367003
v 0.29843266859101514 0.12992227814986196 0.45035024464400641
v 0.37317690708786694 0.040437767074640092 0.21641405440800482
v 0.42874680281247379 0.059864645524721968 0.20813384274522781
v 0.30729258784340535 0.17562890033091194 -0.089746006866043643
v 0.28621572624108699 0.059637412056470933 0.36618338183862176
v 0.32585789328325354 0.025484556282193881 0.16416608313224024
v 0.28210307504622001 0.071258689490312499 0.40547941089095951
v 0.36763895918695555 0.031635263899744047 0.17397010348936975
v 0.27796699527415841 0.059058155043352323 0.031677100283442783
v 0.30276496225589039 0.16169073846897988 0.45569961602197667
v 0.32619645206447656 0.033696647249508604 0.25153352229792647
v 0.28554851406174819 0.029288468118825087 0.27622878610218043
v 0.37055435296323747 0.08538515632151232 0.33881109847936458
v 0.39551358832055716 0.12819457050337779 -0.0017868459532895289
v 0.29132444691764076 0.085130770146421147 0.41133411969945499
v 0.34486582653554637 0.140464270716356 0.39211106245406757
v 0.33774374170116483 0.094692673191092175 0.36158341780507386
v 0.61893281915273402 0.18812377471759489 0.19637913902446819
v 0.34984317075894888 0.033873829556373004 0.21610106999102882
v 0.28637219078136222 0.089974833623493997 0.0040508521394941391
v 0.28602625410760263 0.18771266141932424 0.47211508484488846
v 0.55610662106951492 0.12575231452864105 0.17987575199685654
v 0.54714975590407966 0.12599748288205564 0.13455425806965807
v 0.54460801107998613 0.13059650461283209 0.10215581382920455
v 0.49606708709951886 0.089787852369474716 0.20230797058888553
v 0.59086304268498568 0.15960912600552282 0.14474712336957962
v 0.5363111073862723 0.1811579480033278 0.023921215371291663
v 0.47647291776184469 0.14019574921161254 0.016291041358934912
v 0.58160302841875511 0.15135375683630997 0.24772810039149409
v 0.60476021377994527 0.17963411685707661 0.26090450245048802
v 0.5294870068516766 0.13652495024073241 0.065231156581538288
v 0.47934296371611618 0.16190645131656969 -0.0022144505811589488
v -0.82091184538873008 0.90600380592234708 0.073546742192261316
v 0.60641869592733511 0.17132132297331201 0.17778831697069683
v -0.85506435419983717 0.9173430316621829 0.61709750635903637
v -0.82769534670456013 0.96718263020258044 0.62701071004758924
v -0.86223963069437781 0.86422635852430385 0.3997208634854405
v -0.94752120066133139 0.96605578692288607 0.37651041037730443
v -0.78166686423092036 0.97603415714684316 0.032472523305154211
v -0.90383748739419334 0.95913764915400057 0.13428798499201594
v -0.93879286906298109 0.92406336464136041 0.21829569578287125
v -0.90012486408328962 0.94504567116251903 0.59024407889979369
v -0.92682597233686537 0.90676844901825604 0.49280285548250008
v -0.91612610046378962 0.90065615310225711 0.17673642843674361
v 0.57349105528372513 0.27255728411060937 0.010472802653398772
v 0.48920185701180735 0.88463515180025398 0.23303016780819427
v 0.15643351145433596 0.16977038929672977 0.55798278509535115
v -0.34018304565312446 0.1611544789269779 0.52535633182546981
v -0.36885895593817547 0.081867392933289374 -0.056003611489312287
v 0.045928048209997269 0.033425945144642373 0.5457956254805405
v 0.065764897331348271 0.036039937678302957 0.54465814889619935
v -0.16475896500280329 0.08235221077837028 -0.089411652798145932
v 0.070590529010643624 0.11161174039873592 -0.18996417517843889
v -0.13811294452958031 0.054481222101098459 -0.20251410485361115
v 0.24432209530764926 0.027021351602067107 0.31667661758798804
v -0.17730622391609999 0.053360114732089646 0.51204243087572543
v -0.34612783712410244 0.075439565935027653 -0.24403326558703414
v -0.34719207544955605 0.032281061054113436 0.47455348749667164
v 0.24183264023227904 0.20279997944242065 0.53516373810861395
v -0.35587157277086823 0.032311434239376095 0.21205336943619038
v -0.15450154043883574 0.13699282478038366 -0.21234117008113634
v -0.54730287491302865 0.032223005416460289 0.17189580474237767
v 0.04750130571536474 0.023099935723665838 0.1464035647727723
v -0.53719099723625341 0.035218126517437165 0.26122691983592811
v -0.58831930768198504 0.98147121881309674 0.54286557604771679
v -0.58190670134751121 0.18259545466567653 0.19587042550766809
v -0.55068304385142719 0.05736801672226359 -0.047380479329638847
v -0.55374052816268682 0.056476404483067198 0.57512509698499437
v -0.55640750896217994 0.037057050076853885 0.4677238910323635
v -0.35431625137550077 0.079598548459871105 -0.083149161892684037
v -0.16198427303733604 0.077694806777288586 0.47033581071400904
v -0.14264381931498404 0.030655594275982218 -0.16192258968547546
v 0.064292131694363569 0.06914982699074558 0.0014093365395417478
v -0.14853600631695524 0.074110978607407882 0.12162802095673898
v 0.25772494013368608 0.033215871208515491 0.19804330411244259
v 0.049060686285391682 0.076766704438861702 -0.040433417863716611
v -0.35798062348555126 0.031194891992966284 0.33105740252185145
v -0.35667080210284363 0.16624192510973637 0.49767707613807644
v -0.56130155237107116 0.033565654363442277 0.084499938180733702
v -0.35510073961311261 0.19566535175439129 -0.10698749933942875
v -0.57529517674909347 0.080940205267044207 -0.032697769682750573
v 0.24931336993144187 0.1700459696537418 -0.15678852177999578
v -0.37311394401373427 0.039743859161872327 0.11317394616042419
v 0.26614003376539447 0.92943601745704951 0.3983221324960633
v -0.34705743902312075 0.02933677301517363 0.24608239801949577
v -0.14626406251512453 0.15316740742970048 0.59953344251881791
v 0.055419514658334439 0.14196525104764002 0.57180803601529451
v -0.33700270174418373 0.97971504839613643 0.018578202546975838
v -0.15748652773606212 0.081354661576891391 -0.032359388214916171
v 0.25821496509199371 0.91539650697977704 0.41782269345339013
v -0.57758376938351752 0.17856597534627972 0.49570866302846045
v 0.27017131875466804 0.10284228242355913 0.47744043205407977
v 0.46422843370792222 0.10144951952318157 0.31094781779687691
v 0.26496886755250321 0.14833099067184644 -0.11595960797982222
v -0.36449165437811093 0.96026318133724942 -0.020153661099896428
v -0.14841537991582271 0.18456644402897943 0.56950746264749241
v -0.15064714210101088 0.97691423363661545 0.025192792476252196
v -0.32066808157022653 0.19669483687458642 -0.14994809062283729
v -0.57155129059732468 0.1851865305575657 0.43304955767288561
v -0.55603564200362987 0.16513039026535425 0.53054661621961363
v -0.55457517360520725 0.91731067154721402 0.50447931830448178
v 0.079777402413671636 0.17366148902815337 -0.22423284487390083
v -0.34317550641573802 0.037341661345187571 0.43779465786518407
v 0.059176719999383454 0.035425034744590501 0.046460796870276704
v -0.35174945665784191 0.049483529850391526 -0.24581140758797623
v -0.35728053346372696 0.92437316849476847 -0.043134414568981656
v -0.36420943490677188 0.94279458672729832 0.39871391521112515
v -0.16942278697942764 0.99016297980005119 0.3217047578614487
v -0.5574916168585845 0.036360062627914788 0.38075525182312076
v -0.55416874270439564 0.15807196560204037 0.0010654659217410021
v -0.150811018540809 0.069908884621448258 0.27092677507698942
v 0.26137629546944352 0.12879060700897574 -0.067135586124323965
v -0.59295142330566764 0.18624424125337136 0.056269470783808853
v -0.15951269091072404 0.14838956083864432 -0.22091996238884026
v 0.047745937532411756 0.071887104151599962 0.41349155343185157
v -0.14755084439169661 0.028512590708070697 0.57966364901799472
v -0.35421843127520514 0.034217708055749786 -0.15599107659972353
v 0.037771550181426576 0.024419219134776959 0.1717110901661664
v -0.56147796363163904 0.081137977739225334 0.58107339414558201
v 0.05718766665650582 0.96056749812419351 0.43434901585088803
v 0.46007017301646691 0.17732652134251803 0.39264168475298455
v 0.26073019583134016 0.026282750511116879 0.16178348255192776
v -0.55997735204940591 0.03765841239311938 0.41822137407424842
v 0.26217454259855039 0.063636294491146189 0.44815477668188108
v 0.063672970435406859 0.98818016376637241 -0.0056060195859936844
v 0.073628179274708036 0.029216731847380752 0.45982537439382432
v 0.058125867529772758 0.027805970939343561 -0.1230666653443184
v -0.54911900620649901 0.96387622765447811 -0.0051003219405603385
v -0.1557664246575689 1.0150359701193274 0.15355354553587405
v -0.14347941750200588 0.95597457247013218 0.40472896331798575
v 0.26828913855072312 0.024591770318769818 0.21302615227037133
v -0.53234545361426311 0.036308983371317792 0.51310852814709174
v -0.35648827070904054 0.028428431482657397 0.19386981033075676
v -0.35211347524797176 0.038667761723781641 0.54968304956947667
v -0.56261270455606116 0.88741116056241109 0.485379772259806
v -0.096221669146635908 0.19314132114512078 0.60152930352579859
v -0.45112110218012025 0.12280924217460699 0.54072053559438604
v -0.50166345491947084 0.21084304881853957 0.45737256375004293
v 0.21608431696766922 0.086237130967266026 -0.089015039277118888
v 0.0081629511729237065 0.040095294847652403 0.23721307532791483
v -0.30363292679715292 0.035982679923130846 0.26747146508535535
v -0.3130031905505824 0.058460719059654317 0.381616703687715
v -0.3178388389251427 0.032406395704254819 0.51175897478616539
v -0.27883735075951438 0.047552814174995732 -0.23111271751028978
v -0.20703887853712247 0.069958256904023824 0.25732516428127977
v -0.2503818017915273 0.080531892549097525 -0.031511335567538372
v -0.58379461073180616 0.033064527810501079 0.13986314603889136
v 0.145189369405957 0.022790452933569266 0.076057980626037122
v -0.22612996088850473 0.069479340395538214 0.28283674039238704
v -0.57863159314781321 0.037370572785275676 -0.018059833198937066
v -0.67141204730029402 0.037800413647976289 0.031952527796925374
v -0.647284931882532 0.078627156028001022 0.33912581560816757
v -0.46160839277677679 0.035555065263879623 0.51239383659112847
v -0.19320301747409047 0.073174566055812837 0.14840343775817802
v 0.078122954807482298 0.022306617362355726 0.23935608934575142
v 0.19355007893189094 0.025461241275025765 0.47460364284158663
v 0.18175772019704572 0.15779010291384812 -0.18617112883694339
v -0.055758674243541029 0.069017335223181431 0.26944053442664262
v -0.47062287207452819 0.17968955268912884 0.49693181296692063
v 0.14679339936092176 0.023454805901355107 0.047565508003029167
v -0.59884130381048384 0.034074785814805414 0.0494137090368836
v -0.40910103313898488 0.17709425882414498 -0.10602722882391503
v -0.68377474472785793 0.037954395246885944 0.17793270339626799
v -0.45771730322819382 0.11574262292453331 -0.15504809655879231
v -0.304377002867321 0.067797572098338796 -0.23865472332896742
v 0.08227255616263654 0.041766618468438259 -0.079083533104289408
v -0.740837894497273 0.046767274994365865 0.15894019457113537
v -0.25731963177574391 0.039468262825788594 0.52765601307559462
v -0.30322035768149613 0.045924371826073264 -0.13705722496813194
v -0.26062738756341836 0.066433348100769701 0.23980377860735741
v -0.51488986537915682 0.15533727728216254 0.53499371240556548
v -0.31609230862972826 0.18472885389834146 -0.1830391107763579
v -0.29481148764502646 0.070391447240659016 0.4022867152541893
v -0.21222452833702168 0.073329466846296099 0.15521500235382721
v -0.32867102987363633 0.17305211967564454 0.52232656780113607
v -0.31876280542812374 0.028993682141140543 0.22742632264950352
v -0.33579301176358567 0.12261628527397705 0.56658324325939369
v -0.58759912355885091 0.033352961761215633 0.22076212682165772
v -0.61285277747778577 0.037713870681545351 0.47112655407856147
v -0.25190213579849846 0.15910182210129295 0.60274793709468155
v -0.20043426386005486 0.14104271460292339 0.62954151215634191
v -0.17429841323044956 0.19099535329748404 0.56330084523595003
v -0.20417706133459759 0.073926902561098559 0.42387460047363679
v -0.45767593254740224 0.11050360252164335 0.54547413615238449
v -0.73291168180138189 0.042135937631686979 0.14476868396483158
v -0.24544616249226553 0.10412188397812812 0.64042472107664017
v 0.072848567150626667 0.029609071136167606 0.044751970300363493
v 0.071170632763376235 0.12104484454846921 0.54532402317571727
v 0.15782605307048372 0.028349912220802645 -0.052415472369023837
v -0.30979996887238337 0.042589790739340112 0.32599716169192616
v -0.27718144674143064 0.11987887089239874 0.61417913046948058
v -0.27880644097877999 0.072904903446046762 0.14252811185072892
v -0.22873892430531501 0.038523183775876935 0.62860658724226526
v -0.40043653745670227 0.14459734409531017 -0.19551964920123352
v -0.28238374270721583 0.16590358793114943 0.57354922858381319
v -0.38758703655260696 0.03381783878358853 -0.17020879254430404
v -0.24702581944015095 0.18405432127001778 0.57700225496053559
v -0.48803982918052652 0.041076758289080945 -0.1032171281908123
v -0.67399449107605758 0.094934355635685516 0.45438035598483151
v -0.47220088240511293 0.031794024958552915 0.14184327966513294
v 0.14702181819539434 0.12290560202413663 0.52867907108668655
v -0.39510595464555887 0.060252098247703327 0.52785812792507758
v -0.53468096082865246 0.18726200767183795 0.23422328755752544
v -0.68189856308714913 0.1356157232296839 0.19998625698567801
v -0.13188390823458468 0.043790123456833502 -0.12287742182415855
v 0.12452585965702108 0.021981975682051395 0.46016794080292539
v -0.74286475260726081 0.10267776843096293 0.16377574513305537
v 0.011031218359399221 0.069747701264743445 0.30742787065322769
v -0.52679146781792752 0.036153516316242661 0.5152816141028822
v -0.66503042237799337 0.12260404963881748 0.44432170065403365
v -0.68127178783769538 0.084739315632716528 0.24551396335557599
v 0.021477398983175886 0.1847886814712994 -0.24875326534999864
v -0.21484642401316953 0.071371492726513774 0.3600181645805372
v -0.44588295716045967 0.03934367299475796 0.32650842309301537
v -0.38479161096176751 0.031422602607822328 0.36839388376088605
v 0.008813939036067862 0.061202427819105273 0.094056276878922249
v -0.72301488778252088 0.070865780518519897 0.04503144660057725
v 0.23859548782253348 0.024784529877441664 0.12370731550563918
v -0.67594556108080572 0.11844251092986288 0.22487941446912241
v 0.1322653658099503 0.14252849613920246 0.55466417446401228
v -0.67420267708748782 0.070818734843326334 0.38129089476971484
v -0.63836572923380464 0.12838667323660788 0.50843907477826877
v -0.64024403603210367 0.050696660882604841 0.53420916547782726
v -0.58159525797011502 0.036810323212185941 0.38672899293358265
v 0.097776830188081351 0.13834866409024002 0.5686144025541765
v -0.39744498424069979 0.19175016400434827 -0.05575802148419793
v -0.48968272488438802 0.17670828948177142 -0.021270753893827786
v -0.29172577854272053 0.055634622218964792 0.30170875395521668
v -0.42808934588427261 0.032041791930854595 0.37229466766463304
v -0.61627490398575369 0.094550459015564303 0.29730117429614855
v -0.039293107206487349 0.18939757254439638 0.60861088904911842
v -0.5892804548139744 0.062235599375543155 0.57312868113402249
v 0.17899560895094629 0.065675216622160554 -0.14042568801453653
v -0.38452676702549443 0.0874622075897694 0.52613456743760856
v -0.40547885783132948 0.048902434661232896 0.25066854428900442
v -0.4183292696503958 0.035389682903260285 -0.19233640916383005
v -0.67020824384114441 0.050415510461542377 0.0056084083378850564
v -0.72483372900954246 0.039606991693737936 0.097295423933563344
v -0.21094975774464464 0.081845540570130826 -0.052325894384163872
v -0.53153333979606354 0.18034300297296108 0.31722565449647844
v 0.15186552587801144 0.030107189146845587 0.23101705643262516
v -0.51765650079727421 0.069707221788578827 -0.051964260306154433
v -0.0033049194170651237 0.07089402469344161 0.34953249433980088
v -0.48163700657117575 0.067356651843428039 -0.14893176517119719
v -0.51260569105339338 0.037847852338198221 0.27985615048297718
v -0.49525042297520755 0.037193405979190811 0.31346730599669048
v -0.51062876842667804 0.051684548223622034 0.56777984546713445
v -0.21928404093787998 0.13043265205537127 -0.22642951857731394
v 0.14768303285765963 0.027489992484340992 0.36946811395310519
v 0.19914996142065311 0.043691795707829176 -0.035658865930885394
v -0.53478485771180739 0.17844951578257495 0.50433047545153531
v -0.72298568902883642 0.12173679637899164 0.091163998265470683
v 0.10851154862169531 0.1732700829455498 -0.22373003069078004
v -0.27683132846398734 0.070647280016005495 0.38076981318143199
v -0.25059686577580542 0.036520831016762664 -0.14602249543836426
v -0.46712880780810412 0.076296484206434298 0.55728977068157803
v -0.39788965038026403 0.065218265133183462 -0.23877791650540919
v -0.62163884230476718 0.10695545842717873 0.27283547499084765
v 0.19179255512513999 0.14574727890653766 0.51629343616233825
v -0.37684363951863148 0.045187979245830387 0.53335231870638111
v -0.44316137610641759 0.034857498247331489 0.044689040906892824
v -0.4264177638811194 0.16592850302964235 -0.12262834891613608
v -0.41686864663858741 0.033966082011780772 0.41713370918236059
v -0.37529763769886187 0.042703008291478654 0.28442978429767879
v -0.58961706798062619 0.16988479679496021 0.5118217266240489
v -0.75071688857376606 0.068609153176242277 0.11272373446026858
v 0.20566535223733889 0.14690026637026959 0.51040984970036074
v -0.32544644774873449 0.079407640857876813 0.055851393467228498
v -0.6131497987277027 0.14690085595936567 0.23027401722191132
v -0.48036361734710514 0.048161456966068217 0.55669381420859432
v 0.10299910186232192 0.064736660910419561 0.36883707866292043
v -0.27119040486143808 0.067434313208219285 0.1769781714337359
v -0.5163627248024123 0.18190527097975137 0.2774575163813931
v -0.65371436841710517 0.077176737265288509 0.26811511885937966
v -0.28631385109707047 0.078039283538446594 0.059910983381983564
v -0.59453836272110716 0.17924619429215988 0.45349145733977791
v -0.63152157042157908 0.11450528403585357 0.34220359149941332
v -0.28159029383571638 0.078633485247709745 0.014474913993477435
v -0.48229292699384718 0.048394231154814289 0.17521641461553519
v -0.72626325918537316 0.043346920805546002 0.059930146646024439
v -0.25683706222154035 0.071781005016154753 0.39569158483023253
v -0.75241145928407627 0.063125527311617052 0.15058160152283284
v -0.21930287908917759 0.033031243603374255 -0.18634605226013412
v -0.37870644937109016 0.033416075010588575 0.18337685844453247
v -0.31883727905108478 0.19790320699189262 0.48697712036053747
v -0.39827864426612447 0.17021227171963507 -0.15523950282060703
v 0.074895097088736068 0.13530387549177117 -0.20016720587523834
v -0.37124012173941562 0.12659734807427997 0.52135378175013836
v 0.11428137850372777 0.059292498143412878 0.39440735835346535
v -0.20094709622343243 0.034227761287398427 0.54555459912517035
v -0.016519252693968745 0.094016412446867328 -0.19929384926424296
v -0.21308493474564466 0.079543122592949225 -0.015545260897234806
v -0.12086637873514337 0.16286122286286653 0.57689606832565132
v -0.099384573098271284 0.10122020039447038 0.5985897016633327
v -0.31676092276745482 0.038898201340872761 0.48005672116616294
v -0.22847018980960102 0.069422254921453111 -0.11984919759277947
v -0.43890929286585983 0.18559823911779852 0.49802546980336521
v -0.36421869267911472 0.07709596491664597 -0.079096021090297577
v -0.11835366632561152 0.072975797160379163 0.47260846417903368
v -0.65350578553647143 0.13373836454577662 0.4070811805045158
v 0.11578317436695897 0.047163208321175598 -0.17384445134388818
v -0.048637486356360761 0.15727594716709639 0.57343452224441893
v 0.088908233372826176 0.11649639646056714 0.54098134147207322
v -0.72714046560740864 0.11710793125406058 0.17390329960236398
v -0.07940165695799975 0.12349767022945599 0.58772952049409
v -0.0054802355316546942 0.064674428189891539 0.25985169174941936
v -0.085751751136524279 0.079311767970473138 -0.087279736857642759
v -0.31521455536578846 0.11826555141970521 0.59881554533490244
v -0.23782526096213594 0.075201760678129254 0.4677543286771671
v -0.028655821382496161 0.1381556239818654 0.56237153340754242
v -0.27761634475475488 0.098303998553122773 0.62958815046439021
v 0.023996279972910945 0.026660042015173958 0.18859067466542762
v -0.53109571407247425 0.10638790300552949 0.57265975835233585
v -0.23431271415023661 0.075708232259456096 0.09752386552992727
v -0.17310614644637962 0.082328110133107382 -0.064674631884277287
v -0.31998618290105901 0.04677776299777256 0.44738261970108972
v -0.6112391503719069 0.18495926814040511 0.09370250297559804
v -0.47957250583275535 0.13691798446907444 -0.037706476708121044
v 0.074029541785949005 0.050655481171802207 -0.1837155504880017
v -0.37116953429484068 0.048699192773990554 0.23413895089814368
v -0.31374259067159765 0.1406454854607718 0.57782660863277768
v 0.23976057647324409 0.12648225455261794 -0.095216104310913097
v -0.13037597607359194 0.076158528982785162 0.46593893123210067
v -0.71192917710544867 0.065579659855277625 0.21820128335605096
v 0.20621485316559804 0.025130741405028904 0.09055413490281547
v -0.44747725515218101 0.048146637568269743 0.165147009642793
v -0.50543043903661045 0.036777797823592119 0.41442520730475796
v -0.20093254578768319 0.078097154514410863 0.63855286285281787
v -0.42817782895521067 0.14320667606323814 -0.16265390804464333
v 0.093043567397434426 0.023589743299339209 0.27834422339043419
v -0.097275933169661113 0.06952993704721476 0.26647012143801901
v -0.68154194455540318 0.067653436394274916 0.44282190942965638
v -0.090219882881398081 0.037983884945889182 -0.17614488672196599
v -0.52383144464685027 0.043358286074248555 0.55946754830136747
v -0.62681895042483016 0.040405425939197021 -0.0048217903761648313
v -0.13883928863199735 0.17429542892914132 0.57320798552218266
v -0.58651784257131678 0.034110648528408644 0.09988314927592877
v -0.40570923439360512 0.037106448766749137 -0.10577587266880821
v 0.19993058202090291 0.045526349531816106 -0.050449903889008565
v -0.19542653585452663 0.11013013011208288 -0.22343446702923614
v -0.51605240547650855 0.031702558863092173 0.12077437493896542
v -0.028312491068928327 0.08119383245091516 -0.023531611493907
v -0.51405191992199017 0.16926451398629153 -0.014975517260594092
v -0.30037203891429687 0.03247281884083645 -0.1681537274225558
v -0.70719144058460048 0.089160471591539933 0.027252098798950644
v -0.25708202086858351 0.069912198240338091 0.21034892357621471
v -0.10514997141533979 0.071341778029832006 0.36678469651609052
v -0.2344196144472703 0.045430861393415976 -0.21717304208042584
v -0.44810464678197948 0.046679726981455297 0.25786169997410774
v 0.14447030776740952 0.13944633456199088 0.53509899492893154
v -0.46089073960893773 0.042981518019217853 0.15777236581124163
v -0.06889025172372247 0.041037585624532261 0.58642749334321509
v -0.28172193541251628 0.052729987012007457 0.24662764835242357
v -0.5143819986868996 0.042074310724912398 -0.053503157021749306
v 0.10935344822331422 0.031446058503298797 0.097668481794622841
v -0.031439872072358717 0.033063682370776039 0.56749896827135193
v -0.61410875866618131 0.037365367675410724 0.41590872575934662
v -0.40033459872180799 0.041917776216565061 0.076573966231309437
v 0.1706406615381906 0.031879766952526659 -0.088065526530750851
v -0.036297384753745665 0.053033821661569419 0.57833992053148053
v -0.62679701791417164 0.084696895722166488 0.29312751388269465
v 0.025477263158971516 0.030023378146653134 -0.1181328521879101
v -0.37944331856824726 0.075860371106783814 -0.058125739828343695
v -0.057750235676676483 0.072719152943539825 0.40032536181369016
v -0.45949802820356045 0.049337311483995887 -0.1907365206660554
v -0.46756159789747459 0.15160558762468704 -0.04099775404477967
v -0.44593132043243844 0.06394729807965692 -0.20871639763791408
v 0.13608944301393749 0.12759333308684168 -0.19821649535527097
v -0.17956574745114429 0.033238555927151678 -0.14420957452456612
v -0.4008047665818868 0.13169338479041257 0.52018572132061125
v -0.6618291611823619 0.041050546396292804 0.41925408837710315
v -0.050977555748190372 0.075381269200889764 0.085298264020946021
v 0.13494068789049382 0.079897922320691456 0.53409118216749141
v 0.23800716642443004 0.066496278520352128 0.0029281739636939836
v 0.22761025351370151 0.029425565538387519 0.40450939256869523
v 0.22999302626233281 0.058427197470904496 0.49081067670230383
v 0.21893607749960547 0.070170980793097373 0.50701256451014032
v -0.68033625369404949 0.061235839313641863 0.46000298487727087
v 0.20469021931031695 0.032244702892562961 0.027275193436500544
v 0.12061149342270605 0.15915727261345727 -0.20703199697143831
v -0.053569800837847181 0.1688456160712386 -0.24682775053963912
v 0.07447916626750152 0.16885255701209975 -0.22142762633410232
v -0.22504791884489109 0.082114463212018041 -0.099486002882500507
v -0.11601316078891492 0.076325772503776632 0.068853187375435901
v -0.63030107587668394 0.03505595058669661 0.17042961597005279
v -0.61063287672334687 0.17482229689236792 0.18068760841919959
v -0.110138957702127 0.15840793355567631 0.57640830440473179
v -0.060115112928217675 0.029865913109001739 -0.15134067391646641
v -0.60835306696887681 0.16000320009627464 0.51648128386557213
v -0.62541596861660009 0.057955665059362109 0.55064616680927447
v -0.29150333361073399 0.17722406330008228 0.54273428022698444
v -0.65875697983458348 0.091959161025248148 0.2567052568731209
v 0.079041477743361885 0.028928163315479784 0.11738844406071623
v -0.60665694522356806 0.10275719983841193 0.55646802620392755
v -0.096132057962439746 0.036554402437846072 -0.12452258468396413
v 0.072791003800008455 0.043784238251694738 0.32173627810875038
v 0.13813977209603301 0.16589253144830693 -0.20728698952051744
v -0.10395392077540534 0.069521309647053026 0.29615090151877077
v 0.20305147753400526 0.17320598536852 0.52592471243549355
v 0.0076027947614518195 0.036590656040911253 -0.10767053263985994
v 0.0070449189176194794 0.065961174091082375 -0.090269425138314652
v 0.19105118099466056 0.033619536310132751 0.23608770118911301
v -0.002978031486815452 0.046123974646366125 0.56717400257281625
v 0.07868350317479203 0.06632817003211694 -0.020621698996299363
v -0.59982707666955404 0.064629270939885297 -0.026248028682727905
v 0.0051475015846797999 0.06944950149901831 0.084168000884217289
v 0.15551010726809694 0.033417729736118333 0.11057077917813662
v -0.60820371822595942 0.11171757731530302 0.31597296242240913
v -0.11262072490350371 0.070417019947021264 0.23090956402159848
v 0.13424924987447548 0.16628505870472757 0.57360179896320951
v 0.14274103796138468 0.029882206138300747 -0.12468987124926084
v -0.038049348438178657 0.13647333105762111 -0.21041329260593314
v -0.61223811080831259 0.036445379571741335 0.32257038213282657
v 0.075932996104380632 0.027683209414046703 -0.11012358233520309
v -0.012089473425464282 0.063606514384173224 0.13627691663583932
v -0.095123672258311365 0.049182948917381598 0.59676877674076723
v 0.11457978564893563 0.029372676272929499 -0.016518599598802988
v -0.70097520245736633 0.13898202459064765 0.08564406015025483
v -0.060856293040935788 0.025241206115527874 0.5372169225280411
v 0.15935048453461989 0.066270246978151121 -0.16009665026723296
v 0.018428061608702116 0.030443362988614095 0.13979906090913885
v 0.15573836332730326 0.15169930674196166 -0.19724989607290991
v -0.60619493847549455 0.12793822733480084 0.25917913937667647
v 0.19777652597962192 0.056735353880102431 -0.092825209027501257
v -0.63160932650166657 0.15324878858498278 0.49219977239855756
v 0.16184423181868843 0.045828275641306489 0.52561479944158307
v 0.20599439475721767 0.084083195231793903 -0.12202868649188535
v -0.74372070261255929 0.091895185314821104 0.11083051164435551
v 0.23870434945874128 0.032314197632837077 0.3816733731321863
v 0.023555423203588315 0.14002834075337975 0.56026941659668883
v -0.038477393378873147 0.034857947453395981 0.49746974983909786
v -0.64442844247122288 0.069110859968848984 -0.0067000894840910227
v -0.74636962435896648 0.084982923448104167 0.13907470333976985
v -0.01699853283849647 0.15879237793437401 0.58388858560545875
v -0.10622195017458977 0.070501575519888227 0.34502980791091814
v 0.020764815779558118 0.077117799706330536 -0.069398910396386251
v -0.019122300590590557 0.074351365863454477 0.095119911651705177
v 0.14073445995649397 0.027118043056520987 0.40986339179486253
v 0.17567765170392313 0.028789729646639478 0.00087244674438006261
v -0.072082285177290803 0.033448605346690023 -0.1251417700965404
v -0.010645300875732133 0.056599517235114825 0.15399258164850707
v -0.066943508765612988 0.1787670197517531 0.59696461468041995
v 0.012407654352064106 0.02408989182904361 0.50318596721506537
v -0.030913976097529373 0.024525350045249406 0.5380505121908703
v -0.020661616165829282 0.071219287374695364 -0.19870288352838042
v -0.086330637840762489 0.19924015186250355 -0.25650626361083995
v -0.085606095961974507 0.11994918642038151 -0.20343030290969133
v -0.100601577887949 0.074329766905604 0.42741441531883106
v 0.35780580098265008 0.08533751708593125 0.020166224024803624
v 0.42471187673134614 0.07158109704667491 0.071705430553961932
v 0.3618676168630115 0.06524827786633787 0.31560743436765426
v 0.28378848354261099 0.17553476031924281 0.4681824098927469
v 0.29362327933808463 0.026952404369578156 0.10760190442607659
v 0.32915097457166648 0.16940772777756583 -0.025095199590959249
v 0.31553935419231421 0.042573007137543251 0.28954857791120492
v 0.38439377541997349 0.038036106047090956 0.18262240959505777
v 0.32699388690406217 0.11150259913628859 0.38872026401403009
v 0.29414541461413757 0.10783745322328717 0.44091772644141386
v 0.30756585693155108 0.15002384940028077 -0.026851517004221795
v 0.32621036848267132 0.13974463588787359 0.42506471877980595
v 0.34087141278238314 0.0815477798737336 0.34785219662048855
v 0.39075380900335244 0.17597320303070252 0.38298410374628128
v 0.29139064413044558 0.022812890283470295 0.20864324967470319
v 0.38231104052153353 0.058314421462558594 0.06793969131168931
v 0.40777268372894454 0.086407875793909961 0.32982588022281001
v 0.36046901076395671 0.038801030847181416 0.11847605303628192
v 0.26863167091273504 0.022814549707468025 0.17948982911981645
v 0.29369172590958909 0.1674659932485186 -0.11043790252834142
v 0.31326343825622283 0.031621124721660843 0.099969083141106224
v 0.29525469340863164 0.1266303217238384 -0.013073863806260376
v 0.33619391111081015 0.11140249260582882 0.0010565064224427004
v 0.41589355714860704 0.1194315796605938 0.0074706371344742959
v 0.44362428870453069 0.12418984996614391 0.36429874201005857
v 0.39913605807398006 0.17113473154318518 -0.016141673285150416
v 0.35701311889902071 0.079599369363755626 0.33691702320395356
v 0.43981966749699153 0.069841540161968238 0.24533998045572464
v 0.35247987983000151 0.15246382428536193 0.39352895356266182
v 0.30376436909550814 0.92864432819643927 0.060494784169757218
v 0.3857795837606251 0.1503874664021512 0.37726403432466965
v 0.29339226682714353 0.15256210153433977 -0.07170471402582769
v 0.40971288031415132 0.086032974204766688 0.035509839124320826
v 0.30815705841420743 0.084085042068190702 0.38183539697307739
v 0.3430722910011359 0.12369973488854628 -0.0050507266472455976
v 0.31258305599955394 0.065636036157991698 0.030294228179021176
v 0.28094070242360908 0.11961156256051979 -0.015724885264050036
v 0.3239451244650231 0.93723006462644798 0.1412687822141791
v 0.34876552009404654 0.041118350850887483 0.2589290403438041
v 0.39986214299994088 0.06562495022992762 0.29085713795630741
v 0.29350896974213991 0.96084858357379976 0.29478327821487588
v 0.29527625249077083 0.14953677670923435 0.45825885603056282
v 0.32950920432219011 0.028142321781274262 0.12761249881897713
v 0.31334834044564869 0.88868155613805788 0.39078674186704193
v 0.33499235909190217 0.91076927690376819 0.077282789123216122
v 0.44705621333048945 0.15637186628207358 0.38799306663817201
v 0.34875859061704256 0.9024584668745782 0.33044655115828392
v 0.28846213872512466 0.9693155269714232 0.17553847105580275
v 0.39034336187228852 0.12271344522685382 0.36656421772674069
v 0.2672872772670849 0.073685904760065965 0.45658183863593521
v 0.267669328243618 0.97447559376540804 0.31002737679337639
v 0.28431223101046504 0.93789142941327941 0.045516560488317502
v 0.32273588833316241 0.14235558182519062 -0.014674971101318079
v 0.26998266524319425 0.89972912699547036 -0.027911197888791889
v 0.28051879846774125 0.10984615763420391 0.46701321125578893
v 0.31813077979307364 0.87846746609248283 -0.00014770034211980803
v 0.60742916179819628 0.17807565920779109 0.14470435408243465
v 0.51084119787772309 0.12416578212342332 0.063739502314144186
v 0.55773563562787709 0.16334011059223633 0.06194975125810874
v 0.56449398461995937 0.15463433485693295 0.28759458828673812
v 0.55239163109158129 0.12530128528766019 0.22949625486057065
v 0.57681877584782104 0.14148503081144026 0.18912286764562128
v -0.91420157589865247 0.9795248787717612 0.16842068236162036
v -0.95165263250553189 0.94569572462350959 0.27530835631404615
v -0.80020176983160807 0.95889352837219877 0.6293572387132359
v -0.91351464833023333 0.8939606633515963 0.18003911725639346
v -0.9010639918707527 0.94453512724140731 0.13162711114263018
v -0.83686437069093456 0.88509206167499377 0.092947967310645363
v -0.9010067744135718 0.87332306395372628 0.4670630223856061
v -0.93157241448935246 0.95509064084947315 0.40654086110894533
v -0.82657447157762498 0.92014978911545098 0.62522601049979287
v 0.48804883927065668 0.16087957244395501 0.0017160404602343223
v -0.95286491984537558 0.96526785774416057 0.3545530553855461
v -0.85455312703535113 0.86065942209381774 0.57200973711082037
v -0.92282216743825618 0.8749925535022034 0.26542929390307862
v 0.49394474001348254 0.15569431293829769 0.36527927399731674
v -0.78947496847428 0.91953973178377013 0.044690513078399337
v -0.85172091049372511 0.85713202577658443 0.1315046124547887
v -0.86167065504052454 0.92805479325239781 0.096714134806468677
v -0.9160439749068785 0.91044461307575708 0.39723736118545327
v 0.50771134800473883 0.39980073158850404 0.093958790371920189
v 0.60034542050047279 0.33564817377943623 0.33752747162861435
v 0.14256332334788419 0.17510513428623803 0.57377540987652009
v -0.58483467321719595 0.15116563121027346 0.010204273654054725
v -0.36525892777076524 0.041101384637346063 -0.23159796289992143
v 0.24539340835140913 0.12166652993022832 -0.071091434073752027
v -0.53304819540168036 0.12928301683040788 0.56399542486486964
v 0.035344991941730144 0.1504150743928086 0.57981725926010164
v 0.061492117158204726 0.069173986551814615 0.34221154850604546
v -0.17192430310828513 0.030838226241033152 -0.16962930195661749
v -0.34711623384127166 0.14431726528957967 0.53933286028519001
v -0.14492149366628396 0.082523993915455146 -0.080782824164882791
v -0.41635919843134878 1.0058657254021561 0.29412898429110662
v -0.58358595754309261 0.92172066153005949 0.52234462021368155
v -0.33216906441390909 0.032335776942835515 0.49713945151828454
v 0.069984749187321157 0.04461962890636037 0.54569498476690093
v -0.34276819743919801 0.033373939464771268 -0.16140859656895234
v -0.16653863524621987 0.075192581250298207 0.076788268181575581
v -0.35895915463220635 0.043995002725986894 0.55055009022065593
v 0.28334967094534125 0.0269218931074162 0.2652032801131709
v 0.20095261844421433 0.18933197365384849 0.54144473489001232
v 0.24971301530631337 0.14522560300640941 -0.12055075540084181
v -0.34817093215723005 0.16883537576058819 0.49977987912090327
v -0.17047516536353741 0.045647584740467317 -0.12592179381015059
v -0.15084070721918524 0.96486720133559511 0.0066391627445746915
v -0.14467757369702733 0.9994101200554163 0.32396901813541529
v -0.56434264956644475 0.039773727016297514 0.55286105335102109
v -0.58126364867069835 0.05018132998571425 0.56754859793541479
v 0.054541344720379824 0.068407782205353027 0.41836247129473869
v -0.55203375376279584 0.17262916151120231 0.2332303784397172
v -0.55266940137859111 0.88808017640565995 0.48112555615273184
v 0.2511213706794142 0.035549977993954283 0.21280177805190784
v 0.032584554452532416 0.13040459373595062 -0.19946785711530343
v -0.53270341056385873 0.86413987145996052 -0.08846821548803116
v 0.2635482565592287 0.11056884644495495 0.48454154444984687
v -0.34764076720176346 0.89018955534743294 -0.078100127462239058
v -0.12801454253646144 0.12567341265301601 -0.20537462078322163
v -0.3537379472821599 0.093687438558233527 0.56240690055210096
v -0.35160896745309433 0.041003553062017875 -0.13569657690446751
v -0.55430418349454524 0.18226513176193829 0.37733611857078742
v -0.35283752792886985 0.14784656683426467 -0.22138489792329971
v -0.55226566770480834 0.03362716452961078 0.022338256451237479
v 0.26428276705016585 0.9823228979999995 0.27860882808676113
v 0.44736077464500995 0.10755341919470283 0.33941358884136319
v -0.16387406261733975 0.030307666949987024 0.59800919435890454
v -0.55247298740617146 0.032552562113884902 0.30507196722916913
v -0.35207096424511009 0.20052552983264854 -0.077765280199063938
v 0.26318884905145301 0.98663107965059804 0.20211602431661552
v -0.15476542941010599 0.079555562897687948 0.0074741967268279761
v 0.06416899036292241 0.063190663998080501 -0.073253507640088159
v 0.4444450155609333 0.12779874903086644 0.014800957083474731
v -0.15282391886887078 0.07330984340213198 -0.10634164327919042
v -0.13889492717049781 0.070181075867610562 0.25296133041885627
v -0.15525131803404288 0.038997127854743498 0.53009969684431069
v -0.74972032360147012 0.86435061742578134 0.61833550102941015
v 0.093994603804146801 0.88226373392687518 0.48946507186789623
v 0.057589667804346448 0.8831781232364716 -0.12287831674814936
v -0.17146847547399788 0.071091020266640034 0.20426934026094482
v -0.34756878992142692 0.029464089595425558 0.32901628156331725
v 0.4436502180004992 0.06641672360807277 0.13853199433026597
v -0.13289289652742456 0.9482594247394226 -0.013961750596192077
v 0.052517508228706676 0.091203931336999972 0.54874779872333224
v -0.54802722479057364 0.19188794530827746 0.42271365644358039
v 0.26676666806567523 0.159681096349922 0.47528900335765656
v 0.049143934074214704 0.94275881386810689 -0.057666876291228082
v -0.55658723853117531 0.036561737411690429 0.51662157262335884
v -0.55594492717516608 0.84958706202281853 0.48052120104134621
v -0.57594111242699986 0.95874855530460601 -0.0020763524443867388
v -0.14447950877673862 0.072267802657605809 0.39049245547306366
v 0.24705886733273957 0.035826935501420819 0.190278319057581
v -0.45729770153691746 0.85542688508605758 0.47055609227947653
v -0.15630260917935462 0.095230775760392336 -0.21368876804717407
v -0.15801805863088753 0.97183310860285455 0.36470820155585898
v 0.057532973618071026 0.02907232969017581 0.063329435408363277
v 0.25728650564010941 0.96472046370490216 0.063294949098069389
v -0.35480037552909094 0.89577849389921871 0.42816118430512018
v 0.24235660953840155 0.18208905179484483 0.50378714975516059
v -0.35774377603813301 1.0202823740523879 0.22594529704003119
v 0.057771207157914901 0.032376766816460741 0.29423585506495842
v -0.56446979170659151 0.13302215663123956 0.27845608644935593
v -0.14105719810080183 0.9141683824134772 0.45644156418482557
v 0.047339968264271802 0.90440829717850935 0.48733771738155579
v 0.26623173687488111 0.021129739917917851 0.14795192617616251
v -0.58434403847245131 0.14159106514845127 0.2540527032520673
v -0.35170135352019771 0.075136950280802667 0.04893243203294536
v -0.35907568869175605 0.9757086155408129 0.0028966548992252418
v 0.039675512098612913 0.97968067611576948 0.41807929953068829
v 0.047586733115556147 0.055314156198878139 -0.1891950485365603
v -0.75420239398101441 0.94215026802960133 0.023750672902595658
v -0.72953170643079468 0.90328852555991868 0.022255359279404707
v -0.14498087479572536 0.10117941669297746 0.6171134281229983
v 0.045814930134380219 0.023378433126415028 0.51955979120487794
v -0.14589218635719076 0.17074849399815961 0.57879321297431496
v -0.54157946053685802 0.071762810179818171 0.58075119863183189
v 0.042450109445710281 0.16171460020854281 -0.22863114953052552
v -0.5648789829972013 0.18594845309473582 0.45192891189319156
v -0.55703726694254097 0.047052570574377672 -0.040097098129023609
v -0.3569975109075475 0.032712949283715098 0.44163153175226832
v -0.33679880279603669 0.19522320099459037 0.48378587161422681
v -0.33383021940456054 0.083659537557189648 -0.08889310914039078
v 0.041477928141434681 0.96654039424454052 -0.027147284913638638
v -0.14729666337010322 0.89436114231854769 -0.08829481316217945
v -0.13569046035274271 0.11592553283564361 0.61254530627088111
v -0.54878384483999498 0.14376330720099756 0.29929595034732964
v 0.051833724026124295 0.043064995459283814 -0.090776794593740759
v -0.75366505482158352 0.8894802193372775 0.63977498990924975
v 0.073562483396776082 1.0048793527983291 0.018881183228281657
v 0.24561948466254049 0.09473713801339903 -0.02244908220425126
v -0.14066387670574979 0.13906219088391888 -0.21148390358446612
v 0.25016461096987924 0.1787322969674405 0.49383120216025406
v -0.34939219874818783 0.034140123261913798 0.53141217480941882
v -0.35231835059294775 0.99251140847413555 0.32171961223904261
v -0.1465864074807173 0.033712712456974575 -0.13721687070356992
v 0.24042876722069073 0.12858875850453347 0.50034654198807926
v -0.54524315486934449 0.12828153201842446 -0.022995849951615736
v 0.25165991846020674 0.051739221225298948 0.034279240117502281
v 0.24398234938720231 0.02785172500670674 0.15101179158277936
v -0.57842541607991305 0.18448951104069464 0.03501130200772104
v -0.7492698734349601 0.9191045040643413 0.65712992634439016
v -0.14171674884127353 0.070310216134401818 0.32264293178994086
v 0.25199054764167816 0.065055573185805946 0.47172901877644241
v -0.32630759790513214 0.078154135823483087 -0.24109569424379787
v -0.54229180656544373 0.19386052636289755 0.37510419069312695
v -0.31961069389647279 0.034303668273346292 0.32115695552958207
v -0.26980430005085099 0.057796314687992283 -0.23232727336600742
v -0.28808888647293568 0.053221546773371077 -0.13168861208574806
v -0.6181246226829783 0.097527580589999704 0.28674975655433915
v -0.60958651265404762 0.033947939132676117 0.067226110438942069
v -0.68511508690174439 0.097547210623553801 0.23314836571503442
v -0.67961537794113436 0.077234628070283612 0.40113878567050765
v -0.2308006031382242 0.070710384194258846 0.36234146469995915
v -0.66546997032325961 0.13279642915233508 0.21684369332405343
v -0.30683814560336242 0.03253113509327029 -0.1815201193605199
v -0.71771633182633376 0.038538066711058097 0.077774091752915636
v -0.66163239510023453 0.1154247766691823 0.42499871640500703
v -0.52056141430654779 0.058593700202370737 -0.054109081246369671
v -0.63233699946784661 0.12245645112641515 0.52577848999450505
v -0.31377041408093687 0.046027586854793211 0.35164902301498724
v 0.10599094556139606 0.024914323403741574 0.045797133366820716
v -0.51190667866854533 0.078213658394246904 -0.049489047957856518
v -0.61732859114573024 0.15616165339555507 0.21387536814479277
v -0.22310835372759422 0.034205163792833733 0.54431472559892458
v -0.3157995887574519 0.17858619029069292 0.52969263178716808
v -0.65083045946218232 0.063801619239719762 0.28198488159374363
v -0.58223845409742903 0.082387312649253128 0.57808311284244807
v -0.20606766946104854 0.071719400437280284 0.18798472815404391
v 0.17410589061288617 0.025058725311636783 0.037258230134999182
v -0.27493603790722476 0.088243600047930734 0.63554005045149364
v 0.027713880586535296 0.026503244220297432 0.22436862033029972
v -0.73041884105336463 0.11780267824358613 0.16895082738633399
v -0.032358046603299606 0.15952129465460882 0.58061171016679802
v 0.17575765380887423 0.17240649945534728 -0.19204394666798152
v -0.22191795530664715 0.030717226938003127 -0.1702005872805194
v -0.39097321557834847 0.04792199728127506 0.25458215881873275
v -0.18365378800284637 0.073857944266904896 0.42519839784022145
v -0.53325888058688897 0.033220080942253441 0.32477816247637148
v -0.59603400218494473 0.037746501513683049 0.50081052280581184
v -0.7063951950781423 0.041190631408516643 0.1917994719980802
v -0.57669861622340313 0.034380116804279694 0.083508698348893767
v -0.3280342557823902 0.045482402267979047 0.43455878949198917
v -0.22165525616276313 0.049829771075219201 -0.21743635903644556
v 0.13912767729958239 0.032426173765070045 0.37398164815959639
v -0.28995597850722837 0.031931764532503799 -0.16893329087272854
v 0.1866468581137275 0.037323813050307193 0.10002363688021154
v -0.54178357622237461 0.041293743556661981 -0.042090394017468058
v -0.40637037855815911 0.14342925516711499 0.51807555791466398
v -0.067174135016287981 0.081861899735796301 -0.054090045278566902
v -0.42278517892349088 0.15100125380831922 0.51340932118867577
v -0.058094070274835888 0.070802613981124807 0.36248100259925758
v 0.13653154907261481 0.031403059726315859 0.10814051999092256
v -0.58810567330019825 0.036017846537535869 0.3621847535524535
v 0.090169438288727907 0.12507457562319566 0.54720596480459172
v -0.28165559798498557 0.057095595975328227 0.27281920146718841
v -0.48973462396366446 0.032712759962108519 0.37684123905645206
v -0.43642611768050998 0.11701671729824153 -0.17275094475597169
v -0.58124770555342398 0.16789439561742239 0.02311539559924267
v -0.38809198895941471 0.041659691358697341 -0.22781487122441063
v -0.43108303848868001 0.14870731025927236 -0.15673743331054862
v -0.49509118547251446 0.03125174167033367 0.13736315068366214
v -0.19579901451043485 0.046234985225096996 -0.20740952958664194
v -0.39528600529767127 0.035244064103127748 0.10167245503705723
v -0.27219902276195046 0.07334204073678198 0.14881551278772678
v -0.50086239685029199 0.18285759577180311 0.48954230460206782
v -0.22943556049056185 0.12858885050618238 0.63292622535195187
v -0.52246830802592015 0.135709722737647 0.55657463975592592
v -0.32430446851526601 0.051458159708671361 -0.12954698016276209
v -0.51806980305047223 0.17405372976127814 0.50963939328505403
v -0.4584361404587729 0.087712183598027627 0.55101589056515254
v -0.44537096325789 0.03337678716193411 0.06271995526360527
v -0.33465393515181335 0.029013312609200693 0.29125566346071557
v -0.70431194904239791 0.07879417194016318 0.021102284931280576
v -0.27489491899993529 0.18312080522201293 0.55204107637899236
v -0.47546727262893546 0.10362713103856232 -0.12762841271709205
v -0.30112710158502931 0.045292097947657636 -0.2325716036729468
v -0.21133267128282368 0.082124821972814663 -0.094986190662136316
v -0.3050072668331763 0.036094942484608872 0.50136449953465367
v -0.42468844492773927 0.08499222800450254 0.53867950672164966
v 0.20361562527830104 0.039170905718072108 -0.00092721444663946986
v -0.27573751318733092 0.056649306823772193 0.4778156542174995
v -0.72307514278359852 0.057934137646032169 0.2087090179643436
v 0.14270988086307343 0.027185605223885675 -0.031792511637958341
v -0.41107833950209283 0.18375894515545874 -0.072819474837253526
v -0.16958540167651825 0.044821002289113593 -0.19900890763841839
v -0.20810501567885567 0.030996577949919807 0.55647257135520012
v -0.31973146177766054 0.077846763964618759 0.070603655994286363
v -0.38177409750764157 0.065385575032756438 -0.24372433019911116
v -0.48274685412535295 0.044691468950890254 -0.12870338215021054
v -0.25539289575286012 0.036508857060535527 -0.20850829908221041
v -0.47206879750020292 0.032323626553732616 0.36324388623447496
v -0.055826683522569309 0.033842075012794418 -0.16715298850892241
v -0.023398888824669273 0.07328142378310841 0.39996116241930701
v -0.49596996202588667 0.094681784265282426 -0.04739264395379205
v -0.47916185722666577 0.035724193839774987 0.49487015577384047
v -0.3287355793772318 0.15767929622624313 0.5435160104389144
v -0.33727018238453593 0.10795433448962512 0.57926105906214198
v -0.72275135935016355 0.048687385278508868 0.04951726784944669
v -0.67886357066856684 0.13800379234237062 0.050146992231028781
v -0.51493018949475766 0.033513864585380214 0.34769813041025011
v -0.320401972193674 0.084494470926211332 -0.093677888696186346
v 0.018743528267955556 0.048187919012649828 0.55826052037317631
v -0.49457786981256607 0.13717550060024261 -0.033699935821164935
v -0.51371268799491432 0.034064090280081109 -0.0098096830407650455
v -0.243397847346323 0.084653739101128236 -0.22913098657963421
v -0.54079278705069145 0.036139674452943762 0.19283229344867245
v -0.71762063089341988 0.10389756691924112 0.07201453033143275
v -0.46060677881640649 0.047531512868775813 0.1660759233304645
v -0.33318496454763635 0.18158893625236303 0.49962981838467257
v -0.27295260058794613 0.043017190508511494 0.62804399831843227
v -0.46505178899411614 0.046943227601959958 0.2293133001872564
v -0.46517201137409847 0.03994226948499334 0.5360001742278544
v -0.73885069616920018 0.043344551707820915 0.12014943672661987
v 0.23714640158230743 0.054792478849303335 0.47911294211072875
v -0.61793048348945256 0.035941984668865737 0.27971651096981215
v 0.17109916827968472 0.035103138440896277 -0.10663495715576754
v -0.17587212904064084 0.029081910136063812 0.55926835122491403
v 0.17860624379642898 0.034100934597857041 -0.076594320711520295
v -0.59520065497055152 0.075499481555767897 -0.026299372038237692
v 0.088065676268017673 0.03476263455111156 0.44599373434830591
v 0.16498183568555391 0.032981109346285981 0.16998608582134317
v -0.62191720042248411 0.044416573648285954 0.53962793749845073
v 0.079293433580388761 0.13979732468968595 0.57206424059641858
v 0.2291755993905048 0.023186822391688219 0.09728581192264564
v -0.44827350255478882 0.088910365396483809 -0.19786862962188756
v -0.18414989472141502 0.038791424625712716 -0.13436321258624273
v -0.043816379754372761 0.079243954833047359 0.010366983963392494
v -0.65689515126645315 0.038380777264814293 0.23586213923301369
v -0.39073599023059452 0.034153656097578936 -0.19101181330087003
v -0.25685782119839429 0.070010375443183781 0.34105483716587459
v -0.2000965375248755 0.10131062754898183 0.63883345506624412
v 0.1120089020060499 0.023525007902651673 0.51513234950367637
v 0.16736315866504972 0.14569097679345988 0.52695274365635614
v 0.080133779404370373 0.022654264523239234 0.21089230272924939
v -0.2633334400875062 0.075942413643846435 0.10633221254084065
v -0.4796789894947997 0.1205378184621498 -0.06706793134378497
v -0.49001535226461757 0.056111792264361263 -0.11412259369201048
v -0.64377518638075948 0.099939235666617082 0.26091762921979877
v -0.71819735680954633 0.079466130789846601 0.038847239629338289
v 0.11467780725374152 0.17373254921734038 0.59303957824748277
v -0.33091852979396896 0.19618651786788796 -0.13485757714142341
v -0.19899815881450306 0.19764895375044889 0.54971154329559468
v -0.3199855815414378 0.045903437675869983 0.59729756611667373
v -0.59405781486673204 0.047955893086607332 0.56314694674299148
v -0.32849722626995198 0.075397797545072962 0.60009309713670633
v -0.44434316987596478 0.14861256400595732 -0.12200274233138456
v -0.23581665259294154 0.031282581778398037 0.60534485286866402
v 0.23459781230592772 0.023763559984373045 0.26438785636091616
v -0.37772149965191837 0.17320275030747062 -0.1732798699988321
v -0.59328390906242234 0.12385960749517574 0.31599980612223622
v -0.11021974613242878 0.071465756015767837 0.18219381600579279
v -0.23936675622444564 0.16085796052558107 0.60625550262956729
v -0.28750383475492597 0.1771771971561299 -0.19983200152163588
v -0.31269795536418171 0.030501298954239177 0.24331966054331627
v -0.4817796930110112 0.056403495163452964 -0.1476344750934637
v -0.64360226457446212 0.1632643726731568 0.069899041644356508
v 0.14458792330408315 0.13005689495844153 0.52892896797951172
v -0.28528033955539023 0.066966094903211038 0.32892924403667617
v -0.43000334589833283 0.035655015168339868 -0.099735169278222083
v -0.0041885431443152042 0.059293839384653629 0.24714936685385233
v -0.072433415872125748 0.07477438366023488 0.45018231694748684
v -0.64534061369768125 0.16529682940689436 0.18194874221561508
v -0.32145447167490832 0.082172315943820851 -0.0340188324076625
v -0.48283140922179102 0.10712007760987162 -0.08455459048860034
v -0.1210295534370761 0.040241016106263822 0.60211918606650594
v -0.42986778896897326 0.040723986248670817 -0.20680492802967176
v -0.015853329511280816 0.13364791987860633 0.55934534190327034
v -0.0087481898205319653 0.072297070145420528 0.099110442548937736
v -0.46764787016971715 0.058095419875706059 -0.1797134449434982
v -0.12877394518675092 0.060182775943050881 -0.2024645028649556
v -0.19478343865179096 0.14110781611223858 -0.21882559593258966
v -0.0033615712845499867 0.061152948251387819 -0.094901525475900445
v -0.37007610132914798 0.045831389352611621 0.21138205034174801
v 0.14817983367248225 0.1587339053470859 0.55378550086948686
v -0.49126512056023974 0.12260936091072512 0.55098711780009879
v -0.18239510000656606 0.13471456059554979 0.62744754285931681
v -0.37928382334321165 0.029833030345009635 0.1711518483215094
v -0.44407142950963235 0.036070896056256206 0.43713694606250708
v -0.74761808502270188 0.077672072462215067 0.17810479449276723
v -0.412290317782388 0.035161911476699746 0.49845173255449199
v -0.40141328195057885 0.032968805693382272 0.36014424208572837
v -0.097781025841624569 0.080771902348683755 -0.028695828488860327
v -0.45733851546371301 0.14721756392137142 -0.080023054666405316
v -0.26801815259997175 0.13296362074862661 -0.22914403348749995
v -0.2904735715283322 0.043599630047954543 0.61754420787524666
v -0.22467988710496639 0.074515914689904192 0.43389190857458926
v -0.65080472374823506 0.05269583130049673 0.33738591121847566
v -0.073848417105951566 0.050563205020076642 0.59028636117428834
v -0.38285471549589367 0.078223715557932616 0.0013447292782355652
v -0.44233392442068709 0.19177808230591709 -0.036595857876994937
v 0.031892240505132251 0.063547846630871777 0.30836529661373363
v -0.26998222560313939 0.074438249884092492 0.43227276400222742
v -0.38132385521365414 0.031438989350767256 0.35854052784956375
v -0.66154088780010545 0.044047178601206008 0.36646449010025434
v -0.43603068616706681 0.035983987015481507 0.15587445430403615
v -0.021192268555407942 0.024324226719364461 0.51786489632457156
v -0.26397550164041567 0.06746355677645445 0.27262308066739016
v -0.71146121461439804 0.097892068910686483 0.046844407977784899
v 0.225148364620745 0.028471811598229639 0.060979660499768149
v -0.30047090017933886 0.073398267024633812 0.10984991457386364
v 0.11824942004564429 0.096638323967818962 0.53691094169510123
v -0.21008654045934355 0.17699481285282753 0.59267930176910288
v -0.65155604318472415 0.10517443663568879 0.35783672313233689
v 0.10843975722843971 0.13020515320896658 0.54683399559196599
v -0.68636355189146159 0.12547385295422675 0.20391492134158051
v -0.035580613663787286 0.13149342308981476 -0.20483530125654731
v -0.44960197982046651 0.035455298622125889 -0.15673534466520841
v -0.406907925248988 0.13971317353484397 -0.19111704543344948
v -0.43031897282980086 0.11168348052657562 0.53562873116665222
v -0.67746746454680373 0.16542401947598206 0.15362505847354238
v -0.38608827815069302 0.061122769624423826 -0.071344384786953652
v -0.6092461697283641 0.17594696382590097 0.06412026023600427
v -0.031928616782041556 0.049663143044034776 -0.10321028955488673
v 0.11498898245189887 0.034493483080883999 -0.15752214884764876
v 0.17683226042593739 0.022979143135162403 0.066811198514788034
v -0.75144956210098901 0.085178889246533954 0.15596044122579625
v -0.28831783691427104 0.20647464025098405 0.49970010696502082
v -0.38203403293915067 0.1211679839821468 -0.22775571426491015
v -0.27528153342757661 0.032220539198252525 0.60085749740675287
v -0.48115437334667144 0.034899276964611481 -0.060005345037004887
v -0.65401408083768287 0.12635587922033276 0.019790338770136418
v 0.12115520591107132 0.041677332181846154 0.36110019570521329
v -0.65486898585885067 0.12836416687428809 0.39505328330618972
v -0.65843722128591375 0.036296074905407857 0.16968315895697203
v -0.59686771460827248 0.038781665122568712 0.54138701267472478
v -0.5127397766519971 0.079319179077345855 0.57248422884213801
v 0.028596141920806749 0.036916266845009454 0.46817592875643571
v -0.60343856309624155 0.17163144769174257 0.046728074469458564
v -0.74845382807646088 0.053552537565357022 0.10776164121786022
v -0.66446119206180465 0.089804009318081426 0.0058240457824332761
v -0.045758330742819285 0.082099288338356474 -0.20194540607139724
v -0.011433449886698666 0.096822121754249632 0.56759576595880645
v 0.22859742594026072 0.026889478173544198 0.36018672209630498
v -0.68011322554464004 0.16021115688642176 0.10531219154161112
v 0.22030908169326596 0.17885564231867865 -0.17900603425841044
v -0.63692535784201543 0.14382921623300654 0.39396912816801966
v -0.59216740973208437 0.03333674463040108 0.18437064373690915
v -0.048208372955784159 0.082258332723856326 -0.065934447170660743
v 0.076458857707737873 0.14892867687594682 -0.20549057862138534
v -0.07127140092354671 0.049787268304882275 -0.10853368518539934
v -0.091695923485029501 0.029400679169541123 0.52432767001762182
v -0.65493903531207698 0.17359356639667303 0.1494223442784367
v 0.21362209387348924 0.11152791083711977 -0.15021815555818072
v -0.64242997393261658 0.10779480590477894 0.0040186860169924331
v 0.084779717012842995 0.04658071539210408 0.33435573167878863
v -0.087595067634716195 0.074011212418114494 0.12213442616665256
v -0.61077547505686991 0.04337705299809283 -0.014571561724823425
v -0.058897991817884965 0.11949035180390864 0.58037096159558521
v -0.72040038992801625 0.10704050723893709 0.18684650346859372
v 0.17734118268921217 0.023988800780332484 0.3459205868906286
v -0.028628039762208759 0.061674834341264501 0.57418834304900934
v 0.085480172120445438 0.025721410607738488 0.10337318369202228
v 0.082435242570580727 0.030378970578644485 0.31144812086767371
v -0.67310110620601871 0.07693814099616586 0.48355388372383656
v 0.12160017373913427 0.16549436742996751 -0.21246401477589108
v -0.088312595896325841 0.14821290248762156 -0.23091097652487055
v -0.074594004679713916 0.069739046506161126 0.28196167232243063
v -0.63707467362685755 0.035091068008338784 0.061221496257407283
v -0.58898454071082518 0.037718546673074116 0.44000995570662627
v -0.60834197198569229 0.068866247132782443 -0.023116437524170197
v 0.10685410689910137 0.079571600449207858 -0.18249230377582124
v 0.2323886565220821 0.03099205779730823 0.14512307260227547
v 0.11274602991483157 0.03211637480475206 -0.048500806427523684
v -0.65872271250508996 0.042474522965772442 0.47307248014717529
v 0.085028756584680662 0.16013834078668629 0.59264972876359334
v 0.066776287870514775 0.07349444052032264 -0.015156068837195072
v -0.01983978969776615 0.16379510903386241 -0.23827596191588363
v 0.20208566529609712 0.039561275343862848 0.50272204902670192
v -0.67534647052215546 0.095186234411940712 0.24334141924737507
v 0.10651512628528058 0.053518908481051279 0.41101808417039448
v 0.21275358502588596 0.03609985490677179 0.027428070785333214
v 0.13077466004088656 0.091268755953137229 -0.18202274696923668
v 0.16044376190894463 0.12094657603761418 -0.18935724484005922
v 0.2281556670540798 0.17843403902569821 0.51391839660026195
v -0.6540954487711983 0.17505282795886123 0.12346185886671177
v -0.0703100378612216 0.10809177259754281 0.58816349877160057
v 0.0077183802630413339 0.028781398365265581 -0.12972968305462357
v 0.081580688867336243 0.022569000607880665 0.25481814505205097
v 0.14006838500699453 0.13845625077845164 -0.20008844697451983
v 0.096701196924426427 0.033397890007218052 -0.0013292488400495151
v -0.076301539414248054 0.16490083792046659 0.57725508385508106
v 0.1355664478513843 0.060736607459359292 0.53126294692960518
v 0.017946637921767584 0.071302126447636865 0.33476170781065095
v -0.012284962472777135 0.037132755096303149 0.56657985409419465
v 0.19826591865942894 0.030943540609302669 0.25768330074635259
v -0.066691655356011972 0.04889296441038006 -0.1915491520577054
v 0.14407031156053815 0.022537938437704956 0.065505154301237295
v 0.20092351411598242 0.15422726331944342 -0.17234917746376419
v 0.025832065274117355 0.18059688423506326 0.6110706277870197
v 0.14035340977437955 0.1879059331803084 -0.22445910155226492
v 0.14910568466837809 0.028993403447162149 0.24684967802129065
v -0.1128084794294105 0.069351816055085044 0.24466129696669162
v 0.026664030365136367 0.058156327384225957 0.069878701215432854
v 0.13226136941398345 0.12728818630830732 0.53288547859391011
v 0.21225599366999431 0.025406635700244519 0.40561276068221097
v 0.18449919817466989 0.034023003638469336 -0.054091763890472259
v -0.10438525403092035 0.028230031170827809 0.57168021625032728
v -0.13032081875080856 0.076686652622585227 0.053701464980859148
v 0.075555830799770698 0.06608261989575033 -0.18710204247268405
v 0.17811606714702485 0.099150893825555864 -0.17062958196565353
v -0.020944312822949306 0.068605172633376441 0.27103472032541437
v -0.044556083506854485 0.027664451335451069 0.55911770301465658
v 0.020683916644481701 0.024609964096669996 0.49326780818846178
v 0.030621938177357214 0.067044628973825418 0.050996375290715802
v 0.12570612282155227 0.025242198147262751 0.32996518856168994
v 0.013896536012363868 0.17470199700652569 -0.24458609770450371
v 0.0091630379869150885 0.034812974821107859 0.21845063496760703
v 0.029628029945342967 0.081094850886051367 -0.016286495269837251
v 0.016432334017489284 0.078844427202785589 0.021398041619955226
v -0.084680933152874061 0.034189595650919495 0.58207904623806983
v -0.12151927480538097 0.070632353657538643 0.2130132493206375
v -0.09174350779824185 0.15004563119760286 0.57563055982454703
v -0.02185375956131513 0.18273887640713571 0.60577809683480932
v -0.017697722834234767 0.046168546711189244 -0.19073408927511384
v -0.054977515357144256 0.069570649373154936 0.2275835178625229
v -0.038235709769648227 0.075934897599788664 0.076980303916529449
v -0.089486882067342344 0.16725386069053438 -0.24584338523765104
v -0.091464192851650278 0.11095689366063934 -0.20448635084483402
v 0.33544944830969364 0.052909793592241128 0.30391438685402289
v 0.33693993053859955 0.1251958108229867 0.38872278668073662
v 0.30657638354113126 0.026378057636697559 0.23584974628544328
v 0.30702914423220279 0.025016209333063592 0.13606299849387141
v 0.34441714227220127 0.069751067834596614 0.032625504263446729
v 0.38890993165055454 0.047840209266529619 0.1125581174812553
v 0.31861836882047101 0.081814601193871697 0.36736314781217627
v 0.29500040015479378 0.031696626625877987 0.087526548887938704
v 0.41678575558111308 0.10431180672459611 0.35174707190403387
v 0.36926873585405434 0.037508135066383008 0.20424515817991526
v 0.29400381364402667 0.042327454371018702 0.30463600811727798
v 0.33745095167578043 0.17721960137851428 -0.023236082450620046
v 0.30673800154912056 0.11128351610472845 0.4236258978605571
v 0.32968323298151025 0.13793687491911688 -0.012960194442377714
v 0.42036109649616377 0.054091614963046319 0.16157919033697898
v 0.38435885559234517 0.13944501857045932 -0.0099664188651431562
v 0.38011203800906518 0.16906436660882995 0.38179241785292845
v 0.38602227985539217 0.071274985622819767 0.043053724641044629
v 0.32395337853483008 0.94162077520951515 0.17834584032345208
v 0.29946578049134071 0.13975557675929973 0.45262443983297967
v 0.35021182260995326 0.030024209119098529 0.14436006938496274
v 0.31432702673960716 0.17809745191448828 -0.071916669166577171
v 0.2777275563216105 0.11024619613379449 -0.0090752973728659269
v 0.40830646452411629 0.055872207468962612 0.23542106012057526
v 0.33955949010600234 0.042105636943702424 0.084434271749475334
v 0.3839914301244407 0.092137451687019326 0.018889708338789734
v 0.35924526878859903 0.89127116324812983 0.079468923259844171
v 0.33058967325658634 0.095527728289366148 0.3691576749050034
v 0.28233292999037873 0.084302894165810285 0.43605385100164229
v 0.42283782563230521 0.15510393729928271 0.38561844656634331
v 0.355071283778013 0.12049695547458149 0.36687138430395883
v 0.30364790576670531 0.058266274564802802 0.037847398911556487
v 0.37317131541364457 0.051291728525039687 0.27207782755237031
v 0.43745278288172113 0.1120697514927171 0.027430918118536724
v 0.33808894810793483 0.86954570012922883 0.39136642889726775
v 0.28349477341543255 0.90746211138752175 0.40466042409945024
v 0.31584391938210055 0.11635101698693255 -0.0059954448823382259
v 0.42179275781451259 0.069305860433600971 0.27682286823619279
v 0.27296139715055945 0.88171007872551677 -0.043705879244937192
v 0.28380085934619659 0.16404284787625251 -0.12081918832424696
v 0.30256453274687012 0.90126247496889489 0.010328640773968932
v 0.34947182936785509 0.91783354484602109 0.21981741510588121
v 0.30448750858065377 0.86998562245977462 -0.019075003341927715
v 0.37045373659115916 0.10730783471592754 0.35590224402955828
v 0.2857741617266224 0.93182996962846598 0.37637108113727669
v 0.42908204009538492 0.15899378511044146 -0.0098539158356772977
v 0.31672859211425386 0.080907976785104849 0.018184873270547384
v 0.34499821593030028 0.91904669504366943 0.26355661792555457
v 0.30735679380265873 0.17888509340673861 0.45714054306744079
v 0.27480704496950148 0.059011527461337109 0.38841445584676149
v 0.30451330483337752 0.15379006421725713 -0.038210160035221832
v 0.27733422831796012 0.13267809604202177 -0.045557659154001028
v 0.3340072143443637 0.90138570350157943 0.35499774092435593
v 0.37368389142735908 0.13342353405351892 0.37024819354910471
v 0.2801345378948793 0.095716829747245519 0.4588478002281437
v 0.31045539782464543 0.94512064994560185 0.29654181963528337
v 0.27174682203388595 0.044275076545378642 0.334341017503823
v 0.35356322771849757 0.16730795421541803 -0.013736639313685375
v 0.28953736058970336 0.95599184338677912 0.32293174890407245
v 0.27914000901834146 0.1528023771983413 -0.1057342611907927
v 0.53743156903640676 0.12085860744616821 0.26175128500801575
v 0.47409157249700212 0.080756293125797116 0.21648644542365289
v 0.5174499594880454 0.13779002625376818 0.322933524372926
v 0.56430796695234742 0.16066417135837563 0.073715437101008169
v 0.52043665499871017 0.11768274361415507 0.089206727309081399
v 0.58884922470597478 0.1663234458219234 0.11099297737759808
v 0.50651465166959142 0.11241330132146653 0.28935624445593333
v 0.54600061427947089 0.17671833929274722 0.03705294033197816
v 0.59185349847224134 0.15769768458697642 0.23213268534470857
v 0.52686877838972701 0.10800096433159459 0.1392597036341581
v -0.92768938940690038 0.95097946856483306 0.42479708596824756
v 0.49310886910179214 0.12867751034876163 0.041704391593787034
v -0.88835939890504145 0.88217358691113423 0.56739310828448708
v 0.57415014716536461 0.17744356266540298 0.30191135436427474
v -0.86417847470051756 0.89690567776064589 0.11684215270456944
v -0.89162466991479439 0.9705289652925595 0.10632330198361611
v -0.87470460650953297 0.86272317920984321 0.35242355212111598
v -0.91917610829105578 0.89576801577562404 0.46180079040529853
v -0.80289386155726328 0.92634462393697936 0.62215512977305087
v -0.92993340689168869 0.93291255957300356 0.19028401145840185
v -0.92044349973057082 0.89009688308031698 0.20045137963329163
v -0.81553540836585325 0.96433041107929163 0.053858069949551494
v -0.87364938360697808 0.96558973350829835 0.61072366241179932
v -0.93968153370307117 0.92833286143302374 0.36695539182467657
v -0.85908645054286836 0.9769341566090497 0.073215807113883716
v 0.47500594242125499 0.15995617123662628 0.38253776298594189
v -0.86641080809015369 0.85381366630500244 0.15725078563746397
v -0.88037492301620457 0.87836548201968612 0.40942684988448802
v -0.92547994684446899 0.8810243716576498 0.30307688076285771
v -0.93971507154205491 0.90316624071139728 0.25488614952257616
v -0.76855747564280497 0.98512130711541468 0.65755097416526598
v -0.79644438430854003 0.89008337276931759 0.6080001259374932
v 0.50490504915909018 0.16354223630674911 0.0077042389622784526
v 0.62155743736946889 0.32745545221506928 0.071645065280079676
v 0.60512166663807276 0.42616143435430559 0.20694221239922372
v -0.20498742447596369 0.20280246776544364 0.54206264843959473
v -0.57133521028913725 0.16800571549504847 0.37010410180957976
v -0.38756159170994425 0.18745213264749069 -0.089621311361707076
v -0.32873511109571557 0.13949574536515136 -0.23037427726655871
v -0.11482637415022627 0.032134820880370916 0.52913197735121564
v 0.25045032098995434 0.11627906685939847 -0.049079398858649634
v -0.54666481349378515 0.19093426580097261 0.43774797233873675
v -0.56508520438235521 0.1850328902061382 0.41018341789693757
v 0.082544389903794854 0.97943037939721456 0.41561053156039779
v -0.47301614831824368 0.99325955417880696 0.42770568420028188
v 0.25009674857944869 0.02371146808414221 0.27093417657550312
v -0.35803130054821863 0.15672110567606165 0.50435392592957395
v -0.37164373641845 0.038318277232746466 -0.12973861760349165
v 0.23228380209764166 0.10995345340215334 0.50731202124413011
v -0.35084223228322414 0.050979283158059094 0.56474708604818369
v 0.081200299656140326 0.022710732098377845 0.51253648725876733
v -0.37084765968990607 0.076973877564926296 0.022042654815873527
v -0.36541683470538999 0.053800703593336642 -0.24528748273797629
v -0.54360717367227096 0.034028323699671854 -0.006383336176910794
v -0.55393698980341177 0.87953179188167729 0.47701104376312153
v -0.1476226288648779 0.94544553578017421 -0.01584595056195888
v -0.14814678897423489 0.072801986037297081 0.15081184942759387
v -0.54880717743207463 0.14832480705007914 0.26701206141451356
v -0.15597998100739971 0.062577100457445134 -0.20813827243659849
v -0.14765628886573742 0.074412901737620732 0.43063236569025243
v -0.13988444079453241 0.91099198553310146 -0.076283255334962372
v 0.2549848085331004 0.089496527777839924 0.48609502866574594
v -0.35519609604722735 0.033857142665983095 -0.18732843893123724
v 0.048556902114056118 0.06268554637841825 0.42964385985525122
v -0.52420919759312112 0.037355986816650935 0.46943298774265318
v 0.48308805832350799 0.13820051506583159 0.35199477617338448
v -0.34404855915001853 0.080920197364006019 0.022949267366525063
v -0.36472066636814726 0.037310460348511557 0.53028678299561349
v 0.031213939724868231 0.89554910002135202 -0.11032968971653943
v -0.34927577074464533 0.033206158582355406 0.15953062840579571
v 0.26985863957323541 0.87939586455413532 0.43194673045147125
v -0.15005744460772708 0.052837778271364759 0.61664963688066454
v 0.25579481629208706 0.15019766455564026 0.48393780502394285
v -0.54912946655441242 0.14839225773862724 0.55118650890620091
v 0.45862578245600583 0.11272281537662726 0.04645321810506494
v 0.27577580478575403 0.96728763723541045 0.1056505664210593
v -0.36548096448605216 0.030420643824380329 0.34893498684620683
v 0.45312634856850037 0.078329702129063566 0.25753153667540579
v -0.34303251163149928 0.18015816083991543 0.49198824310808575
v -0.13276944217443032 0.037643000967359744 -0.18611114450370467
v -0.34508857152747674 0.95701614587094885 -0.006797875464277469
v -0.54794764049677747 0.032771276744863041 0.19901355757416428
v 0.43826331346863684 0.083639925434672635 0.30037608127041188
v 0.26304329023999234 0.17889304090383348 -0.15750744033391903
v -0.34460217962736911 0.11534332365820564 -0.23995290366102295
v 0.25706772223473445 0.044403376951833308 0.38209356271647943
v 0.063559877743801271 0.021704977391771949 0.20258174871392659
v -0.15571906789514678 0.070032586381881742 0.3147715009703278
v 0.051010029431183025 0.12228513008302511 0.5466850824045052
v -0.35543890023985553 0.051385479173929827 -0.11596660210130495
v 0.04878674306563157 1.0051149905193988 0.3810583421733213
v -0.16171830066858733 0.029981438821453203 0.54710198547594113
v -0.13343842357801389 0.92821010815629523 0.4477186881072876
v -0.16595342650900022 1.0087049731711895 0.12566131077556669
v 0.049545040362812744 0.039652719148819522 0.29796416035255679
v -0.14685419637389968 0.19105987535967114 0.57190441027860517
v -0.33313380962426747 0.1761540297875557 -0.1933322449141478
v 0.25107921925120019 0.024282171425538412 0.24899314318947391
v 0.24039067184062321 0.94264387458465337 0.0069331652850506791
v -0.56197515394159137 0.040637249670612018 -0.031891616580326396
v 0.250670777129748 0.022840459451995816 0.10968066066034581
v 0.057966060508983716 0.066221589206908224 0.54595470704891569
v -0.75755255362873741 0.9523356568810214 0.65873961233483169
v 0.063391443880860626 0.037234355646921923 -0.09181165371680329
v -0.59652640906851029 0.17866037112225033 0.18508232521001977
v 0.044804872217903496 0.17353900366766523 -0.23682285615757762
v 0.24940421885161351 0.032892884167326455 0.17188972943875996
v 0.24436518946704922 0.92970023625552856 0.41125595501406281
v 0.04383993792365419 0.028655075478462601 -0.14217465607762941
v -0.34787293202690395 0.10211424962514729 0.56507369546216124
v -0.15662011463217512 0.12883479959768654 -0.211216134625379
v 0.074411461238623883 0.092483838495995133 -0.18562704930414473
v 0.050960318311442029 0.062135746816339481 0.027429371692102869
v -0.55945800280531766 0.031780862862739213 0.1691984809031484
v 0.25558597499313762 0.89960377007589076 -0.038484918642186811
v 0.047896166631194954 0.025514051982169397 0.094093294305155728
v 0.25214759145589383 0.069067992074468662 0.011365552486173793
v 0.0533757910252564 0.072351422232423787 -0.19103169025734787
v 0.05206790342812076 0.073498574795840585 -0.061537115819258921
v -0.18364566463251594 0.99109534629116613 0.074525518652602679
v -0.54875526448026768 0.99110572200001856 0.021430117145561516
v 0.22827909438057728 0.18646466357417785 0.525955927430515
v -0.14645102852690428 0.96549023784182131 0.38674695145644178
v -0.36598061635341006 0.98013770800890643 0.3474552228282663
v -0.33920054852406534 0.07827258330372186 -0.099288886861017639
v -0.20414728995762599 0.17094022291384622 -0.22721023862589715
v -0.54494853524741715 0.033286908507678528 0.1169628770203906
v 0.25041046116306531 0.99067597448073752 0.1510561495551368
v 0.058457548571921245 0.026081628281828535 0.11782133906031139
v -0.55826003506678856 0.032296619863806941 0.247359232539274
v -0.16340229117994404 0.070430568546469563 0.24427626369502339
v -0.35149773974878412 0.034403954300540301 0.42680111034660773
v -0.36034326800688665 1.0217709955369998 0.13140829716530864
v -0.55945591475669976 0.11793257894443146 0.5712454989508281
v -0.35936949774718546 0.038967618792655194 0.25841079388500937
v -0.37796934699550522 0.081523874126041007 -0.033880874589203192
v -0.15786538100346825 0.98331434226849568 0.038602780071148125
v -0.56134571682593615 0.90921721106682307 -0.053390258815725275
v 0.2564110255195044 0.97266245711362809 0.32804763724217201
v -0.32318995845762755 0.20264621555734755 0.47936167679346919
v -0.15781631903234475 0.17095623452418657 0.5835446612223012
v 0.076824818730576658 0.073274580390158467 0.36756116242585868
v -0.15645149681151482 0.14264756070902646 0.61208486926211536
v 0.25531726559408108 0.10560876613051523 -0.022106509306414546
v -0.14847523727181189 1.0114246025744043 0.2839688001371185
v 0.032131270477779521 0.96635682274976109 0.43021418138155526
v -0.5412339132813575 0.037476242847696899 0.5442709944101608
v 0.048661120667624805 0.16571307222497519 0.59912822682583444
v 0.028010532301935068 0.11831769327688159 -0.19274124355240482
v 0.44788743936453368 0.17006565419959302 -0.013535705621119
v 0.051797178458973567 0.077985607601364818 -0.013518470943518181
v -0.35411047720967304 0.12306648055828133 0.5499843746911518
v 0.042979200550076001 0.026937306246331651 0.26261616732186971
v -0.14822736866636224 0.075339000051043756 0.059998811994771278
v -0.35060007403428584 0.19060390553540418 -0.12720574376844945
v 0.054663215695691693 0.035872721920684282 -0.17107308466680599
v -0.54495100969982646 0.19411463946259494 0.40201812554694782
v -0.62440439288791083 0.16024412528994944 0.20225956196556638
v -0.49250318225663264 0.036249409901686375 0.39074295611433474
v -0.28497841523528428 0.037116434960740921 0.51679910284129482
v 0.18363145410122517 0.1779011250478402 -0.19004878027976255
v -0.17787516917125099 0.034163939646337203 -0.18110347178068051
v -0.19426083849789436 0.076154390571629288 0.45304584667988568
v -0.638829238273672 0.077574791199231941 0.28282316073976166
v -0.58887853188384753 0.090575763074903198 -0.023245340518909956
v -0.53705649441119063 0.045030353819501205 -0.045934694965339418
v -0.2331169925232405 0.033078766128630997 -0.19443357516874532
v -0.19455082608549276 0.042728598181918626 0.5296167566963158
v 0.13925781557339129 0.031389190411151846 0.13563299938271978
v -0.49051108647066605 0.033827852020022663 0.0065360349743278697
v -0.17372935038872428 0.032120712604430966 0.54468016420033272
v -0.32993052377758708 0.028484931561484798 0.26573905923412167
v -0.20091910952978817 0.04574468997287557 -0.13016917416130044
v -0.12758576878614084 0.049126000690452372 -0.19742952551556936
v -0.4822814582075805 0.080922822022946636 -0.14028571165710926
v -0.30400369971446356 0.032377371425766008 -0.19539606140752092
v -0.25770041349294465 0.070411682228907604 0.35396290174767964
v -0.22628625953379747 0.070491728203658163 -0.22446126538606073
v -0.24627384510010306 0.12663384335207739 0.6257591378226135
v -0.64771594324673454 0.046301443644030854 0.33463264855138297
v -0.66693385210431888 0.11811554645574589 0.23202879177203145
v -0.065072708256163542 0.073255981409029933 0.14048734149825512
v -0.2514460405396467 0.078822229486911227 0.0023043424633624621
v -0.50389523725883134 0.042348801855080692 0.16723869753487652
v -0.30755455141103227 0.064499808100675682 0.38469271672993099
v -0.62765099173593797 0.11883107685364906 0.53596166422527847
v -0.47205108118798056 0.11156492804898081 -0.10927236506922493
v -0.4063258708744551 0.16938377834851398 -0.14963137557082901
v -0.29843045566201654 0.033190750527140697 0.58178903357578893
v -0.23849983178016121 0.076787451710097293 0.46064848118283508
v -0.50820761706506745 0.031857186095529899 0.14798466553057774
v -0.28201522757089365 0.069777318108402459 0.15277982570980686
v -0.45442748854724785 0.055472899285461931 0.55253601829613241
v -0.18606934449164655 0.075562339778965398 0.066496768910169576
v -0.30871937736687644 0.034817388588728952 0.21577819845448867
v -0.42254407087654305 0.049541915939125825 0.23480740007479839
v -0.51549867638231106 0.060956519019414727 0.57344266616184947
v -0.63236862275003014 0.1013270768987453 0.27124934667923234
v -0.291095587430799 0.060917142264472021 0.31639157249776573
v -0.53417768634659168 0.19580797618992166 0.43571231861376658
v -0.1896792043637878 0.071413555434107767 0.20553632381845036
v -0.49760914038807891 0.059944452957018238 -0.086813312331047318
v -0.24944862701489337 0.069217253829706213 0.30032384309509913
v -0.61801519129922877 0.034199692615744549 0.091939258954291572
v -0.53914379845618399 0.18014691972289917 0.33583792954106934
v -0.42451767979436428 0.039945362016943452 0.045866505198533178
v -0.43994325406836354 0.14396335151787459 0.52523379899670208
v -0.41469472143594371 0.03557488170350482 -0.11754012450215404
v -0.090149092709035136 0.079516716973880783 -0.0009621257885102562
v -0.47118112776950727 0.036070351686204163 0.51858606855025713
v -0.20927571945969278 0.18252407785033289 0.58196618708258052
v -0.37964582272640046 0.13149154989057787 0.51064217310757942
v 0.16709129952669466 0.15907398626128783 0.54055571719015483
v 0.17937271636316704 0.03655079461821039 0.11403156585806015
v -0.64210052240740145 0.041956707023663435 0.2768324710449161
v -0.39017527011434289 0.044548786849258309 0.29201613110014335
v -0.40259936245565858 0.061650567775850637 0.0081023631658783419
v -0.40143384284043382 0.15683647019208233 -0.17553450899190137
v -0.64936922656332008 0.15648356455035189 0.059217196152593563
v -0.2633477668230137 0.076462941959904926 -0.11661525073177013
v -0.65450156763924727 0.038186891160484716 0.012080074879407916
v -0.25284766820056348 0.077101632468905029 0.0432313350763497
v -0.60097123153775522 0.11247572765206727 0.30651923043225066
v -0.25982465816964595 0.10673535016952357 -0.23237783502376771
v -0.26426053221326024 0.099962907660886655 0.63643622805285349
v -0.41678090137773616 0.034142751212989611 0.46929135315590076
v -0.73875295586605205 0.096720154826605745 0.093921484860636381
v -0.26898462354889535 0.14723444933032498 -0.22374963263297229
v -0.48316114403053523 0.12417440549565296 -0.043407329261462117
v -0.37114062931511049 0.13737604393920752 -0.2237429496843574
v -0.39931065915218189 0.11303362199864263 -0.22158432821768798
v -0.62642322624936708 0.15720620471197938 0.41280080387370943
v -0.70110237407687592 0.080154155095458937 0.22762768968275568
v -0.26443061970614573 0.063474168136921472 -0.23134674701634586
v -0.62154638269635343 0.11184138897279804 0.32884323023744561
v -0.21742753367122306 0.030378357085740701 0.5691096941114574
v -0.010081488409162009 0.13856729442288457 0.55969768802396125
v -0.41782001569191718 0.052633276429756459 0.53655699217198782
v -0.52192468840904338 0.035301622589158782 -0.035218123565368673
v -0.65550328124459056 0.17284008445272858 0.11237665493668263
v -0.66280654025150432 0.051168601529845682 0.35921370164593797
v -0.25567765834501371 0.16513476301583666 0.59734239062039274
v -0.75078864308537219 0.055291692217157559 0.15406158110489884
v -0.36167514785743837 0.072846002176720659 -0.087333042296939431
v -0.29216174608859852 0.080353593577423638 -0.02783299913742893
v -0.30032876642687434 0.17221445075768227 -0.20349384589963557
v -0.33723198262736548 0.057396201788372521 0.58602569436552443
v -0.6067522567650464 0.14544482207448134 0.36081651637355172
v -0.54674266941112493 0.16542029581593121 0.24494799802335646
v -0.36608356597898589 0.045904557874471071 0.24495542687321326
v -0.60517069304319893 0.036423107786393932 0.35096717600404831
v -0.41970998122139647 0.031641707506409988 0.090324311283702316
v -0.38871989690771702 0.079119052473882179 -0.030256097002327672
v -0.17830767084461385 0.069980871811645862 0.30627305351907325
v -0.41046926232403119 0.034533239446581314 0.16334323892550162
v -0.442656481728053 0.031363380071634007 0.36703908413436792
v -0.71017162588464622 0.06199620150002963 0.025730542333847264
v -0.20416715741491992 0.082353234893948829 -0.076944380098707424
v 0.21983455146852418 0.033448669285259587 0.14538967569872716
v -0.70840553670280504 0.051871390061057406 0.21974518072086713
v -0.28291230275431078 0.06696508317728174 0.34216199762375721
v -0.04822577049565651 0.16544362124005488 0.58509431910724763
v -0.034329484005785824 0.0379183789656799 -0.11314260863942545
v -0.42339844786819103 0.031099316802846264 0.14956820920216368
v -0.73835645631416524 0.076968348150833713 0.18904755171485341
v -0.58293029881369973 0.099966306172912162 0.57447522110376148
v 0.011558864150079428 0.08645052163367753 0.5598141830661868
v -0.40619768870719342 0.1556246736705183 0.51219787264265892
v -0.58455477275727441 0.14249376131777239 0.33309217992644119
v -0.42746172497247797 0.18285521533157356 -0.057434069840538018
v -0.38465889655110158 0.11866879714286428 0.51521589892597708
v -0.4577954238261816 0.15391611117648918 -0.063367253678171795
v -0.64967458902176656 0.042403440935295036 0.49759570284901355
v -0.66077800447305701 0.1133339896242286 0.38424645868867363
v -0.6980405628111519 0.13427355073479338 0.077476079704412171
v 0.21425137452849291 0.025553258801640496 0.42380196395287623
v -0.71604812875980139 0.092892465028608748 0.055698573368883078
v -0.68876837146552161 0.043732629966371901 0.022832280471272118
v -0.64296066120087103 0.038595510424576984 0.43919371256052403
v -0.18432998585644475 0.15742761091919932 -0.22382454141390268
v -0.012412659321452781 0.074339525943528675 0.42877938993748826
v -0.59981107856699623 0.14877291546671062 0.53853790241769239
v -0.037000155628811683 0.19781346519474607 0.61462376429935728
v -0.54262329318440028 0.18400454060986138 0.35159558758950288
v -0.68786745437143648 0.037363312455379744 0.053448450294304187
v -0.46351127696473887 0.032796576060716197 0.09130486862398772
v -0.32973711503693814 0.033195790596038256 0.34434220549737288
v -0.67362108751114502 0.061913740897490875 0.48887102386651138
v -0.71477011345845631 0.076840303283616324 0.20788634395456379
v -0.53867096131270986 0.03393970305003189 0.17607543824267952
v 0.15258283298441497 0.025460697045426355 0.35995670122960094
v -0.26673984322725719 0.12802635881063562 0.61210528205228532
v 0.1891664492617573 0.033295323355244141 -0.015133398306773134
v -0.65510822859614382 0.041242044614254375 0.37543717979656199
v -0.58062374250155635 0.12302935374335056 0.2989847302632056
v -0.5394576170019072 0.032636884569429606 0.13600586789532593
v 0.11533698612867262 0.16343572503345635 0.58533115966316807
v -0.41655876131201408 0.034648159716256684 0.43232370180304974
v -0.59953631267740115 0.036385528458519355 -0.013271591813402346
v 0.20304148629463864 0.033477561305665524 0.11395014018879526
v 0.21604174052761072 0.12485124292886955 -0.15510365241405857
v -0.26552853414374927 0.19860507048301868 0.53485318245327551
v -0.62065061740873795 0.041015551130146224 0.53190911370543625
v 0.14921952682111989 0.088799065390188114 -0.1764809386157731
v -0.29952370741473566 0.17017093548557019 0.54517777192422789
v -0.62020438055587046 0.035196088793476708 0.022520311360976594
v 0.12560672790979574 0.14935490008448821 0.56660024009270182
v -0.65919483879313678 0.065767955258116031 0.27070720819623556
v -0.29220413740045575 0.18989609176645245 -0.18655154755194897
v 0.13809161756800517 0.026927186876650428 -0.060659863013165526
v -0.48997971186321426 0.11147818031191398 -0.041363394181815887
v -0.63031187516980736 0.061259198100644272 -0.016644413099356787
v -0.26899944394993591 0.076548959157310373 0.089365818551016912
v -0.36779240259962626 0.077617418472917352 -0.24319568819373141
v -0.47111450128794946 0.030794870523348259 0.11907341928159512
v -0.22344425474867097 0.072000774597978184 0.39145521084933194
v -0.27232161017052009 0.066304059005814459 0.30232847709253047
v 0.18740215292918452 0.092104390482105919 -0.15774084188592732
v -0.50523283234964844 0.037391682271685503 0.45886135614830481
v -0.063039763256149087 0.072004568825160278 0.45416308540982242
v 0.087159622572719128 0.14621194480395003 0.57954638937888958
v -0.36549159507464846 0.1033065664513038 0.5467714729030636
v -0.53372216274742124 0.16689330479877609 0.3057267174621543
v -0.51153813071185894 0.042940588790441735 0.19362521865355822
v -0.53632324237187101 0.12292015198784322 -0.028680453627387838
v -0.2434820026995084 0.053914685464537558 -0.22751766540543467
v 0.13697377831564758 0.14462103556223146 0.55413464762333331
v 0.21783095994826748 0.070394447181852254 -0.045693291110145556
v -0.63754459856961598 0.074014823039044234 0.31784441532788915
v -0.24543626311529596 0.083148489955419638 -0.081343149439709495
v 0.20731006524696222 0.026366361949839608 0.45744208508305351
v -0.68188891200834822 0.053522936586887247 0.42280213509127751
v -0.29456398183706989 0.19965900786217292 0.5136284320163288
v 0.22656257322063139 0.072533922452947361 -0.027519123835197536
v -0.17793579871448703 0.19650856159673477 0.56043937467551352
v 0.13310754342275397 0.051621437791401721 -0.16986097387633084
v 0.11892278947181815 0.1152018906957983 0.53441859750966392
v -0.39198931982138274 0.035747930968629112 -0.21681474532473935
v -0.74609070570170122 0.097384206138118407 0.15388095392654835
v -0.37486756058993825 0.032326582715493539 0.41449810732701564
v -0.63101207823340411 0.035490144193517696 0.19320936624542068
v -0.30551510106790775 0.034076717688611105 0.22744218483838233
v -0.43913589835020178 0.037470943643762473 -0.19555768538394841
v -0.061001245244826904 0.079501668459788552 0.0040604582280060822
v -0.080591222244261809 0.14425734780326532 0.57589399846706235
v -0.6473988193744884 0.14839379201026254 0.45030578248411307
v -0.0194629274598908 0.063953560509608667 0.21109511064214861
v 0.21869014361618105 0.027827540650926654 0.26760205565871525
v -0.36769229773544632 0.029525411181854415 0.18633535188372458
v -0.66629691667702751 0.079235443435274777 0.36705445749449828
v -0.091072263206672888 0.17973629888789971 -0.25017585389804131
v -0.58221630786947998 0.17017069085010245 0.38645987727352782
v 0.21292353833717442 0.11287765192532621 0.51849032717274512
v -0.25131656744962155 0.043344878299483788 0.63416935442478761
v -0.67289520899523869 0.04378782693257445 0.011450412337600378
v -0.45533542276323213 0.098422025936803728 -0.16774890287293773
v -0.65470004055111397 0.10588457406776727 0.24982935645040982
v -0.24251746770343563 0.072550792721978161 0.16707798825204273
v -0.28967671705359788 0.088481793823986798 0.62384414322522386
v -0.48401745025996151 0.1672839478414109 0.50874188521317565
v -0.12958282360308016 0.069814123252484248 0.31197287699434295
v -0.68956766844991746 0.1136311653550189 0.0285253984695749
v -0.65439268122511929 0.16556749863649189 0.17469281206200069
v -0.47424819648045979 0.13887869218989748 0.53472159532040187
v 0.075679035993331326 0.026291081826748167 0.29212760691158574
v -0.097137178040800035 0.16877995570854776 0.57931206226758569
v 0.076141058428031899 0.03392768132523917 -0.16666895719914185
v -0.4237479703362409 0.038740555651274718 -0.05677175556082642
v -0.46061693419035515 0.066279610506103717 -0.19485270246003322
v -0.73038403334162816 0.12056756894964758 0.14922481015854377
v -0.18701465990374427 0.057881669574756593 0.63499765343781922
v 0.20733202922786353 0.025274120931358213 0.34928114375331443
v -0.60418725315752753 0.065114386940048244 0.56814026568365894
v 0.23507797446414663 0.047379003072186378 0.029606418803322831
v 0.11534744435243761 0.027553956524636616 -0.081491520083369587
v -0.31945251453963547 0.052956175626769492 0.42425170469088824
v 0.14904161639611618 0.094896863355387731 0.53305241603786047
v -0.50181085328269348 0.18754657807505942 -0.015090339605336383
v -0.63448927237311603 0.03717186596876728 0.25985146646147761
v 0.16010630604920079 0.052215679302966986 -0.15110756555896401
v -0.18085718358416061 0.14744328318859945 0.62102839312999814
v 0.088406318151835722 0.10928947113835796 -0.190359316449698
v 0.024878372878098395 0.041627212258493432 0.27221146548885916
v 0.2450788064636843 0.12889735354653314 -0.090971267195647978
v -0.61717548271690947 0.11870335058282726 -3.6338425269081157e-05
v -0.0089308672346872543 0.067770199006963239 0.11428357076802387
v 0.17992772664860796 0.024624653689327234 0.48892544139027078
v -0.10294856509032331 0.041356060066155186 0.51138430683952341
v 0.16506745316268306 0.023560195916450519 0.39893202857823951
v -0.28642080367740763 0.1383250553523632 0.60231451910745037
v 0.11557802468196365 0.024604208180956304 0.080103406710316349
v 0.23637964441353757 0.11869861088413326 -0.087556636665788473
v 0.091970322032110266 0.034214224656625672 0.32646777217503675
v 0.090880224715482905 0.039125282432715451 -0.074784922136586121
v -0.030327735647547208 0.029798032970744567 -0.13927989352728917
v 0.16789040862001164 0.13828715219374094 0.52276885487539648
v -0.099966130066489828 0.081290174948727076 -0.081655173242934267
v -0.65437844233585574 0.051487757551344333 -0.0027128842690231636
v -0.0022906144508105476 0.024282102704592665 0.51435468669039852
v -0.62632124970192748 0.14098477222385541 0.37224378519651041
v -0.05518831548595042 0.025803368068312162 0.52235967145241458
v -0.58033627394869924 0.13354257462242727 0.31746693296288914
v 0.084298547074197108 0.062405893251794881 -0.04456605014804764
v -0.30166290642526045 0.075028863821385794 -0.11560050201580976
v -0.27505567118483565 0.072476946874047266 0.40609620169032001
v -0.27003105127625954 0.032524737992821698 0.57696464466868125
v 0.17656138700720422 0.035922111538713053 0.0937046817929819
v 0.02538546251753377 0.071580052225038049 0.048752603619588518
v -0.22806410058107171 0.077668261943699302 0.6426001595776063
v 0.0081878888398299876 0.039348213277766643 0.13373542020328258
v -0.09115096646467942 0.15843401452602107 0.57316675489686342
v 0.13982123685060849 0.029428772377255826 0.097084751102093858
v -0.28990144316894523 0.070773021773588851 0.13495202284599536
v 0.13960192220745651 0.03682156743583162 0.5283087688525725
v -0.24046645167114788 0.14490069835910599 0.61259472672112858
v -0.66776467904959969 0.043917182758489638 0.24882425347656587
v -0.11407141184992922 0.14203224802279779 0.59216277980392718
v 0.22097165268101182 0.11438147087329099 -0.13616165658828802
v -0.024312235079506736 0.041668260816829526 -0.18577609185857361
v -0.70473055842706833 0.12227010109675061 0.073363785262255898
v -0.63288281978129035 0.034601040468545299 0.12047510217493126
v 0.074052195218777914 0.11270242972579995 0.54170043786513
v -0.10629925184120409 0.039486525803541395 -0.18258918096914287
v -0.078332318047869748 0.15344072696104383 0.57186626102325933
v 0.22799721602881157 0.10667536120621467 -0.097064791556935842
v 0.10203548333383619 0.056628556930712913 0.357807015445754
v 0.21394644303099608 0.14906857323654599 -0.15942429158356777
v -0.019592591061057339 0.1370965143770887 -0.20529968645234417
v 0.0045935499284493336 0.030087179307665458 -0.15136604361099906
v 0.0863458079247683 0.18791632602740624 0.61309636319273364
v 0.022448303946053981 0.060637909872298869 -0.19396058147127587
v 0.11089038916343742 0.02130994642796883 0.47945207519465621
v 0.016482444571788414 0.11216475917088067 0.55432098771047311
v 0.0044579240329286601 0.027310986422921318 0.49323266703508983
v 0.23998714084319331 0.094389442724868877 -0.030223713018064889
v 0.09280601087278248 0.14322542594431553 -0.20393309319090872
v 0.10291931167591474 0.17670716533320593 -0.22716613365052091
v -0.037089304988726687 0.070025861630625824 0.31439299378696878
v 0.23469812106775054 0.1445677650976061 0.49771494929552118
v -0.019017632948469164 0.061339112739325456 0.45692361879426902
v 0.093494756823658001 0.027755124640480071 -0.099114193864255698
v 0.020112243859853825 0.032788089586695837 0.24469742850590395
v -0.11486966289044662 0.07644976269131569 0.46180077187106316
v 0.080556947861371075 0.066566927282146374 -0.032291452744321929
v 0.24119859801773522 0.022968002439236995 0.10903054263414694
v -0.08724711952296281 0.055136347395587502 -0.10750309384975869
v 0.0011642856826469834 0.039247689018033036 0.18294209147693111
v 0.014023196006319716 0.040804713471744018 0.11494354901795736
v 0.096408039582912095 0.03867441884482789 0.43533223211927724
v 0.11020067881339911 0.035100081978719416 0.53447346429288334
v 0.010502079604293281 0.068390700605679366 0.43693435953183879
v -0.042511230950313554 0.062979894431990924 -0.19786397283783963
v 0.16278457103920099 0.030393680197947786 -0.098373489482086587
v -0.025594059251040371 0.068719406675302894 0.24496966677078474
v 0.17493314675523272 0.034929933290703624 0.5145152480182954
v 0.15058620533029002 0.035301234877073859 -0.13686377382339535
v -0.013537286872620527 0.17837454581344314 0.60260006069603889
v 0.23449992891141608 0.14163094221550762 -0.12837062089445708
v 0.022615006176235172 0.16804233620312048 -0.23924670510758955
v -0.084461561375778399 0.031897119094593113 -0.13486746404872482
v 0.021549881094234863 0.081135637337517427 -0.047645232557690764
v 0.012645148924367194 0.072984921699898397 0.37926700945289776
v 0.024746113701893273 0.073580630769583003 0.42408701157502116
v -0.1304185467919953 0.089166207033001196 -0.20796013523640688
v -0.013627314676633006 0.068387288485128594 0.26591012019938737
v 0.011471645600716887 0.073241386499578773 -0.081417325264351748
v -0.017097474076527019 0.060267008445149713 0.18122693338968701
v -0.091785265448440706 0.07593675317990467 0.45900409557114358
v -0.075925573378810576 0.026031005484311604 0.55259286672414976
v 0.023020062129056881 0.060434625512516688 -0.089207612694615232
v -0.11182844901598878 0.073884688304163629 0.12700159135442035
v -0.020986250964312701 0.14584174318493451 0.56628248940745252
v 0.033370467707121654 0.057708519937215652 0.30284246897779776
v -0.031171925924630164 0.072962032276795888 0.12513143450037945
v 0.016198060648527992 0.025989446195286581 0.53792144660426877
v 0.0024832578319079345 0.045270400548787719 0.56470092278493067
v 0.43272327775446728 0.12046969818431191 0.36458488133987144
v 0.34946467188782826 0.061005935149124432 0.046164953975223577
v 0.37071834781611723 0.12317221109889696 -0.002848941873331933
v 0.29803658746612016 0.11890977047327958 -0.0078473917197210905
v 0.36619889038649489 0.031538275779515415 0.1827933395089614
v 0.42647736736856373 0.06070121674298809 0.11630101400025251
v 0.3785026611943591 0.076344458513609686 0.033683968607386372
v 0.35062882982301441 0.14144272173533334 -0.010118654260185564
v 0.29452034371572422 0.079440033055348136 0.39545706939667635
v 0.41892311828678325 0.11534474237870496 0.011968161976479366
v 0.32128033780306753 0.12472220795130953 0.41627963625222802
v 0.33400989700337419 0.93062116508046866 0.15981582410052447
v 0.29839751220898808 0.11879705647563443 0.44407778462639058
v 0.26913002481864279 0.093125668733887307 -0.0027124008870497373
v 0.33933881925334708 0.068832065832163919 0.33080900168766392
v 0.2962897484580494 0.056694426299330948 0.34301673393112991
v 0.31978483419356007 0.16185673267881887 -0.025692458742097021
v 0.272061778618154 0.15852967144750138 -0.12479968875675332
v 0.41288249261616483 0.15737233349502194 -0.011810688110143847
v 0.31441492123882464 0.9474509985874211 0.25574211451083984
v 0.41737074017534853 0.084610544283146516 0.32143782984040586
v 0.27044638197996962 0.027309056196905258 0.087126144450964033
v 0.35030734495936988 0.13238462764221243 0.37953238332426109
v 0.30049298895480331 0.068597460593998974 0.025872761291699135
v 0.36439099586504087 0.057176494795219829 0.296512850560952
v 0.33017446651094629 0.9297867859275627 0.29389679664643403
v 0.42843903952283863 0.058412033660950977 0.18848289026154763
v 0.39665013939004135 0.056609948214308703 0.08522035656091248
v 0.30772653872341049 0.16073239131535946 -0.047268380137381903
v 0.42724367007340613 0.14003926247990825 0.38026842220000245
v 0.37043562021523996 0.045087342978401591 0.24902886846371119
v 0.30220725536184723 0.023485240657802567 0.15287043464053579
v 0.36135684654844652 0.89606076818399294 0.1033344166707975
v 0.39635039739360017 0.10404061003018415 0.35428673093265789
v 0.30462678076726668 0.029656269108498633 0.25763587818416678
v 0.39206025828368674 0.065277219196639993 0.057194499125777072
v 0.3290491528666204 0.051209358737397605 0.055802655586778514
v 0.36988776015205782 0.17088762940520189 -0.016534935169824665
v 0.37284934523073077 0.036119799465200733 0.14973832038186041
v 0.35580562076002459 0.90557420982730386 0.29673442100436354
v 0.32013954612943912 0.92696060362675348 0.3306876933149126
v 0.31045429568762745 0.91146076740472259 0.031752784432068477
v 0.27345816003717133 0.17626067617434577 0.47625929759149865
v 0.33723043921105456 0.86762168495733083 0.0026633635483021677
v 0.27557177642118436 0.12322044245718887 -0.026748687660781038
v 0.32323911589345677 0.93141134490057009 0.11196524001042249
v 0.28024512312433741 0.97569648030192702 0.18612258800480819
v 0.3109565837971508 0.14231330868243353 -0.016628785817243412
v 0.27330147233152441 0.95614111340099972 0.34533846824853454
v 0.33552349683381821 0.026352312140792235 0.19011473549201705
v 0.27707138778803581 0.93232913157494868 0.025304057686675839
v 0.26942827517449036 0.91017136188746084 -0.015195446696765376
v 0.29256722146920588 0.87678702850037404 -0.023793980533848607
v 0.3846034171632815 0.081449643906656113 0.33163882863134408
v 0.28022650366902374 0.14177012518161636 -0.072243364134204055
v 0.31930325860601644 0.15508639311810979 0.44102957454619418
v 0.28123895502458457 0.97037681235720885 0.2928217699149499
v 0.26675523198672813 0.02928054280281427 0.30035438712540924
v 0.31449755407425706 0.91217365760917557 0.36203230659798635
v 0.36473057706197243 0.90197014759420391 0.20514124610146647
v 0.43761984612728766 0.16770548425910334 0.39077913869913644
v 0.28511865031469658 0.022091092834224967 0.196536551097723
v 0.28389478789656453 0.13083909426724474 0.46530089048043427
v 0.444464235283627 0.08881448460933225 0.062900902332411107
v 0.53459271896976701 0.15440668751564962 0.048208810122424714
v 0.51176979471024608 0.16199656927767922 0.018212254128444582
v 0.60718050953831859 0.17550683430919789 0.24119765831334791
v 0.54046147541353684 0.1578533455624038 0.32328132683185934
v 0.49812613591845739 0.1173269213700312 0.30937285215233135
v 0.51153576893798602 0.099872073298008471 0.13204046303707326
v 0.57481062970001973 0.14212148060601182 0.16504556219916383
v 0.54010816845400689 0.12857122061319023 0.27894659687189194
v 0.52044692250781277 0.10425645255772803 0.23367118372386703
v 0.46936745195225205 0.092209627879359282 0.078229728597294865
v 0.56431693206988109 0.15276997918602228 0.090817936759374523
v -0.930055406327158 0.9629285605628205 0.19341260113461498
v -0.8792089855872981 0.97153605260017761 0.088668287515751301
v 0.46303310549775095 0.15982499254874638 0.38774021153822319
v -0.90411992479866543 0.87407171645374249 0.51041721893965297
v -0.83278931461542594 0.86760502985526966 0.1074730815268613
v 0.51352267744212554 0.096955915032453474 0.1607158846983025
v -0.88508931166830651 0.90010900010576333 0.14063074925073146
v -0.90209848780958501 0.90575447349779181 0.57354873895242942
v -0.94006624051852239 0.90246942526509832 0.3081119576131105
v -0.80795870747614706 0.98687317049388967 0.65002920517298601
v -0.93213062483794895 0.93305047011126252 0.45422828932374232
v -0.82077549173287945 0.92863477267567807 0.068089885522102975
v -0.87601652865318069 0.95719332881703556 0.088788163664002259
v -0.91321989804619974 0.87257283359881288 0.22664064959879163
v -0.90012238979543169 0.87057118100078568 0.32683140272540329
v -0.95576673074557039 0.96022961505008131 0.30437376445246234
v -0.83593172462435117 0.87717800455647799 0.60294264284630494
v -0.85737903690821404 0.93340580619796698 0.6219870893607351
v -0.90976973242377313 0.9018740328803343 0.41362083000172611
v -0.79494710634235211 0.8999097015347336 0.61872946328286482
v -0.79922977348639812 0.86651507641548176 0.078911107599083152
v -0.93576783813265874 0.94178233935332978 0.52911097620143621
v -0.88248019329029448 0.85321366586144531 0.5011908542070278
v 0.62480697893099069 0.38627809635185839 0.10070320975129267
v 0.49694567809048301 0.37837440868894545 0.3189764456163009
v 0.64471474764273662 0.33987532099476631 0.29455560532591879
v -0.95297645413582455 0.62764412311060902 0.24577356941605369
v 0.076158673457654771 0.038156763795382867 0.31851747361016136
v -0.23573866203359706 0.21151225762882897 0.51144053992080241
v -0.17723117720370754 0.073157669924938495 0.40556753158404429
v 0.07797955314497447 0.06458150605523573 0.41459743827547174
v -0.16301373537055305 0.07843957254085597 0.02890260635254744
v -0.57421467154849171 0.033710680320800851 0.11665256399775553
v 0.078240158936749432 0.030746828777439842 -0.15440091063490785
v 0.059310856906194274 0.05153573291714237 0.028890075274178327
v -0.57511197819903326 0.15251695856030539 0.54499546055202797
v 0.067343878037760055 0.069262699280816423 -0.059660452020779332
v -0.32834031542697373 0.033046801874126917 -0.17264362744476119
v -0.37404252749381284 0.19613586152121204 -0.061650380692669968
v -0.57759720666661374 0.034535414090526698 -0.0040265712183588983
v 0.23883987745465798 0.030101899952799709 0.35610884377452889
v -0.53036200591453475 0.9740628252777962 0.50311805054532321
v 0.078999079174381703 0.9715902029209883 0.42385041750272046
v -0.17847743926875931 0.9959774962879322 0.29809534619094247
v -0.37046508025926123 0.1215156075233961 -0.23224548587517466
v -0.17392060176575341 0.073137623468067542 0.15797010275517787
v -0.55307220739132812 0.18921606392531939 0.40037347099066062
v -0.36381082538491361 0.053846548199366795 0.55277796741518881
v -0.34913989691920305 0.036135287787361983 -0.14723657363698259
v -0.34080636251982876 0.049742142816110571 -0.12609481829584276
v 0.039831427278221018 0.093432638988768149 -0.1901673410433519
v -0.12851671543032575 0.0805482765298835 -0.016481160614147398
v -0.12825590165825024 0.050400356469704859 0.60878688499397859
v 0.056813566892823845 0.025688241445993121 0.52941236684597048
v -0.55433189789238502 0.16836012075957071 0.34470565916573609
v -0.17215414425935324 0.94751174306720654 -0.017020344428252385
v -0.58237600595309091 0.033639931472757879 0.029763176234384393
v -0.53388279319041154 0.89335086229856286 -0.071019063645486727
v -0.3724470383938478 0.18341508410693197 -0.13104319457256061
v -0.15958320285126718 0.18414431367816086 0.5676031340660197
v -0.34919745182322448 0.17726956157420468 -0.18278407894776424
v 0.27651400743318932 0.19339207624910648 -0.1599751197192229
v 0.25573215283829048 0.028116844561640486 0.074342022981002981
v -0.35805140486549453 0.14683023905166753 0.51711471705736523
v 0.071882531336265348 0.08999010393160875 0.54480555613807857
v -0.14223481369901469 0.10408276567295763 -0.21073193628273509
v 0.27138713797003788 0.97579305191626076 0.13532060506817967
v 0.070420037068765776 0.026027262192955321 0.062754303373464757
v -0.35411301613137086 0.1781524669507005 0.49218817612622512
v -0.13601255718200961 0.028771998328356384 0.54272165101166991
v -0.76150050512681433 0.98564316807673868 0.6567812176943244
v 0.25679144004645638 0.90500103707418822 0.42668680660158587
v 0.051488738813623869 0.045396928086655283 0.54943856017813797
v -0.32898288945030751 0.16013739849122771 -0.21477011883657843
v 0.066881426571450991 0.17059630384563901 -0.22519314046585381
v -0.5523340199325284 0.17499503515100881 0.51558303464257971
v -0.16186014590214887 0.92046856465437088 0.44450117846410209
v 0.078427499528233746 1.015862134940468 0.36188496914586127
v -0.3530731278788577 0.028754590117476157 0.18121297488379023
v -0.26669502206259926 0.18306908727950172 -0.20380049733030176
v -0.1378469209415627 0.031592267444919137 0.59304111907459311
v 0.02808993374985343 0.068537816660510245 0.55401355108234074
v -0.36474113266213198 0.030841979850607236 0.14934493297799917
v -0.55447179216131504 0.90578327763103228 0.49731094412079146
v -0.55467708735720289 0.037598966072383 0.44348029998020611
v 0.25860588784949068 0.079370823535844195 0.476112120621557
v 0.062746297412670279 0.07353094434756699 0.40454899315410037
v 0.041736973796496116 0.043687049789729093 -0.18392991788895238
v 0.25203274044133844 0.16580896809074155 0.48602837803072646
v -0.15614254886025833 0.051032895500889297 -0.2039948440475382
v -0.57435846101948829 0.96634431868673221 0.53399734728645221
v -0.35069494462084466 0.96498462368858551 0.37165210280079086
v -0.33798376736596053 1.0135003809142746 0.11991776672290684
v -0.36236661253920155 0.89494168668049223 -0.076460260662573082
v -0.34673484731482673 0.91572324425507512 -0.047152059197709442
v 0.24049578908039909 0.99590580505834414 0.26733380825681136
v 0.23545803865783241 0.9724553859930879 0.34702438795818125
v -0.35472208640737457 0.98922173143742476 0.019082266967603245
v 0.050156429590817238 0.92682810188273557 0.46903546889069903
v 0.061546750878112594 0.96158261260001743 -0.036603535474732531
v -0.13302565575353162 0.99222065584915975 0.34737826121853849
v -0.35751785062557428 1.0132950592351349 0.26444848426877249
v 0.26142318151384114 0.023470259750010877 0.24388932427975255
v -0.13000142750696811 0.93177284531111637 -0.0482028751839816
v -0.56949997047918988 0.031603113581066745 0.28725710912829011
v 0.07087962033763763 0.92622848614372877 -0.078132405430463125
v -0.3342207313010746 0.035841766707351154 -0.2238165882771509
v -0.34013922893331233 0.13530314899239571 0.55382672876357275
v 0.50885340349811081 0.18493014490158266 0.3754806207472704
v -0.34808015236085116 0.031618450059982775 0.27949564602307719
v -0.13704587905064394 0.97792146966286841 0.024954653851367189
v -0.13794886841688886 0.079340465025337231 -0.095670858812765797
v -0.34986123594961172 0.078874157299466091 0.56789751803941757
v -0.14136899392624463 0.072029824810127763 0.17267579812191344
v 0.048152938270552462 0.13975904727935909 -0.20507750181537659
v -0.75402473644652568 0.90135077894317972 0.036516734127446819
v 0.4646598502234508 0.088606982189330885 0.080402515505915789
v -0.57619686719651131 0.034220403300201568 0.33233247902180757
v -0.36621186362886743 0.032651447882032766 0.49739246426866796
v -0.35132551249111871 0.92703617622684253 0.4107585511626603
v 0.050674068271793979 0.06529307506109884 -0.076344156709032426
v -0.15519503940117238 0.039601930759899998 -0.18865977445191434
v 0.05950400655389726 0.021640243253785676 0.23793322754202142
v -0.34591705468600231 0.88944958981849243 0.42962476686951473
v -0.14795592307998678 0.99845934194623087 0.075204610666205596
v -0.55954414963900989 0.94679203695913505 -0.021009052513731568
v 0.45594268221518763 0.13367002812347731 0.368343070541436
v -0.1600484755057193 0.038152705204843936 0.61485518116149918
v 0.4585030585284316 0.14531359114709816 0.002616242580651182
v -0.14867368817794888 0.071289902317424256 0.35449479673595369
v -0.1653754460094817 0.96774726077253082 0.36859077100395826
v -0.56018454167581466 0.071607923503904339 -0.041012803389208367
v -0.35859126535865243 1.0126198665875288 0.076249838718616805
v -0.5543289073438481 0.19115826011642781 0.21554730584090648
v 0.043731414208715798 0.1320543319515306 0.55419561900752068
v -0.1651100698754541 0.11728000583213208 0.62488946550215752
v 0.26575007388716698 0.059850133871480055 0.42153356829793176
v -0.51543578036346271 0.86487271913545294 0.46872887089352355
v 0.05884416147663573 0.025063111840846284 0.16784297765641584
v -0.56020662951278088 0.03193892294216321 0.21288085683420546
v 0.24943323089006803 0.076034647911019007 -0.00075143415551862189
v 0.062620388213593281 0.16311769248906613 0.59774750393907083
v -0.35021799597675279 0.033829651420866573 0.39498947050999156
v -0.16166032712955306 1.0157395734593939 0.20364365171983417
v -0.15363460071982213 0.8904546253549559 0.4716516166505364
v -0.15889402494558957 0.039271839916612802 -0.13014829340604356
v 0.055432669707343715 0.061429089570624075 0.32470675505141156
v -0.34714825636660046 0.08276005618210297 -0.0213226561871744
v 0.035649352399852674 0.02950420300969521 -0.11661654088401334
v -0.32826152505180578 1.0144316899562391 0.21409925046020051
v -0.16409661191737177 1.0138513307418331 0.24726847138785099
v -0.56947420469345222 0.16998011277492564 0.016366489457906579
v 0.051444979506364431 0.07295142432116232 0.010631680190891786
v -0.3024136776352892 0.21032476919617221 0.47571755658690662
v -0.56937399712641212 0.16426202377618548 0.23160075632671789
v -0.51518155363198703 0.20650888886274543 0.44293498746534099
v -0.41469169153927171 0.048925867304413166 0.19130308227384613
v -0.22938137173884879 0.076438859403536272 0.46723581105683915
v -0.52142245757097694 0.071900429145432002 0.57568499658099226
v -0.49479129995053805 0.052463442461742622 -0.092444860216896491
v -0.18533352022656399 0.071354466430476396 0.1878045048326871
v -0.2948494307258841 0.033018101082876755 -0.20438906904329587
v -0.62273680034599144 0.11082380750775885 0.54350584350211728
v -0.47427066054424261 0.09381963518698351 -0.1509025164680648
v -0.4515592466584043 0.034718603734007585 0.0015878268062714442
v -0.40307419352588558 0.12148003631011046 -0.21327588633528094
v -0.43862912113166674 0.035172693053121463 0.48136912351425049
v -0.54707087523930542 0.17058269379927654 0.33965475242002025
v -0.49320034853824762 0.077947549376336259 -0.095407253568443665
v -0.6128734142750456 0.089202301511383419 -0.014022546392794809
v -0.59303646215594286 0.12317750181056623 0.27349382116011967
v -0.64432414142652017 0.041396743236038022 0.33648018220199183
v -0.41364940216433632 0.051115352332843929 0.020959696996150717
v -0.60425192394988059 0.10572608376124681 0.29892327456963164
v -0.70330695971084189 0.063610276395409157 0.2327485042976104
v -0.51261706421897069 0.19307839572159105 0.2653210194842569
v -0.65235285541444366 0.039448212472248854 0.42566285126318304
v 0.15988186453427058 0.076908564958913447 -0.16519350767820803
v -0.62122324226435666 0.036951127883534378 0.0022478844322364536
v -0.5877544642389374 0.1171274613216312 0.2925206000040077
v -0.27753755496614352 0.18325261496924788 -0.19900679788282688
v -0.20560917906383608 0.071927076922394376 0.38663729138243597
v 0.18934458108621896 0.15589568095512091 0.52164645137512133
v -0.4681498153673242 0.047965658817607934 0.20061893306044654
v -0.63031554999795625 0.040041266539985632 0.51730745936989997
v -0.64447758233701069 0.086481750651565242 0.27215537333768469
v -0.20881651296706835 0.16788769523190239 0.60647539917823445
v -0.70155066707847635 0.061427749138854779 0.018953135201647337
v -0.58468315856617126 0.1164851783728359 0.56505435751283872
v 0.19571638018630919 0.023503265998603872 0.44869350608379288
v -0.42347470261729719 0.034573054364299402 0.070301934884986081
v -0.72810246020974034 0.11760249324151255 0.14025380029172582
v -0.42844157480810496 0.17507827405760906 -0.0816299967621857
v -0.52438773630715885 0.18514207605568372 0.48736694522781876
v -0.38522111410660065 0.048126893015937956 0.53022231510425288
v -0.23249436885235408 0.11114470832010839 -0.23068973298388595
f 1 2288 3459
f 1 2919 5658
f 1 3459 2919
f 1 5658 2288
f 2 3 1403
f 2 1403 1893
f 2 1500 3134
f 2 1893 1500
f 2 3134 3
f 3 191 1403
f 3 3134 6644
f 3 3846 4940
f 3 4940 191
f 3 6644 3846
f 4 5 3846
f 4 24 3132
f 4 3132 6674
f 4 3846 5718
f 4 5718 24
f 4 6674 5
f 5 190 4940
f 5 4940 3846
f 5 6674 190
f 6 471 6782
f 6 477 471
f 6 1474 6634
f 6 6634 477
f 6 6782 1474
f 7 4871 6515
f 7 5324 4871
f 7 6515 7097
f 7 7097 5324
f 8 2217 4133
f 8 4133 5504
f 8 5099 6536
f 8 5504 5099
f 8 6536 2217
f 9 2217 6879
f 9 2237 2217
f 9 5765 2237
f 9 6879 5765
f 10 411 4758
f 10 566 411
f 10 4504 6912
f 10 4758 4504
f 10 4914 566
f 10 6912 4914
f 11 3250 4605
f 11 4605 5665
f 11 5665 6836
f 11 5852 3250
f 11 6836 5852
f 12 13 4326
f 12 14 13
f 12 4326 4536
f 12 4536 4865
f 12 4865 14
f 13 14 15
f 13 15 4327
f 13 2287 4326
f 13 4327 2287
f 14 4865 6883
f 14 6883 15
f 15 16 4880
f 15 4880 4327
f 15 6883 16
f 16 5264 4880
f 16 6366 5264
f 16 6883 6366
f 17 1968 5142
f 17 3969 1968
f 17 4521 3969
f 17 5142 4521
f 18 19 3969
f 18 1227 19
f 18 3969 4521
f 18 4521 4859
f 18 4859 1227
f 19 1227 5813
f 19 3913 3969
f 19 5309 3913
f 19 5813 5309
f 20 1805 4199
f 20 3612 1805
f 20 4199 5275
f 20 4706 3612
f 20 5275 4706
f 21 3232 4735
f 21 4735 6296
f 21 6296 6687
f 21 6687 7173
f 21 7173 3232
f 22 2344 5340
f 22 2606 2344
f 22 3609 2606
f 22 5340 3609
f 23 509 4855
f 23 2344 509
f 23 4855 5530
f 23 5340 2344
f 23 5530 6219
f 23 6219 5340
f 24 1465 6227
f 24 5718 1465
f 24 6227 3132
f 25 26 1682
f 25 1682 5546
f 25 4919 26
f 25 5493 6567
f 25 5546 5493
f 25 6567 4919
f 26 27 1682
f 26 4919 6249
f 26 6249 27
f 27 468 6736
f 27 6249 468
f 27 6736 1682
f 28 396 6831
f 28 398 396
f 28 1326 4045
f 28 2008 1326
f 28 4045 398
f 28 6831 2008
f 29 4599 5377
f 29 5351 4599
f 29 5377 6196
f 29 5791 6194
f 29 6194 5351
f 29 6196 5791
f 30 1003 2423
f 30 1729 1003
f 30 2423 4083
f 30 4083 1729
f 31 32 6790
f 31 2621 6891
f 31 2676 2621
f 31 6790 2676
f 31 6891 32
f 32 50 6790
f 32 2506 50
f 32 6068 7148
f 32 6891 6068
f 32 7148 2506
f 33 4551 5060
f 33 5060 6077
f 33 5650 4551
f 33 6077 6340
f 33 6340 5650
f 34 35 4549
f 34 659 6202
f 34 4549 6756
f 34 5757 659
f 34 6202 35
f 34 6756 5757
f 35 5650 4549
f 35 6202 6901
f 35 6901 5650
f 36 42 6349
f 36 4757 6277
f 36 4937 42
f 36 6277 4937
f 36 6349 4757
f 37 659 5757
f 37 2350 3947
f 37 3947 659
f 37 5757 2350
f 38 39 40
f 38 40 2068
f 38 48 2350
f 38 2068 48
f 38 2350 5757
f 38 5757 39
f 39 41 40
f 39 5757 6124
f 39 6124 41
f 40 41 6863
f 40 6863 2068
f 41 4004 6863
f 41 6124 4004
f 42 4937 5286
f 42 5286 5811
f 42 5811 6349
f 43 619 6358
f 43 1305 4597
f 43 4597 619
f 43 5849 1305
f 43 6358 5849
f 44 1334 3971
f 44 1384 5403
f 44 3971 6358
f 44 5403 1334
f 44 6358 1384
f 45 2119 5505
f 45 3851 2119
f 45 5505 6344
f 45 5836 3851
f 45 6344 5836
f 46 2123 6575
f 46 2950 5868
f 46 5868 2123
f 46 6575 2950
f 47 48 6293
f 47 1430 4937
f 47 2350 48
f 47 4937 2350
f 47 6293 1430
f 48 2068 3868
f 48 3868 6293
f 49 50 2506
f 49 1095 5305
f 49 2278 50
f 49 2506 5806
f 49 5305 2278
f 49 5806 1095
f 50 2278 6790
f 51 269 6848
f 51 5966 269
f 51 6840 5966
f 51 6848 6840
f 52 1991 2102
f 52 2102 3175
f 52 3175 3713
f 52 3713 1991
f 53 1957 5538
f 53 3082 3546
f 53 3546 1957
f 53 5538 3082
f 54 2922 2924
f 54 2924 3528
f 54 3528 2922
f 55 1351 1947
f 55 1488 1351
f 55 1524 1488
f 55 1533 1524
f 55 1947 2894
f 55 2894 1533
f 56 1696 2082
f 56 1995 3546
f 56 2082 2317
f 56 2317 1995
f 56 3546 1696
f 57 3215 3475
f 57 3475 5545
f 57 5545 6290
f 57 5749 3215
f 57 6290 5749
f 58 3025 6818
f 58 4475 6299
f 58 6299 3025
f 58 6818 4475
f 59 2409 5391
f 59 5391 5777
f 59 5777 6217
f 59 6217 6276
f 59 6276 2409
f 60 4213 4851
f 60 4851 6151
f 60 5391 4213
f 60 5777 5391
f 60 6151 5777
f 61 62 7195
f 61 4851 62
f 61 6151 4851
f 61 6713 6151
f 61 7195 6713
f 62 542 1051
f 62 1051 7195
f 62 4032 542
f 62 4413 4032
f 62 4851 4413
f 63 1051 5239
f 63 4593 7195
f 63 5239 6734
f 63 6734 4593
f 63 7195 1051
f 64 651 6734
f 64 5255 5583
f 64 5583 651
f 64 6734 6811
f 64 6811 5255
f 65 621 6677
f 65 5255 6811
f 65 6677 5255
f 65 6811 621
f 66 541 2106
f 66 620 541
f 66 2106 4282
f 66 4282 6677
f 66 6677 620
f 67 3363 4524
f 67 3899 6708
f 67 4524 3899
f 67 6708 3363
f 68 1322 6141
f 68 1649 1322
f 68 2483 5262
f 68 5262 1649
f 68 6141 2483
f 69 662 1196
f 69 1196 7090
f 69 2613 662
f 69 3126 4963
f 69 4963 2613
f 69 7090 3126
f 70 71 72
f 70 72 4963
f 70 4963 6255
f 70 6255 71
f 71 73 72
f 71 4901 73
f 71 5716 4901
f 71 6255 5716
f 72 73 74
f 72 74 2946
f 72 1388 4963
f 72 2946 6711
f 72 6711 1388
f 73 75 74
f 73 4901 75
f 74 75 4033
f 74 4033 2946
f 75 1943 7164
f 75 4901 1943
f 75 7164 4033
f 76 3643 6538
f 76 3973 4408
f 76 4408 3643
f 76 6184 3973
f 76 6538 6184
f 77 78 6746
f 77 5296 78
f 77 5494 5296
f 77 6746 5494
f 78 79 2567
f 78 80 79
f 78 2567 6746
f 78 5296 6647
f 78 6647 80
f 79 80 6640
f 79 2223 2567
f 79 6640 2223
f 80 675 6640
f 80 6647 675
f 81 1342 6186
f 81 2175 6273
f 81 5758 1342
f 81 5783 2175
f 81 6186 5783
f 81 6273 5758
f 82 83 6273
f 82 92 1508
f 82 1508 83
f 82 2175 92
f 82 6273 2175
f 83 1508 3507
f 83 3507 6720
f 83 6720 6273
f 84 85 5783
f 84 86 85
f 84 91 86
f 84 3355 91
f 84 5783 6186
f 84 6186 3355
f 85 86 87
f 85 87 1450
f 85 1450 2175
f 85 2175 5783
f 86 88 87
f 86 91 88
f 87 88 89
f 87 89 4947
f 87 4947 1450
f 88 90 89
f 88 91 90
f 89 90 6640
f 89 6640 4947
f 90 91 5711
f 90 1270 6640
f 90 5711 1270
f 91 3355 5711
f 92 2175 5632
f 92 3224 1508
f 92 4246 3224
f 92 5632 4246
f 93 651 6741
f 93 3865 4970
f 93 4593 6734
f 93 4970 4593
f 93 6734 651
f 93 6741 3865
f 94 95 630
f 94 630 4970
f 94 3865 5263
f 94 4970 3865
f 94 5263 95
f 95 96 6176
f 95 4515 630
f 95 5263 96
f 95 6176 4515
f 96 3499 6176
f 96 5263 3499
f 97 2280 5649
f 97 3233 3834
f 97 3834 2280
f 97 5232 3233
f 97 5649 5232
f 98 99 5865
f 98 643 99
f 98 1112 4879
f 98 4879 643
f 98 5865 1112
f 99 100 6294
f 99 643 5714
f 99 5714 100
f 99 6294 5865
f 100 101 6294
f 100 639 101
f 100 5714 639
f 101 102 6294
f 101 639 6257
f 101 6257 102
f 102 3847 5639
f 102 5639 6795
f 102 6257 3847
f 102 6795 6294
f 103 5267 6745
f 103 5756 6689
f 103 6689 5267
f 103 6745 5756
f 104 3639 5643
f 104 5643 6347
f 104 6089 3639
f 104 6347 6089
f 105 4212 5824
f 105 5706 7193
f 105 5824 5706
f 105 7193 4212
f 106 5352 6087
f 106 5662 7181
f 106 6087 5662
f 106 7181 5352
f 107 108 7178
f 107 4638 5352
f 107 5352 7187
f 107 7178 4638
f 107 7187 108
f 108 109 1975
f 108 1975 7178
f 108 7187 109
f 109 331 6040
f 109 6040 1975
f 109 6751 331
f 109 7187 6751
f 110 660 4458
f 110 1892 660
f 110 2491 3981
f 110 3981 1892
f 110 4007 2491
f 110 4458 4007
f 111 112 6683
f 111 4822 5860
f 111 4877 112
f 111 4955 4877
f 111 5860 4955
f 111 6683 4822
f 112 4764 6683
f 112 4877 5684
f 112 5684 4764
f 113 634 635
f 113 635 4397
f 113 4397 5209
f 113 4495 634
f 113 5209 6276
f 113 6276 4495
f 114 2280 3834
f 114 3834 4438
f 114 4252 2280
f 114 4438 5368
f 114 5368 6733
f 114 6733 4252
f 115 116 117
f 115 117 670
f 115 670 7199
f 115 3227 116
f 115 3487 3227
f 115 7199 3487
f 116 1112 5865
f 116 3227 4955
f 116 4955 1112
f 116 5865 117
f 117 4798 670
f 117 5865 4798
f 118 122 4048
f 118 4048 4827
f 118 4827 7199
f 118 6826 122
f 118 7199 6826
f 119 122 1597
f 119 1597 2027
f 119 2027 4170
f 119 4048 122
f 119 4170 4048
f 120 121 1597
f 120 122 6826
f 120 1597 122
f 120 4557 6110
f 120 6110 121
f 120 6826 4557
f 121 4125 4276
f 121 4276 1597
f 121 5736 4125
f 121 6110 5736
f 123 1604 4276
f 123 4125 4457
f 123 4276 4125
f 123 4457 1604
f 124 1604 5636
f 124 3931 4276
f 124 4276 1604
f 124 5636 3931
f 125 126 1163
f 125 1163 6087
f 125 4638 5690
f 125 5352 4638
f 125 5690 126
f 125 6087 5352
f 126 3994 1163
f 126 5690 6654
f 126 6654 3994
f 127 4168 4231
f 127 4231 5855
f 127 5855 6044
f 127 6044 4168
f 128 1009 5651
f 128 3044 6283
f 128 5651 6092
f 128 6092 3044
f 128 6283 1009
f 129 652 6094
f 129 1349 4137
f 129 4137 652
f 129 5670 1349
f 129 6094 5670
f 130 133 134
f 130 134 1349
f 130 1349 5670
f 130 3938 6191
f 130 5670 3938
f 130 6191 133
f 131 133 6191
f 131 3661 6307
f 131 6191 3661
f 131 6307 133
f 132 643 4879
f 132 644 643
f 132 3661 644
f 132 4879 5698
f 132 5698 6307
f 132 6307 3661
f 133 4803 134
f 133 6307 4803
f 134 4137 1349
f 134 4803 4137
f 135 137 2445
f 135 2325 3676
f 135 2445 2810
f 135 2810 3278
f 135 3278 2325
f 135 3676 137
f 136 1526 1902
f 136 1902 2091
f 136 2091 3391
f 136 2396 1526
f 136 2714 2396
f 136 3391 2714
f 137 769 2445
f 137 2039 769
f 137 3270 2039
f 137 3676 3270
f 138 139 4281
f 138 3637 6693
f 138 4281 4725
f 138 4725 3637
f 138 6245 139
f 138 6693 6245
f 139 4399 4281
f 139 4746 4399
f 139 6245 4746
f 140 141 6388
f 140 996 4537
f 140 4537 141
f 140 5784 996
f 140 6388 5784
f 141 4315 4747
f 141 4537 4315
f 141 4747 4974
f 141 4974 6388
f 142 4545 6164
f 142 5722 6627
f 142 6164 5722
f 142 6627 4545
f 143 2780 6624
f 143 5722 6164
f 143 6102 2780
f 143 6164 6102
f 143 6624 5722
f 144 145 5605
f 144 3246 4875
f 144 3346 3246
f 144 3482 3346
f 144 4875 145
f 144 5605 3482
f 145 146 5605
f 145 4875 146
f 146 352 5605
f 146 1725 6641
f 146 4875 1725
f 146 6641 352
f 147 2695 5547
f 147 4226 6919
f 147 5547 4226
f 147 6919 2695
f 148 149 4609
f 148 1033 149
f 148 1935 5343
f 148 4609 1935
f 148 5343 1033
f 149 1033 5721
f 149 4274 4609
f 149 5721 4274
f 150 151 6331
f 150 4635 151
f 150 5269 4635
f 150 5762 5269
f 150 6331 6821
f 150 6821 5762
f 151 174 6331
f 151 175 174
f 151 4635 175
f 152 2494 5963
f 152 2759 2494
f 152 5963 2759
f 153 157 5807
f 153 3229 6732
f 153 3238 3229
f 153 5807 3238
f 153 6732 157
f 154 1876 6843
f 154 3980 4222
f 154 4222 4514
f 154 4514 1876
f 154 5588 3980
f 154 6843 5588
f 155 279 6362
f 155 5792 279
f 155 5835 5792
f 155 6362 5835
f 156 1935 4609
f 156 3905 1935
f 156 4609 6122
f 156 6122 3905
f 157 6373 5807
f 157 6732 6373
f 158 159 4834
f 158 2932 6747
f 158 4021 2932
f 158 4834 4021
f 158 5681 159
f 158 6747 5681
f 159 3494 4834
f 159 4854 6300
f 159 5681 6122
f 159 6122 4854
f 159 6300 3494
f 160 4951 6843
f 160 5205 4951
f 160 6843 5205
f 161 162 5808
f 161 918 162
f 161 5808 6192
f 161 6192 918
f 162 918 4896
f 162 4157 5808
f 162 4896 4157
f 163 3962 6505
f 163 4076 3962
f 163 6505 6809
f 163 6809 4076
f 164 2012 5691
f 164 5691 7190
f 164 6211 6852
f 164 6852 2012
f 164 7190 6211
f 165 166 6852
f 165 167 166
f 165 4105 5782
f 165 5782 167
f 165 6211 4105
f 165 6852 6211
f 166 167 1254
f 166 1254 2012
f 166 2012 6852
f 167 5633 1254
f 167 5782 6235
f 167 6235 5633
f 168 977 5482
f 168 5482 7080
f 168 7080 977
f 169 977 5392
f 169 1519 6931
f 169 5091 5482
f 169 5392 1519
f 169 5482 977
f 169 6931 7061
f 169 7061 5091
f 170 2171 6932
f 170 4481 2171
f 170 5835 6362
f 170 6362 4481
f 170 6932 5835
f 171 172 3123
f 171 2059 172
f 171 3123 6346
f 171 4328 2059
f 171 5012 4328
f 171 6346 5012
f 172 2059 4474
f 172 4474 3123
f 173 2765 7154
f 173 5828 2765
f 173 7154 5828
f 174 175 6849
f 174 6849 7035
f 174 7035 6331
f 175 2952 4944
f 175 4635 2952
f 175 4944 6849
f 176 177 4448
f 176 234 6179
f 176 3248 234
f 176 4448 3248
f 176 6060 177
f 176 6179 6060
f 177 6060 6581
f 177 6581 4448
f 178 1922 3489
f 178 3489 4832
f 178 4087 4590
f 178 4590 1922
f 178 4832 5153
f 178 5153 4087
f 179 180 6285
f 179 181 180
f 179 2773 181
f 179 4965 2773
f 179 6285 4965
f 180 181 4543
f 180 242 1327
f 180 1327 6285
f 180 4543 242
f 181 182 4543
f 181 555 182
f 181 2773 555
f 182 183 4543
f 182 184 183
f 182 547 184
f 182 555 547
f 183 184 6247
f 183 243 4543
f 183 6247 243
f 184 185 6247
f 184 547 5367
f 184 5367 185
f 185 186 4994
f 185 520 186
f 185 4994 6247
f 185 5367 520
f 186 187 4994
f 186 520 5294
f 186 5294 187
f 187 507 4994
f 187 4710 507
f 187 5294 4710
f 188 189 5280
f 188 517 189
f 188 1545 517
f 188 5280 6135
f 188 6135 1545
f 189 516 1856
f 189 517 1807
f 189 1807 516
f 189 1856 5280
f 190 518 4940
f 190 1293 518
f 190 6674 1293
f 191 4940 6138
f 191 6138 1403
f 192 1925 2421
f 192 2057 6153
f 192 2421 2057
f 192 6153 1925
f 193 194 7176
f 193 1521 6215
f 193 4770 1521
f 193 6215 194
f 193 7176 4770
f 194 5299 7176
f 194 6215 6658
f 194 6658 5299
f 195 196 6658
f 195 197 196
f 195 523 524
f 195 524 525
f 195 525 197
f 195 6658 7167
f 195 7167 523
f 196 197 198
f 196 198 608
f 196 570 6658
f 196 608 570
f 197 199 198
f 197 525 4620
f 197 4620 199
f 198 199 200
f 198 200 215
f 198 215 608
f 199 528 6096
f 199 4620 528
f 199 6096 200
f 200 5674 6100
f 200 6096 5674
f 200 6100 215
f 201 3830 5188
f 201 5188 7139
f 201 7139 3830
f 202 535 6768
f 202 536 535
f 202 5253 6338
f 202 6338 536
f 202 6768 5253
f 203 204 5864
f 203 1140 5253
f 203 3237 204
f 203 5253 6768
f 203 5864 1140
f 203 6768 3237
f 204 205 5864
f 204 539 6854
f 204 3237 539
f 204 6854 205
f 205 4032 6308
f 205 4712 4032
f 205 6308 5864
f 205 6854 4712
f 206 2508 6685
f 206 2955 6767
f 206 6685 2955
f 206 6767 2508
f 207 208 6767
f 207 209 208
f 207 576 209
f 207 5199 576
f 207 6767 5199
f 208 209 210
f 208 210 4217
f 208 3484 6767
f 208 4217 3484
f 209 211 210
f 209 574 211
f 209 575 574
f 209 576 575
f 210 211 212
f 210 212 2682
f 210 2682 4804
f 210 4804 4217
f 211 213 212
f 211 573 213
f 211 574 6172
f 211 6172 573
f 212 213 6100
f 212 6100 2682
f 213 214 6100
f 213 573 214
f 214 215 6100
f 214 568 215
f 214 573 4973
f 214 4973 568
f 215 568 608
f 216 609 4217
f 216 1164 5105
f 216 4217 1164
f 216 5105 6075
f 216 6075 6781
f 216 6781 609
f 217 4295 5292
f 217 4525 6261
f 217 4730 5283
f 217 5283 4295
f 217 5292 4525
f 217 6261 4730
f 218 4825 5750
f 218 5750 5798
f 218 5798 4825
f 219 2508 6181
f 219 5750 6685
f 219 6181 5750
f 219 6685 2508
f 220 2288 6726
f 220 3102 3459
f 220 3459 2288
f 220 4751 5358
f 220 5358 3102
f 220 6726 4751
f 221 223 224
f 221 224 225
f 221 225 6268
f 221 5116 223
f 221 5358 5116
f 221 6268 5358
f 222 223 5116
f 222 1596 223
f 222 4410 6728
f 222 5116 4410
f 222 5798 1596
f 222 6728 5798
f 223 1596 5175
f 223 5175 224
f 224 3356 3608
f 224 3475 225
f 224 3608 3475
f 224 5175 3356
f 225 3475 6268
f 226 1153 7173
f 226 1476 3641
f 226 3234 1476
f 226 3641 5280
f 226 5280 6286
f 226 6286 1153
f 226 7173 3234
f 227 228 4769
f 227 456 1983
f 227 1983 228
f 227 2292 4314
f 227 4314 456
f 227 4769 2292
f 228 1983 2220
f 228 2220 4769
f 229 504 6244
f 229 505 504
f 229 1081 2629
f 229 2629 505
f 229 2949 1081
f 229 6244 2949
f 230 504 3655
f 230 1208 6799
f 230 3655 5668
f 230 5668 1208
f 230 6244 504
f 230 6799 6244
f 231 232 1327
f 231 240 6799
f 231 241 240
f 231 242 241
f 231 1208 232
f 231 1327 242
f 231 6799 1208
f 232 1208 4907
f 232 4907 6285
f 232 6285 1327
f 233 3861 6504
f 233 4087 5770
f 233 4590 4087
f 233 5770 3861
f 233 6504 4590
f 234 235 236
f 234 236 237
f 234 237 6179
f 234 3248 6860
f 234 6860 235
f 235 5124 236
f 235 6860 5124
f 236 4116 4390
f 236 4390 237
f 236 5124 4116
f 237 1687 6179
f 237 4390 1687
f 238 239 4207
f 238 2949 6244
f 238 4207 4562
f 238 4562 2949
f 238 6244 6799
f 238 6799 239
f 239 240 506
f 239 506 4207
f 239 6799 240
f 240 241 506
f 241 242 243
f 241 243 5797
f 241 5797 506
f 242 4543 243
f 243 6247 5797
f 244 3365 4159
f 244 4159 6269
f 244 4878 3365
f 244 6269 4878
f 245 246 4384
f 245 1652 246
f 245 2951 1652
f 245 4159 5640
f 245 4384 4159
f 245 5366 2951
f 245 5640 5366
f 246 270 2435
f 246 1652 270
f 246 2435 4384
f 247 1566 6109
f 247 3118 5744
f 247 4074 6385
f 247 5744 1566
f 247 6109 4074
f 247 6385 3118
f 248 249 6930
f 248 4400 249
f 248 5221 5847
f 248 5847 4400
f 248 6930 5221
f 249 1292 6930
f 249 4261 1292
f 249 4400 4261
f 250 251 4451
f 250 252 251
f 250 256 252
f 250 4451 5226
f 250 4869 256
f 250 5226 4869
f 251 252 253
f 251 253 268
f 251 268 6226
f 251 6226 4451
f 252 254 253
f 252 256 254
f 253 254 6554
f 253 6502 268
f 253 6554 6502
f 254 256 258
f 254 258 6554
f 255 257 5992
f 255 258 257
f 255 5992 7110
f 255 6554 258
f 255 7110 6554
f 256 257 258
f 256 4869 257
f 257 2628 5992
f 257 4869 2628
f 259 260 6847
f 259 4042 4296
f 259 4296 260
f 259 5787 4042
f 259 6847 5787
f 260 1499 1937
f 260 1937 6847
f 260 4296 6330
f 260 6330 1499
f 261 1854 6847
f 261 4636 6365
f 261 5580 6868
f 261 6365 5580
f 261 6847 4636
f 261 6868 1854
f 262 2068 6863
f 262 3868 2068
f 262 4149 4420
f 262 4420 5213
f 262 5213 3868
f 262 6863 4149
f 263 4607 4872
f 263 4872 6585
f 263 5825 4607
f 263 6585 5825
f 264 4826 6330
f 264 5825 6585
f 264 6330 5825
f 264 6585 4826
f 265 1679 6898
f 265 4997 6609
f 265 6609 1679
f 265 6898 4997
f 266 1215 3934
f 266 3934 5121
f 266 5121 5269
f 266 5269 5762
f 266 5762 1215
f 267 1603 6804
f 267 6226 6502
f 267 6502 1603
f 267 6804 6226
f 268 6502 6226
f 269 1049 3946
f 269 3946 6881
f 269 4513 1049
f 269 5966 4513
f 269 6881 6848
f 270 1652 6921
f 270 3128 3491
f 270 3491 2435
f 270 5738 3128
f 270 6921 5738
f 271 272 1719
f 271 1123 4807
f 271 1719 1123
f 271 4088 272
f 271 4807 4088
f 272 1593 6619
f 272 4088 1593
f 272 6619 1719
f 273 284 2122
f 273 2122 5003
f 273 4403 284
f 273 5003 4403
f 274 280 4414
f 274 1715 280
f 274 4414 6857
f 274 5851 1715
f 274 6857 5851
f 275 282 5139
f 275 2679 6388
f 275 4974 282
f 275 5139 2679
f 275 6388 4974
f 276 277 1503
f 276 278 277
f 276 1503 5784
f 276 1835 5788
f 276 4131 1835
f 276 5784 4131
f 276 5788 278
f 277 278 5792
f 277 5408 1503
f 277 5792 5408
f 278 279 5792
f 278 5788 279
f 279 2947 6362
f 279 5788 2947
f 280 1715 6319
f 280 2927 4414
f 280 6319 6844
f 280 6844 2927
f 281 1715 4776
f 281 2633 6319
f 281 4776 5228
f 281 5228 6496
f 281 6319 1715
f 281 6496 2633
f 282 4974 6375
f 282 6375 6925
f 282 6925 5139
f 283 284 2487
f 283 2487 4950
f 283 4950 6896
f 283 6896 284
f 284 4403 2487
f 284 5412 2122
f 284 6896 5412
f 285 4996 6890
f 285 5402 4996
f 285 5875 6855
f 285 6855 5402
f 285 6890 5875
f 286 1547 4948
f 286 4948 6305
f 286 5072 1547
f 286 6305 5072
f 287 1886 4578
f 287 4453 1886
f 287 4578 4680
f 287 4680 5558
f 287 5558 4453
f 288 3243 6857
f 288 4414 4812
f 288 4812 3243
f 288 6857 4414
f 289 4142 4547
f 289 4547 7126
f 289 5067 4142
f 289 7126 5067
f 290 291 4142
f 290 292 291
f 290 967 5692
f 290 971 292
f 290 4142 967
f 290 5692 7202
f 290 7202 971
f 291 292 293
f 291 293 1491
f 291 1491 4547
f 291 4547 4142
f 292 971 1191
f 292 1191 293
f 293 904 1053
f 293 1053 1491
f 293 1191 904
f 294 971 973
f 294 973 5634
f 294 1191 971
f 294 2954 1191
f 294 5634 2954
f 295 968 4401
f 295 4130 968
f 295 4401 5634
f 295 5634 4130
f 296 297 2852
f 296 2777 4713
f 296 2852 4445
f 296 4445 2777
f 296 4713 5236
f 296 5236 297
f 297 298 2852
f 297 806 1332
f 297 1332 298
f 297 5236 806
f 298 299 1317
f 298 801 299
f 298 1317 2852
f 298 1332 801
f 299 801 4977
f 299 4977 1317
f 300 2498 2925
f 300 2925 6287
f 300 4977 5207
f 300 5207 2498
f 300 6287 4977
f 301 752 6143
f 301 4210 6816
f 301 4518 752
f 301 6143 4210
f 301 6816 4518
f 302 303 304
f 302 304 4992
f 302 3945 4285
f 302 4285 303
f 302 4992 3945
f 303 305 304
f 303 753 2051
f 303 2051 305
f 303 4285 753
f 304 305 3935
f 304 315 4992
f 304 1939 315
f 304 3935 1939
f 305 2051 5570
f 305 5570 7163
f 305 7163 3935
f 306 307 2943
f 306 1939 3935
f 306 2943 1939
f 306 3935 7163
f 306 7163 307
f 307 308 6656
f 307 2051 308
f 307 6656 2943
f 307 7163 2051
f 308 2051 6656
f 309 2051 2354
f 309 2354 6740
f 309 6083 2051
f 309 6740 6083
f 310 2051 3627
f 310 2354 2051
f 310 3627 6661
f 310 6661 2354
f 311 312 7183
f 311 2017 312
f 311 3627 3917
f 311 3917 2017
f 311 7183 3627
f 312 316 335
f 312 335 5705
f 312 2017 316
f 312 5705 7183
f 313 335 1076
f 313 1076 6779
f 313 1423 5705
f 313 1600 1423
f 313 5705 335
f 313 6779 1600
f 314 1659 6147
f 314 3945 7201
f 314 6143 3945
f 314 6147 6143
f 314 7201 1659
f 315 1939 3138
f 315 3138 4992
f 316 334 335
f 316 2017 3976
f 316 3976 4768
f 316 4768 334
f 317 1542 5727
f 317 2009 5975
f 317 5490 1542
f 317 5727 2009
f 317 5975 5490
f 318 319 4259
f 318 2551 6342
f 318 3241 2551
f 318 4259 3241
f 318 6342 319
f 319 320 4259
f 319 338 320
f 319 3870 338
f 319 6342 3870
f 320 321 4259
f 320 336 5810
f 320 338 336
f 320 5810 321
f 321 767 4259
f 321 4534 767
f 321 5810 4534
f 322 4251 5642
f 322 4959 5631
f 322 5631 4251
f 322 5642 4959
f 323 324 6095
f 323 339 340
f 323 340 324
f 323 5642 339
f 323 6095 5642
f 324 325 6095
f 324 340 4975
f 324 4975 325
f 325 1470 6095
f 325 4975 5732
f 325 5732 1470
f 326 1723 5320
f 326 3909 5732
f 326 4975 1723
f 326 5320 3909
f 326 5732 4975
f 327 4498 5709
f 327 4982 6281
f 327 5233 4982
f 327 5709 5233
f 327 6281 4498
f 328 2499 6730
f 328 4498 6281
f 328 4850 4498
f 328 5135 4850
f 328 6281 2499
f 328 6730 5135
f 329 330 4124
f 329 332 4430
f 329 1076 332
f 329 4124 4272
f 329 4272 1076
f 329 4430 330
f 330 4430 6514
f 330 4675 4124
f 330 6514 4675
f 331 4676 6040
f 331 6751 4676
f 332 333 4430
f 332 334 333
f 332 1076 334
f 333 334 4768
f 333 4768 4779
f 333 4779 4430
f 334 1076 335
f 336 337 4043
f 336 338 337
f 336 4043 5810
f 337 338 3870
f 337 345 6744
f 337 346 345
f 337 3870 346
f 337 6744 4043
f 339 341 4628
f 339 4628 5308
f 339 5308 340
f 339 5642 341
f 340 5308 4975
f 341 1434 4178
f 341 4178 4628
f 341 4251 1434
f 341 5642 4251
f 342 343 1726
f 342 1726 4858
f 342 4858 5161
f 342 5161 6332
f 342 6332 6744
f 342 6744 343
f 343 344 4968
f 343 345 346
f 343 346 344
f 343 4968 1726
f 343 6744 345
f 344 346 2294
f 344 2294 5227
f 344 5227 4968
f 346 3870 2294
f 347 1725 4591
f 347 3862 5184
f 347 4591 3862
f 347 5184 1725
f 348 751 3964
f 348 3964 5574
f 348 5184 751
f 348 5574 5184
f 349 680 2631
f 349 2631 4906
f 349 4277 680
f 349 4906 4277
f 350 1763 5695
f 350 2066 1763
f 350 5695 6256
f 350 6256 2066
f 351 3907 6775
f 351 4429 3907
f 351 6521 4429
f 351 6775 6521
f 352 1251 5605
f 352 4906 1251
f 352 6641 4906
f 353 354 5246
f 353 2857 5600
f 353 4809 354
f 353 5246 2857
f 353 5600 4809
f 354 4809 5332
f 354 5332 5246
f 355 356 818
f 355 818 6810
f 355 4866 356
f 355 6810 4866
f 356 820 818
f 356 4271 820
f 356 4866 4271
f 357 3961 6681
f 357 4935 3961
f 357 6108 4935
f 357 6681 6108
f 358 2290 3953
f 358 2855 2290
f 358 3953 4435
f 358 4435 4601
f 358 4601 2855
f 359 360 6761
f 359 815 1845
f 359 1845 360
f 359 5173 815
f 359 6761 5173
f 360 1845 3833
f 360 3833 6761
f 361 4143 5717
f 361 5717 6596
f 361 6059 4143
f 361 6596 6059
f 362 363 4898
f 362 2759 363
f 362 4236 5568
f 362 4898 4236
f 362 5568 2759
f 363 2759 4720
f 363 4720 4898
f 364 4467 6822
f 364 4720 4467
f 364 4898 4720
f 364 6822 4898
f 365 366 6822
f 365 989 5819
f 365 4467 989
f 365 5819 6867
f 365 6822 4467
f 365 6867 366
f 366 1797 6822
f 366 6867 1797
f 367 6390 6880
f 367 6867 6390
f 367 6880 6867
f 368 369 382
f 368 382 2545
f 368 2545 6367
f 368 6367 369
f 369 370 371
f 369 371 2759
f 369 2759 382
f 369 6367 370
f 370 1627 4355
f 370 4355 371
f 370 6367 1627
f 371 4355 2759
f 372 375 6245
f 372 5742 375
f 372 6245 6693
f 372 6693 6928
f 372 6928 5742
f 373 374 6928
f 373 381 374
f 373 5734 381
f 373 5866 6111
f 373 6111 5734
f 373 6928 5866
f 374 380 5742
f 374 381 380
f 374 5742 6928
f 375 2779 4746
f 375 4014 2779
f 375 4746 6245
f 375 5742 4014
f 376 377 4780
f 376 3875 377
f 376 4780 6880
f 376 4957 3875
f 376 5328 4957
f 376 6880 5328
f 377 378 4780
f 377 3875 5734
f 377 5734 378
f 378 5000 6359
f 378 5734 6718
f 378 6359 4780
f 378 6718 5000
f 379 1071 4316
f 379 4316 5200
f 379 4805 5663
f 379 5200 4805
f 379 5663 1071
f 380 381 3875
f 380 3875 4957
f 380 4957 5742
f 381 5734 3875
f 382 2759 2545
f 383 384 1359
f 383 385 384
f 383 1359 3922
f 383 1924 6914
f 383 3922 1924
f 383 6914 385
f 384 385 5097
f 384 5097 6840
f 384 5754 1359
f 384 6840 5754
f 385 1428 5982
f 385 5982 5097
f 385 6914 1428
f 386 4223 6900
f 386 4670 4223
f 386 5836 6344
f 386 6344 4670
f 386 6900 5836
f 387 2239 6859
f 387 4223 7044
f 387 4840 2239
f 387 6859 4223
f 387 7044 4840
f 388 3665 5832
f 388 3888 4092
f 388 4092 3665
f 388 4893 3888
f 388 5832 4893
f 389 4486 6010
f 389 5152 4486
f 389 5598 5152
f 389 6010 6560
f 389 6560 5598
f 390 391 392
f 390 392 5849
f 390 3971 391
f 390 5849 6358
f 390 6358 3971
f 391 2167 4616
f 391 3971 2167
f 391 4616 6341
f 391 6341 392
f 392 4045 4148
f 392 4148 5849
f 392 6341 4045
f 393 394 395
f 393 395 5194
f 393 4793 6897
f 393 5194 4793
f 393 6831 394
f 393 6897 6831
f 394 396 397
f 394 397 6850
f 394 6831 396
f 394 6850 395
f 395 6850 5194
f 396 398 397
f 397 398 3932
f 397 3932 4091
f 397 4091 6850
f 398 4045 6341
f 398 6341 3932
f 399 1490 6702
f 399 2556 2609
f 399 2609 1490
f 399 6231 7188
f 399 6702 6231
f 399 7087 2556
f 399 7188 7087
f 400 1490 2609
f 400 2609 6684
f 400 2701 1490
f 400 2933 3117
f 400 3117 2701
f 400 6684 2933
f 401 457 4507
f 401 3244 457
f 401 4507 4724
f 401 4522 3244
f 401 4724 4522
f 402 403 1152
f 402 1152 6684
f 402 2556 5285
f 402 2609 2556
f 402 5285 403
f 402 6684 2609
f 403 404 5160
f 403 5160 1152
f 403 5285 404
f 404 1653 5160
f 404 2840 3792
f 404 3792 1653
f 404 5285 2840
f 405 1850 6892
f 405 4047 1850
f 405 4577 4883
f 405 4883 5812
f 405 5812 4047
f 405 6892 4577
f 406 407 6719
f 406 1413 5832
f 406 1711 4180
f 406 1927 1413
f 406 4180 1927
f 406 5832 407
f 406 6719 1711
f 407 1237 1343
f 407 1343 6719
f 407 2781 1237
f 407 5832 2781
f 408 3943 6368
f 408 4288 6333
f 408 5685 3943
f 408 6333 5685
f 408 6368 4288
f 409 438 5854
f 409 2437 5829
f 409 5829 438
f 409 5854 2437
f 410 421 6757
f 410 2417 421
f 410 3341 5399
f 410 5399 2417
f 410 6321 3341
f 410 6757 6321
f 411 412 6792
f 411 566 412
f 411 1650 4758
f 411 6792 1650
f 412 566 6292
f 412 4206 6792
f 412 6292 4206
f 413 414 4891
f 413 4891 5341
f 413 5341 7041
f 413 6823 414
f 413 7041 6823
f 414 1923 4891
f 414 5129 1923
f 414 6823 5129
f 415 1923 4459
f 415 4206 4891
f 415 4459 5733
f 415 4891 1923
f 415 5733 4206
f 416 1570 5334
f 416 4459 1570
f 416 5334 5733
f 416 5733 4459
f 417 4529 6792
f 417 4899 4529
f 417 5334 4899
f 417 6792 5334
f 418 1969 6350
f 418 4529 4899
f 418 4899 1969
f 418 6350 6760
f 418 6760 7185
f 418 7185 4529
f 419 1463 6377
f 419 3878 6339
f 419 6339 1463
f 419 6377 3878
f 420 1150 1209
f 420 1209 1546
f 420 1546 5196
f 420 4329 1150
f 420 5196 4329
f 421 2417 4329
f 421 4329 4835
f 421 4835 6757
f 422 423 3638
f 422 1840 6284
f 422 3638 3936
f 422 3936 4235
f 422 4235 1840
f 422 6284 423
f 423 470 4127
f 423 4127 3638
f 423 6284 470
f 424 510 6908
f 424 1404 6392
f 424 6392 6875
f 424 6875 510
f 424 6908 1404
f 425 4264 6875
f 425 5223 4264
f 425 6392 5223
f 425 6875 6392
f 426 1127 4264
f 426 2055 1127
f 426 4264 5223
f 426 5223 2055
f 427 428 4924
f 427 499 500
f 427 500 5410
f 427 3230 428
f 427 4924 499
f 427 5410 3230
f 428 431 4924
f 428 3230 431
f 429 430 7073
f 429 2016 3645
f 429 3645 6920
f 429 4370 2016
f 429 6920 430
f 429 7073 4370
f 430 4066 7073
f 430 6920 4066
f 431 3230 4447
f 431 3856 4924
f 431 4447 6630
f 431 6248 3856
f 431 6630 6248
f 432 1805 4098
f 432 4098 4171
f 432 4171 4739
f 432 4199 1805
f 432 4739 6334
f 432 6334 4199
f 433 2501 6334
f 433 3344 2501
f 433 4235 4943
f 433 4943 3344
f 433 6334 4235
f 434 435 3344
f 434 3344 4943
f 434 4073 4370
f 434 4370 5997
f 434 4943 4073
f 434 5997 435
f 435 4595 3344
f 435 5997 6069
f 435 6069 4595
f 436 2055 5223
f 436 2942 7095
f 436 5079 2055
f 436 5223 2942
f 436 7095 5079
f 437 1242 3247
f 437 2161 5411
f 437 3247 6345
f 437 4473 6884
f 437 5411 4473
f 437 6345 2161
f 437 6884 1242
f 438 4290 5854
f 438 4926 4290
f 438 5289 4926
f 438 5829 5289
f 439 440 1546
f 439 1546 5854
f 439 4290 6112
f 439 5589 440
f 439 5854 4290
f 439 6112 5589
f 440 5196 1546
f 440 5589 6366
f 440 6366 5196
f 441 1624 4416
f 441 2618 2678
f 441 2678 1624
f 441 4416 6154
f 441 6154 2618
f 442 449 5576
f 442 2618 449
f 442 2678 2618
f 442 5327 2678
f 442 5576 5327
f 443 2287 4327
f 443 4327 4627
f 443 4627 5514
f 443 5514 2287
f 444 445 453
f 444 453 5537
f 444 4886 445
f 444 5086 5489
f 444 5489 4886
f 444 5537 5086
f 445 446 451
f 445 451 452
f 445 452 453
f 445 4886 446
f 446 450 451
f 446 3839 4090
f 446 4090 450
f 446 4886 5597
f 446 5597 3839
f 447 448 3839
f 447 449 448
f 447 3839 5597
f 447 5231 6085
f 447 5576 449
f 447 5597 5231
f 447 6085 5576
f 448 449 2618
f 448 2618 6154
f 448 6154 3839
f 450 4090 4416
f 450 4416 7114
f 450 4861 451
f 450 7114 4861
f 451 4861 452
f 452 4861 5051
f 452 5051 453
f 453 5051 5537
f 454 476 6166
f 454 1290 476
f 454 5086 6509
f 454 6166 6770
f 454 6509 1290
f 454 6770 5086
f 455 475 5689
f 455 4987 6166
f 455 5689 4987
f 455 6166 475
f 456 4314 4987
f 456 4987 5689
f 456 5689 1983
f 457 458 4507
f 457 3244 6541
f 457 6541 458
f 458 2218 4507
f 458 4350 6495
f 458 6495 2218
f 458 6541 4350
f 459 460 5604
f 459 461 460
f 459 508 461
f 459 1006 4855
f 459 4855 508
f 459 4890 1006
f 459 5604 4890
f 460 461 462
f 460 462 6765
f 460 2683 5604
f 460 6765 2683
f 461 508 2344
f 461 2344 462
f 462 2344 6765
f 463 464 3792
f 463 465 466
f 463 466 467
f 463 467 464
f 463 3792 6582
f 463 6582 465
f 464 467 5160
f 464 1653 3792
f 464 5160 1653
f 465 468 1212
f 465 1212 466
f 465 6582 6736
f 465 6736 468
f 466 1212 467
f 467 1212 5680
f 467 4240 5160
f 467 5680 4240
f 468 6249 1212
f 469 4126 5339
f 469 4860 4126
f 469 5166 4860
f 469 5339 5166
f 470 4126 4127
f 470 5339 4126
f 470 6284 5339
f 471 472 6782
f 471 477 5780
f 471 5780 472
f 472 4034 6782
f 472 5327 4034
f 472 5780 5327
f 473 4036 4694
f 473 4694 5064
f 473 5064 5298
f 473 5298 6794
f 473 6794 4036
f 474 475 1290
f 474 1290 1564
f 474 1564 4418
f 474 4418 4715
f 474 4715 5689
f 474 5689 475
f 475 476 1290
f 475 6166 476
f 477 5174 6121
f 477 6121 5780
f 477 6634 5174
f 478 1425 6140
f 478 1598 6121
f 478 4160 1425
f 478 5174 4160
f 478 6121 5174
f 478 6140 1598
f 479 2164 3658
f 479 3658 4497
f 479 4497 5687
f 479 4563 2164
f 479 5687 4563
f 480 2625 6086
f 480 3987 6676
f 480 4923 3987
f 480 6086 4923
f 480 6676 2625
f 481 4417 5266
f 481 5266 6623
f 481 5715 6113
f 481 6113 4417
f 481 6623 5715
f 482 1598 1761
f 482 1761 5780
f 482 5780 6121
f 482 6121 1598
f 483 484 2344
f 483 485 484
f 483 2344 7087
f 483 7087 7188
f 483 7188 485
f 484 485 2344
f 485 7188 2344
f 486 2578 2711
f 486 2711 2924
f 486 2924 5101
f 486 5101 2578
f 487 3281 6066
f 487 6015 3281
f 487 6066 7027
f 487 6488 6015
f 487 7027 6488
f 488 1734 2312
f 488 1954 1734
f 488 2312 2893
f 488 2451 1954
f 488 2893 2451
f 489 491 2641
f 489 2033 491
f 489 2097 2511
f 489 2511 3693
f 489 2641 2097
f 489 3693 2033
f 490 1513 6511
f 490 2511 1513
f 490 3693 2511
f 490 6511 3693
f 491 2033 2519
f 491 2519 2641
f 492 841 3263
f 492 1532 841
f 492 2519 3396
f 492 3263 2519
f 492 3396 1532
f 493 1668 2924
f 493 2666 3063
f 493 2924 2666
f 493 3063 1668
f 494 1668 2091
f 494 1865 1946
f 494 1946 1668
f 494 2091 1865
f 495 1768 1921
f 495 1921 1966
f 495 1966 2718
f 495 2718 1768
f 496 1738 2319
f 496 2319 2706
f 496 2706 3077
f 496 3077 1738
f 497 1425 4160
f 497 4160 4871
f 497 4871 5324
f 497 5324 6140
f 497 6140 1425
f 498 3652 4005
f 498 3992 3652
f 498 4005 4566
f 498 4566 6113
f 498 6113 3992
f 499 4024 500
f 499 4541 4024
f 499 4924 4541
f 500 4024 6364
f 500 6364 5410
f 501 502 6794
f 501 998 2184
f 501 2184 502
f 501 3655 998
f 501 6794 3655
f 502 1564 6137
f 502 2184 1564
f 502 6137 6794
f 503 504 505
f 503 505 998
f 503 998 3655
f 503 3655 504
f 505 2629 4418
f 505 4418 998
f 506 5797 4207
f 507 4523 6825
f 507 4710 6203
f 507 6203 4523
f 507 6825 4994
f 508 4855 2344
f 509 2344 4855
f 510 1888 4613
f 510 4613 6908
f 510 6875 1888
f 511 512 6812
f 511 560 561
f 511 561 5596
f 511 5596 512
f 511 6812 560
f 512 513 5222
f 512 5222 6812
f 512 5596 513
f 513 1545 6135
f 513 2688 1545
f 513 5596 2688
f 513 6135 5222
f 514 515 3502
f 514 516 1807
f 514 1807 5761
f 514 1856 516
f 514 3502 1856
f 514 5761 515
f 515 518 1293
f 515 1293 3502
f 515 5761 518
f 517 1545 1807
f 518 5761 4940
f 519 1159 2688
f 519 2688 5596
f 519 5179 1159
f 519 5596 5179
f 520 4894 5294
f 520 5367 4894
f 521 547 6233
f 521 5367 547
f 521 5676 5367
f 521 6233 5676
f 522 523 7167
f 522 551 552
f 522 552 4767
f 522 4767 523
f 522 5630 551
f 522 7167 5630
f 523 4767 524
f 524 4580 525
f 524 4767 4580
f 525 526 616
f 525 616 4620
f 525 4580 526
f 526 527 616
f 526 4580 6298
f 526 6298 527
f 527 2056 616
f 527 3997 5321
f 527 5321 2056
f 527 6298 3997
f 528 529 6096
f 528 4620 5786
f 528 5786 529
f 529 4484 6622
f 529 5261 6096
f 529 5786 4484
f 529 6622 5261
f 530 531 4484
f 530 617 6695
f 530 4484 617
f 530 6695 531
f 531 532 4354
f 531 4354 6125
f 531 6125 6622
f 531 6622 4484
f 531 6695 532
f 532 6510 4354
f 532 6695 6510
f 533 543 7186
f 533 3840 6325
f 533 5767 3840
f 533 6325 543
f 533 7186 5767
f 534 539 3237
f 534 3140 3840
f 534 3237 6768
f 534 3840 539
f 534 6768 3140
f 535 536 3140
f 535 3140 6768
f 536 3033 3140
f 536 5837 3033
f 536 6338 5837
f 537 538 6325
f 537 3140 4026
f 537 4026 538
f 537 6325 3140
f 538 4026 5270
f 538 5270 5582
f 538 5582 6755
f 538 6755 6325
f 539 540 6854
f 539 3840 5767
f 539 5767 540
f 540 541 6854
f 540 2106 541
f 540 5767 2106
f 541 620 622
f 541 622 6854
f 542 4032 4712
f 542 4712 5669
f 542 5669 1051
f 543 544 3942
f 543 3942 7186
f 543 6325 544
f 544 6325 6755
f 544 6755 3942
f 545 3830 4077
f 545 4077 5674
f 545 5188 3830
f 545 5261 5499
f 545 5499 5188
f 545 5674 6096
f 545 6096 5261
f 546 4011 5365
f 546 5104 6057
f 546 5365 7139
f 546 6057 4011
f 546 7139 5104
f 547 555 6233
f 548 549 5630
f 548 4424 549
f 548 5630 7167
f 548 6167 4424
f 548 6215 6167
f 548 7167 6215
f 549 4424 4615
f 549 4615 5630
f 550 551 4615
f 550 552 551
f 550 1501 552
f 550 1973 1501
f 550 4615 5345
f 550 5345 1973
f 551 5630 4615
f 552 1501 4767
f 553 3137 6237
f 553 5355 3137
f 553 5770 5355
f 553 6237 5770
f 554 4424 4542
f 554 4542 5345
f 554 4615 4424
f 554 5345 4615
f 555 2773 3488
f 555 3488 6233
f 556 3488 5306
f 556 5306 6233
f 556 6233 3488
f 557 558 6167
f 557 2773 4965
f 557 3488 2773
f 557 4542 558
f 557 4965 4542
f 557 5306 3488
f 557 6167 5306
f 558 4424 6167
f 558 4542 4424
f 559 560 5294
f 559 4894 560
f 559 5294 4894
f 560 4894 561
f 560 6812 5294
f 561 4894 5360
f 561 5360 5596
f 562 1277 5801
f 562 5801 7153
f 562 6204 1277
f 562 7153 6204
f 563 4005 6618
f 563 4566 4005
f 563 5237 4566
f 563 5970 5237
f 563 6618 5970
f 564 3028 5594
f 564 4301 3028
f 564 5192 5694
f 564 5594 5192
f 564 5694 4301
f 565 1308 3937
f 565 3937 5149
f 565 4462 1308
f 565 5149 4462
f 566 4914 6292
f 567 571 6214
f 567 2555 571
f 567 4177 2555
f 567 6214 6242
f 567 6242 4177
f 568 570 608
f 568 4973 7176
f 568 5299 570
f 568 7176 5299
f 569 4177 6242
f 569 4770 7176
f 569 5190 4770
f 569 6242 5190
f 569 7176 4177
f 570 5299 6658
f 571 2555 5199
f 571 2955 6214
f 571 5199 2955
f 572 573 6172
f 572 2555 573
f 572 5199 2555
f 572 6172 5199
f 573 2555 4973
f 574 575 6172
f 575 576 6172
f 576 5199 6172
f 577 578 4309
f 577 4309 7119
f 577 4698 5131
f 577 5131 578
f 577 7119 4698
f 578 4738 4309
f 578 5131 4738
f 579 580 1243
f 579 1243 5827
f 579 4147 5637
f 579 5637 580
f 579 5827 4147
f 580 4519 5407
f 580 5407 1243
f 580 5637 7153
f 580 6073 4519
f 580 7153 6073
f 581 2021 5827
f 581 3989 2021
f 581 4101 3989
f 581 5827 5872
f 581 5872 4101
f 582 590 5381
f 582 1569 4443
f 582 1574 590
f 582 1759 1574
f 582 4443 1759
f 582 5381 1569
f 583 5398 6922
f 583 5833 6926
f 583 6922 5833
f 583 6926 5398
f 584 2493 2766
f 584 2766 5484
f 584 5484 5747
f 584 5747 2493
f 585 4022 6012
f 585 5271 4022
f 585 6012 5271
f 586 588 5728
f 586 3022 3967
f 586 3967 588
f 586 4587 3022
f 586 5728 4587
f 587 588 3967
f 587 1794 588
f 587 3967 5815
f 587 4829 1794
f 587 5815 4829
f 588 1794 5728
f 589 3119 4559
f 589 3659 4072
f 589 4072 5739
f 589 4559 3659
f 589 5739 3119
f 590 591 592
f 590 592 3841
f 590 1574 4422
f 590 3841 5381
f 590 4422 591
f 591 4002 592
f 591 4422 4002
f 592 4002 6316
f 592 4559 3841
f 592 6316 4559
f 593 596 5730
f 593 4686 5095
f 593 5095 5481
f 593 5481 596
f 593 5730 4686
f 594 5481 6592
f 594 5795 5481
f 594 6592 6709
f 594 6709 5795
f 595 4192 6824
f 595 4832 4192
f 595 5153 4832
f 595 5355 5153
f 595 6824 5355
f 596 5481 5795
f 596 5795 5730
f 597 598 3035
f 597 603 1250
f 597 1250 598
f 597 3035 603
f 598 600 1057
f 598 1057 3035
f 598 1250 4211
f 598 4211 5141
f 598 5141 600
f 599 1493 5693
f 599 2689 3496
f 599 3496 6662
f 599 5693 2689
f 599 6662 1493
f 600 601 4478
f 600 4478 1057
f 600 5141 601
f 601 2689 4478
f 601 3496 2689
f 601 5141 3496
f 602 603 3035
f 602 1578 6824
f 602 3035 1578
f 602 4711 603
f 602 6824 4711
f 603 4233 4425
f 603 4425 1250
f 603 4711 4233
f 604 1083 4425
f 604 2622 4546
f 604 2953 2622
f 604 4233 2953
f 604 4425 4233
f 604 4546 1083
f 605 1602 4546
f 605 2622 6709
f 605 4546 2622
f 605 4912 5318
f 605 5318 1602
f 605 6709 4912
f 606 1055 4366
f 606 1125 1055
f 606 4366 6508
f 606 6508 1125
f 607 4393 5397
f 607 5397 7160
f 607 7160 4393
f 609 3484 4217
f 609 6781 3484
f 610 1622 4500
f 610 1897 6781
f 610 4500 1897
f 610 6781 1622
f 611 2163 2763
f 611 2763 5542
f 611 5542 7159
f 611 7159 2163
f 612 1077 5775
f 612 4488 1077
f 612 5775 4488
f 613 614 6454
f 613 3805 614
f 613 5422 6408
f 613 6408 3805
f 613 6454 5422
f 614 3805 6970
f 614 6970 6454
f 615 3801 5906
f 615 3805 3801
f 615 5906 3805
f 616 2056 5786
f 616 5786 4620
f 617 2056 5321
f 617 4484 5786
f 617 5321 6695
f 617 5786 2056
f 618 1094 4575
f 618 1592 2054
f 618 2054 1094
f 618 4575 6278
f 618 6278 1592
f 619 623 6358
f 619 3651 623
f 619 4597 3651
f 620 621 622
f 620 6677 621
f 621 5669 6854
f 621 6811 5669
f 621 6854 622
f 623 1384 6358
f 623 2238 1384
f 623 3651 4791
f 623 4791 2238
f 624 1516 1940
f 624 1940 5838
f 624 4477 1516
f 624 5838 6246
f 624 6246 4477
f 625 1107 5648
f 625 1321 1107
f 625 1940 1321
f 625 5648 5838
f 625 5838 1940
f 626 5221 6930
f 626 5869 6246
f 626 6246 6842
f 626 6842 5221
f 626 6930 5869
f 627 628 5853
f 627 2563 5201
f 627 5201 628
f 627 5853 6866
f 627 6866 6904
f 627 6904 2563
f 628 3984 5853
f 628 4838 3984
f 628 5201 4838
f 629 2362 6713
f 629 4275 5649
f 629 5649 6217
f 629 6217 2362
f 629 6713 4275
f 630 4515 5245
f 630 5245 4970
f 631 4120 4703
f 631 4703 6523
f 631 5700 4120
f 631 6523 5700
f 632 1656 4432
f 632 1792 5009
f 632 4432 4437
f 632 4437 1792
f 632 5009 1656
f 633 1656 4788
f 633 4158 6731
f 633 4432 1656
f 633 4788 4158
f 633 6731 4432
f 634 1489 6185
f 634 4495 1489
f 634 4790 635
f 634 6185 4790
f 635 1005 4397
f 635 4790 1005
f 636 4282 6762
f 636 5243 6336
f 636 6336 4282
f 636 6762 5243
f 637 643 644
f 637 644 3661
f 637 3661 5307
f 637 5307 6699
f 637 5714 643
f 637 6699 5714
f 638 639 5714
f 638 640 639
f 638 647 640
f 638 648 647
f 638 5714 6699
f 638 6699 648
f 639 640 6257
f 640 641 6257
f 640 647 641
f 641 647 3121
f 641 3121 4440
f 641 4440 6721
f 641 6721 6257
f 642 1335 4440
f 642 1986 6160
f 642 4440 1986
f 642 5005 1335
f 642 6160 5005
f 645 648 6699
f 645 4049 648
f 645 5307 5599
f 645 5599 4049
f 645 6699 5307
f 646 647 648
f 646 648 4049
f 646 3121 647
f 646 3866 3121
f 646 4049 3866
f 649 2112 5224
f 649 4929 2112
f 649 5224 6315
f 649 6315 4929
f 650 1728 3215
f 650 3215 4870
f 650 4028 1728
f 650 4870 4028
f 651 5583 6741
f 652 653 5712
f 652 4137 653
f 652 5712 6094
f 653 4137 5232
f 653 5232 5712
f 654 1412 5265
f 654 2429 1412
f 654 4221 2429
f 654 4261 4221
f 654 5265 4261
f 655 4221 4261
f 655 4261 4400
f 655 4400 4221
f 656 657 2248
f 656 2248 3541
f 656 2534 5973
f 656 2577 2534
f 656 3541 2577
f 656 5973 657
f 657 658 1557
f 657 1557 1903
f 657 1903 2248
f 657 5973 658
f 658 2924 1557
f 658 5973 2924
f 659 3947 6202
f 660 1892 4161
f 660 4161 5684
f 660 4877 4458
f 660 5684 4877
f 661 1450 4947
f 661 4198 6139
f 661 4246 5632
f 661 4947 4198
f 661 5632 1450
f 661 6139 4246
f 662 2613 5262
f 662 5262 1196
f 663 3900 6273
f 663 6273 6720
f 663 6711 3900
f 663 6720 6711
f 664 665 3353
f 664 2946 665
f 664 3353 3900
f 664 3900 6711
f 664 6711 2946
f 665 2946 4033
f 665 4033 4299
f 665 4299 3353
f 666 667 5756
f 666 4155 6716
f 666 5005 6160
f 666 5756 5005
f 666 6160 4155
f 666 6716 667
f 667 672 7182
f 667 6716 672
f 667 7182 5756
f 668 669 5219
f 668 1680 669
f 668 4155 4305
f 668 4305 1680
f 668 5219 4155
f 669 1680 4395
f 669 4395 6118
f 669 6118 5219
f 670 4798 6795
f 670 6795 6826
f 670 6826 7199
f 671 1881 2074
f 671 2074 6872
f 671 4055 4592
f 671 4592 1881
f 671 6872 4055
f 672 673 7182
f 672 6716 673
f 673 2704 7182
f 673 4322 2704
f 673 6716 4322
f 674 1174 4439
f 674 2691 1174
f 674 2704 4322
f 674 4055 2691
f 674 4322 4055
f 674 4439 2704
f 675 4198 4947
f 675 4947 6640
f 675 6647 4198
f 676 3847 5277
f 676 4009 6110
f 676 4557 5639
f 676 5277 4009
f 676 5639 3847
f 676 6110 4557
f 677 748 2114
f 677 1148 6275
f 677 2114 5602
f 677 2434 1148
f 677 5602 2434
f 677 6275 748
f 678 679 5517
f 678 4931 5230
f 678 5230 6628
f 678 5517 4931
f 678 6628 679
f 679 4554 5517
f 679 6628 4554
f 680 681 682
f 680 682 2631
f 680 4277 4528
f 680 4528 681
f 681 683 5312
f 681 684 683
f 681 4528 684
f 681 5312 682
f 682 5312 6717
f 682 6717 2631
f 683 684 6236
f 683 6236 5312
f 684 685 6236
f 684 2562 6655
f 684 4528 2562
f 684 6655 685
f 685 1139 2705
f 685 2705 6236
f 685 6655 1139
f 686 750 6773
f 686 1139 6655
f 686 5660 6133
f 686 6133 750
f 686 6655 5660
f 686 6773 1139
f 687 3041 4773
f 687 4286 3041
f 687 4773 6150
f 687 6150 4286
f 688 1084 2553
f 688 1576 5112
f 688 2553 1576
f 688 5112 1084
f 689 3885 4103
f 689 4103 6134
f 689 4956 3885
f 689 6134 4956
f 690 691 4242
f 690 692 691
f 690 4242 5509
f 690 5509 6533
f 690 6533 692
f 691 692 4165
f 691 701 702
f 691 702 4242
f 691 4165 701
f 692 6271 4165
f 692 6533 6271
f 693 694 695
f 693 695 700
f 693 700 701
f 693 701 4165
f 693 4165 694
f 694 696 695
f 694 699 696
f 694 4165 6271
f 694 6271 699
f 695 696 2480
f 695 2480 700
f 696 699 5212
f 696 1628 2480
f 696 5212 6259
f 696 6259 1628
f 697 3885 6712
f 697 4283 3885
f 697 5661 4283
f 697 6712 5661
f 698 1118 5661
f 698 1309 1118
f 698 1887 6259
f 698 3827 1887
f 698 5661 3827
f 698 6259 1309
f 699 5647 5212
f 699 6271 5647
f 700 2480 4215
f 700 4215 701
f 701 4215 702
f 702 4215 4621
f 702 4621 4242
f 703 704 4230
f 703 2185 4001
f 703 3483 704
f 703 4001 6814
f 703 4230 5704
f 703 5704 2185
f 703 6814 3483
f 704 3483 5778
f 704 5778 4230
f 705 711 1760
f 705 1760 5248
f 705 4345 7086
f 705 5230 4345
f 705 5248 5608
f 705 5608 5230
f 705 7086 711
f 706 4450 6232
f 706 5608 6798
f 706 6232 5608
f 706 6798 4450
f 707 1093 2024
f 707 1257 4407
f 707 1473 1257
f 707 2024 5602
f 707 4407 1093
f 707 5602 1473
f 708 3226 5716
f 708 5492 3226
f 708 5565 5492
f 708 5716 6805
f 708 6805 5565
f 709 710 1891
f 709 1464 4772
f 709 1891 6251
f 709 4772 710
f 709 6251 1464
f 710 1943 5162
f 710 4772 1943
f 710 5162 1891
f 711 717 2935
f 711 2935 1760
f 711 7086 717
f 712 3126 7086
f 712 6255 3126
f 712 6805 6255
f 712 7086 6805
f 713 2567 6780
f 713 3973 6184
f 713 6184 6746
f 713 6746 2567
f 713 6780 3973
f 714 4815 7086
f 714 6526 4815
f 714 7086 6526
f 715 1477 4532
f 715 4532 6835
f 715 6671 1477
f 715 6835 6671
f 716 746 4318
f 716 2356 6193
f 716 4318 6671
f 716 5310 746
f 716 6193 5310
f 716 6671 2356
f 717 4815 2935
f 717 7086 4815
f 718 719 738
f 718 737 6251
f 718 738 737
f 718 3226 5492
f 718 5492 719
f 718 6251 3226
f 719 720 4864
f 719 4864 738
f 719 5073 720
f 719 5492 5073
f 720 721 4864
f 720 5073 721
f 721 5073 6591
f 721 6591 6706
f 721 6706 4864
f 722 1477 6872
f 722 4532 1477
f 722 6206 4532
f 722 6872 6206
f 723 724 6104
f 723 739 724
f 723 1752 4999
f 723 4999 739
f 723 5384 1752
f 723 6104 5384
f 724 725 6104
f 724 726 725
f 724 739 726
f 725 726 3876
f 725 754 6104
f 725 3876 754
f 726 727 3876
f 726 739 741
f 726 741 727
f 727 728 3876
f 727 729 728
f 727 741 742
f 727 742 729
f 728 729 6785
f 728 2026 3876
f 728 4227 2026
f 728 6785 4227
f 729 730 6785
f 729 742 730
f 730 731 1836
f 730 742 743
f 730 743 731
f 730 1836 6785
f 731 732 1836
f 731 733 732
f 731 743 744
f 731 744 733
f 732 733 2231
f 732 2231 6636
f 732 6265 1836
f 732 6636 6265
f 733 734 2231
f 733 744 745
f 733 745 734
f 734 745 1802
f 734 1540 4218
f 734 1802 1540
f 734 4218 7179
f 734 7179 2231
f 735 758 760
f 735 760 5662
f 735 2026 4227
f 735 4227 758
f 735 5662 5793
f 735 5793 2026
f 736 738 4864
f 736 4864 6706
f 736 5752 738
f 736 6706 5752
f 737 738 5752
f 737 1464 6251
f 737 5752 1464
f 739 740 741
f 739 4318 740
f 739 4999 4318
f 740 742 741
f 740 746 747
f 740 747 742
f 740 4318 746
f 742 747 743
f 743 747 744
f 744 747 2783
f 744 2783 745
f 745 2783 1802
f 746 2783 747
f 746 5310 2783
f 748 749 6133
f 748 6133 2114
f 748 6275 749
f 749 750 6133
f 749 4844 750
f 749 6275 4844
f 750 4844 6773
f 751 1764 4262
f 751 4262 4570
f 751 4570 3964
f 751 5184 1764
f 752 4285 6143
f 752 4518 5163
f 752 5163 4285
f 753 4285 2051
f 754 3876 6620
f 754 6620 6104
f 755 756 2180
f 755 1603 756
f 755 2180 4499
f 755 4499 6363
f 755 6363 6804
f 755 6804 1603
f 756 1603 5066
f 756 4936 2180
f 756 5066 4936
f 757 758 4227
f 757 1932 4050
f 757 4050 758
f 757 4227 6785
f 757 5335 1932
f 757 6785 5335
f 758 4050 760
f 759 760 4050
f 759 4050 5840
f 759 5662 760
f 759 5840 6679
f 759 6679 7181
f 759 7181 5662
f 761 1990 2235
f 761 2235 5387
f 761 4959 6095
f 761 5387 4959
f 761 6095 1990
f 762 763 5764
f 762 4552 763
f 762 5387 4552
f 762 5764 5387
f 763 764 765
f 763 765 768
f 763 768 5764
f 763 4552 764
f 764 779 6788
f 764 780 779
f 764 4552 5011
f 764 5011 780
f 764 6788 765
f 765 767 768
f 765 6788 767
f 766 781 4614
f 766 3241 4259
f 766 4259 6788
f 766 4614 5803
f 766 5803 3241
f 766 6788 781
f 767 4534 768
f 767 6788 4259
f 768 4534 5764
f 769 2039 2137
f 769 2137 2445
f 770 1588 2263
f 770 1866 3048
f 770 2039 1866
f 770 2137 2039
f 770 2263 2137
f 770 3048 1588
f 771 772 4930
f 771 773 772
f 771 4930 4952
f 771 4952 6750
f 771 6750 773
f 772 773 774
f 772 774 837
f 772 836 4930
f 772 837 836
f 773 6272 774
f 773 6750 6272
f 774 6272 6697
f 774 6697 837
f 775 776 783
f 775 782 6750
f 775 783 782
f 775 5803 776
f 775 6750 5803
f 776 784 783
f 776 4614 5315
f 776 5315 784
f 776 5803 4614
f 777 778 5315
f 777 779 778
f 777 781 779
f 777 4614 781
f 777 5315 4614
f 778 779 780
f 778 780 1126
f 778 1126 5315
f 779 781 6788
f 780 5011 6090
f 780 5323 1126
f 780 6090 5323
f 782 783 2929
f 782 785 6272
f 782 2929 785
f 782 6272 6750
f 783 784 2929
f 784 1126 4909
f 784 4909 2929
f 784 5315 1126
f 785 2929 4909
f 785 4909 6697
f 785 6697 6272
f 786 787 6598
f 786 796 4594
f 786 1755 787
f 786 4594 1755
f 786 6598 796
f 787 789 4505
f 787 1755 6882
f 787 4505 6598
f 787 5703 789
f 787 6882 5703
f 788 5276 5989
f 788 5989 7094
f 788 7094 5276
f 789 790 4505
f 789 5703 790
f 790 791 4505
f 790 794 791
f 790 2020 794
f 790 5703 2020
f 791 792 4721
f 791 794 795
f 791 795 792
f 791 4721 4505
f 792 795 2236
f 792 1432 5276
f 792 2236 1432
f 792 5276 4721
f 793 2020 5703
f 793 2564 4932
f 793 4932 5313
f 793 5313 2020
f 793 5703 6882
f 793 6882 2564
f 794 2020 5313
f 794 5313 5721
f 794 5721 795
f 795 5721 2236
f 796 4289 4594
f 796 5969 4289
f 796 6598 5969
f 797 798 5729
f 797 4556 798
f 797 4761 5169
f 797 5169 4556
f 797 5729 4761
f 798 2611 5206
f 798 4556 2611
f 798 5206 5729
f 799 812 5325
f 799 813 812
f 799 1972 813
f 799 3124 4915
f 799 4915 1972
f 799 5325 3124
f 800 801 5802
f 800 802 801
f 800 5802 6126
f 800 6126 802
f 801 802 4977
f 801 1332 5802
f 802 5207 4977
f 802 6126 5207
f 803 804 5720
f 803 809 4300
f 803 4300 6727
f 803 5720 809
f 803 6727 804
f 804 805 2183
f 804 2183 2607
f 804 2607 5720
f 804 6727 805
f 805 806 2286
f 805 1332 806
f 805 2286 2183
f 805 6727 1332
f 806 5236 2286
f 807 2286 5236
f 807 4713 5666
f 807 5236 4713
f 807 5666 2286
f 808 4512 5173
f 808 5173 5290
f 808 5290 6103
f 808 5607 4512
f 808 6103 5607
f 809 3668 6668
f 809 5720 3668
f 809 6668 4300
f 810 811 6503
f 810 5325 811
f 810 5510 7076
f 810 6503 5510
f 810 7076 5325
f 811 812 1275
f 811 1275 6503
f 811 5325 812
f 812 813 4531
f 812 4531 1275
f 813 814 4531
f 813 1972 814
f 814 1972 4470
f 814 4300 6668
f 814 4470 4300
f 814 6668 4531
f 815 4202 4380
f 815 4380 1845
f 815 5173 6174
f 815 6174 4202
f 816 817 4298
f 816 4298 5302
f 816 5302 6263
f 816 6188 817
f 816 6263 6188
f 817 818 819
f 817 819 4298
f 817 6188 818
f 818 820 819
f 818 6188 6810
f 819 820 4411
f 819 4411 4298
f 820 4271 4935
f 820 4935 4411
f 821 822 1304
f 821 1304 4380
f 821 4202 822
f 821 4380 4202
f 822 4202 7115
f 822 5609 1304
f 822 7115 5609
f 823 3136 5191
f 823 4151 6175
f 823 5191 5740
f 823 5319 4151
f 823 5740 5319
f 823 6175 3136
f 824 828 5208
f 824 2358 828
f 824 4601 2358
f 824 5208 4601
f 825 3644 4745
f 825 4527 6188
f 825 4745 4527
f 825 6188 6263
f 825 6263 3644
f 826 827 3136
f 826 982 7120
f 826 3136 6175
f 826 3879 827
f 826 6175 982
f 826 7120 3879
f 827 828 5191
f 827 3879 6223
f 827 5191 3136
f 827 6223 828
f 828 2358 5191
f 828 6223 5208
f 829 830 4939
f 829 3914 6297
f 829 4939 6645
f 829 6297 830
f 829 6645 3914
f 830 3644 4939
f 830 4745 3644
f 830 6297 4745
f 831 833 6221
f 831 1879 6703
f 831 2420 1879
f 831 6221 2420
f 831 6703 833
f 832 835 4253
f 832 2561 835
f 832 4253 6645
f 832 4939 5242
f 832 5242 2561
f 832 6645 4939
f 833 834 2561
f 833 2561 6221
f 833 4029 834
f 833 6703 4029
f 834 835 2561
f 834 963 964
f 834 964 835
f 834 2277 963
f 834 4029 2277
f 835 964 4253
f 836 837 6265
f 836 4218 4930
f 836 6265 6636
f 836 6636 7179
f 836 7179 4218
f 837 1848 6265
f 837 4839 1848
f 837 6697 4839
f 838 839 2883
f 838 1693 839
f 838 2665 1693
f 838 2883 2665
f 839 1693 2811
f 839 2811 3148
f 839 3148 2883
f 840 841 1532
f 840 1532 2960
f 840 2883 3148
f 840 2960 2883
f 840 3148 841
f 841 3148 3263
f 842 843 4044
f 842 2499 4323
f 842 4044 6730
f 842 4323 4913
f 842 4913 6090
f 842 6090 843
f 842 6730 2499
f 843 1838 4044
f 843 2235 1838
f 843 5011 2235
f 843 6090 5011
f 844 4691 4807
f 844 4807 5503
f 844 5503 4691
f 845 3110 4660
f 845 4058 3110
f 845 4660 4058
f 846 4913 5653
f 846 5323 6090
f 846 5653 5323
f 846 6090 4913
f 847 1584 3150
f 847 2152 2872
f 847 2311 2152
f 847 2872 1584
f 847 3150 2311
f 848 1307 4097
f 848 3955 1307
f 848 4097 4485
f 848 4319 4632
f 848 4485 4319
f 848 4632 3955
f 849 1415 4819
f 849 4819 5394
f 849 5394 7096
f 849 6070 1415
f 849 7096 6070
f 850 5288 6132
f 850 5369 6282
f 850 5735 5369
f 850 6132 5735
f 850 6282 5288
f 851 852 6763
f 851 5652 6783
f 851 6252 852
f 851 6763 5652
f 851 6783 6252
f 852 853 6763
f 852 5842 853
f 852 6252 5842
f 853 1273 6763
f 853 4306 1273
f 853 5842 4306
f 854 4509 5657
f 854 5288 6282
f 854 5657 5288
f 854 6282 4509
f 855 856 922
f 855 921 5394
f 855 922 921
f 855 1141 856
f 855 4819 1141
f 855 5394 4819
f 856 1141 4052
f 856 4052 922
f 857 858 6905
f 857 1466 4308
f 857 4308 4971
f 857 4568 1466
f 857 4971 858
f 857 6905 4568
f 858 859 2069
f 858 2069 6198
f 858 4279 859
f 858 4971 4279
f 858 6198 6905
f 859 1886 4453
f 859 4279 1886
f 859 4453 2069
f 860 861 4455
f 860 4455 5731
f 860 5731 6899
f 860 6899 861
f 861 2507 6924
f 861 6899 2507
f 861 6924 4455
f 862 863 6239
f 862 1504 3030
f 862 3030 5258
f 862 5258 6924
f 862 6239 1504
f 862 6924 863
f 863 2762 6239
f 863 6924 2762
f 864 3110 4058
f 864 4058 7024
f 864 7024 3110
f 865 885 6871
f 865 892 4759
f 865 4759 885
f 865 5612 892
f 865 6230 5612
f 865 6871 6230
f 866 1318 4292
f 866 4292 5613
f 866 4760 6144
f 866 4786 4760
f 866 5613 4786
f 866 6144 1318
f 867 868 5614
f 867 878 6597
f 867 5614 878
f 867 6597 7067
f 867 7067 868
f 868 869 5614
f 868 1620 869
f 868 6552 1620
f 868 7067 6552
f 869 883 6791
f 869 1620 883
f 869 6791 5614
f 870 871 879
f 870 878 5614
f 870 879 878
f 870 5614 6791
f 870 6791 871
f 871 872 879
f 871 1620 872
f 871 6791 1620
f 872 873 6220
f 872 1620 873
f 872 6220 879
f 873 1620 6492
f 873 6492 6220
f 874 875 1130
f 874 1130 5198
f 874 5198 6220
f 874 6220 6492
f 874 6492 875
f 875 876 4119
f 875 4119 1130
f 875 6492 876
f 876 877 4119
f 876 2759 877
f 876 6492 2759
f 877 2759 4344
f 877 4344 4119
f 878 879 5198
f 878 5165 6597
f 878 5198 5165
f 879 6220 5198
f 880 2352 3351
f 880 3351 4071
f 880 4071 4576
f 880 4576 7194
f 880 7194 2352
f 881 987 5768
f 881 988 987
f 881 5406 988
f 881 5768 6053
f 881 6053 5406
f 882 986 6552
f 882 4704 5768
f 882 5528 4704
f 882 5768 986
f 882 6552 5528
f 883 1620 6791
f 884 1414 5623
f 884 4588 6846
f 884 5623 6748
f 884 6748 4588
f 884 6846 1414
f 885 886 6871
f 885 4759 886
f 886 1409 6871
f 886 4759 1409
f 887 1751 2624
f 887 2228 1751
f 887 2624 6748
f 887 5623 2228
f 887 6748 5623
f 888 889 891
f 888 891 4234
f 888 3034 889
f 888 3848 3034
f 888 4234 3848
f 889 3034 4863
f 889 4863 7135
f 889 7135 891
f 890 1472 4292
f 890 1661 6209
f 890 4255 4396
f 890 4292 4255
f 890 4396 1661
f 890 6209 1472
f 891 4003 6827
f 891 6827 4234
f 891 7135 4003
f 892 4588 4759
f 892 5612 6698
f 892 6698 4588
f 893 3919 6152
f 893 4493 4723
f 893 4723 5187
f 893 5187 6758
f 893 6152 4493
f 893 6758 3919
f 894 2759 7036
f 894 4344 2759
f 894 7036 4344
f 895 948 5114
f 895 5114 5766
f 895 5679 948
f 895 5766 5679
f 896 4195 4569
f 896 4569 5679
f 896 5679 5766
f 896 5766 4195
f 897 952 953
f 897 953 4273
f 897 3657 952
f 897 4273 5702
f 897 5702 3657
f 898 3657 5702
f 898 4533 6649
f 898 5702 4533
f 898 6649 3657
f 899 2925 5616
f 899 3129 6287
f 899 5616 6148
f 899 6148 3129
f 899 6287 2925
f 900 2355 4427
f 900 2502 2355
f 900 3860 2502
f 900 4427 4796
f 900 4796 3860
f 901 4019 4796
f 901 4796 6666
f 901 6190 4019
f 901 6666 6190
f 902 908 4714
f 902 2432 4533
f 902 4533 6190
f 902 4714 2432
f 902 6190 908
f 903 1411 4442
f 903 2954 5634
f 903 4442 6694
f 903 5634 1411
f 903 6694 2954
f 904 1191 2954
f 904 2954 6694
f 904 5350 1053
f 904 6694 5350
f 905 906 1015
f 905 1015 5350
f 905 1104 4714
f 905 4714 906
f 905 5350 6694
f 905 6694 1104
f 906 907 1015
f 906 4714 907
f 907 908 4138
f 907 4138 5322
f 907 4714 908
f 907 5322 1015
f 908 6190 4138
f 909 3859 4604
f 909 4222 5357
f 909 4604 6346
f 909 5357 3859
f 909 6346 4222
f 910 957 6303
f 910 958 957
f 910 3231 4610
f 910 4610 6222
f 910 6222 958
f 910 6303 3231
f 911 912 6222
f 911 5664 912
f 911 5988 5664
f 911 6222 5988
f 912 959 6222
f 912 5664 6829
f 912 6829 959
f 913 3982 4494
f 913 3996 4731
f 913 4494 3996
f 913 4731 7170
f 913 6642 3982
f 913 7170 6642
f 914 915 4535
f 914 954 4856
f 914 1568 4622
f 914 4535 1568
f 914 4622 954
f 914 4856 5655
f 914 5655 915
f 915 916 4535
f 915 5655 916
f 916 917 4535
f 916 956 5822
f 916 5655 956
f 916 5822 917
f 917 2558 3020
f 917 3020 5138
f 917 3996 4535
f 917 5138 3996
f 917 5822 2558
f 918 919 4896
f 918 4845 919
f 918 6192 4845
f 919 4845 7093
f 919 5148 4896
f 919 7093 5148
f 920 921 922
f 920 922 5699
f 920 1042 4722
f 920 4722 6895
f 920 5699 1042
f 920 6895 921
f 921 6895 5394
f 922 923 5699
f 922 4052 923
f 923 4052 7190
f 923 5691 5699
f 923 7190 5691
f 924 5059 5745
f 924 5176 5967
f 924 5745 5176
f 924 5967 5059
f 925 2554 4386
f 925 2566 6145
f 925 4386 2566
f 925 5176 5745
f 925 5745 2554
f 925 6145 5176
f 926 927 4565
f 926 928 927
f 926 1662 3020
f 926 2558 6829
f 926 3020 2558
f 926 4565 1662
f 926 6829 928
f 927 928 6105
f 927 6105 4565
f 928 4830 6105
f 928 5664 4830
f 928 6829 5664
f 929 930 6304
f 929 1058 4908
f 929 4386 930
f 929 4908 4386
f 929 6304 1058
f 930 2554 3877
f 930 3877 6304
f 930 4386 2554
f 931 3853 6253
f 931 3986 5128
f 931 4778 6820
f 931 5128 4778
f 931 6253 3986
f 931 6820 3853
f 932 3877 5373
f 932 5373 7166
f 932 6304 3877
f 932 7166 6304
f 933 2620 6722
f 933 4067 6590
f 933 4631 4067
f 933 6590 2620
f 933 6722 4631
f 934 1183 7083
f 934 2690 5342
f 934 5342 6147
f 934 5683 1183
f 934 6147 5683
f 934 7083 2690
f 935 1677 2877
f 935 1732 1915
f 935 1915 1677
f 935 2877 2966
f 935 2966 1732
f 936 937 938
f 936 938 6870
f 936 1004 2505
f 936 2505 6906
f 936 4737 937
f 936 5273 4737
f 936 6870 1004
f 936 6906 5273
f 937 2610 938
f 937 4737 6210
f 937 6210 2610
f 938 2610 4394
f 938 4394 6870
f 939 940 5858
f 939 4394 940
f 939 5858 6870
f 939 6870 4394
f 940 941 5858
f 940 2215 6911
f 940 4394 2215
f 940 6911 941
f 941 1878 5858
f 941 4474 1878
f 941 6911 4474
f 942 943 4293
f 942 2488 6663
f 942 4293 4556
f 942 4556 2488
f 942 6663 943
f 943 3952 6128
f 943 6128 4293
f 943 6663 3952
f 944 945 6906
f 944 947 945
f 944 2505 4629
f 944 4629 947
f 944 6906 2505
f 945 946 1224
f 945 947 2492
f 945 1224 6906
f 945 2492 946
f 946 979 5091
f 946 2492 979
f 946 5091 1224
f 947 3358 2492
f 947 4629 3358
f 948 5500 5114
f 948 5679 6653
f 948 6054 5500
f 948 6653 6054
f 949 1058 6304
f 949 4748 1058
f 949 6304 7166
f 949 6653 4748
f 949 7166 6653
f 950 2298 4908
f 950 2863 5688
f 950 4908 2863
f 950 5688 2298
f 951 952 3657
f 951 3657 3887
f 951 3887 5688
f 951 5688 952
f 952 2863 3893
f 952 3893 953
f 952 5688 2863
f 953 3893 4273
f 954 4622 4856
f 955 1726 4622
f 955 4622 4858
f 955 4858 1726
f 956 2230 5822
f 956 5655 6200
f 956 6200 2230
f 957 958 6200
f 957 6200 6759
f 957 6759 6303
f 958 959 960
f 958 960 2230
f 958 2230 6200
f 958 6222 959
f 959 6829 960
f 960 2558 5822
f 960 5822 2230
f 960 6829 2558
f 961 1468 2774
f 961 2774 7192
f 961 6200 1468
f 961 6759 6200
f 961 7192 6759
f 962 1762 4980
f 962 4115 5876
f 962 4980 6380
f 962 5876 1762
f 962 6380 4115
f 963 965 964
f 963 966 965
f 963 2277 966
f 964 965 4253
f 965 966 5186
f 965 5186 4253
f 966 2277 5566
f 966 5566 6071
f 966 6071 5186
f 967 4142 5067
f 967 5067 6524
f 967 6524 5692
f 968 4130 5260
f 968 4713 4401
f 968 5260 5666
f 968 5666 4713
f 969 4846 6372
f 969 5782 4846
f 969 6235 5782
f 969 6372 6235
f 970 4612 6252
f 970 6252 6783
f 970 6783 4612
f 971 7202 973
f 972 2105 7202
f 972 2697 2105
f 972 5692 2697
f 972 7202 5692
f 973 2105 4130
f 973 4130 5634
f 973 7202 2105
f 974 1004 6870
f 974 2107 6360
f 974 5858 2107
f 974 6360 1004
f 974 6870 5858
f 975 976 7142
f 975 4725 5383
f 975 5383 976
f 975 5862 4725
f 975 7142 5862
f 976 5103 6545
f 976 5383 5103
f 976 6545 7142
f 977 978 5392
f 977 3908 978
f 977 7080 3908
f 978 1507 2171
f 978 2171 5392
f 978 3908 6180
f 978 6180 1507
f 979 2492 5976
f 979 5483 5091
f 979 5976 5483
f 980 5303 5620
f 980 5620 5735
f 980 5735 6132
f 980 6132 5303
f 981 982 6175
f 981 5609 6566
f 981 6175 5609
f 981 6566 982
f 982 6566 7120
f 983 984 4145
f 983 2406 2504
f 983 2504 4857
f 983 4145 2406
f 983 4857 984
f 984 2569 4540
f 984 4540 4145
f 984 4857 5302
f 984 5302 2569
f 985 3644 6263
f 985 4857 6221
f 985 5242 3644
f 985 5302 4857
f 985 6221 5242
f 985 6263 5302
f 986 987 994
f 986 994 4720
f 986 4720 6552
f 986 5768 987
f 987 988 994
f 988 3845 994
f 988 5406 5725
f 988 5725 3845
f 989 3845 5725
f 989 4467 3845
f 989 5725 5819
f 990 991 992
f 990 992 4866
f 990 4866 6810
f 990 5625 991
f 990 6810 5625
f 991 1346 992
f 991 3848 1346
f 991 4237 3848
f 991 5625 4237
f 992 1346 3970
f 992 3970 4866
f 993 1106 4863
f 993 2426 1106
f 993 3034 4237
f 993 4237 5251
f 993 4863 3034
f 993 5251 2426
f 994 3845 4467
f 994 4467 4720
f 995 2352 6230
f 995 3351 2352
f 995 4760 3351
f 995 6230 6871
f 995 6871 4760
f 996 5784 6266
f 996 5848 4537
f 996 6266 5848
f 997 3653 4411
f 997 4010 3653
f 997 4411 4935
f 997 4935 6108
f 997 6108 4010
f 998 4418 2184
f 999 2615 4216
f 999 4216 6114
f 999 5247 6706
f 999 6114 5247
f 999 6706 2615
f 1000 4781 5098
f 1000 5098 5755
f 1000 5755 4781
f 1001 4743 6119
f 1001 5593 4743
f 1001 5769 6088
f 1001 6088 5593
f 1001 6119 5769
f 1002 3118 6385
f 1002 3239 6903
f 1002 3902 3239
f 1002 6385 3902
f 1002 6903 3118
f 1003 1729 5843
f 1003 3863 2423
f 1003 3926 3863
f 1003 5843 3926
f 1004 6360 2505
f 1005 4158 4397
f 1005 4790 6876
f 1005 6876 4158
f 1006 4890 5530
f 1006 5530 4855
f 1007 5555 7092
f 1007 6337 5555
f 1007 7092 6337
f 1008 1431 6310
f 1008 3650 6889
f 1008 6310 6723
f 1008 6723 3650
f 1008 6889 1431
f 1009 1048 5651
f 1009 1851 1048
f 1009 6283 1851
f 1010 4219 5791
f 1010 4817 5621
f 1010 5621 4219
f 1010 5791 6196
f 1010 6196 4817
f 1011 1455 2898
f 1011 1784 1455
f 1011 1911 2201
f 1011 2201 1784
f 1011 2898 1911
f 1012 1684 4832
f 1012 3489 6289
f 1012 4832 3489
f 1012 6289 1684
f 1013 1116 5577
f 1013 2424 1116
f 1013 4278 2424
f 1013 5577 4278
f 1014 2460 3001
f 1014 3001 3469
f 1014 3388 2460
f 1014 3469 3388
f 1015 1053 5350
f 1015 3920 1053
f 1015 5322 3920
f 1016 3998 7203
f 1016 5326 6262
f 1016 6262 3998
f 1016 6680 5326
f 1016 7203 6680
f 1017 2549 2939
f 1017 2939 6814
f 1017 5606 6106
f 1017 6106 2549
f 1017 6814 5606
f 1018 1985 5741
f 1018 3666 6159
f 1018 5741 3666
f 1018 6159 1985
f 1019 1426 5779
f 1019 4373 1426
f 1019 5779 5867
f 1019 5867 4373
f 1020 1263 2870
f 1020 2446 1263
f 1020 2870 2963
f 1020 2963 2446
f 1021 1337 1703
f 1021 1703 2028
f 1021 2028 3803
f 1021 2268 1337
f 1021 3803 2268
f 1022 2071 2500
f 1022 2500 6849
f 1022 3494 2071
f 1022 4834 3494
f 1022 4944 4834
f 1022 6849 4944
f 1023 4317 6927
f 1023 4379 6229
f 1023 6229 7121
f 1023 6927 4379
f 1023 7121 4317
f 1024 2516 3180
f 1024 2741 2516
f 1024 3180 3403
f 1024 3403 2741
f 1025 1621 5744
f 1025 1942 5853
f 1025 3118 1942
f 1025 5744 3118
f 1025 5853 1621
f 1026 1302 2264
f 1026 1781 1302
f 1026 2204 1781
f 1026 2264 2593
f 1026 2593 3262
f 1026 3262 2204
f 1027 3977 6665
f 1027 6127 3977
f 1027 6260 6127
f 1027 6665 6260
f 1028 5648 6842
f 1028 5838 5648
f 1028 6246 5838
f 1028 6842 6246
f 1029 1909 2818
f 1029 2306 3371
f 1029 2818 2306
f 1029 2874 1909
f 1029 3371 2874
f 1030 1958 3052
f 1030 2982 1958
f 1030 3052 6564
f 1030 6564 2982
f 1031 4174 4933
f 1031 4278 4174
f 1031 4933 6587
f 1031 5543 6544
f 1031 6544 4278
f 1031 6587 5543
f 1032 2227 6702
f 1032 6702 7081
f 1032 7081 2227
f 1033 1160 4152
f 1033 4152 5721
f 1033 5343 1160
f 1034 3002 6576
f 1034 3537 3002
f 1034 6576 3537
f 1035 1492 4923
f 1035 3957 4887
f 1035 4208 1492
f 1035 4563 4208
f 1035 4887 4563
f 1035 4923 3957
f 1036 1360 3656
f 1036 1936 3918
f 1036 2617 1360
f 1036 3656 1936
f 1036 3918 2617
f 1037 2298 6148
f 1037 3986 4225
f 1037 4225 4908
f 1037 4908 2298
f 1037 5616 3986
f 1037 6148 5616
f 1038 1616 2597
f 1038 1738 3077
f 1038 2459 1616
f 1038 2597 1738
f 1038 3077 2459
f 1039 4250 4433
f 1039 4311 4250
f 1039 4433 6394
f 1039 4842 4311
f 1039 6394 4842
f 1040 2062 5215
f 1040 4888 5816
f 1040 5215 4888
f 1040 5816 2062
f 1041 3225 4471
f 1041 4320 4800
f 1041 4471 4320
f 1041 4800 6092
f 1041 6092 3225
f 1042 2170 4038
f 1042 4038 4722
f 1042 5699 2170
f 1043 2622 2953
f 1043 2953 4586
f 1043 4586 5197
f 1043 4934 2622
f 1043 5197 4934
f 1044 1301 1370
f 1044 1370 2922
f 1044 2922 1301
f 1045 1223 5357
f 1045 3130 5375
f 1045 3980 3130
f 1045 5357 3980
f 1045 5375 5380
f 1045 5380 1223
f 1046 2112 3366
f 1046 3366 6877
f 1046 5354 2112
f 1046 6877 5354
f 1047 4157 5809
f 1047 4328 5012
f 1047 5012 4157
f 1047 5809 4328
f 1048 1851 3343
f 1048 3240 5651
f 1048 3343 5008
f 1048 5008 6089
f 1048 6089 3240
f 1049 4513 4755
f 1049 4755 5229
f 1049 5229 3946
f 1050 3921 5240
f 1050 4162 5656
f 1050 5240 5789
f 1050 5656 3921
f 1050 5789 4162
f 1051 5669 5239
f 1052 2182 5178
f 1052 5178 6682
f 1052 6682 6754
f 1052 6754 2182
f 1053 3920 1491
f 1054 4287 4800
f 1054 4320 6614
f 1054 4800 4320
f 1054 6240 4287
f 1054 6614 6240
f 1055 1125 6267
f 1055 2176 7155
f 1055 6267 2176
f 1055 7155 4366
f 1056 2151 2814
f 1056 2729 3402
f 1056 2814 2729
f 1056 2904 2151
f 1056 3402 2904
f 1057 4478 7172
f 1057 7172 3035
f 1058 2863 4908
f 1058 3893 2863
f 1058 4748 3893
f 1059 3961 5123
f 1059 4255 5618
f 1059 4396 4255
f 1059 5123 6865
f 1059 5618 3961
f 1059 6865 4396
f 1060 1905 2077
f 1060 2049 1905
f 1060 2077 3707
f 1060 3707 2049
f 1061 1166 2637
f 1061 1782 2313
f 1061 2313 2881
f 1061 2637 1782
f 1061 2881 1166
f 1062 2031 3530
f 1062 2078 2031
f 1062 3264 2078
f 1062 3530 3672
f 1062 3672 3264
f 1063 1881 4592
f 1063 4592 5219
f 1063 5219 6118
f 1063 5386 1881
f 1063 6118 5386
f 1064 1750 6586
f 1064 4166 5278
f 1064 5278 1750
f 1064 6586 7112
f 1064 7112 4166
f 1065 2433 6343
f 1065 5395 6753
f 1065 6218 6886
f 1065 6343 5395
f 1065 6753 6218
f 1065 6886 2433
f 1066 1594 4391
f 1066 4156 5187
f 1066 4391 4156
f 1066 4723 1594
f 1066 5187 4723
f 1067 1393 3177
f 1067 1747 2466
f 1067 2466 2742
f 1067 2742 1393
f 1067 3177 1747
f 1068 1443 2518
f 1068 2518 6031
f 1068 3674 1443
f 1068 6031 3674
f 1069 1786 3384
f 1069 2334 2370
f 1069 2370 3714
f 1069 3384 2334
f 1069 3714 1786
f 1070 1344 6740
f 1070 6000 1344
f 1070 6740 7175
f 1070 7062 6000
f 1070 7175 7062
f 1071 5115 5874
f 1071 5663 6739
f 1071 5874 4316
f 1071 6739 5115
f 1072 2110 5571
f 1072 4238 5859
f 1072 5571 4238
f 1072 5859 2110
f 1073 2466 2842
f 1073 2742 2466
f 1073 2842 3517
f 1073 3517 2742
f 1074 2209 3613
f 1074 2441 2509
f 1074 2509 2820
f 1074 2820 2209
f 1074 3613 2441
f 1075 1714 4382
f 1075 4163 5773
f 1075 4382 4163
f 1075 5773 1714
f 1076 4272 6779
f 1077 1897 4500
f 1077 3873 1897
f 1077 4488 5659
f 1077 4500 5775
f 1077 4792 6181
f 1077 5659 4792
f 1077 6181 3873
f 1078 1691 3712
f 1078 2638 2737
f 1078 2660 1691
f 1078 2737 2660
f 1078 3712 2638
f 1079 2329 2440
f 1079 2440 2661
f 1079 2661 3409
f 1079 3172 2329
f 1079 3409 3172
f 1080 1361 4881
f 1080 4784 6626
f 1080 4881 5154
f 1080 5154 4784
f 1080 6182 1361
f 1080 6626 6182
f 1081 2220 2629
f 1081 2949 4562
f 1081 4562 5799
f 1081 5353 2220
f 1081 5799 5353
f 1082 1424 6742
f 1082 4201 1424
f 1082 4382 4201
f 1082 6742 4382
f 1083 1149 4709
f 1083 4546 1149
f 1083 4709 4425
f 1084 3869 4774
f 1084 4621 3869
f 1084 4774 6672
f 1084 5112 4621
f 1084 6672 2553
f 1085 4451 6363
f 1085 5226 4451
f 1085 6363 5226
f 1086 1365 5084
f 1086 2507 6899
f 1086 5084 5880
f 1086 5880 2507
f 1086 6899 1365
f 1087 2319 2597
f 1087 2597 2924
f 1087 2711 2319
f 1087 2924 2711
f 1088 1909 2444
f 1088 1919 2818
f 1088 2444 2757
f 1088 2757 1919
f 1088 2818 1909
f 1089 2148 7145
f 1089 3819 6031
f 1089 6031 2148
f 1089 7145 3819
f 1090 2000 2991
f 1090 2469 2881
f 1090 2881 2000
f 1090 2991 3147
f 1090 3147 2469
f 1091 1400 3408
f 1091 2046 2868
f 1091 2868 1400
f 1091 3408 2046
f 1092 3349 6193
f 1092 4837 5278
f 1092 5278 3349
f 1092 6193 6835
f 1092 6835 4837
f 1093 2939 5204
f 1093 3483 2939
f 1093 4407 5778
f 1093 5204 2024
f 1093 5778 3483
f 1094 1721 3486
f 1094 2054 6213
f 1094 3486 5624
f 1094 4949 1721
f 1094 5624 4575
f 1094 6213 4949
f 1095 1225 4179
f 1095 4051 5305
f 1095 4179 4051
f 1095 5806 1225
f 1096 1913 2457
f 1096 2457 2524
f 1096 2524 2996
f 1096 2996 3256
f 1096 3256 1913
f 1097 1248 2390
f 1097 2343 1248
f 1097 2390 2343
f 1098 2428 5671
f 1098 2493 5747
f 1098 5671 6714
f 1098 5747 2428
f 1098 6714 2493
f 1099 3225 6637
f 1099 4035 3225
f 1099 4284 6813
f 1099 6637 4284
f 1099 6813 4035
f 1100 4150 5713
f 1100 5713 6633
f 1100 6091 6772
f 1100 6633 6091
f 1100 6772 4150
f 1101 2397 2461
f 1101 2461 7105
f 1101 2517 2397
f 1101 6046 2517
f 1101 7105 6046
f 1102 1717 7062
f 1102 4109 4927
f 1102 4927 1717
f 1102 6725 4109
f 1102 7062 6725
f 1103 1176 1974
f 1103 1974 2285
f 1103 2285 6786
f 1103 4116 1176
f 1103 4736 4116
f 1103 6786 4736
f 1104 2432 4714
f 1104 4442 6649
f 1104 6649 2432
f 1104 6694 4442
f 1105 4017 4096
f 1105 4096 5796
f 1105 4403 5003
f 1105 5003 4017
f 1105 5796 4403
f 1106 2426 3503
f 1106 2860 6005
f 1106 3503 2860
f 1106 6005 4863
f 1107 1321 6371
f 1107 1360 1664
f 1107 1664 5648
f 1107 3656 1360
f 1107 6371 3656
f 1108 1373 3629
f 1108 1512 1373
f 1108 2793 1512
f 1108 3629 2793
f 1109 2858 4762
f 1109 4113 6508
f 1109 4762 4113
f 1109 6508 2858
f 1110 1631 4868
f 1110 4187 5723
f 1110 4868 5363
f 1110 5363 6887
f 1110 5723 1631
f 1110 5877 4187
f 1110 6887 5877
f 1111 2111 3941
f 1111 3941 6238
f 1111 5572 6898
f 1111 6238 5572
f 1111 6898 2111
f 1112 4955 5860
f 1112 5860 4879
f 1113 1792 4181
f 1113 4181 6234
f 1113 5009 1792
f 1113 6234 5009
f 1114 3135 5709
f 1114 4256 5284
f 1114 4498 4256
f 1114 5284 3135
f 1114 5709 4498
f 1115 2857 3669
f 1115 3669 6616
f 1115 4194 5600
f 1115 5600 2857
f 1115 6616 4194
f 1116 2424 5581
f 1116 5581 5577
f 1117 1279 2744
f 1117 1901 2997
f 1117 2721 1279
f 1117 2744 2962
f 1117 2962 1901
f 1117 2997 2721
f 1118 1309 4539
f 1118 4539 5214
f 1118 5214 5661
f 1119 2191 3258
f 1119 2803 2191
f 1119 2816 2803
f 1119 3258 2816
f 1120 1700 3705
f 1120 2034 1700
f 1120 3281 2034
f 1120 3705 6066
f 1120 6066 3281
f 1121 2261 2326
f 1121 2326 2815
f 1121 2815 6500
f 1121 6500 2261
f 1122 1625 4922
f 1122 2025 4167
f 1122 4167 4989
f 1122 4922 2025
f 1122 4989 5408
f 1122 5408 1625
f 1123 1719 4701
f 1123 4701 5503
f 1123 5503 4807
f 1124 1346 3127
f 1124 1661 6865
f 1124 3127 5760
f 1124 5760 1661
f 1124 6865 1346
f 1125 6508 6267
f 1126 5323 4909
f 1127 2055 4756
f 1127 4756 6885
f 1127 4853 4264
f 1127 6885 4853
f 1128 1823 3326
f 1128 3085 1823
f 1128 3326 3681
f 1128 3681 3085
f 1129 1414 4084
f 1129 2358 4601
f 1129 4084 5740
f 1129 4435 1414
f 1129 4601 4435
f 1129 5740 2358
f 1130 3508 6667
f 1130 4119 3508
f 1130 6667 5198
f 1131 1572 3911
f 1131 3911 6913
f 1131 4506 1572
f 1131 5866 4506
f 1131 6913 5866
f 1132 3490 4171
f 1132 4171 6395
f 1132 5813 3490
f 1132 6395 5813
f 1133 4671 6506
f 1133 6506 6703
f 1133 6703 4671
f 1134 1219 7118
f 1134 1994 3698
f 1134 2454 1219
f 1134 3698 2454
f 1134 7118 1994
f 1135 1785 1858
f 1135 1858 3687
f 1135 2601 1785
f 1135 2643 2601
f 1135 3171 2643
f 1135 3687 3171
f 1136 1279 2721
f 1136 2036 1279
f 1136 2721 3263
f 1136 2811 2036
f 1136 3148 2811
f 1136 3263 3148
f 1137 1750 5610
f 1137 4929 6315
f 1137 5610 4929
f 1137 6315 6570
f 1137 6570 7147
f 1137 7147 1750
f 1138 1725 4875
f 1138 4591 1725
f 1138 4875 6832
f 1138 6832 4591
f 1139 6773 2705
f 1140 3139 4302
f 1140 4302 5253
f 1140 5864 3139
f 1141 3649 6352
f 1141 4819 3649
f 1141 5831 4052
f 1141 6352 5831
f 1142 1257 4897
f 1142 2233 2940
f 1142 2940 3348
f 1142 3348 4230
f 1142 4230 4407
f 1142 4407 1257
f 1142 4897 2233
f 1143 1765 6855
f 1143 5875 6052
f 1143 6052 1765
f 1143 6855 5875
f 1144 1146 2535
f 1144 1789 3084
f 1144 2535 1789
f 1144 3084 1146
f 1145 1478 1814
f 1145 1814 3512
f 1145 3107 1478
f 1145 3512 3621
f 1145 3621 3107
f 1146 2385 2535
f 1146 3084 3800
f 1146 3800 2385
f 1147 1825 3690
f 1147 2712 2959
f 1147 2959 1825
f 1147 3690 2712
f 1148 2434 4782
f 1148 4782 5122
f 1148 5122 6275
f 1149 1602 6673
f 1149 4546 1602
f 1149 6673 4709
f 1150 2417 4173
f 1150 4173 5301
f 1150 4329 2417
f 1150 5301 1209
f 1151 1654 6063
f 1151 1977 2408
f 1151 2408 1654
f 1151 4111 1977
f 1151 6063 4111
f 1152 4240 6262
f 1152 5160 4240
f 1152 6262 6684
f 1153 5626 7173
f 1153 6286 5626
f 1154 3349 4166
f 1154 3354 6193
f 1154 4166 7112
f 1154 4986 3354
f 1154 6193 3349
f 1154 7112 4986
f 1155 3662 6310
f 1155 4922 3662
f 1155 6310 4922
f 1156 1234 2080
f 1156 1294 1234
f 1156 2080 2244
f 1156 2244 2865
f 1156 2865 3511
f 1156 3511 1294
f 1157 1912 3144
f 1157 2656 3544
f 1157 3144 3370
f 1157 3370 2656
f 1157 3544 1912
f 1158 2206 3279
f 1158 2530 2206
f 1158 3276 2530
f 1158 3279 3276
f 1159 2118 6138
f 1159 5179 2118
f 1159 6138 2688
f 1160 4568 6348
f 1160 5343 4568
f 1160 6348 4152
f 1161 2619 3916
f 1161 2680 5359
f 1161 3916 2680
f 1161 4189 2619
f 1161 5359 4189
f 1162 3907 4429
f 1162 4429 7092
f 1162 5052 5759
f 1162 5218 3907
f 1162 5759 5218
f 1162 7092 5052
f 1163 3994 4501
f 1163 4501 5793
f 1163 5793 6087
f 1164 3830 7139
f 1164 4217 3830
f 1164 7139 5105
f 1165 4408 4544
f 1165 4544 5677
f 1165 5496 4408
f 1165 5677 5496
f 1166 2144 2637
f 1166 2469 2144
f 1166 2881 2469
f 1167 2030 2077
f 1167 2077 2146
f 1167 2146 2723
f 1167 2723 2030
f 1168 1676 3150
f 1168 2155 2205
f 1168 2205 3376
f 1168 3150 2155
f 1168 3376 3535
f 1168 3535 1676
f 1169 1906 5974
f 1169 2369 1906
f 1169 3675 2369
f 1169 5974 3675
f 1170 2195 3691
f 1170 2531 3387
f 1170 2652 2195
f 1170 3387 2652
f 1170 3691 2531
f 1171 1689 2525
f 1171 2525 2706
f 1171 2635 1689
f 1171 2706 2635
f 1172 1182 6153
f 1172 1197 4203
f 1172 4203 1182
f 1172 6153 6643
f 1172 6643 1197
f 1173 2062 5311
f 1173 4842 5215
f 1173 5215 2062
f 1173 5311 4842
f 1174 1289 4439
f 1174 1752 5384
f 1174 2691 1752
f 1174 5384 1289
f 1175 1285 5724
f 1175 2428 5521
f 1175 4848 1285
f 1175 5521 4848
f 1175 5724 2428
f 1176 3493 1974
f 1176 4116 5124
f 1176 5124 3493
f 1177 1266 2533
f 1177 1949 2331
f 1177 2315 1266
f 1177 2331 2315
f 1177 2533 1949
f 1178 1357 1862
f 1178 1862 3259
f 1178 2099 1357
f 1178 2303 2099
f 1178 3259 2303
f 1179 2666 2924
f 1179 2924 3278
f 1179 3278 2666
f 1180 1580 1612
f 1180 1612 3167
f 1180 2211 3700
f 1180 3167 2211
f 1180 3517 1580
f 1180 3700 3517
f 1181 1741 5562
f 1181 2035 2529
f 1181 2529 1741
f 1181 5562 2035
f 1182 1544 4785
f 1182 4203 1544
f 1182 4785 6153
f 1183 4061 5100
f 1183 5100 7083
f 1183 5683 4061
f 1184 2067 5581
f 1184 2424 4110
f 1184 4110 5202
f 1184 4530 2067
f 1184 5202 4530
f 1184 5581 2424
f 1185 2631 6717
f 1185 4906 2631
f 1185 5686 4906
f 1185 6208 6633
f 1185 6633 5686
f 1185 6717 6208
f 1186 1380 2172
f 1186 1978 5364
f 1186 2172 1978
f 1186 2632 6820
f 1186 5364 2632
f 1186 6820 1380
f 1187 1793 5293
f 1187 1831 1793
f 1187 4037 6299
f 1187 4108 4037
f 1187 4585 4108
f 1187 5293 4585
f 1187 6299 1831
f 1188 1656 6177
f 1188 3498 4788
f 1188 4788 1656
f 1188 6177 3498
f 1189 1328 5133
f 1189 2174 4082
f 1189 4082 1328
f 1189 5133 6311
f 1189 6311 2174
f 1190 2063 7055
f 1190 3640 2063
f 1190 4783 3640
f 1190 7055 7120
f 1190 7120 4783
f 1192 1556 3377
f 1192 3060 3378
f 1192 3377 3060
f 1192 3378 1556
f 1193 2656 2903
f 1193 2903 3059
f 1193 3059 3544
f 1193 3544 2656
f 1194 1526 2825
f 1194 1809 1526
f 1194 2199 1809
f 1194 2749 2199
f 1194 2825 2749
f 1195 2165 3342
f 1195 3342 5488
f 1195 3829 2165
f 1195 5488 6624
f 1195 6624 3829
f 1196 1800 7090
f 1196 5262 1800
f 1197 2116 4525
f 1197 4525 5292
f 1197 5292 4203
f 1197 6643 2116
f 1198 2614 4466
f 1198 4466 6747
f 1198 4726 2614
f 1198 6328 4726
f 1198 6747 6328
f 1199 2064 5347
f 1199 4639 2064
f 1199 5320 4639
f 1199 5347 6688
f 1199 6688 5320
f 1200 1796 6561
f 1200 4555 1796
f 1200 5818 4555
f 1200 6561 5818
f 1201 2644 2798
f 1201 2709 2991
f 1201 2798 2709
f 1201 2873 2644
f 1201 2991 2873
f 1202 1523 2655
f 1202 2078 1523
f 1202 2655 3691
f 1202 3691 2078
f 1203 1338 1825
f 1203 1825 2959
f 1203 2959 3277
f 1203 2993 1338
f 1203 3277 2993
f 1204 1666 2191
f 1204 1675 1775
f 1204 1775 2987
f 1204 2191 1675
f 1204 2987 1666
f 1205 2099 2269
f 1205 2269 3392
f 1205 2457 2099
f 1205 2524 2457
f 1205 3392 2524
f 1206 2297 6769
f 1206 4132 4600
f 1206 4600 2297
f 1206 6769 4132
f 1207 4025 6650
f 1207 4517 4025
f 1207 5978 4517
f 1207 6650 5978
f 1208 5668 4907
f 1209 4503 1546
f 1209 5301 6351
f 1209 6351 4503
f 1210 4325 6828
f 1210 4634 4325
f 1210 6328 4634
f 1210 6828 6328
f 1211 1238 4085
f 1211 1663 1238
f 1211 4085 4887
f 1211 4887 5601
f 1211 5601 1663
f 1212 4023 5680
f 1212 6249 4023
f 1213 1367 2775
f 1213 2775 6802
f 1213 3929 1367
f 1213 6802 3929
f 1214 2109 5205
f 1214 2610 3122
f 1214 3122 2109
f 1214 4184 2610
f 1214 5205 4184
f 1215 4882 5004
f 1215 5004 3934
f 1215 5762 4882
f 1216 1362 3357
f 1216 1892 3981
f 1216 3357 4437
f 1216 3981 1362
f 1216 4161 1892
f 1216 4437 5850
f 1216 5850 4161
f 1217 2292 4806
f 1217 4314 2292
f 1217 4806 6687
f 1217 5130 4314
f 1217 6687 5130
f 1218 2301 2578
f 1218 2578 5101
f 1218 5101 7078
f 1218 6559 2301
f 1218 7078 6559
f 1219 2454 2473
f 1219 2473 7118
f 1220 1511 2376
f 1220 1553 3146
f 1220 2261 6500
f 1220 2376 2440
f 1220 2440 1553
f 1220 3146 2261
f 1220 6500 1511
f 1221 1392 2186
f 1221 1402 2140
f 1221 1530 1392
f 1221 2140 2808
f 1221 2186 1402
f 1221 2808 1530
f 1222 1310 4415
f 1222 2550 4357
f 1222 2856 1310
f 1222 3132 2550
f 1222 4357 2856
f 1222 4415 3132
f 1223 3350 3859
f 1223 3859 5357
f 1223 5380 3350
f 1224 2293 5273
f 1224 5091 7061
f 1224 5273 6906
f 1224 7061 2293
f 1225 5806 6573
f 1225 6573 6830
f 1225 6830 4179
f 1226 4291 4377
f 1226 4377 6260
f 1226 4664 4291
f 1226 6260 4664
f 1227 1405 5813
f 1227 4859 1405
f 1228 3976 4006
f 1228 4006 6705
f 1228 4768 3976
f 1228 4779 4768
f 1228 6705 4779
f 1229 1286 6698
f 1229 2352 3956
f 1229 3956 1286
f 1229 6230 2352
f 1229 6698 6230
f 1230 3350 5380
f 1230 5076 6081
f 1230 5380 5076
f 1230 6081 3350
f 1231 1285 4816
f 1231 1429 4611
f 1231 4611 4717
f 1231 4717 1285
f 1231 4816 1429
f 1232 3101 3794
f 1232 3208 3101
f 1232 3794 3208
f 1233 1740 3324
f 1233 3324 3797
f 1233 3797 1740
f 1234 1294 1339
f 1234 1339 2388
f 1234 2388 2080
f 1235 1394 2203
f 1235 1868 2151
f 1235 2151 2904
f 1235 2203 1868
f 1235 2904 1394
f 1236 1588 2983
f 1236 2259 2825
f 1236 2800 2891
f 1236 2825 1588
f 1236 2891 2259
f 1236 2983 2800
f 1237 2781 6250
f 1237 4443 6291
f 1237 6250 4443
f 1237 6291 1343
f 1238 1446 4456
f 1238 1663 7056
f 1238 4456 4085
f 1238 7056 1446
f 1239 2412 6308
f 1239 3025 2412
f 1239 4213 3025
f 1239 4413 4213
f 1239 6308 4413
f 1240 5268 6842
f 1240 5648 6904
f 1240 6842 5648
f 1240 6904 5268
f 1241 5192 5210
f 1241 5210 7066
f 1241 5718 6644
f 1241 6644 5192
f 1241 7066 5718
f 1242 2229 3133
f 1242 3133 3247
f 1242 5844 2229
f 1242 6884 5844
f 1243 1801 5827
f 1243 5407 1801
f 1244 1598 6140
f 1244 1761 1598
f 1244 3652 1761
f 1244 6140 6163
f 1244 6163 6618
f 1244 6618 3652
f 1245 1611 3173
f 1245 2377 3406
f 1245 2648 2377
f 1245 3173 2648
f 1245 3406 1611
f 1246 1585 2879
f 1246 1958 2982
f 1246 2796 1585
f 1246 2879 1958
f 1246 2982 3695
f 1246 3695 2796
f 1247 2924 3702
f 1247 3702 6038
f 1247 6038 2924
f 1248 2343 2797
f 1248 2645 2390
f 1248 2797 2645
f 1249 1435 3516
f 1249 2197 2879
f 1249 2879 1435
f 1249 2975 2197
f 1249 3516 2975
f 1250 4425 4709
f 1250 4709 4211
f 1251 4906 5686
f 1251 5686 6861
f 1251 6861 5605
f 1252 2623 4426
f 1252 3919 6789
f 1252 4426 3919
f 1252 4561 6103
f 1252 6103 2623
f 1252 6789 4561
f 1253 2430 4889
f 1253 4889 6256
f 1253 5216 2430
f 1253 6256 7174
f 1253 7174 5216
f 1254 1685 4487
f 1254 3871 1685
f 1254 4487 2012
f 1254 5633 3871
f 1255 4387 6375
f 1255 4683 4387
f 1255 5548 4683
f 1255 6375 7088
f 1255 7088 5548
f 1256 1710 4018
f 1256 4018 5006
f 1256 4220 1710
f 1256 5006 5805
f 1256 5805 4220
f 1257 1473 1931
f 1257 1931 4897
f 1258 4191 5830
f 1258 4351 6013
f 1258 5830 6817
f 1258 6013 4191
f 1258 6817 4351
f 1259 1926 6770
f 1259 2405 3958
f 1259 3958 7052
f 1259 6770 2405
f 1259 7052 1926
f 1260 1579 2824
f 1260 2102 2150
f 1260 2142 1579
f 1260 2150 3714
f 1260 2370 2142
f 1260 2824 2102
f 1260 3714 2370
f 1261 2044 3280
f 1261 2342 2726
f 1261 2726 2044
f 1261 2878 2964
f 1261 2964 2342
f 1261 3280 2878
f 1262 2642 2873
f 1262 2873 2991
f 1262 2991 3547
f 1262 3547 2642
f 1263 2446 2668
f 1263 2668 3383
f 1263 3383 3712
f 1263 3712 2870
f 1264 2140 2924
f 1264 2452 2808
f 1264 2808 2140
f 1264 2924 2452
f 1265 1485 1555
f 1265 1555 3670
f 1265 2475 1485
f 1265 3670 2475
f 1266 1341 2394
f 1266 2315 1341
f 1266 2394 2533
f 1267 1753 2566
f 1267 2566 6253
f 1267 3853 1753
f 1267 6253 3853
f 1268 2687 3985
f 1268 3985 4084
f 1268 4084 6846
f 1268 6846 2687
f 1269 5186 6071
f 1269 5575 5186
f 1269 5975 5575
f 1269 6071 5975
f 1270 2223 6640
f 1270 4849 6780
f 1270 5711 4849
f 1270 6780 2223
f 1271 1543 2699
f 1271 1728 4028
f 1271 2699 1728
f 1271 3497 1543
f 1271 4028 3497
f 1272 3959 5682
f 1272 4051 6158
f 1272 4836 5305
f 1272 5305 4051
f 1272 5682 4836
f 1272 6158 3959
f 1273 4306 6753
f 1273 5395 5657
f 1273 5657 6763
f 1273 6753 5395
f 1274 1310 2856
f 1274 2853 1310
f 1274 2856 4065
f 1274 4065 6001
f 1274 6001 6686
f 1274 6686 2853
f 1275 3668 7071
f 1275 4531 3668
f 1275 7071 6503
f 1276 2705 5159
f 1276 5159 6208
f 1276 6208 6717
f 1276 6717 2705
f 1277 2771 5801
f 1277 5274 2771
f 1277 6204 6629
f 1277 6629 5274
f 1278 1580 3068
f 1278 2580 2999
f 1278 2999 1580
f 1278 3068 2580
f 1279 2036 2808
f 1279 2808 2744
f 1280 1744 2585
f 1280 1998 2720
f 1280 2585 1998
f 1280 2601 1744
f 1280 2720 3274
f 1280 3274 2601
f 1281 1416 2595
f 1281 2245 2710
f 1281 2367 1416
f 1281 2595 2245
f 1281 2710 3694
f 1281 3694 2367
f 1282 4480 5590
f 1282 5193 6379
f 1282 5590 5193
f 1282 6379 4480
f 1283 2494 2759
f 1283 2759 6218
f 1283 6218 2494
f 1284 1383 6309
f 1284 3642 4024
f 1284 4024 4541
f 1284 4541 1383
f 1284 6309 3642
f 1285 4717 5724
f 1285 4848 4816
f 1286 3956 4128
f 1286 4128 4372
f 1286 4197 6698
f 1286 4372 4197
f 1287 2700 5769
f 1287 4553 2700
f 1287 5769 7040
f 1287 7040 4553
f 1288 4122 5646
f 1288 5282 6712
f 1288 5646 5282
f 1288 6169 4122
f 1288 6712 6169
f 1289 2546 4439
f 1289 5384 6764
f 1289 6764 2546
f 1290 6137 1564
f 1290 6509 6137
f 1291 1601 5125
f 1291 3834 1601
f 1291 4438 3834
f 1291 4822 6683
f 1291 5125 5698
f 1291 5698 4822
f 1291 6683 4438
f 1292 4261 5265
f 1292 4728 6930
f 1292 5265 6638
f 1292 6638 4728
f 1293 6286 3502
f 1293 6674 6286
f 1294 3375 3512
f 1294 3511 3375
f 1294 3512 1339
f 1295 1372 7065
f 1295 1527 2193
f 1295 1706 3629
f 1295 2193 1706
f 1295 3629 1372
f 1295 7065 1527
f 1296 1549 3694
f 1296 2371 2969
f 1296 2710 2371
f 1296 2969 1549
f 1296 3694 2710
f 1297 2033 2570
f 1297 2148 3396
f 1297 2570 7145
f 1297 3396 2033
f 1297 7145 2148
f 1298 2301 2635
f 1298 2319 2711
f 1298 2578 2301
f 1298 2635 2706
f 1298 2706 2319
f 1298 2711 2578
f 1299 2381 6985
f 1299 3393 6435
f 1299 6435 2381
f 1299 6985 3393
f 1300 2133 3257
f 1300 2658 7049
f 1300 3257 2658
f 1300 7049 2133
f 1301 1952 2986
f 1301 2750 1952
f 1301 2922 2750
f 1301 2986 1370
f 1302 1781 3687
f 1302 1858 2967
f 1302 2967 2264
f 1302 3687 1858
f 1303 4146 6123
f 1303 5776 6093
f 1303 6093 6632
f 1303 6123 5776
f 1303 6632 7169
f 1303 7169 4146
f 1304 4151 5753
f 1304 5609 4151
f 1304 5753 4380
f 1305 4405 5155
f 1305 5155 4597
f 1305 5849 4405
f 1306 1888 2225
f 1306 2225 6170
f 1306 3021 1888
f 1306 4729 3021
f 1306 6170 4729
f 1307 1367 4097
f 1307 2221 4483
f 1307 3955 2221
f 1307 4483 1367
f 1308 1801 5407
f 1308 4133 3937
f 1308 4462 6916
f 1308 5407 4133
f 1308 6916 1801
f 1309 5212 5647
f 1309 5647 4539
f 1309 6259 5212
f 1310 2853 5626
f 1310 5626 4415
f 1311 1362 3663
f 1311 2027 5257
f 1311 3663 4170
f 1311 4170 2027
f 1311 5257 1362
f 1312 1525 3523
f 1312 2386 7103
f 1312 3106 1525
f 1312 3523 2386
f 1312 7103 3106
f 1313 1442 1770
f 1313 1770 2332
f 1313 2001 2795
f 1313 2332 2659
f 1313 2590 1442
f 1313 2659 2001
f 1313 2795 2590
f 1314 4359 6006
f 1314 5054 4359
f 1314 6006 6116
f 1314 6116 5054
f 1315 5541 6131
f 1315 6131 6707
f 1315 6707 7125
f 1315 7125 5541
f 1316 2941 3648
f 1316 3648 6064
f 1316 4358 7175
f 1316 6064 4358
f 1316 7175 2941
f 1317 2769 6157
f 1317 4977 2769
f 1317 6157 2852
f 1318 4255 4292
f 1318 5183 4255
f 1318 6144 5183
f 1319 2619 4808
f 1319 3916 2619
f 1319 4464 4938
f 1319 4808 4464
f 1319 4938 3916
f 1320 6254 7143
f 1320 6599 6837
f 1320 6837 6254
f 1320 7143 6599
f 1321 1940 6864
f 1321 6382 6371
f 1321 6864 6382
f 1322 1649 3363
f 1322 3363 5256
f 1322 5256 6141
f 1323 3468 7079
f 1323 3618 3468
f 1323 6564 3618
f 1323 7079 6564
f 1324 1398 2736
f 1324 1859 2788
f 1324 2736 1859
f 1324 2788 3161
f 1324 3161 1398
f 1325 1462 3532
f 1325 1581 1773
f 1325 1773 2799
f 1325 2799 1462
f 1325 2968 1581
f 1325 3532 2968
f 1326 2008 6766
f 1326 4148 4045
f 1326 6161 4148
f 1326 6766 6161
f 1328 4082 6373
f 1328 4307 4726
f 1328 4726 5133
f 1328 6373 4307
f 1329 4100 6756
f 1329 6670 4100
f 1329 6715 6670
f 1329 6756 6715
f 1330 2282 7072
f 1330 3358 2282
f 1330 5976 3358
f 1330 6558 5976
f 1330 7072 6558
f 1331 3910 7200
f 1331 4031 5283
f 1331 4188 3910
f 1331 4410 4188
f 1331 4730 4410
f 1331 5283 4730
f 1331 7200 4031
f 1332 4300 5802
f 1332 6727 4300
f 1333 1713 4264
f 1333 4121 1713
f 1333 4264 4853
f 1333 4853 4121
f 1334 2167 3971
f 1334 3851 5836
f 1334 5403 3851
f 1334 5836 2167
f 1335 1595 6721
f 1335 5005 6745
f 1335 6721 4440
f 1335 6745 1595
f 1336 1954 2451
f 1336 2034 3281
f 1336 2451 3406
f 1336 3281 1954
f 1336 3406 2034
f 1337 2244 1703
f 1337 2268 2536
f 1337 2536 3047
f 1337 3047 2244
f 1338 2993 3170
f 1338 3170 3706
f 1338 3706 1825
f 1339 1814 2388
f 1339 3512 1814
f 1340 1461 3151
f 1340 1999 2392
f 1340 2392 3288
f 1340 3151 1999
f 1340 3288 1461
f 1341 2144 2990
f 1341 2315 2637
f 1341 2637 2144
f 1341 2990 2394
f 1342 2013 3355
f 1342 2862 2013
f 1342 3355 6186
f 1342 4299 2862
f 1342 5758 4299
f 1343 6291 6719
f 1344 4186 6083
f 1344 6000 4186
f 1344 6083 6740
f 1345 3501 4243
f 1345 4243 6097
f 1345 6097 6642
f 1345 6642 3501
f 1346 3848 3127
f 1346 4775 3970
f 1346 6865 4775
f 1347 1605 4718
f 1347 2180 4936
f 1347 3043 1605
f 1347 4499 2180
f 1347 4718 4499
f 1347 4936 3043
f 1348 1896 4889
f 1348 3954 1896
f 1348 4579 3954
f 1348 4889 5218
f 1348 5218 4579
f 1350 2291 3116
f 1350 3116 4040
f 1350 4040 4162
f 1350 4162 5789
f 1350 5789 2291
f 1351 1488 2719
f 1351 2527 1947
f 1351 2719 2527
f 1352 1671 3692
f 1352 2050 1671
f 1352 3620 2050
f 1352 3692 3620
f 1353 2589 3210
f 1353 3146 2589
f 1353 3210 7085
f 1353 7085 3146
f 1354 1581 2968
f 1354 2867 5109
f 1354 2968 2867
f 1354 5109 1581
f 1355 2093 2242
f 1355 2242 3081
f 1355 2572 2592
f 1355 2592 2093
f 1355 3081 2572
f 1356 2085 3796
f 1356 2343 2390
f 1356 2390 2645
f 1356 2645 2085
f 1356 3218 2343
f 1356 3796 3218
f 1357 1913 2399
f 1357 2099 2457
f 1357 2399 1862
f 1357 2457 1913
f 1358 2239 3932
f 1358 3932 6341
f 1358 4263 6859
f 1358 4616 4263
f 1358 6341 4616
f 1358 6859 2239
f 1359 3031 3922
f 1359 5754 6848
f 1359 6848 3031
f 1360 2617 6904
f 1360 6904 1664
f 1361 3997 4881
f 1361 6182 6695
f 1361 6695 3997
f 1362 2413 3357
f 1362 3981 3663
f 1362 5257 2413
f 1363 1632 4053
f 1363 2778 5595
f 1363 4053 2778
f 1363 5595 6302
f 1363 6302 6797
f 1363 6797 1632
f 1364 1791 6214
f 1364 4825 6728
f 1364 5259 1791
f 1364 6214 6685
f 1364 6685 4825
f 1364 6728 5259
f 1365 4348 6516
f 1365 5755 4348
f 1365 6516 5084
f 1365 6899 5755
f 1366 3641 4398
f 1366 3828 6135
f 1366 4398 3828
f 1366 5280 3641
f 1366 6135 5280
f 1367 2064 2775
f 1367 3929 4097
f 1367 4483 2064
f 1368 1695 3381
f 1368 1870 2979
f 1368 2188 1870
f 1368 2743 1695
f 1368 2979 2743
f 1368 3381 2188
f 1369 2580 2842
f 1369 2842 3072
f 1369 3072 2580
f 1370 1779 2922
f 1370 2986 1779
f 1371 1639 2995
f 1371 1748 1908
f 1371 1908 2875
f 1371 1956 1639
f 1371 2875 1956
f 1371 2995 1748
f 1372 3629 5994
f 1372 5994 7065
f 1373 1422 3629
f 1373 1512 1900
f 1373 1900 3056
f 1373 3056 1422
f 1374 1748 2158
f 1374 1908 1748
f 1374 1953 3534
f 1374 2158 1953
f 1374 3534 1908
f 1375 2746 3059
f 1375 2903 3616
f 1375 3059 2903
f 1375 3616 2746
f 1376 1739 2324
f 1376 1822 2392
f 1376 1992 2596
f 1376 2324 1822
f 1376 2392 1992
f 1376 2596 1739
f 1377 2104 6993
f 1377 5553 2104
f 1377 6993 5553
f 1378 1632 4392
f 1378 4392 4837
f 1378 4532 6206
f 1378 4837 4532
f 1378 6206 1632
f 1379 2060 5687
f 1379 4454 5274
f 1379 4497 4454
f 1379 5274 2060
f 1379 5687 4497
f 1380 3963 4814
f 1380 4081 3963
f 1380 4814 2172
f 1380 6820 4081
f 1381 2690 6530
f 1381 4797 2690
f 1381 6530 4797
f 1382 4991 5708
f 1382 5531 4991
f 1382 5708 6056
f 1382 6056 5531
f 1383 4136 4920
f 1383 4541 4136
f 1383 4920 5195
f 1383 5195 6309
f 1384 1757 5403
f 1384 2238 1757
f 1385 2958 5002
f 1385 5002 5749
f 1385 5344 2958
f 1385 5749 5344
f 1386 3030 6844
f 1386 4781 5258
f 1386 5058 4781
f 1386 5258 3030
f 1386 6496 5058
f 1386 6844 6496
f 1387 4728 5804
f 1387 5804 6394
f 1387 5869 6930
f 1387 6394 5869
f 1387 6930 4728
f 1388 2613 4963
f 1388 3507 2613
f 1388 6711 6720
f 1388 6720 3507
f 1389 2944 3894
f 1389 3894 6626
f 1389 4381 2944
f 1389 4946 4995
f 1389 4995 4381
f 1389 6626 4946
f 1390 1520 6158
f 1390 4051 6349
f 1390 4526 1520
f 1390 5811 4526
f 1390 6158 4051
f 1390 6349 5811
f 1391 2003 2731
f 1391 2317 3793
f 1391 2731 2317
f 1391 3386 2003
f 1391 3793 3386
f 1392 1530 2036
f 1392 1693 2189
f 1392 2036 2811
f 1392 2189 2186
f 1392 2811 1693
f 1393 2523 2571
f 1393 2571 6041
f 1393 2742 2523
f 1393 6041 3177
f 1394 2904 3182
f 1394 3073 3252
f 1394 3182 3073
f 1394 3252 2203
f 1395 2245 2595
f 1395 2252 3378
f 1395 2453 3153
f 1395 2595 2252
f 1395 3153 2245
f 1395 3378 2453
f 1396 2264 2967
f 1396 2794 2264
f 1396 2871 3511
f 1396 2967 2871
f 1396 3511 2794
f 1397 2045 2384
f 1397 2197 2045
f 1397 2384 3618
f 1397 3052 2197
f 1397 3618 3052
f 1398 1964 2736
f 1398 3161 7051
f 1398 7051 1964
f 1399 1488 1524
f 1399 1524 2458
f 1399 2128 2719
f 1399 2458 3000
f 1399 2719 1488
f 1399 3000 3412
f 1399 3412 2128
f 1400 2101 3167
f 1400 2382 3408
f 1400 2868 2101
f 1400 3167 2382
f 1401 2253 3251
f 1401 2303 2253
f 1401 2805 2303
f 1401 3251 3538
f 1401 3538 2805
f 1402 2186 2325
f 1402 2325 6501
f 1402 6501 2140
f 1403 2118 1893
f 1403 6138 2118
f 1404 1591 6392
f 1404 5877 1591
f 1404 6908 5877
f 1405 3133 3490
f 1405 3247 3133
f 1405 3490 5813
f 1405 4859 3247
f 1406 4020 5382
f 1406 5254 4020
f 1406 5382 7192
f 1406 6729 5254
f 1406 7192 6729
f 1407 1853 4002
f 1407 2851 4787
f 1407 4002 2851
f 1407 4787 5774
f 1407 5774 1853
f 1408 4489 5332
f 1408 4809 6102
f 1408 5332 4809
f 1408 6102 6164
f 1408 6164 6692
f 1408 6692 4489
f 1409 2624 6635
f 1409 3990 6871
f 1409 4759 6748
f 1409 6635 3990
f 1409 6748 2624
f 1410 1434 4251
f 1410 4251 5631
f 1410 4603 6332
f 1410 5007 1434
f 1410 5631 4603
f 1410 6332 5007
f 1411 3891 4442
f 1411 4401 4445
f 1411 4445 6157
f 1411 5634 4401
f 1411 6157 3891
f 1412 2429 5385
f 1412 3995 4979
f 1412 4979 5265
f 1412 5385 3995
f 1413 1927 5794
f 1413 4893 5832
f 1413 5794 4893
f 1414 4435 5623
f 1414 6846 4084
f 1415 3649 4819
f 1415 6037 3649
f 1415 6070 6037
f 1416 2312 3518
f 1416 2367 2312
f 1416 3518 2595
f 1417 2342 2978
f 1417 2978 3389
f 1417 3389 2342
f 1418 1440 3532
f 1418 2256 7050
f 1418 2575 2256
f 1418 3532 2575
f 1418 7050 1440
f 1419 1810 2732
f 1419 2454 1810
f 1419 2473 2454
f 1419 2732 6021
f 1419 6021 2473
f 1420 1558 3687
f 1420 2100 2206
f 1420 2204 3262
f 1420 2206 1558
f 1420 3262 2100
f 1420 3687 2204
f 1421 2336 2342
f 1421 2342 3329
f 1421 3329 3412
f 1421 3412 2336
f 1422 3056 3629
f 1423 1600 3627
f 1423 3627 5705
f 1424 4201 4995
f 1424 4995 5167
f 1424 5167 6742
f 1426 1874 4811
f 1426 4373 1874
f 1426 4811 5779
f 1427 2162 5625
f 1427 4527 2162
f 1427 5625 6810
f 1427 6188 4527
f 1427 6810 6188
f 1428 6914 5982
f 1429 4265 4611
f 1429 4558 4265
f 1429 4816 4558
f 1430 5286 4937
f 1430 6107 5286
f 1430 6293 6107
f 1431 1730 6310
f 1431 2779 1730
f 1431 4746 2779
f 1431 6889 4746
f 1432 2236 6348
f 1432 6348 6905
f 1432 6905 7038
f 1432 7038 5276
f 1433 1577 3874
f 1433 3874 6704
f 1433 5284 6856
f 1433 6704 5284
f 1433 6856 1577
f 1434 5007 5338
f 1434 5338 4178
f 1435 1585 3516
f 1435 2879 1585
f 1436 1869 1996
f 1436 1996 2591
f 1436 2591 2638
f 1436 2638 3712
f 1436 3712 1869
f 1437 1479 2200
f 1437 2198 2719
f 1437 2200 2745
f 1437 2719 1479
f 1437 2745 2198
f 1438 2577 3541
f 1438 2924 2577
f 1438 3541 7109
f 1438 7109 2924
f 1439 1619 3206
f 1439 1636 1619
f 1439 2045 1636
f 1439 2384 2045
f 1439 3206 3618
f 1439 3618 2384
f 1440 2307 3532
f 1440 5552 2307
f 1440 7050 5552
f 1441 1487 2724
f 1441 1613 1487
f 1441 2441 1613
f 1441 2509 2441
f 1441 2724 2509
f 1442 2397 2517
f 1442 2517 1770
f 1442 2590 2397
f 1443 1641 2262
f 1443 2262 2518
f 1443 3674 1641
f 1444 2389 2802
f 1444 2802 3537
f 1444 3537 6593
f 1444 6593 2389
f 1445 3895 6363
f 1445 4499 4718
f 1445 4718 3895
f 1445 6363 4499
f 1446 4589 5776
f 1446 5776 4456
f 1446 5977 4589
f 1446 7056 5977
f 1447 3915 4106
f 1447 4106 4402
f 1447 4402 5872
f 1447 5872 6916
f 1447 6916 3915
f 1448 1978 6816
f 1448 4210 5342
f 1448 5342 5603
f 1448 5364 1978
f 1448 5603 5364
f 1448 6816 4210
f 1449 4093 5330
f 1449 4990 5346
f 1449 5330 4990
f 1449 5346 4093
f 1450 5632 2175
f 1451 4309 4490
f 1451 4490 5739
f 1451 5739 6853
f 1451 6853 7119
f 1451 7119 4309
f 1452 1802 5310
f 1452 3354 5845
f 1452 5310 6193
f 1452 5845 1802
f 1452 6193 3354
f 1453 2545 2759
f 1453 2759 4511
f 1453 3978 6391
f 1453 4511 3978
f 1453 5181 2545
f 1453 6391 5181
f 1454 3356 5175
f 1454 3608 3356
f 1454 4792 5659
f 1454 5175 4792
f 1454 5659 3608
f 1455 1674 2740
f 1455 1784 2131
f 1455 2131 1674
f 1455 2740 2898
f 1456 2522 2640
f 1456 2640 2873
f 1456 2642 3681
f 1456 2873 2642
f 1456 3681 2522
f 1457 1480 2970
f 1457 1912 3544
f 1457 1950 1912
f 1457 2970 1950
f 1457 3544 1480
f 1458 2267 3515
f 1458 2302 2730
f 1458 2730 2267
f 1458 3515 2302
f 1459 1690 2090
f 1459 1963 3051
f 1459 2090 3682
f 1459 2596 1690
f 1459 3051 2596
f 1459 3682 1963
f 1460 1675 2191
f 1460 2081 2472
f 1460 2191 2803
f 1460 2468 1675
f 1460 2472 2468
f 1460 2803 2081
f 1461 1916 3543
f 1461 3253 3151
f 1461 3288 1916
f 1461 3543 3253
f 1462 2575 3532
f 1462 2799 3679
f 1462 3679 2575
f 1463 1570 4902
f 1463 4902 6377
f 1463 6339 1570
f 1464 5752 4772
f 1465 4766 6227
f 1465 5718 4766
f 1466 4054 4308
f 1466 4568 4054
f 1467 3239 5158
f 1467 4573 6803
f 1467 5158 4573
f 1467 6803 6923
f 1467 6923 3239
f 1468 3046 2774
f 1468 4856 3046
f 1468 5655 4856
f 1468 6200 5655
f 1469 2850 4961
f 1469 4961 7122
f 1469 5166 2850
f 1469 5993 5166
f 1469 7122 5993
f 1470 1838 2235
f 1470 1990 6095
f 1470 2235 1990
f 1470 5732 1838
f 1471 3842 5771
f 1471 4976 6374
f 1471 5377 3842
f 1471 5682 4976
f 1471 5771 5682
f 1471 6374 5377
f 1472 5185 6254
f 1472 5300 4292
f 1472 6209 5185
f 1472 6254 5300
f 1473 2114 5785
f 1473 5602 2114
f 1473 5785 1931
f 1474 4224 6183
f 1474 6183 6634
f 1474 6690 4224
f 1474 6782 6690
f 1475 1855 4475
f 1475 3498 6177
f 1475 4475 6818
f 1475 4833 3498
f 1475 6177 1855
f 1475 6818 4833
f 1476 2859 3641
f 1476 3234 4806
f 1476 4806 2859
f 1477 2691 6872
f 1477 4999 2691
f 1477 6671 4999
f 1478 2388 1814
f 1478 3107 2388
f 1479 2128 2976
f 1479 2719 2128
f 1479 2976 2200
f 1480 3059 2970
f 1480 3544 3059
f 1481 1587 3001
f 1481 2087 1587
f 1481 2460 3677
f 1481 3001 2460
f 1481 3677 2087
f 1482 1634 2663
f 1482 2087 3677
f 1482 2585 1634
f 1482 2663 2087
f 1482 3677 2585
f 1483 2516 2640
f 1483 2640 3283
f 1483 3283 7084
f 1483 7084 2516
f 1484 1732 3073
f 1484 1745 1915
f 1484 1915 1732
f 1484 3073 1745
f 1485 2366 1555
f 1485 2475 3331
f 1485 3331 2366
f 1486 2258 2465
f 1486 2465 2748
f 1486 2748 6602
f 1486 6602 2258
f 1487 1613 2785
f 1487 2785 3164
f 1487 3164 2724
f 1489 2427 6185
f 1489 4495 6733
f 1489 5368 2427
f 1489 6733 5368
f 1490 2701 4232
f 1490 4232 6702
f 1491 3920 6258
f 1491 6258 4547
f 1492 3987 4923
f 1492 4208 5304
f 1492 5304 5728
f 1492 5728 3987
f 1493 1496 7198
f 1493 6149 5693
f 1493 6662 1496
f 1493 7198 6149
f 1494 1498 5297
f 1494 4304 1498
f 1494 4673 5054
f 1494 5054 4304
f 1494 5297 4673
f 1495 2481 5575
f 1495 3669 2481
f 1495 5575 6156
f 1495 6156 6616
f 1495 6616 3669
f 1496 4423 5790
f 1496 5790 7198
f 1496 6662 4423
f 1497 1718 3829
f 1497 2178 1718
f 1497 3829 4441
f 1497 4141 2178
f 1497 4441 4141
f 1498 2166 2692
f 1498 2692 5297
f 1498 4304 6178
f 1498 6178 2166
f 1499 3903 1937
f 1499 4826 5145
f 1499 5145 3903
f 1499 6330 4826
f 1500 1893 6224
f 1500 5694 3134
f 1500 6224 5694
f 1501 1973 6298
f 1501 4580 4767
f 1501 6298 4580
f 1502 2926 4871
f 1502 4160 5174
f 1502 4574 4733
f 1502 4733 2926
f 1502 4871 4160
f 1502 5174 4574
f 1503 5408 6266
f 1503 6266 5784
f 1504 3854 4918
f 1504 4918 3030
f 1504 6239 6776
f 1504 6776 3854
f 1505 2956 5772
f 1505 4574 6634
f 1505 5772 4574
f 1505 6183 7203
f 1505 6634 6183
f 1505 7203 2956
f 1506 1839 6225
f 1506 2162 1839
f 1506 5251 5625
f 1506 5625 2162
f 1506 6225 5251
f 1507 6180 6932
f 1507 6932 2171
f 1508 3224 4312
f 1508 4312 3507
f 1509 1739 3051
f 1509 2146 2324
f 1509 2324 1739
f 1509 3051 3145
f 1509 3145 2146
f 1510 2521 2528
f 1510 2528 3181
f 1510 2796 3695
f 1510 3181 2796
f 1510 3540 2521
f 1510 3695 3540
f 1511 2256 2376
f 1511 6500 7050
f 1511 7050 2256
f 1512 1962 1900
f 1512 2793 1962
f 1513 1645 3545
f 1513 2511 1645
f 1513 3545 7091
f 1513 5991 6511
f 1513 7091 5991
f 1514 2708 7123
f 1514 5957 6049
f 1514 6049 2708
f 1514 7123 5957
f 1515 4441 6102
f 1515 4809 5600
f 1515 4953 4441
f 1515 5600 4953
f 1515 6102 4809
f 1516 3983 1940
f 1516 4477 5225
f 1516 4510 3983
f 1516 5225 4510
f 1517 2232 3883
f 1517 3883 4862
f 1517 4862 7155
f 1517 6241 2232
f 1517 7155 6241
f 1518 1519 4481
f 1518 1762 6931
f 1518 2947 4980
f 1518 4481 2947
f 1518 4980 1762
f 1518 6931 1519
f 1519 5392 4481
f 1520 4016 6749
f 1520 4526 4016
f 1520 6749 6158
f 1521 2057 2421
f 1521 2421 4828
f 1521 4476 6215
f 1521 4770 2057
f 1521 4828 4476
f 1522 1981 2117
f 1522 2117 5411
f 1522 3026 6915
f 1522 5411 3026
f 1522 6055 1981
f 1522 6915 6055
f 1523 2006 2655
f 1523 2078 3264
f 1523 3264 2006
f 1524 1533 2458
f 1525 2147 3523
f 1525 2588 3179
f 1525 3106 2588
f 1525 3179 2147
f 1526 1809 1902
f 1526 2263 2825
f 1526 2396 2263
f 1527 1918 2154
f 1527 2154 2193
f 1527 2980 1918
f 1527 6594 2980
f 1527 7065 6594
f 1528 1645 2097
f 1528 1824 2997
f 1528 2097 1824
f 1528 2880 3545
f 1528 2997 2880
f 1528 3545 1645
f 1529 1816 3699
f 1529 2330 3409
f 1529 3409 1816
f 1529 3699 2330
f 1530 2808 2036
f 1531 1672 2003
f 1531 1857 1672
f 1531 1900 1962
f 1531 1962 1857
f 1531 2003 3056
f 1531 3056 1900
f 1532 2600 2960
f 1532 3266 2600
f 1532 3396 3266
f 1533 2400 2458
f 1533 2584 2400
f 1533 2894 3520
f 1533 3520 2584
f 1534 1823 3085
f 1534 2251 1823
f 1534 2707 3382
f 1534 3085 2707
f 1534 3382 2251
f 1535 2157 2265
f 1535 2265 2657
f 1535 2513 3529
f 1535 2657 2513
f 1535 3529 2157
f 1536 4779 6705
f 1536 5990 7162
f 1536 6044 6514
f 1536 6514 4779
f 1536 6705 5990
f 1536 7162 6044
f 1537 3245 4493
f 1537 3833 5627
f 1537 4493 6152
f 1537 5627 3245
f 1537 6152 3833
f 1538 4611 6678
f 1538 5710 6639
f 1538 6639 4611
f 1538 6678 5710
f 1539 1678 6178
f 1539 5678 1678
f 1539 6116 5678
f 1539 6178 6116
f 1540 1802 5845
f 1540 3040 4930
f 1540 4930 4218
f 1540 5845 6707
f 1540 6707 3040
f 1541 1933 4808
f 1541 2619 4189
f 1541 4189 4821
f 1541 4808 2619
f 1541 4821 5670
f 1541 5670 1933
f 1542 2694 5727
f 1542 5490 6058
f 1542 5535 2694
f 1542 6058 5535
f 1543 3497 6320
f 1543 5818 2699
f 1543 6240 5818
f 1543 6320 6819
f 1543 6819 6240
f 1544 1893 2118
f 1544 2118 5179
f 1544 4203 6224
f 1544 5179 4785
f 1544 6224 1893
f 1545 2688 5761
f 1545 5761 1807
f 1546 4503 5854
f 1547 4680 5092
f 1547 5072 4680
f 1547 5092 6381
f 1547 6381 4948
f 1548 2428 5724
f 1548 4200 5671
f 1548 4388 4200
f 1548 5671 2428
f 1548 5724 4388
f 1549 1611 3694
f 1549 1861 3173
f 1549 2969 1861
f 1549 3173 1611
f 1550 1641 2983
f 1550 1735 2960
f 1550 2262 1641
f 1550 2600 2262
f 1550 2960 2600
f 1550 2983 3048
f 1550 3048 1735
f 1551 1586 2144
f 1551 2098 1586
f 1551 2144 2469
f 1551 2469 3147
f 1551 3147 2098
f 1552 1643 3166
f 1552 1955 2331
f 1552 2141 1955
f 1552 2331 1643
f 1552 3166 2141
f 1553 2083 2589
f 1553 2440 2576
f 1553 2576 2083
f 1553 2589 3146
f 1554 1583 2902
f 1554 2603 1583
f 1554 2902 3685
f 1554 3685 2603
f 1555 2366 3162
f 1555 3162 3670
f 1556 1828 3156
f 1556 1967 1828
f 1556 3156 3377
f 1556 3378 1967
f 1557 1701 1946
f 1557 1946 1903
f 1557 2924 1701
f 1558 2206 2530
f 1558 2530 3171
f 1558 3171 3687
f 1559 1562 6431
f 1559 2755 1562
f 1559 2895 5924
f 1559 5924 2755
f 1559 6431 2895
f 1560 1917 2971
f 1560 2031 2195
f 1560 2126 1917
f 1560 2195 2652
f 1560 2652 2126
f 1560 2971 3530
f 1560 3530 2031
f 1561 2028 2080
f 1561 2080 2388
f 1561 2388 3107
f 1561 3107 2028
f 1562 2755 3717
f 1562 3717 6431
f 1563 3832 6800
f 1563 4311 4842
f 1563 4842 5311
f 1563 5311 3832
f 1563 6800 4311
f 1564 2184 4418
f 1565 4734 5070
f 1565 5070 7143
f 1565 5185 6209
f 1565 6209 4734
f 1565 7143 5185
f 1566 5088 6109
f 1566 5744 5088
f 1567 4537 5848
f 1567 5317 7060
f 1567 5848 5317
f 1567 6243 4537
f 1567 7060 6243
f 1568 3996 4494
f 1568 4260 4622
f 1568 4494 4260
f 1568 4535 3996
f 1569 1720 4443
f 1569 3988 1720
f 1569 5381 3988
f 1570 4459 4902
f 1570 6339 5334
f 1571 2361 4892
f 1571 3857 2361
f 1571 3940 5293
f 1571 4892 6306
f 1571 5293 3857
f 1571 6306 3940
f 1572 1590 3911
f 1572 2353 1590
f 1572 4506 5968
f 1572 5968 2353
f 1573 1979 2018
f 1573 2018 6168
f 1573 4146 1979
f 1573 5266 4146
f 1573 6168 5266
f 1574 1759 4183
f 1574 2224 4422
f 1574 4183 2224
f 1575 4302 6322
f 1575 6322 6841
f 1575 6841 7177
f 1575 7177 4302
f 1576 2553 5696
f 1576 5053 5112
f 1576 5696 5053
f 1577 2364 3874
f 1577 4204 2364
f 1577 6314 4204
f 1577 6856 6314
f 1578 1852 5154
f 1578 3035 7172
f 1578 4164 6824
f 1578 4707 4164
f 1578 5154 4707
f 1578 7172 1852
f 1579 2142 2890
f 1579 2250 2824
f 1579 2890 2250
f 1580 2999 1612
f 1580 3517 3068
f 1581 5109 6016
f 1581 6016 1773
f 1582 1638 2089
f 1582 1707 3159
f 1582 1997 1638
f 1582 2089 1707
f 1582 2888 1997
f 1582 3159 2888
f 1583 1859 2743
f 1583 2603 2788
f 1583 2743 2902
f 1583 2788 1859
f 1584 1906 2155
f 1584 2155 3150
f 1584 2872 1906
f 1585 2796 3516
f 1586 2098 2990
f 1586 2990 2144
f 1587 2087 6571
f 1587 2327 2733
f 1587 2733 3001
f 1587 6571 2327
f 1588 2825 2263
f 1588 3048 2983
f 1589 1733 2716
f 1589 2716 3615
f 1589 3325 3463
f 1589 3463 1733
f 1589 3615 3325
f 1590 1627 3911
f 1590 2353 1627
f 1591 2942 5223
f 1591 5223 6392
f 1591 5877 6887
f 1591 6887 2942
f 1592 3904 2054
f 1592 4571 3904
f 1592 5203 4571
f 1592 6278 5203
f 1593 1633 5156
f 1593 4088 1633
f 1593 5156 6619
f 1594 3884 4391
f 1594 4723 5629
f 1594 5629 3884
f 1595 2698 2936
f 1595 2936 4884
f 1595 4884 6721
f 1595 6745 2698
f 1596 5798 5175
f 1597 2219 2027
f 1597 4276 2219
f 1599 2549 6106
f 1599 4174 5577
f 1599 5204 2549
f 1599 5577 5204
f 1599 6106 6657
f 1599 6657 4174
f 1600 5672 3627
f 1600 6779 5672
f 1601 3233 4803
f 1601 3834 3233
f 1601 4803 5125
f 1602 4113 6673
f 1602 5318 6267
f 1602 6267 4113
f 1603 6502 5066
f 1604 4457 6283
f 1604 6283 5636
f 1605 3043 4732
f 1605 4479 5127
f 1605 4732 4479
f 1605 5127 4718
f 1606 1722 2281
f 1606 2281 6387
f 1606 4393 1722
f 1606 5397 4393
f 1606 6387 5397
f 1607 2296 5678
f 1607 4544 6189
f 1607 5677 4544
f 1607 5678 5677
f 1607 5781 2296
f 1607 6189 5781
f 1608 2019 6786
f 1608 4000 5671
f 1608 4200 2019
f 1608 5671 4200
f 1608 6786 4000
f 1609 2671 3169
f 1609 3004 3260
f 1609 3169 3004
f 1609 3260 5996
f 1609 5996 7102
f 1609 7102 2671
f 1610 2515 3159
f 1610 2573 3062
f 1610 3062 2515
f 1610 3159 2573
f 1611 2451 2893
f 1611 2893 3694
f 1611 3406 2451
f 1612 2382 3167
f 1612 2999 3261
f 1612 3261 2382
f 1613 2441 2462
f 1613 2462 3716
f 1613 3716 2785
f 1614 2446 2963
f 1614 2728 3170
f 1614 2963 3688
f 1614 3170 2446
f 1614 3688 2728
f 1615 2512 6978
f 1615 2735 6974
f 1615 5910 2512
f 1615 5925 2735
f 1615 6974 5910
f 1615 6978 5925
f 1616 1812 2597
f 1616 1915 1812
f 1616 2459 1915
f 1617 1962 2793
f 1617 2193 2242
f 1617 2242 1962
f 1617 2793 2193
f 1618 2389 5529
f 1618 2747 3678
f 1618 2802 2389
f 1618 3548 2747
f 1618 3678 2802
f 1618 5529 5985
f 1618 5985 3548
f 1619 1636 2535
f 1619 2535 3206
f 1620 2759 6492
f 1620 6552 2759
f 1621 1648 5744
f 1621 3984 1648
f 1621 5853 3984
f 1622 1847 6075
f 1622 2763 4500
f 1622 6075 2763
f 1622 6781 1847
f 1623 4728 6324
f 1623 4888 5215
f 1623 5215 5804
f 1623 5804 4728
f 1623 6324 4888
f 1624 2678 7169
f 1624 4409 5287
f 1624 5287 4416
f 1624 7169 4409
f 1625 3662 4922
f 1625 5408 6329
f 1625 6329 3662
f 1626 2182 6796
f 1626 3345 7126
f 1626 5178 2182
f 1626 6058 3345
f 1626 6796 6058
f 1626 7126 5178
f 1627 2353 4355
f 1627 6367 3911
f 1628 1887 2411
f 1628 2411 2480
f 1628 6259 1887
f 1629 4315 6243
f 1629 4747 4315
f 1629 4969 7088
f 1629 6243 4969
f 1629 7088 4747
f 1630 3898 5202
f 1630 4144 3898
f 1630 5202 4144
f 1631 4027 4868
f 1631 4389 4027
f 1631 5723 4389
f 1632 6206 4053
f 1632 6797 4392
f 1633 1718 2178
f 1633 2165 1718
f 1633 2178 7165
f 1633 4088 2165
f 1633 7165 5156
f 1634 2585 3163
f 1634 2972 2663
f 1634 3163 2972
f 1635 1747 3177
f 1635 2574 7152
f 1635 3177 6041
f 1635 6041 2574
f 1635 7152 1747
f 1636 1789 2535
f 1636 2045 2892
f 1636 2330 1789
f 1636 2892 2330
f 1637 2464 6555
f 1637 2467 2662
f 1637 2662 2464
f 1637 3163 2467
f 1637 6555 3163
f 1638 1783 2089
f 1638 1997 2125
f 1638 2125 1783
f 1639 1811 2378
f 1639 1956 1811
f 1639 2378 2995
f 1640 2148 6031
f 1640 2518 3266
f 1640 3266 2148
f 1640 6031 2518
f 1641 2800 2983
f 1641 3674 2800
f 1642 1778 2533
f 1642 2394 3394
f 1642 2533 2394
f 1642 2603 1778
f 1642 3394 2603
f 1643 2331 2455
f 1643 2455 2901
f 1643 2901 3166
f 1644 2035 6549
f 1644 2571 2876
f 1644 2813 2035
f 1644 2876 2813
f 1644 6549 2571
f 1645 2511 2097
f 1646 1779 3703
f 1646 2922 1779
f 1646 3703 2922
f 1647 1699 3538
f 1647 1776 1699
f 1647 2079 3522
f 1647 3390 1776
f 1647 3522 3390
f 1647 3538 2079
f 1648 3984 4172
f 1648 4172 5550
f 1648 5550 5744
f 1649 2613 3507
f 1649 3507 4312
f 1649 4312 3363
f 1649 5262 2613
f 1650 4529 5852
f 1650 5852 6836
f 1650 6792 4529
f 1650 6836 4758
f 1651 2956 7203
f 1651 3998 5680
f 1651 5680 2956
f 1651 7203 3998
f 1652 2951 6379
f 1652 6379 6921
f 1654 2408 4584
f 1654 4584 6873
f 1654 4705 6063
f 1654 6873 4705
f 1655 2071 6300
f 1655 2564 2071
f 1655 4932 2564
f 1655 6300 4932
f 1656 5009 6177
f 1657 1877 6772
f 1657 5615 6264
f 1657 6264 1877
f 1657 6772 7189
f 1657 7189 5615
f 1658 1895 3960
f 1658 3960 6681
f 1658 5183 1895
f 1658 5618 5183
f 1658 6681 5618
f 1659 5683 6147
f 1659 7201 5683
f 1660 4236 4898
f 1660 4898 6359
f 1660 5000 4236
f 1660 6359 5000
f 1661 4396 6865
f 1661 5760 6209
f 1662 2934 3020
f 1662 3974 5826
f 1662 4565 3974
f 1662 5826 2934
f 1663 5182 5999
f 1663 5601 6146
f 1663 5999 7056
f 1663 6146 5182
f 1664 6904 5648
f 1665 2038 2374
f 1665 2374 3390
f 1665 2747 2038
f 1665 3390 3522
f 1665 3522 3678
f 1665 3678 2747
f 1666 2042 2310
f 1666 2310 3174
f 1666 2987 2042
f 1666 3174 2191
f 1667 2268 3803
f 1667 2536 2268
f 1667 3328 2536
f 1667 3803 3328
f 1668 1701 2924
f 1668 1946 1701
f 1668 3063 2091
f 1669 2129 3684
f 1669 2900 3794
f 1669 2992 2900
f 1669 3684 2992
f 1669 3794 2129
f 1670 1826 2746
f 1670 2598 1826
f 1670 2746 3616
f 1670 3183 6584
f 1670 3616 3183
f 1670 6584 2598
f 1671 2050 2589
f 1671 2083 3053
f 1671 2589 2083
f 1671 3053 3692
f 1672 1857 2093
f 1672 2093 2731
f 1672 2731 2003
f 1673 2243 2891
f 1673 2800 3674
f 1673 2891 2800
f 1673 3075 2243
f 1673 3674 3075
f 1674 2131 2966
f 1674 2966 2969
f 1674 2969 2740
f 1675 2468 1775
f 1676 2320 3673
f 1676 3535 2320
f 1676 3673 3150
f 1677 1915 2459
f 1677 2449 2877
f 1677 2459 3077
f 1677 3077 2449
f 1678 2166 6178
f 1678 4122 6169
f 1678 5678 4122
f 1678 6169 2166
f 1679 4367 6551
f 1679 6551 6839
f 1679 6609 4367
f 1679 6839 6898
f 1680 3866 4107
f 1680 4107 4395
f 1680 4305 3866
f 1681 1792 6312
f 1681 2413 6696
f 1681 4181 1792
f 1681 6312 2413
f 1681 6696 4181
f 1682 3461 5546
f 1682 6736 3461
f 1683 4313 4846
f 1683 4509 6282
f 1683 4846 5652
f 1683 5652 4509
f 1683 6282 4313
f 1684 4192 4832
f 1684 4586 4192
f 1684 5197 4586
f 1684 6289 5197
f 1685 1884 5379
f 1685 3871 1884
f 1685 5379 4487
f 1686 4097 5857
f 1686 4244 5821
f 1686 4485 4097
f 1686 5821 4485
f 1686 5857 4244
f 1687 2015 6060
f 1687 2436 2015
f 1687 4390 2436
f 1687 6060 6179
f 1688 1963 2670
f 1688 2079 3538
f 1688 2670 2079
f 1688 3051 1963
f 1688 3145 3051
f 1688 3251 3145
f 1688 3538 3251
f 1689 1700 2525
f 1689 2301 6079
f 1689 2635 2301
f 1689 6079 1700
f 1690 1907 3284
f 1690 1992 1907
f 1690 2596 1992
f 1690 3284 2090
f 1691 2660 6061
f 1691 2870 3712
f 1691 6061 2870
f 1692 2342 3399
f 1692 2821 2978
f 1692 2978 2342
f 1692 3399 2821
f 1693 2665 2189
f 1694 2322 2890
f 1694 2890 3413
f 1694 3413 3533
f 1694 3533 2322
f 1695 1859 2736
f 1695 2736 3381
f 1695 2743 1859
f 1696 2532 2082
f 1696 3082 2532
f 1696 3546 3082
f 1697 2536 6017
f 1697 2981 3047
f 1697 3047 2536
f 1697 6017 2981
f 1698 2265 6042
f 1698 2657 2265
f 1698 6042 7106
f 1698 7106 2657
f 1699 1776 2805
f 1699 2805 3538
f 1700 2034 2988
f 1700 2988 2525
f 1700 6079 3705
f 1702 2475 3080
f 1702 2836 2475
f 1702 3080 2836
f 1703 2080 2028
f 1703 2244 2080
f 1704 1820 3152
f 1704 2378 1820
f 1704 2836 2905
f 1704 2905 2378
f 1704 3152 3467
f 1704 3467 2836
f 1705 2899 3411
f 1705 2996 2899
f 1705 3256 2996
f 1705 3411 7102
f 1705 7102 3256
f 1706 2193 2793
f 1706 2793 3629
f 1707 2089 2922
f 1707 2801 3076
f 1707 2922 2801
f 1707 3076 3159
f 1708 2478 3111
f 1708 3111 4341
f 1708 4341 5477
f 1708 5477 2478
f 1709 2327 6435
f 1709 2403 3469
f 1709 3393 6985
f 1709 3469 2327
f 1709 5936 6976
f 1709 6435 3393
f 1709 6439 5936
f 1709 6976 2403
f 1709 6985 6439
f 1710 1878 4474
f 1710 2107 1878
f 1710 2486 4018
f 1710 4220 2107
f 1710 4474 2486
f 1711 4106 4180
f 1711 4402 4106
f 1711 6719 4402
f 1712 3135 5284
f 1712 4984 3135
f 1712 5284 6704
f 1712 6704 4984
f 1713 2225 6875
f 1713 4121 6170
f 1713 6170 2225
f 1713 6875 4264
f 1714 2070 4201
f 1714 4201 4382
f 1714 5102 2070
f 1714 5773 5102
f 1715 5851 4776
f 1716 2233 4897
f 1716 4897 6798
f 1716 6651 2233
f 1716 6798 6651
f 1717 4927 6493
f 1717 6493 7062
f 1718 2165 3829
f 1719 6619 4701
f 1720 3988 5118
f 1720 5118 6902
f 1720 6318 4443
f 1720 6902 6318
f 1721 3855 6814
f 1721 4502 4754
f 1721 4754 3855
f 1721 4949 4502
f 1721 6814 3486
f 1722 3983 4510
f 1722 4393 6864
f 1722 4510 2281
f 1722 6864 3983
f 1723 4639 5320
f 1723 4975 5308
f 1723 5308 4639
f 1724 2114 6133
f 1724 4069 5785
f 1724 5573 4069
f 1724 5785 2114
f 1724 6133 5573
f 1725 5184 5574
f 1725 5574 6641
f 1726 4968 4622
f 1727 3931 5370
f 1727 4287 3931
f 1727 4800 4287
f 1727 5370 6092
f 1727 6092 4800
f 1728 2699 3215
f 1729 4083 4972
f 1729 4169 5843
f 1729 4972 4169
f 1730 2779 6326
f 1730 4482 6310
f 1730 4564 4482
f 1730 6326 4564
f 1731 2413 5257
f 1731 3506 4630
f 1731 4630 6353
f 1731 5257 3506
f 1731 6353 2413
f 1732 2510 3252
f 1732 2966 2510
f 1732 3252 3073
f 1733 1991 3713
f 1733 2667 1991
f 1733 3463 2667
f 1733 3713 2716
f 1734 1863 2312
f 1734 1954 2196
f 1734 2196 1863
f 1735 1866 2665
f 1735 2665 2883
f 1735 2883 2960
f 1735 3048 1866
f 1736 2127 2745
f 1736 2200 2383
f 1736 2383 2664
f 1736 2664 2708
f 1736 2708 2127
f 1736 2745 2200
f 1737 2528 2634
f 1737 2634 3525
f 1737 3181 2528
f 1737 3516 3181
f 1737 3525 3516
f 1738 2597 2319
f 1739 2596 3051
f 1740 2591 3086
f 1740 3086 3324
f 1740 3797 2591
f 1741 2529 3534
f 1741 2738 6579
f 1741 3534 2738
f 1741 6579 5562
f 1742 2538 2817
f 1742 2748 2784
f 1742 2784 2538
f 1742 2817 6602
f 1742 6602 2748
f 1743 2573 3550
f 1743 2984 3062
f 1743 3062 2573
f 1743 3550 2984
f 1744 2467 3163
f 1744 2601 2467
f 1744 3163 2585
f 1745 1812 1915
f 1745 2323 1812
f 1745 3073 3686
f 1745 3686 2323
f 1746 2456 3384
f 1746 2899 3078
f 1746 3078 2456
f 1746 3169 3411
f 1746 3384 3169
f 1746 3411 2899
f 1747 2048 2466
f 1747 2842 2048
f 1747 7152 2842
f 1748 2995 3521
f 1748 3521 2158
f 1749 4824 5361
f 1749 5249 4824
f 1749 5361 7043
f 1749 6738 5249
f 1749 7043 6738
f 1750 5278 5610
f 1750 7147 6586
f 1751 1895 6635
f 1751 2228 3960
f 1751 3960 1895
f 1751 6635 2624
f 1752 2691 4999
f 1753 2632 4508
f 1753 3853 2632
f 1753 4508 2566
f 1754 3646 6173
f 1754 4427 5641
f 1754 5564 3646
f 1754 5641 5564
f 1754 6173 6666
f 1754 6666 4427
f 1755 2500 6882
f 1755 4594 6323
f 1755 6323 2500
f 1756 4214 4690
f 1756 4690 6303
f 1756 5382 4214
f 1756 6303 5382
f 1757 2119 5403
f 1757 2238 3852
f 1757 3852 7042
f 1757 7042 2119
f 1758 3881 5379
f 1758 4018 5348
f 1758 4076 3881
f 1758 5006 4018
f 1758 5348 4076
f 1758 5379 5006
f 1759 4443 6250
f 1759 5833 4183
f 1759 6250 5833
f 1760 2484 6651
f 1760 2935 2484
f 1760 6651 5248
f 1761 3652 5715
f 1761 4134 5780
f 1761 5715 6623
f 1761 6623 4134
f 1762 3042 6931
f 1762 5876 3042
f 1763 2066 3954
f 1763 3885 4283
f 1763 3954 4103
f 1763 4103 3885
f 1763 4283 5214
f 1763 5214 5695
f 1764 3862 7150
f 1764 5184 3862
f 1764 7150 4262
f 1765 5252 6855
f 1765 6052 7061
f 1765 6931 5252
f 1765 7061 6931
f 1766 2179 6629
f 1766 2214 2179
f 1766 5984 2214
f 1766 6204 5984
f 1766 6629 6204
f 1767 1867 2985
f 1767 2985 3465
f 1767 3275 1867
f 1767 3465 3275
f 1768 1828 1921
f 1768 2152 3156
f 1768 2718 3154
f 1768 3154 2152
f 1768 3156 1828
f 1769 2046 3408
f 1769 2513 2046
f 1769 3408 2513
f 1770 2517 2725
f 1770 2725 2332
f 1771 1821 7157
f 1771 2455 3689
f 1771 2901 2455
f 1771 3395 2901
f 1771 3689 1821
f 1771 7157 3395
f 1772 2243 2756
f 1772 2730 2243
f 1772 2756 6036
f 1772 6036 2730
f 1773 2037 2799
f 1773 3397 2037
f 1773 6016 3397
f 1774 2314 3179
f 1774 2588 3798
f 1774 3179 2588
f 1774 3692 2314
f 1774 3798 3692
f 1775 2313 2987
f 1775 2468 3382
f 1775 3382 2313
f 1776 2207 2805
f 1776 3390 3533
f 1776 3392 2207
f 1776 3533 3392
f 1777 1868 3376
f 1777 2151 1868
f 1777 2205 3083
f 1777 2814 2151
f 1777 3083 2814
f 1777 3376 2205
f 1778 1949 2533
f 1778 2153 1949
f 1778 2603 2153
f 1779 2986 3550
f 1779 3550 3703
f 1780 2330 2892
f 1780 2892 3525
f 1780 3172 3409
f 1780 3409 2330
f 1780 3525 3172
f 1781 2204 3687
f 1782 2042 2987
f 1782 2637 2965
f 1782 2965 2042
f 1782 2987 2313
f 1783 2125 3165
f 1783 2922 2089
f 1783 3165 2922
f 1784 2201 2203
f 1784 2203 2510
f 1784 2510 2131
f 1785 2601 3274
f 1785 3274 1858
f 1786 2439 3384
f 1786 2645 2439
f 1786 3714 2645
f 1787 1914 5567
f 1787 2152 3154
f 1787 2581 2152
f 1787 3154 1914
f 1787 5567 2581
f 1788 1827 7132
f 1788 2380 3286
f 1788 2393 3552
f 1788 3286 2393
f 1788 3552 1827
f 1788 7132 2380
f 1789 2330 3699
f 1789 3699 3084
f 1790 1871 1965
f 1790 1919 2757
f 1790 1965 2306
f 1790 2306 2818
f 1790 2757 3218
f 1790 2818 1919
f 1790 3218 3615
f 1790 3615 1871
f 1791 2116 6242
f 1791 5259 2116
f 1791 6242 6214
f 1792 4437 6312
f 1793 1831 1837
f 1793 1837 3857
f 1793 3857 5293
f 1794 3987 5728
f 1794 4829 6676
f 1794 6676 3987
f 1795 5303 6132
f 1795 5657 6777
f 1795 6132 5657
f 1795 6201 5303
f 1795 6777 6201
f 1796 2686 5498
f 1796 4555 4925
f 1796 4925 7162
f 1796 5498 6561
f 1796 7162 2686
f 1797 4780 6359
f 1797 6359 6822
f 1797 6867 4780
f 1798 3865 6741
f 1798 4268 5263
f 1798 4464 4268
f 1798 5263 3865
f 1798 6741 4464
f 1799 1841 4799
f 1799 4037 4108
f 1799 4108 1841
f 1799 4799 6841
f 1799 6841 4037
f 1800 2483 5515
f 1800 5262 2483
f 1800 5515 7090
f 1801 6916 5827
f 1802 2783 5310
f 1803 3925 3927
f 1803 3927 6045
f 1803 4120 6165
f 1803 5203 3925
f 1803 6045 4120
f 1803 6165 5203
f 1804 1942 4795
f 1804 2351 6866
f 1804 4795 2351
f 1804 5853 1942
f 1804 6866 5853
f 1805 3321 4098
f 1805 3612 3321
f 1806 4143 6187
f 1806 4561 4143
f 1806 5607 6103
f 1806 6103 4561
f 1806 6187 5607
f 1808 2756 3075
f 1808 3075 3674
f 1808 3674 6031
f 1808 6031 2756
f 1809 2199 3057
f 1809 3057 1902
f 1810 2454 3698
f 1810 3164 3254
f 1810 3254 2732
f 1810 3698 3164
f 1811 1956 3271
f 1811 3271 2378
f 1812 2323 2924
f 1812 2924 2597
f 1813 3101 3410
f 1813 3410 5471
f 1813 5471 3101
f 1815 2032 2651
f 1815 2308 3701
f 1815 2651 2308
f 1815 3267 3526
f 1815 3526 2032
f 1815 3701 3267
f 1816 2661 3679
f 1816 2799 3699
f 1816 3409 2661
f 1816 3679 2799
f 1817 2471 3375
f 1817 2871 2967
f 1817 2967 3274
f 1817 3274 2471
f 1817 3375 2871
f 1818 2400 6028
f 1818 2878 2400
f 1818 2964 2878
f 1818 3399 2964
f 1818 6028 7133
f 1818 7133 3399
f 1819 2842 3529
f 1819 3072 2842
f 1819 3261 3072
f 1819 3408 3261
f 1819 3529 3408
f 1820 2096 3152
f 1820 2378 3271
f 1820 3271 2096
f 1821 1961 3253
f 1821 3253 3543
f 1821 3543 7157
f 1821 3689 1961
f 1822 1951 2392
f 1822 2324 3160
f 1822 2599 1951
f 1822 3160 2599
f 1823 2251 2391
f 1823 2391 3619
f 1823 3619 3326
f 1824 2097 2641
f 1824 2143 2997
f 1824 2641 2143
f 1825 2587 3690
f 1825 3706 2587
f 1826 2598 7074
f 1826 3710 2746
f 1826 6532 3710
f 1826 7074 6532
f 1827 2309 2739
f 1827 2739 7132
f 1827 3552 2309
f 1828 1967 3819
f 1828 3819 1921
f 1829 3113 3443
f 1829 3443 3588
f 1829 3588 3113
f 1830 2475 2541
f 1830 2541 3458
f 1830 3458 2475
f 1831 4013 4468
f 1831 4468 1837
f 1831 6299 4013
f 1832 2023 3120
f 1832 3120 6563
f 1832 5393 2023
f 1832 6030 5393
f 1832 6563 6030
f 1833 4079 6918
f 1833 4598 6171
f 1833 5234 5675
f 1833 5675 4079
f 1833 6171 5234
f 1833 6918 4598
f 1834 4816 4848
f 1834 4848 6009
f 1834 5170 4816
f 1834 6009 7039
f 1834 7039 5170
f 1835 2679 6380
f 1835 4131 2679
f 1835 6380 5788
f 1836 1848 2776
f 1836 2776 6785
f 1836 6265 1848
f 1837 4468 6675
f 1837 6675 3857
f 1838 5732 6301
f 1838 6301 4044
f 1839 2162 3045
f 1839 3045 6225
f 1840 2229 5844
f 1840 4235 4428
f 1840 4428 2229
f 1840 5844 6284
f 1841 4108 4585
f 1841 4585 5964
f 1841 5964 4799
f 1842 3032 4632
f 1842 4419 5523
f 1842 4632 4419
f 1842 5523 3032
f 1843 3850 6817
f 1843 5830 3850
f 1843 6817 5830
f 1844 4035 6216
f 1844 4444 4035
f 1844 5690 4444
f 1844 6216 6654
f 1844 6654 5690
f 1845 1982 5238
f 1845 4380 1982
f 1845 5238 3833
f 1846 4572 6874
f 1846 6321 6757
f 1846 6757 4572
f 1846 6874 6321
f 1847 6781 6075
f 1848 3495 4617
f 1848 4617 2776
f 1848 4839 3495
f 1849 4193 4880
f 1849 4880 5264
f 1849 4911 6617
f 1849 5264 4911
f 1849 6617 4193
f 1850 1930 4637
f 1850 4047 6357
f 1850 4637 6892
f 1850 5800 1930
f 1850 6357 5800
f 1851 4750 3343
f 1851 6283 4750
f 1852 4784 5154
f 1852 7172 4784
f 1853 5774 6127
f 1853 6127 6316
f 1853 6316 4002
f 1854 2702 5787
f 1854 5787 6847
f 1854 6130 2702
f 1854 6868 6130
f 1855 1938 4468
f 1855 4013 4475
f 1855 4468 4013
f 1855 6177 1938
f 1856 3502 5280
f 1857 1962 2242
f 1857 2242 2093
f 1858 3274 2967
f 1860 2155 2450
f 1860 2205 2155
f 1860 2450 3083
f 1860 3083 2205
f 1861 2877 3173
f 1861 2966 2877
f 1861 2969 2966
f 1862 2399 2520
f 1862 2520 3259
f 1863 2196 3110
f 1863 3110 3518
f 1863 3518 2312
f 1864 3283 3802
f 1864 3802 7152
f 1864 7084 3283
f 1864 7152 7084
f 1865 1902 3057
f 1865 1903 1946
f 1865 2091 1902
f 1865 2885 1903
f 1865 3057 2885
f 1866 2039 2665
f 1867 2081 2526
f 1867 2472 2081
f 1867 2526 2985
f 1867 3275 2472
f 1868 2203 2646
f 1868 2646 3376
f 1869 2139 2462
f 1869 2462 1996
f 1869 3383 2139
f 1869 3712 3383
f 1870 2040 2979
f 1870 2188 5561
f 1870 2304 2040
f 1870 5561 2304
f 1871 3615 6062
f 1871 3680 1965
f 1871 6062 3680
f 1872 1920 3819
f 1872 3071 1920
f 1872 3374 3071
f 1872 3819 6027
f 1872 6027 3374
f 1873 2345 5955
f 1873 5048 2345
f 1873 5955 7021
f 1873 5958 5048
f 1873 6483 5958
f 1873 7021 6483
f 1874 4373 5396
f 1874 5396 6129
f 1874 6129 4811
f 1875 4148 6161
f 1875 4405 4148
f 1875 4460 4874
f 1875 4874 5155
f 1875 5155 4405
f 1875 6161 4460
f 1876 2215 4184
f 1876 4184 6843
f 1876 4514 6911
f 1876 6911 2215
f 1877 4012 4150
f 1877 4150 6772
f 1877 6264 4012
f 1878 2107 5858
f 1879 2420 4857
f 1879 2504 6223
f 1879 4857 2504
f 1879 6223 6703
f 1880 2685 6588
f 1880 3862 4591
f 1880 4591 2685
f 1880 6588 7150
f 1880 7150 3862
f 1881 5386 2074
f 1882 3897 6775
f 1882 3907 5218
f 1882 4889 3897
f 1882 5218 4889
f 1882 6775 3907
f 1883 2849 4015
f 1883 4015 4307
f 1883 4307 6373
f 1883 5404 2849
f 1883 6373 7197
f 1883 7197 5404
f 1884 3871 6833
f 1884 5006 5379
f 1884 6833 5006
f 1885 4431 5774
f 1885 4787 5329
f 1885 5329 4431
f 1885 5774 4787
f 1886 4279 4916
f 1886 4916 4578
f 1887 3827 5282
f 1887 5282 2411
f 1888 3021 4613
f 1888 6875 2225
f 1889 4241 5291
f 1889 5291 5545
f 1889 5545 6078
f 1889 6078 4241
f 1890 4147 5131
f 1890 4698 5093
f 1890 5093 5637
f 1890 5131 4698
f 1890 5637 4147
f 1891 3226 6251
f 1891 4901 3226
f 1891 5162 4901
f 1894 3246 5748
f 1894 4875 3246
f 1894 5748 6120
f 1894 6120 6832
f 1894 6832 4875
f 1895 5183 6144
f 1895 6144 6635
f 1896 2066 6256
f 1896 3954 2066
f 1896 6256 4889
f 1897 3873 6781
f 1898 4054 5177
f 1898 4248 4971
f 1898 4971 4054
f 1898 5177 4248
f 1899 4404 6567
f 1899 4733 5772
f 1899 5126 4733
f 1899 5772 4404
f 1899 6567 5126
f 1901 2658 2880
f 1901 2880 2997
f 1901 2962 2658
f 1903 2885 2248
f 1904 2244 3047
f 1904 2734 2865
f 1904 2865 2244
f 1904 3047 2734
f 1905 2049 2540
f 1905 2540 7100
f 1905 2599 3160
f 1905 3160 2077
f 1905 7100 2599
f 1906 2369 2155
f 1906 2872 5974
f 1907 1992 1999
f 1907 1999 2804
f 1907 2804 3514
f 1907 3514 3284
f 1908 2447 2875
f 1908 3534 2447
f 1909 2874 3542
f 1909 3542 2444
f 1910 1991 2667
f 1910 2102 1991
f 1910 2150 2102
f 1910 2667 2150
f 1911 2136 3178
f 1911 2149 2201
f 1911 2898 2136
f 1911 3178 2149
f 1912 1950 2717
f 1912 2717 3144
f 1913 3256 6537
f 1913 6537 2399
f 1914 2718 3071
f 1914 2822 5567
f 1914 3071 2822
f 1914 3154 2718
f 1916 2669 3273
f 1916 3273 3543
f 1916 3288 2669
f 1917 2094 2971
f 1917 2126 3519
f 1917 3519 2094
f 1918 2192 2154
f 1918 2328 2192
f 1918 2470 2328
f 1918 2980 2470
f 1920 1966 3819
f 1920 3071 1966
f 1921 3819 1966
f 1922 4590 6546
f 1922 5083 3489
f 1922 6546 5083
f 1923 5129 5751
f 1923 5751 4459
f 1924 3922 4572
f 1924 4536 6914
f 1924 4572 4865
f 1924 4865 4536
f 1925 4785 5360
f 1925 5360 7171
f 1925 6153 4785
f 1925 6631 2421
f 1925 7171 6631
f 1926 5075 6770
f 1926 6541 5075
f 1926 7052 6541
f 1927 2058 6355
f 1927 4180 2058
f 1927 6355 5794
f 1928 2349 5161
f 1928 3359 5338
f 1928 3999 4981
f 1928 4981 3359
f 1928 5161 3999
f 1928 5338 2349
f 1929 2422 4270
f 1929 2612 2422
f 1929 4270 5241
f 1929 5241 7072
f 1929 7072 2612
f 1930 2222 4637
f 1930 2928 2222
f 1930 5800 2928
f 1931 4450 6798
f 1931 5785 4450
f 1931 6798 4897
f 1932 5233 6691
f 1932 5335 5233
f 1932 6691 4050
f 1933 4268 4808
f 1933 5670 6094
f 1933 6094 4268
f 1934 3903 6099
f 1934 4239 5592
f 1934 4636 3903
f 1934 5592 6365
f 1934 6099 4239
f 1934 6365 4636
f 1935 3905 5870
f 1935 5870 5343
f 1936 3656 4068
f 1936 4068 5110
f 1936 5110 3918
f 1937 3903 4636
f 1937 4636 6847
f 1938 5009 6675
f 1938 6177 5009
f 1938 6675 4468
f 1939 2943 3138
f 1940 3983 6864
f 1941 4805 5200
f 1941 5200 6111
f 1941 5866 6913
f 1941 6111 5866
f 1941 6913 4805
f 1942 3118 6903
f 1942 6903 4795
f 1943 4772 7164
f 1943 4901 5162
f 1944 4325 4634
f 1944 4634 4936
f 1944 4936 5066
f 1944 5066 5487
f 1944 5487 4325
f 1945 5397 6387
f 1945 6386 6607
f 1945 6387 6386
f 1945 6607 5397
f 1947 2527 3684
f 1947 3185 3380
f 1947 3380 2894
f 1947 3684 3185
f 1948 2336 2726
f 1948 2342 2336
f 1948 2726 2342
f 1949 2153 3689
f 1949 2455 2331
f 1949 3689 2455
f 1950 2662 3683
f 1950 2970 2662
f 1950 3683 2717
f 1951 2041 2669
f 1951 2599 2041
f 1951 2669 3288
f 1951 3288 2392
f 1952 2029 3531
f 1952 2208 2986
f 1952 2750 2029
f 1952 3531 2208
f 1953 1993 2738
f 1953 2158 3670
f 1953 2738 3534
f 1953 3162 1993
f 1953 3670 3162
f 1954 3281 6015
f 1954 6015 2196
f 1955 2141 2594
f 1955 2315 2331
f 1955 2594 2315
f 1956 2875 3282
f 1956 3282 3271
f 1957 2332 2725
f 1957 2659 2332
f 1957 2725 5527
f 1957 3369 5538
f 1957 3546 2659
f 1957 5527 3369
f 1958 2197 3052
f 1958 2879 2197
f 1959 2085 3714
f 1959 2150 3796
f 1959 3714 2150
f 1959 3796 2085
f 1960 2135 2372
f 1960 2372 5497
f 1960 2924 2135
f 1960 5497 2924
f 1961 2153 3685
f 1961 3685 3253
f 1961 3689 2153
f 1963 3002 2670
f 1963 3682 3002
f 1964 6601 7158
f 1964 7051 6601
f 1964 7158 2736
f 1965 2006 3371
f 1965 3371 2306
f 1965 3680 2006
f 1966 3071 2718
f 1967 2252 3819
f 1967 3378 2252
f 1968 2479 6893
f 1968 2840 3824
f 1968 3204 2840
f 1968 3824 2479
f 1968 3949 3204
f 1968 3969 5147
f 1968 4129 5644
f 1968 4376 5878
f 1968 4708 5142
f 1968 5147 4376
f 1968 5534 7082
f 1968 5644 4708
f 1968 5878 3949
f 1968 6562 4129
f 1968 6893 5534
f 1968 7082 6562
f 1969 4582 6350
f 1969 4899 4582
f 1970 4161 5850
f 1970 4492 5684
f 1970 5684 4161
f 1970 5850 6731
f 1970 6731 6876
f 1970 6876 4492
f 1971 2490 4178
f 1971 3359 5654
f 1971 4178 5338
f 1971 5338 3359
f 1971 5654 2490
f 1972 4915 6724
f 1972 6724 4470
f 1973 4378 6298
f 1973 5345 4378
f 1974 3493 4829
f 1974 4829 2285
f 1975 6040 6044
f 1975 6044 7178
f 1976 3501 6642
f 1976 5249 6738
f 1976 5349 3501
f 1976 6642 5249
f 1976 6738 5349
f 1977 4111 5726
f 1977 5726 6354
f 1977 5737 2408
f 1977 6354 5737
f 1978 2172 6816
f 1979 4146 7169
f 1979 7169 2018
f 1980 2940 4820
f 1980 3348 2940
f 1980 4820 6648
f 1980 5704 3348
f 1980 6648 5704
f 1981 4961 2117
f 1981 6055 7122
f 1981 7122 4961
f 1982 4380 5753
f 1982 5753 5238
f 1983 2629 2220
f 1983 4715 2629
f 1983 5689 4715
f 1984 4619 6962
f 1984 5929 6966
f 1984 6962 5929
f 1984 6966 4619
f 1985 2124 3831
f 1985 3831 6646
f 1985 6159 2124
f 1985 6646 5741
f 1986 3121 3866
f 1986 3866 4305
f 1986 4305 6160
f 1986 4440 3121
f 1987 4191 6013
f 1987 5763 4191
f 1987 6013 6370
f 1987 6370 5763
f 1988 3248 4123
f 1988 4123 6146
f 1988 5601 6086
f 1988 6086 6860
f 1988 6146 5601
f 1988 6860 3248
f 1989 2228 5623
f 1989 2290 5743
f 1989 3953 2290
f 1989 3960 2228
f 1989 5623 3953
f 1989 5743 3960
f 1992 2392 1999
f 1993 2132 7108
f 1993 3162 2132
f 1993 7108 2738
f 1994 2309 3552
f 1994 3552 3698
f 1994 7118 2309
f 1995 2001 2659
f 1995 2317 2731
f 1995 2659 3546
f 1995 2731 2001
f 1996 2375 2591
f 1996 2462 2375
f 1997 2654 3165
f 1997 2888 3405
f 1997 3165 2125
f 1997 3405 2654
f 1998 2585 3677
f 1998 3677 2720
f 1999 3151 2804
f 2000 2313 3547
f 2000 2881 2313
f 2000 3547 2991
f 2001 2093 2592
f 2001 2210 2795
f 2001 2592 2210
f 2001 2731 2093
f 2002 2249 2882
f 2002 2594 2249
f 2002 2637 2594
f 2002 2882 2965
f 2002 2965 2637
f 2003 3386 3056
f 2004 2452 3524
f 2004 2744 2808
f 2004 2808 2452
f 2004 3524 2744
f 2005 2210 2572
f 2005 2514 3159
f 2005 2515 2210
f 2005 2572 2514
f 2005 3159 2515
f 2006 3264 3371
f 2006 3680 2655
f 2007 2918 3101
f 2007 2922 2918
f 2007 2924 2922
f 2007 3101 3115
f 2007 3115 3636
f 2007 3481 2924
f 2007 3636 3826
f 2007 3826 3481
f 2008 3863 6766
f 2008 6831 3863
f 2009 2053 5975
f 2009 5727 6156
f 2009 6156 2053
f 2010 3238 7144
f 2010 5076 5380
f 2010 5375 3238
f 2010 5380 5375
f 2010 7144 5076
f 2011 4101 4402
f 2011 4402 6719
f 2011 6291 6318
f 2011 6318 4101
f 2011 6719 6291
f 2012 2170 5691
f 2012 4487 2170
f 2013 2862 7191
f 2013 5711 3355
f 2013 7191 5711
f 2014 2160 4182
f 2014 3124 4406
f 2014 4182 4421
f 2014 4406 2160
f 2014 4421 4915
f 2014 4915 3124
f 2015 2436 6241
f 2015 3038 6060
f 2015 6241 3038
f 2016 3667 3645
f 2016 4370 6396
f 2016 6396 3667
f 2017 3917 5635
f 2017 5635 3976
f 2018 2678 6168
f 2018 7169 2678
f 2019 4200 4388
f 2019 4388 5578
f 2019 4736 6786
f 2019 5578 4736
f 2021 3989 6902
f 2021 4147 5827
f 2021 6902 4147
f 2022 5337 7092
f 2022 5501 6026
f 2022 6026 6117
f 2022 6117 5337
f 2022 7092 5501
f 2023 2284 4900
f 2023 4876 3120
f 2023 4900 5217
f 2023 5217 4876
f 2023 5393 2284
f 2024 2434 5602
f 2024 4782 2434
f 2024 5204 4782
f 2025 3242 4847
f 2025 4847 4167
f 2025 4922 3242
f 2026 5793 3876
f 2027 2219 4753
f 2027 4753 5257
f 2028 3107 3803
f 2029 2750 3067
f 2029 3067 7140
f 2029 7140 3531
f 2030 2253 3259
f 2030 2723 2253
f 2030 3259 3707
f 2030 3707 2077
f 2031 2078 2195
f 2032 2098 3147
f 2032 2990 2098
f 2032 3147 2651
f 2032 3526 2990
f 2033 3396 2519
f 2033 3693 2570
f 2034 3406 2988
f 2035 2257 6549
f 2035 2813 2529
f 2035 5562 2257
f 2037 3084 3699
f 2037 3285 3084
f 2037 3397 3285
f 2037 3699 2799
f 2038 2322 2374
f 2038 2747 3548
f 2038 2890 2322
f 2038 3548 2890
f 2039 3270 2665
f 2040 2304 6550
f 2040 2790 3284
f 2040 3284 3514
f 2040 3514 2979
f 2040 6550 2790
f 2041 2599 7100
f 2041 3155 2669
f 2041 7100 3155
f 2042 2965 2310
f 2043 3101 4661
f 2043 4661 6481
f 2043 6481 3101
f 2044 2726 3280
f 2045 2197 2975
f 2045 2975 2892
f 2046 2513 3404
f 2046 3404 2868
f 2047 2961 6550
f 2047 3176 7132
f 2047 6550 3176
f 2047 6576 2961
f 2047 7132 6576
f 2048 2842 2466
f 2049 3400 2540
f 2049 3707 3400
f 2050 3210 2589
f 2050 3620 3210
f 2051 2103 3627
f 2051 2160 2103
f 2051 4186 6613
f 2051 4285 5163
f 2051 4608 6656
f 2051 4761 5729
f 2051 5163 5591
f 2051 5591 4761
f 2051 5729 2160
f 2051 6083 4186
f 2051 6613 4608
f 2051 7163 5570
f 2052 2104 2674
f 2052 2674 7033
f 2052 2833 3333
f 2052 2913 7032
f 2052 3333 2104
f 2052 3434 3761
f 2052 3761 2833
f 2052 5962 2913
f 2052 7032 3434
f 2052 7033 5962
f 2053 5575 5975
f 2053 6156 5575
f 2054 3904 6769
f 2054 6769 6213
f 2055 5079 4756
f 2057 4770 6643
f 2057 6643 6153
f 2058 2431 6355
f 2058 4180 6851
f 2058 6851 2431
f 2059 2486 4474
f 2059 4303 2486
f 2059 4328 4303
f 2060 4208 5687
f 2060 4928 5304
f 2060 5274 4928
f 2060 5304 4208
f 2061 2497 3041
f 2061 3041 5172
f 2061 4461 4852
f 2061 4852 2497
f 2061 5172 4461
f 2062 4104 5311
f 2062 5816 6376
f 2062 6376 4104
f 2063 2105 2697
f 2063 2697 7055
f 2063 3640 2105
f 2064 4483 5347
f 2064 4639 2775
f 2065 2565 6760
f 2065 2928 5800
f 2065 3036 2928
f 2065 5800 6351
f 2065 6350 3036
f 2065 6351 2565
f 2065 6760 6350
f 2067 2845 5581
f 2067 4530 2845
f 2069 4453 5558
f 2069 5558 6198
f 2070 2684 4201
f 2070 2944 4381
f 2070 4381 2684
f 2070 5071 2944
f 2070 5102 5071
f 2071 2564 6882
f 2071 3494 6300
f 2071 6882 2500
f 2072 3869 3965
f 2072 3965 5333
f 2072 4368 4727
f 2072 4727 4774
f 2072 4774 3869
f 2072 5333 4368
f 2073 2113 5665
f 2073 4605 6774
f 2073 4606 2113
f 2073 5001 4606
f 2073 5665 4605
f 2073 6774 5001
f 2074 4053 6206
f 2074 5386 4053
f 2074 6206 6872
f 2075 3964 6098
f 2075 4277 5574
f 2075 4528 4277
f 2075 5574 3964
f 2075 6098 4528
f 2076 4817 6196
f 2076 5377 6374
f 2076 6196 5377
f 2076 6374 4817
f 2077 3160 2146
f 2078 3691 2195
f 2079 2670 3537
f 2079 2802 3522
f 2079 3537 2802
f 2081 2266 2526
f 2081 2803 2266
f 2082 2532 3793
f 2082 3793 2317
f 2083 2576 2634
f 2083 2634 3053
f 2084 2156 6455
f 2084 3066 6973
f 2084 6441 3066
f 2084 6455 6981
f 2084 6973 2156
f 2084 6981 6441
f 2085 2645 3714
f 2086 3157 3713
f 2086 3175 7111
f 2086 3713 3175
f 2086 6517 3157
f 2086 7111 6517
f 2087 2663 6571
f 2088 2905 3080
f 2088 2995 2905
f 2088 3080 3521
f 2088 3521 2995
f 2090 2790 3682
f 2090 3284 2790
f 2091 3063 3391
f 2092 2321 3254
f 2092 2785 3519
f 2092 3164 2785
f 2092 3254 3164
f 2092 3519 2321
f 2094 2139 3383
f 2094 2668 2971
f 2094 3383 2668
f 2094 3519 3716
f 2094 3716 2139
f 2095 2132 2653
f 2095 2653 3331
f 2095 3331 6601
f 2095 5986 2132
f 2095 6601 5986
f 2096 2465 3697
f 2096 3271 2465
f 2096 3697 3152
f 2099 2303 2269
f 2100 2247 3279
f 2100 3262 2247
f 2100 3279 2206
f 2101 2211 3167
f 2101 2254 2211
f 2101 2868 2897
f 2101 2897 2254
f 2102 2824 3079
f 2102 3079 3175
f 2103 2160 2213
f 2103 2213 3478
f 2103 3478 3813
f 2103 3813 3627
f 2104 2921 5894
f 2104 3333 2921
f 2104 3614 2674
f 2104 4352 6993
f 2104 5553 7010
f 2104 5894 4352
f 2104 6482 7116
f 2104 7010 6482
f 2104 7116 3614
f 2105 3640 5260
f 2105 5260 4130
f 2106 5767 7186
f 2106 6762 4282
f 2106 7186 6762
f 2107 4220 6360
f 2108 3645 4988
f 2108 3856 6920
f 2108 4924 3856
f 2108 4988 4924
f 2108 6920 3645
f 2109 3122 4917
f 2109 4917 5638
f 2109 5151 5205
f 2109 5638 5151
f 2110 3031 6881
f 2110 5356 3031
f 2110 5859 5356
f 2110 6881 5571
f 2111 3491 3941
f 2111 6839 3491
f 2111 6898 6839
f 2112 4929 5817
f 2112 5354 5224
f 2112 5817 3366
f 2113 2234 3864
f 2113 3864 5378
f 2113 4606 2234
f 2113 5378 5665
f 2115 4705 6873
f 2115 5406 5518
f 2115 5518 4705
f 2115 6873 5406
f 2116 5190 6242
f 2116 5259 4525
f 2116 6643 5190
f 2117 4473 5411
f 2117 4961 4473
f 2119 3851 5403
f 2119 7042 5505
f 2120 2405 5130
f 2120 3958 2405
f 2120 5130 6687
f 2120 6296 3958
f 2120 6687 6296
f 2121 3889 6098
f 2121 3964 4570
f 2121 4570 6743
f 2121 6098 3964
f 2121 6743 3889
f 2122 3854 6776
f 2122 5412 3854
f 2122 6776 5003
f 2123 5398 7128
f 2123 5868 6922
f 2123 6922 5398
f 2123 7128 6575
f 2124 2365 4831
f 2124 4831 4841
f 2124 4841 3831
f 2124 6159 2365
f 2126 2321 3519
f 2126 2652 2321
f 2127 2708 6049
f 2127 2900 2992
f 2127 2992 2745
f 2127 6049 2900
f 2128 3412 2976
f 2129 2920 3684
f 2129 3101 2920
f 2129 3794 3101
f 2130 2900 5044
f 2130 3208 3794
f 2130 3794 2900
f 2130 5044 5471
f 2130 5471 3208
f 2131 2510 2966
f 2132 3162 2653
f 2132 5986 7108
f 2133 2809 5111
f 2133 3460 2809
f 2133 5111 3257
f 2133 7049 3460
f 2134 2449 3077
f 2134 2525 2648
f 2134 2648 2449
f 2134 2706 2525
f 2134 3077 2706
f 2135 2814 2372
f 2135 2924 3272
f 2135 3272 2814
f 2136 2453 3178
f 2136 2898 3153
f 2136 3153 2453
f 2137 2263 2396
f 2137 2396 2445
f 2138 2209 2820
f 2138 2820 3286
f 2138 2837 2209
f 2138 3286 2837
f 2139 3716 2462
f 2140 6501 2924
f 2141 2249 2594
f 2141 3166 6072
f 2141 3168 2249
f 2141 6072 3168
f 2142 2334 3413
f 2142 2370 2334
f 2142 3413 2890
f 2143 2519 3263
f 2143 2641 2519
f 2143 2721 2997
f 2143 3263 2721
f 2145 2887 6437
f 2145 5936 6439
f 2145 6437 5936
f 2145 6439 6985
f 2145 6985 2887
f 2146 3145 2723
f 2146 3160 2324
f 2147 3179 7104
f 2147 7104 3523
f 2148 3266 3396
f 2149 2320 3535
f 2149 2646 2201
f 2149 3178 2320
f 2149 3535 2646
f 2150 2667 3796
f 2152 2311 3156
f 2152 2581 2872
f 2153 2603 3685
f 2154 2192 3081
f 2154 2242 2193
f 2154 3081 2242
f 2155 2369 2450
f 2156 3536 6452
f 2156 6452 6455
f 2156 6973 3536
f 2157 2842 2265
f 2157 3529 2842
f 2158 3521 3670
f 2159 2272 3634
f 2159 3427 2272
f 2159 3634 3755
f 2159 3755 3427
f 2160 2759 2213
f 2160 4361 2759
f 2160 4406 5325
f 2160 5206 4182
f 2160 5325 7076
f 2160 5729 5206
f 2160 6059 6596
f 2160 6535 6059
f 2160 6596 7161
f 2160 7076 6535
f 2160 7161 4361
f 2161 2608 3026
f 2161 3026 5411
f 2161 6345 2608
f 2162 4527 3045
f 2163 3475 5775
f 2163 4500 2763
f 2163 5775 4500
f 2163 7159 3475
f 2164 3944 6123
f 2164 4563 3944
f 2164 5266 3658
f 2164 6123 5266
f 2165 4088 3342
f 2166 4956 6134
f 2166 6134 2692
f 2166 6169 4956
f 2167 4263 4616
f 2167 5836 4263
f 2168 4063 6796
f 2168 4962 6533
f 2168 6533 7150
f 2168 6796 4962
f 2168 7150 4063
f 2169 2490 5654
f 2169 4243 5857
f 2169 5654 4243
f 2169 5857 2490
f 2170 4487 4038
f 2170 5699 5691
f 2171 4481 5392
f 2172 4814 6816
f 2173 5031 5425
f 2173 5425 5886
f 2173 5886 6949
f 2173 6447 6961
f 2173 6949 6447
f 2173 6961 5031
f 2174 5807 4082
f 2174 5861 5807
f 2174 6311 7048
f 2174 7048 5861
f 2176 4912 6592
f 2176 5318 4912
f 2176 6267 5318
f 2176 6592 7155
f 2177 2761 4920
f 2177 3667 6396
f 2177 4136 3667
f 2177 4920 4136
f 2177 5879 2761
f 2177 6396 5879
f 2178 4141 5741
f 2178 5741 7165
f 2179 2214 4022
f 2179 3022 4587
f 2179 4022 3022
f 2179 4209 6629
f 2179 4587 4209
f 2181 4093 5346
f 2181 4979 4093
f 2181 5265 4979
f 2181 5346 6638
f 2181 6638 5265
f 2182 3892 6796
f 2182 6754 3892
f 2183 2286 2404
f 2183 2404 6778
f 2183 6778 2607
f 2185 5704 6648
f 2185 6142 4001
f 2185 6648 6142
f 2186 2189 3676
f 2186 3676 2325
f 2187 2241 3265
f 2187 2727 6989
f 2187 3265 2727
f 2187 5921 2241
f 2187 6989 5921
f 2188 3381 7151
f 2188 7151 5561
f 2189 2665 3270
f 2189 3270 3676
f 2190 2734 7113
f 2190 2794 2865
f 2190 2865 2734
f 2190 3069 2794
f 2190 7113 3069
f 2191 3174 3258
f 2192 2328 2514
f 2192 2514 3081
f 2194 2333 5520
f 2194 3400 3707
f 2194 3707 2333
f 2194 5520 7105
f 2194 7105 3400
f 2196 6015 3110
f 2198 2527 2719
f 2198 2745 2992
f 2198 2992 2527
f 2199 2379 3372
f 2199 2749 2379
f 2199 3372 3057
f 2200 2976 2383
f 2201 2646 2203
f 2202 2735 5925
f 2202 3212 3527
f 2202 3527 2735
f 2202 5925 6423
f 2202 6423 3212
f 2203 3252 2510
f 2207 2269 2303
f 2207 2303 2805
f 2207 3392 2269
f 2208 2461 2984
f 2208 2984 3550
f 2208 3531 2461
f 2208 3550 2986
f 2209 2837 3108
f 2209 3108 3613
f 2210 2515 3062
f 2210 2592 2572
f 2210 3062 2795
f 2211 2254 3696
f 2211 2876 3700
f 2211 3696 2876
f 2212 2675 2843
f 2212 2843 3336
f 2212 3191 3556
f 2212 3199 3763
f 2212 3295 3191
f 2212 3336 3471
f 2212 3426 3295
f 2212 3471 3426
f 2212 3556 3199
f 2212 3763 2675
f 2213 2759 3114
f 2213 3114 3478
f 2214 5984 6012
f 2214 6012 4022
f 2215 2610 4184
f 2215 4394 2610
f 2216 2418 5246
f 2216 3914 4253
f 2216 4253 5186
f 2216 5186 2418
f 2216 5246 5332
f 2216 5332 6862
f 2216 6862 3914
f 2217 2237 4133
f 2217 4447 6879
f 2217 6536 4447
f 2218 3117 3991
f 2218 3991 4507
f 2218 6495 3117
f 2219 3931 4516
f 2219 4276 3931
f 2219 4516 4753
f 2220 5353 4769
f 2221 3955 5708
f 2221 4991 4483
f 2221 5708 4991
f 2222 2363 6838
f 2222 2928 3036
f 2222 3036 2363
f 2222 3837 4637
f 2222 6838 3837
f 2223 6780 2567
f 2224 4183 6922
f 2224 5279 4422
f 2224 5868 5279
f 2224 6922 5868
f 2226 5296 6752
f 2226 5773 6139
f 2226 6139 6647
f 2226 6647 5296
f 2226 6752 5773
f 2227 2683 4810
f 2227 4810 6702
f 2227 5604 2683
f 2227 6553 5604
f 2227 7081 6553
f 2229 2931 3133
f 2229 4428 2931
f 2231 7179 6636
f 2232 4966 6639
f 2232 5710 3883
f 2232 6241 6701
f 2232 6639 5710
f 2232 6701 4966
f 2233 2484 2940
f 2233 6651 2484
f 2234 4094 3864
f 2234 4238 5856
f 2234 4606 5859
f 2234 5856 4094
f 2234 5859 4238
f 2235 4552 5387
f 2235 5011 4552
f 2236 4152 6348
f 2236 5721 4152
f 2237 3937 4133
f 2237 5765 3937
f 2238 3664 3852
f 2238 4791 3664
f 2239 4091 3932
f 2239 4840 5152
f 2239 5152 4091
f 2240 4842 6394
f 2240 5215 4842
f 2240 5804 5215
f 2240 6394 5804
f 2241 5921 6452
f 2241 6452 6952
f 2241 6952 3265
f 2243 2302 2891
f 2243 2730 2302
f 2243 3075 2756
f 2245 3153 2710
f 2246 2448 6992
f 2246 2989 2448
f 2246 3211 2989
f 2246 3327 3211
f 2246 6992 3327
f 2247 3262 3704
f 2247 3704 5557
f 2247 5557 3279
f 2248 2579 3541
f 2248 2885 6580
f 2248 3065 2579
f 2248 6580 3065
f 2249 3168 2882
f 2250 2890 3548
f 2250 3079 2824
f 2250 3548 7063
f 2250 7063 3079
f 2251 2468 2472
f 2251 2472 3275
f 2251 3275 2391
f 2251 3382 2468
f 2252 2595 3110
f 2252 3110 3819
f 2253 2303 3259
f 2253 2723 3251
f 2254 2875 3696
f 2254 2897 3282
f 2254 3282 2875
f 2255 2372 3083
f 2255 2450 3269
f 2255 3083 2450
f 2255 3269 5497
f 2255 5497 2372
f 2256 2575 3679
f 2256 3679 2376
f 2257 3180 6549
f 2257 5562 3180
f 2258 3697 2465
f 2258 6602 3697
f 2259 2891 3515
f 2259 3050 2825
f 2259 3515 3050
f 2260 2316 2797
f 2260 2343 3260
f 2260 2797 2343
f 2260 3260 2316
f 2261 3146 2326
f 2262 2600 2518
f 2264 2794 2593
f 2265 2842 6042
f 2266 2803 7127
f 2266 7127 2526
f 2267 2730 6036
f 2267 2998 3515
f 2267 6036 7127
f 2267 7127 2998
f 2270 2474 3114
f 2270 3114 3299
f 2270 3299 2474
f 2271 2760 2924
f 2271 2924 3481
f 2271 3481 2760
f 2272 3427 3749
f 2272 3749 3814
f 2272 3814 3634
f 2273 2606 3475
f 2273 2830 2606
f 2273 3438 2830
f 2273 3475 3812
f 2273 3721 3438
f 2273 3777 3721
f 2273 3812 3777
f 2274 3113 3624
f 2274 3214 3472
f 2274 3472 3809
f 2274 3601 3787
f 2274 3624 3214
f 2274 3634 3784
f 2274 3784 3601
f 2274 3787 3113
f 2274 3809 3634
f 2275 3457 3788
f 2275 3788 3815
f 2275 3815 3457
f 2276 2704 4439
f 2276 3639 3939
f 2276 3939 2704
f 2276 4439 4716
f 2276 4716 5643
f 2276 5643 3639
f 2277 4029 6506
f 2277 5979 5566
f 2277 6506 5979
f 2278 4836 6790
f 2278 5305 4836
f 2279 2348 3950
f 2279 3950 4984
f 2279 4109 6725
f 2279 4984 4109
f 2279 6725 2348
f 2280 4252 5649
f 2281 4510 5390
f 2281 5390 6387
f 2282 3358 4629
f 2282 4258 7072
f 2282 4629 6360
f 2282 5805 4258
f 2282 6360 5805
f 2283 4888 6324
f 2283 5235 4888
f 2283 6324 6927
f 2283 6927 5235
f 2284 2628 4869
f 2284 2782 5389
f 2284 4008 4900
f 2284 4869 2782
f 2284 5389 4008
f 2284 5393 2628
f 2285 4829 5815
f 2285 5815 6786
f 2286 5666 2404
f 2287 5514 5982
f 2287 5982 4326
f 2288 5658 6162
f 2288 6162 6726
f 2289 2759 5568
f 2289 4236 5874
f 2289 5115 2759
f 2289 5568 4236
f 2289 5874 5115
f 2290 2855 6815
f 2290 6815 5743
f 2291 5789 7184
f 2291 7184 3116
f 2292 4247 4806
f 2292 4523 4247
f 2292 4769 4523
f 2293 4737 5273
f 2293 6210 4737
f 2293 6507 6210
f 2293 7061 6507
f 2294 3870 6342
f 2294 6342 6729
f 2294 6729 5227
f 2295 5496 5677
f 2295 5677 6116
f 2295 6006 5496
f 2295 6116 6006
f 2296 3492 5678
f 2296 4368 5333
f 2296 5333 3492
f 2296 5781 4368
f 2297 4265 4517
f 2297 4517 5746
f 2297 4600 4265
f 2297 5746 6213
f 2297 6213 6769
f 2298 5688 6148
f 2299 3028 4031
f 2299 4031 7200
f 2299 4885 5594
f 2299 5594 3028
f 2299 7200 4885
f 2300 4094 5351
f 2300 4463 4752
f 2300 4752 4094
f 2300 5351 6194
f 2300 6194 4463
f 2301 6559 6079
f 2302 3515 2891
f 2304 5561 6550
f 2305 2748 2897
f 2305 2784 2748
f 2305 2868 3404
f 2305 2897 2868
f 2305 3404 2784
f 2307 2867 2968
f 2307 2968 3532
f 2307 5552 7106
f 2307 7106 2867
f 2308 2651 2889
f 2308 2889 3701
f 2309 7118 2739
f 2310 2882 3168
f 2310 2965 2882
f 2310 3168 7099
f 2310 7099 3174
f 2311 3150 3673
f 2311 3377 3156
f 2311 3673 3377
f 2312 2367 2893
f 2313 3382 3547
f 2314 2521 3540
f 2314 3540 3179
f 2314 3692 2521
f 2315 2594 2637
f 2316 2439 2797
f 2316 3004 2439
f 2316 3260 3004
f 2318 2524 3392
f 2318 3078 2524
f 2318 3379 3078
f 2318 3392 3379
f 2320 3060 3673
f 2320 3178 3060
f 2321 2652 3387
f 2321 3387 3254
f 2322 3533 2374
f 2323 3205 2924
f 2323 3686 3205
f 2325 3103 6501
f 2325 3278 3103
f 2326 3146 7085
f 2326 6547 2815
f 2326 7085 6547
f 2327 3469 2733
f 2327 6571 6435
f 2328 2470 3405
f 2328 2888 2514
f 2328 3405 2888
f 2329 2576 2440
f 2329 2634 2576
f 2329 3172 2634
f 2333 2520 5520
f 2333 3259 2520
f 2333 3707 3259
f 2334 2456 3379
f 2334 3379 3413
f 2334 3384 2456
f 2335 2885 3057
f 2335 3057 3372
f 2335 3372 6580
f 2335 6580 2885
f 2336 3000 3280
f 2336 3280 2726
f 2336 3412 3000
f 2337 2605 3114
f 2337 3114 3311
f 2337 3311 3822
f 2337 3822 2605
f 2338 2915 3814
f 2338 3741 2915
f 2338 3814 3741
f 2339 3114 3733
f 2339 3441 3114
f 2339 3733 3441
f 2340 2675 3769
f 2340 3113 2675
f 2340 3769 3113
f 2341 2760 3101
f 2341 2834 3220
f 2341 2924 3338
f 2341 3101 2834
f 2341 3220 2924
f 2341 3338 2760
f 2342 2964 3399
f 2342 3389 5994
f 2342 3629 3783
f 2342 3783 5048
f 2342 5048 3329
f 2342 5994 3629
f 2343 3218 3600
f 2343 3600 3629
f 2343 3629 7101
f 2343 7101 3260
f 2344 2606 2758
f 2344 2758 2840
f 2344 2840 7087
f 2344 7188 6765
f 2345 3216 7030
f 2345 3820 3216
f 2345 5048 3820
f 2345 5469 6473
f 2345 6473 7022
f 2345 6484 5469
f 2345 6485 5955
f 2345 7022 6485
f 2345 7030 6484
f 2346 2906 3300
f 2346 3014 3756
f 2346 3019 3814
f 2346 3088 3808
f 2346 3300 3555
f 2346 3555 3088
f 2346 3580 3014
f 2346 3731 3580
f 2346 3756 2906
f 2346 3808 3019
f 2346 3814 3731
f 2347 2403 3599
f 2347 2841 2403
f 2347 3314 3626
f 2347 3447 2841
f 2347 3589 3447
f 2347 3599 3817
f 2347 3626 3589
f 2347 3776 3314
f 2347 3817 3776
f 2348 5082 6858
f 2348 6228 3950
f 2348 6725 5082
f 2348 6858 6228
f 2349 5007 6332
f 2349 5338 5007
f 2349 6332 5161
f 2350 4937 3947
f 2351 4795 5873
f 2351 5873 6866
f 2352 7194 3956
f 2353 5968 6604
f 2353 6604 4355
f 2354 6661 6740
f 2355 2502 6603
f 2355 5564 5641
f 2355 5641 4427
f 2355 6603 5564
f 2356 6671 6835
f 2356 6835 6193
f 2357 4356 7121
f 2357 6389 4356
f 2357 7121 6389
f 2358 5740 5191
f 2359 6355 6885
f 2359 6565 7156
f 2359 6885 6565
f 2359 7156 6355
f 2360 3844 4286
f 2360 4286 6628
f 2360 5230 6232
f 2360 6232 3844
f 2360 6628 5230
f 2361 3857 6675
f 2361 5344 4892
f 2361 6234 5344
f 2361 6675 6234
f 2362 5777 6151
f 2362 6151 6713
f 2362 6217 5777
f 2363 3036 4813
f 2363 4813 5336
f 2363 5336 6838
f 2364 4204 5362
f 2364 5362 6808
f 2364 6808 3874
f 2365 2559 5727
f 2365 5727 4831
f 2365 6159 2559
f 2366 2653 3162
f 2366 3331 2653
f 2367 3694 2893
f 2368 2743 3514
f 2368 2804 3064
f 2368 2902 2743
f 2368 3064 2902
f 2368 3514 2804
f 2369 3269 2450
f 2369 3675 7098
f 2369 7098 3269
f 2371 2710 3153
f 2371 2740 2969
f 2371 2898 2740
f 2371 3153 2898
f 2372 2814 3083
f 2373 3168 6072
f 2373 6072 6580
f 2373 6580 7099
f 2373 7099 3168
f 2374 3533 3390
f 2375 2441 3613
f 2375 2462 2441
f 2375 3086 2591
f 2375 3613 3086
f 2376 2661 2440
f 2376 3679 2661
f 2377 2648 2988
f 2377 2988 3406
f 2378 2905 2995
f 2379 2582 5539
f 2379 2749 2582
f 2379 3087 3372
f 2379 5539 3087
f 2380 2786 3286
f 2380 3176 2786
f 2380 7132 3176
f 2381 2887 6985
f 2381 5934 6984
f 2381 6435 5934
f 2381 6984 2887
f 2382 3261 3408
f 2383 2976 3329
f 2383 3329 6050
f 2383 6050 2664
f 2385 3112 3206
f 2385 3206 2535
f 2385 3800 3112
f 2386 3523 6595
f 2386 5931 6003
f 2386 6003 7103
f 2386 6595 5931
f 2387 3398 3466
f 2387 3466 6972
f 2387 3536 5927
f 2387 5927 3398
f 2387 6972 3536
f 2389 6593 5529
f 2391 3275 3465
f 2391 3465 3619
f 2393 2820 3003
f 2393 3003 3552
f 2393 3286 2820
f 2394 2990 3526
f 2394 3526 3394
f 2395 2460 3388
f 2395 2471 2460
f 2395 3375 2471
f 2395 3388 3512
f 2395 3512 3375
f 2396 2714 2445
f 2397 2590 2984
f 2397 2984 2461
f 2398 4656 6079
f 2398 5046 4656
f 2398 6079 6559
f 2398 6559 5046
f 2399 5520 2520
f 2399 6046 7105
f 2399 6537 6046
f 2399 7105 5520
f 2400 2584 3074
f 2400 2878 2458
f 2400 3074 6028
f 2401 2476 6418
f 2401 2479 3824
f 2401 3824 2476
f 2401 4330 5033
f 2401 5033 7069
f 2401 5436 5900
f 2401 5900 4330
f 2401 6418 5436
f 2401 7069 2479
f 2402 3094 3319
f 2402 3096 3480
f 2402 3100 3607
f 2402 3319 3605
f 2402 3454 3096
f 2402 3455 3094
f 2402 3480 3100
f 2402 3597 3455
f 2402 3605 3454
f 2402 3607 3635
f 2402 3635 3816
f 2402 3816 3597
f 2403 2757 3328
f 2403 2841 2757
f 2403 2923 3599
f 2403 3107 3621
f 2403 3212 6423
f 2403 3328 3803
f 2403 3621 3469
f 2403 3803 3107
f 2403 6423 2923
f 2403 6976 3212
f 2404 3640 6778
f 2404 5260 3640
f 2404 5666 5260
f 2405 4314 5130
f 2405 4987 4314
f 2405 6770 4987
f 2406 4145 5208
f 2406 5208 2504
f 2407 4463 6912
f 2407 4504 4758
f 2407 4752 4463
f 2407 4758 6836
f 2407 5378 4752
f 2407 6836 5378
f 2407 6912 4504
f 2408 5737 4584
f 2409 4833 5391
f 2409 5209 4833
f 2409 6276 5209
f 2410 3874 6808
f 2410 4927 3874
f 2410 6493 4927
f 2410 6808 6493
f 2411 3965 2480
f 2411 5282 3965
f 2412 3025 4538
f 2412 4538 6322
f 2412 6322 6308
f 2413 6312 3357
f 2413 6353 6696
f 2414 4765 6710
f 2414 6544 4765
f 2414 6710 6544
f 2415 2482 6353
f 2415 4028 4870
f 2415 4630 4028
f 2415 4870 2482
f 2415 6353 4630
f 2416 3947 6277
f 2416 4674 7070
f 2416 6277 4674
f 2416 6557 3947
f 2416 7070 6557
f 2417 5399 4173
f 2418 2481 3669
f 2418 2857 5246
f 2418 3669 2857
f 2418 5186 2481
f 2419 2927 6844
f 2419 3030 4918
f 2419 4918 5863
f 2419 5863 2927
f 2419 6844 3030
f 2420 6221 4857
f 2421 6631 4828
f 2422 2612 7072
f 2422 4258 6279
f 2422 6279 4270
f 2422 7072 4258
f 2423 3863 4075
f 2423 4075 4083
f 2424 4278 4110
f 2425 4060 4578
f 2425 4578 6507
f 2425 6507 4060
f 2426 4742 3503
f 2426 5251 4742
f 2427 4764 6185
f 2427 5368 4764
f 2428 5747 5521
f 2429 3880 5385
f 2429 4221 3880
f 2430 3897 4889
f 2430 5216 6173
f 2430 6173 3897
f 2431 4853 6885
f 2431 6851 4853
f 2431 6885 6355
f 2432 6649 4533
f 2433 2759 7149
f 2433 6886 2759
f 2433 7149 6343
f 2435 2768 4384
f 2435 3491 2768
f 2436 2543 5137
f 2436 4390 2543
f 2436 5137 6701
f 2436 6701 6241
f 2437 4047 5812
f 2437 5812 5829
f 2437 5854 6357
f 2437 6357 4047
f 2438 4086 5414
f 2438 4647 6942
f 2438 5414 5913
f 2438 5913 4647
f 2438 6430 4086
f 2438 6942 6430
f 2439 2645 2797
f 2439 3004 3384
f 2442 3143 3800
f 2442 3285 3397
f 2442 3397 3143
f 2442 3800 3285
f 2443 2593 3069
f 2443 3069 7113
f 2443 6025 7107
f 2443 7107 2593
f 2443 7113 6025
f 2444 3542 2757
f 2445 2714 2810
f 2446 2993 2668
f 2446 3170 2993
f 2447 2529 3696
f 2447 3534 2529
f 2447 3696 2875
f 2448 2989 6944
f 2448 6415 6438
f 2448 6438 6992
f 2448 6944 6415
f 2449 2648 3173
f 2449 3173 2877
f 2452 2924 3524
f 2453 3060 3178
f 2453 3378 3060
f 2456 3078 3379
f 2458 2878 3280
f 2458 3280 3000
f 2460 2471 2720
f 2460 2720 3677
f 2461 3531 7105
f 2463 3212 6976
f 2463 3527 3212
f 2463 5936 6437
f 2463 6437 6974
f 2463 6974 3527
f 2463 6976 5936
f 2464 2662 2970
f 2464 2970 3061
f 2464 3061 6555
f 2465 3271 2748
f 2467 2601 3683
f 2467 3683 2662
f 2470 2650 7133
f 2470 2980 2650
f 2470 5560 3405
f 2470 7133 5560
f 2471 3274 2720
f 2473 5985 7118
f 2473 6021 6512
f 2473 6512 5985
f 2474 3299 3303
f 2474 3303 3114
f 2475 2836 2541
f 2475 3458 3625
f 2475 3625 3331
f 2475 3670 3080
f 2476 3111 3805
f 2476 3805 5425
f 2476 3824 3111
f 2476 5031 6418
f 2476 5425 5031
f 2477 3099 3217
f 2477 3217 3778
f 2477 3479 3099
f 2477 3778 3781
f 2477 3781 3479
f 2478 3219 6489
f 2478 3335 3219
f 2478 3801 3111
f 2478 5477 3335
f 2478 6489 3801
f 2479 2485 3943
f 2479 3037 4967
f 2479 3836 3037
f 2479 3943 6893
f 2479 4095 3836
f 2479 4193 5171
f 2479 4627 6313
f 2479 4967 6368
f 2479 5171 4095
f 2479 6313 4193
f 2479 6368 2485
f 2479 6540 4627
f 2479 7069 6540
f 2480 3965 4215
f 2481 5186 5575
f 2482 4324 5002
f 2482 4870 4324
f 2482 5002 6696
f 2482 6696 6353
f 2483 6141 5515
f 2484 2935 5117
f 2484 4820 2940
f 2484 5117 4820
f 2485 6368 3943
f 2486 4303 5348
f 2486 5348 4018
f 2487 4403 6737
f 2487 6737 4950
f 2488 3963 6663
f 2488 4556 5169
f 2488 4814 3963
f 2488 5169 4814
f 2489 4287 6819
f 2489 4516 4287
f 2489 4753 4516
f 2489 5376 4753
f 2489 6819 5376
f 2490 3951 4178
f 2490 5857 3951
f 2491 3663 3981
f 2491 4007 4827
f 2491 4375 3663
f 2491 4827 4375
f 2492 3358 5976
f 2493 6155 2766
f 2493 6714 6155
f 2494 4306 5842
f 2494 5842 5963
f 2494 6218 4306
f 2495 5156 7165
f 2495 5615 5156
f 2495 6264 5615
f 2495 6646 6264
f 2495 7165 6646
f 2496 3993 4102
f 2496 4102 6621
f 2496 6621 7177
f 2496 6841 3993
f 2496 7177 6841
f 2497 4852 5622
f 2497 5622 6084
f 2497 6084 3041
f 2498 3952 6663
f 2498 4369 2925
f 2498 5207 3952
f 2498 6663 4369
f 2499 6281 4323
f 2500 6323 6849
f 2501 3344 4595
f 2501 4595 5275
f 2501 5275 6334
f 2502 2770 6603
f 2502 3860 2770
f 2503 2846 5700
f 2503 3883 5710
f 2503 4446 2846
f 2503 4862 3883
f 2503 5700 6523
f 2503 5710 4446
f 2503 6523 4862
f 2504 5208 6223
f 2505 6360 4629
f 2506 7148 5806
f 2507 5880 6924
f 2508 3484 6181
f 2508 6767 3484
f 2509 2724 3003
f 2509 3003 2820
f 2512 2994 6978
f 2512 3549 2994
f 2512 5910 3549
f 2513 2657 3404
f 2513 3408 3529
f 2514 2572 3081
f 2514 2888 3159
f 2516 2741 2640
f 2516 7084 3180
f 2517 5527 2725
f 2517 6046 5527
f 2518 2600 3266
f 2521 3053 2528
f 2521 3692 3053
f 2522 2636 3283
f 2522 3283 2640
f 2522 3681 2636
f 2523 2742 3517
f 2523 3517 3700
f 2523 3700 2571
f 2524 2899 2996
f 2524 3078 2899
f 2525 2988 2648
f 2526 6036 7131
f 2526 7127 6036
f 2526 7131 2985
f 2527 2992 3684
f 2528 3053 2634
f 2529 2813 3696
f 2530 2717 3171
f 2530 3144 2717
f 2530 3276 3144
f 2531 3691 7111
f 2531 7111 3387
f 2532 3082 7101
f 2532 3629 3793
f 2532 7101 3629
f 2534 2577 2924
f 2534 2924 5973
f 2536 3328 6017
f 2537 2729 3611
f 2537 2924 3414
f 2537 3414 2729
f 2537 3611 2924
f 2538 2539 2817
f 2538 2657 2539
f 2538 2784 3404
f 2538 3404 2657
f 2539 2657 7106
f 2539 7106 2817
f 2540 3400 7140
f 2540 7140 7100
f 2541 2836 3467
f 2541 3106 7103
f 2541 3210 3620
f 2541 3467 7085
f 2541 3620 3798
f 2541 3798 3106
f 2541 3799 3458
f 2541 7085 3210
f 2541 7103 3799
f 2542 3302 3336
f 2542 3336 3477
f 2542 3477 6491
f 2542 3575 3302
f 2542 5961 3575
f 2542 6491 5961
f 2543 4116 4736
f 2543 4390 4116
f 2543 4736 5137
f 2544 3225 4035
f 2544 4035 5010
f 2544 4471 3225
f 2544 5010 4471
f 2545 5181 6367
f 2546 4716 4439
f 2546 6764 4716
f 2547 3033 5837
f 2547 4011 6057
f 2547 4026 3033
f 2547 5270 4026
f 2547 5837 4011
f 2547 6057 5270
f 2548 3646 6521
f 2548 3897 3646
f 2548 6521 6775
f 2548 6775 3897
f 2549 5204 2939
f 2550 3132 6227
f 2550 6227 4357
f 2551 3241 7184
f 2551 5254 6342
f 2551 6735 5254
f 2551 7184 6735
f 2552 3119 5739
f 2552 3988 3119
f 2552 4490 5118
f 2552 5118 3988
f 2552 5739 4490
f 2553 6672 5696
f 2554 5745 3877
f 2555 4177 4973
f 2556 7087 5285
f 2557 4118 5317
f 2557 4167 5134
f 2557 4989 4167
f 2557 5134 4118
f 2557 5317 5848
f 2557 5848 4989
f 2559 5295 6156
f 2559 6156 5727
f 2559 6159 5295
f 2560 6256 6754
f 2560 6682 7174
f 2560 6754 6682
f 2560 7174 6256
f 2561 5242 6221
f 2562 4528 6098
f 2562 4852 6655
f 2562 5622 4852
f 2562 6098 5622
f 2563 2617 3918
f 2563 3918 5201
f 2563 6904 2617
f 2565 5301 6378
f 2565 6351 5301
f 2565 6378 6760
f 2566 4386 6253
f 2566 4508 6145
f 2568 2862 7164
f 2568 4772 6652
f 2568 6652 2862
f 2568 7164 4772
f 2569 3653 4010
f 2569 4010 4540
f 2569 4298 3653
f 2569 5302 4298
f 2570 3509 7145
f 2570 3693 3509
f 2571 3700 2876
f 2571 6549 6041
f 2573 3076 3703
f 2573 3159 3076
f 2573 3703 3550
f 2574 6041 7084
f 2574 7084 7152
f 2579 3065 3541
f 2580 3068 2842
f 2580 3072 2999
f 2581 5567 7091
f 2581 5974 2872
f 2581 7091 5974
f 2582 2749 3050
f 2582 2998 5539
f 2582 3050 2998
f 2583 2746 3710
f 2583 2970 3059
f 2583 3059 2746
f 2583 3061 2970
f 2583 3710 6035
f 2583 6035 3061
f 2584 2835 3074
f 2584 3520 2835
f 2586 2636 3681
f 2586 3209 3802
f 2586 3326 3209
f 2586 3681 3326
f 2586 3802 2636
f 2587 3287 3690
f 2587 3706 3287
f 2588 3106 3798
f 2590 2795 3062
f 2590 3062 2984
f 2591 3797 2638
f 2593 2794 3069
f 2593 7107 3262
f 2595 3518 3110
f 2598 6584 7074
f 2601 2643 3683
f 2602 2924 3205
f 2602 3205 3686
f 2602 3414 2924
f 2602 3686 3414
f 2603 3394 2788
f 2604 3336 3623
f 2604 3431 3753
f 2604 3574 3431
f 2604 3623 3574
f 2604 3753 3336
f 2605 3765 3114
f 2605 3822 3765
f 2606 2830 3577
f 2606 2914 2758
f 2606 2919 3459
f 2606 3015 6007
f 2606 3102 6268
f 2606 3293 2914
f 2606 3320 5113
f 2606 3459 3102
f 2606 3571 3293
f 2606 3577 3736
f 2606 3609 3015
f 2606 3736 3571
f 2606 3790 2919
f 2606 4699 3790
f 2606 5113 4699
f 2606 6007 3320
f 2606 6268 3475
f 2607 4343 5720
f 2607 6608 4343
f 2607 6778 6608
f 2608 4708 6384
f 2608 5142 4708
f 2608 6345 5142
f 2608 6384 3026
f 2610 6210 3122
f 2611 3029 4421
f 2611 4293 6128
f 2611 4421 5206
f 2611 4556 4293
f 2611 6128 3029
f 2614 4307 6845
f 2614 4726 4307
f 2614 6845 4466
f 2615 5053 5696
f 2615 5696 4216
f 2615 6591 5053
f 2615 6706 6591
f 2616 3886 4789
f 2616 4697 3886
f 2616 4789 4820
f 2616 4820 5117
f 2616 5117 6526
f 2616 6526 4697
f 2620 3125 7196
f 2620 6590 3125
f 2620 7196 6722
f 2621 2676 6784
f 2621 5229 6891
f 2621 6784 5229
f 2622 4934 6709
f 2623 5290 6761
f 2623 5823 4426
f 2623 6103 5290
f 2623 6761 5823
f 2625 5124 6860
f 2625 6676 5124
f 2625 6860 6086
f 2626 3926 5843
f 2626 4463 6194
f 2626 5843 4463
f 2626 6194 6909
f 2626 6909 3926
f 2627 4080 4517
f 2627 4517 4823
f 2627 4754 4080
f 2627 4823 5189
f 2627 5189 5586
f 2627 5586 4754
f 2628 5393 5992
f 2629 4715 4418
f 2630 2687 3504
f 2630 3245 5627
f 2630 3504 3245
f 2630 3985 2687
f 2630 5238 3985
f 2630 5627 5238
f 2632 3853 6820
f 2632 5364 4508
f 2633 6496 6844
f 2633 6844 6319
f 2634 3172 3525
f 2636 3802 3283
f 2638 3797 2737
f 2639 2972 6555
f 2639 3186 2972
f 2639 3708 6984
f 2639 6555 3708
f 2639 6984 3186
f 2640 2741 2873
f 2642 2707 3085
f 2642 3085 3681
f 2642 3547 2707
f 2643 2717 3683
f 2643 3171 2717
f 2644 2741 3403
f 2644 2873 2741
f 2644 3403 7138
f 2644 7138 2798
f 2646 3535 3376
f 2647 3065 6072
f 2647 3166 3715
f 2647 3541 3065
f 2647 3715 7109
f 2647 6072 3166
f 2647 7109 3541
f 2649 2974 6441
f 2649 5516 5522
f 2649 5522 6432
f 2649 6432 2974
f 2649 6441 5516
f 2650 2821 7133
f 2650 2980 6594
f 2650 6594 2821
f 2651 2709 2889
f 2651 3147 2709
f 2654 3405 5560
f 2654 5560 3165
f 2655 3680 6517
f 2655 6517 3691
f 2656 3322 3458
f 2656 3370 3322
f 2656 3458 2903
f 2658 2962 7049
f 2658 3257 2880
f 2660 2737 5557
f 2660 3704 6061
f 2660 5557 3704
f 2663 2972 3186
f 2663 3186 6571
f 2664 6050 7123
f 2664 7123 2708
f 2666 3278 3391
f 2666 3391 3063
f 2667 3463 3796
f 2668 2993 3530
f 2668 3530 2971
f 2669 3155 3273
f 2670 3002 3537
f 2671 3411 3169
f 2671 7102 3411
f 2672 2827 3114
f 2672 3114 3767
f 2672 3767 2827
f 2673 3093 3588
f 2673 3554 3093
f 2673 3588 3554
f 2674 3219 3335
f 2674 3335 7033
f 2674 3614 7000
f 2674 5041 3219
f 2674 6470 5041
f 2674 7000 6470
f 2675 3113 3787
f 2675 3763 3810
f 2675 3787 2843
f 2675 3810 3769
f 2676 6790 6784
f 2677 3032 6056
f 2677 3955 4632
f 2677 4632 3032
f 2677 5708 3955
f 2677 6056 5708
f 2678 5327 6168
f 2679 4131 6388
f 2679 5139 6380
f 2680 3916 6877
f 2680 4269 5359
f 2680 6877 4269
f 2681 3341 6321
f 2681 4154 5001
f 2681 5001 6774
f 2681 5399 3341
f 2681 6321 4154
f 2681 6774 5399
f 2682 4077 4804
f 2682 6100 4077
f 2683 6765 4810
f 2684 4381 4995
f 2684 4995 4201
f 2685 4591 6832
f 2685 5535 6588
f 2685 6120 5535
f 2685 6832 6120
f 2686 4360 5498
f 2686 7162 4360
f 2687 4588 6698
f 2687 6698 3504
f 2687 6846 4588
f 2688 6138 5761
f 2689 5693 4478
f 2690 4797 5603
f 2690 5532 6530
f 2690 5603 5342
f 2690 7083 5532
f 2691 4055 6872
f 2692 6134 6615
f 2692 6615 5297
f 2693 4012 6264
f 2693 4070 4012
f 2693 6264 6646
f 2693 6646 4070
f 2694 4831 5727
f 2694 5535 5748
f 2694 5748 4831
f 2695 4064 5547
f 2695 4374 6918
f 2695 6918 4064
f 2695 6919 4374
f 2696 4224 6690
f 2696 4245 4224
f 2696 5211 4245
f 2696 5231 5211
f 2696 6690 5231
f 2697 5692 5979
f 2697 5979 7055
f 2698 3343 4750
f 2698 4750 2936
f 2698 5267 3343
f 2698 6745 5267
f 2699 5818 6561
f 2699 6561 3215
f 2700 4553 6877
f 2700 6660 5769
f 2700 6877 6660
f 2701 3117 6495
f 2701 6495 7081
f 2701 7081 4232
f 2702 2945 4042
f 2702 4042 5787
f 2702 6130 2945
f 2703 3842 5856
f 2703 4496 5771
f 2703 4964 4496
f 2703 5771 3842
f 2703 5856 4964
f 2704 3939 7182
f 2705 6717 6236
f 2705 6773 5159
f 2707 3547 3382
f 2709 2798 2889
f 2709 3147 2991
f 2712 2757 3542
f 2712 2874 2959
f 2712 3542 2874
f 2712 3690 2757
f 2713 2920 3101
f 2713 3101 3104
f 2713 3104 3380
f 2713 3380 2920
f 2714 3391 2810
f 2715 3110 6015
f 2715 5040 3110
f 2715 6015 5040
f 2716 3157 6062
f 2716 3713 3157
f 2716 6062 3615
f 2722 2886 6952
f 2722 6438 2886
f 2722 6444 6438
f 2722 6952 6444
f 2723 3145 3251
f 2724 3164 3698
f 2724 3552 3003
f 2724 3698 3552
f 2727 3255 6989
f 2727 3265 6979
f 2727 6008 3255
f 2727 6979 6008
f 2728 2973 3706
f 2728 3688 2973
f 2728 3706 3170
f 2729 2814 3611
f 2729 3414 3402
f 2732 3254 3387
f 2732 3387 6021
f 2733 3469 3001
f 2734 2981 7113
f 2734 3047 2981
f 2735 3527 6974
f 2736 7158 3381
f 2737 3797 5557
f 2738 7108 6579
f 2739 5529 6593
f 2739 6576 7132
f 2739 6593 6576
f 2739 7118 5529
f 2743 2979 3514
f 2744 3524 2962
f 2748 3271 3282
f 2748 3282 2897
f 2749 2825 3050
f 2750 2922 3067
f 2751 3008 3564
f 2751 3013 3200
f 2751 3200 3728
f 2751 3564 3723
f 2751 3723 3013
f 2751 3728 3008
f 2752 3478 3822
f 2752 3758 3478
f 2752 3822 3758
f 2753 2758 3762
f 2753 2840 2758
f 2753 3301 3584
f 2753 3584 3631
f 2753 3631 2840
f 2753 3762 3301
f 2754 2839 3114
f 2754 3114 5491
f 2754 3333 2839
f 2754 3610 3333
f 2754 4692 6975
f 2754 5453 6445
f 2754 5491 6037
f 2754 6037 6070
f 2754 6070 4692
f 2754 6445 3610
f 2754 6975 5453
f 2755 2791 3385
f 2755 2812 3054
f 2755 2923 3795
f 2755 3054 3551
f 2755 3112 5478
f 2755 3385 3717
f 2755 3468 3112
f 2755 3551 6527
f 2755 3795 2791
f 2755 5478 2923
f 2755 5924 2812
f 2755 6527 3468
f 2756 2985 7131
f 2756 3319 3455
f 2756 3455 3465
f 2756 3465 2985
f 2756 3605 3319
f 2756 3819 3605
f 2756 6031 3819
f 2756 7131 6036
f 2757 2841 3218
f 2757 3287 6525
f 2757 3690 3287
f 2757 6017 3328
f 2757 6525 6017
f 2758 2910 3729
f 2758 2914 3433
f 2758 3010 2910
f 2758 3433 3748
f 2758 3554 3588
f 2758 3588 3762
f 2758 3729 3554
f 2758 3748 3010
f 2759 2847 5981
f 2759 3835 2847
f 2759 4062 6218
f 2759 4156 7036
f 2759 4355 6604
f 2759 4361 4958
f 2759 4663 4062
f 2759 4958 4156
f 2759 5115 6739
f 2759 5479 6669
f 2759 5963 5479
f 2759 5981 3114
f 2759 6552 4720
f 2759 6604 7149
f 2759 6669 3835
f 2759 6739 4511
f 2759 6886 4663
f 2760 3338 2924
f 2760 3481 3101
f 2761 3638 4127
f 2761 4127 4920
f 2761 5879 3638
f 2762 4017 5003
f 2762 5003 6239
f 2762 5880 4017
f 2762 6924 5880
f 2763 6075 5542
f 2764 3250 7185
f 2764 4605 3250
f 2764 6378 6774
f 2764 6774 4605
f 2764 7185 6378
f 2765 4289 7154
f 2765 4594 4289
f 2765 5828 6323
f 2765 6323 4594
f 2766 5157 5271
f 2766 5271 5484
f 2766 6155 5157
f 2767 3137 4378
f 2767 4378 5345
f 2767 5345 6237
f 2767 6237 3137
f 2768 3491 6839
f 2768 6551 6929
f 2768 6839 6551
f 2768 6929 4384
f 2769 3129 6157
f 2769 4977 6287
f 2769 6287 3129
f 2770 3860 4195
f 2770 4195 5766
f 2770 5766 6603
f 2771 4417 6113
f 2771 4454 4744
f 2771 4566 5801
f 2771 4744 4417
f 2771 5274 4454
f 2771 6113 4566
f 2772 2945 6625
f 2772 3347 5316
f 2772 4039 4042
f 2772 4042 2945
f 2772 5316 4039
f 2772 6625 3347
f 2774 3046 5227
f 2774 5227 6729
f 2774 6729 7192
f 2775 4639 5308
f 2775 5308 6802
f 2776 4617 5584
f 2776 5335 6785
f 2776 5584 5335
f 2777 4401 4713
f 2777 4445 4401
f 2778 4053 5386
f 2778 5132 5595
f 2778 5386 6118
f 2778 6118 5132
f 2779 4014 6326
f 2780 3829 6624
f 2780 4441 3829
f 2780 6102 4441
f 2781 3665 6250
f 2781 5832 3665
f 2782 4869 5226
f 2782 5226 5834
f 2782 5834 5389
f 2785 3716 3519
f 2786 2807 2837
f 2786 2837 3286
f 2786 3176 2807
f 2787 2864 5928
f 2787 3401 6415
f 2787 5928 6979
f 2787 6415 2864
f 2787 6979 3401
f 2788 2884 3161
f 2788 3394 2884
f 2789 2869 3718
f 2789 3718 5516
f 2789 5516 6441
f 2789 6441 6981
f 2789 6981 2869
f 2790 2961 3682
f 2790 6550 2961
f 2791 3398 3510
f 2791 3510 3385
f 2791 3795 3398
f 2792 2867 7106
f 2792 5109 2867
f 2792 6042 5109
f 2792 7106 6042
f 2794 3511 2865
f 2796 3181 3516
f 2798 7138 2889
f 2801 2922 3703
f 2801 3703 3076
f 2802 3678 3522
f 2803 2816 7127
f 2804 3151 3064
f 2806 2874 3371
f 2806 2959 2874
f 2806 3264 3672
f 2806 3371 3264
f 2806 3672 2959
f 2807 3176 6550
f 2807 3625 2837
f 2807 5561 3625
f 2807 6550 5561
f 2809 2924 7098
f 2809 3460 2924
f 2809 7098 5111
f 2810 3391 3278
f 2812 2974 6432
f 2812 3149 2974
f 2812 5924 3149
f 2812 6432 3054
f 2813 2876 3696
f 2814 3272 3611
f 2815 3697 6047
f 2815 6047 6500
f 2815 6547 3697
f 2816 3087 5539
f 2816 3258 3087
f 2816 5539 7127
f 2817 5552 6602
f 2817 7106 5552
f 2819 2887 6984
f 2819 3184 6437
f 2819 3708 6983
f 2819 6437 2887
f 2819 6974 3184
f 2819 6983 6974
f 2819 6984 3708
f 2821 3399 7133
f 2821 6594 2978
f 2822 3071 3671
f 2822 3671 6511
f 2822 6511 5567
f 2823 5910 6974
f 2823 5932 5910
f 2823 6974 6983
f 2823 6983 5932
f 2826 3114 3734
f 2826 3422 3114
f 2826 3734 3422
f 2827 3192 3330
f 2827 3330 3114
f 2827 3553 3192
f 2827 3767 3553
f 2828 2839 3582
f 2828 3474 3747
f 2828 3582 3474
f 2828 3747 2839
f 2829 3195 3563
f 2829 3417 3750
f 2829 3563 3417
f 2829 3728 3195
f 2829 3750 3728
f 2830 3438 3561
f 2830 3561 3809
f 2830 3809 3577
f 2831 3587 3746
f 2831 3631 3587
f 2831 3746 3631
f 2832 3306 3634
f 2832 3562 3306
f 2832 3573 3744
f 2832 3634 3573
f 2832 3744 3562
f 2833 3305 3474
f 2833 3474 3333
f 2833 3761 3305
f 2834 3101 3220
f 2835 3101 3323
f 2835 3323 3074
f 2835 3520 3101
f 2836 3080 2905
f 2837 3458 3108
f 2837 3625 3458
f 2838 3019 3808
f 2838 3758 3822
f 2838 3808 3758
f 2838 3822 3019
f 2839 2911 3751
f 2839 3333 3582
f 2839 3747 2911
f 2839 3751 3114
f 2840 3204 3321
f 2840 3321 3612
f 2840 3461 6582
f 2840 3612 3461
f 2840 3631 3824
f 2840 5285 7087
f 2840 6582 3792
f 2841 3316 3772
f 2841 3447 3316
f 2841 3592 3218
f 2841 3772 3592
f 2842 3068 3517
f 2842 3105 3455
f 2842 3112 3800
f 2842 3143 6016
f 2842 3455 3602
f 2842 3602 3112
f 2842 3800 3143
f 2842 5109 6042
f 2842 6016 5109
f 2842 7152 3105
f 2843 3016 3336
f 2843 3099 3821
f 2843 3203 3016
f 2843 3456 3099
f 2843 3479 3203
f 2843 3787 3456
f 2843 3821 3479
f 2844 4112 5087
f 2844 4576 4112
f 2844 4941 4576
f 2844 5087 4941
f 2845 4530 6208
f 2845 5159 6659
f 2845 6208 5159
f 2845 6659 5581
f 2846 4446 5707
f 2846 4548 5700
f 2846 5707 4548
f 2847 3835 7190
f 2847 4052 5831
f 2847 5831 5981
f 2847 7190 4052
f 2848 4667 5513
f 2848 5365 6197
f 2848 5513 5365
f 2848 6197 6621
f 2848 6621 4667
f 2849 4983 4015
f 2849 5404 4983
f 2850 4473 4961
f 2850 5166 6884
f 2850 6884 4473
f 2851 4002 4422
f 2851 4078 4787
f 2851 4422 4078
f 2852 6157 4445
f 2853 3232 5626
f 2853 4735 3232
f 2853 6686 4735
f 2854 5178 7126
f 2854 5372 6682
f 2854 6258 5372
f 2854 6682 5178
f 2854 7126 6258
f 2855 4145 4540
f 2855 4540 6815
f 2855 4601 4145
f 2856 4357 4065
f 2858 4666 5790
f 2858 5790 4762
f 2858 6508 4666
f 2859 4247 4398
f 2859 4398 3641
f 2859 4806 4247
f 2860 3503 4267
f 2860 4267 6195
f 2860 5074 5548
f 2860 5548 6005
f 2860 6195 5074
f 2861 4489 6692
f 2861 4742 6225
f 2861 6225 4489
f 2861 6692 4742
f 2862 4299 7164
f 2862 6652 7191
f 2864 2994 3070
f 2864 3070 5928
f 2864 5918 6978
f 2864 6415 5918
f 2864 6978 2994
f 2866 2989 3211
f 2866 3211 6965
f 2866 5918 6944
f 2866 5925 6978
f 2866 6944 2989
f 2866 6965 5925
f 2866 6978 5918
f 2869 3711 3718
f 2869 6595 3711
f 2869 6981 6595
f 2870 6061 7107
f 2870 7107 2963
f 2871 3375 3511
f 2880 3257 3407
f 2880 3407 3545
f 2884 3267 3709
f 2884 3394 3526
f 2884 3526 3267
f 2884 3709 3161
f 2886 3265 6952
f 2886 3401 3265
f 2886 6415 3401
f 2886 6438 6415
f 2889 7138 3701
f 2892 2975 3525
f 2894 3104 3520
f 2894 3380 3104
f 2895 3510 6449
f 2895 6431 3510
f 2895 6449 6991
f 2895 6991 5924
f 2896 3082 5538
f 2896 5538 7102
f 2896 5996 7101
f 2896 7101 3082
f 2896 7102 5996
f 2900 6049 5044
f 2901 3395 3715
f 2901 3715 3166
f 2902 3064 3685
f 2903 3458 3616
f 2904 3402 3182
f 2906 3725 3300
f 2906 3756 3725
f 2907 3090 3296
f 2907 3196 3777
f 2907 3296 3196
f 2907 3418 3090
f 2907 3777 3418
f 2908 3308 3759
f 2908 3422 3734
f 2908 3734 3764
f 2908 3759 3422
f 2908 3764 3308
f 2909 3092 3221
f 2909 3221 3297
f 2909 3297 3572
f 2909 3572 3092
f 2910 3010 3428
f 2910 3428 3729
f 2911 3747 3807
f 2911 3807 3751
f 2912 3190 3722
f 2912 3416 3190
f 2912 3559 3416
f 2912 3722 3559
f 2913 5962 7032
f 2914 3214 3433
f 2914 3293 3472
f 2914 3472 3214
f 2915 3307 3435
f 2915 3435 3568
f 2915 3568 3814
f 2915 3579 3307
f 2915 3741 3579
f 2916 2923 5478
f 2916 3473 2923
f 2916 5478 3473
f 2917 3112 3332
f 2917 3332 5478
f 2917 5478 3112
f 2918 2922 3101
f 2919 3790 5658
f 2920 3185 3684
f 2920 3380 3185
f 2921 3333 3791
f 2921 3791 5892
f 2921 5419 6413
f 2921 5892 5909
f 2921 5909 5419
f 2921 6413 5894
f 2922 3158 3067
f 2922 3165 3101
f 2922 3528 6589
f 2922 6589 3158
f 2923 3211 3327
f 2923 3327 3617
f 2923 3466 3795
f 2923 3473 3599
f 2923 3617 3466
f 2923 6423 6965
f 2923 6965 3211
f 2924 3103 3278
f 2924 3220 3719
f 2924 3273 3528
f 2924 3460 7049
f 2924 3611 3272
f 2924 3719 7029
f 2924 4659 5474
f 2924 5042 6479
f 2924 5043 4659
f 2924 5468 7017
f 2924 5474 5042
f 2924 5497 7098
f 2924 6038 7157
f 2924 6479 7025
f 2924 6487 7078
f 2924 6501 3103
f 2924 7017 6487
f 2924 7025 5468
f 2924 7029 5043
f 2924 7049 3524
f 2924 7078 5101
f 2924 7109 3702
f 2924 7157 3273
f 2925 4369 5569
f 2925 5569 5616
f 2926 4733 7073
f 2926 6032 4871
f 2926 7073 6032
f 2927 4812 4414
f 2927 5863 4812
f 2930 5129 6823
f 2930 6612 5129
f 2930 6823 7041
f 2930 7041 6612
f 2931 3490 3133
f 2931 4428 6334
f 2931 4739 3490
f 2931 6334 4739
f 2932 4021 6383
f 2932 4153 6747
f 2932 4732 4153
f 2932 6383 4732
f 2933 3991 3117
f 2933 5326 3991
f 2933 6262 5326
f 2933 6684 6262
f 2934 5138 3020
f 2934 5331 5138
f 2934 5826 5331
f 2935 4815 5117
f 2936 4457 6327
f 2936 4750 4457
f 2936 6327 4884
f 2937 5064 6519
f 2937 5298 5064
f 2937 5549 6207
f 2937 6207 5298
f 2937 6519 5549
f 2938 3962 4303
f 2938 4303 5809
f 2938 4896 5148
f 2938 5148 6505
f 2938 5809 4896
f 2938 6505 3962
f 2939 3483 6814
f 2941 5672 6779
f 2941 6661 5672
f 2941 6779 3648
f 2941 7175 6661
f 2942 6048 7095
f 2942 6887 6048
f 2943 4677 3138
f 2943 6498 4677
f 2943 6656 6498
f 2944 4749 3894
f 2944 5071 4749
f 2945 6130 6625
f 2947 4481 6362
f 2947 5788 4980
f 2948 5106 6458
f 2948 5435 5106
f 2948 5908 5435
f 2948 6458 5908
f 2950 5279 5868
f 2950 6575 6917
f 2950 6917 5279
f 2951 4480 6379
f 2951 5366 6894
f 2951 6894 4480
f 2952 3364 6383
f 2952 4635 3364
f 2952 6383 4944
f 2953 4233 4586
f 2955 5199 6767
f 2955 6685 6214
f 2956 4023 5772
f 2956 5680 4023
f 2957 3027 6735
f 2957 4794 5240
f 2957 5240 5611
f 2957 5611 3027
f 2957 6735 4794
f 2958 4181 6696
f 2958 5344 6234
f 2958 6234 4181
f 2958 6696 5002
f 2959 3672 3277
f 2961 6576 3682
f 2962 3524 7049
f 2963 3049 3688
f 2963 6025 3049
f 2963 7107 6025
f 2972 3163 6555
f 2973 3287 3706
f 2973 3373 6525
f 2973 3688 3373
f 2973 6525 3287
f 2974 3066 6441
f 2974 3149 3066
f 2975 3516 3525
f 2976 3412 3329
f 2977 3327 6992
f 2977 3617 3327
f 2977 6444 3617
f 2977 6992 6444
f 2978 6594 3389
f 2981 3373 7113
f 2981 6017 6525
f 2981 6525 3373
f 2982 3711 3695
f 2982 3718 3711
f 2982 6564 3718
f 2993 3277 3530
f 2994 3549 6532
f 2994 6532 3070
f 2998 3050 3515
f 2998 7127 5539
f 2999 3072 3261
f 3002 3682 6576
f 3004 3169 3384
f 3005 3114 3422
f 3005 3422 3759
f 3005 3759 3114
f 3006 3091 3187
f 3006 3187 3566
f 3006 3298 3752
f 3006 3566 3730
f 3006 3730 3298
f 3006 3752 3091
f 3007 3417 3777
f 3007 3750 3417
f 3007 3766 3750
f 3007 3777 3812
f 3007 3812 3766
f 3008 3432 3564
f 3008 3728 3750
f 3008 3750 3432
f 3009 3290 3421
f 3009 3294 3290
f 3009 3421 3755
f 3009 3562 3744
f 3009 3744 3294
f 3009 3755 3562
f 3010 3565 3742
f 3010 3742 3428
f 3010 3748 3565
f 3011 3113 3445
f 3011 3443 3113
f 3011 3445 3588
f 3011 3588 3443
f 3012 3188 3585
f 3012 3585 3723
f 3012 3723 3760
f 3012 3760 3188
f 3013 3307 3200
f 3013 3585 3307
f 3013 3723 3585
f 3014 3580 3756
f 3015 3609 4960
f 3015 4362 6007
f 3015 4960 5512
f 3015 5512 4362
f 3016 3203 3336
f 3017 3221 3337
f 3017 3337 3632
f 3017 3632 3822
f 3017 3822 3221
f 3018 3337 3823
f 3018 3607 3632
f 3018 3632 3785
f 3018 3635 3607
f 3018 3785 3337
f 3018 3823 3635
f 3019 3100 3480
f 3019 3109 3334
f 3019 3334 7034
f 3019 3480 3109
f 3019 3630 3786
f 3019 3786 3100
f 3019 3822 3630
f 3019 7034 3814
f 3021 3912 6364
f 3021 4729 3912
f 3021 6364 4613
f 3022 4022 5157
f 3022 5157 3967
f 3023 3905 4466
f 3023 4466 6845
f 3023 4983 5177
f 3023 5177 5870
f 3023 5870 3905
f 3023 6845 4983
f 3024 3249 4274
f 3024 4274 5313
f 3024 4854 3249
f 3024 4932 4854
f 3024 5313 4932
f 3025 4213 6818
f 3025 6299 4538
f 3026 6384 6915
f 3027 4020 5254
f 3027 5254 6735
f 3027 5611 4020
f 3028 4301 4031
f 3029 4915 4421
f 3029 6128 6724
f 3029 6724 4915
f 3031 5356 6874
f 3031 6848 6881
f 3031 6874 3922
f 3032 4677 6056
f 3032 5523 4677
f 3033 4026 3140
f 3034 3848 4237
f 3036 6350 4813
f 3037 3836 4926
f 3037 4926 5289
f 3037 5289 4967
f 3038 5095 6060
f 3038 6241 7155
f 3038 7155 5095
f 3039 3901 6386
f 3039 5329 3901
f 3039 6386 6387
f 3039 6387 5329
f 3040 4040 4952
f 3040 4952 4930
f 3040 6131 4040
f 3040 6707 6131
f 3041 4286 5172
f 3041 6084 4773
f 3042 5252 6931
f 3042 5876 6274
f 3042 6274 5252
f 3043 4153 4732
f 3043 4634 6328
f 3043 4936 4634
f 3043 6328 4153
f 3044 5370 5636
f 3044 5636 6283
f 3044 6092 5370
f 3045 4527 4745
f 3045 4745 6297
f 3045 6297 6862
f 3045 6862 6225
f 3046 4856 4968
f 3046 4968 5227
f 3049 6025 7113
f 3049 7113 3688
f 3052 3618 6564
f 3054 6432 3551
f 3055 3549 5910
f 3055 5910 5932
f 3055 5932 6035
f 3055 6035 3549
f 3056 3386 3629
f 3058 3101 6472
f 3058 5472 5943
f 3058 5943 3101
f 3058 6472 5472
f 3060 3377 3673
f 3061 3708 6555
f 3061 6035 6983
f 3061 6983 3708
f 3064 3151 3685
f 3065 6580 6072
f 3066 3149 6991
f 3066 6991 6973
f 3067 3158 7140
f 3070 6532 7074
f 3070 7074 5928
f 3071 3374 3671
f 3073 3182 3686
f 3074 3323 6028
f 3079 3513 3175
f 3079 6512 3513
f 3079 7063 6512
f 3080 3670 3521
f 3084 3285 3800
f 3086 3108 3324
f 3086 3613 3108
f 3087 3258 7099
f 3087 7099 3372
f 3088 3436 3570
f 3088 3437 3808
f 3088 3555 3436
f 3088 3570 3437
f 3089 3434 3739
f 3089 3739 7032
f 3089 3761 3434
f 3089 7032 3761
f 3090 3418 3744
f 3090 3744 3296
f 3091 3439 3187
f 3091 3631 3439
f 3091 3752 3631
f 3092 3572 3221
f 3093 3113 3588
f 3093 3554 3569
f 3093 3569 3113
f 3094 3455 3319
f 3095 3315 3591
f 3095 3452 3635
f 3095 3591 3452
f 3095 3635 3315
f 3096 3454 3480
f 3097 3449 3596
f 3097 3590 3449
f 3097 3596 3771
f 3097 3771 3590
f 3098 3452 3593
f 3098 3593 3635
f 3098 3635 3452
f 3099 3456 3788
f 3099 3479 3821
f 3099 3788 3217
f 3100 3786 3607
f 3101 3165 6577
f 3101 3208 3410
f 3101 3268 4661
f 3101 3339 3115
f 3101 3481 3636
f 3101 3520 3104
f 3101 3636 3339
f 3101 5471 6478
f 3101 5943 3220
f 3101 6478 3268
f 3101 6481 7009
f 3101 6577 3323
f 3101 7009 6472
f 3102 5358 6268
f 3105 3802 3455
f 3105 7152 3802
f 3108 3207 6067
f 3108 3322 3462
f 3108 3458 3322
f 3108 3462 3207
f 3108 3797 3324
f 3108 6067 3797
f 3109 3480 3334
f 3110 3216 3819
f 3110 5040 4660
f 3110 5954 3216
f 3110 7024 5954
f 3111 3313 3429
f 3111 3429 3743
f 3111 3631 3313
f 3111 3743 5047
f 3111 3801 3805
f 3111 3824 3631
f 3111 5047 4341
f 3112 3448 3591
f 3112 3468 3618
f 3112 3591 3775
f 3112 3602 3448
f 3112 3618 3206
f 3112 3775 3823
f 3112 3823 3332
f 3113 3569 3742
f 3113 3742 3624
f 3113 3769 3445
f 3114 3213 3733
f 3114 3303 3767
f 3114 3304 3442
f 3114 3330 3734
f 3114 3425 3470
f 3114 3441 3622
f 3114 3442 3586
f 3114 3470 3311
f 3114 3586 3754
f 3114 3622 3425
f 3114 3751 3304
f 3114 3754 3299
f 3114 3759 3213
f 3114 3765 3804
f 3114 3804 3478
f 3114 5981 6578
f 3114 6578 5491
f 3115 3339 3636
f 3116 4952 4040
f 3116 6750 4952
f 3116 7184 6750
f 3119 3841 4559
f 3119 3988 5381
f 3119 5381 3841
f 3120 4876 6715
f 3120 6340 6563
f 3120 6715 6340
f 3122 4550 4917
f 3122 6210 4550
f 3123 4474 6911
f 3123 4514 6346
f 3123 6911 4514
f 3124 5325 4406
f 3125 5069 5361
f 3125 5361 7196
f 3125 6590 5069
f 3126 6255 4963
f 3126 7090 7086
f 3127 3848 4234
f 3127 4234 6827
f 3127 6827 5760
f 3128 3941 3491
f 3128 5738 6238
f 3128 6238 3941
f 3129 4254 6157
f 3129 5244 4254
f 3129 6148 5244
f 3130 3229 5375
f 3130 3980 6787
f 3130 6787 3229
f 3131 5019 5452
f 3131 5452 6936
f 3131 6433 5019
f 3131 6936 6433
f 3132 4415 6674
f 3134 5192 6644
f 3134 5694 5192
f 3135 4984 5709
f 3137 4164 4707
f 3137 4707 4378
f 3137 5355 4164
f 3138 4061 7201
f 3138 4677 4061
f 3138 7201 4992
f 3139 5864 6308
f 3139 6308 4302
f 3140 6325 3840
f 3141 4464 4596
f 3141 4596 6336
f 3141 4938 4464
f 3141 6336 4938
f 3142 4649 5422
f 3142 5422 6454
f 3142 5933 4649
f 3142 6410 5933
f 3142 6454 6940
f 3142 6940 6410
f 3143 3397 6016
f 3144 3276 3370
f 3149 5924 6991
f 3151 3253 3685
f 3152 3697 6547
f 3152 6547 3467
f 3155 3528 3273
f 3155 6589 3528
f 3155 7100 6589
f 3157 6517 6062
f 3158 6589 7100
f 3158 7100 7140
f 3161 3709 7051
f 3165 5560 6028
f 3165 6028 6577
f 3174 7099 3258
f 3175 3513 7111
f 3179 3540 7104
f 3180 5562 3403
f 3180 7084 6549
f 3182 3402 3414
f 3182 3414 3686
f 3183 3458 3464
f 3183 3464 6584
f 3183 3616 3458
f 3184 6974 6437
f 3186 5934 6571
f 3186 6984 5934
f 3187 3439 3732
f 3187 3732 3566
f 3188 3444 3585
f 3188 3567 3444
f 3188 3760 3567
f 3189 3295 3426
f 3189 3423 3295
f 3189 3426 3746
f 3189 3587 3631
f 3189 3631 3724
f 3189 3724 3423
f 3189 3746 3587
f 3190 3310 3749
f 3190 3416 3741
f 3190 3741 3310
f 3190 3749 3722
f 3191 3295 3423
f 3191 3423 3724
f 3191 3724 3556
f 3192 3309 3764
f 3192 3553 3309
f 3192 3734 3330
f 3192 3764 3734
f 3193 3302 3575
f 3193 3429 3302
f 3193 3575 3743
f 3193 3743 3429
f 3194 3446 3761
f 3194 3761 7032
f 3194 7032 3446
f 3195 3290 3563
f 3195 3291 3559
f 3195 3559 3290
f 3195 3728 3291
f 3196 3296 3740
f 3196 3721 3777
f 3196 3740 3721
f 3197 3289 3631
f 3197 3431 3289
f 3197 3631 3746
f 3197 3746 3431
f 3198 3221 3822
f 3198 3297 3221
f 3198 3425 3297
f 3198 3822 3425
f 3199 3556 3724
f 3199 3557 3763
f 3199 3724 3557
f 3200 3307 3579
f 3200 3579 3728
f 3201 3476 7034
f 3201 3480 3476
f 3201 7034 3480
f 3202 3448 3602
f 3202 3602 3770
f 3202 3770 3448
f 3203 3479 5478
f 3203 5478 3336
f 3204 3838 3321
f 3204 3949 5878
f 3204 5878 6807
f 3204 6807 3838
f 3207 3279 6067
f 3207 3462 3279
f 3208 5471 3410
f 3209 3326 3455
f 3209 3455 3802
f 3213 3420 3733
f 3213 3759 3420
f 3214 3624 3748
f 3214 3748 3433
f 3215 3627 3812
f 3215 3812 3475
f 3215 4324 4870
f 3215 5749 4324
f 3215 6561 3627
f 3216 3476 3819
f 3216 3820 3476
f 3216 5954 7030
f 3217 3451 3595
f 3217 3595 3778
f 3217 3788 3451
f 3218 3325 3615
f 3218 3450 3600
f 3218 3463 3325
f 3218 3592 3450
f 3218 3796 3463
f 3219 4655 6489
f 3219 5041 5462
f 3219 5450 5466
f 3219 5462 6999
f 3219 5466 5937
f 3219 5937 6462
f 3219 5939 4655
f 3219 6460 5939
f 3219 6462 7007
f 3219 6999 5450
f 3219 7007 6460
f 3220 4658 7029
f 3220 5470 5950
f 3220 5473 6486
f 3220 5943 7008
f 3220 5944 7023
f 3220 5950 6467
f 3220 5953 5470
f 3220 6467 7018
f 3220 6486 5944
f 3220 7008 5473
f 3220 7018 4658
f 3220 7023 5953
f 3220 7029 3719
f 3221 3309 3440
f 3221 3430 3309
f 3221 3440 3583
f 3221 3442 3720
f 3221 3560 3430
f 3221 3572 3726
f 3221 3583 3754
f 3221 3586 3442
f 3221 3628 3633
f 3221 3633 3337
f 3221 3720 3807
f 3221 3726 3560
f 3221 3754 3586
f 3221 3807 3628
f 3222 3340 5880
f 3222 4567 3340
f 3222 4740 4567
f 3222 5084 6029
f 3222 5880 5084
f 3222 6029 4740
f 3223 3920 5322
f 3223 4138 5585
f 3223 5216 5372
f 3223 5322 4138
f 3223 5372 6258
f 3223 5585 5216
f 3223 6258 3920
f 3224 4246 6771
f 3224 4524 4312
f 3224 6771 4524
f 3225 6092 6637
f 3226 4901 5716
f 3227 3487 4007
f 3227 4007 4955
f 3228 4175 6199
f 3228 4910 4175
f 3228 5143 4910
f 3228 6199 6625
f 3228 6625 5143
f 3229 3238 5375
f 3229 6787 6732
f 3230 5410 6879
f 3230 6879 4447
f 3231 4690 5987
f 3231 5987 4610
f 3231 6303 4690
f 3232 7173 5626
f 3233 4137 4803
f 3233 5232 4137
f 3234 6687 4806
f 3234 7173 6687
f 3235 3872 5235
f 3235 5235 5506
f 3235 5506 5978
f 3235 5978 6610
f 3235 6610 3872
f 3236 4238 5571
f 3236 4964 5856
f 3236 5571 4964
f 3236 5856 4238
f 3238 4346 7144
f 3238 5807 4346
f 3239 3902 5158
f 3239 5119 6903
f 3239 6923 5119
f 3240 4385 6637
f 3240 6089 4385
f 3240 6637 5651
f 3241 5803 7184
f 3242 4482 4564
f 3242 4564 6354
f 3242 4922 4482
f 3242 6354 4847
f 3243 4812 5402
f 3243 5402 6274
f 3243 6274 6857
f 3244 4522 5489
f 3244 5489 6541
f 3245 3504 4197
f 3245 4197 4493
f 3246 3346 4841
f 3246 4831 5748
f 3246 4841 4831
f 3247 4859 6345
f 3248 4448 4123
f 3249 4609 4274
f 3249 4854 6122
f 3249 6122 4609
f 3250 5852 7185
f 3255 3799 7103
f 3255 6003 6989
f 3255 6008 3799
f 3255 7103 6003
f 3256 3369 6537
f 3256 7102 3369
f 3257 5111 3407
f 3260 7101 5996
f 3262 7107 3704
f 3265 3401 6979
f 3267 3701 3709
f 3268 6478 4661
f 3269 7098 5497
f 3273 7157 3543
f 3276 3279 3462
f 3276 3322 3370
f 3276 3462 3322
f 3277 3672 3530
f 3279 5557 6067
f 3289 3431 3574
f 3289 3574 3631
f 3290 3294 3737
f 3290 3559 3421
f 3290 3737 3563
f 3291 3416 3559
f 3291 3579 3416
f 3291 3728 3579
f 3292 3417 3737
f 3292 3737 3777
f 3292 3777 3417
f 3293 3571 3757
f 3293 3757 3472
f 3294 3418 3737
f 3294 3744 3418
f 3296 3573 3740
f 3296 3744 3573
f 3297 3425 3441
f 3297 3441 3733
f 3297 3733 3572
f 3298 3557 3558
f 3298 3558 3631
f 3298 3631 3752
f 3298 3730 3557
f 3299 3419 3303
f 3299 3754 3419
f 3300 3725 3555
f 3301 3445 3584
f 3301 3762 3445
f 3302 3313 3336
f 3302 3429 3313
f 3303 3419 3767
f 3304 3720 3442
f 3304 3751 3807
f 3304 3807 3720
f 3305 3446 3477
f 3305 3477 3474
f 3305 3761 3446
f 3306 3562 3755
f 3306 3755 3634
f 3307 3585 3727
f 3307 3727 3435
f 3308 3420 3759
f 3308 3726 3420
f 3308 3764 3726
f 3309 3430 3764
f 3309 3553 3738
f 3309 3738 3440
f 3310 3741 3814
f 3310 3814 3749
f 3311 3470 3822
f 3312 3578 3631
f 3312 3584 3769
f 3312 3631 3584
f 3312 3732 3578
f 3312 3769 3732
f 3313 3415 3581
f 3313 3581 3336
f 3313 3631 3415
f 3314 3776 3626
f 3315 3635 3775
f 3315 3775 3591
f 3316 3447 3781
f 3316 3778 3772
f 3316 3781 3778
f 3317 3594 3774
f 3317 3598 3594
f 3317 3774 3825
f 3317 3825 3598
f 3318 3607 3786
f 3318 3630 3822
f 3318 3782 3607
f 3318 3786 3630
f 3318 3822 3782
f 3320 4699 5113
f 3320 6007 4699
f 3321 3838 4098
f 3323 6577 6028
f 3326 3619 3455
f 3329 4662 6050
f 3329 5048 4662
f 3331 3625 7158
f 3331 7158 6601
f 3332 3823 5478
f 3333 3474 3582
f 3333 3610 6988
f 3333 6988 3791
f 3334 3480 7034
f 3335 4342 7033
f 3335 5477 6490
f 3335 6490 4342
f 3336 3581 3806
f 3336 3753 3471
f 3336 3768 3623
f 3336 3806 3768
f 3336 5478 3477
f 3337 3604 3823
f 3337 3633 3604
f 3337 3785 3632
f 3340 4017 5880
f 3340 4096 4017
f 3340 4567 5779
f 3340 4811 4096
f 3340 5779 4811
f 3342 4088 4807
f 3342 4691 5488
f 3342 4807 4691
f 3343 5267 5008
f 3345 5490 7126
f 3345 6058 5490
f 3346 3482 6270
f 3346 6270 4841
f 3347 4310 5281
f 3347 5281 6212
f 3347 6199 4310
f 3347 6212 5316
f 3347 6625 6199
f 3348 5704 4230
f 3349 5278 4166
f 3350 4099 3859
f 3350 6081 6192
f 3350 6192 4099
f 3351 4760 4786
f 3351 4786 4071
f 3352 3985 5753
f 3352 4084 3985
f 3352 5319 5740
f 3352 5740 4084
f 3352 5753 5319
f 3353 4299 5758
f 3353 5758 6273
f 3353 6273 3900
f 3354 4986 5845
f 3357 6312 4437
f 3359 4981 5654
f 3360 3843 4972
f 3360 4083 5401
f 3360 4972 4083
f 3360 5401 3843
f 3361 4618 5021
f 3361 5021 6970
f 3361 5427 6412
f 3361 5906 5427
f 3361 6412 4618
f 3361 6970 5906
f 3362 3972 4843
f 3362 4843 6335
f 3362 5330 3972
f 3362 5763 6370
f 3362 6335 5763
f 3362 6370 5330
f 3363 4312 4524
f 3363 6708 5256
f 3364 4635 5269
f 3364 5121 6383
f 3364 5269 5121
f 3365 4763 5640
f 3365 4878 6361
f 3365 5640 4159
f 3365 6361 4763
f 3366 4269 6877
f 3366 5817 4269
f 3367 3938 4821
f 3367 4472 4921
f 3367 4821 4472
f 3367 4921 5617
f 3367 5617 6191
f 3367 6191 3938
f 3368 4056 5431
f 3368 4334 5437
f 3368 5431 6403
f 3368 5437 4056
f 3368 5914 6941
f 3368 6403 5914
f 3368 6941 4334
f 3369 5527 6537
f 3369 7102 5538
f 3372 7099 6580
f 3373 3688 7113
f 3374 3509 3671
f 3374 6027 3509
f 3379 3392 3533
f 3379 3533 3413
f 3381 7158 7151
f 3385 3510 6431
f 3385 6431 3717
f 3386 3793 3629
f 3387 7111 6021
f 3388 3469 3621
f 3388 3621 3512
f 3389 6594 7065
f 3389 7065 5994
f 3395 6038 7109
f 3395 7109 3715
f 3395 7157 6038
f 3398 3795 3466
f 3398 5927 3510
f 3400 3531 7140
f 3400 7105 3531
f 3403 5562 6579
f 3403 6579 7138
f 3407 5111 5533
f 3407 5533 7091
f 3407 7091 3545
f 3415 3574 3768
f 3415 3631 3574
f 3415 3768 3581
f 3416 3579 3741
f 3417 3563 3737
f 3418 3777 3737
f 3419 3583 3767
f 3419 3754 3583
f 3420 3572 3733
f 3420 3726 3572
f 3421 3559 3722
f 3421 3722 3755
f 3424 3567 3760
f 3424 3745 3567
f 3424 3760 3813
f 3424 3813 3745
f 3425 3622 3441
f 3425 3822 3470
f 3426 3471 3753
f 3426 3753 3746
f 3427 3722 3749
f 3427 3755 3722
f 3428 3569 3729
f 3428 3742 3569
f 3430 3560 3764
f 3431 3746 3753
f 3432 3735 3564
f 3432 3750 3766
f 3432 3766 3735
f 3434 7032 3739
f 3435 3580 3731
f 3435 3727 3580
f 3435 3731 3568
f 3436 3555 3567
f 3436 3567 3745
f 3436 3745 3570
f 3437 3478 3808
f 3437 3570 3813
f 3437 3813 3478
f 3438 3721 3561
f 3439 3578 3732
f 3439 3631 3578
f 3440 3738 3583
f 3444 3567 3725
f 3444 3725 3756
f 3444 3727 3585
f 3444 3756 3727
f 3445 3762 3588
f 3445 3769 3584
f 3446 7032 3477
f 3447 3589 3781
f 3448 3770 3591
f 3449 3590 3770
f 3449 3602 3596
f 3449 3770 3602
f 3450 3451 3788
f 3450 3592 3451
f 3450 3788 3600
f 3451 3592 3772
f 3451 3772 3778
f 3451 3778 3595
f 3452 3591 3770
f 3452 3770 3593
f 3453 3457 3601
f 3453 3601 3784
f 3453 3603 3457
f 3453 3784 3603
f 3454 3605 3811
f 3454 3811 3480
f 3455 3596 3602
f 3455 3597 3596
f 3455 3619 3465
f 3456 3787 3788
f 3457 3600 3788
f 3457 3603 3789
f 3457 3789 3825
f 3457 3815 3601
f 3457 3825 3600
f 3458 3799 3464
f 3461 3612 5546
f 3461 6736 6582
f 3464 3539 6584
f 3464 3799 3539
f 3466 3617 6972
f 3467 6547 7085
f 3468 6527 7079
f 3472 3757 3809
f 3473 5478 3599
f 3474 3477 3628
f 3474 3628 3747
f 3475 3608 5659
f 3475 5659 6834
f 3475 6078 5545
f 3475 6834 5775
f 3475 7159 6078
f 3476 3480 3779
f 3476 3605 3819
f 3476 3779 3605
f 3476 3820 7034
f 3477 3633 3628
f 3477 5478 3633
f 3477 7032 6491
f 3478 3758 3808
f 3478 3765 3822
f 3478 3804 3765
f 3479 3626 3776
f 3479 3776 3817
f 3479 3781 3626
f 3479 3817 5478
f 3480 3811 3779
f 3481 3826 3636
f 3482 5605 6861
f 3482 6861 6270
f 3484 3873 6181
f 3484 6781 3873
f 3485 4110 4278
f 3485 4144 4110
f 3485 4278 6710
f 3485 6710 4144
f 3486 4001 6142
f 3486 6142 5624
f 3486 6814 4001
f 3487 4827 4007
f 3487 7199 4827
f 3489 5083 5180
f 3489 5180 6289
f 3490 4739 4171
f 3492 4122 5678
f 3492 5333 5646
f 3492 5646 4122
f 3493 5124 6676
f 3493 6676 4829
f 3495 4839 4909
f 3495 4909 5653
f 3495 5653 6806
f 3495 6806 4617
f 3496 5141 7180
f 3496 7180 6662
f 3497 4028 6320
f 3498 4833 5209
f 3498 5209 4788
f 3499 5263 6094
f 3499 5712 6176
f 3499 6094 5712
f 3500 4383 4907
f 3500 4412 4383
f 3500 4907 5374
f 3500 5374 5628
f 3500 5628 4412
f 3501 4244 4243
f 3501 5349 4244
f 3502 6286 5280
f 3503 4742 6692
f 3503 6692 4267
f 3504 6698 4197
f 3505 4135 6605
f 3505 4695 7058
f 3505 6605 4695
f 3505 7058 4135
f 3506 4753 6288
f 3506 5257 4753
f 3506 6288 4630
f 3508 3884 4128
f 3508 4119 3884
f 3508 4128 6667
f 3509 3693 6511
f 3509 6027 7145
f 3509 6511 3671
f 3510 5927 6449
f 3513 6021 7111
f 3513 6512 6021
f 3523 7104 6595
f 3536 6958 6452
f 3536 6972 6958
f 3536 6973 5927
f 3537 6576 6593
f 3539 3799 6008
f 3539 6008 6979
f 3539 6979 6584
f 3540 3695 3711
f 3540 3711 7104
f 3548 5985 7063
f 3549 3710 6532
f 3549 6035 3710
f 3551 6432 7079
f 3551 7079 6527
f 3553 3767 3738
f 3554 3729 3569
f 3555 3725 3567
f 3557 3724 3558
f 3557 3730 3763
f 3558 3724 3631
f 3560 3726 3764
f 3561 3721 3740
f 3561 3740 3809
f 3564 3576 3723
f 3564 3735 3576
f 3565 3624 3742
f 3565 3748 3624
f 3566 3732 3810
f 3566 3810 3730
f 3568 3731 3814
f 3570 3745 3813
f 3571 3736 3757
f 3573 3634 3740
f 3574 3623 3768
f 3575 5047 3743
f 3575 5961 5047
f 3576 3735 3813
f 3576 3760 3723
f 3576 3813 3760
f 3577 3809 3736
f 3580 3727 3756
f 3581 3768 3806
f 3583 3738 3767
f 3589 3626 3781
f 3590 3593 3770
f 3590 3771 3773
f 3590 3773 3593
f 3593 3773 3635
f 3594 3598 3783
f 3594 3600 3780
f 3594 3629 3600
f 3594 3780 3774
f 3594 3783 3629
f 3596 3597 3816
f 3596 3816 3771
f 3598 3825 3783
f 3599 5478 3817
f 3600 3825 3780
f 3601 3815 3787
f 3603 3784 3789
f 3604 3633 3823
f 3605 3779 3811
f 3606 3634 7034
f 3606 3789 3634
f 3606 3825 3789
f 3606 7034 3825
f 3607 3782 3818
f 3607 3818 3632
f 3609 5340 4960
f 3610 6445 6988
f 3612 4706 5546
f 3614 5956 7000
f 3614 7116 5956
f 3617 6444 6972
f 3620 3692 3798
f 3625 5561 7151
f 3625 7151 7158
f 3627 3735 3766
f 3627 3766 3812
f 3627 3813 3735
f 3627 5498 7141
f 3627 5635 3917
f 3627 5672 6661
f 3627 6561 5498
f 3627 7141 5635
f 3627 7183 5705
f 3628 3807 3747
f 3632 3818 3822
f 3633 5478 3823
f 3634 3789 3784
f 3634 3809 3740
f 3634 3814 7034
f 3635 3773 3816
f 3635 3823 3775
f 3637 4436 6693
f 3637 4725 5862
f 3637 5862 4436
f 3638 5879 3936
f 3639 5008 6689
f 3639 6089 5008
f 3639 6689 3939
f 3640 4783 6778
f 3642 4613 6364
f 3642 6309 6908
f 3642 6364 4024
f 3642 6908 4613
f 3643 4408 5496
f 3643 5496 7147
f 3643 7147 6538
f 3644 5242 4939
f 3645 3667 4988
f 3646 3897 6173
f 3646 5564 6521
f 3647 5751 6048
f 3647 6048 6574
f 3647 6377 5751
f 3647 6574 6377
f 3648 4272 6064
f 3648 6779 4272
f 3649 6037 6352
f 3650 5103 6889
f 3650 6022 5103
f 3650 6723 7089
f 3650 7089 6022
f 3651 4229 5164
f 3651 4597 6099
f 3651 5164 4791
f 3651 6099 4229
f 3652 3992 5715
f 3652 6618 4005
f 3653 4298 4411
f 3654 4673 5297
f 3654 5052 4673
f 3654 5297 6615
f 3654 5759 5052
f 3654 6615 5759
f 3655 6794 5668
f 3656 6371 6569
f 3656 6569 4068
f 3657 6649 3887
f 3658 4417 4744
f 3658 4744 4497
f 3658 5266 4417
f 3659 3849 4072
f 3659 4559 6316
f 3659 6127 3849
f 3659 6316 6127
f 3660 4512 5971
f 3660 5971 7115
f 3660 6174 4512
f 3660 7115 6174
f 3661 6191 5307
f 3662 4873 6723
f 3662 6329 4873
f 3662 6723 6310
f 3663 4375 4170
f 3664 4791 5619
f 3664 5536 3852
f 3664 5619 5536
f 3665 4092 6926
f 3665 5833 6250
f 3665 6926 5833
f 3666 4141 4801
f 3666 4801 5295
f 3666 5295 6159
f 3666 5741 4141
f 3667 4136 4988
f 3668 4531 6668
f 3668 5720 7071
f 3675 5111 7098
f 3675 5533 5111
f 3675 5974 5533
f 3680 6062 6517
f 3691 6517 7111
f 3697 6602 6047
f 3701 5540 3709
f 3701 6033 5540
f 3701 7138 6033
f 3702 7109 6038
f 3704 7107 6061
f 3705 4656 7027
f 3705 6079 4656
f 3705 7027 6066
f 3709 5540 7051
f 3711 6595 7104
f 3718 6564 5516
f 3730 3810 3763
f 3732 3769 3810
f 3736 3809 3757
f 3771 3816 3773
f 3774 3780 3825
f 3782 3822 3818
f 3783 3825 5048
f 3787 3815 3788
f 3790 4699 7046
f 3790 7046 5658
f 3791 5430 5892
f 3791 6988 5430
f 3797 6067 5557
f 3801 6442 6951
f 3801 6489 6606
f 3801 6606 6442
f 3801 6951 5906
f 3805 5906 6970
f 3805 6408 5425
f 3819 7145 6027
f 3820 5048 7034
f 3825 7034 5048
f 3827 5661 6712
f 3827 6712 5282
f 3828 4398 6203
f 3828 4710 5222
f 3828 5222 6135
f 3828 6203 4710
f 3830 4217 4804
f 3830 4804 4077
f 3831 4070 6646
f 3831 4841 6270
f 3831 6270 4070
f 3832 4104 4954
f 3832 4954 7059
f 3832 5311 4104
f 3832 6665 6800
f 3832 7059 6665
f 3833 4257 5823
f 3833 5238 5627
f 3833 5823 6761
f 3833 6152 4257
f 3835 6211 7190
f 3835 6669 6211
f 3836 4095 6112
f 3836 6112 4926
f 3837 5719 4637
f 3837 6838 5719
f 3838 6395 4098
f 3838 6807 6395
f 3839 6154 4090
f 3842 4599 5856
f 3842 5377 4599
f 3843 5401 5559
f 3843 5559 6565
f 3843 6565 7041
f 3843 7041 4972
f 3844 4069 5573
f 3844 5172 4286
f 3844 5573 5172
f 3844 6232 4069
f 3846 6644 5718
f 3847 4884 5277
f 3847 6257 4884
f 3849 4291 4072
f 3849 4377 4291
f 3849 6127 6260
f 3849 6260 4377
f 3850 3975 4373
f 3850 4373 5867
f 3850 5830 3975
f 3850 5867 6817
f 3852 5536 7042
f 3854 5412 4918
f 3855 4754 5606
f 3855 5606 6814
f 3856 6248 6920
f 3858 4014 4957
f 3858 4584 5737
f 3858 4957 5328
f 3858 5328 4584
f 3858 5737 6326
f 3858 6326 4014
f 3859 4099 4604
f 3860 4019 4195
f 3860 4796 4019
f 3861 3924 4383
f 3861 4383 4412
f 3861 4412 6504
f 3861 5770 3924
f 3863 3926 4219
f 3863 4219 6766
f 3863 6831 4075
f 3864 4094 4752
f 3864 4752 5378
f 3866 4049 4107
f 3867 5831 6352
f 3867 6352 6578
f 3867 6578 5831
f 3868 5213 6293
f 3869 4215 3965
f 3869 4621 4215
f 3871 5250 6833
f 3871 5633 5250
f 3872 4985 5235
f 3872 6610 4985
f 3874 4927 6704
f 3876 5793 6620
f 3877 5059 5373
f 3877 5745 5059
f 3878 5336 6339
f 3878 6377 6568
f 3878 6568 5336
f 3879 4671 6703
f 3879 6703 6223
f 3879 7120 4671
f 3880 4221 6923
f 3880 6803 5385
f 3880 6923 6803
f 3881 4038 4487
f 3881 4076 6809
f 3881 4487 5379
f 3881 6809 4038
f 3882 4071 4786
f 3882 4112 4576
f 3882 4576 4071
f 3882 4786 5613
f 3882 5300 6837
f 3882 5613 5300
f 3882 6837 4112
f 3884 4119 4391
f 3884 5629 4128
f 3885 4956 6712
f 3886 4196 6869
f 3886 4697 4196
f 3886 6869 4789
f 3887 4254 5244
f 3887 4442 4254
f 3887 5244 5688
f 3887 6649 4442
f 3888 4893 5085
f 3888 5085 6065
f 3888 6065 4092
f 3889 5622 6098
f 3889 6084 5622
f 3889 6743 6084
f 3890 4873 6932
f 3890 6180 7089
f 3890 6932 6180
f 3890 7089 4873
f 3891 4254 4442
f 3891 6157 4254
f 3892 4539 4962
f 3892 4962 6796
f 3892 5695 4539
f 3892 6754 5695
f 3893 4748 4273
f 3894 4749 6182
f 3894 6182 6626
f 3895 4718 5127
f 3895 5127 6369
f 3895 5834 6363
f 3895 6369 5834
f 3896 4046 6808
f 3896 4089 4991
f 3896 4991 6499
f 3896 5362 4089
f 3896 6499 4046
f 3896 6808 5362
f 3898 4144 4765
f 3898 4765 5080
f 3898 5080 7189
f 3898 5645 5202
f 3898 7189 5645
f 3899 4524 6742
f 3899 5167 6149
f 3899 6149 6708
f 3899 6742 5167
f 3901 4078 6917
f 3901 4787 4078
f 3901 5329 4787
f 3901 6917 6386
f 3902 5572 5158
f 3902 6385 5572
f 3903 4229 6099
f 3903 5145 4229
f 3904 4132 6769
f 3904 4548 5707
f 3904 4571 4548
f 3904 5707 4132
f 3905 5681 4466
f 3905 6122 5681
f 3906 4297 6427
f 3906 5429 4297
f 3906 5449 5429
f 3906 6427 5449
f 3908 7080 7089
f 3908 7089 6180
f 3909 4256 4850
f 3909 4850 5135
f 3909 5135 6301
f 3909 5320 6314
f 3909 6301 5732
f 3909 6314 4256
f 3910 4188 6726
f 3910 6726 7200
f 3911 5181 6913
f 3911 6367 5181
f 3912 4729 5765
f 3912 5410 6364
f 3912 5765 5410
f 3913 4376 5147
f 3913 5147 3969
f 3913 5309 6807
f 3913 5878 4376
f 3913 6807 5878
f 3914 6645 4253
f 3914 6862 6297
f 3915 4462 5820
f 3915 5820 6851
f 3915 6851 4106
f 3915 6916 4462
f 3916 4938 6877
f 3918 4838 5201
f 3918 5110 6572
f 3918 6572 4838
f 3919 4426 6152
f 3919 4958 6789
f 3919 6758 4958
f 3921 5541 5555
f 3921 5555 6337
f 3921 5656 5541
f 3921 6337 5240
f 3922 6874 4572
f 3923 4111 6063
f 3923 4118 5726
f 3923 5726 4111
f 3923 6051 7060
f 3923 6063 6051
f 3923 7060 4118
f 3924 5770 6664
f 3924 6664 4383
f 3925 4196 3927
f 3925 5203 6278
f 3925 6278 4196
f 3926 6909 4219
f 3927 4196 4679
f 3927 4679 6045
f 3928 4941 6597
f 3928 5165 6280
f 3928 6280 7194
f 3928 6597 5165
f 3928 7194 4941
f 3929 3951 5857
f 3929 5857 4097
f 3929 6802 3951
f 3930 4039 5316
f 3930 4607 4039
f 3930 4872 4607
f 3930 5049 4872
f 3930 5316 7146
f 3930 7146 5049
f 3931 4287 4516
f 3931 5636 5370
f 3933 4325 5487
f 3933 5090 7048
f 3933 5487 5090
f 3933 6311 6828
f 3933 6828 4325
f 3933 7048 6311
f 3934 4479 5121
f 3934 5004 4479
f 3936 4943 4235
f 3936 5879 4943
f 3937 4729 5149
f 3937 5765 4729
f 3938 5670 4821
f 3939 6689 7182
f 3940 4452 5293
f 3940 5291 4452
f 3940 6306 5291
f 3942 6755 7047
f 3942 6762 7186
f 3942 7047 7064
f 3942 7064 6762
f 3943 5685 6893
f 3944 4085 4456
f 3944 4456 6123
f 3944 4563 4085
f 3945 4992 7201
f 3945 6143 4285
f 3946 4964 5571
f 3946 5229 4964
f 3946 5571 6881
f 3947 4937 6277
f 3947 6557 6202
f 3948 4640 6417
f 3948 5898 4640
f 3948 5901 6421
f 3948 5923 5901
f 3948 6417 5923
f 3948 6421 5898
f 3950 5840 6691
f 3950 6228 5840
f 3950 6691 4984
f 3951 4628 4178
f 3951 6802 4628
f 3952 5207 6126
f 3952 6126 6128
f 3953 5623 4435
f 3954 4579 4103
f 3956 6280 4128
f 3956 7194 6280
f 3957 4923 6086
f 3957 5601 4887
f 3957 6086 5601
f 3958 6296 7052
f 3959 4976 5682
f 3959 6158 6749
f 3959 6749 4976
f 3960 5743 6681
f 3961 4935 5123
f 3961 5618 6681
f 3962 4076 5348
f 3962 5348 4303
f 3963 4081 4369
f 3963 4369 6663
f 3965 5282 5646
f 3965 5646 5333
f 3966 4207 5797
f 3966 4562 4207
f 3966 5797 6825
f 3966 5799 4562
f 3966 6825 5799
f 3967 5157 6155
f 3967 6155 5815
f 3968 4038 6809
f 3968 4722 4038
f 3968 6074 4722
f 3968 6505 6074
f 3968 6809 6505
f 3970 4271 4866
f 3970 4775 4271
f 3972 5330 6393
f 3972 6393 4843
f 3973 6780 4408
f 3974 4465 5826
f 3974 4565 6722
f 3974 6722 7196
f 3974 7196 4465
f 3975 4867 5396
f 3975 5396 4373
f 3975 5830 6335
f 3975 6335 4867
f 3976 5635 4006
f 3977 5774 6205
f 3977 6127 5774
f 3977 6205 6800
f 3977 6800 6665
f 3978 4511 6739
f 3978 5663 6391
f 3978 6739 5663
f 3979 4140 7043
f 3979 4895 4140
f 3979 5532 7083
f 3979 7043 5532
f 3979 7083 4895
f 3980 5357 4222
f 3980 5588 6787
f 3982 4260 4494
f 3982 5220 4260
f 3982 6097 5220
f 3982 6642 6097
f 3984 4838 4172
f 3985 5238 5753
f 3986 5616 5128
f 3986 6253 4225
f 3989 4101 6318
f 3989 6318 6902
f 3990 4760 6871
f 3990 6144 4760
f 3990 6635 6144
f 3991 4904 4507
f 3991 5326 4904
f 3992 6113 5715
f 3993 4799 4102
f 3993 6841 4799
f 3994 6654 7193
f 3994 7193 4501
f 3995 4520 6910
f 3995 5385 4520
f 3995 6393 4979
f 3995 6910 6393
f 3996 5138 4731
f 3997 6298 4881
f 3997 6695 5321
f 3998 4240 5680
f 3998 6262 4240
f 3999 4858 5220
f 3999 5161 4858
f 3999 5220 4981
f 4000 6714 5671
f 4000 6786 6714
f 4003 5070 5150
f 4003 5108 6528
f 4003 5150 6827
f 4003 6528 5070
f 4003 7135 5108
f 4004 4100 6670
f 4004 5143 5839
f 4004 5839 6863
f 4004 6124 4100
f 4004 6670 5143
f 4006 5635 7141
f 4006 5990 6705
f 4006 7141 5990
f 4007 4458 4955
f 4008 4310 6199
f 4008 5389 4310
f 4008 6199 4900
f 4009 5277 6327
f 4009 5736 6110
f 4009 6327 5736
f 4010 6108 6815
f 4010 6815 4540
f 4011 5837 6197
f 4011 6197 5365
f 4012 4070 6270
f 4012 5713 4150
f 4012 6270 6861
f 4012 6861 5713
f 4013 6299 4475
f 4014 5742 4957
f 4015 4983 6845
f 4015 6845 4307
f 4016 4526 5286
f 4016 5286 6107
f 4016 5871 6749
f 4016 6107 5871
f 4019 4533 5702
f 4019 5702 4195
f 4019 6190 4533
f 4020 5337 6117
f 4020 5611 5337
f 4020 6117 5382
f 4021 4834 4944
f 4021 4944 6383
f 4022 5271 5157
f 4023 4404 5772
f 4023 6249 4404
f 4025 4265 4558
f 4025 4517 4265
f 4025 4558 6650
f 4027 4135 7058
f 4027 4389 4135
f 4027 7058 4868
f 4028 4630 6320
f 4029 6703 6506
f 4030 4224 4245
f 4030 4245 4724
f 4030 4724 4904
f 4030 4904 5326
f 4030 5326 6680
f 4030 6680 4224
f 4031 4301 4449
f 4031 4449 5283
f 4032 4413 6308
f 4033 7164 4299
f 4034 5327 5576
f 4034 5576 6085
f 4034 6085 6690
f 4034 6690 6782
f 4035 4444 5010
f 4035 6813 6216
f 4036 5965 4694
f 4036 6137 5965
f 4036 6794 6137
f 4037 4185 4538
f 4037 4538 6299
f 4037 6841 4185
f 4039 4607 4978
f 4039 4978 4042
f 4040 6131 4162
f 4041 4465 4824
f 4041 4824 5249
f 4041 5249 7170
f 4041 5331 4465
f 4041 7170 5331
f 4042 4978 4296
f 4043 4603 5810
f 4043 6332 4603
f 4043 6744 6332
f 4044 6301 6730
f 4046 6000 6493
f 4046 6493 6808
f 4046 6499 7054
f 4046 7054 6000
f 4048 4170 4375
f 4048 4375 4827
f 4049 5599 4107
f 4050 6691 5840
f 4051 4179 6349
f 4054 4568 5870
f 4054 4971 4308
f 4054 5870 5177
f 4055 4322 6716
f 4055 6716 4592
f 4056 5437 6948
f 4056 6948 5431
f 4057 5027 6011
f 4057 6011 6468
f 4057 6468 7006
f 4057 6531 5027
f 4057 7006 6531
f 4058 4660 6488
f 4058 6488 7024
f 4059 4347 6076
f 4059 4674 4347
f 4059 5029 5417
f 4059 5417 7070
f 4059 6076 5029
f 4059 7070 4674
f 4060 5092 4578
f 4060 6052 5092
f 4060 6507 6052
f 4061 4677 5100
f 4061 5683 7201
f 4062 4663 6886
f 4062 6886 6218
f 4063 6058 6796
f 4063 6588 6058
f 4063 7150 6588
f 4064 5077 7094
f 4064 6918 5077
f 4064 7094 5547
f 4065 4357 6553
f 4065 6553 7081
f 4065 7081 6001
f 4066 6032 7073
f 4066 6515 6032
f 4066 6920 6515
f 4067 4631 5551
f 4067 5059 6590
f 4067 5373 5059
f 4067 5551 5373
f 4068 5536 5110
f 4068 6569 7042
f 4068 7042 5536
f 4069 4450 5785
f 4069 6232 4450
f 4072 4291 6853
f 4072 6853 5739
f 4073 4943 5879
f 4073 5879 6396
f 4073 6396 4370
f 4074 4997 6898
f 4074 6109 4997
f 4074 6898 6385
f 4075 5401 4083
f 4075 6831 6897
f 4075 6897 5401
f 4077 6100 5674
f 4078 4422 5279
f 4078 5279 6917
f 4079 4365 5077
f 4079 5077 6918
f 4079 5675 4365
f 4080 4502 5746
f 4080 4754 4502
f 4080 5746 4517
f 4081 4778 4369
f 4081 6820 4778
f 4082 5807 6373
f 4085 4563 4887
f 4086 5081 6996
f 4086 6430 5081
f 4086 6996 5414
f 4087 5153 5355
f 4087 5355 5770
f 4089 5347 4991
f 4089 5362 6688
f 4089 6688 5347
f 4090 6154 4416
f 4091 5152 6850
f 4092 6065 7128
f 4092 7128 6926
f 4093 4979 5330
f 4094 5856 5351
f 4095 5171 6617
f 4095 6617 6112
f 4096 4371 5796
f 4096 4811 4371
f 4098 6395 4171
f 4099 5808 4604
f 4099 6192 5808
f 4100 6124 6756
f 4101 5872 4402
f 4102 4667 6621
f 4102 4799 5057
f 4102 5057 4667
f 4103 4579 6615
f 4103 6615 6134
f 4104 6376 4954
f 4105 4612 5782
f 4105 6211 6669
f 4105 6252 4612
f 4105 6669 6252
f 4106 6851 4180
f 4107 5140 4395
f 4107 5599 5140
f 4109 4984 6704
f 4109 6704 4927
f 4110 4144 5202
f 4112 6837 5087
f 4113 4762 6673
f 4113 6267 6508
f 4114 4771 6129
f 4114 4867 6894
f 4114 5396 4867
f 4114 6129 5396
f 4114 6894 4771
f 4115 5139 6925
f 4115 5851 5876
f 4115 6380 5139
f 4115 6925 5851
f 4117 5106 7013
f 4117 5457 5106
f 4117 7013 5457
f 4118 5134 5726
f 4118 7060 5317
f 4119 4344 4391
f 4120 5700 6165
f 4120 6045 4703
f 4121 4853 5820
f 4121 5820 6170
f 4123 4448 6581
f 4123 5182 6146
f 4123 6581 7057
f 4123 7057 5182
f 4124 4675 6064
f 4124 6064 4272
f 4125 5736 6327
f 4125 6327 4457
f 4126 4389 5195
f 4126 4860 4389
f 4126 5195 4127
f 4127 5195 4920
f 4128 5629 4372
f 4128 6280 6667
f 4129 6384 5644
f 4129 6562 6915
f 4129 6915 6384
f 4131 5784 6388
f 4132 4446 6678
f 4132 5707 4446
f 4132 6678 4600
f 4133 4519 5504
f 4133 5407 4519
f 4134 5327 5780
f 4134 6168 5327
f 4134 6623 6168
f 4135 4389 4860
f 4135 4860 6605
f 4136 4541 4988
f 4138 6190 6666
f 4138 6666 5585
f 4139 4374 6919
f 4139 4950 5388
f 4139 5388 4374
f 4139 6907 4950
f 4139 6919 6907
f 4140 4633 6738
f 4140 4895 5697
f 4140 5697 5821
f 4140 5821 4633
f 4140 6738 7043
f 4141 4441 4953
f 4141 4953 4801
f 4143 4561 5717
f 4143 6059 6535
f 4143 6535 6187
f 4144 6710 4765
f 4145 4601 5208
f 4146 5266 6123
f 4147 4738 5131
f 4147 6902 4738
f 4148 4405 5849
f 4149 4266 6868
f 4149 6863 4266
f 4149 6868 4420
f 4151 5319 5753
f 4151 5609 6175
f 4153 6328 6747
f 4154 4606 5001
f 4154 5356 5859
f 4154 5859 4606
f 4154 6321 5356
f 4155 5219 6716
f 4155 6160 4305
f 4156 4391 4583
f 4156 4583 7036
f 4156 4958 5187
f 4157 4604 5808
f 4157 4896 5809
f 4157 5012 4604
f 4158 4788 4397
f 4158 6876 6731
f 4159 4384 6269
f 4162 6131 5656
f 4163 4246 6139
f 4163 4382 6771
f 4163 6139 5773
f 4163 6771 4246
f 4164 5355 6824
f 4167 4847 5134
f 4168 4471 5010
f 4168 4925 5701
f 4168 5010 4231
f 4168 5701 4471
f 4168 6044 7162
f 4168 7162 4925
f 4169 4914 6912
f 4169 4972 5341
f 4169 5341 6292
f 4169 6292 4914
f 4169 6912 5843
f 4172 4838 5495
f 4172 5495 5550
f 4173 5399 6774
f 4173 6378 5301
f 4173 6774 6378
f 4174 4278 5577
f 4174 6657 4933
f 4175 4900 6199
f 4175 4910 5217
f 4175 5217 4900
f 4176 4948 6890
f 4176 4996 5405
f 4176 5405 6305
f 4176 6305 4948
f 4176 6890 4996
f 4177 7176 4973
f 4179 6830 6349
f 4182 5206 4421
f 4183 5833 6922
f 4184 5205 6843
f 4185 6322 4538
f 4185 6841 6322
f 4186 6000 7054
f 4186 7054 6613
f 4187 5195 5723
f 4187 5877 6309
f 4187 6309 5195
f 4188 4410 4751
f 4188 4751 6726
f 4189 4472 4821
f 4189 4719 4472
f 4189 5359 4719
f 4190 4542 6285
f 4190 4907 6664
f 4190 6237 4542
f 4190 6285 4907
f 4190 6664 6237
f 4191 5763 6335
f 4191 6335 5830
f 4192 4586 4711
f 4192 4711 6824
f 4193 6313 4880
f 4193 6617 5171
f 4194 4801 4953
f 4194 4953 5600
f 4194 6616 4801
f 4195 5702 4569
f 4196 4697 4679
f 4196 6278 6869
f 4197 4372 5629
f 4197 5629 4493
f 4198 6647 6139
f 4199 6334 5275
f 4202 6174 7115
f 4203 5292 6224
f 4204 6314 6688
f 4204 6688 5362
f 4205 4883 6317
f 4205 5400 5814
f 4205 5534 5685
f 4205 5685 6333
f 4205 5812 4883
f 4205 5814 5534
f 4205 6317 5400
f 4205 6333 5812
f 4206 5733 6792
f 4206 6292 4891
f 4208 4563 5687
f 4209 4587 5728
f 4209 4928 6629
f 4209 5304 4928
f 4209 5728 5304
f 4210 6143 6147
f 4210 6147 5342
f 4211 4709 6673
f 4211 6673 7180
f 4211 7180 5141
f 4212 6216 5824
f 4212 6654 6216
f 4212 7193 6654
f 4213 4413 4851
f 4213 5391 6818
f 4214 5382 6117
f 4214 6026 4690
f 4214 6117 6026
f 4216 5696 6672
f 4216 6672 6114
f 4219 5621 6766
f 4219 6909 5791
f 4220 5805 6360
f 4221 4400 6923
f 4222 6346 4514
f 4223 4670 7044
f 4223 6859 6900
f 4224 6680 6183
f 4225 4386 4908
f 4225 6253 4386
f 4226 4777 6907
f 4226 5547 6520
f 4226 6520 4777
f 4226 6907 6919
f 4228 5889 5914
f 4228 5914 6403
f 4228 6403 6424
f 4228 6424 5889
f 4229 5145 7075
f 4229 7075 5164
f 4230 5778 4407
f 4231 4444 5855
f 4231 5010 4444
f 4232 7081 6702
f 4233 4711 4586
f 4235 6334 4428
f 4236 5000 5874
f 4237 5625 5251
f 4239 4560 5592
f 4239 4624 4560
f 4239 5155 4624
f 4239 6099 5155
f 4241 4452 5291
f 4241 6078 6136
f 4241 6136 4452
f 4242 4621 5112
f 4242 5112 5509
f 4243 4244 5857
f 4243 5654 6097
f 4244 5349 5821
f 4245 5211 4724
f 4247 4523 6203
f 4247 6203 4398
f 4248 4983 5151
f 4248 5151 5638
f 4248 5177 4983
f 4248 5638 4971
f 4249 5890 6451
f 4249 5930 6425
f 4249 6425 5890
f 4249 6451 5930
f 4250 4311 6205
f 4250 4431 4433
f 4250 6205 4431
f 4252 6217 5649
f 4252 6276 6217
f 4252 6733 6276
f 4255 5183 5618
f 4256 4498 4850
f 4256 6314 6856
f 4256 6856 5284
f 4257 4426 5823
f 4257 6152 4426
f 4258 5805 6833
f 4258 6833 6279
f 4260 4858 4622
f 4260 5220 4858
f 4262 4681 4570
f 4262 5078 4681
f 4262 7150 5078
f 4263 5836 6900
f 4263 6900 6859
f 4265 4600 6678
f 4265 6678 4611
f 4266 5839 6130
f 4266 6130 6868
f 4266 6863 5839
f 4267 4545 6195
f 4267 6692 4545
f 4268 4464 4808
f 4268 6094 5263
f 4269 5817 6302
f 4269 6302 5359
f 4270 5369 5735
f 4270 5735 5241
f 4270 6279 6793
f 4270 6793 5369
f 4271 4775 5123
f 4271 5123 4935
f 4273 4569 5702
f 4273 4748 5679
f 4273 5679 4569
f 4274 5721 5313
f 4275 4515 6176
f 4275 5232 5649
f 4275 6176 5232
f 4275 6713 4515
f 4277 4906 6641
f 4277 6641 5574
f 4278 6544 6710
f 4279 4971 5638
f 4279 5638 6888
f 4279 6888 4916
f 4280 5883 6986
f 4280 5907 6947
f 4280 6947 5883
f 4280 6986 5907
f 4281 4399 5383
f 4281 5383 4725
f 4282 5314 6677
f 4282 6336 5314
f 4283 5661 5214
f 4284 4385 6813
f 4284 6637 4385
f 4286 6150 6628
f 4287 6240 6819
f 4288 4967 5289
f 4288 5289 5829
f 4288 5829 6333
f 4288 6368 4967
f 4289 5969 7154
f 4290 4926 6112
f 4291 4664 5972
f 4291 5409 6853
f 4291 5972 5409
f 4292 5300 5613
f 4294 4330 6436
f 4294 5033 4330
f 4294 6436 6950
f 4294 6540 7069
f 4294 6950 6540
f 4294 7069 5033
f 4295 4449 5292
f 4295 5283 4449
f 4296 4978 6330
f 4297 5429 5907
f 4297 5445 6440
f 4297 5907 5445
f 4297 6440 6427
f 4300 4470 5802
f 4301 5694 4449
f 4302 6308 6322
f 4302 7177 5253
f 4303 4328 5809
f 4304 5054 6116
f 4304 6116 6178
f 4306 6218 6753
f 4309 4738 4490
f 4310 5389 5673
f 4310 5673 5281
f 4311 6800 6205
f 4313 5369 6372
f 4313 6282 5369
f 4313 6372 4846
f 4315 4537 6243
f 4316 5000 6718
f 4316 5874 5000
f 4316 6718 5200
f 4317 6513 6927
f 4317 7121 6513
f 4318 4999 6671
f 4319 4419 4632
f 4319 4485 5821
f 4319 5697 4419
f 4319 5821 5697
f 4320 4471 6101
f 4320 6101 6614
f 4321 4641 6982
f 4321 5013 6399
f 4321 5895 4641
f 4321 6399 5895
f 4321 6982 5013
f 4323 6281 6806
f 4323 6806 4913
f 4324 5749 5002
f 4326 5982 6914
f 4326 6914 4536
f 4327 4880 6313
f 4327 6313 4627
f 4329 5196 4835
f 4330 5900 6436
f 4331 5438 6417
f 4331 5440 6982
f 4331 6417 5440
f 4331 6982 5438
f 4332 5015 6450
f 4332 5419 5015
f 4332 5911 6413
f 4332 6413 5419
f 4332 6450 5911
f 4333 5028 6948
f 4333 5887 5028
f 4333 6407 5887
f 4333 6453 6407
f 4333 6948 6453
f 4334 5439 6446
f 4334 6446 5437
f 4334 6941 5439
f 4335 5018 6422
f 4335 5428 5446
f 4335 5446 5904
f 4335 5904 5018
f 4335 6422 5428
f 4336 5956 6522
f 4336 6459 5956
f 4336 6522 6459
f 4337 5946 7014
f 4337 6477 5946
f 4337 6483 7021
f 4337 7014 6483
f 4337 7021 6477
f 4338 5950 6480
f 4338 5960 5950
f 4338 6480 5960
f 4339 4662 5957
f 4339 5957 7123
f 4339 7123 4662
f 4340 5467 7025
f 4340 6469 7024
f 4340 7015 6469
f 4340 7024 5467
f 4340 7025 7015
f 4341 5047 5477
f 4342 6490 7031
f 4342 7031 7033
f 4343 5971 7071
f 4343 6608 5971
f 4343 7071 5720
f 4344 4583 4391
f 4344 7036 4583
f 4345 4700 5565
f 4345 4931 4700
f 4345 5230 4931
f 4345 5565 7086
f 4346 5807 5861
f 4346 5861 6542
f 4346 6542 7144
f 4347 4469 6076
f 4347 4674 4757
f 4347 4757 4469
f 4348 4701 6516
f 4348 5098 5503
f 4348 5503 4701
f 4348 5755 5098
f 4349 5103 6022
f 4349 6022 7072
f 4349 6545 5103
f 4349 6878 6545
f 4349 7072 6878
f 4350 4689 6001
f 4350 6001 6495
f 4350 6541 7052
f 4350 7052 4689
f 4351 5543 6013
f 4351 6080 6544
f 4351 6544 5543
f 4351 6817 6080
f 4352 5894 6426
f 4352 6426 6993
f 4353 4513 6497
f 4353 4755 4513
f 4353 6068 6891
f 4353 6497 6600
f 4353 6600 6068
f 4353 6891 4755
f 4354 5096 6556
f 4354 6510 5096
f 4354 6556 6125
f 4356 5841 6013
f 4356 6013 6587
f 4356 6018 7121
f 4356 6389 5841
f 4356 6587 6018
f 4357 6227 7068
f 4357 7068 6553
f 4358 5050 5082
f 4358 5082 7062
f 4358 6064 5050
f 4358 7062 7175
f 4359 5054 7125
f 4359 7125 6006
f 4360 5990 7141
f 4360 7141 5498
f 4360 7162 5990
f 4361 6295 4958
f 4361 7161 6295
f 4362 5056 6007
f 4362 5512 5056
f 4363 5090 5487
f 4363 5487 6990
f 4363 6453 5090
f 4363 6990 6453
f 4364 5089 6938
f 4364 5423 7124
f 4364 6938 5423
f 4364 7002 5089
f 4364 7124 7002
f 4365 4684 5077
f 4365 4878 4684
f 4365 5675 6361
f 4365 6361 4878
f 4366 4703 6508
f 4366 6523 4703
f 4366 7155 6523
f 4367 4678 6039
f 4367 6039 6551
f 4367 6609 4678
f 4368 5781 4727
f 4369 4778 5569
f 4370 7073 5997
f 4371 4811 6129
f 4371 5234 6171
f 4371 6129 5234
f 4371 6171 5796
f 4374 4598 6918
f 4374 5388 4598
f 4378 4707 4881
f 4378 4881 6298
f 4379 4990 6229
f 4379 5346 4990
f 4379 6324 6638
f 4379 6638 5346
f 4379 6927 6324
f 4382 6742 6771
f 4383 6664 4907
f 4384 6929 6269
f 4385 5824 6813
f 4385 6089 6347
f 4385 6347 5824
f 4387 4683 5228
f 4387 5228 6925
f 4387 6925 6375
f 4388 4717 5578
f 4388 5724 4717
f 4389 5723 5195
f 4392 4929 5610
f 4392 5610 4837
f 4392 6797 4929
f 4393 6382 6864
f 4393 7160 6382
f 4395 4921 6118
f 4395 5140 4921
f 4397 4788 5209
f 4399 4746 6889
f 4399 6889 5383
f 4400 5847 5873
f 4400 5873 6923
f 4403 5796 6171
f 4403 6171 6737
f 4404 4919 6567
f 4404 6249 4919
f 4408 6780 4544
f 4409 6519 7114
f 4409 6632 6519
f 4409 7114 5287
f 4409 7169 6632
f 4410 4730 6728
f 4410 5116 4751
f 4412 5549 7056
f 4412 5628 5549
f 4412 7056 6504
f 4415 5626 6674
f 4416 5287 7114
f 4419 5697 5523
f 4420 5580 5213
f 4420 6868 5580
f 4423 4762 5790
f 4423 6662 4762
f 4427 6666 4796
f 4429 6521 7092
f 4430 4779 6514
f 4431 5329 5390
f 4431 5390 4433
f 4431 6205 5774
f 4432 5850 4437
f 4432 6731 5850
f 4433 5225 6394
f 4433 5390 5225
f 4434 5240 6337
f 4434 5337 5611
f 4434 5611 5240
f 4434 6337 7092
f 4434 7092 5337
f 4436 4506 4945
f 4436 4945 6928
f 4436 5862 4506
f 4436 6928 6693
f 4438 6683 5368
f 4443 6318 6291
f 4444 5690 5855
f 4446 5710 6678
f 4447 6536 6630
f 4449 5694 6224
f 4449 6224 5292
f 4451 6226 6804
f 4451 6804 6363
f 4452 4585 5293
f 4452 6136 4585
f 4454 4497 4744
f 4455 5258 5731
f 4455 6924 5258
f 4456 5776 6123
f 4457 4750 6283
f 4458 4877 4955
f 4459 5751 4902
f 4460 4623 5272
f 4460 5272 5871
f 4460 5621 4623
f 4460 5871 4874
f 4460 6161 5621
f 4461 5172 5573
f 4461 5573 6133
f 4461 5660 4852
f 4461 6133 5660
f 4462 5149 5820
f 4463 5843 6912
f 4464 6741 4596
f 4465 5331 5826
f 4465 7196 4824
f 4466 5681 6747
f 4469 4757 6349
f 4469 6349 6830
f 4469 6830 6076
f 4470 6126 5802
f 4470 6724 6126
f 4471 5701 6101
f 4472 4719 5132
f 4472 5132 4921
f 4476 4828 6631
f 4476 5306 6215
f 4476 5676 6233
f 4476 6233 5306
f 4476 6631 5676
f 4477 5869 6394
f 4477 6246 5869
f 4477 6394 5225
f 4478 4946 7172
f 4478 5693 4946
f 4479 4732 5121
f 4479 5004 5127
f 4480 6894 5590
f 4482 4922 6310
f 4483 4991 5347
f 4486 4840 7044
f 4486 5152 4840
f 4486 7044 6010
f 4488 5775 6834
f 4488 6834 5659
f 4489 6225 6862
f 4489 6862 5332
f 4490 4738 5118
f 4491 4777 6305
f 4491 5405 6896
f 4491 6305 5405
f 4491 6896 6907
f 4491 6907 4777
f 4492 4764 5684
f 4492 4790 6185
f 4492 6185 4764
f 4492 6876 4790
f 4493 5629 4723
f 4495 6276 6733
f 4496 4836 5682
f 4496 4964 6784
f 4496 5682 5771
f 4496 6784 4836
f 4501 6620 5793
f 4501 7193 6620
f 4502 4949 5746
f 4503 6351 6357
f 4503 6357 5854
f 4505 4721 6598
f 4506 5862 5968
f 4506 5866 4945
f 4507 4904 4724
f 4508 4797 6145
f 4508 5364 4797
f 4509 5652 6763
f 4509 6763 5657
f 4510 5225 5390
f 4512 5480 5971
f 4512 5607 5480
f 4512 6174 5173
f 4513 5966 6497
f 4515 6713 5245
f 4517 5978 4823
f 4518 5591 5163
f 4518 6816 5591
f 4519 6073 5504
f 4520 5120 6910
f 4520 5385 6803
f 4520 6803 5120
f 4521 5142 6345
f 4521 6345 4859
f 4522 4724 5211
f 4522 5211 6082
f 4522 6082 5489
f 4523 4769 5353
f 4523 5353 5799
f 4523 5799 6825
f 4524 6771 6742
f 4525 5259 6261
f 4526 5811 5286
f 4529 7185 5852
f 4530 5202 6091
f 4530 6091 6633
f 4530 6633 6208
f 4532 4837 6835
f 4534 4603 5764
f 4534 5810 4603
f 4539 5647 4962
f 4539 5695 5214
f 4541 4924 4988
f 4542 4965 6285
f 4542 6237 5345
f 4544 4849 6189
f 4544 6780 4849
f 4545 6627 6195
f 4545 6692 6164
f 4547 6258 7126
f 4548 4571 6165
f 4548 6165 5700
f 4549 5371 6756
f 4549 5650 6340
f 4549 6340 5371
f 4550 4916 4917
f 4550 6210 6507
f 4550 6507 4916
f 4551 5650 6901
f 4551 6043 5060
f 4551 6557 6043
f 4551 6901 6557
f 4553 5354 6877
f 4553 5579 5354
f 4553 7040 5579
f 4554 6150 7117
f 4554 6628 6150
f 4554 7117 5517
f 4555 5818 6614
f 4555 6101 4925
f 4555 6614 6101
f 4557 6795 5639
f 4557 6826 6795
f 4558 4816 5170
f 4558 5170 6650
f 4560 4624 6107
f 4560 5213 6365
f 4560 6107 6293
f 4560 6293 5213
f 4560 6365 5592
f 4561 6789 7161
f 4561 7161 5717
f 4564 5737 6354
f 4564 6326 5737
f 4565 6105 6722
f 4566 5237 5801
f 4567 4740 5779
f 4568 5343 5870
f 4568 6905 6348
f 4570 4681 6743
f 4571 5203 6165
f 4572 6757 4865
f 4573 4741 6803
f 4573 5158 5572
f 4573 5572 6238
f 4573 6238 4741
f 4574 5174 6634
f 4574 5772 4733
f 4575 5624 6869
f 4575 6869 6278
f 4576 4941 7194
f 4577 6317 4883
f 4577 6892 6317
f 4578 4916 6507
f 4578 5092 4680
f 4579 5218 5759
f 4579 5759 6615
f 4581 4882 5281
f 4581 5004 4882
f 4581 5127 5004
f 4581 5281 5673
f 4581 5673 6369
f 4581 6369 5127
f 4582 4813 6350
f 4582 4899 5334
f 4582 5334 6339
f 4582 6339 4813
f 4584 5328 6801
f 4584 6801 6873
f 4585 6136 5964
f 4588 6748 4759
f 4589 5977 7045
f 4589 6093 5776
f 4589 7045 6093
f 4590 6504 6546
f 4592 6716 5219
f 4593 4970 5245
f 4593 5245 7195
f 4595 4706 5275
f 4595 6069 4706
f 4596 5314 6336
f 4596 5583 5314
f 4596 6741 5583
f 4597 5155 6099
f 4598 5388 6737
f 4598 6737 6171
f 4599 5351 5856
f 4602 5447 6941
f 4602 5889 6943
f 4602 5914 5889
f 4602 6409 5447
f 4602 6941 5914
f 4602 6943 6409
f 4603 5631 5764
f 4604 5012 6346
f 4607 5825 4978
f 4608 6023 6656
f 4608 6613 6023
f 4610 5114 5988
f 4610 5987 5114
f 4610 5988 6222
f 4611 6639 4717
f 4612 4846 5782
f 4612 6783 4846
f 4617 6806 5584
f 4618 5915 6940
f 4618 6412 6935
f 4618 6935 5915
f 4618 6940 5021
f 4619 6405 6933
f 4619 6933 6962
f 4619 6966 6405
f 4622 4968 4856
f 4623 4817 6374
f 4623 4976 5272
f 4623 5621 4817
f 4623 6374 4976
f 4624 4874 5871
f 4624 5155 4874
f 4624 5871 6107
f 4625 5447 6409
f 4625 5890 6425
f 4625 6409 5890
f 4625 6425 5447
f 4626 4678 6821
f 4626 6039 4678
f 4626 6331 6039
f 4626 6821 6331
f 4627 6540 5514
f 4628 6802 5308
f 4630 6288 6320
f 4631 4830 5551
f 4631 6105 4830
f 4631 6722 6105
f 4633 5349 6738
f 4633 5821 5349
f 4637 5719 6892
f 4638 7178 5690
f 4640 5898 6971
f 4640 6971 6417
f 4641 4652 6964
f 4641 5438 6982
f 4641 5895 6994
f 4641 6964 5438
f 4641 6994 4652
f 4642 5020 6573
f 4642 5452 5020
f 4642 6573 7148
f 4642 6946 5452
f 4642 7148 6946
f 4643 5023 6434
f 4643 5920 6957
f 4643 6429 5023
f 4643 6434 5920
f 4643 6957 6429
f 4644 5897 6953
f 4644 5905 6933
f 4644 6004 5905
f 4644 6405 5897
f 4644 6933 6405
f 4644 6953 6004
f 4645 5017 5431
f 4645 5028 6397
f 4645 5431 6948
f 4645 6397 6947
f 4645 6947 5017
f 4645 6948 5028
f 4646 5444 5887
f 4646 5887 6407
f 4646 6407 6990
f 4646 6990 5444
f 4647 5018 6942
f 4647 5913 6939
f 4647 6422 5018
f 4647 6939 6422
f 4648 5418 6957
f 4648 5920 6953
f 4648 6953 5418
f 4648 6957 5920
f 4649 5886 5422
f 4649 5891 6949
f 4649 5933 6980
f 4649 6949 5886
f 4649 6980 5891
f 4650 5424 5881
f 4650 5881 6401
f 4650 5916 6443
f 4650 6401 5916
f 4650 6443 5424
f 4651 5904 6951
f 4651 6011 6942
f 4651 6442 7136
f 4651 6942 5904
f 4651 6951 6442
f 4651 7136 6011
f 4652 5024 6043
f 4652 6043 6964
f 4652 6994 5024
f 4653 5455 7007
f 4653 6462 7003
f 4653 7003 5455
f 4653 7007 6462
f 4654 5038 6463
f 4654 6463 7001
f 4654 6534 5038
f 4654 6539 6534
f 4654 7001 6539
f 4655 5939 6464
f 4655 6464 6489
f 4656 5046 7027
f 4657 5941 7005
f 4657 5942 6465
f 4657 6465 5941
f 4657 7005 5942
f 4658 5475 7029
f 4658 7018 5475
f 4659 5043 7029
f 4659 7015 5474
f 4659 7029 7015
f 4660 5040 6488
f 4661 6478 6481
f 4662 5048 7028
f 4662 7028 5957
f 4662 7123 6050
f 4664 5521 5972
f 4664 6260 7059
f 4664 7059 5521
f 4665 4672 5507
f 4665 5507 6030
f 4665 5554 5899
f 4665 5899 4672
f 4665 6030 6563
f 4665 6563 5554
f 4666 4679 5515
f 4666 5515 5790
f 4666 6045 4679
f 4666 6508 6045
f 4667 5057 6075
f 4667 5105 5513
f 4667 6075 5105
f 4668 4838 6572
f 4668 5061 6585
f 4668 5495 4838
f 4668 6572 5061
f 4668 6585 5495
f 4669 5494 6570
f 4669 6570 6583
f 4669 6583 6752
f 4669 6752 5494
f 4670 5508 6575
f 4670 6344 6607
f 4670 6575 7044
f 4670 6607 5508
f 4671 7055 6506
f 4671 7120 7055
f 4672 5563 5507
f 4672 5899 6994
f 4672 6994 5563
f 4673 5052 5541
f 4673 5541 5054
f 4674 6277 4757
f 4675 4676 6064
f 4675 6040 4676
f 4675 6514 6040
f 4676 5050 6064
f 4676 6751 5050
f 4677 5523 5100
f 4677 6498 6056
f 4678 4905 6821
f 4678 5065 4905
f 4678 6609 5065
f 4679 4697 5515
f 4680 5072 5558
f 4681 4773 6743
f 4681 5078 6019
f 4681 6019 4773
f 4682 5083 6546
f 4682 5502 6700
f 4682 6546 6581
f 4682 6581 5502
f 4682 6700 5083
f 4683 5074 7077
f 4683 5548 5074
f 4683 7077 5228
f 4684 4878 5063
f 4684 5063 5969
f 4684 5969 6598
f 4684 6598 5077
f 4685 4766 6611
f 4685 5530 7068
f 4685 6219 5530
f 4685 6227 4766
f 4685 6611 6219
f 4685 7068 6227
f 4686 5502 6060
f 4686 5730 5502
f 4686 6060 5095
f 4687 5237 5970
f 4687 5504 6073
f 4687 5801 5237
f 4687 5970 5504
f 4687 6073 7153
f 4687 7153 5801
f 4688 5400 7122
f 4688 6055 7082
f 4688 7082 5400
f 4688 7122 6055
f 4689 6686 6001
f 4689 7052 6686
f 4690 6026 6603
f 4690 6603 5987
f 4691 5058 5488
f 4691 5098 5058
f 4691 5503 5098
f 4692 6070 6975
f 4693 5066 6502
f 4693 5444 6990
f 4693 5487 5066
f 4693 5980 5444
f 4693 6502 5980
f 4693 6990 5487
f 4694 5051 7114
f 4694 5965 5051
f 4694 7114 5064
f 4695 5485 6568
f 4695 6568 7058
f 4695 6605 5485
f 4696 5112 7117
f 4696 5168 6019
f 4696 5509 5112
f 4696 6019 5509
f 4696 7117 5168
f 4697 6526 7090
f 4697 7090 5515
f 4698 6012 5093
f 4698 7119 6012
f 4699 6007 7046
f 4700 4931 5517
f 4700 5073 5492
f 4700 5492 5565
f 4700 5517 5073
f 4701 6115 6516
f 4701 6619 6115
f 4702 5485 6605
f 4702 5719 5485
f 4702 5993 7122
f 4702 6605 5993
f 4702 7122 5719
f 4703 6045 6508
f 4704 5528 7067
f 4704 6053 5768
f 4704 7067 6053
f 4705 5518 6599
f 4705 6599 7143
f 4705 7143 6063
f 4706 6069 5546
f 4707 5154 4881
f 4708 5644 6384
f 4710 5294 6812
f 4710 6812 5222
f 4712 6854 5669
f 4716 5824 5643
f 4716 6764 5824
f 4717 6639 5578
f 4719 5359 6302
f 4719 5595 5132
f 4719 6302 5595
f 4721 5276 7094
f 4721 7094 6598
f 4722 6074 6895
f 4726 6328 6828
f 4726 6828 5133
f 4727 5667 4774
f 4727 5781 6652
f 4727 6652 5667
f 4728 6638 6324
f 4729 6170 5149
f 4730 6261 6728
f 4731 5138 5331
f 4731 5331 7170
f 4732 6383 5121
f 4733 5126 7073
f 4734 5150 5070
f 4734 5760 6827
f 4734 6209 5760
f 4734 6827 5150
f 4735 6686 6296
f 4736 5578 5137
f 4738 6902 5118
f 4740 6029 7137
f 4740 7137 5779
f 4741 5120 6803
f 4741 5738 5120
f 4741 6238 5738
f 4742 5251 6225
f 4743 5511 6119
f 4743 5593 7064
f 4743 7064 5511
f 4747 6375 4974
f 4747 7088 6375
f 4748 6653 5679
f 4749 5071 6002
f 4749 6002 6182
f 4751 5116 5358
f 4753 5376 6288
f 4754 5586 5606
f 4755 6891 5229
f 4756 5079 6612
f 4756 6565 6885
f 4756 6612 6565
f 4761 5591 5169
f 4762 6662 7180
f 4762 7180 6673
f 4763 5366 5640
f 4763 5675 6894
f 4763 6361 5675
f 4763 6894 5366
f 4764 5368 6683
f 4765 6544 7137
f 4765 7137 5080
f 4766 5718 7066
f 4766 7066 6611
f 4770 5190 6643
f 4771 5234 6129
f 4771 5675 5234
f 4771 6894 5675
f 4772 5247 5667
f 4772 5667 6652
f 4772 5752 5247
f 4773 5168 6150
f 4773 6019 5168
f 4773 6084 6743
f 4774 5667 6672
f 4775 6865 5123
f 4776 5851 6925
f 4776 6925 5228
f 4777 5072 6305
f 4777 6520 5072
f 4778 5128 5569
f 4780 6867 6880
f 4781 5058 5098
f 4781 5731 5258
f 4781 5755 5731
f 4782 5144 5581
f 4782 5204 5144
f 4782 5581 5122
f 4783 5998 6778
f 4783 7120 5998
f 4784 7172 6626
f 4785 5179 5360
f 4789 6648 4820
f 4789 6869 6648
f 4791 5164 5619
f 4792 5175 5798
f 4792 5750 6181
f 4792 5798 5750
f 4793 5085 5846
f 4793 5194 6560
f 4793 5846 6897
f 4793 6560 5085
f 4794 5789 5240
f 4794 6735 5789
f 4795 5119 5873
f 4795 6903 5119
f 4797 5364 5603
f 4797 6530 6145
f 4798 5865 6294
f 4798 6294 6795
f 4799 5964 5057
f 4801 6616 5295
f 4803 6307 5125
f 4805 6391 5663
f 4805 6913 6391
f 4810 6231 6702
f 4810 6765 6231
f 4812 5863 5402
f 4813 6339 5336
f 4814 5169 5591
f 4814 5591 6816
f 4815 6526 5117
f 4818 4835 5196
f 4818 5196 6366
f 4818 6366 6883
f 4818 6883 4835
f 4822 5698 5860
f 4823 5506 6513
f 4823 5978 5506
f 4823 6513 5189
f 4824 7196 5361
f 4825 5798 6728
f 4825 6685 5750
f 4826 5061 5145
f 4826 6585 5061
f 4830 5094 5551
f 4830 5664 5094
f 4833 6818 5391
f 4835 6883 6757
f 4836 6784 6790
f 4837 5610 5278
f 4839 6697 4909
f 4843 5590 6335
f 4843 6393 5590
f 4844 5122 6659
f 4844 6275 5122
f 4844 6659 6773
f 4845 6081 7093
f 4845 6192 6081
f 4846 6783 5652
f 4847 5726 5134
f 4847 6354 5726
f 4848 5521 6009
f 4849 5711 7191
f 4849 7191 6189
f 4852 5660 6655
f 4853 6851 5820
f 4854 4932 6300
f 4860 5166 6605
f 4861 7114 5051
f 4862 6523 7155
f 4863 6005 7135
f 4865 6757 6883
f 4867 5590 6894
f 4867 6335 5590
f 4868 6574 5363
f 4868 7058 6574
f 4871 6032 6515
f 4872 5049 6585
f 4873 5792 5835
f 4873 5835 6932
f 4873 6329 5792
f 4873 7089 6723
f 4876 4910 6670
f 4876 5217 4910
f 4876 6670 6715
f 4878 6269 5063
f 4879 5860 5698
f 4882 4905 6356
f 4882 5587 5281
f 4882 5762 4905
f 4882 6356 5587
f 4884 6257 6721
f 4884 6327 5277
f 4885 5210 5594
f 4885 6162 6494
f 4885 6494 5210
f 4885 7200 6162
f 4886 5489 6082
f 4886 6082 5597
f 4888 5235 5816
f 4890 5604 6553
f 4890 6553 7068
f 4890 7068 5530
f 4891 6292 5341
f 4892 5136 6306
f 4892 5344 6290
f 4892 6290 5136
f 4893 5794 7156
f 4893 7156 5085
f 4894 5367 7171
f 4894 7171 5360
f 4895 5523 5697
f 4895 7083 5523
f 4898 6822 6359
f 4902 5751 6377
f 4903 5717 7161
f 4903 6596 5717
f 4903 7161 6596
f 4905 5065 7130
f 4905 5762 6821
f 4905 7130 6356
f 4907 5668 5374
f 4909 5323 5653
f 4910 5143 6670
f 4911 5264 5589
f 4911 5589 6112
f 4911 6112 6617
f 4912 6709 6592
f 4913 6806 5653
f 4916 6888 4917
f 4917 6888 5638
f 4918 5412 6896
f 4918 6896 5863
f 4921 5132 6118
f 4921 5140 5617
f 4925 6101 5701
f 4928 5274 6629
f 4929 6797 5817
f 4933 6657 6587
f 4934 5197 5795
f 4934 5795 6709
f 4938 6336 6660
f 4938 6660 6877
f 4940 5761 6138
f 4941 5087 6597
f 4942 5406 6873
f 4942 5819 5406
f 4942 6390 5819
f 4942 6801 6390
f 4942 6873 6801
f 4945 5866 6928
f 4946 5167 4995
f 4946 5693 5167
f 4946 6626 7172
f 4948 6381 6890
f 4949 6213 5746
f 4950 6737 5388
f 4950 6907 6896
f 4951 5151 5404
f 4951 5205 5151
f 4951 5404 7197
f 4951 5588 6843
f 4951 7197 5588
f 4954 6009 7059
f 4954 6376 6009
f 4956 6169 6712
f 4958 6295 6789
f 4958 6758 5187
f 4959 5387 5631
f 4959 5642 6095
f 4960 5340 6219
f 4960 6219 6611
f 4960 6611 5512
f 4962 5647 6533
f 4964 5229 6784
f 4966 5137 5578
f 4966 5578 6639
f 4966 6701 5137
f 4969 5108 7135
f 4969 6243 7060
f 4969 7060 5108
f 4969 7135 7088
f 4972 7041 5341
f 4976 6749 5272
f 4978 5825 6330
f 4979 6393 5330
f 4980 5788 6380
f 4981 5220 6097
f 4981 6097 5654
f 4982 5233 5335
f 4982 5335 5584
f 4982 5584 6281
f 4983 5404 5151
f 4984 6691 5709
f 4985 5816 5235
f 4985 6610 5816
f 4986 7112 7125
f 4986 7125 5845
f 4987 6770 6166
f 4989 5848 6266
f 4989 6266 5408
f 4990 5330 5841
f 4990 5841 6389
f 4990 6389 6229
f 4991 5531 6499
f 4993 5250 5633
f 4993 5633 6235
f 4993 6235 6372
f 4993 6279 5250
f 4993 6372 6793
f 4993 6793 6279
f 4994 6825 6247
f 4996 5402 5863
f 4996 5863 5405
f 4997 6109 6609
f 4998 5563 6994
f 4998 5895 6399
f 4998 5980 7110
f 4998 6399 5980
f 4998 6994 5895
f 4998 7110 5563
f 5003 6776 6239
f 5005 5756 6745
f 5006 6833 5805
f 5008 5267 6689
f 5009 6234 6675
f 5013 5443 6399
f 5013 5451 5919
f 5013 5919 5443
f 5013 6982 5451
f 5014 5026 6411
f 5014 5440 6971
f 5014 5888 5440
f 5014 6411 5888
f 5014 6971 5026
f 5015 5419 6955
f 5015 6427 6450
f 5015 6955 6427
f 5016 5891 6980
f 5016 5902 5917
f 5016 5917 6977
f 5016 6977 5891
f 5016 6980 5902
f 5017 5893 6403
f 5017 6403 5431
f 5017 6947 5893
f 5018 5904 6942
f 5019 5020 5452
f 5019 5424 6443
f 5019 5903 5424
f 5019 6433 5903
f 5019 6443 5020
f 5020 6443 6956
f 5020 6956 6573
f 5021 6454 6970
f 5021 6940 6454
f 5022 5414 6996
f 5022 5882 6968
f 5022 5913 5414
f 5022 6414 5913
f 5022 6968 6414
f 5022 6996 7124
f 5022 7124 5882
f 5023 6420 6434
f 5023 6429 6963
f 5023 6963 6420
f 5024 5554 6043
f 5024 5899 5554
f 5024 6994 5899
f 5025 5030 6969
f 5025 5417 5030
f 5025 6404 6954
f 5025 6954 5417
f 5025 6969 6404
f 5026 6020 6411
f 5026 6938 6020
f 5026 6971 6938
f 5027 6430 6942
f 5027 6531 6430
f 5027 6942 6011
f 5028 5887 6397
f 5029 5441 6428
f 5029 6076 5441
f 5029 6428 5417
f 5030 5417 6428
f 5030 5916 6401
f 5030 6401 6934
f 5030 6428 5916
f 5030 6934 6969
f 5031 6961 6418
f 5032 5912 6961
f 5032 6447 6448
f 5032 6448 5912
f 5032 6961 6447
f 5034 5911 6450
f 5034 5929 6962
f 5034 6450 5929
f 5034 6962 5911
f 5035 5940 7000
f 5035 6459 7004
f 5035 7000 6459
f 5035 7004 5940
f 5036 5106 5457
f 5036 5457 7005
f 5036 6458 5106
f 5036 7005 6458
f 5037 5525 7001
f 5037 6004 5525
f 5037 6459 6522
f 5037 6522 6004
f 5037 7001 6459
f 5038 5908 6458
f 5038 6458 7005
f 5038 6534 5908
f 5038 7005 6463
f 5039 5045 6469
f 5039 5475 7011
f 5039 6469 7015
f 5039 7011 5045
f 5039 7015 7029
f 5039 7029 5475
f 5040 6015 6488
f 5041 5940 5462
f 5041 6470 5940
f 5042 5474 6479
f 5044 5957 6478
f 5044 6049 5957
f 5044 6478 5471
f 5045 5954 6469
f 5045 7011 7030
f 5045 7030 5954
f 5046 5945 7027
f 5046 6487 7017
f 5046 6559 6487
f 5046 7017 5945
f 5047 5961 7031
f 5047 7031 5477
f 5048 5958 7012
f 5048 7012 7028
f 5049 5495 6585
f 5049 7146 5495
f 5050 6751 6858
f 5050 6858 5082
f 5051 5965 5537
f 5052 5555 5541
f 5052 7092 5555
f 5053 6591 7117
f 5053 7117 5112
f 5054 5541 7125
f 5055 5885 6964
f 5055 6043 6557
f 5055 6404 5885
f 5055 6557 6954
f 5055 6954 6404
f 5055 6964 6043
f 5056 5512 6611
f 5056 6494 6007
f 5056 6611 7066
f 5056 7066 6494
f 5057 5542 6075
f 5057 5964 5542
f 5058 6014 5488
f 5058 6496 6014
f 5059 5967 6590
f 5060 5554 6077
f 5060 6043 5554
f 5061 6572 7075
f 5061 7075 5145
f 5062 6551 7154
f 5062 6929 6551
f 5062 7154 6929
f 5063 6269 7154
f 5063 7154 5969
f 5064 7114 6519
f 5065 6609 7130
f 5067 6071 6524
f 5067 7126 6071
f 5068 5524 5935
f 5068 5935 6995
f 5068 5995 5524
f 5068 6074 5995
f 5068 6529 6074
f 5068 6995 6529
f 5069 5967 6530
f 5069 6530 7043
f 5069 6590 5967
f 5069 7043 5361
f 5070 6051 7143
f 5070 6528 6051
f 5071 5102 5511
f 5071 5511 6002
f 5072 6520 5558
f 5073 5517 6591
f 5074 6195 6548
f 5074 6548 7077
f 5075 5086 6770
f 5075 5489 5086
f 5075 6541 5489
f 5076 5556 6081
f 5076 7144 5556
f 5077 6598 7094
f 5078 6533 6019
f 5078 7150 6533
f 5079 7095 6612
f 5080 6029 6516
f 5080 6516 7037
f 5080 7037 7189
f 5080 7137 6029
f 5081 6430 6531
f 5081 6531 6996
f 5082 6725 7062
f 5083 6700 5180
f 5084 6516 6029
f 5085 6560 6065
f 5085 7156 5846
f 5086 5537 6509
f 5087 5518 6053
f 5087 6053 6597
f 5087 6599 5518
f 5087 6837 6599
f 5088 5550 7146
f 5088 5744 5550
f 5088 6543 7130
f 5088 7130 6109
f 5088 7146 6543
f 5089 6020 6938
f 5089 7002 7013
f 5089 7013 6020
f 5090 5107 6542
f 5090 6453 5107
f 5090 6542 7048
f 5091 5483 5482
f 5092 5875 6381
f 5092 6052 5875
f 5093 5984 7153
f 5093 6012 5984
f 5093 7153 5637
f 5094 5500 6054
f 5094 5664 5500
f 5094 6054 5551
f 5095 6592 5481
f 5095 7155 6592
f 5096 5582 6556
f 5096 6510 7047
f 5096 7047 5582
f 5097 5526 6456
f 5097 5544 5966
f 5097 5966 6840
f 5097 5982 5526
f 5097 6456 5544
f 5099 5504 5970
f 5099 5970 7129
f 5099 7129 6536
f 5100 5523 7083
f 5102 5773 6583
f 5102 6583 5511
f 5103 5383 6889
f 5104 5188 5499
f 5104 5499 6057
f 5104 7139 5188
f 5105 7139 5513
f 5106 5435 6959
f 5106 6020 7013
f 5106 6411 6020
f 5106 6959 6411
f 5107 5437 6446
f 5107 6446 6542
f 5107 6453 5437
f 5108 7060 6528
f 5110 5536 6034
f 5110 6034 6572
f 5114 5500 5988
f 5114 5987 5766
f 5119 6923 5873
f 5120 5738 6910
f 5122 5581 6659
f 5125 6307 5698
f 5126 6567 7073
f 5128 5616 5569
f 5129 6612 7095
f 5129 7095 5751
f 5133 6828 6311
f 5135 6730 6301
f 5136 5291 6306
f 5136 5545 5291
f 5136 6290 5545
f 5140 5599 5617
f 5143 6625 5839
f 5144 5204 5577
f 5144 5577 5581
f 5148 6518 6505
f 5148 7093 6518
f 5149 6170 5820
f 5152 5598 6850
f 5156 5615 6619
f 5159 6773 6659
f 5164 7075 5619
f 5165 5198 6667
f 5165 6667 6280
f 5166 5339 6884
f 5166 5993 6605
f 5167 5693 6149
f 5168 7117 6150
f 5170 7039 6650
f 5173 6761 5290
f 5176 6145 5967
f 5179 5596 5360
f 5180 5730 6289
f 5180 6700 5730
f 5181 6391 6913
f 5182 7057 5999
f 5185 7143 6254
f 5189 6513 7053
f 5189 7053 5586
f 5192 5594 5210
f 5193 5590 6393
f 5193 6393 6910
f 5193 6910 6379
f 5194 5598 6560
f 5194 6850 5598
f 5197 6289 5795
f 5200 6718 6111
f 5202 5645 6091
f 5210 6494 7066
f 5211 5231 5597
f 5211 5597 6082
f 5213 5580 6365
f 5216 5585 6173
f 5216 7174 5372
f 5221 6842 5847
f 5224 5354 5579
f 5224 5579 6570
f 5224 6570 6315
f 5226 6363 5834
f 5228 7077 6496
f 5230 5608 6232
f 5231 6690 6085
f 5232 6176 5712
f 5233 5709 6691
f 5235 6927 5506
f 5239 5669 6811
f 5239 6811 6734
f 5241 5735 6878
f 5241 6878 7072
f 5243 5593 6088
f 5243 6088 6336
f 5243 6762 7064
f 5243 7064 5593
f 5244 6148 5688
f 5245 6713 7195
f 5247 5752 6706
f 5247 6114 5667
f 5248 6651 6798
f 5248 6798 5608
f 5249 6642 7170
f 5250 6279 6833
f 5252 6274 6855
f 5253 7177 6338
f 5254 6729 6342
f 5255 5314 5583
f 5255 6677 5314
f 5256 5790 6141
f 5256 6708 7198
f 5256 7198 5790
f 5259 6728 6261
f 5261 6622 5499
f 5264 6366 5589
f 5266 6168 6623
f 5268 5847 6842
f 5268 6866 5847
f 5268 6904 6866
f 5270 6057 6556
f 5270 6556 5582
f 5271 6012 7119
f 5271 7119 5484
f 5272 6749 5871
f 5276 7038 5989
f 5281 5587 6212
f 5288 5657 6132
f 5295 6616 6156
f 5296 5494 6752
f 5298 6207 6794
f 5300 6254 6837
f 5303 6201 7142
f 5303 7142 5620
f 5306 6167 6215
f 5307 5617 5599
f 5307 6191 5617
f 5309 5813 6395
f 5309 6395 6807
f 5312 6236 6717
f 5316 6212 6543
f 5316 6543 7146
f 5320 6688 6314
f 5324 6163 6140
f 5324 7097 6163
f 5328 6880 6801
f 5329 6387 5390
f 5330 6370 5841
f 5334 6792 5733
f 5336 6568 6838
f 5339 6284 6884
f 5344 5749 6290
f 5352 7181 7187
f 5356 6321 6874
f 5363 6048 6887
f 5363 6574 6048
f 5365 5513 7139
f 5367 5676 7171
f 5369 6793 6372
f 5371 6340 6715
f 5371 6715 6756
f 5372 7174 6682
f 5373 5551 6054
f 5373 6054 7166
f 5374 5668 6207
f 5374 6207 5628
f 5376 6320 6288
f 5376 6819 6320
f 5378 6836 5665
f 5382 6303 6759
f 5382 6759 7192
f 5384 6104 6764
f 5387 5764 5631
f 5389 5834 5673
f 5393 6030 5992
f 5394 6529 7096
f 5394 6895 6529
f 5395 6343 6777
f 5395 6777 5657
f 5397 6607 7160
f 5398 6926 7128
f 5400 6317 7122
f 5400 7082 5814
f 5401 5846 5559
f 5401 6897 5846
f 5402 6855 6274
f 5405 5863 6896
f 5406 5819 5725
f 5406 6053 5518
f 5408 5792 6329
f 5409 5972 7119
f 5409 7119 6853
f 5410 5765 6879
f 5413 5443 5919
f 5413 5887 6967
f 5413 5919 6957
f 5413 6397 5887
f 5413 6957 6397
f 5413 6967 5443
f 5415 5896 6421
f 5415 6421 6969
f 5415 6934 6968
f 5415 6968 5896
f 5415 6969 6934
f 5416 5434 6406
f 5416 5435 6420
f 5416 5888 6959
f 5416 6406 5888
f 5416 6420 5434
f 5416 6959 5435
f 5417 6954 7070
f 5418 5883 6957
f 5418 5897 6986
f 5418 6953 5897
f 5418 6986 5883
f 5419 5448 6955
f 5419 5909 5448
f 5420 5896 6960
f 5420 5898 6421
f 5420 6402 5898
f 5420 6421 5896
f 5420 6960 6402
f 5421 5445 6986
f 5421 5897 6405
f 5421 6405 6966
f 5421 6966 5445
f 5421 6986 5897
f 5422 5886 6408
f 5423 5882 7124
f 5423 6938 6960
f 5423 6960 5882
f 5424 5428 5881
f 5424 5903 5428
f 5425 6408 5886
f 5426 5905 7134
f 5426 5926 6962
f 5426 6933 5905
f 5426 6962 6933
f 5426 7010 5926
f 5426 7134 7010
f 5427 5906 6951
f 5427 6951 6412
f 5428 5903 6935
f 5428 6422 5881
f 5428 6935 5446
f 5429 5449 5893
f 5429 5893 6947
f 5429 6947 5907
f 5430 5433 6945
f 5430 6943 5892
f 5430 6945 6943
f 5430 6988 5433
f 5432 6004 6953
f 5432 6539 6004
f 5432 6953 6539
f 5433 5935 6945
f 5433 6416 6995
f 5433 6988 6416
f 5433 6995 5935
f 5434 6420 6963
f 5434 6963 6406
f 5435 5908 6420
f 5436 5912 5900
f 5436 6418 6961
f 5436 6961 5912
f 5437 6453 6948
f 5438 5923 6417
f 5438 6964 5923
f 5439 5447 6425
f 5439 5556 7144
f 5439 6425 5556
f 5439 6941 5447
f 5439 7144 6446
f 5440 5888 6937
f 5440 6417 6971
f 5440 6937 6982
f 5441 6076 6573
f 5441 6573 6956
f 5441 6956 6428
f 5442 5884 5922
f 5442 5922 6416
f 5442 6416 6988
f 5442 6445 5884
f 5442 6988 6445
f 5443 6967 6399
f 5444 5980 6967
f 5444 6967 5887
f 5445 5907 6986
f 5445 6966 6440
f 5446 6412 5904
f 5446 6935 6412
f 5448 5892 6943
f 5448 5909 5892
f 5448 6398 6955
f 5448 6943 6398
f 5449 6424 5893
f 5449 6427 6424
f 5450 6999 5466
f 5451 6406 6963
f 5451 6937 6406
f 5451 6963 5919
f 5451 6982 6937
f 5452 6419 6936
f 5452 6946 6419
f 5453 5884 6445
f 5453 6975 5884
f 5454 5942 7005
f 5454 7003 5942
f 5454 7005 7013
f 5454 7013 7003
f 5455 5456 7007
f 5455 6466 5456
f 5455 7003 6466
f 5456 5463 6460
f 5456 6460 7007
f 5456 6461 5463
f 5456 6466 6461
f 5457 7013 7005
f 5458 5466 7003
f 5458 5937 5466
f 5458 6462 5937
f 5458 7003 6462
f 5459 5952 6489
f 5459 6464 6997
f 5459 6489 6464
f 5459 6997 6998
f 5459 6998 5952
f 5460 5952 6998
f 5460 6011 7136
f 5460 6468 6011
f 5460 6998 6468
f 5460 7136 5952
f 5461 5462 5940
f 5461 5940 7004
f 5461 5941 6465
f 5461 6457 5941
f 5461 6465 6999
f 5461 6999 5462
f 5461 7004 6457
f 5463 5938 6468
f 5463 5939 6460
f 5463 6461 5938
f 5463 6468 6998
f 5463 6997 5939
f 5463 6998 6997
f 5464 5952 7136
f 5464 6489 5952
f 5464 6606 6489
f 5464 7136 6606
f 5465 5948 5959
f 5465 5957 7028
f 5465 5959 7019
f 5465 7019 5957
f 5465 7028 5948
f 5466 5942 7003
f 5466 6465 5942
f 5466 6999 6465
f 5467 5951 7025
f 5467 7024 5951
f 5468 5945 7017
f 5468 5951 6475
f 5468 6475 5945
f 5468 7025 5951
f 5469 6484 6473
f 5470 5953 6480
f 5470 6480 5950
f 5472 5947 6476
f 5472 6472 5947
f 5472 6476 5943
f 5473 5476 6477
f 5473 6476 5476
f 5473 6477 6486
f 5473 7008 6476
f 5474 7015 7025
f 5474 7025 6479
f 5475 6474 7011
f 5475 7018 6474
f 5476 5946 6477
f 5476 5947 7014
f 5476 6476 5947
f 5476 7014 5946
f 5477 7031 6490
f 5479 5963 6252
f 5479 6252 6669
f 5480 5607 6187
f 5480 5983 7071
f 5480 6187 5983
f 5480 7071 5971
f 5482 5483 7080
f 5483 5976 7080
f 5484 5972 5747
f 5484 7119 5972
f 5485 5719 6838
f 5485 6838 6568
f 5486 6248 6630
f 5486 6515 6248
f 5486 6630 7097
f 5486 7097 6515
f 5488 6014 6624
f 5490 5975 7126
f 5491 6578 6037
f 5493 5546 6069
f 5493 6069 6567
f 5494 6184 6538
f 5494 6538 6570
f 5494 6746 6184
f 5495 7146 5550
f 5496 6006 6586
f 5496 6586 7147
f 5499 6622 6057
f 5500 5664 5988
f 5501 5564 6026
f 5501 6521 5564
f 5501 7092 6521
f 5502 5730 6700
f 5502 6581 6060
f 5505 6569 7160
f 5505 6607 6344
f 5505 7042 6569
f 5505 7160 6607
f 5506 6927 6513
f 5507 5563 5992
f 5507 5992 6030
f 5508 6386 6917
f 5508 6607 6386
f 5508 6917 6575
f 5509 6019 6533
f 5510 5983 7076
f 5510 6503 5983
f 5511 6583 6119
f 5511 7064 6002
f 5514 6540 6950
f 5514 6950 5982
f 5515 6141 5790
f 5516 6564 5522
f 5517 7117 6591
f 5519 5968 7142
f 5519 6201 7149
f 5519 6604 5968
f 5519 7142 6201
f 5519 7149 6604
f 5521 5747 5972
f 5521 7059 6009
f 5522 6564 7079
f 5522 7079 6432
f 5524 5995 6518
f 5524 6451 5935
f 5524 6518 7093
f 5524 7093 6451
f 5525 6004 6539
f 5525 6539 7001
f 5526 5982 6950
f 5526 6950 6456
f 5527 6046 6537
f 5528 6552 7067
f 5529 7118 5985
f 5531 6023 6499
f 5531 6056 6498
f 5531 6498 6023
f 5532 7043 6530
f 5533 5974 7091
f 5534 5814 7082
f 5534 6893 5685
f 5535 6058 6588
f 5535 6120 5748
f 5536 5619 7075
f 5536 7075 6034
f 5537 5965 6509
f 5540 5986 7051
f 5540 6033 7108
f 5540 7108 5986
f 5541 5656 6131
f 5542 5964 7159
f 5543 6587 6013
f 5544 6448 6497
f 5544 6456 6987
f 5544 6497 5966
f 5544 6987 6448
f 5547 5989 6520
f 5547 7094 5989
f 5548 7088 6005
f 5549 5628 6207
f 5549 5977 7056
f 5549 6519 5977
f 5552 6047 6602
f 5552 7050 6047
f 5553 5926 7010
f 5553 6993 5926
f 5554 6563 6077
f 5556 5930 6081
f 5556 6425 5930
f 5558 6520 7038
f 5558 7038 6198
f 5559 5846 7156
f 5559 7156 6565
f 5560 7133 6028
f 5563 7110 5992
f 5564 6603 6026
f 5565 6805 7086
f 5566 5979 6524
f 5566 6524 6071
f 5567 5991 7091
f 5567 6511 5991
f 5572 6385 6898
f 5579 7040 6570
f 5582 7047 6755
f 5584 6806 6281
f 5585 6666 6173
f 5586 7053 5606
f 5587 6356 7130
f 5587 6543 6212
f 5587 7130 6543
f 5588 7197 6787
f 5606 7053 6106
f 5609 7115 6566
f 5612 6230 6698
f 5615 6115 6619
f 5615 7037 6115
f 5615 7189 7037
f 5620 6545 6878
f 5620 6878 5735
f 5620 7142 6545
f 5621 6161 6766
f 5624 6142 6648
f 5624 6648 6869
f 5626 6286 6674
f 5643 5824 6347
f 5645 6772 6091
f 5645 7189 6772
f 5647 6271 6533
f 5651 6637 6092
f 5658 7046 6162
f 5662 6087 5793
f 5667 6114 6672
f 5668 6794 6207
f 5673 5834 6369
f 5676 6631 7171
f 5677 5678 6116
f 5686 5713 6861
f 5686 6633 5713
f 5690 7178 5855
f 5692 6524 5979
f 5695 6754 6256
f 5706 5824 6764
f 5706 6104 7193
f 5706 6764 6104
f 5716 6255 6805
f 5719 6317 6892
f 5719 7122 6317
f 5722 6624 6627
f 5730 5795 6289
f 5731 5755 6899
f 5734 6111 6718
f 5738 6921 6910
f 5741 6646 7165
f 5743 6108 6681
f 5743 6815 6108
f 5751 7095 6048
f 5754 6840 6848
f 5756 7182 6689
f 5757 6756 6124
f 5766 5987 6603
f 5769 6119 7040
f 5769 6660 6088
f 5770 6237 6664
f 5773 6752 6583
f 5779 7137 5867
f 5781 6189 6652
f 5789 6735 7184
f 5791 6909 6194
f 5794 6355 7156
f 5797 6247 6825
f 5800 6357 6351
f 5803 6750 7184
f 5806 7148 6573
f 5812 6333 5829
f 5815 6155 6786
f 5816 6610 6376
f 5817 6797 6302
f 5818 6240 6614
f 5819 6390 6867
f 5824 6216 6813
f 5827 6916 5872
f 5828 6551 7035
f 5828 7035 6323
f 5828 7154 6551
f 5831 6578 5981
f 5837 6338 6197
f 5839 6625 6130
f 5840 6228 6679
f 5841 6370 6013
f 5842 6252 5963
f 5844 6884 6284
f 5845 7125 6707
f 5847 6866 5873
f 5851 6857 5876
f 5855 7178 6044
f 5861 7048 6542
f 5862 7142 5968
f 5867 7137 6817
f 5875 6890 6381
f 5876 6857 6274
f 5877 6908 6309
f 5881 6422 6939
f 5881 6939 6401
f 5882 6960 6968
f 5883 6397 6957
f 5883 6947 6397
f 5884 6024 5922
f 5884 6975 6024
f 5885 5901 6400
f 5885 6400 6964
f 5885 6404 5901
f 5888 6406 6937
f 5888 6411 6959
f 5889 6398 6943
f 5889 6424 6398
f 5890 6409 6945
f 5890 6945 6451
f 5891 6447 6949
f 5891 6977 6447
f 5893 6424 6403
f 5894 5911 6426
f 5894 6413 5911
f 5896 6968 6960
f 5898 6402 6971
f 5900 5912 6456
f 5900 6456 6436
f 5901 5923 6400
f 5901 6404 6969
f 5901 6969 6421
f 5902 6419 5917
f 5902 6936 6419
f 5902 6980 6936
f 5903 5915 6935
f 5903 6433 5915
f 5904 6412 6951
f 5905 6004 7134
f 5908 6434 6420
f 5908 6534 6434
f 5911 6962 6426
f 5912 6448 6987
f 5912 6987 6456
f 5913 6414 6939
f 5915 6410 6940
f 5915 6433 6410
f 5916 6428 6956
f 5916 6956 6443
f 5917 6419 6600
f 5917 6448 6977
f 5917 6600 6448
f 5918 6415 6944
f 5919 6429 6957
f 5919 6963 6429
f 5920 6434 6539
f 5920 6539 6953
f 5921 6455 6452
f 5921 6989 6455
f 5922 6024 6995
f 5922 6995 6416
f 5923 6964 6400
f 5925 6965 6423
f 5926 6426 6962
f 5926 6993 6426
f 5927 6973 6449
f 5928 7074 6979
f 5929 6440 6966
f 5929 6450 6440
f 5930 6451 7093
f 5930 7093 6081
f 5931 6455 6989
f 5931 6595 6981
f 5931 6981 6455
f 5931 6989 6003
f 5932 6983 6035
f 5933 6410 6433
f 5933 6433 6936
f 5933 6936 6980
f 5934 6435 6571
f 5935 6451 6945
f 5938 6461 7006
f 5938 7006 6468
f 5939 6997 6464
f 5940 6470 7000
f 5941 6457 7005
f 5943 6476 7008
f 5944 6486 7016
f 5944 7016 7023
f 5945 6475 7027
f 5947 6472 7020
f 5947 7020 7014
f 5948 6471 5959
f 5948 7012 6471
f 5948 7028 7012
f 5949 6474 7026
f 5949 7011 6474
f 5949 7026 7030
f 5949 7030 7011
f 5950 5960 6467
f 5951 6488 6475
f 5951 7024 6488
f 5953 7016 6480
f 5953 7023 7016
f 5954 7024 6469
f 5955 6485 7016
f 5955 6486 7021
f 5955 7016 6486
f 5956 6459 7000
f 5956 6482 7134
f 5956 7116 6482
f 5956 7134 6522
f 5957 7019 6478
f 5958 6483 7014
f 5958 7014 7012
f 5959 6471 7014
f 5959 7014 7020
f 5959 7020 7019
f 5960 6480 6485
f 5960 6484 7026
f 5960 6485 7022
f 5960 7022 6484
f 5960 7026 6467
f 5961 6491 7031
f 5962 6491 7032
f 5962 7033 6491
f 5964 6136 7159
f 5965 6137 6509
f 5967 6145 6530
f 5970 6618 7129
f 5971 6608 7115
f 5975 6071 7126
f 5976 6558 7080
f 5977 6519 7045
f 5978 6650 6610
f 5979 6506 7055
f 5980 6399 6967
f 5980 6502 7110
f 5983 6187 6535
f 5983 6503 7071
f 5983 6535 7076
f 5984 6204 7153
f 5985 6512 7063
f 5986 6601 7051
f 5989 7038 6520
f 5995 6074 6505
f 5995 6505 6518
f 5997 6567 6069
f 5997 7073 6567
f 5998 6566 6608
f 5998 6608 6778
f 5998 7120 6566
f 5999 6504 7056
f 5999 6546 6504
f 5999 7057 6546
f 6000 7062 6493
f 6001 7081 6495
f 6002 6510 6182
f 6002 7047 6510
f 6002 7064 7047
f 6004 6522 7134
f 6005 7088 7135
f 6006 7112 6586
f 6006 7125 7112
f 6007 6494 7046
f 6009 6376 7039
f 6010 6065 6560
f 6010 6575 7128
f 6010 7044 6575
f 6010 7128 6065
f 6014 6496 7077
f 6014 6548 6627
f 6014 6627 6624
f 6014 7077 6548
f 6018 6587 6657
f 6018 6657 7168
f 6018 7053 7121
f 6018 7168 7053
f 6022 6558 7072
f 6022 7089 6558
f 6023 6498 6656
f 6023 6613 7054
f 6023 7054 6499
f 6024 6529 6995
f 6024 6975 7096
f 6024 7096 6529
f 6033 6579 7108
f 6033 7138 6579
f 6034 7075 6572
f 6037 6578 6352
f 6039 6331 7035
f 6039 7035 6551
f 6040 6514 6044
f 6041 6549 7084
f 6047 7050 6500
f 6051 6063 7143
f 6051 6528 7060
f 6052 6507 7061
f 6053 7067 6597
f 6054 6653 7166
f 6055 6562 7082
f 6055 6915 6562
f 6057 6125 6556
f 6057 6622 6125
f 6068 6600 6946
f 6068 6946 7148
f 6070 7096 6975
f 6074 6529 6895
f 6076 6830 6573
f 6077 6563 6340
f 6078 7159 6136
f 6080 6817 7137
f 6080 7137 6544
f 6088 6660 6336
f 6093 7045 6632
f 6104 6620 7193
f 6106 7053 7168
f 6106 7168 6657
f 6109 7130 6609
f 6115 7037 6516
f 6119 6583 7040
f 6126 6724 6128
f 6149 7198 6708
f 6155 6714 6786
f 6162 7046 6494
f 6162 7200 6726
f 6163 7097 7129
f 6163 7129 6618
f 6182 6510 6695
f 6183 6680 7203
f 6189 7191 6652
f 6195 6627 6548
f 6197 6338 7177
f 6197 7177 6621
f 6198 7038 6905
f 6201 6777 7149
f 6202 6557 6901
f 6215 7167 6658
f 6228 6751 6679
f 6228 6858 6751
f 6229 6389 7121
f 6231 6765 7188
f 6248 6515 6920
f 6260 6665 7059
f 6269 6929 7154
f 6295 7161 6789
f 6296 6686 7052
f 6323 7035 6849
f 6343 7149 6777
f 6371 6382 6569
f 6373 6732 7197
f 6376 6610 7039
f 6377 6574 6568
f 6378 7185 6760
f 6379 6910 6921
f 6382 7160 6569
f 6390 6801 6880
f 6398 6424 6955
f 6401 6939 6934
f 6402 6938 6971
f 6402 6960 6938
f 6407 6453 6990
f 6409 6943 6945
f 6414 6934 6939
f 6414 6968 6934
f 6419 6946 6600
f 6424 6427 6955
f 6427 6440 6450
f 6434 6534 6539
f 6436 6456 6950
f 6438 6444 6992
f 6442 6606 7136
f 6444 6952 6958
f 6444 6958 6972
f 6446 7144 6542
f 6447 6977 6448
f 6448 6600 6497
f 6449 6973 6991
f 6452 6958 6952
f 6457 6463 7005
f 6457 7004 6463
f 6459 6463 7004
f 6459 7001 6463
f 6461 6466 7002
f 6461 7002 7006
f 6466 7003 7013
f 6466 7013 7002
f 6467 7026 7018
f 6471 7012 7014
f 6472 7009 7020
f 6473 6484 7022
f 6474 7018 7026
f 6475 6488 7027
f 6477 7021 6486
f 6478 7019 6481
f 6480 7016 6485
f 6481 7019 7020
f 6481 7020 7009
f 6482 7010 7134
f 6484 7030 7026
f 6487 6559 7078
f 6491 7033 7031
f 6502 6554 7110
f 6513 7121 7053
f 6519 6632 7045
f 6526 7086 7090
f 6531 7006 6996
f 6536 7097 6630
f 6536 7129 7097
f 6538 7147 6570
f 6546 7057 6581
f 6557 7070 6954
f 6558 7089 7080
f 6565 6612 7041
f 6566 7115 6608
f 6568 6574 7058
f 6570 7040 6583
f 6584 6979 7074
f 6610 6650 7039
f 6661 7175 6740
f 6679 6751 7187
f 6679 7187 7181
f 6732 6787 7197
f 6996 7006 7124
f 7002 7124 7006
