v -0.61961742434590605 1.2980193183455337 0.43958199911679796
v -0.72576597926945219 0.074900774425513447 0.050641676740099548
v -0.72601288009534581 0.07489687153230476 0.050784618106138331
v -0.087958076547362818 0.92508377482561754 -0.069360590946151518
v 0.33678781182028478 0.031598067072075291 0.22955121711983112
v -0.72453322150524102 0.43032670550584906 0.44429587344808286
v -0.38966004123421705 0.53703596968135336 -0.13381894258451241
v -0.70719144058460048 0.089160471591539933 0.027252098798950644
v -0.59670691320344948 0.54400995310075018 -0.12433697864154029
v -0.52248207006077141 0.58423161578097904 0.57048605337314262
v -0.030021584624567586 0.55870658046880972 0.67329333594844842
v 0.14834973784413377 0.75617345350947884 -0.14732644640621975
v -0.74761808502270111 0.077672072462212929 0.1781047944927697
v 0.11508837392189467 0.14123317599933466 0.56101414096945423
v -0.45308033673813597 0.59042865732864758 -0.14028606177519112
v -0.53906847944642555 0.086887000621002158 0.58027710583125536
v -0.7335065096267015 0.3482804990437896 0.22320059475083714
v 0.39316617453570141 0.35823782309384627 -0.09026569320180515
v -0.17696884412944019 1.3573976417046569 0.048949055010193018
v -0.50019779297100797 1.1152011153856118 0.37934791050740319
v -0.50603712858013128 1.0706631195914438 0.067343049138880728
v -0.64405564370085633 1.3592423713786397 -0.037924936438175016
v -0.41208092221831549 0.51463123200598793 -0.11845353875077562
v 0.56159174294637948 0.14223185390389867 0.12927267923423594
v -0.13028102221995816 0.44988107469046712 0.66276495400526214
v -0.44595492512884 0.54278240137578815 0.54981502507842406
v -0.5279576883483309 0.23154367503053025 0.36798786155286561
v 0.13982123685060849 0.029428772377255826 0.097084751102093858
v -0.33448481489049164 0.33611153283001488 -0.10447679577913221
v 0.63417755375552121 0.31888754230707528 0.29153101268722903
v -0.18327987072435084 0.70077524272969827 0.55041564038252289
v 0.45447681054219219 0.070773421922251292 0.18076773959789669
v -0.48389175516756211 0.037051643941665338 0.14997992535191076
v -0.3589335599627887 0.39584034590598094 -0.091264579386313188
v -0.83716757364981431 0.47474310013312759 0.26133903397961139
v -0.80590669855780572 1.2437219112547075 0.50155115333703149
v -0.59860434179361044 1.19353115509181 0.062499610651135053
v -0.17465849501145103 0.74069997831852374 -0.17237942845451162
v -0.6739777951382715 0.12815375848353969 0.032109790667715396
v -0.84780852714804655 1.2034679243131698 0.1707091539765459
v -0.9100002933175928 1.152221684845977 0.3322064539722196
v 0.4641585994779891 0.43508128101066168 0.0051820150310763983
v -0.20388018724455512 0.035179062807878095 -0.14260110736259066
v 0.20073794032535072 0.87945647312479569 0.45657920732804519
v 0.13485803314416248 0.22874805925205105 0.61490634223115337
v -0.30305604250760909 1.4694639944245234 0.06618096380519041
v -0.26133202751710782 0.93712496884360352 0.3750120537476801
v -0.87757739969859738 0.71442279455276603 0.38079081514083635
v -0.5871575886660958 0.86548940682621134 0.48015522685598178
v -0.69424293877517285 0.43578174136699993 -0.021239570076003779
v -0.39571910471534771 0.5698924886846265 -0.14455291020826216
v -0.18572812586598178 0.52869424363413264 -0.33325736147675827
v -0.48217634005575855 0.92183703775107961 0.43358066967842945
v -0.10824088053114864 0.32276853750668272 -0.29958964735158877
v -0.29102595624941396 0.25213133525284631 0.46174544817902763
v -0.6802461655368035 0.10180153307509418 0.016572998071416004
v -0.51305140401179028 0.21699238051711489 0.28319986281072995
v -0.26185987266926913 0.6818712976382626 0.55426451178264868
v 0.27758628569839378 0.1336548466894634 -0.048220463595867451
v -0.082423338600299448 0.13559893322823111 -0.21268914451742024
v -0.67738372370015876 1.4824402672534027 -0.24888566468479431
v 0.034159824228084619 0.25086136054263891 -0.25827018692759174
v 0.042919303854656386 0.02240771157796612 0.18618186440729467
v 0.45405307677074108 0.23561501351959377 0.38765642966074987
v -0.19719576880752079 0.42088381792770907 -0.32565434722030112
v -0.86770872985463265 0.86747133120404596 0.39289684600710267
v 0.42818313368675809 0.73013839600076569 0.37378663312911004
v -0.81687686496768175 0.51441032921281571 0.42321573904732246
v -0.84876043827593683 0.78198933117452618 0.39040156756469008
v -0.38822140994946847 0.048430448651316772 0.20627226818128339
v -0.063412890514879666 0.060463632755275443 -0.19764524926813656
v 0.24717267373743482 0.83819288914881196 -0.084855292809397534
v -0.50213583634096415 1.0287631470929013 0.052767286347512002
v 0.2559462745035706 0.70012009640773476 -0.15730437161017646
v -0.079571573118531358 1.5745867844180694 -0.22068180598488862
v -0.6190630084565637 0.65123524485058326 -0.10794435914931112
v -0.011015558006769418 0.44279688728555072 0.68896375733559512
v -0.21240981680861262 0.70462916634639494 0.55370297231589349
v 0.18663675576616617 0.93687009229001961 -0.042357429749249657
v -0.10676565329626515 0.027376561909058007 0.54078578255264076
v 0.57318585329665428 0.30287936252299513 0.35489828837960313
v -0.52912981991350228 0.27567737110102869 0.33518963503875104
v -0.8163102041813074 0.93381307095861044 0.064112940190530418
v -0.88552135264818799 0.54976344894763607 0.26897319351240662
v -0.45512129541736079 1.0782392613713416 0.31685505925618535
v 0.52513964773884392 0.4237316539737862 0.20711248505135837
v 0.35341092280621944 0.27452433465168974 0.47908306966468084
v 0.046446690395695441 0.90801620857409782 -0.10080643501419562
v -0.18819075562056103 0.44653032624232114 0.63529877673629864
v -0.41385508563924911 0.0379639405216185 0.51193635083007105
v -0.074306629747066505 0.74680388175436252 -0.17512341696394154
v 0.012447039012932036 0.07421128516261484 0.4197234599009439
v -0.63360239817606456 1.2976422501739402 0.035896846450065883
v 0.047501305715364546 0.023099935723665845 0.14640356477277233
v -0.21545171512577288 0.30673797480063481 -0.28499739011727271
v -0.41867701411655145 0.16116964335898221 -0.15411040419808422
v -0.29940786205997361 0.06136505716003432 0.34929175500129056
v -0.18445535650443601 0.16941302205377357 0.59937916838090055
v -0.48915042427070282 1.3629392566709144 0.047745649523378328
v 0.5493811843763714 0.39274992584284024 0.087427023105005081
v -0.42191532660174297 1.0158515986478764 0.29375903473330611
v -0.24481063675468981 0.94461540301636626 -0.012683824803576957
v -0.41436001872338002 1.2711282401063206 0.17222993042586732
v -0.35058039294927884 1.0005079650154456 0.046295915979118536
v -0.38907688259754059 0.35489149735034009 -0.064297106521948727
v 0.47195598169632236 0.31596286726678396 0.34952263153014818
v -0.79946758974429399 0.49660745874400469 0.021902264126133258
v -0.026618943406340259 0.32118367535665387 -0.29442667508564224
v -0.47678856854448853 0.44417393616539075 0.52510131855146713
v -0.28288591299872978 1.5582849156478615 0.014437131266230955
v -0.29355473007725036 0.36068809763418325 -0.23380950846028986
v -0.15531121721055899 0.4431268213426503 -0.33166315536657076
v -0.87574968925276964 0.5951856025208494 0.08355282172752232
v -0.47174855524034193 0.062145841631810299 -0.16800492683342702
v 0.19579562621475288 0.86323697966783608 -0.092294535840336173
v -0.79498695624981386 1.0656628845927238 0.050442598739484465
v -0.63316777902717114 1.0172863203983498 0.59626346525520812
v -0.61932681382258103 1.2831676775363645 -0.013875101807247927
v -0.49555085691451312 0.70955110542621358 0.55081751051023253
v -0.10865636520340988 0.13010396934342025 -0.20561468438368574
v 0.38942623001969806 0.87077209274195844 0.24920695294871406
v -0.58794055703426351 1.0225551037715896 0.5295285584417172
v -0.52804996537856741 0.4068283753962097 0.49354185827268171
v -0.56673859338557531 0.26379140045045507 0.18440260244344875
v -0.89558998412124513 0.85795608283207514 0.22641926419617209
v -0.76921442163326703 0.39595650407505151 0.12318896478838529
v -0.91149478837977727 0.88269981202752468 0.50402360456888007
v -0.74135638315867214 0.42553052950430242 0.037785955721738818
v 0.095709599974176135 0.38751959732719882 0.65267825234347798
v -0.79021914060654685 0.87495669047035329 0.59766333873969613
v -0.45352922019290093 0.489431374483077 -0.10895758697692311
v -0.93304172124441487 0.94505130621762534 0.45943149643887443
v -0.68420978096649376 0.33688698598432998 0.32402661113120812
v -0.76220214291526323 1.0659605815569047 0.66151652760281687
v 0.19099338117189166 1.0188623205877632 0.12793395908599542
v 0.40633536563447203 0.092390566280556155 0.02584709225513444
v 0.38188230838264564 0.7980106927458559 0.3917013442594845
v -0.31991077738046264 0.31638196395184193 -0.12569143006156128
v -0.67233315057742182 1.1866632348384238 -0.0025648237977300889
v 0.23634161156339517 0.70276027721366929 -0.16682185737235172
v -0.6398233312956646 0.45450974342359435 -0.075395864263334833
v 0.043315587350379992 0.20838033665794051 0.62532022512512186
v -0.021272964330666146 0.57644710598419024 -0.31468438072101973
v 0.25085990914427952 0.80357956198507841 0.48018469289002363
v -0.95310848395771219 0.9737558421519541 0.28111213151707448
v -0.57102904749033312 0.7454651489413735 0.54438390205927367
v 0.29339226682714581 0.15256210153434135 -0.071704714025825761
v -0.54627050741196659 0.87960306567564817 0.47329568395800908
v -0.62179390100049414 0.057859879604343689 0.55375022224348358
v 0.065439521487791696 0.76112733503019192 0.52410401657588079
v 0.10470303654448977 0.30012798015523245 0.6446132736332747
v -0.90222763461491529 1.1591956811815793 0.35585633008758011
v 0.33270841256872424 0.52257258178598043 0.53259973490892931
v 0.12674680540878308 0.26668087280012309 -0.24916744992678116
v -0.16942278697942764 0.99016297980005119 0.3217047578614487
v 0.025042414028558412 0.56198788084000018 -0.29620061594352481
v -0.49434638765355471 1.2147809828375637 0.24819828822733869
v -0.91983763061226964 0.94962720242136389 0.56579414587104382
v -0.65342507693023388 1.3682745546525366 -0.47775955258483549
v 0.013557687233970448 0.84837306702977211 -0.13242195823281083
v 0.0088250752236612457 0.34893828012277522 0.66560706548535142
v 0.11692061500434077 0.056197667534461648 -0.17806420399403
v -0.27289035004054163 0.056743652196386878 0.48014645807932571
v 0.40235709431246175 0.2739275157122037 -0.036341417965075791
v 0.17339899747856116 0.90005439214727423 0.45314944565693238
v -0.42398724301328167 0.14860593751497853 0.51459422563955959
v -0.62207930297923841 0.15790633622768177 0.40701444322900238
v -0.51485998939581112 0.64496883579452524 0.55629041946351188
v 0.37071834781611623 0.12317221109889659 -0.0028489418733318307
v -0.80463796615599725 0.91389129359843702 0.61871203968903887
v -0.61757269773889178 1.2506519983244091 0.052082511247529321
v -0.27360610553906578 0.85628508698919892 -0.099109836367128695
v -0.54442675391101125 0.71919437586282398 0.5499363869154843
v -0.92552175594493646 0.9628521499730569 0.18650680991208068
v -0.30140729996983295 0.036348312859573476 0.26155757683744124
v -0.13934794744066903 0.77472511306954928 0.52697755408041591
v -0.63602272223180578 1.4913820529622817 -0.53862759690142059
v -0.65883341391448302 0.3056430843399417 0.23420995152966281
v -0.50791805435214643 0.85587055581653138 -0.095542993045543062
v -0.38580106635080474 0.91029281103645554 -0.061286083125064603
v -0.14867651626531295 1.600545332298871 -0.16406436262267318
v -0.68111181589531167 1.5069376907037588 -0.49827529139706439
v -0.71158894989377386 1.1072559315209791 0.020677859432720505
v -0.46797358112312198 0.86511757026454883 -0.08417252329326079
v -0.20233834909071688 0.54281269650131103 0.66184409314175363
v -0.34604525675037823 0.055272267026872407 -0.11773465501413802
v 0.22797520309093802 0.10893831915190047 -0.10337296583747117
v -0.4700748337393218 1.193557375110422 0.13316777761604734
v -0.27165589654764083 1.4627425304074397 0.016108510249481345
v 0.51251770048366618 0.42227901163523163 0.13003792575117168
v -0.27240320134723545 0.032304082656193445 0.60368110647178941
v -0.23994083788773415 1.5756312950003037 0.016920343451318178
v -0.5364300811574475 0.20070458513599582 0.39844621986502693
v 0.45407640510013819 0.63447875304361812 0.38210876509083136
v -0.11159696544619879 0.35101679095054206 0.63750579700084919
v -0.1189575131837415 1.6050234715227543 -0.13179806943868042
v 0.52128769834525646 0.22952306642195905 -0.0065039344925071872
v -0.73982590245373148 1.2179102178256005 -0.023463474211177615
v -0.89461911246423587 0.78733525279199734 0.23644807365310661
v -0.51469154043762855 1.2873831006728667 0.26265858616927651
v -0.8893832562388243 0.67253631711919226 0.13945084676113473
v -0.8500656297765351 0.81532914150675584 0.36289544829637699
v -0.10795373280541716 0.48848737312569718 0.67263940703819125
v 0.26112249569993318 0.34371167573200911 -0.18938901372520847
v 0.30640347280666619 0.95211443441179311 0.14491685175741562
v 0.49885258308652836 0.11981375725658799 0.31298915766126356
v -0.16438202418432155 0.53579297958558159 0.68067695480025425
v -0.29514618046969066 0.96872366311196934 0.031796069306985815
v 0.2440670968566257 0.93194843955566931 0.40871807214760481
v -0.63055529291642531 1.3906646431657215 -0.37270400110967705
v -0.53289736038940949 0.67388222808210951 -0.13594812451237234
v -0.79455857289469689 1.1220511414396896 0.060957343095976627
v 0.19334880303361832 0.76242336117663556 0.5311110628620288
v -0.67001685451288118 0.33916063276879571 0.075364213129181803
v -0.34270686521877763 1.5227346307214986 -0.00096236664978660027
v -0.57437738795995241 0.037208879617946784 0.54067381050422303
v -0.022558066760117425 0.096479249957541716 -0.19989434717215945
v -0.53929389526270233 0.76087618360053866 0.53483579281324567
v -0.25050431229837328 0.037277297112282733 -0.20927686066721876
v 0.61618172825377859 0.36651785492143768 0.083808103582145133
v 0.33716759084771908 0.76769032557112971 -0.081571421940812489
v -0.49682238068038775 0.14573959173009124 0.53707108276464965
v -0.48407755019651516 0.8631726915539949 0.46587634690928842
v -0.54235103974869492 0.14912364069344136 0.54944040784070391
v -0.57611349748313656 1.3199787858653764 0.25199328928227899
v -0.25010561671297837 0.63705930841046166 0.55367226831792749
v -0.63543610779219761 0.88783156017134923 0.58411600718674617
v -0.30796327972196458 0.60079795829908167 0.5470111449073809
v -0.51818414210648145 1.1831542149148371 0.37952343992391696
v -0.32593603208581329 0.17054640288030998 -0.20327581499329034
v 0.1984493823274491 0.83079871250152926 0.48229998288058523
v -0.90819449822938136 1.228399624087261 0.25886467456866258
v -0.40462711221673753 0.82550138421132069 0.49222362464688302
v -0.29187049855891478 0.60301273864553984 -0.27042031043592002
v -0.36292721333224559 0.038911909839788011 0.28558895558447644
v 0.37075186993047837 0.50163598099591633 0.50738375529792656
v -0.83138609517209228 0.63124137284016368 0.021512964458438283
v -0.69101852803443709 0.052636539002820011 0.016460558392691491
v -0.34929997592555129 1.3453669719668897 -0.028384386773501195
v -0.36420943490677188 0.94279458672729832 0.39871391521112515
v -0.23106771920706964 0.92180650805118913 0.4105541084086955
v 0.27000246225703578 0.51704349854251619 0.59003499713956564
v 0.19148948738190286 0.98088628774048681 0.031926448552165046
v 0.44853774269518154 0.78254464310379079 0.1737363050027472
v -0.4053236566147887 0.049620896271797978 -0.22916617128852881
v 0.29628974845804412 0.056694426299329276 0.34301673393113113
v -0.50071280551762953 1.1308816778303874 0.35251659568132987
v 0.28811909220167831 0.20890141362575967 0.48498066964295294
v 0.20251506849259474 0.21937128633263298 0.56222868878739141
v -0.44131361082738069 1.331221577828126 0.18523325474056102
v 0.018546934910169982 0.061965024359776598 0.29069542006524485
v -0.71736224552938366 1.5901765238742802 -0.43211486855987813
v 0.49505344869602902 0.40731540754499079 0.082641549399603706
v 0.53102750128715726 0.21146668072743338 0.0039342301468106907
v -0.11468481170096458 1.6189416020678835 -0.18426820282084708
v 0.34488862890541933 0.71139726632955058 0.48567773929775643
v -0.21682903467760592 0.93601798567903449 -0.033384213529445324
v -0.74130262110422851 0.058416598178077733 0.18969710057773817
v -0.56367120471813736 1.0191250688935913 0.51856598911353413
v -0.39345027441661973 0.49597388404595033 -0.11394698336709612
v -0.32886125142408246 0.43739543350319249 -0.2120530586962513
v -0.10607850833857665 0.91209070167942019 -0.076953953803027775
v -0.36293437914951177 0.20056002260509442 -0.057998073589987577
v -0.2341447586220915 0.33316209691205878 0.51035788240005875
v -0.67124078656458053 1.1468973040512553 0.02373407765982586
v 0.038537693029690734 0.57698585125968638 -0.28636294745188928
v -0.49170973047229383 0.21724312983297783 -0.013900738736821893
v 0.31385126186791545 0.90842008408866892 0.36731974399584427
v -0.74541043665375395 0.098468200450126053 0.15359588759028117
v -0.20900092781289706 0.18014631692946845 -0.23057713890708728
v -0.18984721365412921 0.47278491425320424 -0.3324916501354257
v -0.89631566107166627 0.66523364259166484 0.35687971584360045
v -0.3734258024678464 1.415756718901463 0.13549234698003967
v -0.40151784190101591 0.97780924548026193 -0.017519133955253032
v -0.92744496077744532 0.88092418337893319 0.26597202910976153
v 0.5535333849443248 0.41957025873231135 0.2390910027936432
v -0.54433979464662285 1.2188226003805094 0.085678716307443642
v -0.40448590899448794 0.29369477966480817 -0.037051950463539381
v -0.6329760102519062 0.040675987426772045 0.31247816715510007
v 0.44925658559059445 0.51852242490108202 0.41261380505646272
v -0.87959859764042703 0.76727967813655595 0.34594558556444233
v 0.010179612579044267 0.20319523305876183 -0.25467732210340527
v -0.48105624219893572 1.1745809464418886 0.1503131901613545
v -0.59154613508878218 0.21872608546763747 0.087657548848526126
v -0.27915839056203362 0.25189847060734127 -0.20612144616313921
v 0.28551229841179482 0.24041401611029142 0.51362214971356401
v 0.35260922762292363 0.91463216601619146 0.18214134078874644
v 0.14637631826172204 0.70470248165701155 -0.17351654572547295
v -0.17334707361975221 0.70709627037976686 -0.1819812552361206
v 0.20990372084341519 0.14727877283663915 0.50858208132435923
v 0.29803598538332887 0.40275879135374826 0.5362028230512752
v -0.42478646737651654 0.034426227071838615 0.46827179126034857
v -0.91249772594584921 1.0123329539268291 0.55230464581450667
v 0.41776883089531669 0.4265792453533373 -0.066034300958965064
v 0.02165471154324379 0.042351475020244979 0.26876188197865053
v 0.45877564308537677 0.19492829350225066 -0.021211464898365548
v 0.060182314622362731 0.98990833527882549 0.4042435287864764
v -0.65266006274658284 1.5863692257027098 -0.52035080837563563
v 0.078402171610701565 0.066023047588897182 -0.018587262254110372
v 0.0034287473828979453 0.043307001759570925 -0.18749241233336281
v -0.28461794466152374 0.82629053844649969 -0.11768794353091507
v -0.33556126696963384 1.4042583745624979 0.077318159169652262
v -0.67095796436371113 0.099219068272286035 0.4685220729531554
v 0.082562204073263631 0.029642708373107736 -0.14829641581420666
v 0.18389397658362433 0.71588258365411717 -0.16984732086213025
v -0.26034385555049905 1.3015674858049047 0.038958747762424008
v 0.030925595563854925 0.20666159546227794 0.63353266455015322
v 0.20832116652822025 1.0151497046410953 0.21064735429662235
v -0.0051785047325043935 0.45532414110857522 -0.3066865003109065
v 0.26896417155264296 0.58289058179890341 0.57710777244864675
v 0.10522400653148035 0.74644057647419582 -0.14887477313502392
v -0.048565870871729845 0.76293851216811459 0.53750151292226833
v 0.36451697973584674 0.70286559737484022 -0.087139736251499747
v -0.49025472763229966 0.5610960485524864 0.5675824355649387
v -0.24967136452747193 0.1266893939894278 0.62321284390741893
v -0.12747113476322219 0.40181468639869394 -0.32131448258474943
v -0.3502047048817149 0.34923357353084505 0.51702436867571888
v -0.54134359203870797 1.0073693030588742 0.50527699726262976
v -0.18275795259807051 1.0025105383160382 0.26999663892456299
v -0.762246352452292 1.28100553696249 -0.055076513237163664
v 0.16061478465535403 0.4901063823915694 -0.25438298901852663
v -0.16638606285368709 1.5041860467284109 -0.14595379325078475
v -0.7539551998335482 0.071640654959526706 0.16187495646557737
v -0.48103888642972215 1.0579348493959913 0.089218518097972113
v 0.40692116238500659 0.17603420874975645 0.38491482446916186
v 0.18868692123628683 0.15638926071762094 0.52232736316767736
v -0.31977521473958725 0.93287083241998292 0.39828337413913112
v 0.071202491108921795 0.051182751681917743 0.32660381837053465
v -0.69410886828110108 0.84198287085343559 0.55734303802379503
v 0.29165595465123445 0.92419302042911244 0.3795041140716745
v -0.054215910322389954 1.4979169135896135 -0.1958238705311407
v 0.31584391938210044 0.11635101698693233 -0.0059954448823381374
v -0.90180381480549043 0.60278483968260355 0.28393359177115157
v -0.90062479543457685 0.59013398649845705 0.1637392512806419
v 0.054923890031957551 0.064922308552211275 0.42373809896758019
v -0.62201543698034933 1.3633012945563132 -0.099891345352326966
v 0.30957875530225876 0.81273066927164817 -0.068745239314249959
v -0.41239006649430648 0.035044243862699102 -0.16371518384328057
v -0.91673392762123707 1.2163328386820276 0.31128415900510731
v -0.76479286337552499 1.3158312944730501 0.17972775323178181
v -0.10318634423782047 0.604101819386612 -0.31366383201559345
v -0.404768895131283 0.77583206836797469 -0.12621731950218334
v -0.30078292696737413 0.61915651572541885 -0.2335669742736273
v -0.55751963050135589 0.30083606076926778 0.32995235341917006
v -0.33283332732451387 0.69570020491670492 0.54087005780945119
v -0.57973563433706443 1.2489933793166255 0.087472557256769043
v -0.86908625427144592 1.2210562102991906 0.46040546757368001
v -0.59284349496121602 1.2447549844422341 0.49097489045373738
v 0.43090835901551483 0.58124883390064064 0.43519748772085726
v -0.86777193936007646 0.83833480315928988 0.17199244285498605
v -0.8844467839858694 1.2153017242518032 0.21380636153089472
v -0.88879113228839413 0.60917350522120783 0.11392295773797675
v 0.50938624705664304 0.39651678488663333 0.27880186303898263
v -0.24008333392313905 0.92663862740777847 -0.040743149730210725
v -0.53117046304760618 0.039890604603578787 0.18699892097206813
v 0.22674238927052384 0.042662613510456526 0.47759412761778003
v -0.26901150428680537 0.069060084681237477 0.17420825685427105
v 0.52122484057275531 0.11816575424115112 0.089550479450282175
v -0.23359812481349312 0.051159931924949935 0.64217497445624383
v -0.29508163947516353 0.86445048103854172 -0.098047721118394535
v 0.3698237821462364 0.46816538298427257 -0.11427781327175116
v -0.89410058510155355 1.1184332977820759 0.49617989628856041
v 0.29048398901083156 0.76240479073297041 0.48013100183294388
v -0.74461557770454589 0.39770513893557563 0.086520676136279118
v 0.45817112367508461 0.74704304376266795 0.082935809567568131
v -0.096331142297712086 0.54840984877187227 0.67865904282651146
v -0.25321635954247573 0.6924984012698906 -0.17884702607140132
v -0.37963669760776292 0.15940387563723316 -0.19720376144616567
v -0.72861172816586828 1.2813698848981052 0.4760281133516977
v -0.66204595262263533 1.0121454074865845 0.63391497492268933
v -0.019919148600366664 0.07057535562314679 0.12792289559489473
v -0.30047926195026481 0.94398659656907002 -0.0073819921261916981
v 0.16645708228730771 0.79556141456530483 -0.12742517504442466
v -0.89906153141468326 0.70850853118534718 0.16180559092869162
v -0.24851575339138959 0.55581880579067933 0.60033680551595703
v -0.20709556995197617 0.056265324421395063 0.64036989725453719
v 0.1016266613934772 0.50995400398537571 -0.27781243639460834
v -0.56131137695114997 0.4679644661399176 0.53811273703490003
v -0.74508331972662734 0.39189763297667501 0.3423251015000115
v -0.89181465508370539 0.74250567558936564 0.34108529202716764
v 0.55133720582650991 0.40027310388889797 0.28607334318786504
v -0.90584843222924749 0.6069226525814454 0.16386619397230462
v -0.47434211605608589 1.1888563287117553 0.17153642104664549
v -0.35160896745309383 0.041003553062017951 -0.1356965769044676
v 0.098949111408349819 0.78318604744294962 0.51064725162593805
v -0.51218962418867231 0.047355858249533214 -0.058856526053283398
v -0.89211439474109089 0.71623341506966354 0.35498937084544369
v -0.30208298714161358 0.57184472040089818 0.52977128625753578
v -0.46010161728576049 0.14262752864967648 -0.081380535317418359
v -0.27411572590263555 0.28103225245736213 0.46388124447449269
v -0.23351887965258436 0.47781456533290267 0.60096590203059164
v -0.77917397353762052 1.3324609752546392 -0.079558075464825045
v 0.42069850095722122 0.41443682893037631 0.43363474695231902
v -0.49571234840065248 0.032837558073269539 0.055449931283826401
v 0.081200299656140326 0.022710732098377845 0.51253648725876733
v 0.3007491740396267 0.38495337905744303 -0.17629542144954297
v -0.088244066060255533 1.603857586088109 -0.18937817843937657
v 0.61348151594986955 0.35941054887571555 0.30376350251683715
v 0.18853737293895806 1.0195992265879386 0.28085064766901197
v -0.35750669133195268 0.48817357239678011 -0.14618361213639083
v -0.18716330110101301 0.81578118478447259 -0.1466203603486903
v -0.0434105230401906 0.70517310053692961 0.6020732539556346
v -0.67397769508590988 0.32525124117404097 0.13543759599816921
v -0.91280601980564613 1.2001831687376014 0.37448002898522942
v -0.13709856431266054 0.63865420418903085 -0.30714565603734084
v -0.76029668073913659 0.81733478045658381 0.49550786268040836
v -0.40339952562041503 0.054326623978345596 0.53131237268560927
v -0.79548295433615912 0.44518207362471096 0.070630575814090005
v -0.10455861589159401 0.67346706464841022 0.63069009519325503
v 0.21245612092264238 0.53979338764738893 0.60693724696864837
v -0.55933583920546215 1.2053752928690546 0.44822435079245637
v 0.31672859211425386 0.080907976785104849 0.018184873270547384
v -0.045434427887808639 0.67309770583599515 0.64039706640851723
v -0.28857587331368045 0.56921618914176508 0.53402442953739893
v -0.78282255522338406 1.3406214954109583 -0.070934863211975632
v 0.16776134069203696 0.043292391492748133 -0.13059787583530402
v 0.089329765714539197 0.029756886349636857 0.11756239287044148
v -0.48650491213584485 0.45343599967187703 -0.085597787128965694
v -0.33020411744323641 1.404242456794931 -0.057139351591969249
v -0.75723704531231861 1.2829961423600942 -0.00993571075190584
v 0.078195983493902499 0.73488409499800522 -0.15540416975502405
v 0.51982451190255807 0.20820751923469968 0.37867452428664167
v 0.22099578374935816 0.65974660981204303 0.5691166994155844
v -0.66053552704027163 1.3746009339565601 -0.48752797063524966
v -0.63103497230353334 1.2971066917102154 0.11005648667248878
v -0.42237626370200515 0.33217205855879317 0.51211069053389369
v -0.62608638939401129 0.62412470970436518 0.57170561633908046
v -0.66728867410550086 1.1157993881783488 0.59367419011972533
v 0.45533650752435856 0.087386498175957367 0.28750132256959904
v -0.025268379326468846 0.8466241724378113 0.51436262832504209
v 0.40116686455001582 0.40866773336793233 -0.082016110451260851
v -0.87129167190948076 1.1498202856837736 0.15259634062800928
v -0.25290225646098624 0.86305645638078976 -0.092140119424374264
v -0.33602122742679758 1.3172198680009062 -0.011055470353050654
v -0.26421482319456319 0.41542384361589407 0.50219634666473811
v 0.34587599051089979 0.83599635227788194 0.41349817042752429
v -0.44068229785372742 0.12080182123300751 -0.16470633180844158
v 0.30368043031261605 0.23434315114116039 -0.14139837706664654
v -0.4846379130230295 0.12112437821607812 -0.043698038712237874
v -0.52431799368271315 0.26214649619903535 0.24739807410542339
v 0.39051634057869516 0.42974094205632296 -0.084846599513868304
v -0.15193780354983488 0.74780748460385227 -0.16796856643234065
v -0.31146090347465694 0.419637969199121 0.50950468034631702
v -0.27664230185961536 1.5474119360040346 0.04707277040944708
v 0.22532684427474808 0.78564250019984039 -0.10969722476833912
v -0.091747796723897948 0.047858586056599206 0.59559650593658731
v -0.20117306177831198 0.64735936006838868 0.6000932779381144
v -0.85754097099925719 0.96780792932299387 0.074036689821740845
v -0.61172912564860404 1.3480000827541705 -0.14866426798400792
v 0.25573773319361615 0.07132462646450187 0.47320624486456364
v 0.33855078118175419 0.89600148590601991 0.35751483898470643
v -0.24093362479203301 0.96830713054062634 0.31306282223456033
v -0.84496307518554381 0.8411103725066329 0.4949257447540627
v 0.16747029392126367 0.53202065307988444 0.63075855741112374
v 0.27835926195052574 0.88040241594361268 -0.039930262738797871
v 0.4021754467198998 0.16334056415473405 -0.014846582144665429
v -0.75087985866921381 1.5766195983159206 -0.39652762725000212
v -0.94822759773702248 1.0322093563153889 0.32114898542031184
v -0.32804705698098069 0.057438273919282128 -0.24194047989829975
v -0.589065227876578 0.28511693949744543 0.16019336052639302
v -0.75616806465784303 1.2603489064934843 -0.12015938832955447
v -0.1084520729062599 0.4060286232524255 0.6475423179613452
v -0.59685506381920428 0.98101417146051395 0.010072365963665961
v -0.27351126477125864 0.071233430217579885 0.4446291576441857
v -0.62933825565399193 0.1378742145776079 0.37048059177616921
v -0.019453329033891374 0.49273838758313454 0.68018582562119922
v -0.88087786669630175 0.8010937106868754 0.29266631403695709
v -0.81792709815332121 1.0987967632202409 0.62568763487151047
v -0.5947043358263906 1.2885589574538101 0.45177623295145036
v 0.36559250025539364 0.77484675018472637 0.43041652883534648
v 0.3613568465484821 0.89606076818394698 0.1033344166707429
v 0.30735679380265901 0.17888509340674033 0.45714054306744123
v -0.32654880543172576 0.6022482872494952 -0.18380391142185912
v -0.46020327077475148 0.99165679018943964 -0.0048958301445246382
v 0.10604818763233428 0.1744566674524349 -0.2252895201924725
v -0.88921706811151147 1.216508425154937 0.42405101395924594
v -0.72767570915158841 0.34327065370567122 0.25906548844756283
v -0.38023693091740485 0.39396843472379983 0.52261851606476972
v 0.11608808763400753 0.70560485323356947 0.57011112217908178
v -0.823197199137085 1.2881781048073844 0.40843099753189716
v -0.65063561738793863 0.12328775946273138 0.37726220827795987
v -0.55551238042626105 1.3269490053822506 0.20562102682598568
v -0.59888730147898595 0.20785955182452631 0.11739251511762919
v -0.34412650129224021 0.21120928384999796 -0.039933507055711484
v -0.75673293272227404 0.8995730502763315 0.038534216413205757
v -0.81053886471278425 0.67971576619606655 -0.009307933768605706
v -0.69959352251480367 0.51528875361286186 0.51946449809161366
v -0.8250565280382689 1.1568628457531431 0.10436515529098782
v -0.46855954361416208 0.87602182217026192 0.4559729969370977
v -0.15408305247555232 0.7717951675757676 0.53284740394059682
v -0.37420604883469372 0.041329439092540561 0.33514761284517075
v 0.062137834578165761 0.24171127258320804 0.62853413396785585
v 0.51817560162897147 0.42362626725474095 0.15995916720600264
v -0.52766229472517878 1.2999733641109712 0.26655720868973598
v 0.39254388067985391 0.33881079510901019 0.46704200039554439
v -0.3517929221863027 0.35163106935558336 -0.071275783189443248
v -0.63342698338089432 0.17619619024996275 0.099467032195916405
v 0.16934410880863768 0.92508418550073435 0.44264848156402864
v 0.096066071582619303 0.19017437661566436 -0.23576743117128748
v -0.66245762965850274 0.044055690453114457 0.36882099638423144
v -0.45522877781048754 1.3966542906286961 0.025685905478336435
v -0.84167624183225653 0.86438264657543884 0.5845387347425548
v 0.38192803755449023 0.18255782354915315 0.38775669718883432
v -0.61254026968391107 0.41005364648683329 -0.049358647078540235
v 0.31525283803260623 0.51266003388818704 0.55175413496337133
v -0.76172313977299821 0.83794011844710203 0.57407818291276136
v 0.32284749346016134 0.78261924490135981 -0.078413369072560316
v 0.37104475284321736 0.89271266611080957 0.2542284502771614
v -0.78869132452466351 1.2848304158556871 0.44602856052868284
v 0.40185176999904126 0.6683057164715771 -0.057639497380678216
v -0.91591307979171899 0.64433585633631019 0.25427618398995466
v -0.41748039855907804 0.79955294303466806 0.51288089203649068
v -0.39479292759299806 1.3443111448898768 0.14007461699363846
v -0.67175555877627668 0.049286367103282498 0.38917038262698639
v -0.65195474660358121 0.68893144305935961 -0.096933227757928078
v -0.27923010519435404 0.57824357087989786 0.54395899175565321
v -0.67293284296758327 0.10404379665951378 0.23971042614365584
v -0.37104537241336927 0.60721111465341104 0.54342030747522951
v 0.40629859392080014 0.60768611945482476 -0.090413717687473971
v -0.29182080818008665 1.5171315547298172 0.068023405604473064
v -0.42134776938844881 0.98428746517577459 0.3329586961702623
v -0.060295632743956884 0.31846904674130061 -0.29919325985612399
v -0.67037349414720315 0.13194941666473364 0.21436876695023654
v 0.10281407678003962 0.02986569208775541 0.53107789212966039
v -0.24670254728599783 0.058189140073220763 0.49406189292809688
v -0.05104466017589817 1.0140841370768146 0.35735888762978191
v 0.044566377312080831 0.66979220596891864 0.6388378813636798
v -0.29802207760055976 0.2358367620966913 -0.17013563918249619
v -0.46785095813344352 0.81920294622481238 -0.10659111325108089
v 0.42042209472201175 0.67041382232603441 0.41873420898718128
v -0.4522657213635467 1.0854035515606579 0.22620005273341956
v -0.69342004497044107 1.2824403417409334 0.47651784171567213
v -0.088166578781697785 1.4378788204392285 -0.15376593726777743
v -0.76513955338437634 0.95598234459175158 0.026218225561844045
v -0.75534745420595295 1.1667650380307286 0.041265749807754812
v -0.13216286397350765 0.075104047194800322 0.073107026548081364
v -0.11111036663702972 1.4112481820229026 -0.11367556421074396
v -0.7838776864808279 1.3050820509158085 0.15748347798112039
v 0.17619841531392175 0.025452943060825645 0.034695104090511873
v -0.1476226288648779 0.94544553578017421 -0.01584595056195888
v 0.4149286957354183 0.29713709224073243 -0.033532883702892237
v -0.35605508301857891 0.036757556693344469 0.22147537754844362
v -0.62371970164048918 0.91203458153950823 0.58743523651112428
v 0.25728650564010941 0.96472046370490216 0.063294949098069389
v -0.2976947479611865 0.4483048588850293 -0.28002185193534046
v -0.059374036746679036 0.62916178750297336 -0.30271024997340384
v -0.56205608114720262 1.2917375065375671 0.09425948201142878
v -0.070736381844188623 0.99749587573851062 0.37634525314656553
v -0.55989074558844398 0.6163016996044034 -0.13887311827210061
v -0.78593154525064979 1.2725129240179049 0.098349960045288481
v -0.072437833626225329 0.081917613269114037 -0.20345468854932061
v -0.17781620511351834 0.047024187343980395 0.62886088286946118
v 0.21473601547360724 0.40380582494196804 -0.23825188583539292
v 0.045802313986250613 0.50952991405678638 0.67318139793232334
v 0.17440765698942093 0.87789926976952237 0.46060150937032301
v -0.50631717882558391 0.97100066502668303 -0.017877316895951664
v -0.65822660989239357 0.062906815056403581 0.51667790452942186
v 0.52296386811942108 0.34810483533390252 0.04334372111293229
v -0.084763988241031443 1.416769381936225 -0.13006077494045551
v -0.76113425110544075 1.4892942346083089 -0.36202791242888538
v -0.89320564108807854 0.78263044388134284 0.21025132948834308
v -0.75580890618199958 0.97444458060450023 0.023507450124274749
v -0.36098748269593234 0.032023445254013905 0.20116409492226223
v -0.3995389237674708 1.0320745705075738 0.20321730186625214
v -0.18571586944499258 0.90894659729420157 -0.061005471987715942
v -0.64907335351710116 1.4244743534330899 -0.15068445977418796
v -0.20149302774171685 1.3847306392793024 -0.069021008620316029
v 0.65002810538351874 0.31186052604104059 0.2493062761135974
v -0.54924379604356588 0.18776045486216963 0.38160402504008412
v -0.11749240699852448 1.6277943009883311 -0.17364580114710876
v -0.90365429180734402 0.66975075102708959 0.18383733867111895
v -0.18455451599044984 0.65403792231268354 -0.2919531845657074
v 0.43413508912417775 0.79635415757143302 0.1078046608994466
v 0.065369030159554586 0.56347451592242204 0.67242227828792411
v -0.88070480124910189 0.81516982151982642 0.23559480462173665
v -0.35496855942506067 0.59492768629295889 -0.17281621261296143
v -0.74808471691417155 1.3254229966072437 0.23750699416802842
v 0.52232197439264449 0.26146330238370463 0.38212474444455902
v -0.36338220332904991 0.91379306185695197 0.41909738611415037
v 0.62081440435976254 0.19101593181123686 0.19934198093455824
v -0.78282652495224869 0.72725880389311315 -0.019836205589699722
v -0.14684050145117872 0.76494219156939325 -0.16418656578146909
v -0.88474533715579029 1.1834961754740414 0.23194640054711765
v -0.35907568869175605 0.9757086155408129 0.0028966548992252418
v -0.8678381702305894 0.90468662140737477 0.60371117041935984
v -0.77230607596977086 1.2854687228189949 0.046463740386582936
v -0.34274757121961869 0.26346728437743477 -0.034099176342728396
v -0.26730526357863083 0.84334828372123827 -0.10837608772884186
v -0.79379549208288713 1.5499827069367582 -0.38343252842831571
v -0.43430082053245667 0.49086920446749704 0.53229949389425868
v -0.31197346543123555 0.50279377036685446 0.51771065746689815
v 0.29736916600524677 0.72827318995198886 0.50962343108104868
v -0.033248942994789157 0.75559346247700698 -0.17057903695672522
v 0.13966694246902692 0.18244306157587178 0.58279082180054997
v -0.34508857152747674 0.95701614587094885 -0.006797875464277469
v 0.60199560381254236 0.20195142315490322 0.29491231790502576
v -0.58343548103100484 0.69923658380254339 0.55029433353167978
v -0.35145479706514837 0.25788823085226398 -0.029585440753749817
v -0.87756377791249285 1.1728879477502634 0.21509493504098559
v -0.50452055278357932 0.66544763976920029 -0.13504220275428586
v -0.57247777860980609 0.71583374899094132 -0.12487746960795168
v -0.10476676729227802 0.29893479445862303 0.64037427858832086
v -0.31806602731546985 0.22341736218505595 0.47037389963032655
v -0.78582312032686696 0.84936420723892614 0.58605584298598168
v -0.90914074571014747 1.1505275814303118 0.28273127100147838
v -0.87604861793203459 1.1658393318302749 0.5145691679348775
v -0.35257589871923362 1.2963632064450261 0.13434856774889706
v -0.10639057953362321 1.4548666086185216 -0.15702134291423464
v -0.16578584288712958 0.68905493493301495 0.55947753425887869
v 0.042450109445710281 0.16171460020854281 -0.22863114953052552
v -0.7316146986395704 0.54068181376606739 0.51169831847803071
v -0.23767704454098931 0.36546351421572731 0.5177591265231154
v -0.71047421426831925 0.039251477178354442 0.16651418017050737
v -0.4426649901790915 0.50199305331447364 -0.11633402623250784
v -0.36090028722243872 0.038930098483487829 0.31248524586142529
v -0.91270748175876437 0.72520441455010431 0.25592797008512541
v 0.54460801107998613 0.13059650461283209 0.10215581382920455
v -0.25763050388762426 0.16732843463096617 0.59479522745093116
v -0.29118234418632633 0.95860734751073962 0.34511118503653126
v -0.71187375801341291 1.2367258764526241 -0.17668368918324262
v 0.30758530944177009 0.62507330359586588 -0.15860797655375425
v -0.031173548320289648 0.60293122280413747 0.67466098730950719
v -0.78565087345845064 0.89802411906044977 0.62407652776604339
v -0.3994495414000534 1.2514669763871331 0.052466904146979916
v -0.17831940289919837 1.6317781008526435 -0.078093399155662518
v -0.12832196922993605 0.32201330114694598 -0.30655084858953008
v 0.5944339132577291 0.36693209016494138 0.31400720568690621
v -0.21676889786239911 0.32422192250359011 0.53011581464058355
v -0.86840962809563504 0.67078905028151514 0.062798165544673601
v -0.92908134799886732 1.0779106641400991 0.33350989257572078
v -0.49660182756722532 0.38629314346582211 0.4844986583577886
v 0.26703445635693757 0.72651161252432395 0.52979953882449471
v -0.75661844119427779 1.0154800481001907 0.66714007786567908
v -0.74051324608887137 1.2783297702766574 -0.30748524866606874
v -0.87998908323868297 0.88836136573006397 0.58203320688338889
v 0.46679049618358359 0.62829032349134195 0.012779983678619022
v -0.74254702099736059 1.3750414536217839 0.0062181203209148456
v -0.49921439025476394 0.8335662757932214 0.48928008194803579
v -0.37701805168267599 0.7046873645191456 -0.1487957760038747
v -0.1341645042867774 0.83833874568577305 -0.12578031293675035
v 0.2611503974669479 0.49016367298874325 0.59474811807346539
v -0.65374168343194661 1.2608680157848033 -0.21400120426071259
v 0.12345496639759544 0.96755955096577029 -0.024608465647547244
v 0.14468948464537817 1.0404485190344617 0.19117053328645006
v 0.3395465116079186 0.48165185009770251 0.52925474797225613
v -0.18293999919422682 0.67515968132663839 0.5694979188243543
v -0.72441010591275923 1.1889185532600761 0.013117697511173742
v 0.25515319320390056 0.76631293870495554 0.50733976189342422
v 0.46731801280440816 0.73229349486909168 0.096719702904478483
v -0.66029769435709584 0.1730487116710013 0.145931121756325
v -0.042959740601662452 0.57938981068064832 0.67605594632441357
v 0.26672252345293712 0.1499693646705996 -0.11749300281559255
v 0.36946231352330111 0.040776170319339063 0.22603910462874074
v 0.64732958965831222 0.27333807624950485 0.24437570269075043
v -0.11834434692215298 0.89781778289338399 -0.088442389406735281
v -0.041051002494957869 0.44276195444222233 -0.30626274156158795
v -0.51953759797009669 1.3451654282413574 0.072210443282458125
v -0.61802474649952599 1.4715667993786268 -0.48742457105144243
v -0.65289416271140521 0.70312785937930122 0.54008466817246392
v 0.06356680888994154 0.76125903139414952 -0.1564604989345417
v 0.23750706948934164 0.64774204727462725 -0.17699029796312121
v -0.76544655725764299 1.3973013486171419 -0.22554637924003337
v -0.26506236964048135 0.99505247135761865 0.19072862642045549
v 0.23325682620112828 0.12674245123596109 -0.11368060189263864
v 0.3502828593099569 0.85548103169583145 0.39279998085281109
v -0.82254212346327404 0.6000661510270503 0.0072589834393372325
v 0.15951050738333469 0.63976336923631238 0.61476282493713996
v -0.25964235867018581 1.4512364565084661 -0.091829238674228167
v -0.16720190016076142 0.87776312502091547 -0.10668484940578295
v -0.23160975373528581 0.2548063265821785 0.50737943649072126
v 0.40976535143051934 0.51168587851502334 -0.098199714622561982
v -0.45267181873096501 0.049079158736417744 0.17618583834721233
v 0.14910299358533208 0.025683339805089248 0.35631153222199918
v -0.61919683643253631 1.3126932625293801 -0.19840733930245208
v -0.6201699739418487 1.4431799211362968 -0.51549088571942281
v -0.67000071312414866 0.98426559243701883 0.0068914208438162674
v -0.16211476146239626 0.077625777954963171 0.47113387750924757
v -0.39385505674156029 1.3963587347813422 0.14852761715400886
v -0.86505607901342207 1.141824349680318 0.5502507566308753
v -0.20259144468321411 0.74828361763682516 -0.16927845729905661
v 0.061957108409130948 0.87464163128080774 -0.12846150215620841
v -0.55214431049624424 0.031569535580802228 0.32092573912301203
v -0.25972165952528437 0.52683208514159452 0.57582998835062849
v -0.63171734861483175 0.75544376751593334 -0.096905819130622656
v -0.29257061430671322 0.98865920781863093 0.1000542827265192
v 0.27174682203388073 0.044275076545373167 0.33434101750381279
v -0.20507469914193402 0.6713831060062494 0.55630302807507159
v -0.78688880773334025 1.4795706754294218 -0.25004906064837634
v 0.40705485309170558 0.056209814829449645 0.24047864253387316
v 0.047097958429482736 0.80457812960487651 0.5247868140753974
v 0.38602869924179217 0.60901196712581218 0.49482309391261903
v -0.21150857715498877 1.4892575517483786 -0.036137044099489785
v -0.4378431101678158 1.4485936550853371 0.035698371506037649
v 0.42543271448018527 0.50797914659842736 -0.073837794065236911
v 0.47242243055473371 0.13537479595598842 0.019346841606336124
v -0.062700199728134828 1.53352881492235 -0.1911949805045928
v -0.47963565739032832 0.64327668354462442 0.55720683013914274
v -0.64949381213474067 1.0014888181878379 0.0078276861567171084
v -0.78517830318787962 0.8316903301087063 0.032614258117974568
v -0.79340876153313988 1.4038314682952344 -0.17840710682862437
v -0.41540015469414626 0.48404319632591525 -0.10879928158369895
v 0.63779245150986519 0.3861427901110222 0.15228268471939313
v 0.21701063308660098 0.069091797038188421 0.50765728346378292
v 0.2549848085331004 0.089496527777839924 0.48609502866574594
v -0.19723444798725778 0.83727502876789806 0.49703165213618339
v 0.44910605937013559 0.64493028888446713 -0.014906084221840017
v 0.39665013939004135 0.056609948214308703 0.08522035656091248
v -0.49699949602239557 0.46685579096760954 -0.090461520840545886
v -0.38608799242075853 1.493256675496808 0.015563246102845828
v 0.083522875738760535 0.72191204871788439 -0.16003292331480218
v -0.51972156384042922 1.2485041302617002 0.37804596009923841
v -0.25326426024196724 1.571325257122852 0.017458851962286425
v -0.44727264157371716 1.272570808131616 0.19890414904548359
v -0.47172014168249066 0.048400467328052463 -0.16433850700593161
v -0.74175346110818574 1.3230712681823109 -0.19472858499883844
v -0.11528428485420947 0.15107679621000364 -0.22836123662683741
v -0.52664968205939477 0.2572673158413713 0.34096097349860316
v 0.2126315376245532 1.0023501229844809 0.094699513669798521
v -0.1176925827407069 1.395856390860408 -0.023906071021577012
v -0.16639875799079068 0.26644216452184805 -0.28595515653780262
v -0.3180518489155994 0.02941727865087132 0.2201651228767699
v -0.44241392651899208 0.25227268751420301 -0.035336499927043588
v 0.40802430445260446 0.70666646673174405 -0.046795022693029951
v -0.40400149149668119 0.095090689824577593 -0.22632693296684114
v 0.24773088516963943 0.19525942082198017 -0.1781139252861709
v -0.53159053887217678 1.0807287519234543 0.45543718790290805
v -0.70957917658335823 0.65344606059621313 0.53977195448896798
v -0.76648493995469302 1.2153881223201533 0.054364999085888592
v -0.6496862221021108 1.2265255246473052 0.52979836069609421
v -0.64494835370114589 1.3706994413328215 -0.45954521646379043
v -0.35858837864137633 0.038846964125429755 0.2552654518150439
v -0.17897544598110673 0.38723542010215789 -0.32478334623433158
v -0.60467937096658708 1.1761461674203388 0.49931038075964612
v -0.77721674402193341 1.1982165801890641 0.061696509148471364
v -0.18094067181233237 1.460476636416205 -0.048098330043060591
v -0.4132032214018091 1.341274603260969 0.15647133293193627
v -0.63617848798047338 1.3835539627532132 -0.4133205874959307
v -0.41253891383590435 1.333185382152843 -0.00024584826397660637
v -0.59359910783548309 0.44169964967578762 -0.079173560372004445
v -0.87761292406306024 0.86181277926426436 0.34362188641910169
v -0.50286216813217322 0.15764447897694575 -0.023257594874392148
v -0.74813160752157104 1.2597807902474742 -0.23596697480172155
v -0.4163335151625745 0.081896646488312547 0.53617023967920419
v -0.78945621875855121 0.96484982977251665 0.63985015243114096
v -0.11431146737066332 1.4401945871375992 -0.069958560651420004
v -0.0906079784485051 1.4685467962399674 -0.17938268614895547
v -0.93464269982432024 0.93807717188760131 0.51586217447757754
v -0.26498407600652996 0.059460407102203176 -0.23140890328792363
v -0.62128705995611477 1.4074698988304308 -0.29010678000889173
v 0.19851476868555634 0.7885425902561799 -0.11772327784407856
v -0.13390721202671632 1.6184226771860912 -0.17029278824398097
v 0.25059856561541421 0.32252566536807742 0.55944138639900431
v -0.35324633310098119 0.034378556374454028 0.23853205045641193
v 0.29121895778637896 0.22156457884061903 -0.15598694435912402
v -0.80292536446066609 1.4711522777765667 -0.29880670534875503
v -0.39139639563406753 0.46543304047904038 -0.1038063042521179
v -0.79183693035686264 0.98323995397716379 0.03832681536176339
v -0.10042245001456382 0.071196268723421455 0.19006711129246914
v -0.64749218188612734 0.060578090315390118 -0.0073690031162236356
v 0.020021137097848703 0.13922787204727141 0.55876208971242691
v -0.53940560850712682 0.19720047552281511 0.37369354152870926
v -0.50353409648870873 0.42073596075597963 0.50061934735373359
v -0.58858080059474061 1.2207165351097993 0.076069601681413634
v 0.65266102776663903 0.27775577502411808 0.21655418568553464
v 0.5187906424555222 0.38999154487795384 0.086888432272997376
v -0.40462317689967209 0.2725717389336324 0.50504048101755039
v -0.32668253792953877 0.21083059407459473 -0.085756514663344871
v -0.49433089908743616 0.072940968526020167 -0.096927389831717545
v -0.33477031251428085 1.4987298334504142 0.087414064953853954
v 0.35252076382490366 0.099999840240497226 0.35546064995355631
v -0.42676290072144779 0.59809587396754771 -0.13746658108114904
v -0.099144847701513411 0.35391368372734333 -0.30400691369858746
v -0.52976120183113018 0.12812908398824263 0.56434550883762491
v -0.76719551156621912 1.2566607227724218 0.024706870889529838
v -0.72948465190522394 1.3221422854240574 0.17614577783595778
v -0.42292764893025564 1.0283185513718807 0.28053822796353517
v -0.79696960034003617 1.265207049387715 0.47624486154281354
v -0.78757666834072437 0.68896305389667301 -0.032613297774759707
v -0.54514101705578588 0.55202994321942889 -0.13423899448713444
v -0.70034488933777139 1.5263492911514567 -0.47579736016924179
v -0.37271222546377036 0.54287616313049225 -0.14930849991891182
v -0.53806776478911522 0.18833244795018503 0.47502128571956476
v 0.50351291956753219 0.11007080997211643 0.28674800370212278
v -0.65897217636591587 0.60249785246628806 0.56408891668181038
v -0.36122131816055369 0.89805709844489079 -0.073483562165027924
v 0.077588203425056346 0.09205338184896443 -0.18551023691196869
v -0.57343237791355539 0.18460602345544314 0.43334593643428881
v -0.90883006328854787 1.0883540719295863 0.39874932583467876
v -0.027423439403974285 0.25111362008188315 -0.26980611016561212
v 0.24408301211419023 0.037436560868372312 0.20131708734567755
v -0.5510085008513913 0.14634649058847046 0.26772269812832389
v -0.73184042753575429 1.3367297671191289 0.089117985712187778
v 0.50394149486267537 0.41241024249514757 0.2681346241830817
v -0.014377374964635294 0.057631184246591999 0.1813052005784897
v -0.42648028331202076 0.68803912215303986 -0.14866563963590484
v -0.82688747619255865 0.47911572247738821 0.098245372271286643
v 0.28747093962760251 0.40707403959923222 0.55512130527180192
v 0.19356134016580218 0.31360677917777097 -0.23003514559627469
v -0.39812418181981191 0.94353097940380282 0.38804760595909255
v -0.18423379367744572 0.34631613494575003 -0.30672865960739593
v -0.33799982879881985 0.9848873436259723 0.025690388928020731
v -0.68130385370279944 0.038944782582390536 0.030099816401770754
v -0.57034078376000419 0.033445725753875548 0.042694446645138474
v 0.32260535483139874 0.78715927623699244 0.46329691270083584
v -0.89719418193096423 0.59437122658158836 0.14033058539222232
v -0.21774327132913476 0.20983767087411775 0.52691552088008875
v 0.054606688281261521 0.412137366033069 -0.28952920424584727
v -0.55404849318913552 0.064721256853694245 -0.046496257247642094
v -0.10880920043952229 0.40676716793064793 -0.31271027160733189
v -0.74440811631810644 0.36393620001224969 0.23660034280140482
v -0.68406930286700496 0.4476226653665854 -0.045253725609205042
v -0.71879620797068577 1.3517031339069041 -0.36897747979985296
v -0.22897997016978724 1.3218309623200415 0.0020898061065438948
v -0.095240009523172645 0.1909866974844906 0.60091515352221214
v -0.18954505989477521 1.5874728608178625 -0.029920789899264548
v -0.68223967498896776 0.59909768586840484 0.55341831309532274
v -0.70101116193015744 0.42329775131865865 -0.0049845356928240525
v -0.73193283059275926 1.2372012570425557 -0.13249879296836622
v -0.018139542191326491 0.062961937783144628 0.20979779824149442
v 0.18850705466209755 0.49832846287057031 0.63113572509827121
v 0.077135799015343218 0.58691431121186977 0.66290637984003198
v -0.87105058600781216 0.86888392258457892 0.4241288207705084
v -0.70122671475875742 1.5289234769863691 -0.34815143079511018
v 0.54220596923733932 0.40752838995302088 0.26826614236123636
v -0.66457717938493543 0.84152978632959341 -0.041252828799777853
v 0.26314975573670502 0.60674712712165779 0.57163231962278915
v -0.62018405497998452 1.1133046153564541 0.50727856310044039
v 0.040854749282137268 0.033966913910676549 0.27953012990003212
v -0.87501112148280535 0.8191802378364853 0.29460579807972997
v 0.60817509972704642 0.37655871229225568 0.29517185724310574
v 0.29631642896917931 0.51956467100817372 0.57108982247395412
v -0.51122592729924288 1.2646435122704427 0.32785909064272878
v -0.72523610455082665 1.2073701573812339 -0.032657314261326842
v -0.74518828737724241 0.99892192016337211 0.66207002677326732
v 0.12196328725479401 0.28218979769224944 0.6254192959499304
v 0.43979589976479783 0.27046604567343768 0.0018124703598834319
v -0.26536145857053728 0.65044236240583697 -0.24671250962270483
v -0.55678258204895215 0.033422728491622422 0.085834895159068003
v 0.24270180115983772 0.44450212715504539 0.60481226816101863
v -0.20016542343914612 1.5914094746295624 -0.015316018970693663
v 0.11146987444471927 0.47226288360499519 -0.27409899110321251
v -0.92455836095886201 0.97208457089165501 0.55582954651026584
v -0.71151916603276988 0.33307031446898755 0.17135615421960862
v 0.048957361493434479 0.70975852248162841 0.58252953256358042
v 0.29069907207124751 0.10758937601906356 -0.0036250430255981734
v -0.16527815496806655 0.69724232711767054 -0.21562546137838123
v -0.88949987617983473 0.57659511639165395 0.14196824738856653
v -0.15457476948184587 0.039676718626438297 0.52889317900880839
v -0.33009592596981169 0.19663867123938042 -0.13522560448055662
v -0.47394753369723758 1.1995202796989022 0.19062366181058935
v -0.59173352548666713 0.90013845185841346 -0.049330879082377439
v 0.35950416620722581 0.71124022329589243 0.47226006092024653
v -0.35445934493338754 1.4458782582693981 0.12196713866505385
v 0.50094028449099215 0.42484600870059464 0.094006717143031951
v -0.67397466293335861 0.066788508091896029 0.38031942240816213
v 0.035574640153677936 0.85975871536091986 -0.13468523673835667
v -0.28902280995478269 0.17507402751590942 -0.20124607850509707
v -0.073717627666255919 0.39617295686138221 -0.30789140214967103
v 0.12669678244126531 0.30425132902253565 0.63667684152961834
v 0.042371531870987418 0.027249475021057245 0.26304111887974407
v -0.45944454699616749 1.3746346289152491 0.17559397850020095
v -0.47863149754698142 1.01838998790952 0.43187630789155423
v -0.6560284408930116 0.86376462795038023 -0.038272355378236922
v -0.72169054243931474 1.1980000928298888 -0.010853465755385405
v -0.53466203379208677 0.7039250178981169 0.5478694091167976
v 0.46254565513595597 0.18018346916162328 0.39299827716512292
v -0.68112019173782623 0.060024599420756337 0.45547220265518612
v -0.13333938799374737 0.24107869350386998 0.60777978285653123
v -0.29495214205875098 0.043537979025879407 0.61463077824413426
v -0.49618825725828225 0.047655076233041084 0.56124001446248106
v -0.67192010043617456 0.8757567431219897 0.62111276124241166
v -0.75653672149954465 1.5840296696406371 -0.44744464724396638
v 0.10453673565511849 0.037784665783424438 -0.033240611473273014
v 0.031602104529992854 0.071971025139127232 0.038599987617763516
v -0.67931628693786583 1.3222273742346202 0.37147219292987244
v -0.48324605904267193 1.0384169090767839 0.072020948279035393
v -0.58582864045683991 0.22757596533478092 0.14806338118800882
v -0.65526522028977474 0.13019323933164673 0.40118806608012136
v -0.55931835073069014 0.27358010480529771 0.2229395179257864
v 0.28237560931808325 0.087368495473534591 0.44270099668958013
v -0.52977238284684991 0.42532968580812741 -0.068131878201350873
v 0.048261914473669905 0.45024548176721518 0.67750674478743977
v -0.64488146936230872 0.5858612737050658 -0.10595646527472777
v -0.27434824497526644 0.18176036310278473 -0.20159363273687911
v 0.042629116188198465 0.34753418911951417 -0.28358137730835603
v -0.57956569620992437 0.064750895002943426 -0.036738769882264204
v 0.35003525808642577 0.22580460233834196 -0.057869370988820439
v 0.16879617523953239 0.9915740134340002 0.031124602415927169
v -0.21684520532503312 1.528542383560499 -0.026311070883938387
v 0.060643195708052745 0.066956096071556767 0.5453847144701951
v -0.15515363189482373 1.6248360413371121 -0.075299922412541298
v 0.50076367600244642 0.23742847383056967 -0.014232571097001316
v -0.61773848017447219 0.84355863221738925 0.49259193961105985
v -0.86074165464846375 1.096831753253602 0.58585944366586817
v -0.63326427027833476 1.2890939901487546 0.067539942640530509
v -0.26307919532180529 0.18035845149432675 0.5728943330328744
v 0.20465244859933712 0.026254268014038691 0.46302707678597077
v -0.70370984541684423 1.3150119325033558 0.39984174888769475
v -0.37539600184188404 1.3772029879347736 0.11951703208931262
v -0.068425088573812562 1.5267577751289942 -0.22129177358378363
v -0.36137668359589797 0.23260319959668813 -0.027332846728315149
v -0.60398679551457068 1.2947974965844422 0.11391628743512676
v -0.23090083321380789 0.27367464087007731 -0.25967561272778766
v -0.67413553374168222 1.1994772913847751 -0.036265959303566929
v -0.85050936935257238 1.0682325212122916 0.084986718085356946
v -0.061770377429348849 0.06534869326154355 0.46443308690824353
v -0.64621476254280041 1.1298778356788473 0.56097837553927243
v -0.34303251163149945 0.18015816083991473 0.49198824310808609
v 0.31999046866524317 0.14799096475904316 0.43734335916483091
v 0.082508402178342793 0.030516893727344594 -0.094550921986729694
v -0.64510688181695952 0.14625132861037138 0.41694529615675585
v 0.33504956908262379 0.3878092646632289 0.49823941711808889
v 0.11079061969420148 0.86703092982815133 0.49363397688765592
v -0.40143267215220618 1.4590641653191168 0.11581342838008152
v -0.55344558855411707 0.35794548224225836 -0.011923684859810359
v -0.53105271112444619 0.21193010975008875 0.22544429817194891
v 0.54114862916320761 0.34657843878078776 0.34266355021103573
v -0.04003083051042499 0.9535382133793272 -0.043468997820075773
v -0.89878879118788269 0.88954052408866491 0.42039533973552395
v -0.069449687636883112 0.52326986201733727 0.68403341134444284
v -0.062474508597570991 0.19888669192298281 -0.25597114714039759
v 0.3622035714592145 0.21960812395935236 -0.036886479854418106
v -0.14365048023519045 0.27883675039872324 0.61338780587559583
v -0.78584936288231155 1.5615693122785848 -0.41580264196595534
v 0.44031734963995239 0.73622452775933744 0.030679460688803745
v -0.24541970907516267 0.071814100692431493 0.38518655595976897
v -0.78234606888565728 1.3518438548896934 -0.063659717193932278
v 0.56257813693925318 0.13024260052621606 0.19133061996663647
v 0.4531732207206422 0.73608446189930166 0.054362040578524694
v 0.010192326337128334 0.66853082531433394 0.6425972642118174
v -0.65935862907551157 1.5303923491602991 -0.52910821094275495
v -0.27457879674281782 0.379509522695548 -0.2670003530444241
v -0.33903738144397977 0.86521694998116883 -0.096278431645034107
v -0.23033410147666916 0.99912890799955334 0.19745019413843345
v 0.017684472815145021 0.23940119290660497 0.64369618518599181
v 0.56633198019823838 0.41528327614481048 0.25782384006016484
v -0.32319822429606754 0.5606010875781916 0.53222185501284736
v -0.269868718171622 0.57925320514449186 -0.30473982913816922
v -0.085946443603065109 0.072009557110655306 0.46555828234462282
v 0.42528678646189055 0.07331290608128363 0.068344886250021331
v -0.33110396482166116 0.18612394422334225 0.49492329007019753
v 0.068115430099431259 0.66222227511543397 -0.25782694426307634
v 0.51016550455872378 0.44502054080461817 0.17898914052965409
v -0.38643756268327645 0.66367974827470044 0.53286073941023659
v -0.16481281022382019 0.4149111265525593 0.64162962421905789
v 0.046090399929267653 0.13252507818538836 0.55519403484174856
v -0.92975953855008919 1.069579192089045 0.23249912934291586
v 0.10556851051556539 1.042997675902174 0.13277741753615832
v -0.33744781847567351 1.0167511841243277 0.14440252279100463
v -0.48950625105866385 0.092906329504887725 -0.088001177957725912
v 0.18572897921489465 0.20974577382725271 0.56414463209470345
v 0.11520940428745634 0.026750465512928815 0.43705515509913812
v -0.46748923028253003 1.3311522708945731 0.028124588625463142
v -0.23017132841036103 0.51790667012087965 0.63291877828610166
v 0.021335496198816774 0.41996240577136951 0.68161374055489188
v -0.4218031756967876 0.1222134470424579 -0.19377095077682757
v -0.36019644426649094 1.0244690774266529 0.18900657085886494
v 0.091627037678985376 0.24390503058038654 0.62335251631997424
v -0.85354295637293898 0.61136148772420207 0.048364283724772895
v -0.31460274708431302 0.58601620343971239 -0.23377180271478706
v -0.40495877944072556 0.40145191692562604 0.52362517594264446
v -0.073974737179312078 0.59676668377562014 -0.31352766992951481
v 0.041451438700610452 0.22170911609990387 -0.24741851861232417
v -0.50718591278200253 1.3980764884959966 0.12498314615209355
v 0.021641313026123109 0.75798623234527718 0.54044924692564622
v -0.48834231269641826 0.77578767528304238 -0.12621641663768909
v -0.04289470532645815 0.21633995060168904 0.62289951160320134
v -0.84293305209184022 1.1840254670882477 0.1445756451430025
v -0.12518392715326362 0.69115739186790115 0.58826940738964351
v -0.28102599500172731 0.55422563660525281 0.53770247284716166
v -0.62069744976336139 1.458826006840342 -0.53004890591059395
v -0.44047229985332143 0.86340476398247057 -0.08439459225710795
v -0.58324968361111407 0.96104525772772309 0.53797503574270111
v -0.39258051013576184 0.91664341681554518 0.41947098607166267
v 0.50750534824169535 0.25678409123122337 0.38687108286901251
v -0.18484547400700246 1.3950630334101843 0.0043516223084516742
v -0.073103307451158978 0.68374828018875844 -0.26133915846772765
v -0.21595369150188251 0.050997735947744011 -0.21735809273199169
v -0.16425061270955785 0.65389882973120561 0.62745328968251735
v -0.64432190427471547 1.093594847628921 0.56083796721887269
v 0.49072202045059704 0.54551719989374636 0.071977502369278162
v 0.067019520848981204 0.64003356634447972 -0.27151062466600495
v -0.15712553668938278 0.18482144630739025 0.56768715822321858
v 0.26830574754594555 0.78016205754446066 0.48491024787390263
v 0.36754890903335513 0.71662222295359623 0.45595234229964521
v -0.43045336345645019 0.12259716997556386 -0.17433819224990849
v 0.36988776015205782 0.17088762940520189 -0.016534935169824665
v -0.28503871978304357 0.2239088700455705 0.46310627457963738
v 0.18874429081253061 0.36341327558257869 -0.24182404088489101
v -0.20329257384959523 0.24137215969961534 0.54680639831427957
v -0.87789140934343213 0.92511092378182169 0.60472897907659406
v -0.64541416950676023 1.4861915573719688 -0.37314256982986049
v -0.55938605683697828 0.13812716318874879 0.55984454215172685
v -0.6700469020029417 0.15215274533662465 0.18897411568363567
v 0.021923181879414309 0.96851023654456803 0.42817397879200769
v 0.37463429053819802 0.28543644039071597 0.47050628791226989
v -0.67135575599418806 0.39086944468006618 0.016074474831114259
v 0.41965889997319944 0.8255594233137874 0.25588742752571147
v -0.67712892181696982 0.93957986226916634 0.66211983122399332
v -0.14865696274220846 0.5018137420843376 0.67911453662930266
v 0.50525811644642671 0.46425761567079626 0.27591733999541929
v 0.34378365274323197 0.19121753503777961 -0.028844441455968307
v -0.77540195587451 1.0690758883298572 0.03655327263997802
v -0.31649615745553822 1.2772451267822755 0.06806594862032328
v 0.05185985944051516 0.19276066821272819 -0.2392191446028212
v -0.31399988434109788 0.36262601428992275 -0.20343668841616971
v -0.18868384429220886 0.033167476560411441 -0.18068036576831978
v -0.85506707461434206 0.9161842229235605 0.6165164464463565
v -0.94851561758523817 1.0079289004072207 0.36378465134643523
v 0.50839882256795332 0.49283327418082168 0.22492818118648356
v -0.13389532437863583 0.96785291254250916 0.39315436397156478
v -0.52712286115155949 0.19321461024725675 0.31574936865059727
v 0.11129780869319818 0.25484450970379785 -0.25137313817698936
v -0.35845801349631268 0.045491976839251901 0.23415776517419082
v -0.49488819723139638 0.91118047312523898 -0.06388538521082901
v -0.8842447874194842 0.54014805008439959 0.21046614177207787
v -0.13329267047642659 1.6403398524528796 -0.14202253571677192
v 0.032564678287973325 0.85093516355009824 0.51781559457853898
v -0.47030945764069698 0.90427829659305137 0.43014609409051047
v -0.47841895512881039 0.7487207886924564 -0.13562452787806129
v 0.55425981354339038 0.14651910318939873 0.28994944314582582
v -0.034449003954853112 0.053203470672279478 0.57748716805406686
v -0.071350150596378573 0.30211530532733272 0.65450299017853053
v -0.61460394575021882 1.0603972693609318 0.52821357842294447
v -0.18601079691488684 0.99357448663277048 0.29681423840867249
v 0.46724147195171878 0.69198420131173588 0.049945883765473723
v -0.063063349852816017 1.4958530455403996 -0.20919598847505766
v -0.021089407358024982 0.38633381930771088 -0.29268658290158955
v 0.027088645558823635 0.21783615835598502 -0.25018835337482842
v 0.51309917715796927 0.43540099518476216 0.21408556945697299
v -0.11673072448328912 0.16731074483746902 0.57539301745559035
v 0.035272523973803253 0.98469162530862619 0.41312193315568885
v -0.088209491746060784 0.99115755028333108 0.013762976449182255
v -0.77114495567116048 1.0462376718655186 0.027227737498716219
v -0.21655534975657889 1.598188254028041 -0.011141319105791556
v 0.13952382533667743 0.039450001032196119 -0.15437047920848179
v 0.28857779063047001 0.46161432468694685 0.57458271827241403
v -0.44575573877098351 1.220826674540554 0.17115482751666958
v -0.30882298639053296 0.21416125346861453 0.47023866688679522
v -0.17225596149065742 1.0124469613331448 0.23578758089590879
v -0.37649852945789936 0.038690817503454378 -0.12565007516361512
v -0.63084405663178733 0.10263842229935906 0.27128579965126243
v -0.6266730456743661 1.3130345797757901 0.15685802690914072
v 0.13529863269811923 0.78174175894428743 -0.13950286037117302
v 0.0047312565826686682 0.58202727808518095 -0.30138764495889547
v -0.17530559875337146 0.04572296609966818 -0.12675062587778629
v -0.33071128929023613 1.5139339474090985 0.068197137304677136
v -0.1456930150148632 1.4161195782500025 -0.10583482122015923
v -0.15741282508569804 1.3442779151993931 0.010667704264750461
v -0.28957721455642893 1.4084886479145977 0.042493241240258189
v -0.12873254708033818 0.52525340311862456 0.68138434657928126
v -0.21643257470745869 0.83207216717946042 -0.13350757204214844
v -0.56935825090687786 0.65762386917804461 0.57048799237301573
v 0.38837672169062415 0.65291905387054638 0.47452372769031304
v -0.27238115335947083 0.23615764585346613 0.46130286624165134
v 0.0014517786390363474 0.42154176571984953 -0.29917136286620588
v -0.50258298995205175 0.88047270959655011 -0.081056695228719125
v -0.59963484329282535 0.52878943756161534 0.54838005869243911
v -0.034429181519739012 0.067377365739457615 -0.092809138956425494
v -0.63353140747873826 1.4473944648544756 -0.52959358709074655
v 0.56893350721952085 0.18402038122423436 0.052266340184856354
v 0.25761106931454625 0.75593493982647719 -0.1247482821583016
v 0.13659815439818837 1.0408527104954306 0.24676497323524882
v -0.80294583938670616 1.4661348365739311 -0.27428900202162537
v -0.70410792321305848 0.45103080163730086 0.4806898557721509
v -0.5141728969686773 0.18610637845810263 0.26640758963459082
v 0.29162727000488248 0.74418350699596825 0.50243440302140574
v 0.29189163837218768 0.65191514870130229 -0.15528345793839105
v -0.56658099486297087 0.2906550604843029 0.30342381497406379
v -0.035562705530420187 0.030815697080083287 0.50204799485855556
v -0.69246615160697877 0.81389722964578648 0.49392942796083084
v -0.57950707360373932 1.3224950430606497 0.20836198696035749
v -0.24962584558450801 1.5744654548930541 -0.050920909975310819
v 0.42408591382374333 0.33621889662890314 0.42857933661627823
v -0.78916306906395695 0.48395550101299678 0.41988296885409371
v 0.1038366821811821 0.77351616699763714 -0.14817382663603801
v -0.22809165100892353 0.60690561490477157 0.60460478790816208
v 0.15025693083213573 0.027623579422345636 0.37948704641018305
v 0.29344680727214828 0.045856205780310584 0.31372576637288624
v -0.83774233851146596 0.49610972966981354 0.08978404067598772
v -0.87702428459119786 1.1147888497405067 0.13977379836113391
v 0.13271918025800572 0.02203409503499178 0.45027998241085776
v -0.15662011463217512 0.12883479959768654 -0.211216134625379
v -0.45106725562441663 0.036203042879770705 0.43110645350260662
v -0.49276817950937996 0.59790368160809348 0.57006482924162216
v -0.021141921030027343 0.081008889197920542 -0.041244379884097758
v -0.16332789240498521 1.6087635047583864 -0.06153748533620923
v -0.51856802536536462 1.1503159600169437 0.097468455739188539
v 0.32026631358606378 0.68447495390150392 0.51039369550376734
v -0.94972769601180418 1.017408252282137 0.29356072924182569
v 0.1236810320571311 0.49622266687589056 0.64969112331179835
v -0.58348554525354845 0.46442011716762133 0.53575819814813164
v -0.51569464690989497 0.040886509735290739 0.1794238839046062
v 0.027420389983888377 0.37404213192427527 0.66405165366349894
v -0.10693111537434805 0.63477791604457912 0.66201529148076599
v 0.38920383412895454 0.47532338015267633 0.48775602858599842
v -0.65317657426400499 0.15806922947368582 0.065096667366528582
v 0.49414188932417169 0.59708422251176552 0.29405219295573903
v -0.4813699346657439 0.4676814343669235 0.54107141679052173
v 0.11453887456791575 0.03338024308212223 -0.15541699971696707
v 0.47257641453403271 0.61522351243371332 0.34991716089713326
v -0.42390078452224345 1.0436406272006664 0.18666091881783556
v 0.15271952214178378 1.0328312629889029 0.27850065663735957
v 0.39989362996537903 0.66426362664721839 0.4568496110121118
v -0.77800500369230507 0.4537624548356668 0.40941196811102692
v -0.38556261559221749 0.090858381167478144 0.52375866507824764
v 0.21830451185465813 0.028498896237193733 0.26684895756648758
v -0.78242315150256447 1.5706136988781594 -0.41134745895503227
v -0.11800105913117055 1.6325722656722321 -0.16410759052972043
v -0.36738225668603802 0.19230118630886972 -0.096637873524271889
v -0.87542902884603413 0.97822142874736973 0.085175727977247373
v 0.23114157606947364 0.15576555015324775 -0.14899916057342893
v 0.48498319804121687 0.38676428609016755 0.3197525286657607
v 0.22055035562720268 0.031742693733819986 0.12264028476973721
v 0.096635231283780446 0.20853048045089345 -0.24250514302956586
v 0.3226096281610637 0.33383220949727316 0.51513745746956696
v -0.12903411627819947 0.03961841002959398 0.60420565837884865
v -0.62740490186021669 0.67137588548828764 -0.10314798193780918
v 0.046672272769105856 0.38416647110996255 -0.27827266958190072
v -0.79979037161105637 0.88749743386100566 0.60561698458186952
v 0.27348403724249171 0.95629684645295132 0.34486957839721588
v -0.66804658056035116 1.235812605785624 -0.1611530713413746
v -0.61455872109874898 0.87515705699604718 -0.056637665560906519
v -0.90452630003038792 0.70694533651883862 0.31813995599844114
v -0.046046208229893471 0.40938621565836303 0.67534537602004885
v 0.17893856031428823 0.25832192160308876 -0.23879100921781693
v -0.70173349331241319 0.75227018706042603 -0.058988571326169595
v -0.31784712934520443 0.35322651315459747 -0.16048355012736051
v -0.77693293084579873 1.2672718579017619 0.060431411337363745
v -0.78953155028816868 0.41873553916651507 0.14995199420813585
v 0.091426419633528239 0.14690135028106771 -0.20472076568182035
v 0.32244592434568264 0.56838859455979474 0.54398160714205956
v -0.46799984190008631 0.15816308646783708 0.51527250074947017
v -0.5579113818183552 0.67321052037312001 0.56411719759376611
v 0.36979142711815277 0.89654860675140724 0.20981476447391689
v -0.50740958865535146 0.037382774132314958 0.45812544166572433
v -0.26639670714178137 0.4639411111560216 -0.31019434110019978
v -0.64945436155545377 1.1831210231038161 0.01207543814081179
v 0.40455695267225866 0.57184504679778314 0.47662724046290905
v -0.62398362052022038 0.037447944471887616 0.0016068465827714792
v -0.91918552066005887 0.9161792842666352 0.4223783087239219
v 0.37040328998232802 0.44419982968608995 0.49950742534245096
v -0.72582683434305251 1.4797081188454175 -0.18463483287003013
v -0.33674289746808611 1.3323142520838218 0.14205677861072896
v -0.23735242665090672 0.76908864682461975 0.52202382337977149
v -0.8199033762153185 1.0619062719323786 0.64409986489877802
v -0.44010779336832256 0.21756611977336215 -0.032783032731579093
v -0.069992613561198277 0.36265295049468804 0.65270806815651616
v -0.91161462098378043 0.71644019769421319 0.22136245855272976
v -0.67534602466371052 0.059832583433617637 0.0048816237220659425
v -0.74072091024950559 0.84622433478858883 0.58819138469669496
v -0.20097960793437233 0.078314653702506287 0.63871482628558862
v -0.16319433800484806 1.6372439344841472 -0.083914350948499861
v -0.019240449929708903 0.22784161520014259 0.63458305858546005
v -0.57335008918855368 0.28854175973195434 0.041361015864579936
v -0.028388410862981606 0.89929441570481328 0.48571700381244687
v -0.57495175513243646 0.50564526118260267 0.55165912058235822
v 0.37325306368530897 0.38498306074352029 -0.11339151931796251
v -0.54875526448026768 0.99110572200001856 0.021430117145561516
v -0.043953373899745955 0.85475477168794389 -0.13636622323655279
v -0.29160260231247653 0.32184521795694476 -0.22508364935859407
v -0.53717298130285607 0.93396554237090557 -0.042639868660977354
v -0.33521371822716522 1.4767928091033753 -0.045752088140287916
v -0.57594134986171319 0.40667678439101462 -0.050345464123661005
v 0.24891964656518795 0.12872937240774865 -0.083768597635029862
v -0.2624077451887743 0.25600198578737421 -0.22483688589544018
v -0.64321351884975142 1.5806416079559302 -0.50235661420728006
v -0.0043371466772171305 0.8177583604154729 0.52856555851598463
v 0.21002277770196803 0.89281316727950322 -0.072413535501018506
v -0.43998304870378641 0.035298259235899687 0.042999124095657038
v 0.38569179957623995 0.87106376903840965 0.1152021560425391
v -0.12838742358726871 0.031910511251268224 -0.17722651686601398
v 0.090715461066790445 0.31686592948286213 0.65662470886840141
v -0.51981867842011653 0.42693773512001071 0.50832910945058807
v -0.4338637078248736 1.220968901572639 0.090865540735933142
v -0.63533614091407964 0.73291284092958142 -0.093288528318532446
v -0.16172810890332892 0.078628943819630939 0.6237290789690435
v -0.62846873086982069 0.30104687444121925 0.26752807230376352
v -0.095851165471174518 1.4958249533767676 -0.11877093214577235
v -0.31054438752053676 0.52764322172550659 -0.27463016359309689
v -0.33981440150058767 1.3384010613082109 0.1417019152313336
v 0.011287101521875632 0.071257541029050853 0.43249016083057634
v -0.15839083258463804 1.6318910927153092 -0.076512243309226013
v 0.45335976953422275 0.42167338611369959 -0.017778704695373723
v -0.63157302804943272 1.5488608602524445 -0.53663464727060539
v -0.68620426518797528 0.5521652158328646 -0.093796827959774398
v -0.080358901194776969 0.56316178948857032 -0.3256475157777578
v -0.016681595223750196 0.57740547378554419 0.67453854770233423
v 0.20797779803247546 0.60892796337519228 -0.21068267226437834
v 0.032978656273592179 0.23918934217450155 0.64168557976144824
v 0.11105911556079774 0.05213656916831013 0.4092564122936227
v 0.044247193210603435 0.70022459646058233 0.60538247886293928
v 0.33953474180293014 0.69245976096793327 -0.1043357977134909
v -0.56380642043356566 1.2853469003002067 0.43782154319486455
v -0.30120993042295674 0.051623070752085248 -0.23759470297086779
v -0.47171158697667231 0.07842255132618739 -0.1598789715271364
v 0.063490221039642664 0.070576239314215611 0.34772297278976022
v -0.55150776582265959 1.1019365499200964 0.054152674941848576
v 0.56000829001426855 0.22833754727146419 0.35696328083274914
v -0.094477011048702625 0.82457543419056156 -0.14548980102782713
v -0.082351416555064325 1.4065511451177131 -0.06699284605251217
v -0.22516810486846281 0.58437331818356142 -0.32001127247808608
v -0.32206027908966622 0.75852106397301133 0.51381115896730845
v -0.57377400359484243 0.034587076232858845 -0.0052870532971161545
v -0.93470735646590886 1.0225573351506907 0.21368707558918712
v 0.24054313196475946 0.23694214886422407 0.56077220336552158
v -0.34498737599283841 0.082092277243026104 -0.0054010344383304447
v -0.66755036611022456 1.5886063956822964 -0.47688386773500363
v -0.09968943673189877 0.037341932071138902 -0.17685847765223658
v -0.59764589574595772 0.19613766981417061 0.083000643620459946
v -0.58432216347159871 0.29051769332603522 0.079655685654120761
v -0.10269101260331441 0.50352395870322841 -0.32309772198659276
v -0.35364954392212439 0.038982851630817952 0.54810531482031855
v 0.31002456294551289 0.32620348549179667 -0.15449337589162396
v -0.64196813015674103 0.043600546730510878 0.32330500987810129
v -0.63654927939932093 0.078176227993779934 0.31941679548576479
v 0.06288136992820588 0.2931314468384652 0.65590790101739871
v -0.63754494623803892 0.84787226419249073 -0.05877365327946707
v -0.72283803989238005 0.11806127957498455 0.086110262573329349
v -0.14890763452952738 1.574170820655352 -0.094759372462755759
v -0.60286994626435575 1.2331780068860831 0.067889573642501089
v -0.65759502758935373 0.36687310625039787 0.40725061620275554
v -0.065547604981222751 0.04750786516969939 -0.19059096962560762
v 0.10336043987750775 0.033498060358860743 -0.01320100141991274
v -0.18934973010801517 1.3307749421028334 0.026920605565664342
v -0.077610644409860069 0.082292351257968369 -0.061154095485120616
v -0.9194735207700323 1.1926751475834221 0.28985624807335059
v -0.38456115968231447 0.1210929230938069 0.51469428099190651
v 0.26920783795572129 0.30176443331492525 0.55078768179611592
v 0.098614722694251547 0.33599578510920297 0.65387348721158012
v -0.73879707831210517 0.3580191081684031 0.29152293534895402
v -0.7565667090065642 0.79337578077376825 0.48022509724130114
v 0.23876072353260941 0.66510952910968424 0.5632868300348618
v -0.34577019021080596 0.4752739661983823 -0.2012718391305062
v -0.49925969960388272 0.18094109726302127 -0.017282719732992946
v -0.76998724256505924 0.4002810384420451 0.30203783650256932
v -0.22107818649641031 0.95731711002084485 0.35705140689116976
v -0.84315755617320443 1.0035745107508769 0.064656055035950608
v -0.22582637392137875 0.74582034253666218 -0.1703639123288142
v -0.35974832291652648 0.086914738692612861 0.55857197310904849
v -0.76504216275066139 1.323884836172498 0.043977143869412913
v -0.30444611557182949 1.5273128674320797 -0.041949179653460685
v -0.20738575353059685 0.14952652825918025 -0.21898944756395833
v 0.56988486686764794 0.21393382619218385 0.34270478305279545
v -0.28916571287373821 0.08059500293404856 -0.029055310506314436
v -0.20783412161207013 0.074550930727487558 0.10154859225922801
v -0.51186782402604303 1.0102806963773472 0.03285819742014609
v 0.26001870637433333 0.67359433877227559 -0.16000784970366189
v 0.013775974008034658 0.078049594574612885 -0.1970541568920362
v -0.6830531159381753 0.073490067890754338 0.42081252731334384
v -0.72234188862962534 0.058679357158269094 0.20963229802196776
v -0.53348163613301081 0.20393830625468348 0.3462441245246527
v -0.51798093166514203 1.2849719233982613 0.30533957584114002
v -0.7918049509873204 0.6037379521120565 -0.034712983804191452
v -0.75195341799456561 1.30935944053355 -0.095261350935800335
v 0.40810396819116651 0.67638568286210432 0.43802640864769066
v 0.42358638058791553 0.5854178421923486 -0.082279211855835671
v 0.13503087674464773 0.13446453294528085 0.53801854825610695
v 0.59530570723746079 0.39787857644806118 0.10531912204267747
v -0.60731368581272127 1.1784470652049803 0.047086407812811731
v -0.11978331416168682 0.65838572167871756 -0.29287004479774542
v 0.22841597423114526 0.21452256264424552 0.55313332612861443
v 0.46532431346297926 0.72897254024642721 0.24850065464644708
v -0.14052642081297639 1.6330249915441273 -0.1490659197618113
v 0.28678961170195988 0.65406836105336386 0.5537253324904795
v -0.14678310144725928 0.33680700995559676 -0.31302214910588755
v -0.26803722893170689 0.33988619891235999 -0.25775754317888794
v -0.87977363430593236 0.55425086579926253 0.1703919876280259
v -0.078255547800689718 1.5875290442210304 -0.21284713342884429
v -0.44204318238542495 1.3044270764163781 0.023675612977614446
v -0.0427326464270677 0.78375638804471226 -0.16216186227874752
v -0.4396075389412118 0.035380638105592305 -0.18013533125289716
v 0.080929569953622979 1.0496031830428494 0.192329255783006
v -0.53302876846951708 0.86828713506445254 0.46940208992824928
v -0.55374664202004775 0.20559699718857716 0.20765214257967141
v -0.6570066910659742 0.7680617557960383 0.52355133300860279
v -0.3514977397487839 0.034403954300540399 0.42680111034660762
v -0.37739939362332259 1.3435529993564286 -0.019896618074431088
v -0.72023287581054996 1.3115085884386071 -0.3931439103151374
v 0.35824822347394619 0.065312662669102961 0.31719893185072223
v -0.1574222856061116 0.29009281187818564 -0.2983087586503454
v -0.35585039766011006 0.42655783836300082 0.52590792174177148
v -0.10609744006483536 0.037370685004511038 -0.1244715195180371
v -0.65491437034206756 0.54930313345469794 0.55542619395074966
v -0.90853223684317275 0.89042745379617583 0.17813622063010351
v -0.66373869708597555 1.2097963007622159 -0.064481139405971541
v -0.77836071208165802 0.81578638007756332 0.47206348696284028
v -0.82951112191619558 0.71025970562940466 0.43894397122780582
v -0.88291672506119312 0.81134224058129423 0.25762384116658832
v -0.42824331102170821 1.2427911727604848 0.17212136407108472
v -0.34679803070883036 0.03462166682589074 -0.15318844490225653
v -0.4342086653495229 1.3072992748111869 0.18179039195238428
v -0.65438286481720009 0.04110841826136305 0.47308903310102934
v 0.076737094968411468 0.022089186755769236 0.25374654030527033
v 0.054784657562488452 0.36144995663268731 0.65778965528298361
v 0.21922867708137161 0.95106445423388819 -2.7770167413596671e-05
v -0.71140059689323354 1.3807635849878188 -0.40168774890870568
v 0.44890456885910313 0.41013229858678651 0.39624829122106958
v -0.45613898915447643 0.038574477151337369 -0.18150402277650712
v -0.62857343636208107 1.226048161284589 0.51480902804383233
v -0.22575663348034408 0.63184113121986862 -0.29833352659320284
v 0.4382694054163529 0.602593999622138 -0.056862739833360772
v -0.29170526066920027 0.99510047199579987 0.12199295071167182
v -0.62387818170511389 1.1350488684746447 0.027891554971395775
v -0.73884637195614777 1.1907505766463855 0.029038250619183293
v 0.57579161970538362 0.36475165603309656 0.32297564352372671
v -0.59726724340878179 0.29718926792634764 0.1258176579506253
v -0.015793987419671921 0.092545627016087442 0.56940953882123002
v -0.59547025268659937 0.29224422349815488 0.27406901183497084
v -0.50740814330317796 1.2859270613677516 0.24334900768880943
v -0.42032031136838216 0.89782872273260073 -0.07061580588989573
v 0.0086568764956268789 0.027273357677355753 0.49023030169305676
v 0.050894121261888824 0.024325348363396376 0.12025003529308993
v -0.30682358290876011 1.3769636486216601 -0.053315741488339556
v 0.26518366537063348 0.054052560304958273 0.035814013287842318
v -0.041214506349802095 0.16233940634965363 0.58231092496113834
v -0.73045528114946978 1.2583361500711192 -0.28089041424804795
v -0.75595640168071876 1.5852050640007667 -0.42352709320929127
v 0.46475518390892212 0.31798358679264438 0.027630442681375867
v -0.23653087019590199 1.5591047451233808 0.01876354765757399
v -0.0019293803490505962 0.82442473860741849 -0.1480531482050223
v 0.4826200584000625 0.46331689020678779 0.33723660699577584
v 0.45856974619261798 0.60094374848301524 0.38034155407394177
v -0.24270415763585873 0.72288144178487257 -0.17164719715273968
v -0.66797044020992535 1.2976816947344216 -0.33759193893428435
v -0.41306142533138118 0.049912861929106468 -0.032559178837805937
v -0.25610344477173075 0.99481870363050706 0.21901369751421521
v -0.1865076498014549 0.71552888059602371 -0.17652109269632288
v 0.020307911934459116 0.72256303817611045 0.55193004504852838
v -0.6138704092168914 0.043419481405969657 -0.013406504044611781
v -0.4879258005352638 0.98746325919606937 -0.0042647401689749143
v 0.24782640294591687 0.51233836511460795 0.60067322270407386
v -0.63956088079133078 1.2503069949292651 -0.14615191314050904
v 0.40615231895965997 0.21792459859700711 0.38555784460286824
v -0.15911340181422451 0.84403619595941992 0.50056587707185862
v 0.12736437817609678 0.95186637618482417 -0.051798143598786713
v -0.025436470540727559 0.72296671195436046 -0.177483237109053
v -0.39254732718125468 0.031726558902343334 0.17032416447840756
v -0.68287042739456383 0.74624611827686982 0.52335495619158945
v -0.54747239606754661 0.22283956837053268 0.20778801207471792
v 0.46787193483757084 0.41211633876772535 0.36274403674702882
v 0.27645923827378976 0.38423604400939843 -0.18999569876518443
v 0.20781792687992831 0.93727941979308815 -0.022771494158548931
v -0.89265840542189268 1.2554457269315842 0.22715340652630808
v 0.4865442101085457 0.48649462020793821 0.040798628178344926
v -0.31159824671152997 0.22157219605859019 -0.12653741646935593
v -0.55000822269030369 0.190785181814108 0.39990775946556834
v 0.18711620215826158 0.80071605679954683 0.49627108500562783
v -0.59424967277530327 0.66164335645115135 -0.12628796272893791
v -0.68194573080966125 0.58230734707420184 -0.098665334250002623
v -0.043003095772765211 0.15016056823388652 -0.23068201139534206
v -0.61637692512491582 1.3854559374872026 -0.20619475823859795
v -0.26695039681058907 0.15241076646702553 -0.22135613111669969
v 0.14571991358231154 0.025562413248352272 0.51095214390842103
v 0.19714796087822636 0.24244332255427883 -0.23280676096809111
v -0.3748755561417853 0.039704387248130024 0.11087849030586129
v 0.025974527815937672 0.89576454165833241 -0.10894728071965533
v -0.24369583791537688 0.89853859160498906 -0.068868440644054188
v 0.52373415656023237 0.41051758727867138 0.24454190080870239
v -0.75847580589451924 0.54775617964853418 -0.055121331590506986
v -0.5918977066027391 1.3171639395440307 0.34386162493565881
v -0.6033917059621462 0.31348492876617129 0.33041423665791947
v -0.80183419929344901 1.452661983698365 -0.25184041000798779
v -0.33756120745368617 0.98054172245053695 0.33939754355006396
v -0.91606163178678623 0.65739933630550507 0.24576611977133322
v -0.60474047431941602 1.2746900242627035 0.47514308436925468
v -0.64029651949028821 0.68831957479900185 0.54697513950258703
v -0.022771484577525522 0.37216270892230258 0.66070034743270267
v 0.25518460504268076 0.056931738243287171 0.44838920098543678
v -0.22583781381050741 0.88623945060487674 0.43848651081031098
v -0.77295301319106724 1.4510390173228167 -0.17037582111839647
v 0.077845474059223541 0.064843629526990507 -0.057808609237966012
v -0.53183194875371642 0.97603789664546614 0.50483119643184438
v 0.47361652957987005 0.47787040225124616 0.35380708818682161
v 0.29389366094322322 0.57122681532634845 0.56758658245061333
v 0.58106292386500291 0.38256939077481167 0.306430986465832
v -0.055704880438928461 0.16140252295224219 0.57596795837402825
v -0.39420125620653473 0.075507776061704945 -0.016174451892130907
v 0.088078976095779429 0.63801752647291243 0.64288709690763945
v -0.080395858501786988 1.4222729587124969 -0.076649131464667328
v 0.2000086758063003 0.034557852681240356 0.11500378064216177
v 0.31905068271153486 0.29116637511408272 -0.13937603068960372
v 0.21653241561185127 0.92787835887570214 0.41938295677379606
v -0.59591126885025081 0.035956781989861943 0.35664797913646351
v 0.233550008040143 0.2066505748302076 -0.19394413619829437
v -0.6502792873042843 1.1809228682228019 0.55518828430509493
v -0.68324495739594016 1.0828934158605097 0.014785937434250104
v -0.63777122486535587 0.15775935931662005 0.43717954222028549
v -0.56312427191649939 0.37600175177475081 -0.014633950655394646
v 0.44675261087151347 0.31237359809737386 0.37329075124414424
v -0.17703257540712297 0.70144674871676893 -0.1905439151742028
v -0.5524053134018736 0.046481907415581593 0.5669153747688328
v -0.62991709021968534 1.2053576598583724 -0.0047692706423710339
v -0.94629381409512647 0.96962417784662547 0.38021838319431361
v -0.78805306581799495 1.4029610273540358 -0.20453171746435928
v -0.30493736380382896 0.034031669651204785 0.23048663566830782
v 0.18174764537599117 0.02536283074457845 0.49090878704578922
v -0.65263770216481476 1.3247840546782976 0.038734598992933036
v -0.62673770029282605 0.034501499159768405 0.083203301446648031
v -0.7699528818841973 1.344510857693983 0.0018271781632475553
v -0.52447143495454451 1.1919630265611687 0.40727215062947064
v 0.1606627098577903 0.72150553175416954 -0.17215042942880643
v 0.23488424490897827 0.18118052431277348 -0.17576360616021608
v -0.2492189378371171 0.97247603564000562 0.047922105542474183
v -0.39187614611177829 0.80861452781268572 0.4966944780925317
v -0.70772782514184363 0.13557442716731113 0.087904016033331436
v -0.074458936767546974 0.61009081386600716 0.67065750133562119
v -0.43917862631221122 1.0389365703484561 0.12498877253051972
v 0.090643487995647573 0.041108154498219855 -0.072624497787421749
v 0.57417239360989047 0.29144485068516235 0.019137404532953824
v -0.32067814806923933 0.26271617476424142 -0.085633997504733703
v -0.44407103620495475 0.054131739681263794 0.54841081093598476
v -0.5175477824956074 1.2038722200122016 0.35644543861401368
v -0.84052923578530914 0.84140448958212832 0.38890906039895023
v -0.1653509035704733 1.6196098887491315 -0.13113481340373248
v -0.79469708122530192 1.5181942941878375 -0.37131730332437868
v -0.38270599047260578 0.5149197515005256 0.53613000192267735
v -0.63432933803651304 1.3489639443298491 -0.32168899437939524
v -0.060514489191670226 0.099206031425121632 0.58493303053764489
v 0.30044468918652051 0.60067126431284079 -0.17063151299361684
v -0.88312215086991375 0.58854803647494069 0.10834382998929266
v 0.2821557115640389 0.97428499111068378 0.23218123817391209
v 0.49164527218815635 0.44516740924433512 0.071338987144415458
v -0.84731748035092214 0.66332984506158776 0.030205564747121275
v 0.28452458134682229 0.91179677853814445 0.0024456133818499385
v 0.14553206780714253 0.39149019228336551 -0.26401586110370456
v -0.84150594114363886 0.53405238216934503 0.40350474226329042
v -0.62548773540638702 1.4203530711867949 -0.27039464528063045
v -0.71101617142352236 1.4935509537083635 -0.44122406913998535
v -0.92990171707054226 0.94648098790437929 0.40292121024257926
v -0.6719800392500439 0.85190552322224244 0.56099661876295115
v -0.77059244768417123 1.2991969346354459 0.089568345488781079
v -0.4517756117606801 0.96459151513333863 0.38309212256055114
v -0.35926948409375303 0.031946348807537051 0.38428485333078932
v -0.73495320239272965 1.5425834333157116 -0.44442997106804133
v 0.18413451299021488 0.037979956218838457 0.10002839038461567
v -0.38997458189514644 0.078727487496310242 -0.028921800258297454
v -0.0073364582184783011 0.080972012307828828 -0.011652704500493685
v -0.57901819579629366 0.040987559132001763 0.55491879484894102
v -0.5272020558294036 0.30308828949764149 -0.015875559514045005
v -0.041083224040160835 0.069115333338042317 0.57706756391214942
v 0.22571025222349198 0.71029297660956325 0.55837046849457361
v 0.64000065234851411 0.28911311223030955 0.10368401499136672
v -0.79881270026027695 1.4298318126295637 -0.22022499018493139
v -0.072088584596914598 1.414537640462181 -0.088153613428187894
v 0.020904350637718522 0.16841344242209225 -0.23990358876718279
v 0.1886883716081027 0.60774344047918671 0.61600522714477857
v -0.43404636661543317 0.48632891213034646 -0.11085386616231047
v 0.064866989771322547 0.074233042278956524 -0.014004640729497553
v -0.77562055246925199 1.5642438388818494 -0.42962502617274428
v -0.68551767388296292 0.078611550064571004 0.24554791647814747
v -0.83395929228597332 1.2506285816551788 0.46878408580038478
v -0.85265438108189273 0.4950281139608812 0.23884490357940585
v -0.1215192087394712 0.29926162340326984 0.62916367732252632
v -0.1615273078049983 0.038214917980425457 0.61566727361020213
v -0.26183851452135837 0.065961340498631074 0.23775252776293998
v 0.3244510816305391 0.82605729537564732 0.43452757808278553
v 0.43646327112019939 0.64330455085978144 0.41345973294136024
v -0.86124766881018455 0.55637600334683401 0.081415822501831867
v -0.85472485795120734 0.53768067794388019 0.3646860849835678
v 0.33332122384808233 0.44012706607274221 -0.15777352899892477
v 0.15004345862366661 0.027087760677166169 -0.022063522368365125
v -0.33803926674656609 0.44512527188641948 -0.19013248998195315
v 0.27136398615260815 0.21925721818759172 -0.16657442157277422
v -0.025594035682724371 0.66907301489545712 0.64560706647577615
v 0.25055179572457426 0.80435990060346541 -0.095268809044889366
v -0.029313958802544397 0.73086866925631244 0.54073129438023493
v -0.54146328706713431 0.1083668312971415 0.57492146603569327
v -0.36618237311466262 0.52639631229708594 0.54427383789405193
v -0.64695648913236969 1.5746121416466905 -0.52802446686682181
v -0.23405061855852 0.68141335434410921 0.54247590309933424
v -0.44292246998548346 0.76771720139087096 0.52732977872177023
v -0.68572968588813621 1.2437764624705134 -0.2058202911598829
v 0.10874765022401658 0.73841222297118603 0.54667934377465521
v -0.2158106837078354 0.69254134844636028 -0.19068315709953226
v -0.32180778500213131 0.87831915033098529 0.43695886990254473
v -0.063874326598017964 0.62759664021080841 0.66831261226219441
v -0.48015920269913231 1.4237778516550574 0.084495031532820883
v -0.76816291454981744 1.2996254535944511 -0.02116992138950536
v -0.35533930555171711 0.18144533785386197 -0.16240980712083336
v -0.11559791565562837 0.87885830363086226 0.48572511852004441
v 0.37668150974292997 0.61465805742372281 -0.11752876371798081
v 0.13730078048030259 0.37324781587979117 -0.25855448896385841
v -0.4033731106288142 0.79273240653073873 0.51241970329211894
v 0.58755322493574469 0.28733548320055136 0.031303461493561245
v 0.20125826824571774 0.32382923179055245 0.59465180502957349
v 0.33509465551529943 0.3455581270532298 -0.14371197943028366
v 0.6503934667832465 0.28102986759478954 0.13882259331315194
v -0.58097531529487723 0.64781688311502861 -0.13464097044921727
v 0.19906445319827634 0.47861617421832997 0.63210160496868228
v -0.59616839715929115 1.3200612788612065 0.17324545243698009
v 0.29148750848742133 0.35908152571163204 0.52894698007467988
v -0.34500034071619606 1.4430679072964459 -0.047902315711931924
v -0.32471378082140306 0.029125784426619474 0.27554928371525872
v -0.32691185623907654 0.30392926399592429 -0.099261244822126518
v -0.63499150219231237 0.7117749173776462 -0.091219529566153909
v -0.65228476433070626 0.39653683562090758 0.45595192441896593
v -0.13237422976258506 0.29107977440077543 -0.29397268616115579
v 0.3985174940537779 0.067174546181092087 0.29672128851799606
v -0.43263095555903031 0.34620513128645269 -0.057607858556241467
v -0.41778611563013451 0.57759551928049446 0.54158350402422528
v -0.83582286585586041 0.4851101498718417 0.31766713276181713
v -0.7990925216248066 1.1283253455408353 0.61856356329692919
v -0.65541219007680473 0.12710681931859705 0.47813006383793871
v -0.44557187799618275 0.047811343940514651 0.16430131649606142
v -0.059285071334536157 0.26876505061792644 -0.27795349086577953
v -0.27285187009529982 0.6045689674495992 -0.29063058017708876
v 0.028010532301935068 0.11831769327688159 -0.19274124355240482
v -0.1753696609222587 0.71615910972864882 0.54938435994279067
v 0.20026893004330623 0.24105294621321546 0.57233930467951111
v -0.88526178882623907 0.56775852719998166 0.1776037919199244
v 0.059145607387584863 0.70506201052028117 -0.18361581182002293
v -0.86145613576377444 1.194060641941874 0.1909950027394722
v -0.3492017832808913 0.54785262585434991 -0.17640578091944961
v -0.31172034978584151 0.037240688046541993 -0.21887580879276103
v 0.24199889917023457 0.8691831200091561 -0.072372424389641324
v -0.16260808391512152 0.53357419711837673 -0.33793750259148275
v -0.32179062222434174 0.052591149015111388 0.41969429148784926
v -0.60242027124892528 0.06757059787922301 -0.025466551833411216
v -0.42303631406565773 0.80669976953146383 -0.12261300336045095
v -0.20137979140567558 0.21624618524898012 0.54152569081918134
v -0.14625506408828745 1.4825271222323109 -0.078614498667864352
v -0.55452672714500495 0.29648176768173912 0.0077801830502238212
v -0.36537690133494583 0.68628929694673468 0.53539295219833594
v -0.21078691309711192 0.69823943281403289 -0.18196876635597869
v -0.5166592859046566 0.37078368511407661 0.46821538369875859
v 0.58407785870174322 0.31286618668522465 0.040435728677697444
v 0.16025980768325168 0.75103955607204687 0.54621839121900639
v -0.10599097107364751 1.6131628735494099 -0.17117999367623998
v 0.15257407462755829 0.02561421345481224 0.016714945845570123
v 0.04681280297120221 0.065140888262331664 -0.077704756180094148
v -0.49288565640363619 0.041032138450710874 -0.081647742854121408
v -0.32156357043410339 0.61577921360923593 -0.18021214259116905
v -0.077533130132421524 0.58692534823064468 0.67075738128392226
v -0.86769081057638264 0.81046626575628322 0.31873064837979093
v -0.48356733516868461 0.0345581678846641 -0.052784887105866998
v -0.92354613064537661 1.0363546959682843 0.42553165810282034
v -0.39102366703467206 0.85623501821772119 -0.10055068744891743
v -0.22040000220881051 0.079804797347119608 -0.020250700353107377
v -0.56348192684532006 0.092935549103889112 0.58017489316976456
v -0.89277022585091781 1.1552578818229005 0.43962171033040931
v -0.12161719092647019 0.83287429396622226 -0.12910372118810767
v 0.61320067823003688 0.4109663233955958 0.162978737711171
v -0.20214731851010037 0.07496393785120517 0.47774574426242883
v -0.2886614482338965 0.628246841768205 -0.24590874214585898
v -0.87602429011694938 0.52073504764126999 0.20868961282651857
v 0.63001384875748623 0.38178971319140192 0.12301947466899954
v -0.42901547665159556 0.98865276655221679 0.33734047940878709
v -0.68474049893012612 1.3209700441013046 0.14004206656964854
v -0.88690787897098611 0.56925755731471894 0.25465398236856879
v -0.05543458875584021 0.17211624575100914 -0.24859753540130031
v -0.7355248474738868 0.09919263211669159 0.088650302147463694
v -0.76467405759482332 0.58560217824684646 0.50581986170490645
v -0.76700950836081572 1.4414152075482394 -0.29474437089796962
v -0.58496803597013869 1.3174874429466581 0.12774360078144345
v -0.85338952076087571 1.1233169213154548 0.57811266762194258
v -0.5276617106976027 0.84088837036259301 0.48409657859698285
v -0.44575707028784933 1.2112528693341829 0.15344209221275892
v -0.346286685394672 0.5682271341798012 0.54610992126136448
v 0.12029096542972682 0.60735705186270539 -0.25882932774920203
v -0.61399686343640236 1.5063379006394686 -0.53360575111085329
v -0.56700979644039062 1.3440365163086867 0.13481150028822741
v -0.69660978427857978 0.15143725218494644 0.16716621996121406
v -0.47796213128274151 1.1813511062356754 0.18583398767802536
v -0.52450689014259422 0.76075772881499182 -0.12868627202914271
v 0.31520397685544332 0.3767904985588813 0.513700586121842
v -0.70157705925978719 0.58478829848553016 0.54026668626059038
v 0.31998737384176346 0.12297421084923635 0.41636945990208801
v -0.10691919276113951 0.71782472494884519 -0.1830553699154141
v -0.58750034704841381 0.32522669059444237 0.049060442142927756
v -0.063720098029119016 1.5319408603371956 -0.22077348957302811
v -0.24237903251905599 0.072932397666510232 0.15819423362009627
v -0.35411047720967304 0.12306648055828133 0.5499843746911518
v -0.52479397272310113 1.0952738357002652 0.44022326562087638
v -0.70351837778945592 0.89234154082932493 0.0073645324410557423
v -0.80056516633782593 0.65498952311339753 0.46944464679386755
v -0.30966648961709536 0.04073367788775234 0.48307058365118932
v -0.46511477581010252 1.4064752569148016 0.14986075592908654
v 0.13631538146400035 0.17876432717935919 -0.22050134210892675
v -0.52049160350488655 0.14696182861279036 -0.022986008453937602
v -0.45228350837601516 0.37812419218904847 0.50336036090097835
v 0.0063274602091305211 0.84101157720706643 -0.13535659856071319
v -0.2903611347512467 0.61722149597432596 0.54807081772635902
v -0.31370911596370488 0.71591675113801045 -0.1560936367662257
v -0.46033353693229201 0.44190985585031745 0.52511397154685868
v -0.68982395819565412 1.0129829406032309 0.010232360736582713
v -0.50029065210311641 1.2014855568229654 0.098338425300576016
v -0.91326245258424688 1.2208463347556655 0.3736949206915976
v 0.17843084964754546 0.42908441847273315 -0.24877948048050452
v -0.86640123270346969 1.2690544595243471 0.20250489357388923
v 0.3356665880203249 0.81424201110429439 -0.051036048694485352
v -0.024213092027437141 0.070698111333947294 0.35966251741592181
v -0.40958777573081645 0.6261648410032723 0.53793031846338069
v -0.30476999273939553 0.30214094282432624 -0.17079703635697718
v -0.40193137543637586 0.82840111178059961 -0.11414201375985798
v -0.81747086321282192 0.89920367677060975 0.074773003198498111
v 0.6285111139984243 0.36683436087656118 0.10300443850831295
v -0.36856223097014856 0.45546841298599045 0.52568353033363679
v -0.78290503766065944 0.59353222366406533 0.49436408425337336
v 0.49275765225067963 0.59440237288426845 0.057761506011520074
v -0.59612508893846694 1.312412770443955 0.1338628567628278
v -0.45748594094652156 1.202380289760596 0.14551010582619567
v -0.48983306502520285 0.16738713085917373 0.50946953770235548
v -0.92507867952880207 0.90490831107744607 0.50800700547706346
v -0.58477226863447229 0.078448056902255744 0.57785413946594444
v -0.74094691257959322 0.10719617856831483 0.16174273811910711
v 0.40579611166768204 0.73738400392615633 -0.035437708499030648
v 0.29437471938472731 0.938997404643377 0.35128920277508313
v 0.47545451690194812 0.23423750009345354 -0.017965359244394588
v -0.26969396667605522 0.88506112638232826 -0.078181216501758508
v 0.11589608398473698 0.028149073477612276 -0.076570816741719713
v -0.33344419745839526 0.5290230725242826 0.53649612980185968
v -0.68891407184146869 1.2052510559153615 0.56493207951971114
v -0.039592203352926472 0.31158682041764141 0.66054044281516267
v -0.76781488574181456 0.74641779347505 0.48011230148103334
v -0.85785047790212243 0.53818567886590873 0.33821835938417782
v -0.48524037010651777 1.3195150514047822 0.042514794917363014
v -0.57056620797485624 0.16513279089572441 0.52914637264336728
v -0.41214798707934797 0.7118540230039434 -0.14090336427632816
v 0.19206331220355827 0.034962661260372202 0.17272794319985832
v -0.94840047324103316 0.92873762277553451 0.30281300711174308
v -0.83507705274250987 0.4533407813205369 0.20148320496836289
v -0.74923803368027087 0.053017167711774726 0.16458350232492536
v 0.0082137114973281564 0.76387429271636698 -0.16286588117604039
v 0.13019538877298464 0.54640515116696786 -0.25740816053596266
v 0.03501539576555044 0.080880809537467568 -0.014119351485887999
v -0.72442298885828849 0.8524456283080154 0.60660337293081135
v 0.15177579716062992 0.78942621863999807 0.4998341097025123
v -0.087607176330858377 0.51241817922485444 0.6821483618376224
v -0.72215708615764418 1.6003114984520581 -0.46360212715760152
v 0.11370880960962534 0.044249371982534952 -0.17239933576171423
v -0.031393232935087396 0.77544323744893995 0.54127606069130541
v -0.19857918896606025 0.14394514001003325 0.62819066977102644
v 0.14676605505143964 0.16970178594449528 -0.2069299198495001
v -0.47910054022306509 1.1918097683464335 0.20385862411954736
v -0.61305093437213509 0.32897586790765415 0.062385049104979988
v -0.67964275135033869 0.16257229838888929 0.16124713405185928
v -0.46349557293813137 0.46323609457633769 0.53419949946627276
v 0.33959942241144342 0.79409982013042046 -0.058217437761581711
v -0.30329630554872483 0.32292735983871879 -0.18395782286726881
v -0.32956122306823221 0.033368449683335424 0.48639435931861663
v -0.3448523341038221 1.0131012928335432 0.099392588811078347
v 0.17488844421756289 0.45372156551229431 -0.24448731650908009
v -0.26401395459613447 0.86479601206638546 0.45452483491505291
v -0.61805172167268985 1.2654770388470691 -0.029688743581302132
v 0.19948727909825259 0.10962384736379077 -0.16545996001408331
v -0.60502509467920607 1.216881731126811 0.058858081060610627
v -0.88066258814616427 0.84814028491323723 0.30336625998878614
v 0.46192561135855204 0.25852920604112256 0.38189303719357387
v 0.28165192966862157 0.61353576353370154 0.56646678650742133
v -0.67331050662191372 1.3260376181518165 0.08432034372037156
v -0.68683457642399715 1.4613821844774912 -0.16454509165945172
v 0.30990666007463807 0.13797265767339328 -0.014748082250831697
v 0.60279005476725667 0.27491493633241182 0.33092808388464967
v -0.52124118277897491 0.25941155459258719 0.28275867179557274
v 0.46644544902096574 0.5441630979377039 -0.0098508100009916319
v -0.91920021101072136 1.170624688759738 0.29243994754919306
v 0.48312050476256585 0.67263684847881811 0.28243518237387277
v -0.47775148231926717 0.18960343659751577 -0.023102936445834547
v -0.49663779354165516 0.21772035833983014 0.45628696481466957
v -0.35292915466265939 0.511313866369423 -0.1758927316544377
v -0.80166013530383995 1.482063464276655 -0.28948754200152338
v 0.15989105114650767 0.6803965826509486 -0.18341884601618791
v -0.49710296013624777 0.40932517623281861 0.49329429296791233
v -0.19809668549414577 1.4464387330799697 -0.11004588803683714
v 0.27938907371378391 0.81741976950015449 0.46208234367382889
v -0.51113564265934242 1.251814762069958 0.34754610598514724
v -0.92352079124062847 0.88738107682628153 0.3249141484973323
v -0.43217381668334598 1.0531441448044401 0.222380180470171
v -0.80235411254730804 0.84243319083116819 0.060326073447864795
v -0.54815891310241194 0.10339639550755261 -0.03481500483197051
v -0.51209389308244713 0.084652266227946069 -0.045234700049733192
v -0.26066716483235558 0.97187648293664497 0.30463935267062936
v 0.44348250685398349 0.34063941271274051 0.0025120599731230336
v -0.53701531900461463 1.2701448241015458 0.078344272750727681
v -0.28589768415222561 0.066961708575326948 0.35195047614041225
v -0.39106067131772831 0.22859213138212797 0.49537903748612239
v -0.035231196937983683 0.041765264666458995 0.57666508242250936
v 0.19365126481681028 0.89968166871381006 0.45045910962084329
v -0.75652734930951826 1.0694900896066966 0.027452485544514318
v -0.75327569363058311 1.2600008574560009 -0.19795487693875696
v -0.73708724822387217 0.10901861095861681 0.12231451043301594
v -0.2542569920612488 0.08046031328742137 -0.2300254598545764
v -0.70564654427832851 0.86651567524899897 0.62678938812828833
v 0.017347452515025667 0.081686135664648996 -0.046954611320461671
v -0.68365456871683195 1.3244098047459323 0.21032473106189969
v 0.026287515746945468 0.071910650113663627 0.35542388397546404
v 0.16789593949811496 0.46464903008335479 -0.24712852254348441
v 0.11942710746799463 0.38362610752692478 -0.258841586346859
v -0.32523617153415435 1.0032904465631056 0.090840031937782603
v 0.048414061890943889 0.27621966913769996 -0.25999075691110074
v -0.20389344542304849 0.11594094941831866 0.63823433612607527
v -0.46100989630893763 1.1041641727530216 0.23205639944280015
v -0.39307844576602802 0.75045414069670002 -0.13515261487449737
v -0.859200092480503 0.83666720719113408 0.34304915951697662
v -0.45040770806268143 0.71677637216856793 -0.13621665751429562
v 0.32474188003819998 0.17845399371877352 -0.040927468441903481
v 0.070289567470003034 0.44867466718339494 0.66164219466421559
v -0.177819749232485 0.46245564235193476 0.64753580501021579
v -0.17936228936416457 1.6215725259302114 -0.10418063485356414
v -0.65074966303800141 0.16413072865927011 0.18143928214730581
v 0.18306322051526458 0.58957693519354859 0.62469659675472056
v -0.25467491036026541 0.91115256445912951 -0.058897758297029874
v -0.25999193465268394 1.564935504887268 0.029726372037495563
v -0.62428933455138846 0.71266147278220848 0.54246414782846553
v 0.24272404221458227 0.072491506997056032 0.49345282424011716
v -0.30845878666982268 0.036810712801836502 0.28510654170952576
v 0.59443961992050987 0.31618720084863311 0.051637682190232223
v -0.66312834333280013 0.56033704603383827 -0.10426345758736114
v -0.77908505112813864 0.97804745590729047 0.65072607073501454
v -0.21530204995473221 0.030839808081550624 -0.17471106532401107
v 0.63049300985954926 0.4010217329236519 0.20775970781858127
v -0.55659200519980268 1.2592543887580843 0.085121538812189368
v -0.55482158309933227 0.63567119640009917 -0.14130733700070458
v 0.50482665551364814 0.51785096911087392 0.26635950654132978
v -0.85444643575820667 1.3010375859474252 0.3026828051557377
v -0.60822946325789107 0.16384678263773181 0.50932989292149744
v -0.15327183911075098 0.58734948957104605 -0.32957282147893696
v 0.22317007085686258 0.29399532168510317 0.57490019845500573
v -0.24027506777785143 0.63894498666049371 0.5601284715604814
v -0.82908369578820484 0.86708517824743359 0.10399443032328899
v -0.46546127412878791 0.42081815139940043 -0.08709826708273663
v -0.47411502147019541 0.11489225295021881 0.54724061075773356
v 0.30669408364315942 0.86644898846516039 -0.02066454753283405
v 0.35712076669049031 0.90437304242429695 0.29582180333881147
v -0.65210823585758582 0.66706026715852895 -0.1004389252330231
v 0.19902675436425055 0.0445911383135335 -0.053169840350791787
v 0.091338488945279003 0.96432386303095607 -0.034118277036304843
v -0.56995942070695205 0.27724578329451249 0.18927523487962775
v -0.29354533648726555 0.9413891527924042 0.37252453209788783
v -0.23174199754056171 0.22071136594332341 0.50797618620077689
v 0.50779917331902469 0.48645702864207635 0.26445440096236095
v 0.42018828916472151 0.59512194118474804 0.45404243555487045
v -0.26041212915852446 0.041176524407942422 0.52261213627410363
v -0.86713078332164806 0.57097913897777119 0.075559997339368259
v 0.45542274049082387 0.071586074531901328 0.1398152821199411
v -0.3811624828369789 0.32000297703811947 0.51717042282631542
v -0.27886322064721447 1.5227204583278253 0.057727214623520366
v 0.16351814070720161 1.028126804699421 0.11739594498129902
v -0.53664470299490852 1.3330901533500068 0.20260546400573162
v -0.74635461919396529 1.3373638886258317 -0.16449865088535315
v 0.34323625109133421 0.23979231665119485 -0.084341442948589154
v -0.074880545515319058 1.4077676854725574 -0.11332891112165021
v 0.10309825065725278 0.039904013366143326 -0.05262576129183498
v 0.42866612792598874 0.26397480857362365 0.38259065134660708
v 0.071752908570865914 0.043444721324140671 -0.17947536660543639
v 0.25066828824076959 0.024347199790205182 0.24937024188841336
v -0.080634010700996184 0.81595211623716835 -0.15598476333705949
v -0.7622256852167838 0.37814074437731982 0.23251295596261276
v -0.86274144331857672 1.0987778022750134 0.11506863743346117
v -0.89527206944996229 0.69426436455948215 0.14382347258762823
v 0.27356592342732805 0.53929704214297158 -0.19612451821881952
v -0.79064628958084948 1.2939115122419536 0.13327374816790741
v -0.33203816527176305 0.088843234428265902 0.59676652240104822
v 0.46991721326301128 0.70805572442229148 0.072144005868584535
v -0.86221236834596982 1.2986515255753417 0.2721234975263736
v 0.19430624001961233 0.58885518370972334 0.61429648230304046
v -0.28998904787737467 0.79842442991710016 -0.14317452557634008
v -0.45651082175300295 0.69920890223592236 -0.13910158028173183
v -0.46651248807944173 1.1146487710247728 0.25825556339578676
v 0.16865386577171967 1.018332130011911 0.31609564434240295
v -0.63982269507297462 0.70365348699919472 0.54320424277180723
v 0.41869867180065884 0.75870336208030642 0.019362732904409326
v -0.41175644351294272 1.4814582444151259 0.054287258094438441
v -0.018928223715902519 0.61949884010586975 0.67091103598378576
v -0.8024091701559487 0.98079984295262812 0.64777214578571107
v -0.84996722563951344 0.8286175606403432 0.36259025440178116
v -0.56872719864538201 0.88414178746770378 -0.068585847113951312
v 0.16082746619913457 0.3052883370708982 -0.23897029083849214
v -0.039580087056805456 0.25025250535293531 0.63324072447231794
v 0.30047032795429002 0.87385258028063184 0.41292819325278907
v 0.18365638400548365 0.61642862410246757 -0.22089265884521342
v 0.28923069979311627 0.7301281690030107 -0.12595706229936798
v 0.1159999103559629 0.93482714765582542 -0.07345506017372444
v 0.17302582255654322 0.67053315733172447 0.58581884537549844
v -0.52513272235166863 0.038709989885588644 0.21803592580634742
v 0.21694066187781802 0.16128429501543556 -0.16322274351658189
v -0.37581043404753672 1.2480862833810156 0.073621285627387192
v 0.39967888678689317 0.24091014672103184 0.40836587661247914
v -0.17887048438455044 1.4798272363275777 -0.13042795008037053
v 0.35253543246165092 0.16311679859750083 0.40491107023137629
v -0.69322731501733437 1.6023767907672886 -0.48791844975468757
v 0.1624631783495819 0.093089169309516273 0.53091442975422687
v -0.068363700916554776 0.097765098579187193 -0.20515915431944223
v -0.70222540532466016 1.4662036103056797 -0.15948285880305629
v -0.7861328304920483 0.55718138529674033 0.48163793545426709
v -0.64391543985922595 0.041461419830859624 0.27251964514011806
v 0.26675523198672618 0.029280542802814211 0.30035438712541163
v 0.31509194293415665 0.44664047221243458 0.53763737688579682
v -0.32537457731934966 0.047559402066957239 0.59393322387253566
v 0.52852917812917766 0.42265733699467711 0.18903756774807828
v -0.093193397465395914 0.89012995102959247 -0.092717113350526265
v 0.29783480956838698 0.15332995624360832 0.45703024420200739
v 0.18588464572402669 0.03443921902252263 -0.047239615312849155
v 0.063092367657781021 0.98076245826951669 -0.016258178272605055
v -0.76671274471866369 0.37836308789842488 0.19619651778431813
v 0.42437508617493558 0.29341313176562395 -0.0043200032699651806
v 0.35747135283351178 0.2596414411233261 -0.08572115721057931
v 0.42025319946334611 0.73986928380500883 -0.0063501901176758963
v -0.80045702209537373 1.281542408631299 0.12653270951829518
v -0.48239754503957027 0.12712327858963862 0.54507642639701315
v -0.3162939413694601 0.47328858707123961 -0.2668918002554197
v 0.08151153175567466 0.051510176392595808 -0.1832869462158894
v -0.50658293871102222 1.201081182027159 0.29703001025451803
v -0.84377159828157688 1.3030919099919787 0.24369093266825173
v 0.050481686227589355 0.2542894038232773 0.63465849071345026
v 0.23673254687070858 0.11015577690901535 -0.061138148882657457
v -0.42386605636579056 0.049663505141919008 0.22826610922856491
v -0.50916216125598945 0.21154765335703826 0.25924943346496082
v -0.35755680368586007 1.4731463827600786 0.11042775406297475
v -0.008324675184697582 0.69685917861268698 -0.23259186693305089
v -0.88523826087695034 0.78128808220983759 0.17850283287546484
v -0.77038994518270598 0.89502093584649123 0.04839916315572438
v -0.17551217452474333 0.15817380369821865 0.61058957373704559
v -0.74165997243168913 1.2880198719987579 -0.2924461185331223
v -0.62984789337238234 1.2858449848256972 0.081915793317934846
v -0.56063425077571338 0.41520685954429859 0.49884720957117029
v -0.85940696997080701 1.1433043347777803 0.12639333331807706
v -0.66843320238489046 1.5226726687300987 -0.51946954401767731
v 0.46363402779736645 0.076073575881946853 0.21770630143214573
v 0.039222530880545226 0.64894837068652389 -0.27107771288465499
v -0.72676785650124776 1.5974695760894875 -0.44827955918239037
v 0.43107548044652977 0.46267670447514009 0.43185820677444647
v 0.17595760374103309 0.99075193302437448 0.37728994641410102
v -0.72047943615970322 1.2983396248167371 0.44430355573920022
v 0.019038775339947099 0.13613884708044294 -0.20362186389459994
v -0.14915373866964493 0.47524213539735172 0.66483559105928602
v -0.64104394546107957 0.87307790763348636 0.5637266843926515
v 0.086175487013782789 0.19850699101321878 0.62056276778600428
v -0.59665063574903721 0.033582799637911331 0.18072248665550741
v -0.863756429072712 1.1914199823729852 0.50630419920285374
v -0.30905847281933041 0.19955569385274396 -0.16079553496060595
v 0.47735944403008068 0.17940397863184923 0.3898860172292225
v 0.15700149172641992 0.10903224257585938 0.53065565264359926
v -0.55865486611319493 0.032722409879080046 0.22618865706510857
v 0.41304816178289178 0.45985143015045177 -0.063447954208219262
v -0.061477446745801523 1.4402740086637382 -0.12073052477753711
v 0.097125810652814462 0.99763722721045955 0.0059865066135983839
v -0.84911822708324602 1.1578378028235223 0.55612080598152736
v 0.33284261600135984 0.45621871570047151 0.53019786031358895
v -0.62363781761038295 1.2725980686421123 0.059456073007489098
v 0.089505929378821722 1.0368637340827949 0.092671204249502925
v -0.53365131110758346 1.2374183346910159 0.40441581695331297
v -0.34673484731482673 0.91572324425507512 -0.047152059197709442
v -0.052826538351591457 0.55324691784157332 -0.32582467495293044
v 0.25617158384409733 0.029634923424756664 0.16774885342059359
v -0.77310812596455569 0.41618534133595114 0.10099271009803552
v 0.27267165590919801 0.5661781777362721 -0.18913867894210004
v 0.61832251828659002 0.22777509939363588 0.10164316066092378
v -0.30437421999026254 1.3208133768111301 -0.015424191973921385
v 0.08740117816152472 0.1629271983265741 0.59432433516967531
v 0.41914714925512042 0.79685236429459694 0.059923354552837024
v -0.2892288073421197 0.084452054984740038 -0.23316398934774749
v -0.79959040905911261 1.4982263454349023 -0.34133449502582031
v 0.15604687883578566 0.77581492498198512 -0.13516012555807272
v -0.62325604444405525 0.85543964742480438 0.49469018445786322
v -0.79153595430114099 0.41109351466961375 0.17261350136597745
v -0.89648677537962496 0.62478708105530645 0.34457143066354234
v -0.7410049832332769 0.52780231936206168 -0.05701011671894466
v 0.071207511849813082 0.31442070747809359 -0.2586463314598203
v 0.27916351840649595 0.070365938721753132 0.41151138112379698
v 0.080197525806623024 0.72170914639608941 0.5463243786298938
v -0.15839454578785914 0.14637353711259005 -0.21912075807408027
v -0.46418558325487536 0.94762186619282274 0.40067979399458459
v -0.9125876342359861 1.1001397419945735 0.33254900328149944
v -0.83064063785915354 0.87209105228053718 0.59734140873572017
v 0.22609596502102608 0.98459485763115595 0.067200192821202501
v -0.48412460923079309 1.3847600516043963 0.049610100585182157
v -0.44396838347869666 1.0354513914849903 0.34062328036848938
v -0.78646296952233041 1.0381748865814659 0.66621046135380491
v -0.2914236932136906 0.05808670533465659 0.30882186877401818
v -0.036043762305525993 0.19338480295948207 0.61190434818211481
v 0.62146208018226323 0.39638569353919051 0.24971145089254113
v -0.35289847645782851 1.3580461791738716 0.11238074948978394
v 0.17951370890886217 0.44807965493582114 0.63747205102347926
v -0.32611081981098294 1.0145672919563349 0.18690466495109431
v -0.90710758190280394 1.134449408121351 0.34260932584489717
v -0.67411952307487333 1.4892197685674091 -0.28876770408297214
v -0.89402798839083775 0.8834912019716048 0.16971728373822617
v 0.25282852025785291 0.021953085541084327 0.14565341611894897
v 0.42343362496490089 0.4790984247442312 -0.055933323406577223
v -0.54373229767396958 0.96808043121391429 -0.0024566501181674124
v 0.38302367368472018 0.68908414521957084 0.45852500200410973
v -0.48959789421254835 1.0479453346692966 0.073970183767132297
v -0.38908680017195774 0.44278381728473859 -0.09944373176550042
v -0.63371724652108241 0.32103719764879057 0.091504922226737076
v 0.49336289412338907 0.2767450573008951 -0.0039988910307003451
v 0.23506384701832955 0.029478167216498583 0.373663386379399
v 0.015343438663881066 0.53649766926452502 0.67696481181299373
v -0.46189245300367021 0.073017023110657775 -0.191233621443444
v -0.53621254180196209 0.32210494808353074 0.38929014270228274
v -0.87962700309146802 0.83772909294048159 0.26051771295889947
v -0.58365914669979857 0.1276252705860508 0.27465495287968306
v -0.77167738351351156 1.400720141108502 -0.080311337116263301
v 0.11209290353732509 0.056681652253185527 0.36774428006045928
v -0.61264621404509312 1.2297863414408943 0.053587077822746618
v 0.45456809643820367 0.65851388866016303 0.0048659743538128049
v -0.32644226308329805 1.5280421299215383 0.046665735806185937
v 0.11536211502359324 0.50644119205607063 0.65239013431959492
v 0.064096848551126934 0.67787538000061354 -0.24198538661068494
v -0.021484008834155806 0.35843815764729553 -0.29313881474635645
v 0.29517201152579858 0.48234161664002956 -0.18452372486068433
v -0.75912579016170989 0.48038774817819391 -0.0095526965877603572
v -0.29067024534536534 0.5440359647351718 0.52449133775356027
v 0.39937477827983187 0.53257847572078776 0.47468148487454098
v -0.54773514208908469 0.36534830182070871 0.45774013288460785
v -0.10891270929259347 0.11685109973362338 0.60082882011288186
v -0.65588337231804505 1.4746562863525008 -0.29909553728209659
v 0.058048157580064243 0.71945827605927393 0.54892147697920202
v 0.27657048144229168 0.49950727405414697 -0.19763219656449912
v -0.88548703307720344 0.86109762017001512 0.18476174974273293
v 0.0006505411946071348 0.2415780863012657 -0.25680028298194973
v 0.26524734867483762 0.059291619527776611 0.42168810750290442
v -0.71035899899005772 0.53650938073437204 -0.08070773441177409
v -0.71521535348102161 1.2177528736903862 -0.089198578897165356
v -0.88644553361434597 0.632202458180117 0.36853761483752656
v -0.80153866751543767 1.4884939657054252 -0.3267165140098432
v -0.12654460248935967 0.73528884447104503 0.54251035207545251
v -0.73952363081518979 0.65994054320125706 0.52519754349788095
v 0.15492047093494224 0.5285648893581274 -0.25184972254376881
v -0.61743995584003042 0.7904842465248676 0.51957328340777875
v 0.39813959553400957 0.26097371968661809 0.43096378318936401
v -0.29732592323076934 0.12678011463218139 0.60541572139414079
v -0.3192067286937727 0.043973951954705603 0.36448758134382264
v -0.51362841676309712 0.1952162215752794 0.47024815751904003
v -0.27194973100554315 0.45348021394099813 0.51213735412144823
v -0.11179197129529905 0.073218361990934136 0.47040403223747684
v -0.59032494048260575 0.93814756400619392 0.53583127589818136
v -0.82755533579704688 1.2227139195932337 0.12719678237194754
v -0.80600743272255104 1.1557821960691279 0.070713238343285523
v -0.74452176356946853 1.3250058534515969 0.32567953557099188
v -0.55096112002906572 0.68755755782476213 -0.13495695410245362
v -0.60877841505115093 0.17143232463796501 0.43128561938503279
v 0.11730036274844102 0.41935074250413062 -0.27225405896386018
v -0.47015477611566786 0.70759678026300732 0.55201994926606179
v -0.5959179307077962 0.14802112263945935 0.012770493210859418
v -0.69380215573214066 0.32394939565923564 0.1823649001720731
v -0.64187244715485148 0.050448321579863106 0.29188754618844265
v -0.68883248159786115 1.3604133181416052 0.038456633004801621
v -0.64526831659089556 0.83849024806081296 0.4978375658188009
v 0.1822830635613826 0.57640371178173166 -0.23906934523048176
v -0.14291291798583466 0.52844876997940093 0.68506729150873436
v -0.34653806849827151 1.4361674264452198 0.11315597476078684
v -0.60173515411411393 0.7583004259526428 0.53692533981420287
v -0.62382688259642893 0.51800786279462685 -0.10627308307110263
v 0.44345608365942657 0.70099354954591786 0.36501395527035807
v -0.036151006905584496 0.87595336978950267 0.50370079758740793
v -0.19562995957380966 0.99250530964842676 0.087765497042434221
v -0.32111739363104547 1.348407338571662 0.12918342954850262
v -0.61694005374140271 1.2163483854965675 0.038146910646484823
v -0.52138701193449644 0.21592431326359762 0.41952775116787827
v -0.939530682527146 0.95208979566130647 0.21659627214281449
v -0.23466753385020778 0.43636904641852564 0.55892009500913042
v -0.90442213632873358 0.64241805575541189 0.33455403658233823
v -0.093100191321146331 0.12828505545590849 0.59144960565913596
v 0.35462993031896284 0.46473317008719095 -0.13589784978364763
v 0.20031394450300857 0.025118665904664349 0.084111610646976212
v -0.48931432181004242 0.036341605963161397 0.53243055984625398
v -0.50382832805596234 0.03321268220025627 0.086694311534357194
v 0.029079284234952617 0.02963057588921934 -0.11822991094139482
v -0.67022873018044082 1.1622275822908048 0.022974560496242944
v -0.045239093973240087 0.96422278269604678 0.43588963713432821
v -0.16856004631992622 1.6265476250492943 -0.05980314423069584
v 0.14197784848449366 0.24032594028365756 -0.24112922230859615
v -0.34426621402450552 0.81311911288541172 0.48325297837152487
v -0.6759222119426227 0.63738989756998787 -0.09408327523817718
v 0.22488416750843249 0.55923354120224233 -0.21779456840807895
v -0.70856054631393639 1.3649539450855261 -0.42056237710969563
v -0.88002545356862483 0.68426681477211926 0.099906517451744725
v 0.35445527702176471 0.42344597299594694 -0.12970188504220406
v -0.14439469594048729 0.24725887221904094 0.60542063390043643
v -0.70832257951770594 1.3240216113927095 0.14261416862618934
v 0.088890461584098246 0.29224487645070263 -0.25402363000425981
v -0.10043715995048107 0.2061260925346047 0.60662633251927933
v -0.82473801470285624 0.76164254992855074 0.036037018409239348
v -0.4636408615246253 0.32907521625928743 0.48165407818879591
v -0.33046512374138881 0.48543437890325247 0.52230372822091164
v 0.30211313645632887 0.95953417926681905 0.24138471441487702
v -0.32318143719652598 0.39059988074765178 0.51292270602143875
v 0.50375153616467772 0.61886577439407675 0.13667422787408781
v -0.77506750674657998 0.76981395365665595 -0.0079675749175904011
v -0.49660941585378715 0.056287528987645476 -0.08967794154782481
v 0.077214172135398773 0.069548771929520206 0.4086967475115133
v 0.64730833722722303 0.37532669320022977 0.17147609031870245
v 0.12392470271710908 0.030506975007374385 0.1282585540531779
v -0.17268320462534265 0.048344594128453627 -0.20487948047038562
v -0.6490327859135947 1.3184095164894267 -0.32247550125202573
v -0.43779241881727982 0.69146963418825169 0.54375106746486124
v 0.21897168774179857 0.8477767425448256 0.46656519650450284
v -0.51506894036299555 0.86823054879563755 0.46635061906272163
v -0.42482853811029897 0.62486040459805769 -0.15024797335412521
v -0.76828236676343908 0.49857286231439357 0.45760471638766514
v -0.67566506734964971 1.370596405698786 0.0045618525195956017
v -0.55098701668607619 0.15673236340846289 -0.0014705528401778543
v -0.18841188291223046 0.59730958431398751 0.65055354580390345
v -0.65798034717961962 0.51772507151413594 -0.096021567636973476
v 0.091930107857881152 0.55805143111044686 0.66946010835970649
v -0.76590365323116272 1.2808926274611103 -0.08721613798499854
v -0.24164117551530778 0.46927897527344997 0.57367850891965466
v -0.012987996963469766 0.12063035420471142 -0.19601442662447399
v 0.10067678250400343 0.71490350670841996 0.56011401764148949
v -0.48553745375799218 0.031837151428895996 0.14053464738642432
v -0.38226107204031856 0.8236120111823414 0.48439644671981053
v -0.34279652278400957 0.11613497035674543 -0.24005814010160767
v 0.14036129206614498 0.69542714110146386 -0.17753781944599384
v -0.097820353030170948 0.36974274302277693 0.64009845198167303
v 0.12358962804654346 0.78919939076223966 0.50392400294335604
v -0.73751240520756667 1.2544396501282919 -0.24578376988202913
v -0.33056973438755916 0.58823337386693453 -0.18931202601318706
v -0.21411257133427594 0.50046970234597588 -0.33209970416413526
v -0.79617129307878876 0.44239821992400269 0.087523737588556375
v -0.31562994368926961 0.9163796040418356 -0.049606606845797922
v -0.59196023342334647 1.2496460843215964 0.086667684144733928
v -0.42105772935084834 0.071606696605190673 -0.22653752555194789
v 0.37246937980825978 0.52593009547941272 0.50367866785822646
v 0.50918436823381019 0.45612206515785625 0.21922081981567665
v 0.10961840533198426 0.23289651081320151 -0.24912731479354649
v -0.62935918082857578 0.60158395034990042 -0.1094966405092755
v -0.38191484776613022 0.53887206088697848 0.54315428767309915
v -0.12203482078237653 0.22457496260581508 -0.27533791617301101
v 0.18283021237514849 0.035939527938104197 0.51273077096366559
v -0.25473206817414801 1.3173882351317963 0.0008637577883939964
v 0.045574847961526277 0.14616781176654192 -0.21130761088996342
v 0.31001679757098982 0.026480160212476685 0.23119869969505966
v -0.26919202473443277 1.5580352022214559 0.031836594737128104
v 0.13755822063702935 0.033165156806829625 0.39320382433781387
v -0.29543367372650681 1.5305589026692257 0.059323241795812665
v 0.20395776871245205 0.097731150173266682 0.52234313343113026
v -0.86006416272073738 0.98184419746328511 0.074056885402197001
v -0.64703062207402828 1.3568869522023586 -0.40729799009231354
v 0.062918619186818903 0.71482470147606003 -0.17076335146730526
v -0.015637634250096268 1.0357245706829541 0.29922195477620445
v -0.44570260442664295 0.9175472037779977 0.41130936034165178
v -0.81894139383561126 0.83266610538629615 0.41221801869510333
v -0.25730894943951294 0.50502811636032119 0.57066024780638303
v -0.86835649596000597 0.55605426628817445 0.13614944003904397
v -0.10280317462031237 0.069300193003725405 0.24766975875483843
v -0.34808015236085116 0.031618450059982775 0.27949564602307719
v -0.43613418491993144 0.11935574270289424 0.53661395908785747
v 0.23544198734025709 0.26912030523109026 0.57204707411152633
v -0.49622429140516361 0.97619536612365654 0.46090810142784361
v -0.23599739365722627 1.5916001776376572 -0.029863896162372321
v -0.36887729885078052 0.88007190162339455 0.44592811047435765
v -0.2475971785061456 0.070017043389126746 0.25548917718774888
v 0.44169803043671368 0.61615667782775718 0.41528203086069787
v -0.4944454898015046 0.32157266012436569 0.44750774204054233
v -0.5773524232414784 0.34184495925696518 0.022649554799177712
v -0.68243700367768234 0.4803377097783823 0.50719267376199706
v -0.1432239680819799 1.3696211223181829 0.016556334053412163
v -0.5396866455185676 0.35161936116413606 0.43914710292668047
v -0.90331768266188317 0.96908664732822003 0.13596167746004487
v -0.31063718898192694 0.065612542635432591 0.40305012918959393
v -0.43890257271203453 0.43999152612310555 -0.10315838048793778
v -0.57190643614820047 0.17223241796455183 0.019123791572841508
v -0.50066934572021038 0.044821150840200108 0.19259296091893924
v 0.0086707611599680257 0.078870085997286024 -0.071510913406949636
v -0.7686156181625251 1.4942677049927129 -0.25513913214114409
v 0.65541902604390512 0.28265192099773412 0.16256164427343645
v -0.7150993367336812 0.59387479696093792 -0.082730196031140527
v -0.13794886841688886 0.079340465025337231 -0.095670858812765797
v -0.42156040490490071 0.22138434368732651 0.49561047801176039
v -0.56296069264874493 1.3133874394077953 0.10204112461040928
v -0.62854774428108928 1.4319383268549237 -0.31152203169268067
v -0.64992838636544537 0.10953724859916217 0.35825673678390646
v -0.65248983707525654 1.2430716942134696 0.51990919041947314
v 0.15852413208613711 0.04841608108860438 -0.14994583342284751
v -0.8634472450006172 0.85373796275079938 0.3586282045054367
v -0.51029389438326733 1.3727514398917062 0.072698765279642849
v 0.32332124222755132 0.93127903168337423 0.11180861925461096
v -0.35714427755211731 0.028448816716785154 0.18388707549773139
v -0.77235579414998312 0.56171776526627093 -0.048458278943774441
v 0.30581493634921153 0.24871447107335368 0.50525140650009182
v -0.73909942131079276 1.4715258908143882 -0.17240664732417046
v -0.73536574700180346 1.3185695785555551 0.37960391934747478
v -0.75813878147484137 0.67978447370914008 -0.052800718811585247
v -0.10736672889196086 0.36714067074114393 0.63881075151508493
v -0.46815046657964621 0.036553490741398936 0.4689092084909352
v -0.47190976465496948 1.030788020800415 0.065628311850044418
v 0.29725731120979509 0.022369933263314101 0.19707929769474533
v -0.32632301868783725 0.93026917160791722 -0.031545493192274704
v 0.11622837440076218 0.77208848107790851 0.51065097024165396
v 0.087797790938572193 0.026631097402092543 0.045080245905055209
v 0.2202858827104523 0.11067454043188499 0.51543743756385574
v 0.1314530599384752 0.68946671509724788 -0.18572262884252633
v -0.4132188684616106 1.0227092703501381 0.26247488189864204
v 0.31172202248024128 0.76081992446350721 0.47355216623887703
v -0.32480447488957698 1.0111406463013308 0.24247084899956836
v 0.47570524348168203 0.67911117963457113 0.30763154334252052
v 0.14935129946619469 0.059252689603422781 0.52855757046934726
v -0.83297457513864992 0.57173122813495048 0.032130173507813414
v -0.5348326650426255 0.26994491492122558 0.28017874143697419
v -0.23096120023167863 0.87754987382038363 -0.086454690588807587
v -0.27499313388553492 0.12624333881537 -0.23148867549749105
v -0.013523533478654877 0.74528822410273676 -0.16763873065103999
v -0.25615415833968064 0.3997682532598183 0.5036054358025388
v -0.12617334065098731 0.080395491362943813 -0.014031580232286017
v -0.39783382112334437 0.032077325733792537 0.36103466342077845
v -0.73527265708440481 0.10214687031949937 0.13697751203240707
v -0.26007855181273659 0.72559428776119617 0.5375897829799986
v -0.39847844263956556 0.21776794507982963 -0.032605847695528982
v 0.11552530887068425 0.40672697290449422 0.65572072618649746
v -0.62271452771288938 1.1814051925299507 0.5165580837423901
v -0.14660828525998493 1.6412259401223475 -0.12251774552044223
v -0.43148813374636119 0.98574647306645002 -0.01181791924710396
v -0.13424991562624577 0.38262817223150936 0.64810481605288051
v -0.64130146662542653 0.042304958133534298 0.51606386777558155
v -0.073493309908024745 0.075270386859038002 0.44392430935890109
v -0.90740664326113252 0.99646256272318989 0.5728078704016335
v 0.4213388723147713 0.37879079039784169 -0.064776695742884541
v -0.39102374153530167 0.041859791814939727 0.52159125367902837
v 0.49289122804040314 0.39206436801921207 0.079153790120798415
v 0.019140253405910631 0.99586086359119885 0.0089362123084861696
v -0.4903883429304941 1.2724269518172722 0.23157292762145465
v -0.27541381700665257 0.69959739463835968 -0.17068738887053489
v -0.67613199684967262 0.91808962067632249 0.65726081033228267
v -0.66351629652133925 0.092153569108697153 0.49466261179558113
v -0.096057905055264167 0.60751295146826212 0.67494583213953963
v -0.75945659569537438 1.2708232645026909 -0.17648271289572795
v -0.0038699832010938794 0.56255433568059776 -0.31368949528611439
v -0.19332797914728536 1.4187204301914738 -0.094514587205457107
v -0.24846567451916823 0.64988731225503382 -0.26903780091706864
v 0.0086195303672243866 0.30756939754784779 -0.28325580733110861
v 0.33268599676146893 0.59024570822581501 0.52824900041127854
v 0.32677458971554868 0.2606152560620465 0.49191082659143515
v 0.44310712170718553 0.12941316991039647 0.36982882924688953
v -0.080225042664193988 0.37495472873663399 0.64898699151430539
v -0.7593304121078468 0.71122527616533326 -0.046363264104211516
v 0.23249602277279496 0.3199636307629829 0.57040876828839071
v -0.57072195395201186 0.33567868122174266 0.018908073729119439
v 0.094762014679783041 0.029985763540147398 0.013057837393421911
v -0.23218462858719457 1.4096101126674738 -0.080839195528968261
v -0.87386119699786413 0.52732010341765856 0.15838518023372528
v -0.35959851968314843 0.030831667113836236 0.15560604919911705
v -0.13457683240921958 0.21015715115369821 -0.2607416443724353
v -0.78144640415037137 0.62286162607797091 0.4964387862470076
v -0.78314058666331055 1.4335703981150258 -0.16591593494058079
v -0.48739364518660222 0.67796824194360839 0.56107850594988928
v 0.050909854661648699 0.072613380922101955 -0.19138939862395182
v -0.28190691980880483 0.083442873935023434 -0.063172548213139432
v -0.060994645511082524 0.68019649347953737 0.63334824150960678
v -0.17288209942298546 0.95808302685217228 -0.0048134400231491133
v -0.13258641290325723 0.4742404830824799 -0.3293476315870042
v -0.39412081178495245 1.4220575417836554 0.14366507209560139
v -0.3635063776429121 0.15537855803115555 -0.21094816631951657
v -0.010566221135954974 0.956628438865469 -0.037327610015139935
v 0.0042062977239618084 0.075933036777496868 0.056861162920130735
v -0.084541646348089042 1.5836795190485746 -0.18044884706186579
v -0.90506440030289625 1.042572656410317 0.53513703104020582
v -0.30144856673452136 0.60162355512482535 -0.25521313698424641
v -0.5688583427716104 0.24607611499067159 0.043361273986239464
v -0.70844457126576066 0.099284734494064178 0.039278838090472626
v -0.39544501625973577 0.036516331744369634 -0.21949975240258723
v 0.35206776557699532 0.40136439626720988 0.49138749058676534
v 0.40073459018180996 0.59584545221704699 0.48165630758090622
v -0.046344191140975224 0.024746523883760235 0.53803377833334076
v -0.70651891444247339 0.061624056584431465 0.022139517579325852
v 0.075365997535849771 0.10980900737511422 -0.18955443524110452
v -0.86412450127105511 1.1664967872682765 0.15481266454244277
v -0.55950867234503932 1.3118123697827713 0.32311418734522546
v -0.18183334835771481 1.335405904936773 -0.0010922317711985631
v -0.37092643175150386 0.57326371788936714 -0.15102413437102186
v 0.092828848577438575 0.027246221585758651 -0.10331681520455821
v 0.083500113109462135 0.6168071969575184 -0.27413629476385076
v -0.45150168608611879 1.0465560147248525 0.1209787582715672
v -0.62217660679621012 1.084198794654726 0.52145036874150086
v -0.32790996212676043 0.084020764378916354 -0.09217052916460404
v -0.28378848201672308 1.3922104715296924 0.051673071007246649
v -0.74918881926923109 1.3207933770897582 0.10330616414285913
v 0.30616182825867855 0.030115527609478908 0.10025884189582487
v 0.0017685876691883892 0.069081259053723171 0.29338136353263927
v -0.75757183945824713 1.3311218618778389 -0.11419518131142047
v -0.151798467623768 0.19253435924853571 -0.25317422464309847
v -0.098004218393811113 0.58259394685595844 0.67706967112894711
v -0.47643806093078417 1.2648939766581102 0.22066529252130015
v -0.2674180847838763 0.71641224040792018 0.5407373012677229
v 0.30064536988191864 0.93288940034827317 0.065268163417218583
v -0.41049413272820306 0.99668686160464715 0.004204784265250147
v -0.38502037382203408 0.20806025681381082 -0.036383843366599222
v 0.46399314803755515 0.71164512049662354 0.30197270854996627
v 0.11839747558026102 0.36901693735366459 0.64579809079468609
v -0.64592695609551753 0.11878932483672588 0.01063925871554228
v -0.63741957062776222 0.047640828294978753 0.30760429920914467
v 0.024743375050472003 0.32360351204906285 0.66475691364823963
v -0.54020211074807345 0.46184760582755796 0.53113625851724977
v -0.22530893129919188 1.4874350348748491 -0.11268729943529412
v 0.57832932893390054 0.26215729296937568 0.023219395047936138
v -0.38568367987864871 0.03560760970156495 -0.1389147259866039
v -0.093866131882581902 1.5889569773815486 -0.21220700787864383
v -0.1833414239472759 0.029284146865228348 0.55892891943001655
v -0.49011559770507029 1.1116952420941371 0.11376065624813984
v -0.54457192708386071 0.96417837659575045 0.51601381950499192
v 0.49926937680199851 0.52484888578632938 0.091067973662695617
v 0.60257801656138987 0.41228965654751587 0.24368767073891193
v -0.5429250392630125 1.1456154385259925 0.43104448211134505
v -0.74874114566796124 1.0396069293805461 0.017831006185561812
v -0.22378726831572585 0.40640376321237343 -0.31968539901125043
v -0.72849242930435532 1.4325847192488008 -0.08540945350401756
v -0.57619686719651131 0.034220403300201568 0.33233247902180757
v -0.5175256544313781 0.9946319091698409 0.016045673101034049
v -0.28901406603053265 0.26582759416895468 -0.19386325178806918
v -0.63907741563375897 1.3915418791902481 -0.099673190890226582
v -0.66309449315093416 0.12724030134194469 0.44432863335273187
v -0.48530882176790829 1.1622070583066721 0.273110833737784
v -0.50903487285147775 0.059593824959176762 -0.062289545277223468
v 0.30919291669774673 0.9118666897989951 0.030623633068469082
v 0.55180083563343907 0.36067915583254406 0.053283010712477083
v 0.62278714010480662 0.21114585354439711 0.26788765652714674
v -0.48347254493175962 0.80918395984706704 0.50239591606065581
v -0.41978086408443399 1.2258107751287504 0.14043568166122561
v -0.36491109824577866 0.080538965821632627 -0.072025815116487327
v -0.14181719687550567 0.74310075040166579 0.54065671163463735
v -0.27271314067342328 0.30644702372255278 0.46975997715959061
v -0.63562810979480389 1.1568829439239909 0.028553457241253324
v 0.02695809989837979 1.0437612860457273 0.13166059174028327
v -0.47922775036145748 0.13494268496258111 -0.038613946395874787
v -0.35647248428787626 0.52428119745257573 -0.16155416587667562
v -0.67190955421401477 0.099893085575894755 0.39685426966188986
v -0.64250573854140336 0.13807477643562088 0.38992775836708887
v 0.13230568122246322 0.66726843039220807 -0.21711590578507242
v 0.41783886574804274 0.81411185844776135 0.085098667664968208
v -0.01999564813564491 0.71160623883550622 0.58899376803476922
v 0.41514001253352684 0.11949306079744215 0.36654664246407609
v -0.053879197798730627 1.0259308959379845 0.088348871036237051
v -0.65936307750573298 1.3928968104183623 -0.50204054931063469
v -0.1104745443722227 0.96537190324507149 0.41334673433017616
v -0.23640409324515943 1.5820583079189037 0.0082348075109013302
v -0.61250969442308434 1.2885067097417897 0.10644315987496565
v -0.60344081320580645 0.86958974443419856 0.4857655216652324
v -0.74105562380425616 1.311630570990761 -0.22661604613733216
v -0.064274133949811879 0.42051799133116274 0.67098919320922357
v 0.38276530455763796 0.69596642229461025 -0.075082690446045569
v 0.076811155943430437 0.40600639399103222 -0.27983575015067536
v -0.045459460690346988 0.029345778069295666 0.56398281504658554
v -0.21695083618453406 0.52445117205713632 0.65122284839866351
v -0.16301821343456274 0.3421374501114286 -0.31326867301168387
v -0.76313453599518177 1.5456237770789452 -0.34541279340950687
v 0.14056216012383954 0.030168283895744712 -0.12821907842566505
v 0.28817284697169004 0.90990187168147796 0.39874578483658435
v -0.20782240434530197 0.68164251850974866 0.55209521598646993
v -0.31948508742939336 1.4817737698873001 -0.05789468533464609
v -0.15519503940117238 0.039601930759899998 -0.18865977445191434
v -0.30025263525164481 0.18513815639708839 -0.1886167351466119
v -0.43207522350439098 0.42412356386315314 -0.096928420309040558
v -0.13929812403277864 0.071397696156283344 0.20398894159469688
v -0.14624446381469844 0.77894215585002047 -0.15694561658174
v -0.53266431326820673 0.48356661688298491 -0.102928853945274
v -0.039784050611032781 0.65590735780897436 -0.28796356731422257
v -0.7943188291745874 0.88986040353829166 0.062493911751766287
v -0.61382262865347592 1.3095458801160693 -0.12354031259087779
v -0.55789262209996859 0.57971360026843344 0.56209901799341899
v -0.4912307330004082 0.89358423819452837 0.44631772381057527
v -0.65321190149003816 0.93738222740874977 0.649094646803547
v -0.021562518161189138 0.55028041930014093 -0.31936032768230455
v 0.33380156622268287 0.74166493959052227 0.4703999522531177
v 0.505688360273572 0.47036583061784903 0.12594838252527243
v -0.23737808062681576 0.082684380455578785 -0.077709068686822633
v -0.037617133952844675 0.43298502508144543 0.68327822368821622
v -0.60806957906105952 0.9367834983676121 0.56240523486093763
v -0.26951590643453521 1.4686460865230617 -0.089009858394683603
v -0.3029755238711605 0.28239457661309841 -0.16400415206541633
v 0.28075678790139552 0.25655276279425998 -0.16265269034019622
v -0.28153574311480689 0.9358714535632916 0.37809848497136012
v -0.35011353971547604 0.083449632513382194 -0.067052460767940136
v -0.74770019059969439 1.015627314353706 0.016895714639392177
v -0.35489517093791939 1.5094941385147764 -0.0058998817615991701
v -0.099846409765622549 0.43867695117834143 -0.32147544416698826
v 0.50589568130940787 0.53679846089284144 0.20536349678221408
v 0.32117132320104397 0.57077768336460466 -0.15850691347619042
v -0.38163378476674337 0.08119650195671517 -0.028426585385929893
v -0.36407619581253414 0.066973819747890476 -0.091680171275085806
v -0.59773157239884456 1.0128745514824384 0.54148345676931608
v -0.78111732637596576 0.39796036998743833 0.22103976745504247
v 0.16196951609510912 0.9628342229845005 0.41545636956002724
v -0.37782343811582314 0.95921785887852318 0.37847256645639621
v -0.43325208739041576 1.3198977913875198 0.17522024960653296
v -0.73041073685344493 1.3948597082035763 -0.016734608783955687
v 0.54095300838089033 0.33586171971681872 0.032098231995119186
v -0.76118227965632324 1.2684339128292961 0.030492810002309908
v -0.12518295886953729 1.5856461495614211 -0.19100212892234494
v 0.035856716982537749 0.9250739922165282 -0.074814266722622536
v -0.59119809844025073 1.2793100061962288 0.10068022787521927
v -0.637871708663037 1.3990318980674481 -0.50102005498492252
v 0.06957822816546845 0.12396472162653385 0.54708210716593297
v -0.91433572004408892 0.62776151501164401 0.22139922825625136
v -0.60715151738140383 0.18718613033216797 0.092901600731905121
v 0.072110786840714536 0.19474532942747674 0.62102193784335158
v -0.83330592848806229 0.81424852779158063 0.075406901676901145
v -0.39086761840991552 0.10653871576499666 0.51861304035908884
v -0.84524737559639151 1.2834104665327974 0.18198483419585867
v -0.86628530293108685 0.85518082131720385 0.46116937791365803
v -0.44744601684792806 0.040355768666934536 -0.19839737059611021
v -0.037565404218532793 0.070029406004668393 0.31364386574585335
v 0.27766348292837512 0.36980408982803981 0.5425868510836771
v -0.55781443655030716 0.037878065116560389 0.42877772109797196
v -0.2985308980595211 0.066286395295838352 0.3671312151922333
v -0.4375287852196682 1.2917574343234526 0.19260939102906216
v 0.51510401062668765 0.41318705168557851 0.246467593536706
v -0.55811726360120417 1.3200911493168808 0.22629659813961181
v -0.5525074315580214 0.26357739113324724 0.20417168696730637
v -0.51288039595671764 0.33702506165790258 0.43394059955638781
v -0.31389443373691006 0.034333145489133313 0.20648258464351468
v 0.15207666112777207 0.16193684143349776 -0.20018489448452728
v -0.45284116186810208 1.0034430916959072 0.0091207780569887344
v -0.92131908405678775 1.0193675011146353 0.50680752985156785
v -0.71321500611070066 0.72673919016027222 0.52133451215617999
v 0.42698133755426659 0.61360477469598806 -0.064058413617928175
v 0.32185489196096778 0.4068459736303639 -0.1616597088085707
v -0.71501865797329134 0.096363482460488273 0.059609618127048958
v 0.37750776661671509 0.72374381259091647 -0.073287805216903895
v -0.36917902720327073 1.509012919082739 0.017970973858261234
v -0.2594269899532976 0.046334380378392152 -0.1358342540819186
v 0.4013677260022151 0.83686188096472125 0.083712775696440159
v -0.037513734458921644 0.47425578606212043 0.67959493494683554
v 0.027354225205644674 0.71346464178948699 0.58154044027906193
v 0.2647629228006238 0.90685487360105355 0.42056113194677991
v -0.56450798035296545 0.48559833538284553 -0.10661723520900228
v -0.20895985192962027 0.50546475311208394 0.65394803394172241
v 0.11973543742284433 0.028487336646979621 -0.11535582281046711
v -0.15745639069554124 0.082436473156636006 -0.087035172212197615
v -0.87191608372022533 1.167598740550265 0.19374642920061122
v 0.070805704296330582 0.034662207523144486 0.54238083756192657
v -0.31231938122000968 0.21193414330842844 -0.13695480409701791
v -0.73556896053758669 0.051157206443735656 0.18805587581490588
v -0.80539909283976663 1.2011276946345106 0.091243368495183969
v 0.35253224207341094 0.90013400761260998 0.32812746009742988
v -0.87292021044335533 1.2422870092472693 0.42802994415765694
v -0.80149135440855679 0.5209433524870789 0.44560653698833069
v 0.1133335297795792 0.037926092770654785 0.34878360640492506
v -0.59791858593112779 0.80693382141352166 -0.090938336285181914
v -0.51129852025894729 0.23356940889862282 0.42705509235357364
v -0.58137076764052786 0.44833411379653693 0.52632686210827306
v -0.17304395048584514 0.43308887852473871 -0.33159128910586388
v -0.38223306488052167 0.043813369627815006 0.29175374421146144
v -0.7484953694513875 1.1776503931468416 0.59649193889002794
v -0.18947856892719434 0.04791479089068218 0.52079959049178437
v -0.48705844309674029 0.42930063451640155 0.51172595579741287
v 0.11585478948057336 0.18151699605061822 0.59723850337394402
v -0.59020249284540438 1.2650041173855477 0.47803617541071414
v -0.7382397631789912 0.069482096623231765 0.19334632553075587
v -0.91919258391836667 0.87540508579891807 0.23920744018370191
v -0.77645606140768897 0.6437900050252533 -0.048067420411474264
v -0.029838146057250034 1.0079472625261607 0.37609474634710238
v 0.63089110077731902 0.3437490971034407 0.28992571247964966
v -0.74619758027205263 0.40948777393559632 0.38835827043510163
v -0.17292211815276709 1.5780758746680721 -0.14357983654868758
v -0.78374375295886822 0.91893353910421405 0.042488698539886648
v -0.89157015943570617 0.96877117596074092 0.10602339280389562
v -0.15918538099686344 0.95533010745356628 0.39938478853660458
v -0.79712797971984406 1.4675718092323597 -0.25232966575096266
v 0.045534188478288606 0.028606356558862022 -0.1415484427624101
v -0.32001581345749575 0.9614655787624925 0.0097287114205188915
v -0.86125441954919324 0.8505923481991452 0.15306953082357372
v -0.11205913390846134 0.24301224445536712 -0.28288943367988023
v -0.76418966928938892 0.67079762700830459 0.50442286792800439
v -0.77680978644089349 0.39615244149914214 0.24059979816144722
v -0.60299195519921478 0.19559625575173475 0.10476765660380913
v 0.35856457720374185 0.75199324887326591 -0.074948810859781501
v -0.54134955728797007 0.032522296424370489 0.17244738262256057
v -0.92798780435616257 0.99583555106079891 0.5213465178153418
v -0.55263433306065701 0.25279770506700894 0.20041038446195328
v 0.099684797768696917 0.90034940196234348 -0.10079523317719481
v 0.043947179472628883 0.026024634643941391 0.096843282670524
v -0.29278619949843337 0.048559415229997224 -0.13495374083925579
v 0.56199062827148893 0.14720027647696643 0.10526313881149976
v -0.40849383170207537 1.2396163927713622 0.14752601541454685
v 0.49823281647284173 0.45920385565881744 0.08932406115670391
v -0.83829952429799781 0.65602277925619246 0.020475961025413558
v 0.57911935753467925 0.20281126867574867 0.32496951353858394
v -0.53222914208005145 0.17097016423267097 0.30799209489204599
v -0.12383622511776984 0.38399377002131302 -0.31154803633494677
v -0.52295501603215988 0.18457110932533205 0.48741838526758618
v 0.2306825072360775 0.81147263741778819 -0.10165671516125492
v 0.05922961781662478 0.38460140392391917 0.65649637810402262
v -0.30109727599056896 0.033719969067510042 0.58853136117558813
v 0.075435915769007322 0.6954308648514419 0.59724219900663644
v -0.62118047034917478 0.37489131990783764 0.0073848396604791052
v 0.33716385438401358 0.068308949605963218 0.33118063259610236
v -0.13943031795125338 0.18110137370188964 0.57229646468329076
v -0.63574333012647788 1.5707469821724276 -0.52637590142435886
v -0.38810308043060215 1.40619645390499 -0.024818071992998514
v 0.1176880535175156 0.8972803065654501 -0.098394788205627276
v -0.61790156102112825 0.9052641881025798 0.55873502912333917
v 0.46473430048637032 0.34363945280576852 0.039863772065386716
v -0.39925370590786219 0.11932319330657032 -0.21832595651906389
v 0.39972989432660294 0.3328373073599622 -0.07107574354815839
v 0.034272499694965479 0.71132891449836211 -0.18044735254731065
v -0.86886884234130246 0.95635568168766583 0.084333705519242616
v -0.0015574716433738654 0.064894611225303406 0.26891354676155188
v 0.23866649738147669 0.19807719836629251 0.5330682613994453
v -0.43640727973813243 0.17147247334050278 0.50548500412977959
v 0.014180531015699245 0.035901106127540258 0.24295668218711455
v -0.13916030318381414 0.65330804395696418 0.64098956380543848
v -0.4065878160778601 0.68772113518141276 0.53487966084712524
v -0.17334655474916372 0.037711928789090285 -0.13428293454919527
v -0.83424926144258715 0.45357285783565826 0.23281047353540485
v -0.52436387660546724 0.21250078001742151 0.31700357300198712
v -0.42551150493584661 0.30109216828779389 0.50495471885693655
v -0.46570579664383388 0.92078279786942574 0.41811814653556201
v 0.27151337352723576 0.97342869476278626 0.3070520429229478
v -0.75398918005083826 0.80557526396226298 0.4875007786217887
v -0.08005899828798084 0.48480092919963319 -0.32261832184584605
v -0.93234999867075707 1.0702279631029195 0.28776379037165922
v 0.23147794990643858 0.79617537546013772 0.4877062090453006
v -0.1901335253312782 0.20823477560821629 -0.25103567624156009
v -0.82930175639052184 1.2931338741745484 0.17981274868466532
v -0.11719026667566243 0.70531631654829119 -0.21846692105170418
v 0.35095448310573873 0.14354676355830323 -0.01059828123724868
v -0.32768904167825885 1.5101866366188783 -0.033264052662725571
v 0.27519496641619062 0.84517285864946579 0.44436244772640593
v 0.39685123867989441 0.21237315386511618 0.39085325721534547
v -0.058081877289921854 1.4946353775949148 -0.20607374124418651
v 0.48241836772209135 0.55304711089791248 0.34697374776361128
v -0.61183186037730342 0.2913288358200361 0.24295742967852174
v -0.8831835078176733 0.57915750195308935 0.11782395069734236
v -0.081347936350407102 0.15504278177907199 0.5720874348670506
v -0.8558633665615919 0.80469144450169983 0.11192169011442546
v 0.071478606705484685 0.92637982902150751 -0.078001954544583835
v -0.58857707173029783 0.15265970763848005 0.35682990735631342
v -0.89790810202056348 0.94189879471580629 0.12927455696047382
v -0.81032755822798419 0.95863426068325353 0.051260766033646411
v -0.12865896768301613 1.6409085718889367 -0.13828581614075891
v -0.27773009847992541 0.065052120652192957 0.30137517828588312
v -0.60794609248575016 1.1522922695456352 0.49356680588272722
v -0.90729049339261914 0.89643826664255555 0.38409804979199724
v -0.4767412364488442 1.1668152853575946 0.20259382677730195
v -0.49531536722557545 0.13327983289512549 -0.035123078206600933
v -0.47382620673433928 0.35941659070635301 0.48097415971762508
v 0.11612740522372449 1.026729173261826 0.072490025217205906
v -0.56018454167581533 0.071607923503906781 -0.041012803389207465
v -0.55095562180891089 0.69894083229253412 0.54931739347750341
v 0.3667846802313745 0.031244665699293097 0.17985040396709642
v -0.093781071424294593 1.5466623490421889 -0.1477533109797052
v -0.64348077838493944 1.5252712568806972 -0.53753369703742426
v 0.012765016750878409 1.0022481657883604 0.39104351742586441
v 0.55675145762762801 0.18401560037716549 0.32889690000670752
v -0.12066620433865709 0.17664753100477604 0.57829145062686171
v -0.41474326394229843 0.71233545195401349 0.53609027340986382
v -0.38800310295920509 1.427013772424699 -0.022830202302875306
v -0.10240263223242846 0.56989688124426818 -0.32850002590001515
v -0.47074616032860023 0.92905856690849109 0.42073981025323026
v 0.043990711189779673 0.720234142914567 -0.16989511749521743
v -0.014245709563737032 0.031720141357018741 -0.11983046658641713
v 0.32630311025257652 0.14119901726515033 -0.014177558112461981
v -0.64125968536154598 0.38405844966741687 0.0042468996305542288
v -0.47293141454622295 1.1440409142911621 0.22390829931292164
v -0.81871565822688208 0.85073251505416592 0.57152318812890457
v -0.87971326177584785 1.1434999190560753 0.1804693793414533
v 0.24376815602561525 0.21584036090839986 0.54560261193455895
v 0.33463366909625181 0.53092738687151686 -0.1483175909869778
v -0.17067240416789381 1.3701609672157122 0.037341170290448422
v -0.29900454333051718 0.40647343698785687 -0.25421244450601671
v -0.69459835869287967 1.2681302191468491 -0.30732271385371052
v -0.42509285433782362 0.36622532755256776 0.51272289460182208
v -0.16930865764092137 1.4016561289776464 -0.08783997326120481
v -0.39124075156370675 0.7357962944347084 0.52190428873389738
v 0.22476899608860579 0.048294176785684824 0.01548572321916738
v -0.68231832955667626 0.056141549286798938 0.40955428388998633
v 0.2990503280987617 0.13400591943247986 0.45138255881159978
v -0.72234739688303873 1.2396871836864065 0.53767154064941602
v 0.14943832800775267 0.078364084567068587 -0.17078338701124324
v 0.016108928980819871 0.07030653602616474 0.320104786327433
v -0.57912827527928779 0.5359493581930751 0.55294993035422324
v -0.35859126535865243 1.0126198665875288 0.076249838718616805
v -0.12383807796893274 0.42377279035852938 -0.32640698308723137
v -0.7275470170672238 1.5453602101609223 -0.35285228117682743
v 0.58661288239739995 0.32696837628028097 0.34011861880281224
v -0.066298738822553951 0.53606103172452269 -0.32252285346067655
v 0.65374254748566363 0.36431630341417109 0.20442723645190952
v 0.30179022564481922 0.2768586283529732 -0.15190001975600492
v -0.20564383793506102 0.24336225734796191 -0.25956023733771533
v -0.77389564844637992 0.88232380879908723 0.62371441529452065
v 0.41723869379577627 0.26268729052233847 -0.0011072407856135506
v -0.87286269077386247 0.83518397877485928 0.19770554418881248
v -0.66823656907371409 1.3172029834978098 0.10952785867894818
v 0.16363067050924882 0.20109744547520855 -0.2170785890157565
v -0.45059937777942294 0.14200601180073866 -0.12110704325354894
v -0.27175301796893464 0.7664309158686835 0.51906073653141205
v -0.6581937265382809 0.88932367269134649 0.62443464237464152
v -0.10835704251816314 1.3923294828629444 -0.029199848029744725
v -0.2318410895715764 0.16821344795127247 -0.21746916712810052
v -0.1478293420637887 0.5184960338719613 -0.33488582290274788
v -0.43020679402926676 0.61883359191235787 0.54081603630711983
v -0.4738358923033571 0.094622169473613849 -0.15072111041678907
v -0.83283261379022011 0.60453242167601051 0.025509229279018397
v -0.52673374685695395 0.32355412697395997 0.40248910616367267
v -0.058928743881350693 1.5158318481481814 -0.21305865595468682
v -0.55392654136708264 0.68884162789164027 0.55274169047619737
v 0.092280285619146432 0.063886196513153443 0.54015932273792644
v -0.47144142867610506 1.130872677526807 0.20057398019041703
v -0.28320191337563111 0.031990507706170117 -0.16385809436579885
v 0.13218448725803056 1.0339158659373617 0.10420577189004032
v -0.099661351626606026 0.16498431370285593 0.57555169598831069
v 0.27163831710071651 0.3490835406792861 0.54271979343501553
v 0.050668558476643713 0.73363823652826643 -0.16306003361099622
v -0.1703083293102815 0.031966691428661785 -0.14806608273648192
v 0.072954962564362 0.41059195471841864 0.65671540065538769
v -0.6861762672304631 1.2703657684700962 0.49610550619346305
v -0.6358153032731354 0.098503844305877997 -0.0025272180223104195
v 0.28686017230476396 0.086870042326527563 0.0059654291507073662
v -0.74885935998624464 1.2508209663301715 -0.10316134025720437
v -0.56347747032593631 0.031620790810985809 0.27215418391124108
v -0.77498758297845116 0.51449235308481689 -0.0098643525894783236
v -0.26919115135152666 1.5701130187886643 -0.0090870901275514736
v -0.005137364081458198 0.29705379808593074 0.64662712679248457
v -0.68505594207619347 0.74708672819029498 -0.068072352629618652
v -0.013176222096792445 0.19423635843303147 -0.25683561246716835
v -0.67998794216061065 1.0068837863402336 0.65109109035269019
v -0.75150503746703068 0.065950088534713472 0.14107215471900031
v -0.10269804356254184 0.75089308747433703 -0.17628062499047481
v -0.43894506327079214 0.52314555597091061 0.53601706586446096
v -0.39951134022296347 0.55496408494345473 0.53433700663545647
v -0.39627559133555545 1.3143464759696475 0.0024799496111623585
v -0.0027242187954989979 0.90482128978371279 0.48879429425838572
v 0.15679060133280184 0.36865512877235684 -0.25348329667051983
v -0.40683707973485289 0.86589661896104508 -0.090589657440475854
v -0.61639715685275254 1.366677694556746 -0.12920223775242759
v -0.86834872455845769 0.53235245548325072 0.31866690871939329
v -0.6236532042669658 0.42503810279288301 -0.062262666144601714
v -0.41417239358498653 1.3658913970370676 0.16317268186921316
v -0.90053829997294976 1.0720718062102714 0.47598446040900211
v -0.79294993938165914 1.4259387468695239 -0.24192674243369711
v -0.8731720844933657 1.0360084434251338 0.59388677577973681
v -0.34271001825439151 0.43046677203597122 -0.15536666200768551
v -0.66486108134326882 0.049864031199872198 0.3643527681103107
v 0.27225405649517853 0.12097370255202962 -0.027766490930052037
v 0.14122617363275883 0.6649085757176959 0.59874199122777838
v -0.76983430126596841 1.4750220589475731 -0.21067476978500624
v -0.33510002951902812 0.55689694869617767 -0.21904801192308748
v -0.69608757432655066 0.40535085757367934 0.021979250167021437
v 0.21660404395338403 0.025556652475089307 0.41240859848587302
v -0.14751151507643107 1.4811848494503763 -0.14658920676293274
v -0.5332341894738849 0.29911773315763229 0.36314251442341777
v 0.30314771455323947 0.85177511207124446 0.4282824108325628
v -0.6363440014798889 0.29808514712771411 0.21794843922151216
v -0.4618057073261454 1.2431398160090754 0.20498274811924147
v -0.48750672223850483 0.036322470051763443 0.39359801524359661
v -0.081132928110273297 0.079009124095038005 -0.086710033782411683
v 0.083796328619371335 0.21246923875248244 0.62584372342824324
v -0.81111474472631651 0.7219045350087866 0.0114348189105933
v 0.16712081197274495 0.21140826133560567 -0.22134680095665676
v -0.45517873717186891 0.12228761024701547 -0.1533257417556283
v 0.26442317264487208 0.72473601842818736 -0.14403220737960731
v -0.7932137280159256 0.89116983663500005 0.61065240794698683
v -0.21298273084145783 1.3632696291282738 0.068456483482658911
v -0.097423648206366981 1.392460249970586 -0.042386224458653032
v -0.79498520402697126 1.5247770733931729 -0.34176110503712137
v 0.0024878156294355878 0.023939873158345518 0.53374894746795321
v -0.48072310430344845 1.1595323734342731 0.16700966343883605
v -0.26402761469978475 0.23692544479066033 -0.21639904619451922
v -0.24200029535589215 0.031366743100228883 -0.16149041021673458
v -0.85278805489837373 0.85453376375977985 0.55964108699717319
v -0.62265131168035737 1.3833671827497238 -0.13992119493272237
v -0.32418102321242026 0.043919794118710151 -0.23653638528824736
v 0.19756140426159408 0.93519318137738083 0.42403259061769222
v -0.79943716381402585 0.47871876348423675 0.3986646612347769
v 0.28256122505795261 0.78702267312229557 -0.096573430795202309
v -0.90017511067372102 0.86839731324730318 0.3219724860044344
v 0.16850643271012283 0.77707450263552869 0.51900453665903923
v -0.51926665349215795 0.23687889115035177 -0.0041300634921858544
v -0.29239444493641015 0.2017606955519593 0.51111992894786662
v -0.40422317494405013 0.32188648344695459 -0.044390278530167367
v -0.18742070639495212 0.19664709619723406 0.55547045904526271
v -0.85550600104758434 0.55467729576961222 0.38553661619574864
v -0.1216085173531716 0.033432331046045198 -0.13455842224981729
v -0.64080266817936482 0.062360899180271538 0.29309910635769237
v -0.59080195731556118 0.34745660692359864 0.025317453109238004
v -0.68123747252180067 0.038486550132313502 0.19320198205469999
v 0.28354877267366729 0.12242190492259282 -0.016541454206246801
v -0.94774637778735937 0.98949862051360238 0.25238309356297611
v -0.067987077166705087 0.070351877604317117 -0.096075683672845566
v -0.77025949905673252 0.43804343913217358 0.40057033837913725
v 0.3698579631485347 0.35050341584667499 0.48019803093219271
v 0.60787527441469813 0.23567401391197346 0.076514574363975463
v 0.64501147484189214 0.24647231486804697 0.18254342334341539
v 0.2765128995535901 0.76578878248539139 0.48619248784946284
v -0.072227655656300349 0.92296770696271391 0.46967441596955228
v -0.1136763269414537 0.20377012353967269 -0.25971615729242459
v 0.47232095355126597 0.46514829274367642 0.015142480609357311
v 0.32177424154888618 0.39857595044168165 0.5114737474231722
v 0.20376307055369935 0.21933700916087037 -0.22088698255673475
v -0.17045671631754217 1.6172425677286262 -0.0515971483970575
v -0.56507718047898692 0.35641822179899124 0.0016792140345313433
v -0.69832636994874198 1.3623433368540281 -0.4603572003790295
v -0.40313827483625914 0.04841064044110055 0.25852489874553403
v 0.17926923211555576 0.72544890006096174 0.5668679165486733
v -0.92066265807769243 0.90201020513839125 0.45283453482395986
v 0.17566909487515817 0.6325788248967843 -0.21470507774810865
v -0.68194051462076233 1.5577679087914373 -0.41804482829941741
v 0.53395756512925696 0.29748250397176595 0.0065756237360858191
v -0.50714213135663178 0.45971684132743973 0.53754421263845642
v -0.53099472265948122 0.52267588122642861 0.5638260955471639
v -0.2640962126107691 0.19891177831530799 0.53536970880459256
v -0.29778616522228268 1.550196601631938 -0.016638100016103639
v -0.20244349908416556 1.5975550179637898 -0.013938004719114909
v -0.22132480465245058 0.20217341021792087 0.53636853499006731
v -0.80849348748190941 0.41961772857514151 0.21901245954682766
v -0.45528737341826303 0.033994155687489883 0.019631591321220648
v -0.17986850488610695 0.079679849102079495 -0.10093366776142247
v 0.095483198624116819 0.068568049720878502 0.39980497084935501
v -0.2272723124356503 0.030886002707490905 0.57003089218438407
v -0.62692050857808446 1.2380316409091356 -0.054767028491361079
v -0.41623736787458232 0.83566324607945275 0.48683015675697255
v -0.43712187453591311 1.4340240573933065 0.023611520614696086
v -0.5760496667081666 0.14604335506537827 0.32954868092992684
v -0.63457062060227765 0.56581486073435305 -0.10907594631978515
v 0.31223685157893466 0.71379075073797338 0.50353717522201447
v -0.57342911130639074 0.11417653503821641 -0.020099629029354919
v 0.2251694245606595 0.92011829468276651 -0.031057177597988945
v -0.76234417752826367 1.1981186286384164 0.051072933863921498
v -0.25218269366399299 0.32433272972601579 0.48466767404022054
v -0.23881304902850653 0.67603730175639454 0.54516331738776713
v -0.38792168206535887 1.0265148676486817 0.11003944592622733
v -0.40096710739918073 0.29342563827121182 0.50780158317545365
v 0.24943323089006825 0.076034647911018785 -0.00075143415551822443
v -0.69574779582340773 1.1369911943953748 0.023145739806535875
v -0.91714547621647213 1.181068464080639 0.33429353530607814
v -0.2170562020725576 1.320190311207474 0.018001897552925614
v -0.46135332263179202 0.51257668739051954 -0.11705764626398786
v -0.14536193661383537 1.642335132474934 -0.11451284609979186
v 0.14080673440026642 0.021557449398502411 0.49362616155237943
v -0.62798441962470231 1.5562729239859567 -0.53312509377648254
v -0.62507584827119167 0.038976573210189477 0.51663521704647752
v -0.70696712436154685 1.0480999102920181 0.0090428645296081276
v -0.38352344494803098 1.3144094910587594 0.16453948130910717
v 0.16015927027690027 0.89344766228406114 -0.092302786152685806
v -0.17456981531532353 0.49696500849662611 -0.32898455766245804
v -0.48182556374114049 0.61035168583447297 0.5664249992175503
v -0.053696716437845959 0.59988441047522534 0.67576811038949192
v -0.10880544567275091 0.77390288886269809 -0.1671423492786549
v -0.28648030022591542 0.059649018699766118 -0.23621718263412311
v -0.39360161745575001 0.040202560061773501 -0.22536279365887682
v -0.081434460758478336 0.67856050705440596 0.62610355915982319
v -0.44834790875024283 0.69163873229829076 0.54615864793254276
v 0.34289716926776087 0.40418281043174648 0.4974523896675036
v -0.59072921345480756 0.33573812806293585 0.040119039674920448
v 0.29236149379892307 0.70739816429304658 0.52443471091885052
v -0.62706484385441796 0.083147443410424543 0.29533784510589239
v -0.69660388023691544 1.3466834301511039 -0.45261310506597108
v -0.50270561947458625 0.44744069762573413 0.53139245461329676
v 0.35258069285942117 0.31795599303861904 0.48765243556262122
v -0.90953728664818323 0.88152080212702455 0.46930573763787764
v 0.20382463210673041 0.71964875567940545 0.56263752621439655
v 0.039822952395526662 0.89910079207634741 0.49217543900012872
v 0.20302496057980768 1.0176739909132162 0.17389248398083607
v 0.51767186282690514 0.28537585915595498 -0.00036043965536607163
v -0.18462394805371124 0.20596167866993839 0.55674228486648059
v -0.66575110923568392 0.9752599215692872 0.65479458310057459
v -0.16440623409096461 0.075662862799228625 0.05599207035021319
v 0.42886560094932513 0.66648084590001011 -0.024922922303665919
v 0.31791051335064974 0.053515642148049616 0.047278527311938455
v 0.2529324167062727 0.37245862635255694 -0.20703022747177754
v -0.26280754345960761 0.38320568183772197 0.49174788537121389
v -0.63235924673921795 1.1881979731541621 0.020840124152705235
v -0.71579981286415295 0.34524263592646143 0.30224679167467888
v 0.19215696034622021 0.12771177785612889 -0.17939348079275291
v 0.034332048812354826 0.078794901491029593 0.0083230156255338188
v -0.86050626292783738 0.55572323480520314 0.34489624288706844
v -0.73241618481780413 0.88239481775867068 0.64248925276458302
v -0.27119705520692117 0.064069268901146961 0.27113659485616309
v 0.088608356108177688 0.35822764858946149 -0.27113463349715727
v -0.72692839685240607 0.042885859863922536 0.061247050611132434
v 0.15247955576870126 0.19594173972974518 0.58577115574229599
v -0.85376346449907869 0.68949012109836183 0.048226246084468398
v 0.38333847838285873 0.74639733488962501 -0.058172615701943507
v -0.40248937741717805 0.55997252563162836 -0.14002375219930177
v 0.28624271519731753 0.36558592935528994 -0.17958961442698287
v -0.62005826880476878 1.2357716514309693 -0.0090785563432815245
v -0.63061163474670801 0.12039771972414451 0.3473891251430446
v 0.060031000534250034 0.066049901757302229 0.33449769893783843
v -0.73449142673145495 0.46011249560360368 -0.017649707346417753
v -0.43390840550944854 1.3583252443342957 0.17662165610523267
v -0.67287030895869904 0.082254722651688303 0.00692654701893098
v -0.64004559032119868 0.8098125727826363 -0.072732523310740302
v 0.022174332010804938 0.046241724481511134 0.55753535821352662
v -0.43717572816196104 1.0019004890683698 0.34191207169953602
v -0.95604190312090598 0.98788797731999856 0.31275390105388412
v -0.52537202681133244 0.036557134949582966 0.3796194838650836
v -0.66038065019085834 0.058759381297890663 0.2731672851912853
v -0.11006381360785197 0.16348456677797538 -0.2403081556810136
v 0.41182047360413554 0.39492968775286286 0.44358504785818997
v -0.60744718359180172 0.16364059623934471 0.037704683315832307
v -0.44484462203512032 0.101316277435287 -0.18989913373481027
v -0.771625171175084 0.82184303297637962 0.50488219087296515
v 0.32953148616790473 0.46902398966810116 -0.16275822459335648
v -0.17194153926360992 0.85625467609790773 0.49038792161072314
v -0.87839751608087513 1.1879963411697525 0.48215120850625648
v -0.12804226243607206 0.93252684368031957 -0.047708849054967188
v -0.43638981680287159 0.65807874574706782 -0.15079266058570312
v -0.52886123913467742 0.8142198463199054 0.50700189403533669
v 0.032651492654657686 0.28485717815864814 -0.27177991642332805
v -0.24317410079022456 0.078578307613915516 0.0063067898638683425
v -0.24237129390800485 0.19296647036112993 0.55957078655205683
v -0.4383478719401131 0.036934560509716503 0.0060500270660332747
v 0.34761878637248539 0.34858974168338669 0.4955783797722994
v -0.4076024054137517 0.5872913737575387 0.53419075517191739
v 0.048169667026264101 0.87836553400142769 0.50234511022913109
v -0.6384480624511506 0.081030684852232998 0.28025251235038506
v -0.57304162065827968 0.77058941672461401 -0.10480265497604643
v -0.3402141547921731 0.41150499345504321 -0.13988895729102108
v -0.73998279369701825 1.4036499731118288 -0.29422588953685141
v 0.27522583060531869 0.75270608316546805 -0.1200418317346731
v -0.36140292540274011 1.0220192554743934 0.13149349614469771
v 0.23919398813361886 0.078030195036937394 -0.013589064073898847
v -0.55144874971087865 0.49047336669832403 0.54907288349143246
v -0.24444883578450996 0.20805725870784966 0.51319549181242108
v 0.53057112240345183 0.41832900465029937 0.15735437967255236
v -0.41887259499007956 1.2894738087419151 0.18085293195577029
v -0.90647588551820513 1.2630039585988277 0.26074051229910544
v -0.18029637892172853 0.14166074803074311 0.62460760732516585
v -0.049648876494916526 0.79286579475198504 0.53786319928989423
v 0.45244785810264304 0.75982332015272613 0.27223978704912538
v -0.57782605499979123 1.3265693751879621 0.18960029588476668
v -0.49404010250078517 1.1829378999513771 0.11362563822829254
v -0.39279909381992734 0.033777600908040481 -0.17606858042157897
v 0.0042831719965659779 0.036152655544459254 0.17246345631495189
v 0.44364825748750847 0.19282713563235104 0.39193172890093164
v -0.46877032528160734 0.13405916518954958 0.53700627715271332
v -0.33777934427259226 1.4199883164181 -0.056376427498095245
v -0.68151617832978462 1.2606645460909209 -0.26147750877199533
v -0.46539621641256895 0.53455901575907039 -0.1203148410355268
v 0.17766475041748789 0.84619265042104597 0.47656701315914757
v -0.14860013087652307 0.65278020076284315 -0.2956711678134113
v 0.0119841884506961 0.073278847466571234 0.062209255074455592
v -0.09627104207117039 1.3818148461762016 -0.052752948599953782
v -0.28993590387194224 0.99866630486279417 0.16586955863806843
v 0.09983392475231033 0.68068049928537611 0.60850662618427731
v -0.45022434151125562 0.032678104474865702 0.14826780335373385
v -0.87388782578516633 0.75889496873049456 0.11682142633133198
v -0.90483164064631105 0.87926879346950626 0.52924650541712548
v -0.52711571528047996 1.2014947785233123 0.091262975043534172
v -0.54002596765183886 0.041763085441633048 -0.043457011252776838
v -0.47727496660294599 0.47439006673067435 -0.095790875192733188
v -0.11304948606188056 1.0177660058962519 0.10671859276240152
v 0.4251650803656829 0.069977103900148274 0.27471267509997493
v -0.77937126069651785 1.2958462138836406 0.42694145168392733
v -0.58401709792193413 0.28629389619727647 0.19024666508107296
v -0.34491942030799994 0.97823871812066776 0.011777646562024143
v -0.54175863500486721 1.2999437070771847 0.35967944889301667
v -0.47623400334123611 0.31290161062917543 -0.043397436226860577
v 0.40574355516913391 0.35414615922047221 0.45449956091808719
v 0.10495932837675534 1.0260545739399103 0.33790986001572082
v -0.7787828413658916 0.45189753530937787 0.031353162467372013
v 0.24750563705516451 0.033051209020265981 0.23484746773542434
v -0.37212153553523475 0.30820353702245967 -0.042169270567932397
v -0.57545128075740426 1.1649514973837867 0.05354307240452371
v 0.51576241016226432 0.22853795726973913 0.38564014350593673
v -0.20604613257070248 1.6088352184791379 -0.027890051495330064
v -0.7253202920986852 1.3238267066285139 0.35516883634012703
v -0.25491730127698864 0.070378935803125792 0.19077762562146344
v -0.36175357842347394 1.3716898842491303 0.10804788315565335
v -0.58506011477360953 0.71118971242179063 0.54695565872296525
v 0.63375987414279555 0.26017521969979535 0.10632855804794428
v 0.030248525533372088 0.025379301325781801 0.48706242148511708
v -0.79863599251714645 1.1874762168862483 0.075172118276632283
v -0.56521765316810202 0.30975189939324071 0.01604790252860264
v -0.24164966377185354 0.18214519252847866 0.58313341496613447
v 0.43189886087638096 0.37589533346706766 0.42069683869002228
v -0.63825332262716761 0.10102903246682444 0.33804750071961664
v -0.13505478379084304 0.051857646473138459 -0.11714631749910787
v 0.16207326319755863 0.16871094080006094 0.55270181745311953
v -0.28005102826608896 0.054669923412880586 0.25508638127663202
v 0.30356207019399084 0.064517487114356661 0.030039561203376187
v -0.59254009512571681 0.80966907145708666 0.50859972685070309
v -0.95292880482378506 1.0091143015401765 0.33600487665078099
v 0.0044019750272397112 1.0457663668644401 0.21205827167071695
v -0.67801044401648636 0.06602220548207588 0.25515780344420164
v -0.84680805128376624 0.98888077057247115 0.62334465412085249
v -0.25937113464822353 0.50689015514067948 -0.31665221173649966
v -0.87164104661298258 0.79284910184031421 0.32906588120128477
v -0.22404035297664113 0.11749097661739195 0.63938107083950868
v -0.61666443337332455 0.037857943306772598 0.43276989655515058
v -0.66025550082210971 0.38213697467622243 0.43208566521430097
v 0.43485676685849306 0.08738918592156672 0.31302894809628945
v 0.44706308309468373 0.073107916129573597 0.24666888665594303
v -0.35656989942000067 1.3864585840522057 0.099556968737586335
v -0.36382176533843791 0.63330521075747281 0.54480215863825465
v -0.04941885393738786 0.2122571708604675 -0.26093397693149573
v -0.47610578985785029 0.62100802661192478 -0.14205979636435542
v 0.44808137582795793 0.1079891231305725 0.043234192327944405
v -0.031504020800728838 0.069154184432925592 0.19971852787600711
v 0.088345459456701303 0.029556171198163214 0.31460547305915931
v 0.45705218348613658 0.61700055407259902 -0.025149034838491357
v -0.15455485574435299 0.79611789745978057 0.52422822730237806
v -0.7959168502252677 1.4212417323494673 -0.19603412410643326
v -0.32950326210911746 0.6410874219185555 -0.17200049178036037
v -0.60100311461054245 0.036405754110302189 -0.012126622748989025
v 0.40421748972692767 0.30221773003477265 -0.056183331892529061
v 0.41869931972610314 0.67865545344493772 -0.038352280525317542
v -0.69211107966304997 0.11228909451235512 0.028831707678197697
v 0.48668877984627895 0.46283014080879181 0.043857941538421909
v -0.69008431248051549 0.31921759884322753 0.25258674014131138
v 0.22953488779164063 0.21675311932558042 -0.20645881727689627
v -0.3061263381493588 0.3382349179846838 -0.1893364486798928
v -0.72208523729461471 0.74710461993165356 -0.051572188253760587
v 0.025681192365277192 0.81295530042521036 -0.14137924873123739
v -0.30987157003654331 0.95881409814644736 0.011226303102283857
v -0.75469611489887845 1.3882794287921323 -0.025615869428513457
v -0.37417135831136616 1.3501822226725111 0.1260193065194124
v -0.72858838092007883 1.5155849888429926 -0.28697719718268544
v -0.55896402823841351 1.2406534491838557 0.45516821869861496
v 0.063244079518003732 0.57119483547081595 -0.28116867945245189
v -0.31897449920667803 0.21418236297914783 -0.10522313598715667
v -0.7807796631550763 1.2303386352314241 0.072922949558206052
v -0.4587055128733778 0.98183654918272578 0.40272947917562307
v 0.11041015430797368 0.025047012283756814 0.52111107789879374
v -0.0016506659365940733 0.85558358588421191 -0.12566188058418126
v -0.082486671354879762 0.070107001489202764 0.34525315521413863
v -0.39483541240098302 0.066910579330799927 0.52749827364068613
v -0.75351267652014364 1.2042991277035267 0.040345995218146739
v -0.32281029006175571 0.91241992443381992 0.41767737842302749
v -0.51803463835631303 0.037553252337611025 0.27260097671788669
v -0.37484214546118039 0.042528128240252039 0.31737073990311598
v -0.13504787282974268 0.26964866414393196 -0.2866641881848157
v -0.79842135170618467 0.41717192815242199 0.18209203588330042
v -0.35055862994371001 0.063881773407345119 0.56765031683641654
v 0.38177549770054631 0.43632393936574076 0.48059215834285779
v -0.91613557146701208 1.0159192503751697 0.1680739449550169
v -0.4762580996746828 1.1855045012479677 0.14668600859933012
v 0.39212104073664988 0.24003594205514112 -0.017982283139084586
v -0.098054915939875184 0.65465011498142689 0.64670065922620346
v -0.71739006688102525 0.13724445602949897 0.10737900103769064
v -0.83296621889045508 0.77137391445089509 0.41299261192472508
v -0.14409306863068094 0.9105870259272697 -0.075948012982072668
v -0.52353199355713775 1.1721448679923878 0.3978002534633876
v -0.85902528761226948 0.84037178781509903 0.15208401255779513
v -0.1097386864845924 1.615755351380588 -0.19394996329273773
v -0.45536804879117487 0.034781899053532087 -0.040017681908316304
v -0.9345444129031143 0.9173980414912255 0.3613662486226184
v -0.57388130656339353 1.2549300291206149 0.47543314701890527
v -0.63303589724350107 1.2109339991494721 0.52405613444877097
v -0.78396248768171084 1.4620771542762203 -0.21290383173354938
v -0.12772998574953315 1.6322919917308085 -0.16474129205927068
v -0.52643083882159347 0.61710115534573062 0.56483015444621465
v -0.87662875234953674 1.128086215091842 0.54203239312298357
v -0.651116645986068 1.2152890306163062 -0.068112264193953248
v 0.54426378882331927 0.37131453957169575 0.32291797961041718
v -0.28092961615676648 0.068724539907894247 0.1579584861607283
v -0.20619245169645004 0.59298520045635006 -0.31951277262350075
v 0.45913041153556905 0.076053233945667487 0.11623505516709143
v 0.10355928166393898 0.86435474476477292 -0.12582518655778033
v -0.41297998757472332 0.89972479755978574 0.43253076465605317
v -0.62885562535887285 1.44247702818688 -0.35031567362129534
v -0.77000888003610635 1.2398406880262256 0.031110764589525251
v -0.74768795245802211 0.050168599454093167 0.10949365689026981
v -0.32257362739889056 0.98660043660131569 0.050015843444065733
v -0.76203078283355419 1.5777960192233715 -0.40623862925942
v -0.20364269133743795 0.67481397449025171 -0.25715362447174367
v -0.22738908995451804 0.032200801178023972 -0.15270691540250941
v 0.0088507545777925679 0.71846210551017686 -0.17749449458547889
v -0.74991713026285034 1.0989362298376582 0.029638047974099541
v -0.52745948181261382 0.89665158448708615 0.4642863380963595
v -0.090027236622997386 1.6076051622807384 -0.20007713910024671
v -0.50950692847018519 1.1834252743073683 0.34752242972790537
v 0.4249973004707438 0.46118797425987218 -0.049868963863914796
v -0.89456839240889008 1.1660086692492933 0.42907627386555042
v -0.82683388224469967 0.96563802800330345 0.62691339531172752
v -0.64873293602134741 0.039061675069494359 0.43763921133520461
v -0.791316226259412 1.4298313461406145 -0.18584500287695185
v -0.073310438858646604 0.21655383125275637 -0.26690088383724142
v -0.17514589579182568 0.78466592515366829 0.5264563661613727
v -0.25197883569652429 0.47498829257639663 -0.32109211045028829
v -0.90653301988498036 0.90680126017853024 0.16035459968904148
v -0.70995305951284093 1.5075220848608859 -0.28209687396724903
v 0.44545506968945436 0.12146912264486592 0.02391675660186645
v 0.42327531432977616 0.70476333082426768 -0.027142456464455362
v -0.45942321934444974 1.0144448843534248 0.39866086449320015
v -0.35779748162598196 1.3961265148114839 0.10266600137740563
v -0.43250211462371213 0.55972964280027082 0.54519472752431863
v -0.026485636889971777 0.068077269338650229 0.1774967815923742
v 0.46301851602532146 0.49365244659219532 -0.0020231781508094192
v -0.27481638295856486 0.36218198727802797 -0.25634773988748466
v -0.19222571010743264 0.91761781360320072 -0.050753622962057654
v -0.12820087027269472 1.4415184065468551 -0.13343625260521247
v 0.038235846103967457 0.4598434107163607 0.68373132271756265
v -0.7490996834116519 0.054551342331352698 0.14254620397884349
v 0.46054362543658639 0.14718806261354583 0.0017954041769278185
v -0.93322392061975534 0.96877620115627794 0.48446939164431907
v -0.78786354631525657 0.82056231677722502 0.47171879744348838
v -0.66451883739311035 0.042555692305611834 0.38948231013173834
v 0.23594619241891945 0.74864355238229163 0.53257838021155957
v -0.73017292492516084 0.63602330010805019 -0.071966726931536135
v 0.19491848788196545 0.68416241230810149 0.5709279765617935
v 0.36976188142261729 0.53205200608146674 -0.1380141198573028
v -0.52519571232394358 0.55488475516001179 0.56654108295871897
v -0.82388321489544125 1.1203484005290516 0.086306833977983388
v -0.47387034791171889 0.033218761626544357 0.35567357509732872
v 0.059257201666284599 0.035648395185967206 -0.16970505141243758
v -0.49389292103431415 1.0577866379675922 0.43205943799535312
v -0.40198743549974475 1.0286075961395889 0.23088781664346406
v -0.24994036302390549 0.83537252778359239 -0.12407978093455084
v -0.63905676584370719 1.2216181752553372 -0.062196640155588866
v -0.10462352068620721 0.3010432193620593 -0.28952170146034745
v -0.74810128821810074 1.3160907133422066 0.139300696635521
v -0.00068586013115078516 0.68332623424846695 -0.25542913902764131
v 0.12722661713310451 0.79687281474317861 -0.13645891283016617
v 0.51652525184750386 0.15041376337335438 0.035410720273939697
v -0.023897111989155805 0.039528054440821282 -0.18286711380571974
v -0.42971045681230696 0.18112195939988587 -0.060820282523006197
v -0.52899118072368501 0.22676461530893866 0.3419771665370015
v -0.18709427818112309 1.4136140897588887 -0.012867656160933907
v -0.69139510657706127 0.037595134967096738 0.054319020183353439
v -0.34499085909717087 0.034491688851206626 0.54068773229531586
v -0.31921426919207074 0.23746162053511355 -0.08709315444843356
v 0.43223010710140736 0.5602563160040358 -0.07636751768410846
v -0.52975004350095611 1.2350774561738713 0.39300871344546828
v -0.12783460980843847 0.056514397906500737 -0.20135544997170396
v 0.39317334896194261 0.18281726598054479 0.38431236226241233
v -0.41140026954138875 0.77428230348048988 0.5232902019780612
v -0.41622659137166407 0.037569974092215491 -0.21441219784433041
v -0.222338359456694 0.99524763897239132 0.25258208985368108
v -0.024563510616265272 0.34287321982910779 0.66094364783503956
v -0.77838505665916502 1.2418332794506446 0.52181847936288173
v -0.085807881353382839 0.7185521743879234 0.54584502854689576
v -0.11653168300688575 0.2768330856349871 0.61757420221144477
v -0.46832557595343549 0.84437248821068556 -0.096590413267314185
v -0.12250714112696223 0.36349444167530504 0.64267570141759001
v -0.21266067023768137 0.34364978442780875 0.54419782590935151
v -0.40664714587746176 0.045576995210673661 -0.065044489236451827
v -0.48076971109732819 0.98283105782235747 0.43759813661993735
v -0.23060176647515815 0.65948368271911983 -0.26947839977240023
v -0.94364798817541784 0.94250494414447994 0.37050722948251263
v -0.16038378179288609 0.91631828681904137 -0.062556620365132987
v -0.7694024066673858 1.2469404168617255 0.024563695000439988
v -0.91510846242606092 0.9019986490767391 0.1757637651629454
v -0.80466071847836484 0.78305671369005092 0.43408690541611072
v -0.64085744055582783 1.1873401172390914 0.54070898970563619
v -0.62144062896177299 1.4864415620123821 -0.54041615589594183
v -0.8207870056001888 0.98525173373115349 0.64067038722668368
v -0.16775587844412812 0.75273247802758891 0.53616919333280544
v -0.7793900383194462 1.5756735676421796 -0.41679928376963021
v -0.79569865825784292 1.4483199574789372 -0.22104731342866982
v -0.40829707148300431 0.24303583297738998 0.49854251876861033
v -0.50117231057697331 0.094304663373854458 -0.043649818080530173
v -0.0286990414826108 0.50065886411093474 0.67910850727659255
v 0.021967384679106118 0.60715170584027545 -0.28861191037094591
v -0.090520998461209229 1.0278659533512733 0.27647755667303009
v -0.83791204138591702 1.2236807122163624 0.50007493624532717
v 0.032369901790502288 0.25415673801203914 0.64093929483243639
v -0.33936441594759709 0.044325359359959189 0.57436063995393294
v 0.063440389693824928 0.47510870430579288 -0.29382113057590858
v -0.54977344776592318 1.1438784903166446 0.061715406260146148
v -0.12659800682467701 0.98345076622511274 0.028913592140931161
v -0.43675132684684959 1.0530849504133548 0.29662642345412865
v -0.67320483544008014 0.090838799336879647 0.4349582674502227
v -0.48877135982252867 0.3686662503686578 -0.058058730087200118
v -0.58352281752772084 0.10546895202081645 0.57233049918101764
v 0.039369015913574029 0.17535160446348316 -0.24004740532425464
v 0.58937120227895756 0.40665311342479732 0.26871566917624667
v -0.31377312098946497 0.54635605518621111 0.52440865343149323
v -0.78544521775319742 1.3687833573568313 -0.13589092547876278
v -0.73715743851839066 1.1555671456900982 0.035926888954303723
v 0.3125880444928531 0.045557516613330906 0.29961307072698118
v -0.74884387859181567 0.37045139201675614 0.14090530744461155
v -0.1528952357588246 0.91018647813514186 0.45503144028169745
v -0.24376725559907286 1.5824128272813192 0.0018274227768243117
v -0.74883015099085215 0.77468654410610194 0.48652259613415372
v 0.15060231732770524 0.95257006114788012 -0.043171153870244172
v 0.23495368426876809 0.41719145006924185 -0.22381073842484689
v 0.50085866177114891 0.47660426238186654 0.29590667267982979
v -0.19969585557531896 0.52376410157517095 0.66319031289830555
v 0.23225803710218781 0.48385459724418528 0.61687110909579979
v -0.83658607516571926 1.1656988869850291 0.12217788977252345
v -0.13285574039155496 1.5059201634529449 -0.16881081354490199
v -0.066269394912896781 0.66687412885195052 0.64574221085449313
v -0.72506345180185061 0.80961787669784813 0.49763378708896755
v -0.72108938168688086 1.3723191818882887 -0.35258306212080848
v -0.599663417138385 0.88548314317419374 0.49609191049639267
v 0.23996956289162966 0.054625019768679367 0.4754345054871138
v -0.64525937733190819 1.3251420200494517 0.24978287123304035
v -0.19275919928926935 1.6036673274170625 -0.10490925201095869
v -0.084630722570389921 0.55968002244129533 0.678184634900724
v -0.88901974955940122 1.2364456933044015 0.21564653814181167
v -0.21198087238360708 0.8959843924494999 -0.072166958663404529
v -0.90489680195689215 0.87114002859023409 0.20981173575878015
v -0.35316490105916709 1.2755607733353174 0.12224305237790466
v -0.41861367775050112 1.2806314739624729 0.02906450538602956
v -0.50958885912692797 1.0412655894101515 0.056428055272245974
v 0.27314196020564874 0.020838182711186828 0.15386127649002077
v -0.11680210848215015 1.4226821631971029 -0.12328823608865305
v -0.26815706079658425 0.99269554311858521 0.14531780187341045
v 0.09755052318748135 0.45886565839268478 -0.2855555299954522
v -0.50735515421639399 0.57422387916679296 0.57133683449776829
v -0.49922530481120747 0.036241867387185954 0.31975581671839193
v -0.66221270053379522 0.034966290553416914 0.077488705242282102
v 0.49087605093243902 0.16141495530254507 0.0036194039861198657
v -0.23856830349884323 0.85650100358429071 -0.10255713447641392
v -0.79242051935900715 1.5557916074140212 -0.39797778517136811
v 0.49311807502932642 0.098985832316698164 0.097158155031074986
v -0.50734771148650448 1.1644249973874869 0.33828204755543495
v -0.50056176096076321 1.0738517170916992 0.42726779724505881
v -0.75198477271927133 0.066586627377938884 0.11767929621297626
v -0.84072858242624215 1.1996210698295373 0.52477782293010067
v 0.15463510213703549 0.93441656668663653 -0.062473450139292508
v -0.3435936933203339 0.318968732909576 -0.065205287907438209
v -0.75576249672755602 0.95281254580039554 0.65985225110639689
v -0.43805770951585354 0.60720641256748675 -0.13955372025891002
v 0.16393712446440972 0.82521977570799809 -0.12263028588314107
v 0.55000795532787072 0.12400096463847778 0.23205740152943805
v 0.45254093906442333 0.3450642607017067 0.36845893032623539
v -0.54871020553232908 0.03378317701060958 0.0011957899259499544
v -0.73561549862300391 1.2851432120001827 -0.33410942664088494
v -0.55865592866745617 1.3149054918316951 0.27644990370585998
v -0.43272698287383016 1.2139516868484472 0.12497183356578251
v 0.2002499858643518 0.19458931319005959 0.54604320176471266
v -0.70846852049399334 0.48652857593442972 0.49897363521749805
v -0.65846115353820134 0.049588933545949704 -0.00020729916615554853
v -0.76989436776979536 1.1727379942209319 0.59734846067557168
v -0.17520423065409363 0.18987006624840952 0.56373720276691064
v -0.91070457911782698 1.0667962777827333 0.43414305849914037
v -0.95266069729529046 0.97032502290443823 0.35829769867484573
v -0.21795308983257358 0.049973579441172436 0.51680611908164287
v -0.53889694352294681 0.33170242178171722 0.40346896593550646
v -0.48517203260934799 0.078263860491295786 -0.13322668522351683
v 0.36349283333573679 0.870150368550487 0.35639720647364115
v -0.36247212991788874 0.55359788808057475 -0.15282627112647745
v 0.21482827519413128 0.50167075724828158 -0.22535934579742797
v 0.046936889914923473 0.059143867889054881 0.31553315206671217
v -0.81715977558517416 0.79595764176955064 0.044103986345760439
v 0.10379322283552804 0.02462318453969832 0.080145568015095162
v 0.074286504168572437 0.64955655041372151 -0.26420541722313945
v 0.13202039848790192 0.31084537985124422 -0.24535897941083806
v -0.45180610511257757 1.0383255451865685 0.10464931952355813
v -0.67088899440569216 1.2020458179291824 0.55939754579997081
v -0.58165839102187533 0.03429230739777573 0.093971371479543292
v -0.066190792995683645 0.78944325470959209 0.53414744279183746
v -0.25686609828986651 0.060767785598390071 0.64324080092516156
v -0.44477755640254674 0.31029845154190683 0.49537250236526886
v -0.8576026855437916 0.88041974194794792 0.1250013359247302
v 0.098154253980363107 0.070639986421664788 0.38060889938898523
v 0.43621236556984611 0.29538761961814725 0.010625462890878436
v -0.80359004332786599 0.69681169803569831 0.46677015630421081
v -0.39363657463187196 0.19424397078855773 -0.051849412020305574
v -0.42396952018097922 0.13303107275150461 0.52454010308476651
v -0.5877147937274082 0.26385215010225926 0.10888570895049254
v -0.26209444843901381 1.4328797322506317 0.014372321277020835
v 0.3497136693617785 0.625728876848201 -0.13493143787642073
v -0.53859007929227565 1.0397745451590628 0.4875029385406936
v 0.55579230466907981 0.30756058830396932 0.36105898768555855
v -0.26861512956143957 0.63315634344163674 -0.26861923210725475
v -0.66375566982913958 1.2271154477452522 -0.12431782028808787
v 0.34100792990753465 0.30915451890732654 -0.13457708254385506
v 0.062838239873917331 0.85813225231595125 -0.13711724117287399
v -0.86798882584946968 0.85013234239411606 0.49265413046039641
v -0.027858110724972546 0.27561720092368103 0.64383356784964596
v -0.70427841239712641 0.37563198745531806 0.37063888364639491
v -0.44904789649071292 0.048227756591431546 -0.20254569522765623
v -0.65591807323247375 1.5909777874177142 -0.50628194163498375
v -0.25240284468509544 1.526229050657496 -0.0899761222416917
v -0.33613416542377317 0.48365592023228765 -0.22062692074565193
v 0.51508845494738753 0.10173830859233562 0.13240632781634359
v 0.022855763721597661 0.82991835837478378 0.5230199376183009
v 0.33303505226724239 0.85176714098278006 0.41258080943293401
v 0.050869555135855442 0.070589597594286319 -0.069314863345108862
v -0.54737659293628649 0.23346634955107901 0.017145091594981836
v -0.70689774836598884 0.70122613624989283 0.53410500909184422
v 0.0055716781737499277 0.7883088812044744 -0.15595021650933524
v -0.83034197931931175 1.2781602167354225 0.42570625265824952
v -0.74844144411449842 1.5094296113922137 -0.39757273940224475
v -0.5463328430450719 0.648696940394766 0.56932677735093784
v 0.2018455767636485 0.82446520648824939 -0.10504752567949979
v 0.077429066796010929 0.034220682171158971 -0.16683559864054803
v -0.58040015827178026 1.2292839174765637 0.080524777794714078
v -0.31974890901849856 0.49299217024685366 -0.26726335644787141
v -0.58073762585696109 0.032584814944671851 0.22286912750826679
v -0.036821428154991287 0.13384247621316767 -0.20673618965843596
v 0.23300520719114287 0.27425333044516231 -0.21814494351105301
v -0.54280252904911741 0.23761308597421824 0.21041483840110559
v 0.62502279304542385 0.20294923706446333 0.24185633567308232
v -0.44142382789948215 1.4209494682518717 0.14541434044476095
v -0.8368196310179028 1.1938880731270141 0.14239824969503173
v 0.063983423349276258 0.31009055806730951 0.66224151113847529
v -0.66062337896177947 0.54511313503845527 -0.10301929934962968
v 0.13562973999729269 0.035048638304301299 0.37741930627289144
v -0.43428446651840108 0.38206381636433678 -0.076488751955867601
v -0.7369954394135374 1.3538454210717905 0.04723225630273991
v -0.92032343340573441 1.071447225531116 0.19600828320704583
v -0.075497746180282002 0.22788577921790162 0.61863286145648844
v -0.27005312533183479 0.065292560552537585 0.19281033933373917
v -0.19291041472848416 1.3805914123004444 0.027638799309005674
v -0.63918168941029119 1.410494305361512 -0.51292802444068075
v -0.057143581862924689 1.456033778990397 -0.1728520277806041
v 0.25215530445632467 0.27968402768115264 0.56470169193228503
v -0.66219185658897395 0.62217183446985369 -0.10192610525901097
v -0.47025923489709442 0.39441051607733374 0.50377382874604693
v 0.47429012907582685 0.10334210622487543 0.30430336367462058
v -0.18102756257234831 0.15109104674546756 -0.22038132758006071
v -0.23367799589621141 0.99778527103087011 0.17429167834843615
v -0.82696641727532272 0.51310713649164508 0.048911631735804255
v 0.20743567366204388 0.031003783731809779 0.48092248324966885
v 0.13540410874752662 0.30168081237341715 -0.24324264226479594
v 0.053679375388206468 0.26921805380913666 0.63951633638719518
v -0.5853664697576163 1.3202817711722279 0.29597539157569364
v -0.37058788993156122 0.20366712367656184 -0.0437950756365722
v -0.18029554275360621 0.18417674330781303 0.56992363083125586
v 0.18801837859168763 0.80714801374246403 -0.11822839129297574
v 0.53235580356312873 0.11729744371311027 0.26139970457103362
v 0.32062875548993097 0.64898197531813273 -0.14133902541885388
v -0.7237033269827966 1.3539433637945066 -0.33702468345341635
v -0.61850352833298772 1.2627970205870687 0.0011099122949668728
v -0.26885258864346195 0.050897669581873965 0.63689521334749177
v -0.73511557546804851 1.2785558359239653 -0.3270591607990368
v -0.85763142203993703 1.1625495113307491 0.13725404960884022
v -0.076895709340068355 0.076564065961559846 0.063284353309508018
v 0.0054579192009820898 0.7274749643868369 0.54459692757728506
v 0.49622707320740639 0.26409186551243757 0.38558665772140005
v -0.66440912021733334 1.3546023530496176 -0.46703134950092784
v -0.91381090557671318 0.70774338657888991 0.24607999303809458
v -0.83846543487542802 0.46541571068532223 0.14453543837669022
v 0.45019945592504484 0.46733364838361285 0.40124021459167974
v 0.62498478200688234 0.34775623437417041 0.084452327512759426
v 0.18829474141951885 0.23659564914460063 0.57643367871324114
v -0.39074160451249901 0.064585500284058309 -0.24200961253966252
v -0.18595051791876552 0.038939433193612018 0.62460500567550647
v -0.74853906978750129 0.60780345537935809 0.51966820130822078
v -0.45559356800392659 0.35298245288960584 -0.05977352862613082
v 0.23441418097762051 0.028667255966119611 0.066844973579223477
v 0.49094801457580101 0.36596119157858609 0.31988832035589887
v 0.066878881147959313 0.78760026776157388 0.52170297442714508
v -0.58051922494604602 0.22576051779327971 0.062098090913016275
v -0.51988885512657024 0.17323981287873158 0.27881813720106191
v 0.2805781295562304 0.057363607884624288 0.36888845514685342
v 0.40312210991255676 0.82892619219102948 0.33493229860807583
v -0.42613919950299595 0.72641605227328243 -0.13565387304513105
v -0.49591615983248427 0.033941559405456893 -0.0091778581036501758
v -0.18071141888392347 1.5242701568841313 -0.14113576381174625
v 0.37385232291736908 0.33939163745273337 -0.10041304571169077
v -0.61859342485563462 0.66969832038935861 0.56283103904883314
v -0.33215541351290323 0.15623578854047546 -0.21815377519985329
v -0.17664667085530777 1.3350395421113275 0.010249651843398728
v 0.32022601755989027 0.18634588823950238 -0.074588076134830039
v -0.79743113817866429 0.41784878154991445 0.29268264796465193
v 0.34159312752889442 0.11972336435437061 -0.0034078256709847822
v -0.78896637610716025 1.3769447367476237 -0.13219470437850014
v -0.31651149786960725 0.58684636479023966 0.53718595007187686
v -0.087153445164987631 0.0723533092556429 0.59278342677804563
v 0.19190906600834592 1.0205360281500224 0.23330666966848085
v -0.36285435231555924 0.35278288231085714 -0.06541144398298708
v -0.35297822086226649 1.0107229535043805 0.27278739398811386
v 0.15465490768823872 0.33736785297015826 0.62356862311624506
v -0.24774088552764367 0.98607758354353403 0.27304910446441749
v -0.64793616845603075 0.33380467680081088 0.068290126603457263
v -0.17825173097147953 0.057188368870295408 0.63188187387271466
v -0.67186391409706803 0.46464890303192341 -0.070636646512146337
v 0.13893221070902173 0.78172000410308218 0.50633787830161125
v 0.017970060607186387 0.15442461985132569 0.58230345059459432
v 0.27161153578441388 0.92581277500752168 0.39844211341785984
v 0.30335271551789411 0.64183667794482213 0.54767166585964799
v -0.70309416138618219 1.6024706779705582 -0.48262226717977602
v -0.36514619621161026 0.31298969212573119 0.51337046219040694
v 0.38912185108608582 0.8165191731465774 0.370729019209805
v -0.33211190469963586 0.46491767453369626 -0.21844126758082422
v 0.22811472371825001 0.062818620370777914 0.4967896687104843
v -0.73273265077746363 1.5112326660819562 -0.42081670248479802
v -0.2136739533654414 0.18227463340930736 0.5841223450266132
v -0.56092991145479376 0.22960394999302575 0.030431552173101312
v 0.63956898253730798 0.24762533449464122 0.25502984536654011
v 0.22723461416032043 0.035148634885039616 0.45706738013897064
v -0.23010975392743274 1.5504810988741848 -0.098959207083326867
v -0.88616626367623397 0.84810524120880626 0.24976067182645434
v -0.44577728559629687 1.3951633279879061 0.16217732807948429
v 0.18885375469873592 0.41371852790474323 0.62422259024965587
v 0.12261680008533314 0.84174597846148791 -0.13184861783007198
v 0.45251249163454316 0.36588542257416168 0.011344247647579589
v -0.38745513207358689 1.4151668245466598 0.14324270329622876
v -0.48146487261148679 0.21397135851776822 0.47345488052809798
v -0.72738100056000488 0.97537270450147917 0.6673297471972659
v -0.66268920285416533 0.30996408005330772 0.25850445036052805
v -0.26995315715952473 0.58406398721795405 0.55213705026538051
v -0.48516026522993072 0.85881943552181661 -0.091834628138437679
v -0.51672794361349472 1.2690322160241569 0.36366078071045316
v -0.030106831112235725 0.97682929372574923 -0.025808119082902713
v -0.68308403379922844 1.2136627583310886 -0.092581935396318288
v 0.35655692784735293 0.86446835333804695 0.023104200164786148
v -0.73791929641191933 0.097946345208407448 0.17661080124260048
v -0.67086088964156954 1.1774401112449726 0.012507630850597065
v -0.19369544080929552 0.72339563438517751 0.54907931442247204
v -0.58208978970474923 0.85363129124824211 0.48089823995522785
v -0.33826844480343538 0.078100100012366669 -0.10007592869897242
v 0.37168720868543004 0.49102291000111681 -0.12264918142999535
v -0.59056925008509675 1.187361286728871 0.065529196331031575
v -0.18286955007608324 0.38250439431032712 0.61752557013503162
v 0.24444978452448035 0.48340764523869678 0.60630881202218689
v -0.55194354603792806 0.52355124630138183 0.56296057470227234
v -0.65528833957743793 1.4501447160206309 -0.52356027272756867
v 0.52624905255461152 0.10471392383678391 0.1671831101802658
v -0.53606497973237233 0.85903177050321766 -0.090894553331005476
v -0.75768988346682931 1.3176191520389102 0.091532188061601349
v 0.19644857366301635 0.47734851178988336 -0.23320265237777169
v -0.17371558782571644 1.6320198888673962 -0.067183210806004354
v 0.3025344150711019 0.53122985507626919 0.56174783029166497
v 0.30174392592079546 0.15192148845951761 -0.040117432828233192
v -0.69026703332774464 0.50603441275866312 -0.082245842901405172
v -0.71331209217061264 0.13865592708206323 0.13883773978346176
v -0.90922796162391584 1.1844262951169426 0.35600064682165261
v -0.57481837321166773 0.24944322738716929 0.16653584846473263
v -0.88976795444292445 1.1300567050008787 0.38391825718821526
v -0.64847885969309937 1.3986463710261667 -0.50635668087766283
v -0.87273753765533391 1.194783794544553 0.21065419123300641
v -0.12350290277644842 0.49627282271855011 0.67445752967693628
v -0.54606596075922664 1.3013102946430148 0.085238827686557869
v -0.14774479736607438 1.0124321085928301 0.28125838387362534
v -0.038295775987230503 0.18460386894171596 -0.25208804778832516
v -0.16185474012911352 0.69915967519697675 0.55121443926475189
v -0.52062581009205711 1.1275753058836231 0.40797158954661333
v -0.57354922688190435 0.27119895063604077 0.05528339940181369
v -0.86916742904080313 0.84951544709610638 0.17000153824549116
v -0.75996427823634183 1.3726732580242795 -0.18744989975747947
v 0.34031148994389326 0.040898618366958454 0.088301959122337473
v -0.041605103611532517 0.98538898274677 0.40338318441439891
v -0.3247032970214131 0.20130640182150369 0.48050732503129412
v 0.45798002924704778 0.73115300836793495 0.30226991891913962
v -0.45153083045054626 0.45981460371211536 -0.10421420600793077
v -0.28480318768065621 1.3289971863152796 0.11117176806777103
v -0.23042553642250049 0.080038706068019203 -0.10790756351296869
v -0.82462226120394277 0.45552375066903056 0.1298625916553223
v 0.21004906543585361 1.0123239467926723 0.26002647945907525
v 0.48892069404188332 0.37554053528957498 0.31641859895782531
v 0.099802638260431439 0.84609308878025014 -0.13421839902039157
v -0.74900881224950799 1.33756888179031 0.063804461668333881
v 0.3273983245966865 0.09908081004353872 0.00743989586586093
v 0.30746952850740478 0.16111557429296133 -0.049365940250915799
v 0.3768856291312549 0.32532855780270781 -0.089725679288568227
v 0.097452646463454654 0.1406388413986818 0.57219754276097889
v 0.14008580785912239 0.31746259039603114 0.63481441545490425
v -0.7164979383674096 1.5271805151172608 -0.45460329127989346
v -0.51586838684156089 0.18907445806380646 0.28451227570328586
v -0.59859541530302041 0.062890027292548917 0.57114327558505207
v -0.58635185908111875 0.2461201611407858 0.086393966088054192
v -0.91079900724844076 0.67201933798509239 0.31431348879414317
v 0.24427030919666756 0.48041543253716584 -0.2147681371356171
v -0.29185400660652377 1.5408693086587688 0.046616075276682628
v 0.15042324942756685 0.66581397124544406 -0.20473563634629793
v -0.53594287827819709 0.15271213479820717 0.27676247871961984
v -0.66670302800028014 0.084522985206600565 0.36972200652185144
v -0.10663011340483335 1.5786445976594641 -0.20754901121857053
v -0.26620101716217381 1.5260870100564057 0.044936080292394792
v -0.84419803075059885 0.48463244288628154 0.25107569072278518
v -0.10411510028922011 0.93098178193180159 0.45531233496938539
v -0.21987262071092384 0.54299425604493734 -0.33073168914393175
v 0.20874596836552239 0.73807181414215117 0.55098414567692944
v -0.25489961134883121 0.035939590735296859 -0.14748737001576873
v -0.56589523922305141 0.037076962719744928 0.46704438374362234
v 0.38059755328935591 0.87167513359989979 0.087211633586064152
v 0.060176941193313419 0.20311558507838334 -0.24191274768212734
v -0.87313548721507439 0.86811877025604589 0.15018232396332434
v -0.54398101866884196 0.71461244264289248 -0.13835274202428491
v 0.49703276437400284 0.1637454287263721 0.36975383548698404
v -0.65091408378658311 0.57218935944727345 0.56255368086298119
v -0.42169469392055448 0.132938679968888 -0.17051793159611209
v -0.72357999544620599 1.2382057113768024 -0.15973144409078613
v -0.39041570169512696 1.2424246021149177 0.12324406114766674
v -0.15853157367185619 0.51657062663967024 0.6814645345412329
v -0.067734629746288522 0.48348186925586961 0.68334687268739125
v -0.39147523160121894 1.2966261320031218 0.16472957408906624
v -0.70529859962986274 0.62499348166992486 -0.080069046126299004
v -0.56933430360140147 0.53905557137192717 -0.13140051270084976
v 0.037474183302114925 0.67458886954747743 -0.25486065974035604
v 0.39140213413083047 0.71301793491917564 0.43706578011764685
v 0.066626103601761397 0.54290443908419828 0.674959227102093
v 0.1162206220969022 0.030524307728169289 -0.041842909048564678
v -0.73609649272740851 1.2064491897446745 -0.0064786802730712745
v -0.77833968342706261 1.0021807798717537 0.66389062162997425
v -0.062935545605936422 1.5468245324677325 -0.21949042103520769
v -0.84066925204021448 1.2379524189229656 0.15885189080848436
v -0.20847269639051985 0.85419109686827521 -0.11443227019625239
v 0.15591675517561482 0.47899299443082366 0.64104759167440706
v -0.6679770980545886 0.041410696191140718 0.24113025870161539
v -0.48269219814400349 0.048244689803778648 0.17045207234548018
v 0.15714835886029999 0.41880039035304029 0.63695273371735472
v -0.12095230904012999 1.4796524065297869 -0.16413178375906021
v -0.85371332010897627 0.85838842218037625 0.42574385237225881
v 0.045019605511195923 0.95501944235281977 0.44338397959468062
v -0.086939656450277347 0.7006957819334303 -0.23346112376389797
v 0.012034100981850555 0.91840692726070983 -0.077938884209788339
v -0.71699587886764871 0.59072155484772493 0.53373689762232779
v -0.069376476087395597 1.572924629403859 -0.21299304907725619
v 0.43807394987428516 0.6705720814481213 0.39606086416119973
v 0.22525731471902455 0.028499441557774677 0.40971736823364813
v -0.22009561404032282 0.77982363450098946 0.52342200986952392
v -0.52009520069560067 0.10423191471014188 -0.037827292739645857
v 0.25432507613615191 0.41957018987218608 0.5912268036480065
v -0.63605713448765977 0.40856261891988793 0.47434917947558775
v -0.23389091573979984 0.87924496229192994 0.44090495780053413
v -0.62407380127675027 1.4074179666147721 -0.33400066722612337
v -0.77876464691030045 1.3246532485086189 -0.04351178851930497
v -0.31547822234615924 0.42271989933754756 -0.22998554997092396
v 0.070095430505309073 0.026262629761892507 0.46611829637591567
v -0.12222799388075278 1.6375546460307115 -0.15145931851223438
v -0.48049048869894956 0.046210884158894121 0.15883827155702418
v -0.20485265970215186 0.65949713409997579 0.57863413852011691
v -0.53857122510803423 0.43909257216935954 0.51611026517414715
v -0.60893678261406625 0.48088136343921301 -0.099333102059503159
v -0.042328816697387674 0.025676659548299938 0.51784428263714921
v 0.027658164073788231 0.065446722998970031 0.30742030732053172
v -0.10092265417906074 0.84332881570753848 0.51159600124490678
v -0.78342369197793194 1.3438404793203484 -0.09081040171453679
v -0.36051479005176201 0.060093790745191514 -0.24946572381361776
v -0.36096113463898738 1.4632198374066074 -0.032280809342848181
v 0.20218053823033921 0.58295601795528862 -0.22321246142423573
v -0.61975001697508147 1.1424907962108395 0.5098537898101293
v -0.71901335603373018 0.074734282745625782 0.036283895669824061
v -0.89481132647075634 1.0928041095925469 0.14712100712647252
v 0.2449195292587624 0.066657115252499205 0.48833922521259293
v -0.84343108518026677 1.0296825728517149 0.063050350253171086
v -0.29271123783696185 0.8765585319187601 0.44290563095489432
v 0.23733764473711966 0.030578076332238763 0.15047855380417691
v 0.45914736600396472 0.43313215876459571 0.38171037958485837
v -0.91197366293571114 1.1258761358732705 0.29819608218476068
v -0.75997486403151493 0.37692441285685102 0.26691051712427649
v 0.21743532153840447 0.96621729926597644 0.37306824274031675
v 0.18053508929278564 0.10610228431920692 -0.17461191280054622
v -0.71921801488094084 0.67085786359759547 0.53600407694947694
v -0.75680173205610735 1.4396284440549636 -0.3033549851639335
v 0.48493105942308395 0.33178068422969409 0.34189278537317885
v -0.11445841013780758 0.099228969984480775 0.60441809799725532
v 0.23656240219594107 0.54175218125964864 0.59700038778099096
v -0.74872800752857549 0.46212283171996676 0.00039311973164571161
v -0.43297652085294458 1.0369772856419166 0.31056930347609712
v -0.72075873229197029 1.3247245143712274 0.20599303352094134
v -0.76228889879139972 1.2713894799821317 -0.14065599264511985
v -0.87537264900532463 0.82504651334712131 0.27561696393458579
v -0.47034456280451309 0.49585883521075053 0.54963664149491853
v 0.057156636459030345 0.5995936426759908 0.6610650264286525
v -0.20228596458807546 0.78067976496091773 -0.15722019440847251
v -0.30831270012436918 0.32436684372794883 0.48540404442793217
v -0.19020641886072062 0.13685269511580722 -0.21834590250749186
v -0.64680532511846622 1.0154210583041154 0.6163071669119411
v -0.54661350545009357 0.85210723880301453 0.47855856918494916
v -0.84705271999201193 0.52544273915792605 0.3790504358219185
v -0.41242120313826902 0.11465442324577185 -0.20957032676659906
v -0.17845254503618965 0.86611201096367796 -0.11493225017055425
v -0.65781995340225929 0.059397010792530784 0.34941766342307762
v -0.13873180796187351 0.30278156245873994 0.62538613038476587
v -0.069936812203998153 1.5630887396320339 -0.22198940271580833
v 0.18776613504179801 0.028852641730000371 0.26382174536836139
v -0.9109395665810236 0.66063902072128755 0.31900800532285961
v -0.41400722274745516 0.14121674847778659 -0.16981843498841109
v 0.47070999582777356 0.14627313068880576 0.37340839745876803
v -0.84158781511643399 1.2620656151476042 0.15845039585441797
v -0.91207444040032182 0.64672210225885429 0.20910063771260418
v -0.17461872019465216 1.0109394296364511 0.15623269061129416
v 0.13620402741206719 0.48298023298808435 0.64963455881156196
v -0.26045806231262958 1.5474499147335554 0.040372535828595395
v -0.38167020278420366 0.030539441907842302 0.13314884399848551
v -0.69710447319962154 1.3224717572112479 0.17382777145191966
v 0.36951673351969133 0.2602970861283857 0.46394434903754866
v -0.10831906840832788 1.5250971596256462 -0.1977464076470373
v -0.3650210772355813 0.95767664188485524 -0.023403614322858025
v 0.11202237502975897 0.19479016374211575 0.60566014626523923
v -0.60978973242365597 1.0262788466323154 0.54625733555705014
v 0.12059017717566876 0.043866323886767464 0.53451856474356085
v -0.34701285721467345 0.54497233198765427 0.54519695670224855
v -0.31514759406485776 0.13447500515678976 0.58438471227952571
v -0.11065598558086559 0.99426499287328907 0.36244377270628131
v -0.29918550964835761 0.87543995137549546 -0.092129810312450239
v -0.52248054576110969 0.8833738982548559 0.46038560475126272
v -0.29050468189950324 0.84987712594122611 0.46232002398316263
v -0.23293198977201168 0.65093157256100687 0.55636355709443708
v 0.6095520036053419 0.17571916971366086 0.17043730179439542
v -0.58776789831159171 0.17435739223913851 0.40497117091515206
v -0.26671416691223265 0.64317067651019821 0.54939619230473491
v -0.049123229751797379 0.98552602638011821 -0.014833836102873832
v -0.54666330024913268 0.18156230716308444 0.50105059357334547
v -0.48325584973739666 0.036526508425473433 -0.098392500931729673
v -0.34445843406592891 0.55536893293675338 -0.18849398028230507
v -0.30862783387758136 1.4145497633636037 0.052096765917206064
v -0.7244375826513012 1.4987447597506398 -0.24091139655815766
v 0.35353197073952536 0.61763998424589994 0.5152348249033506
v 0.32173814814352142 0.22786075936538608 -0.11117191196963196
v -0.5782386728204546 0.85840962699630674 -0.081217992247923254
v -0.73724647752619199 0.7955731208174297 0.4925081403096056
v 0.3415633767587663 0.026465887623724028 0.18204043154404026
v -0.5036376497695455 1.1337670414160854 0.10649810971310263
v 0.24668412693654693 0.11162716109759158 -0.043609663152173815
v 0.33900818048761983 0.20364314162963904 -0.053097483365020931
v -0.12876136044273986 0.20422420882216377 0.58897462917849297
v -0.58749033089512592 0.91024675165768076 0.51537469952225434
v -0.75068016024735529 0.46387097143021555 0.45367496378877503
v -0.0075261850205984165 0.86669311775065483 -0.11763677247888536
v -0.035741315092993858 0.69415386122721956 0.61822993503486989
v 0.32331798700992143 0.93965929476156473 0.25613617294824748
v -0.17112180315525261 0.54833424328413705 -0.33742029120649081
v 0.48915716240166157 0.6416321297170976 0.29954315905990381
v -0.75793808805564544 1.2769778025590519 0.0090921020216301832
v -0.1308487172527926 0.076325341320683734 0.46519844266658605
v 0.081079584675336228 0.76437759182752385 -0.15222105243885573
v -0.49313671356340649 1.2353450053969759 0.072843700758435964
v -0.84119356075666529 1.2977931669753937 0.21160087090494478
v -0.82623207641766327 0.51079138788278722 0.40485707309645785
v -0.48492252057133967 1.3115568161459856 0.21291533228370899
v -0.57525404515636192 0.62895515178771066 -0.13750431419049369
v -0.47713570227330815 0.88656514272625819 -0.074428482891184367
v 0.033570307880090591 0.33609422489353269 0.66426488542155793
v -0.52863760176932284 0.080380281477701279 -0.042973454309315776
v 0.15759807867485115 0.12076809198027812 -0.19054360261089326
v -0.19702660773869973 0.8780779022373375 -0.099668881621741312
v -0.59512056707888839 0.45892826015245425 -0.089247507149763511
v -0.33375480088812831 0.29158146940921403 0.49284604521174857
v -0.49579486785595117 0.04544460380069814 0.168455284245451
v -0.44590936276613402 0.088490952917287147 -0.20085294432623471
v -0.51138061782781008 1.240111305498536 0.34749968266617454
v -0.36206871875668151 0.082392846197346506 -0.24322255922412911
v -0.83511174221976581 1.0424486855518689 0.060369017257192008
v -0.4333282295394163 1.0172976955343045 0.31537742144420067
v -0.90543183013240514 1.1369540904653463 0.26626141674067222
v -0.64668879267960055 0.064756027599871258 0.33198940612407374
v -0.12913148468226715 1.0218200364981256 0.16171970709907704
v -0.38145551697050428 1.3221325705272124 0.16163976720566958
v 0.62808590900340266 0.37170008912401764 0.27494566135537057
v 0.33887504421875719 0.50537893706972736 0.52725209330424483
v 0.033660724177120613 0.8400468096017355 -0.13800362962827423
v -0.47747047431518108 0.32971238303755507 0.46768782956884347
v -0.55865410759124079 0.045259836447739989 -0.038351489779316288
v -0.73815427040734205 0.93618441365957195 0.019496434075531647
v -0.17666949560816936 0.63180516713609969 -0.30885571826998526
v -0.31061129166845541 1.510837658892239 -0.049497526164089846
v -0.054874067449441968 0.56503998379654907 -0.32458188347000022
v -0.41322818970662839 0.048075738123168309 0.5318247323877292
v 0.22225178598775241 0.16923657154678573 0.50614823956902288
v -0.65012724393060362 1.1706586713561191 0.023519911191103464
v -0.040007074359177747 0.68605942203988957 -0.25975380478994786
v -0.50157135175399714 0.068199556031217592 -0.07017132384985969
v -0.3214519752058454 0.032816849848197549 -0.16809009562202312
v -0.19667942092546192 1.514642643950447 -0.048807010515401351
v -0.32285030037442125 1.4988227169628652 0.088166584062233974
v -0.023743085467513164 0.73953266461508516 0.53600328051597756
v -0.85643512491991225 0.79013398812972824 0.3706202049797705
v 0.17999986246649904 0.031481080179815039 -0.024215590077709691
v -0.21506150604901264 0.81784147975991706 -0.14362520818196609
v -0.33074814907091871 0.74546579146670744 -0.14932728284821473
v -0.88782811515244742 0.87862017663176939 0.37335540986052207
v -0.51611798821901678 0.71997786559837551 0.54190268204797409
v 0.12804642696953142 0.35778790627976742 0.64199846282456985
v 0.17698948086202082 1.0187330406666295 0.095064645265974038
v -0.75020956802991345 0.55493797712764592 -0.065191778896994956
v -0.86579399863208406 1.2790385155272608 0.21232988199103719
v -0.19549632103535658 0.93604339993383734 0.40875659456245084
v 0.4399448120743123 0.35457140937340614 0.40842299347697264
v -0.56241159232452176 1.3358433659497948 0.11579215605628296
v -0.59757458599425151 0.98722365511078836 0.55127261544202244
v -0.38958738075708921 0.064535733080295934 -0.061005424588652608
v 0.45450084067790186 0.70271178127585632 0.33948510186754094
v -0.1543894053668188 0.43809885415378319 0.65356319354789183
v -0.17360669448201335 0.92403913539498927 -0.043462309456029649
v 0.069874647767663833 1.0472638061206467 0.2518019913248864
v -0.34409721573954549 0.71223388486613182 0.53524427135180075
v -0.26963662058135757 0.74077623344569365 0.53149816185066023
v -0.8000222987747555 1.4380679521579935 -0.2453573138755068
v -0.12185672576342378 0.38479677558848346 0.65046472662703891
v 0.24379714304011885 0.99714198393216757 0.2267646647964516
v -0.050082091406916648 0.38328793318748433 0.65837343344354315
v 0.061273933702480958 0.027718050643313317 -0.11711313065853819
v -0.51971851033456429 0.16249169196417812 0.52852111839639815
v -0.49226214451907391 1.2389432030909122 0.24921504203068628
v 0.29939309213781645 0.38271551347345223 0.52467940830583693
v -0.36524076881967937 0.047452746650132924 -0.11448146908165301
v -0.82816004898243278 1.0196687802242896 0.64585754210642765
v -0.61395746500416548 1.4776035653216955 -0.51977510257061799
v -0.26732922809283149 1.3288916508505775 -0.019798002719713968
v -0.33844068158286089 0.26703331415566783 0.48613510291618028
v 0.12402446286890798 0.093340587958616994 -0.18423898699041516
v -0.53770654555438402 0.91762526958963542 0.49110702870896122
v -0.60876009722717739 1.0051692934764871 0.56108015746269735
v -0.090677839678969613 1.502561128949325 -0.20181956168897999
v 0.32863271354704782 0.38852181451677575 -0.14638859689797321
v -0.022582155430118229 0.98915013702232824 -0.011386602859978773
v -0.27965736816240505 0.33645875146233878 0.47685546753405378
v -0.8615357632669759 1.288026295362088 0.22104434054188438
v -0.10749952698737457 1.0240981370711879 0.13306298393695037
v -0.53930907147580565 0.18702930705369106 0.22932023963154105
v 0.32712390803261726 0.23988320680597608 -0.10710276351198414
v -0.86411433732582144 1.0340589877248318 0.081958702287213026
v 0.46214812035911018 0.74919986411359962 0.21414709147698693
v -0.58920246313136015 0.48959274162696509 -0.10784340970602788
v -0.80422200645294717 0.82266019270416169 0.43268080694545608
v 0.22555039853031333 0.23939798582451755 0.5679990918015545
v 0.43956132375729884 0.22749979534598719 -0.020633142582637983
v -0.91497580889881702 1.2082728637258653 0.34033112077604644
v 0.30037114604933224 0.9055401117599069 0.012868875604775759
v -0.37542845917915291 0.74625044714906141 0.51586876316412811
v -0.16933255767197081 0.074268473883624786 0.42893404257259887
v 0.50730649529932026 0.4005284028266819 0.095472453824209172
v -0.20033127028482214 1.333054873712737 0.052093480094835484
v -0.85010473671239417 0.52599335237143841 0.34690368920028736
v -0.53247320804802567 0.53540099094152094 0.56768172892138891
v -0.020674206750602261 0.62377847802833419 -0.30010084055894565
v -0.30123736166523213 0.64766248520076863 -0.18117536898692224
v -0.66213722431778554 0.046463849577157469 0.49244283471677203
v 0.21849821466194094 0.46124367842576541 0.62298067278896685
v -0.72840673071104545 1.426979346753146 -0.35488973350875219
v -0.68976775522179112 0.72775137546049706 -0.068481218847758873
v -0.53768377493823027 1.3730652654738031 0.13075106325434765
v 0.29585456624712581 0.11454501619243214 0.44447884051717262
v 0.65697213264697318 0.30825778867003767 0.21321702734329623
v 0.025701518930959899 0.027764789547529416 0.23451738403123659
v 0.24736881357096099 0.57997007939731782 -0.19670067436212346
v -0.34807680562972165 1.3964216996988963 -0.049300198321676654
v 0.50352073792182983 0.40397911940630959 0.27463874035089897
v -0.72387230478317388 1.3139999205001274 -0.37958949730775721
v -0.46122427181065179 0.045357361328359214 -0.18555454788687101
v 0.50192373477668317 0.38067602753562468 0.3028659472994778
v -0.4845145037293454 1.2057271302468726 0.22042494903709348
v -0.36020613203673896 0.45315418745267422 -0.12386218969445328
v -0.69093734648490668 1.3922691339446287 -0.47743403753027969
v 0.10910109880297721 0.61452577173244383 0.6428573801811146
v -0.71469916439705639 1.0268859551690641 0.65552372359184374
v -0.62056323664602164 1.5135695937766682 -0.48882804759307125
v -0.62840175373960183 1.2227053010443552 -0.036612941824854688
v -0.55994557240125764 0.69883482099727168 -0.13282686146593992
v -0.21801660084668259 1.5907062161368319 -0.0026892345197631258
v -0.71388439781571789 0.84320094592917227 0.57896468460365003
v 0.345243847091393 0.42636476046185029 -0.14201160976299856
v -0.28711711046852995 0.078101827444676447 0.053074827679737674
v 0.2161079608473479 0.034319800943037979 0.15125889914677401
v 0.3655143917344707 0.80713928494395915 0.40857793102670781
v -0.54602830165017713 0.037804539730619112 0.54667554184362976
v 0.42529260239563438 0.63562942474469053 0.43622203689128541
v 0.12813265659395015 0.4714179128206612 -0.26086955021150721
v 0.035551544762205081 0.029500411167252206 0.54202012095669538
v -0.68284289287104083 1.5800984771671076 -0.51276257440070638
v -0.51810989422983633 0.28915379347862918 0.40327053054744422
v -0.63225392898820765 0.30046309612797079 0.18760734362286932
v -0.34984424829570854 1.3414248185135655 0.14086470883864305
v -0.42977285103461932 0.19252717445267709 -0.040077348555967403
v -0.90501206537992085 1.2461756361248222 0.37177289603219432
v -0.46136536548581314 0.91680673328084727 -0.067449189023836773
v 0.50214155272842509 0.20799718368715606 -0.0087471373350946902
v 0.46892401212526164 0.41828143888394104 0.020955120705468844
v -0.66007252661099491 1.3601787821443678 -0.0041806724592039464
v -0.82786272555531437 0.54107331524050328 0.42890234557383372
v 0.64479038058112492 0.38451317537679319 0.20683943176408257
v -0.19552421977607054 1.6096237527701855 -0.027414496843613131
v -0.29800559959173539 0.22469975852292165 0.46458770508008257
v -0.30182529168705224 0.36093210157182148 0.49167217136612662
v 0.50128459602232389 0.12896344452764402 0.047354747283897783
v -0.4878436792409544 0.51465300160352745 -0.11579143321946779
v 0.31731300645046723 0.27854066621898649 0.51169109571233728
v 0.15666294683456145 0.032290066161279371 0.16217318457557395
v -0.18891631215234386 1.3484369787611048 0.056257937152182746
v -0.59268192458427449 0.62228336540768725 0.5710946037315151
v -0.9035818238765746 1.2708831255248461 0.32134303051464225
v -0.76533157016468478 0.71863239023869785 -0.039475886437900946
v -0.20839109021525107 0.062221560883022199 -0.12110171534753601
v -0.6933545130367158 1.3267363184585508 0.12071226385142318
v 0.4140687543376268 0.24288605086717488 0.38960591390124655
v 0.076938556756098744 1.0281924272722927 0.06610480716664914
v 0.37653896724364949 0.36979713143760157 -0.10837973905254585
v -0.32515010098550395 0.07105915327028102 0.087511674395689493
v -0.70443569621441748 1.0791587322419103 0.015585021245616667
v -0.044454292567982556 0.52304763501046159 -0.31945028306970558
v -0.092063988349148862 0.33031850820747843 0.65076909479762868
v -0.30672936924752914 0.06389499769690006 0.37871923917295669
v -0.42426976513738657 0.036063095368950401 -0.082458711616781616
v -0.61780079281985512 1.2825858394585821 -0.071898327151289868
v 0.4974704325393941 0.64728005710174585 0.1782052858651291
v -0.66100285502509648 0.82348273537109085 0.49907223540036905
v 0.5565465749974583 0.23756238999512258 0.011815623117487234
v -0.33120449053991835 0.45681497194037946 0.52330096640990675
v 0.31153210503285 0.42320887861416323 0.52862780040340063
v 0.18337252989699016 0.40486221621601459 -0.24911457704673809
v 0.36059466233077719 0.77755044835879994 -0.056785636766077931
v -0.086068435755259035 1.0335638439417185 0.22596498003919871
v 0.36112452957676727 0.44177645442398161 -0.12003086546864462
v -0.88494258266229053 0.7478981231187527 0.15586474512387227
v 0.5064777435326111 0.41265635460049088 0.10283130633698492
v 0.34529401611302718 0.071011837827788762 0.031194506469756713
v -0.935448195072341 0.89515226840181272 0.25186621958524413
v -0.63428841196157892 0.15138979292083957 0.49092615577818993
v -0.044886423364431834 0.37530462753658478 -0.29477396656521282
v -0.081172985663718181 0.98633176667695199 0.39290213131964652
v -0.63020472480918299 1.2613635578921367 0.49591818169003699
v -0.73741698757960372 1.223370890370113 -0.055228352603750565
v -0.75467736699245225 1.3515628324231466 -0.15790271120610291
v -0.27979903199892459 0.14531721142346185 0.60110921873729684
v 0.58731419891611514 0.15172785886404544 0.19729201579337616
v 0.40442564470145353 0.80069318854497906 0.029701221911915623
v -0.80404535054256421 0.57274106071012898 0.47026326118220824
v -0.50200062063261242 0.050734048068536597 -0.073601091813096126
v -0.54684545669102536 1.1968576859399804 0.084938874810099249
v 0.27675540029247581 0.58655038851963781 -0.1852943184286695
v -0.076093959829199059 1.5169187270535749 -0.21693047090433526
v -0.74409470467855776 1.2630329868543746 -0.26964134271473778
v -0.62988266585332542 1.3074982671205024 0.13240685988394726
v 0.28926396531563275 0.95458423797521219 0.3265924004018802
v 0.46698085948113133 0.33507236776507549 0.3447407560537542
v -0.48074782660721094 0.39346269749976581 -0.071651006726775809
v -0.27442278257719016 0.075850723722881985 0.1125464361251232
v -0.4779568026303157 1.2261589889338758 0.21722694437731321
v -0.21670204950415206 1.5825798670633189 0.0006506537822019478
v -0.73208460940849795 1.0103259334978079 0.66220814172136011
v -0.64217339410214302 1.3434206810074003 -0.0095886410736323868
v -0.60881663282547382 0.29809237812537387 0.15701908338343243
v -0.63515763787351409 1.2080741163084949 -0.025600897014376775
v -0.90525735190955003 1.2200710456243675 0.39568712723288935
v -0.51717774482302958 0.035855085900903437 0.53737208186356522
v 0.0029894954083610997 0.5964279437546457 -0.29803501451414999
v -0.36716666340246418 0.45710001533394751 -0.11340273846433496
v -0.73794366383192178 1.4404110539353265 -0.34029364827756742
v 0.19974834048095444 0.26448445988578112 0.57827638484506627
v -0.21185517356100117 1.3370672337127989 0.068138660515114066
v -0.46219170186083902 0.063707130400013426 -0.1927280326033971
v -0.26322055573073855 0.074769957249891467 -0.11853634816576994
v 0.33930161668773867 0.29350500190859413 0.49217456155308514
v -0.60326175463300991 0.17673704858688738 0.45953105609860023
v -0.51892072898672947 0.89444014039333719 0.45770522977966721
v 0.51026057185988483 0.42655505185224568 0.245369321411499
v -0.16638068238211232 0.46185617741472679 -0.33399476372410575
v 0.30068822529349487 0.40230453711073622 -0.1824098648582676
v -0.77546788898987695 1.3183263810961612 0.21037234346926406
v -0.63170043746005555 1.3059708354208932 0.011099557843875339
v -0.87571465428432027 0.83324074169320861 0.29845226494711447
v -0.084353359891985114 0.027965184628110838 0.56747493601902121
v -0.18499980305639371 0.96229319985418238 0.0021709431192285596
v -0.80052993141793904 1.515640237686853 -0.34561609515052277
v 0.56618053681937608 0.42422901950248881 0.18266558060800897
v -0.92744173308057376 0.88359880747478969 0.30111510266914115
v 0.36886959466348901 0.1908147670695691 -0.017407520878937228
v -0.88067506116418348 0.56283880098812356 0.1589961139138813
v -0.3367151712107721 0.6465473035467123 0.55353611448073436
v -0.88251967374310114 0.61718637008817112 0.10191326689539654
v -0.89350764619207346 1.1782726311378326 0.25057222744415925
v 0.39771691227783429 0.78689436499072785 0.0012300212723340895
v -0.70293094846868287 1.4237463251517382 -0.066325815625272899
v -0.49961546121694855 1.2342221530602322 0.28681140073795791
v -0.88913576808609662 1.2867579198932946 0.28794896070591475
v -0.48810762253037709 0.80663159677490148 -0.11131244244152229
v -0.81132105802192667 0.83474480876710944 0.44569151736661899
v -0.0085628032106047722 0.33275522267850977 -0.29110513436780755
v -0.77088891943322324 1.0930684381370892 0.037150531478712411
v -0.38366151438213647 0.10720507902800006 0.51925041109902026
v 0.052582775093463763 0.045293161322581453 0.5492911880857434
v -0.61600245193803627 1.192887499589431 0.5099043836191236
v -0.0097961557656373703 0.46821198316997931 0.68771278669561731
v 0.26774850171723819 0.89787021050375959 -0.032310321937760386
v -0.18178661382796532 0.68597728187584994 0.55550002807667664
v -0.75637757402498673 0.42051363325612062 0.073620434937053239
v -0.55199672010643042 0.17452515678354838 0.51711061313755025
v 0.20307710360209513 0.62548887816832099 -0.20299695951425925
v -0.928387864493182 0.9236322501332902 0.44688126386499066
v -0.50483191046632814 0.34506452370817836 0.44805586574107209
v -0.51274294490726802 1.1595904469696268 0.38033067088307104
v -0.92086074430919918 0.94468225760921232 0.17181687593339884
v -0.83232095717488241 0.83216267244727116 0.087462105622639535
v -0.026487182150884414 0.51732190554164248 -0.31357194392602122
v -0.57555030463982559 0.58578009344622817 0.56172997252234769
v 0.38860489001280074 0.86850998325809214 0.28349147864338631
v -0.76552339187577345 1.2668174421026075 -0.017129531872088759
v -0.11737127191471851 0.52796778063577521 0.67579891753906263
v -0.74279451305508237 0.35339502149618152 0.20202186731975824
v -0.55083898051802804 1.3577188124980637 0.12160357039892641
v -0.24194622640408517 1.4088204332533729 0.018195565384596758
v 0.36476463004745491 0.1633847412544463 0.38951355036144952
v -0.79353070105560386 0.4313684791780894 0.3331032699932282
v -0.45879139493654036 0.22333188554104072 -0.029824852559318021
v -0.10024148511566032 0.33755239241289903 -0.30347950338230745
v -0.47738513199244414 0.49032163567894771 -0.10245659319842421
v -0.66853313231976241 1.3456785498773982 0.03453969070676987
v -0.35734495356153384 0.074935414316783508 0.043599292878496947
v -0.62498078869809481 0.1618440543230345 0.48514675313810235
v -0.29207168881236883 0.38420404473819064 0.4936768581326384
v 0.48751524326808693 0.68001118973075936 0.22356652311748468
v -0.567448459211642 0.60050234515245327 0.56143151070021835
v -0.90546738337873678 1.2730433863518431 0.28928918499361489
v -0.2259740331531411 1.5916597424137093 -0.003261738603766912
v -0.69772699908861691 0.081425583353454387 0.23221348364426561
v -0.070940416484099308 0.3720034080331116 -0.29980925472375614
v -0.22876589716743936 1.5780652411731557 0.0112966765792694
v -0.65253433463901178 1.2015758223942732 -0.031601524065282514
v -0.46903653189704536 1.2109842681361802 0.19259103909565253
v -0.36700096545586436 0.44045571572635278 -0.10736623965597894
v 0.57713722779724763 0.25873349108118654 0.35383288544480568
v 0.14694935454147051 0.57766924307496326 -0.25668506472912989
v 0.33663434440788237 0.87431392930874741 0.010712728216193318
v 0.62844514456143796 0.24489262719409816 0.28205984919358146
v -0.33322960022870107 0.04952895530805583 -0.12987496462010856
v 0.069885534147591091 0.021671107857531697 0.20807570422473795
v 0.31897925684142925 0.33927756705214124 -0.14935396346379992
v -0.29657460829514071 1.4530303028723908 0.04106925374944196
v -0.23108442875917826 0.66831612285514896 0.5448416578457812
v 0.38463180987621515 0.55822247674876169 0.50049277688344251
v -0.43660019070167716 1.4588255895524873 0.047781022775257233
v -0.74538755739963669 0.086131821641277348 0.13696865855154783
v -0.24599189017840251 0.043992432959570754 -0.22010851992690428
v -0.69762951557348418 1.1879473720272646 -0.005805271314051964
v -0.27597876919847342 0.10789066522345193 -0.23303153173331687
v -0.45561657688061885 0.096877982690369263 0.54734026587888596
v -0.52342803143211192 1.0235001793573872 0.043886249950763713
v -0.10283726369427786 0.095878757357379524 -0.20735146800379514
v 0.099612638722250055 0.97903199804183805 0.41459620316031437
v 0.34550345912736569 0.55544045923505281 0.51696491005468026
v -0.41767998370305742 0.046276338911469768 0.17227103376021038
v -0.65602297291729139 1.4471831318580093 -0.19112302825681493
v -0.86100156114695592 0.74817734165120053 0.073393156136514939
v -0.40413022248489755 0.32977941157661073 0.51755466492905233
v -0.66323083772284119 1.2692049876702067 -0.25386608665948912
v -0.61561935182148919 0.3075570255235956 0.30648405240201332
v -0.61599495291826811 0.18306723739142952 0.14927946879941734
v -0.64899614745952638 1.2489334812636681 -0.17205893008084255
v 0.23509854131937707 0.038094363993955299 0.22708461879784445
v -0.65584175543615231 1.082353114669844 0.58518560019390387
v -0.50795963120608134 1.2634246413594377 0.067153683183370283
v -0.48190171816869032 0.11605594624315146 -0.069743821674663878
v -0.23697807895625933 0.081660994992451427 -0.052754250039034251
v 0.49445932629654576 0.08951747250981594 0.21126922674911203
v -0.31299394051756241 0.03020844492971567 0.25397370903544159
v 0.088598373484309087 0.060889753334715649 -0.18506365005491016
v -0.21496041649347508 0.07236452183152943 0.39476261689981362
v -0.052858965659569879 0.075590745459929526 0.085040378831722066
v -0.79372394322832662 0.46677236071705808 0.034203060384428337
v -0.0088980008519743657 0.17557922063450204 -0.24847856037725263
v -0.67193730641125582 1.431149319423292 -0.50865377088066843
v -0.61759988125243803 0.073741961457486571 -0.018328056801119357
v -0.71509782339508343 1.3850944988994898 0.0072004764940552567
v -0.13369919808191066 0.17195469439008643 0.57386528340841214
v -0.10048618633432634 1.404925060195497 -0.044391711374328055
v -0.31479882196657361 0.52148002372940905 0.52143759650920563
v -0.29046996439802658 0.78055363557663437 0.510024064139323
v -0.62043548952938243 1.2417570032945924 0.50413318764926929
v 0.055387858063765602 0.036256495247247611 0.050145799374491803
v -0.67698096411468278 1.5977377221619604 -0.48478383723706869
v 0.41748040484078675 0.052887963884892308 0.15752661434088139
v -0.70293127047348392 1.0380676621407561 0.0078785809197174355
v -0.88905967057375401 0.57938803736559652 0.20166854494765313
v -0.41013051998729222 0.03751803941277005 0.3483379691819225
v -0.059932400453707915 0.95640574968555725 -0.038037152564714787
v -0.28566303316812969 0.40733316811782322 -0.27397311588199946
v 0.41631457091400426 0.53712701405046115 0.45083794571364894
v -0.50497076887525427 0.82379411891395582 0.49557867331278321
v -0.79531001508237598 0.7482689704880362 -0.00065133603991224904
v -0.36428795660773311 0.42622792851896391 -0.10215341255778503
v -0.82442133833826936 0.84171931183410809 0.45013364321452559
v -0.21488135039813833 0.95153897296247447 -0.0087293396124533042
v 0.21401806342306895 0.66006813246781026 -0.18311805508519127
v -0.150717311787855 0.34064343652878237 0.62299573753810877
v -0.60358264386271576 1.215037124645338 0.50212832999462687
v -0.80226339087161191 1.49962410645162 -0.33250252329623375
v -0.64118523857395926 1.1919183371909123 0.0026122480809631639
v -0.74601605576444296 1.463582000341705 -0.35028520243788996
v -0.9092582216578966 1.1931423002366739 0.39491667898410215
v 0.57127548704810138 0.42412906688409208 0.22037323876808418
v -0.64101809750157646 0.039145032017300456 0.35143641169264184
v 0.30383685865612359 0.35527147479308369 -0.15580813006849101
v 0.054877846492518347 0.94474944453632659 -0.057278517424548724
v -0.52105964894592627 1.2843332951356257 0.3460055509010444
v -0.013535866395223639 0.064245164718867265 0.23776557260091929
v 0.44559916024937529 0.67494253937781801 -0.0011856207525509433
v -0.76722489976824659 0.99284495481189439 0.025088167991228622
v 0.50366068463233382 0.35318876695695078 0.051606478036227636
v 0.4517061589055445 0.28406122376175558 0.3674004589305232
v 0.51335334076394112 0.42919208633243611 0.16155769523664953
v -0.4177172673937905 0.17133452600856797 -0.12281321992011525
v 0.11538417486385578 0.68461650246535299 0.59143438013264082
v -0.64875227432344418 1.1598365842697971 0.56143396473615814
v 0.081619238915674519 0.025013003486076803 0.10386653568852176
v 0.045663762029706782 0.31530273603321624 -0.2689389248505864
v -0.9317660613185641 1.0747347712782687 0.26035809196720788
v 0.051471292258403127 0.22565312979739652 0.62909296265612791
v -0.74000692138502555 1.5924487751923728 -0.43717799251703859
v -0.30306274892885776 0.20994695477341838 0.47612788648827092
v -0.416122638974328 0.060028526391663721 -0.22904804202943202
v -0.85673416244841583 0.99749846048637214 0.61735433890447122
v -0.19409075432026135 0.68651352353637018 0.55527732334112123
v -0.91015012103607718 0.97890575626187359 0.57592061086069013
v -0.63222709317671832 0.078584951758788171 0.3093531113690618
v -0.41321651120087122 1.4228921274559683 0.14633668912742184
v -0.60074817944623227 0.62271756701303904 -0.12643763579664749
v -0.70103336181952536 0.079540554764393256 0.018512211627179451
v -0.72062620269740651 1.3225421586041606 0.14443354527688843
v 0.027638899521195245 0.22305839339607691 0.642167168097174
v 0.39018684986882229 0.062987747664045288 0.060704297281101736
v -0.67237398729512499 0.046357332161040772 0.45577227442737295
v -0.0030033485921355458 0.92736357393495583 0.46975191611753009
v -0.42360384397042972 0.065779963507215183 0.54318480700038962
v -0.53185781082800909 1.1199108942563605 0.07516182045942639
v -0.22012183084113687 1.4484188863145464 -0.10461594129598527
v 0.16950823641424781 0.029902984436420765 -0.060759216788834766
v -0.51283212611312512 0.03655742679211358 0.48962574237062689
v -0.70459815374664014 1.4223413875347679 -0.42678230633771153
v -0.72907440690633096 1.4588538019852708 -0.13756624406457391
v -0.47935483271751589 0.94005209849584126 0.43837537355954581
v -0.37570826210807817 0.17261463510371786 -0.17793668815678731
v 0.12312271405620309 0.40656367846205593 -0.26963854054743264
v -0.81187790334880716 0.52404447735861914 0.024236476967954893
v -0.83883051801256836 0.47993715622488931 0.27731868413267891
v -0.32314185864561634 0.038183063350703823 0.58214889017565619
v -0.00046329033433069843 0.045775452405092197 0.56606216378553731
v -0.34251608700704012 0.084188479268790653 -0.049799453360502066
v 0.42031550367248866 0.25599991880278988 -0.0024213293751017373
v -0.27039562672755085 0.7249181859592605 -0.16728088372975045
v -0.60851827104164924 0.91248526986443468 -0.031853251621988647
v -0.83959861198019481 0.84817289903334603 0.11272437085802407
v -0.018847638193221654 0.78696592870508131 -0.16014650958358653
v 0.137803042308281 0.6502564167558823 0.61334588322019512
v -0.54629203162622575 0.058542524541856447 0.57671776353109938
v -0.65436297095588247 0.17437663781991006 0.11646776968639969
v -0.55667538556224716 0.270831040481676 0.21271636919009518
v -0.82354949331575988 0.91253850338984654 0.62237365430398695
v -0.27961504714759888 0.24407044942724973 0.45854749062163691
v -0.48928929686590844 0.06324976177404687 0.56646305867645352
v -0.84340961926047464 0.88776815544300136 0.60613133638263872
v -0.63449817380387652 1.5729993163342066 -0.51728032285719472
v -0.59979271732478479 1.1065082018532488 0.48549197268454425
v -0.62466821161482644 0.46469340925978053 0.52450427595596905
v -0.053737937864165579 0.17535466619509993 0.59778245413559294
v -0.44789081453618218 0.12470130980750725 0.53977403296827509
v 0.59849815574856646 0.19776426323698384 0.08253126201419797
v 0.21467268625034414 0.606139016977009 0.59861893602168958
v 0.078844391943215159 0.92004142328084082 0.4661910905077532
v -0.75799498118571906 0.43661967726951534 0.030980205951984457
v -0.10795124329602601 0.072641519081694569 -0.10046124336502965
v -0.7212347333920901 1.4096528105237618 -0.038694538580816687
v -0.6979440859779753 1.4473040996523872 -0.44782604021155037
v -0.83477542464351695 0.49868814335098954 0.072675552537573851
v -0.073908491495432757 1.4379900907100585 -0.15940613638053186
v -0.092481809296649162 1.3862627018402298 -0.074430818813892061
v -0.43123627829281053 0.14618875285811403 -0.1595954969311458
v 0.43472844255674437 0.54921540128506785 0.42897676606411334
v -0.0689345080090107 0.032295711076988136 -0.16295128695794583
v -0.045664234348468648 0.16251600304601346 -0.24245204118393049
v -0.89495951331037704 1.2154144442447965 0.22975428377551771
v -0.14892646993251185 0.38551216223199652 -0.32132623551375555
v 0.38953732339312352 0.58038647931250542 -0.11959247413969744
v 0.38603351792055252 0.3909021154680421 -0.099928737264709258
v -0.062425632391949544 1.4656009017009775 -0.1353994261808229
v 0.197305449444627 0.66348217413187927 0.57890605098441772
v -0.77638618244439517 0.39733564586794984 0.26601952941879731
v -0.5606322121307048 1.2546029800580392 0.46135948921652542
v -0.86226239044570197 0.50221135262818573 0.20978548715604214
v 0.01127297692295812 0.97073944493089614 -0.02061147538034808
v -0.33637757448184347 0.041217288736384507 0.4321527218537089
v -0.77789531011813806 0.42764398243508722 0.087773624194162542
v 0.25782312860713613 0.98988505928252446 0.19353913262775682
v -0.069551950405256927 1.4117952386929999 -0.11138865687492513
v 0.23656341736877726 0.83636375662134965 0.46426169569285008
v 0.030442876530381819 1.0477651496422173 0.18690857752586515
v -0.84773571024965966 0.47580331322095459 0.17890525197183685
v -0.38612353328851406 0.042467518635916551 0.34168506643851926
v -0.6970022956149805 0.79060897256237406 0.49768628834049705
v 0.43990643335987378 0.20202920792837992 -0.023763111706445961
v -0.37206310881616511 0.030722189476747555 0.18582060687990595
v -0.59731633397961348 0.30319829969788215 0.10218488477495759
v -0.52554391150737545 1.0838638690591285 0.054434475688672324
v 0.040381916966224771 0.68582954721573086 0.62575793019012449
v -0.69289944570823858 0.33324961957999982 0.30240673966491516
v -0.85901332292898958 1.067396570737164 0.60601096068074289
v -0.14208239457435323 0.71378676575888023 0.54214836826514068
v -0.7016944025518973 1.2543891297233551 -0.26227630761756537
v 0.033954864511531957 0.50068891510201941 0.67635838477822208
v -0.12980301668962324 0.6095245641909034 -0.32194530326621462
v 0.096856134295968524 0.4272274101058372 0.66222695778842677
v 0.3848512098777272 0.57801347400804726 0.50272340255459091
v -0.8542577594057984 0.97278851311897419 0.62072878487871641
v -0.72972391384213076 1.2891863595093043 -0.35339604968690602
v -0.93911182242060476 1.0332112051727655 0.23802181006506279
v -0.40902616590223967 0.18408083653194679 -0.074298158877432546
v -0.92169814207085454 1.0178533484695556 0.47404349336975404
v -0.025284056182714759 0.031490569366879148 0.563622893291989
v -0.89146721868356171 1.1593841312182762 0.46511046346474882
v 0.022858455279240124 0.23082124573826932 -0.25269413202948782
v 0.16201765164266643 0.021537629289966644 0.46946833478491501
v -0.61996262540468527 0.18533979004804957 0.1263150778869318
v 0.060729861864676202 0.96279511429232922 -0.034712356052193138
v -0.2886301768235886 0.21537619434937935 0.47081712620570365
v -0.027740044352082483 0.92151028838046833 0.47443746925189084
v -0.53246839967914883 0.26100416537502491 0.22752340763917875
v -0.71612635181891282 1.4645664597452699 -0.14796634552319879
v -0.86251168181952531 0.5012461628157745 0.279750705200704
v -0.24988999707700452 1.4295457381757359 -0.087813867959249309
v 0.13357500102493386 0.68654715540730027 0.58364519980523022
v 0.020331275524068076 0.32048926833687391 -0.28326095571347376
v -0.71712245915675343 1.4351934792794308 -0.3937130401062458
v 0.057973570394543913 0.023955363973218881 0.094709466521336411
v -0.68178336602206835 0.053117868105703139 0.43448229443032088
v 0.38998707150850731 0.075503437509508442 0.038659676223834399
v -0.66985258022170624 1.1591552362196968 0.58236633084088607
v 0.14845636964137127 0.35212175729983619 0.63211842476510571
v -0.38436771328815261 1.0131323824947309 0.26983305781975259
v -0.079968254047331377 1.5954930602346287 -0.20360523177931564
v -0.0037300349190319366 0.23251607776973945 -0.25430445279302322
v -0.45483385081602667 1.019332106724772 0.038891629048687724
v 0.064061503191232605 0.38950848034363766 -0.27705487402467643
v -0.29218418619831882 0.051892256197059713 0.62287970797817649
v -0.68893390445550029 0.97107184012122272 0.66554615562974218
v -0.29412433447763325 1.4912681464844784 -0.070704827477469853
v -0.91931987786369307 0.9195787447414443 0.40750827756849489
v -0.61250174085728082 1.3476005375101858 -0.19305090208574141
v -0.42863029778687439 1.0395500118904 0.14971242060075837
v -0.77306473539054876 1.324175161566634 -0.080066283950870829
v -0.13264488848581588 0.54296454239778758 -0.33486901862302282
v -0.91329376995021783 1.2536745082882479 0.27404158556904523
v 0.10226544186370594 0.48832957415314954 0.65367756922367293
v -0.13990461250822975 0.41140924388949945 0.6525463360052538
v -0.75676077835737043 1.5180248646989547 -0.39885988198843936
v 0.0080172734369800512 0.37610884100231534 0.66463693748026953
v -0.57210593170589619 1.3342181567679068 0.16978191955187319
v -0.5553405550935353 0.99922007678342828 0.025943482802679694
v -0.077728099229421768 0.87379586272491439 -0.10436675677425165
v -0.099041939459960704 0.72316482612442146 0.53989244913187995
v -0.89043244234749241 0.69247726444463276 0.36550879065975556
v -0.2005932850828695 0.19644942685183783 0.55033933102432209
v -0.37447570751376047 0.2159809127866594 -0.032418724882122524
v -0.1345027871282139 0.040023832188888678 -0.12641187642112103
v 0.016703490990402359 0.15697155805209936 -0.22931760725441508
v -0.62434433052032789 0.36057381374499858 0.42031540087476665
v -0.52727975143500194 0.36464690667159499 -0.029142155151964992
v -0.67116710187843154 1.3362067019520634 -0.44584645531402584
v -0.26924786255877642 0.34073305234960777 0.47762591067887761
v -0.59602645252407438 0.20917467042216756 0.1332492630080413
v -0.70636929487359301 0.43330396220429251 0.46362859947394586
v -0.29051180474340887 0.06622157207561398 0.33735820578251852
v -0.15062337962437719 0.044522469743497772 0.61629087262349258
v 0.25952375037404041 0.9765842214460374 0.31600765732540287
v -0.48770211895707533 1.3401651363616371 0.20017946665682432
v -0.085095697652913291 0.2831335345087746 0.63900658997111914
v 0.307074644415124 0.5516811115588961 -0.16752788053989065
v -0.46317401527774998 0.89150917076793967 0.43859535803896654
v -0.74634259323881247 0.43640968607431496 0.43016514043923754
v 0.47351704142165074 0.35570994595747141 0.051645091920784141
v -0.76706999115225794 1.2789221859623279 0.036282479743208355
v 0.0036885167888372579 0.057697701934272656 0.26241699185914924
v 0.070000732769344653 0.025301353733575685 0.27999576274631016
v -0.34155762261219957 0.15734645228270769 0.53040963365219285
v 0.20351329623862197 0.85499464725866903 0.46778396180117837
v -0.74371761693595295 0.089586079618608622 0.10081483504086251
v -0.47664331933166021 1.1266426853023421 0.28367026815660479
v -0.29527744351827484 0.92114322729559739 0.40234182546138403
v 0.037617063582269218 0.022900563334107692 0.49721717235488017
v -0.065263484416232934 0.90352217979809923 0.48388111735156003
v -0.87932880110132627 0.82395131602747707 0.25071195902110588
v 0.50330235885014307 0.58716267167060732 0.11615756439316458
v -0.85168624571806417 0.84674146763778668 0.37561985249912655
v 0.3144175716630066 0.73062712498204796 0.49222485940484995
v -0.1502433218285133 0.19318763883315226 0.57135893607013766
v -0.51248726689116464 0.075267690726046096 0.57324596562503494
v -0.68278875556124163 1.4352511603860874 -0.48747462560575827
v 0.11133194722939208 0.43310664261838522 0.66138274858604429
v 0.40746745957171393 0.37968925536973758 -0.081126814197834782
v 0.05458125085768184 0.49594799164339654 0.67142497413565316
v -0.86906873485790159 0.5049950099446977 0.1837618032032434
v -0.06808296071533429 0.9344362533191406 0.46041687154606137
v -0.43870274905616113 0.14772901698879445 -0.14475983672040041
v -0.72989135375792558 0.43064167521095292 0.02631576398672715
v -0.89012538459391355 1.1951565467357674 0.24241147705107718
v 0.37234463120933264 0.59134712024671621 0.51024172070314766
v -0.58796270274099516 1.120878145768107 0.46846510957350601
v -0.11834630237672839 0.63002037494409691 -0.30881803832347937
v 0.074492375650229814 0.90139279585130339 0.48298840741472598
v 0.46854391303076409 0.29826679309842347 0.36026859153782254
v -0.21730916576969889 0.58023317450312484 0.6373705081103519
v -0.90623064524415542 0.60130792728008409 0.21599607406379612
v -0.36487344455985471 1.0255436208749169 0.15669496279134218
v -0.24185570771387732 0.52870717891673347 0.61312092592792899
v -0.2565418899536599 1.5758463472245361 -0.032492449041335573
v -0.33558663065953825 0.25821212693112439 -0.042470361405300486
v -0.074359116504306752 0.19824876782580964 0.60726646583376764
v -0.81937928207386357 1.3138080836505364 0.28151297067540315
v -0.052120855591333885 0.50250348578027892 0.68458107338562046
v -0.63598963103837736 0.050718536622912355 0.53784873084743368
v -0.83155858768727442 0.91605941326132334 0.077605745833076903
v -0.67921794241523825 0.073946349539962902 0.39467088965639885
v -0.19119578134244133 0.34505778291034289 0.57866293232393096
v 0.34610299280590939 0.05256382652372369 0.29732235492461589
v -0.43576447116648309 0.84010884605371783 -0.1027243593234307
v -0.55019752412260403 0.94009756058019933 0.51170138290377787
v 0.19327171708833929 0.14466075476906895 0.51547324726893951
v -0.30264067565243291 1.2861415362599455 0.042833412801151133
v -0.57243951652608038 0.14983429353574582 0.54878682257185551
v -0.74191582901007858 0.74881023250160028 0.49440986906960604
v -0.77505067961107466 1.2528646688888294 0.04879282026630858
v -0.40613234682308741 0.89525832823747997 -0.071594703718072014
v -0.053516402079564172 0.25002182906258763 0.62969392904037891
v 0.15552454059289281 0.32751853055203495 -0.24868092051974569
v -0.27237882583614792 0.16671991901763963 -0.21031007933948598
v -0.38072847262431797 0.92890871030365951 0.40716710866842326
v 0.182542618381377 0.036175374189773152 -0.07654871816762307
v -0.81267373422456046 1.1679060726745327 0.083626060780200864
v -0.10370129249782112 0.39583456933504263 0.64556456727351685
v 0.22824336246663893 0.094897232051363453 0.5084063403446869
v -0.18236541469841278 1.0111642092611297 0.21034736852753072
v -0.14813355767166084 0.072936719141972403 0.14873425129629389
v -0.086339725334797737 0.080231441930171662 -0.013688709515014023
v 0.19314636028760132 0.090324019006520304 -0.15090807715178384
v -0.67790720370914226 1.4711798434562442 -0.20625375481316208
v -0.55510083492062745 1.3169802758744547 0.24446252763490983
v 0.26415383979058038 0.45323316074934944 0.5885437812312091
v -0.22846928301047584 0.032608692818634322 -0.1908051838097031
v -0.33154395742363196 0.028601921540096279 0.20369960813871441
v -0.44599549282622375 0.95161759308624783 -0.044278945333003104
v 0.21373480143933854 0.94753056621544585 0.39647801024383844
v -0.058306064718275763 0.75766442316049432 -0.16862448220077181
v 0.43702092636292295 0.34697643752968532 -0.021968930694168273
v -0.58549197007220966 1.1691791227957531 0.48233813111646456
v -0.58447934201318141 0.28338125411759635 0.22902223638702421
v -0.73507337568606079 0.6955308403158722 0.5209877598239252
v -0.50455953935748699 0.91303764817868649 0.44959968297920322
v -0.76286240382847792 1.2561907506777359 -0.060424827235018318
v -0.69358916820425709 0.041067922128891238 0.028355454692936873
v -0.89542666811380756 1.0987619322272713 0.44576460520532663
v -0.5170576431260635 0.99119466076615104 0.48287389551668985
v -0.77722867585260147 0.38945800334869968 0.17798506701658914
v -0.29947742322612547 1.301865696001911 0.09800131304293129
v 0.47861758961386758 0.21769173676441672 0.39261905425039878
v -0.51106071474901593 1.1886070855993474 0.098200734723235081
v -0.3422250514450253 0.19599395793979696 0.48340938204561867
v -0.87086853722489765 0.61903494360796218 0.071697614012654162
v -0.40891903741032964 1.0351068324055579 0.17496130995576625
v -0.56056880835913359 1.3380163544201331 0.18071373949762662
v -0.27927231362262711 0.071882674786575604 0.63631448518803935
v -0.48358355489532384 0.09963103812887901 0.55338796776214794
v -0.61479656517077375 1.3616160620217155 -0.23855451821177598
v 0.080297316218027007 0.47519304328006901 0.65793707693014603
v -0.5602507152605426 1.0353765563868924 0.033307085469809837
v -0.51509409193445588 0.33032032373483738 -0.033518340768296163
v -0.45760801450591587 1.0910384495294012 0.28922243727872221
v 0.10020725221751389 0.38784695359702404 -0.26296161178220201
v -0.68022580118312437 1.4079391060019417 -0.49743207588769434
v 0.30082019481799882 0.74926572481267451 0.48345440891647895
v 0.0052053616447350921 0.51265786649297973 0.67640410037287746
v -0.075080846869997359 1.5820034904649094 -0.2005803465472715
v 0.085507919713689526 0.87821849453546952 0.49487850668909056
v -0.05813142105545923 0.8874934031763414 0.4949151582649437
v -0.60297723263723146 0.15441924430668097 0.53100717788534346
v -0.81480748217872934 1.2265411176835574 0.10790520614214373
v 0.027277459040251948 0.18873164969701187 -0.24910951679105456
v -0.020039790996184248 0.87878481337706316 0.49915011162663464
v 0.12416654926820934 0.75977442442769205 -0.14437868981112903
v -0.13211002535412453 1.4712072633864917 -0.082290231397210339
v 0.43378943859735453 0.8055706115004807 0.1599729248273388
v -0.49971267595106722 0.20539133608613294 0.46546058380109206
v 0.21217607173524367 0.084348065985745513 -0.10136353738736599
v -0.76289597519551611 0.7119313287386968 0.49344343424788256
v -0.77049668670913218 1.5564726401534676 -0.43087015700068632
v -0.18639328560124774 0.25567795683857314 -0.27479348979001039
v -0.90885621148589135 0.68832335122866861 0.28883633963072292
v -0.062348961527476959 0.45037378035932818 0.673084098403959
v -0.19694524986705073 1.6176005434164962 -0.043807324029926348
v -0.16682457378560006 0.13889644763618092 -0.21528024202921195
v 0.14051715399408107 0.59715506943347796 0.64277978837702399
v -0.53889198291088436 0.64437630177768612 -0.14093304675453672
v -0.29446568416700536 1.3386814780253733 -0.031505887005330621
v 0.46441026636810173 0.21207574122559605 -0.021823508150654571
v -0.080515309723368969 0.14871082350208167 -0.23272753393693771
v 0.41113694932797318 0.56087737643122804 -0.1038267369145638
v -0.31860926286232194 0.19108954188832647 -0.17016538586686955
v -0.75070096073843895 1.2869913053735422 -0.22476313809191523
v 0.084549439360819531 0.76664844289348499 0.5181443419523073
v -0.28377840515878328 0.98317929532743809 0.087054509169537816
v -0.51719473914740743 0.040769900042720367 -0.049646635809667668
v 0.021253862451433334 0.037963347038144191 0.10301094144346813
v -0.18608570693161497 1.3396059000176899 -0.012788173527481685
v -0.22611997016766466 0.91579601355232787 0.41762352510197059
v 0.012233076657060013 0.65586577532414947 0.65151636350627529
v -0.8206617402101466 0.58166440436142675 0.0042719590125606431
v -0.93499421937117988 0.94091224906673443 0.49531186781380082
v -0.6660742127511583 1.4009227872562349 -0.05904855197707555
v -0.36430914987501273 1.5040504773224841 0.064540494894783987
v -0.36875627382422987 1.312371450163037 -0.0028293262924806439
v -0.30018380787590226 0.084700198781385072 -0.099163065494243266
v -0.8142352537403631 0.80307855085614166 0.41789607731607281
v 0.23178255746623022 0.40095953765669412 0.593324371979844
v -0.69548859481890668 0.35298325925368912 0.075677573023950048
v 0.33205266727661703 0.92893102569629504 0.13334454755341923
v -0.0065704011874409066 0.9903354796213607 0.40593055708969122
v 0.071409246115843594 0.33554335288957554 0.66262289513645067
v 0.50268875899008791 0.42792780199142633 0.27211893618563854
v -0.72577795491378139 0.82002783478267038 0.50477531802561193
v -0.9135430073417028 0.86745748207970164 0.26458871039330439
v -0.71305151700316494 0.042413197388999117 0.043389347208212768
v -0.37675077238425642 1.020013928697199 0.08252569123494316
v -0.62751678655762233 0.83239817219445889 -0.071026072340190621
v 0.23690547759785563 0.023801650029481924 0.2639220181175439
v -0.66333022615765402 1.5514604743746281 -0.4326132460587741
v 0.083408247277642095 0.064454722630551894 -0.037622544199348552
v -0.14926889665419554 1.5636463315633085 -0.1686849124996862
v -0.51998121028714561 0.17039510048483905 -0.012167974684715973
v 0.27759044667133687 0.75151918162496523 0.50648730116154062
v -0.14426432562421648 0.25102255540736401 -0.28064705735083079
v -0.75348157796911286 0.06432957021738793 0.17355246558261417
v -0.6935194395023212 0.77657618165197262 -0.056811782460753947
v -0.10592857916121691 0.45163334256935245 0.67049532097049946
v -0.30491664768834925 0.68679624290056474 -0.1671462773525183
v -0.072881233341482624 0.074401362786944508 0.45282314614123664
v -0.65735903780968985 1.5174684126529376 -0.39681753021275529
v -0.011005580736032522 0.073470546648290141 0.096918566066414802
v -0.38453885652340475 0.031348420150875973 0.36270205500081742
v -0.70701273920290164 1.5997721882933309 -0.45965693945566527
v -0.28961179433153489 1.5278541054019312 0.062366243545730345
v 0.090705027591709994 0.80128118956761674 -0.14030890334558152
v -0.73929080715453366 0.043905350280478109 0.12824584152841895
v 0.42685972516232285 0.65644948648792101 -0.034065476819947746
v 0.035022131021382324 0.57986025139685782 0.6684592843470738
v -0.27934773706927019 0.41404649532959859 -0.28394502225284723
v -0.52250544195019299 0.068042939812151204 -0.050940315473302876
v -0.78926651929903757 1.1961508558650131 0.56666179999778765
v 0.61678756121351963 0.38029621742437014 0.098452520707051419
v -0.23260336818932351 1.5087067193963046 -0.10775402580280669
v -0.83190819441321084 0.68524108976508402 0.015598315004696033
v -0.12388461619988694 0.86787423678054609 -0.10483346510160466
v 0.38870394451760248 0.040559346772533325 0.18658291694699955
v -0.65169728235640401 0.048912119675405007 0.34068845847589097
v 0.65549311968724688 0.35016403922817008 0.17878092735876353
v -0.010194820251054115 0.23759299433979802 0.63671697584783693
v -0.62145668105720975 1.2569349036047852 -0.055403071517659767
v -0.54264747877883068 0.5901564509428241 -0.13393369138656716
v -0.36990072119080747 0.59433571644808159 -0.16545835613011278
v -0.9014136642817544 0.77025569768732105 0.26141249219850182
v -0.22851253685934295 0.76461332776218272 -0.16649873990174693
v -0.0082118485229770565 0.038783036080529271 -0.18284848134425902
v -0.59016390458276013 0.42497782739214068 0.50398891523975708
v -0.19637585152727607 0.61376868310163724 -0.31506818991665447
v -0.14669566571833847 0.70971745626078586 -0.1841217221002274
v -0.85101247057521379 1.2643927512552005 0.42993871317422205
v 0.16050839235666114 0.12747109047575447 0.5250497430756671
v -0.74881539910240513 0.82907119735302293 0.5475390490370643
v -0.28666124624978412 0.95114506331510873 -0.001561083900470827
v -0.50518191980210103 1.2734510546157958 0.26035479992025018
v -0.73211566353144308 1.3280343788003208 0.26855518578812893
v -0.018142953631042635 0.13286332889438385 0.56010858385148721
v 0.027277755243327175 0.43964657455910089 0.68558551060366713
v -0.24129759882834903 0.65185467308398415 0.55561516447049486
v 0.18143046299986562 0.93105918317072212 0.43588275079179634
v -0.59617747688291722 0.33067059607794103 0.37273627555199423
v -0.70887905523708528 0.35373275319471786 0.32810690234254331
v -0.2189360741339845 1.3754793238694685 -0.061845544297755538
v -0.48092278251005161 0.060544875273549119 -0.15244313075410681
v -0.63070355006577539 0.14302960706007967 0.22591473220194516
v -0.12933754800153816 0.070163669952759578 0.24282634972722097
v -0.058675498215886121 1.5324600307714578 -0.20602801800574352
v -0.62762121311875807 1.0664705455284 0.015878819020848298
v -0.36885256978394337 0.044365393100590893 0.209530971675045
v -0.67209581023149001 1.3181835872049696 -0.41696525218988384
v -0.13423922912172523 0.41891825484721368 -0.32697943829234494
v -0.071449763584472401 0.93714338490271143 -0.058691988461576396
v 0.15736232524599136 0.54821860409864343 -0.25106199840997584
v -0.46782788171290413 0.79892445389419831 -0.11789286843995651
v -0.53168722651056821 0.38205050179705657 -0.036548940638995692
v -0.447673070108979 0.7649305181592847 -0.13376694545220441
v 0.50066241499560049 0.257552771049749 -0.012058784759046799
v 0.37525898983904876 0.28966210535256187 -0.083558905783402901
v -0.77881498098538327 1.2921935470966768 0.10668878055503397
v -0.33515844005814471 0.17876337249859961 -0.18833927260590155
v -0.91547895715836991 0.65682760610691471 0.27608910036888207
v -0.12147539730413459 1.4540446851182312 -0.077724488392915264
v 0.23162333942122668 0.03716281689814005 0.24286091975866306
v 0.024511815055066426 0.6421898708121061 0.65654246749344347
v 0.12272438013632558 0.7506768841498983 -0.14857170488862956
v 0.3664740162642936 0.89740935658649423 0.13700296962062453
v -0.38866988804928754 1.4808482969520385 0.090210982313804214
v -0.30996347350117015 1.3521850554059214 -0.039835457938813663
v -0.7050632029201902 0.044562670961948041 0.029650020375930123
v -0.1379607851736753 1.535325815942542 -0.17492285538074934
v -0.75508974260091211 1.272600037245635 -0.21611886048456516
v -0.0028188005932168626 0.97647600606439489 0.42149107968088506
v -0.69998042764800161 0.34805483001484888 0.10447021279912264
v -0.37357429526157454 1.2856427862483466 0.018447266554270033
v -0.24547147693592453 0.43128185250856926 -0.31703863811513611
v 0.028994942179225203 0.046731786639934714 -0.18827000529052926
v -0.2775787519107486 0.70022319446213532 0.55065072438258789
v -0.026417241805116915 0.29064526744762897 0.65275403662933684
v -0.56310113001871709 0.18489671778454189 0.21219326746127504
v -0.1400767042797415 0.67708671979312707 0.61303018543798216
v -0.34393833760201215 0.043179091300246511 -0.23958575377386704
v -0.43097332014931172 0.24163622183530131 0.49459607949413503
v -0.48361936163197145 1.1835833335891734 0.12839792981329343
v -0.26639109355079832 0.29104058635302249 -0.24206710708918278
v -0.70216151406252203 0.15182436105020733 0.15112833357667274
v -0.84453372437219143 0.73775751028778958 0.046765653077212026
v -0.6140514406133023 1.3234134048377781 0.31994108202029736
v 0.15638968692036595 1.0143318120866023 0.065201736121412598
v -0.79729263561146912 1.541677282704089 -0.37970172642582067
v -0.47089893464323357 0.11532733456086826 -0.10162867220346823
v 0.170472358622794 0.74896691973095308 -0.1582850112618224
v 0.44744806141544663 0.57669987958464963 0.40964675496792607
v -0.34508948349916474 1.2658810265580738 0.10210962937892337
v -0.67749845435918565 1.3208120769430416 0.18079286494676741
v -0.11623457073423704 1.6314363738440527 -0.15908421947207874
v 0.3227795309567616 0.13552626731325076 0.42597962922838944
v 0.19935937476103255 0.84602153738435515 -0.10093871420062402
v -0.093944750801326693 0.26772584337353295 0.62797970285193594
v -0.39152248781422705 1.2459163358290817 0.064487967922671766
v -0.24704721779954844 0.069344314062193615 0.30627524335039175
v -0.41264822563944614 0.033810885879359265 0.086804717107971635
v 0.47029583467154784 0.33614561283124805 0.040443765850955972
v -0.65846684602743621 0.86555201077530808 0.58355600774406402
v -0.32399424198944043 0.96397292649607502 0.36135994894235274
v 0.047110800713412372 0.19272980090291605 0.61668583914251196
v -0.89266492528297003 0.66327494925588848 0.1502308109141082
v -0.43003661800371612 0.036106067146234162 -0.19641544757169185
v -0.37145444633195085 0.3652949171803776 0.52252007249692967
v 0.3004965479350159 0.67751929836323721 -0.14484615141577631
v 0.43727578264357303 0.73755867039929068 0.35789530659542623
v -0.7443944930102786 1.3675397796181286 -0.22795862946412143
v 0.089703865490701973 0.7461929908942837 0.53058866201470523
v 0.45916410100358174 0.32553363468321594 0.030256191611011542
v -0.069416037380515633 0.030883553521141499 -0.13344955357538987
v 0.38528671699554495 0.62677123754651032 -0.10402716093261889
v -0.31701242382678135 0.77693491475518162 0.50272006182603568
v -0.51373120048053256 0.93187011907070783 -0.051048134639427596
v 0.0029994695356211107 0.40144448879144173 0.67616611948983651
v -0.078723073647743502 1.019502115491655 0.32610275788152737
v -0.11914494892889231 0.75104065526077191 0.53292592522575344
v 0.49651155887911386 0.62093407401134815 0.26738569714794241
v -0.16712855121615891 0.32119572909162741 0.60258721279731842
v -0.47284780966260148 0.58017043709062688 0.5691772661899267
v -0.78535856816496485 0.66707916675217727 -0.03919208397756755
v -0.33208656211080134 0.60471252179381185 -0.18225310161677771
v -0.3477745064949152 0.19693069176045364 -0.11212634347532359
v -0.15798761622499388 0.71658681930506152 -0.17566734969014319
v -0.51810511321285291 1.3329399682174228 0.20596273389673658
v -0.39999916315249989 0.14620837196330655 -0.19445035765201787
v -0.33413879942144703 0.54192167074654751 -0.2319069318126597
v -0.51214079844270399 1.0422423630420052 0.46033811192210733
v 0.35447688941678707 0.48397267169294922 -0.14089257441625255
v -0.6978242963111283 1.502994484742348 -0.28485941977212337
v -0.47609218513294582 0.66103092038942668 0.56270481092806512
v -0.10604121963262138 0.86777453958522832 -0.1063657440796303
v 0.65774268867290953 0.30886397944058747 0.16307044309112256
v 0.063516278643526713 0.6431712621957536 0.64991901596643398
v -0.277330580436219 1.5365641236815473 0.053149661614043026
v -0.58428366193165726 0.33985039884099721 0.40214312197072066
v 0.0032447994268987937 0.42596325717025502 0.68741495530811458
v 0.027755124903147698 0.035827133546719611 -0.17700403036517595
v -0.36701928543226114 1.2758022109423526 0.028887280739385235
v -0.75184043541121548 1.2654109748952613 -0.2325286413473022
v -0.60893281136238897 0.39826449732508296 0.4740598354927259
v -0.48107298589593278 0.045737323190053379 -0.13918045296718889
v 0.36092329689139585 0.3005702389530085 -0.10713496800714277
v -0.87308549402207036 1.2604778336647122 0.40395239607909511
v -0.11408306519939458 1.5278406253789374 -0.1182273311397299
v -0.33769321083053033 1.2653860682952076 0.077639066161457271
v 0.080101016313740739 0.69197156530398951 -0.20676431324829866
v 0.19960826110815452 0.073783114458236126 0.51941580122638431
v -0.89958288756927829 0.6973104495714586 0.34541748171692993
v -0.28858993519890169 0.046859167432126078 -0.23363183049654565
v 0.32675954821473457 0.16942944848952857 -0.026742644046668842
v -0.41273531649679951 0.36710598981482612 -0.066240338450829134
v -0.65139238604193694 1.3094613848847227 0.12444443110674275
v 0.2585798769657191 0.8174907230423456 0.46765233881708618
v -0.29811517901102397 0.38565843602772953 -0.23558700970811966
v 0.46468207292386698 0.38482999083189851 0.031862464452084217
v -0.89607592683833581 1.1284822181589083 0.22689184660187359
v -0.7660852904918809 1.0310762324795169 0.66919394665396814
v 0.38094713796100593 0.14155127205881432 -0.011539584640399848
v -0.31638400911745573 0.62169694005825693 -0.17895475046744164
v 0.58914438225531007 0.1686399198166062 0.10478816248557381
v -0.72961455331400538 0.12195504821260704 0.10780107407305661
v -0.22437946891369706 1.5982936067109703 -0.022498317665902934
v 0.13110024740807621 0.55488687670925374 0.65679067396622803
v 0.25299970394029575 0.78702182901364282 0.48771694271075677
v -0.031129540449682122 0.11077839532934788 0.57405376011690701
v -0.64598140735198584 0.03809916359375367 0.25080441576391899
v 0.07006226324451155 0.02894530669275381 0.1220431649581858
v -0.49218407324270214 0.75440758192449542 0.52780540646208685
v -0.2128690498299719 0.2154596138821589 -0.2439258922866894
v -0.27513668195569901 1.4739040617746804 0.022453208374111862
v -0.47983313831925223 1.4171418352952505 0.11884731319473106
v 0.13883504193990884 0.99107558762809778 0.39086547986353609
v 0.39380777255299482 0.76800102490853306 0.39696314618430079
v -0.90186626116582325 0.72796519867391496 0.17436076531603548
v -0.21767877501391017 0.14394143473666418 0.62752492912440949
v 0.30321068551601021 0.67358359489787123 0.53562184245069633
v -0.89177117592361965 0.86950300203799391 0.45604825108802632
v -0.55037670566725416 0.36898198242496588 -0.016166560555988186
v 0.083847481527724643 0.066616176884573677 0.35337647553814999
v -0.21515918849979052 0.070926506475908369 0.35520166574912521
v -0.70751462568296752 0.90907640078676566 0.015332063494437354
v -0.49354195935400003 0.43757206100276524 -0.074789016271696526
v -0.77982618873027454 1.1261041466938373 0.62861834040454401
v 0.64758167492410512 0.33114923917413885 0.26114278863435275
v -0.0023477241167967995 0.28667278079814701 0.63827924283008808
v 0.09068703274800935 0.2908383927217511 0.64811859627573354
v -0.56560874891736712 1.1417541740312587 0.048398237976549581
v -0.61536491919370562 1.4878261109429849 -0.53656663537153904
v -0.28500017311594372 1.2918748391289201 0.05303459011334051
v -0.37379269968858481 0.049388615363214622 0.22994753950633237
v -0.13012652242533584 0.9514591868477531 -0.0093536854775259411
v -0.22812021967479895 0.50984927794368318 -0.32959592743179295
v -0.65237421867240486 1.2378641152967724 -0.14144056504170657
v -0.87319193099842496 0.64808622207545086 0.066888260908602407
v -0.11582991687139528 0.071948952273727065 0.38620521779784417
v 0.22698705112855999 0.023520056632929814 0.10154536492468645
v -0.10260173014107093 0.80262598663405194 -0.15495537959825448
v 0.19260294464878011 0.03258656630360264 0.00085764325164192209
v 0.15887006808244492 0.59863188826095692 -0.24896796712171865
v 0.23181444774120483 0.13891807827968003 -0.12842180806510342
v -0.19271747501598011 0.87385995904901859 0.47033995685090957
v -0.51152588131472376 1.1148675696112835 0.087785189368146152
v -0.86589209876816686 0.71781208969848143 0.079429164322776247
v 0.24906842788375635 0.90967101657775662 0.42735553734901477
v -0.34017127871359482 1.2790411893365097 0.032277814492020489
v -0.32271706601551586 0.20439931506272985 -0.12609144250280441
v 0.22833261448410491 0.84892310983777652 -0.089773331821962232
v -0.32201638012936928 0.55060099573171772 -0.24534353563576727
v 0.024574927894806572 0.19161053683929577 0.62536286442390998
v -0.72265243299271198 0.13159373441731595 0.16338439853710343
v -0.55273286756478313 0.31483469635723715 0.36279481876732866
v -0.10074609270680407 0.85782282606159233 -0.11603732592909735
v -0.34559238365133382 1.3655827814824903 -0.040759853079225569
v 0.38673419911071416 0.65541221399622362 -0.077649376947861809
v -0.48689887468932408 1.1616442089171592 0.13620299316889678
v 0.4266603435291893 0.058160531039434533 0.19958471937274047
v -0.62912417910932628 1.4062042305027549 -0.4040763750627987
v -0.45097206400351542 0.22418979676829626 0.48560247623230535
v -0.8928935682970629 0.6756396996748506 0.1620049941286377
v -0.10152326862624256 0.053240940161467194 -0.19771819148932904
v -0.23929840769633587 0.82953503454435329 0.48500471090850622
v 0.13906999796027084 0.21227509310228054 0.6071270152424163
v -0.4399571293061591 0.8737275966403153 -0.080068357309942953
v -0.7764409880352523 1.339514556793109 -0.021410769964841682
v -0.26754304410994523 1.3022880238475558 0.024613375283614243
v -0.15667155247469955 1.3663559061096724 0.030332551943270839
v -0.32731742456720453 1.4465997177364274 -0.060586743226022449
v 0.19241846975190377 0.55274666823155771 0.61388142715942406
v -0.63277395553175686 0.87498633602463016 0.54172498053153917
v -0.24483391549905845 0.075854048895374268 0.10303209824414376
v -0.025693419814389662 0.38631418044865218 0.66397934149006266
v 0.61906327489057211 0.40944997272896189 0.21231219892722455
v -0.24725598622182984 1.5663720605611784 -0.066472983456029699
v -0.67658043818191027 0.047340794604698658 0.40639467793408285
v 0.17582148029238256 0.57365822655242382 0.63226995795611041
v -0.41634994772356654 0.034644685352514727 0.49515030817165323
v -0.64253398856524513 1.4605874338387672 -0.31882640183197403
v -0.59662102518994475 0.67190418150317244 0.56565874714680742
v -0.77552666378543433 1.3778990899245138 -0.055960820442572758
v -0.24830651452489372 0.50926568438696618 0.59493801689669701
v -0.098835547524660589 0.31725614372861138 0.6472708035925363
v -0.9552528789469934 0.96792116827222818 0.32301432521011197
v 0.25162993897887082 0.10257592670343757 -0.022571244927622108
v -0.9433901673514169 1.0329594571325416 0.26906876343098185
v 0.40221828196566534 0.46979097365165051 -0.074913810485178145
v 0.56887179401840748 0.27179935531867444 0.013731928398469963
v -0.59746986155259896 0.29156185317503847 0.18469112665964782
v 0.51799766785340595 0.42832807170788678 0.20494570577698043
v -0.65423512610918966 0.91331471114375151 0.64246350810616726
v 0.53523132776830351 0.41115110353854317 0.12523586654020921
v -0.88630405543084745 0.5634537838886442 0.21235047062764884
v 0.39059384335212599 0.51213765489949015 -0.11665799811110567
v 0.20339497767313672 0.047481907889020881 -0.037582883296931505
v -0.1200101276902772 0.543414931418711 0.67374295812083962
v -0.61809347128048631 1.5156498406821413 -0.54160868320498623
v 0.070396979567035181 0.25633021276906509 0.62785261389174329
v -0.88193311486567183 0.53862189073247946 0.28332871507072072
v 0.50185964851582332 0.58974257802629071 0.22899589347515611
v 0.15604271508910317 0.80252810363382976 0.49235218302761202
v 0.41676817494810281 0.29459341899146058 0.42431474052124707
v 0.28942469565691264 0.82765026882075787 -0.06544063146426192
v -0.55817718181399023 0.13377464179698026 0.28563690588303997
v 0.53064535891934217 0.30870485040118112 0.36524347480338765
v 0.39390694735553944 0.49824255428296327 0.48620150356777436
v 0.29280660188879942 0.59883309234942139 0.56382183394753149
v -0.36412233861028875 0.50049154258284245 0.53459793097755948
v -0.59664172684034245 0.033876081512596842 0.05671204874215121
v -0.79585942309103841 1.3180790602457522 0.25259838762938303
v -0.44074840946067212 0.32105027757814109 -0.048740505384619832
v -0.53378333603846007 0.037090460440897019 0.43805992084924794
v -0.56749337735657601 1.2733310699466476 0.45710896305104681
v 0.25412037012604832 0.069133766035662444 0.012401462735674924
v -0.32033720697436313 1.4908367459596941 0.092374331153450437
v -0.46279107290551241 0.035543321000001744 -0.14682418549383189
v -0.21459218538593422 1.3412239197982168 -0.026272533971665284
v 0.267162166135199 0.086541640709054957 0.00041394426502471449
v -0.1723516981411409 0.89437553792498592 -0.086742319371490836
v -0.77501209845588115 0.69180291444747022 0.48668473256609918
v -0.062032707338313196 0.66882983428208787 -0.28025682664424967
v -0.46433881671333971 0.15779652938720518 -0.037822961551132572
v 0.14478674854993348 0.024000900451533906 0.4237307098820377
v -0.66387869652319453 0.11546499803968602 0.39458148316117858
v -0.10449508053058938 0.47161292069346972 -0.32699267303897911
v -0.65931142094314465 0.81361629968096882 -0.053841253985657554
v -0.43893466929585007 0.047056940463417796 0.54104059890776923
v -0.77287017048538598 0.84626512315858748 0.028421287253365537
v -0.8771132039268823 0.64800981370212418 0.38700895734816548
v 0.14847739434067603 0.035780048117385027 -0.14182034446154365
v -0.077472576556541523 0.7521352117178326 0.53679640796029393
v 0.59618200201867633 0.41987131199780703 0.17816537470807725
v -0.62690916297958321 1.4913841078650116 -0.44010987917084382
v 0.53629458179411182 0.42143100729080857 0.21408615820323826
v -0.086017994316526195 0.70382292361926746 0.58961713570636065
v -0.94791926906997115 0.95804665469552741 0.24441829652057354
v -0.37901011808680896 0.13628869298030369 -0.22121944625489784
v -0.19372360265928959 0.029790721619781215 0.59233526560676564
v 0.41190548086795481 0.53173006429480074 -0.10209940702619633
v -0.6292295906395553 0.5546063939436966 -0.11075721275090204
v -0.5934975423426293 1.3213977390627234 0.22936808808128178
v -0.3521913259068602 0.37737121006849833 0.51918738387843588
v -0.71626971654516058 0.40433890426958274 0.043777920547161411
v -0.41641924953227127 0.43403742737241563 0.53184476530958502
v -0.44149257212465248 0.98510886906413853 0.35923120987010088
v 0.34539277679097041 0.49909248776821558 -0.14809256236677998
v -0.84788494050749164 0.63752410110751345 0.033426723425065988
v -0.49789283806306323 0.75858129040528754 -0.13262900600363114
v -0.20868362680768685 0.044205571684393395 -0.20739235242642537
v -0.34860410297565469 0.028976896031229226 0.21641138827030096
v -0.10675574725069678 1.0070529312424317 0.062445035786553527
v -0.0065814798096537099 0.065820645180754103 0.11539743902915384
v 0.33409732937504605 0.8498357086524817 -0.021717134026695017
v 0.4460631811169567 0.75933166598745772 0.070306690457209248
v -0.059763528223573573 0.11140610902269261 0.58363410176920349
v -0.56211486163988189 0.83629303431311386 0.49038210595835663
v -0.53621495148964116 0.47400217805172523 -0.097336518187863666
v -0.12584471605673123 0.64287199993859867 0.65579834953482097
v -0.31773651155579147 1.4712338600528403 0.089663322358818673
v -0.24246695626020368 0.68304896594010056 0.54111961857616142
v 0.091780168058335276 0.41665802371922006 -0.28108874600978512
v -0.096990509574903877 0.35036315452885169 0.64360269659941161
v 0.093837571054905075 0.918750763396458 -0.085580935381362702
v -0.90699932026561914 1.1058854867886498 0.19026450025771932
v -0.13243678987491278 1.3865076800895217 -0.005062276806134058
v -0.36259910532920214 0.077559411539154549 -0.080487196495580268
v -0.31278660973087735 0.6014332144336163 -0.22173105022244854
v 0.59533193319068178 0.30571280100098758 0.34061186446946529
v -0.090553003194765974 1.477640452286042 -0.11213032335667746
v -0.63084804482771306 1.3568722715004045 -0.065285127487002256
v -0.79530838883022248 1.0172386104560485 0.6642105804007995
v 0.50102855874438512 0.38122713941133196 0.078374294608723541
v -0.44325998067026556 1.2391716474845713 0.18420475248824258
v -0.51536486027658068 0.031221957268378238 0.14341608406849587
v -0.75139016684283144 0.087524880693471196 0.16029776590785336
v -0.56593234889006694 1.2065940427656521 0.45590474711461171
v -0.34753295943051882 1.4188443818425713 0.10367677786651421
v -0.62044059392624984 1.319843404932276 0.35878067112994827
v -0.76054546547942781 1.3243497191956932 0.061452592924420388
v -0.15063296246502447 1.3587912877548436 0.023139616745510991
v 0.52819707580061148 0.25229412009836805 -0.0062513648590898563
v -0.6335017697617551 1.4653899360669778 -0.37771148865455306
v -0.62420709112114248 1.5354511208163499 -0.54061378917784286
v 0.56596106872833607 0.40591223927170367 0.10940464015325306
v -0.085160275412184128 0.048089522284063158 -0.19146294615214329
v 0.5177564451055503 0.27495036184689947 0.38099137081174128
v 0.21500073933801611 0.56212125403627211 0.59955163863356309
v -0.66729581750626532 0.04268148432718534 0.42521416180071914
v 0.31048618001694372 0.60236655706473319 0.54960887821014515
v -0.3053274176717275 1.4935181130734421 0.081649999446634314
v 0.28538973984019966 0.12764025761938463 0.46431715869964757
v -0.22312231147168576 0.81476163150904002 0.50328206531704867
v -0.22147885539750115 1.5959478463356707 -0.062362166615473259
v -0.12261816578720094 0.56564841768319885 0.67609832945585535
v -0.81625709070424879 1.3114072297979722 0.33006206992535392
v -0.055670401602058564 1.4560663404976721 -0.15949436900926567
v -0.51074798420812773 1.3334946531678054 0.061478903663787443
v 0.37792588573373248 0.091209467185860787 0.018309368256863769
v 0.49742394207913199 0.39279275752649662 0.29219337318551891
v 0.011763216066505319 0.77565226094656348 0.53968346292526692
v 0.19993004614936677 0.36779226120625702 0.60783766798960603
v -0.78272835472401725 1.3838697267664852 -0.17246467790224429
v -0.05184340542692055 0.047380217314304134 0.58344097322711863
v 0.2510630739031211 0.26518055412250885 -0.2065224621884067
v -0.3263326557560195 0.11442760335458807 -0.23940180824527471
v -0.73689713659631595 1.2455295403843418 -0.15124599679355755
v 0.22983670559941669 0.82250057564294565 0.47653099952066241
v -0.45619933218587733 1.3204202573471628 0.02366650987625438
v -0.46108271269599849 1.0436426272819717 0.38461069398773551
v -0.52309391036346065 0.24070321543536299 0.31840712225451662
v -0.1796813254951827 0.069781938380101674 0.30859783859628653
v -0.2464366183044692 1.5675952720977739 0.024295650465041965
v -0.22468220601380101 0.3648607682566386 -0.30180915471757847
v -0.59625157446537902 0.59727985661813987 0.57097104028905843
v -0.053165694472947257 1.0330335691468286 0.12051226238814068
v 0.22310637846802359 0.50387374895426851 0.61778475642784736
v 0.44899311035019307 0.30492110667306271 0.3678252252864701
v -0.13388345692171388 0.10294560887102434 -0.20888942886937031
v -0.27508670444099859 0.27375787523910527 -0.22101069013609637
v -0.77791639672472634 1.3517966893168485 -0.12153774079086008
v 0.32391143449724191 0.69617712884767824 -0.11523896472172632
v -0.41343458343950462 1.3538091804663119 -0.006123910136696724
v -0.32963123098357544 0.040027578915419554 0.3801595320451403
v -0.41008767639384114 0.077367025058470651 -0.22952366823948389
v -0.60923440490286318 0.52477554143163918 -0.11263589036871108
v -0.54674146332356144 1.1927918402830195 0.43935332813767208
v 0.43647470177169889 0.48391980470811119 -0.037271459822460634
v -0.64829482624974688 0.87908193639713172 0.59560507299505028
v -0.20245578699809896 0.073681385189686463 0.13643821154205454
v 0.26043532207694309 0.2077928554277455 -0.17490389925843261
v 0.10773172407254079 0.98341290829574568 -0.0091665635367720634
v -0.81082823091937106 0.4799449906739367 0.37598442717482433
v 0.41435973964451278 0.36147953913252573 -0.069279202060878231
v -0.72045162314528555 1.1757237042913307 0.025543271984787029
v -0.42478567499348274 0.04269629839656159 -0.02319877493248142
v 0.4549259691343252 0.76636112603843642 0.1195468225879236
v -0.88264351471584579 0.95605614858614996 0.096888764133365529
v -0.49329948448309852 0.10029628408871624 -0.043895197625624029
v -0.83217296321875611 1.1504289706627637 0.10998757216178021
v -0.34014493012569658 0.50962673942651593 -0.20944624316051549
v 0.081258832364947381 0.84744331256544592 0.5094073571761939
v -0.15714105742394055 0.55671500187507872 0.68018617245612079
v -0.46801381414203397 0.25985230457383229 -0.030791495349006884
v -0.81224320344179346 1.0020712187742968 0.051313707774617981
v -0.63401771251667749 1.2861085858354633 0.46795053974413647
v 0.414146336214815 0.48966555236524018 0.45337128318840658
v -0.61702413964325264 1.2596341977241439 0.070445743169953556
v -0.068029462012518416 1.4308834386909643 -0.099387531131714488
v 0.053705931059420835 0.4133387603046017 0.66450556689135265
v -0.55523516775006854 0.74922925309881339 -0.12440261390329668
v 0.22782635142346838 0.071423349893851532 -0.01981596817992979
v -0.12186266247186632 1.6072737063004332 -0.18779339570541004
v -0.20288861335127403 0.68417552835290973 -0.23138089383762761
v -0.70337063419946466 1.583053901916283 -0.49634039899967636
v -0.2274716735922574 0.031383885228352081 0.61208735812067905
v 0.24232396998137054 0.9259168071939945 -0.01567694943441893
v -0.095213733781660967 0.67186749991224359 -0.27953422162215769
v -0.78652882067893148 0.85611026532382495 0.05788052635294906
v -0.1014032622263287 0.75783661714654449 0.53796153197315477
v -0.21018635731253499 0.84525703204852021 0.48741058820517708
v -0.605673311714509 1.3197175089961857 0.19596258991083737
v -0.070047508719269541 1.0123653300650428 0.051348747950758777
v 0.16603407180990273 0.023412369301713486 0.3960009651538115
v -0.854449611839037 0.63188520578379836 0.41159590248764272
v -0.61468282709184374 1.5343043258820503 -0.53371080656556991
v -0.34528285130160541 0.028359723531569018 0.24130076587032592
v -0.42154995871236872 0.042233646603681452 0.52707315301835556
v 0.52152927058451881 0.40325430798520601 0.10600034590008545
v -0.13201040984825571 0.59129033214580828 0.67180688460941829
v 0.1828714758475343 0.53148292444279199 0.62033632327926347
v -0.75450917686008157 1.3199700065096238 -0.10036282690482917
v -0.64998858727125142 1.3065839827460859 -0.30270706058747071
v -0.60545007035294651 0.7042259131862838 0.54776713484813833
v -0.76478314728442487 1.1215385099933468 0.04422080747604195
v -0.65385169226806106 0.87823839803914772 -0.03251508382024236
v -0.14415748722954877 0.22226930362536726 0.59731090162038292
v 0.30788193234551314 0.43975544086172136 0.54134358573265307
v -0.32237149931328563 0.85041414582716857 0.45791344898348335
v -0.75295903731586233 1.5459488479737804 -0.34368239608010043
v -0.20319939134205625 0.92819503271799098 -0.042393951202678463
v 0.065935856052851752 0.073525271610116544 0.40395026015166829
v -0.43430729477313706 1.3933497604765996 0.0075578211860909275
v -0.46421579877092706 0.80029871084581672 0.511516254274065
v 0.18079816065827656 0.035504626805790342 0.12616110502251207
v -0.86324186391361457 1.1725554519330832 0.52794124464083692
v -0.47279406637443799 0.97476527562011828 -0.021969187008755893
v -0.047424244472610594 0.07920561268204851 0.016381536188800682
v -0.60814195963726136 0.51243779381982713 0.54270908631149284
v -0.77512004241826749 0.91770087031615677 0.64225728924792025
v -0.12278885373915532 0.030480668745138374 -0.16513746490762088
v -0.66257944125699864 0.37015429792182303 0.02954875887080231
v -0.55614652794796826 0.19453355267689654 0.018226047194477166
v -0.45102718389274193 0.40511479083010371 -0.086164092307291329
v 0.26339419923634383 0.54614921527040494 -0.20170587926676092
v -0.26287476454475522 0.29929511485447097 0.47104924006661048
v -0.68019936141761828 0.13427818866222926 0.20334924456833656
v -0.26006523373769308 1.5384055141032851 -0.077352953808356634
v 0.4380390592760407 0.49533971295724089 0.42702767139723791
v 0.22785352648097726 0.999542487716504 0.27519733106861738
v 0.24667285733833644 0.9819870847983897 0.087536330331511425
v 0.16437180934500251 1.0325347884600937 0.24432318734531078
v -0.60759003866938865 0.15461951018527367 0.37704286668616099
v 0.3006327676769906 0.21122200380920583 -0.14387286635083993
v 0.50939121135442567 0.49288781911498031 0.1748358513719627
v -0.082497389411050906 0.40196181255657681 0.65768347266639016
v -0.29906206684946712 0.04192198310762358 -0.22880239733703714
v -0.51674340616931214 0.7393043820371642 0.53470854784487143
v -0.48520073397193098 0.18427731813039505 0.49102070615235505
v -0.13747603765263877 0.031660496132779735 0.5931616178284228
v -0.14560370085215882 0.15574136615030718 -0.23078289089890719
v -0.36350173794665602 0.49965991327367509 -0.13709667717790755
v -0.26303187351371826 1.5545589585663979 0.03759051871408773
v -0.78435125286590712 0.40413882589787675 0.20345486290052145
v 0.43915851390911248 0.53568272876465173 -0.063656240164832054
v 0.25729338891315479 0.68613810980432233 0.55604304606824873
v -0.63828496555442904 0.040561956768308469 -0.0016256892509898652
v -0.62173981448916305 0.3119522049197373 0.11757117633119488
v 0.28011799688038697 0.8658652519947273 0.43259186172094249
v -0.80307258550273497 0.93637695998780124 0.62359137547216148
v -0.67136938481751018 0.063818225805694892 0.49437379845089446
v -0.55883514783578114 1.0776877553218807 0.039667362411301942
v -0.84353942180574748 0.49784462069365909 0.10493645593424267
v -0.81821054620669509 0.4379185825044391 0.2860116903228842
v 0.10774966743745443 0.45597978942022166 0.66156372545203446
v -0.85314213740309086 0.77941910968106254 0.083315591754436119
v 0.093366907876759983 0.04032872587360093 -0.0097182126499654395
v -0.52476238188801372 1.2647399319248211 0.39160478813520205
v -0.62490347511282085 1.285037982669625 0.01676055891421074
v -0.41104689967435376 1.3303253600190719 0.15591532025168811
v -0.58973350230383648 0.30909584052894196 0.07225458555029296
v -0.29419763776135327 0.49903007096759711 0.51539011307038407
v -0.89000763710971775 0.98531327011700909 0.10553877954158269
v -0.76047485140362903 1.3488034102647868 -0.14021467962952616
v -0.61297982851557531 0.61065989799628972 0.57425508732031771
v -0.17438333089147059 0.10759966031259383 -0.21961629329200452
v 0.0029392832552093242 1.0377298194728677 0.10577495587706184
v 0.25030081516094815 0.2202162547251417 -0.18616084853446535
v -0.49146981836983356 0.25803600902787971 -0.023792378916062253
v -0.33836901489813487 0.075302614365096152 -0.2434854136788262
v -0.45440636919036032 0.03843661578102877 0.52907516417259193
v -0.57454475945617089 0.51235617593199567 -0.11633889167066536
v 0.26775530274767195 0.27637348777706006 -0.19084754750323335
v 0.28696447621161997 0.93386559792705937 0.040718628902100311
v -0.82639029156591215 0.96337235521870956 0.060447791808524345
v -0.25506329755823737 0.80079524028243354 0.50093309044932055
v -0.32998832358564645 1.4691651099175358 0.10257864843958346
v -0.071723954409916066 1.4572940493567335 -0.11279811649231554
v -0.43453558144357968 0.037106165154899472 -0.03969664666087936
v -0.33242621823038443 0.84958554521538487 -0.1033254296095269
v 0.23872570785921371 0.12181881859694325 -0.086474201378842097
v -0.38239047966425493 1.3753976342908616 -0.026885421335029649
v -0.747853003847048 1.2396654208000877 0.53568800444947073
v 0.075062570695165115 0.11104140137516237 0.54145064859315462
v -0.41379800948272033 0.60355566472586908 0.53560954290954976
v -0.3215255801341077 0.62691212993230172 0.55447519671564083
v -0.34255488317928218 1.2681518090105539 0.052638678054717322
v 0.6177686116164538 0.19103670457669536 0.15220194207823548
v -0.6297742323758232 0.1459384458831231 0.02711962282280022
v -0.72289921292020187 1.2476255254007906 -0.22440085169120025
v 0.19072967038836647 0.55861028957878289 -0.23588006337610912
v -0.36753123720568776 0.034260830181607971 -0.20631180080271735
v -0.11736444834255169 0.22487343902191936 0.60201923037640326
v -0.4463730894068253 0.070138203430390539 -0.20904825942354699
v -0.27121359710581511 0.074060960527603775 0.14459070870241209
v -0.17869986403339411 0.9421402587620874 -0.023473744307589143
v -0.068746130544623016 0.035108138777387124 -0.12136293850810399
v -0.79182540987225503 1.4019958434060995 -0.15911269621965776
v 0.43095411039750553 0.42819315788052625 0.42402577916758877
v -0.90912296151241012 1.0979099113391679 0.36521392678394721
v -0.54630500512297042 1.3639197600168613 0.14694639144246793
v -0.88458153122603234 0.57710519949591588 0.29447098392256249
v -0.089600300215266826 0.44019137657853169 -0.32111171047201847
v -0.81350177058507522 0.63680516167085077 0.0010775561653753262
v -0.3700965888375165 0.044449824722085661 0.25674655738195906
v -0.05483054041674474 1.4805385052939137 -0.1892261557584658
v 0.21522677892002728 0.71468497294368871 -0.17055060419607135
v -0.4141750144444557 0.19313932685180052 0.49781014481846431
v -0.33934058168239362 0.58998523722225049 0.53795978232334463
v -0.61537768817036953 1.3802415921200075 -0.24586001395456519
v -0.21400111917832976 0.45491301528467087 -0.33248819336551211
v -0.51156564419063233 0.032676956430223211 0.15547600273735773
v 0.559358842962146 0.28149666572268611 0.36457130906100571
v -0.89983048066625204 1.1176899610949163 0.35855324903009977
v -0.67901622995480937 1.4189752578910684 -0.077931534863355523
v -0.45333894865456614 0.10242366173134024 -0.16633030083079517
v -0.66488794165929677 0.83601604941289709 0.50038623793984804
v -0.52644573916272319 1.0110858827724098 0.035773397693994242
v -0.29032374183354115 0.19246891345139677 0.52849365484181521
v -0.18908086271366098 0.66385477599676379 -0.28092510540687787
v 0.0041451937822191299 0.037747260385350243 0.21354533485470661
v 0.1372354002346286 0.2132719200939738 -0.23075121782247007
v 0.3338839674116168 0.053313951498789688 0.053250995755113655
v 0.23013897487966836 0.77108870696089538 -0.11935651175120519
v -0.73619710668817051 0.39959605897520878 0.38324178445586754
v -0.65244724505444152 0.32047139932553403 0.11560294822162179
v 0.33537846695259443 0.09690479476826129 0.36537711515782795
v -0.76531289550835413 1.2692659424383594 -0.0984784747658832
v -0.32116103564869958 1.2888893060943125 0.10461290275562538
v 0.16918145495764442 0.68845330294952056 0.57764051764785651
v 0.29080685692636721 0.2232679799968047 0.49670183514670591
v -0.25512190629825793 0.69862057536772315 0.54101281492071784
v -0.89281504889026797 1.1108742209670908 0.43722603481672412
v -0.73066142772221165 0.56430522627965052 -0.077078751348570312
v 0.049587493165515174 0.1326101775125085 -0.19967085282387143
v 0.20270123613279672 0.035506110824395365 0.22827640755219392
v 0.074305040360210725 0.037146657355688617 0.023208793077600699
v -0.69223524683764992 0.15518624428357874 0.10673037518610105
v 0.47898226654740511 0.4207191035486641 0.052024772881708321
v 0.62364253922566804 0.29707170777562475 0.3090589636246725
v -0.13386330950495609 0.72975583064633975 -0.16946240270666191
v -0.23031398549985174 0.96866716379846662 0.031418222645888311
v 0.28541461622612402 0.30261649400469226 -0.18114067977278922
v -0.60128544262166439 0.17348332196228672 0.047061446876133638
v 0.057717218074802741 0.022311525731188903 0.24524312706772738
v -0.28376467473411821 0.15954406697570012 0.58319870432894105
v -0.44003585630977882 0.56399448654032514 -0.13438304414850907
v -0.23291632433250106 0.076835237670799014 0.46512622241350315
v -0.21995117915995366 0.071382943614835506 0.20376633406323943
v -0.85828082183319676 0.93871680547354019 0.62069278782742421
v -0.11398399332402552 0.072335954372208078 0.15606678985137462
v 0.4501985917706266 0.46569052413842588 -0.019261119156288004
v 0.22888756410324856 0.96029708319993012 0.373630373222197
v -0.64282975527249775 1.3076934966000906 0.41727968215283312
v 0.069319850998366753 0.45128981764354931 -0.29340732753245502
v -0.62313479281141682 0.037556274904028068 0.3211112001325212
v -0.34298916799500362 1.4701822120423305 0.1103851110020448
v 0.45789019649967994 0.15172915340271476 0.38473280979557756
v -0.76064035172651834 0.37389936494151393 0.18018219740047411
v 0.21210882303107598 0.3005814689445595 0.58029269657722482
v -0.27193296806405154 0.65812541339609809 -0.21995926009856206
v -0.16794405293670489 0.19553571522952559 0.56467677049134579
v 0.39284235301678083 0.2828632316164727 0.45147316578474461
v -0.60932052887910426 1.132449960373018 0.48511778426808383
v -0.4667767616608145 1.4156764252354608 0.13947630986622409
v -0.61861113172577509 1.3012715977114204 -0.16710565480432896
v 0.51067312054361169 0.30051145772354959 0.0082361824402675116
v 0.03506492065931896 0.068528494196592987 0.32138190099322161
v 0.14329150261352977 0.032012123396149478 0.11045711414859377
v -0.5540850932684992 0.91028410323017228 0.50031167623568984
v -0.66071059788003117 0.72812809449914428 0.53581740318008797
v -0.77954896820898223 0.43228707155840101 0.37367003127111659
v -0.25227382472733184 0.9054089438129681 0.41742193000141498
v 0.35773974379209206 0.56912364026193418 -0.14088807192464795
v 0.15611477210792518 0.45203496121738451 0.64183263599687645
v 0.04414227033750745 0.073553510391339644 0.41027412170044963
v 0.48444895912384717 0.59201788873539074 0.32511390021284131
v 0.013622552083620679 0.065684591835497116 0.55801990638494614
v -0.39970332841042383 0.66657820681178404 -0.15621109708759176
v -0.26707474159778216 0.070201599186836869 0.35488272103222529
v -0.5606872135690546 0.91826342847326914 -0.047393746200811437
v 0.10133193378422414 0.033871850492172964 -0.07226727339505315
v -0.43857276780895016 1.369202165593729 0.17421144148097331
v -0.92612570342558009 1.0106884617199137 0.43529681046862784
v -0.82632532202328135 1.0853254373523258 0.074823471841196393
v -0.38696728370714173 1.2598701950010471 0.14208455825138067
v 0.3155724115234898 0.30699975712088773 -0.14847926443765203
v -0.48826273501800532 1.198745734854221 0.10651878967460585
v 0.16384878940371891 0.28458665286020723 -0.2393334882872471
v -0.59450145320237624 0.41703204285514228 -0.060693389802577768
v 0.23161955795576702 0.77234543737851225 0.51293289818503518
v -0.42924355010969401 0.76917442936511971 0.52852554927103501
v -0.28733279214062207 1.2970524431186745 0.079869676010113577
v 0.28440796997844059 0.55293813815300519 0.57109748783034764
v -0.68674620442178957 1.356610838148389 -0.46759573081257616
v -0.91567639530857914 1.2413421617117615 0.28385965240982935
v -0.39425033021394462 1.3569084878523372 0.13732421231345546
v -0.57882482486538722 0.15063500556946854 0.24423430159210255
v -0.58216797239439233 0.69043189439505936 -0.12948819020728153
v -0.12527818297121299 0.1389931977226859 -0.21025708489684602
v 0.17804206523547866 0.30294270583860611 0.59773419111905002
v -0.55990528457644473 0.032298880160617896 0.14607746639255556
v -0.8589457881818191 1.2064564534915982 0.18908810651482741
v -0.58258146128601507 1.233110824763618 0.48995162207357279
v -0.29615137822121279 1.351669561010886 0.11718711516276331
v 0.43114651952303173 0.24794165567094126 0.37976676168809453
v -0.10987940473905337 0.25164710749858538 0.61132488326934709
v -0.26682705924025052 0.19075451576786001 0.54982786507070036
v 0.069609838227573689 0.091918289565217901 0.54488654653512569
v 0.29132779723546909 0.28917919109109702 -0.17282297509883587
v -0.67895512792835389 0.82805390666347956 0.49887986172323368
v -0.66976140805994033 1.4338278796754438 -0.12400474710492874
v 0.13507029337856633 0.028463171754502074 0.23980833610592986
v -0.23264437384561873 0.45351052733335773 -0.32809894130016848
v -0.87399269901027232 0.56634537158290166 0.32396304732489228
v -0.43336410580143031 0.19110885865337027 0.49730446846375498
v -0.641772677370268 0.13292795639560778 0.019249732539206487
v -0.81233589552530605 0.66444946029346053 -0.0069061713332844651
v -0.36141586039606677 1.3701558380478054 -0.037295452956702002
v -0.35775201468125772 0.60116364864998828 0.54287618093925893
v 0.35890483715951477 0.134621836023196 0.37453871204401584
v 0.61399512449046623 0.19752453790912236 0.11981401286913693
v 0.091446539542076863 0.49424579145087338 -0.28714918269544931
v -0.046159597448337017 0.54099204791846789 0.6801995642867158
v 0.43051068038976664 0.79707394177731361 0.29768555711603101
v -0.19066705648816787 0.23762798002516214 0.56068612499182591
v -0.91132295873904856 1.2556304432014542 0.33417753887250784
v 0.25415312702357146 0.43942233344255538 -0.21475710899352485
v 0.54445695037343289 0.12130743657946347 0.14259907872189936
v -0.18296771699676781 0.65048934617703014 0.61675919992987416
v -0.2508080400363773 1.360532061098364 0.090449370363906018
v 0.4305068367385429 0.14592907273527142 0.3836951222961405
v -0.026598515084648632 0.81808603358884158 0.53043342172346508
v 0.50740420393493735 0.43351861089115418 0.12500360234606539
v -0.75735367596083547 0.88715048066317936 0.039389855566356109
v -0.76670387167349596 0.97950175433853071 0.65449320974137037
v -0.46391359780227132 1.0843273370825579 0.15950375349696566
v -0.033414986136215012 0.077351306667571298 -0.20061988356206889
v 0.48380198921873352 0.093323058730485145 0.26003619556413388
v 0.61098269495224977 0.1811234286438658 0.24418466843979031
v -0.30512296324551458 0.97693517787186734 0.32239285465046325
v -0.26070642622107382 0.46486185031013694 0.54184244247858671
v 0.43793772140393339 0.1308575149839997 0.0088449783596122565
v -0.13876417830354809 0.073834803904120172 0.47777914698939228
v -0.44796542183655003 1.4459784465378052 0.10583518826788092
v -0.12267699323513075 1.3971736069894627 -0.094634691907895668
v 0.58116368606178526 0.21779264582916052 0.045925993880113196
v -0.5922477375440256 1.3211553839715198 0.1531117659671441
v -0.63741806180950833 0.061740006233675211 -0.013385912809185042
v 0.33922656287848635 0.19283475798605268 0.44520778906735131
v -0.70965143119603669 0.47328635366117872 -0.05410777517915575
v -0.14074722350490385 0.97436730235205016 0.020292301386574819
v -0.083740178633907023 1.3962242672116141 -0.090102776047722419
v 0.04262143444824653 0.032331677025639681 0.46751619884805262
v -0.23885745673627179 0.30840258412859567 -0.27082939481767482
v -0.63652701026443614 1.4037977136532971 -0.1342858967107643
v -0.71022677772173992 1.5548012307365562 -0.38485181150243869
v -0.035607838114743488 0.074233249461121795 0.44106018175751599
v 0.17209267046262061 0.41360801037499306 0.63048612650011671
v -0.66021939529032736 1.5724676955445895 -0.5266280118008303
v -0.37597043477934583 0.12059699983918735 -0.23104044348987979
v -0.47969521075035076 0.035744385577354203 -0.087023764438182313
v -0.71954538778579002 1.4705435737324553 -0.41015258909552871
v -0.68022712992843071 1.0399570035375272 0.63286648544907231
v -0.72474424946528249 0.62634609694254795 0.53554372476465639
v -0.21970965989672941 1.4775870155272268 -0.11390337929616662
v -0.65963312235559646 1.1231290938059453 0.0198480295113975
v 0.050417671288800321 0.037350244152411768 0.29609229316621277
v -0.16795309772273925 0.77229822119385672 -0.16016103737455706
v -0.10811985971038328 0.71336018981402471 -0.19250027769794231
v -0.74042160391222533 1.1268881003758262 0.034037584658942202
v -0.87843935402383722 0.84023911752359171 0.23150646567392605
v 0.25033355553230641 0.031969223070635162 0.33105650279755189
v 0.20610120896814957 0.023563870509139037 0.077064280514573799
v -0.44529149172403792 1.0543202678576398 0.32933155161563776
v -0.31225772791554635 1.3630401647004264 0.095561057669996202
v -0.46710617463878407 0.95894744315563896 0.40877709616927421
v -0.32877393944660699 0.81702682210416655 0.48306527112261399
v -0.73613920653416864 0.37634378385867945 0.10315145484343509
v 0.28505185927909904 0.29422999763411806 0.53299363752657047
v -0.48109623303804661 1.0571212806386945 0.41531419076896353
v 0.20285873061711537 0.15986939099801342 -0.17078899864623828
v -0.55197418235106777 1.1745950317245495 0.075304323870349826
v -0.71153379996179289 0.052905234586389092 0.21726398998963325
v -0.44192858401891244 0.49381757330627235 0.53186272008445912
v -0.26754832932781547 0.88803028168686682 0.43444611915886161
v -0.40817366565501195 1.2551936256326246 0.15983950567384489
v -0.18010938868819512 0.072006865511090479 0.17907825656566462
v -0.61215169179472928 1.3312302518395691 -0.15708933956989746
v 0.036563189856978859 0.11786265034402395 0.5476494318291536
v -0.54982885912616586 0.88708156994603027 0.47880556641155542
v -0.67791630339827214 0.83637181813541073 0.51145047902479301
v -0.41465840378421726 0.73756836636328293 0.53284854437955442
v -0.88749687619447248 0.58292001879270383 0.2693204423575426
v -0.19314136838797852 0.077041700965192944 0.46839413814053377
v -0.93786625334756146 1.018217621574429 0.39540094755251309
v 0.2530421553322833 0.29657428422444371 -0.20544308663956826
v -0.85637370518312128 1.2236854442160774 0.18351268614990218
v -0.91320039636690853 1.2209541299906455 0.28719613024903173
v 0.180550950877747 0.46653751201169463 0.63868543978335823
v -0.5717607661472367 0.43370197629372603 -0.074594574277344533
v -0.92937315107626883 0.9234706380033898 0.5319448812520553
v -0.18616031135357741 0.73895518964686902 0.5460477891764598
v -0.30476464438002115 0.076514883355254651 0.091725723054978128
v 0.22983120781711044 0.15366733185393225 0.49692872208795857
v 0.021978178661680899 0.38736009266927951 -0.28240017111176302
v -0.35670162581936188 0.32706735006964505 -0.056480259742532707
v -0.32331511343340619 0.94720950381944291 -0.0085399941814144047
v 0.36507511110805541 0.46289152345929896 0.51016993799883315
v -0.54021385657838861 1.0747649272530635 0.47002874611781109
v -0.65607556938848288 1.127864572893676 0.57633831610275799
v -0.66801389152776092 0.31842638947133928 0.28781600075411301
v -0.14053274014720923 1.6314725690382059 -0.10028643953027648
v -0.11168076089795451 0.80655665681562694 0.52732121876256366
v -0.052457500738928339 0.32253425201713293 0.66112232566163209
v -0.60817859445942712 0.8544583058721581 0.48701920169431379
v -0.38314810327050475 0.40664448215517235 -0.084577184250953452
v -0.29012451805497341 0.048290383240611266 0.21420140061496556
v -0.276111774018862 0.48071024168960769 0.52281441466300782
v -0.39170552244446855 0.3700352021061506 0.52265298001975513
v -0.85486507766639253 1.1887667911308415 0.17305031391490253
v -0.099840282831464622 0.53556819473985795 -0.32532400342803403
v -0.53915951213968483 0.28183739429142901 0.30995519145877815
v -0.052120376948152435 0.92874557124311929 -0.068858703647891401
v -0.33338910179948023 0.12993880363360891 0.56274132464758941
v -0.63222264008402351 0.035693748603881692 0.21156418610262742
v -0.87855059742808228 0.66802720291297457 0.087016834024191012
v -0.46524563816323666 1.2022306888535672 0.1726429238334625
v 0.29405112516948961 0.78975238038596429 0.47491047254218921
v -0.14568412595972347 0.88230306554526883 0.47872093103186991
v -0.71832659173415236 0.99301863809662216 0.013370576704151324
v -0.56414587568566288 0.24169784361992677 0.18710669973872782
v 0.31433345293781506 0.43798424564787669 -0.17397735429356057
v -0.37186965042948489 0.045166954693645005 0.53737217271343052
v -0.79740589933113848 1.4988994768189905 -0.30423508022306228
v -0.45649514330285257 0.91967198589162547 0.4116431355996702
v -0.25876291275664104 0.61349859155859443 0.55817389693417818
v 0.21726637113195543 0.96194258200360772 0.015343976979343405
v 0.12009959678715736 1.0457210167498596 0.18618946994105862
v 0.07558414094868246 0.073391692763542155 0.36853302024069384
v -0.38017374363843603 0.12689841061164503 0.51278923957234068
v -0.72439994634060745 0.70693641293896003 -0.06539653721442458
v -0.24148956052091219 0.41661914467115624 0.53883578322757697
v -0.54021805914720666 0.12751442762992521 -0.025489793077971581
v -0.762047585394383 1.3102796531228098 0.13118187130791018
v 0.22662761437978385 0.23798684229082165 -0.2196373494118419
v -0.65738696806245389 1.4634311836494505 -0.23948001916969072
v -0.54121369797664398 1.3275312789673082 0.08655582774879976
v -0.4755344904897208 0.10312910570574074 -0.13133095191885627
v -0.8911010540225438 1.0249881835130139 0.11423331499244604
v -0.35394808919299714 0.69843701846106987 -0.15665708846964213
v -0.61064343850710967 0.12829640089241853 0.3371695917652372
v -0.27426109724207665 0.074038641994183155 0.42887950930260771
v -0.66495559209613553 0.68617396285509091 -0.094688359152355323
v 0.23613182066688734 0.43313037114419023 0.60552995787451669
v -0.20998542951836122 0.10170547677346581 0.64206828145262307
v -0.28479487910532009 0.066470839160640005 0.32148934125883744
v 0.30087515839882012 0.25590901533326987 -0.14288779433728968
v -0.4604851769281581 0.62942042169243184 -0.14244274619375374
v -0.10588140130437691 0.22608498069055352 -0.2770955529184525
v -0.13129840658572825 1.3563177454282669 -0.014557963332640596
v -0.47829531438957906 1.0040089287860487 0.43636068984949722
v -0.30956101144620862 0.24807811759138823 -0.148885822853462
v -0.28300076269538682 0.99284026047718865 0.26413800819925792
v -0.92167708948907601 1.1855973414493168 0.31151865406007484
v 0.41758160891819718 0.15932245744670329 -0.011773416152133755
v -0.68270983294579346 0.051768589146901522 0.24871473930377663
v -0.56809174459488543 0.88156866341934759 0.48241249269189856
v -0.72343535283160798 0.48418134482411457 -0.049377936281967426
v -0.62679704619806487 1.2686520008014857 -0.13921813961197577
v 0.31182243532080678 0.30092608801293985 0.52218089308112869
v -0.43728505614414809 1.4454543227811179 0.11779113117548468
v 0.34079949923336222 0.17707211407094167 0.43430026970014107
v -0.47061252768920553 1.0856738658742737 0.13759484105938452
v 0.020657464815894533 0.091720413783187141 0.55702450403755988
v -0.083952394322832538 1.4020816349231262 -0.10667521195109914
v 0.28115702032311646 0.43774246452744403 -0.20000756292629476
v -0.92052245818260769 0.92427516649758534 0.55658893649099106
v -0.52637399374161786 1.1802097660323254 0.089859052066210712
v 0.1880156416711479 0.17894395776356922 -0.18844787857426626
v 0.077976697839873418 0.52743825249715826 -0.28643060848423985
v 0.19009113935587652 0.95907177596559923 -0.0094933659400499304
v -0.12793098422909391 0.89393047834706829 0.46998550180380416
v -0.37479939795801226 0.055320372945399487 0.54079248865535512
v 0.1857212984620463 0.65065597647037898 0.59579979566149044
v -0.57551051722923163 0.36138885133218829 0.0061116768918345167
v -0.89618455811202136 1.1492722770761246 0.37353286549887865
v -0.54258930597271615 0.18188515074066636 0.34786008000823548
v 0.15882190507403476 0.64275080719294952 -0.22357461573131296
v 0.051046033509360572 0.74350086281963867 0.53587477972180164
v 0.55752361108583093 0.1756686073722693 0.047887246472896432
v -0.40435033230226469 0.9584278671333043 -0.035293441865756427
v -0.18500765018698384 0.05326242393316654 -0.21249618861275832
v -0.90514163004369963 0.89715190717502746 0.41625131913311747
v -0.19768955419524067 0.97293494614247777 0.32827579207619972
v -0.90462137304820434 0.94836540387665036 0.1361458007003781
v -0.58102482982812564 0.59854038153558653 -0.13074308590483988
v -0.88694459731182751 0.86709685834484695 0.54262415888541471
v -0.66748945756832201 0.7985816442071586 0.50457567510698942
v -0.62716618288634574 1.4275098871041285 -0.51556210775355349
v -0.30157753526343611 0.5120008514373845 -0.28707350363940598
v -0.085007090382575035 0.027131516270663975 0.52807442658614578
v -0.34823933122083839 0.032016034397157077 0.47029134662021982
v -0.61212915806460733 1.334484492432529 -0.11173742463446228
v -0.61988393952665999 1.1662234404459106 0.51237055906871987
v 0.14855381379371765 0.39445917591607554 0.64021077127551351
v -0.1625591704155151 0.93395503549567083 0.42947720101275949
v 0.36492070319876529 0.88183843245074089 0.068222252011006748
v 0.15364518566679469 0.3118907185706643 0.61359475787342221
v -0.55310036453341016 0.05710262521956045 -0.046328573033658692
v -0.072375403993102314 1.5495667499984984 -0.22451598961397271
v -0.16829558884129844 0.21980441840829343 -0.26401818376389291
v 0.28101944863236622 0.11318916207759215 -0.0094888341601995427
v -0.25242246182731715 0.66317550157283611 0.55819708868592621
v -0.22563243773043368 0.71147846215619126 0.55117579767139135
v -0.14385272299254154 1.3855042256904877 -0.078046816443785721
v -0.72159770207420204 1.2124187004411922 -0.061315387082895828
v -0.94357247180832837 1.0415178340885163 0.34680759416369866
v -0.52776283697101234 0.56096395935410059 -0.13646913903986549
v -0.77805039403695542 0.7968511831585684 0.45883705482703363
v -0.53939223960575267 1.1580388517733187 0.077865716341633209
v 0.46096294214198197 0.5923908502041858 -0.027265611424163026
v -0.72650748272614984 1.595594153425633 -0.47422593460099882
v -0.62565974695196225 1.2861913092396287 0.092685310365294107
v -0.072093742519526841 0.16159319168554381 0.57413753654376387
v -0.54272069151150626 0.73450783480529069 0.5470266310945241
v -0.31009247622344777 0.2271826439124417 -0.14305490205255453
v -0.38244153120486107 0.055097738463325482 -0.2411760923674327
v 0.0018127049381798405 0.68950707513924137 0.62316960162559965
v -0.077397048453880651 1.5402156512767762 -0.16543728290019713
v 0.10069458186194101 0.023271670696425682 0.070586701781005484
v -0.45204116765545743 0.459976536696455 0.53010171258156003
v -0.10663168923487444 0.18319378176370765 0.59248128005029843
v -0.29687065084554459 0.66262898192526354 0.55435262969388455
v 0.20822678268482797 0.60507254449956593 0.60580221661333966
v 0.18971397550420921 0.73952349811511009 -0.16388916762846348
v -0.052503835697690078 0.069248272331149344 0.2774148502422214
v -0.26652066891070941 0.9576230501131705 0.32822572226780189
v 0.27027377482314852 0.86421005912199234 -0.059226518846172277
v -0.23865275879666287 0.12178012345043587 0.63444480754398336
v -0.27983504310950158 0.5098082155251682 0.53035025893284327
v -0.8434023028891805 0.75570292983488052 0.053027861777077537
v -0.86724383564881069 1.1408978766802986 0.13682642149981414
v 0.49762174704364864 0.55588718344930765 0.3026125569899642
v -0.016212700617730606 0.3165320446549702 0.65842262278580199
v 0.3113404673922745 0.14873316741400314 -0.020856652392464776
v -0.2625391622296589 0.43217113259104845 0.51121434136780997
v 0.18068260012815424 0.036494712382974366 0.093401721100277016
v 0.63157219099946416 0.39904044145591938 0.17321930007043618
v -0.50386158968099581 1.2508895980193007 0.30271314556334322
v -0.050943321983363841 1.0013934753448799 0.012430578549047003
v 0.12279043208745008 0.16106341547893679 0.57980163873264201
v -0.72113283543317963 1.3529513003515194 0.060449234187972947
v 0.55470037920641835 0.31835631484906957 0.023461691548186718
v -0.42345946641165888 1.0010944574838656 0.30436529514282962
v -0.80635246234202063 0.6941165220877541 -0.010474136297456466
v 0.4631472508854157 0.27235049311476967 0.37529104858019469
v -0.037518936465154099 0.040560284941265456 -0.11063317601421925
v -0.29732054080428166 1.3858602170564098 0.062065626480706515
v 0.13253071636893843 0.43972950674149641 0.65534805428477294
v -0.38529935373849528 0.5857643812544806 -0.14710846930351554
v -0.021856035317364915 0.47195264591982589 -0.30982059937797402
v 0.47878827270244123 0.70727024291272456 0.21604117200413064
v -0.31082125651075909 0.63239375964056455 -0.17877862251391202
v -0.083242465366965238 0.24692328211396211 0.62253819783802988
v 0.36163080499400474 0.89324071352032963 0.32194560717250581
v 0.42380898868368355 0.39710596068703469 -0.062894022698170446
v -0.58105495543075147 0.48711982440818297 0.5450531001641471
v -0.36841652189923346 0.5268448848271009 -0.14512851502333554
v -0.050735775111711512 0.73245384659339163 -0.1729920293165286
v -0.67398199743400289 0.92698298875723506 0.0069951842778045604
v -0.67705422552367212 1.5989720154027849 -0.50398974198160973
v -0.65094687759557024 1.57033792664764 -0.47265437414664646
v -0.84557097655829849 0.56533709547132938 0.41310705413162163
v 0.33186310012436787 0.75480459001002509 0.46320594844613688
v -0.45556693813273264 1.2516815121005223 0.057643488250079256
v -0.23879551721545164 0.03311264507668394 0.54504969107494106
v -0.763576645138068 1.282521866461906 -0.11279210378604167
v -0.31051654115708494 0.040645197300798117 0.32146282969772089
v 0.25146575013290118 0.29847616208802508 0.564376051270159
v -0.43028942060637232 0.27805306498568982 -0.038259649925944952
v 0.23621568559027398 0.082504477773908666 -0.024419543258696653
v 0.17568583787834993 0.18754375668946674 -0.20129881903873098
v -0.61713689523315984 0.10223138966209104 0.28121904149180088
v -0.74380789843164929 0.93795298936158622 0.66310536494054229
v -0.62664389213636451 1.2557173506963488 -0.095081915376651505
v -0.87207144389304558 0.8470435347973243 0.32061922265493986
v -0.90234284224971983 1.1609382235302275 0.26266383891516298
v -0.6275507368840938 0.99305501261062856 0.60257177880189861
v -0.39246050505680785 0.92116084669998677 -0.053763401027040802
v -0.35113403989921044 0.95176875078188528 0.38990407689066697
v -0.018581335431934042 0.03034742890598922 -0.15229642650639136
v -0.90681308488902401 0.60255831245195468 0.23701038400616695
v 0.035994454124252007 0.69798400472703215 -0.21562483898549406
v -0.086140792691124971 1.5925265781464397 -0.21167429453803924
v -0.53530312095595456 1.1228253664592041 0.42743374469513606
v -0.62302541978146331 1.2081243618017126 0.021609274716345495
v -0.089860866466794947 0.57860373237291463 -0.32308709647075418
v 0.10884727206787202 0.23655751121598881 0.61799728182250291
v 0.2725740928148413 0.027134698696389858 0.087986376869761351
v 0.26775189613414474 0.76819475370683732 0.49463173972190783
v -0.18897213595499809 1.6043537962219478 -0.027825009493632036
v -0.54217376981349519 0.94962571444131016 -0.025128148442819475
v -0.45686891072566604 0.43997937764590661 -0.099557828263125175
v -0.022545267251557099 0.20848526965019915 0.62765013127276403
v -0.13596384369454462 0.027778912376671433 0.57188954573566098
v -0.65851422831578699 0.33221397655328255 0.33352079895328945
v -0.75850438884987659 0.51256044318652583 -0.035525377167296056
v 0.13283426714646454 1.0401834233095442 0.14869581640845927
v -0.193829260430844 0.95472034283679685 0.37905623333896882
v 0.54456530494472577 0.16830720362202722 0.043311836482460946
v -0.6484237053357379 1.3034941199507841 0.098546685588508445
v -0.068370546303248972 0.02911790014855261 0.51580192908079425
v -0.14563484616537267 0.22186196351731849 -0.26595299341072526
v -0.27189651742980575 0.097928653447361999 0.6342200807785292
v 0.14948274024338712 0.022454462661462705 0.062692125729404483
v -0.73349184745677354 1.227735156710247 -0.087729907582864392
v 0.28350012078179043 0.83665906437470461 -0.063172537849018384
v -0.88921636920043201 0.88066786457128121 0.56394296826172963
v -0.7854181379027837 0.77742384058884517 0.45418340137612762
v -0.23670280170754388 0.73626692838657315 0.54025845091509495
v -0.11067266082358336 1.3862730622692887 -0.081415015016426007
v -0.14383324458030317 0.95276722088651256 0.40904875374821981
v -0.62085289270118293 1.4382633541871592 -0.49918967461301
v -0.93628682919174833 1.0683246842472653 0.3124693529519017
v -0.28044065828291098 0.46289334446795916 0.51104520319878233
v -0.56710172778024093 0.036652762393488393 0.38696099606521644
v -0.65344172290504599 0.7565136403300996 -0.088848637680480971
v -0.3908156907378405 0.085886627308208605 0.52258364832854098
v -0.33445286432219046 0.21490741331698815 -0.050620061354708257
v -0.32284613581693572 0.34038173879192213 -0.13833940613903761
v -0.016510450825496535 0.065242976881792189 0.1456835336691483
v -0.66823650437308768 1.3169624793270489 -0.39930977086333636
v 0.64568841109558395 0.36317296186193837 0.1445490276144937
v 0.0028163998562606516 0.36897476691159464 -0.29287510959652863
v -0.81415562249892859 0.46415381944055889 0.10284977246834388
v -0.7159537249053799 0.037901699250625392 0.080366768946258396
v -0.70363803118533175 0.39462414616401376 0.41294814309776523
v -0.68124811172908994 1.3428242814470672 0.061799396685639191
v -0.6627659710791336 1.0561559694340565 0.0096584615896807557
v -0.48962559059118876 0.055614888440770394 -0.11678992205072379
v -0.24270471437490182 0.96032892696542349 0.33316799832204175
v -0.79659082742672294 0.82626373580549262 0.039552847175314397
v -0.72530983373405433 1.3025925451353282 -0.37428200116094035
v -0.86463220834857146 0.64671165873498282 0.049796749323487113
v 0.31013201896135545 0.89320272806708778 0.38881319080776539
v 0.075163832626735691 0.81982597961917048 0.52049179405070989
v 0.24937522214221386 0.66625141228780893 -0.16718549509584868
v -0.091206741399336641 0.23890113896362861 -0.27971667140385187
v -0.41379683404327466 1.0200500634734777 0.061195339744514424
v 0.32085283306636769 0.22351245001896711 0.47604118714681332
v -0.07413065058222737 0.91326157763314741 -0.079465738796236945
v -0.67718711121854169 0.77832221257293843 -0.066436176477626147
v -0.93400377257364542 0.96278713058656562 0.51555958271728652
v -0.66264410235752613 0.66858417687573035 0.54461562223058047
v -0.10985743173062101 1.3810660539929465 -0.024569085707143976
v 0.60941664846769317 0.39670409652576449 0.26856329826739039
v -0.76484022250951522 0.52265916935135803 0.47862255423963557
v -0.35237961779673344 0.029941755027384227 0.33793927502934573
v -0.49767779462703376 1.2601673833477791 0.25464159450407992
v 0.028139132486354777 0.43012416477657267 -0.29663186124503321
v -0.031857226932697012 0.078292616775863799 -0.082139288445476855
v 0.53368979027061014 0.18354505913261304 0.019584457788961004
v 0.22966671940462255 0.51707796173519638 -0.21775743205870438
v -0.55043087932881307 0.17218331026567993 0.34713943768436395
v 0.21036473747452639 0.45922305893803955 -0.22828200456077052
v -0.79877799684695916 1.0800883274115802 0.64826768545652624
v 0.41018207204482032 0.083192531257619329 0.32350022211765339
v -0.66034623449554497 0.90889939562368705 -0.0052455089342999146
v -0.17029626750197974 0.98548905432290335 0.049365803768849428
v -0.47189013100546734 0.53798293396837726 0.55404938302265727
v 0.075202459940544447 1.0372758612837474 0.30832502639615877
v -0.5161410770639413 1.2149736512865368 0.088536399491032092
v -0.62624469378386216 1.3261712648765411 -0.030069895035296994
v -0.30192962122548389 0.069866432102922343 0.40501818168021925
v 0.48746692283428056 0.66512948487714763 0.092728958898759858
v -0.74516216830305204 1.3202565339430532 -0.15422256734382001
v -0.78094111789576182 0.83543617997730457 0.56343581080063421
v 0.25585719310376087 0.034886783409362528 0.20294863727661658
v -0.89529541644977073 0.77411836996151595 0.2943077250766501
v -0.78540096718335239 1.4997953645963702 -0.28455917848022771
v -0.31821273265791133 1.0028921778973154 0.27201172509504024
v -0.24082277038105429 0.99414233863586066 0.14025907910597318
v -0.63618745258879295 0.74789238176904271 0.5385017809436361
v -0.74149709738251957 0.82336956027558461 0.51744460778484591
v -0.73938552298795379 1.3033312580784313 0.42561271454361277
v -0.52672403139628177 0.31295555867649849 0.3932266620509951
v -0.51765005517373164 0.1375459622655936 0.55367703980277883
v 0.57914740473135851 0.17123852370645631 0.28833827304314646
v -0.41616042184024443 0.59596451676559947 -0.13844652268698851
v 0.49959801482770311 0.29592751787242988 0.37149676722831437
v -0.519312929651223 1.1121779873478594 0.41896220162694536
v -0.74936697140197706 0.52391232862786119 -0.049936223036093637
v -0.24639703934097859 0.14152025302592505 0.61044456379756717
v -0.71283104458696367 1.3390102943872757 0.091618146294620048
v -0.37652049496177092 0.51444975289519523 -0.12420230827038141
v 0.56325164317045995 0.21903994219082887 0.023365968068720246
v -0.61072499773775091 0.10018011272132372 0.29370192201631545
v -0.82953714407040802 0.58982010867300194 0.44076627318520822
v -0.21467273250025518 0.75090093761785259 0.53851873133342132
v -0.60776893316608538 1.2563894364316244 0.081739065344968651
v -0.34314630305615007 0.92929228391096996 0.40851827829419174
v -0.89159881719557277 1.1431435826039071 0.22938075388861406
v -0.12677763118765481 0.92548959101913386 0.4533391549723812
v 0.0063100841426234735 0.70767094705753408 -0.21114710523212382
v -0.65176851389477863 1.3081188534326338 0.076086317109517507
v 0.38116479468337588 0.88177297009556521 0.15644317109616257
v -0.3948119873966377 1.452722089520337 -0.0086236892025420737
v 0.10134639316072293 0.80810835429008876 -0.13879243138968017
v -0.51183411858972749 0.033567842988567138 0.037636866201741163
v 0.26057838051054866 0.78522147021804201 -0.10214890117149976
v -0.36236624747028601 1.3479328813553209 0.12686933473843928
v 0.23436745034655618 0.025885285129475834 0.32159588792383836
v -0.36686614263273826 0.99784393273557381 0.025235596379512677
v -0.15062159224437205 0.99968143804359877 0.080516940437210818
v -0.69928586959121852 1.1577811984772493 0.025665684933832592
v -0.3147652285190361 0.089775156066808512 0.61157954789753821
v 0.090083299227049746 0.94592133636168796 -0.06417257688493623
v 0.11223943455979846 0.020952815852447407 0.49415106501450456
v -0.65223689342781022 0.11779215458768016 0.24284739131196123
v -0.77284142008002832 0.62286572908357207 0.5043482915674089
v 0.13360049202428861 0.3352805621187756 -0.25464145846606784
v -0.089714286771538032 0.42462859396203767 0.66193961844058502
v -0.8920461166694027 1.1469094987285797 0.41906874482116879
v -0.77451194546889301 1.5557472304907447 -0.36886628080899514
v -0.013581686294239177 1.0418247586428504 0.25552649009457273
v -0.3695137246067704 0.17574618880134804 0.49673260763719268
v -0.06730553590205772 0.72301591571641577 0.54653604822399204
v 0.045277723455758208 0.039771826686914764 -0.095395185327849311
v 0.24589170790197623 0.3913927970063002 -0.21739275798502158
v 0.40549214091395641 0.71543155638966816 0.4182048483308245
v -0.34005158306973465 0.036459090964446522 -0.2263797597805903
v 0.33481851195810869 0.027815364285448139 0.20471772541593405
v -0.089300292711714691 0.62815173479706354 0.6694621810549396
v -0.067728949911115402 0.82224419317154507 0.52652571395813486
v -0.58257935248539827 0.31828394792781162 0.047613798472877465
v -0.45926951165567775 0.17963851503026623 0.49685025118846604
v 0.26291020472010285 0.023123638168637085 0.24328080932374371
v 0.40497404981242979 0.2079292216770055 -0.019512346111451299
v -0.54508512517245289 0.1904159182297934 0.44598601012279016
v 0.40032809003871356 0.38599613362656515 0.45555394981615394
v -0.48840401738851902 1.1366719224580852 0.31550566139734654
v -0.7047819227351565 0.8183322852690883 0.49498837189352701
v 0.096510349434876241 0.12591604775866691 0.54739520612589432
v -0.22026600311680641 0.060698687022438066 -0.22227457361112463
v -0.23439803676376098 0.99704263701033236 0.22616035605120449
v 0.098789975978416586 0.72493507998696838 -0.15674092267784009
v -0.34197571651807834 0.35612285777979763 -0.097718346249396668
v -0.61905532979781774 1.3848161225756475 -0.17153866238154433
v -0.60484271860941108 0.16000052869981421 0.21397927241550332
v -0.78979414511169566 1.5525264977440221 -0.40904159198133649
v -0.36750097702791296 0.56094599818932711 -0.15205600633526653
v -0.51791883852440679 0.25063415563429703 0.23883931681683887
v -0.33655492447266067 0.76544044065904882 -0.14229035054967701
v -0.050741980896109838 0.36352346427825105 0.65665036305509494
v -0.56620886882094223 0.036728048133873308 0.50928577974217282
v -0.070869272195840355 1.4185432816678356 -0.13104493950568577
v 0.41130346828500247 0.79595522390169282 0.35508085943447754
v -0.55834096681152778 0.77940779316316078 0.53002490841541783
v -0.31501134215450982 0.080898871794889415 -0.020083449741863501
v 0.13952833725424715 0.91102803089770001 -0.087689823932109959
v -0.58662450392001719 0.26762538171156647 0.125204364737035
v -0.19489915628549875 1.5511027447138068 -0.044621992163757944
v -0.74199987852110449 1.0484031210413045 0.66388002558240289
v -0.84373012035576711 0.93862040875186836 0.078600295937960127
v 0.12747689621327993 0.034867983768636993 0.53042226582164664
v -0.38854756489090808 0.63661974319913273 0.53524804663417647
v -0.69775524805399847 0.13822932445908642 0.18646795177921932
v 0.3059768234540205 0.024524696971103262 0.14053814166184597
v -0.71876284101681387 0.41044727972681516 0.42318277128299991
v -0.68180621744041681 0.035481249901800516 0.10230086965439682
v -0.39234503659361175 0.6109129934221933 -0.15628501889739418
v -0.8001394849078699 0.60251578457310484 0.47744193876548019
v 0.28252028140359281 0.61769389797790031 -0.17510397346037196
v -0.45043731215086336 1.0242645524067719 0.055593424017309927
v -0.5672655469506348 0.17812481340860251 0.38818075387205164
v -0.30827025468902325 0.29386807958684347 -0.14754549889740248
v -0.063951052104384259 0.23944311411124578 -0.27344557061252012
v 0.053993472171826699 0.83599073522164402 0.52138184641284913
v -0.72193099577552688 1.3295523769882767 0.11413972290078692
v 0.41696781958007467 0.10518157482554383 0.35289332827135289
v -0.78384972428296829 0.53620248444255703 -0.013211576670857521
v -0.35324056211746618 0.031122872880785444 0.32281187950352302
v -0.39399347059749373 0.52443163050857833 -0.12506412669145867
v 0.39105007130534492 0.86922067714079199 0.19037213574173445
v 0.1141777786340174 0.43921137304262842 -0.27072563369768132
v 0.65066638117850151 0.26393280582172851 0.20376473921292551
v -0.13481968606260142 0.34239641470267385 0.63451493398409797
v -0.62763128101075416 0.35388564095420771 0.031334989118870442
v -0.13989692178873106 0.83100870300314 0.51004592717947705
v -0.092663184447024399 1.6119264529532384 -0.19265832076263004
v -0.31459411643236829 0.44198326367184443 -0.24828296326820304
v -0.23727311739859622 0.24276034476506386 -0.23771259303914713
v -0.81243567195550226 0.46422281392108566 0.061965172646885815
v 0.35662225069038411 0.3914004125377048 -0.12711905118587924
v -0.046065061032615394 0.02556127951538955 0.55108054597449985
v -0.87570313793237287 0.96124178810501693 0.60972456714202106
v -0.04733552844258905 0.11984925374996537 -0.20091834065069256
v -0.013969334122882668 0.40356580745859755 -0.29282606517137993
v 0.099872975859737909 0.90729892968412484 0.46789879560641223
v 0.42414025960525026 0.095238572996024867 0.033574497360888383
v 0.373439838014331 0.6725340705885996 -0.08412559961789734
v -0.39985733304144666 0.06164594722614148 0.016487797235366849
v -0.024092668203466942 0.048736393216303839 -0.19250816913421681
v -0.11933649662737789 1.4058550255683022 -0.034422312187655409
v -0.73656171269597848 1.3179116393441561 -0.25451946833810785
v -0.77752170990864866 0.58615669287433891 -0.050183530142951696
v -0.12167750127490867 0.92221552044132715 -0.064702039078130519
v 0.22051011371776574 0.14854518409630524 -0.15208660757851125
v 0.17458635197778175 0.60485607781028405 -0.23645669737768224
v -0.32499576324357538 0.82514866243714302 -0.11166979862783995
v -0.41203889625666401 0.19974557648727423 -0.038808404950615556
v 0.61668175132104008 0.33991167406491035 0.070306425038874493
v -0.88220437067670388 1.2034908280054264 0.45041686071221015
v -0.80274380903232911 0.8126459222384439 0.42978706848656872
v -0.8138804636503626 1.1256543183788585 0.077020792625285189
v 0.061206540492513943 0.29620953923678872 -0.25756046964564999
v 0.21674897194102227 0.64237054084695155 0.57686731422683246
v -0.44178395351020705 0.65679749879209359 0.54781058657628878
v -0.46846665382558028 0.26226337571621283 0.47484691313843724
v 0.070973091226302104 1.0492906962396471 0.22575645338460426
v -0.35025502639874728 0.45954968371496774 -0.16212943986567568
v 0.34462371616026088 0.42715219118899983 0.51274658178859744
v -0.06684770316382492 0.071437806627014003 0.37323911736990528
v -0.85245444393640879 0.85445578902382424 0.1348305016554763
v 0.34744127248227152 0.079936210849012423 0.34092085044803488
v -0.74860169432348656 1.5271899514840501 -0.3086314955147994
v -0.90567693243557446 0.74487524757387458 0.20704859367667239
v -0.8689296694099431 0.82461449570120249 0.16554681851252945
v -0.85408095084238089 0.85870382105094067 0.40836918293439101
v -0.3232318211045539 1.0091560530347483 0.12853970930725778
v -0.027106514232859855 0.42750223261047987 -0.30243105599041553
v -0.02172221967496769 0.84909519758833762 -0.13901125176505444
v -0.28502733077559556 0.4867060678433589 -0.29756821773025621
v 0.055442348862464248 0.072240910763635605 0.0079273809724449036
v -0.31637140882974069 0.40042356462111245 -0.21324161075520989
v 0.10236624276808685 0.33430654040375712 -0.26482980107679949
v -0.22508120364930892 1.5550108454258831 0.0027119451441153888
v -0.040724561626597836 1.0277339828060421 0.32670725187765159
v -0.094679865989187387 0.37753654599701214 -0.30257832369820742
v 0.057029389327259435 0.16287679202418837 0.59728604264179008
v -0.71445868802837142 0.41788712709325898 0.022347875400364321
v 0.062764428085685942 0.028859345563357595 0.058149530727600651
v -0.40716797915947767 0.048401432209855641 0.18548635190659263
v -0.72985792534131877 0.34459843396212314 0.24424761129878983
v 0.60008490878384124 0.37639919263518046 0.079870973796067696
v 0.10835111750757598 0.76134345973314521 0.51800988714427898
v -0.6712147203595793 0.036623574227929681 0.14926373369610293
v 0.46795762920907225 0.65633152279275409 0.034291110425009222
v -0.77190669205388451 1.3118746269842905 -0.051260259392576439
v -0.52396612056475389 1.2046534633079764 0.40442232132023759
v 0.04392582818566898 0.72614171441748321 0.53965679497702979
v -0.62893840091776176 1.4131536352513501 -0.46944195612437878
v 0.23723423241510855 0.61713012583436633 0.5682671832298607
v -0.46925479992774066 1.4075863878290362 0.044012754970606263
v -0.83974301019397235 1.2702105563962194 0.15932004864782118
v -0.79270977351215399 0.42446225722191905 0.1403699734951302
v -0.34404767732848096 0.22973115227722604 -0.028394939861182009
v 0.41576195616015765 0.23212717090939769 0.38325355354703883
v -0.67151361229805506 0.95294080396402914 0.66096581338025662
v -0.54817435799039971 0.98308929257440369 0.51924944761618141
v 0.4851676044422582 0.57001832029880595 0.029442404535885449
v -0.41604453162357974 0.38878051339511238 0.52015918278499274
v 0.48347077681049977 0.64464999421277935 0.31756420296411608
v 0.1775365141814719 0.96516061402146025 0.40928186168247011
v -0.39791191080513144 0.52061387611777199 0.5332476819606693
v -0.30858350736837625 0.5645745569857985 0.52595625088624975
v 0.078313362394522162 0.027211965251425694 0.29929773802499288
v -0.88123253621941189 1.1320268637009954 0.16493229210336047
v -0.49960615447515211 0.31286044024971132 -0.038397849050725019
v 0.27967203534609492 0.17989938237077371 0.47187297381042564
v -0.084186944631596025 0.95345983687109326 -0.032791017699828132
v 0.034416030535496793 0.036441306722271458 0.55088919980409756
v -0.3961378518275494 1.3346054486306218 0.14656044708873195
v -0.447367788364329 0.81802546570124757 0.50322206453660234
v -0.35309358090710818 0.19035309979026277 -0.12520141738809548
v -0.31614079840265247 1.0108389554328463 0.21648935952980522
v -0.3006762096830386 0.82148644736339438 0.48415107051090567
v -0.22715197128421341 0.16669642399742454 0.60666953485919672
v 0.13514655554685512 0.053184840509056926 -0.1700144735625109
v -0.1362797686289885 0.99138230703630914 0.050026309525293709
v 0.63851768075213711 0.37690682929684333 0.24672085906691424
v -0.80921080811014801 0.41890404069377563 0.25496414406895102
v -0.60960702580987913 1.1623010765454356 0.039731921067637579
v -0.82114633838173046 1.1853342412099053 0.11169073390385148
v 0.093607774850412648 0.5353745930312126 0.66868962949838606
v -0.22497138400951056 0.22661734133468064 0.51479536932245584
v -0.73317915719495974 0.049262092338410078 0.066685925278586342
v -0.4030370722287126 0.39133246413561229 -0.075936223387224264
v -0.5816679874323023 0.16599770696708668 0.02114917324706524
v -0.31911015662527903 0.37040172073114114 -0.18853943533464412
v 0.04472916583993225 1.014281737109159 0.36744770969386759
v -0.45175076519129048 0.17169693042932249 -0.040204638159933456
v -0.1932657153162709 0.3718507818580965 -0.31860890234047812
v -0.4630707997161464 1.2355579570241202 0.068454924155060409
v 0.37169227425313872 0.10919756634661276 0.35707434390546827
v 0.27215182710793034 0.021176244722380496 0.17409022813200825
v -0.22020609774944297 0.6390498485139261 0.5886341917575868
v -0.46063101667401929 1.0968892272803168 0.20827245897387067
v -0.94643827493774169 0.92644545176379733 0.32736516906357815
v -0.88331066881220044 1.029042933395808 0.10144947007220365
v -0.91826704522701652 0.91041028024755677 0.38843122057898222
v 0.33145620946239757 0.65691347413766643 -0.13002715749174562
v -0.49641001460201334 0.037149231331563559 0.43230215103288139
v 0.43213223598213468 0.17928432792680787 -0.020501273537865919
v -0.62223281524181029 1.4046480938549346 -0.31070405330078354
v -0.062168685886250935 1.0374798971016685 0.21339155706287927
v -0.44861472618884257 0.55504837137349305 0.55716029227206132
v -0.81758959811839271 1.2495573466125069 0.12928158149460653
v -0.84795422359818684 1.0323735780699923 0.63008985257388572
v -0.89447603330966663 1.0837130785389377 0.52966047024978813
v -0.2068773371609593 0.20411321827357207 0.53928898097771572
v -0.81478204052240444 0.48705372438497774 0.043932337047260579
v -0.4569275412363587 0.64916836121493915 0.55070618780347902
v -0.31016353769884231 0.3741786034387638 -0.2162047343717074
v 0.60754482735066373 0.33832741749507195 0.061006329893829869
v -0.034776091380722816 0.86894490767986676 -0.11702018869544095
v -0.099283930841691709 1.6139176678922775 -0.19622301791103705
v -0.075837982742804455 0.12468728826276244 -0.20399344457669824
v 0.073429290964462865 0.25107821737192743 -0.25943007387715383
v 0.11214494567670297 1.0458269424537023 0.24114513588232239
v -0.45301732420230906 0.26645795511890302 0.48754289719274052
v 0.067570947987302329 0.063594250192299903 0.0043513801588638068
v -0.74867540873705896 1.5131492811461229 -0.2815653204158225
v -0.31317937695215298 0.81761644084307084 -0.11685501505484008
v -0.74446891725178244 0.35716137945096915 0.26784397783051206
v -0.76605224152158102 0.60770086678987767 -0.058432017721589291
v -0.045723977289325896 0.40539267773857557 -0.30547876816245761
v -0.57570621204321526 0.95297468124524742 -0.0073622700654429546
v -0.13929629087700474 0.70117016559548284 0.55327219660935745
v 0.19544331234428133 1.0006187317730995 0.067924523369364845
v -0.68915244471046555 0.41328261017691997 0.45180493246085207
v -0.26206623236335624 0.044169397573426909 0.6336960284120875
v -0.12117359876716674 0.67346545667884672 0.6283678593371097
v -0.40807109464490537 1.3621548196288371 0.15667672022516821
v 0.42677690879353714 0.75749467463410125 0.040040639582881961
v -0.28790196058376366 0.74846713258114539 0.5282758018488366
v -0.83050700314614168 1.1742468808788502 0.55823867652359094
v -0.0093248456368663652 0.072613271207604552 0.38648302163350184
v -0.79439233492537997 1.444637655355814 -0.27265081972142069
v -0.44021629757648889 1.0625333169590783 0.19681006675575488
v -0.23442676160786757 0.85880184669679094 0.46123746383278302
v -0.68368060212654869 0.53621974247608684 0.53687134140706061
v -0.87886387145208655 0.58534834651474721 0.34980310627261318
v -0.28717580679122051 0.58427098701641467 0.54276198054455393
v -0.36792926314628399 0.79445461530696915 0.49117742554448146
v -0.062237860566172254 0.34342035300881429 -0.3025861394822606
v 0.23115412117864567 0.99911876244518172 0.12922641100171423
v 0.36590679752855582 0.19722266057368704 0.41819505159770848
v 0.34634268907515492 0.74036068646905273 0.4583571429269811
v -0.34074585037108651 0.28948038935915948 -0.046020869700560962
v -0.26911756590803881 0.76846715639185836 -0.16212699211328732
v 0.30264424596885381 0.46672314256906389 0.56431158169600704
v -0.29855969044232367 0.88896464799197272 -0.080041746249807977
v -0.36326501129518923 0.54108746995814505 -0.15454112774859885
v -0.41139696899092271 0.74490976487961091 -0.13521996459702729
v -0.31822494383700822 0.079185385477658604 -0.10741657402490914
v 0.00083452035576228796 0.066259366564833361 -0.091597729083748039
v 0.081173428720003243 0.70581619513709637 -0.17586256713255236
v 0.21211065127285253 0.1610238744134844 0.50764939316198299
v 0.26034274006338343 0.26922713392193748 0.55559051066627441
v -0.46895376931285604 0.16709066889652324 -0.030717191857625305
v 0.49915447712625521 0.55336035795400984 0.099748019944115723
v -0.91323932497073534 0.63378285076867469 0.28857475911907882
v -0.08144787882508335 0.14862753903993259 0.57336508520639939
v 0.23716813795408473 0.60920212534981744 -0.19440006181871541
v -0.2153553473748113 0.35780242991347871 -0.30331239238992314
v -0.62829399028302313 1.3374034725383632 -0.28280151402646009
v -0.87246318882105078 0.75139481742324765 0.3736458461520159
v -0.48664252252703832 0.49264510040400278 0.55198206572816677
v 0.24871514989588472 0.03459707236724794 0.18244524966329984
v -0.44807276732246892 0.046632602879199715 0.26176889283779625
v -0.38810721887086103 0.80904660838656051 -0.12154882300337765
v 0.27551847256700757 0.13981372420663343 -0.076535789260844714
v 0.13190037610797709 0.32300703764706845 0.64157843325855679
v 0.47703569416314029 0.13486475497150005 0.35280567190224388
v -0.13722382141048498 0.81396160247116478 -0.13778914263219638
v -0.80144677435861733 0.9147657636814257 0.055133052729954411
v 0.47752666481960887 0.34489366692471557 0.33529289646059979
v -0.71745046836570492 1.5611390916895462 -0.47553933389292219
v -0.94241466137563501 0.91219365246187223 0.26612840369049906
v -0.78642654615419272 1.5363996272083709 -0.39971725139349751
v -0.34730263613117746 0.13775296803958192 0.54665840269637511
v 0.45647564488711245 0.33034705561356109 0.028756462292551632
v 0.16427571239350933 0.73570274040049277 0.56225665077152742
v -0.17018814281942798 0.63339943908660401 0.64103914422995978
v -0.22841059715638973 0.082406832729727347 -0.096966521498578415
v -0.42141295335799694 1.0329313789454371 0.11381817151191986
v 0.13938636961173909 1.0297949790257883 0.30868069620616145
v 0.1023352009492737 0.30590112117890805 -0.2516844510698954
v -0.53014758104627213 0.4800389728964255 0.53970662138375869
v 0.48840964373377221 0.61169709177919085 0.047820907801334342
v -0.20936363547072803 0.16165809910208329 0.61482773877204866
v -0.3366507481682311 0.23031446545808637 -0.034652122964072482
v -0.44859143355990766 0.19146389007501657 -0.034557238367020793
v -0.42810502443211129 1.2446167675467197 0.057493892381095493
v -0.41504254527577789 0.65595035519435696 0.53701598473415724
v 0.067272116616573008 0.51032595586760987 0.66837854693978371
v 0.18988192718433336 0.96482677055167054 0.40247439077821856
v 0.63520485507466262 0.3070618987667898 0.093584617324208669
v 0.049228146010114812 0.25175373241624366 -0.25570154926298061
v -0.73755244889314642 0.04418050989418517 0.090246098312073364
v -0.7556454583732275 1.306176517829434 -0.068882817257234441
v -0.90050812962346249 1.0687582484418547 0.51135463072875076
v 0.031279299895868008 0.732576480730049 0.5380350930604324
v -0.39297007373565851 0.044985280436950055 0.18472382572824142
v 0.35749788625071716 0.66599472236149226 -0.098233248624421787
v -0.67518582017413442 0.43735261159172517 0.48331762280541346
v -0.013038984139344225 0.29291323889192061 -0.28021133129638065
v -0.11738839414196733 0.71732292851580248 0.5448326226220841
v -0.33770049986472078 0.031417811073200193 0.1757715215508448
v 0.27591260519791233 0.03844013008279689 0.063853073998247273
v 0.28247592061868748 0.06499147524874499 0.38897414369085132
v 0.19978845516665011 0.1146245503066198 0.52340610449666136
v -0.56656667820747797 1.305845502802482 0.37569566909176921
v -0.66306672795242316 1.4395194994527174 -0.15156201505869113
v -0.33166755542559417 0.038909067161482777 0.45585856446960193
v 0.41707372761499728 0.2740927969425781 -0.0031457794999720529
v -0.88288418247869249 0.79818573496054768 0.19581075716350252
v 0.084756442065712756 0.61581351669894024 0.65005962834549991
v 0.38618044382382649 0.53138047833211799 0.49142476565522997
v -0.76536901477119901 1.3939910185574054 -0.051394429484676027
v -0.34336825971515472 0.32299042329591543 0.50877958459070249
v -0.52308292822631119 0.89694640443494633 -0.071190422671282852
v -0.68443517080903427 0.060462666605009735 0.42971522586821986
v -0.74594899788502811 1.310045769480489 -0.16990095868092947
v -0.65640761296355798 1.3256700209964654 -0.3629077046332686
v 0.038123252451943958 0.060679384762116977 -0.19253868010413866
v -0.47237909351921886 1.0659663154104533 0.10846478543572161
v -0.74462868371433633 1.2734906849615273 -0.28360318350231861
v -0.5954700180818755 0.95918412485765359 0.54908263666515467
v -0.79298229142173593 0.77067959304884426 0.0055276105873122323
v -0.75558418325996346 1.2848020096421198 -0.037947603424180798
v -0.4364840689357764 0.4162348118584529 0.52799889246433707
v 0.44299918109762237 0.29456023065175396 0.012807999398702644
v 0.18829536860820956 0.6444521346913521 -0.19562039401505854
v 0.45031809298579034 0.38196819778829544 0.3873183507274312
v -0.56986923127071443 0.98973332856095475 0.02011966204058805
v -0.57550023878136403 0.03165910151919285 0.28217805919554739
v -0.43163295770509835 0.81613773718165727 -0.11796758622130529
v -0.89408210068856608 1.0392421132637439 0.56286034077305991
v -0.36752926196247299 0.88584705642612127 -0.083631853385038549
v 0.27425179444690923 0.082662519201205986 0.45651297742280439
v -0.18591124804777229 0.031813174309288268 0.6094118269550125
v -0.024165501538539403 0.15951590111842789 -0.23517093206673345
v -0.59735971426464141 0.037723749603688343 0.45090358794752744
v 0.13135683681399926 0.45647015373114536 -0.25977581613766249
v -0.48756107123744324 0.079391850988045964 -0.11003382124878842
v 0.11374753974907903 0.63174820247533281 -0.25271582183130786
v -0.1085565289268753 0.69214323067666927 -0.25336362397502793
v 0.17340123185920003 0.023743001241498224 0.33950753608593393
v -0.58603734539212082 0.077779967308589631 -0.029740360157850129
v -0.010787469079878743 0.89953581593182663 -0.091344345594390836
v 0.29541812053164757 0.95917200287650783 0.29568244643220187
v -0.54310324999610915 0.6045049696123922 0.56444291291812287
v -0.1235497004053995 0.074356444098438002 0.42941734575380358
v -0.84453881427348176 0.48212118921579961 0.21247951428275569
v -0.72394066669039125 0.12664888775693392 0.14356510677563344
v -0.46284786933961319 0.28450906718509267 -0.038626970201042492
v 0.0041411605906842616 0.9473328195854307 0.45787403089378736
v -0.73655639656130811 1.5854861538166731 -0.41301264506869445
v -0.43062541628009254 0.043924413930017496 -0.21077181012035473
v -0.64791697197753306 0.091723235512574927 0.26383236111425851
v -0.13342053834299478 0.74860285003299587 0.53697702949939519
v 0.32055122496895538 0.54843141265756168 0.55055800210973194
v -0.82094231575002508 0.83670483534125362 0.48108683097586835
v -0.54088534937994825 0.25587342581993994 0.0076249877477569698
v -0.51715018592181417 0.19501870023737297 0.24888696490387199
v -0.32957750613884274 0.40717802711041096 -0.17528882644767238
v -0.29726822620404586 0.072130279154632729 0.62015915234688013
v 0.085098664107655791 0.037187241763982595 0.44473863577542011
v 0.31829981564103949 0.47696257588916308 0.54635611174337628
v -0.18630788131099424 0.082686977516541943 -0.081250831697026127
v -0.27051146353839367 0.8434020629112795 0.46745451942244765
v -0.10619794380253227 0.71124429233462749 0.55169021324376155
v -0.79423304453401833 1.157403000210405 0.59920733012684102
v -0.79585803447963932 1.5362591694247463 -0.38525888864309765
v -0.081802347337988329 0.69522729236977732 0.60691367762574766
v 0.017081749395429634 0.069428797806832837 -0.08490770463804577
v -0.27245212049610873 0.035194513622014187 0.61628302864005202
v -0.33708213315820768 0.88549674221344721 -0.08085155047490826
v 0.15900794000114504 0.71920363662457443 0.57188403233155305
v -0.4502805263964299 0.16373345813111959 -0.064263321650653432
v -0.43872010152247393 1.0474754778404749 0.15416204902079286
v -0.72100708490834453 0.053644057482729643 0.041877628804124024
v -0.29272617460250838 0.78094772970297066 -0.15258317110047848
v -0.93829849816125832 0.91803120978541763 0.21973472622479687
v -0.60708426691677841 0.83165771655933329 0.49620714313115138
v -0.19472846134490679 1.3635126917582194 0.058407529888102952
v 0.023425987940662411 0.029431095013009927 0.12599646090696334
v -0.91762781993310316 1.0346612737700249 0.46760952063003297
v -0.19057997243256761 0.79104106092763982 0.52305402435479753
v 0.047905969225346935 0.55402413922103522 -0.29011051573461411
v -0.3499079583806517 0.84161850916329473 0.46682342168674823
v -0.51805888231221209 0.25888052191724398 0.26287199500534292
v -0.8448220656801001 0.48211314540759737 0.12490105877411163
v 0.07504401606598797 0.059672648167559843 -0.070827896551118083
v -0.63203236697155607 1.3082725732669076 -0.25372571535559835
v 0.44307603329929734 0.78792291354378319 0.2453600515579171
v -0.52790510253734657 0.28562632986739528 0.36976489785122829
v -0.8445450487087538 0.61948310307759924 0.42072633644388169
v 0.17555362705862715 0.38594468199480236 -0.25110925596117001
v -0.072587028142261603 0.85480014046217634 -0.13290511489854695
v -0.46697517435131436 0.42614106841789717 0.51809928728584698
v -0.80277672488892626 1.0230147627026536 0.044406944831109914
v -0.65769023829381679 1.4801010919639412 -0.52616087374809095
v -0.062296405995128985 0.29643376749146111 -0.29153216297248796
v -0.61965315045798242 0.094794438316413834 0.31037667660990181
v -0.15647476768122992 1.6349849191669918 -0.12391741869721748
v 0.1948660074968469 0.45162638440413327 0.63011716624139025
v -0.11784954600171617 0.16025077117118339 0.57743507982861497
v 0.18193745341402043 0.50351774684565054 -0.24297691413781869
v -0.23178960818864494 0.58394757209925141 0.61520692230542939
v -0.26833714735217457 0.032552095542856478 0.55725480049395582
v -0.11631940294172791 0.27638147921697892 -0.28622216679328277
v 0.20769476496500014 0.30042861629128609 -0.22371069401097468
v -0.77192888564650586 0.86429993159846297 0.60033937244066282
v 0.16489801130660239 0.84427616336843581 -0.11815294491142796
v -0.45233020243569505 0.35950203355959159 0.49639030400606537
v -0.20912970080906498 0.40874990461676086 -0.32339716238901073
v -0.5587937133985349 1.2430555362244511 0.084271451432720898
v -0.76042295663104797 1.415338327796926 -0.26202800469773391
v -0.16987707343316677 0.337029658956913 0.60457456201129689
v -0.14074930396880672 0.069653935578766077 0.30308578547442383
v -0.32765016656383711 0.72005798305486735 0.53212147990508796
v -0.64666362311596104 0.94861052251127842 0.0075198364399792746
v -0.82516419850374556 0.55668774932248155 0.027868100218555663
v -0.15378528544439665 0.1390972550887922 0.61270079535126354
v -0.78604640673199555 0.81445564567657924 0.45716583018970147
v -0.27103334758268827 0.93181651152115752 -0.027276727500161128
v -0.56999371480157768 0.11535221042653865 0.57165470054922829
v -0.44091723959507939 0.96919606628484845 0.36399268041886879
v -0.79368415185889796 1.4143859074750162 -0.21476207420730287
v -0.49812307279857354 0.23515455840553032 0.44510111456435392
v -0.5582468252731787 0.27906985271886725 0.27555288578852638
v -0.16538151190981532 0.078692984357390389 0.025870840244168702
v -0.60895809890606267 1.3073050256284875 0.40712681787850358
v -0.74786199579807355 1.4206543887666725 -0.29456149506801316
v 0.23406983548183638 0.97086707171657571 0.35118966103918958
v -0.91653119758655988 0.89810543011967248 0.53745196080187718
v -0.14836732981473358 0.88793139354142836 -0.092617095845540773
v 0.29101293840213616 0.42766244227230377 0.56015059163784209
v -0.00943809253998972 0.67075531859778326 -0.2730638006308998
v -0.32360467388333714 0.23998298816920055 0.47423968477180295
v -0.49172670191590362 1.073517114823535 0.081813020572578291
v -0.64879151300844018 1.5336213005505297 -0.43420001028908201
v -0.73472548227946333 1.3500548593370394 -0.26331240178200616
v -0.19795477864835404 1.5024255672855271 -0.12822436647171259
v -0.68483284094913088 0.4811306863088633 -0.074294717425781961
v 0.55370359854328499 0.37841848605753359 0.070437616202340833
v -0.70214083762636892 0.059598404833360208 0.23470905709979162
v 0.31934345838410455 0.19787090584750303 0.45699638086356592
v -0.48823495914414461 0.03100268699484 0.13051770908892504
v 0.1594974500419836 0.22753961759203692 0.60024340381049113
v 0.2247676241668328 0.47313086521492914 -0.22010750414335395
v -0.32932706717572424 0.37747557142940036 -0.14432133262140262
v 0.48507764328178643 0.5203734092580965 0.34270713166529637
v -0.12159073407021333 1.5784399720183067 -0.12646985577204395
v -0.30458229078533144 0.032575690791686887 -0.16386525623810302
v 0.33081575430369226 0.73282626677221818 -0.10321379650499786
v -0.25201895749539954 0.2714134050850216 0.47808142724543307
v 0.28674264091843893 0.16265883147869648 -0.11575324633079891
v -0.097135107855681482 0.075889982875933959 0.45899083004967967
v -0.55697780743254954 0.86464938505864919 0.4755077104533279
v 0.28515811826465159 0.028384266337012291 0.27453586567644805
v -0.69722483353198184 0.1174320220068636 0.039335201310986237
v 0.031467017597273231 0.073387519958019912 0.42448190018197385
v -0.59676653600793605 0.091656305324845713 0.57078848991893771
v -0.18732109048220236 1.6238353475140161 -0.053121270987242279
v 0.60735893355807025 0.34136152754318155 0.32055257180243679
v -0.89115679563738515 0.99254885309582186 0.59252166255633176
v 0.49408267533700573 0.40402133458350825 0.29414534082857802
v -0.52890335957366175 1.295977000480615 0.32618756218391914
v -0.39942606179401802 0.16894531973520277 -0.15906904548890086
v -0.29608940971762904 1.443830642927717 -0.075883252462500106
v 0.5183186467498514 0.4045882568357459 0.25898335652400789
v -0.21107002869186559 0.43105657450551865 0.5991341783074603
v -0.54545408293646636 0.033171028188751402 0.12124863265952454
v -0.19872378502015531 0.26782928145117352 0.55281583599361317
v -0.8215551951424499 1.300373456307143 0.37327765488560338
v -0.50802307866534235 0.67379062585740446 0.55502042513982652
v -0.61017400764650431 1.1122724167674232 0.49131135539645998
v 0.4923680399617969 0.17917597701553775 0.38357628325166049
v -0.9019152220799832 1.0809862249730073 0.15284488649954309
v -0.36941977784026342 0.081007959143409761 0.0072283000764019785
v -0.47657323707044907 1.2836399190967898 0.048520839307908264
v -0.62552511811023459 0.69311597259939595 -0.099624197143488996
v -0.035741362965016392 0.60348875809983904 -0.30540542294792122
v -0.56053214485686897 1.1291741793979473 0.44776943626012305
v -0.91986594802284194 1.0951955453722149 0.29543983926566719
v -0.75110836663348379 0.88083077037846236 0.63591543099589254
v -0.4090513905463109 0.49267767192915807 0.53986865386741179
v -0.44309881515857164 0.15505374548715983 -0.097431499551138168
v -0.92747440359521871 0.90893894865217617 0.48526177887475591
v -0.3274931487394484 0.034622430988462238 0.56599498978959273
v -0.76173545486960148 1.4453481305366915 -0.14048834510656369
v -0.35648071500980416 0.16898592651307595 0.49617713094968685
v -0.28435947234674624 1.3384945689286467 0.11607079049026792
v -0.49989445145169975 0.83510219076182457 -0.10469487186018013
v -0.26017059235685419 0.068365245787602821 0.27736616290778604
v 0.16465846380176474 0.071722831375011745 -0.15931514015482004
v -0.12671130362769026 0.34846839888359299 -0.31135822825020093
v -0.49480813111405447 1.3871655640120812 0.15827269861950904
v -0.16059688398329577 0.055305560076269404 -0.20762395751149146
v -0.84058976184746914 0.81234101698840155 0.38133661426932169
v -0.024359668983514438 0.16132632408128106 0.58527183861087739
v -0.67382958392310432 1.4029231327972203 -0.50166714370405019
v -0.17244700577474997 0.89999451906046657 0.45878029585159774
v 0.12656440060626273 0.99198993561491033 0.0072075242308745173
v -0.68717578588010231 1.5483812718332122 -0.50417095405423396
v -0.50934866354422559 1.1315332217191432 0.38178127323878819
v 0.12864523911336212 0.029469761974500075 0.42042078198073973
v -0.4240136065926704 1.3198153396121242 0.16876270622977191
v -0.65550313320818321 0.39802376214180973 -0.0064376405984912718
v -0.031701830497209649 0.72524898911289926 0.55034465315835412
v -0.57312812082089348 1.2985072680757617 0.41598615893365559
v -0.28132410323723123 0.032826083151318956 0.53769193803863691
v -0.5250286852832079 0.26043354246666489 0.37627901502464067
v -0.75957308897584008 0.85458311393436537 0.59651586825632341
v -0.58233529599609879 0.28727632884451121 0.27540577684011747
v -0.61122614094555117 0.97347429964292742 0.0067716519545253772
v -0.11541229118417189 0.077114668896543018 0.053613852982751224
v -0.73995138439914654 1.3426807397920548 -0.21614389030724845
v -0.71019605695321453 0.49263330815090256 -0.065779852470623054
v -0.86126227872930217 0.5078405352280857 0.13517941791152752
v -0.62662675556934522 1.2858682492747655 -0.19251249267238499
v -0.13825367804146793 0.15154949383746685 0.59684211595026504
v -0.63929821496493355 0.82068085560226989 0.50169877932736229
v 0.1826244306816526 0.29723689708588025 -0.23079991268688252
v -0.49941197932750409 0.26916623922620198 0.43947910901301501
v 0.58346680506692283 0.38393587800955564 0.080416372158980579
v -0.91946303558537712 1.0519596104877376 0.18678855628582058
v 0.32503297696161121 0.03609179637581969 0.263155173824208
v -0.26832191127444144 1.4480570664592616 0.013569557666615538
v -0.3025026986809321 0.21199909564637531 -0.1617552167101754
v -0.15776487075726114 0.030589230129716424 0.54506221529341947
v -0.75450851787358919 0.80028254756272665 -0.0090805614892612747
v 0.4030656962582797 0.25282701030743593 -0.01070239364645136
v -0.88732230458162142 0.84973395869033674 0.28029297745654047
v 0.0038762701560753031 0.26995753663806749 0.63334828085328987
v -0.58554617790479802 0.29987367038736051 0.31407396232684748
v -0.66826291690683792 1.2498080834036813 -0.20822269657170422
v -0.89363346123515652 1.2687994382362764 0.3554630500427326
v -0.9044472495906356 1.2061051466466253 0.2618442488459784
v -0.27785828129588003 0.39924650003126633 0.49408797705900936
v 0.017072844360599766 0.028412692676241101 0.18617261646208375
v -0.49993724158293945 0.53674284933610483 0.55562056235453261
v 0.59346359775335755 0.17930433089775266 0.093401675315294225
v -0.59301543424170422 0.76148332810149078 -0.1019449796837075
v 0.23208762257228141 0.04044758376179889 0.038848421468872345
v -0.30515226982281662 0.34612602280611177 -0.21040928886680513
v -0.63273411725607154 1.1751895456261621 0.028679696848365233
v -0.59065541030913193 0.28341555570046173 0.14220562975971718
v -0.62367096215404727 0.1212095965207397 0.2557625296683021
v 0.19574012644672578 0.79490486061171428 0.49962662993024454
v 0.1352224419733675 0.14540400352619084 0.55706648794507019
v 0.3715630515609849 0.041129869437223444 0.1211278360650706
v 0.28581739881497725 0.32640978360590839 0.53421123770105927
v -0.057654845314273867 0.56382074840280894 0.67810591952188171
v 0.62993502152288583 0.20989713784436706 0.17409651235390436
v -0.24252809049637161 1.3886958844422674 0.038388291201844525
v 0.098220659747014716 0.54587792402487578 -0.27367211780195644
v -0.56026703244728049 0.26272035817278744 0.025741041274443831
v -0.48647765895330847 0.84613382769339007 0.48101210815287376
v 0.32587474687895962 0.80350318126739706 0.45326951012691125
v -0.73168033416732059 0.11180224322470315 0.17406722244118075
v -0.40382353411115024 1.4345599135721732 -0.0087648462832493335
v -0.17119597025544026 0.50596418073146121 -0.32863218927469084
v -0.22656220128249621 0.64604170177201548 -0.28793192799201495
v -0.69660691863473345 0.6227177783836243 0.54148519016416941
v -0.78646285012624839 1.3946533931036347 -0.12732415676476033
v -0.56546228793218467 1.0840640787851088 0.4843963895256565
v 0.11011338271122288 0.20934948833030309 0.61103247988105025
v 0.45401994638269783 0.69708293097168361 0.022740899175182343
v -0.66853788215895682 0.11335986445556701 0.45463882269898775
v -0.70924615063172336 1.4839199127119813 -0.19906450576245105
v -0.93968105896270071 0.9874473241175532 0.21035796809240789
v -0.60658974525602427 0.17774336040934086 0.17733570344192776
v -0.72808923600519915 0.46804216330647208 0.4774796147919052
v -0.89570581646837433 1.1141895832665911 0.47445368425615192
v 0.48785331347349736 0.69017971066786554 0.15789735316529005
v -0.39032076970394552 0.047936588496113326 0.52767501388904048
v -0.46333213197274759 0.088513164927740126 -0.16331713946075879
v 0.47349518215350939 0.38028682612236125 0.33959190270277706
v -0.015351150574321746 0.073896560210776563 0.43481746341568239
v -0.28034097545559705 1.5386979794181699 -0.056902068607194482
v -0.56334938987298278 0.39018049704758118 0.48199935231492086
v -0.76467611209163955 0.49364074195318774 -0.012780209368283656
v -0.67658483016119197 0.34879145144794094 0.061514466298776153
v 0.58873480663592204 0.42120208017362476 0.229933547145317
v -0.66293436339213097 1.2858130110491079 -0.29171565433433422
v -0.40136990224316976 1.0130943953463234 0.27385506107634661
v -0.66059863471588876 1.4880258958774086 -0.32741822254761427
v -0.12119073222951274 0.75508689416377539 -0.1736965217917851
v -0.12545398449413239 0.47922537428210116 0.66988273569449497
v -0.67600936022544078 1.378039489472408 -0.48837784154192798
v -0.39932695917813277 1.3149407352816636 0.16837778224888264
v 0.47969732687063177 0.42493123754626949 0.33891662886747986
v -0.74834490473137072 0.90618053724078096 0.6529076529034924
v -0.7442532080513744 0.86160992126876812 0.61753396906506142
v -0.85863655642235093 0.4945194790142412 0.15235230670098207
v -0.35425100163595519 0.16212339770744372 0.50205113286638869
v -0.64334792765195303 0.93539525721502248 0.0027727069829244326
v -0.634673927293539 1.264390937286433 -0.17269652556188755
v -0.2646823499749496 0.2431417077429491 0.46454677853529996
v -0.30256329784327884 1.3450323145435308 0.1254905123120203
v -0.86519041809462249 1.2929922104401497 0.33471581140251405
v -0.8347411357787865 0.82669802190463892 0.38669057418654329
v -0.020646565267034411 0.14592950608780939 0.56690638071545685
v -0.40336863332412926 0.16291743945721293 -0.16382663918168175
v -0.14998233222695134 0.17347577367937358 0.57666138746802631
v -0.59950272783816017 1.0411275270088214 0.52418105885058408
v 0.42954012729057783 0.7240072357638383 -0.0058269506505167551
v -0.17444880824971418 0.27025451162928277 0.58618136583777736
v -0.75854424588070435 1.5753831446954643 -0.44765582282497857
v -0.13835366436904553 0.032791478735649748 -0.13835598248231401
v 0.098262609303827408 0.2646097860858253 0.62710125409943185
v -0.71523693166019464 0.33774854677302413 0.27974721289200777
v -0.48146396101868882 1.1143384100056482 0.32534812825854031
v 0.40701523712798787 0.61892495700009775 0.46820434491760193
v 0.23562771072084807 0.98199367006559002 0.32336991940893128
v -0.41479446303948658 0.052981210405586079 -0.011808068212128472
v -0.15748095751165755 0.4665805795556342 0.65943839461033837
v -0.71776064952707419 1.4437327473210773 -0.10415175160844263
v -0.83708948357513702 1.1287927360473879 0.5912418957434632
v 0.10740979912398101 0.064350180804556623 0.37322209364787601
v -0.67519538044110916 0.57555363454276653 0.55453600642963463
v -0.62380081015922118 1.5091850473126192 -0.54348764749428946
v 0.29399275230066696 0.52279412530866842 -0.18195452083800318
v -0.052077153957123042 0.84602001452141151 0.51746627821332281
v 0.070518991243645412 0.60696935907917737 -0.28050297301650495
v -0.15959615393060517 0.3551984919818415 -0.31889001689457064
v -0.44281289789287726 0.93576963810324554 0.39111900226242946
v -0.024069217994790854 0.53457893737473672 0.67194696104808826
v -0.58164417236770871 0.73107275811020556 0.54638602588447682
v -0.44096159376004573 0.15419736032446224 0.51745893519557107
v 0.27972290674181638 0.97570707194693074 0.17613117167527359
v -0.29224704332967932 0.84069741112377749 -0.10506110179122229
v -0.52497115654282878 1.150969260751268 0.40768033511685353
v -0.64595953137234685 0.11630108754284896 0.50545374440713686
v -0.45992320981806289 0.75006117754954416 0.52715806747172256
v -0.76600345739340558 1.3655548939742792 -0.010528209781426595
v -0.3729792507164652 0.20245038664533083 0.49288496645387625
v -0.88345827983499103 0.72682939967593607 0.12384747074316149
v 0.32995740461643852 0.65138389961324528 0.52152892945114493
v -0.8215366302312711 0.43717115072489016 0.1755928054351665
v -0.45536911267535862 1.3319547896766073 0.19519344582250281
v -0.89662220361224076 1.097587726093306 0.42525045693662866
v 0.17364303337712395 0.68600994239538116 -0.17786974496859506
v -0.69643241390351895 1.3875334489951372 -0.46086446553967259
v -0.69840469223816504 0.99706890109314328 0.66162430889908719
v 0.50971074298518526 0.16359488602845354 0.015041607776521134
v 0.32089877087703106 0.20317221285110057 -0.095689031316800024
v 0.1691205894009577 0.035620833097768624 -0.11450403458574021
v -0.18570634309338446 1.4856049436197571 -0.054400667104968131
v 0.54668816092308725 0.20452389005225569 0.35402261507207361
v -0.31543165086006342 1.5418933458178272 -0.0017275621004470907
v -0.87433788935088219 0.84408182181356339 0.19614661811386735
v -0.75513266961421754 0.3878750937459296 0.30790279558739869
v -0.38243995986614399 0.76625306858452324 0.50930833721927737
v -0.10703515640745893 1.3745658293203544 -0.035739745492340456
v -0.33045670916181558 0.28508293078756042 -0.064952425197633307
v -0.58034412774988442 0.12192529739481081 0.28788815326383749
v -0.80657699568573937 0.8571840544971826 0.08253117480480554
v -0.62325100643624587 1.4087880580072756 -0.23101022869898188
v 0.1812312797567687 0.34019699660449376 0.61631752413108565
v 0.017299864727298331 0.22266632570306749 0.64315955855246976
v -0.24390806355392336 0.051272486757447493 -0.2267390388802365
v -0.78773919618896404 1.5260608405785299 -0.33234269705242925
v -0.31872737525041822 0.14951107663154684 0.55618326390590578
v 0.17078009229263511 0.66500446568425531 -0.19087599246099882
v -0.37089285165509278 0.09437287109411964 0.54337731189444749
v -0.58277183014982925 1.2022692758130382 0.077381822834492589
v -0.86639093713810811 1.2500427175680038 0.19428822321748648
v -0.77133119279231099 1.5736014820999247 -0.43388599876238743
v -0.7362110948320657 0.51851442909267798 0.49929395031266999
v -0.58282146918572686 0.27309354479435571 0.1535381894309244
v -0.29503206807652194 0.30543944305444304 -0.20109411278871162
v 0.49344174601021218 0.6679463079869784 0.1310310176926251
v -0.2897051351098931 0.43225483516197483 0.5028394673834482
v -0.66387946126141739 1.5037161279407334 -0.35641374924319447
v -0.60068766913431526 0.18889930400855065 0.16156716716716427
v -0.89957819573588327 1.0407636231757265 0.15261730227070644
v -0.28368214164261185 0.21434931444800984 -0.19166494377734952
v 0.2017885394450579 0.78716376582319736 0.50613881102286262
v -0.14067813498414261 0.027820736745116363 0.54849195423482866
v -0.38849616128699244 0.067939559338810226 0.52712110082597841
v 0.20775592370650431 0.030477885946670707 0.036082143510848944
v 0.33995549341127018 0.7890424540273373 0.45103297508976831
v 0.14964708992830622 0.15553850646932349 0.54919305392769224
v -0.28554679041078873 1.5515674162688287 -0.034944586606135891
v -0.68736878519978328 0.87386778790890529 0.63138669235337119
v -0.53786099961535949 1.3162427122998497 0.2294503559861428
v -0.48978000114661913 0.34517952406626784 0.46008786724978024
v -0.90328725311670843 0.62473506992046712 0.147969006371342
v -0.26512332202265498 0.032062914488239891 -0.19641829774230926
v 0.37682336625937551 0.30960131117702827 0.47521999387446545
v -0.32035335100572648 1.5302715392714663 -0.019925527606169374
v -0.74245141728033359 1.2522268317133685 -0.20775324644653015
v -0.90174664947823691 1.2370713702178666 0.23360552082956262
v -0.80916035716702184 0.86060521138104584 0.58620109680469878
v -0.55009754441369352 0.33582896791029615 -0.010143721276985679
v 0.50647353809854201 0.55417724053430939 0.1482926963053767
v -0.060596122027645583 0.27780060402731749 0.64756718322366691
v -0.68864749929497382 0.87156111787836044 -0.014313175636241078
v 0.48250554755113489 0.10308294151866881 0.0721480319779884
v -0.51269488440142608 0.53086649803401742 -0.12507504028872471
v -0.62827847237950241 0.48186399714206773 -0.092363571468585176
v -0.17392428455074291 0.84053272894502473 -0.12748634480001864
v 0.14546062573662966 1.0142234213832817 0.35124656482645245
v -0.78104971166025361 1.3098330936565776 0.3839906925574787
v 0.49772415797044384 0.089335541219604103 0.1620462915856217
v -0.31223769656824435 1.4260425138378749 0.053027995174083166
v 0.16388516579958931 0.14109670813897529 0.52516741551442103
v -0.035896680888013191 0.72322997542145839 -0.17501871319109577
v -0.33998200444845916 1.3214340918159599 0.1404029175447685
v -0.93153481062293086 0.9616585552026059 0.54181638583690805
v -0.71434734017898094 0.94353213352586973 0.66920983395466405
v 0.044664723343230323 0.024280703431782472 0.52692893821520126
v -0.51247658072888769 0.95918182235014349 0.48142569328659651
v -0.080691694198107303 1.4976449969227352 -0.13516905536220361
v 0.14704603681039502 0.51418860804022548 0.64119025682311159
v 0.39651184053466015 0.48263257478993871 -0.092239996648833603
v -0.35640756965685472 0.66299826033327902 0.54624303811135533
v 0.083648370589951185 0.036850658305530172 0.32348887427488676
v -0.088694158289798875 0.95861130897640856 0.43054163134520113
v -0.6517922624966046 1.3203590264604117 0.20173395217978454
v -0.40849130761827135 1.4681185738437017 0.015498505138894478
v -0.20662223908022809 1.5403157361924449 -0.12199367466869356
v -0.50164037561374963 0.055589756339778487 0.56990744905406487
v 0.20387905952583615 0.53103897231994923 -0.23032310030029146
v -0.86173465242218417 0.58879865592122838 0.060015533686494232
v 0.052303412199012564 0.074195060392189718 -0.059533908730606079
v 0.50948371952586669 0.44331469116041428 0.23569200605029575
v 0.22450636129590198 0.97463853774270426 0.047427810742581927
v 0.14537106582680034 0.9393658002596228 0.44467889039833008
v -0.68529536726308493 1.3167314908718815 -0.42283914679951795
v -0.91420157589865225 0.97952487877176209 0.16842068236161978
v -0.55828956864061186 0.63149214460003222 0.57214249553001162
v -0.18525962127221346 1.6146840628273016 -0.037067967609359702
v -0.55408281472051935 1.2717602650791373 0.4451166893466732
v -0.21638454140406987 0.60600586958143698 0.62063913416511751
v 0.33491599083399604 0.83281206402794006 -0.038843859219339479
v -0.84111320930339639 0.53517796855848032 0.068295408342107844
v 0.36378024447437474 0.83834267488169656 0.3918755372544207
v -0.77326785088219219 1.2327638364679885 0.056161212795010476
v -0.22419081938477853 0.074666204607371181 -0.11560632135338599
v -0.64939225056322691 0.51343429698096354 0.5412172114682734
v -0.34545825732356245 0.53124971780478758 -0.1894617056269943
v -0.81396566918869973 0.84025547306878101 0.5479328431151852
v -0.62572347629377922 1.4278568968656606 -0.36370112890214024
v 0.23778280237717445 0.36086574876778565 -0.22215801321950243
v -0.45857472126830967 1.443415912119733 0.092016740428647464
v 0.58686524009502006 0.2538511980522386 0.34528197864712662
v -0.29878880798924445 0.89920695725681588 0.4248156813152158
v 0.53154211686035668 0.13729585619933987 0.06643239031313676
v 0.18567704939956409 0.023313413416099174 0.075298882909116502
v 0.28323178848949365 0.95619165940463224 0.087968661320897271
v -0.3277270516970533 1.5337384381812316 0.027189604565956253
v -0.74307219125093704 0.44939118782039772 0.4489234599582011
v -0.074019739842061949 1.0334866395026026 0.162737546107213
v -0.014103790068743091 0.18247114388130406 0.60668456578858043
v 0.46034843869209163 0.49748282607569694 0.38968583773974558
v -0.7062777757051425 1.2655315640227318 -0.31388167031373532
v -0.78769982980082454 1.2231810009264288 0.539975584836481
v -0.90175620079067864 0.74840507916875543 0.30784942211434141
v -0.69120536282578382 1.3327119936011096 0.096733271681073221
v 0.53862272089754937 0.12745256164590957 0.2788982092628029
v -0.47583286880127218 0.65529882765199399 -0.13634325698485136
v 0.49267015528651242 0.49931220598848514 0.058508918271765742
v -0.73503470915952496 1.0726807873808502 0.65466278324581451
v 0.26605664020575071 0.21063334907043252 0.51459315985602117
v -0.0079863364554763165 0.50788015901366501 -0.30716620070646455
v 0.11359436531745369 0.15867434867560049 -0.20808332693127324
v 0.29715440581283659 0.49290455782370446 0.57369278270501423
v 0.31840365654048725 0.92663470471608567 0.33454585141613868
v -0.37788503580058574 0.55827969617171591 0.54580678672180449
v -0.7575050878188111 1.1260129777965877 0.63182990825205587
v -0.72269529079671624 1.2524148637841297 -0.2603183469853188
v -0.047062368940617813 0.46256032282616705 0.67783812968542168
v -0.16024391529125354 0.72397283323513439 0.54092660977815521
v 0.36635472291623872 0.53901954304443056 0.50764993764027511
v -0.36946618649176738 0.033474988423247407 0.13789414084724477
v -0.81593452255984988 0.86573094924347149 0.093348805440781973
v 0.32984786518164605 0.90022264800696228 0.039406157977771465
v 0.21378254268320646 0.025468859394467237 0.39674020028803059
v -0.37971011841434388 1.3598089954944894 0.12386272953019103
v -0.22222350442452493 0.98351694701677606 0.2904897976772628
v -0.69368456479094809 1.2380748713543663 -0.18622507597332763
v 0.29764819763735006 0.19472444896531294 0.46970712065167286
v 0.052034038093728981 0.79628311027218979 -0.14107498888548073
v -0.65164773766528383 1.3132727034207798 0.14832479553559322
v -0.68293589741883176 1.5863408027377555 -0.4543185637076057
v -0.61315651621112266 1.3673472061358338 -0.18715230556098869
v -0.91037013698386471 1.113523775276126 0.3235678338006337
v 0.11970852976527703 0.11194071715133939 0.53442249471572911
v -0.42428052696859164 0.034741401708473549 0.15802625642078058
v -0.3760245581466653 0.080158317325583747 -0.05388668178854128
v -0.68071819768221487 1.2212258828403968 -0.12170109945690663
v 0.076453757377353937 0.037353276497402547 -0.086464874248143309
v -0.33131991025370477 0.48601526419963509 -0.24534667391940312
v -0.20249633596709157 0.90627027577367492 0.43884512457649066
v -0.46883333718935327 1.0387540787396594 0.085663504067537033
v -0.66673202326912728 0.60519924985924178 -0.10303515820966495
v -0.76701974706515641 1.3061262897979973 0.11219900202695927
v -0.41413058681272191 1.0106078215207643 0.28733743988907251
v -0.52215821307542543 0.33829324244614312 0.42395743813498055
v 0.0047748933599741231 0.039892958144608109 0.14236432168924726
v 0.27375962177962715 0.023816492028934079 0.20152366108782743
v -0.86829515041626826 1.0720688329577852 0.10944564498084344
v 0.43072592832146611 0.064709912183102042 0.10220816785511608
v -0.95165263250553189 0.94569572462350959 0.27530835631404615
v -0.38111281519908241 0.77685163167879712 -0.12535481952402752
v -0.61856803934339721 1.3019412471058531 -0.038186793763008084
v -0.10366370296803448 0.63483819615204617 -0.30687790275172255
v 0.019559675803501504 0.25970471592968092 -0.26764852861797572
v -0.4456498949219147 0.03568471140139446 0.39828977163287343
v -0.24422734938036234 0.5883980312645759 -0.31336212182077439
v -0.46805329174013827 1.1981898450661403 0.11919958648601629
v -0.33111528875839746 1.4199265645863204 0.074816654049387504
v 0.13637498853941402 0.53898949251620965 0.65277171673883172
v -0.40275159666785387 1.4857944015272404 0.032314061522629244
v -0.66835236089882721 0.8971002828789546 0.64323371155261722
v -0.52487952541814653 1.3070609651886589 0.23687032741386885
v -0.55168247133463344 0.53408454847383624 -0.1304155348184235
v -0.77594814280864954 1.3177693922982854 0.35067248698309822
v -0.44702790949811672 1.4534263987618703 0.061871923622190177
v -0.62623282220994803 1.4534866422376 -0.4018554883110847
v 0.067609703259841322 0.073951782940570226 -0.035065106687609024
v 0.23843271090674764 0.33096378232589507 -0.21135352685654518
v 0.46357671715826043 0.1156784215009809 0.045901251822533962
v -0.66099526293263111 0.4841475059061548 -0.086980159550092348
v -0.62552582471784957 0.53821755798142878 0.55702465834624326
v 0.50579696198930346 0.57338574795246544 0.14018721744230961
v -0.35583433706220385 1.3275000556366321 0.15100007906147889
v -0.7749755548382764 1.080405795865784 0.65558660352185028
v -0.36586126870163027 0.032270372499012281 0.42466870136522633
v -0.1270150527366872 0.62049157861105786 0.66691624366575675
v -0.50801131429816093 0.2387511893881718 0.2600896315020601
v 0.23210052035907439 0.12663293768560033 0.50643865443230351
v -0.799094892366771 1.5258005163074595 -0.36652286444875493
v -0.52754892839712042 0.79848120666435651 -0.10796733471858469
v -0.25409760131711168 1.3443585278415477 -0.03610536060872372
v -0.05453477004952783 0.64252244037503159 -0.29754394333152578
v 0.60071693578145113 0.16732338131833058 0.15440163992217962
v 0.34772645921396583 0.81319741610428364 0.42638905533742644
v -0.22326955463167214 0.11140826555934426 -0.22992175352991412
v 0.46234827756407831 0.54542692574694018 0.38976053487506046
v -0.58211842879258291 1.2015358962999179 0.48984331271173442
v -0.095061852052146525 0.082287395792330603 -0.077067560272254684
v 0.069446916892722504 1.046749484483912 0.14419918052613764
v 0.23500250422901689 0.17174807520737762 0.49772554195232216
v 0.27245320732536193 0.41559909914670345 -0.20077317665378261
v 0.39247630987684295 0.4121922155770254 0.47082113332265879
v 0.12458276423093728 0.26686913121708106 0.62067792211876938
v -0.45902038411729684 0.36909603644002659 -0.067897129563093336
v -0.77356498103779714 0.47205804234350673 0.0084257408389658631
v -0.83902687081170901 0.86952259070200266 0.11210181406544578
v 0.43757241941254438 0.16009184772788776 0.38954770949628192
v 0.34470231179431504 0.36340240375261251 0.49714519555793157
v -0.79637960694431797 0.91069507128578941 0.62046657504358915
v -0.76452915310693836 1.48010116431631 -0.21413527015222356
v -0.5315327749656964 1.3630213412059393 0.09447168657793184
v -0.65052523152021413 0.067914203752778207 0.28020477898558221
v -0.093103097758843081 0.047180294616423445 -0.11325117222986396
v -0.17033082279863013 0.38204309777723261 0.62919868519411559
v -0.57061417804574599 1.2319482114157854 0.47928097403531805
v -0.22099195876905064 0.66046729469238552 0.55564555071495447
v 0.1289854720333623 0.35817265144016086 -0.2569460446243127
v -0.21164286369258259 0.3743319075999591 0.56601746577564571
v 0.0072457268445604286 0.12701475015708868 0.55350222957922979
v -0.53315393738002492 1.2441539238410408 0.080227294774176866
v 0.14528054454423314 0.86988515940843303 -0.10413293938297201
v 0.35364946415343484 0.91204463580862438 0.24782388672032971
v 0.49439180207230354 0.65013359086915301 0.23236798543799672
v -0.69642547560920365 0.66720763813911821 -0.075836961513797013
v -0.21565365220901012 0.70690038757564766 -0.17547001531137235
v -0.71794498676491658 0.13803113065266601 0.12419358594195018
v 0.27935190508218838 0.19731550535513603 -0.16059699248372741
v -0.16408625250213335 1.5440754542620236 -0.077505621640908656
v -0.057476183310908806 0.71896695957371937 0.56491390690287946
v -0.88291662707478169 1.0856109214187879 0.55499499914039085
v -0.58762906232941814 0.57083940689212942 -0.13105129507990754
v 0.31159947298266361 0.88475294266378346 0.0016036401938907528
v -0.85575593095518765 0.71516924118523162 0.059532716300434274
v -0.72669861708453554 1.2740500778776636 -0.33166827293214846
v -0.63993980148884044 1.448321984683979 -0.27164785828533278
v -0.052027491376954067 0.48902101253204411 -0.32301699654621668
v 0.39246657101058324 0.60613628422119781 -0.1110202005078271
v 0.55519853424407062 0.28992165702128431 0.0085353859470136545
v 0.23844976183652564 0.7288892671476922 0.54573078444474332
v -0.14211983316523796 1.6081354733265576 -0.098369029339815381
v 0.54036387964779187 0.15840871151079294 0.32398085893533918
v -0.46645363425887398 0.035386708958951886 0.50879356564256062
v -0.42995425980144769 1.0467959204554458 0.25121232752033879
v -0.73296029168215482 0.044328509642215026 0.17173960950762168
v 0.246186814729661 0.23883375761200223 -0.20364720256720353
v -0.64289114154193872 1.3844743121168444 -0.48888177110664355
v -0.69918895450441532 1.1991418018938926 -0.03591369336651435
v 0.34900527563440154 0.59917882192687988 0.51823701122050558
v 0.14160435371616803 0.13006772226833005 0.53020040990175454
v -0.69799747479839813 0.8843020335431 0.64452539782923113
v 0.27399164496426887 0.97036369251510013 0.11252930230146485
v 0.072452485988882584 0.7745597879160504 -0.15142839291346805
v 0.50606640079858634 0.50001526433277643 0.11643191237184931
v -0.36776856701501037 1.3288551655270164 0.15420592418993467
v -0.79846717960798685 0.87240946717131695 0.076515510840065706
v -0.26902408925788568 0.54448875745162206 -0.31179443201179852
v 0.24074540528052107 0.31505111175582456 -0.20973799114585748
v -0.74482341079847059 1.0946638096044332 0.64835305441170088
v 0.073082809207363403 0.14910033224916786 -0.20571320273253246
v -0.34092533231409589 0.79030652881086927 -0.12955220333325884
v 0.22536591191815644 0.026320826001727936 0.35102289482230686
v 0.45408124944024908 0.084431868827938711 0.076527350938133773
v -0.36035480545018034 0.57726551232178702 0.54827825276566766
v -0.88758058024222752 1.2733157210148223 0.23448842842812762
v -0.38711936235085986 0.30383247977726335 -0.039263518193128108
v -0.41960356705091639 1.0399961626779441 0.22220898887470808
v -0.80398092051371284 1.4868545510288773 -0.31194783727484837
v 0.57364989948003431 0.35721782575951355 0.055081453583998262
v 0.14723172908658808 0.18680709275055957 -0.22173097199014896
v -0.22424161647228269 1.3168663739586592 0.04267665117094295
v -0.19802587999898466 1.5706240800852858 -0.12013515885981643
v -0.49569178879159398 0.22912138380244504 -0.013280546813957069
v -0.10388882099769589 1.583932043170635 -0.1493156547726501
v -0.8299248658375955 0.71488075195678358 0.028655186242775289
v -0.15438109817483017 0.16775036519910513 -0.23977955529383788
v -0.8603895309464471 0.81272075354339002 0.33563122681594082
v -0.05723368582956511 0.072175168249974289 0.16449860691571283
v -0.32825551415112952 0.032232450444944064 0.50559302361288794
v -0.64164602856178132 0.93963456628463315 0.63877746779176592
v -0.74892373776828491 1.3315741265686312 -0.13637462179594995
v -0.71112229952498651 0.3835514941737912 0.058733454764626852
v -0.15774892593199405 0.075069229595459294 0.097725353425630712
v -0.30703077737625062 0.98132150654136308 0.052924659288466895
v 0.16996491342461428 0.043950581957176493 0.5232039464386018
v 0.61879650471594894 0.31266654670561983 0.31672120199030751
v -0.82744174658241842 0.84999497400908963 0.097873193482165777
v -0.050119632040199071 0.73373474111833914 0.5383597739047109
v 0.32902509008582786 0.6057325947331561 -0.14934586825572693
v -0.7841005535724922 0.95226135017322 0.034239284941207336
v -0.81716874304284837 0.89279262847577701 0.61399494192065229
v -0.35361363973885385 0.47637112609890636 0.52722800990973029
v 0.36963572379421622 0.41834064238661595 0.48524104336701906
v 0.52435974819975606 0.18234143351950399 0.36119082669209179
v -0.00020870795464884211 0.078423661084054769 0.034861449180900395
v -0.67778941468491982 0.068915586225116413 0.47604606393230048
v 0.064728893154086961 0.34872523743320488 -0.2754769942781698
v -0.075680471680636602 0.17658105316114583 0.59278984492743159
v 0.14194113428315247 0.69699737637621106 0.57699981774019116
v -0.35643281218328077 0.61966750351612676 -0.17018995446524454
v -0.79868182848827718 0.44222806114304164 0.10692282455610019
v -0.5447108483643569 0.069947304185625628 0.58072089887207778
v -0.73066299989382555 0.076845385297043406 0.069858553535030343
v -0.41633905810002048 0.23467841158393968 -0.033109820319620974
v 0.37661017509208455 0.82652691795273958 0.0011065525998674498
v -0.33999335099383732 0.13549743866601263 -0.23254386439074498
v -0.61038107133454289 0.034908875462145494 0.2802826368495957
v -0.90721230253678498 1.1738509093428418 0.39146596571021419
v -0.65878434610803172 1.2677975054052983 0.49821972126125774
v -0.64976432558714792 0.84587941650034215 0.50157414813631884
v -0.31926113659404209 0.61078331330518743 -0.18566134863122882
v 0.03446162641766129 0.024813694923794535 0.16648819525553085
v -0.75729743201623778 0.38637098560781874 0.11415477621621993
v -0.24966285450872105 0.6950603333479326 0.54165462756567628
v -0.65195285889187438 0.31337352615055847 0.1507997766342177
v -0.50948765182553901 0.041134705513224942 0.55367159167193003
v -0.17299787200701036 1.5482206862393502 -0.14700414186349686
v -0.17672818333015039 0.59253290756168764 -0.32837955156398796
v -0.36813849002437715 0.13466067760076983 0.51783139244678678
v -0.49058347513851269 0.11430803581457852 -0.040510031928723648
v 0.085185128567429408 0.042395804304572952 0.5425545677917103
v -0.36564418352974626 0.97096972368883572 0.36434877826172646
v 0.11097869255825528 0.66483170405518122 0.61647365117608532
v -0.74768341115414716 0.85743835470939755 0.014079621917482134
v -0.580975361567027 0.56766576768722798 0.55585481422465255
v -0.11180885626221056 0.43842271442900049 -0.322696056740506
v -0.69766544573875233 1.2125214856774464 -0.086449509732496668
v 0.11343746461407038 0.83749425675695555 0.50229600089037496
v 0.1649548398256738 0.86568020178917171 -0.1034263873522709
v 0.34191741746313592 0.92533536948268069 0.21976454686714206
v 0.10078542056833507 0.11987152546993568 0.54084650138858836
v -0.55335653412159636 0.8000783045727996 -0.100407414138205
v -0.52593845096554737 1.3821826595835229 0.10907570332453695
v -0.57778450866957454 1.1827831840988587 0.47794718362623778
v -0.14181777328151784 1.5527724070244047 -0.099974091970366191
v 0.51916772562034952 0.14006381578710594 0.324413842758557
v -0.69539112596723796 0.69794533544658321 -0.075280173112097518
v 0.26715800249335447 0.17575484337350381 0.4808218888637516
v -0.40740319811644421 0.033788343320057319 0.42951471210632858
v -0.39231854376208575 0.59207200253237702 0.53677279438650005
v 0.36916980547342199 0.37809377379305148 0.48360060920970477
v 0.28890813166642471 0.18353781065382999 -0.13834194507904471
v 0.57650910385065846 0.14327795366511947 0.1653186110569313
v -0.74406464716590537 1.4996752459618665 -0.24744649384449774
v -0.26717344151309075 0.98733793944174331 0.10859012545553186
v -0.38548827339456448 0.033636150344280163 0.50449885093973879
v -0.92193856192170465 0.89116042683765417 0.20305586097786063
v -0.71227873555800747 0.76231911763554006 0.50453147026167477
v -0.63833857849148556 0.058345743910230112 0.305381198712389
v -0.67457306761619118 0.1434752381193429 0.053959114444656994
v -0.52012194376970911 0.4530911586417431 -0.07797794788015204
v -0.87131967485546247 0.92504284577160101 0.10817149505744453
v 0.52006931899439823 0.41268263426226803 0.12433577238053221
v -0.57972317240621041 1.2833688422593816 0.099178881031549718
v -0.92198416830266539 1.0065458197256314 0.53529832111466624
v 0.16578667592421423 0.03081996486745019 -0.093917000550227128
v -0.93033117047657754 0.97529014293061778 0.44682317084469869
v -0.52471928088290054 0.39388557570609073 -0.047483088252088593
v -0.50073637782085023 1.2043806384552986 0.27202902608060592
v -0.15776357869122021 0.29010479244084214 0.60892949725960699
v -0.40587618642787449 0.43446434533121703 -0.096457338384510621
v -0.91781723340224408 1.2326549993478375 0.33166973380082887
v -0.20588334068662978 1.4348681224360946 -0.020163140992598107
v -0.52172924759902906 1.2243962765713725 0.36991954003296662
v 0.5121227489367135 0.38358783423402892 0.29854615319197914
v -0.02414239051114676 0.73144298086161696 -0.16969832784200797
v -0.23534955480765596 0.075370646176920617 0.46950750835250699
v -0.51928866888954084 0.25120360900432614 0.29520330984804855
v -0.28538789838256329 0.67157948861637451 -0.17870887762906271
v 0.12804374551373066 0.035464608276707589 0.35975336142409436
v -0.76772909816468216 0.41281332133103826 0.35546283222476921
v 0.0017224945549223283 0.024302889235498833 0.5073411620690812
v -0.00194986122713476 0.54042533838371232 -0.31426095609812904
v -0.24644734623767614 0.68378314759894032 -0.18650426064720252
v -0.20473723948657269 0.032487116899955128 0.54986692976880502
v -0.52600864401208236 0.054934115654192997 -0.051861027006819327
v -0.90588485652584161 1.1173229641854212 0.25193819390668926
v 0.0035305699219001048 0.86061048856152134 0.5121610399008989
v -0.16224814966968312 0.11495409078141144 0.62404218798411903
v 0.61829966436175865 0.22436545256165402 0.28770629524741692
v -0.64575829227610182 0.97351015079679137 0.63774846981967248
v -0.74213223345964874 1.2031552588957408 0.01708522469997235
v -0.80010642279689093 0.63437050937499562 -0.022919216620368641
v -0.53848232661922379 1.3075336811648974 0.26244150406596251
v 0.33773181407832237 0.92109122955367295 0.30740974656245595
v -0.60597452523876738 0.32130390552043075 0.071866251049082286
v -0.25648739202490556 1.3214126890356381 0.086668644081295904
v -0.16520965139696531 1.4372312361887607 -0.11353046721036054
v 0.42862437751330607 0.27942561183799602 0.0048445378781528945
v 0.26924129997497642 0.53718865469943755 0.58731568169530191
v 0.19811552187096773 0.9921393859532055 0.35849377678463945
v -0.24134795292740352 1.5651782223110688 0.023085648215632679
v -0.91170075756079683 1.1445857320359314 0.31099012033369478
v -0.1410977205044123 1.3509691777252595 -0.020474229122899715
v -0.74341493696828531 0.81597975178473359 0.50061387219976727
v -0.91136331024130079 0.6876618773507952 0.25780853863268327
v 0.11998517789992587 0.58355972431719172 -0.26169716102414575
v -0.020240551398889094 0.90677540435669135 -0.083213745695925878
v -0.21385000852680411 0.043285349741833457 -0.13452807740039111
v -0.78643046384338477 1.3654471087023416 -0.099330170136207416
v -0.14367571946342356 1.3770673371969508 0.013093380601346835
v -0.21949951184139024 0.55019740059230493 0.64628414917282995
v -0.60444281595269478 0.12164982260539495 -0.0028813920310658877
v -0.50431874835593604 0.70957617028906106 -0.14188614815936529
v -0.41317352111692529 0.93321880497210696 -0.053608450185217565
v -0.66641712906994677 1.3302072990912479 -0.42921053990325303
v 0.15483385279451264 0.84076963622656664 0.48320668453415599
v -0.62093199640671559 1.3721956872124124 -0.28602520197358633
v 0.13135326674638695 0.02679713855480223 -0.081680252806639833
v 0.029108148881048807 0.53979259257983558 -0.29708786713365626
v 0.035326616566587719 0.46806165170245667 -0.30121009208622596
v -0.27153912235228395 0.62281356471331373 0.54675630160252442
v -0.74817450502002925 1.5897459644575183 -0.44816028297107868
v 0.013647423544978421 1.0310117371780587 0.32794110582568919
v -0.81407663127820962 0.64898075965672719 0.45798278201998049
v -0.80560099992358736 1.271129111885261 0.12384478129891545
v -0.49996404672006978 1.4054099837478358 0.095975932254533783
v -0.60273510289906573 0.11681189026497635 0.31584352851308245
v 0.5657195737365377 0.16236812533591161 0.072989925942981551
v -0.38582862451938765 0.70674914351984253 0.52805624099235082
v -0.6710238863399447 1.4806595253503265 -0.51071286937159976
v -0.61405571793747005 1.3088035028389153 -0.079534260031053822
v 0.38531451425956231 0.53487312703600931 -0.12863315668014955
v -0.29616733200550582 0.68917653505921728 0.55438718640030593
v -0.61698909705438643 1.2368444998620194 0.028827526851499009
v 0.37502259526593401 0.22132596553000253 -0.025190133753452543
v -0.5347816148154082 1.2767449933308697 0.40756602474091957
v -0.17151116838844938 0.03077746266323355 -0.16793012940095686
v -0.078301857074602937 0.65078275092469839 0.65833349986452849
v -0.43037507866482505 0.18681543857590693 -0.044153807813944873
v -0.72973731076822279 0.66794478054551343 -0.068097466242889579
v 0.44398982035548268 0.3244262380421698 0.39180536074710554
v 0.54213812830454255 0.24317322834651203 0.37073315478845231
v -0.078676297920481697 0.040043727621109255 0.5884701282809629
v -0.64556599792582015 1.0260174735706293 0.0098782410747766478
v 0.45555300873838661 0.29953964184092846 0.36150657916890006
v -0.70033159826915559 1.4901456445532104 -0.22972777524832186
v -0.3126214302284242 1.3022528171723451 0.0055541437425981072
v -0.38532938547668022 0.24229828536288658 -0.029464918210863569
v -0.80020176983160807 0.95889352837219877 0.6293572387132359
v -0.6454600590563343 1.3267913529607371 0.29446932116911922
v 0.078566845499969187 1.0060907564040429 0.020441369084594159
v -0.34288482358689593 0.93795731335059962 -0.025609821415001739
v -0.055004995695147232 1.4895330585153872 -0.17530882664432254
v -0.77351584935246165 1.3235255431203121 0.29667767031151987
v -0.65875431068268708 1.3146773060255137 0.39997001743444299
v -0.5460851571630766 0.14420841955963931 0.29499586765794517
v -0.41750695418313027 0.03581949217836139 -0.10276113397425243
v -0.57439134585373197 1.3376005450270538 0.14944548269387614
v 0.041240368915796917 0.12650605094244396 0.54922415683686343
v -0.12164286101780733 0.32264987198434258 0.6368585312501307
v -0.8790634672194747 0.6310342384879537 0.096481052028694197
v -0.81282069889373054 0.45952207795157263 0.074933985599117875
v -0.85132213446436644 1.2391569559192386 0.46635525672826617
v -0.51216343577638246 1.2903987407502864 0.063051468879764982
v -0.033834793008150899 0.7093173092299363 -0.21537024869423374
v -0.65535330135991121 1.4106026243350616 -0.09684785559504544
v -0.46751481072358197 1.362593795747767 0.028626170284439766
v 0.28455077629446074 0.26263093197477644 0.525921131017143
v -0.69413317706708177 0.35859739526241985 0.063985085279658863
v -0.24270532384817181 0.16289288203707358 -0.21768809506181339
v -0.89326074167341118 0.76666057697357493 0.18721182982615825
v 0.40068245961812793 0.32402194255174455 0.45758952556255594
v -0.35803118598310391 0.38075004174529253 -0.080994070151513956
v -0.7116303073182646 1.3283202462953279 -0.42099947319290659
v 0.020807261467331462 0.3993458965382003 -0.28448435253196619
v -0.50045293022337112 0.35105859387420546 -0.044402249391653693
v -0.059626037998760116 1.4354456001434031 -0.14560137450421062
v -0.74342813333986524 0.48958050327759223 -0.036941148013961866
v -0.37930107172696131 1.3968174946879988 0.13661734687364968
v -0.88733051811849695 1.1307896493759928 0.40855483573356016
v -0.77972929554481785 1.0220705999834458 0.027593325042238884
v -0.12911066252056799 1.3640470381102492 -0.046791419858649909
v -0.51995643559718618 0.69521244078912781 -0.14148774998903174
v -0.58217420362446348 1.3051201695264318 0.1141362917335874
v 0.14106709554792621 0.80896877961041946 0.49136783785938221
v -0.36324895043413874 0.034900213843666011 0.52372666839313486
v -0.55773024997670873 0.45276913762947718 -0.083306809606669516
v -0.84466160604483576 0.88971730022167916 0.096878169892889263
v 0.25497495108076423 0.56685561706812393 0.58335892991950744
v 0.023369807336698144 0.89070872536616097 0.49767315760592029
v -0.23766355363203018 1.3414741848718774 0.090223007627738105
v -0.27583024341211365 0.66626114501452371 -0.18896985689508519
v -0.50629477845517512 0.41489908571295331 -0.064435955093750164
v -0.68273495919159566 0.14780020455919327 0.078888202360696116
v -0.65448266552086132 1.3559607920652554 -0.45995208954185685
v 0.59216562529648586 0.23177919072124453 0.33095686513118516
v 0.094948655799689058 0.5831182312477956 -0.27295523291887192
v -0.6511157877059589 0.77773974599771767 -0.085310273086447438
v -0.17386475622540495 1.3448210850807403 0.039064575519738229
v -0.71807072333665289 1.2311371735692886 -0.14762835152667331
v 0.049415238267445434 1.0378374753949575 0.091180288646412269
v -0.53753968916221828 1.3421211212230166 0.19202607492232962
v 0.11345023765093111 0.08752881176576284 0.53835161551398925
v -0.10714158904545619 0.034860518349564121 0.52183732254844872
v -0.52017320762676589 0.036215901086385699 -0.04275405844427415
v -0.45176670676585856 0.53117533255713423 0.5469236952623312
v -0.32214586961987007 0.22559054376659554 -0.07347391551599565
v 0.14817588986793417 0.50739462615873965 -0.25935454295343957
v 0.50017151411595284 0.2208679571420927 0.3908938329095038
v -0.52771066566929026 1.0334569506818267 0.044342078011988785
v -0.22933582436802111 0.061741392570292757 0.64347442623161932
v -0.61202164151254146 0.72855731852522521 -0.10032172576757971
v -0.80626038437682979 0.54899966908968567 0.45903069040271166
v 0.2642925129147185 0.64289774664443844 0.56526088009071018
v 0.40711280183792142 0.83917950415248688 0.11124143924141645
v -0.24930066197446313 0.15998795937137766 0.60310706007843984
v -0.22156828230094447 0.28767845647284801 0.52084717819677906
v -0.25083421422033708 0.40456498644915595 -0.30347544112987135
v 0.45063246882026176 0.50731872845293335 -0.025754005515756882
v -0.26130443644785628 0.61656308669088744 -0.2915413125856684
v 0.50118598442237339 0.6263470334868334 0.11584523443728491
v -0.14178987057857539 1.6403182843150916 -0.11095074697167952
v -0.22316113112841318 0.4938033292384531 0.63498489335278729
v -0.11374912174643009 1.5536203463871863 -0.20099799215796579
v -0.6286708645943061 0.63287634806656601 -0.1050889716797553
v -0.19568105221004745 0.069866851718917128 0.2609486975600897
v -0.89076579715744231 1.2836865320750135 0.26451495994847635
v -0.19158626013849273 0.42819325601371327 0.62434833707073989
v -0.68602364775915703 0.36096967180124556 0.36694237082677877
v -0.38845245785841354 0.48667681326974571 0.54024710860327252
v -0.27665917308047683 0.66580735400617319 0.55791021916207861
v -0.083950911316438143 0.41213970580730031 -0.31029272219443932
v -0.88336242792571329 0.53766678992872696 0.18788919565820686
v -0.028426529311292668 0.41219444210604228 0.68158247140957584
v -0.26863725113033843 1.371466701173542 -0.057377073209586058
v 0.001303194121731623 0.55198878097707493 0.67613533740429588
v 0.024327468507852168 0.78208450976671318 0.53580177379462302
v -0.61600357645891302 0.17284442806179773 0.067476425983901411
v -0.75855356287222664 1.4761252932791282 -0.34892541480476497
v -0.49120153975233771 1.2843043676490686 0.22626899212507595
v -0.75362097386355664 1.2947027767885937 -0.055274441111492975
v -0.62638475638396984 1.3870710321423281 -0.33859189241746418
v 0.032688515026345517 0.8795492484704247 -0.1238237466727589
v -0.21686769125223365 0.86753491606193189 0.46000021244403472
v -0.51569832595640752 1.0832428090854185 0.060757272669602701
v 0.35455965588941452 0.60298760731949819 -0.1393744602216791
v -0.32770616441181172 0.35355146987857083 0.50544585119729613
v 0.17310183391163053 1.0309608752381856 0.18346923054062078
v -0.89227866661697786 1.1850801583279518 0.43608096921367673
v 0.093069979302067327 0.66356681722688271 -0.24034842829530023
v 0.16811391842225021 0.51220264251548442 0.63083678983772984
v -0.84124762595485381 1.2252388233085079 0.15638240675778295
v -0.068498983609310796 0.069666173543999704 0.24533558912653772
v -0.50562463586961182 1.1703586633770087 0.31895554528943892
v -0.017647135843491171 0.029519873947590206 -0.13324912901017108
v -0.25132950465065745 0.9597319272335908 0.01410743675478955
v -0.65606174010610507 1.4285593061168713 -0.51879140953832359
v -0.89065839438538508 1.2801920074117823 0.33071418464165769
v -0.68273301450830226 1.3002032459081876 0.44127368782616361
v 0.4758679724752431 0.37339313647273586 0.056911713497258536
v -0.57907388626611123 1.0997635395971834 0.036651764427128322
v -0.55590624818294443 0.1439395810216246 0.30902126338589953
v 0.038575318240788657 1.0011234028853215 0.019559903953813355
v -0.0128872894585744 1.02085921992712 0.35513517002191419
v -0.299885297081735 0.7152723437787819 0.5443884952331528
v -0.27060069541015186 0.60824283659084843 0.54883358130306503
v -0.70257958596197756 1.3292626965288905 -0.43304771485233634
v 0.43265604939816882 0.28492106909187193 0.38492426309663169
v -0.088586606954625113 0.033779385392148892 0.58302904755768192
v -0.88242530663741736 0.66337322089606077 0.12987357011077727
v -0.065242769005814522 1.4375376776075806 -0.15728461380239608
v 0.015397926842054967 0.51163057326874417 -0.30087226330143546
v -0.52982527270675106 1.2885745569429581 0.37323614264495425
v 0.15082388905293412 0.86358392129690509 0.47800746231940433
v -0.18057213178251325 1.3552429388982694 -0.040067663282303816
v -0.69429221926799278 1.4750450641973574 -0.46330486326703757
v -0.07006499698360083 0.71051610863353232 -0.21328274779934239
v -0.66281712659624814 0.72467271145265821 -0.080321874488088293
v -0.21662067841719987 1.3526210203555455 0.078736090975829537
v -0.874881765836105 0.56830067621204305 0.11214503855571836
v -0.45844089489672979 0.63073520892119517 0.5515297563923357
v -0.88366857885575489 0.69676855178978891 0.11650985061476003
v -0.31857962873865175 0.10892789588942905 0.60257590136827932
v 0.17479849427185157 0.91108100847476869 -0.073609417891176004
v -0.35103364457781366 0.99657013145057816 0.31277059282901248
v -0.63527079326605718 1.4912686610842956 -0.41380147932753358
v -0.64639846623574326 0.060300242234971449 0.53314282785110778
v 0.57969071720232379 0.33047213064958714 0.0442012969660317
v 0.10268686360730617 0.81129400105766514 0.51088502470634622
v 0.075055528191229459 0.021980404281000097 0.48246434844042441
v 0.51941244825624322 0.10314592977221686 0.2268511084235092
v 0.41077308816422309 0.11660275796330118 0.0074530906935982438
v -0.53426680704756035 1.1930258722577203 0.42662765061351154
v 0.2567786428606752 0.15725155912688873 0.48186272593151275
v -0.36690406643887685 0.14941908321245059 0.50523658703389951
v -0.15509042764183886 1.5124627134821766 -0.082136510467669621
v -0.8890480587824523 0.57533872531108932 0.23750595930306312
v -0.39463351179436296 1.4501823774798894 0.12714817249515875
v -0.70265351646577456 0.95816539002601131 0.00902593240583127
v 0.3274105138562094 0.31049880644954014 0.51118859447189802
v -0.023629387628300323 0.64490374706162623 0.66128525945288386
v -0.29260081531492554 0.45986534161048381 -0.28989317069061099
v 0.59926535658543556 0.16506028559285235 0.23140146579658613
v -0.16009548990769767 0.86539071865960693 -0.11651477573700116
v 0.1178879946036375 0.055812255696493604 0.39621839713081508
v -0.36302217083115668 0.73351645116453168 0.522318896673996
v -0.65166883411968535 0.049338977732030533 0.52132676667672084
v 0.33262143795069549 0.87547048124019822 0.39091614661994284
v -0.28105914903515139 1.5030023814267266 0.053971634263312446
v -0.44844723032243577 0.94993746819925695 0.38273830349482646
v 0.43129029782154349 0.81027352874208358 0.19946099792360444
v -0.65108836098942824 0.042765235991528948 0.34685032904756646
v -0.32452491297737246 0.19476841964193639 0.48850339427252598
v -0.5995902005413678 0.17715210393994371 0.47983144433826619
v -0.87526830710388315 1.023456651038722 0.59540768646898146
v -0.036412065234359497 0.28279852283742818 -0.27966459120035647
v -0.84434507058902097 1.0777869734729941 0.61765651588606207
v -0.60740366650242161 1.2783534243973094 0.099364011340669259
v -0.58283022053912314 1.1388990817499083 0.040012330904917258
v -0.60800191085633981 0.19150106265390096 0.12956696678650717
v -0.20422726644163611 0.16032856808890264 -0.22080323457409698
v 0.26763651581188153 0.98111991215438676 0.27545965296833475
v -0.5901470620229271 0.04972171047308644 -0.025902209899476766
v -0.14462023830655893 0.0820067792542232 -0.044293800820718598
v -0.9276893894069006 0.95097946856483495 0.42479708596824733
v -0.51088149260611104 0.51216069120971175 0.55272416889479736
v -0.15638732554735979 1.6110492066009594 -0.14998889488702885
v -0.67683171833384215 0.65083420892676558 0.54450456399699365
v -0.42699493565630997 0.44424844537275676 0.53406104524477238
v -0.19957810551222158 1.6114293352757942 -0.081926937387773832
v -0.2442161854027205 0.076743363567621792 0.052141794249548581
v 0.37718128779952004 0.13940926586299929 0.37280832297181871
v 0.64377727664432016 0.2509964179170826 0.152687109805482
v 0.1662586228515191 0.34123871295147246 -0.24909329608563366
v -0.68942957587820153 1.5123565204099674 -0.32548826703132816
v -0.012047033364661045 0.95596589121343578 0.44911842118459488
v -0.87139739401759098 1.0059719670042575 0.0845189157065315
v 0.021913113337741551 0.39121371769604224 0.66752830832479937
v -0.6533211050488118 0.14332367375038493 0.44521124177121701
v -0.6385289100132896 1.4275993630710042 -0.19598153233537505
v -0.232115506103692 0.93607565261672376 0.38788413607143163
v -0.20433794986275314 0.45415586099964567 0.62686496172541351
v -0.75299369368437341 1.2981640821308971 -0.082748440104507909
v -0.11068462449477016 0.069538748957435184 0.30067637947489767
v 0.056310775273545513 0.51310783677390681 -0.28883147072347853
v 0.047018251306466037 1.0256938582377912 0.34543100255179982
v -0.3160647340846407 0.66898887560453646 0.55339051962252517
v 0.019942351733712092 1.0187798439468725 0.048233118419856294
v -0.71335413183716967 1.3082706630182122 -0.40024030939340594
v -0.70504156866738932 1.2253795993564871 -0.14056875473327002
v -0.51436896099642171 1.3050153640042659 0.23030007312395159
v -0.49642311870145711 1.1925666026035402 0.27301292087046497
v -0.06299117797462693 1.4232813834032074 -0.12123871508382975
v 0.12030156771443987 0.4984928758129788 -0.27043856215936785
v -0.1078730342932392 1.3716300876629937 -0.049391941791927615
v -0.83497457272171105 0.68048305612600979 0.4385531222225264
v -0.36994281889964181 0.27766487139761858 -0.033274602235662101
v -0.29343589608888337 0.98455122393138206 0.30065350023721815
v 0.21184549815753123 0.41857377568177245 0.60632676044794753
v 0.34780391617775019 0.66428468640035376 0.50555935562046994
v 0.22998719707942136 0.60560243339164976 0.5748958358546874
v 0.20497251794724636 0.99912371331018612 0.33135955964065505
v -0.51912805364196368 0.62506561613298828 0.56258787702445867
v -0.69890903871080667 1.1738262650524793 0.019632877849979118
v -0.47859789702067507 1.2478433102102138 0.22339933904438711
v 0.21108537616633 0.19328358238500148 -0.19621286534693957
v -0.59013092195430095 0.2413428981790198 0.11390534351166103
v -0.12179346691877244 1.3785269883139548 -0.007422006586365445
v -0.36677154436721848 0.92046452042931592 -0.049733064584107693
v -0.29429813706665581 0.1695198839855187 0.54875899841055542
v -0.8509989371063269 1.0490892297576426 0.62416008773038578
v -0.73233811422700057 1.2972470108257674 -0.34732929276973623
v -0.019124809549570607 0.068254936528449189 0.25637997268220963
v -0.22856911320524281 0.8007832131305257 -0.15060568766162774
v -0.85005149820446724 0.73315402711574396 0.41084216364714116
v 0.24762904451207868 0.040283362632353735 0.39435818976808362
v -0.66546877684406036 0.04134598764216544 0.0094172468959430496
v -0.3802860106017964 0.97476340668778649 -0.01493688994393773
v -0.34542141114877783 0.88720684356554702 0.43089460266781654
v -0.69969136557545797 1.3909299785581515 -0.0060376311336852832
v -0.14082945475001596 0.55088892608181683 0.68293714542592832
v -0.43745998932706975 0.85599442945331317 0.46871541715304116
v -0.82175650909948961 0.46624857606240439 0.31071491675270285
v 0.010104510520626839 0.7045475022110671 0.60142154164506789
v 0.027056904172512133 0.97924442623136054 -0.011400882947620821
v -0.6978525007045685 0.10635987753150229 0.20584092022729414
v 0.161540074880694 0.61979397131609371 0.626684060170978
v -0.49992085050512952 1.1530565817670009 0.11462281117670547
v -0.75792730756909632 1.2780093096465792 0.47588145487980027
v -0.79010116407279929 1.3898202158579938 -0.16472121365503184
v -0.90872495457183788 0.69698686754354211 0.19082594655071958
v 0.4695547383878847 0.30618924583716889 0.020092895055400291
v -0.88746730399243878 1.1493887403402792 0.50229720049463589
v -0.71083932391223537 0.10779202135266053 0.066539744462405612
v -0.5872014500027477 0.737513854019757 -0.10844592307004043
v -0.39410722583779212 0.67095709902943679 0.53181163315822411
v -0.21832526093717897 0.043430433092023595 0.63662948603498593
v -0.43831911698680059 1.22506712169586 0.079427008429898679
v 0.15672508504969121 0.25344302908246924 0.61042702087660461
v -0.54991540067873224 0.39584383665305772 -0.043363205644766672
v 0.103926890818981 1.0175216856685834 0.35770402754165964
v 0.34307815746427883 0.52950910058267742 0.51824839459267869
v -0.70148604643680379 1.4459801854035521 -0.1127808287148135
v -0.26336874127438936 0.32660902499684302 0.47508259292018667
v 0.047712390147490506 0.60615047301448055 -0.28257615664014318
v -0.54157525959795094 0.30525526361675992 0.35310791310774947
v -0.5090363189349546 0.28797708964678115 -0.025039668175209126
v 0.37799241478085299 0.081551543109594712 0.33409456130240889
v 0.15528871429933475 0.76875702072402585 0.53042823852183374
v -0.77001126964545763 1.3108840016305161 0.033238158244265438
v 0.57005151379365815 0.34166330631125108 0.34050577513392527
v -0.84557991103764796 0.83681592461882537 0.12280711637020671
v -0.013608067309255307 0.028027628991539152 0.49914547615785149
v -0.76710842393307033 0.43270921520137973 0.050200902792916911
v -0.40575319915796015 0.55338619535110323 0.53339806288695946
v 0.43718213383394189 0.77470321405940523 0.077279933595877301
v -0.82235371070964924 1.3035379797565536 0.20340880622343951
v 0.075919666839236635 0.4351263794191107 -0.29012959211341144
v -0.28101254043327367 0.91502812087351504 -0.052270332938970418
v -0.46933966771998142 0.19823985092208277 0.48571213194762902
v -0.1936417803477021 0.54739488251622093 -0.33289380878718738
v -0.83740848338599128 0.49338245300171713 0.3364587483742788
v -0.90576409783936118 0.66716400418221034 0.19460160889480294
v -0.087859755172294357 1.4364167532034351 -0.082186592875350128
v -0.6239069027924834 0.071237377270084418 0.55295165209440778
v -0.62035071961537347 0.14402195227030987 0.52430767531110911
v -0.63298120305500616 0.45228748462754981 0.5130594423786462
v -0.12792272279567493 0.045548617484763444 -0.19472506230391057
v -0.33636148290336076 0.028723052191244731 0.28333682510086727
v -0.73713124949781605 1.5855834291925894 -0.46868825088247668
v -0.74852532946787842 1.3064464502327471 -0.12652267090267874
v -0.82776933632161098 0.44894781157821878 0.27398789036274573
v -0.78063012415118682 0.49004741154100206 0.43720338567931805
v 0.016487366419858453 0.19753354355157299 0.63149248947602921
v 0.034075717459526235 0.17624529876367079 0.60660527531085273
v 0.37878071534656077 0.037121388167221762 0.15667893356735177
v -0.40290377334383237 1.0055391408800129 0.022517457691638418
v -0.015789103546946664 0.13484678801720254 -0.20159732776841122
v 0.26078911295087648 0.9440667681678877 0.38445835919124921
v 0.10706981065364714 0.023759363266465848 0.4534337033132283
v 0.038350556217994818 0.031959241980957363 0.083471805650272915
v -0.31838533721253875 1.2819621576286218 0.092808133396797596
v 0.244936700845125 0.89220338155235634 -0.052837021935053248
v -0.2013636013692941 0.97294100651830728 0.026297073578538957
v -0.50643289619029952 0.31564266897674759 0.43048931108533495
v -0.48458025631412599 0.038092836897468826 -0.10774060451609895
v -0.57474068140907564 0.20723412410994158 0.1854668146125088
v 0.0087717905799971109 0.066360142162708705 0.08617892156911959
v -0.70608942074224756 1.5972677442494736 -0.49098869844003912
v -0.86300133519799305 0.57199913685552461 0.36384387201469642
v 0.62305879683095444 0.27747101212341707 0.074241666639192683
v -0.37193499000619923 1.4462343963334363 0.12916269744570436
v 0.47562602404121634 0.58742764796021651 0.011868447886896612
v -0.028735903901171318 0.25287860847193733 0.63512676680492264
v -0.10522857260722897 0.90912467610221448 0.4737062375383162
v 0.44176664564912704 0.10796582259237851 0.34500005664156363
v -0.77494455403300022 1.3142561198533695 -0.019370864142656347
v -0.72744108232117821 1.5323836055056024 -0.32506357745919989
v -0.2864887414914532 0.28148875867445006 0.46671185801309739
v 0.45198275814347949 0.61504512173497627 -0.037993499733855823
v -0.68052944634811929 1.2789839146814292 -0.3157647941782567
v 0.48505763567533661 0.36190323274579494 0.060471022830977918
v -0.73923554966337468 1.2710057415818723 -0.30441657158504509
v -0.25774369188675889 0.069181611907067717 0.22276835065512043
v 0.10735014979921065 0.031445487174880264 0.098288627418435581
v -0.27531925317509442 0.194040557570267 -0.19732391074799716
v -0.81080823450836259 0.99865785481901626 0.65353683148502872
v -0.034615628277808883 0.33448132465947988 -0.2985889753877683
v -0.1116500236873296 0.785189342456863 0.53278994102104071
v -0.45464597339954782 1.3086282951546213 0.20057294875108572
v -0.69929406807603312 0.82668451371983154 0.50300616673312937
v 0.37808702784380094 0.75042299312431238 0.42865623425541066
v -0.60540833492725488 0.91245754225524056 0.53629969098084351
v -0.74952601107642391 1.4506833836549577 -0.13651679208338566
v 0.0724659737277282 0.22948732553379264 -0.2545172478221629
v -0.74113440885161896 0.35419859225417333 0.17760542399025359
v 0.21196088125865065 0.91205022267425107 0.43655892414245984
v 0.33558370699748813 0.62877325901853653 0.52658153073434377
v -0.088440874912778342 1.3907611877805981 -0.061659233272454789
v -0.7987972567365933 1.4696876473905323 -0.30751747207587177
v 0.076917293658198271 0.66671609992449421 0.63153903061199179
v 0.47613603140510385 0.71237186729937485 0.11608971751070279
v -0.079033049586615639 0.27706611700826972 -0.28076255608811973
v -0.87412605499787122 0.51828636413842166 0.28391824699220647
v -0.61680020214244946 0.38190223019025354 0.45504606808637788
v -0.48370248198593685 1.2178227171577656 0.085573173850310644
v -0.32184274776651772 0.16921780981372511 0.53747011915563403
v -0.64856651467311677 0.036464388720515786 0.015849141249434137
v -0.77348774999003134 1.292785215503278 0.061556733438930387
v -0.59720475595307709 0.39020642063042993 -0.019053368945839356
v 0.34769763508177881 0.6938428690020636 0.49392333787209947
v -0.69908985710943683 0.1266474714886569 0.070997167586859131
v 0.16861541489385384 0.59605743038547909 0.63383402224789376
v 0.085865316469191141 0.98803428196106902 0.40238946035986917
v -0.4147478241659277 0.53014872262399093 0.52960498761072183
v -0.42189002729885017 0.87822002649354658 0.45031622274255184
v -0.71495906503336948 0.067513721587956071 0.21321935523871555
v 0.22939361403018765 0.57427642477006624 0.58553440300953485
v 0.1216644742536977 0.73342210869141244 0.55525475076972264
v -0.48912450275141667 0.6355850906643209 0.5570598955504108
v -0.0098464265650935155 0.05874571109463788 0.45741376812989104
v -0.63827542731520093 0.089445450550934599 0.53708363156738048
v -0.41333294678871668 0.039691857631153502 0.066481400334474319
v -0.16121253856957118 0.67634362980006268 0.59659972881045653
v -0.45177580081074792 0.90632943775538499 -0.072888337378655715
v -0.57279444659913337 0.19301230946408596 0.033919378050316633
v 0.25720087941558034 0.35559605726092253 -0.19376030891018378
v -0.11925143076536962 0.58822277178135529 -0.32929588442746971
v -0.12023651440944422 0.12376088479173233 -0.20425743726568693
v 0.21605759626466936 0.67902155176935419 -0.17561669849814213
v -0.58306630883409416 0.9811438330960105 0.53912078411085007
v 0.1420460329436827 0.031440755402386472 0.5237238736825558
v 0.0012751500515053328 0.31374324241271351 0.65791495255304033
v -0.11501783030070088 0.050229638729826158 0.60415875256621643
v -0.74636323581648256 1.5535171257894189 -0.44315474881684586
v -0.24543439575013842 0.21563268425797388 0.4985878012386511
v -0.728696599466093 0.37793039058637795 0.34017472803902093
v -0.31919387442264319 0.27688498688614321 -0.11419338652685904
v -0.45822914264225167 0.045997495683289299 0.16207467296511055
v -0.23603114749669077 1.4894734487858523 -0.015582220757393165
v 0.2515268819815753 0.34007782321091534 0.5601258927390218
v 0.01178967339292033 0.042392900980697389 -0.10232063734600011
v 0.39646929733090186 0.4552700894796059 -0.076961553604290439
v -0.58514647581007206 0.82816251914775929 -0.089851679840382767
v -0.49958977672589666 0.1804172622521075 0.4931504504916126
v -0.30149527646536561 0.03431747167493418 0.50992369057441611
v -0.80354640659303844 1.0585683035623128 0.053188336413138554
v 0.37361356082128283 0.24671646777342471 0.45236287950285653
v -0.93191197457207364 0.92619030203345443 0.19505049531406943
v -0.60325048691594951 1.0361849263669787 0.019579801496303655
v -0.32091023833317833 0.032911098373710292 0.32009497521164565
v 0.041797209803850488 1.0461355821995855 0.25352411600392033
v -0.048777791210426837 1.0347379999234871 0.27975446658290165
v 0.37090067711558067 0.79374252963462777 -0.031789436039279112
v -0.15329349221851457 0.073026034754341176 0.3991588978940942
v 0.011281695487219677 0.34931753012794764 -0.29379333355537973
v -0.64266504194415319 0.34088657103477271 0.36756686593704996
v -0.78686683538364122 1.5600165677672622 -0.3884493217171649
v 0.27290211977473933 0.69654683736488732 -0.15290603209381184
v 0.32037647019465265 0.52258582221700067 -0.15713031868858124
v -0.19080610915227927 1.0045745617081161 0.13469524277852835
v 0.067608657570506006 0.83526881515645612 -0.14165856952249861
v -0.64641249534776057 0.85346133513229749 0.509858667654842
v 0.086048092364944984 0.37283888137128146 0.65223072462463128
v 0.37906162794921833 0.16273666275941429 0.37991896760660365
v 0.45100136992234457 0.3882360836928761 -0.016183196561698789
v -0.076801023189534204 0.78608926347294072 -0.16248463474967381
v -0.22476824500810522 1.5656438815922635 -0.094499763251780652
v -0.12223414112739477 0.42720472631763601 0.65630032367703672
v -0.75598851707318038 1.2608304965591279 -0.16760236332345657
v 0.33914003644360602 0.029169961012248981 0.12962189224203208
v -0.68923013792871624 1.3804487436049067 -0.47991637283511385
v -0.6292381243379479 1.4390797222757081 -0.52673426090904052
v -0.63157685252705509 0.040672496959715254 0.296393760063695
v -0.59530319056034919 0.92211569036415264 0.53024178767938934
v -0.7297662467376872 0.040460639790156051 0.13935759169957745
v -0.024683815360467751 1.0167586275425775 0.041443375006145179
v -0.51979296553561571 0.6060182792258505 -0.13559764669403621
v -0.63869228352892671 1.3626937430263728 -0.37333183567948675
v -0.4849310062381415 1.1815521517203333 0.23888091478501763
v 0.18624363431735322 0.06540301273169391 -0.13176302542845211
v -0.67273462370899362 1.2463306755940615 0.52448107305886327
v -0.56587561943101261 0.036902025417161109 -0.022698570233576302
v -0.68859679020299891 0.31704332024615201 0.21925785168427814
v -0.75475748752688498 0.76292005358976422 -0.02883062104012234
v -0.78331583908272029 1.2621531323429145 0.08417308048190672
v 0.58996337527355891 0.2704141802058222 0.033970592533338291
v -0.85829603750914929 0.59168842832085733 0.39203208425324254
v -0.629322392658902 0.1160002073416206 0.53643159760802306
v -0.3902121597723166 0.84118659840292287 0.4757408736531924
v -0.82050162549052497 0.42979678652167669 0.24616362748046799
v -0.60780491980751361 0.89422735118871954 0.52014737589793347
v -0.77042838397514923 1.2956842197711449 0.012899887401714527
v -0.58640676168145056 0.20620096196853777 0.16767728923494293
v -0.80235076407235884 1.4557420032179131 -0.27348534644524575
v -0.83136139257622321 0.49852225646976583 0.35739132267088519
v 0.14588796766693218 0.24281122575399178 0.6154844804404821
v -0.078276747162218233 1.4007150804798842 -0.083267994519272914
v -0.67731654163137744 0.11378824479218448 0.22854185872725177
v -0.2932862708393093 0.19575155986686862 -0.18088748240779773
v -0.68807844218990355 1.3990528629223054 -0.027964522516676419
v -0.65262470101876413 1.0968579736329318 0.018396004250749876
v -0.24444170759650186 0.22872910757994278 0.4890485266943228
v -0.87354018603450501 0.51557029044254332 0.24897204525046931
v -0.37288538167450419 0.28190204388354745 0.50376888303992029
v -0.1599851366116864 0.68711937386007393 -0.24826660600095091
v -0.68860036652683243 0.16297218452641088 0.13351418475618473
v -0.58446414700394345 0.17574819999186836 0.50211640318721185
v -0.60650668579255906 0.60079361913184326 -0.1236224969226848
v -0.76732606220225519 1.2675630654310606 -0.04866333809498178
v 0.44841807591320759 0.66302374349090998 0.38258337988114999
v 0.043154274631683469 0.9207502674260315 0.4765391621092403
v -0.90434443593510128 0.60380193329228171 0.19531258472045987
v -0.3591313441202621 0.78033022494830739 0.49546028831872491
v 0.16805935610798031 0.77045131648341258 -0.13574262841783716
v 0.14695871440352187 0.25758037987175614 -0.24419252438006253
v 0.44356498839417108 0.27018691418364199 0.3723768573982173
v -0.12378602995520124 1.0119882227624357 0.31010486713974295
v -0.46176220114188649 0.066230929736501312 0.55863252686570619
v -0.35326691392897941 0.82227162241489993 -0.12229945290801043
v 0.30605458763904986 0.068828271373729308 0.36068138270407746
v 0.47249469547205403 0.55313547497276738 0.3641785845313304
v -0.11838264280334511 0.96105333106919166 -0.0014417320837884226
v -0.65800360485187848 0.63002424193119477 0.56132368944144628
v -0.89726422677382756 0.89009110903297461 0.4030480819751911
v -0.19870474619579223 0.62805791145245216 0.62450415463442399
v 0.11744821717947082 0.90032493803846769 0.4718537377743392
v -0.55508940119507466 1.0417441414866322 0.5003347360391589
v 0.14154683178830452 0.61137790890359323 -0.25370461937276212
v 0.11658848016857534 1.0133155932534759 0.041074402720411241
v -0.63907169363426242 0.73677207286930968 0.54192263742270386
v -0.3304431732379558 0.079221711881249601 0.056128367829400116
v -0.79101886987686898 0.70969954103304356 0.47375631173369015
v 0.26179556317038416 0.84039700136084483 0.45521394865461573
v -0.79712707620123668 0.57074758335499465 -0.020322985556261344
v 0.28487234696318486 0.34253450240311872 -0.17222524403591477
v -0.61833963629887578 1.1947418081241103 0.036813735584173404
v -0.58713841133146327 0.28029517357874273 0.097154604363587277
v -0.47304758073960029 0.038365260993861283 -0.14385252898371767
v -0.34080919648025021 1.358747134834817 0.10958906057035632
v -0.2935346774093936 0.52914737711236615 0.52065787665326779
v 0.11815579961764834 0.027997902214349356 -0.011975499794444268
v 0.2527177635364245 0.028726407832261047 0.070308373199654287
v -0.89325284103230207 0.86414157926091761 0.4977931549267568
v 0.033676145141795177 0.8216092691961745 -0.13819496006150003
v 0.46677378429332611 0.74503727024972044 0.15734867489954948
v 0.10828043563193911 0.023750160260168796 0.28553503195323704
v -0.34031216857295149 0.037711369424924451 0.40413216225754589
v 0.44938752952835698 0.56231768570897256 -0.048859208139459431
v -0.4157101958999383 0.96517476099680566 0.35706885974727792
v -0.43750834463146665 0.5297283252984718 -0.12407612653668365
v -0.74609301218194268 0.060645874368818901 0.09646998765537286
v 0.13424875671713488 0.9616338780715763 0.42935465206534124
v 0.2019467599288596 0.63585779179824287 0.5972337102119496
v -0.16288275545453956 0.22589868698065269 0.58586295592438065
v 0.33351589028591067 0.91018412458852604 0.07078798579191517
v -0.27825738370889408 0.99706670227436711 0.20999056500533078
v -0.41586394148308875 1.3900034132687509 0.160004438824039
v 0.34936064775977183 0.34154385600947823 -0.13278623210151347
v -0.52369538798281623 0.20656986891103332 0.42839106383377434
v -0.83050499969479441 0.92561078240168215 0.62593187984203513
v 0.5021284057833133 0.55900405515720797 0.27140844731057434
v 0.50316086572344831 0.61182608367928659 0.18482806832111179
v 0.11872511165887825 0.70606250030438278 -0.17064321984083161
v -0.69048694769746977 0.85703540585989857 0.60363982206149491
v 0.6086078896409659 0.28913749981950621 0.059588582520729502
v -0.26497668482968084 0.22255181256905457 0.47239753363428316
v 0.3786525648330733 0.44031956124505917 -0.099061335962242286
v -0.50538561789247571 0.64929605601745888 -0.13603282604460473
v -0.011485698875276307 1.0010293336060654 0.007177208728975243
v -0.42808788994956565 0.041750543658301782 0.024117630560757899
v 0.022650286081085436 0.29727424690219595 0.65823100398253442
v -0.71744443586343398 1.2169875519368771 0.56219723029403579
v -0.59492309830769685 1.0750648668926917 0.025002341991114913
v 0.016189333690752532 1.0417040418683967 0.27507217776702036
v -0.58895419582061526 0.19137834074887164 0.056910627852518256
v 0.39495625532039241 0.7671056163496166 -0.030589728271995135
v -0.80843126441447033 1.1052370021922213 0.066051038594156841
v -0.71185456100857769 0.32867346689322824 0.22155230395026052
v -0.62232831350399143 0.86773897485801943 0.50222722856914037
v 0.35126673792783036 0.22260183933328212 0.45633468171605795
v -0.11343916684198481 1.0025676599954414 0.34405445090298203
v -0.21419240777890741 0.06967802003518031 0.32324700272833573
v -0.46916447298040176 0.67657885345395785 0.56067222773137781
v -0.46051676549696108 0.60322729391673136 0.56345489802224757
v -0.35957744871683767 0.66378828071267848 -0.16418222851340233
v -0.33547724920637173 0.20227786207690551 -0.098119426432702689
v -0.72447562475595695 1.1717991554828053 0.59940748254009701
v -0.34077104612214459 1.3854711639629735 0.086842855605483688
v -0.15336151860356506 0.073516733429640282 -0.1063153491521775
v -0.38651782797209649 0.029617576660565435 0.1628861400904861
v -0.077813240572718545 0.9828833544357638 -0.0041542353507191352
v 0.20455392478399373 0.17795780683003609 0.52917009265973902
v -0.49651045362662444 0.93943370175826946 -0.049745735962707142
v -0.67508739981493948 0.054894271735672538 0.48209613810571578
v 0.48179122722368928 0.52805342976167902 0.046263182530936503
v -0.63211501218147015 1.4056578572384124 -0.49849995122107416
v -0.91110469382011938 0.72751427721547135 0.28469149248561698
v -0.62492919310874273 0.034439639564808444 0.13430641516515415
v -0.63299187806852597 1.5634108573626977 -0.49760946600763023
v -0.065994744833448735 1.5033897070083062 -0.15749706012839162
v -0.60567735628035624 0.64753944236334482 0.57121658132590791
v 0.22196070985868904 0.082193095299165922 -0.058938042051021884
v -0.19075221963421599 0.31338609567839026 0.56609916164262097
v -0.89558355346776464 0.7191948386946676 0.14896319695208085
v -0.18666050267134138 0.30556009464437028 -0.29832560816507053
v 0.10955425286304551 0.5746562406259853 0.66132125764380345
v -0.51103544956594504 0.3860120666242452 0.47833199530519249
v -0.49096230137738545 1.0192268884744471 0.042939367713730865
v 0.29720244366475246 0.095781409378679391 0.41713386055782437
v -0.77748857630222346 0.39291134464593475 0.15481699727417
v -0.63360145884925778 1.0785976949684579 0.54058536602559482
v 0.4686189739468356 0.16520334101557338 -0.0069019645582090935
v -0.39729001965938732 1.4884732691380291 0.065550712349853144
v -0.053404840471766933 0.82066030280356461 -0.16005049698336252
v 0.11362637654609656 0.026873156328021695 0.26442497897391098
v -0.033139784588998342 0.07296715848155734 0.12977752089010619
v -0.7186816010141317 1.401626835012673 -0.37343369792359093
v -0.49134079828595956 0.90779698142426757 0.44028392861599669
v -0.84951493380563559 1.1125118780039498 0.10778692442396245
v -0.8860738676522345 1.0582860391164575 0.12772553493513447
v 0.38280827666291639 0.21749023448197832 -0.01818617298670136
v 0.38047314578074054 0.8534709602411571 0.052302863236372968
v -0.9138103700405833 1.1823986497985306 0.27224302835023129
v -0.79139651410431278 1.2399323069079251 0.088491067987629582
v -0.61576891228628416 0.93004557875899729 -0.011774834818325832
v -0.47938803094848548 0.031755637633680001 0.37635371864987971
v 0.54301615690516591 0.3806304859318777 0.31379413816819912
v 0.41959573366018044 0.32401058788068082 -0.041389157875739858
v -0.67951297893504858 1.3036499282232661 -0.39693367387703876
v 0.29736553717355163 0.8516959134884815 -0.042246199555193958
v -0.7204971122381908 0.79030348324405364 0.49607816961831136
v -0.27370631644182336 0.31609642877145527 -0.24642983437495417
v -0.51091410236541501 1.2104946596366908 0.32781944283273745
v -0.13941633896984784 0.088583855399765987 -0.20852355096109462
v -0.3051876455196304 0.75514202022156041 -0.15299509522234059
v -0.5177232147863704 0.21038408258370084 -0.0048260218056721191
v 0.20034134110093932 0.33988513634541417 -0.23534553037470105
v -0.15310252741035724 0.61702331872337413 0.65807229360373831
v -0.074059852757271713 1.4760644312414368 -0.19512187329351502
v 0.61735337430699699 0.39908324513512766 0.13008477304450125
v -0.63413718429342347 0.92289200779928759 0.62088835647195606
v -0.086673921234649426 0.72479818606414825 -0.1801574009957739
v -0.70623645224064158 1.3573143358130944 0.053899314145998939
v -0.47638642662881192 0.23646255396557372 0.47070699605518951
v -0.47862010915050041 0.56859452192917792 -0.13609028342548909
v -0.069175226391845868 0.50527020378328491 -0.3264308724853684
v -0.55198038685695994 1.1153142171465684 0.44920823080893724
v 0.14587885598294062 0.2956033054003856 0.61382967013714851
v -0.51097578385661646 0.23162994674838713 0.24459552194912423
v 0.35384771206833332 0.18959600296377185 -0.019824148063181956
v -0.66494087136977309 1.1862071134744934 0.56579191100342374
v 0.073935841448925052 0.17269783861565405 -0.22375439186094159
v -0.60458942792507187 0.14071090313343104 0.54271837508144194
v -0.44861921007421651 0.64090946891215606 -0.1457570149919992
v -0.5445348038573431 1.1210028872906059 0.064958048125829795
v -0.462140089124563 0.67750115407790223 -0.14014337060543533
v -0.75386398507796681 1.4144188800435331 -0.07128162982998576
v -0.505700979808828 0.93901471609966614 0.46493821130674051
v -0.54676102818349082 0.54717495451347886 0.56727199293459074
v -0.20347423778101281 0.077922852108885637 0.030181888524053783
v -0.90833626034216097 0.61981308586864159 0.262594992865398
v 0.25853878426899229 0.17480839896501529 -0.15682420412654138
v -0.059928411188370598 0.44488295695395869 -0.31034644364220859
v -0.3111272593166447 0.038047077525854102 -0.14725170966943585
v -0.66981304630651495 0.41893843217822191 -0.024688040433238825
v -0.15766851726008166 0.074307496919929314 0.48196933168947143
v -0.52468184067902834 0.19722903118683352 0.44913919621526838
v 0.33714642402846207 0.26801121584949616 -0.10917173955926254
v -0.35027394419183888 0.48969347075230218 -0.19419115818484337
v 0.20919835944385881 0.91086604732667076 -0.055459556264343825
v -0.73421737034393897 0.40898998145878751 0.063555650301043348
v -0.24897232555305099 0.58589763983928078 0.587859052995651
v 0.60526859093198326 0.18345244099662938 0.26695582844614291
v -0.388700227710366 0.88989418430913614 0.44191562260897976
v -0.93813566309890395 0.8979088000081894 0.30320164022022694
v 0.031448121859657105 0.033400712850139742 -0.1073281602499051
v 0.27001597202195232 0.69474085478747705 0.54805876207559479
v -0.47653740769014252 0.72992807710752983 0.54358391542123208
v -0.24740635105669495 0.35492294108853006 -0.28144824557782844
v -0.36266185885019475 1.4954067904908244 -0.012711274387212276
v 0.63823504930916231 0.23200043591225394 0.22355804205551416
v 0.30311760008224176 0.70574370876797621 -0.1266055991067537
v -0.7301119502553346 0.8891267451400775 0.02036425905229048
v -0.23748524406467525 0.67193703331809818 -0.23583777411578077
v -0.53077036771475083 0.27722031421129645 0.31690535309943835
v -0.90011086341169511 1.0114874841158568 0.1415540627690558
v -0.28055812058756485 1.4214619358073806 -0.076432260195664556
v -0.19210542450790305 0.49040062426224929 0.65831558641783317
v -0.48210218904989693 1.3733825730703508 0.17593804677809924
v 0.65763639786931005 0.33587342440343204 0.21807263856522169
v -0.14404731614550914 0.79649014590037626 -0.1488007971960722
v 0.19198065083048477 0.022628525577779546 0.43567753895608796
v -0.8989339628879921 0.90675930038472574 0.5775828385323778
v -0.35816327923110508 0.72885052880735024 -0.14928467365444581
v -0.54515609587168279 1.1628526160153361 0.42675222423760156
v 0.12798939608590523 0.1459144724729248 -0.20369300715682329
v -0.60158132108737383 1.0755945274729004 0.50905284619271518
v 0.21842887887539433 0.10884848460140809 -0.13644882927256866
v -0.6208621064102372 1.3228722314531749 -0.23157732957508073
v -0.34844991452836149 0.050641429140255788 -0.24720386448578632
v -0.52939278704215831 0.7385638955429692 -0.13671654236286973
v -0.36199273686771372 1.2616098710315935 0.11743907422698696
v -0.48498576727926118 1.081909368653367 0.39582542791870418
v 0.22082475080118966 0.023382352842158199 0.28303532793988562
v 0.44650468601954318 0.75221684932260768 0.32429845939054364
v -0.078105846588270883 0.73232896243375112 0.54079846613500326
v -0.72626120071865896 0.35182278547251694 0.13924853795149769
v 0.33478067040835663 0.12106971215134407 0.38809191676196469
v -0.158665650623943 0.97432436638070452 0.35899419895500151
v -0.14840467374083544 0.31016426553324561 -0.30577301607286977
v 0.47130863518956984 0.5121812921478015 0.013033586642836935
v 0.15857149025366243 0.025290699524576642 0.28312869929080153
v -0.62340649657243163 1.5324368570905826 -0.48788970714075397
v -0.70067856458043698 1.1686602437686298 0.59503781442840686
v -0.061807977021659077 0.72116486362081345 -0.1833085651676313
v -0.31512492027802191 1.3832330701460054 0.073031118590555888
v -0.036639633170024853 0.81694868381410013 -0.16109926607372801
v -0.64497862702968578 1.0546825789131213 0.57946512749991197
v -0.37953013519145579 1.5037678538482691 0.035464145766694273
v -0.67300156752476137 1.29731801339414 -0.3704741836877164
v -0.4301962640606089 0.58866655839154802 0.54967689194395952
v 0.21612253427783942 0.38335321741359019 -0.23864763390787844
v -0.42807835722046161 0.030298920984779841 0.14581350323297099
v -0.62441401715353173 0.94408276449651829 0.61025929022716952
v -0.86661936503628922 0.85090887645530211 0.52611707795973595
v -0.024501551716375594 0.79445563008107545 0.53927318258707901
v 0.11267239455895038 0.082110690484906115 -0.18159972608221223
v -0.77230254684268973 1.421726463734948 -0.1195609563854929
v 0.24230505091542723 0.88599005986854407 0.444791782653569
v -0.41361877936228991 1.3002422593830212 0.17749941810800721
v -0.46538177745924425 1.4314781024484919 0.057993482894216741
v -0.24931582084544088 1.4241067391448021 0.01078878550661583
v -0.34999216046985299 0.05234345272904934 0.56673580490163633
v -0.15975636365638379 1.012920601724755 0.25968458966067581
v -0.27909761984652831 0.11637342519375224 0.61520164294206003
v -0.60620421415371128 0.30840574832701079 0.10889764656334745
v -0.73307214283610023 1.4711931483771525 -0.38200283070066549
v -0.27054346773790316 0.55477571843548446 0.55559520119200789
v -0.51404716777521664 0.1018143776748159 0.57010957417305808
v -0.32479063879830539 0.58368088602259993 0.53483786207841177
v -0.50132675857336462 1.0136238584376067 0.4601211127937605
v -0.68498185953950086 0.94294263190789407 0.008655698987912493
v -0.85792986307902475 0.8702066100747804 0.58301311263768252
v -0.53757604540463177 0.83503083070968498 -0.10064787998145816
v -0.62439076262929616 1.4401695062910478 -0.45397525344570028
v -0.83728983368885412 0.55165446904054771 0.04450612963526708
v -0.76702355299692571 1.2602797705080664 -0.020449866891247122
v 0.15413923766445109 0.023383920285654988 0.076982712703944203
v 0.0094793332982681926 0.93163562392399379 -0.06133883333657409
v -0.38532376206574914 0.1625399238766646 0.50283104381624422
v -0.10672725033468629 0.074020391616732031 0.12032634354271311
v -0.54823974959023181 0.163090245013778 0.24665251708106031
v -0.24067713633616775 0.18220631302785892 -0.21674214759442814
v -0.34190520159581966 0.38372113531016006 -0.11142517912447179
v -0.62390854022054498 0.037744981311107706 0.39016515988867639
v 0.091890305121515733 0.68102190738161095 -0.21846211664499854
v -0.61966728657576542 1.5486852764362795 -0.53108347790920329
v -0.34802828429833998 0.28488276025067533 -0.037380975661668793
v -0.9320339318053269 0.99215979018831468 0.19314105404293916
v -0.86343281603573929 0.69091465891827419 0.40577705090656518
v 0.01458751803534687 0.46826052895546544 0.68827490405973235
v -0.0061963232553544278 0.63766193214977318 -0.29066519616633846
v 0.10736690259481214 1.0398680606609139 0.28551190483560585
v 0.46472709249329225 0.25783965086832955 -0.0095417722509518899
v -0.47066471842806118 0.33168824720794898 -0.051602173367261174
v 0.071496287394532274 0.89943479086354117 -0.11023058371016872
v -0.72102960361831914 1.2953025107659779 -0.3719721785476941
v -0.5112797462133899 0.79933915202738337 0.51350252239224281
v -0.22251660586622032 0.12842602491912894 -0.22798336318251963
v -0.19534353640790378 1.3666260324050372 -0.054182239571701152
v 0.30067314533388834 0.74711358896397395 -0.11287296842796966
v -0.13737170430746001 0.67907732062452841 -0.26977656754725271
v 0.27002346938645821 0.39466890623515816 0.56962204872970013
v -0.62308411262266272 0.059289075953961386 -0.019620976238529896
v 0.52147444736151172 0.41816740937232555 0.22732088202968637
v 0.31970285607229976 0.37745871705041845 -0.15096351308228242
v 0.21296928769297716 0.74362049956585263 -0.15641715451015883
v -0.29987676508217048 0.47148870243755953 0.51267099293930374
v -0.35422638538486478 0.56202190125514551 -0.17120107675559426
v -0.47751364724628925 0.95814809702099502 0.43696337018453335
v -0.34647249598033836 0.50041470370950836 0.53242831369065835
v -0.012345374242840865 1.0439560809918671 0.18762970734612686
v 0.64477185867967923 0.35659386700114853 0.2564002730138138
v 0.054474301992800969 0.97211913358979296 0.42449548351904676
v 0.076699722142638482 0.73898392954205072 0.53367801687141758
v -0.029517931061221265 0.13993682338673583 0.56263339204282903
v -0.048527730043743639 0.04456835786790115 -0.19191890200968051
v 0.12412912109106741 0.025810687418177176 0.3342221027159808
v 0.25516387673977231 0.024337532815023172 0.27506338564590416
v 0.214680771017879 0.11630089292286498 -0.15438900020296359
v -0.50331730770205441 0.57651493785553853 -0.13774029557857892
v -0.69972785234334123 1.1411716924090896 0.60909644291563358
v -0.45105023804470618 0.7267490162554946 0.53629058975226096
v 0.34851974399379682 0.16702705723376723 -0.01369569142560579
v 0.31839449085083849 0.27106176698910556 -0.12603127125653266
v 0.309005631666528 0.086053477020798769 0.38287375872994694
v -0.68392546045715497 1.2831971797375537 -0.34809207142027782
v -0.64583981002372048 0.40633423669586932 -0.031392937478048041
v -0.60505010547130933 0.97195098227529619 0.56498438232538051
v -0.66949826480821395 1.0539051924660783 0.61445636258905656
v -0.4131697124160727 0.031134139975597139 0.099136923794358123
v -0.60049046223802161 0.11640947575295407 0.55501308504111613
v 0.11820558701145524 0.12477378441601562 -0.20044353481853078
v 0.42550148956916417 0.78692204548245948 0.33844850854050285
v -0.34539230550904182 0.56824176281097016 -0.17749740346127948
v -0.52817379219537874 1.3724912557450446 0.15651289932564305
v -0.20332805932636749 1.6152254346172739 -0.055505477515858805
v -0.083044772381087067 0.46635220865557464 0.67702314684561027
v -0.37934164470116716 0.034169271211033386 0.3479052732710971
v 0.26551874915790002 0.23538676747228174 -0.17156109263315689
v -0.159499498405545 0.41457954811028513 -0.32788996227942291
v -0.86927918204463284 0.78585575254672313 0.12830639983441786
v -0.2605033299838963 0.98920522182256099 0.26186515148665951
v -0.29955451876494615 0.13715272346512217 -0.23122619255418606
v -0.26330504243626812 0.81042710646248428 -0.14110265111396253
v -0.59797612472421802 0.95829249767996538 0.0014267802175018415
v 0.26479694175264257 0.930022085867651 0.0089817839423755198
v -0.16632810394293399 1.6376377576374672 -0.097292087873240327
v -0.60874055846437403 1.3114400176233589 0.13889749516258604
v -0.3476761209428394 0.21340107237333386 -0.033207734949750885
v 0.07002958509931774 0.37088139375181595 -0.274245513691381
v -0.27832330335822358 0.97550703958537333 0.057574748131370118
v -0.83696934984489813 0.88519298569150995 0.092910221907987187
v 0.032477782298375994 0.27141700914812766 0.64047900133845193
v -0.80862020015511082 1.0402200158638659 0.6580912806035385
v -0.9150896810510768 1.2534612165711194 0.32060863723898031
v -0.29506001913465418 0.080828344235446714 -0.11193113343199557
v -0.83280149941140902 0.45051049294122292 0.16365192090155203
v -0.18031404603633555 0.80362762308268088 -0.15418163675921565
v -0.47686859687492611 0.050805381189738152 0.55855176232634374
v -0.29348368852855405 0.64426086496864388 -0.20056432089441728
v 0.47672029345394601 0.6720678712199305 0.066164809477017666
v 0.20575071785182902 0.13265974486930071 -0.17115387645839497
v -0.513276234717428 0.35854617815330164 0.45642210867775634
v 0.20175409869329797 0.77849774479761247 -0.12133665560866327
v -0.061582776050988039 1.4644664380197201 -0.18671558244338249
v -0.61538568582080988 1.3327076294537767 -0.083946068567796017
v -0.90373605603496909 0.61113733569714956 0.30618604871313204
v 0.35883744231881931 0.5099452956611622 -0.14178526224887078
v 0.3045962665806613 0.18169773556778857 -0.11205776636855472
v 0.082960059059080313 0.025358757126709097 0.16408672913419198
v -0.71228917015994808 1.0970031163957172 0.63449484215514007
v -0.49888745928547823 0.084265433453109051 -0.058780953912084412
v -0.13443770402862076 0.49735101623024996 -0.3269046341871879
v -0.75781192231611039 1.2725708310789987 0.0087282906800164178
v -0.90220671750634651 1.1010746756447549 0.16459099360207274
v 0.40510858879542205 0.46788565884218364 0.46749702748758909
v -0.3680607080097254 0.23741754003836429 0.4922241941829954
v -0.23995116258956983 0.074342046151916807 0.42650641975179632
v 0.58597402584745129 0.39954796043941698 0.28387459989231228
v 0.079603893654050045 0.14047249183955729 0.57380468177044675
v -0.70916614638449127 1.3428434090454728 -0.42988500743247493
v -0.48439786147752623 0.77937380514791565 0.51188289595071812
v -0.8104393833913639 0.83372173278028727 0.51352694794909381
v -0.50596306211379993 1.3220410303691246 0.21565307066504921
v -0.33436851657770095 0.4058191870748809 0.52007222049006563
v 0.14723728914597456 0.87512185814888721 0.47338101719717596
v -0.34739437349895036 0.09811292380272163 0.56741246434157599
v -0.14069463153829259 1.3567283592025832 0.0083112966902992112
v -0.23224980831975192 1.3726877800648025 0.058660271818335906
v -0.67115024044692317 1.5902911624547456 -0.51789795408606409
v -0.49885836206914291 1.3966115031119273 0.074742778493787021
v -0.2284568276721298 1.459860024112982 -0.018666525203701469
v -0.71896030008635547 0.91172636782800887 0.66010346946526743
v -0.0048982634577577362 0.73558297226346758 0.53702256971874063
v -0.75700418182569684 1.2117951706070285 0.56484020630165854
v 0.13732445829246803 0.73426817795622379 -0.16522051531070797
v 0.37537424684273735 0.25716773874485194 -0.060083449139913744
v -0.6248924606032602 1.4733833386849915 -0.43557890433282026
v -0.68170177963027312 1.1009826384460433 0.61264746343059273
v -0.35145891464881818 0.63108730352594911 0.5476576457370308
v -0.40279978114209786 0.14667630859078692 0.5161995393631702
v 0.24430415320512061 0.73254881030878083 -0.15028392171647179
v -0.032056013991828176 1.0396837678471453 0.15844506428492039
v 0.33976287727282245 0.29104302189220072 -0.12666165657475922
v -0.057749562795959428 0.14708917453668963 0.56698395688640535
v -0.50241279583457543 0.770321293943524 0.52053673561957448
v -0.76349729285447454 1.2460092584202027 -0.0071222619111734973
v 0.24726210636635651 0.37238191678362242 0.57656378767683991
v -0.70064323761428304 1.2911148216489179 -0.37302223950632912
v -0.44640513107479007 0.033705021842133254 0.068394568115454996
v -0.16240298212842036 0.67658650225988859 -0.26620961359335843
v -0.29072834915227758 0.098923471438512114 0.61904248322554101
v 0.19317370171170822 0.051450718203607068 -0.097057652265079536
v -0.59994130729534201 0.049891153754764377 0.56382743826377657
v -0.55434287598426268 1.2269731659578715 0.44086729633915295
v -0.3403612891476151 0.21041146046379908 0.48097557451642464
v -0.48783677758107796 1.1393069167780023 0.13311313443044992
v -0.12630255680995661 1.637240058316608 -0.13033840125037868
v -0.33193844713720094 0.11023532265498183 0.58774925571982473
v -0.74079007677706932 1.1815158082926838 0.034560140225889248
v 0.39403620856623844 0.85315394594600469 0.31750220909500931
v -0.79187944349948658 1.5044737091274667 -0.35983918276184368
v -0.086769193679808301 0.030508385204302529 -0.15781859196560327
v 0.40423510849383604 0.2372464054584448 -0.01119128259318143
v -0.42985630855852897 0.16479065578420085 -0.11557880575128489
v -0.55267401134012051 0.031771395346389925 0.19189105536437484
v 0.6392826979941042 0.27702939333412002 0.27677309107857412
v -0.54459222173042665 0.19326312433962572 0.41772798511658199
v -0.28263497883351524 1.3679778012708224 0.078137475923010874
v -0.75153529771166394 1.3863644071997014 -0.23428745907062359
v -0.69364988166344976 0.67694146619190365 0.5441682147320136
v -0.5207400741460535 0.2412232294883552 0.40119067264411967
v -0.73318247612582754 0.91418929357584444 0.023163398734549215
v -0.90012486408328962 0.94504567116251903 0.59024407889979369
v -0.85636591861994527 0.54423984357238442 0.10317060101732115
v 0.25903067042561129 0.49191889205581513 -0.20537245967703591
v -0.7311688996643313 0.83049679549404265 -0.0089207865680536059
v 0.17208237557406725 0.29414074737189944 0.59564453484205415
v -0.28613868934536857 0.524162865282218 -0.30437028173746972
v 0.44126993406387921 0.31088496615438538 0.014228408890917317
v 0.41611733951914553 0.21399768171162625 0.38387129709763612
v -0.26846258494190289 0.92362883811549079 0.39585725688458961
v 0.13088090800078545 0.94114544843188797 0.44699454191338001
v -0.43006179151826834 0.031705399318233088 0.36891911077514367
v -0.50283916579879206 0.038136135428726826 -0.062706436693200224
v -0.67784246382804969 1.5281224249335874 -0.379729341898423
v -0.40905318891884612 1.2292164232089353 0.10261556497062024
v 0.50119028094359264 0.35755377463069876 0.32513599153261002
v -0.69921239774855604 1.3286696298793153 0.31342431509298352
v -0.91187926546560238 1.1120721172186956 0.29059456325337046
v 0.4125745998269974 0.64919745551049812 -0.053619292135534229
v -0.62099939495659862 0.57435634856590079 0.56430184063614452
v -0.75936362166917093 1.2832523670683178 -0.16094787218803008
v -0.56972774651688485 1.1676483376959188 0.44962414249689225
v -0.77809821147981684 0.93935260151786781 0.64298638243551898
v -0.73014584398919491 1.5641842983390633 -0.38324966746406941
v 0.18562296411799542 0.23442761593701031 -0.23342425243014781
v -0.52681479922960439 0.67198769234477551 0.55527965124932832
v -0.41129308009154703 0.99759269895005664 0.30419526249847106
v -0.73016421934081477 1.3302405931473917 -0.29824080045939561
v -0.30318026205064541 0.56748741405450642 -0.27525165459366024
v 0.59246285831630408 0.41406157229567286 0.13791492799260766
v -0.1355126704086865 0.80434135895267045 0.5208084021796473
v -0.75605811209142126 1.2931424117600836 -0.037351433460248537
v 0.031350100099559304 0.76589408002573356 -0.15887776323409486
v 0.46936950677839384 0.35815567073763871 0.34182762113272458
v -0.33502309178627754 0.031341300616992612 0.34378313281589518
v 0.320818259965372 0.94439698198552602 0.17585979529722656
v -0.24187330757888792 1.5052473263961659 -0.0057748659642485106
v -0.15501018871625169 0.071075835385089756 0.34520232685350544
v -0.9291473652934823 1.0600784267935577 0.3806190512338945
v -0.68409030781352009 1.333800428575348 -0.44540733071809424
v 0.27431536735269257 0.11087502013954731 0.47655195690428898
v -0.12156604079362125 0.72146556743896628 -0.17503728101311763
v 0.06500519083937685 0.4685542850363929 0.66453802799652195
v -0.92002643591389766 1.0892587710487343 0.22990457922135632
v -0.28725590172861437 0.071173505922114869 0.13953262178708753
v -0.42132038435793756 0.17624351004659647 -0.091437332939774144
v -0.43240681930734381 0.96033490047775283 0.36367404333238296
v 0.37394207569749294 0.049676626964437642 0.26596009771519802
v -0.53560781732105511 0.38009299141406561 0.47823448647411931
v -0.37162442683225166 1.0230233124690955 0.22837597374671006
v -0.13515009834988759 1.022499204644302 0.22648507198891432
v -0.03270627010054343 0.082640994366882631 -0.070450492665513634
v 0.16188256170092344 0.97272644362167759 -0.0010558893827825558
v -0.40556499176140404 0.043757658013765688 0.31607579529620766
v 0.58752610814006334 0.1550543552564104 0.2441887460144955
v -0.78179587850970422 0.8771051462670022 0.057149687139049665
v -0.047428255230423121 0.88899358843269627 -0.094896036640806231
v -0.63461202924769289 0.48889885462052735 0.53119845778983821
v -0.41899680496167896 0.55575961898863691 -0.13414544012787036
v -0.80388206907477566 0.45523594779035792 0.35922157136297328
v -0.58254503541568248 0.35545287007105469 0.43362807212413662
v -0.7023844824247093 0.92256277587176649 0.6653169327567251
v -0.51993127013782148 0.51129851906517332 -0.11251844372356151
v -0.82650726341878811 1.2830367346309981 0.15590639015402386
v -0.10823234226895964 1.6205946322652665 -0.18125200418561674
v -0.24067561823991498 0.98444330351413201 0.086052877430645075
v 0.011512748992184131 0.72414852432513244 -0.17051433614363987
v -0.65372936982539953 0.051651336522560411 0.27977433312209787
v 0.1691281667790118 0.36383001090812389 0.62720932606643387
v -0.33199744865099418 0.51548697982330194 -0.24377537379635614
v -0.65667378425808431 0.1268100208510147 0.4190465401939199
v -0.74684226180323121 0.45359158560229951 0.0079278559763759446
v 0.41455281925275939 0.4314684300387201 0.45298925347675517
v 0.36193681004370343 0.83387752295963058 -0.011989884117654025
v -0.69754733245160749 1.0431282815540663 0.64258426425164117
v -0.81374266446683918 0.55411139241985807 0.0043036353744344462
v -0.75780078452671074 1.3526760385754828 0.02288111268230425
v -0.085609241364941246 1.553710600107471 -0.22137675689771011
v 0.0024052754000352394 0.036633678840026933 0.5615216285689465
v -0.58410929099742581 0.17979921030520987 0.19652206284665724
v -0.25901234635495429 0.090271553942978131 0.64150678729620614
v 0.13357544896097728 0.63982189669893474 -0.24148475477601392
v -0.37779870159427348 0.44326386364429721 0.52705551540192408
v -0.7334117652592308 1.3822622716950757 -0.29935690429191991
v 0.21805849151348386 0.38040634081049779 0.60096227032747374
v -0.35643484322803376 0.42712485498155023 -0.11139041409342729
v -0.16391153487150542 0.070359546770239492 0.24003008590721314
v -0.62083528040444813 0.78172834939710856 -0.095481316277972392
v -0.6429124817994103 1.2806140131870831 -0.23474836804282156
v -0.82606499397143096 0.8439718680622692 0.41672381936327019
v 0.24291984070850745 0.13824377370217814 -0.1147933849911254
v -0.88696717772194777 0.53853899592842847 0.23972138281211142
v -0.19034951461545924 0.57310310073012649 0.66193710503935743
v -0.32974127927480534 0.79989707159566814 -0.12647569825224811
v -0.88845361194565042 1.1201509953115132 0.39762797668219979
v 0.088764118629858599 0.70669619254548943 0.56897881679138862
v -0.26019432405450527 0.94873376436741497 0.34805114298336626
v -0.59716883575113766 1.1330411101808653 0.47069003968907974
v -0.31487499899151167 0.03327562522412069 -0.20511401724996053
v 0.20821408786287776 0.044058242889158022 -0.0078192668890359977
v -0.90952324663068518 0.63103374395875045 0.1794578416222164
v -0.47523307127823322 1.0893679097694182 0.3631062289285843
v -0.33697045233126433 0.32049650371437033 -0.076597905277745293
v -0.5258297367119058 0.16599921392170072 0.26517639692193612
v 0.026799793408197506 0.6235948727047812 0.66189061964684459
v -0.6139697284764587 0.035067798803216262 0.013668795277520801
v 0.28972917640696422 0.88676382462909564 -0.017944974941358331
v -0.39364673212830115 0.04414446525921098 -0.09086056390436073
v 0.37521845036693702 0.27463087510766759 -0.076093852578356394
v -0.36674363918385272 1.2505758983557467 0.099331674593806554
v -0.54102835126794169 1.2320295235838357 0.42315480034721287
v -0.5314808820719471 0.21324949441702989 0.38210283178940646
v 0.57912855352726356 0.42106650499789172 0.1575049688276961
v -0.29464929945877666 0.56602118439407167 -0.29075736910968275
v -0.57763346196041632 1.1548783440091741 0.45823635436736659
v -0.3735914906950874 0.99475895079996368 0.31948112927503092
v -0.69304931635713563 0.81107462260768248 -0.040146371998978497
v -0.60823956532846202 0.040603158817965224 0.5433412451290931
v 0.51720813965828649 0.34447622968355363 0.34221512334009552
v -0.79168685985172527 1.1555594502506081 0.057769015123423265
v -0.85955129393478846 0.53441572811400861 0.12231547147728818
v 0.18355348861536033 0.25926678633373856 0.58696774197663271
v 0.092470164718191028 0.93099173938084867 0.45191089117178634
v -0.47766917113743484 1.11411616372564 0.14478803529487991
v -0.69010864499835023 1.3274830057282812 0.24459791656276991
v -0.43628782868155908 0.79032481281838829 -0.1270863090933699
v -0.17198303240818039 1.5702827305567455 -0.066569404882029393
v -0.93177430095779668 0.97871257429068503 0.41674226150783061
v 0.027899654528166742 0.06339968454947105 0.061285309331459523
v 0.20418108207025473 0.043676692049843258 0.5062885171628696
v -0.088536071088475402 0.15957763982270742 -0.24294019266664021
v -0.32378972470331546 0.060706230507273883 0.60369641644826177
v -0.86607166625709398 0.75529698247709698 0.099556453528048816
v -0.38063120239237686 0.078800560919251764 0.0036335783548905863
v -0.87328947913938793 0.8311511436967548 0.22046668580099771
v -0.15305309653061522 1.434224557255336 -0.046977503115369391
v -0.4113734947409306 0.11941016645948449 0.52760843829363802
v 0.49257604199008093 0.56915391504190349 0.053872897865553937
v -0.38833261242175565 0.63303150143314335 -0.1615414255855594
v -0.59588884044532564 0.11351339583186254 0.29994875160708778
v 0.25805516135045625 0.23370569207052291 0.54359958136469777
v -0.23573832297772729 1.3165238125810617 0.060521140620092749
v -0.87782514587564386 0.89846445160949673 0.13326837570564834
v -0.52550368170113337 0.033265407705981166 0.34851663283928441
v -0.25272261288613168 1.3514174716129672 0.099933447898112301
v 0.022485450425068811 0.66621327250499918 -0.26653703929410999
v 0.17237180964490278 0.1672714437751287 -0.19250439396928321
v -0.66007622058015558 1.3262743606964333 0.34057317689677175
v 0.14816282415939708 0.41660544208477496 -0.26534119199847783
v -0.43500856840614793 1.3593083215667672 0.0057195141068023241
v -0.69525018103790226 0.042049802733001553 0.21182871585398683
v 0.028981745013558168 0.10591573884518048 -0.19049272041726839
v -0.55058230346839176 1.2906305378077432 0.41358402021546842
v 0.65099945654645719 0.30477784305095185 0.13114281587539078
v -0.37487248954476537 0.48954792883386078 -0.11902541220900094
v -0.71388276089092284 1.2726555044624319 -0.33846400135558191
v -0.64520114561159025 0.43939608891192616 -0.061622121021928253
v -0.71828826402189605 0.4404421196680251 -0.0074399844675964366
v 0.49583035777845402 0.50398704176127695 0.30977766345346353
v -0.031095943656441943 0.22132086389437636 -0.26077480732311159
v -0.60047371742210276 0.69931278104625938 -0.11927971842046266
v -0.64040017907020963 1.2347818741580914 -0.10141566199200275
v 0.24219962222147162 0.022153480986320299 0.11291117325627872
v -0.2534009428846013 0.36126785134317646 0.49005756421397878
v -0.85462058690528431 1.2833718696124647 0.38680923816673296
f 1 469 5549
f 1 4488 469
f 1 4666 4488
f 1 5549 4666
f 4 262 5220
f 4 4133 5064
f 4 5064 262
f 4 5220 4133
f 5 2024 5145
f 5 5145 7086
f 5 5645 2024
f 5 7086 5645
f 6 3909 5872
f 6 3917 5182
f 6 5182 3909
f 6 5872 3917
f 7 2665 4981
f 7 4981 5108
f 7 5108 5196
f 7 5196 2665
f 8 2151 2789
f 8 2789 3767
f 8 3301 2151
f 8 3767 3301
f 9 3256 4468
f 9 4383 5995
f 9 4468 4383
f 9 5995 3256
f 10 1085 2833
f 10 2833 5467
f 10 2982 1085
f 10 5467 6794
f 10 6794 2982
f 11 651 4736
f 11 1188 651
f 11 4736 5746
f 11 5746 1188
f 12 4026 6649
f 12 4146 4026
f 12 4172 7002
f 12 6649 4172
f 12 7002 4146
f 13 323 4078
f 13 2339 3174
f 13 3174 4418
f 13 4078 2339
f 13 4418 323
f 14 1258 5668
f 14 3223 5156
f 14 5156 1258
f 14 5668 3223
f 15 2778 4871
f 15 2996 4659
f 15 4659 6780
f 15 4871 2996
f 15 6780 6926
f 15 6926 2778
f 16 1468 1540
f 16 1540 6065
f 16 3934 6874
f 16 6065 3934
f 16 6874 1468
f 17 810 3649
f 17 3649 6713
f 17 5257 810
f 17 6713 5257
f 18 2385 3222
f 18 3126 3547
f 18 3222 3126
f 18 3547 3937
f 18 3937 4476
f 18 4476 2385
f 19 3539 4423
f 19 4311 5501
f 19 4423 4311
f 19 5501 6333
f 19 6333 3539
f 20 247 5623
f 20 5623 6838
f 20 5731 247
f 20 6838 7140
f 20 7140 5731
f 21 1884 2977
f 21 2977 6299
f 21 5557 1884
f 21 6299 5557
f 22 2201 4055
f 22 3529 3591
f 22 3591 4413
f 22 4055 3529
f 22 4413 2201
f 23 614 6685
f 23 701 614
f 23 5196 701
f 23 6685 7097
f 23 7097 5196
f 24 2364 6106
f 24 4741 2364
f 24 6106 4741
f 25 3892 6603
f 25 4080 5707
f 25 5707 5735
f 25 5735 3892
f 25 6603 4080
f 26 2510 2868
f 26 2868 5320
f 26 5320 6260
f 26 6260 2510
f 27 2899 7150
f 27 5630 2899
f 27 7038 5630
f 27 7150 7038
f 28 4681 6519
f 28 4960 4681
f 28 6519 6883
f 28 6883 4960
f 29 138 1495
f 29 1495 7141
f 29 5043 138
f 29 5160 5043
f 29 7141 5160
f 30 2343 6049
f 30 4269 2343
f 30 4652 7033
f 30 6049 4652
f 30 7033 4269
f 31 1509 3176
f 31 3176 3762
f 31 3203 1509
f 31 3635 3203
f 31 3762 3635
f 32 1736 5824
f 32 1820 4301
f 32 3704 1820
f 32 3721 1736
f 32 4301 3721
f 32 5824 3704
f 33 2002 2727
f 33 2727 3289
f 33 3289 3399
f 33 3399 4624
f 33 4624 2002
f 34 3730 7124
f 34 6227 3730
f 34 6889 6227
f 34 7124 6889
f 35 2395 6486
f 35 3237 2395
f 35 3784 3237
f 35 6486 3784
f 36 777 1452
f 36 1452 2937
f 36 2912 777
f 36 2937 5877
f 36 5877 2912
f 37 763 5785
f 37 1260 6671
f 37 1647 763
f 37 3180 1260
f 37 5785 3180
f 37 6671 1647
f 38 442 4208
f 38 680 4781
f 38 1328 680
f 38 4208 1328
f 38 4781 442
f 39 2789 5578
f 39 4729 2789
f 39 5578 6113
f 39 6113 4729
f 40 1513 4715
f 40 3070 4833
f 40 3264 6306
f 40 4715 3264
f 40 4833 1513
f 40 6306 3070
f 41 152 2616
f 41 1877 152
f 41 2616 6156
f 41 6156 1877
f 42 1184 4664
f 42 2578 3528
f 42 3528 1184
f 42 4664 2578
f 43 2394 6162
f 43 2495 2394
f 43 2848 2495
f 43 3241 2848
f 43 6162 3241
f 44 165 555
f 44 555 3923
f 44 1679 165
f 44 3923 6864
f 44 6531 1679
f 44 6864 6531
f 45 3349 4307
f 45 4307 6631
f 45 5011 5685
f 45 5685 3349
f 45 6631 5011
f 46 3678 4255
f 46 4255 6363
f 46 4402 4420
f 46 4420 5932
f 46 5932 3678
f 46 6363 4402
f 47 2262 7048
f 47 6395 7135
f 47 7048 6395
f 47 7135 2262
f 48 387 3899
f 48 3899 6895
f 48 5381 387
f 48 6429 5381
f 48 6895 6429
f 49 2228 4828
f 49 3177 5576
f 49 4828 3177
f 49 4880 2228
f 49 5576 4880
f 50 811 6800
f 50 817 7196
f 50 4763 811
f 50 6800 817
f 50 7196 4763
f 51 2665 7097
f 51 4973 5164
f 51 5102 4973
f 51 5164 2665
f 51 7097 5102
f 52 1517 5680
f 52 3382 1517
f 52 5680 6475
f 52 6475 3382
f 53 2398 2440
f 53 2440 3780
f 53 3780 3995
f 53 3995 6753
f 53 6753 2398
f 54 626 5614
f 54 1498 626
f 54 2892 1498
f 54 3655 2892
f 54 5614 3655
f 55 390 6513
f 55 3533 3798
f 55 3798 390
f 55 5556 3533
f 55 6513 5556
f 56 2181 2672
f 56 2672 3767
f 56 2789 2181
f 56 3767 2789
f 57 1809 3226
f 57 3226 4453
f 57 4453 6131
f 57 5951 1809
f 57 6131 5951
f 58 2611 4403
f 58 4158 4926
f 58 4403 6077
f 58 4926 2611
f 58 6077 4158
f 59 147 3191
f 59 2525 3374
f 59 3191 2525
f 59 3374 5386
f 59 5386 147
f 60 120 4712
f 60 3065 5331
f 60 4042 3065
f 60 4712 4042
f 60 5331 120
f 61 1878 4214
f 61 3983 4859
f 61 4214 6200
f 61 4859 1878
f 61 6200 3983
f 62 1691 5413
f 62 2690 1691
f 62 3859 5928
f 62 5413 3859
f 62 5928 2690
f 63 3495 5658
f 63 3676 4657
f 63 4657 3495
f 63 5658 6075
f 63 6075 6976
f 63 6976 3676
f 64 1649 4718
f 64 2716 4002
f 64 3105 1649
f 64 4002 3105
f 64 4718 7047
f 64 7047 2716
f 65 2332 6946
f 65 4623 2332
f 65 5532 4623
f 65 6946 5532
f 66 740 2067
f 66 2067 5242
f 66 3431 740
f 66 5242 6659
f 66 6659 3431
f 67 1946 4191
f 67 3277 1946
f 67 4191 5170
f 67 4258 5143
f 67 5143 3277
f 67 5170 4258
f 68 1075 6487
f 68 1427 3389
f 68 2327 3530
f 68 3389 1075
f 68 3530 1427
f 68 6487 2327
f 69 2822 4059
f 69 3427 5381
f 69 4059 5617
f 69 5381 6429
f 69 5617 3427
f 69 6429 2822
f 70 4130 4275
f 70 4275 5256
f 70 5256 5418
f 70 5418 4130
f 71 551 4750
f 71 1223 4428
f 71 4305 551
f 71 4428 4305
f 71 4750 6922
f 71 6922 1223
f 72 1466 2372
f 72 1516 4951
f 72 2372 4292
f 72 4292 1516
f 72 4951 5030
f 72 5030 1466
f 73 876 6743
f 73 1247 3687
f 73 2977 876
f 73 3687 2977
f 73 6743 1247
f 74 140 7008
f 74 1248 5060
f 74 5060 140
f 74 6593 1248
f 74 7008 6593
f 75 1269 3334
f 75 2188 5007
f 75 3334 7116
f 75 5007 1269
f 75 7116 2188
f 76 1118 5599
f 76 1349 6279
f 76 5599 1349
f 76 6279 1118
f 77 2257 6288
f 77 3633 2257
f 77 4221 6896
f 77 6288 4221
f 77 6896 3633
f 78 2239 3762
f 78 3176 4927
f 78 3762 3176
f 78 4927 2239
f 79 1343 6805
f 79 2957 4894
f 79 2993 2957
f 79 4894 1343
f 79 6805 2993
f 80 4914 5208
f 80 5018 5798
f 80 5208 5018
f 80 5798 6258
f 80 6258 4914
f 81 2466 3038
f 81 3038 4625
f 81 4411 2466
f 81 4625 4411
f 82 717 5512
f 82 2532 6820
f 82 4453 717
f 82 5512 2532
f 82 6131 4453
f 82 6820 6131
f 83 2420 5390
f 83 3959 5177
f 83 4587 2420
f 83 5177 4587
f 83 5390 3959
f 84 1550 7130
f 84 4342 1550
f 84 7130 4342
f 85 2943 4014
f 85 4014 7140
f 85 4787 2943
f 85 7140 4787
f 86 1791 4333
f 86 4333 6910
f 86 4377 1791
f 86 6910 4377
f 87 996 5809
f 87 2124 3346
f 87 3346 996
f 87 3603 2124
f 87 5809 3603
f 88 1357 3274
f 88 2280 2417
f 88 2417 6901
f 88 3274 2280
f 88 6901 1357
f 89 945 3443
f 89 1699 6396
f 89 3443 1699
f 89 6282 945
f 89 6396 6282
f 90 2110 4510
f 90 4321 6109
f 90 4510 4583
f 90 4583 4321
f 90 6109 2110
f 91 2509 3990
f 91 3990 4982
f 91 4982 6777
f 91 6777 2509
f 92 1182 5697
f 92 4688 5579
f 92 5351 4688
f 92 5579 1182
f 92 5697 5351
f 93 895 1841
f 93 1841 4571
f 93 3610 5118
f 93 4571 3610
f 93 5118 895
f 94 1313 6976
f 94 2362 1313
f 94 6075 2362
f 94 6976 6075
f 95 903 4767
f 95 4033 903
f 95 4767 5379
f 95 5379 6740
f 95 6740 4033
f 96 3751 5586
f 96 3816 3941
f 96 3941 7031
f 96 5586 5722
f 96 5722 3816
f 96 7031 3751
f 97 1676 2295
f 97 1924 4991
f 97 2295 3552
f 97 3552 1924
f 97 3910 1676
f 97 4991 3910
f 98 1814 5723
f 98 3094 3154
f 98 3154 5405
f 98 5405 1814
f 98 5723 3094
f 99 1868 6221
f 99 2068 1868
f 99 4440 2068
f 99 6221 4440
f 100 765 4511
f 100 4427 5643
f 100 4511 4427
f 100 5562 765
f 100 5643 5562
f 101 776 3318
f 101 3318 3404
f 101 3404 4967
f 101 4967 5918
f 101 5918 776
f 102 257 354
f 102 354 5542
f 102 3732 257
f 102 4115 6310
f 102 4654 3732
f 102 5542 4115
f 102 6310 4654
f 103 1290 4799
f 103 2707 4416
f 103 4416 1290
f 103 4799 2707
f 104 801 5126
f 104 1642 1690
f 104 1690 2845
f 104 2463 1642
f 104 2845 801
f 104 5126 2463
f 105 2561 4236
f 105 2744 6029
f 105 3137 2744
f 105 4236 5301
f 105 5301 3137
f 105 6029 2561
f 106 3314 5391
f 106 3585 6199
f 106 3948 3314
f 106 5391 3585
f 106 6199 3948
f 107 2502 5700
f 107 3783 2502
f 107 5325 3783
f 107 5700 5969
f 107 5969 5325
f 108 3628 5421
f 108 5421 6370
f 108 6370 6522
f 108 6522 3628
f 109 1099 2639
f 109 1585 1638
f 109 1638 1099
f 109 2336 5516
f 109 2639 2336
f 109 5516 1585
f 110 1704 2955
f 110 2025 1704
f 110 2503 5871
f 110 2955 2503
f 110 5871 2025
f 111 1161 5663
f 111 2871 6767
f 111 4239 2871
f 111 5327 4239
f 111 5663 5327
f 111 6767 1161
f 112 2332 3607
f 112 2464 4132
f 112 3607 2464
f 112 4132 6946
f 112 6946 2332
f 113 1421 3620
f 113 1735 1421
f 113 3620 4005
f 113 4005 5844
f 113 5844 1735
f 114 714 4125
f 114 1196 5695
f 114 1890 3601
f 114 3601 714
f 114 4125 1196
f 114 5695 1890
f 115 2625 6338
f 115 4178 6092
f 115 4292 4178
f 115 6092 2625
f 115 6338 4292
f 116 1003 6581
f 116 6581 6712
f 116 6712 1003
f 117 3327 5001
f 117 3350 6853
f 117 3463 3350
f 117 5001 3463
f 117 6853 6935
f 117 6935 3327
f 118 1645 5926
f 118 3099 1645
f 118 4571 3099
f 118 5926 4571
f 119 1935 6813
f 119 2137 1935
f 119 3432 2137
f 119 6813 3432
f 120 5331 6563
f 120 6563 4712
f 121 508 3646
f 121 998 6365
f 121 1135 508
f 121 3646 998
f 121 5197 1135
f 121 6365 5197
f 122 259 6662
f 122 2271 6565
f 122 5724 2271
f 122 6565 259
f 122 6662 5724
f 123 762 1174
f 123 1174 1817
f 123 1817 5699
f 123 5699 7087
f 123 6742 762
f 123 7087 6742
f 124 1729 5789
f 124 2299 1729
f 124 2360 2299
f 124 3195 4844
f 124 4844 2360
f 124 5789 3195
f 125 2340 2974
f 125 2974 5770
f 125 3159 4067
f 125 4067 2340
f 125 4784 3159
f 125 5770 4784
f 126 1847 6076
f 126 5269 1847
f 126 6076 6745
f 126 6745 5269
f 127 1604 5606
f 127 2641 6678
f 127 2729 5552
f 127 5552 1604
f 127 5606 2641
f 127 6678 2729
f 128 3809 3942
f 128 3942 4386
f 128 4386 6806
f 128 6468 3809
f 128 6806 6468
f 129 2101 3850
f 129 2180 2101
f 129 2496 6598
f 129 3850 2496
f 129 6598 2180
f 130 1120 5813
f 130 2543 1120
f 130 5529 2543
f 130 5813 5529
f 131 614 1448
f 131 1448 3212
f 131 2732 3656
f 131 3212 2732
f 131 3656 614
f 132 2877 6120
f 132 3639 4054
f 132 4054 2877
f 132 6120 6379
f 132 6379 3639
f 133 2654 3844
f 133 3844 5019
f 133 4123 2654
f 133 5019 6591
f 133 6283 4123
f 133 6591 6283
f 134 1870 4242
f 134 4242 5176
f 134 5176 5883
f 134 5883 6022
f 134 5948 1870
f 134 6022 5948
f 135 718 3434
f 135 1739 2644
f 135 2644 5360
f 135 3434 1739
f 135 5360 718
f 136 3874 4441
f 136 4441 6346
f 136 5213 3874
f 136 6346 5213
f 137 3150 5857
f 137 3515 4258
f 137 4258 3150
f 137 5857 3515
f 138 5043 5189
f 138 5189 1495
f 139 904 3668
f 139 1138 3175
f 139 3175 3684
f 139 3668 1138
f 139 3684 6011
f 139 6011 904
f 140 4619 7008
f 140 5060 6564
f 140 6564 4619
f 141 2518 7195
f 141 3143 5944
f 141 3397 2518
f 141 5820 3397
f 141 5944 5820
f 141 7195 3143
f 142 307 4294
f 142 3757 3769
f 142 3769 307
f 142 4186 3757
f 142 4294 4186
f 143 1045 2119
f 143 2119 3417
f 143 3417 5600
f 143 3596 1045
f 143 5600 3596
f 144 2403 4249
f 144 4238 4450
f 144 4249 4841
f 144 4450 2403
f 144 4841 4238
f 145 1090 2569
f 145 2569 4379
f 145 2676 1090
f 145 4379 5924
f 145 5924 2676
f 146 1944 5747
f 146 4938 5171
f 146 5171 1944
f 146 5747 4938
f 147 3221 3191
f 147 5386 5574
f 147 5574 6975
f 147 6975 3221
f 148 1274 3356
f 148 2851 4803
f 148 3356 2851
f 148 4803 5576
f 148 5576 1274
f 149 3227 6479
f 149 3958 7020
f 149 6341 3958
f 149 6479 6341
f 149 7020 3227
f 150 3118 6291
f 150 4046 3118
f 150 4902 6920
f 150 6291 4902
f 150 6920 4046
f 151 835 859
f 151 859 5387
f 151 1173 4271
f 151 4271 5729
f 151 5387 1173
f 151 5729 835
f 152 1877 4899
f 152 3194 2616
f 152 4899 3194
f 153 505 3410
f 153 3410 6456
f 153 5477 505
f 153 6456 5477
f 154 1013 1973
f 154 1973 5402
f 154 3090 6650
f 154 5402 3090
f 154 6650 1013
f 155 1025 4907
f 155 4907 6844
f 155 6652 1025
f 155 6716 6652
f 155 6844 6716
f 156 266 5505
f 156 1045 266
f 156 2119 1045
f 156 5505 6173
f 156 6173 2119
f 157 3454 6122
f 157 3502 3588
f 157 3588 3454
f 157 6122 3502
f 158 842 5829
f 158 3763 842
f 158 4890 7040
f 158 5829 4890
f 158 7040 3763
f 159 424 6010
f 159 3106 424
f 159 6010 6249
f 159 6249 3106
f 160 856 3411
f 160 1582 2806
f 160 2806 856
f 160 3411 6679
f 160 6679 1582
f 161 1094 3894
f 161 2183 1094
f 161 2911 2183
f 161 3894 2911
f 162 1631 1803
f 162 1803 3706
f 162 3706 6862
f 162 5292 1631
f 162 6862 5292
f 163 464 6130
f 163 525 6580
f 163 1577 464
f 163 6130 525
f 163 6580 1577
f 164 541 5650
f 164 2787 541
f 164 2819 7003
f 164 5650 2819
f 164 7003 7147
f 164 7147 2787
f 165 498 6992
f 165 1679 4121
f 165 4121 498
f 165 6992 555
f 166 2390 5748
f 166 3033 7007
f 166 5748 3033
f 166 7007 2390
f 167 911 1388
f 167 1388 1933
f 167 1933 3360
f 167 2218 911
f 167 3360 4545
f 167 4545 2218
f 168 6417 6554
f 168 6554 7064
f 168 7064 6417
f 169 3132 4243
f 169 4243 6346
f 169 4441 3132
f 169 6346 4441
f 170 3797 6054
f 170 4562 6695
f 170 5973 4562
f 170 6054 5973
f 170 6695 3797
f 171 1841 4490
f 171 1896 6188
f 171 4490 1896
f 171 4571 1841
f 171 6188 4571
f 172 360 3355
f 172 588 5750
f 172 1610 588
f 172 3355 1610
f 172 5750 360
f 173 865 4938
f 173 2430 865
f 173 4938 5747
f 173 5747 2430
f 174 1952 6894
f 174 3642 6583
f 174 5850 3642
f 174 6583 1952
f 174 6894 5850
f 175 1396 2761
f 175 1707 3705
f 175 2761 1707
f 175 3705 1396
f 176 490 5476
f 176 2783 490
f 176 4201 7069
f 176 5476 4201
f 176 7069 2783
f 177 1060 3184
f 177 2433 5740
f 177 2927 1060
f 177 3184 5518
f 177 5518 2433
f 177 5740 2927
f 178 2413 3167
f 178 2534 2413
f 178 2791 6618
f 178 3167 2791
f 178 6618 2534
f 179 1057 3169
f 179 3169 5611
f 179 3186 1057
f 179 5611 6879
f 179 6879 3186
f 180 785 5454
f 180 3970 5002
f 180 5002 6423
f 180 5454 3970
f 180 6423 785
f 181 751 4495
f 181 2279 2345
f 181 2345 6381
f 181 4495 2279
f 181 6381 751
f 182 780 5622
f 182 1429 780
f 182 1819 6184
f 182 5622 1819
f 182 6184 6330
f 182 6330 1429
f 183 2615 3549
f 183 2850 4783
f 183 3549 2850
f 183 4783 2615
f 184 972 2915
f 184 1057 3392
f 184 2915 3169
f 184 3169 1057
f 184 3392 4308
f 184 4308 972
f 185 207 4485
f 185 2234 2960
f 185 2960 207
f 185 4485 7131
f 185 6165 2234
f 185 7131 6165
f 186 2270 3456
f 186 3178 2270
f 186 3456 3675
f 186 3675 5369
f 186 5369 3178
f 187 664 4593
f 187 1807 6737
f 187 4030 6833
f 187 4593 1807
f 187 6737 4030
f 187 6833 664
f 188 1602 2818
f 188 2818 4164
f 188 3003 1602
f 188 4164 5931
f 188 5931 3003
f 189 3678 5825
f 189 4255 3678
f 189 5646 6574
f 189 5825 5646
f 189 6574 7075
f 189 7075 4255
f 190 3565 4746
f 190 3750 6116
f 190 4746 3750
f 190 6116 3565
f 191 2374 5526
f 191 4498 5492
f 191 5492 2374
f 191 5526 4498
f 192 712 4455
f 192 2226 712
f 192 3667 2226
f 192 4455 6155
f 192 6155 3667
f 193 569 1347
f 193 761 569
f 193 1347 7034
f 193 1951 7150
f 193 6694 1951
f 193 7034 6694
f 193 7150 761
f 194 1101 5276
f 194 1323 1101
f 194 2045 1323
f 194 5276 6645
f 194 6645 2045
f 195 2006 2076
f 195 2076 2916
f 195 2916 5200
f 195 4405 2006
f 195 5200 6214
f 195 6214 4405
f 196 4825 6004
f 196 5570 6037
f 196 6004 5570
f 196 6037 7024
f 196 7024 4825
f 197 254 3527
f 197 892 4424
f 197 3527 892
f 197 3557 254
f 197 4424 3557
f 198 833 3261
f 198 3261 6145
f 198 3572 833
f 198 6145 7013
f 198 7013 3572
f 199 561 5240
f 199 575 561
f 199 1289 575
f 199 4106 1289
f 199 5240 4106
f 200 494 5585
f 200 1253 4116
f 200 1310 494
f 200 4116 1310
f 200 5585 1253
f 201 1751 6336
f 201 4187 1751
f 201 6324 4187
f 201 6336 6324
f 202 1767 6040
f 202 3427 5617
f 202 5617 5720
f 202 5720 1767
f 202 6040 3427
f 203 3199 5707
f 203 3648 3199
f 203 4080 6943
f 203 5707 4080
f 203 6943 3648
f 204 5942 6561
f 204 6021 5942
f 204 6561 6670
f 204 6670 6021
f 205 2069 5870
f 205 4062 2069
f 205 5749 7074
f 205 5870 6015
f 205 6015 5749
f 205 7074 4062
f 206 783 5880
f 206 3085 783
f 206 5388 3085
f 206 5880 6099
f 206 6099 5388
f 207 1942 4485
f 207 2960 3252
f 207 3252 1942
f 208 1404 6310
f 208 2796 6047
f 208 4115 2796
f 208 6047 6957
f 208 6310 4115
f 208 6957 1404
f 209 1383 6531
f 209 2315 3146
f 209 3146 6493
f 209 4289 2315
f 209 4665 1383
f 209 6493 4665
f 209 6531 4289
f 210 4302 5863
f 210 5863 6296
f 210 6296 6613
f 210 6613 4302
f 211 600 6703
f 211 1932 6237
f 211 4039 1932
f 211 6237 600
f 211 6703 4039
f 212 4517 6712
f 212 5228 7158
f 212 6712 5228
f 212 7158 4517
f 213 1528 5397
f 213 2558 6463
f 213 3240 4703
f 213 4703 5797
f 213 5397 3240
f 213 5797 2558
f 213 6463 1528
f 214 3141 4638
f 214 4061 5701
f 214 4154 4061
f 214 4638 4154
f 214 5701 3141
f 215 2265 2310
f 215 2310 5769
f 215 5769 5810
f 215 5810 2265
f 216 1439 7156
f 216 2622 5168
f 216 3516 1439
f 216 5168 3516
f 216 7156 2622
f 217 1249 4750
f 217 1784 5210
f 217 2000 1249
f 217 4750 1784
f 217 5210 2000
f 218 4550 7012
f 218 4938 4550
f 218 5171 4938
f 218 6903 5171
f 218 7012 6903
f 219 3683 4392
f 219 3986 5808
f 219 4392 3986
f 219 4549 3683
f 219 5808 4549
f 220 1597 3110
f 220 3110 5225
f 220 4095 1597
f 220 5225 5328
f 220 5258 4095
f 220 5328 5258
f 221 507 3561
f 221 2357 5572
f 221 3561 2357
f 221 5572 6906
f 221 6906 507
f 222 1133 1603
f 222 1603 3453
f 222 1801 2717
f 222 2717 1133
f 222 3453 5100
f 222 5100 1801
f 223 489 2251
f 223 1990 5676
f 223 2251 1990
f 223 5676 6436
f 223 6436 489
f 224 773 5100
f 224 993 773
f 224 3453 3637
f 224 3637 3967
f 224 3967 993
f 224 5100 3453
f 225 2298 4384
f 225 3002 3984
f 225 3092 3002
f 225 3984 2298
f 225 4384 3092
f 226 1720 4120
f 226 3361 6175
f 226 4120 3361
f 226 4849 1720
f 226 6175 6320
f 226 6320 4849
f 227 543 6776
f 227 1828 2382
f 227 2382 543
f 227 4471 1828
f 227 6776 4471
f 228 1583 4598
f 228 3134 5357
f 228 4598 6875
f 228 5357 1583
f 228 6875 3134
f 229 1413 5263
f 229 2824 3641
f 229 2853 1413
f 229 3641 2853
f 229 5263 2824
f 230 857 3128
f 230 2144 4141
f 230 2242 857
f 230 3128 2144
f 230 4044 2242
f 230 4141 4044
f 231 1348 5667
f 231 2721 4344
f 231 3923 2721
f 231 4344 1348
f 231 4450 3923
f 231 5667 4450
f 232 3820 5656
f 232 4708 5812
f 232 4811 4708
f 232 5656 4811
f 232 5812 3820
f 233 512 1484
f 233 1405 2003
f 233 1484 1405
f 233 2003 6624
f 233 2602 512
f 233 6624 2602
f 234 1507 7152
f 234 1545 3039
f 234 2149 1545
f 234 3039 1507
f 234 7067 2149
f 234 7152 7067
f 235 615 2812
f 235 731 2038
f 235 2038 615
f 235 2333 4617
f 235 2812 2333
f 235 4617 731
f 236 645 4821
f 236 2015 3410
f 236 3410 645
f 236 4349 5433
f 236 4821 4349
f 236 5433 2015
f 237 2367 4616
f 237 2484 4390
f 237 4390 2367
f 237 4616 2484
f 238 1150 3006
f 238 2156 1150
f 238 3006 6431
f 238 3997 4150
f 238 4150 2156
f 238 6431 3997
f 239 434 4057
f 239 1278 4298
f 239 4057 1278
f 239 4149 434
f 239 4298 4149
f 240 579 5114
f 240 2274 3974
f 240 3974 579
f 240 5003 2274
f 240 5114 5003
f 241 4051 6395
f 241 4685 4051
f 241 6395 7048
f 241 7048 4685
f 242 641 5887
f 242 1332 641
f 242 5887 6153
f 242 6153 1332
f 243 888 5343
f 243 4850 7091
f 243 5343 5847
f 243 5847 4850
f 243 7091 888
f 244 3473 6680
f 244 4028 6365
f 244 4479 4028
f 244 5511 3473
f 244 6365 5511
f 244 6680 4479
f 245 2631 2909
f 245 2909 3760
f 245 3112 4940
f 245 3760 3112
f 245 4940 2631
f 246 686 1079
f 246 1079 2952
f 246 2377 6655
f 246 2952 2377
f 246 3121 686
f 246 6655 3121
f 247 2989 5623
f 247 5154 6308
f 247 5731 5154
f 247 6308 2989
f 248 4643 5283
f 248 5283 5902
f 248 5902 4643
f 249 951 3004
f 249 1262 3476
f 249 1510 3111
f 249 3004 1262
f 249 3111 951
f 249 3476 1510
f 250 2275 5347
f 250 2519 2671
f 250 2671 5759
f 250 5347 2519
f 250 5759 6524
f 250 6524 2275
f 251 295 4780
f 251 2170 2388
f 251 2388 3920
f 251 3294 2170
f 251 3920 295
f 251 4780 3294
f 252 1822 5473
f 252 4086 1822
f 252 5473 7062
f 252 5905 4086
f 252 7062 5905
f 253 854 3565
f 253 1423 854
f 253 2111 6314
f 253 3482 2111
f 253 3565 3482
f 253 4651 1423
f 253 6314 4651
f 254 2985 3527
f 254 3557 5109
f 254 5075 2985
f 254 5109 5075
f 255 570 7103
f 255 2826 4495
f 255 4495 570
f 255 7103 2826
f 256 852 2254
f 256 2254 3932
f 256 3932 6545
f 256 6545 852
f 257 2141 4608
f 257 3732 2141
f 257 4523 354
f 257 4608 4523
f 258 1251 2339
f 258 1623 2323
f 258 2323 4796
f 258 2339 4078
f 258 4078 1623
f 258 4796 1251
f 259 318 6662
f 259 5273 318
f 259 6565 5273
f 260 701 5196
f 260 756 701
f 260 5196 7193
f 260 7193 756
f 261 1463 3151
f 261 3151 3286
f 261 3286 5248
f 261 5248 5481
f 261 5481 1463
f 262 655 2823
f 262 1792 655
f 262 2823 5220
f 262 5064 1792
f 263 484 5042
f 263 1110 3855
f 263 3032 3093
f 263 3093 484
f 263 3855 3032
f 263 5042 6721
f 263 6721 1110
f 264 612 7202
f 264 628 612
f 264 2610 6271
f 264 6271 628
f 264 7202 2610
f 265 1961 2213
f 265 2213 4779
f 265 2615 5128
f 265 4779 2615
f 265 5128 1961
f 266 1045 2935
f 266 2801 5505
f 266 2935 6459
f 266 6459 2801
f 267 1235 6771
f 267 1659 1235
f 267 6036 1659
f 267 6771 6036
f 268 330 5058
f 268 451 5888
f 268 5058 6362
f 268 5888 330
f 268 6362 451
f 269 1606 5470
f 269 2098 3682
f 269 3682 4418
f 269 4418 1606
f 269 5470 2098
f 270 2404 6039
f 270 4254 2404
f 270 6039 6375
f 270 6375 6888
f 270 6888 4254
f 271 2010 2626
f 271 2332 4623
f 271 2626 3607
f 271 3607 2332
f 271 4623 2010
f 272 1916 4372
f 272 1954 1916
f 272 3336 1954
f 272 3899 4233
f 272 4233 3336
f 272 4372 3899
f 273 853 3164
f 273 1943 853
f 273 3164 6233
f 273 6233 1943
f 274 2104 2177
f 274 2177 6432
f 274 4904 2104
f 274 6432 4904
f 275 2340 4067
f 275 3567 2340
f 275 3616 6810
f 275 4067 3616
f 275 6810 3567
f 276 824 936
f 276 936 5702
f 276 1359 824
f 276 3740 4377
f 276 4377 1359
f 276 5702 3740
f 277 2730 3579
f 277 3579 5533
f 277 5085 2730
f 277 5533 5984
f 277 5984 5085
f 278 2561 6029
f 278 4354 2561
f 278 4993 4354
f 278 6029 6411
f 278 6411 4993
f 279 1215 2182
f 279 2182 6608
f 279 4668 1215
f 279 6608 4668
f 280 3109 5875
f 280 3817 4541
f 280 4173 3817
f 280 4541 3109
f 280 5875 5960
f 280 5960 4173
f 281 380 5381
f 281 2769 5092
f 281 3427 2769
f 281 5092 5878
f 281 5381 3427
f 281 5878 380
f 282 1029 4024
f 282 2506 7198
f 282 3879 1029
f 282 4024 2506
f 282 7198 3879
f 283 383 1564
f 283 1564 2548
f 283 2548 4300
f 283 2818 383
f 283 4164 2818
f 283 4300 4164
f 284 1210 6421
f 284 3119 6710
f 284 3228 3119
f 284 6421 3228
f 284 6710 1210
f 285 1166 2549
f 285 2200 4462
f 285 2549 5796
f 285 4462 1166
f 285 5796 2200
f 286 2072 6222
f 286 4643 2072
f 286 5884 4643
f 286 6222 7179
f 286 7179 5884
f 287 1135 5119
f 287 4147 7074
f 287 5119 4147
f 287 5986 1135
f 287 6093 5986
f 287 7074 6093
f 288 1402 5761
f 288 2005 6698
f 288 5761 2005
f 288 6698 1402
f 289 1328 4208
f 289 1391 1525
f 289 1525 1328
f 289 4111 1391
f 289 4208 4111
f 290 3965 5952
f 290 4817 5372
f 290 5372 3965
f 290 5952 4817
f 291 797 2293
f 291 2293 3455
f 291 3455 3559
f 291 3559 4520
f 291 4520 5554
f 291 5554 797
f 292 1084 6102
f 292 2077 1084
f 292 4321 2077
f 292 6102 4321
f 293 842 2108
f 293 2108 5453
f 293 2148 6118
f 293 5453 2148
f 293 6118 842
f 294 431 6577
f 294 1836 2854
f 294 2854 4979
f 294 3937 431
f 294 4979 3937
f 294 6577 1836
f 295 828 4780
f 295 2391 828
f 295 3920 2391
f 296 3527 6747
f 296 3839 4041
f 296 4041 3527
f 296 5317 3839
f 296 6747 5317
f 297 1032 3689
f 297 3689 6548
f 297 5304 1032
f 297 6548 5304
f 298 1470 6996
f 298 2379 1470
f 298 3047 3801
f 298 3801 2379
f 298 4984 3047
f 298 6996 4984
f 299 873 4569
f 299 1449 5941
f 299 4073 873
f 299 4569 5335
f 299 5335 1449
f 299 5941 4073
f 300 4108 5216
f 300 4157 4222
f 300 4222 4108
f 300 5216 4157
f 301 588 6950
f 301 1758 5337
f 301 5337 5750
f 301 5750 588
f 301 6950 1758
f 302 2775 6723
f 302 2867 2775
f 302 3366 5825
f 302 5825 5932
f 302 5932 2867
f 302 6723 3366
f 303 1504 5687
f 303 2116 1504
f 303 5687 6059
f 303 6059 2116
f 304 1100 2237
f 304 2162 3452
f 304 2237 2318
f 304 2318 2162
f 304 2350 3061
f 304 3061 1100
f 304 3452 2350
f 305 1402 4948
f 305 4619 6564
f 305 4948 4619
f 305 5761 1402
f 305 6564 5761
f 306 3966 4310
f 306 4274 3966
f 306 4310 6034
f 306 6034 7180
f 306 7180 4274
f 307 3769 6488
f 307 6488 4294
f 308 2644 6302
f 308 3136 3216
f 308 3216 3450
f 308 3450 2644
f 308 6302 3136
f 309 1056 5244
f 309 4974 6174
f 309 5073 1056
f 309 5244 4974
f 309 6174 5073
f 310 826 6243
f 310 1375 4350
f 310 1650 826
f 310 4350 1650
f 310 6243 1375
f 311 421 3386
f 311 3386 4026
f 311 4026 4146
f 311 4146 5159
f 311 5159 421
f 312 1632 2710
f 312 2710 3025
f 312 3025 4374
f 312 3426 1632
f 312 4374 6051
f 312 6051 3426
f 313 1193 5572
f 313 2231 5214
f 313 2309 2231
f 313 5214 1193
f 313 5572 2309
f 314 2884 5659
f 314 2982 2884
f 314 4204 2982
f 314 5083 5320
f 314 5320 4204
f 314 5659 5083
f 315 4952 5106
f 315 5106 6870
f 315 6870 4952
f 316 809 2370
f 316 2370 3821
f 316 2464 809
f 316 3821 6946
f 316 4132 2464
f 316 6946 4132
f 317 3149 5435
f 317 4189 3149
f 317 4385 4189
f 317 5435 6301
f 317 6301 4385
f 318 1373 3999
f 318 3037 6662
f 318 3999 3037
f 318 5273 1373
f 319 1025 3201
f 319 1040 2910
f 319 2910 1025
f 319 3201 6869
f 319 6869 1040
f 320 1998 6644
f 320 3647 5445
f 320 5445 6397
f 320 6397 1998
f 320 6644 3647
f 321 1688 6408
f 321 5524 1688
f 321 6262 5524
f 321 6408 6262
f 322 1780 5560
f 322 2531 1780
f 322 2963 2531
f 322 3125 4151
f 322 4151 2963
f 322 5560 3125
f 323 2508 4078
f 323 4418 2508
f 324 1884 5557
f 324 5441 5915
f 324 5557 5441
f 324 5915 1884
f 325 2716 7047
f 325 2907 5971
f 325 5971 2716
f 325 7047 2907
f 326 2760 5802
f 326 3965 5372
f 326 5372 6727
f 326 5802 5826
f 326 5826 3965
f 326 6727 2760
f 327 1730 4185
f 327 3926 1730
f 327 4185 5003
f 327 5003 5114
f 327 5114 3926
f 328 2669 3017
f 328 3017 5837
f 328 4264 2669
f 328 5837 4264
f 329 1431 6699
f 329 3511 4114
f 329 4114 6525
f 329 4804 1431
f 329 6525 4804
f 329 6699 3511
f 330 1608 6493
f 330 2238 5058
f 330 3146 2238
f 330 5888 1608
f 330 6493 3146
f 331 2411 2486
f 331 2486 4128
f 331 4128 6207
f 331 4618 2411
f 331 6207 4618
f 332 845 1653
f 332 1653 2443
f 332 2443 3132
f 332 3132 3220
f 332 3220 845
f 333 4614 6973
f 333 4806 4614
f 333 5376 6796
f 333 6796 4806
f 333 6973 5376
f 334 382 805
f 334 805 847
f 334 847 3618
f 334 1511 6647
f 334 3618 1511
f 334 6647 382
f 335 1983 5483
f 335 4688 1983
f 335 4766 5579
f 335 5483 4766
f 335 5579 4688
f 336 2201 4413
f 336 2516 2201
f 336 4413 6972
f 336 6972 2516
f 337 507 2556
f 337 1591 507
f 337 2556 4346
f 337 4346 5855
f 337 5855 1591
f 338 1272 4188
f 338 2187 6211
f 338 2714 2187
f 338 4188 2714
f 338 6211 1272
f 339 1227 4877
f 339 3478 6125
f 339 4811 1227
f 339 4877 3478
f 339 6125 4811
f 340 538 6471
f 340 775 2893
f 340 2893 538
f 340 3609 775
f 340 6471 3609
f 341 962 5010
f 341 3849 3946
f 341 3946 962
f 341 5010 6562
f 341 6562 3849
f 342 1694 5368
f 342 5368 7164
f 342 5385 5925
f 342 5925 1694
f 342 7164 5385
f 343 1545 2149
f 343 2149 4410
f 343 4410 6074
f 343 6074 6966
f 343 6966 1545
f 344 1069 4835
f 344 4296 5653
f 344 4835 6460
f 344 5653 1069
f 344 6460 4296
f 345 3446 5836
f 345 5537 3446
f 345 5836 6401
f 345 6187 6319
f 345 6319 5537
f 345 6401 6187
f 346 2013 2281
f 346 2281 6117
f 346 3062 2013
f 346 5533 3062
f 346 6117 5533
f 347 476 5226
f 347 1831 6217
f 347 2326 476
f 347 2686 1831
f 347 5226 2686
f 347 6217 2326
f 348 2338 3718
f 348 2829 2338
f 348 3718 4716
f 348 4716 2829
f 349 1139 3727
f 349 1733 1139
f 349 2045 1733
f 349 3727 3817
f 349 3817 4173
f 349 4173 2045
f 350 2473 5770
f 350 2825 5241
f 350 3206 2825
f 350 5241 2473
f 350 5770 3206
f 351 2972 4810
f 351 3198 3820
f 351 3820 5812
f 351 4715 3198
f 351 4810 4715
f 351 5812 2972
f 352 805 5807
f 352 1421 805
f 352 3620 1421
f 352 5807 3620
f 353 3498 4442
f 353 4442 6128
f 353 5588 3498
f 353 6128 5588
f 354 1703 6473
f 354 4523 1703
f 354 6473 5542
f 355 1093 2055
f 355 1776 7032
f 355 2055 1776
f 355 2358 1093
f 355 7032 2358
f 356 1369 2968
f 356 2968 7168
f 356 3089 3157
f 356 3157 1369
f 356 7168 3089
f 357 2749 3078
f 357 2837 4607
f 357 3078 2837
f 357 4607 2749
f 358 617 3050
f 358 2988 5818
f 358 3050 2988
f 358 5818 5868
f 358 5868 617
f 359 376 6265
f 359 3026 3100
f 359 3100 5345
f 359 5345 6451
f 359 6265 3026
f 359 6451 376
f 360 4592 3355
f 360 5750 4592
f 361 1956 3179
f 361 3179 5835
f 361 3563 1956
f 361 5835 6702
f 361 6702 3563
f 362 3858 5692
f 362 5323 6447
f 362 5416 5323
f 362 5692 5416
f 362 6447 3858
f 363 984 2575
f 363 2086 4841
f 363 2575 4017
f 363 4017 2086
f 363 4841 984
f 364 3636 6806
f 364 4791 6076
f 364 6045 6223
f 364 6076 3636
f 364 6223 4791
f 364 6806 6045
f 365 573 4479
f 365 649 1755
f 365 929 4397
f 365 1755 929
f 365 4397 573
f 365 4479 649
f 366 920 2971
f 366 1629 920
f 366 2173 4437
f 366 2971 2173
f 366 4339 1629
f 366 4437 4339
f 367 1324 5989
f 367 2114 3789
f 367 3789 1324
f 367 5989 6137
f 367 6132 2114
f 367 6137 6132
f 368 2144 4380
f 368 3781 2144
f 368 4210 5586
f 368 4380 4210
f 368 5586 3781
f 369 532 1825
f 369 1825 6443
f 369 2497 532
f 369 4595 2497
f 369 6443 4595
f 370 2507 2647
f 370 2647 6144
f 370 3327 4776
f 370 4776 2507
f 370 6144 3327
f 371 4084 4395
f 371 4395 5044
f 371 5044 6751
f 371 6751 4084
f 372 2080 4820
f 372 2796 4115
f 372 4115 5542
f 372 4820 2796
f 372 5542 2080
f 373 750 6649
f 373 1044 2895
f 373 1855 1044
f 373 2895 2997
f 373 2997 3095
f 373 3095 750
f 373 6649 1855
f 374 1751 4304
f 374 4259 6739
f 374 4304 6445
f 374 6445 4259
f 374 6739 1751
f 375 3952 5525
f 375 5525 6807
f 375 6807 6873
f 375 6873 3952
f 376 552 3142
f 376 1152 6265
f 376 3142 1152
f 376 6451 552
f 377 4735 4893
f 377 4893 5674
f 377 5674 6408
f 377 6408 4735
f 378 1092 2331
f 378 2184 5403
f 378 2331 3291
f 378 2704 4980
f 378 3291 2184
f 378 4980 1092
f 378 5403 2704
f 379 1236 5771
f 379 4637 6134
f 379 5771 6571
f 379 6134 1236
f 379 6571 4637
f 380 387 5381
f 380 4233 387
f 380 5878 4233
f 381 824 6128
f 381 936 824
f 381 6128 6762
f 381 6762 6985
f 381 6985 936
f 382 5807 805
f 382 6647 7139
f 382 7139 5807
f 383 850 1564
f 383 2818 4840
f 383 4840 850
f 384 1041 1291
f 384 1291 6799
f 384 3456 1041
f 384 3675 3456
f 384 6799 3675
f 385 2007 6343
f 385 2081 2007
f 385 3118 4046
f 385 4046 2081
f 385 6343 3118
f 386 2204 3578
f 386 3578 7051
f 386 4048 6139
f 386 6139 2204
f 386 7051 4048
f 387 4233 3899
f 388 414 5357
f 388 1904 414
f 388 3134 5279
f 388 5279 1904
f 388 5357 3134
f 389 3702 5495
f 389 4171 3702
f 389 5495 5605
f 389 5605 4171
f 390 2212 6513
f 390 3798 5717
f 390 4538 2212
f 390 5717 4538
f 391 1999 5589
f 391 2035 1999
f 391 4325 2035
f 391 5589 6277
f 391 6277 4325
f 392 415 3296
f 392 3285 415
f 392 3296 3888
f 392 3888 5262
f 392 5262 3285
f 393 2680 2757
f 393 2757 4611
f 393 4611 7111
f 393 7111 2680
f 394 1959 5122
f 394 2597 7016
f 394 5122 2597
f 394 7016 1959
f 395 2805 5831
f 395 5131 2805
f 395 5831 6344
f 395 6344 5131
f 396 1342 3608
f 396 2307 6911
f 396 2666 1342
f 396 3608 2307
f 396 6911 2666
f 397 1529 2147
f 397 2147 3878
f 397 2852 5203
f 397 3878 2852
f 397 5203 1529
f 398 627 5582
f 398 830 627
f 398 2343 3409
f 398 3409 830
f 398 5582 2343
f 399 1103 5401
f 399 1761 6416
f 399 3216 4544
f 399 4542 3216
f 399 4544 1103
f 399 5401 1761
f 399 6416 4542
f 400 2216 6804
f 400 3503 4554
f 400 4554 2216
f 400 5234 3503
f 400 6804 5234
f 401 1052 5821
f 401 3429 1052
f 401 5821 6964
f 401 6964 3429
f 402 2221 5993
f 402 3380 2221
f 402 4378 5490
f 402 5490 3380
f 402 5993 4378
f 403 843 4154
f 403 1937 843
f 403 4154 4638
f 403 4638 6078
f 403 6078 1937
f 404 1588 6125
f 404 3194 6071
f 404 3478 3194
f 404 3739 1588
f 404 6071 3739
f 404 6125 3478
f 405 1261 5927
f 405 2722 1261
f 405 3415 2722
f 405 3849 3415
f 405 3946 3849
f 405 5927 3946
f 406 1287 2400
f 406 2400 6158
f 406 2683 2878
f 406 2878 1287
f 406 5097 2683
f 406 6158 5097
f 407 2808 3773
f 407 3418 5694
f 407 3773 3418
f 407 5694 2808
f 408 2011 6216
f 408 3831 2011
f 408 5206 6468
f 408 6216 5206
f 408 6468 3831
f 409 2632 5346
f 409 2820 2632
f 409 4401 2820
f 409 5346 4401
f 410 3316 6552
f 410 4313 4513
f 410 4430 4313
f 410 4459 3316
f 410 4513 4459
f 410 6552 4430
f 411 4419 7060
f 411 4469 7021
f 411 7021 4419
f 411 7060 4469
f 412 2499 3220
f 412 2762 2499
f 412 3220 3566
f 412 3566 2762
f 413 1465 3380
f 413 2140 2964
f 413 2964 6192
f 413 3380 2140
f 413 6192 6355
f 413 6355 1465
f 414 516 5357
f 414 970 516
f 414 1904 970
f 415 927 3296
f 415 3285 927
f 416 2066 6615
f 416 4373 2066
f 416 5766 4373
f 416 6615 7019
f 416 7019 5766
f 417 1985 4252
f 417 3754 6519
f 417 4252 3754
f 417 6519 1985
f 418 708 2732
f 418 2732 3212
f 418 3212 5016
f 418 4267 708
f 418 5016 4267
f 419 1314 4298
f 419 2718 5587
f 419 3497 2718
f 419 4298 3497
f 419 5587 6822
f 419 6822 1314
f 420 1479 7070
f 420 3384 6627
f 420 5445 6980
f 420 6627 1479
f 420 6980 3384
f 420 7070 5445
f 421 660 3386
f 421 710 2494
f 421 2494 7071
f 421 5159 710
f 421 7071 660
f 422 2746 6263
f 422 5595 6057
f 422 5768 6196
f 422 6057 5768
f 422 6196 2746
f 422 6263 5595
f 423 1233 2882
f 423 2882 5230
f 423 5230 5266
f 423 5266 1233
f 424 2224 3197
f 424 3106 4707
f 424 3197 6010
f 424 4707 5708
f 424 5708 2224
f 425 2227 4936
f 425 3583 2227
f 425 4237 3583
f 425 4936 5024
f 425 5024 4237
f 426 2397 3694
f 426 2453 5531
f 426 3027 2397
f 426 3694 2453
f 426 5531 3027
f 427 784 4577
f 427 3127 6658
f 427 4577 6736
f 427 6658 784
f 427 6736 3127
f 428 3700 4823
f 428 3875 7005
f 428 4823 3875
f 428 7005 3700
f 429 2734 2774
f 429 2773 2734
f 429 2774 4751
f 429 3085 2773
f 429 4751 3085
f 430 1947 5742
f 430 4025 1947
f 430 4745 6141
f 430 5742 4745
f 430 6141 4025
f 431 441 6577
f 431 3823 441
f 431 3937 3823
f 432 2158 4955
f 432 2447 2158
f 432 4955 5281
f 432 5281 2447
f 433 588 1610
f 433 1358 2092
f 433 1610 1358
f 433 2092 2986
f 433 2986 588
f 434 1850 4155
f 434 4040 1850
f 434 4149 4040
f 434 4155 4057
f 435 1926 5038
f 435 2095 4959
f 435 2652 2095
f 435 4959 1926
f 435 5038 5657
f 435 5657 2652
f 436 665 3052
f 436 1457 5958
f 436 3052 1457
f 436 3515 5857
f 436 5857 665
f 436 5958 3515
f 437 986 4628
f 437 2541 3816
f 437 3249 986
f 437 3816 3249
f 437 4628 2541
f 438 754 6945
f 438 3369 4546
f 438 4546 754
f 438 4870 3369
f 438 6945 4870
f 439 2215 3702
f 439 3702 4481
f 439 4481 6083
f 439 6083 2215
f 440 879 3865
f 440 2091 5547
f 440 3865 5165
f 440 5165 5507
f 440 5507 2091
f 440 5547 879
f 441 3823 6702
f 441 6702 6577
f 442 582 5706
f 442 4653 4208
f 442 4781 582
f 442 5706 4653
f 443 1979 3660
f 443 3660 5792
f 443 5792 6913
f 443 6913 6991
f 443 6991 1979
f 444 2025 3231
f 444 3231 4219
f 444 3343 2025
f 444 4219 3343
f 445 750 2372
f 445 1466 5123
f 445 2372 1466
f 445 4636 6970
f 445 5123 4636
f 445 6970 750
f 446 3135 6568
f 446 4446 3135
f 446 6197 4446
f 446 6568 6197
f 447 1077 5854
f 447 3290 5310
f 447 4742 3290
f 447 5310 1077
f 447 5854 6660
f 447 6660 4742
f 448 1111 2029
f 448 2029 4587
f 448 2387 1111
f 448 4587 5177
f 448 5177 2387
f 449 2516 4916
f 449 4801 5906
f 449 4916 4801
f 449 5161 2516
f 449 5906 5161
f 450 704 3303
f 450 2968 5455
f 450 3303 2968
f 450 5455 7079
f 450 7079 704
f 451 2325 5888
f 451 3014 4978
f 451 4978 2325
f 451 6362 3014
f 452 1673 4950
f 452 3140 1673
f 452 4950 5054
f 452 5054 5900
f 452 5900 3140
f 453 2290 5478
f 453 3043 2290
f 453 5478 6989
f 453 6860 3043
f 453 6989 6860
f 454 4313 4320
f 454 4320 5933
f 454 4513 4313
f 454 5834 6305
f 454 5933 5834
f 454 6305 4513
f 455 3634 7145
f 455 4951 3634
f 455 6765 4951
f 455 7145 6765
f 456 987 3617
f 456 3617 5317
f 456 4243 987
f 456 4878 4243
f 456 5317 4878
f 457 1318 2846
f 457 2846 5137
f 457 4522 7062
f 457 5137 4522
f 457 5473 1318
f 457 7062 5473
f 458 1090 2676
f 458 2676 2764
f 458 2764 4930
f 458 4329 1090
f 458 4930 5037
f 458 5037 4329
f 459 1195 2553
f 459 2553 6835
f 459 2630 1195
f 459 4582 2630
f 459 6835 4582
f 460 1729 2736
f 460 2736 3592
f 460 3592 5665
f 460 5665 5789
f 460 5789 1729
f 461 2500 3996
f 461 3320 6604
f 461 3996 4640
f 461 4449 2500
f 461 4640 3320
f 461 6604 4449
f 462 3449 3977
f 462 3977 5135
f 462 5135 6603
f 462 6603 3449
f 463 5450 6951
f 463 5633 6584
f 463 6584 5450
f 463 6951 5633
f 464 1577 5429
f 464 4660 6130
f 464 4865 4660
f 464 5087 4865
f 464 5429 5087
f 465 481 2218
f 465 2064 481
f 465 2218 4545
f 465 2668 2064
f 465 4545 2668
f 466 2313 3633
f 466 2934 2313
f 466 3633 4018
f 466 4018 5746
f 466 5746 2934
f 467 829 3321
f 467 1289 5092
f 467 1535 829
f 467 2769 1535
f 467 3321 1289
f 467 5092 2769
f 468 1146 5079
f 468 1503 5737
f 468 5079 1503
f 468 5737 6371
f 468 6371 1146
f 469 1194 5628
f 469 1366 4356
f 469 4356 1194
f 469 4488 1366
f 469 5628 5549
f 470 3515 5958
f 470 5801 6526
f 470 5958 5801
f 470 6526 3515
f 471 3243 4920
f 471 4062 4147
f 471 4147 3243
f 471 4920 6690
f 471 6690 4062
f 472 1793 4885
f 472 4885 5564
f 472 5283 1793
f 472 5564 5902
f 472 5902 5283
f 473 1533 6074
f 473 2009 4206
f 473 4206 1533
f 473 6074 2009
f 474 1331 2303
f 474 2104 4529
f 474 2303 2104
f 474 4529 1331
f 475 499 1579
f 475 1579 5886
f 475 5886 6787
f 475 6787 499
f 476 2326 3594
f 476 3594 6303
f 476 6303 5226
f 477 5257 5730
f 477 5338 5257
f 477 5730 5338
f 478 961 4832
f 478 1282 7121
f 478 4189 4385
f 478 4385 1282
f 478 4832 4189
f 478 7121 961
f 479 2001 7134
f 479 3869 6062
f 479 5494 6553
f 479 6062 5494
f 479 6553 2001
f 479 7134 3869
f 480 509 2735
f 480 2735 5592
f 480 3057 509
f 480 5592 7203
f 480 7203 3057
f 481 878 2218
f 481 2064 4367
f 481 4367 878
f 482 1072 2298
f 482 1740 6256
f 482 2298 5805
f 482 2712 1072
f 482 5805 1740
f 482 6256 2712
f 483 1210 2356
f 483 2356 6374
f 483 3908 6421
f 483 6374 3908
f 483 6421 1210
f 484 3093 6955
f 484 6955 5042
f 485 1813 2346
f 485 2346 7039
f 485 4747 1813
f 485 7039 4747
f 486 778 4205
f 486 4097 4968
f 486 4205 4730
f 486 4730 4097
f 486 4968 778
f 487 611 5788
f 487 2048 5860
f 487 3005 2048
f 487 5355 611
f 487 5788 3005
f 487 5860 5355
f 488 2885 4482
f 488 3976 5228
f 488 4482 5297
f 488 5228 2885
f 488 5297 3976
f 489 3916 2251
f 489 6436 3916
f 490 2211 5476
f 490 2783 2860
f 490 2860 2929
f 490 2929 2211
f 491 615 5195
f 491 2812 615
f 491 3837 2812
f 491 5195 6944
f 491 6944 3837
f 492 958 4341
f 492 1806 3757
f 492 2538 958
f 492 3757 2538
f 492 4341 1806
f 493 1791 2706
f 493 2706 6116
f 493 3750 4333
f 493 4333 1791
f 493 6116 3750
f 494 1310 5936
f 494 5936 6147
f 494 6147 5585
f 495 2572 5809
f 495 2740 5153
f 495 5153 2572
f 495 5809 6226
f 495 6226 2740
f 496 2994 4819
f 496 3137 6227
f 496 4819 3137
f 496 5160 7141
f 496 6227 5160
f 496 7141 2994
f 497 2285 6292
f 497 3795 3861
f 497 3861 6374
f 497 6292 3795
f 497 6374 2285
f 498 4121 5848
f 498 5848 6992
f 499 1115 6033
f 499 3244 6529
f 499 6033 1579
f 499 6529 1115
f 499 6787 3244
f 500 514 2524
f 500 2524 6366
f 500 2879 514
f 500 6366 2879
f 501 1868 5267
f 501 2603 5679
f 501 4525 6221
f 501 5267 2603
f 501 5679 4525
f 501 6221 1868
f 502 1866 6878
f 502 2446 5813
f 502 2551 2446
f 502 5813 1866
f 502 6878 2551
f 503 2410 5361
f 503 2907 2410
f 503 3652 6599
f 503 5361 3652
f 503 6599 2907
f 504 1164 6544
f 504 2518 4702
f 504 4702 1164
f 504 6544 6933
f 504 6933 2518
f 505 831 5887
f 505 3190 831
f 505 5365 5484
f 505 5477 3190
f 505 5484 3410
f 505 5887 5365
f 506 604 5090
f 506 1151 5631
f 506 3511 1151
f 506 4114 3511
f 506 5090 4114
f 506 5631 604
f 507 1591 1639
f 507 1639 3561
f 507 6906 2556
f 508 1135 5986
f 508 1725 3646
f 508 5986 1725
f 509 777 6443
f 509 3057 777
f 509 6443 2735
f 510 2231 2788
f 510 2788 4090
f 510 4090 7057
f 510 5214 2231
f 510 7057 5214
f 511 1365 2284
f 511 2284 6796
f 511 4142 1365
f 511 5376 4142
f 511 6796 5376
f 512 2602 5287
f 512 2908 1484
f 512 4704 2908
f 512 5287 4704
f 513 736 4572
f 513 2798 5899
f 513 4572 5286
f 513 4709 736
f 513 5286 2798
f 513 5899 4709
f 514 855 2524
f 514 2457 855
f 514 2879 4319
f 514 4319 2457
f 515 1118 1726
f 515 1726 4866
f 515 4866 6332
f 515 5599 1118
f 515 6332 5599
f 516 970 3168
f 516 3168 6320
f 516 6320 5357
f 517 1451 5475
f 517 5132 6633
f 517 5475 5132
f 517 6633 1451
f 518 2776 5179
f 518 4732 2776
f 518 5179 6103
f 518 6027 4732
f 518 6103 6027
f 519 1257 6001
f 519 2306 1257
f 519 4196 4299
f 519 4299 2306
f 519 6001 4196
f 520 1738 4087
f 520 4087 4358
f 520 4358 4433
f 520 4433 6363
f 520 6363 1738
f 521 1548 7085
f 521 4967 1548
f 521 6684 7065
f 521 7065 4967
f 521 7085 6684
f 522 3655 5359
f 522 5359 6522
f 522 5519 3655
f 522 6522 5519
f 523 994 4539
f 523 4126 994
f 523 4539 6633
f 523 5132 4126
f 523 6633 5132
f 524 2321 3519
f 524 2805 5178
f 524 3519 5831
f 524 5178 6084
f 524 5831 2805
f 524 6084 2321
f 525 1734 6580
f 525 3011 1734
f 525 6130 3011
f 526 548 2342
f 526 2342 6318
f 526 3354 548
f 526 4200 6716
f 526 5251 4200
f 526 6318 5251
f 526 6716 3354
f 527 930 4052
f 527 3843 930
f 527 4052 4218
f 527 4218 6535
f 527 6535 3843
f 528 2200 5796
f 528 2260 2200
f 528 4875 2260
f 528 5647 4875
f 528 5796 5647
f 529 2915 3963
f 529 3626 2915
f 529 3963 5452
f 529 4135 3626
f 529 5452 4135
f 530 1256 3517
f 530 1458 3277
f 530 3277 5143
f 530 3517 1458
f 530 5143 1256
f 531 1669 5353
f 531 1693 6007
f 531 5311 1693
f 531 5353 5311
f 531 6007 1669
f 532 2497 4488
f 532 4488 6313
f 532 6313 1825
f 533 559 2979
f 533 608 746
f 533 746 6774
f 533 2873 608
f 533 2979 2873
f 533 3814 559
f 533 6774 3814
f 534 562 4843
f 534 3414 6053
f 534 4843 6353
f 534 6053 562
f 534 6353 3414
f 535 2951 4517
f 535 4517 7158
f 535 7026 2951
f 535 7158 7026
f 536 2648 5634
f 536 5634 6886
f 536 6046 2648
f 536 6886 6046
f 537 559 4888
f 537 1048 2979
f 537 2979 559
f 537 4758 1048
f 537 4888 4758
f 538 1753 2405
f 538 2405 6471
f 538 2893 4857
f 538 4857 1753
f 539 1530 3428
f 539 3428 4283
f 539 4283 5800
f 539 4786 5869
f 539 5028 1530
f 539 5800 4786
f 539 5869 5028
f 540 2141 4764
f 540 2872 4608
f 540 3444 2872
f 540 4276 3444
f 540 4608 2141
f 540 4764 4276
f 541 1797 5430
f 541 2787 6763
f 541 5430 5650
f 541 6763 1797
f 542 563 4393
f 542 753 1014
f 542 1014 4130
f 542 4130 563
f 542 4393 753
f 543 2258 6859
f 543 2382 2258
f 543 6859 6776
f 544 1867 4543
f 544 4543 5870
f 544 4586 6952
f 544 5847 1867
f 544 5870 4586
f 544 6952 5847
f 545 1802 6356
f 545 3726 5204
f 545 4092 3726
f 545 5204 1802
f 545 6356 4092
f 546 962 5927
f 546 3486 5600
f 546 5600 962
f 546 5927 5956
f 546 5956 3486
f 547 1713 6117
f 547 2062 3200
f 547 3200 1713
f 547 6117 2062
f 548 3209 2342
f 548 3354 3570
f 548 3570 3209
f 549 1714 6612
f 549 3391 1714
f 549 4104 4909
f 549 4909 3391
f 549 6612 4104
f 550 4140 6620
f 550 5321 6179
f 550 6179 4140
f 550 6620 6759
f 550 6759 5321
f 551 1784 4750
f 551 3688 1784
f 551 4305 3688
f 552 1455 3142
f 552 3113 1455
f 552 6451 3113
f 553 1589 5078
f 553 2958 5142
f 553 3560 1589
f 553 5078 2958
f 553 5142 6857
f 553 6857 3560
f 554 1889 4018
f 554 3259 1889
f 554 3848 3938
f 554 3938 5410
f 554 4018 3848
f 554 5410 3259
f 555 2721 3923
f 555 6328 2721
f 555 6992 6328
f 556 1331 4529
f 556 1882 2199
f 556 2199 1331
f 556 4198 5015
f 556 4529 6728
f 556 5015 1882
f 556 6728 4198
f 557 2116 4563
f 557 4563 6361
f 557 5752 2116
f 557 6341 6556
f 557 6361 6341
f 557 6556 5752
f 558 2206 2277
f 558 2277 4679
f 558 3748 2206
f 558 4679 6446
f 558 6446 3748
f 559 1743 4888
f 559 3814 5169
f 559 5169 1743
f 560 3058 6293
f 560 3893 3058
f 560 6293 7028
f 560 7028 3893
f 561 575 5431
f 561 1812 6225
f 561 5431 1812
f 561 6225 5240
f 562 3747 4843
f 562 6053 3747
f 563 2070 4393
f 563 3840 2070
f 563 4130 5418
f 563 5418 3840
f 564 957 3951
f 564 2889 7088
f 564 3951 4006
f 564 4006 6030
f 564 6030 2889
f 564 7088 957
f 565 2872 3444
f 565 2922 4362
f 565 2973 2872
f 565 3444 2922
f 565 4362 2973
f 566 3692 5428
f 566 4768 6394
f 566 5428 6220
f 566 6220 4768
f 566 6394 3692
f 567 2120 2454
f 567 2131 2120
f 567 2454 4928
f 567 4124 2131
f 567 4928 6905
f 567 6905 4124
f 568 654 764
f 568 764 3494
f 568 3494 6825
f 568 4269 7033
f 568 6825 4269
f 568 7033 654
f 569 761 4900
f 569 4900 5077
f 569 5077 5188
f 569 5188 1347
f 570 1109 4176
f 570 2832 1109
f 570 4176 7103
f 570 4495 2832
f 571 4304 6477
f 571 6445 4304
f 571 6477 6445
f 572 2722 3415
f 572 3415 5681
f 572 4632 7017
f 572 5681 4632
f 572 7017 2722
f 573 2220 6269
f 573 4028 4479
f 573 4397 6470
f 573 6269 4028
f 573 6470 2220
f 574 821 4091
f 574 1997 6741
f 574 3259 1997
f 574 4091 6290
f 574 6290 3259
f 574 6741 821
f 575 1289 3929
f 575 3929 7173
f 575 7173 5431
f 576 4105 7177
f 576 4206 6940
f 576 6063 4206
f 576 6914 4105
f 576 6940 6914
f 576 7177 6063
f 577 3319 3609
f 577 3609 4353
f 577 4117 3319
f 577 4353 6208
f 577 6208 4117
f 578 975 2746
f 578 2746 6196
f 578 4429 975
f 578 4625 4429
f 578 6196 4625
f 579 974 6809
f 579 2043 6433
f 579 2810 5114
f 579 3974 974
f 579 6433 2810
f 579 6809 2043
f 580 3068 4752
f 580 3359 4600
f 580 4600 5672
f 580 4752 6357
f 580 5672 6816
f 580 6357 3359
f 580 6816 3068
f 581 778 4968
f 581 1981 6619
f 581 2539 3729
f 581 3542 778
f 581 3729 5444
f 581 4968 2539
f 581 5444 1981
f 581 6619 3542
f 582 2245 2629
f 582 2629 5706
f 582 4781 2245
f 583 599 5115
f 583 3198 599
f 583 3621 3943
f 583 3943 3198
f 583 5000 3621
f 583 5115 5000
f 584 595 3348
f 584 2737 595
f 584 3348 6432
f 584 6432 2737
f 585 635 6878
f 585 991 6828
f 585 1008 991
f 585 3800 1008
f 585 6828 635
f 585 6878 3800
f 586 1129 6543
f 586 3919 1129
f 586 6464 6627
f 586 6543 6464
f 586 6627 3919
f 587 598 6893
f 587 3954 5406
f 587 5270 598
f 587 5363 3954
f 587 5406 5270
f 587 6893 5363
f 588 2890 6950
f 588 2986 2890
f 589 2987 5489
f 589 4170 6592
f 589 5489 4170
f 589 6592 2987
f 590 4797 4944
f 590 4944 6383
f 590 5604 6549
f 590 6383 5604
f 590 6549 4797
f 591 1977 6913
f 591 3716 1977
f 591 4574 3716
f 591 6913 4574
f 592 632 2636
f 592 1067 4076
f 592 2606 3932
f 592 2636 2606
f 592 3932 1067
f 592 4076 632
f 593 1271 3792
f 593 2094 6129
f 593 3792 2094
f 593 3990 1271
f 593 6129 3990
f 594 2337 4964
f 594 2662 4307
f 594 2760 2662
f 594 4307 2337
f 594 4964 5802
f 594 5802 2760
f 595 2737 4820
f 595 4820 6206
f 595 6206 3348
f 596 2207 6143
f 596 2368 5101
f 596 5101 6808
f 596 6143 6250
f 596 6250 2368
f 596 6808 2207
f 597 1134 2487
f 597 2430 2751
f 597 2487 2430
f 597 2751 4516
f 597 4323 1134
f 597 4516 4323
f 598 901 6411
f 598 5270 901
f 598 6411 6893
f 599 1513 2320
f 599 2320 5115
f 599 3198 1513
f 600 5881 6703
f 600 6237 5881
f 601 3246 3509
f 601 3509 4711
f 601 4493 3246
f 601 4711 7199
f 601 6449 4493
f 601 7199 6449
f 602 1454 4179
f 602 3914 4326
f 602 4179 3914
f 602 4326 6214
f 602 6214 1454
f 603 1039 3533
f 603 3533 5556
f 603 5556 7022
f 603 7022 1039
f 604 2446 5090
f 604 5529 5813
f 604 5631 5529
f 604 5813 2446
f 605 1657 6758
f 605 3405 6156
f 605 5000 3405
f 605 6156 1657
f 605 6758 5000
f 606 679 4528
f 606 1831 2686
f 606 2686 6447
f 606 2834 679
f 606 4528 1831
f 606 6447 2834
f 607 2975 4641
f 607 3254 4698
f 607 4641 5828
f 607 4698 2975
f 607 5828 3254
f 608 2531 3270
f 608 2873 2531
f 608 3270 746
f 609 646 6558
f 609 3203 3635
f 609 3635 646
f 609 5342 3203
f 609 6558 5342
f 610 1446 2947
f 610 2023 3903
f 610 2947 6787
f 610 3903 1446
f 610 6787 2023
f 611 1553 5788
f 611 3275 1553
f 611 5355 3275
f 612 628 2917
f 612 2095 7202
f 612 2917 5982
f 612 4855 2095
f 612 5982 4855
f 613 2567 7189
f 613 5183 5260
f 613 5260 2567
f 613 6008 6610
f 613 6610 5183
f 613 7189 6008
f 614 701 1448
f 614 2618 6685
f 614 3656 2618
f 615 2038 5195
f 616 1149 3107
f 616 3107 6732
f 616 4106 1149
f 616 6732 4106
f 617 2364 4741
f 617 4741 3050
f 617 5868 6182
f 617 6182 2364
f 618 896 4658
f 618 2756 896
f 618 3574 6270
f 618 4658 3574
f 618 5291 2756
f 618 6270 5291
f 619 1730 2262
f 619 2262 7135
f 619 4185 1730
f 619 4753 4185
f 619 4950 4753
f 619 7135 4950
f 620 3250 4602
f 620 4602 5901
f 620 5901 6404
f 620 6254 3250
f 620 6404 6254
f 621 1068 3097
f 621 1420 5186
f 621 3097 6052
f 621 5186 1068
f 621 6052 1420
f 622 651 1188
f 622 1188 1765
f 622 1765 2628
f 622 2628 651
f 623 2471 4532
f 623 2543 2471
f 623 4532 5973
f 623 5973 2543
f 624 4155 4223
f 624 4180 5408
f 624 4223 4290
f 624 4290 4180
f 624 5408 4155
f 625 1153 6953
f 625 3189 1153
f 625 5581 3189
f 625 6384 6942
f 625 6942 5581
f 625 6953 6384
f 626 1266 5614
f 626 1498 6845
f 626 6845 1266
f 627 830 1376
f 627 1306 6465
f 627 1376 1306
f 627 6465 5582
f 628 6271 6738
f 628 6738 2917
f 629 1424 5057
f 629 2663 1424
f 629 4279 4839
f 629 4288 2663
f 629 4839 4288
f 629 5057 4279
f 630 1865 5602
f 630 4612 1865
f 630 4930 7077
f 630 5037 4930
f 630 5602 5037
f 630 7077 4612
f 631 1664 6742
f 631 2427 3084
f 631 3084 1664
f 631 6742 6969
f 631 6969 2427
f 632 2880 6003
f 632 4076 2880
f 632 6003 6812
f 632 6812 2636
f 633 834 3590
f 633 3262 4748
f 633 3590 5176
f 633 4242 3262
f 633 4748 834
f 633 5176 4242
f 634 1815 3001
f 634 3001 3101
f 634 3101 6517
f 634 5442 1815
f 634 6517 5442
f 635 5031 6878
f 635 6828 5031
f 636 1897 5261
f 636 2782 1897
f 636 5261 5404
f 636 5404 6507
f 636 6507 2782
f 637 2276 2797
f 637 2797 7115
f 637 3075 2276
f 637 7115 3075
f 638 1557 3728
f 638 2208 4526
f 638 3728 2208
f 638 4526 5287
f 638 5287 5676
f 638 5676 1557
f 639 1619 6829
f 639 4691 1619
f 639 4863 4691
f 639 6829 4863
f 640 1542 5389
f 640 4098 1542
f 640 5389 6358
f 640 6358 4098
f 641 1332 3182
f 641 3182 3985
f 641 3985 5887
f 642 3695 7127
f 642 3698 5654
f 642 5654 3695
f 642 5716 3698
f 642 7127 5716
f 643 1336 1728
f 643 1728 4474
f 643 2957 1336
f 643 4474 7091
f 643 7091 2957
f 644 1063 4544
f 644 4544 6302
f 644 4851 5333
f 644 5021 4851
f 644 5333 1063
f 644 6302 5021
f 645 1840 4821
f 645 3410 5484
f 645 5484 1840
f 646 687 5980
f 646 3290 6558
f 646 3635 687
f 646 5980 3290
f 647 864 3684
f 647 1305 6145
f 647 3261 864
f 647 3684 6418
f 647 4477 1305
f 647 6145 3261
f 647 6418 4477
f 648 2880 4076
f 648 4076 5013
f 648 4249 4703
f 648 4703 2880
f 648 5013 4249
f 649 4479 6536
f 649 6536 1755
f 650 1637 1701
f 650 1701 5690
f 650 3697 3861
f 650 3795 6641
f 650 3861 3795
f 650 5690 3697
f 650 6641 1637
f 651 2628 5671
f 651 5671 4736
f 652 1165 7129
f 652 5386 1165
f 652 5574 5386
f 652 6797 5574
f 652 7129 6797
f 653 689 7086
f 653 4099 689
f 653 5145 4099
f 653 7086 5145
f 654 3156 5199
f 654 5199 764
f 654 7033 3156
f 655 1792 4216
f 655 4098 5553
f 655 4216 4098
f 655 5553 2823
f 656 4974 5244
f 656 5244 5340
f 656 5340 6798
f 656 6000 4974
f 656 6798 6000
f 657 2068 4440
f 657 4440 4860
f 657 4860 5975
f 657 5975 2068
f 658 3458 3507
f 658 3507 7004
f 658 5036 3458
f 658 6880 5036
f 658 7004 6880
f 659 1762 4683
f 659 4683 7037
f 659 5067 1762
f 659 7037 5067
f 660 6016 3386
f 660 7071 6016
f 661 1189 3733
f 661 3733 6564
f 661 5060 5186
f 661 5186 5378
f 661 5378 1189
f 661 6564 5060
f 662 1395 2521
f 662 2521 5534
f 662 3207 1395
f 662 5534 7036
f 662 7036 3207
f 663 1327 3087
f 663 2980 6691
f 663 3087 2980
f 663 6691 1327
f 664 4285 7129
f 664 6833 4285
f 664 7129 4593
f 665 3014 6362
f 665 5857 3014
f 665 6362 3052
f 666 1254 4053
f 666 2484 4616
f 666 4053 2484
f 666 4616 6146
f 666 6146 1254
f 667 2526 3793
f 667 3793 6441
f 667 4897 2526
f 667 6441 6688
f 667 6688 4897
f 668 2259 4778
f 668 3775 3868
f 668 3868 6822
f 668 4778 3775
f 668 5587 2259
f 668 6822 5587
f 669 3331 3396
f 669 3396 4362
f 669 4362 5553
f 669 5553 6358
f 669 6358 3331
f 670 5299 6271
f 670 5573 6637
f 670 6271 5573
f 670 6637 5299
f 671 694 5835
f 671 4337 6186
f 671 4382 694
f 671 5835 4337
f 671 6186 4382
f 672 1505 5256
f 672 1808 3268
f 672 3268 6573
f 672 5256 1808
f 672 6573 1505
f 673 1078 6133
f 673 4506 1078
f 673 5463 4506
f 673 6133 6923
f 673 6923 5463
f 674 3886 4801
f 674 4678 5638
f 674 4801 4678
f 674 5638 6834
f 674 6834 3886
f 675 971 4273
f 675 3458 5036
f 675 4273 3458
f 675 4912 6607
f 675 5036 4912
f 675 6607 971
f 676 698 5538
f 676 1586 698
f 676 5538 6877
f 676 6353 1586
f 676 6877 6353
f 677 3385 4756
f 677 3481 5468
f 677 4756 6801
f 677 4807 3481
f 677 5468 3385
f 677 6801 4807
f 678 2519 6233
f 678 3164 6692
f 678 6233 3164
f 678 6692 2519
f 679 1556 1839
f 679 1839 4528
f 679 2834 1556
f 680 1239 4107
f 680 1328 1239
f 680 3324 4781
f 680 4107 3324
f 681 856 6297
f 681 2840 3042
f 681 3042 856
f 681 6297 6901
f 681 6901 2840
f 682 2198 5451
f 682 2501 2811
f 682 2811 2983
f 682 2983 7182
f 682 5451 2501
f 682 7182 2198
f 683 970 4953
f 683 2035 4325
f 683 3952 6873
f 683 4325 3952
f 683 4953 2035
f 683 6873 970
f 684 1176 5040
f 684 5040 6252
f 684 5661 6266
f 684 6252 7126
f 684 6266 1176
f 684 7126 5661
f 685 1303 6108
f 685 1690 5243
f 685 4047 6047
f 685 5243 1303
f 685 6047 1690
f 685 6108 4047
f 686 1788 1079
f 686 3121 4785
f 686 4785 1788
f 687 2239 3679
f 687 3635 3762
f 687 3679 5980
f 687 3762 2239
f 688 2057 5093
f 688 2349 2831
f 688 2527 5974
f 688 2831 2527
f 688 4847 2349
f 688 5093 4847
f 688 5974 2057
f 689 2734 7086
f 689 2774 2734
f 689 4099 4301
f 689 4301 2774
f 690 3051 6291
f 690 3118 5059
f 690 5059 5191
f 690 5191 3051
f 690 6291 3118
f 691 1054 6545
f 691 2154 5732
f 691 3368 3944
f 691 3851 2154
f 691 3944 3851
f 691 5732 1054
f 691 6414 3368
f 691 6545 6414
f 692 3424 6574
f 692 5767 3424
f 692 6574 6998
f 692 6998 5767
f 693 2603 6866
f 693 3681 5840
f 693 5840 2603
f 693 6866 3681
f 694 1881 5835
f 694 4382 4557
f 694 4470 1881
f 694 4557 6273
f 694 6273 4470
f 695 2864 4755
f 695 2876 2985
f 695 2985 3535
f 695 3535 5943
f 695 4755 2876
f 695 5943 2864
f 696 4019 6735
f 696 4128 4019
f 696 6207 4128
f 696 6735 6207
f 697 4215 6554
f 697 5326 4215
f 697 6335 5326
f 697 6554 6335
f 698 1586 6198
f 698 5633 5538
f 698 6198 5633
f 699 1670 4501
f 699 4371 5055
f 699 4501 4371
f 699 5055 1670
f 700 1395 6444
f 700 2784 5545
f 700 4610 2784
f 700 5545 1395
f 700 6444 4610
f 701 756 6124
f 701 2053 1448
f 701 6124 2053
f 702 1547 6775
f 702 1984 5046
f 702 4961 1984
f 702 5046 1547
f 702 6775 4961
f 703 1706 3978
f 703 3152 1706
f 703 3978 4232
f 703 4232 7168
f 703 7168 3152
f 704 1706 3303
f 704 3978 1706
f 704 7079 3978
f 705 1335 2685
f 705 2685 4503
f 705 4435 5504
f 705 4503 4435
f 705 5504 1335
f 706 1897 2782
f 706 2649 3746
f 706 2782 6514
f 706 3746 1897
f 706 4090 2649
f 706 6514 4090
f 707 940 5923
f 707 3208 3770
f 707 3770 940
f 707 5669 3208
f 707 5923 5669
f 708 4267 6114
f 708 4400 7101
f 708 6114 4400
f 708 7101 2732
f 709 2265 6815
f 709 2310 2265
f 709 5840 5934
f 709 5934 6854
f 709 6815 5840
f 709 6854 2310
f 710 2031 2494
f 710 5159 6698
f 710 5371 2031
f 710 6698 5371
f 711 1667 3170
f 711 2905 6127
f 711 3170 4570
f 711 3401 1667
f 711 4570 2905
f 711 6127 3401
f 712 1704 4455
f 712 2226 2955
f 712 2955 1704
f 713 2174 2535
f 713 2296 2174
f 713 2535 4416
f 713 2707 2296
f 713 4416 2707
f 714 3500 6673
f 714 3601 3500
f 714 4226 4125
f 714 6673 4226
f 715 2229 5438
f 715 5089 5635
f 715 5218 2229
f 715 5438 5089
f 715 5635 5218
f 716 2679 7169
f 716 4042 4712
f 716 4553 2679
f 716 4712 4553
f 716 7169 4042
f 717 2899 5630
f 717 4453 2899
f 717 5630 5512
f 718 1867 5343
f 718 4543 1867
f 718 5343 3434
f 718 5360 4543
f 719 2479 3715
f 719 3715 5217
f 719 4408 6422
f 719 5217 4408
f 719 6422 2479
f 720 1281 2813
f 720 2813 4077
f 720 4033 6740
f 720 4077 4924
f 720 4924 4033
f 720 6740 1281
f 721 1396 3705
f 721 2301 1396
f 721 3705 4509
f 721 3987 2301
f 721 4509 3987
f 722 1147 3654
f 722 3654 4486
f 722 4486 5471
f 722 4993 6067
f 722 5471 4993
f 722 6067 1147
f 723 1607 2865
f 723 2231 2309
f 723 2309 2664
f 723 2664 1607
f 723 2788 2231
f 723 2865 2788
f 724 2014 3330
f 724 2384 4773
f 724 3330 2384
f 724 4467 2014
f 724 4773 4467
f 725 1385 4580
f 725 1403 1385
f 725 4473 5991
f 725 4580 4473
f 725 5991 6797
f 725 6797 1403
f 726 1574 6782
f 726 2990 1574
f 726 4212 2990
f 726 4822 4212
f 726 6782 4822
f 727 3312 4777
f 727 4777 5682
f 727 5682 6382
f 727 6382 7037
f 727 7037 3312
f 728 2609 2803
f 728 2803 5858
f 728 2809 2609
f 728 5858 2809
f 729 1300 2065
f 729 2065 3023
f 729 2830 1300
f 729 3023 6786
f 729 6786 2830
f 730 737 2030
f 730 2030 6249
f 730 5265 737
f 730 6010 6731
f 730 6249 6010
f 730 6731 5265
f 731 753 4509
f 731 1014 753
f 731 4509 2038
f 731 4617 1014
f 732 3821 5744
f 732 5306 5532
f 732 5532 6946
f 732 5744 5306
f 732 6946 3821
f 733 2423 3992
f 733 3632 4917
f 733 3735 3632
f 733 3992 5961
f 733 4917 2423
f 733 5961 3735
f 734 2609 7158
f 734 2754 6759
f 734 2803 2609
f 734 6759 2803
f 734 7158 2754
f 735 1522 5767
f 735 4027 1522
f 735 4143 4027
f 735 5767 6998
f 735 6126 7174
f 735 6998 6126
f 735 7174 4143
f 736 2275 5625
f 736 4709 5347
f 736 5347 2275
f 736 5625 4572
f 737 4302 6613
f 737 5265 4302
f 737 6613 2030
f 738 1270 4451
f 738 1278 2512
f 738 2512 1270
f 738 4451 4465
f 738 4465 1278
f 739 2518 3397
f 739 3397 4813
f 739 4702 2518
f 739 4813 4702
f 740 2557 4999
f 740 3431 2557
f 740 4999 2067
f 741 1235 5374
f 741 1580 4075
f 741 2426 1580
f 741 4075 1235
f 741 5374 2426
f 742 1681 4224
f 742 2008 5811
f 742 3582 2008
f 742 4224 3582
f 742 5811 1681
f 743 2808 5041
f 743 3686 6653
f 743 3773 2808
f 743 5041 7175
f 743 6653 3773
f 743 7175 3686
f 744 1710 1766
f 744 1766 6203
f 744 2995 4748
f 744 4748 1710
f 744 6203 7061
f 744 7061 2995
f 745 4143 7174
f 745 5217 6478
f 745 6478 4143
f 745 7174 5217
f 746 3270 3464
f 746 3464 6774
f 747 1604 4814
f 747 4054 1604
f 747 4814 5829
f 747 5066 4054
f 747 5829 5066
f 748 1683 5780
f 748 1853 1683
f 748 2630 1853
f 748 4234 2630
f 748 5780 4234
f 749 1428 4622
f 749 2063 1428
f 749 4622 5318
f 749 5318 2063
f 750 3095 2372
f 750 6970 6649
f 751 1264 2832
f 751 2832 4495
f 751 6381 1264
f 752 1719 4992
f 752 2128 1719
f 752 4992 5670
f 752 5670 6575
f 752 6575 2128
f 753 4393 4509
f 754 1464 6945
f 754 4546 5991
f 754 5991 1464
f 755 1064 1662
f 755 1662 6031
f 755 6031 6534
f 755 6534 6629
f 755 6629 1064
f 756 1885 6124
f 756 3597 1885
f 756 7193 3597
f 757 3747 6053
f 757 4487 6235
f 757 6053 4487
f 757 6235 3747
f 758 2244 4663
f 758 4127 2244
f 758 4663 6041
f 758 6041 6307
f 758 6307 4127
f 759 1150 2672
f 759 2498 4761
f 759 2672 2498
f 759 3006 1150
f 759 4761 6909
f 759 6909 3006
f 760 946 3145
f 760 3145 5721
f 760 5721 6921
f 760 5983 6213
f 760 6213 946
f 760 6921 5983
f 761 7150 4900
f 762 1664 2336
f 762 2336 1174
f 762 6742 1664
f 763 1221 3062
f 763 1647 1221
f 763 3062 5785
f 764 2058 3494
f 764 5199 2058
f 765 3482 4511
f 765 4415 3482
f 765 5562 4415
f 766 2397 4163
f 766 2613 2397
f 766 2932 6983
f 766 4163 2932
f 766 6639 2613
f 766 6983 6639
f 767 2802 6721
f 767 5042 6261
f 767 6261 2802
f 767 6721 5042
f 768 950 5460
f 768 1982 3422
f 768 3422 6978
f 768 5053 1982
f 768 5460 5053
f 768 6978 950
f 769 1047 4148
f 769 1810 3425
f 769 2027 1047
f 769 3425 2027
f 769 4148 6352
f 769 6352 1810
f 770 4639 5238
f 770 4733 4639
f 770 5238 6462
f 770 5308 4733
f 770 6462 5308
f 771 2996 5102
f 771 5102 7097
f 771 7097 2996
f 772 3655 5614
f 772 3666 5359
f 772 5252 3666
f 772 5359 3655
f 772 5614 5252
f 773 993 1468
f 773 1468 6874
f 773 6874 5100
f 774 2278 6980
f 774 2923 3969
f 774 3647 6882
f 774 3969 2278
f 774 6882 2923
f 774 6980 3647
f 775 3319 3345
f 775 3345 3768
f 775 3609 3319
f 775 3768 2893
f 776 2085 6030
f 776 2943 3318
f 776 5918 2085
f 776 6007 2943
f 776 6030 6007
f 777 2912 6443
f 777 3057 1452
f 778 2127 4205
f 778 3542 2127
f 779 3256 5995
f 779 4931 5937
f 779 5937 3256
f 779 5995 4931
f 780 1429 3225
f 780 3225 5392
f 780 5392 5622
f 781 2665 5164
f 781 3015 5367
f 781 4981 2665
f 781 5164 3015
f 781 5367 4981
f 782 1925 6802
f 782 2371 1925
f 782 3363 2371
f 782 5152 6368
f 782 6368 6642
f 782 6642 3363
f 782 6802 5152
f 783 3085 4751
f 783 3096 5880
f 783 4751 3096
f 784 816 5739
f 784 3248 4577
f 784 5739 3248
f 784 6658 816
f 785 5493 5454
f 785 6423 5493
f 786 2138 7190
f 786 2157 6862
f 786 3706 2138
f 786 6862 3706
f 786 7190 2157
f 787 1933 3604
f 787 3604 5152
f 787 5152 7034
f 787 7034 1933
f 788 3009 5760
f 788 4612 7077
f 788 5760 4612
f 788 7077 3009
f 789 1912 3879
f 789 3879 7198
f 789 5190 6370
f 789 6370 1912
f 789 7198 5190
f 790 3514 5383
f 790 3699 3514
f 790 5091 3699
f 790 5383 5091
f 791 1893 5775
f 791 3233 7142
f 791 4347 3233
f 791 4710 1893
f 791 5775 4347
f 791 6887 4710
f 791 7142 6887
f 792 2168 5192
f 792 3219 2168
f 792 4965 3219
f 792 5107 4965
f 792 5192 5107
f 793 2297 3606
f 793 3498 2297
f 793 3606 4065
f 793 4065 5584
f 793 5584 3498
f 794 819 2869
f 794 2715 4633
f 794 2869 5044
f 794 4633 819
f 794 5044 5920
f 794 5920 2715
f 795 1619 4691
f 795 1696 1619
f 795 1759 1696
f 795 2688 6791
f 795 4691 2688
f 795 6791 1759
f 796 1080 6216
f 796 4565 1080
f 796 5048 4565
f 796 6216 5048
f 797 5554 6908
f 797 6908 2293
f 798 1769 3972
f 798 3972 6388
f 798 5528 5641
f 798 5641 1769
f 798 6388 6772
f 798 6772 5528
f 799 2274 6684
f 799 3974 2274
f 799 5745 3974
f 799 6684 5745
f 800 2235 6845
f 800 5306 2235
f 800 5379 5306
f 800 6740 5379
f 800 6845 6740
f 801 2351 2737
f 801 2737 5126
f 801 2845 2351
f 802 2901 3997
f 802 2984 2901
f 802 3997 6431
f 802 6431 6542
f 802 6542 2984
f 803 838 4352
f 803 3000 5122
f 803 4352 7144
f 803 5122 838
f 803 7144 3000
f 804 2086 4987
f 804 4841 2086
f 804 4987 5801
f 804 5677 4841
f 804 5801 5677
f 805 1421 2414
f 805 2414 847
f 806 1521 5299
f 806 1731 6570
f 806 2595 5324
f 806 5299 1731
f 806 5324 1521
f 806 6570 2595
f 807 2232 3881
f 807 3881 6229
f 807 4404 2232
f 807 5073 6472
f 807 6229 5073
f 807 6472 4404
f 808 2429 3394
f 808 3394 4093
f 808 4093 4922
f 808 4922 2429
f 809 2464 6089
f 809 4615 6286
f 809 5252 2370
f 809 6089 4615
f 809 6286 5252
f 810 1749 3649
f 810 3309 1749
f 810 5257 5338
f 810 5338 3309
f 811 3143 7195
f 811 4763 3143
f 811 7195 6800
f 812 1297 6987
f 812 2966 1297
f 812 3098 2966
f 812 3499 3098
f 812 6987 3499
f 813 2022 4360
f 813 2160 2617
f 813 2617 4310
f 813 4050 2160
f 813 4310 2022
f 813 4360 4050
f 814 1974 4945
f 814 3955 1974
f 814 4945 6061
f 814 6061 3955
f 815 840 5250
f 815 1087 5014
f 815 5014 840
f 815 5175 7165
f 815 5250 5175
f 815 7165 1087
f 816 1567 5739
f 816 5682 1567
f 816 6658 5682
f 817 2529 5254
f 817 5254 7196
f 817 5626 2529
f 817 6800 5626
f 818 2500 4449
f 818 3250 6254
f 818 4449 3250
f 818 5029 2500
f 818 6254 5029
f 819 2780 2869
f 819 3745 6427
f 819 4633 3745
f 819 6427 2780
f 820 1490 4459
f 820 4459 4513
f 820 4513 6305
f 820 4812 1490
f 820 6305 4812
f 821 3323 4091
f 821 3505 5432
f 821 5432 3323
f 821 6741 3505
f 822 919 6659
f 822 2290 4262
f 822 3271 2290
f 822 4262 919
f 822 6659 3271
f 823 2465 6512
f 823 4769 2465
f 823 6389 7052
f 823 6512 6389
f 823 7052 4769
f 824 1359 5588
f 824 5588 6128
f 825 863 4369
f 825 4369 7155
f 825 5817 863
f 825 7043 5817
f 825 7155 7043
f 826 1650 6268
f 826 5266 6243
f 826 6268 5266
f 827 2165 5594
f 827 3300 6746
f 827 4676 3300
f 827 5594 4676
f 827 6746 2165
f 828 860 3921
f 828 2391 860
f 828 3921 5280
f 828 5280 4780
f 829 1535 6040
f 829 1695 3611
f 829 3611 3321
f 829 6040 1695
f 830 3409 5069
f 830 5069 6985
f 830 6985 1376
f 831 3190 4706
f 831 4706 6153
f 831 6153 5887
f 832 1253 3744
f 832 1667 3401
f 832 3170 1667
f 832 3401 4962
f 832 3744 3170
f 832 4116 1253
f 832 4962 4116
f 833 864 3261
f 833 3572 4929
f 833 4929 6011
f 833 6011 864
f 834 2995 3166
f 834 3166 3590
f 834 4748 2995
f 835 5729 5967
f 835 5967 6783
f 835 6783 859
f 836 3788 6152
f 836 5447 6446
f 836 6152 5447
f 836 6446 6899
f 836 6899 3788
f 837 1545 4673
f 837 2121 3039
f 837 3039 1545
f 837 4673 6819
f 837 6819 2121
f 838 1959 4417
f 838 3024 4352
f 838 4417 5590
f 838 5122 1959
f 838 5590 3024
f 839 2961 3489
f 839 3182 2961
f 839 3281 3985
f 839 3489 4867
f 839 3985 3182
f 839 4867 3281
f 840 2594 3589
f 840 3589 5250
f 840 5014 2594
f 841 2981 4735
f 841 3518 5198
f 841 4735 6408
f 841 5198 2981
f 841 6408 3518
f 842 3763 2108
f 842 6118 5829
f 843 1937 6713
f 843 6530 6842
f 843 6713 6530
f 843 6842 4154
f 844 1192 2375
f 844 1909 2314
f 844 2314 1192
f 844 2375 7134
f 844 7134 1909
f 845 2499 4925
f 845 3220 2499
f 845 4925 1653
f 846 1391 4111
f 846 2406 6640
f 846 4111 2406
f 846 4496 1391
f 846 6640 4496
f 847 2036 3618
f 847 2414 6334
f 847 6334 2036
f 848 2335 6801
f 848 5648 2335
f 848 5798 5648
f 848 6258 5798
f 848 6801 6258
f 849 1480 5288
f 849 1832 4044
f 849 4044 1480
f 849 4207 4291
f 849 4291 1832
f 849 5288 4207
f 850 1635 1564
f 850 3502 1635
f 850 3588 3502
f 850 3669 3588
f 850 4840 3669
f 851 1123 3790
f 851 1768 3370
f 851 3370 1123
f 851 3790 4693
f 851 4693 1768
f 852 985 5362
f 852 1054 1883
f 852 1883 985
f 852 5362 2254
f 852 6545 1054
f 853 1943 4589
f 853 4589 4669
f 853 4669 6506
f 853 6506 3164
f 854 1423 2366
f 854 2366 4746
f 854 4746 3565
f 855 2457 3960
f 855 3234 3332
f 855 3332 2524
f 855 3960 3234
f 856 2806 6297
f 856 3042 3411
f 857 884 3973
f 857 2242 6634
f 857 3973 3128
f 857 6634 884
f 858 3666 5252
f 858 5252 6286
f 858 5340 3666
f 858 6286 5340
f 859 3224 5387
f 859 6783 3224
f 860 2391 3495
f 860 3495 4657
f 860 4657 3921
f 861 3160 6824
f 861 3913 4695
f 861 4695 6692
f 861 6692 3160
f 861 6824 3913
f 862 2866 4793
f 862 2888 6876
f 862 4793 2888
f 862 4874 2866
f 862 6876 4874
f 863 1218 4369
f 863 4518 1218
f 863 5817 4518
f 864 6011 3684
f 865 2430 7064
f 865 3432 4550
f 865 4550 4938
f 865 7064 3432
f 866 1833 6263
f 866 2716 5971
f 866 4002 2716
f 866 4670 1833
f 866 5971 4670
f 866 6263 4002
f 867 3873 6729
f 867 5437 3873
f 867 6059 5437
f 867 6729 6059
f 868 923 1971
f 868 1971 4519
f 868 2914 923
f 868 4519 4605
f 868 4605 4719
f 868 4719 2914
f 869 1790 3785
f 869 3785 5492
f 869 3882 7170
f 869 5345 3882
f 869 5492 5345
f 869 7170 1790
f 870 5842 6079
f 870 6079 6965
f 870 6965 5842
f 871 2478 5935
f 871 4184 4471
f 871 4471 2478
f 871 5804 6699
f 871 5935 5804
f 871 6699 4184
f 872 5727 5787
f 872 5787 6176
f 872 6176 6484
f 872 6484 5727
f 873 1224 4569
f 873 1744 3260
f 873 3260 1224
f 873 4073 1744
f 874 2656 5247
f 874 2723 2656
f 874 5247 7167
f 874 7167 2723
f 875 898 6209
f 875 2748 898
f 875 6209 7186
f 875 7186 2748
f 876 1884 5915
f 876 2078 6743
f 876 2977 1884
f 876 5915 2078
f 877 3195 6421
f 877 3908 6628
f 877 6421 3908
f 877 6628 3195
f 878 911 2218
f 878 4367 7109
f 878 6393 911
f 878 7109 6393
f 879 2736 3796
f 879 3796 3865
f 879 3993 2736
f 879 5547 5632
f 879 5632 3993
f 880 1861 6744
f 880 3493 5455
f 880 5455 1861
f 880 6744 3493
f 881 1164 4813
f 881 4813 6241
f 881 6114 6247
f 881 6241 6114
f 881 6247 6454
f 881 6454 1164
f 882 2874 4119
f 882 3938 2874
f 882 4119 4492
f 882 4492 7081
f 882 7081 3938
f 883 1709 5916
f 883 2018 2605
f 883 2605 1709
f 883 3083 6279
f 883 5916 3083
f 883 6279 2018
f 884 6224 3973
f 884 6520 6888
f 884 6634 6520
f 884 6888 6224
f 885 3870 6590
f 885 6060 3870
f 885 6590 6956
f 885 6956 6060
f 886 1519 5464
f 886 2429 4922
f 886 3413 6377
f 886 4922 3413
f 886 5464 2429
f 886 6377 1519
f 887 922 3375
f 887 1742 7003
f 887 3375 1742
f 887 7003 922
f 888 4169 5343
f 888 5621 4169
f 888 7091 5621
f 889 5175 5250
f 889 5250 7075
f 889 6574 5175
f 889 7075 6574
f 890 2488 6257
f 890 3631 2488
f 890 4690 3631
f 890 4721 4887
f 890 4887 4690
f 890 6257 4721
f 891 1087 6004
f 891 1183 1963
f 891 1963 2581
f 891 2581 1087
f 891 4825 1183
f 891 6004 4825
f 892 1609 4138
f 892 3527 4041
f 892 4041 1609
f 892 4138 4424
f 893 1856 1940
f 893 1940 5640
f 893 4828 1856
f 893 5500 4828
f 893 5640 5500
f 894 1556 2834
f 894 2834 5994
f 894 3845 6371
f 894 5994 3845
f 894 6371 1556
f 895 1816 1841
f 895 5024 1816
f 895 5118 5024
f 896 2756 4720
f 896 4720 6424
f 896 6424 4658
f 897 1397 3860
f 897 2530 3278
f 897 3089 1397
f 897 3157 3089
f 897 3278 3157
f 897 3860 6827
f 897 6827 2530
f 898 1825 6313
f 898 2074 5098
f 898 2748 2074
f 898 5098 1825
f 898 6313 6209
f 899 2750 2775
f 899 2775 2867
f 899 2867 6233
f 899 4709 5899
f 899 5899 2750
f 899 6233 4709
f 900 1027 3581
f 900 1571 2486
f 900 2486 1027
f 900 3581 7116
f 900 4923 1571
f 900 7116 4923
f 901 3901 6202
f 901 5270 3901
f 901 6202 6411
f 902 1601 6238
f 902 2227 3583
f 902 2281 6372
f 902 3583 6954
f 902 6238 2281
f 902 6372 2227
f 902 6954 1601
f 903 1166 4165
f 903 2470 5205
f 903 4033 2470
f 903 4165 4767
f 903 5205 1166
f 904 1286 3668
f 904 3172 1286
f 904 6011 6090
f 904 6090 3172
f 905 1750 6754
f 905 3403 3472
f 905 3472 5922
f 905 4697 3403
f 905 5922 1750
f 905 6754 4697
f 906 939 4082
f 906 1070 5025
f 906 4082 4770
f 906 4770 6555
f 906 5025 939
f 906 6467 1070
f 906 6555 6467
f 907 980 3300
f 907 3300 4917
f 907 3753 4823
f 907 4823 980
f 907 4917 3753
f 908 941 4004
f 908 4004 5609
f 908 5609 5714
f 908 5714 941
f 909 1793 2458
f 909 2458 4177
f 909 4177 4885
f 909 4885 1793
f 910 1611 4694
f 910 2162 1611
f 910 3452 2162
f 910 4694 5912
f 910 5912 6811
f 910 6811 3452
f 911 6393 1388
f 912 1566 5972
f 912 2153 2634
f 912 2579 1566
f 912 2634 2579
f 912 5972 2153
f 913 4020 4484
f 913 4484 6091
f 913 6091 6328
f 913 6328 6992
f 913 6661 4020
f 913 6992 6661
f 914 3069 6352
f 914 4148 4884
f 914 4884 3069
f 914 6352 4148
f 915 2582 4263
f 915 3905 5814
f 915 4263 3905
f 915 5814 2582
f 916 1275 3470
f 916 1340 1275
f 916 3067 1340
f 916 3470 5480
f 916 5480 6784
f 916 6784 3067
f 917 1306 2836
f 917 2836 7157
f 917 4348 6465
f 917 6465 1306
f 917 7157 4348
f 918 2145 4836
f 918 3171 2145
f 918 3725 3171
f 918 4133 3725
f 918 4836 4133
f 919 4262 4906
f 919 4906 6659
f 920 1629 3253
f 920 3253 3957
f 920 3957 4736
f 920 4736 5671
f 920 5671 2971
f 921 1551 7169
f 921 2577 2859
f 921 2777 3202
f 921 2859 2777
f 921 3202 1551
f 921 7169 2577
f 922 1002 3375
f 922 6189 1002
f 922 7003 6189
f 923 1454 3333
f 923 2914 1454
f 923 3333 6123
f 923 6123 1971
f 924 1108 2930
f 924 1450 5163
f 924 2930 5787
f 924 2987 1108
f 924 5163 2987
f 924 5787 1450
f 925 929 5686
f 925 1799 5348
f 925 4397 929
f 925 5348 4397
f 925 5686 5725
f 925 5725 1799
f 926 3707 6984
f 926 4265 3707
f 926 4692 4265
f 926 4865 4692
f 926 6984 4865
f 927 3285 4309
f 927 4309 4324
f 927 4324 6163
f 927 6163 3296
f 928 2998 6345
f 928 3185 6106
f 928 3575 2998
f 928 6106 3575
f 928 6345 3185
f 929 1026 5686
f 929 1755 1026
f 930 1465 4052
f 930 3843 4941
f 930 4941 1465
f 931 1819 5622
f 931 2433 5518
f 931 3520 4772
f 931 4772 2433
f 931 5518 1819
f 931 5622 3520
f 932 2451 3726
f 932 2871 4239
f 932 3726 4092
f 932 4092 6814
f 932 4239 2451
f 932 6814 2871
f 933 3355 4592
f 933 4592 6654
f 933 5454 5493
f 933 5493 3355
f 933 6654 5454
f 934 1327 5158
f 934 3087 1327
f 934 3341 3087
f 934 3979 3341
f 934 5158 3979
f 935 1190 2938
f 935 2938 5652
f 935 4102 5779
f 935 5652 4102
f 935 5779 1190
f 936 2948 5702
f 936 6985 2948
f 937 1559 3352
f 937 1612 2949
f 937 2949 5279
f 937 3352 1612
f 937 4621 1559
f 937 5279 6875
f 937 6875 4621
f 938 1507 6274
f 938 5930 6020
f 938 6020 7152
f 938 6274 5930
f 938 7152 1507
f 939 1927 5575
f 939 4756 1927
f 939 5025 6258
f 939 5575 4082
f 939 6258 4756
f 940 3770 3874
f 940 3874 5213
f 940 5213 6026
f 940 6026 5923
f 941 3210 4004
f 941 3922 6367
f 941 5714 3922
f 941 6367 3210
f 942 1900 6304
f 942 3020 7184
f 942 3257 1900
f 942 6304 3020
f 942 7184 3257
f 943 1030 3750
f 943 2016 5846
f 943 2255 4547
f 943 3750 4746
f 943 4547 2016
f 943 4746 2255
f 943 5846 1030
f 944 1524 6450
f 944 2776 5836
f 944 5179 2776
f 944 5836 1524
f 944 6450 5179
f 945 3892 3443
f 945 5978 3892
f 945 6282 5978
f 946 2283 6986
f 946 6213 2283
f 946 6986 3145
f 947 3076 3854
f 947 3756 7082
f 947 3854 3756
f 947 7082 3076
f 948 1842 5963
f 948 2491 1842
f 948 4851 5021
f 948 5021 2491
f 948 5963 4851
f 949 1876 2725
f 949 2702 3951
f 949 2725 5243
f 949 3951 1876
f 949 5243 2702
f 950 3702 4171
f 950 4171 5460
f 950 6978 3702
f 951 2662 2760
f 951 2760 6727
f 951 3111 5566
f 951 5566 2662
f 951 6727 3004
f 952 4366 6494
f 952 5483 5624
f 952 5624 4366
f 952 6494 5483
f 953 1617 6221
f 953 4451 1617
f 953 4465 4451
f 953 6221 7188
f 953 7188 4465
f 954 2234 6165
f 954 3952 4325
f 954 4325 6277
f 954 6165 3952
f 954 6277 2234
f 955 4119 4221
f 955 4199 6392
f 955 4221 4199
f 955 4492 4119
f 955 6392 4492
f 956 986 3249
f 956 2384 3330
f 956 2682 986
f 956 3249 3337
f 956 3330 3400
f 956 3337 4210
f 956 3400 2682
f 956 4210 2384
f 957 1876 3951
f 957 5289 1876
f 957 7088 5289
f 958 2538 5011
f 958 5011 5729
f 958 5729 4341
f 959 2090 5844
f 959 2484 2090
f 959 4005 5057
f 959 4390 2484
f 959 5057 4390
f 959 5844 4005
f 960 2149 7067
f 960 2528 4410
f 960 4211 2528
f 960 4293 4211
f 960 4410 2149
f 960 7067 4293
f 961 4387 5275
f 961 5275 4832
f 961 7121 4387
f 962 3417 5010
f 962 3946 5927
f 962 5600 3417
f 963 1005 1029
f 963 1029 3859
f 963 3244 1005
f 963 3859 5413
f 963 5413 6529
f 963 6529 3244
f 964 3492 4613
f 964 4256 6180
f 964 4613 6941
f 964 4677 4256
f 964 6096 3492
f 964 6180 6096
f 964 6941 4677
f 965 4443 7000
f 965 4902 6291
f 965 5417 4902
f 965 6291 4443
f 965 7000 5417
f 966 1565 5954
f 966 3626 4135
f 966 4135 7164
f 966 4391 1565
f 966 5954 3626
f 966 7164 4391
f 967 1154 1770
f 967 1770 3971
f 967 1872 5017
f 967 3077 3955
f 967 3955 1872
f 967 3971 3077
f 967 5017 1154
f 968 2158 4833
f 968 2962 3102
f 968 3070 2962
f 968 3102 2158
f 968 4833 3070
f 969 4161 5490
f 969 4378 5487
f 969 5342 4161
f 969 5487 5342
f 969 5490 4378
f 970 1904 4953
f 970 6873 3168
f 971 2927 4273
f 971 6607 2927
f 972 2515 3963
f 972 3963 2915
f 972 4308 2515
f 973 1928 3964
f 973 2191 6565
f 973 3964 2191
f 973 5443 1928
f 973 6565 5443
f 974 2841 6809
f 974 3974 5745
f 974 5745 2841
f 975 3105 6263
f 975 4429 3105
f 975 6263 2746
f 976 2900 3651
f 976 3079 4408
f 976 3651 5673
f 976 4408 5217
f 976 5217 2900
f 976 5673 3079
f 977 3273 3421
f 977 3421 4364
f 977 4364 5462
f 977 5462 3273
f 978 3683 5157
f 978 4392 3683
f 978 4905 4392
f 978 5157 4905
f 979 2392 5346
f 979 4161 6558
f 979 4742 5398
f 979 5346 4161
f 979 5398 2392
f 979 6558 4742
f 980 3700 6746
f 980 4823 3700
f 980 6746 3300
f 981 2192 6730
f 981 5375 2192
f 981 6730 7176
f 981 7176 5375
f 982 1821 7184
f 982 2163 5743
f 982 3020 2163
f 982 5743 6459
f 982 6459 1821
f 982 7184 3020
f 983 2378 3933
f 983 3008 5723
f 983 3714 2378
f 983 3933 4674
f 983 4674 3008
f 983 5723 3714
f 984 4249 5013
f 984 4841 4249
f 984 5013 2575
f 985 1883 5362
f 986 2682 4628
f 987 2407 6929
f 987 4243 2407
f 987 6785 3617
f 987 6929 6785
f 988 1055 3798
f 988 3533 3863
f 988 3798 3533
f 988 3863 6701
f 988 6701 1055
f 989 2514 5514
f 989 3560 6857
f 989 5514 3560
f 989 6388 2514
f 989 6772 6388
f 989 6857 6772
f 990 1521 4738
f 990 4738 5591
f 990 5299 1521
f 990 5591 6271
f 990 6271 5299
f 991 1008 4662
f 991 4662 5209
f 991 5209 7040
f 991 7040 6828
f 992 4083 5793
f 992 4322 4425
f 992 4425 6340
f 992 5705 4322
f 992 5793 5705
f 992 6340 4083
f 993 3967 5543
f 993 5543 1468
f 994 1563 5180
f 994 1637 1563
f 994 1701 1637
f 994 4126 1701
f 994 5180 4539
f 995 1032 4153
f 995 3272 6919
f 995 4153 3272
f 995 6919 1032
f 996 3346 4675
f 996 4675 5809
f 997 2444 4534
f 997 2529 5626
f 997 4534 6045
f 997 5626 2444
f 997 6045 2529
f 998 3646 7027
f 998 4737 5511
f 998 5511 6365
f 998 7027 4737
f 999 2115 2252
f 999 2252 5272
f 999 5272 7100
f 999 7100 2115
f 1000 1827 5707
f 1000 1942 3252
f 1000 3199 1942
f 1000 3252 6823
f 1000 5707 3199
f 1000 6823 1827
f 1001 1732 2959
f 1001 2959 4065
f 1001 4065 5846
f 1001 5846 1732
f 1002 1697 3375
f 1002 4235 1697
f 1002 6189 6785
f 1002 6785 4235
f 1003 1034 6581
f 1003 1680 1034
f 1003 3629 1680
f 1003 6712 3629
f 1004 3966 4274
f 1004 4230 4599
f 1004 4274 6496
f 1004 4599 3966
f 1004 6496 4230
f 1005 2947 4024
f 1005 3244 6787
f 1005 4024 1029
f 1005 6787 2947
f 1006 2793 5303
f 1006 5303 5327
f 1006 5327 5663
f 1006 5663 2793
f 1007 1711 3986
f 1007 1986 2241
f 1007 2241 6191
f 1007 3986 4392
f 1007 4392 1986
f 1007 6191 1711
f 1008 3797 6695
f 1008 3800 3797
f 1008 6695 4662
f 1009 1394 4808
f 1009 2764 3010
f 1009 3010 1394
f 1009 4808 4930
f 1009 4930 2764
f 1010 1715 1732
f 1010 1732 2016
f 1010 2016 4547
f 1010 2267 1715
f 1010 4547 2267
f 1011 2225 3354
f 1011 2348 5035
f 1011 3354 6844
f 1011 5035 2225
f 1011 6844 2348
f 1012 1252 2899
f 1012 2369 4900
f 1012 2396 3226
f 1012 2899 2396
f 1012 3226 2369
f 1012 4900 1252
f 1013 2017 5332
f 1013 5332 1973
f 1013 6650 2017
f 1014 4275 4130
f 1014 4617 4275
f 1015 1057 5436
f 1015 3392 1057
f 1015 3526 6559
f 1015 4198 6728
f 1015 5436 4198
f 1015 6559 3392
f 1015 6728 3526
f 1016 1546 7130
f 1016 6287 1546
f 1016 7130 6287
f 1017 1264 5521
f 1017 2103 2421
f 1017 2421 3288
f 1017 2832 1264
f 1017 3288 2832
f 1017 5521 2103
f 1018 2696 6244
f 1018 3051 5191
f 1018 5191 2696
f 1018 6141 3051
f 1018 6244 6141
f 1019 2251 3916
f 1019 2398 6753
f 1019 3916 4848
f 1019 4848 2398
f 1019 6753 2251
f 1020 1696 6167
f 1020 3123 1696
f 1020 4137 3123
f 1020 4391 4137
f 1020 6167 6836
f 1020 6836 4391
f 1021 5101 6005
f 1021 5880 7093
f 1021 6005 6099
f 1021 6099 5880
f 1021 6808 5101
f 1021 7093 6808
f 1022 1441 4446
f 1022 1678 3786
f 1022 3786 4690
f 1022 4446 1678
f 1022 4690 1441
f 1023 1614 4827
f 1023 3551 4326
f 1023 3914 5816
f 1023 4326 3914
f 1023 4827 3551
f 1023 5816 1614
f 1024 2165 6746
f 1024 3350 5724
f 1024 5724 6832
f 1024 6746 3350
f 1024 6832 2165
f 1025 2910 5900
f 1025 5900 4907
f 1025 6652 3201
f 1026 1755 6967
f 1026 6967 5686
f 1027 2411 6971
f 1027 2486 2411
f 1027 6774 3581
f 1027 6971 6774
f 1028 1901 3569
f 1028 3569 5211
f 1028 4818 5047
f 1028 5047 1901
f 1028 5211 6229
f 1028 6229 4818
f 1029 3879 3859
f 1030 3606 6910
f 1030 4333 3750
f 1030 5846 3606
f 1030 6910 4333
f 1031 2436 3714
f 1031 2492 2436
f 1031 3714 5523
f 1031 5523 2492
f 1032 2434 4063
f 1032 4063 4153
f 1032 5304 2434
f 1032 6919 3689
f 1033 2942 5293
f 1033 3362 6726
f 1033 4394 4963
f 1033 4963 3362
f 1033 5293 4394
f 1033 6726 2942
f 1034 1680 2195
f 1034 2195 6235
f 1034 6235 6581
f 1035 2594 2747
f 1035 2747 4247
f 1035 3510 2594
f 1035 3664 3510
f 1035 4247 3664
f 1036 1100 1631
f 1036 1631 5292
f 1036 2066 4373
f 1036 4373 1100
f 1036 5292 2066
f 1037 3985 5554
f 1037 5365 5887
f 1037 5554 5365
f 1037 5887 3985
f 1038 1290 4416
f 1038 1558 2209
f 1038 2209 2365
f 1038 2365 1290
f 1038 3669 4840
f 1038 4416 3669
f 1038 4840 1558
f 1039 3210 3759
f 1039 3759 3863
f 1039 3863 3533
f 1039 7022 3210
f 1040 3979 5158
f 1040 5158 2910
f 1040 6869 7089
f 1040 7089 3979
f 1041 2187 1291
f 1041 3456 7146
f 1041 6211 2187
f 1041 7146 6211
f 1042 1893 5666
f 1042 2697 4996
f 1042 4996 1893
f 1042 5475 5976
f 1042 5666 5475
f 1042 5976 2697
f 1043 4175 5839
f 1043 4504 6954
f 1043 5839 4504
f 1043 5904 4175
f 1043 6954 5904
f 1044 1076 2895
f 1044 1855 4026
f 1044 4026 1076
f 1045 3596 2935
f 1046 2394 3902
f 1046 2759 6724
f 1046 3543 6162
f 1046 3902 2759
f 1046 6162 2394
f 1046 6724 3543
f 1047 1898 4056
f 1047 2027 3231
f 1047 3231 1898
f 1047 4056 4148
f 1048 2120 6151
f 1048 2454 2120
f 1048 4758 2454
f 1048 6151 2979
f 1049 1225 3129
f 1049 3129 6157
f 1049 4873 6994
f 1049 6157 4873
f 1049 6253 1225
f 1049 6994 6253
f 1050 2167 3651
f 1050 3035 3366
f 1050 3366 4971
f 1050 3651 6867
f 1050 4971 2167
f 1050 6867 3035
f 1051 1942 3199
f 1051 3199 3648
f 1051 3648 4339
f 1051 4339 6435
f 1051 6435 1942
f 1052 2890 3265
f 1052 3265 5821
f 1052 3429 2890
f 1053 1134 4323
f 1053 3059 1134
f 1053 4323 6736
f 1053 5851 3059
f 1053 6736 5851
f 1054 1104 1883
f 1054 5732 1104
f 1055 5717 3798
f 1055 6701 5717
f 1056 5073 6229
f 1056 5211 5244
f 1056 6229 5211
f 1057 3186 5436
f 1058 2462 6088
f 1058 4531 2462
f 1058 5945 4531
f 1058 6088 7058
f 1058 7058 5945
f 1059 2570 5977
f 1059 4970 6576
f 1059 5074 2570
f 1059 5370 5074
f 1059 5977 4970
f 1059 6576 5370
f 1060 2927 6607
f 1060 6311 3184
f 1060 6607 6311
f 1061 3806 5660
f 1061 4759 3806
f 1061 4903 5109
f 1061 5109 4759
f 1061 5660 6182
f 1061 6182 4903
f 1062 2542 7008
f 1062 2701 2542
f 1062 4636 5123
f 1062 5123 2701
f 1062 7008 4636
f 1063 1103 4544
f 1063 5333 6898
f 1063 6898 1103
f 1064 1363 2349
f 1064 2349 1662
f 1064 6629 1363
f 1065 2048 3005
f 1065 3005 5691
f 1065 3909 5420
f 1065 5420 2048
f 1065 5691 3909
f 1066 1809 5480
f 1066 3120 3226
f 1066 3226 1809
f 1066 5480 7142
f 1066 7142 3120
f 1067 3932 4017
f 1067 4017 4076
f 1068 1248 6593
f 1068 4190 3097
f 1068 5186 1248
f 1068 6593 4190
f 1069 2091 4835
f 1069 5547 2091
f 1069 5632 5547
f 1069 5653 5632
f 1070 3293 5025
f 1070 6467 3293
f 1071 3556 4723
f 1071 3838 4911
f 1071 4723 5155
f 1071 4911 3556
f 1071 5155 6766
f 1071 6766 3838
f 1072 2712 4504
f 1072 4384 2298
f 1072 4504 4384
f 1073 3953 4436
f 1073 4318 5803
f 1073 4436 4318
f 1073 5803 3953
f 1074 2740 6226
f 1074 2757 2740
f 1074 3438 2757
f 1074 4345 6195
f 1074 6195 3438
f 1074 6226 4345
f 1075 1105 6487
f 1075 2555 1105
f 1075 3389 2555
f 1076 3386 6016
f 1076 4026 3386
f 1076 4088 2895
f 1076 6016 4088
f 1077 4849 6807
f 1077 5310 4849
f 1077 5525 5854
f 1077 6807 5525
f 1078 2026 3073
f 1078 3073 6133
f 1078 4366 5624
f 1078 4506 4366
f 1078 5624 2026
f 1079 1788 5577
f 1079 5577 2952
f 1080 3813 6216
f 1080 4565 3813
f 1081 1750 3302
f 1081 3302 6981
f 1081 4955 1750
f 1081 5281 4955
f 1081 6981 5281
f 1082 2620 5131
f 1082 3860 2620
f 1082 4366 4506
f 1082 4506 3860
f 1082 5131 6494
f 1082 6494 4366
f 1083 3326 4037
f 1083 4037 4712
f 1083 4461 4578
f 1083 4578 3326
f 1083 4712 6563
f 1083 6563 4461
f 1084 2077 5316
f 1084 5316 5929
f 1084 5929 6102
f 1085 2627 6417
f 1085 2982 4204
f 1085 4204 6719
f 1085 6417 2833
f 1085 6719 2627
f 1086 1226 7090
f 1086 1438 1226
f 1086 1685 1438
f 1086 7090 1685
f 1087 2581 5014
f 1087 7165 6004
f 1088 3373 6790
f 1088 4003 6442
f 1088 4891 4003
f 1088 4933 4891
f 1088 6442 3373
f 1088 6790 4933
f 1089 2606 2636
f 1089 2636 4261
f 1089 4261 5757
f 1089 5757 6414
f 1089 6414 6545
f 1089 6545 2606
f 1090 4329 2569
f 1091 1899 3891
f 1091 3342 5834
f 1091 3891 4567
f 1091 4567 3342
f 1091 5834 1899
f 1092 3803 2331
f 1092 4980 3803
f 1093 2358 4624
f 1093 3399 2055
f 1093 4624 3399
f 1094 1295 2373
f 1094 2183 3393
f 1094 2373 6392
f 1094 3393 1295
f 1094 6392 3894
f 1095 2820 4401
f 1095 4401 5950
f 1095 5146 6192
f 1095 5950 5146
f 1095 6192 2820
f 1096 1142 2816
f 1096 2816 6982
f 1096 4349 4821
f 1096 4821 1142
f 1096 6982 4349
f 1097 3795 6292
f 1097 4601 6113
f 1097 6113 6248
f 1097 6248 3795
f 1097 6292 4601
f 1098 3383 5276
f 1098 4202 3383
f 1098 4689 4956
f 1098 4956 4202
f 1098 5276 4689
f 1099 1638 3322
f 1099 2590 2639
f 1099 3322 5382
f 1099 5382 2590
f 1100 3061 1631
f 1100 4373 2237
f 1101 1323 4689
f 1101 4689 5276
f 1102 1669 6030
f 1102 3887 5496
f 1102 4006 3887
f 1102 5353 1669
f 1102 5496 5353
f 1102 6030 4006
f 1103 6898 5401
f 1104 1256 3258
f 1104 3258 1883
f 1104 3517 1256
f 1104 5732 3517
f 1105 2555 7098
f 1105 2571 3917
f 1105 3378 6487
f 1105 3917 5872
f 1105 5872 3378
f 1105 7098 2571
f 1106 2288 5041
f 1106 3630 2288
f 1106 5041 5799
f 1106 5784 3630
f 1106 5799 5784
f 1107 3335 4144
f 1107 4071 6839
f 1107 4144 4071
f 1107 6839 3335
f 1108 2846 2930
f 1108 2987 6592
f 1108 6592 2846
f 1109 2832 3288
f 1109 3288 4176
f 1110 4207 5288
f 1110 5288 3855
f 1110 6721 4207
f 1111 2347 4575
f 1111 2387 4480
f 1111 4480 2347
f 1111 4575 6391
f 1111 6391 2029
f 1112 1777 6797
f 1112 4285 5221
f 1112 5221 1777
f 1112 6797 7129
f 1112 7129 4285
f 1113 3217 4442
f 1113 4442 5584
f 1113 5584 5710
f 1113 5696 3217
f 1113 5710 5696
f 1114 1381 4281
f 1114 3306 3514
f 1114 3514 1381
f 1114 4281 7201
f 1114 7201 3306
f 1115 2017 4634
f 1115 4634 6033
f 1115 6529 2017
f 1116 1492 4883
f 1116 1566 1492
f 1116 2694 5972
f 1116 4883 6354
f 1116 5972 1566
f 1116 6354 2694
f 1117 1455 4552
f 1117 3911 1455
f 1117 4552 6323
f 1117 6197 6568
f 1117 6323 6197
f 1117 6568 3911
f 1118 6279 1726
f 1119 3881 6956
f 1119 4818 6229
f 1119 6229 3881
f 1119 6956 4818
f 1120 2543 5973
f 1120 5973 6054
f 1120 6054 5813
f 1121 1608 3584
f 1121 2399 3912
f 1121 3584 2399
f 1121 3912 5551
f 1121 5551 6493
f 1121 6493 1608
f 1122 1473 5654
f 1122 3040 5911
f 1122 3698 4278
f 1122 4278 3040
f 1122 5654 3698
f 1122 5901 1473
f 1122 5911 5901
f 1123 1218 4518
f 1123 3370 4070
f 1123 4070 1218
f 1123 4518 3790
f 1124 3229 4233
f 1124 4034 3229
f 1124 4233 6732
f 1124 6732 4034
f 1125 2230 4548
f 1125 2257 2230
f 1125 3451 4316
f 1125 4316 6288
f 1125 4548 3451
f 1125 6288 2257
f 1126 1355 7063
f 1126 3066 1355
f 1126 4701 5641
f 1126 5641 3066
f 1126 6650 4701
f 1126 7063 6650
f 1127 2505 3491
f 1127 2794 4079
f 1127 3491 2794
f 1127 4079 5065
f 1127 5065 2505
f 1128 1640 5043
f 1128 2793 1640
f 1128 5043 5568
f 1128 5303 2793
f 1128 5568 5303
f 1129 2278 3969
f 1129 3919 2278
f 1129 3969 6620
f 1129 6620 6543
f 1130 1857 2814
f 1130 2814 5269
f 1130 5269 6745
f 1130 6745 1857
f 1131 5886 6831
f 1131 6023 5886
f 1131 6831 6938
f 1131 6938 6023
f 1132 2123 4432
f 1132 3690 2123
f 1132 4432 5477
f 1132 5477 6456
f 1132 6456 3690
f 1133 2717 5748
f 1133 5149 1603
f 1133 5748 5149
f 1134 3059 7064
f 1134 7064 2487
f 1135 5197 5119
f 1136 2077 3777
f 1136 3242 4355
f 1136 3777 3242
f 1136 4355 5316
f 1136 5316 2077
f 1137 2861 4156
f 1137 4156 6356
f 1137 5246 2861
f 1137 6356 5246
f 1138 2653 5664
f 1138 3420 3175
f 1138 3668 3737
f 1138 3737 2653
f 1138 5664 3420
f 1139 1733 2154
f 1139 1905 3727
f 1139 2154 3851
f 1139 3680 1905
f 1139 3851 3680
f 1140 1330 2786
f 1140 2786 7144
f 1140 4559 1330
f 1140 6542 4559
f 1140 7144 6542
f 1141 2586 3639
f 1141 3639 6379
f 1141 3885 4906
f 1141 4906 2586
f 1141 6379 3885
f 1142 2634 6056
f 1142 4821 5235
f 1142 5235 2634
f 1142 6056 2816
f 1143 2073 3866
f 1143 3367 6107
f 1143 3866 5688
f 1143 5688 3367
f 1143 6107 2073
f 1144 1181 5947
f 1144 5610 5718
f 1144 5718 1181
f 1144 5828 5610
f 1144 5947 5828
f 1145 2477 5033
f 1145 3279 4435
f 1145 4435 4588
f 1145 4588 2477
f 1145 5033 5112
f 1145 5112 3279
f 1146 6371 6425
f 1146 6425 6960
f 1146 6960 5079
f 1147 5224 5407
f 1147 5407 3654
f 1147 6067 5224
f 1148 2006 4405
f 1148 2126 2006
f 1148 3551 5167
f 1148 4405 3551
f 1148 5167 2126
f 1149 4106 5240
f 1149 5240 6445
f 1149 6445 3107
f 1150 2156 3767
f 1150 3767 2672
f 1151 1627 5712
f 1151 3511 1627
f 1151 5712 5631
f 1152 1177 6142
f 1152 3142 1177
f 1152 4868 6265
f 1152 6142 4868
f 1153 1183 6276
f 1153 3189 1183
f 1153 6276 6953
f 1154 4102 6508
f 1154 5017 5779
f 1154 5779 4102
f 1154 6508 1770
f 1155 1211 5148
f 1155 2755 5675
f 1155 3205 1211
f 1155 5148 2755
f 1155 5675 3205
f 1156 1947 4025
f 1156 2513 3864
f 1156 2576 3928
f 1156 3864 2576
f 1156 3928 1947
f 1156 4025 2513
f 1157 2462 4531
f 1157 2704 3183
f 1157 3183 2462
f 1157 4531 4980
f 1157 4980 2704
f 1158 1970 6702
f 1158 3547 5207
f 1158 3823 3547
f 1158 5207 1970
f 1158 6702 3823
f 1159 3896 4630
f 1159 4630 5341
f 1159 5341 5450
f 1159 5450 3896
f 1160 5245 6749
f 1160 5329 5245
f 1160 5515 5329
f 1160 6749 5515
f 1161 4462 5790
f 1161 5790 5663
f 1161 6767 4462
f 1162 4198 4693
f 1162 4693 5015
f 1162 5015 4198
f 1163 1493 3298
f 1163 2240 4312
f 1163 2408 2240
f 1163 3298 6815
f 1163 4312 1493
f 1163 6815 2408
f 1164 4702 4813
f 1164 6454 6544
f 1165 3374 4593
f 1165 4593 7129
f 1165 5386 3374
f 1166 4462 4165
f 1166 5205 2549
f 1167 1208 4985
f 1167 3047 1208
f 1167 3801 3047
f 1167 4985 6734
f 1167 6734 3801
f 1168 3051 6141
f 1168 4745 6861
f 1168 6141 4745
f 1168 6861 3051
f 1169 1516 4292
f 1169 4292 6338
f 1169 6338 6805
f 1169 6497 1516
f 1169 6805 6497
f 1170 2597 6705
f 1170 4182 7016
f 1170 6557 4182
f 1170 6705 6557
f 1170 7016 2597
f 1171 3243 5119
f 1171 5119 6269
f 1171 6269 3243
f 1172 1209 4533
f 1172 2241 6482
f 1172 4533 6191
f 1172 6191 2241
f 1172 6482 1209
f 1173 1230 4064
f 1173 3071 4271
f 1173 4064 3071
f 1173 5387 1230
f 1174 2336 2639
f 1174 2639 3291
f 1174 3291 1817
f 1175 1778 7053
f 1175 4180 1778
f 1175 5931 6452
f 1175 6452 4180
f 1175 7053 5931
f 1176 1496 6332
f 1176 6266 1496
f 1176 6332 5040
f 1177 3142 3911
f 1177 3315 6142
f 1177 3911 3315
f 1178 1309 3696
f 1178 2413 1309
f 1178 3167 2413
f 1178 3696 4824
f 1178 4824 3167
f 1179 4027 4412
f 1179 4229 4027
f 1179 4412 5833
f 1179 5833 4229
f 1180 3063 7108
f 1180 4293 7067
f 1180 4913 3063
f 1180 7067 7152
f 1180 7108 4293
f 1180 7152 4913
f 1181 1949 3523
f 1181 3523 5947
f 1181 5718 1949
f 1182 5579 6555
f 1182 6555 5697
f 1183 3189 1963
f 1183 4825 6276
f 1184 3528 6600
f 1184 4979 4664
f 1184 6600 4979
f 1185 1470 2621
f 1185 2433 4772
f 1185 2621 4426
f 1185 4426 2433
f 1185 4772 1470
f 1186 1350 1709
f 1186 1709 3072
f 1186 1914 4646
f 1186 1996 3192
f 1186 3072 1996
f 1186 3192 1914
f 1186 4646 1350
f 1187 1845 2467
f 1187 2439 5010
f 1187 2467 4834
f 1187 3417 1845
f 1187 4834 2439
f 1187 5010 3417
f 1188 5746 6290
f 1188 6290 7143
f 1188 7143 1765
f 1189 1772 3638
f 1189 1967 3299
f 1189 3299 1772
f 1189 3638 3733
f 1189 5378 1967
f 1190 1806 2938
f 1190 3757 1806
f 1190 3769 3757
f 1190 5779 3769
f 1191 2599 6359
f 1191 5483 2599
f 1191 5624 5483
f 1191 6359 5624
f 1192 2314 6438
f 1192 3843 2375
f 1192 4941 3843
f 1192 6438 4941
f 1193 4464 5572
f 1193 5214 5419
f 1193 5419 4464
f 1194 4356 5853
f 1194 5853 7191
f 1194 7191 5628
f 1195 2630 4234
f 1195 4234 4549
f 1195 4549 2553
f 1196 2483 5695
f 1196 4125 2483
f 1197 1687 4680
f 1197 2669 4264
f 1197 4264 4852
f 1197 4680 2669
f 1197 4852 1687
f 1198 3774 3842
f 1198 3842 4564
f 1198 4564 6315
f 1198 6315 6790
f 1198 6790 3774
f 1199 1244 5866
f 1199 3671 6196
f 1199 5768 1244
f 1199 5866 3671
f 1199 6196 5768
f 1200 1542 4297
f 1200 1748 4282
f 1200 4282 5389
f 1200 4297 5515
f 1200 5389 1542
f 1200 5515 1748
f 1201 1380 3715
f 1201 1445 1380
f 1201 2545 6533
f 1201 3715 2545
f 1201 6533 6632
f 1201 6632 1445
f 1202 2838 6475
f 1202 3239 5930
f 1202 5930 2838
f 1202 6475 3239
f 1203 3717 4197
f 1203 4197 6648
f 1203 5349 3717
f 1203 5537 5349
f 1203 6360 5537
f 1203 6648 6360
f 1204 2786 6617
f 1204 3000 7144
f 1204 6617 3000
f 1204 7144 2786
f 1205 2569 3854
f 1205 3854 5644
f 1205 5644 6894
f 1205 5689 2569
f 1205 6894 5689
f 1206 1262 2448
f 1206 2040 3476
f 1206 2448 7179
f 1206 3082 2040
f 1206 3476 1262
f 1206 5373 3082
f 1206 7179 5373
f 1207 2269 3787
f 1207 3787 5172
f 1207 5172 6666
f 1207 5597 2269
f 1207 6666 5597
f 1208 3047 3720
f 1208 3720 5905
f 1208 5905 4985
f 1209 3818 7029
f 1209 4428 3818
f 1209 6482 4428
f 1209 7029 4533
f 1210 2285 2356
f 1210 6710 2285
f 1211 3205 6672
f 1211 3841 4573
f 1211 4573 5148
f 1211 6672 3841
f 1212 2401 4368
f 1212 4368 6979
f 1212 4834 6781
f 1212 6781 2401
f 1212 6979 4834
f 1213 2902 5607
f 1213 2939 4846
f 1213 4846 6240
f 1213 5607 2939
f 1213 6240 2902
f 1214 3677 4699
f 1214 3742 3677
f 1214 4655 6670
f 1214 4699 4655
f 1214 6670 3742
f 1215 3406 6112
f 1215 4100 3406
f 1215 4668 6366
f 1215 6112 2182
f 1215 6366 4100
f 1216 2758 5520
f 1216 3406 2758
f 1216 3764 6112
f 1216 5520 3764
f 1216 6112 3406
f 1217 3071 6706
f 1217 3091 4271
f 1217 4271 3071
f 1217 6706 3091
f 1218 2673 4369
f 1218 4070 2673
f 1219 1406 6546
f 1219 1552 4246
f 1219 2821 1406
f 1219 4246 2821
f 1219 6448 1552
f 1219 6546 6448
f 1220 5570 6004
f 1220 5992 6098
f 1220 6004 7165
f 1220 6098 5570
f 1220 7165 5992
f 1221 1647 1896
f 1221 1896 4490
f 1221 2013 3062
f 1221 4490 5113
f 1221 5113 2013
f 1222 2772 5050
f 1222 3904 2772
f 1222 5050 6283
f 1222 6283 6591
f 1222 6591 3904
f 1223 3818 4428
f 1223 6922 3818
f 1224 2130 4569
f 1224 3260 6676
f 1224 6676 2130
f 1225 2617 3129
f 1225 3483 6034
f 1225 6034 2617
f 1225 6253 3483
f 1226 1438 3981
f 1226 3981 5962
f 1226 5962 7090
f 1227 1657 4877
f 1227 4811 5656
f 1227 5656 6758
f 1227 6758 1657
f 1228 2288 3630
f 1228 3630 4853
f 1228 4853 6885
f 1228 6885 7007
f 1228 7007 7175
f 1228 7175 2288
f 1229 3082 5373
f 1229 4792 5670
f 1229 4992 3082
f 1229 5373 4792
f 1229 5670 4992
f 1230 3433 6598
f 1230 5387 3433
f 1230 6598 4064
f 1231 2654 4123
f 1231 3309 5338
f 1231 4123 6571
f 1231 5338 5730
f 1231 5730 2654
f 1231 5771 3309
f 1231 6571 5771
f 1232 2400 5541
f 1232 2956 3371
f 1232 3371 2400
f 1232 4932 2956
f 1232 5541 4932
f 1233 1442 2882
f 1233 4558 1442
f 1233 5266 6268
f 1233 6268 4558
f 1234 1463 5234
f 1234 3049 3151
f 1234 3151 1463
f 1234 5234 6804
f 1234 6804 3049
f 1235 1659 5374
f 1235 4075 6771
f 1236 3131 3826
f 1236 3309 5771
f 1236 3826 3309
f 1236 6134 3131
f 1237 4907 5054
f 1237 5022 4907
f 1237 5054 6395
f 1237 6395 5022
f 1238 2029 6391
f 1238 3304 5517
f 1238 4487 4587
f 1238 4587 2029
f 1238 5517 4487
f 1238 6391 3304
f 1239 1324 3789
f 1239 1328 5989
f 1239 3789 5364
f 1239 5364 4107
f 1239 5989 1324
f 1240 1573 5784
f 1240 2815 6993
f 1240 4896 2815
f 1240 5784 4896
f 1240 6993 1573
f 1241 1400 6464
f 1241 4422 7115
f 1241 6464 6543
f 1241 6543 4422
f 1241 7115 1400
f 1242 3416 5810
f 1242 5698 3416
f 1242 5803 5698
f 1242 5810 5803
f 1243 2480 6375
f 1243 3326 6904
f 1243 6224 2480
f 1243 6375 3326
f 1243 6904 6224
f 1244 2368 6250
f 1244 2435 2368
f 1244 5768 2435
f 1244 6250 5866
f 1245 2139 3703
f 1245 2691 5172
f 1245 3703 2691
f 1245 5172 2139
f 1246 2648 6046
f 1246 4315 6385
f 1246 4472 4315
f 1246 6046 4472
f 1246 6385 2648
f 1247 1331 2199
f 1247 2199 4630
f 1247 2303 1331
f 1247 4630 3687
f 1247 6743 2303
f 1248 5186 5060
f 1249 2000 7190
f 1249 2138 5440
f 1249 5440 4750
f 1249 7190 2138
f 1250 2217 3960
f 1250 2457 5437
f 1250 2944 2217
f 1250 3960 2457
f 1250 5437 2944
f 1251 4796 6551
f 1251 6551 2339
f 1252 4900 7150
f 1252 7150 2899
f 1253 5585 3744
f 1254 2341 5219
f 1254 5219 6669
f 1254 6146 2341
f 1254 6669 4053
f 1255 4514 6044
f 1255 5415 4514
f 1255 6044 6485
f 1255 6397 5415
f 1255 6485 6397
f 1256 5143 3258
f 1257 1302 6683
f 1257 2306 1302
f 1257 2904 4043
f 1257 4043 6001
f 1257 6683 2904
f 1258 5156 6013
f 1258 5802 5668
f 1258 5826 5802
f 1258 6013 5826
f 1259 4095 5258
f 1259 4427 7068
f 1259 5258 5643
f 1259 5643 4427
f 1259 6775 4095
f 1259 7068 6775
f 1260 3180 5296
f 1260 5296 6671
f 1261 2722 6907
f 1261 4500 5956
f 1261 5956 5927
f 1261 6907 4500
f 1262 2389 2448
f 1262 3004 6727
f 1262 6727 2389
f 1263 2711 3211
f 1263 3211 4975
f 1263 3473 2711
f 1263 4975 3473
f 1264 1415 5521
f 1264 6381 1415
f 1265 1650 3147
f 1265 3147 4261
f 1265 4261 6812
f 1265 4558 6268
f 1265 6268 1650
f 1265 6812 4558
f 1266 2235 5744
f 1266 5744 5614
f 1266 6845 2235
f 1267 2871 6814
f 1267 6767 2871
f 1267 6814 6767
f 1268 1511 3618
f 1268 2132 6287
f 1268 3618 7159
f 1268 6287 1511
f 1268 7159 2132
f 1269 3276 3334
f 1269 3878 4019
f 1269 4019 3276
f 1269 5007 3878
f 1270 2512 2976
f 1270 2976 4988
f 1270 4988 5598
f 1270 5598 4451
f 1271 3990 6601
f 1271 6601 6852
f 1271 6852 3792
f 1272 1299 2291
f 1272 2291 4188
f 1272 4359 1299
f 1272 6211 4359
f 1273 3835 5233
f 1273 4851 5963
f 1273 5233 5333
f 1273 5333 4851
f 1273 5963 3835
f 1274 1990 3356
f 1274 3328 1990
f 1274 5576 3328
f 1275 1340 6501
f 1275 4160 3470
f 1275 6501 4160
f 1276 1339 6665
f 1276 1921 5640
f 1276 4911 1339
f 1276 5096 1921
f 1276 5640 4911
f 1276 6665 5096
f 1277 1434 6682
f 1277 3830 5429
f 1277 4915 5949
f 1277 5429 4915
f 1277 5949 1434
f 1277 6682 3830
f 1278 4057 2512
f 1278 4465 4594
f 1278 4594 4731
f 1278 4731 4298
f 1279 3499 6228
f 1279 5056 3499
f 1279 6228 6403
f 1279 6403 5056
f 1280 2377 3962
f 1280 3962 5080
f 1280 5080 6462
f 1280 5238 2377
f 1280 6462 5238
f 1281 6740 6845
f 1281 6845 2813
f 1282 1598 7121
f 1282 3558 1598
f 1282 4385 6991
f 1282 6991 3558
f 1283 2564 4195
f 1283 3902 2564
f 1283 4195 4609
f 1283 4609 5977
f 1283 5977 3902
f 1284 3248 5739
f 1284 5355 5860
f 1284 5739 5355
f 1284 5860 5945
f 1284 5945 3248
f 1285 1879 2974
f 1285 2862 1879
f 1285 2924 2862
f 1285 2974 6110
f 1285 6110 2924
f 1286 2835 3668
f 1286 3172 5911
f 1286 5911 2835
f 1287 2878 5541
f 1287 5541 2400
f 1288 2925 6429
f 1288 3031 6667
f 1288 6410 3031
f 1288 6429 6895
f 1288 6667 2925
f 1288 6895 6410
f 1289 3321 3929
f 1289 4106 5092
f 1290 2365 4799
f 1291 2187 2714
f 1291 2714 3423
f 1291 3423 5571
f 1291 5571 6799
f 1292 2275 6524
f 1292 2296 6865
f 1292 5625 2275
f 1292 6524 2296
f 1292 6865 5625
f 1293 2106 3488
f 1293 2622 2106
f 1293 2857 2622
f 1293 3488 3771
f 1293 3771 4431
f 1293 4431 2857
f 1294 3676 4725
f 1294 3921 4657
f 1294 4657 3676
f 1294 4725 6750
f 1294 6750 3921
f 1295 3393 4064
f 1295 4064 6598
f 1295 6598 2373
f 1296 1343 4894
f 1296 4499 1343
f 1296 4850 6952
f 1296 4894 4850
f 1296 6952 4499
f 1297 1968 6987
f 1297 2966 6752
f 1297 3778 1968
f 1297 6752 3778
f 1298 1341 3307
f 1298 2757 3438
f 1298 3109 4611
f 1298 3307 3109
f 1298 3438 5449
f 1298 4611 2757
f 1298 5449 1341
f 1299 3500 2291
f 1299 4359 6673
f 1299 6673 3500
f 1300 2830 3632
f 1300 3632 3735
f 1300 3718 2065
f 1300 3735 3718
f 1301 2838 5930
f 1301 4110 2838
f 1301 5681 4110
f 1301 5930 6274
f 1301 6274 5681
f 1302 2306 6514
f 1302 6514 6683
f 1303 2725 2980
f 1303 2980 6108
f 1303 5243 2725
f 1304 2213 6373
f 1304 4779 2213
f 1304 6315 6636
f 1304 6373 6315
f 1304 6636 4779
f 1305 2809 6145
f 1305 4477 7026
f 1305 7026 2809
f 1306 1376 2836
f 1307 3592 6871
f 1307 3841 5665
f 1307 5665 3592
f 1307 6871 3841
f 1308 1419 1441
f 1308 1441 4690
f 1308 4250 1419
f 1308 4690 4887
f 1308 4887 4250
f 1309 2413 5632
f 1309 5632 5653
f 1309 5653 3696
f 1310 2113 6294
f 1310 4116 5072
f 1310 5072 2113
f 1310 6294 6405
f 1310 6405 5936
f 1311 3970 4308
f 1311 4308 6559
f 1311 6168 3970
f 1311 6559 6168
f 1312 2753 6135
f 1312 4766 2753
f 1312 6135 6467
f 1312 6467 4766
f 1313 2362 3872
f 1313 3754 4252
f 1313 3872 3754
f 1313 4252 6976
f 1314 4149 4298
f 1314 6289 4149
f 1314 6822 6289
f 1315 2762 5424
f 1315 4357 2762
f 1315 5424 6677
f 1315 5662 4357
f 1315 6677 5662
f 1316 1377 5721
f 1316 3804 6061
f 1316 5618 3804
f 1316 5721 5618
f 1316 6061 1377
f 1317 2008 3582
f 1317 3582 6517
f 1317 5891 2008
f 1317 5998 7194
f 1317 6517 5998
f 1317 7194 5891
f 1318 2930 2846
f 1318 3758 6176
f 1318 5473 3758
f 1318 6176 2930
f 1319 4183 6446
f 1319 4194 4183
f 1319 5447 7046
f 1319 6446 5447
f 1319 7046 4194
f 1320 3236 5250
f 1320 3343 3236
f 1320 3589 3667
f 1320 3667 6155
f 1320 5250 3589
f 1320 6155 3343
f 1321 1582 2795
f 1321 2795 3056
f 1321 3056 6852
f 1321 5245 1582
f 1321 6852 5245
f 1322 1341 5710
f 1322 1374 3307
f 1322 3307 1341
f 1322 5569 1374
f 1322 5710 7197
f 1322 7197 5569
f 1323 2045 4173
f 1323 4173 5960
f 1323 5960 6656
f 1323 6656 4689
f 1325 1987 4515
f 1325 4515 5703
f 1325 5439 1987
f 1325 5703 6515
f 1325 6515 6932
f 1325 6855 5439
f 1325 6932 6855
f 1326 1437 5734
f 1326 2918 3441
f 1326 3441 1437
f 1326 4478 2918
f 1326 5734 4478
f 1327 6691 6948
f 1327 6948 5158
f 1328 1525 5989
f 1329 1909 5264
f 1329 2221 2314
f 1329 2314 1909
f 1329 3104 5627
f 1329 5264 3104
f 1329 5627 2221
f 1330 4559 6909
f 1330 6377 2786
f 1330 6909 6377
f 1332 2961 3182
f 1332 3316 4459
f 1332 4459 2961
f 1332 6153 3316
f 1333 3698 5716
f 1333 4278 3698
f 1333 4882 4998
f 1333 4998 7200
f 1333 5716 4882
f 1333 7200 4278
f 1334 2410 2907
f 1334 2907 7047
f 1334 3545 2410
f 1334 5271 3545
f 1334 7047 5271
f 1335 2783 5202
f 1335 2860 2783
f 1335 4842 2685
f 1335 5202 4842
f 1335 5504 2860
f 1336 1774 5130
f 1336 2957 2993
f 1336 2993 1774
f 1336 5130 1728
f 1337 2849 5117
f 1337 5117 6219
f 1337 5827 6129
f 1337 6129 7105
f 1337 6219 5827
f 1337 7105 2849
f 1338 3691 5909
f 1338 3840 5418
f 1338 5418 3691
f 1338 5909 6725
f 1338 6725 3840
f 1339 2305 3055
f 1339 3055 4683
f 1339 3838 6111
f 1339 4683 6665
f 1339 4911 3838
f 1339 6111 2305
f 1340 2360 4844
f 1340 3067 2360
f 1340 4844 6501
f 1341 5449 5696
f 1341 5696 5710
f 1342 2666 6561
f 1342 5142 5965
f 1342 5965 3608
f 1342 6561 5142
f 1343 2608 6805
f 1343 4499 2608
f 1344 1590 5786
f 1344 2708 6028
f 1344 2972 5812
f 1344 5786 2972
f 1344 5812 2708
f 1344 6028 1590
f 1345 2578 2870
f 1345 2790 2578
f 1345 2870 6846
f 1345 5882 2790
f 1345 6730 5882
f 1345 6846 6730
f 1346 2322 2802
f 1346 2802 2903
f 1346 2903 6572
f 1346 4939 2322
f 1346 6572 4939
f 1347 3360 7034
f 1347 5188 3360
f 1348 1628 5667
f 1348 4344 1628
f 1349 1489 3766
f 1349 3766 6279
f 1349 4711 1489
f 1349 5599 7199
f 1349 7199 4711
f 1350 2059 5916
f 1350 4646 2059
f 1350 5916 1709
f 1351 3065 4042
f 1351 3819 5457
f 1351 4042 3819
f 1351 5457 6492
f 1351 6492 3065
f 1352 4010 4622
f 1352 4622 5777
f 1352 5161 5906
f 1352 5777 5161
f 1352 5906 4010
f 1353 2093 6949
f 1353 3973 6224
f 1353 6224 2093
f 1353 6949 3973
f 1354 1397 2021
f 1354 2021 6566
f 1354 2620 1397
f 1354 2805 2620
f 1354 6566 2805
f 1355 2580 7063
f 1355 3066 4858
f 1355 4858 2580
f 1356 3344 4182
f 1356 3548 5895
f 1356 3658 3548
f 1356 4182 6557
f 1356 5895 3344
f 1356 6557 3658
f 1357 5465 3274
f 1357 6297 5465
f 1357 6901 6297
f 1358 1610 1703
f 1358 1703 2973
f 1358 2973 2092
f 1359 2297 5588
f 1359 4377 6910
f 1359 6910 2297
f 1360 1859 5105
f 1360 2071 3435
f 1360 3435 1859
f 1360 5105 5194
f 1360 5194 2071
f 1361 2159 3092
f 1361 3092 4421
f 1361 4421 5427
f 1361 5427 2159
f 1362 3696 5653
f 1362 4122 5019
f 1362 4296 4122
f 1362 5019 3696
f 1362 5653 4296
f 1363 1444 2931
f 1363 2931 2349
f 1363 3448 1444
f 1363 6629 3448
f 1364 4185 4753
f 1364 4753 6412
f 1364 6085 4185
f 1364 6339 6085
f 1364 6412 6339
f 1365 3340 2284
f 1365 4142 6159
f 1365 6159 6477
f 1365 6477 3340
f 1366 2338 4356
f 1366 3571 2338
f 1366 4488 6072
f 1366 6072 3571
f 1367 1705 1762
f 1367 1762 5067
f 1367 3127 4516
f 1367 4516 1705
f 1367 5067 3127
f 1368 2911 3894
f 1368 3451 5167
f 1368 3894 4316
f 1368 4316 3451
f 1368 5167 2911
f 1369 1861 5455
f 1369 1913 1861
f 1369 3157 1913
f 1369 5455 2968
f 1370 3283 6298
f 1370 4051 3283
f 1370 4286 5914
f 1370 5914 4051
f 1370 6298 4286
f 1371 2136 6863
f 1371 2527 2831
f 1371 2831 2136
f 1371 5608 2527
f 1371 6863 5608
f 1372 1409 1744
f 1372 1744 4073
f 1372 3053 5509
f 1372 4073 5941
f 1372 5509 1409
f 1372 5845 3053
f 1372 5941 5845
f 1373 2041 3999
f 1373 2191 5832
f 1373 5273 2191
f 1373 5832 2041
f 1374 5569 5875
f 1374 5875 3307
f 1375 4706 5477
f 1375 5477 4350
f 1375 6243 4706
f 1376 6762 2836
f 1376 6985 6762
f 1377 4937 7011
f 1377 6061 4937
f 1377 6921 5721
f 1377 7011 6921
f 1378 1437 2269
f 1378 2269 7172
f 1378 5215 5734
f 1378 5734 1437
f 1378 7172 5215
f 1379 3505 6086
f 1379 4218 5432
f 1379 5432 3505
f 1379 6086 6535
f 1379 6535 4218
f 1380 1445 4491
f 1380 4491 4590
f 1380 4590 6478
f 1380 6478 3715
f 1381 1436 1957
f 1381 1957 4281
f 1381 3514 4527
f 1381 4527 1436
f 1382 2469 4722
f 1382 4699 7010
f 1382 4722 4699
f 1382 6803 6930
f 1382 6930 2469
f 1382 7010 6803
f 1383 2554 4121
f 1383 3989 2554
f 1383 4121 6531
f 1383 4665 3989
f 1384 2198 5039
f 1384 4668 2198
f 1384 5039 6890
f 1384 6890 4668
f 1385 1403 6420
f 1385 2792 6009
f 1385 6009 4580
f 1385 6420 2792
f 1386 2926 6786
f 1386 3753 2926
f 1386 3875 3753
f 1386 6786 3875
f 1387 2615 4779
f 1387 2623 3549
f 1387 3549 2615
f 1387 4779 6636
f 1387 5052 2623
f 1387 6636 5052
f 1388 3604 1933
f 1388 3659 3604
f 1388 6393 3659
f 1389 2582 4898
f 1389 4136 4263
f 1389 4263 2582
f 1389 4898 6544
f 1389 6454 4136
f 1389 6544 6454
f 1390 2999 6195
f 1390 3585 7072
f 1390 4460 3585
f 1390 6195 6322
f 1390 6322 4460
f 1390 7072 2999
f 1391 1475 1525
f 1391 4496 1475
f 1392 1439 3516
f 1392 3516 6079
f 1392 3794 7020
f 1392 5842 3794
f 1392 6079 5842
f 1392 7020 1439
f 1393 2653 3737
f 1393 2667 5009
f 1393 3508 2667
f 1393 3593 3508
f 1393 3737 3593
f 1393 5009 2653
f 1394 1430 7166
f 1394 2921 1430
f 1394 3010 2921
f 1394 7166 4808
f 1395 3207 4445
f 1395 4445 6444
f 1395 5545 2521
f 1396 2301 4830
f 1396 4830 2761
f 1397 2620 3860
f 1397 3089 2021
f 1398 1651 5118
f 1398 3591 3657
f 1398 3610 3591
f 1398 3657 1651
f 1398 5118 3610
f 1399 2984 6542
f 1399 3024 6733
f 1399 4352 3024
f 1399 6542 7144
f 1399 6733 2984
f 1399 7144 4352
f 1400 4309 6464
f 1400 5754 4309
f 1400 7115 5754
f 1401 2824 5263
f 1401 5263 6347
f 1401 6347 2824
f 1402 6698 7002
f 1402 7002 4948
f 1403 1777 6420
f 1403 6797 1777
f 1404 4654 6310
f 1404 6108 7104
f 1404 6957 6108
f 1404 7104 4654
f 1405 1484 5772
f 1405 5358 2003
f 1405 5772 5358
f 1406 2821 4650
f 1406 4650 6248
f 1406 6248 6546
f 1407 1477 5146
f 1407 1534 2628
f 1407 2117 1534
f 1407 2628 1477
f 1407 5146 2117
f 1408 2164 3887
f 1408 3022 2164
f 1408 3887 5400
f 1408 5187 3022
f 1408 5400 5187
f 1409 4694 1744
f 1409 5509 5912
f 1409 5912 4694
f 1410 1485 6621
f 1410 1527 1485
f 1410 4331 6002
f 1410 4966 6342
f 1410 6002 4966
f 1410 6342 1527
f 1410 6621 4331
f 1411 2903 5774
f 1411 5774 7141
f 1411 6572 2903
f 1411 7141 6572
f 1412 3418 3773
f 1412 3773 6653
f 1412 4370 3418
f 1412 6653 6965
f 1412 6965 4370
f 1413 2853 6768
f 1413 6127 5263
f 1413 6768 6127
f 1414 1767 5720
f 1414 2034 7128
f 1414 3931 1767
f 1414 5242 3931
f 1414 5720 2034
f 1414 7128 5242
f 1415 1700 5521
f 1415 2970 1700
f 1415 6381 2970
f 1416 1854 5953
f 1416 5489 7028
f 1416 5953 5489
f 1416 7028 1854
f 1417 1469 2019
f 1417 2019 5278
f 1417 4351 1469
f 1417 5278 5604
f 1417 5604 6284
f 1417 6284 4351
f 1418 1987 5439
f 1418 5380 1987
f 1418 5439 6613
f 1418 6171 5380
f 1418 6296 6171
f 1418 6613 6296
f 1419 3135 1441
f 1419 3315 3135
f 1419 4250 4398
f 1419 4398 3315
f 1420 2268 3915
f 1420 3580 5186
f 1420 3915 3580
f 1420 6052 2268
f 1421 1735 6334
f 1421 6334 2414
f 1422 1978 7074
f 1422 3450 6376
f 1422 3832 3450
f 1422 5749 3832
f 1422 6376 1978
f 1422 7074 5749
f 1423 2790 2366
f 1423 4651 2790
f 1424 2367 4390
f 1424 2663 4097
f 1424 4097 2367
f 1424 4390 5057
f 1425 2205 3479
f 1425 3479 7145
f 1425 3634 6952
f 1425 4586 2205
f 1425 6952 4586
f 1425 7145 3634
f 1426 1483 3782
f 1426 2514 1483
f 1426 3782 7187
f 1426 5514 2514
f 1426 7187 5514
f 1427 2563 3329
f 1427 3329 3389
f 1427 3530 4986
f 1427 4986 2563
f 1428 2063 5999
f 1428 5777 4622
f 1428 5999 5777
f 1429 4775 3225
f 1429 6330 4775
f 1430 2921 5314
f 1430 3885 6379
f 1430 5314 3885
f 1430 6379 7166
f 1431 4184 6699
f 1431 4804 6597
f 1431 6597 4184
f 1432 3187 4422
f 1432 4140 5917
f 1432 4422 6543
f 1432 5917 3187
f 1432 6543 6620
f 1432 6620 4140
f 1433 2804 4789
f 1433 4388 2804
f 1433 4789 6364
f 1433 5544 4388
f 1433 6364 5544
f 1434 4085 5071
f 1434 5071 7073
f 1434 5949 4085
f 1434 7073 6682
f 1435 3153 6569
f 1435 3225 3153
f 1435 5392 3225
f 1435 5727 5392
f 1435 6569 5727
f 1436 4527 4681
f 1436 4681 4960
f 1436 4960 1957
f 1437 3441 5910
f 1437 5910 2269
f 1438 1626 6058
f 1438 1685 1626
f 1438 4530 3981
f 1438 6058 4530
f 1439 7020 7156
f 1440 1523 5814
f 1440 4013 6461
f 1440 5479 1523
f 1440 5814 4013
f 1440 6461 5479
f 1441 3135 4446
f 1442 2642 2882
f 1442 4558 6812
f 1442 6003 2642
f 1442 6812 6003
f 1443 1488 2752
f 1443 2752 6505
f 1443 5412 7192
f 1443 6505 5412
f 1443 7192 1488
f 1444 2784 2931
f 1444 3448 5545
f 1444 5545 2784
f 1445 3833 6407
f 1445 6407 4491
f 1445 6632 3833
f 1446 3710 4024
f 1446 3903 3710
f 1446 4024 2947
f 1447 1702 1757
f 1447 1757 4947
f 1447 4947 6688
f 1447 6441 6547
f 1447 6547 1702
f 1447 6688 6441
f 1448 2053 3212
f 1449 1626 5941
f 1449 2656 1626
f 1449 5247 2656
f 1449 5335 5247
f 1450 4032 5163
f 1450 5787 4032
f 1451 2766 5475
f 1451 3665 5563
f 1451 5563 2766
f 1451 6633 3665
f 1452 3057 4112
f 1452 4112 6217
f 1452 6217 2937
f 1453 3237 3867
f 1453 3828 5469
f 1453 3867 6638
f 1453 5469 3237
f 1453 6638 3828
f 1454 2914 4179
f 1454 6214 3333
f 1455 3113 5456
f 1455 3911 3142
f 1455 5456 4552
f 1456 2044 2659
f 1456 2659 2761
f 1456 2761 4830
f 1456 3078 6518
f 1456 4830 3078
f 1456 6518 2044
f 1457 2409 5677
f 1457 2533 2409
f 1457 3052 2533
f 1457 5677 5958
f 1458 2045 6645
f 1458 3517 2045
f 1458 6645 3277
f 1459 1735 6881
f 1459 5856 7041
f 1459 6334 1735
f 1459 6881 5856
f 1459 7041 6334
f 1460 2563 6504
f 1460 2657 3484
f 1460 3329 2563
f 1460 3484 3329
f 1460 6504 2657
f 1461 2307 4845
f 1461 2684 4213
f 1461 3512 2307
f 1461 4213 3512
f 1461 4845 2684
f 1462 1530 6676
f 1462 3428 1530
f 1462 3776 3428
f 1462 6172 3776
f 1462 6676 6172
f 1463 2523 5234
f 1463 5481 2523
f 1464 4473 6945
f 1464 5991 4473
f 1465 4941 3380
f 1465 6355 4052
f 1466 4346 5123
f 1466 5030 4346
f 1467 3104 7000
f 1467 3426 6051
f 1467 5627 3104
f 1467 6051 5627
f 1467 7000 3426
f 1468 5543 1540
f 1469 3352 5889
f 1469 4351 6916
f 1469 5889 2019
f 1469 6916 3352
f 1470 2379 2621
f 1470 4772 6996
f 1471 2239 4403
f 1471 2611 3679
f 1471 3679 2239
f 1471 4403 2611
f 1472 4526 5753
f 1472 4704 4526
f 1472 5753 6928
f 1472 6928 4704
f 1473 3847 5654
f 1473 5901 3847
f 1474 1862 2001
f 1474 2001 6553
f 1474 4193 1862
f 1474 5259 4193
f 1474 6553 5259
f 1475 4496 6137
f 1475 6137 1525
f 1476 3305 5867
f 1476 3357 3305
f 1476 4521 3357
f 1476 5867 6433
f 1476 6433 4521
f 1477 1765 6355
f 1477 2628 1765
f 1477 6355 5146
f 1478 5865 5939
f 1478 5939 6866
f 1478 6180 5865
f 1478 6866 6180
f 1479 5262 7070
f 1479 6511 5262
f 1479 6627 6511
f 1480 3781 5586
f 1480 4044 4141
f 1480 4141 3781
f 1480 5586 5288
f 1481 3295 4021
f 1481 4021 6509
f 1481 4842 5202
f 1481 4895 4842
f 1481 5202 3295
f 1481 6509 4895
f 1482 3036 4196
f 1482 3822 6300
f 1482 4196 6001
f 1482 6001 3822
f 1482 6300 3036
f 1483 1689 3782
f 1483 2514 6388
f 1483 5981 1689
f 1483 6388 5981
f 1484 2908 5772
f 1485 1527 6700
f 1485 6700 6621
f 1486 4444 5778
f 1486 4672 7014
f 1486 4713 4672
f 1486 5778 4713
f 1486 7014 4444
f 1487 3041 4699
f 1487 3465 5207
f 1487 3677 6911
f 1487 4699 3677
f 1487 5207 6693
f 1487 6693 3041
f 1487 6911 3465
f 1488 2058 6387
f 1488 6387 2752
f 1488 7192 2058
f 1489 1714 3391
f 1489 3391 3766
f 1489 3509 1714
f 1489 4711 3509
f 1490 2961 4459
f 1490 3489 2961
f 1490 4812 5522
f 1490 5522 3489
f 1491 2712 3895
f 1491 3895 4760
f 1491 4504 2712
f 1491 4760 6954
f 1491 6954 4504
f 1492 1566 3455
f 1492 2493 5670
f 1492 3455 2493
f 1492 5670 4883
f 1493 2380 2438
f 1493 2438 3298
f 1493 2718 3497
f 1493 3497 2380
f 1493 4312 2718
f 1494 1707 6585
f 1494 3705 1707
f 1494 4509 3705
f 1494 6483 4509
f 1494 6585 6483
f 1495 5189 6572
f 1495 6572 7141
f 1496 5599 6332
f 1496 6266 5599
f 1497 2772 6539
f 1497 3282 5420
f 1497 5344 2772
f 1497 5420 5344
f 1497 6539 3282
f 1498 2813 6845
f 1498 2892 5527
f 1498 5527 2813
f 1499 2734 2773
f 1499 2773 5080
f 1499 3962 7086
f 1499 5080 3962
f 1499 7086 2734
f 1500 2561 4354
f 1500 3074 4236
f 1500 3115 5968
f 1500 4236 2561
f 1500 4354 3115
f 1500 5968 3074
f 1501 2482 6856
f 1501 2695 4597
f 1501 2868 6469
f 1501 4597 2482
f 1501 6469 2695
f 1501 6856 2868
f 1502 3784 6437
f 1502 3867 3784
f 1502 6437 7098
f 1502 6476 3867
f 1502 7098 6476
f 1503 4268 5488
f 1503 5079 4268
f 1503 5488 5737
f 1504 2116 5752
f 1504 3568 6393
f 1504 5752 3568
f 1504 6393 5687
f 1505 3691 5256
f 1505 5909 3691
f 1505 6573 5909
f 1506 5190 6537
f 1506 5519 6370
f 1506 6370 5190
f 1506 6537 5519
f 1507 3039 6274
f 1508 1826 4647
f 1508 2000 6492
f 1508 2157 7190
f 1508 4647 2157
f 1508 6492 1826
f 1508 7190 2000
f 1509 3203 5893
f 1509 4815 3176
f 1509 5893 4815
f 1510 3476 3599
f 1510 3599 3111
f 1511 3723 6647
f 1511 4336 3723
f 1511 6287 4336
f 1512 2031 5371
f 1512 2386 2031
f 1512 4231 5006
f 1512 5006 5117
f 1512 5117 2386
f 1512 5371 4231
f 1513 3198 4715
f 1513 4833 2320
f 1514 2216 5367
f 1514 3365 5861
f 1514 5367 6914
f 1514 5861 2216
f 1514 6914 6940
f 1514 6940 3365
f 1515 2553 4549
f 1515 4549 7137
f 1515 5144 2553
f 1515 7137 5144
f 1516 6497 4951
f 1517 2481 5680
f 1517 3382 3889
f 1517 3889 2481
f 1518 2052 5087
f 1518 3830 6682
f 1518 5087 3830
f 1518 6682 2052
f 1519 3712 5464
f 1519 6377 6909
f 1519 6909 3712
f 1520 1595 5385
f 1520 5385 7164
f 1520 5452 1595
f 1520 7164 5452
f 1521 2646 4738
f 1521 5324 2646
f 1522 4027 4229
f 1522 4229 6350
f 1522 6350 5767
f 1523 2755 5814
f 1523 5479 5675
f 1523 5675 2755
f 1524 3446 6360
f 1524 5836 3446
f 1524 6183 6450
f 1524 6360 6183
f 1525 6137 5989
f 1526 6742 7087
f 1526 6969 6742
f 1526 7087 6969
f 1527 1708 6700
f 1527 6342 1708
f 1528 6463 6553
f 1528 6553 5397
f 1529 4176 7024
f 1529 5203 7103
f 1529 6037 2147
f 1529 7024 6037
f 1529 7103 4176
f 1530 4943 6676
f 1530 5028 4943
f 1531 3053 5491
f 1531 5141 5509
f 1531 5491 6576
f 1531 5509 3053
f 1531 6576 5141
f 1532 1982 6500
f 1532 3364 4774
f 1532 3578 1982
f 1532 4774 7051
f 1532 6500 3364
f 1532 7051 3578
f 1533 4206 4244
f 1533 4244 6074
f 1534 2117 2173
f 1534 2173 2971
f 1534 2971 5671
f 1534 5671 2628
f 1535 2769 6040
f 1536 2827 3124
f 1536 3124 6259
f 1536 4774 2827
f 1536 6259 7051
f 1536 7051 4774
f 1537 3009 7077
f 1537 4696 5503
f 1537 4808 4696
f 1537 5503 3009
f 1537 7077 4808
f 1538 1595 5452
f 1538 2515 5454
f 1538 5452 2515
f 1538 5454 6654
f 1538 6654 1595
f 1539 2691 3703
f 1539 3703 6378
f 1539 6378 6795
f 1539 6795 2691
f 1540 1605 6065
f 1540 2946 1605
f 1540 5543 2946
f 1541 2855 5136
f 1541 3858 2855
f 1541 4645 5692
f 1541 5136 6234
f 1541 5692 3858
f 1541 6234 4645
f 1542 4098 4216
f 1542 4216 4297
f 1543 4317 4961
f 1543 4375 4317
f 1543 4961 6775
f 1543 6775 7068
f 1543 7068 4375
f 1544 3011 6130
f 1544 4660 4807
f 1544 4807 6801
f 1544 6130 4660
f 1544 6801 3011
f 1545 6966 4673
f 1546 3828 6638
f 1546 3939 3828
f 1546 6287 3939
f 1546 6638 7130
f 1547 1597 4095
f 1547 4095 6775
f 1547 5046 1597
f 1548 2675 4388
f 1548 4388 5544
f 1548 4967 2675
f 1548 5544 7085
f 1549 1972 3345
f 1549 2474 3544
f 1549 3345 5904
f 1549 3544 1972
f 1549 4237 2474
f 1549 5904 4237
f 1550 4336 7130
f 1550 4342 4614
f 1550 4614 4806
f 1550 4806 6351
f 1550 6351 4336
f 1551 3202 3819
f 1551 3819 7169
f 1552 3924 4246
f 1552 6066 3924
f 1552 6448 6066
f 1553 1599 1786
f 1553 1786 5788
f 1553 3114 1599
f 1553 3275 3114
f 1554 3313 5534
f 1554 5352 6534
f 1554 5534 5352
f 1554 6293 3313
f 1554 6534 6293
f 1555 1562 3439
f 1555 1601 4760
f 1555 3439 6238
f 1555 4760 6212
f 1555 6212 1562
f 1555 6238 1601
f 1556 5737 1839
f 1556 6371 5737
f 1557 1990 3328
f 1557 3328 4399
f 1557 4399 3728
f 1557 5676 1990
f 1558 1602 3003
f 1558 3003 2209
f 1558 4840 1602
f 1559 4621 4732
f 1559 4732 6027
f 1559 6027 3352
f 1560 2163 5461
f 1560 5461 6663
f 1560 6160 6251
f 1560 6251 2163
f 1560 6663 6160
f 1561 3458 4273
f 1561 3507 3458
f 1561 4273 4340
f 1561 4340 4508
f 1561 4508 3507
f 1562 3492 3650
f 1562 3650 3439
f 1562 6212 3492
f 1563 1637 6641
f 1563 4166 4295
f 1563 4295 5180
f 1563 6641 4166
f 1564 1635 2425
f 1564 2425 2548
f 1565 4391 6836
f 1565 4493 5954
f 1565 6836 4493
f 1566 2579 3455
f 1567 3275 5355
f 1567 5355 5739
f 1567 5682 3275
f 1568 3493 6744
f 1568 4177 3493
f 1568 6744 6931
f 1568 6843 4177
f 1568 6931 6843
f 1569 4111 7080
f 1569 4782 4111
f 1569 6777 6850
f 1569 6850 4782
f 1569 7080 6777
f 1570 2047 5148
f 1570 2635 2047
f 1570 4573 2635
f 1570 5148 4573
f 1571 3263 4128
f 1571 4128 2486
f 1571 4923 3263
f 1572 2749 4607
f 1572 3587 4315
f 1572 4315 4472
f 1572 4472 4661
f 1572 4607 3587
f 1572 4661 2749
f 1573 3630 5784
f 1573 4837 5395
f 1573 5395 3630
f 1573 6993 4837
f 1574 2990 5104
f 1574 5008 6782
f 1574 5104 5008
f 1575 4266 5081
f 1575 5081 5817
f 1575 5817 6087
f 1575 6087 6818
f 1575 6818 4266
f 1576 2135 2354
f 1576 2354 4363
f 1576 3031 6178
f 1576 4363 3031
f 1576 5185 2135
f 1576 6178 5185
f 1577 1641 5429
f 1577 6580 1641
f 1578 3069 4677
f 1578 3160 3069
f 1578 4677 5615
f 1578 5615 6824
f 1578 6824 3160
f 1579 1634 5886
f 1579 6033 1634
f 1580 1994 4075
f 1580 2426 4856
f 1580 4856 1994
f 1581 2427 5531
f 1581 2453 5275
f 1581 3084 2427
f 1581 5275 3084
f 1581 5531 2453
f 1582 5245 2806
f 1582 6679 2795
f 1583 3361 4946
f 1583 4946 6401
f 1583 5357 6320
f 1583 6175 3361
f 1583 6320 6175
f 1583 6401 4598
f 1584 2114 4081
f 1584 3430 6770
f 1584 4081 6720
f 1584 4863 6829
f 1584 6720 4863
f 1584 6770 2114
f 1584 6829 3430
f 1585 4944 1638
f 1585 5446 6383
f 1585 5516 5446
f 1585 6383 4944
f 1586 3722 6198
f 1586 4843 3722
f 1586 6353 4843
f 1587 2713 4003
f 1587 2730 5085
f 1587 4003 2730
f 1587 4700 2713
f 1587 5085 6540
f 1587 6540 4700
f 1588 3525 6961
f 1588 3594 3525
f 1588 3739 3594
f 1588 6961 6125
f 1589 1643 5078
f 1589 3560 7187
f 1589 7187 1643
f 1590 2289 5268
f 1590 3436 2289
f 1590 5268 5786
f 1590 6028 3436
f 1591 5855 7112
f 1591 6588 1639
f 1591 7112 6588
f 1592 1687 5351
f 1592 2292 2461
f 1592 2461 1687
f 1592 5236 2292
f 1592 5351 5236
f 1593 2482 4597
f 1593 4597 5179
f 1593 5179 5409
f 1593 5231 2482
f 1593 5409 5231
f 1594 1640 5790
f 1594 2260 5189
f 1594 5043 1640
f 1594 5189 5043
f 1594 5790 2260
f 1595 6654 5385
f 1596 2248 6019
f 1596 3959 5390
f 1596 5390 2248
f 1596 6019 6958
f 1596 6242 3959
f 1596 6958 6242
f 1597 5046 5412
f 1597 5412 3110
f 1598 3558 6055
f 1598 6055 6284
f 1598 6284 7121
f 1599 2135 5185
f 1599 3114 5133
f 1599 3577 1786
f 1599 5133 2135
f 1599 5185 3577
f 1600 3930 7176
f 1600 5274 5404
f 1600 5404 6275
f 1600 6275 3930
f 1600 7176 5274
f 1601 6954 4760
f 1602 4840 2818
f 1603 4551 6579
f 1603 5149 4551
f 1603 6579 3453
f 1604 4054 5606
f 1604 5552 4814
f 1605 2946 5580
f 1605 3227 6065
f 1605 5580 3227
f 1606 3174 5678
f 1606 4295 5470
f 1606 4418 3174
f 1606 5678 4295
f 1607 1799 5725
f 1607 2664 6711
f 1607 5725 2865
f 1607 6711 1799
f 1608 5888 3584
f 1609 3477 6899
f 1609 4041 3477
f 1609 6899 4138
f 1610 3355 5366
f 1610 5366 6473
f 1610 6473 1703
f 1611 2162 6172
f 1611 3260 4694
f 1611 6172 3260
f 1612 3352 6916
f 1612 3716 2949
f 1612 6916 3716
f 1613 3023 6616
f 1613 6616 6707
f 1613 6707 6722
f 1613 6722 6849
f 1613 6849 3023
f 1614 2911 4827
f 1614 4159 4957
f 1614 4957 2911
f 1614 5816 4159
f 1615 2956 5032
f 1615 3968 2956
f 1615 4031 3968
f 1615 5032 6667
f 1615 6667 4031
f 1616 2517 6630
f 1616 2657 4727
f 1616 3484 2657
f 1616 4727 2517
f 1616 6630 3484
f 1617 4440 6221
f 1617 4451 6218
f 1617 6218 4440
f 1618 3637 6642
f 1618 3967 3637
f 1618 4022 3967
f 1618 6642 4022
f 1619 1696 3123
f 1619 3123 5368
f 1619 5368 6829
f 1620 3514 3699
f 1620 3538 4681
f 1620 3699 4648
f 1620 4527 3514
f 1620 4648 3538
f 1620 4681 4527
f 1621 4327 5924
f 1621 5312 4327
f 1621 5393 6810
f 1621 5924 5393
f 1621 6810 5312
f 1622 2395 5469
f 1622 3836 6963
f 1622 5469 3836
f 1622 5758 6625
f 1622 6625 2395
f 1622 6963 5758
f 1623 2875 4089
f 1623 4078 2875
f 1623 4089 6008
f 1623 6008 2323
f 1624 2094 3792
f 1624 2494 7105
f 1624 3056 7071
f 1624 3792 3056
f 1624 6129 2094
f 1624 7071 2494
f 1624 7105 6129
f 1625 1920 6262
f 1625 4134 1920
f 1625 5674 6251
f 1625 6160 4134
f 1625 6251 6160
f 1625 6262 5674
f 1626 1685 5941
f 1626 2656 6058
f 1627 1684 5712
f 1627 3511 6699
f 1627 6699 1684
f 1628 2558 5667
f 1628 3144 2558
f 1628 4344 6239
f 1628 6239 3144
f 1629 3648 6943
f 1629 4339 3648
f 1629 6943 3253
f 1630 1822 4086
f 1630 3148 6503
f 1630 4086 3148
f 1630 4935 6176
f 1630 6176 1822
f 1630 6503 4935
f 1631 1746 1803
f 1631 3061 1746
f 1632 3426 7000
f 1632 4443 6861
f 1632 6861 2710
f 1632 7000 4443
f 1633 1692 2709
f 1633 1814 5405
f 1633 2709 1814
f 1633 4260 1692
f 1633 5405 4260
f 1634 2302 6831
f 1634 4995 2302
f 1634 6033 4995
f 1634 6831 5886
f 1635 3502 6614
f 1635 6614 2425
f 1636 1886 3141
f 1636 2566 2635
f 1636 2635 4573
f 1636 3141 5201
f 1636 4573 6149
f 1636 5201 2566
f 1636 6149 1886
f 1638 4797 3322
f 1638 4944 4797
f 1639 6588 3561
f 1640 2793 5663
f 1640 5663 5790
f 1641 4915 5429
f 1641 6042 4915
f 1641 6580 6042
f 1642 2463 4069
f 1642 2702 5243
f 1642 4069 2702
f 1642 5243 1690
f 1643 1688 3188
f 1643 3188 5078
f 1643 5459 1688
f 1643 7187 5459
f 1644 3283 4685
f 1644 3305 5486
f 1644 4685 4798
f 1644 4798 3305
f 1644 5354 3283
f 1644 5486 5354
f 1645 2667 4103
f 1645 3099 2667
f 1645 3554 5926
f 1645 4103 3554
f 1646 2655 6968
f 1646 3311 2655
f 1646 3982 3311
f 1646 6925 3982
f 1646 6968 6925
f 1647 1950 1896
f 1647 6671 1950
f 1648 2557 5651
f 1648 3611 4999
f 1648 4999 2557
f 1648 5651 3611
f 1649 3105 4969
f 1649 4969 6651
f 1649 6651 4718
f 1650 4350 3147
f 1651 2474 5024
f 1651 3657 5051
f 1651 5024 5118
f 1651 5051 5879
f 1651 5879 2474
f 1652 1785 4724
f 1652 3983 5688
f 1652 4724 5428
f 1652 5428 3983
f 1652 5688 1785
f 1653 2568 4958
f 1653 4925 2568
f 1653 4958 2443
f 1654 4652 6049
f 1654 5866 6250
f 1654 6049 5866
f 1654 6143 4652
f 1654 6250 6143
f 1655 2091 5507
f 1655 4835 2091
f 1655 5507 6131
f 1655 6131 6820
f 1655 6820 4835
f 1656 2870 6273
f 1656 4557 6683
f 1656 4934 6507
f 1656 5274 6846
f 1656 6273 4557
f 1656 6507 5274
f 1656 6683 4934
f 1656 6846 2870
f 1657 6156 4877
f 1658 2088 3383
f 1658 2179 2088
f 1658 3383 5987
f 1658 3661 4975
f 1658 4975 2179
f 1658 5987 3661
f 1659 3654 5407
f 1659 5407 5374
f 1659 6036 3654
f 1660 3165 6779
f 1660 4029 3165
f 1660 5546 6694
f 1660 6694 4029
f 1660 6779 5546
f 1661 2216 5861
f 1661 5861 6804
f 1661 6804 2216
f 1662 2349 4847
f 1662 4847 6031
f 1663 2005 5761
f 1663 2084 2005
f 1663 2219 2084
f 1663 3232 2219
f 1663 5761 5783
f 1663 5783 3232
f 1664 3084 5516
f 1664 5516 2336
f 1665 1780 6151
f 1665 2120 3775
f 1665 3775 4778
f 1665 4778 1780
f 1665 6151 2120
f 1666 3834 4238
f 1666 4238 4841
f 1666 4841 5677
f 1666 5677 6668
f 1666 6668 3834
f 1668 2424 5314
f 1668 2557 3431
f 1668 2828 6810
f 1668 3431 2424
f 1668 3616 2557
f 1668 5314 2828
f 1668 6810 3616
f 1669 6007 6030
f 1670 3643 6050
f 1670 5055 3643
f 1670 5776 4501
f 1670 6050 5776
f 1671 2429 5464
f 1671 2607 4856
f 1671 3280 3394
f 1671 3394 2429
f 1671 4856 3280
f 1671 5464 2607
f 1672 2204 4093
f 1672 2933 6978
f 1672 3280 2933
f 1672 3394 3280
f 1672 4093 3394
f 1672 6978 2204
f 1673 3140 6948
f 1673 6412 4950
f 1673 6948 6412
f 1674 3163 4240
f 1674 3991 3163
f 1674 4240 5396
f 1674 5396 7046
f 1674 7046 3991
f 1675 1713 3200
f 1675 3200 6218
f 1675 3701 5984
f 1675 5984 1713
f 1675 6218 3701
f 1676 3910 4869
f 1676 4692 2295
f 1676 4869 4692
f 1677 2061 4620
f 1677 2932 2061
f 1677 4620 5755
f 1677 5755 7022
f 1677 6983 2932
f 1677 7022 6983
f 1678 2233 3857
f 1678 3857 7117
f 1678 4446 6197
f 1678 6197 2233
f 1678 7117 3786
f 1679 6531 4121
f 1680 2623 2195
f 1680 2850 3549
f 1680 3549 2623
f 1680 3629 2850
f 1681 2118 4152
f 1681 4152 4224
f 1681 5811 6604
f 1681 6604 2118
f 1682 2098 5990
f 1682 3682 2098
f 1682 3924 3682
f 1682 4246 3924
f 1682 5990 4246
f 1683 1853 3685
f 1683 3685 5959
f 1683 5157 5780
f 1683 5959 5157
f 1684 2658 5712
f 1684 5804 6014
f 1684 6014 2658
f 1684 6699 5804
f 1685 2056 5845
f 1685 5845 5941
f 1685 7090 2056
f 1686 2969 5839
f 1686 3319 7163
f 1686 3345 3319
f 1686 4175 3345
f 1686 5839 4175
f 1686 7163 2969
f 1687 2461 4680
f 1687 4688 5351
f 1687 4852 4688
f 1688 3518 6408
f 1688 5459 3518
f 1688 5524 3188
f 1689 4015 3782
f 1689 5981 4015
f 1690 6047 2845
f 1691 2690 3755
f 1691 3755 5229
f 1691 5229 5413
f 1692 2770 4868
f 1692 4260 2770
f 1692 4868 6142
f 1692 6142 2709
f 1693 1760 6007
f 1693 2445 1760
f 1693 5311 2445
f 1694 5166 6829
f 1694 5925 5166
f 1694 6829 5368
f 1695 1767 3931
f 1695 2067 4999
f 1695 3931 2067
f 1695 4999 3611
f 1695 6040 1767
f 1696 1759 6167
f 1697 3130 3375
f 1697 3191 3221
f 1697 3221 3130
f 1697 4235 3191
f 1698 2496 3850
f 1698 3850 4567
f 1698 4011 7081
f 1698 4492 2496
f 1698 4567 4011
f 1698 7081 4492
f 1699 3443 5735
f 1699 5735 6823
f 1699 6823 6396
f 1700 2970 6384
f 1700 6384 6953
f 1700 6953 5521
f 1701 4126 5162
f 1701 5162 5690
f 1702 4320 1757
f 1702 6547 4320
f 1703 4523 2973
f 1704 2025 4555
f 1704 4555 4455
f 1705 4516 5096
f 1705 5096 6665
f 1705 6665 1762
f 1706 3152 3303
f 1707 1871 4991
f 1707 2761 1871
f 1707 4991 6585
f 1708 5225 6700
f 1708 5328 5225
f 1708 6342 5328
f 1709 2605 3072
f 1710 3262 1766
f 1710 4748 3262
f 1711 2550 3986
f 1711 2848 2550
f 1711 6191 2848
f 1712 1873 5294
f 1712 3531 4961
f 1712 4317 1873
f 1712 4961 4317
f 1712 5294 3531
f 1713 5533 6117
f 1713 5984 5533
f 1714 3509 4039
f 1714 4039 6612
f 1715 2267 6696
f 1715 4956 7197
f 1715 6696 4956
f 1715 7197 1732
f 1716 1756 3625
f 1716 3625 5719
f 1716 3956 1756
f 1716 4438 3956
f 1716 5719 4438
f 1717 3659 6480
f 1717 4022 6642
f 1717 6368 3659
f 1717 6480 4022
f 1717 6642 6368
f 1718 3382 6081
f 1718 3849 6562
f 1718 3889 3382
f 1718 6081 3849
f 1718 6562 3889
f 1719 2040 4992
f 1719 2128 4672
f 1719 3599 2040
f 1719 4672 3599
f 1720 3358 4120
f 1720 4849 5310
f 1720 5310 3358
f 1721 3791 5970
f 1721 5896 6050
f 1721 5970 5896
f 1721 6050 3791
f 1722 3586 4267
f 1722 4267 5016
f 1722 4536 3586
f 1722 5016 4536
f 1723 1801 4009
f 1723 2717 1801
f 1723 3686 3805
f 1723 3805 2717
f 1723 4009 3686
f 1724 4396 5855
f 1724 5855 6765
f 1724 5996 4396
f 1724 6765 7145
f 1724 7145 5996
f 1725 4978 3646
f 1725 5986 6148
f 1725 6148 4978
f 1726 3083 4866
f 1726 6279 3083
f 1727 1794 3975
f 1727 3975 7019
f 1727 4338 1794
f 1727 6737 4338
f 1727 7019 6737
f 1728 1795 1838
f 1728 1838 4474
f 1728 3862 1795
f 1728 5130 3862
f 1729 2299 3796
f 1729 3796 2736
f 1730 3926 2262
f 1731 5299 6637
f 1731 6637 6570
f 1732 5846 2016
f 1732 7197 2959
f 1733 2045 3517
f 1733 3517 5732
f 1733 5732 2154
f 1734 3011 4989
f 1734 4989 5629
f 1734 5629 6580
f 1735 5844 6881
f 1736 2839 5824
f 1736 3721 2839
f 1737 2613 6639
f 1737 3149 4189
f 1737 3694 2613
f 1737 4189 4832
f 1737 4832 3694
f 1737 6639 3149
f 1738 3236 3343
f 1738 3343 4219
f 1738 4219 4087
f 1738 6363 3236
f 1739 2491 5021
f 1739 3434 2491
f 1739 5021 6302
f 1739 6302 2644
f 1740 4209 6256
f 1740 5805 4209
f 1741 3573 4192
f 1741 4192 5635
f 1741 5089 6044
f 1741 5635 5089
f 1741 6044 3573
f 1742 1798 7147
f 1742 3369 3471
f 1742 3375 5765
f 1742 3471 6803
f 1742 5765 3369
f 1742 6803 1798
f 1742 7147 7003
f 1743 3833 4888
f 1743 5169 3833
f 1744 4694 3260
f 1745 3545 5271
f 1745 4718 6651
f 1745 5271 4718
f 1745 6322 3545
f 1745 6651 6322
f 1746 2887 4157
f 1746 3061 2887
f 1746 4157 5440
f 1746 5440 1803
f 1747 2743 5150
f 1747 4071 4144
f 1747 4144 2743
f 1747 5150 6924
f 1747 6924 4071
f 1748 5515 6749
f 1748 6601 4282
f 1748 6749 6601
f 1749 1796 3649
f 1749 2272 1796
f 1749 2355 2272
f 1749 3309 2355
f 1750 4955 6754
f 1750 5922 3302
f 1751 4187 4304
f 1751 6739 6336
f 1752 1848 3915
f 1752 1910 5076
f 1752 3915 5741
f 1752 4537 1848
f 1752 5076 4537
f 1752 5741 1910
f 1753 1800 7102
f 1753 4140 1800
f 1753 4857 5917
f 1753 5917 4140
f 1753 7102 2405
f 1754 2815 6868
f 1754 5129 6337
f 1754 6337 7025
f 1754 6868 7170
f 1754 6993 2815
f 1754 7025 6993
f 1754 7170 5129
f 1755 6536 6967
f 1756 1805 6281
f 1756 3956 1805
f 1756 6281 3625
f 1757 4313 4430
f 1757 4320 4313
f 1757 4430 4947
f 1758 5498 7132
f 1758 6950 5498
f 1758 7132 5337
f 1759 6791 6167
f 1760 2445 3925
f 1760 3925 4014
f 1760 4014 6007
f 1761 5401 5822
f 1761 5822 6154
f 1761 6154 6416
f 1762 6665 4683
f 1763 1799 6711
f 1763 3576 5348
f 1763 3622 3576
f 1763 5348 1799
f 1763 6711 3622
f 1764 3681 5939
f 1764 4757 6748
f 1764 5865 4757
f 1764 5934 3681
f 1764 5939 5865
f 1764 6748 6854
f 1764 6854 5934
f 1765 4145 6355
f 1765 7143 4145
f 1766 2928 6203
f 1766 3262 6521
f 1766 6521 2928
f 1768 3186 3370
f 1768 4693 5436
f 1768 5436 3186
f 1769 3021 3972
f 1769 3090 3021
f 1769 4701 3090
f 1769 5641 4701
f 1770 3044 5816
f 1770 5816 3971
f 1770 6508 3044
f 1771 2238 2315
f 1771 2315 4561
f 1771 2533 3052
f 1771 3052 6362
f 1771 4561 2533
f 1771 5058 2238
f 1771 6362 5058
f 1772 2587 3638
f 1772 3299 5222
f 1772 5222 2587
f 1773 2542 2701
f 1773 2701 6906
f 1773 4464 6817
f 1773 5572 4464
f 1773 6817 2542
f 1773 6906 5572
f 1774 2381 4406
f 1774 2993 5173
f 1774 4406 5130
f 1774 5173 2381
f 1775 2526 4897
f 1775 3825 4642
f 1775 3869 2526
f 1775 4642 6062
f 1775 4897 3825
f 1775 6062 3869
f 1776 1835 7032
f 1776 2055 2811
f 1776 2811 1835
f 1777 4794 4892
f 1777 4892 6420
f 1777 5221 4794
f 1778 4180 4599
f 1778 4230 7148
f 1778 4599 4230
f 1778 7148 7053
f 1779 1922 6582
f 1779 2410 3545
f 1779 3545 6322
f 1779 4345 1922
f 1779 6322 4345
f 1779 6582 2410
f 1780 2531 2873
f 1780 2873 6151
f 1780 4778 5560
f 1781 3652 5361
f 1781 4177 6843
f 1781 4885 4177
f 1781 5361 4885
f 1781 6843 3652
f 1782 3148 4086
f 1782 3720 4984
f 1782 4086 3720
f 1782 4984 6503
f 1782 6503 3148
f 1783 1834 6257
f 1783 2028 5426
f 1783 2089 4232
f 1783 4232 2028
f 1783 5426 1834
f 1783 6257 2089
f 1784 3688 6563
f 1784 5331 5210
f 1784 6563 5331
f 1785 3866 6457
f 1785 5688 3866
f 1785 6457 4724
f 1786 3577 6267
f 1786 5070 5788
f 1786 6267 5070
f 1787 3267 4251
f 1787 4251 6608
f 1787 4879 3267
f 1787 6608 7106
f 1787 7106 4879
f 1788 4785 5125
f 1788 5125 6924
f 1788 6924 5577
f 1789 1840 5484
f 1789 3559 5235
f 1789 4520 3559
f 1789 5235 1840
f 1789 5484 4520
f 1790 2939 3785
f 1790 6868 2939
f 1790 7170 6868
f 1791 3615 2706
f 1791 4377 3615
f 1792 3897 4216
f 1792 5064 7095
f 1792 7095 3897
f 1793 4434 2458
f 1793 5283 6348
f 1793 6348 4434
f 1794 3428 3776
f 1794 3776 3975
f 1794 4283 3428
f 1794 4338 4283
f 1795 3862 6439
f 1795 6205 1838
f 1795 6317 6205
f 1795 6439 6317
f 1796 2272 4556
f 1796 4000 4671
f 1796 4556 4000
f 1796 4671 3649
f 1797 3030 6152
f 1797 3991 7046
f 1797 6152 5430
f 1797 6763 3991
f 1797 7046 3030
f 1798 4227 7147
f 1798 6803 7010
f 1798 7010 4227
f 1800 4140 6179
f 1800 5268 7102
f 1800 6179 5268
f 1801 5100 6874
f 1801 6874 4009
f 1802 3063 6356
f 1802 5204 5913
f 1802 5913 3063
f 1803 5440 3706
f 1804 2989 6308
f 1804 3624 6768
f 1804 6122 3624
f 1804 6308 6406
f 1804 6406 6122
f 1804 6768 2989
f 1805 3388 6281
f 1805 3956 4353
f 1805 4353 6471
f 1805 6471 3388
f 1806 3091 6959
f 1806 4341 3091
f 1806 6959 2938
f 1807 3374 4994
f 1807 4593 3374
f 1807 4994 6737
f 1808 2584 5384
f 1808 4275 2584
f 1808 5256 4275
f 1808 5384 3268
f 1809 5951 6784
f 1809 6784 5480
f 1810 4669 3425
f 1810 6352 6506
f 1810 6506 4669
f 1811 2894 6219
f 1811 5117 2894
f 1811 6219 5117
f 1812 3564 6225
f 1812 5241 6947
f 1812 5431 5241
f 1812 6947 3564
f 1813 2248 2346
f 1813 4747 7094
f 1813 7094 2248
f 1814 2709 5540
f 1814 5540 5639
f 1814 5639 5723
f 1815 4045 5218
f 1815 5218 7066
f 1815 5442 4045
f 1815 6426 3001
f 1815 7066 6426
f 1816 4490 1841
f 1816 4936 5113
f 1816 5024 4936
f 1816 5113 4490
f 1817 2331 4109
f 1817 3291 2331
f 1817 4109 5699
f 1818 2962 4482
f 1818 3102 2962
f 1818 4482 6754
f 1818 4955 3102
f 1818 6754 4955
f 1819 5518 6184
f 1820 2774 4301
f 1820 3704 2774
f 1821 6459 6897
f 1821 6897 7184
f 1822 3758 5473
f 1822 6176 3758
f 1823 3109 4541
f 1823 4489 6982
f 1823 4541 4489
f 1823 4611 3109
f 1823 6982 7111
f 1823 7111 4611
f 1824 4257 5277
f 1824 5277 5411
f 1824 5411 6154
f 1824 5822 4257
f 1824 6154 5822
f 1825 5098 6443
f 1826 2023 4647
f 1826 3903 2023
f 1826 6492 3903
f 1827 5735 5707
f 1827 6823 5735
f 1828 4184 6597
f 1828 4314 2382
f 1828 4471 4184
f 1828 6597 4314
f 1829 1851 2337
f 1829 2286 1851
f 1829 2337 3349
f 1829 2538 2286
f 1829 3349 5685
f 1829 5685 2538
f 1830 3064 4838
f 1830 4714 7032
f 1830 4838 6733
f 1830 6733 4714
f 1830 7032 3064
f 1831 2992 6217
f 1831 4528 2992
f 1832 2242 4044
f 1832 2322 5647
f 1832 4291 2322
f 1832 5647 6634
f 1832 6634 2242
f 1833 4670 5595
f 1833 5595 6263
f 1834 4113 5908
f 1834 5426 4113
f 1834 5908 6257
f 1835 2501 3064
f 1835 2811 2501
f 1835 3064 7032
f 1836 1881 2854
f 1836 4330 1881
f 1836 6577 4330
f 1837 3824 4590
f 1837 4439 6207
f 1837 4491 6407
f 1837 4590 4491
f 1837 6207 3824
f 1837 6407 4439
f 1838 5621 4474
f 1838 6205 6664
f 1838 6664 5621
f 1839 5350 4528
f 1839 5737 5350
f 1840 5235 4821
f 1842 2428 3546
f 1842 2491 2428
f 1842 3546 6255
f 1842 6255 5963
f 1843 2905 4570
f 1843 4570 7021
f 1843 5263 2905
f 1843 7021 7149
f 1843 7149 5263
f 1844 2080 5493
f 1844 5493 6423
f 1844 6206 2080
f 1844 6423 6206
f 1845 2253 3550
f 1845 3417 2253
f 1845 3550 2467
f 1846 1880 2978
f 1846 2978 5309
f 1846 3306 1880
f 1846 5309 5383
f 1846 5383 3306
f 1847 3636 6076
f 1847 3831 3636
f 1847 5269 6064
f 1847 6064 3831
f 1848 3496 3580
f 1848 3580 3915
f 1848 4537 3496
f 1849 2573 2752
f 1849 2752 6387
f 1849 3806 2573
f 1849 4734 3806
f 1849 6387 4734
f 1850 3459 6201
f 1850 4040 3459
f 1850 6201 4155
f 1851 2286 5253
f 1851 3223 4964
f 1851 4964 2337
f 1851 5253 6986
f 1851 6986 3223
f 1852 2220 6470
f 1852 2312 2220
f 1852 3576 2312
f 1852 5348 3576
f 1852 6470 5348
f 1853 2630 4582
f 1853 4448 3685
f 1853 4582 4448
f 1854 1917 3736
f 1854 3614 5953
f 1854 3736 3614
f 1854 7028 1917
f 1855 6649 4026
f 1856 2228 6714
f 1856 4828 2228
f 1856 6073 1940
f 1856 6714 6073
f 1857 4000 4556
f 1857 4556 2814
f 1857 6745 4000
f 1858 1916 1954
f 1858 1954 6973
f 1858 5356 1916
f 1858 6973 5356
f 1859 1914 5636
f 1859 3435 1914
f 1859 5636 5105
f 1860 3755 6060
f 1860 5229 3755
f 1860 5249 5402
f 1860 5402 5229
f 1860 6060 5249
f 1861 1913 5425
f 1861 5425 6744
f 1862 1909 7134
f 1862 4193 6920
f 1862 5264 1909
f 1862 6920 5264
f 1862 7134 2001
f 1863 3086 6039
f 1863 4037 3086
f 1863 4553 4712
f 1863 4712 4037
f 1863 6039 4553
f 1864 2398 6364
f 1864 2440 2398
f 1864 4789 6915
f 1864 6364 4789
f 1864 6915 2440
f 1865 4612 4626
f 1865 4626 5907
f 1865 5907 7056
f 1865 7056 5602
f 1866 3800 6878
f 1866 5813 6054
f 1866 6054 3800
f 1867 5847 5343
f 1868 2068 6997
f 1868 6997 5267
f 1869 2675 3404
f 1869 2866 2675
f 1869 3318 4787
f 1869 3404 3318
f 1869 4452 2866
f 1869 4787 4452
f 1870 4414 4242
f 1870 5948 6960
f 1870 6960 4414
f 1871 2422 4869
f 1871 2761 2422
f 1871 3910 4991
f 1871 4869 3910
f 1872 3804 5618
f 1872 3955 3804
f 1872 5618 5874
f 1872 5874 6488
f 1872 6488 5017
f 1873 2193 5069
f 1873 3409 5294
f 1873 4317 2193
f 1873 5069 3409
f 1874 2750 2798
f 1874 2798 5124
f 1874 5124 6674
f 1874 6674 6723
f 1874 6723 2750
f 1875 3161 5522
f 1875 4687 4771
f 1875 4771 3161
f 1875 4812 4687
f 1875 5522 4812
f 1876 5289 2725
f 1877 4626 4899
f 1877 5907 4626
f 1877 6156 5907
f 1878 1908 5705
f 1878 4859 1908
f 1878 5705 6389
f 1878 6389 4214
f 1879 1911 2974
f 1879 2862 7181
f 1879 3245 1911
f 1879 7181 3245
f 1880 3306 7201
f 1880 7201 2978
f 1881 4330 5835
f 1881 4470 2854
f 1882 4630 2199
f 1882 5015 5341
f 1882 5341 4630
f 1883 3258 5362
f 1885 3597 3670
f 1885 3670 3730
f 1885 3730 4829
f 1885 4829 6124
f 1886 4560 4638
f 1886 4638 3141
f 1886 6149 4560
f 1887 2645 4138
f 1887 4138 6899
f 1887 4679 2645
f 1887 6446 4679
f 1887 6899 6446
f 1888 3278 5898
f 1888 4785 6430
f 1888 5898 6025
f 1888 6025 4785
f 1888 6430 3278
f 1889 3259 6290
f 1889 6290 4018
f 1890 2682 3400
f 1890 3400 4606
f 1890 4606 3601
f 1890 5695 2682
f 1891 2485 3012
f 1891 2532 5099
f 1891 3012 4296
f 1891 4296 6460
f 1891 5099 2485
f 1891 6460 2532
f 1892 3159 4784
f 1892 3321 3611
f 1892 3611 5651
f 1892 3929 3321
f 1892 4784 3929
f 1892 5651 3159
f 1893 4710 5666
f 1893 4996 5775
f 1894 4324 5434
f 1894 5434 6863
f 1894 5683 4324
f 1894 6863 5683
f 1895 2328 6133
f 1895 3073 5738
f 1895 4264 2328
f 1895 5738 4264
f 1895 6133 3073
f 1896 1950 6188
f 1897 3746 5686
f 1897 5686 5261
f 1898 3231 5871
f 1898 5871 4056
f 1899 5298 5410
f 1899 5410 3891
f 1899 5834 5933
f 1899 5933 5298
f 1900 3257 5006
f 1900 4231 6891
f 1900 5006 4231
f 1900 6891 6304
f 1901 3628 6522
f 1901 5047 3628
f 1901 5359 3569
f 1901 6522 5359
f 1902 1910 5741
f 1902 2684 4845
f 1902 4845 4889
f 1902 4889 1910
f 1902 5741 6594
f 1902 6594 2684
f 1903 2670 3317
f 1903 3317 5969
f 1903 5700 6232
f 1903 5969 5700
f 1903 6232 2670
f 1904 5279 6675
f 1904 6675 4953
f 1905 3680 5433
f 1905 4349 4489
f 1905 4489 3727
f 1905 5433 4349
f 1906 2050 6969
f 1906 5699 6539
f 1906 6539 7099
f 1906 6969 7087
f 1906 7087 5699
f 1906 7099 2050
f 1907 1955 5540
f 1907 3315 4398
f 1907 4398 1955
f 1907 5540 6142
f 1907 6142 3315
f 1908 4322 5705
f 1908 4859 5999
f 1908 5999 4322
f 1910 4889 7042
f 1910 7042 5076
f 1911 3206 5770
f 1911 3245 3206
f 1911 5770 2974
f 1912 3859 3879
f 1912 5421 5928
f 1912 5928 3859
f 1912 6370 5421
f 1913 3157 6430
f 1913 6430 5425
f 1914 3192 5636
f 1914 3435 4646
f 1915 4929 5029
f 1915 5029 6254
f 1915 6011 4929
f 1915 6090 6011
f 1915 6254 6404
f 1915 6404 6090
f 1916 5356 6622
f 1916 6622 4372
f 1917 6031 3736
f 1917 6534 6031
f 1917 7028 6534
f 1918 2211 3846
f 1918 3846 5422
f 1918 3898 4201
f 1918 4201 5476
f 1918 5422 3898
f 1918 5476 2211
f 1919 2354 5133
f 1919 3312 3994
f 1919 3994 2354
f 1919 4777 3312
f 1919 5133 4777
f 1920 4134 4603
f 1920 4603 5843
f 1920 5843 6262
f 1921 1944 5171
f 1921 2763 5500
f 1921 5096 1944
f 1921 5171 2763
f 1921 5500 5640
f 1922 4345 4675
f 1922 4675 6582
f 1923 3353 6337
f 1923 3574 4658
f 1923 4658 3353
f 1923 5129 7018
f 1923 6337 5129
f 1923 6870 3574
f 1923 7018 6870
f 1924 3552 4466
f 1924 4466 7073
f 1924 6585 4991
f 1924 7073 6585
f 1925 2371 6579
f 1925 4029 6802
f 1925 4551 4029
f 1925 6579 4551
f 1926 4831 5038
f 1926 4959 4831
f 1927 3385 5575
f 1927 4756 3385
f 1928 5443 6609
f 1928 6609 3964
f 1929 2324 5297
f 1929 3070 6306
f 1929 4023 2324
f 1929 5297 3070
f 1929 5321 4023
f 1929 6306 5321
f 1930 2754 7158
f 1930 3976 2754
f 1930 5228 3976
f 1930 7158 5228
f 1931 2748 7055
f 1931 4117 6208
f 1931 5938 2748
f 1931 6208 5938
f 1931 7055 4117
f 1932 3246 6237
f 1932 3509 3246
f 1932 4039 3509
f 1933 7034 3360
f 1934 3782 4404
f 1934 4404 6472
f 1934 5198 5459
f 1934 5459 7187
f 1934 6472 5198
f 1934 7187 3782
f 1935 2137 6718
f 1935 2633 6928
f 1935 6718 2633
f 1935 6928 6813
f 1936 1994 2607
f 1936 2607 6166
f 1936 2681 5302
f 1936 4601 2681
f 1936 4729 4601
f 1936 5302 1994
f 1936 6166 4729
f 1937 6078 6618
f 1937 6618 6713
f 1938 2182 6112
f 1938 2565 7106
f 1938 6112 2565
f 1938 6608 2182
f 1938 7106 6608
f 1939 1993 6434
f 1939 3657 1993
f 1939 5051 3657
f 1939 6434 6778
f 1939 6778 5051
f 1940 3556 5640
f 1940 4629 3556
f 1940 6073 4629
f 1941 3299 4603
f 1941 4284 5222
f 1941 4603 4284
f 1941 5222 3299
f 1942 6435 4485
f 1943 4402 4589
f 1943 4420 4402
f 1943 6233 4420
f 1944 5096 5747
f 1945 1996 3072
f 1945 3072 4383
f 1945 3292 5820
f 1945 4383 4468
f 1945 4468 3292
f 1945 5820 1996
f 1946 3277 6645
f 1946 3442 4191
f 1946 6645 3442
f 1947 3928 4021
f 1947 4021 5742
f 1948 5082 7104
f 1948 5127 5082
f 1948 6595 5127
f 1948 7104 6595
f 1949 4717 6674
f 1949 5124 3523
f 1949 5718 4717
f 1949 6674 5124
f 1950 5009 6188
f 1950 6671 5009
f 1951 2330 7038
f 1951 5546 2330
f 1951 6694 5546
f 1951 7038 7150
f 1952 4379 5689
f 1952 5499 4379
f 1952 5689 6894
f 1952 6583 5499
f 1953 1999 4754
f 1953 4754 4855
f 1953 4855 5982
f 1953 5589 1999
f 1953 5982 5589
f 1954 3336 5376
f 1954 5376 6973
f 1955 4398 7011
f 1955 5377 5639
f 1955 5639 5540
f 1955 7011 5377
f 1956 1970 3512
f 1956 3512 4213
f 1956 3563 1970
f 1956 4213 3179
f 1957 4786 4281
f 1957 4960 5869
f 1957 5869 4786
f 1958 3595 3777
f 1958 3777 6006
f 1958 4583 6079
f 1958 6006 4583
f 1958 6079 3595
f 1959 5565 4417
f 1959 7016 5565
f 1960 2350 3452
f 1960 2442 6309
f 1960 3452 6811
f 1960 6309 2350
f 1960 6811 2442
f 1961 3175 3420
f 1961 3420 2213
f 1961 5128 6418
f 1961 6418 3175
f 1962 3209 3570
f 1962 3570 5838
f 1962 3940 6390
f 1962 4153 3209
f 1962 5838 3940
f 1962 6390 4153
f 1963 3189 5581
f 1963 5581 5852
f 1963 5852 2581
f 1964 2017 6650
f 1964 2540 4634
f 1964 4634 2017
f 1964 6650 7063
f 1964 7063 2540
f 1965 4197 4790
f 1965 4790 5506
f 1965 5358 6648
f 1965 5506 5358
f 1965 6648 4197
f 1966 3083 5916
f 1966 3255 5988
f 1966 4866 3083
f 1966 5916 3255
f 1966 5988 6100
f 1966 6100 4866
f 1967 3496 4537
f 1967 4537 5843
f 1967 4603 3299
f 1967 5378 3496
f 1967 5843 4603
f 1968 3778 5762
f 1968 5762 6987
f 1969 4288 4839
f 1969 4839 6215
f 1969 5756 4288
f 1969 6215 6324
f 1969 6324 6336
f 1969 6336 5756
f 1970 3563 6702
f 1970 5207 3512
f 1971 5726 6689
f 1971 6123 5726
f 1971 6689 4519
f 1972 3544 5192
f 1972 3768 3345
f 1972 5192 3768
f 1973 5229 5402
f 1973 5332 5229
f 1974 3077 4977
f 1974 3376 4945
f 1974 3955 3077
f 1974 4605 3376
f 1974 4719 4605
f 1974 4977 4719
f 1975 2539 6038
f 1975 3018 5444
f 1975 3729 2539
f 1975 4167 4954
f 1975 4954 3018
f 1975 5444 3729
f 1975 6038 4167
f 1976 3027 5531
f 1976 3412 5232
f 1976 5232 5334
f 1976 5334 3027
f 1976 5531 3412
f 1977 3558 6913
f 1977 3716 6916
f 1977 6055 3558
f 1977 6916 6055
f 1978 3381 6093
f 1978 5466 3381
f 1978 6093 7074
f 1978 6376 5466
f 1979 3534 3660
f 1979 6301 3534
f 1979 6991 6301
f 1980 3555 6697
f 1980 3930 6275
f 1980 5791 3555
f 1980 5946 3930
f 1980 6275 5791
f 1980 6697 5946
f 1981 5444 5649
f 1981 5649 6619
f 1982 3578 3422
f 1982 5053 6500
f 1983 2599 5483
f 1983 4524 2599
f 1983 4688 4524
f 1984 2468 4101
f 1984 3531 2468
f 1984 4101 5046
f 1984 4961 3531
f 1985 3538 6976
f 1985 4681 3538
f 1985 6519 4681
f 1985 6976 4252
f 1986 4392 4905
f 1986 4905 5616
f 1986 5616 6482
f 1986 6482 2241
f 1987 5380 4515
f 1988 2393 2437
f 1988 2437 4805
f 1988 2633 5231
f 1988 4805 6928
f 1988 5231 5409
f 1988 5409 2393
f 1988 6928 2633
f 1989 3834 6864
f 1989 3923 4450
f 1989 4450 3834
f 1989 6864 3923
f 1990 2251 3356
f 1991 2996 6789
f 1991 5102 2996
f 1991 5184 5102
f 1991 6789 7177
f 1991 7177 5184
f 1992 2327 6487
f 1992 3378 5070
f 1992 5070 2327
f 1992 6487 3378
f 1993 3529 4055
f 1993 3657 3529
f 1993 4055 6635
f 1993 6635 6434
f 1994 2054 4075
f 1994 4856 2607
f 1994 5302 2054
f 1995 3949 7131
f 1995 5398 6660
f 1995 6660 3949
f 1995 6773 5398
f 1995 7131 6773
f 1996 5820 5944
f 1996 5944 3192
f 1997 3259 5298
f 1997 4248 6741
f 1997 5298 4248
f 1998 4640 6644
f 1998 4990 4640
f 1998 6397 4990
f 1999 2035 4754
f 2000 5210 6492
f 2002 4624 5565
f 2002 5565 2727
f 2003 5358 6624
f 2004 3402 4773
f 2004 4448 4582
f 2004 4582 3402
f 2004 4773 6069
f 2004 6069 4448
f 2005 2084 6698
f 2006 2126 4548
f 2006 3977 2076
f 2006 4548 3977
f 2007 2081 3144
f 2007 3144 6239
f 2007 6091 6343
f 2007 6239 6091
f 2008 5891 5811
f 2009 2528 3365
f 2009 3365 6940
f 2009 4410 2528
f 2009 6074 4410
f 2009 6940 4206
f 2010 3239 6475
f 2010 4277 3239
f 2010 4623 4277
f 2010 5680 2626
f 2010 6475 5680
f 2011 3831 6064
f 2011 5048 6216
f 2011 6064 5048
f 2012 2080 5542
f 2012 5366 5493
f 2012 5493 2080
f 2012 5542 6473
f 2012 6473 5366
f 2013 5113 6372
f 2013 6372 2281
f 2014 3400 3330
f 2014 3760 4606
f 2014 4467 3760
f 2014 4606 3400
f 2015 5433 5894
f 2015 5894 6456
f 2015 6456 3410
f 2017 6529 5332
f 2018 3766 6643
f 2018 6279 3766
f 2018 6643 2605
f 2019 2511 6469
f 2019 5889 2511
f 2019 6469 5278
f 2020 2134 5026
f 2020 2353 4872
f 2020 2577 2134
f 2020 4077 2353
f 2020 4872 2577
f 2020 5026 4077
f 2021 3089 7168
f 2021 6048 6566
f 2021 7168 6048
f 2022 3459 5955
f 2022 4310 6201
f 2022 5955 4360
f 2022 6201 3459
f 2023 6023 4647
f 2023 6787 6023
f 2024 2079 5145
f 2024 5150 2079
f 2024 5577 5150
f 2024 5645 5577
f 2025 3343 4555
f 2025 5871 3231
f 2026 5624 6359
f 2026 6359 3073
f 2027 3425 4087
f 2027 4087 4219
f 2027 4219 3231
f 2028 2083 5426
f 2028 3978 2083
f 2028 4232 3978
f 2030 5045 6169
f 2030 6169 6249
f 2030 6613 5045
f 2031 2386 2441
f 2031 2441 2494
f 2032 5138 6587
f 2032 5251 6177
f 2032 6177 6709
f 2032 6587 5251
f 2032 6709 5138
f 2033 2841 5745
f 2033 4848 6550
f 2033 5745 4848
f 2033 6550 2841
f 2034 3475 7128
f 2034 5227 3475
f 2034 5720 5227
f 2035 4953 4754
f 2036 6334 7041
f 2036 7041 7159
f 2036 7159 3618
f 2037 4127 6307
f 2037 5536 4127
f 2037 6307 6398
f 2037 6398 5536
f 2038 4509 6483
f 2038 6483 5195
f 2039 3033 3805
f 2039 3686 7175
f 2039 3805 3686
f 2039 7175 3033
f 2040 3082 4992
f 2040 3599 3476
f 2041 2919 6876
f 2041 5832 6915
f 2041 6876 3999
f 2041 6915 2919
f 2042 2503 4247
f 2042 3953 2503
f 2042 4036 6942
f 2042 4247 4036
f 2042 4436 3953
f 2042 6942 4436
f 2043 5506 6433
f 2043 6624 5506
f 2043 6809 6624
f 2044 4181 5612
f 2044 4661 6280
f 2044 5612 2659
f 2044 6280 4181
f 2044 6518 4661
f 2046 3412 5806
f 2046 3640 6499
f 2046 5642 3412
f 2046 5806 3640
f 2046 6499 5642
f 2047 2129 5148
f 2047 2566 4898
f 2047 2582 2129
f 2047 2635 2566
f 2047 4898 2582
f 2048 5420 6481
f 2048 6481 7096
f 2048 7096 5860
f 2049 4311 4423
f 2049 4423 6994
f 2049 6164 4311
f 2049 6422 6164
f 2049 6994 6422
f 2050 3012 5919
f 2050 5919 6969
f 2050 7099 3012
f 2051 2347 4908
f 2051 3642 5850
f 2051 4575 2347
f 2051 4908 3642
f 2051 5850 6821
f 2051 6821 4575
f 2052 3552 5087
f 2052 4466 3552
f 2052 6682 4466
f 2053 2243 4536
f 2053 4536 5016
f 2053 5016 3212
f 2053 6124 2243
f 2054 4535 4075
f 2054 5302 6560
f 2054 6560 4535
f 2055 3268 5384
f 2055 3399 3268
f 2055 5384 2811
f 2056 3053 5845
f 2056 5074 5370
f 2056 5370 5491
f 2056 5491 3053
f 2056 7090 5074
f 2057 5336 5093
f 2057 5974 6107
f 2057 6107 5336
f 2058 2574 6387
f 2058 4217 3494
f 2058 5199 2574
f 2058 7192 4217
f 2059 2881 3255
f 2059 3255 5916
f 2059 4646 5339
f 2059 5339 2881
f 2060 2319 2598
f 2060 2537 5962
f 2060 2598 6724
f 2060 3810 2537
f 2060 5962 2319
f 2060 6724 3810
f 2061 2932 4163
f 2061 4163 4303
f 2061 4303 4728
f 2061 4728 4620
f 2062 3439 4860
f 2062 4860 3200
f 2062 6117 6238
f 2062 6238 3439
f 2063 2842 4425
f 2063 4322 5999
f 2063 4425 4322
f 2063 5318 2842
f 2064 2668 2758
f 2064 2758 3406
f 2064 3234 4367
f 2064 3406 3234
f 2065 3571 6616
f 2065 3718 3571
f 2065 6616 3023
f 2066 5292 5613
f 2066 5613 6615
f 2067 3931 5242
f 2068 5975 6997
f 2069 2176 5870
f 2069 4062 6690
f 2069 6690 2176
f 2070 2133 5423
f 2070 3840 6725
f 2070 3987 4393
f 2070 5423 3987
f 2070 6725 2133
f 2071 5194 6669
f 2071 5219 3435
f 2071 6669 5219
f 2072 2124 3537
f 2072 3537 6222
f 2072 4643 5063
f 2072 5063 2124
f 2073 3779 3866
f 2073 5974 6528
f 2073 6107 5974
f 2073 6528 3779
f 2074 2748 5938
f 2074 5823 5098
f 2074 5938 5823
f 2075 2127 4854
f 2075 2341 4205
f 2075 4205 2127
f 2075 4854 6194
f 2075 6194 2341
f 2076 3449 2916
f 2076 3977 3449
f 2077 4321 6006
f 2077 6006 3777
f 2078 3880 6743
f 2078 5187 3880
f 2078 5915 5187
f 2079 2978 5181
f 2079 3372 5145
f 2079 5150 5921
f 2079 5181 3372
f 2079 5309 2978
f 2079 5921 5309
f 2080 6206 4820
f 2081 4046 5259
f 2081 5259 3144
f 2082 2130 6676
f 2082 2362 5255
f 2082 3872 2362
f 2082 4943 3872
f 2082 5255 2130
f 2082 6676 4943
f 2083 3978 7079
f 2083 5952 5426
f 2083 7079 5952
f 2084 2219 6891
f 2084 5371 6698
f 2084 6891 5371
f 2085 2889 6030
f 2085 5704 2889
f 2085 5918 5704
f 2086 4017 4987
f 2087 3138 5094
f 2087 4876 5289
f 2087 5094 4876
f 2087 5289 7088
f 2087 7088 3138
f 2088 2179 3442
f 2088 3442 5276
f 2088 5276 3383
f 2089 2488 3351
f 2089 3351 6048
f 2089 6048 4232
f 2089 6257 2488
f 2090 2484 4053
f 2090 4053 5539
f 2090 5539 6881
f 2090 6881 5844
f 2092 2973 3396
f 2092 3396 2986
f 2093 3685 6949
f 2093 5959 3685
f 2093 6224 6904
f 2093 6904 5959
f 2095 2652 7202
f 2095 4855 4959
f 2096 3103 5634
f 2096 3981 4530
f 2096 4530 3103
f 2096 5548 6378
f 2096 5634 5548
f 2096 6378 3981
f 2097 3724 3837
f 2097 3837 6944
f 2097 4085 7050
f 2097 6944 4085
f 2097 7050 3724
f 2098 5470 5990
f 2099 2175 4644
f 2099 3447 2175
f 2099 4644 4927
f 2099 4927 5033
f 2099 5033 3447
f 2100 2178 5224
f 2100 3901 2178
f 2100 5224 6067
f 2100 6067 6202
f 2100 6202 3901
f 2101 2180 3433
f 2101 3433 7107
f 2101 3936 3850
f 2101 4918 3936
f 2101 7107 4918
f 2102 2830 2926
f 2102 2926 4917
f 2102 3632 2830
f 2102 4917 3632
f 2103 2619 6276
f 2103 5521 6953
f 2103 6276 2421
f 2103 6953 2619
f 2104 2303 2177
f 2104 3988 4529
f 2104 4904 3988
f 2105 2916 3449
f 2105 3449 3892
f 2105 3892 5978
f 2105 5200 2916
f 2105 5978 5200
f 2106 2622 7156
f 2106 6361 3488
f 2106 7156 6361
f 2107 4082 5575
f 2107 4770 4082
f 2107 5236 4770
f 2107 5468 5236
f 2107 5575 5468
f 2108 3763 5583
f 2108 5583 6369
f 2108 6369 5453
f 2109 3937 4979
f 2109 3991 4476
f 2109 4476 3937
f 2109 4979 6600
f 2109 6600 3991
f 2110 3418 4510
f 2110 4846 5694
f 2110 5694 3418
f 2110 6109 6240
f 2110 6240 4846
f 2111 3482 4415
f 2111 4415 6516
f 2111 6516 6314
f 2112 3466 6704
f 2112 3829 3466
f 2112 6317 6439
f 2112 6402 6317
f 2112 6439 3829
f 2112 6704 6402
f 2113 2174 6294
f 2113 5072 6419
f 2113 6419 2174
f 2114 6132 4081
f 2114 6770 3789
f 2115 4334 2252
f 2115 5935 4334
f 2115 6014 5935
f 2115 7100 6014
f 2116 6059 4563
f 2117 4512 2173
f 2117 5146 5950
f 2117 5950 4512
f 2118 3320 7059
f 2118 6604 3320
f 2118 7059 4152
f 2119 2253 3417
f 2119 6136 2253
f 2119 6173 6136
f 2120 2131 3868
f 2120 3868 3775
f 2121 2920 5681
f 2121 5681 6274
f 2121 6274 3039
f 2121 6819 2920
f 2122 2690 5928
f 2122 3628 6590
f 2122 3870 2690
f 2122 5421 3628
f 2122 5928 5421
f 2122 6590 3870
f 2123 3368 6532
f 2123 3690 6012
f 2123 6012 3368
f 2123 6532 4432
f 2124 3603 3537
f 2124 5063 6715
f 2124 6715 3346
f 2125 2222 5193
f 2125 3338 4670
f 2125 4670 4744
f 2125 4744 2222
f 2125 5193 6510
f 2125 5388 3338
f 2125 6510 5388
f 2126 3451 4548
f 2126 5167 3451
f 2127 2794 4854
f 2127 3542 2794
f 2128 6575 7014
f 2128 7014 4672
f 2129 2582 5814
f 2129 2755 5148
f 2129 5814 2755
f 2130 4649 4569
f 2130 5255 4649
f 2131 4124 6289
f 2131 6289 3868
f 2132 3939 6287
f 2132 5637 3939
f 2132 7159 5637
f 2133 3344 5895
f 2133 5895 5423
f 2133 6725 3344
f 2134 2172 5026
f 2134 2577 2679
f 2134 2679 2172
f 2135 5133 2354
f 2136 2831 2858
f 2136 2858 4610
f 2136 4610 5683
f 2136 5683 6863
f 2137 3432 5593
f 2137 4215 6718
f 2137 5593 4215
f 2138 3706 5440
f 2139 2256 3703
f 2139 3787 4058
f 2139 4058 5399
f 2139 5172 3787
f 2139 5399 2256
f 2140 2632 2964
f 2140 3380 5490
f 2140 5490 2632
f 2141 3613 4764
f 2141 3732 3613
f 2142 2266 6089
f 2142 2464 3607
f 2142 2626 6979
f 2142 3607 2626
f 2142 4368 2266
f 2142 6089 2464
f 2142 6979 4368
f 2143 3164 6506
f 2143 3765 6692
f 2143 6506 3765
f 2143 6692 3164
f 2144 3128 6069
f 2144 3781 4141
f 2144 6069 4380
f 2145 3171 3466
f 2145 3466 3829
f 2145 3829 6884
f 2145 6161 4836
f 2145 6884 6161
f 2146 2656 2723
f 2146 2723 4084
f 2146 3708 6058
f 2146 4084 3708
f 2146 6058 2656
f 2147 4019 3878
f 2147 4942 4019
f 2147 6037 4942
f 2148 2304 6118
f 2148 5323 5416
f 2148 5416 2304
f 2148 5453 5994
f 2148 5994 5323
f 2150 3119 3205
f 2150 3155 3119
f 2150 3205 5675
f 2150 5675 3155
f 2151 2308 6448
f 2151 3301 6066
f 2151 5578 2789
f 2151 6066 2308
f 2151 6448 5578
f 2152 2631 5144
f 2152 2714 4188
f 2152 2909 2631
f 2152 4188 2909
f 2152 4604 2714
f 2152 5144 4604
f 2153 5972 6104
f 2153 6056 2634
f 2153 6104 6056
f 2155 2547 5208
f 2155 3293 6135
f 2155 4914 5025
f 2155 5025 3293
f 2155 5208 4914
f 2155 6135 2547
f 2156 3301 3767
f 2156 4150 5497
f 2156 5497 3301
f 2157 3461 6862
f 2157 4647 6023
f 2157 6023 6938
f 2157 6938 3461
f 2158 2320 4833
f 2158 2447 2320
f 2158 3102 4955
f 2159 2738 6147
f 2159 3002 3092
f 2159 5427 2738
f 2159 6147 3002
f 2160 3129 2617
f 2160 4050 6157
f 2160 6157 3129
f 2161 4105 6914
f 2161 4973 4105
f 2161 5164 4973
f 2161 6914 5164
f 2162 2318 6172
f 2163 3020 5461
f 2163 6251 5743
f 2164 3022 5915
f 2164 4886 5496
f 2164 5441 4886
f 2164 5496 3887
f 2164 5915 5441
f 2165 6832 5594
f 2166 2263 4409
f 2166 3178 5369
f 2166 4058 2263
f 2166 4409 3178
f 2166 5369 4058
f 2167 4971 7035
f 2167 5673 3651
f 2167 7035 5673
f 2168 2893 3768
f 2168 3187 4857
f 2168 3219 3187
f 2168 3768 5192
f 2168 4857 2893
f 2169 3208 6605
f 2169 5012 3208
f 2169 5181 5012
f 2169 6605 5181
f 2170 2292 6427
f 2170 2461 2292
f 2170 3294 2461
f 2170 6427 2388
f 2171 3888 4463
f 2171 4463 4576
f 2171 4514 3888
f 2171 4576 6044
f 2171 6044 4514
f 2172 2679 6039
f 2172 4924 5026
f 2172 6039 4924
f 2173 4512 4437
f 2174 2296 6524
f 2174 6419 2535
f 2174 6524 6294
f 2175 3447 4158
f 2175 4158 4644
f 2176 2205 4586
f 2176 4586 5870
f 2176 6690 2205
f 2177 2303 3880
f 2177 3880 6491
f 2177 5126 6432
f 2177 6491 5126
f 2178 3032 5224
f 2178 3093 3032
f 2178 3901 3093
f 2179 3211 6840
f 2179 4975 3211
f 2179 6840 3442
f 2180 6598 3433
f 2181 2498 2672
f 2181 2789 4729
f 2181 4729 6166
f 2181 6166 2498
f 2183 2911 6567
f 2183 3071 3393
f 2183 6567 6706
f 2183 6706 3071
f 2184 2590 5403
f 2184 2639 2590
f 2184 3291 2639
f 2185 2259 4096
f 2185 4096 5560
f 2185 4778 2259
f 2185 5560 4778
f 2186 3557 4331
f 2186 4331 6621
f 2186 4759 5109
f 2186 5109 3557
f 2186 6621 4759
f 2188 2826 5330
f 2188 2852 5007
f 2188 3235 2826
f 2188 5330 2852
f 2188 7116 3235
f 2189 2600 6138
f 2189 4381 2600
f 2189 5018 4381
f 2189 5648 5798
f 2189 5798 5018
f 2189 6138 5648
f 2190 3373 7023
f 2190 4287 3373
f 2190 4886 5441
f 2190 5441 5557
f 2190 5557 4287
f 2190 7023 7162
f 2190 7162 4886
f 2191 3964 5832
f 2191 5273 6565
f 2192 5375 6017
f 2192 5882 6730
f 2192 6017 5882
f 2193 2948 5069
f 2193 4317 5702
f 2193 5702 2948
f 2194 3204 5751
f 2194 5008 3204
f 2194 5601 5008
f 2194 5751 6830
f 2194 6830 7060
f 2194 7060 7153
f 2194 7153 5601
f 2195 2264 6235
f 2195 2623 3722
f 2195 3722 2264
f 2196 4156 4726
f 2196 4456 6272
f 2196 4726 5532
f 2196 5306 4456
f 2196 5532 5306
f 2196 6272 4156
f 2197 3779 6528
f 2197 3811 5736
f 2197 5736 3779
f 2197 6528 6792
f 2197 6792 3811
f 2198 4668 6070
f 2198 6070 5451
f 2198 7182 5039
f 2200 2260 5790
f 2200 5790 4462
f 2201 2516 2552
f 2201 2552 4768
f 2201 4768 6220
f 2201 6220 4055
f 2202 2944 5687
f 2202 5687 6393
f 2202 6393 7109
f 2202 7109 2944
f 2203 3925 6614
f 2203 5154 3925
f 2203 6406 5154
f 2203 6614 6406
f 2204 3422 3578
f 2204 6139 4093
f 2204 6978 3422
f 2205 3673 3479
f 2205 5897 3673
f 2205 6690 5897
f 2206 3748 5562
f 2206 5562 5643
f 2206 5643 6032
f 2206 6032 2277
f 2207 3068 3156
f 2207 3156 3674
f 2207 3674 6143
f 2207 4752 3068
f 2207 6808 4752
f 2208 3728 6988
f 2208 6988 4526
f 2209 3003 3251
f 2209 3251 2365
f 2210 2263 5910
f 2210 3441 4409
f 2210 4409 2263
f 2210 5910 3441
f 2211 2929 5893
f 2211 5893 3846
f 2212 3325 6513
f 2212 3467 3325
f 2212 4538 6458
f 2212 6458 3467
f 2213 3420 5664
f 2213 5296 6373
f 2213 5664 5296
f 2214 3835 5963
f 2214 4579 7009
f 2214 5963 6255
f 2214 6255 4579
f 2214 6917 3835
f 2214 7009 6917
f 2215 2426 5374
f 2215 4365 5495
f 2215 5374 4365
f 2215 5495 3702
f 2215 6083 2426
f 2216 4554 4981
f 2216 4981 5367
f 2217 2944 7109
f 2217 3234 3960
f 2217 4367 3234
f 2217 7109 4367
f 2219 3232 4901
f 2219 4901 7120
f 2219 6304 6891
f 2219 7120 6304
f 2220 2312 6269
f 2221 3380 6438
f 2221 5627 5993
f 2221 6438 2314
f 2222 4744 5308
f 2222 5308 5193
f 2223 2733 4458
f 2223 4394 2733
f 2223 4458 4579
f 2223 4505 4394
f 2223 4579 6611
f 2223 6611 4505
f 2224 5619 6311
f 2224 5708 5619
f 2224 6311 3197
f 2225 3238 5838
f 2225 3570 3354
f 2225 5035 3238
f 2225 5838 3570
f 2226 3664 2955
f 2226 3667 3664
f 2227 6372 4936
f 2228 2967 6714
f 2228 4880 2967
f 2229 4045 7059
f 2229 5218 4045
f 2229 7059 5438
f 2230 2257 4035
f 2230 4035 5135
f 2230 5135 4548
f 2232 4015 3881
f 2232 4404 4015
f 2233 3612 5208
f 2233 5208 3857
f 2233 6197 6323
f 2233 6323 3612
f 2234 2317 2960
f 2234 6277 2317
f 2235 5306 5744
f 2236 4522 5137
f 2236 5137 5781
f 2236 5239 4522
f 2236 5336 5239
f 2236 5781 5336
f 2237 4373 5766
f 2237 5766 6119
f 2237 6119 2318
f 2238 3146 2315
f 2239 4927 4403
f 2240 2259 4312
f 2240 2408 3416
f 2240 3416 3884
f 2240 3884 2259
f 2243 3074 4536
f 2243 5301 3074
f 2243 6124 5301
f 2244 3980 4663
f 2244 4127 7125
f 2244 4800 3980
f 2244 7125 4800
f 2245 4781 6964
f 2245 6826 2629
f 2245 6964 6826
f 2246 2316 7101
f 2246 4400 2316
f 2246 7101 4400
f 2247 4364 5555
f 2247 5555 6897
f 2247 5956 4364
f 2247 6897 5956
f 2248 5390 2346
f 2248 7094 6019
f 2249 3554 4998
f 2249 4678 4801
f 2249 4801 4916
f 2249 4882 4678
f 2249 4916 6185
f 2249 4998 4882
f 2249 6185 3554
f 2250 2462 6794
f 2250 3645 6088
f 2250 3662 3645
f 2250 5467 3662
f 2250 6088 2462
f 2250 6794 5467
f 2251 6753 3356
f 2252 4334 6043
f 2252 6043 6144
f 2252 6144 5272
f 2253 3644 3550
f 2253 5885 3644
f 2253 6136 5885
f 2254 4987 3932
f 2254 5362 4987
f 2255 2366 6017
f 2255 4746 2366
f 2255 6017 4547
f 2256 5399 5485
f 2256 5485 3703
f 2257 3633 5892
f 2257 5892 4035
f 2258 2382 6527
f 2258 5443 6934
f 2258 6527 6609
f 2258 6609 5443
f 2258 6934 6859
f 2259 3884 4096
f 2259 5587 4312
f 2260 4875 5189
f 2261 2469 4870
f 2261 4585 4722
f 2261 4722 2469
f 2261 4870 6945
f 2261 6945 4585
f 2262 3926 7048
f 2263 2269 5910
f 2263 3787 2269
f 2263 4058 3787
f 2264 3722 4843
f 2264 3747 6235
f 2264 4843 3747
f 2265 2408 6815
f 2265 5810 2408
f 2266 4368 4615
f 2266 4615 6089
f 2267 4343 6696
f 2267 4547 5815
f 2267 5815 4343
f 2268 2449 3915
f 2268 4686 2449
f 2268 6052 6300
f 2268 6300 4686
f 2269 5597 7172
f 2270 3178 4409
f 2270 3441 7146
f 2270 4409 3441
f 2270 7146 3456
f 2271 3350 3463
f 2271 3440 6565
f 2271 3463 3440
f 2271 5724 3350
f 2272 2355 5295
f 2272 2596 4556
f 2272 5295 2596
f 2273 4121 5277
f 2273 4257 6687
f 2273 5277 4257
f 2273 5848 4121
f 2273 6687 5848
f 2274 5003 6085
f 2274 6085 6684
f 2276 3075 3713
f 2276 3713 3811
f 2276 3811 6792
f 2276 6792 2797
f 2277 2589 4679
f 2277 4966 2589
f 2277 6032 4966
f 2278 3919 6980
f 2279 3235 6278
f 2279 4074 2345
f 2279 4495 3235
f 2279 6278 4074
f 2280 3274 6884
f 2280 3743 2417
f 2280 6884 3743
f 2281 6238 6117
f 2282 3080 6731
f 2282 3197 3080
f 2282 6010 3197
f 2282 6731 6010
f 2283 4596 6094
f 2283 5156 6986
f 2283 6094 5156
f 2283 6213 4596
f 2284 3340 7139
f 2284 3950 5005
f 2284 5005 6796
f 2284 7139 3950
f 2285 6374 2356
f 2285 6710 6292
f 2286 2538 3757
f 2286 3757 4186
f 2286 4186 6489
f 2286 6489 5253
f 2287 2416 6466
f 2287 3018 4954
f 2287 3643 5055
f 2287 4568 2416
f 2287 4954 4568
f 2287 5055 3018
f 2287 6466 3643
f 2288 7175 5041
f 2289 2405 7102
f 2289 3388 2405
f 2289 3436 3468
f 2289 3468 3388
f 2289 7102 5268
f 2290 3043 4262
f 2290 3271 3731
f 2290 3731 5478
f 2291 3046 5474
f 2291 3500 3046
f 2291 5474 4188
f 2292 4949 6427
f 2292 5236 4949
f 2293 2493 3455
f 2293 6575 2493
f 2293 6908 6575
f 2294 3242 5458
f 2294 4355 3242
f 2294 5039 4355
f 2294 5458 5039
f 2295 4692 4865
f 2295 4865 5087
f 2295 5087 3552
f 2296 2707 6865
f 2297 3498 5588
f 2297 6910 3606
f 2298 3984 5805
f 2299 2360 3865
f 2299 3865 3796
f 2300 3640 5919
f 2300 5919 6499
f 2300 6499 3640
f 2301 2837 3078
f 2301 3078 4830
f 2301 3987 5423
f 2301 5423 2837
f 2302 2655 3395
f 2302 3395 6831
f 2302 4995 7185
f 2302 7185 2655
f 2303 6743 3880
f 2304 2359 6118
f 2304 2520 5503
f 2304 3856 2359
f 2304 5416 2520
f 2304 5503 3856
f 2305 3968 3994
f 2305 3994 3055
f 2305 6111 3968
f 2306 4090 6514
f 2306 4299 7057
f 2306 7057 4090
f 2307 3465 6911
f 2307 3512 3465
f 2307 3608 4845
f 2308 6066 6448
f 2309 2357 2664
f 2309 5572 2357
f 2310 6854 5769
f 2311 2363 6799
f 2311 3241 6162
f 2311 3602 2363
f 2311 5859 3602
f 2311 6162 5859
f 2311 6799 3241
f 2312 3243 6269
f 2312 3576 6757
f 2312 6757 3243
f 2313 2934 5892
f 2313 5892 3633
f 2315 4289 6864
f 2315 6864 4561
f 2316 3397 3474
f 2316 3474 4584
f 2316 4400 6241
f 2316 4584 7101
f 2316 6241 3397
f 2317 6277 6823
f 2317 6823 2960
f 2318 6119 6172
f 2319 5485 2598
f 2319 5962 6378
f 2319 6378 5485
f 2320 2447 5115
f 2321 3631 5285
f 2321 5285 3519
f 2321 6084 3631
f 2322 4291 2802
f 2322 4939 5647
f 2323 6008 7189
f 2323 7189 4796
f 2324 2754 3976
f 2324 3976 5297
f 2324 4023 6759
f 2324 6759 2754
f 2325 4978 6148
f 2325 6148 5888
f 2326 3525 3594
f 2326 4112 4228
f 2326 4228 3525
f 2326 6217 4112
f 2327 5070 6267
f 2327 6267 3530
f 2328 4264 5837
f 2328 5837 6923
f 2328 6923 6133
f 2329 4070 6578
f 2329 6095 7126
f 2329 6578 6095
f 2329 7126 4070
f 2330 5546 5642
f 2330 5642 7038
f 2331 3803 6481
f 2331 6481 4109
f 2333 2584 4617
f 2333 2812 7092
f 2333 7092 2584
f 2334 3007 5890
f 2334 5890 6722
f 2334 6707 7001
f 2334 6722 6707
f 2334 7001 3007
f 2335 3011 6801
f 2335 5648 6138
f 2335 6138 3011
f 2337 4307 3349
f 2338 2829 4356
f 2338 3571 3718
f 2339 6551 3174
f 2340 3567 6110
f 2340 6110 2974
f 2341 5339 5219
f 2341 6146 4205
f 2341 6194 5339
f 2342 2434 6318
f 2342 3209 4063
f 2342 4063 2434
f 2343 4269 6918
f 2343 5582 6049
f 2343 6918 3409
f 2344 2571 4684
f 2344 3917 2571
f 2344 4637 5182
f 2344 4684 6134
f 2344 5182 3917
f 2344 6134 4637
f 2345 4074 6080
f 2345 6035 6381
f 2345 6080 6035
f 2346 5390 6053
f 2346 6053 7039
f 2347 2419 4908
f 2347 4480 2419
f 2348 3437 4919
f 2348 4919 5035
f 2348 5022 3437
f 2348 6844 5022
f 2349 2931 2831
f 2350 2887 3061
f 2350 4222 2887
f 2350 5004 4222
f 2350 6309 5004
f 2351 2796 4820
f 2351 2845 6047
f 2351 4820 2737
f 2351 6047 2796
f 2352 2825 3206
f 2352 3206 3245
f 2352 3245 5237
f 2352 5237 6466
f 2352 6466 2825
f 2353 2813 5527
f 2353 4077 2813
f 2353 5061 4872
f 2353 5527 5061
f 2354 3994 4031
f 2354 4031 4363
f 2355 3309 3826
f 2355 3826 5295
f 2357 3561 2664
f 2358 4417 4624
f 2358 4714 5590
f 2358 5590 4417
f 2358 7032 4714
f 2359 2877 5066
f 2359 3856 2877
f 2359 5066 5829
f 2359 5829 6118
f 2360 3067 5165
f 2360 5165 3865
f 2361 2381 5985
f 2361 2840 6901
f 2361 4406 2381
f 2361 5985 2840
f 2361 6901 4406
f 2362 5502 6495
f 2362 6075 5502
f 2362 6495 5255
f 2363 3602 6962
f 2363 3675 6799
f 2363 6962 3675
f 2364 4245 6106
f 2364 6182 4245
f 2365 3251 4698
f 2365 4698 4799
f 2366 2790 5882
f 2366 5882 6017
f 2367 4097 4730
f 2367 4730 4616
f 2368 2435 5101
f 2369 3120 6210
f 2369 3226 3120
f 2369 6210 4900
f 2370 5252 5614
f 2370 5614 5744
f 2370 5744 3821
f 2371 3363 6579
f 2372 3060 4178
f 2372 3095 3060
f 2372 4178 4292
f 2373 2496 4492
f 2373 4492 6392
f 2373 6598 2496
f 2374 3785 5607
f 2374 5492 3785
f 2374 5607 5526
f 2375 2726 3752
f 2375 3752 7134
f 2375 3843 6535
f 2375 6535 2726
f 2376 2444 6544
f 2376 4534 2444
f 2376 4898 5201
f 2376 5201 4534
f 2376 6544 4898
f 2377 2952 3962
f 2377 5238 6655
f 2378 2436 3933
f 2378 3714 2436
f 2379 3801 6892
f 2379 6892 2621
f 2380 3497 4594
f 2380 4525 5679
f 2380 4594 7188
f 2380 5679 2438
f 2380 7188 4525
f 2381 5173 5985
f 2382 4314 6626
f 2382 6626 6527
f 2383 3918 4183
f 2383 4183 5396
f 2383 4240 6314
f 2383 5396 4240
f 2383 6314 3918
f 2384 4210 4380
f 2384 4380 4773
f 2385 2787 4139
f 2385 4139 3222
f 2385 4476 6763
f 2385 6763 2787
f 2386 2849 2441
f 2386 5117 2849
f 2387 5177 6115
f 2387 6115 4480
f 2388 3745 3920
f 2388 6427 3745
f 2389 3419 5964
f 2389 5884 2448
f 2389 5964 5884
f 2389 6727 3419
f 2390 4620 4728
f 2390 4728 5149
f 2390 5149 5748
f 2390 7007 4620
f 2391 3745 4633
f 2391 3920 3745
f 2391 4633 3495
f 2392 4401 5346
f 2392 5398 6773
f 2392 6773 4401
f 2393 5409 6450
f 2393 6183 2437
f 2393 6450 6183
f 2394 2495 5728
f 2394 5728 3902
f 2395 3237 5469
f 2395 6625 6486
f 2396 2899 4453
f 2396 4453 3226
f 2397 2613 3694
f 2397 3027 5334
f 2397 5334 4163
f 2398 4848 6364
f 2399 3584 5466
f 2399 5466 6376
f 2399 6376 3912
f 2400 3371 6158
f 2401 4615 4368
f 2401 6000 6798
f 2401 6781 6000
f 2401 6798 4615
f 2402 3756 4329
f 2402 4329 5037
f 2402 5037 5602
f 2402 5602 3756
f 2403 4450 5667
f 2403 5667 5797
f 2403 5797 4249
f 2404 4033 4924
f 2404 4254 4033
f 2404 4924 6039
f 2405 3388 6471
f 2406 3273 5462
f 2406 4111 4782
f 2406 4782 6331
f 2406 5462 6640
f 2406 6331 3273
f 2407 2443 6929
f 2407 3132 2443
f 2407 4243 3132
f 2408 5810 3416
f 2409 2533 4561
f 2409 4561 6668
f 2409 6668 5677
f 2410 6582 5361
f 2411 4618 6971
f 2412 4689 6656
f 2412 4956 4689
f 2412 5569 4956
f 2412 6656 5569
f 2413 2534 3993
f 2413 3993 5632
f 2415 2492 5523
f 2415 4937 2492
f 2415 5377 7011
f 2415 5523 5377
f 2415 7011 4937
f 2416 2825 6466
f 2416 4568 7171
f 2416 6947 2825
f 2416 7171 6947
f 2417 3743 5130
f 2417 4406 6901
f 2417 5130 4406
f 2418 2604 4864
f 2418 4545 5188
f 2418 4864 4545
f 2418 5077 2604
f 2418 5188 5077
f 2419 2862 4908
f 2419 4480 6115
f 2419 6115 7181
f 2419 7181 2862
f 2420 4587 6053
f 2420 6053 5390
f 2421 6276 7024
f 2421 7024 3288
f 2422 2659 5612
f 2422 2761 2659
f 2422 4181 4869
f 2422 5612 4181
f 2423 3300 4676
f 2423 4676 7136
f 2423 4917 3300
f 2423 7136 3992
f 2424 3431 6659
f 2424 6659 5314
f 2425 2445 2489
f 2425 2489 2548
f 2425 6614 2445
f 2426 3280 4856
f 2426 6083 3280
f 2427 3412 5531
f 2427 5806 3412
f 2427 6969 5806
f 2428 2491 4169
f 2428 4169 6664
f 2428 6664 3546
f 2430 2487 7064
f 2430 5747 2751
f 2431 3372 6605
f 2431 4099 5145
f 2431 5145 3372
f 2431 6490 4099
f 2431 6605 6490
f 2432 4229 5833
f 2432 4942 6037
f 2432 5570 4229
f 2432 5833 4942
f 2432 6037 5570
f 2433 4426 5740
f 2434 5304 6400
f 2434 6400 6318
f 2435 5768 6057
f 2435 6005 5101
f 2435 6057 6005
f 2436 2492 4945
f 2436 3376 3933
f 2436 4945 3376
f 2437 2455 4805
f 2437 6183 2455
f 2438 5679 3298
f 2439 3889 6562
f 2439 4834 3889
f 2439 6562 5010
f 2440 6915 3780
f 2441 2849 7105
f 2441 7105 2494
f 2442 4609 6309
f 2442 4970 4609
f 2442 6576 4970
f 2442 6811 6576
f 2443 4958 6929
f 2444 5626 6933
f 2444 6933 6544
f 2445 5311 2489
f 2445 6614 3925
f 2446 2551 5862
f 2446 5862 5090
f 2447 4241 5115
f 2447 4407 4241
f 2447 5281 4407
f 2448 5884 7179
f 2449 2883 6974
f 2449 4389 6594
f 2449 4686 2883
f 2449 6594 3915
f 2449 6974 4389
f 2450 3079 5501
f 2450 4311 6164
f 2450 4408 3079
f 2450 5501 4311
f 2450 6164 4408
f 2451 3286 5204
f 2451 4239 3286
f 2451 5204 3726
f 2452 2719 5876
f 2452 5876 6932
f 2452 6515 2719
f 2452 6932 6515
f 2453 3694 4832
f 2453 4832 5275
f 2454 4758 4928
f 2455 2908 4805
f 2455 3480 5772
f 2455 5772 2908
f 2455 6183 3480
f 2456 2703 4357
f 2456 4357 5662
f 2456 4494 2703
f 2456 5662 5800
f 2456 5800 7138
f 2456 7138 4494
f 2457 3873 5437
f 2457 4319 3873
f 2458 3493 4177
f 2458 4434 3493
f 2459 2497 4595
f 2459 4595 6707
f 2459 6072 2497
f 2459 6616 6072
f 2459 6707 6616
f 2460 3311 5613
f 2460 3395 3311
f 2460 3461 3395
f 2460 5292 3461
f 2460 5613 5292
f 2461 3294 4680
f 2462 3183 6794
f 2463 5126 4069
f 2465 4522 6512
f 2465 4769 7062
f 2465 7062 4522
f 2466 4411 5582
f 2466 5582 6465
f 2466 6465 3038
f 2467 3550 6781
f 2467 6781 4834
f 2468 3531 6918
f 2468 6825 4101
f 2468 6918 6825
f 2469 6930 4870
f 2470 4033 4254
f 2470 4254 5205
f 2471 2543 5529
f 2471 5529 5712
f 2471 5603 4532
f 2471 5712 5603
f 2472 3788 7030
f 2472 5430 6152
f 2472 5650 5430
f 2472 6152 3788
f 2472 7030 5650
f 2473 4784 5770
f 2473 5241 5431
f 2473 5431 7173
f 2473 7173 4784
f 2474 4237 5024
f 2474 5879 3544
f 2475 2540 4995
f 2475 4634 2540
f 2475 4995 6033
f 2475 6033 4634
f 2476 3941 4861
f 2476 4171 5605
f 2476 4861 4171
f 2476 5605 7031
f 2476 7031 3941
f 2477 3447 5033
f 2477 4588 5349
f 2477 5349 3447
f 2478 4334 5935
f 2478 4471 6776
f 2478 6776 4334
f 2479 2545 3715
f 2479 5068 2545
f 2479 6422 5068
f 2480 6224 6888
f 2480 6888 6375
f 2481 3889 6979
f 2481 6979 5680
f 2482 5231 5326
f 2482 5326 6335
f 2482 6335 6856
f 2483 2541 4628
f 2483 3013 4861
f 2483 4125 3013
f 2483 4628 5695
f 2483 4861 2541
f 2485 5099 6499
f 2485 5919 3012
f 2485 6499 5919
f 2488 3631 6084
f 2488 6084 3351
f 2489 5311 7162
f 2489 7162 2548
f 2490 2550 3241
f 2490 3241 6799
f 2490 5571 5808
f 2490 5808 2550
f 2490 6799 5571
f 2491 3434 4169
f 2492 4937 4945
f 2493 6575 5670
f 2495 2848 6191
f 2495 4533 5728
f 2495 6191 4533
f 2497 6072 4488
f 2498 3712 4761
f 2498 6166 3712
f 2499 2762 4357
f 2499 4357 4361
f 2499 4361 4925
f 2500 3572 3996
f 2500 5029 3572
f 2501 5451 3064
f 2502 3783 5194
f 2502 5020 5700
f 2502 5194 5020
f 2503 2593 5769
f 2503 2955 4247
f 2503 3953 2593
f 2503 5769 5871
f 2504 4159 4270
f 2504 4270 6567
f 2504 4957 4159
f 2504 6567 4957
f 2505 5040 6332
f 2505 5065 5040
f 2505 6332 3491
f 2506 2777 7198
f 2506 3202 2777
f 2506 3710 3202
f 2506 4024 3710
f 2507 4776 7113
f 2507 5763 2647
f 2507 7113 5763
f 2508 2875 4078
f 2508 2991 2875
f 2508 3682 2991
f 2508 4418 3682
f 2509 2629 6601
f 2509 5706 2629
f 2509 6601 3990
f 2509 6777 7080
f 2509 7080 5706
f 2510 4797 6549
f 2510 6260 4797
f 2510 6549 2868
f 2511 2695 6469
f 2511 5889 6103
f 2511 6103 2695
f 2512 4057 2976
f 2513 3772 3864
f 2513 4025 6141
f 2513 6141 6244
f 2513 6244 3772
f 2515 3970 5454
f 2515 4308 3970
f 2515 5452 3963
f 2516 5161 2552
f 2516 6972 4916
f 2517 4342 6538
f 2517 4727 4342
f 2517 6476 6630
f 2517 6538 6476
f 2518 6933 7195
f 2519 5347 6233
f 2519 6692 2671
f 2520 3009 5503
f 2520 3998 5760
f 2520 5416 3998
f 2520 5760 3009
f 2521 3448 5352
f 2521 5352 5534
f 2521 5545 3448
f 2522 3845 5994
f 2522 5322 6425
f 2522 5453 6369
f 2522 5994 5453
f 2522 6369 5322
f 2522 6425 3845
f 2523 2699 7124
f 2523 3503 5234
f 2523 5481 2699
f 2523 7124 3503
f 2524 3332 4100
f 2524 4100 6366
f 2525 2568 4328
f 2525 3191 4958
f 2525 4328 3374
f 2525 4958 2568
f 2526 2726 6086
f 2526 3752 2726
f 2526 3869 3752
f 2526 6086 3793
f 2527 5608 5974
f 2528 4211 5861
f 2528 5861 3365
f 2529 4386 5254
f 2529 6045 4386
f 2530 5898 3278
f 2530 6827 5898
f 2531 2963 3270
f 2532 5512 5099
f 2532 6460 6820
f 2534 3522 4332
f 2534 4332 3993
f 2534 6618 3522
f 2535 3588 3669
f 2535 3669 4416
f 2535 6419 3588
f 2536 2677 6761
f 2536 4355 2677
f 2536 5316 4355
f 2536 5929 5316
f 2536 6761 5929
f 2537 2570 5074
f 2537 3810 2570
f 2537 5074 7090
f 2537 7090 5962
f 2538 5685 5011
f 2539 4968 6038
f 2540 2580 4995
f 2540 7063 2580
f 2541 3941 3816
f 2541 4861 3941
f 2542 6593 7008
f 2542 6817 6593
f 2544 4743 6333
f 2544 5501 6995
f 2544 6333 5501
f 2544 6995 4743
f 2545 2724 6533
f 2545 5068 5773
f 2545 5773 2724
f 2546 3614 4847
f 2546 4170 5953
f 2546 4847 5781
f 2546 5781 4170
f 2546 5953 3614
f 2547 3519 3857
f 2547 3857 5208
f 2547 5831 3519
f 2547 6135 5831
f 2548 7023 4300
f 2548 7162 7023
f 2549 5205 6888
f 2549 6520 5796
f 2549 6888 6520
f 2550 2848 3241
f 2550 5808 3986
f 2551 4910 6860
f 2551 6860 5862
f 2551 6878 4910
f 2552 5161 4768
f 2553 4162 6835
f 2553 5144 4162
f 2554 3989 5411
f 2554 5277 4121
f 2554 5411 5277
f 2555 3389 4475
f 2555 4475 7098
f 2556 2701 5123
f 2556 5123 4346
f 2556 6906 2701
f 2557 3616 5651
f 2558 3144 6463
f 2558 5797 5667
f 2559 3054 5479
f 2559 5479 6461
f 2559 6036 6771
f 2559 6461 6036
f 2559 6771 3054
f 2560 2592 3863
f 2560 3759 6367
f 2560 3863 3759
f 2560 4631 2592
f 2560 6367 4631
f 2562 2646 5324
f 2562 3008 4674
f 2562 3094 3008
f 2562 3900 3094
f 2562 4674 2646
f 2562 5324 3900
f 2563 4986 6622
f 2563 6622 6504
f 2564 3902 5728
f 2564 5728 7029
f 2564 7029 4195
f 2565 2637 2697
f 2565 2697 5976
f 2565 3764 2637
f 2565 5976 7106
f 2565 6112 3764
f 2566 5201 4898
f 2567 3267 7189
f 2567 4251 3267
f 2567 4838 4251
f 2567 5260 4838
f 2568 4925 4328
f 2569 4329 3854
f 2569 5689 4379
f 2570 3810 5977
f 2571 7098 4684
f 2572 2640 5809
f 2572 2694 2640
f 2572 5153 6104
f 2572 6104 2694
f 2573 3806 4759
f 2573 4759 6505
f 2573 6505 2752
f 2574 5199 6816
f 2574 5672 6387
f 2574 6816 5672
f 2575 4076 4017
f 2575 5013 4076
f 2576 3238 6509
f 2576 3864 3940
f 2576 3940 3238
f 2576 6509 3928
f 2577 4872 2859
f 2577 7169 2679
f 2578 2790 3528
f 2578 4664 2870
f 2579 2634 5235
f 2579 3559 3455
f 2579 5235 3559
f 2580 2792 6420
f 2580 4858 2792
f 2580 6420 4995
f 2581 5852 5014
f 2583 2638 6987
f 2583 4707 2638
f 2583 5762 6606
f 2583 6606 4707
f 2583 6987 5762
f 2584 4275 4617
f 2584 7092 5384
f 2585 2642 3240
f 2585 3240 5397
f 2585 4642 2642
f 2585 5397 5494
f 2585 5494 4642
f 2586 2641 5606
f 2586 4906 2641
f 2586 5606 3639
f 2587 3232 5783
f 2587 4901 3232
f 2587 5222 4901
f 2587 5448 3638
f 2587 5783 5448
f 2588 4072 5905
f 2588 4083 4072
f 2588 4769 7052
f 2588 5905 4769
f 2588 7052 4083
f 2589 2645 4679
f 2589 4966 6002
f 2589 6002 2645
f 2590 5382 6380
f 2590 6380 5403
f 2591 2704 6380
f 2591 3183 2704
f 2591 3485 3183
f 2591 5659 3485
f 2591 6380 5659
f 2592 2692 2705
f 2592 2705 3863
f 2592 4631 4720
f 2592 4720 2692
f 2593 3953 5803
f 2593 5803 5769
f 2594 3510 3589
f 2594 3532 2747
f 2594 5014 3532
f 2595 2692 3154
f 2595 2705 2692
f 2595 3154 3900
f 2595 3900 5324
f 2595 6570 2705
f 2596 2814 4556
f 2596 5295 6625
f 2596 5758 2814
f 2596 6625 5758
f 2597 2693 6705
f 2597 2827 4591
f 2597 3124 2827
f 2597 4591 2693
f 2597 5122 3124
f 2598 3214 5859
f 2598 5399 3214
f 2598 5485 5399
f 2598 5859 6724
f 2599 3029 6359
f 2599 4524 3029
f 2600 4381 4498
f 2600 4498 5526
f 2600 4989 6138
f 2600 5526 4989
f 2601 2891 7200
f 2601 3508 2891
f 2601 4103 3508
f 2601 4998 4103
f 2601 7200 4998
f 2602 5676 5287
f 2602 6436 5676
f 2602 6624 6436
f 2603 5120 5679
f 2603 5267 6866
f 2603 5840 5120
f 2604 5077 6316
f 2604 6181 4864
f 2604 6316 6181
f 2605 4383 3072
f 2605 6643 4383
f 2606 6545 3932
f 2607 5464 6166
f 2608 4499 6497
f 2608 6497 6805
f 2609 2809 7026
f 2609 7026 7158
f 2610 4538 5573
f 2610 5573 6271
f 2610 6458 4538
f 2610 7202 6458
f 2611 4926 3679
f 2612 2702 4069
f 2612 4006 2702
f 2612 4069 5400
f 2612 5400 4006
f 2614 2703 4328
f 2614 4328 4361
f 2614 4357 2703
f 2614 4361 4357
f 2615 4783 5128
f 2616 3194 3478
f 2616 3478 4877
f 2616 4877 6156
f 2617 6034 4310
f 2618 2720 6685
f 2618 3536 2720
f 2618 3656 3536
f 2619 6953 6276
f 2620 2805 5131
f 2621 6892 4426
f 2622 2857 5458
f 2622 5458 5168
f 2623 5052 3722
f 2624 3254 5947
f 2624 3408 5709
f 2624 5709 6865
f 2624 5947 3408
f 2624 6865 3254
f 2625 5173 6338
f 2625 6092 5173
f 2626 5680 6979
f 2627 6335 6554
f 2627 6554 6417
f 2627 6719 6335
f 2629 4282 6601
f 2629 6826 4282
f 2631 4162 5144
f 2631 4940 4162
f 2632 2820 2964
f 2632 5490 5346
f 2633 6718 5231
f 2636 6812 4261
f 2637 3764 5520
f 2637 4996 2697
f 2637 5110 4996
f 2637 5520 5110
f 2638 4707 7078
f 2638 6321 6987
f 2638 7078 6321
f 2640 2694 6354
f 2640 3603 5809
f 2640 6354 3603
f 2641 4262 6678
f 2641 4906 4262
f 2642 4642 2882
f 2642 6003 3240
f 2643 2696 4020
f 2643 3947 6646
f 2643 4020 3947
f 2643 6244 2696
f 2643 6646 6244
f 2644 3450 3832
f 2644 3832 5360
f 2645 4424 4138
f 2645 6002 4424
f 2646 4674 6689
f 2646 6689 4738
f 2647 3883 5272
f 2647 5272 6144
f 2647 5763 3883
f 2648 5548 5634
f 2648 6385 6795
f 2648 6795 5548
f 2649 2788 2865
f 2649 2865 3746
f 2649 4090 2788
f 2650 2762 3566
f 2650 3566 4635
f 2650 4635 5012
f 2650 5012 5424
f 2650 5424 2762
f 2651 5142 6561
f 2651 5864 5142
f 2651 6561 5864
f 2652 3907 7202
f 2652 5657 3907
f 2653 5009 6671
f 2653 6671 5664
f 2654 5730 3844
f 2655 3311 3395
f 2655 7185 6968
f 2657 6504 4727
f 2658 5603 5712
f 2658 5711 5603
f 2658 6014 6999
f 2658 6999 5711
f 2660 5249 6060
f 2660 5981 5249
f 2660 6060 6956
f 2660 6956 5981
f 2661 4068 5049
f 2661 5049 5414
f 2661 5300 5497
f 2661 5414 5300
f 2661 5497 4068
f 2662 5566 4307
f 2663 4288 5997
f 2663 5997 6038
f 2663 6038 4097
f 2664 3561 6711
f 2665 5196 7097
f 2666 3742 6670
f 2666 6670 6561
f 2666 6911 3742
f 2667 3099 6188
f 2667 3508 4103
f 2667 6188 5009
f 2668 4545 4864
f 2668 4864 6181
f 2668 5520 2758
f 2668 6181 5520
f 2669 4680 3017
f 2670 4881 7196
f 2670 6232 4881
f 2670 7110 3317
f 2670 7196 7110
f 2671 4695 5759
f 2671 6692 4695
f 2673 4070 7126
f 2673 5065 4369
f 2673 6252 5065
f 2673 7126 6252
f 2674 3631 4690
f 2674 3786 5285
f 2674 4690 3786
f 2674 5285 3631
f 2675 2866 4388
f 2675 4967 3404
f 2676 3010 2764
f 2676 4327 3010
f 2676 5924 4327
f 2677 4355 5039
f 2677 5039 7182
f 2677 7182 6761
f 2678 2766 7106
f 2678 5475 2766
f 2678 5976 5475
f 2678 7106 5976
f 2679 4553 6039
f 2680 2740 2757
f 2680 5153 2740
f 2680 7111 5153
f 2681 4601 6292
f 2681 4656 5302
f 2681 6292 4656
f 2682 5695 4628
f 2683 4114 5090
f 2683 5090 5862
f 2683 5097 4114
f 2683 5862 6989
f 2683 6989 2878
f 2684 4389 4213
f 2684 6594 4389
f 2685 4286 4503
f 2685 4842 4286
f 2686 5226 6447
f 2687 2823 2922
f 2687 2922 3444
f 2687 3444 4276
f 2687 4276 5284
f 2687 5220 2823
f 2687 5284 5220
f 2688 4691 7177
f 2688 5881 6791
f 2688 6789 5881
f 2688 7177 6789
f 2689 2763 5171
f 2689 3728 4399
f 2689 4399 2763
f 2689 5171 6903
f 2689 6903 3728
f 2690 3870 3755
f 2691 6385 5172
f 2691 6795 6385
f 2692 2756 3154
f 2692 4720 2756
f 2693 4478 6705
f 2693 4591 4478
f 2694 6104 5972
f 2695 6103 4597
f 2696 4484 4020
f 2696 5191 4484
f 2698 4493 6449
f 2698 5661 6095
f 2698 6095 4493
f 2698 6449 5661
f 2699 5481 5568
f 2699 5568 6889
f 2699 6889 7124
f 2700 3490 7122
f 2700 3598 3490
f 2700 5550 3598
f 2700 7036 5550
f 2700 7122 7036
f 2702 4006 3951
f 2703 4494 4994
f 2703 4994 4328
f 2704 5403 6380
f 2705 6570 6701
f 2705 6701 3863
f 2706 3615 7151
f 2706 4335 6116
f 2706 7151 4335
f 2707 3254 6865
f 2707 4799 3254
f 2708 3663 6281
f 2708 3890 3663
f 2708 5812 3890
f 2708 6281 6028
f 2709 6142 5540
f 2710 5147 3025
f 2710 6861 5147
f 2711 3473 5511
f 2711 4737 6840
f 2711 5511 4737
f 2711 6840 3211
f 2712 4007 3895
f 2712 6256 4007
f 2713 4164 6442
f 2713 4700 4164
f 2713 6442 4003
f 2714 4604 3423
f 2715 5502 5658
f 2715 5658 4633
f 2715 5920 5502
f 2717 3805 5748
f 2718 4312 5587
f 2719 3695 5654
f 2719 3847 5876
f 2719 5654 3847
f 2719 6515 3695
f 2720 3536 5819
f 2720 4659 6685
f 2720 5819 6780
f 2720 6780 4659
f 2721 6170 4344
f 2721 6328 6170
f 2722 7017 6907
f 2723 6502 4084
f 2723 7167 6502
f 2724 3815 6533
f 2724 5773 6409
f 2724 6409 3815
f 2725 5289 6691
f 2725 6691 2980
f 2726 6535 6086
f 2727 5565 6858
f 2727 5909 6573
f 2727 6573 3289
f 2727 6858 5909
f 2728 3564 6947
f 2728 5756 3564
f 2728 6947 7171
f 2728 7171 5756
f 2729 4910 5031
f 2729 5031 5552
f 2729 6678 4910
f 2730 4003 4891
f 2730 4891 3579
f 2731 3413 4922
f 2731 4048 6259
f 2731 4922 6139
f 2731 6139 4048
f 2731 6259 6617
f 2731 6617 3413
f 2732 7101 3656
f 2733 3469 4458
f 2733 4394 5127
f 2733 5127 6595
f 2733 6595 3469
f 2735 5098 5823
f 2735 5823 5592
f 2735 6443 5098
f 2736 3993 4332
f 2736 4332 3592
f 2737 6432 5126
f 2738 5427 7191
f 2738 5585 6147
f 2738 6327 5585
f 2738 7191 6327
f 2739 5282 6230
f 2739 5471 5282
f 2739 6230 6900
f 2739 6900 5471
f 2741 5084 6400
f 2741 5401 6898
f 2741 5822 5401
f 2741 6400 6455
f 2741 6455 5822
f 2741 6898 5084
f 2742 3709 5969
f 2742 3809 6468
f 2742 5206 3709
f 2742 5969 3809
f 2742 6468 5206
f 2743 3699 5091
f 2743 4144 3699
f 2743 5091 5150
f 2744 3137 4819
f 2744 4819 6893
f 2744 6893 6029
f 2745 3180 4795
f 2745 4272 6373
f 2745 4795 4272
f 2745 5296 3180
f 2745 6373 5296
f 2747 3532 4036
f 2747 4036 4247
f 2748 7186 7055
f 2749 4661 6518
f 2749 6518 3078
f 2750 5899 2798
f 2750 6723 2775
f 2751 5747 4516
f 2753 3287 3927
f 2753 3927 6135
f 2753 4766 3287
f 2756 5291 3154
f 2759 3810 6724
f 2759 3902 5977
f 2759 5977 3810
f 2763 4399 5500
f 2765 3835 6917
f 2765 5138 6586
f 2765 5233 3835
f 2765 6586 5233
f 2765 6917 5138
f 2766 4879 7106
f 2766 5563 4879
f 2767 2856 2928
f 2767 2928 6521
f 2767 3457 3761
f 2767 3761 3852
f 2767 3852 2856
f 2767 6521 3457
f 2768 2861 5246
f 2768 4277 2861
f 2768 5246 7045
f 2768 6020 4277
f 2768 7045 6020
f 2769 3427 6040
f 2770 4260 4952
f 2770 4952 7119
f 2770 7119 4868
f 2771 2857 6890
f 2771 5458 2857
f 2771 6890 5458
f 2772 3904 6539
f 2772 5344 5050
f 2773 3085 6510
f 2773 6510 5080
f 2774 3704 6345
f 2774 6345 4751
f 2776 3619 5836
f 2776 4732 7006
f 2776 7006 3619
f 2777 2859 5061
f 2777 5061 5190
f 2777 5190 7198
f 2778 6703 4871
f 2778 6926 6703
f 2779 2864 5943
f 2779 5213 2864
f 2779 5943 6026
f 2779 6026 5213
f 2780 6041 6751
f 2780 6307 6041
f 2780 6427 6307
f 2780 6751 2869
f 2781 4780 5280
f 2781 5280 6923
f 2781 5837 4780
f 2781 6923 5837
f 2782 4934 6514
f 2782 6507 4934
f 2783 7069 5202
f 2784 2858 2931
f 2784 4610 2858
f 2785 4081 6132
f 2785 4206 6063
f 2785 4244 4206
f 2785 4976 4244
f 2785 6063 6720
f 2785 6132 4976
f 2785 6720 4081
f 2786 6377 6617
f 2787 7147 4139
f 2790 4651 3528
f 2791 3167 4824
f 2791 4824 5730
f 2791 5257 6713
f 2791 5730 5257
f 2791 6713 6618
f 2792 4858 6009
f 2794 3491 4854
f 2794 3542 6619
f 2794 6619 4079
f 2795 5903 3056
f 2795 6679 5903
f 2797 5434 5754
f 2797 5754 7115
f 2797 6792 5434
f 2798 5286 5124
f 2799 2863 6512
f 2799 3367 2863
f 2799 5239 5336
f 2799 5336 3367
f 2799 6512 5239
f 2800 3827 5979
f 2800 4419 7021
f 2800 5979 4419
f 2800 7021 3827
f 2801 5674 5505
f 2801 5743 6251
f 2801 6251 5674
f 2801 6459 5743
f 2802 4291 6721
f 2802 6261 2903
f 2803 6620 5858
f 2803 6759 6620
f 2804 2866 4874
f 2804 2919 4789
f 2804 4388 2866
f 2804 4874 2919
f 2805 6566 5178
f 2806 3379 6297
f 2806 5245 5329
f 2806 5329 3379
f 2807 4280 7076
f 2807 4949 5236
f 2807 5236 4280
f 2807 5536 6398
f 2807 6398 4949
f 2807 7076 5536
f 2808 5694 5799
f 2808 5799 5041
f 2809 5858 6145
f 2810 3926 5114
f 2810 5867 3926
f 2810 6433 5867
f 2811 5384 2983
f 2812 3837 7092
f 2814 5758 5269
f 2815 4896 6868
f 2816 5966 6982
f 2816 6056 5966
f 2817 5644 5795
f 2817 5795 6821
f 2817 5850 6894
f 2817 6821 5850
f 2817 6894 5644
f 2819 5650 7030
f 2819 6189 7003
f 2819 6756 6189
f 2819 7030 6756
f 2820 6192 2964
f 2821 4246 5990
f 2821 5990 6641
f 2821 6641 4650
f 2822 2925 4059
f 2822 6429 2925
f 2823 4362 2922
f 2823 5553 4362
f 2824 5751 3641
f 2824 6347 6830
f 2824 6830 5751
f 2825 6947 5241
f 2826 3235 4495
f 2826 5203 5330
f 2826 7103 5203
f 2827 3553 4591
f 2827 4774 3553
f 2828 2921 5312
f 2828 5312 6810
f 2828 5314 2921
f 2829 3827 4356
f 2829 4716 5979
f 2829 5979 3827
f 2830 6786 2926
f 2831 2931 2858
f 2833 6417 5467
f 2834 5323 5994
f 2834 6447 5323
f 2835 2891 3593
f 2835 3040 7200
f 2835 3593 3668
f 2835 5911 3040
f 2835 7200 2891
f 2836 6762 7157
f 2837 5423 7083
f 2837 7083 4607
f 2838 4110 6081
f 2838 6081 6475
f 2839 2988 3050
f 2839 3050 5824
f 2839 3721 5923
f 2839 5923 6026
f 2839 6026 2988
f 2840 3162 3218
f 2840 3218 3042
f 2840 5530 3162
f 2840 5985 5530
f 2841 6550 6809
f 2842 5318 5863
f 2842 5863 5940
f 2842 5940 4425
f 2843 2923 7013
f 2843 3969 2923
f 2843 5858 3969
f 2843 7013 5858
f 2844 2875 2991
f 2844 2991 6686
f 2844 4089 2875
f 2844 5414 4089
f 2844 6686 5414
f 2846 6592 5137
f 2847 2920 6819
f 2847 4496 6640
f 2847 4632 2920
f 2847 6640 7017
f 2847 6819 4496
f 2847 7017 4632
f 2850 3629 4783
f 2851 3356 3605
f 2851 3462 4803
f 2851 3605 3995
f 2851 3995 6793
f 2851 6793 3462
f 2852 3878 5007
f 2852 5330 5203
f 2853 2989 6768
f 2853 3641 2989
f 2854 4470 4664
f 2854 4664 4979
f 2855 3739 6071
f 2855 3858 6303
f 2855 6071 5136
f 2855 6303 3739
f 2856 3852 6695
f 2856 4562 6203
f 2856 6203 2928
f 2856 6695 4562
f 2857 2879 6890
f 2857 4431 2879
f 2859 4872 5061
f 2860 5504 2929
f 2861 4277 4726
f 2861 4726 4156
f 2862 2924 4908
f 2863 3367 6200
f 2863 4214 6389
f 2863 6200 4214
f 2863 6389 6512
f 2864 5213 6346
f 2864 6346 4755
f 2865 5725 3746
f 2866 4452 4793
f 2867 4420 6233
f 2867 5932 4420
f 2868 6549 6469
f 2868 6856 5320
f 2869 6751 5044
f 2870 4664 6273
f 2872 2973 4523
f 2872 4523 4608
f 2873 2979 6151
f 2874 3938 6896
f 2874 6896 4119
f 2876 4755 4878
f 2876 4878 6747
f 2876 6747 2985
f 2877 3856 6120
f 2877 4054 5066
f 2878 3627 5541
f 2878 5478 3627
f 2878 6989 5478
f 2879 3741 6890
f 2879 4431 4319
f 2879 6366 3741
f 2880 3240 6003
f 2880 4703 3240
f 2881 5339 6194
f 2881 5988 3255
f 2881 6194 5988
f 2882 3825 5230
f 2882 4642 3825
f 2883 4686 6186
f 2883 6186 6974
f 2884 2982 6794
f 2884 3485 5659
f 2884 6794 3485
f 2885 4697 6754
f 2885 5228 6712
f 2885 6712 4697
f 2885 6754 4482
f 2886 2983 7092
f 2886 3724 7050
f 2886 6761 7182
f 2886 7050 6761
f 2886 7092 3724
f 2886 7182 2983
f 2887 4222 4157
f 2888 2990 4212
f 2888 4212 6876
f 2888 4793 2990
f 2889 3877 7088
f 2889 5704 3877
f 2890 2986 3265
f 2890 3429 6950
f 2891 3508 3593
f 2892 3655 5519
f 2892 5519 6537
f 2892 6537 5527
f 2894 3257 7184
f 2894 3421 6219
f 2894 5006 3257
f 2894 5117 5006
f 2894 5555 3421
f 2894 7184 5555
f 2895 3162 2997
f 2895 4088 5121
f 2895 5121 3162
f 2896 3535 5764
f 2896 5023 5868
f 2896 5075 5023
f 2896 5764 5075
f 2896 5868 3535
f 2897 3818 6922
f 2897 4108 5004
f 2897 5004 3818
f 2897 5216 4108
f 2897 6922 5216
f 2898 3032 3855
f 2898 3855 7084
f 2898 5495 6193
f 2898 6193 3032
f 2898 7084 5495
f 2900 5217 7174
f 2900 6126 3651
f 2900 7174 6126
f 2901 2984 5183
f 2901 4068 3997
f 2901 5049 4068
f 2901 5183 5049
f 2902 5526 5607
f 2902 5629 5526
f 2902 6042 5629
f 2902 6240 6042
f 2903 6261 5774
f 2904 4382 4043
f 2904 4557 4382
f 2904 6683 4557
f 2905 5263 6127
f 2906 3688 4305
f 2906 4305 6482
f 2906 5616 6769
f 2906 6482 5616
f 2906 6769 3688
f 2907 4744 5971
f 2907 6386 4744
f 2907 6599 6386
f 2908 4704 4805
f 2909 4188 5474
f 2909 5474 3760
f 2910 3140 5900
f 2910 5158 3140
f 2911 4957 6567
f 2911 5167 4827
f 2912 4595 6443
f 2912 5877 4595
f 2913 3898 5487
f 2913 5140 6841
f 2913 5487 5993
f 2913 5993 5140
f 2913 6841 3898
f 2914 4719 4179
f 2915 3626 5611
f 2915 5611 3169
f 2917 3961 5982
f 2917 6738 3961
f 2918 3553 7146
f 2918 4478 4591
f 2918 4591 3553
f 2918 7146 3441
f 2919 4874 6876
f 2919 6915 4789
f 2920 4632 5681
f 2921 3010 5312
f 2923 6882 7013
f 2924 6110 6583
f 2924 6583 4908
f 2925 5032 5227
f 2925 5227 4059
f 2925 6667 5032
f 2926 3753 4917
f 2927 5740 4273
f 2929 4815 5893
f 2929 5504 4815
f 2930 6176 5787
f 2933 3280 6083
f 2933 4481 6978
f 2933 6083 4481
f 2934 3957 5892
f 2934 4736 3957
f 2934 5746 4736
f 2935 3486 6897
f 2935 3596 3486
f 2935 6897 6459
f 2936 3201 6652
f 2936 3562 7089
f 2936 4200 6587
f 2936 6587 3562
f 2936 6652 4200
f 2936 7089 3201
f 2937 2992 5877
f 2937 6217 2992
f 2938 6959 5652
f 2939 5607 3785
f 2939 6868 4846
f 2940 4667 6174
f 2940 4735 4667
f 2940 4893 4735
f 2940 6174 6326
f 2940 6326 6399
f 2940 6399 4893
f 2941 4272 4795
f 2941 4795 4933
f 2941 4933 6790
f 2941 6790 4272
f 2942 4764 5293
f 2942 6657 4764
f 2942 6726 6657
f 2943 4787 3318
f 2943 6007 4014
f 2944 5437 5687
f 2945 3115 6900
f 2945 3586 5968
f 2945 5968 3115
f 2945 6121 3586
f 2945 6230 6121
f 2945 6900 6230
f 2946 3967 6937
f 2946 5543 3967
f 2946 6937 5580
f 2948 6985 5069
f 2949 3716 6675
f 2949 6675 5279
f 2950 3133 6444
f 2950 3296 6163
f 2950 4445 4463
f 2950 4463 3296
f 2950 6163 3133
f 2950 6444 4445
f 2951 4477 5128
f 2951 4783 4517
f 2951 5128 4783
f 2951 7026 4477
f 2952 5577 5645
f 2952 5645 3962
f 2953 4671 6745
f 2953 4791 6842
f 2953 6076 4791
f 2953 6530 4671
f 2953 6745 6076
f 2953 6842 6530
f 2954 4842 4895
f 2954 4895 6509
f 2954 5116 5620
f 2954 5620 4842
f 2954 6509 5116
f 2955 3664 4247
f 2956 3968 6766
f 2956 4932 5032
f 2956 6766 3371
f 2957 7091 4894
f 2958 4740 5142
f 2958 5078 4740
f 2959 5710 4065
f 2959 7197 5710
f 2960 6823 3252
f 2962 3070 4482
f 2963 3347 3464
f 2963 3464 3270
f 2963 4151 3347
f 2965 3371 6766
f 2965 4066 6158
f 2965 5155 4066
f 2965 6158 3371
f 2965 6766 5155
f 2966 3098 7122
f 2966 7122 6752
f 2967 3377 6527
f 2967 4880 3377
f 2967 6527 6626
f 2967 6626 6714
f 2968 3152 7168
f 2968 3303 3152
f 2969 4384 5839
f 2969 6204 4384
f 2969 7055 6204
f 2969 7163 7055
f 2970 6035 6602
f 2970 6381 6035
f 2970 6602 6384
f 2972 5786 4810
f 2973 4362 3396
f 2975 4698 6837
f 2975 6837 4641
f 2976 4057 4155
f 2976 4155 5408
f 2976 5408 4988
f 2977 3687 6264
f 2977 6264 6299
f 2978 7201 5181
f 2980 3087 5095
f 2980 5095 6108
f 2981 4667 4735
f 2981 5198 6472
f 2981 6472 4667
f 2983 5384 7092
f 2984 6733 5183
f 2985 5075 5764
f 2985 5764 3535
f 2985 6747 3527
f 2986 3396 3265
f 2987 5163 5489
f 2988 6026 5818
f 2989 3641 5623
f 2990 4793 6838
f 2990 6838 5104
f 2991 3682 3924
f 2991 3924 6686
f 2992 4528 5350
f 2992 5350 5877
f 2993 6338 5173
f 2993 6805 6338
f 2994 5363 4819
f 2994 5774 5363
f 2994 7141 5774
f 2995 4997 3166
f 2995 7061 4997
f 2996 4871 6789
f 2996 7097 4659
f 2997 3060 3095
f 2997 3162 5530
f 2997 5530 3060
f 2998 3096 6345
f 2998 3575 7093
f 2998 7093 3096
f 2999 5449 6195
f 2999 5696 5449
f 2999 7072 5696
f 3000 3124 5122
f 3000 6259 3124
f 3000 6617 6259
f 3001 3853 3101
f 3001 6426 3853
f 3002 6147 3984
f 3003 5931 7053
f 3003 7053 3251
f 3005 5788 5691
f 3006 4559 6431
f 3006 6909 4559
f 3007 4094 5488
f 3007 4268 5890
f 3007 5488 4268
f 3007 7001 4094
f 3008 3094 5723
f 3010 4327 5312
f 3011 6138 4989
f 3012 4220 4296
f 3012 7099 4220
f 3013 4125 5053
f 3013 5053 5460
f 3013 5460 4861
f 3014 3122 7027
f 3014 5857 3122
f 3014 7027 4978
f 3015 5164 6914
f 3015 6914 5367
f 3016 3188 5524
f 3016 3230 5567
f 3016 5076 7042
f 3016 5524 5843
f 3016 5567 3188
f 3016 5843 5076
f 3016 7042 3230
f 3017 3294 4780
f 3017 4680 3294
f 3017 4780 5837
f 3018 5055 5444
f 3019 3754 4943
f 3019 4943 6883
f 3019 6519 3754
f 3019 6883 6519
f 3020 6304 5461
f 3021 3090 5402
f 3021 5134 3972
f 3021 5249 5134
f 3021 5402 5249
f 3022 5187 5915
f 3023 6849 6786
f 3024 5590 6733
f 3025 5147 6523
f 3025 6523 4374
f 3026 4008 3100
f 3026 6265 7119
f 3026 7119 4008
f 3028 3245 7181
f 3028 5237 3245
f 3028 5970 5237
f 3028 6958 5970
f 3028 7181 6958
f 3029 4264 5738
f 3029 4524 4852
f 3029 4852 4264
f 3029 5738 6359
f 3030 5447 6152
f 3030 7046 5447
f 3031 4363 6667
f 3031 6410 6178
f 3032 6193 5224
f 3033 5748 3805
f 3033 7175 7007
f 3034 3228 6421
f 3034 5174 6672
f 3034 6421 5174
f 3034 6672 3228
f 3035 5646 3366
f 3035 6867 6998
f 3035 6998 5646
f 3036 3097 5315
f 3036 5315 4196
f 3036 6052 3097
f 3036 6300 6052
f 3037 3999 4212
f 3037 4212 4822
f 3037 4822 6662
f 3038 4348 4429
f 3038 4429 4625
f 3038 6465 4348
f 3040 4278 7200
f 3041 4227 7010
f 3041 6693 4227
f 3041 7010 4699
f 3042 3218 6596
f 3042 6596 3411
f 3043 6678 4262
f 3043 6860 6678
f 3044 4159 5816
f 3044 4270 4159
f 3044 6508 4270
f 3045 4637 6571
f 3045 5050 4637
f 3045 6283 5050
f 3045 6571 6283
f 3046 3500 3601
f 3046 3601 4606
f 3046 4606 5474
f 3047 4984 3720
f 3048 3158 5841
f 3048 3884 4540
f 3048 4096 3884
f 3048 4540 3158
f 3048 5841 4096
f 3049 4483 7108
f 3049 5913 3151
f 3049 6804 4483
f 3049 7108 5913
f 3050 3185 5824
f 3050 4741 3185
f 3051 6861 6291
f 3054 3155 5675
f 3054 4535 3155
f 3054 5675 5479
f 3054 6771 4535
f 3055 3312 7037
f 3055 3994 3312
f 3055 7037 4683
f 3056 3792 6852
f 3056 5903 7071
f 3057 7203 4112
f 3058 3153 6872
f 3058 3738 6293
f 3058 3893 6569
f 3058 6569 3153
f 3058 6872 3738
f 3059 5851 6417
f 3059 6417 7064
f 3060 5530 4178
f 3062 5533 5785
f 3063 4913 6356
f 3063 5913 7108
f 3064 5451 6070
f 3064 6070 4838
f 3065 5210 5331
f 3065 6492 5210
f 3066 4447 4858
f 3066 4809 4447
f 3066 5528 4809
f 3066 5641 5528
f 3067 6784 5165
f 3068 6816 3156
f 3069 3160 3765
f 3069 3765 6352
f 3069 4884 4677
f 3070 5297 4482
f 3071 4064 3393
f 3073 6359 5738
f 3074 5301 4236
f 3074 5968 4536
f 3075 3219 4965
f 3075 4965 3713
f 3075 7115 3219
f 3076 4407 6981
f 3076 5596 5644
f 3076 5644 3854
f 3076 6981 5596
f 3076 7082 4407
f 3077 3971 4977
f 3079 5673 6995
f 3079 6995 5501
f 3080 3197 6311
f 3080 4912 6731
f 3080 6311 6607
f 3080 6607 4912
f 3081 4439 6231
f 3081 4618 4439
f 3081 6231 6325
f 3081 6325 6971
f 3081 6971 4618
f 3084 5275 5446
f 3084 5446 5516
f 3085 5388 6510
f 3086 3326 6375
f 3086 4037 3326
f 3086 6375 6039
f 3087 3341 6595
f 3087 6595 5095
f 3088 3783 5325
f 3088 3813 5856
f 3088 5325 3813
f 3088 5539 3783
f 3088 5856 6881
f 3088 6881 5539
f 3090 4701 6650
f 3091 4341 5729
f 3091 5729 4271
f 3091 6706 6959
f 3092 4168 4421
f 3092 4384 4168
f 3093 3901 6955
f 3094 3900 3154
f 3096 4751 6345
f 3096 7093 5880
f 3097 4190 5315
f 3098 3499 6426
f 3098 5559 7122
f 3098 6426 7066
f 3098 7066 5559
f 3099 4571 6188
f 3100 3882 5345
f 3100 4008 3882
f 3101 3853 5998
f 3101 5998 6517
f 3103 3708 6886
f 3103 4530 3708
f 3103 6886 5634
f 3104 5264 5417
f 3104 5417 7000
f 3105 4002 6263
f 3105 4429 5103
f 3105 5103 4969
f 3106 3906 7078
f 3106 6249 3906
f 3106 7078 4707
f 3107 4034 6732
f 3107 6159 4034
f 3107 6445 6477
f 3107 6477 6159
f 3108 3215 6963
f 3108 3836 5713
f 3108 5508 3215
f 3108 5713 5508
f 3108 6963 3836
f 3109 3307 5875
f 3110 5412 5225
f 3111 3599 7160
f 3111 7160 5566
f 3112 3297 4940
f 3112 3402 3297
f 3112 3760 4467
f 3112 4467 3402
f 3113 4498 5456
f 3113 6451 4498
f 3114 3275 4777
f 3114 4777 5133
f 3115 4354 6900
f 3116 4786 5800
f 3116 5662 6677
f 3116 5800 5662
f 3116 6677 7201
f 3116 7201 4786
f 3117 3217 7072
f 3117 3501 3217
f 3117 5391 7054
f 3117 7054 3501
f 3117 7072 5391
f 3118 6343 5059
f 3119 3155 6560
f 3119 3228 3205
f 3119 6560 6710
f 3120 3233 6210
f 3120 7142 3233
f 3121 5425 6430
f 3121 6430 4785
f 3121 6655 5425
f 3122 4737 7027
f 3122 5170 6939
f 3122 5857 5170
f 3122 6939 4737
f 3123 4137 5368
f 3125 5560 5841
f 3125 5841 6080
f 3125 6080 4151
f 3126 3222 4227
f 3126 4227 6693
f 3126 6693 3547
f 3127 4323 4516
f 3127 5067 6658
f 3127 6736 4323
f 3128 3973 6949
f 3128 6949 6069
f 3130 3221 6975
f 3130 5765 3375
f 3130 6975 5765
f 3131 3653 4566
f 3131 4566 5295
f 3131 5295 3826
f 3131 6134 3653
f 3132 4441 3220
f 3133 4610 6444
f 3133 5683 4610
f 3133 6163 5683
f 3134 6875 5279
f 3135 3315 6568
f 3136 4544 3216
f 3136 6302 4544
f 3137 4829 6227
f 3137 5301 4829
f 3138 3877 6339
f 3138 6339 5094
f 3138 7088 3877
f 3139 3224 4921
f 3139 3876 3224
f 3139 4713 5778
f 3139 4921 4713
f 3139 5778 3876
f 3140 5158 6948
f 3141 5701 5201
f 3143 4763 5561
f 3143 5561 5944
f 3144 5259 6463
f 3145 5253 6489
f 3145 5618 5721
f 3145 5874 5618
f 3145 6489 5874
f 3145 6986 5253
f 3147 4350 4432
f 3147 4432 6532
f 3147 6532 4261
f 3149 3398 5435
f 3149 6639 3398
f 3150 4258 5170
f 3150 5170 5857
f 3151 5204 3286
f 3151 5913 5204
f 3153 3225 4775
f 3153 4775 6872
f 3154 5291 5405
f 3155 4535 6560
f 3156 6816 5199
f 3156 7033 3674
f 3157 3278 6430
f 3158 4540 6602
f 3158 6035 5841
f 3158 6602 6035
f 3159 5651 4067
f 3160 6692 3765
f 3161 4771 7123
f 3161 6413 5522
f 3161 7123 6413
f 3162 5121 3218
f 3163 3991 6600
f 3163 6600 4240
f 3165 4029 6474
f 3165 4303 6779
f 3165 6474 4303
f 3166 3883 5763
f 3166 4997 5830
f 3166 5763 3590
f 3166 5830 3883
f 3168 4849 6320
f 3168 6807 4849
f 3168 6873 6807
f 3170 3744 6327
f 3170 6190 4570
f 3170 6327 6190
f 3171 3362 3466
f 3171 3725 3362
f 3172 6090 5911
f 3173 3673 5897
f 3173 4920 6757
f 3173 5897 4920
f 3173 6068 7112
f 3173 6757 6068
f 3173 7112 3673
f 3174 6440 5678
f 3174 6551 6440
f 3175 6418 3684
f 3176 4815 5112
f 3176 5112 4927
f 3177 3328 5576
f 3177 4399 3328
f 3177 4828 5500
f 3177 5500 4399
f 3179 4213 6974
f 3179 4337 5835
f 3179 6974 4337
f 3180 5785 4795
f 3181 3961 5535
f 3181 5535 5978
f 3181 5589 5982
f 3181 5978 6282
f 3181 5982 3961
f 3181 6282 5589
f 3183 3485 6794
f 3184 3711 5518
f 3184 6311 3711
f 3185 3704 5824
f 3185 4741 6106
f 3185 6345 3704
f 3186 6879 3370
f 3187 3219 4422
f 3187 5917 4857
f 3188 5567 5078
f 3190 5477 4706
f 3191 4235 4958
f 3192 5561 5636
f 3192 5944 5561
f 3193 4166 5990
f 3193 4295 4166
f 3193 5470 4295
f 3193 5990 5470
f 3194 4899 6071
f 3195 5174 6421
f 3195 5789 5174
f 3195 6628 4844
f 3196 4626 7133
f 3196 4899 4626
f 3196 6234 4899
f 3196 7133 6234
f 3198 3943 3820
f 3200 4440 6218
f 3200 4860 4440
f 3201 7089 6869
f 3202 3710 5457
f 3202 5457 3819
f 3203 3846 5893
f 3203 5342 3846
f 3204 3641 5751
f 3204 5008 5104
f 3204 5104 5623
f 3204 5623 3641
f 3205 3228 6672
f 3207 3573 4576
f 3207 4576 4445
f 3207 7036 3573
f 3208 4635 3770
f 3208 5012 4635
f 3208 5669 6605
f 3209 4153 4063
f 3210 6367 3759
f 3210 7022 4004
f 3213 4001 6150
f 3213 4641 4001
f 3213 5610 5828
f 3213 5828 4641
f 3213 6150 6245
f 3213 6245 5610
f 3214 3602 5859
f 3214 5399 6962
f 3214 6962 3602
f 3215 5048 6064
f 3215 5508 5048
f 3215 6064 6963
f 3216 4542 6376
f 3216 6376 3450
f 3217 3501 4442
f 3217 5696 7072
f 3218 5121 6596
f 3219 7115 4422
f 3220 4441 3566
f 3222 4139 4227
f 3223 5668 4964
f 3223 6986 5156
f 3224 3876 5387
f 3224 6783 4921
f 3227 3794 6065
f 3227 5580 6479
f 3227 7020 3794
f 3229 3336 4233
f 3229 4034 4142
f 3229 4142 3336
f 3230 4740 5567
f 3230 7042 4740
f 3233 4347 6210
f 3234 3406 3332
f 3235 7116 6278
f 3236 6363 5250
f 3237 3784 3867
f 3238 3940 5838
f 3238 5035 5116
f 3238 5116 6509
f 3239 4277 6020
f 3239 6020 5930
f 3242 3777 5168
f 3242 5168 5458
f 3243 4147 5119
f 3243 6757 4920
f 3246 4493 6836
f 3246 6167 6237
f 3246 6836 6167
f 3247 3338 6099
f 3247 4670 3338
f 3247 5595 4670
f 3247 6005 6057
f 3247 6057 5595
f 3247 6099 6005
f 3248 5945 7058
f 3248 7058 4577
f 3249 3816 3337
f 3250 4449 5811
f 3250 5811 4602
f 3251 6837 4698
f 3251 7053 7148
f 3251 7148 6837
f 3253 4035 5892
f 3253 5892 3957
f 3253 6943 4035
f 3254 4799 4698
f 3254 5828 5947
f 3256 4584 4468
f 3256 5937 4584
f 3258 5143 6526
f 3258 6526 5362
f 3259 5410 5298
f 3260 6172 6676
f 3262 4242 4414
f 3262 4414 6521
f 3263 3276 4128
f 3263 3334 3276
f 3263 4923 3334
f 3264 3339 6306
f 3264 4715 4810
f 3264 4810 3339
f 3265 3331 5821
f 3265 3396 3331
f 3266 3342 4972
f 3266 4687 4812
f 3266 4812 6305
f 3266 4972 4687
f 3266 5834 3342
f 3266 6305 5834
f 3267 4879 7189
f 3268 3289 6573
f 3268 3399 3289
f 3269 4687 4972
f 3269 4771 4687
f 3269 4918 4771
f 3269 4972 4918
f 3271 5242 7128
f 3271 6659 5242
f 3271 7128 3731
f 3272 3808 6919
f 3272 4153 6390
f 3272 5472 6646
f 3272 6390 5472
f 3272 6646 3808
f 3273 6331 3421
f 3274 5465 6161
f 3274 6161 6884
f 3275 5682 4777
f 3276 4019 4128
f 3279 5112 5504
f 3279 5504 4435
f 3281 4060 7014
f 3281 4867 4060
f 3281 5554 3985
f 3281 6908 5554
f 3281 7014 6908
f 3282 4225 6481
f 3282 6481 5420
f 3282 6539 4225
f 3283 4051 4685
f 3283 5354 6298
f 3284 5318 6171
f 3284 5863 5318
f 3284 6171 6296
f 3284 6296 5863
f 3285 5262 6511
f 3285 6511 4309
f 3286 4239 5248
f 3287 4766 5483
f 3287 5483 6494
f 3287 6344 3927
f 3287 6494 6344
f 3288 7024 4176
f 3290 4742 6558
f 3290 5980 5310
f 3292 3397 5820
f 3292 3474 3397
f 3292 4468 3474
f 3293 6467 6135
f 3295 4826 5742
f 3295 5202 4826
f 3295 5742 4021
f 3296 4463 3888
f 3297 3402 4582
f 3297 4582 6835
f 3297 6835 4940
f 3298 5120 6815
f 3298 5679 5120
f 3301 5300 6686
f 3301 5497 5300
f 3301 6686 6066
f 3302 5596 6981
f 3302 5922 6755
f 3302 6755 5596
f 3304 3403 5517
f 3304 3472 3403
f 3304 6391 3472
f 3305 3357 5486
f 3305 4798 5867
f 3306 5383 3514
f 3308 3405 7056
f 3308 5907 6156
f 3308 6156 3405
f 3308 7056 5907
f 3310 3989 4665
f 3310 4665 5551
f 3310 5411 3989
f 3310 5551 6154
f 3310 6154 5411
f 3311 3982 5613
f 3313 3738 5550
f 3313 5550 5534
f 3313 6293 3738
f 3314 3948 5103
f 3314 5103 7157
f 3314 7054 5391
f 3314 7157 7054
f 3315 3911 6568
f 3316 6153 6243
f 3316 6243 6552
f 3317 7110 5969
f 3319 4117 7163
f 3320 4640 4990
f 3320 4990 7059
f 3322 4797 6260
f 3322 5083 5382
f 3322 6260 5083
f 3323 5432 7143
f 3323 7143 4091
f 3324 4107 6428
f 3324 6428 6964
f 3324 6964 4781
f 3325 3398 6513
f 3325 3467 3534
f 3325 3534 6301
f 3325 6301 3398
f 3326 4578 5959
f 3326 5959 6904
f 3327 6144 5001
f 3327 6935 4776
f 3329 3484 6630
f 3329 4475 3389
f 3329 6630 4475
f 3331 6358 5821
f 3332 3406 4100
f 3333 4203 6123
f 3333 5200 4203
f 3333 6214 5200
f 3334 4923 7116
f 3335 4648 4144
f 3335 6839 6847
f 3335 6847 4648
f 3336 4142 5376
f 3337 3816 5722
f 3337 5722 4210
f 3338 5388 6099
f 3339 4810 5786
f 3339 5268 6179
f 3339 5321 6306
f 3339 5786 5268
f 3339 6179 5321
f 3340 6477 7139
f 3341 3407 3469
f 3341 3469 6595
f 3341 3979 3407
f 3342 4567 4972
f 3343 6155 4555
f 3344 6725 6858
f 3344 6858 6936
f 3344 6936 4182
f 3345 4175 5904
f 3346 6582 4675
f 3346 6715 6582
f 3347 3581 3464
f 3347 4151 6278
f 3347 6278 7116
f 3347 7116 3581
f 3348 4904 6432
f 3348 5002 6168
f 3348 6168 4904
f 3348 6206 6423
f 3348 6423 5002
f 3350 6746 6853
f 3351 5178 6048
f 3351 6084 5178
f 3352 6027 5889
f 3353 4658 5782
f 3353 4837 7025
f 3353 5782 4837
f 3353 7025 6337
f 3354 6716 6844
f 3355 5493 5366
f 3356 6753 3605
f 3357 4521 5290
f 3357 5290 5486
f 3358 3679 4120
f 3358 5310 5980
f 3358 5980 3679
f 3359 5957 4600
f 3359 6357 5957
f 3360 5188 4545
f 3361 4120 4926
f 3361 4926 6285
f 3361 6285 4946
f 3362 3725 6726
f 3362 4963 3466
f 3363 3453 6579
f 3363 3637 3453
f 3363 6642 3637
f 3364 4359 4774
f 3364 6500 4359
f 3366 5646 5825
f 3366 6723 6851
f 3366 6851 4971
f 3367 5336 6107
f 3367 5688 6200
f 3368 6012 3944
f 3368 6414 6532
f 3369 4870 3471
f 3369 5765 4546
f 3370 6578 4070
f 3370 6879 6578
f 3372 5181 6605
f 3373 3774 6790
f 3373 4287 3774
f 3373 6442 7023
f 3374 4328 4994
f 3376 4519 3933
f 3376 4605 4519
f 3377 4682 6609
f 3377 4880 4682
f 3377 6609 6527
f 3378 5691 5070
f 3378 5872 5691
f 3379 5329 7095
f 3379 5465 6297
f 3379 7095 5465
f 3380 4941 6438
f 3381 5466 6148
f 3381 5986 6093
f 3381 6148 5986
f 3382 6475 6081
f 3383 4202 5987
f 3384 3919 6627
f 3384 6980 3919
f 3385 5468 5575
f 3387 3701 5598
f 3387 4988 5307
f 3387 5085 5984
f 3387 5307 6540
f 3387 5598 4988
f 3387 5984 3701
f 3387 6540 5085
f 3388 3468 6281
f 3390 3913 6990
f 3390 5759 3913
f 3390 6294 5759
f 3390 6990 6294
f 3391 4909 6643
f 3391 6643 3766
f 3392 6559 4308
f 3395 3461 6938
f 3395 6938 6831
f 3397 6241 4813
f 3398 3460 6513
f 3398 6301 5435
f 3398 6639 3460
f 3401 3624 4962
f 3401 6127 6768
f 3401 6768 3624
f 3402 4467 4773
f 3403 4697 6581
f 3403 6581 5517
f 3405 5000 5115
f 3405 5115 6140
f 3405 6140 7056
f 3407 3979 7089
f 3407 5873 3469
f 3407 7089 5873
f 3408 5286 5709
f 3408 5947 6018
f 3408 6018 5286
f 3409 6918 5294
f 3411 6596 6679
f 3412 5642 5232
f 3413 6617 6377
f 3414 6353 6877
f 3414 6877 7039
f 3414 7039 6053
f 3415 3849 6081
f 3415 4110 5681
f 3415 6081 4110
f 3416 4540 3884
f 3416 5698 4540
f 3418 4370 4510
f 3419 4817 5964
f 3419 5372 4817
f 3419 6727 5372
f 3421 5555 4364
f 3421 6331 6219
f 3423 4604 7137
f 3423 7137 5571
f 3424 5175 6574
f 3424 5767 5992
f 3424 5992 7165
f 3424 7165 5175
f 3425 4358 4087
f 3425 4669 4358
f 3429 6428 6950
f 3429 6964 6428
f 3430 5166 6770
f 3430 6829 5166
f 3432 4253 4550
f 3432 6813 4253
f 3432 7064 5593
f 3433 3876 7107
f 3433 5387 3876
f 3434 5343 4169
f 3435 5219 5339
f 3435 5339 4646
f 3436 6028 3468
f 3437 4051 4919
f 3437 5022 6395
f 3437 6395 4051
f 3438 6195 5449
f 3439 3650 5975
f 3439 5975 4860
f 3440 3463 6934
f 3440 5443 6565
f 3440 6934 5443
f 3442 6645 5276
f 3442 6840 4191
f 3443 3892 5735
f 3445 5084 6898
f 3445 5233 6586
f 3445 5333 5233
f 3445 6586 6709
f 3445 6709 5084
f 3445 6898 5333
f 3446 5537 6360
f 3447 5349 4158
f 3448 6629 5352
f 3449 6603 3892
f 3454 3588 6419
f 3454 3624 6122
f 3454 5072 3624
f 3454 6419 5072
f 3457 4414 6960
f 3457 5322 3761
f 3457 6521 4414
f 3457 6960 5322
f 3459 4040 5955
f 3460 5556 6513
f 3460 6639 6983
f 3460 6983 5556
f 3461 5292 6862
f 3462 3964 4682
f 3462 4682 4803
f 3462 5832 3964
f 3462 6793 5832
f 3463 5001 6934
f 3464 3581 6774
f 3465 3512 5207
f 3466 4963 6704
f 3467 3660 3534
f 3467 3907 5657
f 3467 5657 3660
f 3467 6458 3907
f 3468 6028 6281
f 3469 5873 4458
f 3470 4160 6887
f 3470 6887 7142
f 3470 7142 5480
f 3471 4870 6930
f 3471 6930 6803
f 3472 5313 5922
f 3472 6391 5313
f 3473 4975 6680
f 3474 4468 4584
f 3475 3627 7128
f 3475 4932 5541
f 3475 5227 4932
f 3475 5541 3627
f 3477 3788 6899
f 3477 3839 5151
f 3477 4041 3839
f 3477 5151 7030
f 3477 7030 3788
f 3479 3673 5996
f 3479 5996 7145
f 3480 6183 6360
f 3480 6360 6648
f 3480 6648 5772
f 3481 4807 6984
f 3481 6589 5468
f 3481 6984 6589
f 3482 3565 4511
f 3483 3600 7180
f 3483 6253 3600
f 3483 7180 6034
f 3486 3596 5600
f 3486 5956 6897
f 3487 4976 6132
f 3487 6132 6246
f 3487 6246 6966
f 3487 6966 4976
f 3488 6361 6729
f 3488 6729 3771
f 3489 5522 4867
f 3490 3598 6872
f 3490 3871 6752
f 3490 6752 7122
f 3490 6872 3871
f 3491 4866 6100
f 3491 6100 4854
f 3491 6332 4866
f 3492 6096 3650
f 3492 6212 4613
f 3493 4434 7079
f 3493 7079 5455
f 3494 4217 6825
f 3495 4633 5658
f 3496 5378 3580
f 3497 4298 4731
f 3497 4731 4594
f 3498 5584 4442
f 3499 5056 6426
f 3499 6987 6228
f 3501 6128 4442
f 3501 7054 6128
f 3502 6122 6614
f 3503 3597 4554
f 3503 3670 3597
f 3503 7124 3670
f 3504 3935 4016
f 3504 4016 6606
f 3504 5762 3935
f 3504 6606 5762
f 3505 3793 6086
f 3505 4038 3793
f 3505 6741 4038
f 3506 3590 5763
f 3506 5176 3590
f 3506 5763 7113
f 3506 5883 5176
f 3506 7113 5883
f 3507 4376 7004
f 3507 4508 6848
f 3507 6848 4376
f 3510 3664 3589
f 3513 3587 4816
f 3513 4816 6666
f 3513 5172 6385
f 3513 6385 3587
f 3513 6666 5172
f 3515 6526 4258
f 3516 3595 6079
f 3516 5168 3595
f 3518 5459 5198
f 3519 5285 7117
f 3519 7117 3857
f 3520 4497 6996
f 3520 5622 4497
f 3520 6996 4772
f 3521 5099 5512
f 3521 5512 5630
f 3521 5630 7038
f 3521 5642 6499
f 3521 6499 5099
f 3521 7038 5642
f 3522 3592 4332
f 3522 6078 3592
f 3522 6618 6078
f 3523 5124 6018
f 3523 6018 5947
f 3524 5224 6193
f 3524 5305 5407
f 3524 5407 5224
f 3524 6193 5305
f 3525 4228 5655
f 3525 4739 6961
f 3525 5655 4739
f 3526 3988 6168
f 3526 6168 6559
f 3526 6728 3988
f 3528 4240 6600
f 3528 4651 4240
f 3529 3657 3591
f 3530 3577 5111
f 3530 5111 4986
f 3530 6267 3577
f 3531 5294 6918
f 3532 5014 5852
f 3532 5852 4036
f 3535 5818 5943
f 3535 5868 5818
f 3536 3656 7101
f 3536 7101 5819
f 3537 3603 6354
f 3537 4883 6222
f 3537 6354 4883
f 3538 3676 6976
f 3538 4648 4725
f 3538 4725 3676
f 3539 3600 6253
f 3539 6253 4423
f 3539 6333 3600
f 3540 3645 3662
f 3540 3662 5851
f 3540 4457 3645
f 3540 4577 4457
f 3540 5851 6736
f 3540 6736 4577
f 3541 3663 6961
f 3541 4739 5655
f 3541 5655 6312
f 3541 6312 3663
f 3541 6961 4739
f 3543 5859 6162
f 3543 6724 5859
f 3544 5107 5192
f 3544 5879 5107
f 3546 6205 6317
f 3546 6317 6402
f 3546 6402 6255
f 3546 6664 6205
f 3547 3823 3937
f 3547 6693 5207
f 3548 3658 6666
f 3548 4816 7083
f 3548 6666 4816
f 3548 7083 5895
f 3550 3644 6000
f 3550 6000 6781
f 3551 4405 6214
f 3551 4827 5167
f 3551 6214 4326
f 3553 4774 6211
f 3553 6211 7146
f 3554 4103 4998
f 3554 6185 5926
f 3555 3661 5987
f 3555 5693 3661
f 3555 5791 5693
f 3555 5987 6697
f 3556 4629 4723
f 3556 4911 5640
f 3557 4424 4331
f 3558 6991 6913
f 3560 5514 7187
f 3561 6588 6711
f 3562 5319 5873
f 3562 5873 7089
f 3562 6587 5319
f 3564 5756 6739
f 3564 6739 6225
f 3565 6116 4511
f 3566 3874 4635
f 3566 4441 3874
f 3567 5393 5499
f 3567 5499 6110
f 3567 6810 5393
f 3568 3659 6393
f 3568 5752 6480
f 3568 6480 3659
f 3569 3666 5340
f 3569 5340 5211
f 3569 5359 3666
f 3571 6072 6616
f 3572 5029 4929
f 3572 7013 3996
f 3573 6044 4576
f 3573 7036 4192
f 3574 6870 6270
f 3575 5957 6357
f 3575 6106 5957
f 3575 6357 7093
f 3576 3622 6068
f 3576 6068 6757
f 3577 5185 5111
f 3579 4795 5785
f 3579 4891 4795
f 3579 5785 5533
f 3580 5378 5186
f 3582 4224 5442
f 3582 5442 6517
f 3583 4237 5904
f 3583 5904 6954
f 3584 5888 6148
f 3584 6148 5466
f 3585 4460 6199
f 3585 5391 7072
f 3586 4536 5968
f 3586 6121 6247
f 3586 6247 4267
f 3587 4607 7083
f 3587 6385 4315
f 3587 7083 4816
f 3589 3664 3667
f 3591 3610 5086
f 3591 5086 4413
f 3592 4560 6871
f 3592 6078 4560
f 3593 3737 3668
f 3594 3739 6303
f 3595 5168 3777
f 3597 7193 4554
f 3598 3738 6872
f 3598 5550 3738
f 3599 4672 7044
f 3599 7044 7160
f 3600 6150 7180
f 3600 6245 6150
f 3600 6333 6245
f 3604 3659 6368
f 3604 6368 5152
f 3605 6753 3995
f 3606 5846 4065
f 3608 4889 4845
f 3608 5965 4889
f 3609 6471 4353
f 3610 4571 5086
f 3612 4552 5018
f 3612 5018 5208
f 3612 6323 4552
f 3613 3732 6498
f 3613 5082 5293
f 3613 5293 4764
f 3613 6498 5082
f 3614 3736 4847
f 3615 3740 4375
f 3615 4375 7151
f 3615 4377 3740
f 3616 4067 5651
f 3617 5151 5317
f 3617 6756 5151
f 3617 6785 6756
f 3619 4598 6401
f 3619 6401 5836
f 3619 7006 4598
f 3620 5807 6324
f 3620 6215 4005
f 3620 6324 6215
f 3621 5000 6758
f 3621 5656 3943
f 3621 6758 5656
f 3622 6588 6068
f 3622 6711 6588
f 3623 3811 6434
f 3623 4627 6457
f 3623 5736 3811
f 3623 6434 6635
f 3623 6457 5736
f 3623 6635 4627
f 3624 5072 4962
f 3625 3663 6312
f 3625 6281 3663
f 3625 6312 5719
f 3626 5954 5611
f 3627 3731 7128
f 3627 5478 3731
f 3628 5047 6590
f 3629 4517 4783
f 3629 6712 4517
f 3630 5395 6082
f 3630 6082 4853
f 3633 6896 4018
f 3634 4499 6952
f 3634 4951 6497
f 3634 6497 4499
f 3636 3831 6468
f 3636 6468 6806
f 3638 5448 3733
f 3639 5606 4054
f 3640 5806 6969
f 3640 6969 5919
f 3642 4908 6583
f 3643 3791 6050
f 3643 6466 3791
f 3644 4974 6000
f 3644 5885 4974
f 3645 4457 6088
f 3646 4978 7027
f 3647 6644 6882
f 3647 6980 5445
f 3649 4671 6530
f 3649 6530 6713
f 3650 6096 5975
f 3651 6126 6867
f 3652 4733 6599
f 3652 6843 4733
f 3653 4684 7098
f 3653 6134 4684
f 3653 6437 4566
f 3653 7098 6437
f 3654 6036 4486
f 3658 5215 7172
f 3658 5597 6666
f 3658 6557 5215
f 3658 7172 5597
f 3660 5657 5792
f 3661 5693 4975
f 3662 5467 5851
f 3663 3890 6961
f 3665 6440 6551
f 3665 6551 5563
f 3665 6633 6440
f 3670 7124 3730
f 3671 4411 4625
f 3671 4625 6196
f 3671 5866 4411
f 3672 4134 6160
f 3672 4284 4134
f 3672 6160 6663
f 3672 6663 4284
f 3673 4396 5996
f 3673 7112 4396
f 3674 4652 6143
f 3674 7033 4652
f 3675 6962 5369
f 3677 3742 6911
f 3678 5932 5825
f 3679 4926 4120
f 3680 3851 3944
f 3680 3944 5894
f 3680 5894 5433
f 3681 5934 5840
f 3681 6866 5939
f 3683 4234 5780
f 3683 4549 4234
f 3683 5780 5157
f 3685 4448 6949
f 3686 4009 6653
f 3687 3896 4012
f 3687 4012 6264
f 3687 4630 3896
f 3688 4461 6563
f 3688 6769 4461
f 3689 4257 6548
f 3689 6687 4257
f 3689 6919 6687
f 3690 5894 6012
f 3690 6456 5894
f 3691 5418 5256
f 3692 3983 5428
f 3692 4859 3983
f 3692 6394 4859
f 3693 4167 5997
f 3693 4288 7171
f 3693 4568 4954
f 3693 4954 4167
f 3693 5997 4288
f 3693 7171 4568
f 3695 5703 7127
f 3695 6515 5703
f 3696 5019 4824
f 3697 5690 5794
f 3697 5794 6374
f 3697 6374 3861
f 3699 4144 4648
f 3700 6853 6746
f 3700 6935 6853
f 3700 7005 6935
f 3701 6218 5598
f 3702 6978 4481
f 3703 5485 6378
f 3707 4265 6589
f 3707 6589 6984
f 3708 4084 6751
f 3708 4530 6058
f 3708 6751 6886
f 3709 5206 5325
f 3709 5325 5969
f 3710 3903 5457
f 3711 3935 6184
f 3711 4016 3935
f 3711 5619 4016
f 3711 6184 5518
f 3711 6311 5619
f 3712 6166 5464
f 3712 6909 4761
f 3713 4965 6778
f 3713 6434 3811
f 3713 6778 6434
f 3714 5639 5523
f 3714 5723 5639
f 3715 6478 5217
f 3716 4574 6675
f 3717 4588 5290
f 3717 4790 4197
f 3717 5290 4790
f 3717 5349 4588
f 3718 3735 4716
f 3719 4649 5255
f 3719 5255 6495
f 3719 5335 4649
f 3719 6495 7167
f 3719 7167 5335
f 3720 4086 5905
f 3721 4099 6490
f 3721 4301 4099
f 3721 6490 5923
f 3722 5052 6198
f 3723 3950 6647
f 3723 4336 6351
f 3723 6351 3950
f 3724 7092 3837
f 3725 4133 5284
f 3725 5284 6726
f 3727 4489 4541
f 3727 4541 3817
f 3728 6903 6988
f 3730 6227 4829
f 3732 4654 6498
f 3733 5448 5761
f 3733 5761 6564
f 3734 4203 5200
f 3734 5200 5978
f 3734 5535 4203
f 3734 5978 5535
f 3735 5961 4716
f 3736 6031 4847
f 3740 5702 4375
f 3741 4668 6890
f 3741 6366 4668
f 3743 3862 5130
f 3743 6884 3862
f 3744 5585 6327
f 3746 5725 5686
f 3748 4183 6516
f 3748 4415 5562
f 3748 6446 4183
f 3748 6516 4415
f 3749 3948 6199
f 3749 4460 6651
f 3749 4969 3948
f 3749 6199 4460
f 3749 6651 4969
f 3751 7031 7084
f 3751 7084 5586
f 3752 3869 7134
f 3753 3875 4823
f 3754 3872 4943
f 3755 3870 6060
f 3756 3854 4329
f 3756 5602 7082
f 3760 5474 4606
f 3761 5209 3852
f 3761 5322 6369
f 3761 5583 5209
f 3761 6369 5583
f 3763 7040 5583
f 3765 6506 6352
f 3769 5779 6488
f 3770 4635 3874
f 3771 3873 4431
f 3771 6729 3873
f 3772 5472 6390
f 3772 6244 6646
f 3772 6390 3864
f 3772 6646 5472
f 3774 4287 3842
f 3776 6119 3975
f 3776 6172 6119
f 3778 3812 5762
f 3778 3871 3812
f 3778 6752 3871
f 3779 5736 3866
f 3780 6793 3995
f 3780 6915 6793
f 3782 4015 4404
f 3783 5539 7114
f 3783 7114 5194
f 3784 6486 6437
f 3786 7117 5285
f 3789 6770 5364
f 3790 4518 6760
f 3790 5015 4693
f 3790 5341 5015
f 3790 6760 5341
f 3791 5237 5970
f 3791 6466 5237
f 3793 4038 6441
f 3794 5842 6065
f 3795 4650 6641
f 3795 6248 4650
f 3797 3800 6054
f 3799 3934 5842
f 3799 4009 3934
f 3799 5842 6965
f 3799 6653 4009
f 3799 6965 6653
f 3801 6734 6892
f 3802 3945 5594
f 3802 5594 6832
f 3802 5684 3945
f 3802 6832 5684
f 3803 4980 7096
f 3803 7096 6481
f 3804 3955 6061
f 3806 4734 5660
f 3807 4430 6552
f 3807 4947 4430
f 3807 5230 6688
f 3807 6415 5230
f 3807 6552 6415
f 3807 6688 4947
f 3808 3947 5212
f 3808 5212 7161
f 3808 6646 3947
f 3808 7161 6919
f 3809 5969 7110
f 3809 7110 3942
f 3812 3871 4775
f 3812 3935 5762
f 3812 4775 6330
f 3812 6330 3935
f 3813 4565 7159
f 3813 5206 6216
f 3813 5325 5206
f 3813 7041 5856
f 3813 7159 7041
f 3814 6325 5169
f 3814 6774 6971
f 3814 6971 6325
f 3815 4765 6632
f 3815 5034 4765
f 3815 6409 5034
f 3815 6632 6533
f 3818 5004 7029
f 3819 4042 7169
f 3820 3943 5656
f 3822 4043 6186
f 3822 4686 6300
f 3822 6001 4043
f 3822 6186 4686
f 3824 6207 6735
f 3824 6735 4590
f 3825 4897 6688
f 3825 6688 5230
f 3827 4570 6190
f 3827 5853 4356
f 3827 6190 5853
f 3827 7021 4570
f 3828 3836 5469
f 3828 3939 3836
f 3829 6439 6884
f 3830 5087 5429
f 3832 5749 5360
f 3833 4765 4888
f 3833 5169 6407
f 3833 6632 4765
f 3834 4450 4238
f 3834 6668 6864
f 3836 3939 5713
f 3838 6766 6111
f 3839 5317 5151
f 3841 6672 5665
f 3841 6871 4573
f 3842 4287 6299
f 3842 6264 4564
f 3842 6299 6264
f 3844 4824 5019
f 3844 5730 4824
f 3845 6425 6371
f 3846 5342 5487
f 3846 5487 5422
f 3847 5891 5876
f 3847 5901 5891
f 3848 4018 6896
f 3848 6896 3938
f 3850 3936 4567
f 3852 4662 6695
f 3852 5209 4662
f 3853 5056 6902
f 3853 6426 5056
f 3853 6902 5998
f 3855 5288 7084
f 3856 4696 6120
f 3856 5503 4696
f 3858 5226 6303
f 3858 6447 5226
f 3860 4506 6827
f 3862 6884 6439
f 3864 6390 3940
f 3866 5736 6457
f 3867 6476 6538
f 3867 6538 6638
f 3868 6289 6822
f 3871 6872 4775
f 3873 4319 4431
f 3875 6786 6927
f 3875 6927 7005
f 3876 5778 7107
f 3877 5704 7154
f 3877 7154 6339
f 3880 5187 6491
f 3881 4015 6956
f 3882 4008 5482
f 3882 5482 7170
f 3883 5830 7100
f 3883 7100 5272
f 3885 5314 6659
f 3885 6659 4906
f 3886 4010 5906
f 3886 5906 4801
f 3886 6834 4010
f 3887 4006 5400
f 3888 4514 5415
f 3888 5415 5262
f 3889 4834 6979
f 3890 4708 6961
f 3890 5812 4708
f 3891 4011 4567
f 3891 5410 4011
f 3893 5394 6569
f 3893 7028 5394
f 3894 4199 4316
f 3894 6392 4199
f 3895 4007 4613
f 3895 4613 6212
f 3895 6212 4760
f 3896 5450 4012
f 3897 4297 4216
f 3897 5329 5515
f 3897 5515 4297
f 3897 7095 5329
f 3898 5422 5487
f 3898 6841 4201
f 3899 4372 6895
f 3901 5270 6955
f 3903 6492 5457
f 3904 4220 7099
f 3904 6591 4220
f 3904 7099 6539
f 3905 4013 5814
f 3905 4136 6230
f 3905 4263 4136
f 3905 6230 4013
f 3906 5849 7078
f 3906 6169 5849
f 3906 6249 6169
f 3907 6458 7202
f 3908 5794 6628
f 3908 6374 5794
f 3909 5182 5344
f 3909 5344 5420
f 3909 5691 5872
f 3912 4542 5733
f 3912 5733 5551
f 3912 6376 4542
f 3913 4209 6990
f 3913 5759 4695
f 3913 6824 4209
f 3914 3971 5816
f 3914 4179 4977
f 3914 4977 3971
f 3915 6594 5741
f 3916 6436 6550
f 3916 6550 4848
f 3918 6314 6516
f 3918 6516 4183
f 3921 6681 5280
f 3921 6750 6681
f 3922 5395 6541
f 3922 5714 6082
f 3922 6082 5395
f 3922 6541 6367
f 3924 6066 6686
f 3925 5154 5731
f 3925 5731 4014
f 3926 5867 7048
f 3927 5831 6135
f 3927 6344 5831
f 3928 6509 4021
f 3929 4784 7173
f 3930 5375 7176
f 3930 5946 5375
f 3932 4987 4017
f 3933 4519 6689
f 3933 6689 4674
f 3934 4009 6874
f 3934 6065 5842
f 3935 6330 6184
f 3936 4918 4972
f 3936 4972 4567
f 3938 7081 5410
f 3939 5637 5713
f 3942 5254 4386
f 3942 7110 7196
f 3942 7196 5254
f 3944 6012 5894
f 3945 5601 7136
f 3945 5684 6782
f 3945 6782 5601
f 3945 7136 5594
f 3947 4020 5212
f 3948 4969 5103
f 3949 5525 6165
f 3949 5854 5525
f 3949 6165 7131
f 3949 6660 5854
f 3950 6351 5005
f 3950 7139 6647
f 3952 6165 5525
f 3954 5363 5774
f 3954 5774 6261
f 3954 6261 5406
f 3956 4438 6208
f 3956 6208 4353
f 3958 6341 6361
f 3958 6361 7156
f 3958 7156 7020
f 3959 6115 5177
f 3959 6242 6115
f 3961 6738 5535
f 3962 5645 7086
f 3964 6609 4682
f 3965 4113 5426
f 3965 5426 5952
f 3965 5826 4113
f 3966 4599 4310
f 3967 4022 6788
f 3967 6788 6937
f 3968 4031 3994
f 3968 6111 6766
f 3969 5858 6620
f 3970 6168 5002
f 3972 5134 6388
f 3975 5766 7019
f 3975 6119 5766
f 3977 4548 5135
f 3980 4800 6046
f 3980 6046 6886
f 3980 6886 4663
f 3981 6378 5962
f 3982 6615 5613
f 3982 6833 6615
f 3982 6925 6833
f 3983 6200 5688
f 3984 6147 5805
f 3987 4509 4393
f 3988 4904 6168
f 3988 6728 4529
f 3990 6129 4982
f 3991 6763 4476
f 3992 6097 5961
f 3992 7136 7153
f 3992 7153 6097
f 3996 6644 4640
f 3996 6882 6644
f 3996 7013 6882
f 3997 4068 4150
f 3998 4645 5760
f 3998 5416 5692
f 3998 5692 4645
f 3999 6876 4212
f 4000 6745 4671
f 4001 4641 6496
f 4001 4705 6150
f 4001 6496 4705
f 4004 5139 5609
f 4004 5755 5139
f 4004 7022 5755
f 4005 4279 5057
f 4005 6215 4279
f 4007 6256 6941
f 4007 6941 4613
f 4008 5027 7018
f 4008 7018 5482
f 4008 7119 5027
f 4010 6171 4622
f 4010 6834 6171
f 4011 5410 7081
f 4012 4564 6264
f 4012 5450 6584
f 4012 6584 6708
f 4012 6708 4564
f 4013 5282 6461
f 4013 6230 5282
f 4014 5731 7140
f 4015 5981 6956
f 4016 5619 6606
f 4018 6290 5746
f 4019 4942 6735
f 4020 6661 5212
f 4022 6480 6788
f 4023 5321 6759
f 4027 4143 4412
f 4028 5197 6365
f 4028 6269 5197
f 4029 4551 6474
f 4029 6694 6802
f 4030 6737 7019
f 4030 7019 6833
f 4031 6667 4363
f 4032 5394 5163
f 4032 5727 6569
f 4032 5787 5727
f 4032 6569 5394
f 4034 6159 4142
f 4035 6943 5135
f 4036 5581 6942
f 4036 5852 5581
f 4038 6547 6441
f 4038 6741 6547
f 4039 6703 6612
f 4040 4149 6289
f 4040 6289 5955
f 4043 4382 6186
f 4045 4152 7059
f 4045 5442 4152
f 4046 6920 5259
f 4047 6108 6957
f 4047 6957 6047
f 4048 7051 6259
f 4049 4395 6502
f 4049 5502 5920
f 4049 5920 4395
f 4049 6495 5502
f 4049 6502 7167
f 4049 7167 6495
f 4050 4360 6329
f 4050 6236 6157
f 4050 6329 6236
f 4051 5914 4919
f 4052 4145 4218
f 4052 6355 4145
f 4053 6669 7114
f 4053 7114 5539
f 4055 4627 6635
f 4055 6220 4627
f 4056 5871 6748
f 4056 6748 4148
f 4058 5369 6962
f 4058 6962 5399
f 4059 5227 5617
f 4060 4867 6413
f 4060 6413 7123
f 4060 7123 7014
f 4061 4154 6842
f 4061 4791 6223
f 4061 6223 5701
f 4061 6842 4791
f 4062 7074 4147
f 4065 5710 5584
f 4066 5097 6158
f 4066 5155 6525
f 4066 6525 5097
f 4068 5497 4150
f 4069 5062 5400
f 4069 5126 6491
f 4069 6491 5062
f 4071 6924 6839
f 4072 4083 5558
f 4072 4985 5905
f 4072 5558 4985
f 4074 4151 6080
f 4074 6278 4151
f 4075 4535 6771
f 4077 5026 4924
f 4079 4369 5065
f 4079 6619 7155
f 4079 7155 4369
f 4080 5135 6943
f 4080 6603 5135
f 4083 6340 5558
f 4083 7052 5793
f 4084 6502 4395
f 4085 5929 7050
f 4085 5949 5929
f 4085 6944 5071
f 4088 5903 6679
f 4088 6016 5903
f 4088 6596 5121
f 4088 6679 6596
f 4089 5414 6610
f 4089 6610 6008
f 4091 7143 6290
f 4092 6272 6814
f 4092 6356 6272
f 4093 6139 4922
f 4094 5350 5488
f 4094 5877 5350
f 4094 7001 5877
f 4096 5841 5560
f 4097 6038 4968
f 4098 6358 5553
f 4101 4217 5046
f 4101 6825 4217
f 4102 5652 6508
f 4104 4931 5995
f 4104 5995 4909
f 4104 6612 6926
f 4104 6926 4931
f 4105 4973 5184
f 4105 5184 7177
f 4106 5878 5092
f 4106 6732 5878
f 4107 5364 6428
f 4108 4222 5004
f 4109 4225 5699
f 4109 6481 4225
f 4111 4208 7080
f 4112 7203 4228
f 4113 5826 6013
f 4113 6013 5908
f 4114 5097 6525
f 4116 4962 5072
f 4117 7055 7163
f 4118 4250 5983
f 4118 4398 4250
f 4118 5983 6921
f 4118 6921 7011
f 4118 7011 4398
f 4119 6896 4221
f 4122 4220 6591
f 4122 4296 4220
f 4122 6591 5019
f 4123 6283 6571
f 4124 5955 6289
f 4124 6905 5955
f 4125 4226 5053
f 4126 4710 5162
f 4126 5132 5666
f 4126 5666 4710
f 4127 5536 7125
f 4129 5052 6636
f 4129 6584 5052
f 4129 6636 6708
f 4129 6708 6584
f 4131 5045 6764
f 4131 5849 6169
f 4131 6169 5045
f 4131 6764 5849
f 4133 4836 5064
f 4133 5220 5284
f 4134 4284 4603
f 4135 5452 7164
f 4136 6121 6230
f 4136 6454 6121
f 4137 4391 7164
f 4137 7164 5368
f 4139 7147 4227
f 4143 6478 4412
f 4145 7143 4218
f 4146 7002 5159
f 4148 4757 4884
f 4148 6748 4757
f 4152 5442 4224
f 4155 6201 4223
f 4156 6272 6356
f 4157 5216 5440
f 4158 5349 6319
f 4158 6077 4644
f 4158 6187 4926
f 4158 6319 6187
f 4160 6501 7118
f 4160 7118 6887
f 4161 5342 6558
f 4161 5346 5490
f 4162 4940 6835
f 4163 5334 4303
f 4164 4300 6442
f 4164 4700 5931
f 4165 4462 6767
f 4165 6767 4767
f 4166 6641 5990
f 4167 6038 5997
f 4168 4384 6204
f 4168 6204 7186
f 4168 7186 4421
f 4169 5621 6664
f 4170 5489 5953
f 4170 5781 6592
f 4171 4861 5460
f 4172 4948 7002
f 4172 6649 6970
f 4172 6912 4948
f 4172 6970 6912
f 4174 4230 6496
f 4174 4641 6837
f 4174 6496 4641
f 4174 6837 7148
f 4174 7148 4230
f 4178 5530 6092
f 4179 4719 4977
f 4180 4290 4599
f 4180 6452 5408
f 4181 4692 4869
f 4181 6280 6717
f 4181 6717 4692
f 4182 6936 7016
f 4183 4194 5396
f 4185 6085 5003
f 4186 4294 6489
f 4187 5807 6477
f 4187 6324 5807
f 4187 6477 4304
f 4190 4464 5315
f 4190 6593 6817
f 4190 6817 4464
f 4191 6840 6939
f 4191 6939 5170
f 4192 5559 5635
f 4192 7036 7122
f 4192 7122 5559
f 4193 5259 6920
f 4194 7046 5396
f 4195 6309 4609
f 4195 7029 6309
f 4196 5315 5419
f 4196 5419 4299
f 4198 5436 4693
f 4199 4221 6288
f 4199 6288 4316
f 4200 5251 6587
f 4200 6652 6716
f 4201 4502 6523
f 4201 6523 7069
f 4201 6841 4502
f 4202 4343 6697
f 4202 4956 6696
f 4202 6696 4343
f 4202 6697 5987
f 4203 5535 6738
f 4203 5726 6123
f 4203 6738 5726
f 4204 5320 6856
f 4204 6856 6719
f 4205 6146 4730
f 4207 6721 4291
f 4208 4653 7080
f 4209 5805 5936
f 4209 5936 6990
f 4209 6824 6256
f 4210 5722 5586
f 4211 4293 7108
f 4211 7108 5861
f 4213 4389 6974
f 4215 5326 6718
f 4215 5593 6554
f 4217 7192 5046
f 4218 7143 5432
f 4223 6201 4290
f 4225 6539 5699
f 4226 6500 5053
f 4226 6673 6500
f 4228 7203 5655
f 4229 5570 6098
f 4229 6098 6350
f 4231 5371 6891
f 4232 6048 7168
f 4233 5878 6732
f 4235 6785 6929
f 4235 6929 4958
f 4239 5327 5248
f 4240 4651 6314
f 4241 4407 6140
f 4241 6140 5115
f 4243 4878 6346
f 4244 4976 6074
f 4245 5660 5957
f 4245 5957 6106
f 4245 6182 5660
f 4248 4320 6547
f 4248 5298 5933
f 4248 5933 4320
f 4248 6547 6741
f 4249 5797 4703
f 4250 4887 5983
f 4251 4838 6070
f 4251 6070 6608
f 4253 5753 6988
f 4253 6813 5753
f 4253 6988 7012
f 4253 7012 4550
f 4254 6888 5205
f 4255 7075 6363
f 4256 4677 4757
f 4256 4757 5865
f 4256 5865 6180
f 4257 5822 6455
f 4257 6455 6548
f 4258 6526 5143
f 4259 5240 6225
f 4259 6225 6739
f 4259 6445 5240
f 4260 5106 4952
f 4260 5291 5106
f 4260 5405 5291
f 4261 6532 5757
f 4265 4454 7076
f 4265 4692 6717
f 4265 6717 4454
f 4265 7076 6589
f 4266 4983 5081
f 4266 6818 7039
f 4266 6877 4983
f 4266 7039 6877
f 4267 6247 6114
f 4268 5079 5948
f 4268 5948 5890
f 4269 6825 6918
f 4270 5652 6959
f 4270 6508 5652
f 4270 6706 6567
f 4270 6959 6706
f 4272 6315 6373
f 4272 6790 6315
f 4273 5740 4340
f 4274 4705 6496
f 4274 7180 4705
f 4276 4764 6657
f 4276 6657 5284
f 4277 4623 4726
f 4279 6215 4839
f 4280 5236 5468
f 4280 5468 6589
f 4280 6589 7076
f 4281 4786 7201
f 4282 6826 5389
f 4283 4338 7138
f 4283 7138 5800
f 4284 6663 5222
f 4285 6833 6925
f 4285 6925 5221
f 4286 4842 5620
f 4286 5620 5914
f 4286 6298 4503
f 4287 5557 6299
f 4288 5756 7171
f 4289 6531 6864
f 4290 4310 4599
f 4290 6201 4310
f 4294 5874 6489
f 4294 6488 5874
f 4295 5678 5180
f 4299 5214 7057
f 4299 5419 5214
f 4300 7023 6442
f 4302 5265 6880
f 4302 5940 5863
f 4302 6880 5940
f 4303 5334 6779
f 4303 6474 4728
f 4305 4428 6482
f 4306 4435 4503
f 4306 4503 6298
f 4306 4588 4435
f 4306 5354 5486
f 4306 5486 4588
f 4306 6298 5354
f 4307 5566 6631
f 4309 5754 4324
f 4309 6511 6464
f 4314 6597 6714
f 4314 6714 6626
f 4317 4375 5702
f 4318 4436 6384
f 4318 4540 5698
f 4318 5698 5803
f 4318 6384 6602
f 4318 6602 4540
f 4321 4583 6006
f 4321 6102 6109
f 4324 5683 6163
f 4324 5754 5434
f 4328 4925 4361
f 4330 6577 5835
f 4331 4424 6002
f 4334 6776 6043
f 4335 4427 4511
f 4335 4511 6116
f 4335 7068 4427
f 4335 7151 7068
f 4336 6287 7130
f 4337 6974 6186
f 4338 6737 7138
f 4339 4437 6435
f 4340 4426 4508
f 4340 5740 4426
f 4342 4727 4614
f 4342 7130 6538
f 4343 5815 6697
f 4344 6170 6239
f 4345 6226 4675
f 4345 6322 6195
f 4346 5030 6765
f 4346 6765 5855
f 4347 5775 7178
f 4347 7178 6210
f 4348 5103 4429
f 4348 7157 5103
f 4349 6982 4489
f 4350 5477 4432
f 4351 6055 6916
f 4351 6284 6055
f 4354 4993 6900
f 4358 4589 4433
f 4358 4669 4589
f 4359 6211 4774
f 4359 6500 6673
f 4360 5955 6905
f 4360 6905 6329
f 4364 4500 5462
f 4364 5956 4500
f 4365 5305 5495
f 4365 5374 5305
f 4370 4583 4510
f 4370 6965 4583
f 4371 4501 7094
f 4371 4747 6087
f 4371 5444 5055
f 4371 5649 5444
f 4371 6087 5649
f 4371 7094 4747
f 4372 4507 6895
f 4372 6622 4507
f 4374 4502 6841
f 4374 6523 4502
f 4374 6841 6051
f 4375 7068 7151
f 4376 5558 6340
f 4376 6340 7004
f 4376 6734 5558
f 4376 6848 6734
f 4378 5993 5487
f 4379 5393 5924
f 4379 5499 5393
f 4380 6069 4773
f 4381 5018 5456
f 4381 5456 4498
f 4383 6643 5995
f 4384 4504 5839
f 4385 6301 6991
f 4386 6045 6806
f 4387 5446 5275
f 4387 6284 6383
f 4387 6383 5446
f 4387 7121 6284
f 4394 4505 4963
f 4394 5293 5127
f 4395 5920 5044
f 4396 7112 5855
f 4397 5348 6470
f 4400 6114 6241
f 4401 6773 5950
f 4402 4433 4589
f 4402 6363 4433
f 4403 4927 6077
f 4407 5281 6981
f 4407 7082 6140
f 4408 6164 6422
f 4411 5866 6049
f 4411 6049 5582
f 4412 4590 5833
f 4412 6478 4590
f 4413 5086 6972
f 4417 5565 4624
f 4419 5979 6097
f 4419 6097 7060
f 4421 5549 5427
f 4421 6209 5549
f 4421 7186 6209
f 4423 6253 6994
f 4425 5940 6340
f 4426 6892 4508
f 4434 6348 7079
f 4436 6942 6384
f 4437 4512 6435
f 4438 5592 5938
f 4438 5719 5592
f 4438 5938 6208
f 4439 4618 6207
f 4439 6407 6231
f 4443 6291 6861
f 4444 4918 7107
f 4444 7014 7123
f 4444 7107 5778
f 4444 7123 4918
f 4445 4576 4463
f 4447 4585 6009
f 4447 4809 4585
f 4447 6009 4858
f 4448 6069 6949
f 4449 6604 5811
f 4451 5598 6218
f 4452 4787 6838
f 4452 6838 4793
f 4454 5536 7076
f 4454 6280 7125
f 4454 6717 6280
f 4454 7125 5536
f 4455 4555 6155
f 4456 4767 6814
f 4456 5306 5379
f 4456 5379 4767
f 4456 6814 6272
f 4457 4577 7058
f 4457 7058 6088
f 4458 5873 7009
f 4458 7009 4579
f 4460 6322 6651
f 4461 6769 4578
f 4464 5419 5315
f 4465 7188 4594
f 4466 6682 7073
f 4469 6347 7021
f 4469 6830 6347
f 4469 7060 6830
f 4470 6273 4664
f 4472 4800 4661
f 4472 6046 4800
f 4473 4580 6945
f 4474 5621 7091
f 4475 6476 7098
f 4475 6630 6476
f 4477 6418 5128
f 4478 5734 6705
f 4479 6680 6536
f 4483 5861 7108
f 4483 6804 5861
f 4484 5059 6091
f 4484 5191 5059
f 4485 4512 6773
f 4485 6435 4512
f 4485 6773 7131
f 4486 4581 6461
f 4486 5282 5471
f 4486 6036 4581
f 4486 6461 5282
f 4487 5517 6235
f 4487 6053 4587
f 4488 4666 6313
f 4493 6095 5954
f 4494 6737 4994
f 4494 7138 6737
f 4496 6819 6137
f 4497 5392 6484
f 4497 5622 5392
f 4497 6484 6503
f 4497 6503 6996
f 4498 6451 5492
f 4500 6907 5462
f 4501 5776 6019
f 4501 6019 7094
f 4505 6611 4963
f 4506 5463 5898
f 4506 5898 6827
f 4507 5513 6410
f 4507 6410 6895
f 4507 6622 5513
f 4508 6892 6848
f 4512 5950 6773
f 4515 5380 5510
f 4515 5510 7127
f 4515 7127 5703
f 4516 5747 5096
f 4518 5081 6760
f 4518 5817 5081
f 4520 5365 5554
f 4520 5484 5365
f 4521 4790 5290
f 4521 5506 4790
f 4521 6433 5506
f 4522 5239 6512
f 4524 4688 4852
f 4525 7188 6221
f 4526 4704 5287
f 4526 6988 5753
f 4531 5945 7096
f 4531 7096 4980
f 4532 4997 7061
f 4532 5603 5711
f 4532 5711 4997
f 4532 7061 5973
f 4533 7029 5728
f 4534 5201 5701
f 4534 5701 6223
f 4534 6223 6045
f 4537 5076 5843
f 4538 5717 5573
f 4539 5180 6440
f 4539 6440 6633
f 4542 6416 5733
f 4543 5360 6015
f 4543 6015 5870
f 4546 5765 6975
f 4546 6105 5991
f 4546 6975 6105
f 4547 6017 5815
f 4549 5808 7137
f 4551 5149 6474
f 4552 5456 5018
f 4554 5108 4981
f 4554 7193 5108
f 4559 6542 6431
f 4560 6078 4638
f 4560 6149 6871
f 4561 6864 6668
f 4562 5973 6203
f 4563 6059 6729
f 4563 6729 6361
f 4564 6708 6315
f 4565 5048 5508
f 4565 5508 5637
f 4565 5637 7159
f 4566 6437 6486
f 4566 6486 6625
f 4566 6625 5295
f 4569 4649 5335
f 4571 5926 5086
f 4572 5625 5709
f 4572 5709 5286
f 4573 6871 6149
f 4574 4831 6675
f 4574 5038 4831
f 4574 6913 5038
f 4575 4862 5313
f 4575 5313 6391
f 4575 6821 4862
f 4578 4905 5157
f 4578 5157 5959
f 4578 6769 4905
f 4579 6255 6611
f 4580 6009 6945
f 4581 6036 6461
f 4583 6965 6079
f 4584 5937 7101
f 4585 4809 4722
f 4585 6945 6009
f 4588 5486 5290
f 4590 6735 5833
f 4592 5223 6654
f 4592 5750 5223
f 4595 5877 7001
f 4595 7001 6707
f 4596 4721 5908
f 4596 4802 4721
f 4596 5908 6094
f 4596 6213 4802
f 4597 6103 5179
f 4598 7006 6875
f 4600 4734 5672
f 4600 5660 4734
f 4600 5957 5660
f 4601 4729 6113
f 4602 5811 5891
f 4602 5891 5901
f 4604 5144 7137
f 4609 4970 5977
f 4612 5760 7133
f 4612 7133 4626
f 4614 4727 6973
f 4615 6798 6286
f 4616 4730 6146
f 4619 4948 6912
f 4619 6912 7008
f 4620 5139 5755
f 4620 6885 5139
f 4620 7007 6885
f 4621 6875 7006
f 4621 7006 4732
f 4622 6171 5318
f 4623 5532 4726
f 4627 4724 6457
f 4627 6220 4724
f 4629 4804 4723
f 4629 6073 4804
f 4631 6367 6541
f 4631 6424 4720
f 4631 6541 6424
f 4636 6912 6970
f 4636 7008 6912
f 4637 5050 5182
f 4639 4733 6843
f 4639 6843 6931
f 4639 6931 5238
f 4642 5494 6062
f 4643 5884 6101
f 4643 5902 5063
f 4643 6101 5283
f 4644 6077 4927
f 4645 6234 7133
f 4645 7133 5760
f 4648 6847 4725
f 4653 5706 7080
f 4654 7104 6498
f 4655 4699 4722
f 4655 4722 4809
f 4655 4809 6021
f 4655 6021 6670
f 4656 6292 6710
f 4656 6710 5302
f 4658 6424 5782
f 4659 7097 6685
f 4660 4865 6984
f 4660 6984 4807
f 4661 4800 7125
f 4661 7125 6280
f 4663 6886 6041
f 4665 6493 5551
f 4666 5549 6209
f 4666 6209 6313
f 4667 5073 6174
f 4667 6472 5073
f 4668 6608 6070
f 4670 5971 4744
f 4672 4713 7044
f 4673 6246 6819
f 4673 6966 6246
f 4675 6226 5809
f 4676 5594 7136
f 4677 4884 4757
f 4677 6941 5615
f 4678 4882 5638
f 4682 4880 4803
f 4685 7048 4798
f 4691 4863 6720
f 4691 6720 7177
f 4696 4808 7166
f 4696 7166 6120
f 4697 6712 6581
f 4700 6452 5931
f 4700 6540 6452
f 4704 6928 4805
f 4705 7180 6150
f 4706 6243 6153
f 4707 6606 5708
f 4708 4811 6125
f 4708 6125 6961
f 4709 6233 5347
f 4710 6887 7118
f 4710 7118 5162
f 4713 4921 7044
f 4714 6733 5590
f 4716 5961 5979
f 4717 4743 7035
f 4717 4788 6674
f 4717 5718 7183
f 4717 7035 4788
f 4717 7183 4743
f 4718 5271 7047
f 4721 4802 4887
f 4721 6257 5908
f 4723 4804 6525
f 4723 6525 5155
f 4724 6220 5428
f 4725 6847 6750
f 4727 5356 6973
f 4727 6504 5356
f 4728 6474 5149
f 4733 5308 6386
f 4733 6386 6599
f 4734 6387 5672
f 4737 6939 6840
f 4738 5726 5591
f 4738 6689 5726
f 4740 4889 5965
f 4740 5078 5567
f 4740 5965 5142
f 4740 7042 4889
f 4742 6660 5398
f 4743 6995 7035
f 4743 7183 6333
f 4744 6386 5308
f 4745 5147 6861
f 4745 5742 5147
f 4747 6818 6087
f 4747 7039 6818
f 4749 4886 7162
f 4749 5311 5353
f 4749 5353 5496
f 4749 5496 4886
f 4749 7162 5311
f 4750 5216 6922
f 4750 5440 5216
f 4752 6808 7093
f 4752 7093 6357
f 4753 4950 6412
f 4754 4831 4959
f 4754 4953 4831
f 4754 4959 4855
f 4755 6346 4878
f 4756 6258 6801
f 4758 4888 5034
f 4758 5034 4928
f 4759 6621 6505
f 4762 4885 6715
f 4762 5564 4885
f 4762 6715 5564
f 4763 4881 5636
f 4763 5636 5561
f 4763 7196 4881
f 4765 5034 4888
f 4766 6467 6555
f 4766 6555 5579
f 4767 6767 6814
f 4768 5161 6394
f 4769 5905 7062
f 4770 5236 5351
f 4770 5351 5697
f 4770 5697 6555
f 4771 4918 7123
f 4776 6935 7113
f 4782 6850 6331
f 4785 6025 5125
f 4787 7140 6838
f 4788 6851 6674
f 4788 7035 6851
f 4792 4883 5670
f 4792 5373 6222
f 4792 6222 4883
f 4794 5221 6968
f 4794 6968 7185
f 4794 7185 4892
f 4795 4891 4933
f 4796 4879 5563
f 4796 5563 6551
f 4796 7189 4879
f 4798 7048 5867
f 4802 5983 4887
f 4802 6213 5983
f 4803 4880 5576
f 4804 6073 6597
f 4806 6796 6351
f 4808 7077 4930
f 4809 5528 6021
f 4814 4890 5829
f 4814 5552 4890
f 4815 5504 5112
f 4817 5952 6348
f 4817 6348 5964
f 4818 6956 5047
f 4819 5363 6893
f 4822 5684 6662
f 4822 6782 5684
f 4825 7024 6276
f 4826 5147 5742
f 4826 5202 7069
f 4826 6523 5147
f 4826 7069 6523
f 4829 5301 6124
f 4831 4953 6675
f 4835 6820 6460
f 4836 6161 7095
f 4836 7095 5064
f 4837 5782 5395
f 4837 6993 7025
f 4838 5260 6733
f 4844 6628 6501
f 4846 4896 5694
f 4846 6868 4896
f 4847 5093 5781
f 4848 5745 6364
f 4850 4894 7091
f 4850 5847 6952
f 4853 6082 6349
f 4853 6349 6885
f 4854 6100 6194
f 4859 6394 5999
f 4862 5795 6755
f 4862 6755 5313
f 4862 6821 5795
f 4867 5522 6413
f 4868 7119 6265
f 4871 5881 6789
f 4871 6703 5881
f 4873 5773 6994
f 4873 6157 6409
f 4873 6409 5773
f 4875 4939 6572
f 4875 5647 4939
f 4875 6572 5189
f 4876 5094 6412
f 4876 6412 6948
f 4876 6691 5289
f 4876 6948 6691
f 4878 5317 6747
f 4881 6232 5636
f 4882 5716 5638
f 4885 5361 6715
f 4890 5552 6828
f 4890 6828 7040
f 4892 4995 6420
f 4892 7185 4995
f 4893 5505 5674
f 4893 6399 5505
f 4896 5784 5799
f 4896 5799 5694
f 4899 5136 6071
f 4899 6234 5136
f 4900 6210 6316
f 4900 6316 5077
f 4901 5222 6663
f 4901 6663 7120
f 4902 5264 6920
f 4902 5417 5264
f 4903 5023 5075
f 4903 5075 5109
f 4903 6182 5023
f 4905 6769 5616
f 4907 5022 6844
f 4907 5900 5054
f 4909 5995 6643
f 4910 6678 6860
f 4910 6878 5031
f 4912 5036 6731
f 4913 5246 6356
f 4913 7045 5246
f 4913 7152 7045
f 4914 6258 5025
f 4915 6042 6109
f 4915 6109 5949
f 4916 6972 6185
f 4919 5116 5035
f 4919 5620 5116
f 4919 5914 5620
f 4920 5897 6690
f 4921 6783 7044
f 4926 6187 6285
f 4927 5112 5033
f 4928 5034 6329
f 4928 6329 6905
f 4931 5819 5937
f 4931 6780 5819
f 4931 6926 6780
f 4932 5227 5032
f 4934 6683 6514
f 4935 6484 6176
f 4935 6503 6484
f 4936 6372 5113
f 4937 6061 4945
f 4942 5833 6735
f 4943 5028 6883
f 4946 6187 6401
f 4946 6285 6187
f 4949 6307 6427
f 4949 6398 6307
f 4950 7135 5054
f 4951 6765 5030
f 4952 5027 7119
f 4952 6870 5027
f 4956 5569 7197
f 4960 6883 5869
f 4963 6611 6704
f 4964 5668 5802
f 4965 5107 6778
f 4966 6032 6342
f 4967 7065 5918
f 4971 6851 7035
f 4973 5102 5184
f 4974 5885 6174
f 4975 5693 6680
f 4976 6966 6074
f 4982 5827 6850
f 4982 6129 5827
f 4982 6850 6777
f 4983 5538 5715
f 4983 5715 5081
f 4983 6877 5538
f 4984 6996 6503
f 4985 5558 6734
f 4986 5111 5513
f 4986 5513 6622
f 4987 5362 6526
f 4987 6526 5801
f 4988 5408 5307
f 4989 5526 5629
f 4990 6397 6485
f 4990 6485 7059
f 4993 5471 6900
f 4993 6411 6067
f 4996 5110 5775
f 4997 5711 6999
f 4997 6999 5830
f 5001 6144 6859
f 5001 6859 6934
f 5004 6309 7029
f 5005 6351 6796
f 5008 5601 6782
f 5011 5967 5729
f 5011 6631 5967
f 5012 5181 7201
f 5012 6677 5424
f 5012 7201 6677
f 5017 6488 5779
f 5020 5105 6232
f 5020 5194 5105
f 5020 6232 5700
f 5023 6182 5868
f 5027 6870 7018
f 5028 5869 6883
f 5031 6828 5552
f 5034 6236 6329
f 5034 6409 6236
f 5036 5265 6731
f 5036 6880 5265
f 5038 5792 5657
f 5038 6913 5792
f 5039 5458 6890
f 5040 5065 6252
f 5042 5406 6261
f 5042 6955 5406
f 5043 5160 6889
f 5043 6889 5568
f 5045 5439 6855
f 5045 6613 5439
f 5045 6855 6764
f 5046 7192 5412
f 5047 6956 6590
f 5049 5183 6610
f 5049 6610 5414
f 5050 5344 5182
f 5051 6778 5879
f 5052 6584 6198
f 5054 7135 6395
f 5056 6403 6902
f 5059 6343 6091
f 5061 5527 6537
f 5061 6537 5190
f 5062 5187 5400
f 5062 6491 5187
f 5063 5564 6715
f 5063 5902 5564
f 5067 6382 6658
f 5067 7037 6382
f 5068 6422 5773
f 5070 5691 5788
f 5071 5195 6483
f 5071 6483 7073
f 5071 6944 5195
f 5079 6960 5948
f 5080 5193 6462
f 5080 6510 5193
f 5081 5715 6760
f 5082 5127 5293
f 5082 6498 7104
f 5083 5659 5382
f 5083 6260 5320
f 5084 6177 6400
f 5084 6709 6177
f 5086 5926 6972
f 5088 5404 6967
f 5088 5791 6275
f 5088 6275 5404
f 5088 6536 5791
f 5088 6967 6536
f 5089 5438 6485
f 5089 6485 6044
f 5091 5383 5921
f 5091 5921 5150
f 5093 5336 5781
f 5094 6339 6412
f 5095 6595 7104
f 5095 7104 6108
f 5104 6838 5623
f 5105 5636 6232
f 5106 5291 6270
f 5106 6270 6870
f 5107 5879 6778
f 5108 7193 5196
f 5110 5520 7178
f 5110 7178 5775
f 5111 5185 6178
f 5111 6178 5513
f 5119 5197 6269
f 5120 5840 6815
f 5124 5286 6018
f 5125 5463 6839
f 5125 6025 5463
f 5125 6839 6924
f 5129 5482 7018
f 5129 7170 5482
f 5131 6344 6494
f 5132 5475 5666
f 5134 5249 5981
f 5134 5981 6388
f 5137 6592 5781
f 5138 5319 6587
f 5138 6709 6586
f 5138 6917 5319
f 5139 6349 5609
f 5139 6885 6349
f 5140 5627 6051
f 5140 5993 5627
f 5140 6051 6841
f 5141 5912 5509
f 5141 6576 6811
f 5141 6811 5912
f 5142 5864 6857
f 5146 6355 6192
f 5150 5577 6924
f 5151 6756 7030
f 5152 6802 7034
f 5153 5966 6104
f 5153 7111 5966
f 5154 6406 6308
f 5156 6094 6013
f 5159 7002 6698
f 5160 6227 6889
f 5161 5777 6394
f 5162 7118 5690
f 5163 5394 5489
f 5165 5951 5507
f 5165 6784 5951
f 5166 5498 6770
f 5166 5925 6024
f 5166 6024 7132
f 5166 7132 5498
f 5169 6231 6407
f 5169 6325 6231
f 5173 6092 5985
f 5174 5665 6672
f 5174 5789 5665
f 5178 6566 6048
f 5179 6450 5409
f 5180 5678 6440
f 5183 6733 5260
f 5193 5308 6462
f 5194 7114 6669
f 5209 5583 7040
f 5211 5340 5244
f 5212 6661 7049
f 5212 7049 7161
f 5215 6557 6705
f 5215 6705 5734
f 5218 5635 7066
f 5221 6925 6968
f 5223 5337 7132
f 5223 5750 5337
f 5223 7132 6654
f 5225 5412 6505
f 5225 6505 6700
f 5227 5720 5617
f 5229 5332 5413
f 5230 6415 5266
f 5231 6718 5326
f 5232 5546 6779
f 5232 5642 5546
f 5232 6779 5334
f 5238 6931 6655
f 5245 6852 6749
f 5247 5335 7167
f 5248 5327 5481
f 5250 6363 7075
f 5251 6318 6177
f 5258 5328 6032
f 5258 6032 5643
f 5259 6553 6463
f 5261 5686 6967
f 5261 6967 5404
f 5262 5415 7070
f 5263 7149 6347
f 5266 6415 6552
f 5266 6552 6243
f 5267 6997 6866
f 5269 5758 6963
f 5269 6963 6064
f 5270 5406 6955
f 5274 6507 5404
f 5274 7176 6846
f 5278 6469 6549
f 5278 6549 5604
f 5280 6681 6923
f 5283 6101 6348
f 5284 6657 6726
f 5288 5586 7084
f 5296 5664 6671
f 5300 5414 6686
f 5302 6710 6560
f 5303 5481 5327
f 5303 5568 5481
f 5304 6455 6400
f 5304 6548 6455
f 5305 5374 5407
f 5305 6193 5495
f 5307 5408 6452
f 5307 6452 6540
f 5309 5921 5383
f 5313 6755 5922
f 5319 6917 7009
f 5319 7009 5873
f 5322 6960 6425
f 5328 6342 6032
f 5332 6529 5413
f 5340 6286 6798
f 5341 6760 6951
f 5341 6951 5450
f 5345 5492 6451
f 5349 5537 6319
f 5350 5737 5488
f 5352 6629 6534
f 5356 6504 6622
f 5358 5506 6624
f 5358 5772 6648
f 5360 5749 6015
f 5361 6582 6715
f 5364 5498 6950
f 5364 6770 5498
f 5364 6950 6428
f 5370 6576 5491
f 5373 7179 6222
f 5375 5946 6017
f 5377 5523 5639
f 5380 6171 6834
f 5380 6834 5510
f 5382 5659 6380
f 5385 6024 5925
f 5385 6654 6024
f 5389 5821 6358
f 5389 6826 5821
f 5392 5727 6484
f 5394 7028 5489
f 5395 5782 6541
f 5397 6553 5494
f 5415 6295 7070
f 5415 6397 6295
f 5423 5895 7083
f 5425 6655 6931
f 5425 6931 6744
f 5427 5549 5628
f 5427 5628 7191
f 5434 6792 6863
f 5437 6059 5687
f 5438 7059 6485
f 5445 6295 6397
f 5445 7070 6295
f 5448 5783 5761
f 5461 6304 7120
f 5461 7120 6663
f 5462 6907 6640
f 5463 6025 5898
f 5463 6681 6847
f 5463 6847 6839
f 5463 6923 6681
f 5465 7095 6161
f 5467 6417 5851
f 5495 7031 5605
f 5495 7084 7031
f 5499 6583 6110
f 5502 6075 5658
f 5505 6399 6173
f 5507 5951 6131
f 5508 5713 5637
f 5510 5638 7127
f 5510 6834 5638
f 5513 6178 6410
f 5517 6581 6235
f 5519 6522 6370
f 5520 6181 7178
f 5524 6262 5843
f 5528 5942 6021
f 5528 6772 5942
f 5529 5631 5712
f 5530 5985 6092
f 5534 5550 7036
f 5538 5633 6951
f 5538 6951 5715
f 5544 6364 7085
f 5548 6795 6378
f 5551 5733 6416
f 5551 6416 6154
f 5555 7184 6897
f 5556 6983 7022
f 5559 7066 5635
f 5565 6936 6858
f 5565 7016 6936
f 5566 6453 6631
f 5566 7160 6453
f 5569 6656 5875
f 5571 7137 5808
f 5573 5717 6637
f 5574 6105 6975
f 5574 6797 6105
f 5578 6248 6113
f 5578 6448 6546
f 5578 6546 6248
f 5580 6937 6479
f 5589 6282 6396
f 5589 6396 6277
f 5591 5726 6738
f 5591 6738 6271
f 5592 5719 7203
f 5592 5823 5938
f 5593 7064 6554
f 5596 5795 5644
f 5596 6755 5795
f 5599 6266 7199
f 5601 7153 7136
f 5602 6140 7082
f 5602 7056 6140
f 5604 6383 6284
f 5608 6528 5974
f 5608 6792 6528
f 5608 6863 6792
f 5609 6349 5714
f 5610 6245 7183
f 5610 7183 5718
f 5611 5954 6879
f 5615 6256 6824
f 5615 6941 6256
f 5619 5708 6606
f 5625 6865 5709
f 5626 6800 6933
f 5629 6042 6580
f 5633 6198 6584
f 5638 5716 7127
f 5646 6998 6574
f 5647 5796 6634
f 5649 6087 7043
f 5649 7043 7155
f 5649 7155 6619
f 5655 7203 6312
f 5661 6449 6266
f 5661 7126 6095
f 5669 5923 6490
f 5669 6490 6605
f 5673 7035 6995
f 5674 6262 6408
f 5677 5801 5958
f 5682 6658 6382
f 5684 6832 6662
f 5690 7118 5794
f 5693 5791 6536
f 5693 6536 6680
f 5704 5918 7065
f 5704 7065 7154
f 5705 5793 6389
f 5714 6349 6082
f 5715 6951 6760
f 5717 6701 6637
f 5719 6312 7203
f 5724 6662 6832
f 5745 6684 7085
f 5745 7085 6364
f 5752 6556 6623
f 5752 6623 6480
f 5753 6813 6928
f 5756 6336 6739
f 5757 6532 6414
f 5759 6294 6524
f 5767 6350 5992
f 5769 5803 5810
f 5769 6854 5871
f 5773 6422 6994
f 5776 5896 6019
f 5776 6050 5896
f 5777 5999 6394
f 5782 6424 6541
f 5793 7052 6389
f 5794 7118 6628
f 5796 6520 6634
f 5804 5935 6014
f 5805 6147 5936
f 5807 7139 6477
f 5815 5946 6697
f 5815 6017 5946
f 5817 7043 6087
f 5818 6026 5943
f 5819 7101 5937
f 5821 6826 6964
f 5827 6219 6850
f 5830 6999 7100
f 5832 6793 6915
f 5835 6577 6702
f 5841 6035 6080
f 5848 6661 6992
f 5848 6687 7049
f 5848 7049 6661
f 5849 6321 7078
f 5849 6403 6321
f 5849 6764 7015
f 5849 7015 6403
f 5853 6190 7191
f 5858 7013 6145
f 5860 7096 5945
f 5862 6860 6989
f 5864 5942 6772
f 5864 6561 5942
f 5864 6772 6857
f 5871 6854 6748
f 5875 6656 5960
f 5876 5891 7194
f 5876 7194 6932
f 5881 6237 6791
f 5883 6977 6022
f 5883 7113 6977
f 5884 5964 6101
f 5885 6136 6326
f 5885 6326 6174
f 5886 6023 6787
f 5889 6027 6103
f 5890 5948 6022
f 5890 6022 6722
f 5896 5970 6958
f 5896 6958 6019
f 5901 5911 6404
f 5903 6016 7071
f 5908 6013 6094
f 5909 6858 6725
f 5911 6090 6404
f 5926 6185 6972
f 5929 5949 6102
f 5929 6761 7050
f 5936 6405 6990
f 5940 6880 7004
f 5940 7004 6340
f 5949 6109 6102
f 5952 7079 6348
f 5954 6095 6879
f 5961 6097 5979
f 5964 6348 6101
f 5966 6056 6104
f 5966 7111 6982
f 5967 6453 6783
f 5967 6631 6453
f 5973 7061 6203
f 5975 6096 6997
f 5988 6194 6100
f 5991 6105 6797
f 5992 6350 6098
f 5998 6902 7194
f 6014 7100 6999
f 6020 7045 7152
f 6022 6849 6722
f 6022 6927 6849
f 6022 6977 6927
f 6024 6654 7132
f 6029 6893 6411
f 6041 6886 6751
f 6042 6240 6109
f 6043 6776 6859
f 6043 6859 6144
f 6063 7177 6720
f 6067 6411 6202
f 6068 6588 7112
f 6073 6714 6597
f 6085 6339 7154
f 6085 7154 6684
f 6091 6170 6328
f 6091 6239 6170
f 6095 6578 6879
f 6096 6180 6997
f 6097 7153 7060
f 6115 6242 7181
f 6120 7166 6379
f 6121 6454 6247
f 6122 6406 6614
f 6126 6998 6867
f 6128 7054 6762
f 6132 6137 6246
f 6136 6173 6326
f 6137 6819 6246
f 6157 6236 6409
f 6167 6791 6237
f 6173 6399 6326
f 6177 6318 6400
f 6180 6866 6997
f 6181 6316 7178
f 6189 6756 6785
f 6190 6327 7191
f 6204 7055 7186
f 6210 7178 6316
f 6219 6331 6850
f 6228 6321 6403
f 6228 6987 6321
f 6242 6958 7181
f 6245 6333 7183
f 6255 6402 6611
f 6266 6449 7199
f 6277 6396 6823
f 6293 6534 7028
f 6294 6990 6405
f 6315 6708 6636
f 6335 6719 6856
f 6341 6479 6556
f 6347 7149 7021
f 6402 6704 6611
f 6403 7015 6902
f 6436 6624 6550
f 6453 7160 6783
f 6464 6511 6627
f 6479 6937 6556
f 6480 6623 6788
f 6483 6585 7073
f 6501 6628 7118
f 6505 6621 6700
f 6538 7130 6638
f 6550 6624 6809
f 6556 6937 6623
f 6570 6637 6701
f 6575 6908 7014
f 6601 6749 6852
f 6612 6703 6926
f 6615 6833 7019
f 6623 6937 6788
f 6640 6907 7017
f 6674 6851 6723
f 6681 6750 6847
f 6684 7154 7065
f 6687 6919 7049
f 6694 7034 6802
f 6730 6846 7176
f 6734 6848 6892
f 6762 7054 7157
f 6764 6855 6932
f 6764 6932 7015
f 6783 7160 7044
f 6786 6849 6927
f 6800 7195 6933
f 6902 7015 7194
f 6903 7012 6988
f 6919 7161 7049
f 6927 6977 7005
f 6932 7194 7015
f 6935 7005 7113
f 6977 7113 7005
