v -0.36520000000000002 0.21829999999999999 -0.0304
v -0.3412 0.21870000000000001 -0.035299999999999998
v -0.33429999999999999 0.48730000000000001 -0.22919999999999999
v -0.34360000000000002 0.29210000000000003 -0.044499999999999998
v 0.027400000000000001 0.7208 -0.1711
v 0.053600000000000002 0.71419999999999995 -0.17280000000000001
v 0.1226 0.75609999999999999 -0.14560000000000001
v -0.45429999999999998 1.0407999999999999 0.1066
v -0.39140000000000003 0.0304 0.1676
v -0.45369999999999999 0.045100000000000001 0.1605
v -0.48970000000000002 0.042200000000000001 0.1595
v -0.51690000000000003 0.25540000000000002 0.26989999999999997
v -0.25740000000000002 0.64749999999999996 0.55279999999999996
v -0.27650000000000002 0.62819999999999998 0.54730000000000001
v -0.26919999999999999 0.61360000000000003 0.54869999999999997
v -0.45279999999999998 0.96160000000000001 0.38500000000000001
v -0.45269999999999999 0.95140000000000002 0.38640000000000002
v 0.035200000000000002 0.73050000000000004 0.53810000000000002
v -0.49459999999999998 0.066900000000000001 -0.098500000000000004
v -0.51019999999999999 0.055599999999999997 -0.061499999999999999
v -0.495 0.1056 -0.040599999999999997
v -0.3584 0.55310000000000004 -0.159
v -0.39279999999999998 0.20319999999999999 -0.039899999999999998
v -0.37369999999999998 0.21310000000000001 -0.0344
v -0.45019999999999999 0.17760000000000001 -0.037600000000000001
v -0.44330000000000003 0.042500000000000003 -0.2026
v -0.45650000000000002 0.039800000000000002 -0.18440000000000001
v 0.2326 0.028500000000000001 0.25819999999999999
v -0.046800000000000001 0.040800000000000003 0.57909999999999995
v -0.38490000000000002 0.040000000000000001 0.52149999999999996
v -0.51039999999999996 0.2407 0.25030000000000002
v -0.51539999999999997 0.1827 0.26619999999999999
v -0.52139999999999997 0.17230000000000001 0.26550000000000001
v -0.31409999999999999 0.2145 0.47110000000000002
v -0.0015 0.2974 0.64710000000000001
v 0.039199999999999999 0.18809999999999999 0.61550000000000005
v -0.061899999999999997 0.1636 0.5766
v 0.047800000000000002 0.2571 0.63670000000000004
v -0.2397 0.17199999999999999 -0.21579999999999999
v -0.33179999999999998 0.58999999999999997 -0.18709999999999999
v -0.34470000000000001 0.058799999999999998 -0.2475
v -0.3296 0.047399999999999998 -0.24010000000000001
v -0.014999999999999999 0.72289999999999999 -0.17580000000000001
v -0.21299999999999999 0.1507 -0.21940000000000001
v -0.22989999999999999 0.056300000000000003 -0.22320000000000001
v -0.27339999999999998 0.18970000000000001 -0.19919999999999999
v -0.45619999999999999 0.079100000000000004 -0.19570000000000001
v -0.47649999999999998 0.0579 -0.15959999999999999
v -0.48409999999999997 0.037600000000000001 -0.1084
v -0.50160000000000005 0.066299999999999998 -0.074300000000000005
v -0.3775 0.079699999999999993 -0.0521
v -0.42409999999999998 0.032099999999999997 0.1542
v -0.3508 0.032899999999999999 0.26669999999999999
v -0.29809999999999998 0.062399999999999997 0.3508
v -0.33550000000000002 0.0281 0.2109
v 0.049599999999999998 0.071800000000000003 0.41320000000000001
v -0.35320000000000001 0.16869999999999999 0.49690000000000001
v -0.38269999999999998 0.14449999999999999 0.50819999999999999
v -0.28789999999999999 0.0482 0.624
v -0.083299999999999999 0.072800000000000004 0.46210000000000001
v -0.27689999999999998 0.21970000000000001 0.4698
v -0.27089999999999997 0.2457 0.46139999999999998
v -0.26500000000000001 0.3327 0.47649999999999998
v -0.28260000000000002 0.47320000000000001 0.51329999999999998
v -0.40810000000000002 0.045600000000000002 0.52869999999999995
v -0.50880000000000003 0.62990000000000002 0.55959999999999999
v -0.26140000000000002 0.70779999999999998 0.54120000000000001
v 0.24110000000000001 0.065000000000000002 0.48980000000000001
v 0.20019999999999999 0.15440000000000001 0.51339999999999997
v -0.51490000000000002 0.1201 0.56179999999999997
v -0.32440000000000002 0.57540000000000002 0.53320000000000001
v -0.36109999999999998 0.60750000000000004 0.54390000000000005
v 0.1716 0.039300000000000002 0.51990000000000003
v 0.096100000000000005 0.038899999999999997 0.53969999999999996
v 0.14119999999999999 0.34470000000000001 0.63590000000000002
v -0.1065 0.40239999999999998 0.64670000000000005
v 0.20648795025978089 0.56559491480674318 0.60542457381017889
v -0.46679864089155154 0.35625793477872886 -0.059029732995658446
v -0.7785306799057049 0.86031789115894353 0.59556120003436397
v -0.27207645163178623 0.71910736528956642 0.54084534320688238
v -0.484442690023343 0.75253358656705149 0.52847299168944295
v -0.4145941853504011 0.56830887699375732 -0.13745943273806455
v -0.46097890618422249 0.53156152982071903 0.5503194807316556
v -0.32165894480991791 0.60803627254819159 -0.18430448244235037
v -0.45053637512793299 0.86461682754911362 0.46294373057041038
v -0.18980319710041535 0.6642831839639638 0.58640115440713136
v 0.02036700603011677 0.72598745923251184 0.5453503891733501
v -0.070842061135135206 0.86123419560750125 -0.12465993085337641
v -0.43873582636983516 0.052873573834271263 0.54600927773215568
v -0.32326556649175453 0.94657716284116256 -0.010009855296029466
v -0.28593936276472148 0.66738662178463892 -0.18060442060073423
v -0.26262303771250323 0.60568085102598468 -0.29668906120748639
v -0.48152630845453898 0.89234861858500669 -0.07246922579961812
v -0.17367696777249023 0.50221424674180215 0.67027246465969881
v -0.51104380643093739 0.61200434409575133 -0.13675197548078538
v -0.21186178873673633 0.076307263226979755 0.6407450414857524
v -0.85666563271380691 0.83918189308384872 0.14558399351836071
v -0.37629530803287059 0.98484658455475049 0.33652632682823042
v -0.51249468968704803 0.77147743308319749 -0.12506176954085158
v -0.69435503507165097 1.2360805244677029 -0.18014402880790911
v -0.48118771782164388 1.0978076720729757 0.36224566158193094
v -0.30428686658481757 0.4806564714136014 -0.28202377751103253
v -0.34758135470637119 0.63823957298727629 0.54978051388928662
v -0.25490045122418115 0.75361184663514025 0.52882501614177713
v -0.27077740880220558 0.98529017087777437 0.27967581954293147
v -0.42711357949413969 0.61056146146539303 -0.14216647627747248
v 0.11026979383318128 0.97931099442037617 0.41271654010629877
v 0.069462131605959251 0.68964854466044678 0.60779480275448161
v -0.66258696083400048 1.2355536190154077 -0.15367366431492688
v -0.46567608013412803 1.0955059819231843 0.31036428707657543
v 0.10826830136996754 0.49109204635643783 0.65274680859075163
v -0.092396910308486721 0.60638529950320241 0.67433641594038496
v -0.2362229220202611 0.93449817691533299 0.38837431257332528
v -0.48761107218028249 0.98533120006866159 0.44693154290557818
v -0.36469544063114762 0.14831425216191549 0.50738265037410002
v -0.34592213029644164 0.68465289607870916 0.54171383696461028
v 0.37098189170215728 0.44721667492925837 0.50324659985179787
v 0.056181823198891798 1.0235087555794953 0.058138465694844689
v -0.46132282466415481 0.65754014095344959 -0.14052839477241671
v 0.12145595796854228 0.95555117002442025 -0.046602848774047412
v -0.50747027942999712 0.68532322387910816 0.55324665665651984
v -0.35531520361531638 0.99188231672287452 0.02271135896751246
v -0.49137141397876644 0.6632854493782514 -0.13641456895384099
v -0.41915177818449112 0.55317190320372889 -0.13276675297906237
v 0.09798737117514035 1.0428250464321789 0.27361418386133779
v 0.10720175065616623 0.73182423160248156 0.55141701089462847
v -0.39123407464352472 0.11336679767453843 0.51795894209747995
v 0.044074079065862012 0.86446892568375289 -0.13331209911933417
v -0.25549834344943545 0.86722581203596671 -0.089162851165125415
v -0.19642529217181856 0.66606527994680553 -0.27502829405409618
v 0.10236446572090595 0.041236853795663928 -0.047840560963898673
v 0.13281022333903544 1.0142158848045093 0.051429760940757935
v -0.42023376258746842 0.9099743739034506 -0.065283486094377952
v -0.34846201940065574 0.49635248637825929 -0.19706331602173507
v -0.45379687143042047 0.50858650756189083 0.54367762467444836
v -0.50541058037388398 1.0896509478415255 0.077257811469208945
v -0.40683382379683936 1.2264346316296195 0.12116574154903355
v -0.44494663804853413 0.2789825819146326 0.49333288233281897
v -0.26540091210949607 0.28481331511909286 0.46737234176042913
v -0.01597752302575901 0.54081560815054763 -0.3165160227232714
v -0.085315849453018816 1.0310308583545975 0.25937862473245654
v -0.4398896841064005 0.48576412981665607 -0.11033782793395706
v -0.28461741422228476 0.56283486148306761 -0.29938133766659769
v 0.18737499371714747 0.5569124875700675 0.61859265966670041
v -0.37652655519153538 0.24725130363340395 -0.029947601709977296
v 0.19554553015182177 0.90762577940892208 0.44534154145978422
v -0.47234179383974939 0.60825112150197003 -0.14162739219388745
v 0.39547420209729744 0.84526768984906642 0.3399935696442149
v -0.45087217519551004 0.87864244067219532 0.44888427895977434
v 0.2103685942628519 0.65363270859734701 0.57585995240788579
v -0.30729278334835258 0.91869498534174665 0.40848636909451352
v -0.47311956791686527 0.61094182805306008 0.5643696357431176
v -0.35335094749541135 0.46237318164507285 -0.1510093481280185
v -0.34330085962431212 0.77823634531678576 0.49915303346343759
v -0.49620526937807569 1.2117767194728069 0.25412846570529729
v -0.17987656247558001 0.92199222628861022 0.43320259490976337
v -0.036492003134611796 0.71825124429594345 -0.18801289225975987
v -0.27845471713688452 0.9847420682623782 0.096148557812018004
v -0.28607886801439747 0.52080197821915153 -0.30353374815708362
v -0.1345473091040553 0.83161768593309526 -0.14513813986297941
v 0.20160048195622224 0.97507007495914766 0.37797599353007694
v -0.41183358288309291 0.51675860664512629 -0.11928129363224402
v -0.31291485486693676 0.46600615121544109 -0.27101987853322818
v -0.51622810870015112 0.03364605799248508 0.36130775766485779
v 0.088322731132886384 0.023620863162373957 0.084954863601106226
v 0.17592752287413516 0.74246761747101009 -0.16253660639108763
v -0.080038246675525573 0.77705502001461546 -0.16526669768636632
v -0.35241005882693521 0.48811013471363324 -0.18149792739615522
v -0.39711909942929846 0.75678262070212809 -0.13246366132793536
v 0.14222606837196247 0.53253077696201467 -0.25593932034049927
v -0.47776644950383523 0.90143805161959389 0.4353279335888256
v -0.47719879054761138 1.0656621396907371 0.099837341098353044
v -0.45657077797668999 0.90434919885422482 0.42621064982518275
v -0.30254232443805285 0.81585111636616214 -0.12226538167601456
v -0.29573609413872837 0.51421948484942925 0.5176698757903555
v 0.00071305824514852315 0.56129030401170255 -0.31173336639958338
v -0.43647353773628184 0.5657437442289448 -0.13495093546791731
v -0.6432604852619882 0.39746293605488464 -0.024800135172015944
v -0.015032537466444321 0.47060511636129138 -0.31651845943446338
v -0.068057103201745184 0.94002178429792582 -0.056214753875822414
v -0.50654318631869211 1.0167309963182811 0.040089374943918447
v -0.020509855960736949 0.73201820194543099 0.53953045527949473
v -0.17543810751444502 0.71359962213150152 0.54975613963278702
v 0.18218232300364581 0.13858500848490338 -0.18560728764894854
v 0.096078488389142319 0.90487791090090253 0.4707910472933246
v -0.022861055875224464 1.0399555733173587 0.1493794886416866
v -0.48974272691469328 0.99569413994871481 0.0070270280230500812
v -0.44755218948696734 1.0779538628128076 0.25899217869688446
v -0.41746451467371443 0.57296162548901242 0.54134836174518464
v 0.040733500885696446 0.65420769604763329 -0.2688128130399341
v 0.047887535100993125 0.7488874999691818 -0.15932269766213811
v 0.17720954268522562 0.73199186335135769 -0.16704556426878397
v -0.36907044867622046 0.57070034580652551 -0.15221590662976681
v 0.026778308665360521 0.70371777729956209 0.60263427639969325
v 0.050152052511230553 0.88390375892737794 -0.12198642190066875
v -0.47853078709905517 1.1139887307517942 0.14381483215545504
v -0.21936492510273189 0.60616832433293255 -0.31089583157697209
v 0.30580594515425175 0.43700573998789022 -0.18554474523787168
v -0.26082033975677654 0.72243502108984781 0.53830183358015715
v 0.10935457209920428 0.5599377996800724 0.66380819947897651
v 0.03901537906859541 0.72524722742693815 0.54162487150033889
v 0.039145379127205088 0.55590947085095888 -0.29183941324572854
v -0.25303103209186428 0.65430928978042313 -0.25601893137262266
v 0.47537610125125113 0.45650293273995851 0.35950027985572974
v 0.065885525058364522 0.035668996623619817 0.5443232267134176
v 0.18832877752996227 0.89543451401052587 0.45296642332936338
v -0.35397243531894718 1.0120849926025761 0.079956361492621295
v 0.1956197693715489 0.59428892053816385 0.61326240243549413
v -0.3445866499905324 0.83091314246482795 0.47215429985216739
v -0.44427348770024078 0.8900875078277416 0.43890142846301405
v -0.43660012598419301 1.0416192916990745 0.31792028758767432
v -0.31104443149536498 0.99719461695023048 0.28293625304826031
v -0.51181676462091974 1.1362918897519494 0.38588428597160723
v -0.77630223952114086 0.88020854871156939 0.61840394261066101
v -0.36982829075703011 0.58130626089285264 0.54602560295187497
v -0.05677933710821266 0.60745632016620044 -0.30733906355025392
v -0.23347175407982879 0.72523085703630175 -0.17171509606726965
v -0.20822564000326993 0.075733058549733348 0.47426158763706106
v -0.50992196814702362 1.0743180222565334 0.43710229278270202
v -0.34537255796560301 0.88996370510837131 -0.077624029638808961
v -0.41689405587060119 1.0172131232162835 0.2829709191470221
v -0.43078018404370377 0.98709055562360903 0.34093957830742072
v 0.057659718637880324 0.99300321712530137 0.0031110006562038318
v -0.42591891345952909 0.6640445184688315 0.54078624921646812
v 0.16706688090495744 0.99649009202113759 0.37245742206154669
v 0.16435650569575055 0.72987786380979458 0.56574681359243484
v -0.41448505666195368 0.88603233949020233 0.44362340678908524
v 0.1717369234298993 1.0265410632724623 0.12843183798590441
v -0.48279406272144093 1.0230150085313126 0.43537345894334711
v -0.46213174221276748 0.56396539389161959 0.56336327913807149
v -0.087481105066464643 0.48175843488744025 -0.32355464066561634
v 0.13509311596524354 0.70850879848385584 0.57158768195621013
v -0.46987518990070037 0.93262783859952447 0.41905298931540919
v 0.17171961117096651 1.0192428942243978 0.30881116434424088
v -0.40183059365488666 1.033375789019765 0.16942460723577804
v -0.47799807164309921 1.1789888099895516 0.19238966902553742
v 0.047148941067792383 1.0409617250010976 0.28510223063632306
v 0.088419067857943984 0.60886671520550917 -0.27366412559593434
v -0.42702034405833222 0.99225361986784355 0.32797689219269599
v -0.50271402666902643 0.91192202856008397 -0.063442732447881275
v -0.37197282996628184 0.48897398385243868 -0.12149001786577013
v -0.45694382436624364 0.91803317054423272 0.41361645160076094
v -0.4200138653238813 1.0409494402422763 0.18282830792758176
v -0.31386133530254229 0.062643935012109381 0.40089098836468406
v -0.51721508306480779 1.1306415679400812 0.40044107066211404
v -0.25047991113174717 0.71215880569310019 0.54162857847562185
v -0.52736974228765832 0.54691398868597751 0.56629924917155283
v -0.33091687236836853 0.53218832873271271 0.53521039360640699
v -0.45116073457922917 0.523867623704935 0.54457305517041754
v -0.31998498396130809 1.0087467549063975 0.24760120076296477
v -0.28706748674782062 0.93037500650998162 0.38709674913965597
v -0.25029070926191582 0.95508355760151831 0.0062263394406117814
v -0.1949336630213237 0.54531165434752293 -0.33247342681228759
v -0.28360966428477813 0.95314245581112278 0.35072306887937404
v 0.034691768323996584 0.53601343748901298 0.67575441239527201
v 0.13073330679223355 0.63500876666177464 0.623661829562693
v -0.45359260710290128 0.55198536477133298 0.55708880478391654
v -0.27856641488163514 0.90487111385840613 -0.062183571816663043
v 0.053317428904769475 1.0432682115205836 0.26941613443811291
v -0.41329622151305972 1.0373984524096902 0.20678718454051026
v 0.15062007389675067 0.94098125567311985 -0.056872976782496497
v -0.33754157986386985 0.62848322535853396 0.55005689160714588
v -0.30507867927181942 1.0065686510867686 0.22310259681432151
v -0.52123141323322997 1.0236874730989458 0.044271272571500195
v -0.05613584886196267 0.65753383710236724 -0.28854025464576816
v -0.22292980061771486 0.61492617335131694 0.60436793193330862
v -0.29666865322130698 0.9961507984146728 0.11889994427322856
v -0.35532737635110123 0.92937981788746016 -0.038507077390698037
v -0.24932954989032222 0.89616043831961179 0.42604632585019636
v -0.020647760869680572 0.89560147673485246 -0.092238581354534874
v -0.43353857627698866 1.0356668774499065 0.11641197432129252
v -0.47098989910601846 1.0659204059248868 0.38079585638901153
v 0.19640756780515414 1.0181616829333389 0.23856407839693367
v -0.53018359881644572 0.65766172267006651 0.55991283869302222
v -0.04409432988504372 0.032113445834000359 0.56806883712515255
v -0.23281843771919949 0.99787343338471479 0.22057439324223224
v -0.67448290046851311 0.899624147298689 0.64759096180033826
v -0.41287300383149844 0.9746313759348002 0.34289648849773569
v -0.45505287496812014 0.92950261510523713 0.40164530469890569
v -0.40988869579441928 0.53357066662088626 -0.12619905991955305
v -0.13278764088175526 0.71278725634336615 0.54425586468852905
v -0.24766426695403826 0.72778898621973764 0.54070143778610424
v -0.045402290875977511 0.55490907080691865 -0.32463982861021323
v -0.42470105443682532 0.75125561357116488 0.53153526015371777
v -0.077483786451309947 0.73224819190124457 -0.17788549058804204
v 0.18116868225230756 0.58592530233324336 0.62709622467596948
v 0.12041162921603916 0.13914572555170324 -0.20343915836297416
v 0.065158743124330301 1.0444899981961975 0.12678218009260844
v -0.46478854296836597 0.90544008256461028 -0.071415281328012781
v -0.41916385802275047 0.96434270528422772 0.3579007752450451
v -0.41314407121540375 0.98907348762604552 0.32025665114060103
v -0.45388506538818318 1.0598746188250612 0.13793908092722218
v -0.31680882755598883 1.0002253854188043 0.095534167138237105
v -0.29135264242266473 0.63764176222521507 -0.2183882743818292
v -0.26176916705355141 0.60607191989443798 0.55723160700869134
v -0.33872582113322691 0.50397476415412668 0.52995881165106862
v -0.074377461894216831 0.70207983469048219 -0.23241666743653089
v -0.39426644658985882 0.49773587177876261 -0.11419062114108011
v -0.43002189086343406 0.54959403327529732 0.54092613169749704
v -0.30099198996003512 0.57946237668775946 -0.2728383186915681
v -0.41937604490718033 0.68403981411560411 0.53916685234770623
v -0.37658739134785751 0.043541376898671623 0.1999302571186152
v -0.49483273907213854 1.2008177948667202 0.25322572533211118
v -0.36636729996460626 0.9001439583382681 -0.071696244149064461
v -0.052812722609765411 0.87071494168506036 -0.11282616593271112
v -0.32810367175865346 0.9577259398761705 0.00067445159477496188
v -0.31035558341464015 1.007781563517645 0.17702942745085976
v 0.16270383980566691 0.6953807878655156 0.57665466559390621
v 0.050843441058208878 1.0031232876577092 0.38420789710114839
v 0.063471041542462511 0.93099569433111329 0.46072077533143735
v -0.31440270591736452 0.5366521560236357 0.52387115743967216
v 0.08532044433157461 0.043118972420690772 -0.1771398536436897
v -0.35537733965813079 0.96732593453551596 0.36875015279643925
v -0.49983584577269413 1.128443540676705 0.10863839073986284
v -0.47531725515098905 1.1867808110851341 0.16366268715916016
v -0.49697855681281772 1.0771645094592706 0.41954114728587133
v -0.37361966402510871 0.48105248109124177 -0.11628627540159225
v -0.38944168848638194 1.025733018698072 0.10206400628774681
v -0.36570474305621781 0.94757258607207762 -0.030433856496948339
v -0.23871437208891857 0.64202671663462041 0.55931943288455843
v -0.52655521637421587 0.52502766163288161 0.56326309450636547
v -0.3164481531982668 0.61834757516477556 -0.18206315352393332
v -0.75849337542966377 0.38677808556918425 0.11866038872456443
v 0.010090526352666232 0.07124718182249698 0.071113357646626268
v -0.32070068805827773 0.70759966506895144 0.54003765328573272
v -0.23459943460696836 0.90058653891739071 -0.067370727168752906
v -0.28968292739351142 0.99986205089922187 0.2254771870955026
v 0.13401260905097806 0.69616126386397537 -0.17778479969802846
v -0.22024378396586733 0.75715705326216498 0.53481423383059989
v -0.40817289654333611 0.59212054626074251 0.53407917168026786
v -0.26158248199679673 0.75798813659187125 -0.1648136953348617
v -0.47891769741832885 1.0385373819843819 0.42064545746851589
v -0.37137289976469784 0.78776170694646508 0.494939249225893
v -0.46088788421721044 1.2036428734684026 0.16440068863518872
v -0.52017249033543678 1.155631885316541 0.095688123039187334
v -0.46517051068770898 1.0920669779457037 0.17041144423154775
v -0.75995725127804337 0.33623403525394113 0.26460948460664496
v -0.3932304868944908 0.16018368214098508 0.50645398888120929
v -0.2689470897838917 0.34715936664506142 -0.25830222240463069
v -0.39528979831119976 0.27202699056620988 0.50448714878711542
v -0.21637511993585579 0.65849653134416719 0.5643196047657435
v -0.261977557422928 0.93802788703865114 0.37297506828920446
v -0.41832264276464926 0.95207171903812793 -0.041888894118749839
v -0.29005136537535897 0.54062949347919287 0.52407950968264938
v -0.28908141464565407 0.96870866044551029 0.32461233947766183
v 0.093542652101535367 1.030165034713415 0.3287356646506564
v -0.4429679249240529 0.91221887072904384 -0.068851796449578576
v -0.37429441983419814 0.61327908430606826 -0.16555268143779678
v 0.12695280063598091 0.87580980904109451 -0.10818777735225624
v -0.43120253957142829 0.49763366388814118 0.53234614748226272
v -0.38226663041253595 1.013336227014926 0.058177976187788971
v -0.30468895641446098 0.9807867583075488 0.054816262376069444
v -0.22422487455972048 0.96884916146431388 0.32323527040693528
v -0.39049508397168942 0.58349356232486937 -0.14517536284041338
v -0.52576292094123689 1.1158954195026647 0.42177179739232501
v -0.45559695440977693 0.94061517833051278 0.39395302377939856
v -0.03514559352558453 0.72999303960675299 0.5420250035472699
v -0.29199013303653398 0.94830737297776002 0.36143790375125462
v -0.30215377454568565 0.67982639880080942 0.55429939515747362
v -0.48651224234130075 1.1996785161750643 0.22884196799334419
v -0.31332979085587115 0.084414764846643384 -0.065338129860026947
v -0.32978243782714617 0.49327829582424232 0.52322417646817732
v -0.088478139767715167 0.71882779452462719 0.54470985309162778
v 0.17237811137359016 0.74945872556717563 0.54680157715543165
v -0.50505860119878287 0.54660183801273976 0.56055635571501716
v -0.023279651202172756 0.69452156910875984 -0.24212273615946941
v -0.50633234308460506 1.0401351403436399 0.057896758685857072
v -0.44561553350573041 1.0666992322055644 0.3026957618900083
v -0.48677984110102451 0.59787518320185173 0.56946423741467933
v 0.1784703062233304 0.51390801689616183 0.62728164776796758
v -0.28841068014588572 0.65368693528375876 -0.19310048824926479
v -0.3389460149212456 1.0033227290549678 0.072363056448819282
v -0.34463797087629788 1.0147441081375637 0.11133135335883301
v -0.32280036713617727 0.9163471800030959 0.41476782694534309
v -0.48559854077008069 1.1702206252610743 0.26239221128122081
v -0.24759248568117093 0.88645016617378203 -0.077114117305237415
v 0.15441985959538698 0.11120489040065734 -0.18691894760635488
v -0.38147610439385937 0.67994270006137858 0.53276385517885994
v -0.27926282984763806 0.67164427048026576 0.55804377299930363
v -0.076508553890394612 0.58047766051419036 0.67189144360518049
v -0.022972558361814319 0.64090418004903948 -0.29350255022073252
v 0.10387149471556234 0.58117510371361381 0.65994971906127875
v -0.31327039262680878 0.51807499093639153 -0.27291447478679393
v -0.65938466822350206 0.48833723364389692 0.52130876944603832
v -0.48251249877784419 1.0468672834811916 0.08017489361473111
v 0.075020593983104247 0.74434787724669038 0.53081754701423223
v -0.45816179297505011 1.0978045299006289 0.23310844938503805
v 0.033322983967938404 0.7413079521367143 0.53862625620126303
v -0.067707152204497995 0.97342492044081574 -0.018900324703297333
v -0.4139056813975871 1.033123067583916 0.13232120574224246
v -0.034706207245370678 0.95611423032049425 -0.041119286590668824
v -0.33015534574272309 1.0104890353864662 0.1217456342917905
v -0.46301993694871174 1.0130825818304685 0.4068150142698187
v -0.48237530145087049 1.1813397089753053 0.22781453607979282
v -0.47753728639513698 1.1658451449077956 0.19305027250732149
v -0.058067302299242396 0.94649838894266491 0.45022993637576686
v -0.0047513945677160937 0.87277177215234525 -0.11411042950511976
v -0.37453415863787237 0.037043300278489927 -0.13416750614730222
v -0.36465668095180748 0.19192911123811257 -0.10347998811015474
v 0.001775889513528984 0.55583041788749044 0.67537705776388535
v -0.12375907319190226 0.62511075817183726 0.66562778251664556
v -0.40085646639822747 0.56912842105791517 0.5339791632805535
v -0.23334682397541093 0.74361838623953036 0.53681947478413394
v 0.21640264911139589 0.57413514530342991 0.59767865564042166
v -0.45252620994554965 0.73081155515383756 0.53559987392819741
v 0.1503848953855996 0.7664308821089254 -0.13939413133666836
v -0.024762852734898678 0.97405829861228976 -0.027077726358341467
v -0.50666886434742142 0.9146232993093496 0.45233906838007093
v -0.50041508941719148 1.1682614967397527 0.30854127558951805
v 0.17426169388205959 0.58370851890931197 -0.24235389704455806
v -0.088444735788708054 0.56644161912115132 0.67740730350570832
v -0.50425359300815542 0.64524565442754467 0.55571941173602479
v 0.086367349767044452 0.55760214938372266 0.67058649038353835
v -0.28898103062064978 0.51656626643820058 0.5218565143330739
v -0.41876085990514422 0.58920001491062235 0.54022530018976056
v -0.3435544016216 0.49286889057467509 0.52802292460746192
v -0.43957439951691379 0.61371771713409684 -0.14102490801145504
v 0.15673006382020671 0.54309267845086051 0.64099299857463699
v 0.057613222692440701 0.68298409305135932 -0.23556926396282349
v -0.075574598309401664 1.0021668874524476 0.36537006992953264
v -0.46625880906382877 0.94376531775871009 0.40696220492988089
v -0.33962225823888303 0.98893054453584572 0.03231062669834063
v -0.47926250691102779 1.1490484128409029 0.16785616542555898
v 0.21299685373829161 0.92613163464057313 0.42312020396258399
v -0.39036521363610294 0.96053052498198033 0.37239879749859089
v -0.06276096298438423 0.56580731852722188 -0.32501551362911524
v 0.081220361371803051 0.76579128211961212 -0.15196627193439366
v 0.087804291736129497 0.77916763742452777 -0.14890304378490452
v 0.13833493769444166 0.67775280005068705 -0.19906455341668758
v -0.30418393741882876 0.4815011390177939 0.51468139453915696
v 0.10466722997811305 0.55177946191912786 -0.2700041313686829
v -0.066897396649569826 0.62784744329376685 0.66801619977334281
v -0.37796356515288992 0.53716866130426155 0.54404508168773202
v 0.10367122751205578 0.98801342448123852 -0.0049645606635425306
v -0.48243472467835502 1.129252786203748 0.30435654193866607
v 0.39839292477342275 0.36960703059436073 -0.098733061912980258
v -0.45519613580952989 0.035422814201085208 0.15095902038848355
v -0.45275809757937568 0.59172048819803391 -0.14035282483527714
v -0.10235718592028641 0.60689403900399641 0.67447443541962016
v -0.37663302022004053 0.59490656664151909 -0.15980227547320194
v 0.11070877460790868 0.6630625045811861 -0.23094916500240356
v -0.40919746003477525 0.63387693363627218 -0.15607131876603464
v -0.27935516301244812 0.59523592546495607 -0.29031153566594298
v -0.21620911143528451 0.6939230025797769 0.55205754426966536
v 0.088463523470839661 0.57134821505174915 0.66729641476785728
v 0.18578109351317962 0.73092392233784709 0.56179792832576958
v 0.099525038501483809 0.90375696358751623 -0.098189997240114305
v -0.48658484610215913 1.1997397357173403 0.10540994279663514
v -0.40098858832707379 0.99439156547049901 0.31214930632365218
v 0.087445017927480481 1.0344288925683369 0.084487111304314536
v -0.31533937469461887 0.98066324558037288 0.32220159966021694
v -0.070146796611427961 0.95751923136124439 0.43628118508276836
v 0.054470763298432791 0.88115882688588776 -0.13898449371839688
v -0.50973734942816695 0.042797270686428163 0.18134601783945292
v -0.21813507727694478 0.50788215324211872 0.64594767622707194
v -0.42227159328132552 0.51377797388838431 0.53161937346453891
v -0.23318734550459685 0.66058835996604059 0.549806792313703
v -0.25760952440616935 0.71678695158558214 -0.17146956825154991
v -0.35937485465177565 0.72065759938400498 0.52746490839461835
v -0.32756302728201658 0.61360182762717141 -0.1806915123662752
v -0.034222271144482314 0.73680126669382151 0.53723962530177316
v -0.21185804675813827 0.6799740676740561 0.55059597052542775
v -0.27343506853020433 0.57631813590234038 0.54855542601692275
v 0.15425852190561717 1.0305792727818606 0.11491646234321692
v -0.44614644369666234 1.0443657838604126 0.12746884693758997
v 0.087167648471672465 0.98644033341405402 0.40567355195389521
v -0.43445683795824902 0.93703671428855029 0.3903146609323096
v -0.48730666515972237 1.095405586119423 0.10555055867816558
v 0.074759463459816461 0.94077658665003416 0.44745345675829723
v 0.066858420711087344 0.85839247979908606 -0.13823617930959686
v 0.1253842723951436 0.49295092507518856 -0.26751213213270486
v 0.18905247533289385 0.78828696727830738 -0.12082412122362812
v -0.048074081282881098 0.66469961536528077 0.6469285200025936
v -0.49281838944124268 0.49156152778189055 0.55069028849234014
v -0.3837342317903451 0.51704802582972009 0.53637842428479721
v -0.35156717311793562 0.51217254219789898 0.53839436265168006
v 0.0023783412620083147 0.69297450310644115 -0.23625446286701615
v 0.16403643050917746 0.71707171582407858 -0.17285612494172164
v -0.19853964193064766 0.70124021031061523 -0.18221352334975743
v -0.21475682440510707 0.64630023468069753 0.58675232830189528
v -0.9111081291743397 1.1425064885419656 0.30428476910600943
v -0.31581285894004646 0.96401171462387136 0.35575590107444854
v -0.27667332088429597 0.94014680857479604 0.36976697428672173
v -0.26679382304570148 0.97313827567181299 0.30493536276497307
v -0.30273456376600399 0.87891790192360664 -0.089148619839371529
v -0.41495373581463052 0.92540474827707297 -0.058034407413081641
v -0.28741243858764698 0.93921269011581077 -0.015929146854748243
v -0.3638637152433552 1.0106062150678303 0.064187330768821313
v -0.40623110596522727 1.0329716170267997 0.15853019917123334
v -0.092475819802244841 1.0163220384921894 0.32376541917694318
v -0.37907933616376138 0.76338301192439484 0.50911567553813541
v -0.36230344526975594 0.69598643347798639 0.53347455939006849
v -0.58342385279699083 0.64154094231275582 -0.13402385664725991
v -0.22894208430207308 0.69917148993796996 -0.17855305308964592
v -0.38966004123421805 0.53703596968135447 -0.13381894258451246
v -0.28349499222752644 0.71641424508639184 -0.16521988820940561
v -0.062980814426565668 0.69573827197294336 0.61196282353565179
v -0.37943734460833728 0.56804244752108934 -0.14822914400194703
v -0.27370527311126758 0.75513551241838062 0.52442967815211516
v -0.0099022362686211288 1.0249831320151532 0.34451310463701734
v 0.076320883451221191 0.99617776493982535 0.39017003244800108
v 0.1570034302491761 0.96993350142318235 0.40940171255139873
v -0.28928244207119602 0.98688109399818658 0.29050860727954159
v -0.32630415561716603 0.98293063484036647 0.037851770568189579
v -0.38787885087517715 0.97581680240709423 0.34730270444320371
v -0.24629385583423336 0.99631983266211444 0.1862603816650974
v -0.34356637716549671 0.98196513179489431 0.33915138406191053
v -0.87662006279504145 0.84763817199193636 0.54407309789037284
v -0.302652089451029 0.77051886367012468 -0.15207169612288682
v -0.36115039328343979 0.62674526564923572 0.54496162303110818
v -0.31033208883662272 0.64246181375623213 -0.17691120696643242
v 0.095134471691807429 0.71410708661672317 0.55948506003658716
v -0.3919122197899943 0.68297708486316122 0.53182868581237008
v -0.41557062299100894 0.63240823727498918 0.53955969995016639
v -0.40801675791624747 0.5578889585789979 -0.13744576092035315
v -0.29339139210573201 0.52730147775082792 -0.29664990995646773
v 0.16033479529798331 0.49373019806107671 -0.25454744563503129
v 0.0064314172281028873 0.63607059460786319 0.66149723229050339
v 0.086143483338599738 0.75179994337402822 0.52546401018878974
v -0.31210010447787578 0.55268704138607261 -0.26432072010626895
v -0.43315054582037738 1.0008715942670241 0.33195203898311032
v -0.02330576668143328 1.0000889282490879 0.0050163464533197711
v -0.51921900133203436 1.101986413619269 0.42790330728491216
v 0.060496741634511325 1.0490061037104097 0.22577314650385541
v -0.019023052933960314 0.99718511796102494 0.39438867516480558
v -0.3734439900683163 0.95409276459793713 0.38576311065027774
v -0.2663809947849729 0.87238026377302402 -0.086348386834398078
v -0.49262379040786852 1.0196656823649484 0.043223994864139546
v -0.28486655013889123 0.99458920306286636 0.13516364522837856
v 0.19859688712298212 0.54917913157445919 0.61073421671221428
v 0.086675307488530903 0.48394637883727876 -0.28952838044173035
v -0.082417454379874897 0.71698296517922488 0.55254233904954064
v -0.31245976897064587 0.58222512363246637 0.53483165423642109
v -0.34165454836320408 0.56481930859090335 0.54376014160198116
v -0.59670691320344948 0.54400995310075018 -0.12433697864154029
v -0.43471146644323888 0.72984209722258531 -0.13538138274956127
v -0.46524365257969663 0.68651293034062988 0.5565501693519026
v -0.36829269643375723 0.59691066421472516 -0.16682876984349138
v -0.50410212223927542 1.1984537512007944 0.098220236414379047
v -0.2514220417721682 0.98268355907271865 0.28064623004020772
v 0.17019158669312148 0.91191383639816237 -0.075160744176578115
v -0.43288496717424446 0.95148504936640688 0.37271263828146123
v -0.38760945888337378 0.98422728547854554 -0.0050508695203078449
v -0.28311491904225589 0.89130848389169959 -0.075949597653730688
v -0.33491563028122701 0.96916046428063118 0.0077917619702684311
v 0.13738810149684924 0.97241736242757326 0.41513201340427874
v -0.46434169699858102 1.0803193536110962 0.14796165911658468
v -0.0076432355662568495 1.0239991864663036 0.0615353560048124
v 0.06292901811237972 0.94610601848998033 -0.058634510813915589
v -0.0013562080055456063 0.93051078897795736 -0.062467974763089018
v -0.09704440896868699 0.96298674942928641 0.42198363674243855
v -0.45484724072876825 1.0209844918813058 0.042849558630068653
v 0.13473299187816232 0.56311909295708706 0.65431634039667563
v -0.0173637020663483 0.47697561413976319 -0.30917677820700201
v -0.34963618406719338 0.6685449800685368 0.54662874844804954
v -0.19499794538167328 0.67720090471235295 -0.25608753726861166
v -0.034139013420122148 0.62600223826304724 -0.30131342245614312
v 0.084970788721888804 0.64984606323984606 -0.25755883122435186
v 0.092237036265675518 0.77059476195647114 0.51486874288081452
v -0.19372767962137519 0.68909308557221693 -0.22009776060185918
v -0.11720807282484304 0.9660614572794296 0.0035667028998805804
v 0.080677126445957537 1.0487443021947003 0.22905517986222615
v -0.30030667430635566 0.99797289340912443 0.26734293936021325
v -0.3112022423433442 0.94971926621708203 -0.00097063807963538185
v -0.3812822242744755 0.99576972017016696 0.014840896547141691
v -0.030738224363053387 0.9896376501495926 -0.010889617918825274
v -0.025386244383136941 1.042282896814525 0.19124311898295943
v -0.48997147883278092 1.1938770434610029 0.10957311190246208
v -0.48450011344662608 1.0779815522393807 0.39862631338778798
v -0.04568039709684997 1.0284071826658647 0.320342446451645
v -0.34647756135900715 0.91153035568781871 -0.051984282721270508
v -0.28322419914576286 0.91834307126390058 0.40245439638683683
v -0.25656697279995244 0.95134144174231594 0.34203632098330011
v 0.16703722166406237 0.93026424117569939 -0.060476614582034613
v -0.29574907765365166 0.90595935373181125 0.41821958549454008
v -0.015649766396954104 1.0349747020354136 0.10421425605757119
v -0.50219679208302725 1.0019321099209544 0.46355007393135295
v -0.24346407392004721 0.42684445381199049 -0.32849162141327687
v -0.48318863717577087 0.25423786053545966 -0.025434653028463362
v 0.093003870740959407 0.66155695595028974 0.62709154867160899
v -0.406655154026906 0.64401641285053635 0.5362985340520382
v -0.39710955925840336 0.58570757922019789 0.53532581991055028
v -0.45413632376270469 0.72047972494011592 -0.13599542467218878
v -0.302222886543768 0.5259918021576202 -0.28527139286781361
v -0.22786328213007212 0.50045733009909454 0.63068237723310638
v -0.31644798368774607 0.61978911281866189 0.55249926041119046
v 0.018615467323820661 0.61462666892852069 -0.2883588023430555
v 0.072772431462476361 0.7535356303298667 -0.15541513791411851
v 0.089063220862241707 0.52981490508036111 -0.28055480655676007
v -0.030021584624565598 0.55870658046880883 0.67329333594844809
v -0.39284926851180846 0.64502456092608496 -0.15995645126013952
v -0.27344383660931032 0.69640893733648934 -0.1720561407965312
v -0.4972013047188048 0.68607177056636059 -0.14084772599553763
v -0.022580775651057674 0.74016936292952284 -0.16888492956359186
v -0.47335882047451766 1.1961267265516067 0.11912507473993039
v 0.016813652974723134 1.0466416484573229 0.21223969809842128
v -0.45960691193848996 0.98113565678538273 -0.016315305506713916
v -0.328327195424504 0.97112196613992197 0.015159789643139982
v -0.22209963055991799 0.9132133625554224 0.4217959177868621
v 0.14026345027910556 1.0368405179728613 0.133694645633394
v 0.18585164383541644 0.85038555497615531 -0.1045655911193914
v -0.87039237418877791 1.174155532688818 0.52373733208134843
v -0.44829084091260724 0.15722282473484883 0.51523247179474352
v 0.0071291123620279414 0.36867275662741794 -0.29219396972168515
v 0.084113701709415969 0.27350338100622951 -0.25712017273311499
v -0.35127615308306764 0.035642569771457945 -0.14816967864900629
v -0.43429303978425832 0.13194210801716541 0.53070312915779538
v 0.057485900648056393 0.54346816006015264 -0.28899184810972878
v -0.45128522944072919 0.64506157753511661 -0.14456680045969333
v 0.12729793970963377 0.75106253611479834 0.53776740703618553
v -0.22051094583461486 0.69558039760965151 -0.18232910604982577
v 0.17004620717206401 0.56279469364976309 0.63496320735820599
v 0.068952802683527964 0.57553337819343708 -0.28015675245630489
v -0.055568361456237572 0.71870940340982836 -0.189556081521636
v -0.071570296902728966 0.61353397012487809 0.67053353972835694
v -0.30454731431104826 0.61206048320050599 -0.23423836458263017
v 0.14834973784413377 0.75617345350947884 -0.14732644640621975
v -0.31189673917674304 0.63265511322697987 -0.17788212270905152
v -0.20128843370819374 0.62654863590538079 0.62240824239959536
v -0.4898250453505924 0.77249278494005302 -0.12754277665394465
v 0.17654410544694787 0.62661512163279054 -0.21896049424620984
v -0.47801056050288465 0.72559771743871604 -0.13803214256067917
v -0.41106959526762799 1.0122647786181675 0.28148199262442214
v 0.087337031870284978 0.88673409498336886 -0.11588935607000633
v -0.34004379943464297 1.0097142765160079 0.093158744359598755
v -0.42876133103025565 1.0491814208124075 0.21988580667268218
v -0.47032438859427755 0.96453166303722193 -0.031132633894795651
v -0.45211522236211427 1.0029928225790878 0.0084569302801282154
v -0.48539745617475177 1.1531709543319051 0.28574463030613262
v 0.10845572955015971 0.94624646585320038 0.44273737277748548
v -0.48160175385819232 1.11004191045209 0.33479176866049976
v -0.049996172649706842 1.0320990580388134 0.29691025635822776
v -0.47359043492514286 1.0320680925505572 0.067670146548571328
v -0.074153530084350952 0.3621382588998654 -0.30103255574230631
v -0.046031469480724271 0.7878284748768859 0.53884993842510043
v 0.11653033440064736 0.63376450445311594 0.62941896416515108
v -0.32851623749218611 0.49017915117063171 -0.25079817738760224
v 0.086394952288050567 0.67048616477790857 -0.23674119043442055
v -0.28648814200354078 0.53764963587269976 -0.30235887926561766
v 0.16330935377499059 0.68093541114617939 -0.18199376211284374
v -0.25628848565946072 0.61784488135870708 0.55796610161149363
v -0.50974681233057084 0.72635857800880377 0.5401748357079732
v -0.10029010483395899 0.71709013988486137 -0.1855453334598344
v 0.11474353940281889 0.57377706858220079 -0.26353829789000144
v -0.12210508708272623 0.73043716940095371 0.54294504547202049
v -0.21205518971140036 0.52219904323114585 0.65505517635047816
v -0.0026784094112404203 0.66300572682545211 -0.27629007826565416
v -0.32041256868955759 0.56261516267902723 -0.24045667636358037
v -0.40799124840554224 0.90177157917660544 -0.0679664315211463
v -0.46381018623767517 1.0582339862092636 0.11463785914485781
v -0.38088830868187667 0.93842991625168937 0.39868495348380634
v 0.071666093520684176 0.8593012774569424 -0.13510981521682677
v -0.34341585493995153 0.92681899675376767 -0.036021921459952325
v -0.0053710038934040244 0.89140076835739213 -0.10011091094559363
v -0.44544563103790885 0.95896838426097075 -0.037736496803845131
v -0.32023541565989916 0.47575208820728065 -0.26079666974703186
v -0.065961540321119005 0.75770607658145217 -0.16970834962733539
v 0.025002432233810386 0.77489938311488848 0.53764061295494481
v -0.48795534699556103 0.57426754992346363 -0.13781748366964902
v 0.13311075382622298 0.65121285392716344 -0.23039358888700051
v -0.38273106770024423 0.77490618920344034 -0.12632281730071632
v -0.21542472590542044 0.59620498401254207 0.62941221496413569
v -0.51313344038529074 0.74660774969861166 0.53122428062912397
v 0.05413511749551525 0.72520898734803263 0.5404229620017682
v 0.17797378562706001 0.6228518228960237 0.61643322076022988
v -0.21758753475005135 0.63650048666211445 0.59347783603652082
v 0.15521462628836702 0.74980639450881326 0.54672674187047154
v -0.32627624270629663 0.62388847804595227 0.55236784558511465
v -0.47985978324604917 1.1870548880019574 0.21095421731424313
v -0.2152218542513582 0.90527372439932297 0.43147167595623337
v 0.066490032736802221 0.96278981859297585 -0.035711076486613452
v -0.27009983890615896 0.95956842590239033 0.32657393926215827
v -0.31281995513606287 1.001195506364025 0.11381065083201657
v 0.010397330081970821 0.98801831382169236 -0.0025623804249172615
v -0.43130327205089042 1.0453780888582085 0.16972459053568043
v 0.061939096854381447 1.0388591048024494 0.096273360533701252
v -0.21007815133516594 0.92055146883490835 0.41977509464342327
v -0.51242615354751941 0.90299861236460377 0.45452830230373703
v -0.51887299641654183 1.1930860691256162 0.094183821967549097
v 0.018038165841355369 0.9057584015286374 0.48710343565534053
v -0.27176065160476465 0.8885846212322327 -0.075783775383964871
v -0.44347143474327727 1.0396597635270273 0.33573907047585705
v -0.3584805980545645 1.0016736511086353 0.30074411233761872
v -0.085976473209291582 0.94764412707270718 -0.040547882142190274
v -0.53790480513403971 0.42785325777370797 0.53123455926803287
v -0.44033661808857205 0.35761795923792783 0.50400403854861675
v -0.0086336942566277008 0.16741157169884291 -0.24175015050166446
v -0.26822333903981882 0.15771194079662082 -0.21773734731386563
v 0.12485627559115503 0.71332798923987906 -0.16922276703794328
v -0.27393557077911868 0.62578423115441395 -0.27014193725915792
v 0.013722153340754601 0.5339729013936193 0.67716803567562955
v -0.2101869374223726 0.74189874517300602 0.54240554844075006
v 0.092606547965402408 0.5037094638829468 -0.28510339321530392
v 0.097358676978967593 0.75265795169613869 -0.14961414541881604
v 0.16096022445354433 0.76475901329517271 0.53391388256588346
v -0.094784033613621754 0.62604334463418532 -0.30862452013904679
v -0.40011259055651577 0.78469333193366508 0.51402233962087529
v -0.42516799836743979 0.6514645856050606 -0.15342285458972765
v -0.25878941782240883 0.92041693484609133 0.40210896608307212
v 0.17091876505228459 1.009376994771044 0.066081634187078381
v -0.52233445073520168 0.96173110357153091 0.49208801403226315
v -0.47096176353854841 1.1917628520132919 0.15289624773582486
v 0.033125792497165872 0.98230409121018125 -0.0083519099642358728
v -0.48393403333624047 1.0924696397401539 0.3788576262765348
v -0.48947326065282049 1.1338843521367186 0.32057698254135708
v -0.46467367687883349 0.92433000528186127 0.41484912106353428
v -0.20866676171260173 0.89253680747839481 -0.077316346569947861
v 0.095385629047458495 1.0352235198148045 0.30840727308367744
v -0.47889283124930093 1.0510945264337381 0.41538726257415276
v -0.47015172574033831 1.128490319510782 0.20685730188767928
v -0.23111200078546387 0.97943441752402605 0.064500588003052417
v -0.35407927256055333 1.0189675487854879 0.22986768125286722
v -0.4376305396720242 0.95825526283481366 0.36816678922194906
v -0.50415381909316581 0.43488375566287846 0.5297373754259862
v -0.62397877328861773 0.75282210362962076 -0.11899945570238307
v -0.28747458357643524 0.067027425159706416 0.35639871309675764
v -0.32101074629263215 0.65321568346071435 -0.17144727336798382
v -0.516267525271216 0.68113929861078948 0.55282476083816012
v -0.030406002179683977 0.74820880098974119 0.5364760966698604
v -0.29771198396529741 0.55712499207774502 0.52608903078858271
v -0.26388282934739199 0.6610874810724221 -0.22547950392042587
v -0.62486394235590159 0.52377989788279111 0.55018711800666165
v -0.37976360517909691 0.73828779452204873 0.51909665683947293
v -0.0966791239063758 0.72852915793696738 -0.17835377826886573
v -0.04221147978078775 0.72539150693051246 0.54804211526189106
v -0.37762610659353235 0.74993114804427141 -0.13873886456796886
v -0.30529094205891372 0.58394218177638779 -0.25862024859632854
v -0.28781388637611272 0.62501130132865179 -0.25166850597354257
v -0.49330393138786677 1.0663761611293072 0.076798058652457937
v 0.1646987144272738 0.97793823338884456 0.0084141340409206872
v -0.35930894797090146 0.98524454692697894 0.012286692683732666
v 0.054276570814884427 1.0239943218186713 0.34875677955360029
v -0.085859935483488636 0.98948509778768579 0.0097582515559309271
v -0.42430888767157332 1.0261989304364441 0.08041894110840421
v -0.47788293884710875 1.1621280180389761 0.22380252610494986
v -0.47727564875489864 1.1831414115702967 0.18029242906132045
v -0.42588757247053399 0.93507192871619682 -0.054264374759384414
v -0.41194038281868178 1.0251862703708106 0.25325109135171442
v -0.44918420629459993 1.0762136384326806 0.20006376687781269
v 0.070916144897223268 1.0118001839098545 0.36869869244163589
v 0.035556730187969864 0.99845350284263767 0.015503775454594028
v 0.16017520722414938 0.21436804178001476 -0.22440475166721136
v -0.36098725452497188 0.18493683405104028 0.4923401916305552
v -0.44216972630928353 0.13268693399443054 -0.15853753109625396
v -0.24392893745036273 0.075637182936475159 0.43660746371376269
v 0.0045516643990295945 0.47796809469847523 -0.30590770558884967
v -0.071928596920415352 0.72420504309732014 0.54518784950628951
v 0.12552385360171028 0.50024197107872459 0.64903925285361508
v 0.096804360096875167 0.72944069528389477 -0.15471353339746716
v 0.02761642410384605 0.65804573785564768 0.6482294382251006
v -0.32157071454670388 0.61686911881953277 -0.17992974210580659
v -0.41871542027012887 0.72171078307629066 -0.1374542712777124
v -0.36192269958422879 0.5218866609309557 0.54282042146202425
v -0.36960239277182366 0.72853726909833383 -0.14662989508065938
v -0.22066548001697789 0.71306364683127599 -0.17366587180915469
v -0.018821457154624913 0.52695619930575421 0.67316282529414673
v -0.4129000368004202 0.53746778674337559 0.53096070077512481
v -0.32321781506984376 0.67329325041117327 0.55088688603428981
v -0.43590370871776363 0.69725230246683256 0.54240480508854882
v -0.41375982329951971 0.59933999912520097 -0.14068657512677696
v -0.2326679175337707 0.67814932198146116 0.54280973995486426
v -0.067560694977961758 0.70480459097392378 0.59539331192425893
v -0.23370354080687711 0.99843144209951806 0.19957027733001434
v -0.49515093022250212 0.95799125314406441 0.45868165598345279
v -0.0081905597222632909 0.96015879185016073 0.44400403649759945
v -0.84603956697914995 1.1798989310478019 0.14380928117723973
v -0.40335414808928011 1.0198297618597252 0.067146101414440801
v -0.049959989961349094 0.9797664853415422 -0.020126629787463428
v 0.061776055714153733 0.90992219263099128 0.47943847821565483
v -0.49096371249896242 0.91280911337416293 -0.063626528064171836
v 0.09529953590410753 0.94097652411808186 -0.068566729796593048
v -0.50898606379976907 1.125468782479216 0.38743693520502698
v -0.45843284501542664 1.0771745607433176 0.16255420343825044
v 0.050137342645294909 0.95684665163298321 -0.039871091860142864
v -0.42694090985910682 1.0047703830004326 0.30716592734311687
v 0.1432434701164676 0.38430097139190994 -0.26208055996980639
v -0.42473728410967199 0.25933330198144816 0.49895906386851197
v 0.033600134779438823 0.47840392757014899 -0.30097631001940006
v -0.068350081216960679 0.79546384507339207 0.5327312067614226
v -0.32525268043816724 0.7110780715851529 -0.15635316504813029
v -0.36788874647011754 0.56363087991354999 -0.15189376607074606
v -0.10431509437925859 0.73110210961591926 0.53725168378596455
v -0.51919015169396487 0.66764510034437141 0.55514817534307292
v 0.01408301367898424 0.51503498528825287 -0.3018851226177735
v 0.068286420793448085 0.64811875878415648 0.64592308574118973
v 0.0086989358610845332 0.70640801007115506 0.59708596949886661
v -0.3096168945465283 0.53684140783649859 -0.27380431454502047
v 0.081056763008880081 0.77274604653111478 0.51832283202576079
v -0.17768253696374356 0.67872373407279041 0.56778119060569465
v -0.47284403458254637 0.65968818354583936 0.56147832130641562
v -0.0027867099638250563 0.95117884102063088 0.45380795492967724
v -0.23954693342536995 0.99400044988588021 0.24059272163224538
v 0.1020429294851654 0.92396774286805805 -0.081357251497328975
v -0.46410363027740886 1.1092489630342648 0.26086901192970052
v -0.2619134129688408 0.9945156784517527 0.17080057052040304
v -0.2689138272146403 0.96274338138567961 0.018789618826290468
v -0.48460747635928009 0.96606256318256722 0.44614986462514034
v -0.44562880164508184 0.96357748234982954 0.37288363103725691
v -0.43724530820621071 1.0610436952149045 0.22732231006447595
v -0.10501583412060531 0.94119011766729699 0.4434467549152874
v 0.14162075408048719 1.0309450295946139 0.10129406037390883
v 0.018450308525962567 0.96058842677809719 -0.031054184840580097
v -0.48110236111248983 1.1884858975851256 0.12395634822655484
v -0.51924990305291596 1.0901267069503771 0.43758356729696424
v -0.3503198876465633 0.94580430156368034 0.39563729862791619
v -0.43787239174086773 0.79678284702763569 0.51322510119648035
v -0.061726106556273495 0.60304368580332768 0.67368830595854112
v -0.38108129627527548 0.78533997134978839 0.50040620334750852
v 0.02202976946975168 0.71760073419456216 0.56943246935632452
v 0.22356936662858909 0.57091365661666948 0.5906379157176207
v -0.33501480230941816 0.50702220821857047 -0.23120649865324994
v 0.15684798158627028 0.65690524777157844 -0.20797249968236872
v -0.44124669081831197 0.57814730204307674 0.5548302890527006
v 0.087127656567572029 0.72342084524150574 0.54776055910971433
v -0.23201672977930213 0.62381126703454526 -0.30029962707102742
v -0.40195542930040701 0.60958719832499653 0.53611828176579934
v -0.38389918393641553 0.58960417001374621 -0.14995859143082646
v -0.25727917665963768 0.6301464895353226 -0.28233487268017909
v 0.14057624142886102 0.65511607312909026 0.60822540527761759
v 0.15201506217808189 0.65264858043604812 -0.21898460490945154
v -0.47430968353250547 0.70060576694425403 0.55460790392810944
v -0.35043529973534543 0.92801909838815499 0.41018235277764487
v -0.04932144464792259 1.0267425127867182 0.08845123463359901
v -0.46894307267753949 1.1239431933680883 0.25059726128604881
v -0.41612185083502801 0.93117657135209786 0.40015634488937735
v -0.22023056331153204 0.93605537228389091 0.39474428168665271
v 0.13221937676743556 1.0259691820362409 0.079489946244538839
v 0.12646385030060117 1.0302716388403805 0.31423492101529399
v -0.044557320660724604 0.88198019672128303 -0.10191204504308032
v -0.061782118789742053 0.97528671962280344 0.41457911063712327
v -0.098188878167551938 0.92835276401594624 0.45950944278246941
v 0.06796013948216896 1.0297754557908465 0.33319556755949092
v -0.46349708092211955 1.0408169531836349 0.3917089723219791
v -0.49723423287847962 1.1746295489294176 0.11324905366483279
v -0.51866593736729893 0.94708816345449265 0.48258323748148196
v -0.31435899556173336 0.97634018282063606 0.33135600147813643
v -0.90520782452515469 1.0064358508291538 0.56983997663818353
v -0.4685200109842072 0.91788889269004759 0.42138841038383318
v -0.22260303039422308 0.99152764624952638 0.26558433524108854
v -0.38224184015994522 0.14403154966892792 -0.21189739102043828
v -0.29789226831228954 0.096181444935248522 0.61609741106055593
v -0.36217466404180104 0.32573161635756687 -0.053502797769853699
v -0.29925035316122117 0.20964136959173485 0.47987231847405798
v -0.4062015586549963 0.79703921255621324 0.51108371461939162
v -0.26390079817278489 0.63919263335084442 -0.26625274300955987
v -0.006310963711479876 0.76890260460316506 0.53990583479946297
v -0.052249470143495201 0.69177217578551664 -0.25015897495352268
v -0.18384912144921992 0.74167564020129939 0.54412929386458808
v -0.36230435818321188 0.59140911398174667 0.54621028678800487
v -0.076459817020046686 0.60141331812528642 -0.31254921515913742
v -0.40187969062488488 0.69132007518601113 0.53336784464670828
v 0.0076837803293086683 0.69980985191468148 -0.22423404941589328
v -0.083115200588370589 0.60767864434111407 0.67200246613446235
v 0.18686808373008537 0.60991397660417179 0.61617767373832177
v -0.096118401565294831 0.5304108503781626 -0.32520719389270314
v 0.082527867690114179 0.71270463860507582 0.55910179089144318
v -0.32684893279574134 0.58460642996265832 0.53516256722351707
v -0.30014119711293985 0.66831342850996611 0.55453049467718252
v -0.3290436002491528 0.58732239483114212 -0.19431076539465647
v -0.35357713737527874 0.73434785606785535 0.5230170763768851
v -0.49021907139158899 1.1506455016176522 0.30520138664047675
v -0.036963580433754341 0.89187762348271438 -0.09346545889103261
v -0.40402499091992905 0.98333024845904204 0.32995000794270218
v -0.46721249344787474 0.90681095496660469 0.42704423264880498
v -0.49173161676165711 0.98160404527458633 -0.01022644657018589
v -0.40452262571561376 0.903773529324984 0.42992233533361701
v -0.82524765634998665 0.88608510731119883 0.085003096925725233
v 0.18391051378658507 0.93231026048815002 0.43415032883689358
v -0.30002014219051976 0.96325795176992601 0.34355607323544918
v -0.3630255383326727 0.91289101930613092 -0.057051014098797759
v 0.10779543274228748 1.0459796786946087 0.16853882836284564
v -0.044452386630691086 0.96112738147215093 0.43911565788314927
v -0.43470583349169656 1.0556261771376441 0.25361659626274419
v -0.32113780233157235 0.93279894105772876 -0.027512744818888619
v -0.32812622474724712 1.0058482873704528 0.27087325572182891
v -0.25518579911289274 0.99505057884329928 0.21504293296184063
v 0.19351496142289992 1.0097148203287076 0.088854175692052326
v -0.019642548667156666 1.0086078712498479 0.37647190732841229
v 0.12521294071338629 0.94773734179785585 -0.057138041171338735
v -0.46219409210041967 1.1995414108183913 0.18189256881560925
v -0.28121207444115887 0.27889481816129791 -0.21417938150351912
v -0.34084796755603569 0.53704842352847826 -0.21033892305153043
v -0.045308896686802685 0.68218477559027391 -0.26467707462169665
v -0.20439580595362217 0.69516299392859582 -0.19030829423652199
v -0.01332134191397003 0.70124495929584263 -0.22533268344809565
v -0.42592117183348682 0.52442507758811863 0.53135005356123965
v -0.29913929338181794 0.64607873098180701 -0.18612418375021542
v 0.11434352684493906 0.77516485187082818 0.50960566476301516
v -0.2238326460273494 0.65925679428020756 -0.27378622008107395
v -0.38552105162618461 0.62746078516996606 -0.16243537964130575
v 0.16111826305178095 0.53098112786289164 -0.24909803166811956
v -0.5173651389387236 0.49762578046792416 0.54701403824283801
v -0.36525093126522362 0.46720645093759489 -0.11979455412838895
v -0.39761637657856708 0.59255468293382285 -0.14468422853012775
v 0.17719312564249334 0.72113673759598207 0.56902357377495871
v -0.0097855849812261211 1.0151103087958455 0.03728099657895835
v -0.45946468578808364 1.0934514342652271 0.20388474188806918
v 0.015300732130865406 0.91072640358756096 -0.088349075725819959
v -0.5018630635326754 1.1572270434567991 0.11207211704212623
v 0.19562287678323764 0.93173734596873969 0.42825483179488849
v 0.1702579095119327 0.88149204743699183 -0.09471543277128204
v -0.44354093012237467 0.91050924430075164 0.41873379566590924
v -0.41592027642825252 1.0119836177743902 0.034197676353083871
v -0.24147872164620873 0.97095543761035374 0.30716258633842175
v -0.023668818766550519 0.92434740267821469 -0.067576392530716803
v 0.055664508869876478 0.037762394298671287 -0.17394781307065996
v -0.49157564856507607 0.46231448376157958 0.53922542209107771
v -0.089950484523215746 0.70114520815123726 -0.23199656188513057
v -0.44595492512884 0.54278240137578815 0.54981502507842406
v -0.40607789845634168 0.70916973268374484 0.53325121757908645
v -0.85147203164977092 0.49393111963420971 0.23866004529367263
v -0.46600382819266134 0.74999964688533316 -0.13513862940937132
v 0.11922300334079158 0.77103276123446263 0.5119515211141259
v -0.21722126705498168 0.73698450834377749 -0.17214462501377409
v 0.15098479436164214 0.58666443976229332 -0.25447980240063495
v 0.092985502767256048 0.52557262083991685 0.66607846666561388
v -0.027064928410698186 0.70959160784070918 0.59348625379072395
v -0.2475812480288517 0.64767362997907552 -0.2723107874564043
v -0.18149672247688259 0.72928417830323411 0.548072461781827
v -0.28995642055460763 0.49103846510985816 0.51536244221126359
v 0.19402233544027647 0.66800775727105532 0.57781371079604682
v -0.52732521532873089 0.53354346388515916 0.56591458291361563
v -0.43670745132029781 0.76169060877612305 -0.13404174808150615
v 0.19103564873225287 0.50647826029415755 0.62729866104600729
v 0.082172380212290133 0.90366975395785865 -0.10337601349577066
v -0.43934880574664636 1.0017301321499079 0.34793910392725114
v 0.20975159927585743 0.86711411842398589 0.46090263535970188
v 0.038956026277730448 0.92690204043582891 -0.073144522811291718
v -0.43783934738174918 1.0575743052232081 0.2852015312247429
v -0.32567882060000641 0.94068412631559939 -0.017009403391014564
v -0.51226476433020207 0.92987127230906563 0.46772763199873035
v -0.37501232091065501 0.92579590252741439 0.41021546801713865
v -0.2207495006719499 0.98586068177618091 0.07725825520200226
v -0.30806628748030923 0.89361206000476534 -0.074900108128265933
v -0.47394577752101485 1.1208249651711046 0.28418512888923558
v 0.18017196799086033 0.98609903378287123 0.3815971133357498
v -0.44921009857586064 0.90069865985364905 -0.074222037293406595
v -0.40141646838370793 0.96802833866672677 0.35674581398717864
v -0.90130216986616662 0.99581913773939901 0.14131411258224491
v -0.47532821154262389 0.22878253215997052 -0.022527957581438132
v 0.16467886131252427 0.67104107762980436 0.58742724043857142
v -0.27155269602960103 0.58238689976441405 -0.30239245473868814
v -0.232148463084102 0.66753141597259036 0.54530956081398496
v -0.21831777107989583 0.68472026910307493 -0.21655817304605982
v -0.27201674512682633 0.7373493540817404 0.5329921466697799
v -0.0036696433948830852 0.73484647342771781 0.53723259176116567
v -0.3954058550375753 0.52423317679014203 -0.12491649359936598
v -0.039188675779895238 0.77158124922551585 0.53981401564934128
v -0.21738802554131278 0.60568375209363878 0.6190080488625489
v -0.18387491660989919 0.63152512953045081 0.63221884255951355
v -0.43430188059845665 0.53174632542939904 0.53692957846158351
v -0.059996602321802185 0.73375277974454545 -0.17505593633566779
v -0.42538240099031877 0.56784934917553354 -0.13546151614730551
v -0.025995924389956668 0.72234174977020837 -0.17905427377731592
v -0.25540996374697972 0.67654742952428704 -0.19194424305608793
v -0.095749841146424847 0.5461032402050634 -0.3254863962924795
v -0.085934807384847142 0.68073349437079245 0.6233006079490554
v 0.099696288129146257 0.58990839562559716 -0.27124416273727231
v -0.4855417239696892 0.48664463804758684 0.54983282023432933
v -0.81572094359216885 0.47011196433241687 0.060959145575948753
v -0.33702375715866445 0.74851625423977708 -0.14752332676654445
v -0.38714020095024776 0.92803484649752988 0.40724607894438264
v -0.43398015751773933 0.98869585980023389 -0.0087915924687227958
v -0.43617471624803694 0.97591759251887178 0.35467245466282682
v -0.26744765114749786 0.99518712692879174 0.19388105758608384
v -0.46352909655299668 1.0253727399577011 0.053727834849804167
v -0.52565883976184935 1.1462696388869358 0.41122025497000142
v 0.17476149860659435 1.0101123877436298 0.33468570248861518
v 0.043666986932515153 1.0450488314784543 0.26133438518011087
v -0.50180459520023024 1.1053307199540992 0.092896989718556422
v -0.49696321033873536 1.0191130356206637 0.45405656217063023
v -0.38153115018871026 1.0202506226665435 0.08037154672214851
v 0.080266876793970376 0.94253608250628884 -0.065701101146894175
v -0.47379642791619236 1.0809157549339612 0.37061645890847217
v -0.28531619003923503 0.92999755674639129 -0.030157692797006759
v -0.018810410403695365 1.0199212195925802 0.3557503855120247
v -0.37284250591194956 0.9180806063479412 -0.053147579211454257
v 0.15428459266422212 0.89476871611778597 0.4628490260075902
v -0.25476811500586477 0.9112856756375568 0.4120527019219356
v 0.057169280434624707 0.85660115718724272 -0.13747616029542287
v -0.35735647692067124 0.95635695598331161 0.38446447934064482
v 0.14599336443526009 0.99321752203420366 0.019180499471015671
v -0.43705442788939397 1.0507771504007266 0.30451279206850912
v -0.271120601101072 0.97939942883696507 0.074732413933408556
v -0.24120700165121151 0.23815894015625991 0.49288451280431617
v -0.064937462431794588 0.078690905770863337 -0.085008587790600193
v 0.029627441848469722 0.7825317831627594 0.53382790304613725
v -0.18327987072435084 0.70077524272969827 0.55041564038252289
v 0.10872840351790068 0.74224654452590799 0.54241150320917508
v -0.11163270383047408 0.71673633935903769 0.54538965292003916
v 0.18542081747639461 0.59486397180427708 0.6214010543916364
v -0.01811243757118958 0.54270095446785127 0.67267233463089526
v 0.13069377976393878 0.47702949446663578 -0.26117249357135386
v -0.50129686730572631 0.59446149523067948 0.57035528411691161
v -0.51222819903719019 0.75287999514929604 -0.13365505454843835
v -0.28641737319414823 0.74226345349564715 0.53131093575017962
v -0.34987041425628762 0.52641796260831386 -0.17790231834546233
v -0.094691306028401562 0.58104668006870686 0.67668729296524877
v -0.10142940145648607 0.5064001366127926 -0.32334048938945609
v -0.42767768888400359 0.62852918274538749 -0.1501419917411195
v 0.15404908108240867 0.60523467051255242 -0.24924049088336089
v -0.43945844193589356 0.59344168635570538 -0.13843290401374667
v -0.45941551256888968 0.64352878481560438 0.55092358528255614
v -0.31456342262414133 0.79178841148314538 -0.13801574622187646
v 0.12670215124965287 0.66723091650816047 0.60518189763321351
v -0.50226990234132529 0.57102584242986454 0.57069695066548454
v -0.28851771204305687 0.68670430891974621 0.55527340436652584
v -0.50345830532860103 0.52449576190749614 0.55436231103079758
v 0.20132914524500817 0.48526580170334432 -0.23169233522381816
v -0.23319093838824143 0.7523504676411753 -0.16864165197096417
v -0.42668497746443113 1.046534165336483 0.19040144098209841
v 0.10031560177354104 0.99311316389407633 0.39361135012191162
v 0.15220570544357614 1.0175416761460139 0.069926144962648817
v -0.23952204141898237 0.95688647059296783 0.34353238274732462
v -0.66263642499482589 0.98005825513992395 0.65060301822159428
v -0.48217634005575855 0.92183703775107961 0.43358066967842945
v -0.27488653979180055 0.99582289027973425 0.19203244366922587
v -0.039511387868420546 0.88809712137255281 0.49582421710086072
v 0.016707080112916658 0.99783575367251298 0.39712606076602197
v 0.18145112435530203 1.017851322019609 0.098781147985092674
v -0.073685727674892135 1.0228396089836131 0.31778971599404426
v -0.46512801964758349 1.1156569006373118 0.23856828636999089
v -0.36796281413733567 1.0187851193277886 0.090455212332536547
v 0.014549914207085346 1.0387344160499301 0.10658662430798242
v 0.14234097657941527 1.0301304444532278 0.30401110242664742
v -0.075632409464029035 0.98125623327040568 -0.0068673859350394193
v -0.4742329879762428 1.0008765516336671 0.43028787338212759
v -0.46524920920858465 1.0505106195083593 0.38702449596989646
v 0.094591242180614099 0.88648872726867367 0.48619538997343842
v -0.44096228116862846 0.097019434028416174 0.5415789009392239
v -0.17086311267164062 0.33304293041258881 0.60152156215524444
v -0.39239096664821715 0.16339763103452337 -0.17752785092910783
v -0.042399065842430743 0.15433178475443465 -0.23494639688391644
v -0.21017871818854753 0.65571957437906203 0.57845886945011338
v -0.35870549696596155 0.54510837614484886 -0.16085774164817404
v 0.19700321364946816 0.61029630969038051 0.61114090571162494
v -0.31736354516760079 0.61279760548904594 -0.18809242226035056
v -0.3599178522796877 0.77341250383422999 0.49961873722992245
v -0.34330106882267253 0.55866328846172708 -0.1885636362538741
v 0.043229384285582775 0.59755532807507694 0.66337927280578324
v -0.31426168523251885 0.57191585459093386 0.52962378250111442
v -0.0056154694016626143 0.70904344285401766 -0.21042254135820934
v -0.45578934229031698 0.59543718003674584 0.56203941532292767
v -0.50301466434562647 0.50492234085246046 0.55184192462340698
v -0.0012835901037723623 0.7280845280561693 0.5438560725431606
v -0.10302285812627084 0.7134909994245463 0.54905598159431213
v 0.08466855737783005 0.73585835685771328 -0.15430139481100744
v 0.15586968538001383 0.68001406895933847 -0.18577304276172038
v -0.48190491952342124 0.761504516701072 -0.13262733988834643
v 0.01969396313723323 0.87475992119089185 -0.12260820674289782
v -0.46784911945151858 1.0873199709102388 0.34270828047370205
v -0.4409725966002449 1.0402347407617683 0.1254244718340996
v -0.33943162550781331 0.99844181313565949 0.30100760534884541
v -0.33146566070570455 0.97856450202031053 0.33937556719891732
v -0.31779494991894375 0.90760508527857431 -0.059178534968773434
v -0.010373658821195248 0.91599305078353166 -0.074926184161183337
v 0.14576228364037358 0.97266363774382369 -0.0085752171896552858
v -0.4221398603827502 1.0424372098247545 0.2173343434905243
v 0.16448618077336818 0.9564138628894352 0.42059866798662265
v -0.48510800391405801 1.1125154576608254 0.12520932901895618
v -0.45695007856458897 1.2126234683814052 0.17519840337681297
v -0.26907929144944309 0.973828252251282 0.053113804987419404
v 0.07831584920948241 1.039753649522718 0.29635810324885531
v -0.51690730343847235 1.1169685795880502 0.40966937688413474
v 0.046394115471020819 1.0416860609717022 0.11051186369789696
v -0.89993107286375051 0.95456708637393384 0.59021278025444501
v -0.86770872985463265 0.86747133120404596 0.39289684600710267
v -0.28742344784530888 1.0000763585492114 0.20652975391689793
v -0.36380086698676412 0.97981961124316863 0.34779133736806966
v -0.75984417618264077 1.1805507855973265 0.62391415964276176
v 0.032445848103719255 0.27715731825875067 0.64402246635845328
v -0.076873575998984228 0.50372718636039504 -0.32597225635805482
v 0.033152591844168876 0.66584468667140018 -0.26407379248478235
v -0.40642638983276669 0.71369115188067211 -0.14171048547051532
v -0.24794262724129276 0.66458681620727955 -0.24086525934280772
v -0.484053725397039 0.67758785568405988 0.56135756985419005
v 0.021357220767074435 0.57508537665531301 0.67062000031847457
v -0.26881170983997155 0.57520259303504073 -0.30615622864133857
v 0.22619472329780557 0.50039433574373493 -0.22106894923606948
v 0.11808561124256726 0.51151846072557816 0.65261007021265172
v -0.36649933915987137 0.57676262270922718 -0.15967162791410069
v -0.2449866170635944 0.64751870864585592 0.55487652694485157
v 0.15161834747514702 0.71123237496802694 0.57312302484149158
v -0.40601253526620584 0.56180208056704228 0.53427150144694135
v -0.22636040913212169 0.67080779959266856 0.54567735095943759
v -0.3127366651990337 0.61839707967805502 -0.19207332696146037
v 0.15338962307955503 0.51678967049359414 0.63804844050587062
v -0.035799608906799604 0.59851935947141455 -0.30756229165961629
v -0.42903036187954136 0.59672888208770869 0.54713803416914275
v -0.33686609781455779 0.56060800529888333 -0.20847823838247911
v -0.29928421479803385 0.60698270413472766 -0.25363660865313109
v -0.080916098219407401 0.96044951751394836 -0.026152437715325962
v -0.40417747203313997 1.0182393577839775 0.26334770140981179
v 0.17279958698151709 0.86115897855356272 -0.10320173627070803
v -0.34417874643799018 0.95355491231915013 0.38507317586650269
v -0.31192271819381928 0.9770155696240701 0.040610437305429639
v -0.016430932617132032 1.0358374808922486 0.29893055041881839
v -0.49069052960773379 1.0583558944694353 0.42802216292253847
v 0.083425288002998921 0.96432984275983546 -0.034305695074614243
v -0.49791382390070121 0.9151601824163349 0.44445779180558875
v -0.48994186463921136 1.0259825257624751 0.052845368420318041
v -0.48552680114424174 0.88986793902813766 0.44784485125264839
v -0.46213575871730422 0.94847882205123468 0.39748097406336369
v 0.20073794032534259 0.87945647312479824 0.45657920732804563
v -0.011029798580643565 0.97585804851357361 0.42157589349521585
v 0.089230238820874636 1.0266971309277593 0.064255782200716399
v -0.47467742382597472 1.1922245798458182 0.18461583013141797
v -0.3277761866180891 1.0151315804107341 0.18748763263082066
v -0.47343857412850338 1.0165143851028327 0.4238649757767437
v 0.12636700382408411 0.99960454544133692 0.019823609301455321
v -0.64331319645815765 0.37221762442566053 0.44659534341043927
v -0.31879230528943375 0.074514327330749947 -0.11192697583657225
v -0.29418752255715502 0.48863701626751666 0.5139831348564956
v -0.44909078547096215 0.69913590560813532 0.54423595447865536
v 0.17159499549957993 0.52119406431617088 0.62779760085675207
v -0.37095131830236944 0.55479105329288281 -0.15122299326413469
v -0.099363740162409495 0.46913776157498199 -0.3259587024386898
v -0.26860457329554333 0.70023351152635649 0.54684621740538875
v 0.14086818959071143 0.73869777965022265 0.55493211381571039
v -0.41259273480341857 0.50208068795380223 0.53673769006059824
v 0.12832815724182248 0.56866516383432897 -0.25884339565717984
v -0.34915956622159677 0.57169806122559741 0.54658088432111973
v -0.3852777054506033 0.50897071694259244 0.5369681333150601
v -0.00049257440401044399 0.71797073908497622 -0.18235857121424015
v -0.29218164941371011 0.71345578937343435 0.54577399555053696
v -0.34748003286982743 0.48412495527759425 -0.20033517011605229
v 0.090105456078399579 0.67804174125372818 -0.22295059720144783
v 0.14541183492383475 0.77785473808505601 0.51339637782375624
v -0.35077998306834157 0.93963058435726288 -0.028482070519412633
v 0.1496745516422022 1.005641965418073 0.043770813258270945
v -0.041889851345293556 0.91952587104495731 -0.07537257551657249
v -0.45042698278660243 0.97223246491680682 0.37946402531099543
v -0.0085092368647177209 1.0442378558052035 0.21646833925992962
v -0.48049778140480087 1.1642615419207218 0.16671670398180438
v -0.81631020418130562 0.93381307095861099 0.064112940190529058
v -0.47748760385771 1.1842210407887803 0.14438157467541168
v -0.37225722557741447 0.97041546687231406 0.36370202026481863
v -0.046415459662797379 0.96700675332568597 0.4317651159318433
v -0.19424229436932389 0.90825148344763706 0.44115204286536258
v 0.14169850370964918 0.88574307984508971 0.47036201972684971
v -0.45512129541736079 1.0782392613713416 0.31685505925618535
v -0.29458868650913328 0.99918328093111708 0.15323454653142593
v -0.52450788045255503 1.1268001726262364 0.41344453631325334
v 0.14449526612498176 0.9188377708489518 -0.080599043621991467
v -0.0028942668552058974 1.0405571798154076 0.12813030294645153
v 0.16743886062727451 1.0328155193134874 0.19756972802400743
v -0.26340246500819731 0.93115747891683875 -0.028857962230466494
v -0.80911008053118905 0.85329180091290247 0.081865035618384721
v 0.43889293609469476 0.76113296751227177 0.36295406584318884
v -0.28258876773731439 0.07171745354303842 0.42662203292385098
v -0.43400429952431541 0.23022157813850821 0.49281120958368185
v -0.43446211520810746 0.04599435170763478 0.16586104543584196
v -0.43579814143216983 0.68573964132272491 0.54349743476472778
v -0.34458047461278685 0.61615105391129665 -0.17457796681443252
v 0.13681904787364108 0.6824009329495051 0.58613394927104523
v -0.24003291185828327 0.68483320619685228 -0.19026663047752684
v -0.28932151078022622 0.61438538837614853 0.54759135806397286
v -0.62771551496247779 0.76156157765819665 -0.097109129411698178
v -0.031519248162505162 0.686872154368946 -0.25713479728850819
v 0.15715128158934769 0.73659004555168761 0.56066132268460234
v -0.39571910471534771 0.5698924886846265 -0.14455291020826216
v -0.35143437091146079 0.76799030037518823 0.50314676648529577
v -0.35376800153523758 0.60130743830884714 0.54153983801805028
v -0.024381490370344931 0.62499795956742854 0.66955841342915456
v -0.027346266407061101 0.66452643043597026 0.64894461003357562
v -0.40619465919867459 0.76443621102086612 0.5231575962880155
v -0.18572812586598178 0.52869424363413264 -0.33325736147675827
v -0.19093129588892571 0.74506863674994261 0.54375451643439321
v -0.23360940463373994 0.60714758783569556 0.59717626696602011
v -0.52037864729763883 0.73092802496035336 0.53789181604632796
v -0.49298940751286158 0.64528290159503765 0.55710545563462854
v -0.0026386214043282183 0.64240113547656652 -0.28704707836760868
v -0.37049189423633055 0.72699619038066399 0.52336663859041022
v -0.36104206219324414 0.50126199601906585 0.53458835495858847
v 0.16567342273352242 1.0206819111386718 0.088945178915380091
v 0.046446690395695441 0.90801620857409782 -0.10080643501419562
v -0.45570866470396154 1.0872492972951184 0.2893303451844409
v -0.2753547501828017 0.92314074641813526 0.39653120609871112
v -0.2395806512582048 0.89366004905388219 0.42830194825933604
v -0.46998108271020006 1.194487418148402 0.12991826479653415
v -0.010285493652034001 0.96071338152278141 -0.033980230345490102
v -0.28964698736910904 0.91103374295243933 -0.055867360269265393
v -0.42341753019393308 0.89256317083634473 -0.073039604615235287
v -0.47932979477416665 1.2022587659934239 0.10519896204244435
v -0.45812844910471556 0.98761085708381813 0.40119535938896089
v -0.0017761078779907082 0.89296826363577497 0.49540824162018171
v -0.84102459261750973 0.93049589770599095 0.62492723360177593
v -0.23175996275002392 0.95970488345262006 0.013971050874411643
v -0.50388214240094797 1.1476336130288134 0.11025681429897149
v -0.44056329350218681 0.96933078782657367 0.36326723209648631
v -0.47254265189949274 1.0972578171144487 0.14668026027100758
v -0.27814922247414331 0.94650670998541364 -0.0084179392445142623
v -0.52647577293628667 1.159025500841276 0.40558009557259073
v -0.43748267258367196 1.0485812667376762 0.16186319170494901
v -0.43258570314679967 1.0154960843155911 0.31380326974165118
v -0.24334148825400023 0.9883394380448014 0.26578908003427759
v -0.33387735556067316 1.0138231043614561 0.23852325070264493
v 0.11272470561310521 0.9318353623972313 -0.075954939166272439
v -0.49325687289566739 0.89486138893034506 0.44634397633206574
v 0.11678808242177519 0.86032043219572807 -0.12356337967292635
v 0.1572484876485466 0.8981711328946852 -0.090322512429086912
v 0.021109926639938284 1.0234218893246059 0.05782936582040929
v -0.35058039294927884 1.0005079650154456 0.046295915979118536
v -0.45630730677684272 1.0414563976254407 0.37323014545590094
v -0.22226370825091887 0.36958582003627494 -0.31992660298423575
v -0.4056530279003529 0.3608840600579466 0.51858336161365437
v -0.33796443393393755 0.21367341435423384 -0.045167126158589421
v 0.11664752515713285 0.024537113288436097 0.31370790809701621
v -0.0069212370587459111 0.65521579811523922 0.65401462795457377
v -0.24339021119846477 0.68248989153746231 0.54179603487064243
v 0.13021892710705227 0.70417063146881875 -0.1725525216380176
v -0.46072391344162011 0.67378186096292847 0.55602361368063635
v -0.34929432101814289 0.48441684330946622 0.52724947235841113
v -0.23461707874949644 0.66990332244288808 -0.24330117040384946
v -0.21790763353637518 0.69210182628896477 -0.19085272028586522
v -0.25240693400112374 0.66965541066774681 0.5563253460067521
v 0.028231040705675607 0.71093416403149445 0.58744954161593188
v -0.099559360777037573 0.65204510419778605 0.64929328162499689
v -0.30372479318989648 0.64744687398759504 -0.17935839434360287
v -0.46943191073024826 0.53812398395472649 -0.12216468950987573
v -0.39170489837823519 0.7403106696217675 0.52093521609563209
v -0.59708735937528901 0.60714306049984113 -0.12704336170525174
v -0.077573149028126537 0.59167248839108066 0.67042887202746537
v 0.099470090106184184 0.7821394825873299 0.51065899161350869
v -0.36302313658095919 0.51752530906831262 -0.14728584296144051
v -0.2926572418543677 0.65927110004159928 0.55369584474130806
v -0.10085956167577008 0.58269326823358469 -0.32489552455599569
v -0.32256611995880674 0.58475315124198146 -0.21769284223300708
v -0.22131555586393525 0.57860688685160366 -0.32233275673620376
v -0.39698568659635197 0.80122279915664241 0.50370685956965477
v -0.44453197410017481 0.98155883009730061 0.36604203710378302
v 0.001658852313876392 0.94184968145720871 0.4613847566239429
v -0.40532232846339045 1.0284180769623206 0.23558000439565432
v -0.45310017164992744 1.2087829775861212 0.16099775247121081
v -0.018377881472556767 0.91790361968301759 0.47782236875748285
v 0.14931219024726147 0.94616742957985922 0.43748733377585974
v -0.44172017859691765 1.0503593821716082 0.15166550093318973
v -0.053782167745463051 1.0362604741978556 0.25760878909621898
v -0.33130035272866803 0.92659524953600414 -0.035527686985974874
v -0.50525034043253303 1.1159767854205134 0.39033490123337888
v -0.44478287050522641 1.0295678769650185 0.34783474640842771
v -0.64017820259056846 0.98146656866473914 0.62689842895614423
v 0.14762274066126729 0.86615685139110354 -0.10600807914478157
v -0.75975843192191783 1.1424639311609763 0.62078720632808093
v 0.14603570132236274 1.0172531001351124 0.34253353259630021
v 0.11626160634349496 1.0458360082089935 0.22661754831802469
v -0.40138804845580722 1.0082508215135655 0.28424459237940941
v -0.79498695624981386 1.0656628845927238 0.050442598739484465
v 0.19258848788559593 0.95178382767761471 0.41308047575986995
v -0.052756258940605649 0.96108893471875689 -0.035401444262804636
v -0.051715279443760975 1.0125957047986562 0.36028696896054807
v 0.1724417137219752 1.0292603916545504 0.25051927513557304
v -0.22915544081184669 0.96791788032972148 0.029540893329733805
v 0.090208436690692756 0.79951197800126672 -0.14076672171813567
v -0.58581877636980106 0.36102292119366125 -0.020734951195677982
v -0.021456775324546856 0.46775594362484835 -0.32138067555809352
v 0.20987752473764329 1.0149639838304323 0.46237332106021328
v -0.26603075156979578 0.080672128861596068 -0.11104713890310521
v -0.22964170568790662 0.18687663970190796 -0.22411309417238526
v -0.4852853571149886 0.51826193151643929 -0.11703190246740441
v -0.26185987266926913 0.6818712976382626 0.55426451178264868
v -0.44555685172279968 0.71513430961197377 -0.1371232460183622
v -0.13040182316555102 0.78266261082868738 0.52571180196204981
v -0.34484044947498121 0.70352214803097624 0.53727970525676016
v -0.3239567542293581 0.49527832587676657 -0.26017392390447769
v 0.01029728071058 0.70899414314402021 -0.20563905889301512
v 0.2167529354595932 0.59513837603296849 0.59702333464541202
v 0.19520254379702773 0.63000759116319582 0.60479179338305256
v -0.43734430124051588 0.62908229492737544 0.54326044958930109
v 0.14474139014219778 0.57396951776544047 -0.2570281875889307
v 0.20698950902998386 0.61398703877960015 0.60366662073716626
v 0.071284712399149894 0.6685402573135939 0.63165163358272491
v 0.075986840752574156 0.72197576371206829 0.545421794969566
v -0.28103785092390848 0.66479581322177916 -0.18625594402829609
v -0.12514394478974591 0.61162321580337631 0.66949115905370082
v -0.23549727665323925 0.68247053778552036 0.54231540970435832
v -0.40962575815952834 0.53033079198801469 0.5300532020680474
v -0.19940443915624723 0.72809751137244005 0.54770802369647564
v 0.12725145998528728 0.54527867377666306 -0.25902465115632872
v 0.19401443691561368 0.57447228959458729 0.61376502848233983
v -0.34280555375210559 0.67798700368283982 -0.16332791787974565
v 0.072341624398224766 0.61348707280427184 0.65342830623200832
v 0.10081443116062516 0.86420888458197997 -0.12650102592843418
v -0.41491354251625023 1.0232550765639936 0.26544091595892316
v -0.074079997419855478 1.0183557174078912 0.33243134450388534
v -0.50299204740732439 0.97515370662233103 0.46956523717634324
v 0.17909559155784593 0.95188312960402066 0.42056954735483348
v -0.23381434444989208 0.98250393473694242 0.28730172620777206
v -0.42191532660174297 1.0158515986478764 0.29375903473330611
v -0.35965349823733639 1.0239748892538356 0.15157723622032299
v -0.00094814190528973608 0.9058240403467186 0.48814444575632604
v -0.052460452442056944 0.93291866660272116 -0.065012569633482148
v 0.048673295412884766 0.92397654833609266 0.47207486588432002
v 0.029274552422591721 0.96175982684559524 0.43672952281964261
v 0.1541882802961648 1.0363087257195571 0.23597445292203886
v -0.060516395758857512 1.0322785794856726 0.12447247701023884
v -0.36480016257950376 0.99999483501111608 0.032071071783710242
v -0.24481063675468578 0.94461540301637592 -0.012683824803562969
v -0.22399296757136178 0.88292003671288799 0.44223849025472828
v -0.10578337465248321 0.97290180763934719 0.40334030748951488
v -0.2366031838440619 0.88086823865797936 -0.08280035073648627
v -0.48717745708068011 1.1849494944761036 0.24533361268379736
v -0.24938165727076467 0.96978508408979036 0.040187038912964886
v -0.85234664427801476 1.1209447443523737 0.11353779800596704
v -0.03142280474041699 0.86881611087913302 -0.11653396689667828
v 0.026857772661793778 0.99900309734734849 0.015623139399373624
v -0.30968358446302402 1.0083155770114818 0.20304486173859881
v -0.79021914060654685 0.87495669047035329 0.59766333873969613
v -0.38024495702297734 0.92980908891369718 -0.044802816832495568
v -0.26059988748073154 0.92841071154732269 0.39038842522484224
v -0.11491320248395233 0.79794346970918684 0.52873297564051758
v -0.85723097619731536 0.74520122378040388 0.064531104041896298
v -0.38763499517365357 0.33891037221626169 -0.068052014158263729
v -0.21712685660721115 0.18987863559599163 0.56735220186522584
v -0.2929209868390939 0.03864280471771761 0.60837936860275899
v -0.43885872824408734 0.22686893132574079 -0.033314625375978187
v -0.0089410332206860624 0.71350768326713732 0.58278864522312734
v -0.080040027856335724 0.52572502886368555 -0.32569536778655417
v 0.12081287567745966 0.65663277760646344 0.61623024077808475
v -0.69067479537504095 0.69483796687943444 0.5398562657108158
v 0.2070910536324139 0.63361720635509267 -0.19762637196272656
v -0.094285570107684402 0.68368485283008096 -0.26449163527043107
v 0.028635165637065845 0.68467231887102276 0.62759427897139408
v -0.24335309242612552 0.52827455789553979 0.61104798949901418
v -0.44763415440125293 0.55294128428456923 -0.12968635802394551
v 0.073384408384190969 0.48779432595166233 -0.29162118302684503
v -0.29766068376223725 0.63115875970534319 0.55043816260806411
v 0.30634505588584776 0.67543200553536198 0.53142819404061237
v -0.59962388480920359 0.6421358279903171 0.57169312908404313
v 0.14105538536933823 0.49799700133497504 -0.26305104349043901
v -0.19751219148304164 0.69563344883152145 0.55431232994138102
v -0.083084088638054304 0.6915920587634421 0.61154044344902603
v -0.39821124256848078 0.533307644968257 -0.12776740153865293
v -0.45607090932135014 0.61121162930891548 0.55859584082686975
v 0.096205872761141203 0.71766005337710792 -0.16179409349304852
v -0.46047452586030807 0.70052342333385287 -0.13905571215236498
v -0.26969520603147046 0.60826472155358446 -0.29045836419990656
v 0.036687401679228827 0.64221423427640234 0.65432158067180446
v -0.31677570217689027 0.55717385943683451 0.52757597957692559
v -0.26742961483300759 0.5884405959033846 0.55470588719125846
v 0.055668852197755136 0.71954832146928471 0.54969750445530097
v -0.61906300845656448 0.65123524485057793 -0.10794435914931137
v -0.21040613939783306 0.67047665338640539 -0.26145218616194715
v 0.37910504930179245 0.45874990997546006 -0.10339543055376595
v -0.91149478837977727 0.88269981202752468 0.50402360456888007
v -0.37448600897471562 1.0250826417899368 0.13846379306709924
v -0.06015838498511155 0.91533211691767302 -0.077586431026212196
v -0.4261998279641489 1.0059517681342898 0.016835599950628447
v -0.93304172124441598 0.94505130621762468 0.45943149643888354
v -0.72643197116569702 0.89762019646556079 0.020019719443950215
v 0.0064280835261215259 1.0164318893344348 0.36498638558544738
v -0.42113595425273165 1.0303429898393335 0.10101063154112584
v -0.43502503006506543 0.86529883215814962 0.46079472428289292
v -0.46197188871854161 0.95810374868218873 0.3992263503490025
v 0.15578885180350843 1.009815868374528 0.35381628047125702
v 0.20432098739011084 0.92254785506045545 -0.04556937716376773
v 0.12691268233469463 0.94597454068167819 0.44347582952473136
v 0.20741052130066487 1.0133649132298455 0.2632490904348892
v -0.23143590722373789 0.91170055695842023 0.41827149334825198
v -0.23303419206467593 0.98698142544556411 0.091869701865173112
v -0.48284145391995181 1.0611925537306484 0.41451366831549458
v -0.2760458617396831 0.99635239649788376 0.21696759812427169
v -0.3237296685293759 1.0130980286306157 0.21484043882409914
v -0.49643548425287087 1.1203247051489009 0.35776618071302813
v -0.41245233930913089 1.0367562629712805 0.17800531520520677
v 0.029428025093817964 0.91976189417721455 -0.080587047731810427
v -0.67233315057740983 1.1866632348384343 -0.0025648237977500201
v -0.46996140903333528 1.2080392933063182 0.19061602975794031
v -0.2999518525181557 1.0015500138864317 0.24703199094505143
v 0.023058373266292016 1.0465859880143427 0.17684076812790003
v -0.12076891895755475 0.92075016760785355 -0.066360163421311305
v -0.87926601676435323 0.86438441737909166 0.34763729578849473
v 0.15038378399507399 0.78645030699365603 0.50276659566334125
v -0.13328303920631426 0.41610303824315187 0.67536077598732425
v 0.09798975578598218 0.027574885303372043 0.024735939445087975
v -0.38433313741128466 0.24411979840502124 0.496666894296655
v -0.36738096049204427 0.13717158997438453 0.51544280993954861
v -0.11765556364477972 0.62250034797598153 -0.31126640524641452
v -0.1071745450069264 0.68956319213023387 -0.25713585082474094
v -0.46617082978651181 0.58179890317729843 0.56694685488410235
v -0.23692191417549435 0.66169643627361086 -0.25987507985800301
v -0.31923130780545067 0.57885095441031931 -0.23084158973168795
v -0.45446749166914435 0.71922158437893979 0.54006694656331689
v 0.14497374953215056 0.72352297797424436 0.56745051225989751
v -0.41566446029133181 0.77611023279923164 0.52387015687492933
v -0.38924207427882862 0.73273122878236063 -0.14209319752089655
v -0.88552135264818799 0.54976344894763607 0.26897319351240662
v -0.30651779988618438 0.55543789879514216 0.52379912271051576
v -0.026893120850826679 0.65952817968788346 -0.28319422767927099
v 0.13840602609866748 0.64573393598935747 0.61591522707494173
v -0.067293336649688937 0.54160571080187991 -0.32306199781594652
v -0.0059599902047781043 0.54632083957974931 0.67521084065787806
v -0.044256121403320275 0.55165690960887948 0.67856862753048519
v -0.33851679056306511 0.5010524517328081 -0.21523834628863844
v 0.07366613515962081 0.54118777800481599 0.67362560455529374
v -0.29227707781270457 0.78214533984969459 0.50846897379224543
v -0.23043809058792405 0.65043427992798364 0.55924547222850307
v 0.10558756035797415 0.76833960147207769 -0.1482856915639543
v 0.095827727782429095 0.7500577116914231 0.52839252502772571
v -0.023850769684075835 0.50796791914189221 -0.31177667855564023
v -0.34444602531603247 0.56540211873959567 -0.18019666725322075
v -0.35578739700725698 0.52345891752666873 -0.1631965462414437
v -0.36777434128992043 0.63474554277113848 0.54336931315788284
v 0.14759247500369482 0.76758063690329736 0.52896921086781468
v 0.18816847338601547 0.65756321233551362 -0.1887949772602395
v -0.47279070504928239 0.54410842623267608 0.55669782403377732
v -0.29893456480861269 0.63843849997991586 -0.19705720859863035
v -0.35433268062729462 0.48548320609890649 -0.16620492089685396
v -0.36916191380707236 0.52896615310778339 0.54451281371997318
v 0.30376436909550814 0.92864432819643927 0.060494784169757218
v 0.13549198050568878 0.93647210913287648 0.44908530890011261
v 0.18479524665150651 0.99848644457818436 0.3568988345875036
v -0.95310848395771219 0.9737558421519541 0.28111213151707448
v -0.0052039888960196904 1.0354622126410691 0.30377111618277808
v -0.45400343000680016 1.0498959844893816 0.12121591241450987
v -0.087146385933962109 0.95415507636079999 0.43602157307234518
v 0.032642410175832227 0.98630182278280953 0.41113171445592689
v -0.096799562952792406 0.98168609994063916 0.0064831918123979355
v -0.10025680351188238 0.91791759359511327 0.46823090521740129
v -0.3735042982277415 1.0211129149897975 0.23791756853514753
v -0.48331987395121373 1.1430578180076301 0.14902891305839761
v -0.45377375154716376 1.0115964180743995 0.023620507774296692
v 0.056936028064243589 0.97566260499440671 -0.020686758587644051
v -0.0054392458001536522 0.90333582551775971 -0.089011114891872425
v -0.32129862856663721 0.98888470224360103 0.057252047493790224
v -0.24657050199247366 0.98638500443912491 0.098402293091433821
v 0.046877026386114448 1.0478860946012458 0.21630291335153798
v -0.38843466282613276 1.0272149639754506 0.11793640326592332
v 0.0087241237283845908 0.973171150143465 -0.018931205520276634
v 0.18660419844449319 0.93655359411258821 -0.0427487947430744
v -0.25095948307105315 0.90785871083588465 -0.061710316394385907
v -0.43332067930462342 1.0417947106706327 0.14740718650977533
v -0.49231753867102623 1.1853750551725604 0.11367403675584763
v -0.35208451880064862 1.0087718945598363 0.27888158595404472
v -0.9198376306122763 0.94962720242136822 0.5657941458710346
v -0.035814416417216631 0.97716428753828588 -0.025189224999248559
v 0.048258095341171633 0.37990259736950255 -0.2783119391028876
v -0.45352922019290093 0.489431374483077 -0.10895758697692311
v -0.89588222632513581 0.80282668917959243 0.23733230352007462
v -0.060184229704116625 0.40374642353051093 0.68350793155241651
v -0.59124888312093615 0.8216699667965518 -0.10736534419493034
v -0.26131669489216114 0.62601237530486176 0.63305026011582632
v -0.2844685917294677 0.17133422821257552 0.55837904384316839
v 0.0077328173890606321 0.34520981927043176 -0.29313123773601035
v 0.017551930362968291 0.27801500687536307 0.63956749849768968
v -0.30234460990113665 0.053467126056111515 -0.23810418048792736
v -0.31145773778132474 0.031282572042584424 0.26251735693451617
v -0.46655776913694397 0.59781740494687974 0.5659034396865209
v -0.48694351567553662 0.50368304584277623 0.55301444897737939
v 0.18668964300195179 0.68499986006140801 0.57352389289871775
v -0.91141851443847166 0.71859127150926905 0.28402758544831597
v -0.19717117273107682 0.53540684702789676 -0.33243569881626461
v 0.1955375341929011 0.50471425218692989 -0.23650253891708151
v 0.13494708211693804 0.74014513840852336 -0.16019013129760526
v -0.3498868677453934 0.75846449898773183 -0.14175927722274836
v -0.07363597494010958 0.71866996808082273 -0.18722175506615657
v 0.10151868886005051 0.68430047664942517 0.60159264120381539
v -0.3842942486424325 0.56506711532043319 0.54307857099579704
v -0.37300599925848715 0.5437919090073986 -0.14934200656316235
v 0.30392452112101792 0.64170416027784294 0.54754135871380183
v -0.51696364768777148 0.70742802100934032 0.54547286010855922
v 0.13027424558845815 0.55504747041495106 -0.25716749850215526
v 0.18559614727663115 0.75688784284938426 0.53833491190631688
v -0.37851466238313553 0.51309030929369437 -0.12290227206220292
v -0.058635086513425118 0.67305354668318318 0.64056417054677894
v 0.17929862307340419 0.59277388416182775 -0.23709993927279938
v -0.21240981680861262 0.70462916634639494 0.55370297231589349
v -0.37337070826191004 1.0253556472848093 0.21064846848215218
v -0.47353304414880926 1.13333697860584 0.18905235242142651
v -0.48463472173120575 1.1799052848505005 0.12968649592289744
v -0.50845720169290443 1.185936987147121 0.10072904380945374
v 0.077965417094747649 0.89393699294456097 0.48759353016636026
v -0.49130645356897334 1.0501749311586286 0.073292736041759649
v -0.6367127268220385 0.91503023067331191 0.61804092645990549
v -0.31929633740686109 0.96171982574565895 0.010693245199800083
v 0.19634517514994668 0.86360818837499542 -0.09184587961409002
v -0.44467857725200455 0.93704882367995901 0.39054499520640829
v -0.47543873417098559 1.0758177041200039 0.11289864431686292
v -0.050407172557449163 0.98898304836854123 -0.0093788252338037718
v -0.38631996467722357 1.0156960869690961 0.26293314609986351
v 0.021898769542531376 0.9802972147033433 -0.010058737942079995
v 0.11300432111186796 1.0236165616986155 0.34168370847860491
v -0.082108439612548351 0.98774553043084545 0.39018525149414296
v -0.26335734888290907 0.91590619440022347 -0.052955799580869288
v -0.36368764198766956 0.92468980461899808 -0.044953884370577478
v -0.056883567177954952 1.0023146443084954 0.017828725052059204
v -0.083268935627809723 1.0272361726412986 0.28779106791202713
v -0.80463796615599725 0.91389129359843702 0.61871203968903887
v -0.41879156932584466 1.0187417210724909 0.052716660432965433
v -0.41635919843134878 1.0058657254021561 0.29412898429110662
v -0.39725643470204053 0.91443001487152986 -0.059141376135269916
v 0.065609386556142596 1.04768855594022 0.2484109411083627
v -0.92552175594493646 0.9628521499730569 0.18650680991208068
v 0.075512581839237689 0.92560221205017224 -0.078865331972332087
v -0.3566681324934019 1.0131804158790918 0.2645269483015289
v -0.47460932422158814 0.47435315005995704 0.54258272221768367
v 0.13778016877725188 0.78316918397373014 0.50512949497287152
v 0.27674992835474915 0.42497965476021621 0.58101693560250256
v -0.56407659395427601 1.3075590825649122 0.45726373786907926
v -0.92591631296682519 0.74273449915855927 0.36698027034112363
v -0.50371696891881612 0.66581932685596457 0.55622522133189478
v -0.37964081752284407 0.50174146283163046 -0.1202746443028815
v 0.11361501319941902 0.74143458064816214 -0.15187061777998123
v -0.43971325053873811 0.51388506667333889 0.5344054313676011
v 0.17606269947123482 0.67177188713023306 0.58379877279697245
v -0.27515708514485648 0.66415162817493023 -0.19440770585780298
v -0.072199859073026881 0.71656156924144288 0.56354317840627977
v -0.37860593621145155 0.51822142045804209 -0.12577622836554231
v -0.07369604994295724 0.74395468751873917 0.53782251879249898
v 0.10744880101707324 0.64012093660177671 -0.25084030467454044
v 0.22272924501656174 0.51608367585287129 -0.22056791419271995
v -0.38916984538116811 0.53942924374647772 0.5398945186088473
v 0.041262515430904041 0.75319824189327123 0.53705293605987858
v -0.30412712628806804 0.59550572043186667 -0.25413854371543926
v -0.4884427377360907 0.61044478622100318 0.56680615679297608
v -0.074306629747066505 0.74680388175436252 -0.17512341696394154
v -0.31793750107865798 0.75762070590575459 -0.14969980896501028
v 0.045144514433558117 0.73097868605599825 0.53870778232655758
v -0.34512247796489709 0.59921554787439946 0.53979935341451002
v 0.12549783569356646 0.64344755585900948 -0.24269769710328831
v 0.041517209600776303 0.62266949378929726 0.65923309085718873
v -0.4131140053513766 0.65838093352002591 0.53615707269243229
v -0.66294047040888604 0.52107318643886469 -0.095074043583358095
v -0.12988687671616048 0.73759374721744642 0.54209092811493398
v 0.12165552792928212 0.72921257692824171 -0.16265988238089898
v 0.1818273299739713 0.74868329294449698 -0.15774118391322631
v -0.44927495739287165 0.63088387900480525 -0.14383474133162133
v -0.41205842073558063 0.55391480715229702 0.53597438937890451
v 0.084110395270066141 0.62143188834875418 0.64927890542157973
v 0.027808465430685374 0.73086406568519824 0.53952997500093425
v -0.87574968925276753 0.59518560252084474 0.083552821727518822
v 0.1600542350588782 0.86680467956797347 0.47351834526678666
v -0.49249018050361643 1.1815437229313919 0.27559926839192012
v -0.026939012314438068 1.0414546122737571 0.21649992863413145
v 0.087321801256524959 0.91524537915556337 -0.090033660844394653
v -0.46517637305712589 1.1157552862064697 0.22533880023282521
v -0.47348795360107615 0.92639662821228042 0.4241742729024317
v -0.33700270174418373 0.97971504839613643 0.018578202546975838
v -0.46262046699708553 0.91430998141752728 -0.06836981026138049
v -0.016050797840302451 0.87214837563287428 -0.11188887439239517
v -0.5048355032965216 1.1584821214161205 0.33002324169579805
v 0.060446840749792903 0.96223564270488948 0.43245847855773234
v -0.3858010663508048 0.91029281103645554 -0.061286083125064603
v -0.29490647767187433 0.92690144887438586 0.39462049211603895
v 0.063876779610873763 1.0331032376127303 0.077882031194885126
v -0.47721245382841943 1.1682856965046429 0.20690361566626761
v 0.10731603820868708 1.042335131878845 0.12990375636601623
v -0.50070023066347924 0.9500629776300672 0.46340418810453504
v 0.0030613787348662347 0.92286366623135263 0.47364845685210194
v -0.072921709058062986 0.93165390015747218 -0.063774605660357794
v -0.06313299912614731 0.99432758318147374 0.38458857782722544
v 0.12122509506777437 0.98785343098865808 -0.0001625858498539237
v -0.29514618046969066 0.96872366311196934 0.031796069306985815
v 0.17077210263730466 0.38534914780009566 -0.25302905747983873
v -0.50625436675412749 0.4663740856137692 0.53992153567554291
v -0.35977815373736211 0.4571864319013389 -0.12739511160229369
v -0.27572008652016095 0.52186168782197195 -0.30981006919172632
v -0.23567573275673198 0.22545926305288269 0.50160945531986312
v -0.3365938802183478 0.084959655873104195 0.59029043604000797
v 0.2078335267939205 0.50202049351954203 -0.22908806944626667
v -0.04544227093941175 0.51980906263099547 -0.31970656158683819
v 0.026618331840948264 0.5930095102910925 -0.28834039352205687
v -0.02314909898597086 0.67186718665549505 0.64288591630531045
v -0.417558041345303 0.70874803797569463 0.53738391432478205
v -0.33112448682380125 0.64109321528128205 0.55430126757706422
v -0.2866450305110872 0.59288554638391056 0.54428539705353762
v 0.035697663985875629 0.53376466059867056 -0.29466618931058947
v 0.12256045295898724 0.72993122521322573 0.55812666333244576
v 0.2285556215325637 0.61619836403585337 0.57283715309268268
v -0.30413289158283885 0.55892883435694729 -0.27742969468041279
v 0.20262975398393376 0.73791570654390248 0.5531487377767651
v -0.029406787806261363 0.60799001994002377 -0.30377293852707127
v -0.30226683633835988 0.50760030935407185 -0.28593478201791089
v -0.45469526661059162 0.53586243755240159 0.54952748965519083
v -0.2402826919565226 0.65358124513485749 0.55508394504847725
v -0.31251102323099283 0.59423255859899771 -0.23150920550114865
v -0.40989767443468461 0.62095854564190722 0.53757656769263351
v 0.076993456700209253 0.65900131560738828 0.63680982111251627
v -0.46766964034428382 0.49254685473261567 -0.10585011858658976
v 0.18129521438551649 0.57129512543921901 0.62682943152379134
v -0.35982221233606393 0.51707659791983218 -0.15317153759252983
v -0.36449165437811093 0.96026318133724942 -0.020153661099896428
v 0.086210302408654571 1.0159693247565662 0.36144858607072772
v 0.11999551661438392 0.96606422860317132 0.42635974411540173
v 0.06937807430397562 1.033824829697592 0.32048496176335289
v -0.45336309695029675 1.0568414684558396 0.34686748382415211
v 0.019929428253808806 1.0432177876091429 0.13274781908913103
v -0.26832600255459604 0.95080085567444661 0.34581538341028029
v -0.31066868493902261 0.9892050384031793 0.070930624618162602
v 0.13741769563577261 0.90682311302281249 -0.090402130844822126
v 0.20012300486822696 0.94070879101310523 0.41605131796833572
v -0.47855523707403091 1.1154355516822956 0.31390226309081043
v -0.45575002884615429 1.0822352345989756 0.1913057550291021
v 0.1090219941894601 0.89294737197379548 0.47841826229382267
v 0.12001771702600118 0.89302271980484271 -0.10019326971969092
v -0.39499310963212986 0.96111182501744785 -0.031179668326273832
v -0.49953456185672712 0.90345416291204783 0.44582024445225266
v -0.06516394825072129 0.92168847277014376 0.47101351693104104
v -0.50768062887008092 1.139383251376245 0.36723767962900716
v 0.20993138803293623 0.88323014275519007 -0.078419997885305973
v 0.096642830645387465 0.96420162527872777 -0.033918840342141647
v 0.074648379502904164 1.0443488536091667 0.26868308925258128
v -0.25741074961899185 0.9712495698002549 0.3054706614228031
v -0.64492317513091624 1.1551859829566289 0.556318006160751
v -0.12603103363818399 0.96985291472660684 0.011557585597910312
v -0.24493379386426689 0.96096936356095841 0.32921570126628119
v -0.21456990199420686 1.0031898417138592 0.20875085388103001
v -0.09520279028430588 0.78308443336379263 0.53351397021363389
v 0.12053874979861991 0.7793336261803242 -0.14343437178367077
v -0.26762021108833639 1.3354595612542861 0.12862757967939348
v -0.34840595334072172 0.21527433432996493 -0.03234356078367167
v 0.14685659010591826 0.028602835509139796 0.38596886535436797
v -0.50299236326508612 0.5363916148285709 0.55623203472003124
v -0.016305129711225028 0.73651255303624397 0.53674102091034659
v -0.47412423663650943 0.65966621396366842 -0.13690306456215057
v 0.14727410409714753 0.69285107713675553 -0.17786279464612317
v 0.067429410613286375 0.71792373692895006 -0.16755911793293587
v -0.31425416948331125 0.76882748093748754 0.50884209792081381
v -0.22817195302455393 0.58603733236696953 -0.31862898699076064
v -0.068327535389697547 0.53188784322431726 -0.32295746358723321
v 0.10064155562008668 0.70267136100309779 0.57258144417665213
v 0.075391443005768527 0.58274928702669093 0.66477552515071747
v 0.048044828235122003 0.6749901229410229 -0.25145222488174424
v -0.24079168530760187 0.63558174072589524 0.56277064147529188
v -0.017521696976715607 0.5932313004804769 -0.30507071500500826
v 0.19137330911144215 0.65100749788180612 0.59248061096971028
v -0.43874712484966127 0.6673249122218593 -0.14908298949943227
v 0.086205348661259368 0.63942123372080806 0.64322328292809672
v -0.32217852066100727 0.53640859060202428 -0.25133243765165525
v -0.36015213986671579 0.65496155798357114 0.5457691260330918
v 0.20904049996575105 0.66490865492212325 -0.18194274837463251
v -0.28741213200544174 0.63227654933833566 -0.24058432963539264
v -0.087148488963469967 0.71411860316383724 -0.19623403422606991
v -0.79195700630880139 1.1664464067785087 0.06101260853480301
v -0.43622140204270066 1.0571790111531569 0.19339993979719497
v -0.79916412736332976 1.183720054280855 0.073780652847663525
v -0.29023777112890758 0.98153141899773755 0.073173926973651493
v -0.36420943490677188 0.94279458672729832 0.39871391521112515
v 0.040625572634527346 1.0483600466325125 0.19227430437623166
v -0.23106771920706964 0.92180650805118913 0.4105541084086955
v 0.10184413898332409 0.88813969184697783 -0.1090366259643101
v -0.42921285752921551 0.9652183291676264 0.35802029022321874
v -0.43726489823181691 1.0231762530339406 0.32497381977364542
v -0.47504316134259511 1.0137012123293681 0.030836692663699344
v -0.47026853982948291 0.96590844927999442 0.41620643592747869
v -0.83953748889338409 1.0699544930294653 0.62594068860299845
v -0.0015987292634910314 0.98875770222422965 0.40801581448604163
v 0.064651749235610526 0.98192962343977208 -0.014924210308299568
v -0.25687330713392098 0.992368853977877 0.13872492993288929
v -0.51077022928816118 1.0023566597027103 0.47287012366002468
v -0.46937443138362689 0.89466675395826822 -0.073291575163716302
v 0.12259854120202969 1.0359368945574832 0.10653686257345048
v 0.0021444599071080359 1.0062596456750545 0.01878548506643346
v -0.57369612405023662 0.99309511791085592 0.020068172026594007
v -0.48533030903748303 1.1624403100760137 0.14188258033094528
v -0.40151784190101591 0.97780924548026193 -0.017519133955253032
v -0.92744496077744532 0.88092418337893319 0.26597202910976153
v 0.034955748309222316 0.87905815438355084 -0.12400012873826256
v -0.62972781704115122 0.93919080981069314 -4.7990798674941544e-05
v -0.42821961482250365 1.0292287922218191 0.30117592172918572
v -0.65669197504851495 0.89241179367374468 0.62566644590979903
v 0.017547429241056851 0.94088108817548466 -0.051399131716600002
v -0.38992169777416069 1.0041981927707693 0.025973496098329753
v -0.38054826915583845 1.0079885335962602 0.28503571376248543
v 0.20595996382748918 0.38046644359067494 -0.24116688556533686
v -0.41247971185054838 0.49516684394911176 -0.11253136828203499
v 0.47164598603709101 0.51900347250182766 0.011205811209824248
v 0.0018218699723330455 0.79016717131874337 0.53761471891182278
v -0.28638613454473327 0.50152433766126725 -0.29904001625714433
v -0.62256159959835666 1.2623334653757539 -0.13831570067750262
v -0.43429658704112595 0.17636718064829299 -0.066476576927602588
v 0.037657361382727829 0.029594074253491486 0.091659014162359026
v 0.1764033863357844 0.24539449003680902 -0.23757889067554247
v 0.1045849368539216 0.71574244659648256 0.56070120630039799
v 0.1870000000839882 0.52867427500106967 0.61962107562689939
v -0.49555085691451312 0.70955110542621358 0.55081751051023253
v 0.15853407628330288 0.55209066779183036 -0.25067589367549115
v -0.012191369041371464 0.56619898792501244 -0.31531573222629383
v -0.28218318638096079 0.49042404767846726 0.52072131975250469
v -0.78085211539306354 0.54144189967535639 -0.020699090042637862
v -0.19334080343254736 0.59863664020109397 0.64627454509433135
v -0.20740483377980878 0.66031893322220525 -0.27886986474286246
v -0.42640256749991085 0.61246538930897276 0.53997340776554104
v 0.0075901795604938465 0.58186007506978665 -0.2999692557677997
v -0.095329613801051413 0.66050546742904526 0.64088315318411859
v -0.24781238347189297 0.50583494577579113 0.59414913940515857
v 0.095314635918591531 0.69861702973270645 0.57998476881587602
v 0.02941070290335572 0.71035357901321639 -0.18571460386152158
v -0.30052161764758961 0.66291150282722866 -0.17547427224079598
v -0.34568097956148058 0.54720746924848573 -0.18666321266649313
v -0.32208790440022622 0.61238489483815817 -0.18095865578214584
v -0.43299044008816195 0.54084124248294629 -0.12838432698690641
v -0.4723071792363982 0.72173253159621098 0.54665085569126326
v 0.15695146878455307 0.48494505372581087 -0.25505342928250851
v 0.12286813864831392 0.58980054976225849 -0.26058882551324031
v -0.46483554321928994 0.63150965882115484 0.55367444054430093
v -0.33693819689985172 0.58272109794487337 0.5375206115371145
v -0.39153344429616899 0.5260227563785741 0.53623278149792275
v -0.27389957739251602 0.73288267277080166 -0.16549049452415454
v 0.14419327142694588 0.69111462652150957 0.57966691429442563
v -0.41949692124636434 0.95522242231432886 0.36879103760319248
v -0.25777313411155611 0.9605243156434119 0.32459602495309758
v 0.082544389903794854 0.97943037939721456 0.41561053156039779
v 0.034677697872136953 1.025287757038662 0.34623029762596685
v 0.14072660310109278 0.95770319084713029 0.43090739818149504
v -0.25636708725398422 0.99410476055484942 0.22588121920866663
v 0.08954042230215381 1.0378914165078161 0.097650527012757463
v -0.27946366831334324 0.99170412761974547 0.26504722592862989
v -0.79909491566572244 0.87773821419561626 0.074955664537876387
v -0.21298855001235678 0.89915699244730984 -0.068936676847174139
v -0.84295829065999806 1.0904813988651609 0.6108585157768458
v -0.45639227831326057 0.92774305261711942 -0.060847374468844619
v -0.47234059820028934 1.112944629026964 0.1692702047969826
v -0.015206908728119119 0.9862903288359065 -0.012610644975352683
v -0.53036200591453475 0.9740628252777962 0.50311805054532321
v 0.14761404855432292 1.026684118637418 0.31078978407803426
v 0.080194518211969087 0.91746091158779375 0.46784670425955099
v -0.30682516996321346 0.98844406887608038 0.30178318788217728
v -0.02189964773120931 0.8871244769319786 0.49392408006052579
v 0.010147610371373081 1.0052891123717174 0.38596521717053123
v -0.41051578339763595 1.0008835399434535 0.29842805524150823
v -0.2281175495034693 0.91877528435958378 -0.050767490462772076
v -0.43892816480498492 0.98590409694174153 0.35410410503865686
v -0.32912075772768967 0.92526177246660046 0.40862312686293378
v -0.44810297423318296 1.0305601919926402 0.082258780343522048
v 0.14377459106993881 1.0406904015247382 0.19145290549305602
v -0.022533583297166048 0.90821090890042022 -0.082507618527424026
v 0.15575608196274462 0.84876584015136414 -0.11817927283113279
v -0.46672336804278841 1.036774055022597 0.082970696616118819
v -0.84014307602471672 1.097786223535677 0.0920404759418708
v 0.08040749786976234 1.0475648850441115 0.15937295860599787
v -0.87347429930795717 1.2495808029330484 0.19488281484270628
v -0.2405482423676292 0.53577746537256377 -0.32433563130470738
v -0.78004700230045321 0.46021328631685043 0.023827243900322898
v -0.83559623221640977 0.84446526317155912 0.10529964240929261
v -0.5542289637569322 1.2185498762328053 0.12583033691251597
v -0.51537929958388495 0.19984390290353057 0.45743222951877516
v -0.3436776149054534 0.078585440266546791 -0.095193106515008272
v 0.038570506883397103 0.71149076306587711 -0.17934412294704946
v 0.049184260367867376 0.73383797071867063 -0.16330575171995693
v -0.054665555191618809 0.72957597504346461 0.54118412739369959
v -0.39868460828698787 0.55360047535069734 0.53457302804394635
v -0.027180861256605886 0.71073888815968278 -0.21005605696176682
v -0.42454564252510846 0.68764688457721823 -0.14896666133778372
v -0.24451298752530717 0.58164758782072723 0.59728328524691432
v 0.17151982329471757 0.63991049505080666 -0.21108836291548724
v 0.02204074647126256 0.64367317457370421 0.6563831809912104
v -0.45663483382511649 0.51210895322201144 -0.11759011440360549
v -0.22387164054140396 0.6338053305716137 -0.29769840651123375
v -0.096218719272685993 0.72132448148407491 0.54141574262987036
v -0.48501537180118587 0.73100406552267072 0.54247785718684904
v -0.46889199478982663 0.48927020456700737 0.54681514751795968
v -0.90513077312722656 0.75460605094087796 0.25980956891341012
v -0.5118750083866056 0.51505295938498874 0.55402293814984327
v 0.025042414028558412 0.56198788084000018 -0.29620061594352481
v 0.00896939276054564 0.51856853189202401 0.67632854344509019
v -0.45282228721905671 0.58046354900309627 -0.13819888086011123
v -0.34781474859063516 0.70229060424699075 -0.1565007709247519
v 0.099694843584216306 0.76053126139732352 0.51905151624550616
v 0.094277816154441224 0.57103146645705694 -0.27291522948494984
v -0.1955790546079218 0.63492176130914091 0.62116055579857099
v 0.083583726616717674 0.76258167546329447 0.52009256055078434
v 0.15776607610800794 0.57995575748443162 0.6411526816125348
v -0.51485998939581035 0.64496883579452502 0.55629041946351176
v 0.060182314622370073 0.98990833527882449 0.40424352878647701
v 0.037385115225649891 1.0158596242786777 0.36534351980834234
v -0.48103888642972215 1.0579348493959913 0.089218518097972113
v -0.44915724936653029 1.0362964429013259 0.10103539094196168
v -0.48105624219893572 1.1745809464418886 0.1503131901613545
v 0.011467981871252432 0.92254039992126413 -0.073003808487443755
v -0.018824325550915639 1.0402756831444684 0.26431975958124632
v 0.10940781555772118 0.91068443959172085 0.46582714736804792
v -0.10319893160082345 0.95992783115817371 -0.012246394806019788
v -0.3786574599743095 0.96811953375717785 -0.020482619422960393
v -0.48069664186582184 0.91088808902160112 0.43238614603521969
v -0.51430745743509687 1.0472432762252575 0.054268310212104411
v -0.24743860436481763 0.96184150410858882 0.020164964593298411
v -0.47832627026661884 1.192677347108229 0.20100333063909245
v -0.28728834604737552 0.99808693385193625 0.1688836668524919
v -0.445409676822344 0.92070307605516355 0.40783854099315942
v 0.12237940884346597 0.9357823991350066 -0.071391534364314876
v -0.4502009134716658 0.94506835709964909 -0.049325315419745691
v -0.052071920062764156 1.038192016282856 0.22817052071749672
v 0.13921030579162261 0.87707894745251502 -0.10191787237191102
v -0.46014221082578194 0.97842506950824581 0.40436166925431966
v -0.24008333392314385 0.92663862740777136 -0.040743149730219058
v -0.4636921128746106 1.1061931163649796 0.20869663339669928
v 0.18249643078345765 0.89800337948673847 -0.078491840709157157
v -0.63489100029304313 1.0227021330216997 0.010933954607280036
v -0.67946733889540478 1.0125575912837699 0.64774977829931935
v -0.88541146910144397 0.985242758714164 0.59881070065048836
v -0.37734343178930407 1.0282180460812718 0.16295302781831256
v -0.25924900348604707 0.98675232442922423 0.26942525832744257
v -0.46772368692744692 1.1991871733529202 0.17295752789815205
v 0.14943966175855006 0.39408026156461645 -0.26355092703099181
v -0.39087330483736815 0.48874084013225083 -0.11232253533313762
v 0.42543271448018527 0.50797914659842736 -0.073837794065236911
v -0.82818112770855645 1.1822642185556822 0.12352522446132694
v -0.44326450316098259 0.49369895622667542 0.53239669511219545
v -0.65941622628493135 0.87278200984777599 -0.032262094064161098
v -0.21970370171765474 0.54331721092202767 -0.33073860907778951
v -0.87159546642778984 0.83707553980516636 0.1966167386695907
v -0.36126120279152485 0.43724693821880606 -0.1083057515333351
v -0.2214123037435641 0.16836662539277597 0.60552091097157068
v -0.44819221507310836 0.14355940223411451 0.52769960108901981
v -0.80933079675591668 0.54956929977977997 0.0023709853532557289
v -0.5831795028314769 0.67667234002641008 -0.1310398889710461
v 0.063163079304171046 0.6755088478973309 0.62767266171424296
v 0.11241613103220201 0.50381667634944405 0.65279259830307734
v -0.030945229449386831 0.47448105387860884 -0.31268238780145108
v -0.44337867487347354 0.73342932698624053 0.53467353273250706
v -0.31081933382908744 0.52296827460115991 0.52096926796832743
v -0.36245861056006173 0.49176659364135189 0.53261098569858745
v 0.2079574349413871 0.59607434485630706 0.60613557715640398
v -0.23142779493614982 0.70942452061059635 0.54934249637361798
v -0.32991246289702242 0.73335183439193907 0.52494684628892663
v -0.073712157586569071 0.47318340452798019 -0.31994309325065318
v 0.19457144116665717 0.52628765401008726 -0.23482530821096223
v -0.36775176041410751 0.68158516440307693 0.53591282907026638
v -0.3447535444497184 0.71683412244867784 0.53317784898280418
v -0.30287902539960998 0.69459987148188196 0.55123826652289265
v -0.015410117662517061 0.61734480264795244 0.67064235351987256
v -0.09256947510490196 0.74904202680343002 0.53911808214315493
v -0.097548297638886616 0.67517889124844943 -0.27577647257165838
v 0.027775041607424514 0.69131718637477058 -0.22970939831519652
v -0.36328043022272211 0.55383735911929022 -0.15232598627649052
v -0.33963150544513926 0.57965878927029268 -0.18151903670564384
v 0.17014862430527622 0.78083703647236213 0.51399135781979033
v -0.19816876508322687 0.57131921743002456 0.65718412878864574
v -0.41046615216886984 0.73852989097050625 0.53096604138851866
v -0.46031588595827849 0.53278936418831901 -0.12036803798726647
v -0.049129159598513064 0.59996138196706195 0.67595642758113095
v -0.24772110023407065 0.57725620680364642 -0.31453118233055938
v 0.08084671073161899 0.70788188184208178 0.56868164431476886
v -0.038732669881115282 0.71048457844013801 -0.21343301388309313
v -0.34949165290845891 0.73156488810870135 -0.15047844525164822
v -0.33158762002413628 0.54591525026005328 -0.23407961835389654
v -0.49193636277957686 1.0856643296170307 0.089868680175936771
v -0.30047926195026481 0.94398659656907002 -0.0073819921261916981
v 0.21153685380040457 0.95353593448766305 0.3917602942768742
v -0.29497244693515839 0.93931567471067257 0.37621021128445387
v 0.27797574930324431 0.88019550810831582 -0.040472020199106312
v -0.61511471302110532 1.036746188540393 0.016922640916827842
v 0.12346218745270661 0.9061048500171911 -0.092034531767749422
v 0.078999079174381703 0.9715902029209883 0.42385041750272046
v -0.44822373883467725 1.0221019040276935 0.050147497117037317
v -0.5068805572220807 1.0440829340818685 0.45390754307213449
v -0.42883705307638864 1.0451389052962072 0.2487460795925813
v 0.046688998444766761 0.91397273425180658 0.48094348402181719
v 0.016162255574684776 0.9469524215614965 0.45711623445738603
v -0.28316333331041504 0.97819575521249247 0.305117361293399
v -0.46481200378752374 1.0033256443270606 0.011599838915658828
v -0.0044857958635645002 1.0444446377307366 0.18093940028531899
v 0.14084305657019316 0.95625311298398219 -0.040337613433034693
v 0.18853737293896039 1.0195992265879401 0.28085064766899909
v 0.0316589654230819 1.0344960213452528 0.084328624223901541
v -0.12200186882928055 0.98472323164375142 0.028095410865096464
v -0.27568942689842452 0.98955218406485079 0.11381703760640091
v -0.92180051634958848 1.0884486743967849 0.24658254772819704
v -0.93018042653976596 0.9850777039824572 0.4261480825054958
v 0.19903322711979779 1.0075943691275138 0.31038926555532037
v 0.17106117988142097 0.99018600800725864 0.030587453134192741
v 0.17752836388792589 0.969199453700618 0.40481363993632541
v 0.076456589677385722 0.38542686637487561 -0.27161783277278367
v -0.87756377791250184 1.1728879477502514 0.21509493504099861
v -0.0071582576051022273 0.76247945197873535 -0.16452396132264216
v -0.83125183577260342 0.46475004342102294 0.28428309056526696
v 0.53545415315567058 0.4154260513882384 0.19140969165517932
v -0.90197813099934421 0.87118861744209009 0.24261685304933475
v -0.21345172873638282 0.074074630608385567 0.11445028179301683
v -0.091384624558526917 0.070227887758116683 0.31741575646018777
v -0.52641716463036359 0.25843980000630606 0.36166373877602936
v -0.30312075070565692 0.12992861202241693 0.59874963896833411
v -0.29362887095654772 0.035749619189379196 -0.15159186740573799
v -0.24366507105302221 0.51510953571007689 0.60641140775439517
v -0.30853390663246555 0.63191291200813915 -0.18249868406005257
v -0.2544975395634409 0.69822210693093123 0.5406945694367048
v 0.048660500187888756 0.72076910820870588 -0.16897623006672668
v -0.02438209408519958 0.69587102344530372 0.61552898854685023
v 0.13956383474061931 0.51895645593142592 0.64544604727557731
v 0.024874702140045883 0.63050939546502049 0.66044196758241747
v -0.24790732805820997 0.62317428896668936 -0.29399287071954155
v -0.22573131009298439 0.76111551865074867 -0.16753030973387265
v -0.36049659788162469 0.74410734913530974 0.51687624768352458
v -0.22006543921150995 0.52495907228972061 0.64766327730076889
v 0.15573724067475642 0.72449076535696399 -0.17101311557065849
v -0.38416698449977194 0.6083236477873567 -0.16000785990560601
v 0.17387916899567582 0.65355498651957522 0.59748895595386953
v -0.87631050781018904 0.55970334212374706 0.15069835114569693
v 0.16516915015601152 0.6252017753451542 0.62174796372898999
v 0.10708907690365445 0.66532155373588342 0.61849806015925646
v -0.028057020261088077 0.72559613372962295 0.54959896668676378
v -0.35269605399851406 0.56321246601561614 -0.17256653412267081
v 0.11024767354503752 0.61153047628442458 0.64412948030049411
v -0.50632977774478072 0.63729008262315356 -0.13655297533129832
v -0.3203079606096817 0.63212477906150222 0.55469984860144672
v -0.3362995326907432 0.52406859654253968 0.53622505097564777
v -0.86442830610772292 0.72240439595656281 0.077381413050831252
v -0.086289812400707613 0.57789662628915084 -0.32310657168845852
v 0.42108685467533474 0.48146661871706453 0.44532178963010199
v -0.88938325623882331 0.67253631711919104 0.13945084676113331
v -0.52391033551567479 0.55757355269559827 0.56703366945727862
v -0.64022869091601242 0.71067244319786782 -0.0896066929806172
v 0.43934244516690862 0.73190416667047298 0.35713959183126581
v 0.071766926773625089 0.53823842671940902 -0.28616374705416259
v 0.043980545186909761 0.57939303935550923 0.66799873459450199
v -0.30059221628577015 0.61917359165817942 -0.23415391354782411
v -0.32875697607298682 0.71455462282979387 0.53463610324133803
v -0.47626168945983144 0.97237375831231898 -0.023919689234790487
v 0.086561728545095237 0.95976673675646207 0.43321946718221938
v -0.50644897028559899 1.072640411318883 0.067544134528655944
v -0.040871457329180627 1.0343871579790183 0.11806800888570941
v -0.49941987935403109 0.9395214262932261 0.45819666495585859
v -0.22298735417769475 0.95543729244307207 0.001809364277571747
v -0.20376308961822404 0.92914884549817611 -0.041652409837255287
v -0.48639164727640583 0.93347114974986434 -0.054624320436978124
v -0.59767663076458488 0.95089216245810304 0.54913439110826712
v -0.4193763335306569 0.90141825240230866 0.43002882053553532
v -0.37860459946047836 0.97955544424127339 -0.0077633108636521149
v -0.85754097099925719 0.96780792932299387 0.074036689821740845
v 0.12053103825718806 0.84583072150868988 -0.13061752112211178
v -0.46643790124975398 0.8927151822855548 0.43842840776286107
v -0.041793233217790632 0.92434820569979248 0.47134040252758391
v 0.33855078118175419 0.89600148590601991 0.35751483898470643
v -0.49724150435302517 1.1617010205748315 0.11680455666075613
v -0.59685506381920428 0.98101417146051395 0.010072365963665961
v -0.36411761160355927 0.91449652825924987 0.41864236773374769
v -0.81792709815332121 1.0987967632202409 0.62568763487151047
v 0.14248373212809531 0.93151193793025933 0.45003319982946693
v 0.18543256568232122 0.92554628593092547 0.43778911189494979
v 0.11044403426516533 1.0274879551614458 0.072327711120254046
v -0.52649427797203652 1.1734865271102077 0.089605547509965758
v -0.82505652803827456 1.1568628457531469 0.10436515529099882
v -0.84167624183225653 0.86438264657543884 0.5845387347425548
v -0.60330143725845253 1.1284975681966802 0.47740252979025299
v -0.73478542138839054 1.6217527004508514 -0.47745570946895777
v 0.11925061737027656 0.40030294216198353 -0.26690588122020492
v 0.50873153924569792 0.48541662960410314 0.22535925261905651
v -0.026338423531116397 0.79764499365820041 0.53832093565440575
v -0.31855422445539799 0.77824647334363095 0.50202617314787612
v -0.85834538880448286 1.1778705029803282 0.16214195041702628
v -0.69152392205332225 1.2184636334916261 -0.1148694842396052
v -0.59312872873413203 1.161061138797034 0.48470917300940192
v -0.78087590557774234 0.43879404311400844 0.38935747677045657
v -0.25617239299521699 0.067770860402463259 -0.12307889787683385
v 0.059357933814873393 0.076487826074880486 -0.028755655762537715
v -0.30868717208118279 0.048580567735580546 -0.23666735255276206
v -0.35418141736968389 0.47114554776687995 0.5270518174135933
v -0.27599348564263237 0.60288858397204781 0.54692334983208679
v 0.010111975707049577 0.67223434252394543 -0.26497248474402446
v -0.4522084627983442 0.68832190677027505 0.54900358491884971
v -0.39695043895883925 0.68010254708495499 -0.15248331560074921
v 0.10610673606050038 0.71825631766164932 -0.16210819645769117
v -0.24709545509449804 0.73881754416908485 0.53781418344220855
v 0.013235352953320512 0.71732254713273358 -0.17755312616720648
v -0.3342512191142688 0.60130155293250809 -0.18216266940018461
v -0.34472811101632411 0.5482250383804429 0.54461776616245494
v 0.30253038681507222 0.48987158071501657 0.56752120927419469
v -0.31579960681473918 0.49413244184924704 -0.27184570806260683
v -0.38105944760106275 0.53986201898886965 -0.14365749689896801
v 0.33270841256872424 0.52257258178598043 0.53259973490892931
v -0.11952895515074777 0.5908191589564189 0.67345800326704097
v -0.19681883242153661 0.56347622423278509 -0.32909942823899863
v -0.24521808036307094 0.72228891396213224 -0.17153740456835587
v -0.38639245313608522 0.60568091695005366 0.53716402910446481
v 0.15434726120193029 0.6160235758769731 0.63039396643807055
v -0.27721212000986389 0.67690787282368292 -0.17885689700972571
v -0.25010561671297837 0.63705930841046166 0.55367226831792749
v -0.35440125811940065 0.53809769954333453 -0.16621916795594172
v -0.45422084934186036 0.67757078064034959 -0.1421057406049443
v -0.33222109936918476 0.51695713966865808 -0.24140831819407654
v -0.22434008826655977 0.66239975937201778 0.55203124795193603
v -0.030100939911085773 0.7784975331593994 0.54117703603325251
v -0.074309409843684129 0.65973933706944476 0.65053492820115688
v 0.21312280155117691 0.55632902468638767 0.60185432531297389
v -0.39240911158994923 0.7262817085835751 0.52429488323302043
v -0.21906471503519964 0.64789995252347232 -0.28835965819299408
v -0.29187049855891478 0.60301273864553984 -0.27042031043592002
v 0.062110510374639626 0.69414988895579277 -0.21089239794634757
v -0.46020327077475148 0.99165679018943964 -0.0048958301445246382
v -0.72596635988337155 1.0221137432631806 0.66028264824980476
v 0.088022721902610138 1.0144676700528825 0.037710405133965036
v -0.47938512287123125 1.1379004678145637 0.27913957446291665
v -0.48964972897510978 1.1630932362273982 0.12950195517859331
v -0.83172516538312946 0.97343436899180413 0.061908427526844341
v 0.049143934074214704 0.94275881386810689 -0.057666876291228082
v -0.70299967756235771 0.92972114002791195 0.6662650334109449
v -0.060222057481950045 1.0171223820919781 0.06047147670710197
v -0.23325723194353062 0.87632928559731782 0.44365046871565572
v -0.64745277183146088 1.064322958404631 0.57797479694738274
v -0.42134776938844754 0.98428746517577637 0.33295869617025858
v -0.27062404707072618 0.90430642064760014 0.41703151572401059
v -0.4522657213635467 1.0854035515606579 0.22620005273341956
v -0.51538981845932996 1.0410748390526599 0.46401264707508177
v 0.0077825574527702014 0.97476354273385279 0.42264449749949751
v -0.76513955338437634 0.95598234459175158 0.026218225561844045
v 0.15569161916296853 0.87947589291355488 -0.09944932181445508
v 0.11531399965183904 0.97699737623475291 -0.014680622871520443
v -0.01215634658714634 0.99751838610310217 0.0023135303560329972
v -0.62371970164048918 0.91203458153950823 0.58743523651112428
v -0.45473269041771985 1.0128640598207213 0.38689724857179475
v -0.42489308811429688 1.0380837376806114 0.14939876102773308
v -0.67097488344061484 1.1444245331636973 0.023450020302300426
v 0.04341200752235206 1.0343472174386832 0.31618161181078702
v -0.89594764793527715 1.1073556827282995 0.4782614187728973
v -0.3995389237674708 1.0320745705075738 0.20321730186625214
v -0.47850119473244168 0.94107660809021132 0.43743530344393516
v -0.60899943200958317 1.1529742951445809 0.49527132135668095
v -0.30995413981662578 0.95937877482667389 0.011885362532227044
v -0.49412145686359282 0.97557084110371095 0.45819980364855178
v -0.47558361009039835 1.2021469387808061 0.19553634946394752
v -0.014331344319887519 0.9324900273343133 0.46506540182259554
v -0.51727150817977163 0.91369867568722651 0.46380245946097809
v -0.74355756601112233 1.2933864756440239 -0.25217623720600102
v -0.31015225848377465 0.34598347766275783 -0.18330874622338378
v 0.1289004944586894 0.41136990921506128 -0.2698187551216813
v -0.73358896415012731 1.2120951697798386 -0.026837379919479484
v -0.27716833114239853 0.33834762618582798 0.47595788850109705
v -0.70415328036713909 0.82994644832848108 0.60386791361045722
v -0.25010772168499262 0.073451808660659826 0.41500605637041221
v 0.15257090792169178 0.22024411726960072 0.60191639447362388
v -0.38686601361993683 0.19144676440097949 -0.067374578582204622
v -0.21859930723732884 0.076333817877326793 0.067015945250084766
v -0.3684916161467412 0.6851581448834394 -0.15737456305687361
v -0.3079632797219623 0.60079795829907878 0.54701114490738001
v -0.43578959751294277 0.64886489884032439 0.54565153126859323
v 0.37075186993047837 0.50163598099591633 0.50738375529792656
v -0.43785442531250818 0.50027521043644407 0.53153466994410614
v -0.41682003342091112 0.60569925059315832 0.53636155288560483
v -0.23011605120138123 0.63325621941153687 0.58107250254190113
v -0.83138609517209228 0.63124137284016368 0.021512964458438283
v -0.37242837365494402 0.51332651899308257 -0.12880895066786802
v -0.42167785659688506 0.72859244504126097 0.53526308984357451
v -0.46749558810983849 0.63838278563598572 -0.14030269640392726
v 0.42012683066335993 0.67061846694701166 0.4190334502249875
v -0.47149653422902565 0.53036424996409537 0.55299085150686844
v 0.20059655824029371 0.65465306010925717 0.58305413054962607
v -0.32231420749191025 0.60061120194672346 -0.19284230289094795
v -0.11612103110267173 0.74612876331386468 0.53423229876187328
v -0.3845391150688236 0.63431841253833632 0.53656224261266772
v 0.055475567426768256 0.55913358531359925 -0.28638418068982113
v -0.21381360029899074 0.6192821598562952 0.61166924905707354
v -0.063738281835517094 0.68131199464710035 0.63106114242459388
v -0.32233278363774831 0.72863543903581751 -0.15313811619667433
v 0.057228167523677202 0.74232791231167661 0.53484578791979198
v -0.22273609506624842 0.54639011392225201 0.64224437332489803
v 0.044406390461420087 0.68699034657606928 0.62314003968564691
v -0.057945475796458652 0.62422440084996134 0.66973005229729798
v -0.45766581593504163 0.76626609020858494 -0.1330191815378394
v 0.0088552218879221437 0.52029107522333828 -0.30504475727850411
v -0.090067934274251582 0.63343295107160869 0.66699632333630599
v -0.34248546162068899 0.50598333689757702 -0.2051203996714244
v -0.092992562141657548 0.66427871446689291 -0.28566577677007488
v -0.24877638909945113 0.61083121856362799 0.57476944306807209
v -0.74987385452816457 1.0922047136364375 0.64996850664341732
v -0.75534745420595295 1.1667650380307286 0.041265749807754812
v -0.75580890618199958 0.97444458060450023 0.023507450124274749
v -0.63327740845453173 1.0735447242461431 0.54351750168552049
v -0.49212456923913855 1.1378789620783227 0.1245381804622215
v 0.18238194284657697 1.0251609315439048 0.22553497184999835
v -0.031413823460228474 1.0233458346258133 0.065341566250243302
v -0.065529988427732888 0.95456078424897717 -0.038471628921125406
v -0.47146436562624644 1.0838624698554324 0.1331146519404289
v -0.33147249187496003 0.96137104141307772 0.36897300859999232
v -0.35907568869175605 0.9757086155408129 0.0028966548992252418
v -0.8678381702305894 0.90468662140737477 0.60371117041935984
v 0.039675512098612913 0.97968067611576948 0.41807929953068829
v 0.11655662341426708 1.0388826729314273 0.28471680694638507
v 0.10800816222662939 1.0152722620414643 0.042585188015507737
v -0.47848773380435061 0.97971044136787144 0.43323414075974714
v 0.12958468538688289 1.0420901322640299 0.16409567071356929
v -0.72921712138171013 1.057248617924992 0.65602442751926815
v -0.62000141543201093 0.9402795849701765 0.59868769392547205
v 0.16982809653202618 0.97268114854346177 0.0031015183102701075
v -0.85701701780824657 0.89439820327365649 0.10890675164640318
v 0.053176480603276545 1.0468858114902664 0.15232115967054663
v -0.93304818412539237 1.0739963129840635 0.31435765985267805
v -0.39919731238070638 1.0287656130928777 0.22601213800606887
v 0.1484421241096216 0.98708571843552328 0.39262080974957619
v -0.44516430174695126 0.9512503451085399 0.37983679401445131
v -0.68629890872077126 1.208580210942547 -0.072169704197364362
v 0.025212640528362217 1.0391033289424825 0.28994050470791027
v -0.046757035798777338 0.99937081022021346 0.0071079496646403563
v -0.78565087345843299 0.89802411906044721 0.62407652776605782
v -0.75661844119427779 1.0154800481001907 0.66714007786567908
v -0.66728867410550086 1.1157993881783488 0.59367419011972533
v -0.37549749873331434 0.99805507390678172 0.31219182626504549
v 0.041477928141434681 0.96654039424454052 -0.027147284913638638
v -0.46665097919622256 1.195382632849628 0.14388090576189261
v -0.81002420486112325 1.3353508796372475 0.30685690553085032
v -0.76456193466310407 0.88423110868467136 0.63079264278919367
v -0.81313663655003443 1.1936250711845304 0.099529422621949026
v 0.063985461093669177 0.76109378289737639 0.52458430399348455
v 0.4584205083760623 0.5590793273704171 -0.030208274436150023
v 0.061215699460195852 0.7638482295488972 -0.15577196831381726
v -0.84618119543090753 0.47152572640275203 0.14444107884760585
v -0.89579155212604356 1.1516738565592364 0.37957361829511649
v 0.39068603760306275 0.82074517511884582 -0.0087252912782428121
v 0.23462697644504835 0.051495863905295786 0.47851653823711726
v -0.25858623828269522 0.049334906339350129 -0.22778040766449914
v -0.25769428695011209 0.51114111911779136 0.57316402354023044
v -0.71002605076898417 0.72835129795430353 0.52184176360875756
v 0.038537693029690734 0.57698585125968638 -0.28636294745188928
v -0.89631566107166627 0.66523364259166484 0.35687971584360045
v -0.0019605582591295219 0.53044713427077383 -0.31255040793571187
v -0.078346143147419417 0.67603130871863826 0.63008099583989596
v -0.27314866601981713 0.61886506401774688 0.54664651408865084
v -0.23798725434721713 0.53187226693356637 0.61825812028137417
v -0.48094020688128397 0.66317504373018088 0.56241482015109423
v -0.75983663460853246 0.71226525493032866 0.49567700224642769
v -0.20324176361149246 0.50643174959286041 0.65797012088640283
v 0.11376717152918381 0.76006151639346875 0.52114451717705579
v -0.87959859764042703 0.76727967813655595 0.34594558556444233
v 0.17108451299568003 0.57608404413406034 0.63486525835914942
v -0.04539224252935007 0.64025958036148922 -0.29773116293383067
v -0.35733603443437201 0.570747420586181 0.54824846936596927
v 0.133503879491427 0.66580808518044887 -0.2180224230165547
v 0.16417278980054431 0.71572154240286467 0.57256735358413535
v 0.14637631826172209 0.70470248165701055 -0.17351654572547318
v -0.33266307881855312 0.60248904855434093 0.5405743706677808
v -0.25259975029489445 0.69283688087978135 0.54366719454992329
v -0.044980045610833373 0.73155132371136067 -0.1718137785170584
v -0.4486091975763864 0.69773981416770958 -0.14100973283280643
v -0.28306845847566225 0.5283853953881259 0.52906913914212084
v -0.40582480342297039 0.54801893808572377 0.53255546246332219
v -0.26077619331302776 0.66835171526078496 0.55799734294959213
v -0.26644810098428384 0.60981941269248574 0.55143298304532584
v 0.04010958733993035 0.60809067542710271 -0.28379143943901525
v -0.08866477410254113 0.72265749558403058 -0.18149955654891448
v -0.40836725948552266 0.58450431086083854 0.53468834973573587
v 0.19818437728171401 0.62429029510296175 -0.20677784185505052
v -0.23242250142091705 0.64600060745394805 -0.28477841904108853
v -0.35688921570801269 0.55840512709885148 -0.16551814645498697
v -0.029199445840497253 1.0145056117071334 0.037020951291476097
v -0.31977521473958725 0.93287083241998292 0.39828337413913112
v -0.49041587222444849 1.1142519869534973 0.11505381398754853
v -0.87998908323868297 0.88836136573006397 0.58203320688338889
v -0.69410566621089609 0.95940043630632921 0.0078938796081858779
v -0.6110494859590494 0.93379260469523295 -0.010746363562769456
v 0.12345496639759546 0.96755955096577018 -0.024608465647547411
v -0.82428435441401959 0.92889756979362559 0.62581610822333611
v -0.45969592757589778 1.2030934342471431 0.11390397396812145
v 0.20656069412821168 0.99660842126170068 0.33587143104584311
v 0.16940239542864566 0.93617186638501704 0.43622309604795695
v -0.28811707558514471 0.97599009533077397 0.053401728669325688
v -0.4757277820958527 0.95360240063009527 0.43392274662431141
v 0.12306125894050385 1.0452658482990993 0.1923073057820448
v -0.47361457368582272 1.1462611626733332 0.22497139715098097
v -0.29296463203319245 0.95428009802366787 0.0035880331788167123
v -0.50069109238599374 1.1302388634376461 0.35331697093433784
v -0.3222459383091304 1.0094568443425285 0.13238198120665617
v 0.13480436970215987 1.0133996637744309 0.35710084806042153
v 0.061957108409134022 0.87464163128082373 -0.12846150215619781
v -0.29257061430672004 0.98865920781863526 0.10005428272652571
v -0.40092761479488853 0.94118487132619943 -0.045434677722761975
v -0.6314009453148911 0.93060846746499304 0.61917015715309209
v -0.29266229016798989 0.91997876287898417 -0.045969505548702577
v -0.60201880242958317 0.95306171035359155 -0.00051756759335710078
v 0.073562483396776082 1.0048793527983291 0.018881183228281657
v -0.70510630176243361 1.0745769898857813 0.014784080368723102
v -0.72257195618656234 0.88285716029270256 0.012253040316757722
v 0.2115151830048535 0.90512760749110743 0.44112132480287286
v -0.055076168170286488 1.0178198263602194 0.34663828936179908
v -0.36008581985727472 1.021366168531102 0.12843294447954834
v -0.51448433121362847 0.93489397111083572 -0.048201853677743524
v -0.46798369177434407 1.0429596993884349 0.092161501521545036
v 0.039225963517462221 0.90215259250169599 0.49018986534907721
v -0.78945621875854544 0.9648498297725191 0.6398501524311454
v -0.84553877168754477 1.196407287793342 0.52298660389040741
v -0.02839087979916818 0.94942716478314826 0.45185117860918794
v -0.93464269982432024 0.93807717188760131 0.51586217447757754
v -0.35231835059294775 0.99251140847413555 0.32171961223904261
v -0.069608028389852195 0.933734385421925 0.46105478493938745
v -0.79183693035686264 0.98323995397716379 0.03832681536176339
v -0.12690808508247581 1.626337597354756 -0.17400172915445575
v -0.31870871850484433 0.34688817449451248 -0.1540556713991435
v 0.091607164254223147 0.39868427031455905 -0.27044809087063632
v -0.72415133086129013 1.2153301000304393 -0.065890759951450481
v -0.61644262468189559 0.88988798566701277 0.53258374949796716
v -0.43211435640282686 0.48583978691477914 -0.11064681463088233
v 0.49304008836795832 0.50009751403077018 0.059793282879444826
v 0.17075671277301371 0.78792755900390976 -0.12787556626125832
v -0.35372333108706927 0.34416941449996741 0.51890425061064571
v -0.78391472403971829 0.42678111986812023 0.091834299176135406
v -0.92105888464017771 1.17038998642334 0.30339476924634495
v -0.73409116623785375 0.81319196990873854 0.54060438600701388
v -0.37753413104368089 0.91820176734156456 0.41732563071169748
v 0.19983213061245036 1.2288487242240667 0.29834093799121231
v -0.27405535921133162 0.23250361543331502 0.46161077094980452
v -0.05078798446837144 0.02568164047294845 0.55210287757200327
v 0.1065832707412632 0.031294735129858593 0.10728596210446055
v -0.32711905852735162 0.063351791500539142 -0.11819726801532897
v -0.22948128151847802 0.1796087782929465 0.58892309117943376
v -0.29862568451762517 0.23452071231874019 0.46472500748816586
v 0.011148827776292936 0.072194001598486351 0.42996682537592845
v -0.52666185099671492 0.22056335331582566 0.3947859780486575
v 0.13505287514975306 0.024379603978014253 0.43018932903145035
v -0.32969640911539566 0.18828351782042921 0.49284399694223613
v -0.27917241791504505 0.031904673583801543 -0.18901320489719198
v 0.22407164383976608 0.062671373187110579 0.49985591897429543
v 0.015971989999586673 0.067103594855791898 0.29842027653795394
v -0.37966902620532772 0.034782360112826628 0.34808756884492714
v 0.04729240271001791 0.29088040005442234 -0.26280851660505539
v -0.491492113094813 0.092590496953103146 -0.079461689998574628
v 0.055334615160553116 0.31987762849457374 -0.2663992335376501
v -0.025940366960266029 0.085835325406220409 -0.20045753299219304
v -0.090593927359742213 0.25239886090156499 -0.28120857391807197
v -0.39049803275626244 0.18699394995442242 -0.08717596915056787
v -0.49504896197494036 0.032082688266382289 0.14560065395738947
v 0.10443369473946663 0.32511924768382094 -0.26006653089130255
v 0.064167241672723987 0.16661886960868055 -0.22318030263464586
v -0.35242382847310821 0.26400222181859395 -0.030803124651544531
v -0.20440912139246514 0.20720599316549645 0.53996745849187566
v 0.19879504400389753 0.032695358714164978 0.49381837791707622
v -0.26101024500680814 0.082073836546505463 -0.2308190547760792
v -0.46306858605263951 0.26834570874057545 -0.034049876284785945
v -0.41623859853164669 0.048030530791238167 -0.029451425899301487
v -0.3207639196306627 0.1450428700118932 0.55951380814022078
v -0.36606410500304104 0.0814502132710751 -0.023376595669189724
v -0.50398037471513191 0.11104555731037935 0.56238458352304532
v 0.16251111931426418 0.30045836348131594 -0.23809829861979456
v 0.079984189748706358 0.057436988439985154 0.42225095908761878
v -0.31298211584289226 0.033694428839669867 0.56951349373806337
v -0.3391108295374427 0.034224227115441923 0.3714312642131794
v -0.4981994775258699 0.28222811732024133 -0.028065266819262313
v -0.040927456739157396 0.3729013439844911 -0.29420450716252144
v -0.25655749948288342 0.22404486499973589 0.47909051263074059
v -0.49542222152457821 0.053153379619368307 0.56647453214882459
v -0.53225883310367872 0.29154087900346515 0.35168792486236378
v 0.058022667786132805 0.025336521506583026 0.12717213056063617
v 0.0050668836507668149 0.20339868256719626 0.63242692218025853
v -0.30878387498904403 0.24792776291206617 0.46947814624202999
v 0.068058099921301282 0.062528310104730311 0.33673078889715152
v -0.073189014184397619 0.3123830441966346 -0.29706733726727719
v 0.1368864020674424 0.29862027746831821 0.62364465026075089
v -0.20663887202909711 0.11974712602450703 0.63746875969147487
v 0.098650253118301806 0.028706672404440949 0.096664056442070628
v -0.049661615871129709 0.034409252245210381 -0.1206026400522015
v -0.2860691381369459 0.056564041420958722 0.62933607375809331
v -0.3868716024433676 0.12549121854535858 0.51466233956229657
v -0.33421045800661658 0.27171302282039533 -0.050366183694196272
v 0.10253302126635788 0.18658859105476866 0.60515940950327274
v 0.1260332656825951 0.13036513131119884 0.53762574832606269
v -0.39558531808473019 0.15140476685865437 -0.19239887143984002
v -0.028582934587211249 0.25032288701636396 -0.2702538022086457
v -0.092442724801640175 0.2163248363172369 0.61173789320186756
v -0.45403861627252862 0.2344288296667762 -0.032079659266724979
v -0.48037075019126924 0.037418806276852096 -0.11455772797421636
v -0.49944610018591618 0.036141622023256062 0.52662296070618264
v -0.22590033686930938 0.20376244603447446 0.53082740521569538
v -0.42368844690871665 0.041403137174483289 -0.035443121623993455
v -0.46070047979013562 0.37512991501090626 0.4976594976400468
v -0.52636631323477334 0.32898700686354626 0.40947483688985847
v -0.4266664834190747 0.063717672891528396 0.54416858306296667
v -0.040812022723831949 0.25430197853489434 0.63513567810817539
v -0.10375815614419361 0.071485499972786831 0.47077975772748193
v 0.094556017537475445 0.052768754949656445 -0.18168383627207566
v 0.15738039507595364 0.027642336914416515 -0.016833314307865454
v -0.075948011178070221 0.030634656800648693 -0.14918857370938793
v 0.16157447018572899 0.035558746507509634 -0.12370708171189337
v 0.17907595405205054 0.046042594662833593 0.52061679675729755
v -0.6031355783800102 0.15022879009408022 0.019080332581242105
v -0.72576597926945219 0.074900774425513447 0.050641676740099548
v -0.45188224020428047 0.092379102938509025 -0.18862544258209885
v -0.43922081000423852 0.15659644762101024 -0.10869278092829789
v -0.39008533734661743 0.084629025228839763 0.52280274453966369
v -0.30144295851687242 0.036475104306022695 0.23804471918344255
v -0.50983157064074336 0.21087163841412246 0.26530466161401678
v -0.39785943527207729 0.14734354891331414 0.51431238105838373
v -0.30580467527901456 0.21430688957028898 0.47009881018966565
v -0.48690021962828989 0.061791629286543838 -0.13144206059952421
v -0.30181086764771253 0.31505294026474667 0.48109163984952213
v -0.03644661987329896 0.070111010104013174 0.30189856798353809
v -0.42177364200903861 0.31298267342068553 -0.043377397482727537
v -0.26217710570796404 0.18254791921754976 0.56930373143074497
v -0.34716972520105316 0.050346149991191337 0.56930311543863765
v 0.17602657669975766 0.33404596540109333 0.61554461931468152
v -0.2396266595745101 0.075293809757078542 0.11758028451767701
v 0.081357799397048194 0.072868835318176325 0.37560687622267341
v 0.01642138113578024 0.13234646305752285 0.55388644661882935
v -0.72601288009534581 0.07489687153230476 0.050784618106138331
v -0.071116704355651136 0.2824446041602231 0.64570953324430769
v -0.44733944707819218 0.072845767084915136 -0.20771238212188101
v -0.2161034340009306 0.16993014585377467 -0.22168710512645362
v -0.3729599400498404 0.13920428250999739 0.50870493893646196
v -0.4099995468478671 0.033470926342217835 0.39319701780090283
v -0.36820132271085965 0.12536912243211379 -0.23127668394895448
v -0.340330513338095 0.029061353584411153 0.27108330897848837
v -0.39806902662278859 0.21264788498783591 -0.034693948473584396
v -0.26939232934246599 0.035528521457534774 -0.1490705197506477
v -0.30405042303898688 0.2942139778958141 -0.16801659731970528
v 0.072940831462401351 0.022112720844797082 0.48444306412200866
v -0.12705174437316089 0.22801758674058539 -0.27593249693330379
v 0.055154564092938396 0.063619856400885869 0.01977937764460334
v -0.46922870495542796 0.035654631427599857 -0.12717884452450787
v -0.3262074789965147 0.049576303344661246 0.41444223147066883
v -0.30756268252947561 0.10212508472456393 0.61158183156234602
v -0.3391352201926417 0.20987748214646104 -0.060533085088168147
v 0.19351576674848414 0.070450477009432383 -0.12655566852642633
v 0.13208451286366812 0.039249756113305265 0.38992484466745791
v -0.43335016123282155 0.1872805593080637 -0.042305885935109276
v -0.049628880094833946 0.047782449772982023 -0.19326350147861363
v -0.52038548223551018 0.25775460801835715 0.28608457697654288
v -0.37617216619717159 0.042873434849213396 0.32547747722477055
v -0.36919131273340744 0.17984660626778901 -0.1504728880893115
v -0.48957616151100897 0.039360363531698098 -0.085148597780785026
v -0.39025983467295977 0.049781612295757033 0.22301791852907299
v -0.40123864913470442 0.1904016121822838 0.49705423060491249
v -0.34832837259157096 0.035442469506817252 0.41865062686578558
v -0.33041861772884668 0.029904854299011571 0.31218573789199805
v -0.33557379621754729 0.08288733829245036 -0.090401610056758758
v -0.46670045996643605 0.28547610739776474 -0.038729824592715123
v -0.34308383549246063 0.23911279822668416 -0.028736567116951744
v -0.47708710729087245 0.15110682663164687 -0.034174669952220973
v -0.091710425620762412 0.029163865451264537 0.52499008810207382
v -0.41840666025128637 0.21649818552400241 0.49599419165619524
v -0.41574961955595779 0.10118139619434044 -0.21527646727727232
v 0.19695331961281121 0.24381244093491297 0.57463502031717173
v -0.018742477534672532 0.066176729814288945 0.23402519743022923
v -0.29712093315206739 0.18142672049703185 -0.19353634204479692
v -0.039368053413364808 0.029142303365565697 0.50703015323022393
v 0.17323800998398486 0.030554761638717412 -0.059706519657002126
v -0.29032492362634532 0.081094993904994139 -0.11078624423073948
v -0.24037405674612425 0.080682632578203628 -0.10629917671996576
v 0.21180463896453974 0.13390033468943766 -0.1633179544464923
v 0.084358642026785363 0.36117279377467826 0.65413335484897206
v -0.26216170842885739 0.067702642220448861 0.28345071246454545
v -0.075901904600804912 0.095930679596849214 0.59066790174426453
v -0.49223681638042482 0.045852858692405685 0.19338618914412745
v 0.22047419209576949 0.14416250427990446 -0.15028179776792849
v -0.70719144058460048 0.089160471591539933 0.027252098798950644
v -0.24672519754870526 0.069128092953570211 0.27839102114623138
v -0.25307522751066491 0.32619370263544001 0.48380186349864085
v -0.46597280748623721 0.11983693597926162 0.54395878702662293
v -0.33552688306706779 0.041408596066255979 -0.23574925273346034
v -0.28772599778051733 0.039902446917117751 -0.14389816203532596
v 0.098137715414705756 0.036591664144945094 -0.1661930740718445
v -0.46771956770837608 0.084541019287986283 -0.16085305049288201
v -0.34058659306672567 0.29463203925949372 0.49706716743680979
v -0.39200288553359458 0.043538089372508838 0.18339096252371728
v 0.032585832353464739 0.025253231142805223 0.53217058401873785
v 0.077302816507706165 0.023972402981328515 0.27075856272271759
v -0.38569396495683167 0.23176249616204017 -0.029863018586711282
v 0.18652540473011911 0.035115200796747868 0.13741863363790308
v 0.19227106879701913 0.16771008705153848 -0.18018461885658957
v -0.38226322111001393 0.081021647666456101 -0.024317582271237266
v 0.13866372827733256 0.033270780122517427 -0.14217942287003926
v -0.39664877780937635 0.17459451711558693 0.50111408192921225
v -0.33690578617148964 0.080186408435980738 0.03559908414287101
v -0.42556594517000751 0.043904181437614258 0.017493089781851694
v -0.35802863637804155 0.28549898645721877 -0.035913580053160581
v -0.35637111913285913 0.1604757174205689 -0.20713758206761648
v -0.21861625106077873 0.069712371090609127 0.25367461127090291
v 0.025854339559481198 0.21604612401923595 0.64009623992410603
v 0.030424448380412496 0.19259082330697905 -0.24848457005362323
v -0.11962164340131415 0.24356224576335941 -0.28251639953030688
v -0.32148463000363209 0.31491718589097828 -0.12028075143987101
v 0.16748810690015831 0.03470716789709348 0.12078175557843952
v -0.3028727007726702 0.035008242764659005 0.59165064958793689
v -0.41379764771160182 0.15755290913793477 -0.16111576440289946
v -0.46513131105558198 0.033557324335014439 0.029018391155897365
v -0.25777981881592887 0.074787793290002402 0.12065588147814751
v -0.026757381892260363 0.36199239432660313 0.66034564069609292
v -0.46152047935889295 0.031412757767263516 0.37453145007884664
v -0.27518939438493373 0.20010625614973163 0.52646808017098157
v -0.34306967553184553 0.1972026388336906 -0.1173108658711737
v 0.019479247092591058 0.14142100109735894 -0.20938658709682217
v -0.27450249216299782 0.080442031964837998 -0.021443442612440772
v 0.13264734329342259 0.025983064653391459 0.020385385033519211
v 0.1166737754378325 0.023571414175726321 0.44749067467867176
v -0.4972433209129844 0.085278560868185652 -0.066799528391596141
v 0.18803425663171588 0.035351567913850683 -0.036625733716176757
v -0.38906697977342747 0.046322306383616826 0.19170288688916029
v -0.41931435715991677 0.12409570078809883 0.52801834463563713
v -0.080448174270630474 0.19141990273454262 0.60230635117524922
v -0.0060137943292000243 0.13233009614143607 -0.19990593957681382
v -0.056607313762236655 0.27240835667087809 -0.27898593313752879
v -0.5041059943966375 0.31080534512918712 -0.035284452222711885
v -0.45743171862013032 0.17150861644664372 0.50299795057264995
v -0.17705791588248104 0.077717722505966119 0.041489725330873028
v -0.31008811962862648 0.034782017595266973 0.27899906884022319
v -0.47714065728534089 0.31187073334275123 0.46675739775023983
v -0.52102470505020992 0.19106283990547482 0.4767502655194199
v 0.13034697110991114 0.1152219065937696 0.53233019050581443
v -0.096133166194186923 0.36413192599534111 0.6413407570080043
v -0.52543588667283192 0.12640331593550388 0.56372211424848162
v 0.081193564787118588 0.035082448651346104 -0.08672615434131993
v -0.74761808502270188 0.077672072462215067 0.17810479449276723
v 0.15648998436884859 0.021448701730765705 0.45966337636331889
v -0.23226565766049959 0.11695196990908392 0.63813641823266753
v -0.52963124370543213 0.21003316182988485 0.40175961871161736
v -0.35227610454993075 0.0325018660983597 0.15865790345113362
v -0.32681579565022256 0.10496232030433757 0.59614070161856469
v -0.47794661067372857 0.32408634674454317 -0.04606385087128971
v -0.38870036440856642 0.29451447762262739 -0.037638504935682694
v -0.48975352803437555 0.1063267206733899 -0.045559155936340898
v 0.02549765435358356 0.029961604553901625 0.11660175932246819
v -0.18929187136996653 0.23069212045435858 0.56033599646881649
v 0.17024016111618762 0.29169974629217349 0.59636550211642436
v -0.2997988082009031 0.084907381634952386 -0.23492999437267337
v -0.39521998800282732 0.031386376116617758 0.35997431522197149
v -0.44481842555444523 0.10883321755497016 -0.17262369437502453
v -0.031722964488580273 0.071792294025198933 0.14455429299709308
v -0.032518105289562643 0.07094686151790329 0.36768545180586554
v -0.39022134516990964 0.090243210966071505 0.5223696504612364
v -0.2761018439859384 0.032892712900019209 0.54252806880730109
v -0.31703351233122423 0.030292494801695598 0.21713747138247391
v 0.0026241070142713633 0.023755792485017666 0.52677745264809339
v -0.11185496671450265 0.23576308025811696 0.60671710664704648
v -0.011129756353813004 0.30784703380678197 0.65412428280023982
v 0.0075238216147690161 0.080070921494861752 -0.066213805415251709
v -0.0047420710187144706 0.25404621434733632 -0.26341739980709777
v 0.12255285914030264 0.027325202893292638 0.22230717542009251
v 0.15044399444581613 0.17365664515657883 -0.20835482491575597
v 0.047844916937695089 0.04030191824518118 0.055990430591579647
v -0.7335065096267015 0.3482804990437896 0.22320059475083714
v -0.57479153783854409 0.19950129444374176 0.040412135534432944
v 0.15392327610192 0.29484634696340012 0.60819755508536966
v -0.3178388389251427 0.032406395704254819 0.51175897478616539
v -0.24747918917958775 0.031541538659424266 -0.19043996244815872
v -0.51455541227381796 0.34079348659590869 0.43608935577174812
v -0.43839132445685114 0.16324917257658736 -0.092244534158498301
v -0.25330197150845157 0.17099608650332457 -0.21221220268166835
v -0.31744336084766639 0.036592779131976165 -0.21859960722913518
v -0.28325539091996549 0.23972598654632596 0.45932697094580527
v -0.45960137762051118 0.089812960234684158 -0.17117479068823044
v -0.34794950449352108 0.20270286818536581 -0.074386448130171784
v -0.28025737689956626 0.045156601827794352 0.50060999785423022
v -0.51503552737770908 0.035842399884073416 0.37963207449911707
v -0.4979534558217808 0.069520203040615555 -0.08275997422360909
v -0.29749921766518272 0.052288491808601123 0.6184244712756517
v 0.073828775088655485 0.12781014821267381 0.55232323713640663
v -0.23452851076477996 0.049786569566250785 -0.13210942880566809
v -0.061621818071359788 0.1804727123222151 -0.25119256949116786
v 0.11315035027509344 0.060816691239283675 0.38129674218897347
v -0.50962505361210508 0.22830069647719045 0.25025378373696433
v -0.26048746723843663 0.24613394321642765 0.46872558806654602
v -0.3689718485805098 0.16867074644454402 0.49837222788178953
v 0.11294844344554744 0.37228706540380818 -0.25980381268938357
v -0.5077558014573107 0.23875374638823363 0.43126732057841372
v -0.055758674243541029 0.069017335223181431 0.26944053442664262
v -0.25826852098310976 0.04284542145816865 -0.2216139758536487
v -0.47062287207452819 0.17968955268912884 0.49693181296692063
v -0.069187448184771669 0.14643660929208194 0.57029950109411909
v 0.19272825633714105 0.30343195628091046 0.5908868354804091
v -0.36437619738555421 0.30216156726629034 0.50928764607957178
v -0.079997382022676561 0.22111264327193492 -0.27057038343567197
v 0.094854244696591913 0.09318995039493988 -0.18470134731158372
v 0.053170144230615939 0.026144948902674697 0.084019468285585958
v -0.024489578141676949 0.12858249562472318 -0.20001432822378554
v 0.21721211539019794 0.10342422216464293 -0.13005623232852268
v 0.21888921524421082 0.032403634545308632 0.12608962191911421
v 0.15782605307048372 0.028349912220802645 -0.052415472369023837
v -0.40910103313898488 0.17709425882414498 -0.10602722882391503
v -0.304377002867321 0.067797572098338796 -0.23865472332896742
v -0.23608019456140497 0.25192876096000699 -0.24324156106604977
v -0.25731963177575179 0.039468262825787609 0.52765601307559407
v -0.29481148764502646 0.070391447240659016 0.4022867152541893
v -0.25048102523502869 0.30370886623034393 0.48440525922758648
v -0.33579301176358567 0.12261628527397705 0.56658324325939369
v -0.30465184255268174 0.28123163251507954 0.47529083516772669
v -0.39623343658221571 0.1961629156410927 -0.047797514974360057
v -0.24544616249226553 0.10412188397812812 0.64042472107664017
v -0.47315240125386704 0.070705900510173419 -0.16095909721346915
v 0.071170632763376235 0.12104484454846921 0.54532402317571727
v -0.22179397419024019 0.37717608355824706 -0.30909614751710607
v -0.27718144674143064 0.11987887089239874 0.61417913046948058
v -0.49630727225387938 0.29604442166020684 0.44364702348012924
v -0.53699369603351399 0.20148529994329054 0.37364917397579506
v -0.10121663925710545 0.33019471285591429 0.64645030501719969
v -0.027999247130791861 0.068053680445119974 0.20552108570856667
v 0.094029426978115019 0.29048743864731957 -0.25302499113651356
v 0.0519577680386233 0.022015657506684713 0.22449993468707635
v 0.097776830188081351 0.13834866409024002 0.5686144025541765
v 0.20021136062253564 0.10707618697207123 -0.16228787858733837
v 0.22247686921324242 0.37173566796669655 -0.23320129330579159
v -0.0033049194170649823 0.07089402469344161 0.34953249433980077
v 0.14768303285765963 0.027489992484340992 0.36946811395310519
v -0.047277995612791668 0.057276931728996734 0.58053146596352467
v -0.60140968156983698 0.31114190085311366 0.09467165160193837
v -0.64188412365909664 0.33345239237336494 0.065679918718267408
v -0.46630366584465394 0.10724407191206917 -0.15041035165774683
v -0.51698856362139689 0.031615883522001675 0.12238416128225441
v -0.39510595464555887 0.060252098247703327 0.52785812792507758
v -0.36970190822608401 0.18575285524525023 -0.1218140970880896
v -0.28743105360650795 0.27313013287124405 -0.20039086881766899
v -0.52679146781792752 0.036153516316242661 0.5152816141028822
v -0.53027853132177161 0.20313856344876682 0.42061874926948661
v -0.21484642401316953 0.071371492726513774 0.3600181645805372
v -0.32540298575703352 0.24377329774264705 0.47510363205504308
v -0.5267498505978202 0.2527330364435692 0.34366446351213642
v -0.48968272488438802 0.17670828948177142 -0.021270753893827786
v -0.29172577854272053 0.055634622218964792 0.30170875395521668
v -0.28808888647293579 0.053221546773373776 -0.1316886120857462
v -0.38452676702549443 0.0874622075897694 0.52613456743760856
v -0.53153333979606354 0.18034300297296108 0.31722565449647844
v -0.35852552335233362 0.038945084584643644 0.54141414206998484
v -0.33419628945884927 0.037377804705504052 -0.22770671414433286
v -0.21928404093787998 0.13043265205537127 -0.22642951857731394
v -0.43959625587505641 0.29475126261784979 -0.04255925548620812
v -0.46712880780810412 0.076296484206434298 0.55728977068157803
v -0.37684363951863148 0.045187979245830387 0.53335231870638111
v -0.44316137610641759 0.034857498247331489 0.044689040906892824
v -0.21535025128468421 0.31678166445091205 0.53148720222615564
v -0.37529763769885921 0.042703008291477981 0.28442978429767984
v -0.0019260257931602786 0.075681770024651679 0.067418112628875329
v 0.055772040391440382 0.076532451947784227 -0.011257388578682647
v 0.074895097088736068 0.13530387549177117 -0.20016720587523834
v 0.0061572262668981772 0.1525815524339714 -0.22474681208331682
v 0.043485640882281636 0.11651892862350885 -0.19202004590116709
v -0.12086637873514337 0.16286122286286653 0.57689606832565132
v 0.11578317436695897 0.047163208321175598 -0.17384445134388818
v -0.048637486356360761 0.15727594716709639 0.57343452224441893
v 0.088908233372826176 0.11649639646056714 0.54098134147207322
v -0.0054802355316546942 0.064674428189891539 0.25985169174941936
v 0.1724854070955929 0.34773759932251869 0.62199095639184943
v 0.016357166254210274 0.26777821567362309 -0.27058138902515905
v -0.082862886762407884 0.3824187458159593 0.65029918791970043
v 0.05017255776934091 0.076442262243710965 -0.041827979953468729
v 0.078261304408525231 0.25213644334950586 0.62600683661817702
v 0.1862885391630606 0.24114641971850895 0.57973145638469703
v -0.03587655625311275 0.2722847755250109 0.64328019634469491
v -0.6739777951382715 0.12815375848353969 0.032109790667715396
v -0.6992796520521869 0.12269946006455354 0.062787735989727464
v -0.63550262986401407 0.05004843551391272 -0.0098405244617844456
v -0.74474372148594148 0.084174815092484256 0.1006052722055744
v -0.59001043444629941 0.28711846557675241 0.10155425083432765
v -0.23080060313822373 0.070710384194258888 0.36234146469995981
v -0.48036361734710514 0.048161456966068217 0.55669381420859432
v -0.27611052804656327 0.25337903272822865 0.45993695428145609
v -0.31377041408093687 0.046027586854793211 0.35164902301498724
v -0.51190667866854533 0.078213658394246904 -0.049489047957856518
v -0.25683706222154035 0.071781005016154753 0.39569158483023253
v -0.37870644937109016 0.033416075010588575 0.18337685844453247
v -0.22310835372759422 0.034205163792833733 0.54431472559892458
v -0.18383044812567825 0.30311585922229212 0.57455667789096632
v -0.31676092276746287 0.03889820134087036 0.48005672116616027
v -0.22847018980960102 0.069422254921453111 -0.11984919759277947
v -0.2441857624957923 0.39012292301486434 -0.30137291352566276
v -0.52591483206227174 0.27375245772921003 0.373676491298644
v -0.53109571407247425 0.10638790300552949 0.57265975835233585
v 0.027713880586535296 0.026503244220297432 0.22436862033029972
v -0.47957250583275535 0.13691798446907444 -0.037706476708121044
v -0.31374259067159765 0.1406454854607718 0.57782660863277768
v -0.52410287026354407 0.23635321950722196 0.38941981022903049
v -0.44747725515218101 0.048146637568269743 0.165147009642793
v -0.42817782895521067 0.14320667606323814 -0.16265390804464333
v -0.090219882881398081 0.037983884945889182 -0.17614488672196599
v 0.018625764564387266 0.032495605550185908 -0.11160813870018359
v 0.1706406615381906 0.031879766952526659 -0.088065526530750851
v -0.057750235676676483 0.072719152943539825 0.40032536181369016
v 0.051284197028194929 0.024116394036132468 0.11680333745233008
v -0.086519243595198275 0.31430485350341492 0.65068711302735216
v 0.13912767729958239 0.032426173765070045 0.37398164815959639
v 0.1866468581137275 0.037323813050307193 0.10002363688021154
v 0.099182958274025568 0.22799279022684807 0.62023628469300129
v 0.068535003687918816 0.24621548029003251 -0.25819796400607237
v 0.055353618574009916 0.21599148193347856 0.62666003120027802
v -0.067174135016287981 0.081861899735796301 -0.054090045278566902
v -0.053569800837847181 0.1688456160712386 -0.24682775053963912
v -0.060115112928217675 0.029865913109001739 -0.15134067391646641
v 0.13470319795253416 0.3332707382964869 0.64046235889911618
v -0.096132057962439746 0.036554402437846072 -0.12452258468396413
v 0.13813977209603301 0.16589253144830693 -0.20728698952051744
v 0.0070449189176194794 0.065961174091082375 -0.090269425138314652
v -0.12499444974269067 0.21710045710169767 0.59712380472582338
v 0.20361562527830104 0.039170905718072108 -0.00092721444663946986
v 0.1856259247629356 0.34345585938843681 0.61424549886831081
v -0.6802461655368035 0.10180153307509418 0.016572998071416004
v -0.60690417942574693 0.036795771331221652 -0.0083422058540863712
v -0.6338794100200964 0.17651665795685803 0.10142981948745564
v -0.63504601124618698 0.043456255228431238 0.29552492258052848
v -0.27493603790722476 0.088243600047930734 0.63554005045149364
v -0.47650084937549975 0.33179050493699425 0.46958529832662682
v -0.40570923439360512 0.037106448766749137 -0.10577587266880821
v -0.41167482870928668 0.29663731852922726 0.50701710056255955
v -0.39097321557834847 0.04792199728127506 0.25458215881873275
v -0.2344196144472703 0.045430861393415976 -0.21717304208042584
v -0.52133393727667676 0.22083557136010032 0.41414744920266106
v -0.46089073960893773 0.042981518019217853 0.15777236581124163
v -0.28172193541251628 0.052729987012007457 0.24662764835242357
v -0.5143819986868996 0.042074310724912398 -0.053503157021749306
v -0.40033459872180799 0.041917776216565061 0.076573966231309437
v -0.50102625937730227 0.36955713476084479 0.47102867223362593
v -0.37944331856824726 0.075860371106783814 -0.058125739828343695
v -0.45949802820356045 0.049337311483995887 -0.1907365206660554
v -0.46756159789747459 0.15160558762468704 -0.04099775404477967
v -0.28995597850722804 0.031931764532503792 -0.16893329087272851
v -0.4008047665818868 0.13169338479041257 0.52018572132061125
v -0.31486962340958469 0.21050814507718871 -0.13065032448419359
v 0.13653154907261481 0.031403059726315859 0.10814051999092256
v -0.43642611768050998 0.11701671729824153 -0.17275094475597169
v -0.26166429311521577 0.23486951346108298 0.46942561653998077
v -0.46862838400089046 0.35804032132111652 0.48403590004645219
v -0.43108303848868001 0.14870731025927236 -0.15673743331054862
v -0.45245844872574192 0.23517147902860525 0.48502833187170263
v -0.011785435962668482 0.23342521197256161 -0.25747930203487734
v -0.012089473425464282 0.063606514384173224 0.13627691663583932
v 0.11457978564893563 0.029372676272929499 -0.016518599598802988
v -0.060856293040935788 0.025241206115527874 0.5372169225280411
v -0.023398888824669273 0.07328142378310841 0.39996116241930701
v 0.15573836332730326 0.15169930674196166 -0.19724989607290991
v -0.099247411011471262 0.3920171626141683 0.64575275913750074
v -0.01699853283849647 0.15879237793437401 0.58388858560545875
v 0.057655820765644142 0.34140713216955559 -0.27525168726019855
v 0.018743528267955556 0.048187919012649828 0.55826052037317631
v 0.021435832996951475 0.38693841971969239 0.66611785850445548
v -0.072082285177290803 0.033448605346690023 -0.1251417700965404
v 0.16498183568555391 0.032981109346285981 0.16998608582134317
v -0.010645300875732133 0.056599517235114825 0.15399258164850707
v -0.098961664307569905 0.31753814011559989 -0.29660416007688439
v 0.12479939051866956 0.32600199519413031 0.64452123973482667
v -0.030913976097529373 0.024525350045249406 0.5380505121908703
v 0.1120089020060499 0.023525007902651673 0.51513234950367637
v -0.020661616165829282 0.071219287374695364 -0.19870288352838042
v 0.080133779404370373 0.022654264523239234 0.21089230272924939
v 0.064680240733399716 0.18040959186839425 -0.2303837889603251
v -0.68581654659597757 0.054298863724370657 0.24714673355537017
v -0.61761986002398916 0.037808343592560391 0.47499983831039333
v -0.71953008907392646 0.1020011549626825 0.072731255632464645
v -0.67348800195765757 0.096577372163420092 0.45241672206394945
v -0.36885895593817547 0.081867392933289374 -0.056003611489312287
v -0.32430446851526601 0.051458159708671361 -0.12954698016276209
v -0.4584361404587729 0.087712183598027627 0.55101589056515254
v 0.0076027947614518195 0.036590656040911253 -0.10767053263985994
v -0.44537096325789 0.03337678716193411 0.06271995526360527
v -0.30112710158502931 0.045292097947657636 -0.2325716036729468
v -0.30500726683317581 0.036094942484608677 0.50136449953465467
v -0.27573751318733092 0.056649306823772193 0.4778156542174995
v -0.5236578101322249 0.37560662287718471 0.47304080874907417
v -0.31973146177766054 0.077846763964618759 0.070603655994286363
v -0.47206879750020292 0.032323626553732616 0.36324388623447496
v -0.48558380988896627 0.28092284761594988 0.45630547084413986
v -0.033597591202657616 0.39166026952496513 0.66588979043256313
v -0.33571487779926451 0.12086193961945747 -0.23869285367060233
v -0.26574475953889476 0.25688209087894914 -0.22209782274480744
v -0.33727018238453593 0.10795433448962512 0.57926105906214198
v -0.31648556816731427 0.23067899363577707 -0.10448621271949132
v -0.320401972193674 0.084494470926211332 -0.093677888696186346
v -0.49457786981256607 0.13717550060024261 -0.033699935821164935
v -0.33318496454763635 0.18158893625236303 0.49962981838467257
v -0.27295260058794613 0.043017190508511494 0.62804399831843227
v 0.11467780725374152 0.17373254921734038 0.59303957824748277
v 0.0085175146919881355 0.38102356139546945 0.66576093605914388
v 0.024897300079430189 0.31850701550960064 0.66394847896191667
v 0.15303065602514401 0.2503725972742275 0.61178954032484412
v -0.0033615712845499867 0.061152948251387819 -0.094901525475900445
v 0.14817983367248225 0.1587339053470859 0.55378550086948686
v -0.097113267409494469 0.37558312102047242 0.64169351304718136
v -0.073848417105951566 0.050563205020076642 0.59028636117428834
v 0.04498346058219601 0.36358457178456105 -0.28219120793618935
v 0.14519846834620126 0.26803879157633637 -0.24435606602608292
v 0.031892240505131751 0.063547846630871777 0.30836529661373319
v -0.021192268555407942 0.024324226719364461 0.51786489632457156
v 0.11824942004564429 0.096638323967818962 0.53691094169510123
v -0.035580613663787286 0.13149342308981476 -0.20483530125654731
v 0.17683226042593739 0.022979143135162403 0.066811198514788034
v 0.045928048209997269 0.033425945144642373 0.5457956254805405
v -0.13053703785437096 0.32477890188443936 -0.30798222163949557
v 0.064552238209554191 0.26457757783427133 -0.25878874469050817
v -0.12510823798996637 0.35892379169372624 0.64105301183828844
v 0.028596141920806749 0.036916266845009454 0.46817592875643571
v 0.63417755375552121 0.31888754230707528 0.29153101268722903
v -0.70933868112796061 0.32760297043470626 0.22970865882084424
v -0.65883341391448302 0.3056430843399417 0.23420995152966281
v -0.58193416676971987 0.16899664670051631 0.024647973897475334
v -0.62955666028143697 0.11351083209847114 0.25909764623747344
v -0.59955387020779938 0.316292603228991 0.073941208032042557
v -0.69101852803443709 0.052636539002820011 0.016460558392691491
v -0.30334730797875886 0.36447304985228424 -0.22249776089300211
v -0.27582249797253006 0.21231086570744373 0.48733168518468772
v -0.39073599023059452 0.034153656097578936 -0.19101181330087003
v -0.40895432508023921 0.33557544319272314 0.51707967982837644
v -0.2331169925232405 0.033078766128630997 -0.19443357516874532
v -0.19899815881450306 0.19764895375044889 0.54971154329559468
v -0.3199855815414378 0.045903437675869983 0.59729756611667373
v -0.32849722626995198 0.075397797545072962 0.60009309713670633
v -0.35128065968227773 0.19785846190843306 -0.092319360090593064
v -0.20154876262733107 0.29069795283166033 0.55054206973522801
v -0.44434316987596789 0.14861256400595341 -0.12200274233138632
v -0.32267942365429392 0.29055462424624673 0.4868611680708046
v -0.23936675622444564 0.16085796052558107 0.60625550262956729
v -0.31269795536418171 0.030501298954239177 0.24331966054331627
v -0.4817796930110112 0.056403495163452964 -0.1476344750934637
v -0.28528033955539023 0.066966094903211038 0.32892924403667617
v -0.43000334589833283 0.035655015168339868 -0.099735169278222083
v -0.32145447167490832 0.082172315943820851 -0.0340188324076625
v -0.48283140922179102 0.10712007760987162 -0.08455459048860034
v -0.3891445195588461 0.17022035104059002 -0.16754198272054699
v -0.42986778896897326 0.040723986248670817 -0.20680492802967176
v -0.45985257840848959 0.20267694914558587 0.4868172393891837
v -0.47374182436348705 0.19960260649532582 -0.024308561007136235
v -0.46764787016971715 0.058095419875706059 -0.1797134449434982
v -0.49126512056023974 0.12260936091072512 0.55098711780009879
v -0.37928382334321165 0.029833030345009635 0.1711518483215094
v -0.44407142950963235 0.036070896056256206 0.43713694606250708
v -0.40141328195057885 0.032968805693382272 0.36014424208572837
v -0.45733851546371301 0.14721756392137142 -0.080023054666405316
v -0.26801815259997175 0.13296362074862661 -0.22914403348749995
v -0.38132385521365414 0.031438989350767256 0.35854052784956375
v -0.26397550164041567 0.06746355677645445 0.27262308066739016
v -0.10885483331859473 0.29798383930736222 -0.28938325039145801
v -0.056022163834738965 0.25925362842889743 -0.27588203721762405
v -0.048208372955784159 0.082258332723856326 -0.065934447170660743
v 0.059442477852577037 0.065365290045996588 0.54559794333986478
v 0.084779717012842995 0.04658071539210408 0.33435573167878863
v -0.058823378987308814 0.23791045425243318 -0.27194163991824605
v 0.17734118268921217 0.023988800780332484 0.3459205868906286
v 0.0012707774044926454 0.22831623138771573 -0.25344652345931773
v 0.085480172120445438 0.025721410607738488 0.10337318369202228
v -0.039605251859819203 0.31794323741537178 0.66135990892433494
v 0.039685689546857701 0.062536349938949146 -0.081799231211540951
v 0.11274602991483157 0.03211637480475206 -0.048500806427523684
v 0.085028756584680662 0.16013834078668629 0.59264972876359334
v 0.024679680713197909 0.30650731592934821 0.66128452499648493
v 0.066776287870514775 0.07349444052032264 -0.015156068837195072
v 0.17937271636316704 0.03655079461821039 0.11403156585806015
v 0.060979553955164897 0.033555443419986015 0.29911986948132263
v -0.0703100378612216 0.10809177259754281 0.58816349877160057
v 0.14006838500699453 0.13845625077845164 -0.20008844697451983
v 0.059340642209642587 0.027227319645900146 0.27795861311376696
v -0.010081488409161987 0.13856729442288448 0.55969768802396114
v -0.62202505177410794 0.31441239112984865 0.10895286661114724
v -0.64378707611695896 0.063848273781821632 0.32540252667496378
v -0.7071299082699235 0.039059980954046072 0.16872048909831916
v -0.74541043665375395 0.098468200450126053 0.15359588759028117
v -0.6329760102519062 0.040675987426772045 0.31247816715510007
v -0.59154613508878218 0.21872608546763747 0.087657548848526126
v -0.59405558311747819 0.12469172744825743 0.55411136377215453
v -0.64927657202358591 0.09877994588814118 0.51155068061950648
v -0.71429640557438523 0.095631365978674457 0.055975343522185132
v -0.83275813317903324 0.47891797268902125 0.11103107641148997
v -0.7539551998335482 0.071640654959526928 0.16187495646557698
v -0.62850949015319446 0.49860964255411355 0.53644702975645697
v -0.35593788338315718 0.19566864590615482 -0.10602985688951452
v -0.32993052377758708 0.028484931561484798 0.26573905923412167
v -0.45906672320101699 0.19147860532417435 -0.030707720163067928
v -0.4822814582075805 0.080922822022946636 -0.14028571165710926
v -0.34586375533667152 0.0711908644817804 0.57475248962561554
v -0.52740509024899473 0.26698921729332831 0.33503062306560139
v -0.30400369971446356 0.032377371425766008 -0.19539606140752092
v -0.35684082413152823 0.032713661297391429 0.39116779816566383
v -0.36071917164628003 0.077911702185246165 0.55775863968150974
v -0.23531522787382531 0.20451672452898501 -0.22692724190194144
v -0.53278165480829376 0.20862668162893852 0.35177146674202597
v -0.51372982099780617 0.20614931570952111 0.24907798079342477
v -0.40690792524899061 0.13971317353483953 -0.1911170454334514
v -0.43031897282980086 0.11168348052657562 0.53562873116665222
v -0.38608827815069302 0.061122769624423826 -0.071344384786953652
v -0.32726898469765575 0.33911974034575154 -0.12440845935596004
v -0.28831783691427104 0.20647464025098405 0.49970010696502082
v -0.38203403293915067 0.1211679839821468 -0.22775571426491015
v -0.48115437334667144 0.034899276964611481 -0.060005345037004887
v -0.35562234127090719 0.028253954893728023 0.18961421293185698
v -0.50389523725883134 0.042348801855080692 0.16723869753487652
v -0.28201522757089365 0.069777318108402459 0.15277982570980686
v -0.45442748854724785 0.055472899285461931 0.55253601829613241
v -0.30871937736687644 0.034817388588728952 0.21577819845448867
v -0.42254407087654305 0.049541915939125825 0.23480740007479839
v -0.291095587430799 0.060917142264472021 0.31639157249776573
v -0.49760914038807891 0.059944452957018238 -0.086813312331047318
v -0.42451767979436428 0.039945362016943452 0.045866505198533178
v -0.43994325406836354 0.14396335151787459 0.52523379899670208
v -0.23659051968372741 0.27756555762846163 -0.25769965413097351
v -0.20498742447596369 0.20280246776544364 0.54206264843959473
v 0.1355664478513843 0.060736607459359292 0.53126294692960518
v 0.13592887559255074 0.12853255379682582 0.53230175301585592
v 0.07953498244385182 0.090643629285730026 0.54332219451997632
v -0.012284962472777135 0.037132755096303149 0.56657985409419465
v 0.21983455146852418 0.033448669285259587 0.14538967569872716
v 0.19826591865942894 0.030943540609302669 0.25768330074635259
v 0.057267765265778869 0.025763607800260446 0.47165518781878335
v 0.14407031156053815 0.022537938437704956 0.065505154301237295
v 0.011558864150079428 0.08645052163367753 0.5598141830661868
v 0.15228499440902246 0.3355263152876426 0.62490058774092949
v 0.20092351411598242 0.15422726331944342 -0.17234917746376419
v 0.025832065274117355 0.18059688423506326 0.6110706277870197
v -0.0072732460265960272 0.36956302417801518 -0.29296893463829526
v 0.03927303064887544 0.076790116255359628 -0.19274782900916801
v 0.18449919817466989 0.034023003638469336 -0.054091763890472259
v 0.04875131845312991 0.2695864622625474 0.64025337967753704
v 0.075555830799770698 0.06608261989575033 -0.18710204247268405
v -0.037000155628811683 0.19781346519474607 0.61462376429935728
v -0.10108278460289233 0.28252700886411702 -0.28502628063059476
v 0.12948002384095367 0.25109997869277378 -0.24760732166777547
v -0.044556083506854485 0.027664451335451069 0.55911770301465658
v 0.020683916644481701 0.024609964096669996 0.49326780818846178
v 0.057694586467136613 0.029911152221817408 -0.1479693719416891
v 0.16559025251987125 0.15575271367180871 0.53835707276707923
v 0.1891664492617573 0.033295323355244141 -0.015133398306773134
v 0.013896536012363868 0.17470199700652569 -0.24458609770450371
v 0.12560672790979574 0.14935490008448821 0.56660024009270182
v 0.020905481758978817 0.20408084055520645 0.63524472961920087
v 0.074357407442284015 0.15010165352216137 0.58431949995755728
v 0.17833055282464591 0.19517103490480073 -0.20686881551997299
v 0.45405307677074108 0.23561501351959377 0.38765642966074987
v 0.57318585329665428 0.30287936252299513 0.35489828837960313
v -0.63682670053659096 0.067709083559369374 0.30700168294009084
v -0.65932481126212694 0.36868647445360814 0.029452403469210801
v -0.65325821722671695 0.03812637635866848 0.011925179834731655
v -0.7422263386455964 0.35261746792838167 0.2026982061648229
v -0.73317944725941075 0.04786472119362075 0.18342876124547661
v -0.90180381480549043 0.60278483968260355 0.28393359177115157
v -0.88255364536339942 0.66848663266225694 0.12882798641849463
v -0.74810292007949597 0.051731108990621742 0.16299090049502474
v -0.67064283791622326 0.10052903416829062 0.46802772677407473
v -0.642224889624602 0.089088103013497927 0.53153282829470649
v -0.89523392378071287 0.71384360753991405 0.1442392888245039
v -0.68626491041911708 0.16378803920458038 0.13973913021888931
v -0.88879113228839413 0.60917350522120783 0.11392295773797675
v -0.90097922693414279 0.59077662775354811 0.16528846732889091
v -0.65249245878596362 0.33376646155813627 0.34124646828768679
v -0.91381279007026117 0.62480894900290596 0.22275949090293093
v -0.67397769508590988 0.32525124117404097 0.13543759599816921
v -0.57222937515047745 0.121848983256369 0.56726557953539669
v -0.2524324746499762 0.37869273039472656 -0.28884647105259553
v -0.5297624268228448 0.21896689508523359 0.34038862305291584
v -0.37964582272640046 0.13149154989057787 0.51064217310757942
v -0.39017527011434311 0.044548786849258407 0.29201613110014218
v -0.40259936245565858 0.061650567775850637 0.0081023631658783419
v -0.40143384284043382 0.15683647019208233 -0.17553450899190137
v -0.2633477668230137 0.076462941959904926 -0.11661525073177013
v -0.49479129995053805 0.052463442461742622 -0.092444860216896491
v -0.25982465816964595 0.10673535016952357 -0.23237783502376771
v -0.26426053221326024 0.099962907660886655 0.63643622805285349
v -0.35528211589657743 0.15194521636828709 0.51385509040772259
v -0.26898462354889535 0.14723444933032498 -0.22374963263297229
v -0.2948494307258841 0.033018101082876755 -0.20438906904329587
v -0.37114062931511049 0.13737604393920752 -0.2237429496843574
v -0.39931065915218189 0.11303362199864263 -0.22158432821768798
v -0.47427066054424261 0.09381963518698351 -0.1509025164680648
v -0.41782001569191718 0.052633276429756459 0.53655699217198782
v -0.3576625202829436 0.029130724260329862 0.17442036357733751
v -0.29216174608859852 0.080353593577423638 -0.02783299913742893
v -0.33723198262736548 0.057396201788372521 0.58602569436552443
v -0.41970998122139647 0.031641707506409988 0.090324311283702316
v -0.38871989690771702 0.079119052473882179 -0.030256097002327672
v -0.41046926232403119 0.034533239446581314 0.16334323892550162
v -0.442656481728053 0.031363380071634007 0.36703908413436792
v -0.28291230275431078 0.06696508317728174 0.34216199762375721
v -0.26631450899830927 0.21831255326754648 0.47908922511430385
v 0.088757165455327705 0.2988787889008846 0.65230305266010913
v -0.35299560496649063 0.033755827510352464 0.43265537793288483
v -0.34003002716173514 0.03099806408664136 0.3478137998355792
v -0.35164030921698824 0.29718210731037398 -0.04152649327163354
v -0.38465889655110158 0.11866879714286428 0.51521589892597708
v -0.4577954238261816 0.15391611117648918 -0.063367253678171795
v -0.31243807393377809 0.35717742478017322 -0.20157324713937222
v -0.28342781879647533 0.19469817507326617 -0.19066572389763822
v 0.21425137452849291 0.025553258801640496 0.42380196395287623
v 0.13219208098593718 0.23905306942415253 -0.24372251671112513
v 0.14921952682111989 0.088799065390188114 -0.1764809386157731
v 0.0091630379869150885 0.034812974821107859 0.21845063496760703
v 0.029628029945342967 0.081094850886051367 -0.016286495269837251
v 0.18740215292918452 0.092104390482105919 -0.15774084188592732
v -0.063039763256149087 0.072004568825160278 0.45416308540982242
v -0.084680933152874061 0.034189595650919495 0.58207904623806983
v 0.035438885897337277 0.25407789834951366 0.6404860051036243
v 0.068564182626980386 0.19124625320604477 -0.23512037993342447
v 0.12858192977257865 0.02720245237676246 -0.07368300525522295
v -0.040344414705391747 0.24207271729389415 0.63080422565494987
v -0.017697722834234767 0.046168546711189244 -0.19073408927511384
v 0.21783095994826748 0.070394447181852254 -0.045693291110145556
v -0.054977515357144256 0.069570649373154936 0.2275835178625229
v 0.13310754342275397 0.051621437791401721 -0.16986097387633084
v 0.060414848188738997 0.036271324482425531 -0.094053365776259057
v 0.08871383392874671 0.21328473431549769 0.62407051105033817
v 0.20785626509838884 0.27151232515211127 0.57737316139793948
v 0.18726962676357539 0.32854124226070902 0.60663658470593995
v 0.16836030407491995 0.2887446616691221 -0.23688622577905283
v 0.024883543981375163 0.05157447671880528 -0.19082000116708639
v -0.097137178040800035 0.16877995570854776 0.57931206226758569
v 0.14904161639611618 0.094896863355387731 0.53305241603786047
v 0.18264797989659229 0.25116758176256454 0.58623878856002531
v 0.088406318151835722 0.10928947113835796 -0.190359316449698
v -0.0089308672346872543 0.067770199006963239 0.11428357076802387
v 0.35341092280621944 0.27452433465168974 0.47908306966468084
v 0.5493811843763714 0.39274992584284024 0.087427023105005081
v 0.47195598169632236 0.31596286726678396 0.34952263153014818
v 0.3045077786764438 0.24969458126505154 0.50682918001708377
v -0.64740161171225319 0.035610644836715472 0.028732584546863709
v -0.89906153141468326 0.70850853118534718 0.16180559092869162
v -0.89211439474109089 0.71623341506966354 0.35498937084544369
v -0.77874507913758706 0.7693698704883406 0.46266827824333173
v -0.63722737623259418 0.038628653762784501 0.39664661788503608
v -0.6833835747706033 0.33733066041656223 0.32595716887704834
v -0.589065227876578 0.28511693949744543 0.16019336052639302
v -0.6293382556539957 0.13787421457760884 0.37048059177617537
v -0.69058567317530184 0.31771769320102883 0.2194510729749716
v -0.87481730793524304 0.51634779784650886 0.23920929594698043
v -0.72767570915158841 0.34327065370567122 0.25906548844756283
v -0.59888730147898595 0.20785955182452631 0.11739251511762919
v -0.66245762965850274 0.044055690453114457 0.36882099638423144
v -0.65923586791028332 0.64342750501375212 0.5562943079358772
v -0.84324748476593803 0.61195436056878938 0.42216915648684811
v -0.90533303775960228 0.74892615864865142 0.21828574787124769
v -0.65195474660357877 0.68893144305936027 -0.09693322775792837
v -0.67293284296758327 0.10404379665951378 0.23971042614365584
v -0.40307419352588558 0.12148003631011046 -0.21327588633528094
v -0.34541306992778092 0.15130538133942723 0.53283996968990688
v -0.34593402656441385 0.27551766127779381 -0.03581954304085147
v -0.35421584461858835 0.071784805022450215 -0.093843431582482983
v -0.18432998585644475 0.15742761091919932 -0.22382454141390268
v -0.51566986864652054 0.36807212043120147 0.46574265287635408
v -0.37736239711890435 0.29134231430090674 0.50760465587161352
v -0.32973711503693814 0.033195790596038256 0.34434220549737288
v -0.25251243028087628 0.2437082493286912 0.47775353810056076
v -0.41176798767793821 0.23765521008441121 0.49773913585762508
v -0.34449039460254727 0.043969521882434574 -0.24069579223261447
v -0.26673984322725719 0.12802635881063562 0.61210528205228532
v -0.41364940216433632 0.051115352332843929 0.020959696996150717
v -0.42975090978021496 0.29702955303110873 0.50254214729823976
v -0.35293405214935819 0.18185681615770702 -0.16397380090252281
v -0.41655876131201408 0.034648159716256684 0.43232370180304974
v -0.21428657682513311 0.36139825628742844 -0.30501474748302559
v -0.25500847892284106 0.18231944492247837 -0.20980951366812001
v -0.32773858330223432 0.13432703671903606 -0.23316267033686003
v -0.29220413740045575 0.18989609176645245 -0.18655154755194897
v -0.35490628710713901 0.082190405711487405 -0.06967958095282592
v -0.37444143605798746 0.29294277451679795 -0.036601968685690225
v -0.21494063632403965 0.26713853009319594 0.52929068129807622
v -0.51261706421897069 0.19307839572159105 0.2653210194842569
v -0.47111450128794946 0.030794870523348259 0.11907341928159512
v -0.22344425474867097 0.072000774597978184 0.39145521084933194
v -0.27232161017052009 0.066304059005814459 0.30232847709253047
v -0.47280221524809268 0.25967085507912058 0.4708864945639144
v -0.33226104663728745 0.032506293751482264 0.50126588024105656
v -0.36549159507464846 0.1033065664513038 0.5467714729030636
v -0.53372216274742124 0.16689330479877609 0.3057267174621543
v -0.50624486598255647 0.3786511723414831 0.47546260145329916
v -0.51153813071185894 0.042940588790441735 0.19362521865355822
v 0.026343736997680448 0.077217427234610614 0.024303460900688686
v -0.4681498153673242 0.047965658817607934 0.20061893306044654
v -0.24543626311529596 0.083148489955419638 -0.081343149439709495
v -0.29456398183706989 0.19965900786217292 0.5136284320163288
v -0.31224818356680639 0.31896426404742878 0.48624352322013048
v -0.39198931982138296 0.035747930968629119 -0.21681474532473929
v -0.31962227585794939 0.23773457814023333 -0.085071963035224393
v -0.080591222244261809 0.14425734780326532 0.57589399846706235
v 0.17992772664860796 0.024624653689327234 0.48892544139027078
v 0.15829364556576114 0.30980023133008899 -0.24119071044044782
v 0.038236790523922363 0.14733564264122373 -0.2140752521278759
v 0.19868674849004853 0.27347465277540045 -0.2296008132508075
v 0.11557802468196365 0.024604208180956304 0.080103406710316349
v 0.23637964441353757 0.11869861088413326 -0.087556636665788473
v -0.10842064263387977 0.3701899589816719 0.63953794181040302
v 0.091970322032110266 0.034214224656625672 0.32646777217503675
v 0.23109214291110278 0.203404625247151 -0.19317313058544433
v 0.16789040862001164 0.13828715219374094 0.52276885487539648
v -0.0022906144508111313 0.024282102704592683 0.51435468669039863
v 0.062147786397245337 0.27596372388461776 0.64385416210861712
v -0.044158371693143933 0.32817920866787226 0.6616128357302532
v 0.084298547074197108 0.062405893251794881 -0.04456605014804764
v -0.10740212600493947 0.25450077859041548 0.61328232669995852
v 0.084564586531385794 0.33138675490643676 -0.2658316274617521
v 0.11508837392189467 0.14123317599933466 0.56101414096945423
v 0.061076865428503879 0.3654835752914114 -0.27733444241762967
v 0.12481848089419553 0.19050360948325029 0.59851157367710417
v 0.027844063844965801 0.19347117572813924 0.62555971743558758
v 0.16284784179246206 0.23528381035186849 0.60065053620368081
v 0.12679091997107625 0.36428728848084008 -0.2573486147829841
v -0.09115096646467942 0.15843401452602107 0.57316675489686342
v 0.13982123685060849 0.029428772377255826 0.097084751102093858
v 0.016833556991125081 0.12083216069761812 -0.19417720206969222
v 0.13133330054298248 0.15532706674410512 0.56834127838762305
v -0.047643388903606705 0.20873093374024057 -0.25977097814066125
v 0.22097165268101182 0.11438147087329099 -0.13616165658828802
v -0.024312235079506736 0.041668260816829526 -0.18577609185857361
v -0.062663346074057713 0.20304989009739385 0.61263645875255202
v -0.078332318047869748 0.15344072696104383 0.57186626102325933
v -0.080606535611356722 0.2246810464793543 0.61624604962640162
v 0.21394644303099608 0.14906857323654599 -0.15942429158356777
v 0.61360171692247356 0.39895067193247974 0.12496116602152751
v 0.30633888754881938 0.20207275426109381 0.47025609918412997
v 0.38577958376062527 0.15038746640215064 0.37726403432466948
v -0.81053886471278425 0.67971576619606655 -0.009307933768605706
v -0.67421805802994639 0.15392700364499298 0.082249544926072254
v -0.87637202691484184 0.65441088517869728 0.38849350386143328
v -0.58438671057272107 0.31460803308624491 0.055570682105975697
v -0.64462438133085076 0.086411542738070141 0.33847075181463221
v -0.71718170023205796 0.79620889564412878 0.49551109294937051
v -0.60872334863387745 0.58560579165406823 -0.12302976968823456
v -0.90365429180734491 0.66975075102708881 0.18383733867112131
v -0.68208409273863302 0.59828599727028042 0.55346759251128708
v -0.8564233137916214 0.49072969470759331 0.14868513647393963
v -0.58630135251707038 0.37165880171271537 -0.0010344568918415615
v -0.58309649828409704 0.19557760858339746 0.18255086324944261
v -0.91270748175876437 0.72520441455010431 0.25592797008512541
v -0.81968901079118728 0.46919942335640619 0.075619348690574933
v -0.85547896100467891 0.71229238776494908 0.059179805676294932
v -0.62608638939401129 0.62412470970436518 0.57170561633908046
v -0.38204525472660661 0.31239493974300703 0.51514482151859664
v -0.20881651296706835 0.16788769523190239 0.60647539917823445
v -0.43913589835020178 0.037470943643762473 -0.19555768538394841
v -0.33788530194361793 0.24141121117401929 0.48075313222640825
v -0.36769229773544632 0.029525411181854415 0.18633535188372458
v -0.25131656744962155 0.043344878299483788 0.63416935442478761
v -0.45533542276323213 0.098422025936803728 -0.16774890287293773
v -0.24251746770343563 0.072550792721978161 0.16707798825204273
v -0.48401745025996151 0.1672839478414109 0.50874188521317565
v -0.27772080257648435 0.29195413881246546 -0.22809469545733596
v -0.53443050787643009 0.30347276201916318 0.36669723694163547
v -0.47424819648045979 0.13887869218989748 0.53472159532040187
v -0.46061693419035515 0.066279610506103717 -0.19485270246003322
v -0.42347470261729719 0.034573054364299402 0.070301934884986081
v -0.18701465990374427 0.057881669574756593 0.63499765343781922
v -0.34008407917954242 0.31185940573477972 -0.065978063008293675
v -0.31945251453962997 0.052956175626774092 0.4242517046908848
v -0.38522111410660065 0.048126893015937956 0.53022231510425288
v -0.23249436885235408 0.11114470832010839 -0.23068973298388595
v -0.20563069762666786 0.24668017063273562 -0.26140345546957411
v -0.40698849818483895 0.042437492069889046 0.32527862016459569
v -0.38477022855763815 0.10376648016523569 0.51941280452404714
v -0.42589910879786796 0.33335392592102853 0.51034183575903025
v -0.3648676794626628 0.030303817869850366 0.15258248798178423
v -0.42666030075835137 0.13089760141228743 -0.16855397585367513
v -0.33255068954315115 0.25090435840333508 -0.048689048896630331
v -0.22760333734618257 0.29083552154897746 0.5136688391206361
v 0.055749987123810789 0.15054343268032147 -0.21188678892929336
v -0.48998638069067429 0.19054370245534208 0.48307803144947886
v -0.31391434553450087 0.24403302859683376 -0.12713328132006935
v -0.21620423836663819 0.34078201452466639 -0.29705000093744732
v -0.48902432174748056 0.12240137212011695 -0.038935106066214045
v -0.23571455512184977 0.16986335813879991 0.60075194560165812
v -0.29614965036884483 0.28107625540110687 -0.1808432072777186
v -0.25701064097385723 0.062982005357204912 0.47920520113169529
v -0.52787506169649845 0.27164996520968004 0.3163283789194114
v -0.3480140052538791 0.19120188613423417 -0.12827691221508664
v -0.50213480996298809 0.031957214340642096 0.11936440949429956
v -0.27003105127625954 0.032524737992821698 0.57696464466868125
v -0.29930723842238632 0.16469165902327912 0.55216645319703628
v -0.5279576883483309 0.23154367503053025 0.36798786155286561
v -0.22806410058107171 0.077668261943699302 0.6426001595776063
v -0.28990144316894523 0.070773021773588851 0.13495202284599536
v 0.13535306249992501 0.045262722411116882 0.53131417246126755
v 0.042617903078673657 0.028248942136166667 0.26667044588815852
v 0.086345807924768994 0.18791632602740174 0.61309636319273031
v 0.065693426524022491 0.35441559100806169 -0.27597558944976802
v -0.061082697420520513 0.029957981546941199 0.51224076843456368
v 0.066415109702637115 0.059551680130546042 -0.075158659468371372
v -0.034157559579574094 0.27183182545529389 -0.27629686200414832
v 0.23147698680013817 0.35427709845451083 -0.22428043390885191
v 0.093494756823658001 0.027755124640480071 -0.099114193864255698
v 0.020112243859853825 0.032788089586695837 0.24469742850590395
v -0.046655702856403941 0.24540369881104648 -0.27251906582480506
v 0.0251359618917689 0.07240204990144028 0.36876958007274707
v -0.035985198521485337 0.047070310717973893 -0.19167118047881676
v 0.0011642856826469834 0.039247689018033036 0.18294209147693111
v -0.075936916331161036 0.20538439540021816 0.61000547350163858
v 0.067856916524608415 0.091113057724590607 -0.18662593744956441
v 0.058715875496572374 0.2107572020761648 -0.2449692364343421
v 0.018393695777579187 0.028277993890224826 0.17245815120991306
v 0.096408039582912095 0.03867441884482789 0.43533223211927724
v -0.012196570574521432 0.19210314510135104 -0.2562479256477162
v 0.11020067881339911 0.035100081978719416 0.53447346429288334
v 0.010502079604293281 0.068390700605679366 0.43693435953183879
v 0.17323512079333836 0.022903378999751089 0.47626122072321375
v 0.081413149981439004 0.055962090647726288 0.54276124428141692
v 0.04286385497204144 0.15959641877397224 0.59216040771301415
v 0.17493314675523272 0.034929933290703624 0.5145152480182954
v 0.056247522756285022 0.040558469018509083 0.30465376307636105
v 0.093346898802767336 0.026115267298357871 0.30307390878983553
v 0.15058620533029002 0.035301234877073859 -0.13686377382339535
v 0.026113204340350485 0.25834691042451075 0.63954394464772446
v 0.23449992891141608 0.14163094221550762 -0.12837062089445708
v -0.063121346773997056 0.22324422153816026 0.62048841200035476
v 0.39452874618493822 0.067309503148276342 0.30014947351888133
v 0.49921536262062316 0.12042678175448142 0.31362078231715257
v 0.42444363079990866 0.33300763394451971 0.42709807196332505
v -0.62282580268342935 0.15710633399685112 0.20904180596400185
v -0.81653710621433995 0.62510150274821341 0.45671340536208604
v -0.78529750762670936 0.59087901654840391 0.49186989318864349
v -0.7316146986395704 0.54068181376606739 0.51169831847803071
v -0.66969660363903594 0.31231447430882259 0.20296342849932919
v -0.85197142873928122 0.53854079805646493 0.094939836104403069
v -0.67037349414720315 0.13194941666473364 0.21436876695023654
v -0.63054129532780667 0.57505188498729287 0.56437042406091342
v -0.91031361148357792 0.62424618647540719 0.25889344532471481
v -0.6602976943570974 0.17304871167100072 0.14593112175632561
v -0.67228761863649378 0.054437300937325461 0.48832983698175852
v -0.82254212346327404 0.6000661510270503 0.0072589834393372325
v -0.66006113362068797 0.12758162585969737 0.46379665368027478
v -0.8650560790134354 1.1418243496803591 0.55025075663082756
v -0.74211357301481462 0.35573643510199554 0.2727502249753524
v -0.81892557161949919 0.56556740720522658 0.0069109051317853918
v -0.86840962809563504 0.67078905028151514 0.062798165544673601
v -0.70957917658335823 0.65344606059621313 0.53977195448896798
v -0.74442328592259166 0.36395569012896789 0.23661100103418473
v -0.71655479382873144 0.37762496587413308 0.35777855521345953
v -0.77561344743681215 0.51513224775053879 -0.0090620681738698312
v -0.60144907052624641 0.17461078930310858 0.049180485559141195
v -0.79019514395530177 0.50230813723800394 0.43919396816006201
v -0.64749218188612867 0.060578090315390132 -0.0073690031162229946
v -0.93850513666586144 0.89799790604625263 0.28707917092724244
v -0.6329963313721606 0.090465287585364706 0.54152553381383017
v -0.78757666834072437 0.68896305389667301 -0.032613297774759707
v -0.35315180830945497 0.032484903955465105 0.50006695247389044
v -0.23710885805858375 0.3185625126766049 0.50415069517124389
v -0.42811962475134646 0.12600608039343036 -0.17282079073898141
v -0.19976906491401758 0.3152234642513444 -0.29608876953648072
v -0.24046645167114788 0.14490069835910599 0.61259472672112858
v -0.25498289776363697 0.25506271945036102 -0.23019118697122762
v -0.3286008046950778 0.090691820131057713 0.59991889317311664
v -0.28370683487474202 0.20549465981189505 -0.1906574295604842
v -0.48453973722937477 0.11188910235728164 -0.067656390307210393
v -0.36525892777076524 0.041101384637346063 -0.23159796289992143
v -0.26808328365701467 0.06461986602610309 0.26064513783574339
v -0.28063808027635356 0.33996382390787155 -0.24469112311638186
v -0.38859667379190033 0.30959330170187011 -0.041562731370826937
v -0.337739888023387 0.25709422088720607 -0.038471987215928288
v -0.24235384103674554 0.050239637983608455 -0.22556902325143793
v -0.473962677036804 0.15569071037553955 0.5193627874890584
v -0.43494537811398182 0.035166565566525095 -0.18167017000673566
v -0.3120757529135893 0.22134398102434213 -0.12394232452686639
v -0.26927102799027597 0.36382855891674337 -0.26337977839806964
v -0.39186642204863548 0.084730812014614298 -0.233577438356673
v -0.45716065215092644 0.037770719899904853 -0.17551035671976087
v -0.33448481489049164 0.33611153283001488 -0.10447679577913221
v -0.4792789624758198 0.26764638494783938 -0.029704353592343302
v -0.30873033938447797 0.080185781631495159 -0.10860425554565613
v -0.40284590769878992 0.16398321301187666 -0.16341582793231269
v -0.33398274248062276 0.043400091263615048 0.57886596997297224
v -0.45659865450375703 0.10156085972367088 -0.16313956215163478
v -0.46712033174669432 0.077335788804262881 -0.16604410368592168
v -0.45345238890499007 0.1811748720750839 0.49666201418387407
v -0.27933115417915616 0.063622926593435047 0.29759407970753382
v -0.38012107821124608 0.12279823420160298 0.51512644583700229
v -0.23080645008859874 0.078954720833105563 -0.00066981083729698951
v -0.24868375357918227 0.093437261333031194 0.64197620090136076
v -0.24852261978543788 0.16084732340618002 -0.21765766428411348
v -0.28421261989949953 0.058273628839975534 0.1871982354672829
v -0.50104187936656441 0.071841663753842752 -0.068172779989901733
v -0.29584370731711052 0.14715514265036719 -0.22503623487805369
v -0.22309720732429275 0.16358534020977894 -0.21845021999032763
v -0.3132163758943815 0.080090259680069067 0.0092134533490078694
v -0.33875222901006496 0.32416075058351024 -0.075906942098036653
v -0.48125313448289359 0.046531979875082084 0.15891877543161304
v -0.29891471443678214 0.1219387153682434 0.60721118049633738
v -0.32850185403302723 0.050115088330320384 0.59244036648693932
v -0.042511230950313554 0.062979894431990924 -0.19786397283783963
v -0.028872831095520753 0.037386295234065593 -0.17748162729246539
v -0.10060572842039053 0.034411113952872927 0.52013045570027461
v 0.022615006176235172 0.16804233620312048 -0.23924670510758955
v 0.0356506279469875 0.047004041775908549 0.55412730030984703
v -0.11104553900432289 0.052687515245183572 -0.1982502222088878
v 0.070590529010643624 0.11161174039873592 -0.18996417517843889
v 0.12535827194333862 0.03034011605002895 0.42224005761619626
v 0.021549881094234863 0.081135637337517427 -0.047645232557690764
v 0.13071286983467081 0.028508495394171027 -0.10658604120604354
v 0.10297051453177258 0.065636442620482877 0.39678800061346214
v 0.150156813343192 0.10593556790508404 0.53207242000438326
v 0.22617001702137829 0.04235735926511517 0.47805500880908258
v -0.073195148317901304 0.037743495297630027 -0.11888660831731848
v 0.18315648553760983 0.056277520373281514 -0.12513317455564352
v 0.096543060659150748 0.039969447444768616 -0.016078539932006797
v 0.017546790801818195 0.34271691484960809 -0.29074495011682105
v 0.1966088019939872 0.046208792346067236 0.51232274852596171
v -0.040776196070932164 0.14581097056690007 -0.22441150188722675
v 0.011471645600716887 0.073241386499578773 -0.081417325264351748
v 0.17446453055433458 0.31607820837362488 0.60669625985472142
v 0.14999512551789643 0.072101548685464201 -0.16824165412572831
v -0.091785265448440706 0.07593675317990467 0.45900409557114358
v 0.16033562466520129 0.064016749127025235 0.52711415753630519
v 0.16817379296441864 0.17873350872878016 0.55586812112997941
v 0.017813323845494337 0.046135353799770878 0.098056054237212101
v 0.069821302794433188 0.19748141779674291 0.62230159215736303
v -0.035134958765301795 0.22890261211638049 -0.2639057736617067
v 0.044921238262172161 0.067396476112060122 0.32604877601412502
v 0.094155156158258882 0.070896624758300303 0.37540565311205742
v 0.0023844971522758852 0.03885277545609208 0.20557933316276564
v 0.034089409872514492 0.27761750398732998 -0.26883451112907036
v -0.094075923407664935 0.33132184194875608 -0.30186599693785948
v -0.031171925924630164 0.072962032276795888 0.12513143450037945
v 0.1335546083224731 0.37735667663189398 -0.25937212180972979
v 0.11328402223791502 0.041339225910014162 0.352398005858303
v 0.032960170834921129 0.17359713452065639 0.60392445799728678
v 0.059308976766826546 0.066698392485737681 -0.070135360396017102
v -0.072049573094984956 0.1719436684657952 0.58755083224764726
v 0.025648572001723696 0.27131410386373256 0.6385633741613147
v 0.55698338771927736 0.13985068150610105 0.2715056914519528
v 0.36619889038649489 0.031538275779515415 0.1827933395089614
v 0.33955949010600234 0.042105636943702424 0.084434271749475334
v 0.61054230594383663 0.18691536815713733 0.13140521495238033
v 0.53102750128715726 0.21146668072743338 0.0039342301468106907
v 0.59286005276554499 0.26819305522927028 0.3418262501919439
v 0.40633536563447203 0.092390566280556155 0.02584709225513444
v -0.76013568814381793 0.37633669906600659 0.232598709579658
v -0.71784199846906449 0.95871928884184754 0.012424046919795931
v -0.90883006328854787 1.0883540719295863 0.39874932583467876
v -0.67751574629014422 0.054661231272402036 0.46997196001656544
v -0.79227597520893478 0.55880442267874719 -0.019336429127505016
v -0.89727365925005531 1.1080927920011021 0.16358731131998241
v -0.69892124092394348 0.11840774517243892 0.045311761916760514
v -0.63432732791953084 0.11584820074439327 0.52788939086473052
v -0.93865839834396481 0.92217162100214134 0.21876446358409785
v -0.68130385370279944 0.038944782582390536 0.030099816401770754
v -0.89719418193096423 0.59437122658158836 0.14033058539222232
v -0.75070923134181322 0.51246493250031211 -0.043954499674669766
v -0.6422544117028236 0.32078835341485173 0.31999760580789843
v -0.62018405497998086 1.1133046153564594 0.50727856310043251
v -0.84080959591565774 0.67122301181164823 0.43139456175334467
v -0.74518828737724241 0.99892192016337211 0.66207002677326732
v -0.92455836095886201 0.97208457089165501 0.55582954651026584
v -0.71151916603276988 0.33307031446898755 0.17135615421960862
v -0.93271496173378421 0.98484074158471191 0.1945777372556623
v -0.61172058541732477 0.5703531749673274 0.56185214070062961
v -0.67397466293335873 0.06678850809189657 0.38031942240816263
v -0.80749099105620403 0.73521741717947109 0.44933385846040419
v -0.66204396053712811 0.052681888264385301 0.27092175298452714
v -0.68112019173782623 0.060024599420756337 0.45547220265518612
v -0.67946502608703441 1.0832220134236341 0.01475853292556366
v -0.90006514884996514 0.63204572961442773 0.14381795933156735
v -0.58582864045683991 0.22757596533478092 0.14806338118800882
v -0.89802113609069323 1.2006069701328814 0.25334025143348149
v -0.64488146936230872 0.5858612737050658 -0.10595646527472777
v -0.22210340994799418 0.26745811277117892 -0.26186356977892733
v -0.25984860142704347 0.066714711695071385 0.23814149334135007
v -0.40604153604772864 0.054518857214946211 -0.040605937832407665
v -0.27943350483283219 0.31809515025001378 -0.24004030131699014
v -0.33402748969894952 0.099036373793296079 0.59051821352477207
v -0.45014296786777636 0.040020758667905339 0.53161624698352794
v -0.32300890802187027 0.20710569922393593 -0.11367885748339841
v -0.20373242848417827 0.19434904620157792 0.55416034335654274
v -0.45904946986883571 0.032884019809757574 0.38366040614870484
v 0.033622468778576414 0.043534949596287391 -0.18509553745286722
v -0.28621234149100888 0.23279166837360904 -0.1915305764362992
v -0.32112223321932509 0.19339838911321661 -0.16065918028389897
v -0.3340273458205002 0.10803784206541397 -0.24100466155973785
v -0.44382515964769054 0.2133563552617794 0.48955665179025443
v -0.39553689382634244 0.072502571645188252 -0.0086582248211421829
v -0.37470535134844596 0.036553235353247705 0.12045062982025649
v -0.27842296302949548 0.1113273425629487 0.61980408938314369
v -0.48102780644493232 0.066891723624704372 -0.15058092787781699
v -0.23683366384128349 0.073191471895525426 0.14741545424653923
v -0.43688464065773269 0.037689305517518583 0.012558248087909089
v -0.38733958826763837 0.05933726429300229 -0.24185300785708622
v -0.49483865823273709 0.037137137154752975 0.53670856687193713
v -0.43289274523577964 0.15274982853487912 -0.14646903869074393
v -0.47099463868208818 0.28115640744439729 0.47245868416591086
v -0.20572116027334023 0.078836600941051146 0.018089623991575234
v -0.37745762622923212 0.042859840611200802 0.30634324604094276
v -0.48389175516756222 0.037051643941665248 0.14997992535191065
v -0.25695609729267133 0.36881343359065905 -0.27952149294611672
v -0.48462095738517408 0.036787156616213963 -0.094576234637448381
v -0.424449732328402 0.13428827527973791 0.52366463352825798
v -0.50746189413628995 0.13870936507285589 0.54787142230926789
v -0.20281633916829533 0.07485657681688479 0.092374941861638304
v -0.21874400195994373 0.044663288675726151 -0.21062948013561394
v -0.29095584320139078 0.033338772967576168 0.56621269957786025
v -0.30637750222355015 0.30797754165453156 -0.16797331592006629
v -0.44791899628739584 0.030363822254780026 0.13458170150869908
v -0.32186282902935076 0.28025116023732455 -0.1036525002046778
v -0.31983854370387227 0.040663000264554848 -0.14257996116570917
v -0.3084926575080566 0.04384792046327133 0.32656947667228675
v -0.37926377851995502 0.15776416279291938 0.50272666431722468
v -0.29143873374998069 0.063549591564692018 0.33015395208696896
v -0.31516932475177661 0.19233020935370915 0.50630550567462107
v -0.2747582523006416 0.051439711842332626 0.63449425090309441
v -0.52448561540046579 0.16966106472466169 0.28673097921054391
v -0.086063871521140839 0.29162671197088447 0.64264710679468007
v 0.044362313735982289 0.1062008615965214 -0.18975507976041223
v 0.12274243910288778 0.029709869742391995 -0.13158736995418693
v 0.1695474827017904 0.2190256728647442 0.58539476245057942
v 0.11470481663142765 0.055615597888050532 0.37076345195955523
v 0.13485803314416248 0.22874805925205105 0.61490634223115337
v -0.060527233581110146 0.074978881645576062 0.4399406316682456
v -0.055944052150815715 0.34531835490212176 0.65732798526115943
v -0.033584263801552043 0.21877121050337814 -0.26105363060983039
v 0.12049051024724849 0.023850271398549578 0.28992749142092911
v 0.0050663070217382812 0.081846244396650475 -0.051728515263830911
v 0.11835735897557018 0.023033880088651603 0.068328202475499908
v 0.05540333439133422 0.043532810546097138 -0.089239846098994838
v -0.10180673489305384 0.34862484344559053 0.6413938874862477
v 0.046245573295315097 0.07207638913637418 -0.069166093326148176
v -0.0048677616259013108 0.32638426530033082 -0.28927686641041206
v -0.11583647585877418 0.34726373493405338 -0.30790991813597018
v 0.1911655723808153 0.29115827381432724 0.58706863811072196
v 0.054443766233034374 0.25253506529019826 0.63242393722110679
v 0.13259184259613996 0.18063221034304527 -0.22263592907716248
v 0.11041362809725894 0.043171176667216149 0.53683877742817088
v -0.14241755580617727 0.2231003093825859 -0.26712821918555746
v 0.23120943863559376 0.058594048532085163 0.48972789957618712
v 0.18172156292115138 0.26481706235031249 0.58825469978328226
v 0.068605369419660445 0.32253485695442285 -0.26299008920614497
v 0.16996524177625053 0.26327317689381524 -0.24050813371284793
v 0.057831776708121396 0.0238323234516848 0.25776819738126344
v 0.15077780597294485 0.16355272287618203 -0.20136033444756887
v 0.11088685453173398 0.042402674502395925 -0.17125696472675811
v 0.010033105842100501 0.056084140301264823 0.26960557252064377
v 0.19642308654476784 0.023873224735214613 0.066192958942825897
v 0.13809670567275104 0.022389072558456454 0.50027773672171083
v 0.14060939431632069 0.36816982386237529 -0.25697615145757441
v 0.19757582253981873 0.20139073430990934 0.55212076998171944
v 0.12573635875189396 0.027848992885959344 -0.057505089676644208
v 0.21248456312104766 0.088217368585380748 -0.11074947946890989
v 0.10018232551295274 0.029791044005229434 0.0056131934575881868
v 0.19291803144153885 0.023999562670431733 0.32616303124087398
v 0.24295784682587815 0.1412929958328927 -0.11970480720208636
v 0.19330874392887035 0.096386253909803266 0.52482158948484481
v -0.019065655546320906 0.35980683379469242 -0.29289972127731118
v 0.03943195365897318 0.073748585977553668 0.4005963871268492
v 0.095559600862551525 0.27228533256156218 0.6331019334791933
v 0.37071834781611723 0.12317221109889696 -0.002848941873331933
v 0.46221106205493151 0.37647541328316192 0.029299738507815372
v 0.45877564308537677 0.19492829350225066 -0.021211464898365548
v 0.29867247045130535 0.70385391088283511 0.52102989821975521
v -0.65897217636590621 0.60249785246629217 0.5640889166818136
v -0.88949987617983473 0.57659511639165395 0.14196824738856653
v -0.74617071420392966 0.494761038911463 -0.037731442359804565
v -0.71965046341644479 0.47678959469012111 0.48803519190133576
v -0.83187560916602199 0.86392393867430084 0.10671434475751911
v -0.75824014853027955 0.67983857806730708 -0.052816257339931429
v -0.88946013795301027 0.88424206630036506 0.40515755373747481
v -0.67413553374168222 1.1994772913847751 -0.036265959303566929
v -0.85050936935257238 1.0682325212122916 0.084986718085356946
v -0.72840958010296264 1.1101303036775405 0.63538570705304831
v -0.89255868793995763 1.1140475487064296 0.39082410273797114
v -0.83244467558067892 0.54132614510555621 0.04299124561362145
v -0.79680653324812678 0.57872501109558794 -0.023274241024087757
v -0.78806051715307313 1.1740464160841206 0.58801681097573877
v -0.60870187160643818 0.10459384895839811 0.55395842054599964
v -0.6598817425087965 0.72806079604794538 -0.081630794539106891
v -0.92975953855009086 1.0695791920890421 0.23249912934291916
v -0.72803181320216837 0.039935348486668347 0.12401971836796356
v -0.85354295637293898 0.61136148772420207 0.048364283724772895
v -0.84545856963642896 0.48587772842494448 0.26094155398574415
v -0.87789140934343213 0.92511092378182169 0.60472897907659406
v -0.88181423988864793 0.72494057510833765 0.11916192610439358
v -0.9235012480786734 0.99957029602622816 0.53757618358753279
v -0.77540195587450778 1.0690758883298561 0.036553272639976354
v -0.94851561758523817 1.0079289004072207 0.36378465134643523
v -0.8842447874194842 0.54014805008439959 0.21046614177207787
v 0.21957760826449155 0.77921510224190438 -0.11465472905615995
v -0.39809721301781359 0.069505622724672644 -0.028103581414105901
v -0.32344684546415964 0.033538852194679288 0.49314191924081763
v -0.27950800266110309 0.22230290320390306 -0.19789221864386553
v -0.26704515190115891 0.062821515461519095 0.23456620665279532
v -0.44859969973221187 0.13648071949033649 -0.14322275507575838
v -0.52249949508083049 0.20332267656513547 0.3079402671739962
v -0.36531329474800134 0.26941069958060981 -0.031009231252357071
v -0.40270191949599105 0.24802448493556614 0.49933753961618332
v -0.39458321215387038 0.048103162041873669 -0.081387013544491349
v -0.33674493886465273 0.033473773319581374 0.47398869064609056
v -0.30291639596928011 0.037726710845400163 -0.21938868340262821
v -0.52814086080152922 0.23631596418838269 0.34799182404684248
v -0.4103155041870527 0.12307919907716736 0.52600371073196728
v -0.40116066168299863 0.041680489411085347 -0.22434385074404023
v -0.36715966026515739 0.31902866872769747 0.51522592785368593
v -0.50227108424193923 0.18811943972100556 -0.014830667590143322
v -0.31519071487506234 0.28853829001847453 -0.12873440684908494
v -0.31875070427824126 0.073559354642311364 0.08670343465341554
v -0.22909618163049314 0.071381892901089761 0.47860731832170145
v -0.30383205622467302 0.27874540807083642 -0.16133476088272949
v 0.11617715107229321 0.026417831295299048 -0.094192011764355113
v -0.21003351008282825 0.14233501673588617 0.62904786244868438
v -0.26425103902795682 0.25928228249946739 0.46571023839531267
v -0.48310286893166954 0.088832311777066061 0.55662800353837671
v -0.33730381986874347 0.2367689558658288 -0.033710841428192258
v -0.42098820239081008 0.071425589017986402 -0.22698426785997206
v -0.52426574963975092 0.25591303941957161 0.37959590076967886
v -0.35025394350510725 0.039059152266353342 0.55275240628337052
v -0.34001781119756108 0.0392522971945422 0.41938664212987337
v -0.35069569396313571 0.031420805041399838 0.31192902560211716
v -0.29239433939388459 0.26989554034727042 0.46614780814827383
v -0.29909515265199987 0.059853156498117351 0.61818364293582651
v -0.47914519884554235 0.045159000143676624 -0.14396604033947941
v -0.47542342467579851 0.21288428390625558 0.47718213771030338
v 0.11791615502154078 0.026770518636302615 0.26903828961545351
v -0.37721182050849678 0.039496513824273077 -0.12249382611005588
v -0.38510496570325947 0.092935965836998938 0.52314054899093221
v -0.23902797569112544 0.19690962928063882 0.5485833779715602
v -0.33809472943225632 0.12896245606739729 0.55908398648273228
v -0.45101731994308725 0.031691895374881644 0.14521270969722835
v -0.31839712216710608 0.10131234821715904 0.60549302784273407
v -0.45534504491028338 0.11072299168720662 0.54490858120148578
v -0.36946355897947919 0.038211285647199264 0.52709166257224882
v -0.38584996138656064 0.040850773824022205 0.34399889046404059
v -0.28997845248546106 0.15962035387613319 -0.21577012407686186
v -0.31322417739868552 0.30193488006449332 -0.13746621641579615
v -0.18372216005486267 0.19600957696256474 0.55770887283572268
v -0.34536363222570077 0.049831351907665772 -0.24575509027927586
v -0.49490294100757065 0.042639123577720865 -0.080038494163224838
v 0.0030468885117203347 0.065534081833012764 0.27739525710128327
v 0.10108687663438912 0.3625010245310451 0.64884537105516071
v -0.050963073059019127 0.37045701617619553 0.65674001252341463
v 0.0078457703342476124 0.038880639472040374 0.56086660256568976
v 0.17755276894204308 0.10858364287815549 -0.17727011882282229
v 0.0011322905294200876 0.081102621945443931 -0.016417497502923657
v 0.11153540489528606 0.028407195125784625 -0.079994498752052973
v 0.19095840304303868 0.34608419863183049 -0.2393191677682879
v 0.2226191358681826 0.21541791648964626 -0.20940977079401518
v 0.084530880376791975 0.35630281752494292 -0.27214615851557539
v 0.04417216902752303 0.040545538224764942 0.2935262310937849
v 0.0029229163869259655 0.19354348311198152 0.62432227942477092
v 0.19080082630560585 0.069887254938466856 0.52123223960600962
v -0.062012716894858676 0.069670658728235385 0.30428944756698734
v 0.013748189067549165 0.030622187425385122 0.20018230543527296
v 0.23851648434393907 0.070482990173312735 0.49500366487018566
v -0.077466846167821582 0.075047732188516833 0.43963523519186676
v 0.062490030491154917 0.071603830608598831 -0.05635586401301567
v 0.00011854109761093414 0.043832246127325121 0.22043970197088694
v 0.029285514725265964 0.029108539841170886 0.54271070544400168
v -0.039558494180268119 0.072027276016026848 0.57647418235903536
v 0.054016734713092894 0.025223466057727531 0.16771588071159149
v 0.13684017691644115 0.065963788471359683 -0.17265175790436038
v 0.14972219669809939 0.19026612841015508 0.58295338706696709
v 0.070745165896911225 0.31083659298373895 -0.2577242175724781
v 0.076415917430674302 0.033732830510619878 0.54040029107390208
v 0.12671352500456928 0.20633305454563725 -0.2323240254158736
v 0.17947461058156189 0.031542304511808616 -0.034683072058766487
v 0.0099224999107048722 0.30436837068061634 0.65643319680781864
v 0.12365989011124366 0.31088863848272513 -0.24760423856347744
v 0.026238715250550118 0.2356347996169052 -0.25411430561424608
v 0.056330476734951708 0.12717177632670937 -0.19676203647537294
v -0.082423338600299448 0.13559893322823111 -0.21268914451742024
v 0.20474567811304234 0.15996411417391374 -0.16969721612195748
v -0.092108364952770388 0.27348934354352106 0.6318140319810569
v 0.185211071402615 0.027685263877814399 0.49450685515192744
v 0.033855131048587513 0.08787293202192141 0.55360517894572858
v -0.043337161832187561 0.036515347480740111 0.49676767763884017
v 0.014847072471506264 0.25624836768906373 -0.26587733304565009
v 0.039528439980938877 0.023089698484522282 0.51090416556862916
v 0.21721953157857632 0.035074453447514531 0.2471213191321717
v -0.057782060989880868 0.2582066707161807 0.63368495921518231
v 0.028191675404176747 0.068964142844055831 0.31758869017135727
v 0.20191607744044521 0.31900233688138541 0.59258716796487043
v 0.18024440364687386 0.067328203015535965 -0.14049354576672457
v 0.038541235764085961 0.026425895213454089 0.10687346366904099
v 0.063901937612808893 0.022050207556455346 0.49958167877745246
v 0.40692116238500659 0.17603420874975645 0.38491482446916186
v 0.59326225393819054 0.39879469534108675 0.10577992466401551
v 0.52122484057275531 0.11816575424115112 0.089550479450282175
v 0.3356376317878918 0.34464189306228121 -0.14344565159904776
v 0.55133720582650991 0.40027310388889797 0.28607334318786504
v 0.37813229984460167 0.59875510403986842 -0.12250087379132087
v 0.59371074983027372 0.41224327337911726 0.252686010793577
v 0.51982451190255807 0.20820751923469968 0.37867452428664167
v -0.715732973711524 0.074175047003183794 0.20877563803350982
v -0.65355566583659186 0.90841652582706034 -0.0087392068470161823
v -0.64432190427471547 1.093594847628921 0.56083796721887269
v -0.85506707461434206 0.9161842229235605 0.6165164464463565
v -0.89252771765227223 0.88409735956202462 0.38176737543421729
v -0.61460394575021882 1.0603972693609318 0.52821357842294447
v -0.63084405663178733 0.10263842229935906 0.27128579965126243
v -0.6290543751004003 0.95328005232252022 0.61790201638192754
v -0.63354721417181459 1.0178403103743812 0.59640768937095745
v -0.83774233851146596 0.49610972966981354 0.08978404067598772
v -0.87702428459119786 1.1147888497405067 0.13977379836113391
v -0.58131605035598966 0.21739001685222989 0.17019813933735992
v -0.70856715791580382 0.99859681236674736 0.66242324715393197
v -0.75712965543705224 0.3837402608212972 0.29529315334031053
v -0.87542902884603413 0.97822142874736973 0.085175727977247373
v -0.86526900363826476 0.54092690011736433 0.13597319551842227
v -0.86763897311406957 0.68113010590996104 0.40069522809319708
v -0.62740490186021669 0.67137588548828764 -0.10314798193780918
v -0.7997903716110577 0.88749743386099766 0.60561698458186408
v -0.74729628849381924 0.060213339063292098 0.09952891980641268
v -0.90452630003038792 0.70694533651883862 0.31813995599844114
v -0.69185069823607215 0.35887170936362245 0.061582708748488542
v -0.77073443572410016 0.61159362947801532 0.50603826507592631
v -0.62398362052022038 0.037447944471887616 0.0016068465827714792
v -0.91918552066005887 0.9161792842666352 0.4223783087239219
v -0.68766949615881467 0.14275969624503826 0.076807389851577715
v -0.91161462098378043 0.71644019769421319 0.22136245855272976
v -0.6753460246637174 0.059832583433619038 0.0048816237220691743
v -0.18192457983188773 0.91944901570024307 -0.048144272816577398
v -0.16041933976894476 0.08212234613756228 -0.09362739243654776
v -0.36961331479225262 0.049874089048194493 -0.10719208465869033
v -0.41688362244953331 0.10765646141561916 0.53212189753819916
v -0.4269689727355655 0.030170574214232099 0.13279763278862397
v -0.36821216191477285 0.07799635918393133 0.021733686895113714
v -0.31446611836530358 0.11751737047619212 0.60002455314840142
v -0.27835685135226174 0.03431749088151409 0.60933327226323553
v -0.21558489729429167 0.24502290121979986 -0.25359976478312635
v -0.29702120884864036 0.066294637535291287 0.36281527967693639
v -0.26742591078321315 0.22507512720549003 0.46940067917699629
v -0.33102128354048438 0.079907522961620472 -0.10060478091746619
v -0.30577239675122175 0.039666895097196529 0.28827180733067531
v -0.28480873988753258 0.066463004494660874 0.32018592821746245
v -0.1878414637350469 0.29146819111930239 -0.2911695846644759
v -0.508703762662299 0.21448893431084323 -0.0082182632529805948
v -0.1847958384278133 0.31800939755536572 0.57640845972853338
v -0.27870504088410303 0.075258493748174532 0.11971194153178757
v -0.32731843310156511 0.13446206258863824 0.56507537483191994
v -0.29839160905511725 0.076754681869061855 0.091584460527033687
v -0.25857830323346026 0.044379723972058895 -0.13778124826451407
v -0.50805616054663716 0.035583627341227983 0.15945441323600557
v -0.21329076965033586 0.20395575869506452 0.53555203889142255
v -0.33031495327132482 0.2053738248730218 -0.097523995942077266
v -0.29036769066947965 0.21488620212442422 0.47085104731172533
v -0.5173371189692948 0.17769016830376791 0.27439462401371356
v -0.5337783576370001 0.20090405891256488 0.3436681712839697
v -0.34705649665804367 0.034090718661456791 -0.1572455523479265
v -0.41587806044073661 0.039049489676781797 -0.21644510911737691
v -0.26760589509930133 0.19860955633587313 -0.20375264878756311
v -0.45124047680392332 0.31973275185308525 0.49131667904641541
v -0.27225987186579675 0.26692564859939921 -0.220623577975677
v -0.25318939918712774 0.21513870964794349 0.49343230102342212
v -0.34509988818230108 0.081686893362522134 0.0073621552156812988
v -0.44558607501297526 0.036072759608952856 -0.17828904775163315
v -0.39903814365934559 0.041854218867309063 0.17714917312613054
v -0.27607034636176225 0.37791561105267846 -0.26390441067871911
v -0.34881910202837291 0.19283198065270218 0.48592794368969094
v -0.25568204565227731 0.34737160655915716 -0.27114752167983297
v -0.50159879352572745 0.34007894016692281 0.44755462163756587
v -0.30288537609492627 0.1890233923532901 -0.181630709315524
v -0.43211824764486029 0.041681129459984895 0.53025606093521138
v -0.35110037149094658 0.12677857977815607 0.55042207127095388
v 0.033747575105004667 0.024431001416029611 0.17531768834008693
v 0.14141614679104106 0.31311220063564321 0.63072303919475881
v 0.034159824228084619 0.25086136054263891 -0.25827018692759174
v 0.20563731517524292 0.35413846837126339 -0.23671216083909263
v 0.17049012552700529 0.074122326821095139 -0.15638185117274359
v 0.0050372352934848815 0.36803920588605216 0.66432574113833076
v 0.024707122290995386 0.15675634262597105 -0.22809782450201974
v 0.19835499671431864 0.3291977397649356 0.59893146634289096
v 0.008661102889315736 0.1587527232441886 0.58555121561621837
v -0.072645929925692562 0.2789961680503249 -0.28172954866715794
v 0.034545628030802043 0.13057742988161611 0.55208363814836869
v 0.11182746915031802 0.027463285837754904 0.0065536614096579123
v 0.035180022887560405 0.17844979856091961 -0.24292215742484868
v 0.017348136019650674 0.31372110609760484 -0.28263343634659593
v 0.048508272422088057 0.030386812616359612 0.46733557024376993
v 0.088895562028343575 0.17117350928860361 0.59996388165499237
v 0.18630434736186419 0.027036925097141923 0.082020647836363481
v -0.079279721132750239 0.27323873159756534 0.63536168446565888
v 0.23067352621459691 0.25633887112744791 -0.21915173648237152
v 0.17554118483458395 0.1125357245549847 0.5274701865096586
v -0.040173893067233742 0.12244886671440271 -0.20083843941400017
v 0.063338694465725889 0.22454584095155006 -0.25164254669425684
v -0.059568926355716922 0.077388457656411697 0.054258754132983936
v -0.050979590886695396 0.17963886869142762 0.60141127394003913
v -0.065909833994202791 0.071446067019940482 -0.094677183452743299
v -0.070189506112086714 0.12746965130584184 -0.20523229679794203
v 0.11586206287952783 0.23326511419171617 -0.2471738701843085
v 0.17032764747283116 0.024358971876057508 0.29049359819076037
v 0.15634692067946704 0.2006064231628612 -0.2205620123461712
v 0.116752868810202 0.12305894073831899 -0.1991750518539076
v 0.033191334647799525 0.34510150138059514 0.66374334655404876
v 0.019074518881293353 0.1337810352977567 -0.20182396204921735
v 0.12273565532127735 0.35138008294186607 -0.25955012103988512
v -0.023742799786106751 0.025769119283640854 0.54717809588381328
v 0.083748623736864883 0.067799829173193729 0.35547017208282133
v 0.18129329942561229 0.022371588784289485 0.42373635682471728
v 0.052462780900391102 0.092290374005090228 0.54863225374758806
v 0.00029060832483302656 0.042874529544620205 0.15381287712667099
v -0.038973954318732087 0.16198893117463434 -0.24092356909546886
v -0.03276295689750286 0.030944312963411595 -0.15533317860489737
v 0.00047096706131834507 0.23382885032170012 0.6396102871430549
v 0.11390645119561545 0.20054803671322571 0.6072738331655636
v -0.076692856668847662 0.082175498244558179 -0.20368516371565154
v -0.068769468728257538 0.031835427907502364 0.57430369056817876
v 0.34568520215910892 0.287149127811829 -0.11698061795817502
v 0.28504944539410582 0.20369380141262058 -0.1582499965305407
v 0.30368043031261616 0.23434315114116147 -0.14139837706664629
v 0.57068755655188763 0.41960651441925612 0.15037821410228122
v 0.38591154431597785 0.60898402003190732 0.49496663041128974
v 0.38192803755449023 0.18255782354915315 0.38775669718883432
v 0.40629859392079409 0.60768611945482387 -0.090413717687481909
v -0.63011312483705462 1.090374621657701 0.53127112942137644
v -0.70173349331241319 0.75227018706042603 -0.058988571326169595
v -0.7378127614837845 0.060088417035949547 0.076463650100844119
v -0.81444180063811633 1.0370224670730197 0.65506288373471466
v -0.57335008918855368 0.28854175973195434 0.041361015864579936
v -0.91491098701484486 0.64143210679976859 0.22446096007604741
v -0.88424002412974922 1.1536926082816914 0.21742416921009081
v -0.65744349606728192 0.62265257487288939 0.56290671217240495
v -0.93738277831993699 1.0382484458159862 0.23490341975731505
v -0.68620426518797528 0.5521652158328646 -0.093796827959774398
v -0.65473175250014404 0.13255160941968971 0.40901303310455461
v -0.90652718768627816 0.65875348113677712 0.18981066368419994
v -0.64196813015674103 0.043600546730510878 0.32330500987810129
v -0.88786358780401364 1.1234582150642713 0.40105919544402918
v -0.63654927939932093 0.078176227993779934 0.31941679548576479
v -0.72283803989238338 0.11806127957497989 0.086110262573329044
v -0.72333639477451794 0.98959094239609735 0.014659698974764315
v -0.91062191799029446 1.1132212618081847 0.27967702522433674
v -0.87390481021482314 0.72123752485990023 0.38427816442944424
v -0.73879707831210717 0.35801910816840238 0.29152293534894869
v -0.66629553549609211 0.12075048358446167 0.44815771707632424
v -0.67942593682124119 0.066289293722270784 0.46981515676394425
v -0.69576773817084514 1.048953485108308 0.63944958765645554
v -0.84315755617320443 1.0035745107508769 0.064656055035950608
v -0.60228218930825583 0.3887755247850157 -0.015422656667207563
v -0.68305311593817519 0.073490067890754573 0.42081252731334318
v -0.7918049509873204 0.6037379521120565 -0.034712983804191452
v -0.72169054243931019 1.198000092829882 -0.010853465755373756
v -0.87977363430593236 0.55425086579926253 0.1703919876280259
v -0.65394909570806503 0.051720808962135212 0.5199639640246464
v -0.65491437034206756 0.54930313345469794 0.55542619395074966
v -0.90853223684317275 0.89042745379617583 0.17813622063010351
v -0.66373869708597555 1.2097963007622159 -0.064481139405971541
v -0.90174009826733204 0.60764445145757739 0.2603490175255091
v -0.34927029233732187 0.029963422969073214 0.21967917971129511
v -0.39565379074981361 0.072880426410312962 0.52681389756181307
v -0.25758376708981784 0.070205187321904144 0.18649224114118401
v -0.41577179964534827 0.037868068757089278 -0.084792621779219743
v -0.31036731723770544 0.080670391119687004 -0.018777327823417206
v -0.4254800330728789 0.04308916337597099 -0.0071390938949968509
v -0.49755615332424269 0.31644473950472973 0.4428781216913294
v -0.22828998878240256 0.074877557196179625 -0.11574084584784068
v -0.27881271089278725 0.15016921354567353 0.59754151056647153
v -0.43806929765839764 0.031445846040171248 0.097676073061259833
v -0.2766622208991904 0.074554986609458529 -0.11814749695774475
v -0.3908801632268768 0.1029074168923632 0.51889828251270254
v -0.29102595624941563 0.25213133525284592 0.46174544817902813
v -0.4141834705574523 0.11996783919417851 -0.20384528686340303
v -0.48468570366796615 0.036417547525538087 0.45124504424203271
v -0.50445882728672187 0.088052347505849449 -0.046600144641022558
v -0.43725888493047282 0.15622665514274214 0.51470528730518206
v -0.4669534759996673 0.11432031875572031 -0.13755418466839511
v -0.45714283489455654 0.25695111183150859 0.48374608845254047
v -0.18954185910909505 0.20717784044002391 0.55261582509188956
v -0.3234428378238105 0.036753926309813119 0.57750041387018325
v -0.4751055819564467 0.20362614925951533 0.48101682942217067
v -0.48213052916696436 0.036081445512117706 -0.083319909622740856
v -0.2499311646401077 0.069423993831455713 0.23329808932677371
v -0.49914981471324643 0.21425289884974838 0.45658863131151506
v -0.29503966824831374 0.047275365005266239 0.20441195406795648
v -0.49477906213918343 0.23518718019101706 -0.014841245866648265
v -0.52923660053409394 0.29222524722463977 0.37051309909863978
v -0.37516234678289967 0.051676165484771656 -0.24041086064893852
v -0.42167561275136622 0.18961534998447543 -0.043090726164443129
v -0.51906002518492533 0.23883444939609985 0.40638270337182625
v -0.37837670163591586 0.11107163442232111 0.52376897343416307
v -0.23146441900261774 0.3645535861327151 -0.29749052509713014
v -0.39592815077687737 0.037499330008324561 -0.2212047819080763
v -0.25477645603667581 0.03250727968362372 -0.15922005835310396
v -0.2168141591534406 0.09950692514180498 0.64262070133580629
v -0.35946766525109936 0.089814425192592709 0.55812924086172433
v -0.41546596530402025 0.038674498248760618 0.34164613904149632
v -0.31977332624916799 0.20482206088859106 0.47740434517531888
v -0.30592907400829783 0.033811469517359527 -0.15844884856491215
v -0.49257961077835116 0.070678773410045054 0.56592660691934638
v -0.38172595898661099 0.20961950742101337 -0.035225321365695145
v -0.25315658590864781 0.076828555853255445 0.064370532153253918
v 0.14090502604291141 0.32455980312659993 0.6351116540552314
v 0.034696261456604552 0.027704020265736658 0.47879142588742873
v 0.050545112988778493 0.11119958512502194 0.54576693505462082
v 0.10275389045531715 0.23514333313468755 -0.25152323038451618
v 0.057212167993162533 0.072920138272443577 -0.19059758873930738
v -0.01113385749315862 0.072482331923618526 0.38907284818250321
v 0.029200984427646026 0.036828219223577499 -0.17850106854516964
v 0.16718969004019865 0.23660271742050229 -0.23576578658162117
v 7.1984494304174965e-05 0.069493494840440526 0.30272943314416412
v 0.01436703582054496 0.051996849832216301 0.45595706556238447
v -0.063248592909209783 0.06040583918514357 -0.1976161520454931
v 0.054192528653852261 0.31126359269633752 0.66310570863401164
v -0.013790854599031054 0.071822824106029651 -0.08756080004008461
v 0.09963306751965946 0.069651093935244157 0.38644969496677684
v -0.031032833208603856 0.041547408993910274 0.57528846716179216
v 0.10419936151498631 0.12516833902447241 -0.19964327213467417
v 0.13442077852795695 0.13588887371868916 0.54075560755851926
v 0.07947259524344126 0.092635794528944812 -0.18548667007449696
v -0.042944607908302339 0.069251477769198835 0.26502977687956503
v -0.038959778090876626 0.17920991086864063 -0.24945514676039465
v 0.026035807304597331 0.026081984523746545 0.19539475246670962
v 0.14179255278876321 0.30946045374506831 -0.24359958530548251
v -0.02098759387205771 0.20356829019296571 0.62509352523142647
v 0.070568194290287781 0.051124982789694337 -0.18444590212464382
v 0.088300831043040637 0.12493021895401818 0.54747736083795806
v 0.0049566439706055475 0.038174111823922198 -0.18084055091908791
v 0.012335484403078337 0.29454314461629566 -0.27903492828603343
v -0.10542474036606966 0.076837214279740274 0.056790099538739001
v -0.071056439053920034 0.25177925714568311 -0.27650975738965528
v -0.026618943406342226 0.32118367535665576 -0.29442667508564324
v -0.04000726150981293 0.30723471364313371 0.65933269521794646
v 0.22127772357278067 0.045679249381930659 0.016108678412671142
v 0.20810727126897063 0.024041416142646058 0.28108469170618344
v 0.10728767229354322 0.031248025239072729 0.09625698072960337
v 0.026072409414275553 0.26347076974421296 -0.26714628391003287
v 0.22575915118747053 0.23018903041440539 -0.21683237738040406
v -0.086347654950663127 0.34962462530305688 0.64882498456387416
v 0.1935348989362089 0.030960789612506111 0.014945416248282054
v 0.1305794887085501 0.040634412354542696 0.37875248011365664
v -0.020592033796339768 0.077888442126563789 0.046611747311744348
v 0.045482435372425391 0.17093632639697265 -0.23492862247104143
v 0.31525283803260612 0.51266003388818659 0.55175413496337145
v 0.44875738753331229 0.70593913878180437 0.35106095680124683
v 0.29695406784560868 0.48498497907710647 -0.18286998954654662
v 0.35906055465117165 0.22840057319951873 0.45243807086668958
v 0.39254388067985391 0.33881079510901019 0.46704200039554439
v 0.65002810538352085 0.31186052604105352 0.24930627611359293
v 0.33706923667445238 0.5334434675215084 -0.14746457563610027
v 0.38407562648338089 0.28439084632068345 -0.071374413942927761
v 0.62320569565396855 0.28250695018308802 0.074236855901811172
v 0.30758530944177009 0.62507330359586588 -0.15860797655375425
v 0.5944339132577291 0.36693209016494138 0.31400720568690621
v 0.46679049618358359 0.62829032349134195 0.012779983678619022
v 0.28998042975024385 0.29616572951544462 0.53066067526401928
v -0.67843356815937716 0.076946471287851065 0.39440524919632458
v -0.93470735646590886 1.0225573351506907 0.21368707558918712
v -0.77241944768892223 0.39265569840074982 0.2647104419944119
v -0.77926366804507952 0.94555861341088399 0.64347707567389079
v -0.70228490421312428 1.213696096440628 -0.087805825602444737
v -0.62387818170511389 1.1350488684746447 0.027891554971395775
v -0.61043665684302506 0.30208946195634384 0.14118026285726207
v -0.73884637195614777 1.1907505766463855 0.029038250619183293
v -0.8939578814548016 0.8830123513998096 0.17027872234993782
v -0.61092395685561007 0.13270836645693423 0.54266753362924347
v -0.62095936352437708 0.37292482249515646 0.0093967228046272309
v -0.88508736852527337 1.1528509329310712 0.50600771434148373
v -0.77114495567116537 1.0462376718655126 0.027227737498716972
v -0.59424967277530327 0.66164335645115135 -0.12628796272893791
v -0.7584758058945128 0.54775617964852652 -0.05512133159050879
v -0.64793271105228945 1.2132996982951265 -0.059135668801442928
v -0.64029651949028821 0.68831957479900185 0.54697513950258703
v -0.63777122486535587 0.15775935931662005 0.43717954222028549
v -0.81160077236322514 0.72179263614877676 0.011995979233539572
v -0.82521556714829558 1.0853100865735026 0.074088199598677351
v -0.94629381409512625 0.96962417784662513 0.38021838319431417
v -0.73465168141364334 0.043185071119187644 0.08503246856033593
v -0.70772782514184363 0.13557442716731113 0.087904016033331436
v -0.8942705778970772 0.87077217449230016 0.457886790158132
v -0.88950378813780651 0.85075194691464617 0.25460690481180925
v -0.88312215086992429 0.58854803647494824 0.10834382998931562
v -0.84731748035092214 0.66332984506158776 0.030205564747121275
v -0.84150594114363886 0.53405238216934503 0.40350474226329042
v -0.92990171707054226 0.94648098790437929 0.40292121024257926
v -0.86846048280276444 0.50982493796752193 0.25054424724219498
v -0.68551767388295737 0.078611550064570435 0.24554791647815213
v -0.92110162912830662 1.0706433369161295 0.19768612015816728
v -0.86124766881018455 0.55637600334683401 0.081415822501831867
v -0.65660852444927431 0.042673693877992358 0.48410470894090502
v -0.74014811073182651 0.88443127212891715 0.025567170218949154
v -0.41233410851301538 0.030795038030307944 0.11020153120247606
v -0.20542000116530773 0.34301639153086516 -0.30203821828593758
v -0.49964947904275792 0.096494372153879196 -0.042927514122659098
v -0.50967670592478254 0.21063321954254935 0.25707582402097379
v -0.24377277975784029 0.031746808298063124 0.57753375341250968
v -0.43909451539605965 0.17180125756268175 0.50511243560585839
v -0.46262121340284423 0.091953436219570292 -0.16131630646766112
v -0.52342221419430612 0.19825985620787551 0.44646788119725683
v -0.37684064460717848 0.053550619667747185 0.53792315637571353
v -0.30073565940752134 0.13027584007283774 -0.23366656942151609
v -0.23855363981800612 0.30614841669849968 -0.26997197078707097
v -0.50475795769440379 0.039976987064896177 -0.063069388462450041
v -0.34373023787040174 0.27837335166459265 0.49208307114441258
v -0.325224428752662 0.25606431181554989 -0.07276539588714491
v -0.52429995059123291 0.32264616570993804 0.40523219399010169
v -0.38822140994946847 0.048430448651316772 0.20627226818128339
v -0.37494466297754042 0.073760909697861934 0.02486713614721843
v -0.42966072629558244 0.035696966109364597 -0.078239999270862601
v -0.48867807706978011 0.070468567849038044 -0.11339928433843786
v -0.248794806059737 0.14615997164745664 0.60836817974124757
v -0.5130514040117865 0.21699238051711695 0.28319986281071524
v -0.53341433832580654 0.20921588351115961 0.3761721928875173
v -0.233129827345989 0.060942041700969979 0.64427082797703061
v -0.45693549154126772 0.13342672833690092 -0.1211657607712589
v -0.26900643553734499 0.17444959267986765 0.57611542693958517
v -0.4368535326640503 0.19876228402122215 0.49466224848583701
v -0.36154723431948793 0.032391379403762341 0.43973032868108913
v -0.41536631476825547 0.040055351605233776 0.061334636968132822
v -0.27961042535335545 0.077745513896725529 0.06213425985454616
v -0.35683194688827957 0.081775883675721958 -0.24360236962526349
v -0.23557652387314712 0.030964530182337118 -0.16258632413802337
v -0.40721954743008515 0.035601431688003025 0.35374991669530553
v -0.41221899167247839 0.27339671057689907 0.50413895725866864
v -0.44624050377676172 0.037126212183237833 0.52137636645180008
v -0.27203010207044165 0.034775203420408692 0.53499735651611413
v -0.37798595366062815 0.11037056329587822 -0.23291429367723054
v -0.49294964510564138 0.046276383799353893 0.17063586050839422
v -0.23025527583156916 0.21907453387569201 0.51017750375940174
v -0.3267855064577459 0.12003914691450741 0.58568999448283865
v -0.23983263300173266 0.07616818207421909 0.091491752141183699
v -0.2723298773982073 0.12138287658509882 -0.23195501017684925
v -0.45712567178799346 0.16542736579506384 -0.040240525536255213
v -0.4033106378589037 0.049209253555857695 -0.063576145940355253
v -0.46341623542161725 0.036476546022634955 0.40319884864437522
v -0.240901355387209 0.070637077538559745 0.19766379435583159
v -0.33325690818948273 0.028943417067261851 0.19606820569670952
v -0.3840362984556927 0.031617715112487628 0.12635854731207388
v -0.33729078365926746 0.033126584883627595 -0.16927149335785352
v -0.51024507052676715 0.35826638407557848 0.45768159375837691
v -0.32373502272146532 0.037156903973300764 -0.14835785207727964
v -0.38839602844189342 0.036523220874959864 0.5117977337388846
v -0.24335993856583241 0.20616222607697546 0.51897476437317203
v -0.4175825688680519 0.33389739963125914 0.51436810691979407
v -0.21629126317613315 0.2002450325325309 -0.23642916909250927
v 0.12165059664396384 0.096811100523378907 -0.18584358261054462
v 0.14622888954937302 0.23955877972517606 -0.23987044268671426
v 0.0069242219769302784 0.31571637432014615 -0.28574241243947451
v 0.011048948436294276 0.038563911928050101 0.24140100451134883
v 0.019606463696722008 0.33143450420563014 0.66522106663320046
v -0.029914504542926313 0.082820447171454731 -0.066201608361548286
v 0.042919303854656386 0.02240771157796612 0.18618186440729467
v -0.028218753677921055 0.35416037964937225 -0.29520522226940954
v -0.012224049801414732 0.12217346952753107 -0.19623778788863336
v 0.10556917232369917 0.060569619986760574 0.53731651649080236
v 0.10541606217950554 0.023086250361584057 0.45771484670213886
v -0.05681278465990084 0.099840762714832207 0.58352498733621061
v 0.058169140764471244 0.029444204619631306 0.53815011954702885
v 0.088879440945488233 0.027313447600854544 -0.10943131249622626
v 0.13931851480876786 0.29152007649961109 0.61738000950520155
v -0.0046976970136964405 0.26921462777224742 0.63364393169693012
v -0.074279738350259888 0.24890644804826384 0.62555940203114546
v 0.15518740019492694 0.33348907433993358 -0.2500671179639451
v 0.040342435051260443 0.023431451080677061 0.49144894703316061
v -0.0044067918871703868 0.068495501643646955 0.5646163361728771
v -0.037588164403880651 0.14612835380843578 0.56523425024335416
v 0.11772555043615732 0.021340565971902599 0.49923983420255258
v -0.10873864285541503 0.32264657510710626 -0.29964193521361893
v 0.22913053693203936 0.13611849828041214 -0.13198460323478642
v 0.18649024958648514 0.034760021044477216 0.16515142245210543
v 0.065015166463692278 0.043733792356489484 -0.18040576023437124
v 0.05097625486050382 0.074095022097449434 0.0085128108650003222
v -0.0073376679867238701 0.2811233094564331 0.63722508583434823
v 0.20403822882791747 0.12540317394780987 -0.17023960143943298
v 0.04750130571536474 0.023099935723665838 0.1464035647727723
v -0.047350505163580102 0.071820569415020422 0.16781901663601376
v 0.10766623676121899 0.12275719845911927 0.5402351160342822
v -0.0091738009745829675 0.072156149421705035 0.099892951394694174
v 0.16893741598390546 0.091614767621533949 0.52954542947382255
v 0.012447039012932036 0.07421128516261484 0.4197234599009439
v 0.0002232100111445688 0.24056422565526903 -0.25616491519282725
v 0.022235905188877574 0.071589189921154442 0.34734983290400889
v 0.087750771209118228 0.030066613268413461 0.022151920664077899
v -0.062214368669171842 0.095568839316950274 -0.20474660504871683
v 0.10157492335283252 0.038023897850995914 0.33926353168098938
v 0.079263327876647263 0.21357039422034996 0.62667389060111345
v -0.10135152489426855 0.16377295085486393 0.57526826952138965
v -0.12959136167259716 0.17064412320685257 0.57425870430621728
v 0.17936364698867244 0.098778934606235255 -0.16966958775046606
v 0.043315587350379992 0.20838033665794051 0.62532022512512186
v -0.019506987087774458 0.029186280811594023 0.55665695260098758
v 0.09373294251026619 0.02835108629341666 0.31560198027623165
v 0.64732958965831222 0.27333807624950485 0.24437570269075043
v 0.31701203049608745 0.084399349966956 0.37216787735465739
v 0.40705485309170003 0.056209814829446411 0.24047864253386667
v 0.44910605937013837 0.64493028888445048 -0.014906084221849593
v 0.31360471730996864 0.14825260990932104 -0.019494887200090384
v 0.57632701941048126 0.25447205130227923 0.023931721297222788
v 0.58948433988262516 0.1619318517369473 0.25600805876001748
v 0.42724367007340613 0.14003926247990825 0.38026842220000245
v 0.43638724342178309 0.64643029498278881 0.41176222577210597
v 0.52846077956769999 0.13194784113199762 0.071661721977318515
v 0.4021754467198998 0.16334056415473405 -0.014846582144665429
v 0.65478662787426845 0.27850667871718021 0.16684525233232908
v 0.35137505513937894 0.6563612392461976 0.50567599581086453
v 0.57906444407809288 0.20331760254533504 0.32556618483047028
v 0.35252076382490366 0.099999840240497226 0.35546064995355631
v 0.28874076239450697 0.14211452123495844 -0.047055846064607977
v 0.50213896561320848 0.092081845353111411 0.15411618140263847
v 0.44680031447431789 0.57275548038139501 -0.051589999962190262
v -0.59726724340878179 0.2971892679263472 0.12581765795062735
v -0.63288274893858365 1.1892930709696883 0.018927910723307892
v -0.85472485795120734 0.53768067794388019 0.3646860849835678
v -0.80317725070391344 0.58943380782983834 0.47342325581590083
v -0.92140401851261822 1.0640695226715184 0.40110685870939827
v -0.7990925216248066 1.1283253455408353 0.61856356329692919
v -0.60242027124892528 0.06757059787922301 -0.025466551833411216
v -0.77797534863741924 0.48273454156753726 0.0061627887429700507
v -0.62630496873073416 0.034461653893835924 0.084625889633379692
v -0.87602429011694938 0.52073504764126999 0.20868961282651857
v -0.6419603915384765 1.2047789488561917 -0.029709792444694905
v -0.88690787897098611 0.56925755731471894 0.25465398236856879
v -0.73552484747388625 0.099192632116690105 0.08865030214746164
v -0.76467405759482332 0.58560217824684646 0.50581986170490645
v -0.85338952076087571 1.1233169213154548 0.57811266762194258
v -0.68287042739456383 0.74624611827686982 0.52335495619158945
v -0.69660978427857978 0.15143725218494644 0.16716621996121406
v -0.75575336411768956 0.38386836994471768 0.11745469471694821
v -0.58750034704841381 0.32522669059444237 0.049060442142927756
v -0.81747086321282192 0.89920367677060975 0.074773003198498111
v -0.65450322095911073 0.043043451718260538 0.35289244779258638
v -0.68823773067167038 0.34791674160049274 0.076850796537330873
v -0.92094204874446561 0.91634736251587912 0.3905031974470467
v -0.89213305644961194 0.86424234303364011 0.48740346237299387
v -0.74094691257959 0.10719617856831963 0.1617427381191075
v -0.8980224967988486 0.93554484933592141 0.59023034078997771
v -0.94840047324102383 0.92873762277550387 0.30281300711173775
v -0.65237531495238843 0.39371485790019428 -0.0036878270045058816
v -0.66319003567650192 0.12065109210062118 0.019313303439743818
v -0.67575755602055965 0.11913459694015713 0.22451340383840496
v -0.59764589574595772 0.19613766981417061 0.083000643620459946
v -0.80354500357699432 0.49528525123827988 0.026724056004313768
v -0.92352079124062847 0.88738107682628153 0.3249141484973323
v -0.65074966303800141 0.16413072865927011 0.18143928214730581
v -0.62428933455138769 0.71266147278220937 0.54246414782846553
v -0.90450538325141827 0.61764347716149104 0.31288539103639301
v -0.66312834333280013 0.56033704603383827 -0.10426345758736114
v -0.77908505112813864 0.97804745590729047 0.65072607073501454
v -0.60822946325789107 0.16384678263773181 0.50932989292149744
v -0.13372710038663574 0.68409651063906396 -0.26400337834070781
v -0.20715272231265755 0.045645284668821194 0.63613406304452469
v -0.50011420492725822 0.34117352245667237 -0.042421372079048988
v -0.39591809469181904 0.042691607382942809 0.52275076894073802
v -0.27006832230661593 0.11808003958274316 0.61855739066594129
v -0.41385508563924911 0.0379639405216185 0.51193635083007105
v -0.29810065585693596 0.067277328101356754 0.37852050109149366
v -0.39744311105513713 0.033548719129613123 0.45907450377945885
v -0.44019637835372544 0.036494382810523654 -0.027750752675795878
v -0.31915523686556263 0.031638814525362505 0.29668958924311256
v -0.33069822789005904 0.20893388097669688 0.47829611989585363
v -0.30491490778994684 0.061702516352356691 0.36874434589245847
v -0.48861257804745478 0.29673504081210761 -0.036686991381259769
v -0.34479470562301417 0.30366095840974477 -0.051657752985142733
v -0.51274350026008042 0.086961074824722789 -0.044101160564947159
v -0.27388672946100273 0.036290694508996982 0.61698449822774581
v -0.24165889036807162 0.080630804554310417 -0.035095332748481721
v -0.31179632086587655 0.15182311730542014 0.56137769853188924
v -0.21545171512578337 0.30673797480063453 -0.28499739011726655
v -0.33523693895357459 0.032204924216976287 0.17756188624050495
v -0.28898969504786937 0.073247785487263434 0.12578831336779286
v -0.40300638375714981 0.32102406271581413 0.51549285066001183
v -0.41867701411655062 0.16116964335898271 -0.15411040419808428
v -0.37353209374610041 0.031815613132428693 0.39924503921869403
v -0.25901501987423731 0.032085072548815367 0.55788502169110676
v -0.32094438186503577 0.1972468413374662 0.48611481969201942
v -0.47905670254251648 0.184408990119277 -0.023362851912080849
v -0.36108771287495101 0.052346245248226266 0.55450097354243288
v -0.48988988954208446 0.1121660297723449 -0.041174296458203322
v -0.44140281455658154 0.21285447786041409 -0.032930230923636436
v -0.31009127944323439 0.22346220983846907 -0.14292136168441719
v -0.48766780206003124 0.18057733737594767 0.49467875196228722
v -0.34165084478298902 0.14312663619531693 0.54689815141888953
v -0.51647426927571338 0.29480097625974516 0.40775791605713185
v -0.4179038215130953 0.20659946029304274 -0.036543476281033972
v -0.48293261842867019 0.34558348636229497 0.46731733870729253
v -0.36087935937560955 0.22505029569779186 0.48808158451592043
v -0.49456655415808493 0.092304419411737726 -0.057558975577002992
v -0.29694800821339956 0.19603832354122214 -0.17703497818679043
v -0.2739101654245637 0.063451003249549429 0.27657625517197998
v -0.37772296361783575 0.20365344920179582 -0.041861318364309646
v -0.52417183407935486 0.22025044494468357 0.3187667412997916
v -0.26043549441266978 0.058133662070098055 0.64185453365640921
v -0.24312782207858549 0.1900910149555092 0.56612968359835614
v -0.43950660035982009 0.10651844200710832 -0.19067917278385438
v -0.22646922414233159 0.053557204801549824 0.50872851095726779
v -0.48154201585744755 0.048640404886365861 0.17073813309200689
v -0.1989168527675145 0.31305096790563808 0.5551041236301073
v -0.36192273412528314 0.036124061719379777 -0.22281074303616286
v -0.47174855524034193 0.062145841631810299 -0.16800492683342702
v -0.39398656227847617 0.03286952595167883 0.17093738977989872
v 0.062815493601640432 0.025697828110734181 0.52848971464204042
v 0.15051778324973883 0.25217986795288394 -0.24236916898771138
v 0.14407883146218381 0.21440625763995033 -0.22836443829556594
v -0.023990512679573771 0.078857068170077399 -0.079805416933874121
v 0.012320599794390643 0.072973653206357722 0.37989685118717154
v -0.0010206344183643391 0.057463728779189871 0.11989349286204661
v 0.19808311816124324 0.11223192675867044 -0.16833786138691365
v 0.1919275391019119 0.10842594053908197 0.52573530806506752
v -0.071024305124111661 0.070216153350259436 0.22781298789113205
v -0.023417551788017535 0.065900565549949719 0.1794113915392507
v -0.0019734668770102254 0.31150116809877354 0.65612367944852668
v 0.14953948816655108 0.2855748448083314 0.61134045055235053
v -0.026287870523825734 0.13155798823392559 0.5634101123737888
v 0.0071826531568883649 0.034570070803286911 0.16632468093527747
v 0.052204132936345897 0.059890450092504495 0.32043342429648558
v 0.10788916375817074 0.33680745432506393 -0.26391765323090649
v 0.0062110269333353774 0.076469695526139012 0.049052430628118128
v -0.10708629947236724 0.24553845311595324 -0.28298130113183356
v 0.10470303654448977 0.30012798015523245 0.6446132736332747
v 0.1532855978816427 0.18553600751077115 -0.21696579902886612
v 0.15921678352983484 0.035561782663327365 0.52164709457341996
v 0.049374821698097142 0.065441624585877892 -0.076602580331355793
v 0.1130741888566964 0.38477275251488169 -0.25976450447657901
v 0.15612477102075054 0.025973751160808682 0.013832352520136768
v 0.081458538758852256 0.022712128343113532 0.2552400826300284
v 0.083447773509259138 0.10472956545692766 0.54077639356417773
v 0.13824989727996839 0.032179945856687743 0.39523489605792428
v -0.079790223107285077 0.16536980410039367 0.57727025257039211
v 0.10655174045205226 0.032853979689258253 -0.066619705285450651
v -0.031396445923077394 0.33702271832352965 -0.29810485380640656
v 0.031766896073717799 0.3206660434093489 -0.2781003070658925
v 0.073203088568919134 0.023935651290888673 0.079064097428481556
v 0.12674680540878308 0.26668087280012309 -0.24916744992678116
v 0.19826514166115089 0.034111418806235055 0.0068718070381903898
v -0.081983279893892216 0.049435478088517677 -0.19197940199962385
v 0.074315530189951406 0.073131659081217062 0.39981950045286446
v 0.068239884878734558 0.028730054853514451 0.12149673069991893
v 0.19702729371608385 0.043078513443051553 -0.05521583816458326
v 0.076609205070444081 0.026455692010800041 0.46339466797433881
v -0.02502141286128785 0.15411999884874408 -0.22963342083486168
v -0.083213994284516257 0.21084684294789427 -0.26341325714526137
v -0.031864580941948488 0.17173123713247207 0.59420179986816168
v 0.18377095854253347 0.25515225137760539 -0.23741448338718335
v -0.043724942259270497 0.046786567447164605 0.58081723411867436
v 0.0088250752236632736 0.34893828012277522 0.66560706548535142
v 0.11692061500434077 0.056197667534461648 -0.17806420399403
v 0.12666544897402321 0.027369559537585884 -0.015121824161012402
v -0.036769829627517507 0.026380905499958654 0.51366045026073948
v 0.045906551829044101 0.031456118865804884 0.073849156697914156
v 0.0015437516571693941 0.068585010999422449 0.29028003225671672
v 0.068063601165993415 0.065540712103925605 0.00089546279301523873
v 0.17103650320927311 0.27766926768560346 0.59503545064097696
v 0.095155845383751561 0.20807604447694153 -0.24251259721620594
v 0.40976535143051934 0.51168587851502334 -0.098199714622561982
v 0.47242243055473859 0.13537479595598875 0.019346841606338438
v 0.5310808482339554 0.42265339615751762 0.18871000374591423
v 0.51993730471938249 0.35118149233914497 0.33732553822276196
v 0.54220596923733932 0.40752838995302088 0.26826614236123636
v 0.2963164289691777 0.51956467100818082 0.57108982247395412
v 0.61765517116733781 0.31235904747898574 0.070070480851988359
v 0.35950416620722581 0.71124022329589243 0.47226006092024653
v 0.49606282912814764 0.098158736261155302 0.10576857208622779
v 0.41290280101447568 0.35991787635209244 -0.070518453405598008
v 0.35003525808642399 0.22580460233833813 -0.057869370988818912
v 0.42155721420623105 0.17952932724293069 -0.019740786636738835
v 0.31999046866524761 0.14799096475905135 0.43734335916483075
v 0.54114862916320761 0.34657843878078776 0.34266355021103573
v 0.44031734963995239 0.73622452775933744 0.030679460688803745
v 0.56633198019823838 0.41528327614481048 0.25782384006016484
v 0.52566131815668982 0.10448263982195249 0.17196738896314695
v 0.36988776015205782 0.17088762940520189 -0.016534935169824665
v 0.37463429053819802 0.28543644039071597 0.47050628791226989
v 0.37316743683980758 0.4843419850084264 -0.11722063659237744
v 0.34378365274323197 0.19121753503777961 -0.028844441455968307
v -0.92354613064537661 1.0363546959682843 0.42553165810282034
v -0.8844274348942166 0.53315715400191077 0.24272394462047325
v -0.65210823585758582 0.66706026715852873 -0.10043892523302311
v -0.66324635852297331 0.75498662746502931 0.52741584297175703
v -0.86713078332164872 0.57097913897777131 0.075559997339369897
v -0.89350137714543665 0.9774283931470078 0.11187764749742631
v -0.86274144331857672 1.0987778022750134 0.11506863743346117
v -0.89527206944996229 0.69426436455948215 0.14382347258762823
v -0.66330910397348652 0.03514991988227454 0.072177893049434408
v -0.58471082693171461 0.24839057098940079 0.082205039591150386
v -0.73590683098046061 0.043654956183381055 0.1543823979818599
v -0.58432216347159871 0.29051769332603522 0.079655685654120761
v -0.73669053900132264 0.90404270008338861 0.65526172872138644
v -0.61888022163897582 0.379897473667546 0.45168222354150395
v -0.8874452444467944 0.54320503142872811 0.23933842940173219
v -0.90123390151461147 0.90394537588900414 0.57204656560263134
v -0.7861328304920483 0.55718138529674033 0.48163793545426709
v -0.64391543985922595 0.041461419830859624 0.27251964514011806
v -0.59024842569533231 0.9663689358221601 0.0059227234655586155
v -0.90108913132182877 1.0152334612610221 0.1439803285438406
v -0.75878673700172061 0.47968049441691585 -0.0092490874453913293
v -0.67016087936679702 1.2176247369265076 -0.099893632438346258
v -0.77038994518270598 0.89502093584649123 0.04839916315572438
v -0.67714219897860706 0.94094210570793024 0.66225953067051757
v -0.64234718226992604 1.046317163838415 0.58230649794648992
v -0.65364694063327222 0.17476091623047108 0.11762144113165725
v -0.58825042728582666 0.19812391279375907 0.061275961221436089
v -0.89648677537962496 0.62478708105530645 0.34457143066354234
v -0.86178414464919495 0.59859011830678854 0.39045255717457727
v -0.83064063785915354 0.87209105228053718 0.59734140873572017
v -0.84522764403976458 0.50076847849542083 0.3296313739480709
v -0.86915346873099286 0.89419432622482786 0.12622340448656894
v -0.55847807287765683 0.22200628485524304 0.19616798999442672
v -0.53658702517201262 0.3764563517894442 0.4748632124542353
v -0.41157308153378752 0.035009641248716097 0.49735153627998557
v -0.3461564863067198 0.32079215993006172 -0.062793883854867491
v -0.39195296402203134 0.046468725287819652 0.52677341951268242
v -0.35977050471476679 0.060467305505536646 -0.24953033174930359
v -0.29740720799742537 0.06093562367152635 0.34052314562315428
v -0.40812035450624023 0.043572072501023157 -0.070192314539776812
v -0.37334005404281451 0.048736883494704418 0.22291323780999886
v -0.46262172759775633 0.043740859672200129 -0.17967401170075248
v -0.31142753001434564 0.21251030547541616 -0.13904987378363989
v -0.51054825083318256 0.10350039685090279 -0.039600343762479583
v -0.42348430920835384 0.17065042247124684 -0.11125292460434784
v -0.40897268116337532 0.10727544361170485 0.52858556101797516
v -0.43099970914219538 0.36577532725695966 0.50992895630801705
v -0.32308978101054869 0.061707195823589377 0.60402623617815376
v -0.30474170451072269 0.2080764187548669 -0.15962665828352432
v -0.31977589304866588 0.043632564390285011 0.36581104501072187
v -0.36935841645501799 0.19259857986041226 -0.091926194548218501
v -0.40021095463041889 0.031886852204569251 0.10995807571407341
v -0.28385708860459136 0.05830606484961709 -0.23559616726258256
v -0.24653277212668046 0.078912161027484856 -0.22876496664023124
v -0.52637069393491243 0.20904909492178436 0.41640075347084116
v -0.36663767739747699 0.14928650063194296 -0.21546429527541625
v -0.46634945414652301 0.047347638293422013 0.54970536986817697
v -0.31649906880725948 0.17736488270130918 0.53077034033037596
v -0.30306950308341507 0.32191090333030531 -0.1837766880612379
v -0.33193085223741869 0.30042230980130025 0.49419686945324659
v -0.37029030311332001 0.029158208698798368 0.17255243309177634
v -0.26353367763931285 0.15091214229791583 0.60377828608234774
v -0.47871678570374732 0.12311902408777556 -0.064768773353739179
v -0.20602246241942979 0.034802060279535772 0.54495822603403443
v -0.29092161244454351 0.10967792295544691 0.61468369056048111
v -0.37323494182236927 0.17449403512481854 -0.17334512310720113
v -0.50790667455656902 0.06644375038559551 -0.060064940790063123
v -0.33846829666741285 0.2203393403802674 0.47942058247097991
v -0.37050209367277614 0.240816153257847 0.49325045849944005
v -0.26529497518959866 0.22040431549728168 -0.21098963262585557
v -0.34496705043398473 0.10923569639197629 0.56410163416747561
v -0.50343823761615702 0.22744455932353949 0.44176569516063197
v -0.45631309037180184 0.27999418519297492 0.48572709042322121
v -0.30853165983771225 0.066289240479281253 0.40573539291794825
v -0.26953493346967233 0.33542762584421226 -0.25531834958601057
v -0.38033984031422913 0.035356031451575266 -0.14375507035333324
v -0.47675202808190648 0.11031896137748143 0.54909195166050739
v -0.45861009957060173 0.1139173090248296 -0.15521340644760045
v -0.30381835112745004 0.043573779023146547 0.48193203854279909
v -0.48806420591007704 0.3627328691980326 -0.056465717016705372
v -0.36935914147609572 0.033185651114827512 0.13787508592403938
v -0.21978437546710214 0.30137838486052332 0.52380978530566102
v -0.39676293924928957 0.044133963784151062 0.30707274340843688
v -0.43544096557892265 0.036147111978426398 0.15630128419401471
v -0.51526544720434797 0.24634365635094188 0.28210975044449565
v -0.27902564931514007 0.037952045281748906 0.51969508507166728
v -0.35952868202899912 0.16534922866974008 0.49795827679158899
v -0.36043326942093107 0.2099936097906781 -0.035585467867359208
v -0.27480134251875943 0.27738352621130935 0.46335820075216527
v -0.46191251953713952 0.063441782425423365 0.55831898391080015
v -0.5190901237429808 0.18447712271898853 0.28871194654658439
v -0.32243088762494337 0.26909327124796095 -0.083148255086380268
v -0.10309760094741066 0.17654568295254802 0.58668779174855268
v -0.033985441452751786 0.10871182935434506 0.57543581679942246
v 0.12297058840620222 0.38257005347918221 -0.25879746248214064
v 0.084317650112279124 0.026287364826952282 0.05140671507619908
v 0.037401616679789279 0.094542700574872199 -0.19030783831076156
v 0.086576751506205585 0.19925988997209121 0.62086279811892342
v 0.04708120651183758 0.05820936607165323 0.54973973981012048
v 0.19629739519716249 0.024966524326196282 0.081557734735101153
v -0.028223459112199544 0.032806860258247965 0.56628821319648992
v -0.049044579409492785 0.041748543567643008 -0.18710707968779014
v 0.18264670489372339 0.037906931031035221 0.10199215806311697
v -0.050608704245415977 0.071165299314804961 0.18156939835491462
v -0.019470153874256498 0.25093990828328827 -0.26645410935406344
v 0.046556375160116084 0.13685827420334951 -0.20308524925301785
v 0.096784957215923409 0.032757358163916277 -0.078849188165892078
v 0.14069428400566425 0.03019065687783724 -0.12860162625359578
v -0.015613602009236749 0.032859180386362534 -0.117789386245537
v 0.092349897107629891 0.36153045038329601 -0.26936202338883547
v -0.02611519930034744 0.13813858528244857 0.56182273995709708
v -0.10865636520340988 0.13010396934342025 -0.20561468438368574
v -0.010539844142711152 0.060259223168815032 0.23383495649138455
v 0.059310856906194274 0.05153573291714237 0.028890075274178327
v -0.121635834920181 0.23395982988847608 0.60481504364016025
v -0.10602118860385708 0.39045406620130207 0.64481235240957757
v 0.061238434768281259 0.28848892308505864 -0.25797794693441733
v 0.0031078291811314461 0.160816154384121 -0.23474639222426286
v 0.18841231901873781 0.051600416924192913 -0.10796185672876922
v 0.012906880834214249 0.074394838865312979 0.055642043783555112
v -0.064406754195223834 0.030367457378473597 -0.13410395084809451
v 0.14536163313687603 0.02712565751030319 -0.026392429843880589
v 0.22797520309093627 0.10893831915190011 -0.10337296583747775
v 0.055419514658334439 0.14196525104764002 0.57180803601529451
v 0.15496820189562346 0.37331486321532098 -0.25532325811505885
v -0.008955449782453391 0.05293680696837276 -0.19361434357292673
v 0.10029718909803718 0.039483490138124674 -0.061273951069953272
v 0.011454909170407371 0.21591177459403571 0.63989367504335992
v 0.033694998090158787 0.03746488322799834 -0.10100224432753033
v 0.14434460009943983 0.023151475522527141 0.077547694290946906
v -0.099252724400505657 0.3530607065815855 -0.3040988551365808
v -0.11159696544619906 0.35101679095054106 0.63750579700084897
v 0.079820159807846569 0.042123754944570768 -0.080442958726386474
v 0.0041047229108680553 0.32023565060106945 0.66060175759721929
v -0.040697400853354597 0.074399989339864539 0.43802692621425005
v 0.04417689722911896 0.026061635759365306 0.25718343665709908
v 0.18421463917185515 0.026664883137593645 0.27467119258456879
v -0.05809930906479898 0.27382744978146278 0.64552127490452194
v 0.08614153643816834 0.1382714478819054 0.5704085628943989
v -0.04171624477578096 0.28696685222405016 -0.28206560836553451
v 0.076350610552116616 0.34517053953117616 -0.27239891068009414
v 0.16492179490010517 0.30166516274119709 0.60242019207944364
v -0.013173095560108162 0.34183677777996135 0.66229943761097698
v 0.30860505186863851 0.068310898617022497 0.35738316417563148
v 0.43826331346863684 0.083639925434672635 0.30037608127041188
v 0.36171965097880399 0.62046294195646612 0.50882569229315622
v 0.37820272282340195 0.053295555704474903 0.27443061984023548
v 0.31842711528383411 0.56780843669782088 -0.16019419093237611
v 0.3806914375571952 0.074706507266306288 0.036212272994142272
v 0.32026631358606378 0.68447495390150392 0.51039369550376734
v 0.32235564299431269 0.54419350796164467 0.54831098990681404
v 0.47257641453403271 0.61522351243371332 0.34991716089713326
v 0.47227690542576101 0.72984152410294745 0.14478556809616924
v 0.46016648887503636 0.1543459325702688 0.38539268646160468
v 0.46922036862150274 0.67926259016106194 0.32479020228608002
v 0.58698051780882821 0.22312678361729921 0.33178859613920614
v 0.40680842387281468 0.33667386363256419 0.45240548767034183
v 0.46265697425232194 0.54786637310569897 0.38865691084674553
v 0.39884852396096437 0.26214189820013917 0.4307879067464
v -0.63639124759645815 0.32032428743066921 0.096596927446532532
v -0.6202925652535678 0.042363201413191741 0.5371272379777966
v -0.85940696997080701 1.1433043347777803 0.12639333331807706
v -0.58029829852774273 0.22760850375323993 0.062271116017913596
v -0.87574491564958445 1.1684928425112313 0.512830298017664
v -0.73952363081518979 0.65994054320125706 0.52519754349788095
v -0.92803334001600613 0.94881510582907791 0.42893915649551695
v -0.76849305171571947 0.50207909159416642 0.45981417008009295
v -0.59799745516954528 0.92596976374042406 0.53659920219630008
v -0.79731240739034182 0.90739478969639498 0.055276996677917342
v -0.90966194172301473 0.64362998782685132 0.19169415051321081
v -0.69380215573216242 0.32394939565924485 0.1823649001720688
v -0.64187244715485148 0.050448321579863106 0.29188754618844265
v -0.68388999396422423 0.059892393323689889 0.4371918723195295
v -0.62382688259642893 0.51800786279462685 -0.10627308307110263
v -0.75571464932508692 1.0675759786971772 0.026777974680386993
v -0.87824342337093086 0.75092699498278626 0.36393561143452763
v -0.88002545356862627 0.68426681477212903 0.099906517451753482
v -0.78123146091203222 0.87817542807990445 0.056655301645616093
v -0.67964275135033869 0.16257229838888929 0.16124713405185928
v -0.69255524043847017 0.73121499013616753 -0.066552712130839978
v -0.90521277513993037 1.1085203100785375 0.18996985399720517
v -0.66589075627425409 0.063451335723545832 0.50369631338653775
v -0.95606896215722237 0.98639816657901014 0.31270823099881068
v -0.589371137403922 0.28065312015084787 0.14080571586663693
v -0.62935918082857711 0.60158395034989987 -0.10949664050927488
v -0.86006416272073738 0.98184419746328511 0.074056885402197001
v -0.86835649596000597 0.55605426628817445 0.13614944003904397
v -0.83620899147998506 0.48582902141501932 0.31899222258941712
v -0.57735242324147895 0.3418449592569639 0.022649554799179131
v -0.66675957608811032 0.036369954370994238 0.14224383530443166
v -0.90331768266188317 0.96908664732822003 0.13596167746004487
v -0.88548703307720344 0.86109762017001512 0.18476174974273293
v -0.81666457232134271 1.0621219738499792 0.64630799683060314
v -0.71509933673367654 0.59387479696093604 -0.082730196031142719
v -0.64992838636544537 0.10953724859916217 0.35825673678390646
v -0.89631057666956238 0.91306850695871122 0.58379877330287799
v -0.83297457513864992 0.57173122813495048 0.032130173507813414
v -0.87905211362938507 1.0213784041494021 0.59225020701032427
v -0.75402473644652568 0.90135077894317972 0.036516734127446819
v -0.87472639615083958 1.0511918567084402 0.58595507047720519
v -0.90506440030289625 1.042572656410317 0.53513703104020582
v 0.21589491026261562 0.9203397708586315 0.42833002684371113
v -0.14301830705844537 0.073764624637205289 0.41867900330675761
v -0.4253434203048882 0.034569446171498514 0.49883943407488213
v -0.38582383773018653 0.033897118946770007 -0.1693685949525334
v -0.30620739675694292 0.033379011410512839 0.22863536122897699
v -0.33152482356678914 0.03461868912747372 -0.21681827536743006
v -0.43108286177997518 0.044628018852428092 0.2945879413719697
v -0.40067514657816167 0.14268016856836127 -0.1972618763724566
v -0.30397728517812811 0.3327766968323666 -0.19141861507016231
v -0.2761748761414598 0.068982456069029446 0.63788131184627794
v -0.51400301579282126 0.23057746085385966 0.42319856624082453
v -0.28323328702232087 0.28700565715662479 0.46676774449246333
v -0.5224167510624621 0.26957999654037917 0.38755111319645108
v -0.28246246420215676 0.1924120360317115 0.53361248286552254
v -0.27634875461560127 0.06688768641051239 0.3204301861019222
v -0.42503436886033952 0.049535017111944107 0.21437177592855619
v -0.23622387751979065 0.082089839772748113 -0.068123083165462506
v -0.26001950939199581 0.30542388322207259 0.47439908615593696
v -0.35278813191869812 0.24473445555794951 0.4877648093953903
v -0.37710104524441562 0.22077664030893548 -0.031417134933091416
v -0.23934046752381513 0.23187247093719315 -0.2324952855727544
v -0.46333584489259755 0.071828066697055229 -0.18818130626893781
v -0.29617861981263655 0.045625643661492368 -0.13791197728870322
v -0.36444002755399052 0.08129177550088898 -0.070803303844192325
v -0.25285964092366325 0.069098555607060255 0.25903057761206888
v -0.3405241661745711 0.15299304556375887 -0.21941838707723424
v -0.4072479938762204 0.060860060928277289 -0.015306294231726339
v -0.33592153606636127 0.20170744704762833 -0.10158268786388067
v -0.41021487995203199 0.035651497554676413 -0.11634115703098137
v -0.44262287022232155 0.048555219358164807 -0.20644076323398408
v -0.43453889380294919 0.048251481136043786 0.54072420830962409
v -0.30701171017028905 0.060169802790082334 0.14353099896097227
v -0.44135348167822536 0.30326471194986421 0.4967516377297041
v -0.2823067027648295 0.15490495693726683 0.58993204077018246
v -0.46203311211276832 0.13256899160777544 0.53710738401444358
v -0.39594410814346082 0.065405233804285368 -0.23970028279877428
v -0.35431625137550077 0.079598548459871105 -0.083149161892684037
v -0.40747478337307041 0.13991096711631534 0.51981452838279563
v -0.21278521217963842 0.073898644062226904 0.134007174745779
v -0.27638665620478081 0.070071448745023066 0.36956614164719914
v -0.24402622133068158 0.072105078046554583 0.38715357859890936
v -0.48244778309433495 0.03211918343418152 0.14109152597133756
v -0.2331045941514685 0.15876533332344114 -0.21880371912893035
v -0.33822764411624823 0.33184620329026765 0.50801310335399497
v -0.3758861823072614 0.16934398945988605 -0.18374613627656017
v -0.29044863798115156 0.046988716974077339 -0.23458531989706505
v -0.32685078898388842 0.044416962288255875 0.38550306464013584
v -0.47756623436221457 0.053652927832862123 0.56053013689728726
v -0.23911618199026666 0.07666806520819866 0.056610327728782314
v -0.37551279936661247 0.041354681404316682 0.10580620361697091
v -0.39112380088099397 0.24822927350570884 -0.030420693618709437
v -0.29786969991771334 0.033230837326500159 0.58521774886849653
v -0.43427418817933822 0.18348327561089886 0.49991209155854044
v -0.35041520438401247 0.093676132628405961 0.56529148827695297
v -0.3075791737218968 0.19897172855833145 -0.16329942529003
v -0.26757276759232812 0.066035170213105662 0.19776224526008826
v -0.35798062348555126 0.031194891992966284 0.33105740252185145
v -0.41328710312821298 0.17086022644671836 -0.13309990056081275
v -0.43770378692047496 0.035332230904278505 0.04571815151656114
v -0.40832736546346399 0.15513308407010751 -0.16577926675578439
v -0.035619132075271051 0.069519853033546256 0.20147754011930308
v -0.038145280018467245 0.13631401695372344 -0.21015722962173439
v 0.11964906300750258 0.029519857457074632 -0.039435229074606809
v 0.20564383571089595 0.24895447108047086 0.5736761509706817
v 0.064021257222804842 0.021522883090932379 0.20477358388359493
v -0.048970916901704076 0.081701921803517666 -0.20219777294741287
v 0.23991654843138835 0.1287736384427936 -0.099925975728222025
v -0.00013605427923365246 0.39482477475367889 0.67184150814514176
v -0.037964926953494821 0.079289765126184797 0.013395520061042577
v -0.0098403204000582275 0.03575622273969209 0.48720987156843776
v 0.20087488927647312 0.046682371826531177 -0.051687213124357874
v 0.015068766534932292 0.069870231737866537 0.31518613914959526
v 0.1347868506147277 0.3255635815839551 -0.25079233823414304
v 0.10525458850984119 0.055616564235260929 0.35954096053242213
v 0.13887862771620374 0.17688424327090554 -0.2177533293143975
v 0.13697785178483959 0.02967925553852813 0.18221711240658497
v 0.081139793616395367 0.023223161246491462 0.47243641970718947
v 0.14721910712145192 0.29904136987138402 -0.24109429179793054
v -0.0011916043656072504 0.28745381452324598 0.63918414004737434
v -0.029198745571577284 0.29690601158341823 0.65556098274694707
v 0.20410771942367517 0.039951444964870589 0.50141058414626904
v -0.059935682983681231 0.36869056761032876 -0.29806433897776641
v -0.022558066760117425 0.096479249957541716 -0.19989434717215945
v 0.19029968611732723 0.14583149998544703 0.51697761773128581
v 0.15057918107632665 0.23649809261305596 0.61064029653462981
v 0.10008217379567177 0.024292094276511043 0.080837862652160711
v -0.094748448210993416 0.29346576268393348 -0.28695411630765505
v 0.072168214135983455 0.042804858687660201 0.019588211015137837
v 0.21421252718417846 0.049246891589376805 -0.0045732952851451113
v 0.096334759623455168 0.025031026528124251 0.25924900064616951
v 0.14327786547606475 0.050162290881218485 -0.16258465780617651
v -0.072787851539228066 0.032467377136381731 0.51273524855682295
v 0.059176719999383454 0.035425034744590501 0.046460796870276704
v 0.099559835495195315 0.31171052756597439 -0.25428965673211124
v 0.20740814854865364 0.17590337832527336 0.52552348095829371
v 0.010419918571621046 0.024247408829441073 0.5030353983951642
v 0.075264671342084935 0.072286169262220853 0.54322466515676915
v 0.0046484727676137146 0.028933777240453293 -0.13107580135425614
v 0.2157461041029167 0.15976326432097596 0.50510761887566702
v -0.087202532759703244 0.3313116696053573 0.6521831587765603
v 0.1994802198758118 0.058816998237176892 -0.091902481349395146
v -0.04565753688443025 0.081554594013177592 -0.075515887112651503
v 0.10257116859149747 0.090960238364002036 0.54005850589954341
v -0.075930955563619368 0.06625919491942546 -0.099876482029816346
v 0.17288484160963616 0.17157585573243928 -0.19356064214656996
v -0.10795547210799415 0.13806769270501404 -0.21196477268023045
v -0.077713118003954099 0.18180713265840567 0.59635624026854528
v 0.072963957978255736 0.18900957627003301 0.61672464834779783
v 0.018546934910169982 0.061965024359776598 0.29069542006524485
v 0.11772445013100043 0.15983408707392049 0.58132628544966747
v 0.077913362929286398 0.059137473440911081 -0.068076617475695919
v 0.016631728591641255 0.033684789406441415 -0.16880807351155674
v 0.16306930282223434 0.046339201405820998 0.5253124255273659
v 0.042894295281909356 0.079557971112271822 -0.017418541814771413
v 0.1651750675038387 0.03044973826879702 -0.078046521585838136
v 0.0083138380680399526 0.35588334325456605 -0.29405914704172786
v 0.047347238747572649 0.032207068712315573 -0.10487255355798028
v 0.088824105533376052 0.043639634850797346 0.54184016889562481
v 0.12900654751743143 0.088737599054006286 -0.18129598889465526
v -0.014190675424692115 0.2208355914762955 -0.25730533018879986
v 0.02284827785663443 0.065366771519573055 0.06577568284114442
v -0.030505175502959721 0.044752237737320677 -0.10630280684270882
v 0.39804653880611401 0.7854348167330274 0.00013433013820915093
v 0.32323911589346643 0.93141134490055388 0.11196524001039283
v 0.30316826794072588 0.25691226432842412 -0.14003966834894707
v 0.57927969811403213 0.14774538961469511 0.24127929307017701
v 0.36220357145920656 0.21960812395934873 -0.036886479854423504
v 0.4252867864618885 0.073312906081282936 0.06834488625002072
v 0.40810396819116651 0.67638568286210432 0.43802640864769066
v 0.42358638058791659 0.58541784219235038 -0.082279211855833659
v 0.47086302601506885 0.56630749878864284 0.36377414032367789
v 0.5909615085366694 0.33813980004113886 0.052769959930338152
v 0.35824822347394619 0.065312662669102961 0.31719893185072223
v 0.29041070316855561 0.19025103946744765 -0.1428488782813539
v 0.57579161970538362 0.36475165603309656 0.32297564352372671
v 0.40615231895965997 0.21792459859700711 0.38555784460286824
v 0.3674820655806717 0.89643968602226365 0.25708387933126198
v 0.61609632364026767 0.38050434828387625 0.09817786774390827
v 0.52373415656023237 0.41051758727867138 0.24454190080870239
v 0.32672838422398215 0.47693626801637495 -0.16365102909819232
v 0.49650288827132566 0.64293673260446771 0.22031893954593693
v 0.61619896556068876 0.19196265571517096 0.25376662333752337
v 0.50076211882631994 0.5818287442691028 0.26458991390803777
v 0.31905068271153481 0.29116637511408272 -0.13937603068960383
v 0.63645532667708093 0.26003432072350768 0.27457547557036255
v 0.57417239360989047 0.29144485068516235 0.019137404532953824
v -0.61305093437213465 0.32897586790765443 0.062385049104979343
v -0.92832863609594918 0.95272631578642941 0.42034268174683814
v -0.88860392958854961 1.1338164077240669 0.20023780740232527
v -0.81541397450045638 0.46191021848066754 0.32634460160901402
v -0.73527265708440481 0.10214687031949937 0.13697751203240707
v -0.67613199684967251 0.91808962067632205 0.65726081033228245
v -0.66351629652133925 0.092153569108697153 0.49466261179558113
v -0.78144640415038891 0.62286162607795958 0.49643878624699084
v -0.79680426846052477 0.78322209419889222 0.44169116986839202
v -0.67044679384812877 0.72136071178903749 -0.079112503913484553
v -0.70844457126576066 0.099284734494064178 0.039278838090472626
v -0.70651891444247228 0.061624056584432603 0.0221395175793246
v -0.85428505849021685 0.85886246723698489 0.5677609408445361
v -0.62217660679621012 1.084198794654726 0.52145036874150086
v -0.66832126140636816 0.8846635273829806 -0.019100688200712323
v -0.88429156071500903 1.1857046810463236 0.23205751718995382
v -0.74874114566796124 1.0396069293805461 0.017831006185561812
v -0.60475187228603078 0.96190411606296633 0.56296469223552981
v -0.939530682527146 0.95208979566130647 0.21659627214281449
v -0.91002824258185222 1.1128117789346028 0.3252398067457527
v -0.7049757611176225 1.1245003392841262 0.61883940522206926
v -0.63562810979480344 1.1568829439239909 0.028553457241253421
v -0.67190955421402321 0.099893085575877102 0.39685426966189419
v -0.84911822708324602 1.1578378028235223 0.55612080598152736
v -0.73966274145143396 0.35258527736391149 0.17894056051982762
v -0.65321190149003816 0.93738222740874977 0.649094646803547
v -0.6070517447903403 0.36086745248054269 0.43022090270963664
v -0.76812528219429954 0.74360189742501293 0.48071297370902166
v -0.62722351494476403 0.038848790973293086 0.2927548463177399
v -0.80619734649247099 1.1557248075186213 0.070914430904849571
v -0.90965277296541114 0.6211023738618926 0.19281919729711169
v -0.92131908405678797 1.0193675011146355 0.50680752985156641
v -0.63982269507297551 0.70365348699919295 0.54320424277180734
v -0.8014913544085509 0.5209433524870698 0.44560653698832925
v -0.66463883281529679 0.15193831628878854 0.062133950308032551
v -0.89136753799882218 0.85533094189354442 0.21947140907321486
v -0.91919258391836667 0.87540508579891807 0.23920744018370191
v -0.77645606140768586 0.64379000502524075 -0.048067420411477976
v -0.84171380634698911 0.87227596597793966 0.1137165855532242
v -0.94937476970987222 1.017365604849455 0.29073486809624199
v -0.71521535348102117 1.2177528736903855 -0.089198578897163025
v -0.86125441954919324 0.8505923481991452 0.15306953082357372
v -0.79176999004987569 0.41139571475424153 0.17303978875378004
v -0.83829952429799781 0.65602277925619246 0.020475961025413558
v -0.70995530001941132 0.75994642427380299 0.50655179495485469
v -0.61790156102112825 0.9052641881025798 0.55873502912333917
v -0.86886884234130246 0.95635568168766583 0.084333705519242616
v -0.15285476900840422 0.16621027895774232 -0.23896101742986073
v 0.26775584665742663 0.021062381615391621 0.15757236751784948
v -0.29043851565400441 0.066597920095552862 0.34063746417331853
v -0.3941903098383891 0.035743691910412864 -0.12997557494545089
v -0.39402945663384115 0.075699828859292356 -0.018242335370290175
v -0.29507489890201977 0.058691705673796113 0.16442626978974034
v -0.36659305657058511 0.061923198617839112 -0.095607760969257535
v -0.34918517862198817 0.31577246480946142 0.50899128478006084
v -0.2524410247975527 0.27713033863875802 0.47763663501015596
v -0.28034618950194212 0.056333263678934965 0.26443210256607474
v -0.31107693182414231 0.20004653362637967 -0.15610791640675323
v -0.38667491281023347 0.033366461509616197 0.35210884410062676
v -0.48565978836800472 0.08496430187640111 -0.10816109087745117
v -0.48019416335825615 0.036247897973118524 -0.10346847385429596
v -0.47009924638187256 0.12600039868897314 -0.085021715543193224
v -0.23783755187898911 0.03142899141301822 0.60816227493538455
v -0.23630873805824473 0.13358118543454608 -0.22779651398590134
v -0.31603224308230837 0.046985988133405938 0.45445103581826085
v -0.42721574171713228 0.28737495406073188 -0.039677198503477049
v -0.44761169915482191 0.16377705662388237 -0.071456335295084258
v -0.36675893583367908 0.04619291895396696 0.24480905254335492
v -0.31148143518420113 0.22670040221425022 -0.13033623489296581
v -0.23676606629250671 0.33109417575037109 -0.28085226282981768
v -0.34441136537990386 0.029965671077676823 0.17701293695498779
v -0.29512131349740744 0.032622862544972389 0.53177067798469024
v -0.41825308391115557 0.062558503870811202 -0.22819013366141563
v -0.33390773313469035 0.042921718871892306 0.40442715365183135
v -0.32541790096576406 0.034781080279199794 0.56782440817530411
v -0.50248590955776318 0.32233135255800105 -0.039162607351639865
v -0.34604525675037823 0.055272267026872407 -0.11773465501413802
v -0.18514398525030101 0.344614409650771 0.58729878158771276
v -0.34705743902312075 0.02933677301517363 0.24608239801949577
v -0.4563910314597488 0.22496248060320376 0.48319840042993711
v -0.38382300175092637 0.18120717936985531 0.4973265690062908
v -0.31601111266186926 0.083715198821061571 0.61088132027881203
v -0.34985643848490067 0.25146622727081769 -0.02880723300035528
v -0.25185209424301019 0.063085723432250967 0.64357317551889992
v -0.43820248838867398 0.11982782417959512 0.53747281422374116
v -0.26488568787650107 0.24347713470960572 -0.21772614326431167
v -0.40597843133828837 0.31838379636761782 -0.043193576133048167
v -0.44913830275740896 0.034980049665783532 -0.053235752296890426
v -0.33346017342509238 0.17718317026193786 -0.19145672409547571
v -0.52991878625700262 0.16348743332211896 0.26481765410400104
v -0.42276588620080802 0.034346287370070346 0.46735477432243383
v -0.25832557481452179 0.33497366360016873 0.48026345855931252
v -0.3689953597357109 0.18367765923291224 -0.1352940306308581
v -0.2671585096892708 0.074626107256887259 0.43654665237530582
v -0.2936522203553078 0.040733577506394086 -0.22598206979068419
v -0.51123418496022499 0.33352481054793814 0.43348239597343857
v -0.1762100929130524 0.14885447969891746 -0.21945604840072
v -0.427372013231408 0.18277083506788 -0.057562192891963473
v -0.50739819277119391 0.12845580085409042 -0.034268456611570575
v -0.33005870899271728 0.21671725901467964 -0.059924148550595337
v -0.34729394423174265 0.034980120352630449 0.39730042822068284
v -0.51386109838844185 0.19694019733885609 0.28136303174560001
v -0.35369486574567249 0.17660851951995607 0.49288845061207875
v -0.51425621194325477 0.036229443175377317 -0.045599891466014585
v -0.42398724301328256 0.14860593751498036 0.5145942256395587
v -0.20758879990959744 0.16219464669702444 -0.22065117864921627
v -0.39125664274222843 0.052593432727401329 0.52828167255045466
v -0.33774209379306547 0.2839080897974946 -0.047596256278845679
v -0.021234150278733981 0.38731220091387364 0.66505785371524029
v 0.0044557399752388318 0.10666669804601006 -0.19420219418612092
v 0.180700436421765 0.35490746255140337 0.61981865153168525
v -0.059138579936790579 0.2851609472971528 0.65062072231747015
v -0.017534045281368555 0.080978913430584706 -0.014487368227960941
v -0.029645666646054575 0.069329372757611724 0.17249825624629747
v 0.14043878720047265 0.1906724608410259 -0.22514632344682275
v -0.013239351605900854 0.03091089815151507 -0.12295036492740387
v 0.010179612579044267 0.20319523305876183 -0.25467732210340527
v 0.069211798437428543 0.34073061356869966 0.66181601756549968
v 0.22966731443914837 0.33103716908938718 -0.21785807798148524
v -0.0098096712640127169 0.17958913318121189 -0.25076804106004319
v -0.0090647392381564915 0.30570005338608325 -0.28396433207502608
v -0.02882580343733239 0.34065842183619521 0.66098655742040657
v 0.08483691219250318 0.030885830378470654 0.31432949308480668
v 0.063390786089174311 0.30157967417677828 -0.25751799666018804
v 0.20791129217624302 0.03482241900402118 0.15361847057157255
v 0.20260840137717001 0.035746273083352466 0.21847195712512074
v 0.072675338448427898 0.071364906515023696 -0.036800759057277227
v 0.070391581146079504 0.073729139557274115 0.37654089632209919
v 0.021654711543244175 0.042351475020244167 0.26876188197864981
v 0.085581847200682931 0.55550238327154911 -0.27665549614279172
v 0.048370659334240701 0.27449175727223241 -0.2597552208796805
v 0.12394686293391502 0.042994411466698433 0.40662019476624117
v 0.1519667910410262 0.02373806285492237 0.32646237783287585
v 0.014257844070767273 0.070690532517443977 0.32785523929517707
v 0.16555382595082499 0.19943896096539798 -0.21516270483389294
v 0.072548309002143818 0.37677157712413473 -0.27308278411614373
v -0.03479793325281659 0.19046392640894291 0.60980381288051544
v -0.074485438073637056 0.07303824186792679 0.58835657778068617
v 0.078402171610701427 0.066023047588897238 -0.018587262254110122
v -0.060394091017124993 0.77762122557080859 0.53569510640593998
v 0.0034287473828979453 0.043307001759570925 -0.18749241233336281
v 0.16460070772009977 0.025443621503685062 0.078454196898669712
v 0.082562204073263631 0.029642708373107736 -0.14829641581420666
v 0.18389397658362433 0.71588258365411717 -0.16984732086213025
v 0.14717737076215326 0.67002676232922953 -0.2025391044937522
v 0.20574097290059054 0.098136006461242403 0.521695103921341
v 0.061790048331345132 0.48524956283436177 -0.29252285638276621
v 0.061745853907255586 0.59957393203210418 0.6601984927162341
v -0.10970011416353964 0.1888895201144811 0.59391262721571436
v -0.025858805772903184 0.27953078751488841 -0.27689058456686999
v -0.0082434405954830738 0.29653538764741649 0.64734867714513544
v 0.14404330697631257 0.54183361721906242 -0.25406957377884348
v -0.054303330001970317 0.24840594880164518 0.62887137091380874
v 0.030925595563854925 0.20666159546227794 0.63353266455015322
v 0.023225706301759155 0.097088775842343142 0.55532557333464305
v 0.10218452507401667 0.26323231324119045 0.62550416089777339
v 0.20197945032962286 0.77781162592300235 -0.12185688033339999
v 0.08381414933375933 0.060466104353093193 0.34644791886566456
v 0.1590722330609313 0.19929842951425389 0.58202722720798716
v -0.10114368661432152 0.58039563782829617 0.67708065220594316
v 0.19086089421005822 0.17690534133760291 0.53799654882150694
v 0.057638213300130921 0.066460797741415056 0.33271359848491849
v 0.21887080709075038 0.026371843867848577 0.39589463082265525
v 0.0051150337882463039 0.044414179367791094 0.563714878538358
v 0.2061195454753128 0.72420824972447029 0.55988893117366689
v 0.0013517961590297401 0.1307979672224068 0.55519017482261979
v 0.30182863013968414 0.94731854281669137 0.11049270742447174
v 0.45856974619261798 0.60094374848301524 0.38034155407394177
v 0.4897422254442777 0.55966666610131199 0.04860359282850673
v 0.34006590480213655 0.29108303695279036 -0.12715102162107997
v 0.56988486686764794 0.21393382619218385 0.34270478305279545
v 0.30044468918652423 0.60067126431284157 -0.17063151299361434
v 0.36339789340106304 0.90020081795004148 0.13582987979349212
v 0.35711377476813022 0.51736279329312607 -0.14261036312079828
v 0.63389629326013497 0.37023927434649667 0.1184470978527388
v 0.50018397372692325 0.10884561928077578 0.28802968049213779
v 0.37478780837198994 0.28893974954322588 -0.083812285420196017
v 0.46332621211958297 0.74672499319757746 0.21130725660457972
v 0.29437471938472731 0.938997404643377 0.35128920277508313
v 0.44998087868102188 0.089160251546497565 0.067197813927121194
v 0.44468076569748943 0.31241694094029843 0.017030585775454913
v 0.38813867667494206 0.040065634379688519 0.1851348556993449
v 0.49543501376460958 0.10864809157495217 0.075846965976434255
v 0.34257117781612473 0.071320339848321868 0.030449812213806885
v 0.4382694054163529 0.602593999622138 -0.056862739833360772
v 0.39629571937594726 0.76983128708941839 -0.024534532292826355
v 0.40581563818256244 0.47424204384617091 -0.073578369807140664
v 0.45542274049082387 0.071586074531901328 0.1398152821199411
v 0.65298884572712401 0.31155828286503257 0.14097511695580331
v 0.34323625109133582 0.23979231665119383 -0.084341442948586157
v 0.42866612792598874 0.26397480857362365 0.38259065134660708
v 0.38174774550073004 0.2191379122637275 -0.019218227213868663
v -0.84021591096131776 0.47710228932141086 0.24979965945052554
v -0.60806957906105119 0.93678349836761365 0.56240523486091609
v -0.60299195519921389 0.19559625575173642 0.10476765660380991
v -0.66918132726073443 0.98978090100001137 0.0072325972210682378
v -0.81327206733320689 1.1702310577689861 0.085834519567393075
v -0.62396183407131733 0.034588083091338324 0.15724433184709075
v -0.75398918005083826 0.80557526396226298 0.4875007786217887
v -0.62635869704687874 0.1162389829039033 0.53880533505706674
v -0.93234999867076074 1.0702279631029101 0.28776379037165856
v -0.85724638982975665 0.58509733826307264 0.39262714160616541
v -0.70792138468039034 1.0923361519353159 0.63345261288368926
v -0.8831835078176733 0.57915750195308935 0.11782395069734236
v -0.89790810202056348 0.94189879471580629 0.12927455696047382
v -0.62760743537111585 0.11798038831494893 0.34133434894109393
v -0.64372877755740332 0.13116756253580364 0.23326168278108397
v -0.66895762097806932 0.35147020384912947 0.36538432228947482
v -0.88397326823799804 0.54297378787437622 0.18985230103662867
v -0.90444900030880293 0.64253602028459011 0.33457840903549191
v -0.83305197206900605 0.63872306838809412 0.43517807197946695
v -0.7011052719056392 1.1379625595387652 0.024295516571079992
v -0.88402939437747408 0.65916507095673227 0.13090993251132857
v -0.73905063637518931 0.93955874989822008 0.66427911081246593
v -0.92798780435616335 0.9958355510607948 0.52134651781534636
v -0.7593304121078468 0.71122527616533326 -0.046363264104211516
v -0.92507867952880207 0.90490831107744607 0.50800700547706346
v -0.60244573324077921 0.69352793913207522 -0.1185471514929322
v -0.73971984725991513 0.1042576839579394 0.11353743259083721
v -0.93703067362874415 0.89768684957730327 0.30788116042765368
v -0.83283261379022011 0.60453242167601051 0.025509229279018397
v -0.60732186664492593 0.29528399213310297 0.17651289893634609
v -0.68505594207619347 0.74708672819029498 -0.068072352629618652
v -0.75150503746703057 0.065950088534713333 0.14107215471900034
v -0.90053829997294976 1.0720718062102714 0.47598446040900211
v -0.74142558042854667 0.057513065530310339 0.18916045083893934
v -0.66486108134326882 0.049864031199872198 0.3643527681103107
v -0.8330054483407523 0.77154011575447534 0.41290369012438199
v -0.64978993909897975 1.1839670504357451 0.010818824140220971
v -0.73916092987390525 0.88979330255301403 0.6464680689689406
v -0.6363440014798889 0.29808514712771411 0.21794843922151216
v -0.64820213237607527 0.97363490909959471 0.64003831409069489
v -0.8175842884729333 0.5128959044100363 0.42081675210417985
v -0.90017511067372147 0.86839731324730418 0.32197248600443673
v -0.85550600104758434 0.55467729576961222 0.38553661619574864
v -0.64080266817936449 0.062360899180271746 0.29309910635769293
v -0.59080195731556118 0.34745660692359864 0.025317453109238004
v -0.80240917015595337 0.98079984295263212 0.64777214578571241
v -0.75938886137326389 0.37200871601255397 0.21343559473857204
v -0.92066265807769243 0.90201020513839125 0.45283453482395986
v -0.91369563795145881 0.98135841603309348 0.57079776799717774
v -0.72499858524307015 0.34880041963461916 0.14674419939366165
v -0.66109055623660096 0.73055906638745716 0.53513362685550769
v -0.94768957097416218 0.99134354257605684 0.25266200406002026
v -0.8036331855085489 0.57040945620519856 0.4700967395477112
v -0.63457062060227765 0.56581486073435305 -0.10907594631978515
v -0.76981018033447179 1.1727993982823162 0.59734339934970693
v -0.16630242354453398 0.028556095602020951 0.5515168924118502
v -0.15030882569543064 0.041942959064191397 0.61621461405834477
v 0.22848749678248564 0.89098739288593565 -0.063807643391424917
v -0.33340457368325888 0.035196011934715193 0.17116118994556315
v -0.49246022189726329 0.080347045802592429 -0.095593810608504109
v -0.27240320134723606 0.032304082656193465 0.6036811064717893
v -0.44733719474733813 0.16913492679457379 -0.055012137826354744
v -0.24159026642336079 0.26685146011634553 0.4927553033713713
v -0.33988087863755173 0.036071698368428176 0.45473728733369967
v -0.2452331495131663 0.3545472425229142 -0.28336231909520421
v -0.52838860469781068 0.16088089204735317 0.27553066822570638
v -0.37312966403200087 0.048959587470308069 0.23383693482525716
v -0.46981278059111325 0.11579441959484058 -0.1083624786354153
v -0.39471827776149038 0.029774540432956128 0.1579659727103174
v -0.33164154684585762 0.28886282635962279 -0.064470824990499498
v -0.35895915463220635 0.043995002725986894 0.55055009022065593
v -0.24362033147272483 0.053925582744373958 -0.22741079549667584
v -0.48803966244038299 0.040729684938612218 0.54610255468111801
v -0.46922107108921118 0.035954175043140801 0.51705101177284374
v -0.49574036871857829 0.22063211287688328 0.45551339985166794
v -0.2820673550165792 0.053161521378236203 0.22343433784196548
v -0.30245607060184493 0.0698582833283104 0.40376901384582159
v -0.19646227155842208 0.27632902263747305 0.55674533962691919
v -0.4353162507455331 0.10091132670286265 -0.20045689314099477
v -0.38967636383657206 0.07121559462604235 0.52635877178615309
v -0.4263265745299073 0.031231767963891169 0.14844134486275035
v -0.18761273026774566 0.24982985409900682 0.56616063944885353
v -0.25050431229837328 0.037277297112282733 -0.20927686066721876
v -0.32049797527651769 0.21302184708617034 -0.1031873883047727
v -0.29216473317534114 0.078491851925265074 0.038255567544710684
v -0.49682238068039347 0.14573959173009157 0.53707108276465154
v -0.33327134081715787 0.0364085181675338 0.5650560623852664
v -0.2798300882663774 0.36521256730014812 -0.25133338814236073
v -0.43854317066269316 0.036858754386856256 -0.0062487969743621075
v -0.32231446925122659 0.20305087808437258 -0.13079429728386818
v -0.29612854717218468 0.22341329161815657 0.46490360363381972
v -0.38788088143757465 0.041682755207421388 0.34363355241697968
v -0.45030241421943046 0.048737014979612463 -0.20165760189356341
v -0.26064642082144107 0.049104105957708463 0.50500864836475534
v -0.36292721333224559 0.038911909839788011 0.28558895558447644
v -0.36961700117878205 0.12896227798906248 0.52141677691371513
v -0.2489609498546923 0.11542556871668055 0.63457781858236295
v -0.24571900533728558 0.22650404907099994 0.4889537755750985
v -0.36825272155273614 0.045532448358385026 0.21292596074830381
v -0.35174945665784191 0.049483529850391526 -0.24581140758797623
v -0.4146286135333293 0.053988728804728055 -0.22709579437838393
v -0.41108302537273067 0.074865218478632853 -0.23017881026529288
v -0.24648394291291595 0.18099613634521808 0.58290103905830359
v -0.32137790771643704 0.02986820644653156 0.2738983355525611
v -0.43285363058146109 0.27175428843794541 -0.037659671283682541
v -0.43350754408039094 0.039143453801547656 0.028415511029768459
v -0.38799007515618489 0.040199596424689697 -0.2263907990095976
v -0.4158778654172734 0.18519780340110983 0.5002090221136849
v -0.24296631463138987 0.033649484134795404 0.54423173127621727
v -0.2752730978434213 0.31008369519218915 0.47117259860324889
v -0.33814084041607123 0.072095279123972317 -0.10608116074753825
v -0.39536996135214952 0.18041215013991374 -0.10916105944391485
v -0.34817093215723005 0.16883537576058819 0.49977987912090327
v -0.37104384943547647 0.082370956301648077 -0.04462635799524
v -0.12187906919844058 0.3661283711574756 0.64371237352632971
v -0.064542469984138109 0.079865384583409485 -0.0060751509653466226
v -0.063117665384253535 0.3187595405746248 0.6588179268934462
v -0.04755989684881539 0.38072426619673461 0.65835043855710929
v -0.018753696892712668 0.066711965560003791 0.14642819748240471
v 0.022518783698362577 0.11105781917457731 -0.19144452746550109
v 0.01674172603809608 0.1145756382522424 0.55345203105679208
v -0.10238199383126859 0.31679389251985446 0.64613665306965784
v 0.076219668056728154 0.039922897377793101 0.32083655903735891
v 0.16782123522469292 0.18047023568381837 -0.20150459457516923
v 0.14022466692951596 0.2076270108131541 0.60313506631348746
v -0.056627402572802452 0.72350400723686248 -0.18036631161205019
v -0.013140694576612391 0.37845894395403573 0.66290825110183049
v -0.0072924262712577995 0.73252807539496168 -0.16847012849888982
v 0.07084298247025253 0.15789742636362758 -0.21309808844042019
v 0.2020262395445826 0.13886114276558886 -0.17402071987464848
v 0.055921670813996377 0.57615209457793171 -0.28223057386257805
v -0.088953833266022381 0.032027326144757617 -0.13572502664456268
v 0.15118546298192592 0.26887379652799048 0.61203625889230462
v 0.19380013636585053 0.12516929965044499 -0.17764169729719426
v 0.052004542263567738 0.26163320436539689 -0.25710463385287696
v 0.036469384395331164 0.079282865537928043 0.0023593877581623178
v 0.084820123359898816 0.6936821479359786 -0.19987498156480507
v -0.10282143136901663 0.075794823792412896 0.45843423407930506
v 0.09991175862289306 0.38659166011275375 -0.26305336707640442
v 0.020157188469484489 0.19056439688710641 0.624240215094235
v 0.1006879627649946 0.20327882084771362 0.61452524208401382
v 0.17137541405099735 0.20887676567106092 -0.21884001808414102
v -0.10318634423782047 0.604101819386612 -0.31366383201559345
v 0.028213966420303948 0.28675828240518314 0.6513502472270476
v -0.063446514523473524 0.3373391011008926 -0.30248108939429508
v 0.16124223795186871 0.053118123321488672 -0.15052714677393744
v 0.17451322208380687 0.73708824445323773 0.5595972325712385
v -0.056860052260231234 0.21706596875228235 -0.26433751736073624
v 0.058125867529772758 0.027805970939343561 -0.1230666653443184
v -0.027796302449393084 0.5211134678642424 -0.31459087671860841
v 0.16581296345274077 0.25219133701229318 0.60253055648816967
v 0.14319950490167824 0.66533715205943633 0.5976538240371535
v 0.048447129268325152 0.51966120341445077 -0.29058724047598861
v 0.23255313989187032 0.24259183361181572 -0.21655913115210801
v -0.078250843256615216 0.28890089086274873 -0.28602233031179281
v 0.091348949711526725 0.069386315123318887 0.40150601506782641
v -0.028227058329396169 0.53835032579677955 0.67288546623926015
v -0.051173185948122209 0.17178094624437737 0.59390578822598949
v 0.21829156887027529 0.65358613004458221 -0.18418630091924398
v 0.0030012474424863569 0.069223307075437224 0.088406421424489207
v 0.034413072471383324 0.070765880126836725 0.42662955373753431
v -0.096331142297714903 0.54840984877187349 0.67865904282651102
v -0.10027578410327739 0.34027818253292125 -0.30388401705257873
v -0.019919148600366664 0.07057535562314679 0.12792289559489473
v 0.18406512586068025 0.034574014334814919 0.091580542462263811
v 0.16760650959948178 0.5316674490599328 0.63063970476443076
v -0.12065476819652667 0.1753686615028853 0.57772330333273814
v -0.034700817028476431 0.072603480250818919 0.4443539141533952
v 0.1356152632135075 0.028302784174684011 0.24157908621108579
v 0.10416871363257876 0.065234020505148899 0.37099542305754774
v -0.0017192637853574622 0.54831205396636851 -0.31424480690580364
v 0.1016266613934772 0.50995400398537571 -0.27781243639460834
v 0.19853790015795555 0.042565603273123795 -0.032128592860405862
v 0.39604140903671181 0.3149431278023922 -0.070475584893225793
v 0.50779917331902391 0.48645702864208101 0.264454400962366
v 0.58407785870174667 0.31286618668522459 0.040435728677700705
v 0.39967888678689317 0.24091014672103184 0.40836587661247914
v 0.55811869200103559 0.1494774160401692 0.08618120657974486
v 0.31843991404444799 0.18320862536511073 -0.07247976926572898
v 0.61832251828659002 0.22777509939363588 0.10164316066092378
v 0.42327722526145234 0.62601619623214289 0.4432139280563866
v 0.49336289412338907 0.2767450573008951 -0.0039988910307003451
v 0.38082743881135606 0.23179322266576319 0.42916516995113185
v 0.35290597013743974 0.16322321748130497 0.40442293629978326
v 0.45456809643820473 0.65851388866015659 0.0048659743538113122
v 0.60202018668130031 0.20146409626011161 0.29431533563469631
v 0.33178484304272238 0.93430458228517232 0.22619744375129985
v 0.50375153616467772 0.61886577439407675 0.13667422787408781
v 0.64730833722722303 0.37532669320022977 0.17147609031870245
v 0.42051122479246933 0.2563125325706202 -0.0022113118242225805
v 0.45774553204066315 0.35322248121315641 0.35904266776953936
v 0.37246937980825978 0.52593009547941272 0.50367866785822646
v 0.31001679757098982 0.026480160212476685 0.23119869969505966
v 0.63960317246375109 0.24839799799891601 0.25579392842792459
v 0.56193087460836932 0.14248893638176111 0.12825807919930224
v 0.41040623838288948 0.51030847272600532 0.45716569236895493
v 0.33268599676146915 0.59024570822581424 0.52824900041127831
v 0.29900336612957679 0.96223596188791527 0.21103207414514005
v -0.69438299805519599 0.35916737221070227 0.35450243165943562
v -0.91213181902919815 1.1096102828759506 0.30319031163363758
v -0.75480383878044677 0.90312319622739523 0.64736380234803748
v -0.60700010027822349 0.9141872986687456 0.54139708695665201
v -0.58619332528000467 0.28720983282318713 0.18690885129212906
v -0.63741957062776222 0.047640828294978753 0.30760429920914467
v -0.70696712436154685 1.0480999102920181 0.0090428645296081276
v -0.84633964871832901 0.55900144987308664 0.052612491686017275
v -0.71579981286416239 0.3452426359264692 0.3022467916746811
v -0.73248160297760601 1.009682787021275 0.66229264100297236
v -0.86050626292783883 0.55572323480520636 0.34489624288706827
v -0.82537282533974021 0.4770072684222027 0.10039033881192405
v -0.85376346449907869 0.68949012109836183 0.048226246084468398
v -0.90193084545460889 1.0642079965587794 0.51270832767297725
v -0.7166020009976134 0.86589148999287502 -0.0010273634862917175
v -0.67287030895870015 0.082254722651691509 0.0069265470189322307
v -0.66038065019085834 0.058759381297890663 0.2731672851912853
v -0.60744718359180172 0.16364059623934471 0.037704683315832307
v -0.79321372801592782 0.89116983663500549 0.61065240794699005
v -0.71008662562495162 1.2261478668353072 -0.1377858915508513
v -0.79157186967421167 0.52563755533817913 0.0018240500665313412
v -0.83393787207943426 0.68814065788177514 0.43890727764705195
v -0.85881303105278084 0.87377162815050513 0.58581472871086171
v -0.90483164064631105 0.87926879346950626 0.52924650541712548
v -0.85491501274627801 0.5288058859845246 0.11185222858052804
v -0.90285994420327964 0.60118232597235943 0.19667618407433113
v -0.84680805128376624 0.98888077057247115 0.62334465412085249
v -0.71150931980230459 0.068628443863700525 0.21801900665046933
v -0.64091319191155516 0.053069352739119217 0.53580536445139082
v -0.61666443337332455 0.037857943306772598 0.43276989655515058
v -0.88445414730879568 0.90058785127644914 0.13947460744330156
v -0.77198386850362488 1.0920713764424634 0.037637025176596083
v -0.59072921345480756 0.33573812806293585 0.040119039674920448
v -0.74770019059969439 1.015627314353706 0.016895714639392177
v -0.65276946426161231 0.31314037243266452 0.28731109911897812
v -0.69008431248051549 0.31921759884322753 0.25258674014131138
v -0.72208523729461471 0.74710461993165356 -0.051572188253760587
v -0.78059864000382218 0.40074454368448281 0.26551466744621566
v -0.7380708669516447 0.93485076497479969 0.01961736887301303
v -0.92659929310266664 1.0027389279367724 0.18505610025782446
v -0.71739006688102436 0.13724445602950025 0.10737900103769184
v -0.9345444129031143 0.9173980414912255 0.3613662486226184
v -0.80712730648626696 1.0658365697190935 0.057433759993915104
v -0.8766287523495353 1.1280862150918411 0.54203239312298723
v -0.72260027608216659 0.059000350427766912 0.20927295663177406
v -0.71172808459097581 0.37164129892141029 0.071865735388297186
v -0.62706484385441796 0.083147443410424543 0.29533784510589239
v -0.85522307433791067 0.73323533033320498 0.40449444246802324
v -0.8238370158358147 1.120382590000961 0.0862760643388302
v -0.7490996834116519 0.054551342331352698 0.14254620397884349
v -0.90469587877718594 0.7357518949089058 0.19058935141664252
v -0.93322392061975534 0.96877620115627794 0.48446939164431924
v -0.66451883739311035 0.042555692305611834 0.38948231013173834
v -0.69139510657706105 0.037595134967096759 0.054319020183352884
v -0.59513594323321728 0.20619899367910452 0.14691262463925581
v -0.6732048354400757 0.090838799336890666 0.43495826745021882
v -0.62863173646157133 0.48636379072089037 0.53210537816735559
v -0.72880087114719261 0.46520023438938868 0.47719296215662443
v -0.14460815734773985 0.69008953376986282 -0.25156990002599855
v -0.31731483305672586 0.03381864206403027 0.20183195004667484
v -0.36553964928012345 0.062746229316460553 0.55176616882824392
v -0.48082238012542611 0.035658885809679283 0.50147886062878155
v -0.32007028059233994 0.25584137355956882 -0.08590091193372891
v -0.25782427782117884 0.034984749493030889 0.6189744332434457
v -0.41201056584403273 0.048683554257877321 0.25503435371106248
v -0.20526297904866864 0.14859876223664789 -0.21885567070880391
v -0.50937712002661217 0.24340818967724998 0.25851486989031791
v -0.50758497266156388 0.34870862287224946 0.44968844897214466
v -0.36756688587111475 0.20398516587262711 -0.044338975330820894
v -0.42195065562344031 0.04706850158169773 0.17348412601871793
v -0.47687551779674919 0.13687388535278328 -0.041098285810692192
v -0.2503363457160005 0.069173234603391642 0.30948177054641646
v -0.35677163369033738 0.031558478082244608 0.37525661300284208
v -0.49170973047229383 0.21724312983297783 -0.013900738736821893
v -0.30824652066865094 0.2072054589093858 0.47746950893253814
v -0.25784283707561162 0.070170487109673593 0.34695858509811806
v -0.20900092781289706 0.18014631692946845 -0.23057713890708728
v -0.44349612505271885 0.15578435547527295 -0.094473365272850329
v -0.47906103659387927 0.044091350263169508 0.15665826341411865
v -0.50030603336354673 0.20753406234326446 0.46236711456667196
v -0.20053690850725964 0.21787595063019549 0.54293275886406034
v -0.27807352073307151 0.506066522803719 0.53176770026899378
v -0.28136229943982799 0.08555702351902586 -0.23229624533769391
v -0.30113437360408529 0.18772783470225421 0.52818749974777024
v -0.42488318235857897 0.042410175812639242 -0.022187986741428852
v -0.40448590899448794 0.29369477966480817 -0.037051950463539381
v -0.3614680535213825 0.28425918355483848 0.50072889555702149
v -0.42633938754738687 0.19495771333034737 -0.039183592969473255
v -0.4783972371516213 0.098188746058335677 -0.12921838895908266
v -0.52438103022557236 0.24588384625840851 0.32604316256479404
v -0.37279526807428459 0.033265789118224101 0.34284731538920687
v -0.31562715872773062 0.27442983717244962 -0.1264859539622562
v -0.27915839056203362 0.25189847060734127 -0.20612144616313921
v -0.35574162130762976 0.59440020529567905 0.54330929005309003
v -0.37990193639884628 0.058666103376890953 0.056803783319652641
v -0.43507396352577099 0.035048912982337033 0.39356796641400993
v -0.28852627325522517 0.29561153654182798 -0.2092986756994992
v -0.26222246371626984 0.19123448226257528 0.55213278284440803
v -0.45415240606286589 0.074131282034166246 0.55358615728540561
v -0.52260943449753039 0.26083721561312562 0.28180812556211721
v -0.52968333797693601 0.3141178957398682 0.38901255021777931
v -0.44772020613404701 0.17391751387005303 -0.042156547420076761
v -0.25000922707486889 0.078572778860773768 0.0079691972468810043
v -0.53017890634534537 0.219706520606161 0.37426919453281371
v -0.30140729996983295 0.036348312859573476 0.26155757683744124
v -0.27292298436115514 0.66087206063510329 0.55688204762716209
v -0.32278315437077915 0.043171634656406596 -0.23506400601195857
v -0.48822977546896529 0.041409191730329878 -0.101879237963528
v -0.52160055287018514 0.2107870944541001 0.42536880458399023
v -0.25581809903449698 0.17208325549384257 0.59071501515832892
v -0.27812813943119669 0.073302603720724946 0.41893444622126985
v -0.45749850108221046 0.35291610118767319 0.49093131042037258
v -0.46253628766514776 0.21862468456717893 -0.028654624774973315
v -0.27973773030361876 0.046767412856826673 -0.23092363360631821
v -0.415885982148679 0.71118764656047728 -0.14075996866766849
v -0.28333933798398991 0.0744912817557285 0.63286090333110556
v -0.27838147524591783 0.11141103907683558 -0.23310932085177283
v -0.42551948664188571 0.222038699002641 0.49468119493430901
v -0.53106753874240098 0.19314702746223081 0.45702011829906214
v 0.07587720896724609 0.14835853529850246 -0.20538298505826585
v 0.19374825417405514 0.024553745815062668 0.38529252066179731
v -0.093084455738535965 0.45192518609676485 -0.32359219606828787
v -0.086744499852603532 0.12739657985548519 0.5893857410676776
v 0.035497379090156302 0.2666216794723944 0.64023128124136941
v -0.048362462471027969 0.079070711067093596 0.023928365723279041
v 0.12854619716910148 0.31673957387571405 0.64133669574593988
v 0.10902042671044085 0.74982046158090954 -0.14789041868380007
v 0.0016810245219003785 0.02461194767085547 0.53693382730572614
v -0.053417974631700914 0.70381137214090961 -0.2256847505841014
v -0.095719290405701568 0.069337133177392096 0.2549120154741204
v 0.08182369553097299 0.62192585579701942 -0.27305821190103302
v 0.18051060044921571 0.034666699120024576 -0.073459077095029746
v -0.091007882729374726 0.15210957941908848 0.57414827994302053
v -0.048499845201301572 0.7179432769444446 0.57002148589100954
v -0.038408253980399799 0.57021064810365973 -0.32039226975074536
v -0.092378294072896855 0.62073809100625066 0.67159485022930243
v 0.097666600531620337 0.54209182338718287 0.66792028048280538
v 0.07153878302897225 0.050566065940131501 0.32626860038078992
v -0.068010694675543881 0.074957095528268722 0.10227915182718045
v 0.024107106381098198 0.152019071327819 0.57987192791460229
v 0.15837851316781015 0.16565429696599279 0.55273794240569185
v 0.062834369251784886 0.7180854123511492 0.55026314545241817
v 0.1186883562838775 0.030920584248298678 0.099983008724002398
v -0.039031439290390643 0.11547717809004041 -0.20007875700009017
v 0.010524621886744539 0.26927046964499018 0.63449598980407673
v 0.081200299656140326 0.022710732098377845 0.51253648725876733
v 0.14772124356276622 0.023528051670557559 0.047080741752360454
v 0.14243646446378999 0.60002759503621106 -0.25562490425303913
v 0.16176462746405973 0.63843884203525703 -0.22468242454936546
v -0.060912791954062295 0.50241166399550474 -0.32505340358269447
v 0.16821530215729313 0.033551618410653655 -0.10756708847568097
v -0.0434105230401906 0.70517310053692961 0.6020732539556346
v 0.14813904508827982 0.1319609849194763 0.52820556053915491
v -0.1178874739975717 0.2139155688443185 0.59820574977900376
v -0.10455861589159401 0.67346706464841022 0.63069009519325503
v -0.058587026955283748 0.52056396634248903 0.68408558664574326
v 0.21296125937631213 0.036333396992144641 0.19191285758708504
v -0.054538422741791791 0.55149288128098195 -0.32571494247577182
v 0.089329765714539197 0.029756886349636857 0.11756239287044148
v 0.054923890031955185 0.064922308552212635 0.42373809896757936
v -0.088215628005152383 0.64760148901621328 0.65816836885837282
v 0.072780451255667039 0.072723803880267668 0.36263219225719184
v -0.022380915135387522 0.060921137734069604 0.45862476298045607
v 0.011056970551756745 0.73589922503620031 0.53696446184933466
v 0.22099578374935816 0.65974660981204303 0.5691166994155844
v 0.0098666268469230437 0.038409757393566377 0.13110510648394885
v -0.089074395230753944 0.24647111471716027 0.6198298720658767
v 0.027973409050139387 0.056551586702441418 0.069356208640151684
v 0.074335891348426775 0.035441492465850377 0.026591698742361482
v 0.096118746401202243 0.14624032243524795 0.57797373849095213
v 0.16625623142323362 0.047842836852288746 -0.13896705725931374
v -0.089019434223610971 0.040160684444649132 0.5912269263338733
v 0.082472012692774946 0.23004347268709785 -0.25354163158740317
v 0.2144231542547109 0.6106531540368787 0.59700751467577473
v 0.057843555087250274 0.071414013700320522 0.0053983530949133704
v -0.048565870871729845 0.76293851216811459 0.53750151292226833
v 0.12761909845903191 0.1507619362283619 -0.20408612515708799
v 0.15273321014273145 0.34882488228512365 -0.25256564178788571
v 0.11253935209435968 0.028585694758056501 -0.11991998972770082
v 0.40431216252653696 0.30115012084780796 -0.055325639044744301
v 0.58755322493573636 0.28733548320054769 0.031303461493550046
v 0.54445812341140543 0.13077509508813756 0.10150372449574824
v 0.41097304370149124 0.10083332524241172 0.34920415273194783
v 0.64541379953756062 0.24782484022303355 0.1805092330721525
v 0.30580654479681624 0.085724932924081371 0.38699793217733136
v 0.35747135283351794 0.25964144112333598 -0.085721157210580226
v 0.42025319946334611 0.73986928380500883 -0.0063501901176758963
v 0.49926937680199851 0.52484888578632938 0.091067973662695617
v 0.47442861818843901 0.36873999685167125 0.054239191886689943
v 0.30494262681007173 0.18739660948419726 -0.11761954570411955
v 0.55180083563343907 0.36067915583254406 0.053283010712477083
v 0.38276530455763796 0.69596642229461025 -0.075082690446045569
v 0.33380156622268287 0.74166493959052227 0.4703999522531177
v 0.42698133755426659 0.61360477469598806 -0.064058413617928175
v 0.29119323628451577 0.22197868257112083 -0.15589119361546644
v 0.6444453839387555 0.30545954805946324 0.11438524826185938
v 0.33421055780077158 0.095409515121559346 0.36529202430694879
v 0.63089110077731192 0.34374909710343798 0.28992571247966203
v 0.33716385438401358 0.068308949605963218 0.33118063259610236
v 0.46473430048637032 0.34363945280576852 0.039863772065386716
v 0.4968864742513075 0.39125204488548881 0.29400515273992572
v 0.30018864853379468 0.46651163627401415 0.56666662465418238
v 0.39685123867989441 0.21237315386511618 0.39085325721534547
v 0.48241836772209135 0.55304711089791248 0.34697374776361128
v 0.34143977258942154 0.11982649196159428 -0.0034969979494353046
v 0.47484154954545754 0.10410948763421514 0.30521121606351403
v 0.2990503280987617 0.13400591943247986 0.45138255881159978
v 0.65374254748566363 0.36431630341417109 0.20442723645190952
v 0.39262092401905829 0.18207019582362186 0.38435444158032056
v 0.41723869379577572 0.26268729052233786 -0.0011072407856139224
v 0.33545376473621524 0.032086340031115317 0.23423005682235085
v 0.37064296121502877 0.75009717547034971 0.4353232020271397
v 0.41261908427945726 0.37479062009082131 -0.075278333401055275
v 0.50507199808029468 0.21062057831742312 -0.0083275295054812421
v 0.40907741448008439 0.73134382137549014 -0.034522000859409006
v -0.73406702928045353 0.37872154300168309 0.33270167972178644
v -0.59865549890599801 0.29300377715754783 0.14965404748841737
v -0.82683388224469911 0.96563802800330345 0.62691339531172763
v -0.91613557146701208 1.0159192503751697 0.1680739449550169
v -0.85528986134562868 0.53596542625188115 0.34123469703045273
v -0.67661758873327293 0.90640923108725802 0.0012349198047665914
v -0.63844806245115315 0.081030684852228765 0.2802525123503859
v -0.73945043653844988 0.069236529166292152 0.19235997936753005
v -0.94364798817542117 0.9425049441444957 0.3705072294825198
v -0.58352281752772084 0.10546895202081645 0.57233049918101764
v -0.73715743851839066 1.1555671456900982 0.035926888954303723
v -0.74884387859180201 0.37045139201674232 0.14090530744461713
v -0.74883015099085215 0.77468654410610194 0.48652259613415372
v -0.78888137691521076 1.148541521269143 0.055980884782504653
v -0.7073177641800581 0.81725135627336865 0.49499180343632182
v -0.83658607516572758 1.1656988869850264 0.12217788977252908
v -0.8707853927995336 0.69980632719852354 0.081177433773153063
v -0.7622638717547231 0.51310226800260172 -0.030195832028586039
v -0.78371782593876793 0.40315687341946294 0.20315494576398682
v -0.75360718569118834 1.2035555726751341 0.040927962014432342
v -0.90489680195689215 0.87114002859023409 0.20981173575878015
v -0.75576249672755602 0.95281254580039554 0.65985225110639689
v -0.65846115353819934 0.049588933545950051 -0.00020729916615669445
v -0.91070457911782698 1.0667962777827333 0.43414305849914037
v -0.59072561976236992 0.18631444937350836 0.052418737345587642
v -0.80359004332786599 0.69681169803569831 0.46677015630421081
v -0.7383144633968054 0.4765793680263104 0.47408067765279055
v -0.79580092006620096 1.1533633431083312 0.60161434926079838
v -0.85904149411245256 1.092128909986851 0.59125178976380721
v -0.70689774836598884 0.70122613624989283 0.53410500909184422
v -0.66062337896177947 0.54511313503845527 -0.10301929934962968
v -0.76022939484500396 0.88581754550929392 0.041071523073596558
v -0.82696641727532272 0.51310713649164508 0.048911631735804255
v -0.64305632188494721 0.13641375265973291 0.023866661242517434
v -0.91381090557671318 0.70774338657888991 0.24607999303809458
v -0.83846543487542802 0.46541571068532223 0.14453543837669022
v -0.74853906978744778 0.60780345537937241 0.51966820130825464
v -0.87040726119956069 1.1532392157935878 0.15319815377827692
v -0.61859342485563462 0.66969832038935861 0.56283103904883314
v -0.93069567659520702 1.0758207390212438 0.3321870561838054
v -0.90825672804686297 0.89036146578537301 0.36397233560751269
v -0.90953728664818323 0.88152080212702455 0.46930573763787764
v -0.84694896112820062 0.52532473246705214 0.37930119131656009
v -0.81888879001649884 0.96232827820975875 0.05633390660307
v -0.61692920329054457 0.13737261989614108 0.35791815235346125
v -0.67086088964156632 1.1774401112449726 0.012507630850597314
v -0.81485066918615456 1.1269032875118219 0.07853672722043635
v -0.73667615949382548 1.2061461013361916 -0.0048400020997922989
v -0.71331209217061264 0.13865592708206323 0.13883773978346176
v -0.88976795444292445 1.1300567050008787 0.38391825718821526
v -0.67708809444281759 0.04067048588618638 0.22587667769229366
v -0.57354922688190435 0.27119895063604077 0.05528339940181369
v -0.79075307789043736 0.48273912362852267 0.41665192461941641
v -0.66670302800027725 0.084522985206601453 0.36972200652184695
v -0.65091408378658311 0.57218935944727345 0.56255368086298119
v -0.69866127852656068 0.12801845010106944 0.072076630414439388
v -0.63863652364274504 0.73418569015636326 0.54226648102972341
v -0.77833968342706261 1.0021807798717537 0.66389062162997425
v -0.64519680967972637 0.10205493110772502 0.0024646532602092181
v -0.61385837968393586 0.17337342280636017 0.065183488576586318
v -0.1391941768340211 0.26281562821508575 -0.28580886569158054
v -0.14484332453875795 0.0704472322235489 0.33503565612103264
v -0.09651188435652612 0.92183602791365371 0.46886692443304723
v -0.15576021257198211 0.1378847665934225 -0.21089205200171854
v 0.26974603700095051 0.89467558049623319 -0.035992000749426732
v -0.25627107981716224 0.86066145596831845 -0.094892577546246235
v 0.25914358847487018 0.073148270324306819 0.0078401026894172506
v 0.24490658408853541 0.66145978372964065 -0.1696070728440589
v 0.24559188208870031 0.38593806659824409 -0.21893956501335823
v -0.36293437914951177 0.20056002260509442 -0.057998073589987577
v -0.49606858399089382 0.20128203963802402 0.47091928553076118
v -0.37217586754909643 0.5528692198555758 0.54638652876656069
v -0.27691461325201566 0.18296844105198079 0.54981629196234594
v -0.26667519511217419 0.32019025698018372 0.47277567524057945
v -0.19015509071768985 0.19055655817762721 0.5607791720357902
v -0.38425142466167062 0.06401414404397078 0.53145161579945821
v -0.23412723343388051 0.56767920822020457 0.61649518624768884
v -0.4982984274844498 0.74842248837532843 0.53062961731825153
v -0.40304089414895816 0.048039773567262294 0.18626525927959353
v -0.52445411216712468 0.039666138460966179 -0.045861512770997113
v -0.36801908346910606 0.034392356007133015 -0.18934926372658997
v -0.2965477595656944 0.084336970166546246 -0.10140800749084482
v -0.35542057446811159 0.32396402376732714 -0.055648674600263681
v -0.50263536720832969 0.055848812657077862 -0.071478554401438743
v -0.43091447910239739 0.16603073080961039 -0.10720753951530929
v -0.26097270704576742 0.049625046264505625 0.63811034738927219
v -0.4902547276322986 0.56109604855247908 0.56758243556493548
v -0.31849361781169028 0.59054034308422965 0.53882886327150692
v -0.24967136452747193 0.1266893939894278 0.62321284390741893
v -0.33909623943144285 0.04778381159869103 -0.12979693063348366
v -0.33399988331674324 0.081881193110533892 -0.24211252172877484
v -0.39612881881509632 0.29152357181782362 0.50744960153225394
v -0.46728162135810841 0.039003490726858776 0.53450136883398536
v -0.33779662039499669 0.1974212119504328 0.48275627019061579
v -0.31900423385827281 0.26332528083844808 -0.10579394622219297
v -0.41552538683822521 0.14344584217802511 -0.16744862187339693
v -0.32239835832443192 0.15434529365079386 -0.22029814107332843
v -0.41547991779792981 0.044887591136922284 0.17142810480865373
v -0.34643192213231894 0.090089481998647053 0.57103335090115703
v -0.38094795104650647 0.69996656595407813 0.52970543567148964
v -0.39698993369996993 0.33222557759582677 0.51852071533854194
v -0.34769849345534964 0.17716197484604462 -0.18384721968816434
v -0.31056400638772996 0.68577218637043014 -0.16629093377035284
v -0.32036968529029569 0.040470742332971835 0.58899682409094756
v -0.32951995625027108 0.14276494364616329 0.55473767628347126
v -0.39560313894067572 0.084046293303177783 0.5246269215710041
v -0.33409370185841253 0.041749240321511574 0.43636712082810064
v -0.4672153132094285 0.15896386835289109 0.51441679503964211
v -0.36607694448471639 0.15601656111076445 0.50222625579144209
v -0.44706405258927573 0.12759203515027812 0.53810830149966782
v -0.41239006649430648 0.035044243862699102 -0.16371518384328057
v -0.28479647425003984 0.13755364608703094 0.60370594332993122
v -0.36959553650355115 0.52547464063335159 -0.14304830727463771
v -0.43088755376578458 0.16611633998505124 0.50752650658046683
v -0.31451768853121143 0.13081742174741892 0.58879029894401547
v -0.29230247724728387 0.38093899515736945 -0.24123157346159255
v -0.20264709577654114 0.58769369195356103 -0.32173805999164845
v -0.33283332732451482 0.69570020491670692 0.5408700578094503
v -0.3384541484615366 0.33304570213113294 -0.083587203651599135
v 0.097489129410908051 0.15801077301622243 -0.20966914670644274
v -0.24114654340065148 0.055328967330267015 0.50135759038720196
v -0.39190888849291905 0.49584699222416395 0.54027718663018087
v -0.2758921305157318 0.073161882152506685 0.14509060287309619
v -0.48430230335104407 0.21535332039960692 0.47035168171271713
v -0.27134539886617487 0.17052332864848097 -0.20832603853226137
v -0.23359812481349312 0.051159931924949935 0.64217497445624383
v -0.25543925186297312 0.58686807285323628 0.57494360978454651
v -0.26431559467422544 0.076080404162377852 0.10262196590535744
v -0.49371194492109194 0.034222109987378374 -0.039072026961872175
v -0.41128460744519979 0.18349117176878263 -0.074299192683678558
v -0.20549494755973408 0.076969315156808937 0.042987291545946632
v -0.29781968830869726 0.31205613240314573 -0.19809680054599613
v 0.070280257707850138 0.61368930877511907 -0.27897104365305481
v -0.093870646551785661 0.074510967888418739 0.59539572911084515
v 0.10009988286635091 0.023527295550793085 0.0660073070575731
v 0.095035205009849577 0.027887634769690715 0.14277743422722397
v 0.18865275775514179 0.2292208524304063 0.57248831682610823
v 0.18548343072669946 0.039190591676808773 -0.07948935206843584
v 0.15257258865172493 0.12107722071306001 0.52793220657980744
v 0.086801330876575863 0.73968345612218844 0.53470574707199048
v -0.043600553259374918 0.49088234387601215 -0.32018207338799448
v 0.012698321716843411 0.39259968547574337 0.66953572610572598
v 0.18868692123628919 0.1563892607176223 0.52232736316767669
v -0.058545227846287191 0.57248714222806862 0.67711856906957102
v 0.08855452203257401 0.70068807531089994 -0.18173512380556747
v 0.2241906678617297 0.27250826245391491 -0.22167956909307496
v -0.073305089187489833 0.074872922611430498 0.44982833011338363
v 0.18435549802273427 0.03617135277387834 0.51227128203546091
v 0.039626265074746404 0.31191277134809503 -0.27145214873857998
v 0.14412879411707824 0.021349674053539699 0.48857088532453757
v 0.12110930389212618 0.48261677666219088 -0.26844840671677156
v 0.21474899066784442 0.3104376234203699 -0.22171637026558513
v 0.080859025599872528 0.25420765234812204 -0.25869449315182996
v -0.050371279757437534 0.73844505432737151 0.53750216034961273
v 0.057992361895099515 0.034539053926358934 -0.16629739279476391
v 0.10604818763233428 0.1744566674524349 -0.2252895201924725
v 0.027185941086653908 0.029520192617488041 -0.12004088117564177
v 0.13103773660407692 0.30248135461820813 -0.24418565099505229
v 0.11608808763400753 0.70560485323356947 0.57011112217908178
v -0.066853119493563387 0.071877490737071767 0.38080065362106003
v 0.16936867222711915 0.27441262750316125 -0.23967263610321518
v 0.067199859800395889 0.67632488304647431 -0.24233225581071388
v 0.078491354326365531 0.69496132697876334 0.59655094563000444
v 0.10926437864118738 0.026212669373326558 0.52372517341131353
v 0.22353530708334468 0.14980226895242554 -0.1497493915297573
v 0.21638125302662875 0.02564593360956146 0.40830063334470407
v 0.040997682945902121 0.33153967476076496 0.6642286099866197
v 0.13700237077891783 0.027058182082305909 -0.070675368055263338
v -0.021523491881040271 0.20139014226111593 -0.25825453078711991
v 0.062137834578165761 0.24171127258320804 0.62853413396785585
v 0.11245948045712729 0.24190562495271234 0.61863558089540982
v -0.065672026992497329 0.15786456711487704 0.57192200157512196
v 0.20645525363807396 0.08772497325520745 -0.12756561711278933
v -0.013678444941789734 0.068287972624640328 0.26549195064938474
v -0.11727411051887633 0.53938251700629225 0.67428545792993888
v 0.13775305325966741 0.023573586691948752 0.2952898970748829
v 0.070339080260141837 0.11311304088864252 0.54235158966857033
v 0.06980220441913787 0.024784501411057886 0.10787441846121629
v -0.039449205309606036 0.073937117805492072 0.11594023794182326
v 0.045269030846410915 0.17681227848481912 0.60709446962594038
v 0.010108426259859119 0.077859527961509786 -0.073282052805555442
v 0.120652147012792 0.57436383394704593 0.65774947202846035
v -0.041889892932426898 0.32291681819950846 -0.29624423395466826
v 0.014625662352895141 0.63367511884860395 -0.28517080470577738
v -0.048773589811801292 0.076728818542338054 -0.086644935251216734
v -0.058652506507345638 0.032022749135201027 -0.1617888604407389
v 0.04653927124343997 0.24403565446230946 -0.25331329751304871
v 0.07468201640191284 0.070101854852002182 0.40873306507462098
v 0.20560399269023605 0.073262921725436123 0.51624518859658364
v 0.22369581260372412 0.033104223248712247 0.45608322759422376
v 0.0058014463292011707 0.723248417735048 -0.17177229609268027
v 0.11996951743337128 0.68131829667527377 0.59297086427631629
v 0.60467303723778199 0.28734813796949743 0.054187733284132421
v 0.48618829457404572 0.13378044486664001 0.34375889611416682
v 0.55381728082337234 0.1461428361213262 0.28990718051369235
v 0.35095448310573873 0.14354676355830343 -0.010598281237248713
v 0.49682053884145505 0.39938016353589051 0.28900325400114202
v 0.58661288239739995 0.32696837628028097 0.34011861880281224
v 0.49486243721919315 0.59721166131710934 0.29149355456984105
v 0.60787527441469813 0.23567401391197346 0.076514574363975463
v 0.604462447246219 0.38373643870186019 0.091245933620236183
v 0.64129319045824484 0.24103186017427994 0.22430548412712228
v 0.41213763381737051 0.69654493806648543 -0.044794323847683733
v 0.53395756512925696 0.29748250397176595 0.0065756237360858191
v 0.31223685157893466 0.71379075073797338 0.50353717522201447
v 0.39059557978800286 0.060213001502921235 0.068471636022058788
v 0.47655392898510684 0.70862134261687426 0.1112896547581263
v 0.39763011215884958 0.53238264575453542 0.47718138595937637
v 0.65557298318947843 0.35098581019818498 0.18210768307152284
v 0.30228158360733498 0.54454861149357925 -0.17180598485990628
v 0.44364825748750847 0.19282713563235104 0.39193172890093164
v 0.40297593198337062 0.71630735702319359 0.42159803194841522
v 0.51576241016226432 0.22853795726973913 0.38564014350593673
v 0.63375987414279555 0.26017521969979535 0.10632855804794428
v 0.45705218348613658 0.61700055407259902 -0.025149034838491357
v 0.559812593974508 0.18377620274707235 0.32526492176351618
v 0.58959787443839695 0.16884148780768893 0.10548127007142498
v 0.40648085338018297 0.47699734466526161 0.46676574925456243
v 0.3921210407366526 0.24003594205514411 -0.017982283139083042
v 0.48801474845347148 0.16592551110807194 -0.00013521798889808706
v 0.3241956262219608 0.17820536575620363 -0.041602797911832454
v 0.54426378882331927 0.37131453957169575 0.32291797961041718
v 0.45913041153556905 0.076053233945667487 0.11623505516709143
v 0.37566121561238447 0.13347007451892554 0.37007346182254147
v 0.61098023380455535 0.40960776643426011 0.23660969930032877
v 0.43223010710140736 0.5602563160040358 -0.07636751768410846
v 0.4748648890311476 0.31942125621075468 0.029122076892460633
v -0.66087510606020738 0.79426783128779954 0.50892940990487856
v -0.72506345180185117 0.80961787669784779 0.49763378708896749
v 0.31694568560002506 0.94385320479031731 0.14463310791752587
v 0.49937491323233407 0.55027873314363129 0.10024191712029737
v 0.35528984711809297 0.67030779588708544 -0.098410513054570867
v -0.95266069729529046 0.97032502290443823 0.35829769867484573
v 0.37366546110240767 0.033916292044403815 0.1641280729446794
v 0.43621236556984611 0.29538761961814725 0.010625462890878436
v 0.50943524347100066 0.49039062327508876 0.17938966079028232
v 0.3497136693617785 0.625728876848201 -0.13493143787642073
v 0.55579230466907981 0.30756058830396932 0.36105898768555855
v -0.57871501967758232 0.18337444216874021 0.034510279866049577
v -0.85763142203993703 1.1625495113307491 0.13725404960884022
v -0.84763570952812939 0.47568139160017142 0.17834064662210491
v -0.83066246106820618 0.49891942209934936 0.36133286885938687
v -0.72738100056000488 0.97537270450147917 0.6673297471972659
v -0.73791929641192588 0.097946345208397012 0.17661080124260023
v -0.90644294982401941 0.67003491428523154 0.20266398142596065
v -0.82078700560018369 0.98525173373115826 0.64067038722668967
v -0.67801044401648658 0.066022205482076268 0.25515780344420141
v -0.71699587886764871 0.59072155484772493 0.53373689762232779
v -0.64719530719662854 0.045348287015721488 0.51937646765749246
v -0.89599969369920041 1.1337786074845613 0.23636271748476698
v -0.71901335603372862 0.074734282745627406 0.036283895669821924
v -0.61248958131443443 0.30831079133979417 0.12066688514847702
v -0.84343108518026677 1.0296825728517149 0.063050350253171086
v -0.91197366293571114 1.1258761358732705 0.29819608218476068
v -0.66328370788973101 0.15302380405490787 0.19214234140170922
v -0.71921801488094095 0.67085786359759514 0.53600407694947705
v -0.90823616364617299 1.0992789001114576 0.36573247934436359
v -0.65386774609241649 0.1159596969059649 0.24324114023387314
v -0.77505591463955992 1.085737430084206 0.65290324931080757
v -0.90653301988498036 0.90680126017853024 0.16035459968904148
v -0.64963065073208215 1.0154617561538719 0.61946785020291084
v -0.87893065630430001 0.86439038511089594 0.55020508534183166
v -0.934020879131643 0.97893912101567182 0.41051855803181148
v -0.6540107386567916 0.14162293129009981 0.43986092790150899
v -0.75198477271927133 0.066586627377938884 0.11767929621297626
v -0.65012724393060672 1.1706586713561176 0.023519911191103263
v -0.65397618706147609 0.76243803362334428 -0.08761015015621422
v -0.6723571601912901 1.0632539592396844 0.61393529935325308
v -0.65606049871937921 1.0250100081337679 0.0096745858241719419
v -0.75020956802991046 0.55493797712764625 -0.065191778896996969
v -0.59757458599425151 0.98722365511078836 0.55127261544202244
v -0.82227503115949652 0.47526941781772447 0.34247657092212419
v -0.89912077299710003 0.69806873417149751 0.34635322214700159
v -0.82816004898243278 1.0196687802242896 0.64585754210642765
v -0.67509948659073071 0.06624526760844042 0.48570927436733574
v -0.59849274691645582 0.9061688232208559 0.52133296592507905
v -0.66569256693957557 0.16328426579780794 0.095236549586619978
v -0.65781995340225929 0.059397010792530784 0.34941766342307762
v -0.63225392898821164 0.30046309612797267 0.18760734362286627
v -0.77525338364729457 0.86999030384136722 0.047637208070288338
v -0.89254819852214007 0.66390514495665875 0.14980325233527131
v -0.82786272555531437 0.54107331524050328 0.42890234557383372
v -0.89478029067305243 1.1377834720867501 0.45708764000006458
v -0.76533157016468478 0.71863239023869785 -0.039475886437900946
v -0.86008988103974016 0.5481295414528502 0.11123248663116346
v -0.62393877365021266 0.68976012263456954 -0.10101848229211836
v -0.67447107080709523 0.35940849913033696 0.048171078534949195
v -0.7167780993216295 0.33259890404263409 0.20601414294000409
v -0.88348184809205799 1.0882334543509111 0.5523361031453996
v -0.91071069855571363 0.6720766128840816 0.31482353356968651
v -0.68204250218531914 0.94384240166461808 0.0084143862998415069
v -0.90262260152627349 0.6074402636572459 0.30246385462126879
v -0.6811633933547917 0.10657393900238399 0.23040913081173053
v -0.92744173308057343 0.88359880747478936 0.30111510266914054
v -0.88251967374310114 0.61718637008817112 0.10191326689539654
v -0.86111042619460687 0.69835484763034195 0.40709205014482208
v 0.23327817441399559 0.25362341849690001 0.57088861202069796
v -0.53897651023428716 0.28602830536267737 0.3151588164376723
v -0.56256545796134794 0.70573034003119028 -0.13302275671701105
v -0.54149386005916955 0.5286641860292246 0.56768803235559318
v 0.27777491638390611 0.97250959918119828 0.30234139195629511
v -0.21968609953915483 0.57375096548622961 0.6369510271772868
v -0.3781500061760763 0.27933626330637423 0.50377287048379871
v -0.37605593693301143 0.33261899717862481 0.51859795201425618
v -0.42413891169552725 0.035830992106770841 -0.19766935696860863
v -0.22763807919749215 0.041328791386097706 0.63375276056283802
v -0.35803130054821863 0.15672110567606165 0.50435392592957395
v -0.37260454428244599 0.30831407094419611 -0.041927432635529165
v -0.50311141270511628 0.03699824794838541 -0.058518929956635629
v -0.24280242478188335 0.69051977732128833 0.54224837020382188
v -0.39853256981816476 0.61022805937218527 -0.15345388883244049
v -0.35416052045210444 0.62253848498208464 0.54540378532383926
v -0.26901150428680587 0.069060084681237394 0.17420825685427033
v -0.2656749126471909 0.082315274503408059 0.64079909265437418
v -0.19144149885733269 0.19801782874633203 0.55226723512052978
v -0.45333550439359532 0.03772877364079285 0.33369729948797183
v -0.45128283164910904 0.14387426741598872 -0.09927514120905491
v -0.40532365661478531 0.049620896271797124 -0.22916617128852979
v -0.35604260352693839 0.11930951294800138 0.54995191983604053
v -0.34752117052409554 0.031225861655086631 0.28455132112664527
v -0.25321635954247573 0.6924984012698906 -0.17884702607140132
v -0.37963669760776225 0.15940387563723063 -0.19720376144616961
v -0.2954665669622536 0.13913935809057215 -0.2295338344912973
v -0.52102235218162662 0.33579130075226421 0.42228190025594953
v -0.419730922314625 0.22435794668451431 -0.033633589974100438
v -0.25607934269816968 0.082968918396736743 -0.066444015358493064
v -0.31768701583988579 0.16793016398673141 0.54046635430064327
v -0.29638656218742621 0.73869250617233839 -0.15740757154013024
v -0.39117012645921018 0.59353526343278429 0.53721573404424727
v -0.50542171169903483 0.23319318287899909 -0.010231400506613799
v -0.27543691967089862 0.033792812042057335 -0.20420477054859007
v -0.22102005887077913 0.11549839778317585 0.64004337221908536
v -0.46957721766987154 0.50305549687935325 0.55037136605269688
v -0.47769373740340754 0.039100943500708064 -0.13087466576183687
v -0.35160896745309433 0.041003553062017875 -0.13569657690446751
v -0.29480245192429971 0.20292696005283978 -0.17574201672085829
v -0.37304785619085656 0.57527108226251045 -0.15018392302519543
v -0.51218962418867131 0.047355858249532569 -0.058856526053284147
v -0.39773192715200328 0.66593555099630319 0.53217615782384831
v -0.46253125288574526 0.035686352635293538 -0.1493186838443091
v -0.18720731979425356 0.052150258144388624 -0.21230074921102321
v -0.30208298714161358 0.57184472040089818 0.52977128625753578
v -0.49253525119488067 0.35531671638024115 0.46535810209891632
v -0.38873885701210431 0.067998310006016652 -0.055671460268259358
v -0.30759203141008956 0.29337349835913085 -0.14863692308745546
v -0.27354163702178413 0.071226209674739346 0.44463821228869704
v -0.26775187192394972 0.28789546951674139 -0.23894898086349875
v -0.33489318209737634 0.16627744116692034 0.52506910094867876
v -0.3405341249270134 0.35401556023659991 -0.099613188030722583
v -0.46863799711757631 0.70813313110515341 0.55125449703725871
v -0.38393709825473055 0.048403386841258902 -0.09487440038588614
v -0.42819097871508172 0.58196204781570704 0.54842657264582384
v -0.42140222107382685 0.30175408286221173 0.50621838369943983
v -0.35750669133195268 0.48817357239678011 -0.14618361213639083
v -0.52445920303738236 0.28976901125844023 0.38655432826231956
v -0.44014113970079116 0.2517131487382348 0.49253330014715901
v -0.3702659159070697 0.76460455412849537 0.50586743498696951
v -0.39329012916343054 0.63604187702707871 0.53514815981564801
v -0.40901011049792357 0.1987438727501592 -0.040238347045972879
v -0.29774734256900431 0.73879418320932599 0.53100394819770358
v -0.36874132985832836 0.77708023435073159 -0.12801533527524586
v -0.40339952562041664 0.05432662397834704 0.53131237268561038
v 0.1265939456129862 0.34883362825859981 0.64311172909595715
v 0.041710913987657472 0.028559008811462124 -0.14218403278892228
v -0.11894986269362119 0.56574573993609789 0.67621735185706877
v -0.043031387306542268 0.075461263551755184 0.084125083595332231
v 0.014071791942229624 0.77276692791224577 0.53997447897707318
v 0.082122739882709683 0.065424253252517273 -0.03329238284401153
v -0.039232625372759032 0.07001369057497818 0.31781841970913055
v 0.21776045347896825 0.12310892123235065 -0.15151448276245641
v 0.02275912992760689 0.029618465011443343 0.23739045448786331
v 0.130999009251378 0.53307218588410277 0.65350639184537862
v 0.044566377312080831 0.66979220596891864 0.6388378813636798
v -0.060295632743956884 0.31846904674130061 -0.29919325985612399
v -0.072735320867086034 0.6453035881082837 -0.29744540618504517
v 0.16315923402815621 0.36358378104490174 -0.25100653048162025
v 0.11712183425741934 0.26060368983271337 0.62128343613428794
v 0.05299981035732651 0.024009939517827036 0.10312470805850552
v 0.032993951324665517 0.70230520020018095 -0.20845199251089136
v 0.1503283926508113 0.30690093409675179 0.61451847377421087
v 0.11573711683835403 0.084272937237172926 -0.18194151501681591
v 0.13806731028440408 0.62185857149320478 -0.25017934316851437
v 0.061250440953685606 0.54400246182544965 0.67532897579373252
v -0.018956160218775622 0.082425915274290967 -0.068416476952461544
v -0.070030504659745724 0.58833536179618473 -0.31646241886760296
v -0.11050083665051574 0.78176856166372832 0.5339388781726554
v 0.17708476896448383 0.77503040106638577 -0.13072574351429267
v 0.076486040857725229 0.034114192525387325 -0.16686607647923818
v 0.12875865697141362 0.76340358076223591 -0.14267313606687684
v -0.02719896380185122 0.55088159406288428 -0.32086017504773567
v 0.066202433061000654 0.25955254398158417 0.6303876507572439
v 0.18771262318499846 0.04608879951696955 -0.097225542865631787
v -0.030064069911840578 0.18619283501668984 -0.25330611776133638
v 0.069715746544278784 0.028592488224653087 0.05224715878145305
v 0.19581594635542468 0.089055101140481374 -0.14583964025084806
v -0.1017014894476386 0.20590803625384496 0.60588173343221985
v 0.1629688689132858 0.66668806820958837 -0.19442100743286592
v -0.073329769999837688 0.032253565211666099 -0.16329363809684211
v -0.022530494433277055 0.64230332947464952 0.66275598614496378
v 0.065369030159554586 0.56347451592242204 0.67242227828792411
v -0.07955883215904945 0.48699244416021997 -0.32294059346845383
v -0.10414469746546455 0.36687739786803142 0.6387810579625357
v 0.10986616366319324 0.21703140123396064 0.61287834607783309
v 0.1447519815356029 0.73153912654610131 -0.16741393915680822
v -0.10786055161704175 0.2305722633188336 -0.27927216003599054
v -0.04498455423482213 0.52850535178300295 0.68160770122100423
v -0.057952945393445816 0.11456951003446504 0.58184614106876642
v 0.03111684611118681 0.29054268608021344 -0.27358999876697898
v 0.072213452560280875 0.021787242275231749 0.2459874707997603
v 0.095134078750937018 0.65806171288668824 -0.2439704274510594
v -0.099816345823852015 0.56962839778374741 -0.3280756009687591
v 0.13516929152533699 0.029368572768881253 0.52267379533593339
v 0.18563160694541991 0.22907808615586711 -0.23087633790847439
v 0.13317075404526035 0.33970568841482152 -0.25548759350209566
v -0.081192975124778077 0.23269209477749001 -0.27565922702963308
v 0.12429335187751989 0.041135210971248518 0.36397225686102225
v 0.019287843874417426 0.72844598089590729 -0.16851900984297283
v -0.098410353760196467 0.268482587626861 0.62521561080232724
v -0.0096923896565114017 0.24287874519132902 0.63590183170763304
v -0.033248942994789157 0.75559346247700698 -0.17057903695672522
v 0.16255315621295516 0.12384640742885701 -0.18973655449243282
v 0.13966694246903258 0.18244306157587392 0.58279082180054764
v 0.17537152168987205 0.33988034619791568 -0.24539999280279856
v 0.43940555607913756 0.31816832884680452 0.39658756283264551
v 0.56071310058718415 0.29206322569083915 0.011743436471377895
v 0.44808137582795793 0.1079891231305725 0.043234192327944405
v 0.39109382208937254 0.052755882307670442 0.093499410111295853
v 0.42410047390929001 0.70378870592368237 -0.026088975419275184
v 0.58423034108088656 0.42311487715465029 0.21719887344878538
v 0.47344967399149807 0.36001510123257063 0.33741011270350302
v 0.57823116427672505 0.14846733261700695 0.15060693893184265
v 0.34100792990753465 0.30915451890732654 -0.13457708254385506
v 0.51508845494738986 0.10173830859233679 0.13240632781634479
v 0.32620071032640074 0.30779574601568571 0.51210475221590024
v 0.40181850293395371 0.66575287206144063 -0.058061014478341257
v 0.49622707320740639 0.26409186551243757 0.38558665772140005
v 0.34114709265625298 0.69441602618876874 0.49695406643228152
v 0.49094801457580012 0.36596119157858492 0.31988832035590004
v 0.50442220780832181 0.52193591565053887 0.26711550208158913
v 0.5785389173773775 0.40196896946627902 0.28171729545566104
v 0.34464748774636933 0.079847091431587525 0.34287450932666763
v 0.4874309540489985 0.67643549695147509 0.23584801921921664
v 0.3025344150711019 0.53122985507626919 0.56174783029166497
v 0.29589782877068554 0.15454627701332091 -0.070242786806973087
v 0.49703276437400284 0.1637454287263721 0.36975383548698404
v 0.51287329571964368 0.16049235662953307 0.02075085709790216
v 0.30091955865754438 0.91704825963350944 0.028539491556686673
v 0.45973272792283582 0.5034567366098579 0.39234871217215639
v 0.4517977868252061 0.30735725762563992 0.020149629509370621
v 0.43628281885947601 0.34384345104515424 -0.021157052474739053
v 0.53109092230226851 0.12465442202129491 0.28369785755984428
v 0.30768247599781395 0.17659046818427743 0.45598234910630836
v 0.32522167065825863 0.2571127751228508 0.49179437260844344
v 0.5810452553938833 0.21611893541897106 0.046645345697732647
v 0.32173814814351637 0.22786075936538541 -0.1111719119696401
v -0.73724647752619199 0.7955731208174297 0.4925081403096056
v 0.33900818048761983 0.20364314162963898 -0.053097483365021014
v -0.91194462034138768 1.1004463887094309 0.33499888319109222
v 0.48915716240166157 0.6416321297170976 0.29954315905990381
v 0.62808590900340044 0.37170008912402469 0.27494566135536658
v 0.31752246617038388 0.14409911049921847 -0.015847594811294829
v -0.63427411610805595 0.15139114580341043 0.49096755048162993
v 0.36613914121919905 0.04547534630650276 0.25782979900204833
v -0.85651118699807594 0.99725207415154882 0.61751104815227453
v 0.35793967490534279 0.90926089305226188 0.18306173240543011
v 0.3761144084411423 0.1618706617341302 0.38069382962212189
v 0.43376063050695085 0.16183358894209168 0.38920094788320519
v -0.90833986905637298 1.1486567203035438 0.28200476249543932
v -0.66213722431778488 0.04646384957715706 0.49244283471677208
v 0.29585456624712841 0.11454501619243579 0.4444788405171714
v 0.65697213264697318 0.30825778867003767 0.21321702734329623
v 0.50192373477668317 0.38067602753562468 0.3028659472994778
v 0.44796030659292785 0.073670589450854682 0.24747369351385712
v 0.64479038058112503 0.38451317537679308 0.20683943176408248
v 0.4140687543376268 0.24288605086717488 0.38960591390124655
v -0.78389695049637997 0.72797969608914737 -0.018424709296651923
v 0.49747043253939383 0.64728005710174485 0.178205285865142
v -0.91567659398874879 0.65971207594002457 0.24489909305371799
v -0.66809868041398668 0.92198670413126349 0.003943261997254869
v -0.92838786449318234 0.92363225013329064 0.44688126386499211
v -0.92086074430916753 0.94468225760923308 0.17181687593332887
v -0.82746436041737348 0.7189906123009665 0.027417474405964537
v -0.60672578357362317 0.19271754052586049 0.1308354027681182
v -0.63576704326237066 1.1962098537482517 0.0018681454758395085
v -0.90599499891346291 0.60837442785940177 0.1639497073342058
v -0.86230603906095571 0.49530984133637501 0.18207957526278373
v -0.7226783194980142 0.042276573740811341 0.17684336277951826
v -0.69762951557348418 1.1879473720272646 -0.005805271314051964
v -0.65584175543615231 1.082353114669844 0.58518560019390387
v -0.74133706689384904 1.1244007230657969 0.033716188862825992
v -0.70293127047348392 1.0380676621407561 0.0078785809197174355
v -0.83479494361489071 1.0505455043468126 0.063338249863093957
v -0.69180561932794005 0.67350047523966605 0.54449866177854578
v -0.76722489976824659 0.99284495481189439 0.025088167991228622
v -0.80181543840580727 0.86562472164289384 0.079895856951054223
v -0.9317660613185641 1.0747347712782687 0.26035809196720788
v -0.68127818484331837 0.53675779602144913 0.53831717467181928
v -0.60074817944623216 0.62271756701303826 -0.12643763579664763
v -0.70103336181952536 0.079540554764393256 0.018512211627179451
v -0.76922047044738451 0.70486348703553869 0.48960236822446374
v -0.94479063134224384 1.0381419188232381 0.34578367863184556
v -0.81187790334880716 0.52404447735861914 0.024236476967954893
v -0.63813879262872453 0.038301728678670981 0.36633142548059311
v -0.77814848962353045 0.58837158655083965 -0.049629055739981304
v -0.82354949331575977 0.91253850338984654 0.62237365430398695
v -0.87288649448890887 0.86781638200485356 0.15020027112001116
v -0.83477542464351262 0.49868814335098494 0.072675552537566496
v -0.71918303521275972 1.2076971202493678 -0.046658091026241071
v -0.86226239044570197 0.50221135262818573 0.20978548715604214
v -0.59731633397961414 0.30319829969788331 0.10218488477495637
v -0.69289944570823803 0.33324961957999971 0.30240673966491544
v -0.85901332292898958 1.067396570737164 0.60601096068074289
v -0.8542577594057984 0.97278851311897419 0.62072878487871641
v -0.92169814207085454 1.0178533484695556 0.47404349336975404
v -0.68893390445550029 0.97107184012122272 0.66554615562974218
v -0.91931987786369296 0.91957874474144441 0.40750827756849528
v -0.89043244234749241 0.69247726444463276 0.36550879065975556
v -0.70465397328696799 0.62529797001067911 -0.080206482849741301
v -0.68385749937046303 0.06135175575135482 0.41178291120312172
v -0.62614989757755202 0.54133875903726936 0.55798672046986442
v -0.83155858768727442 0.91605941326132334 0.077605745833076903
v -0.70389273315689671 0.91716723018376711 0.66350762674833974
v -0.86411433732582144 1.0340589877248318 0.081958702287213026
v -0.58929033795827335 0.24230134520313187 0.10680207469048027
v -0.69358916820425709 0.041067922128891238 0.028355454692936873
v -0.89542666811380756 1.0987619322272713 0.44576460520532663
v -0.67737461947218847 0.047702175380929399 0.24823497581399614
v -0.75615819204040857 0.36760904959000967 0.18932211266098975
v -0.87086853722489765 0.61903494360796218 0.071697614012654162
v -0.63893938382820281 0.34004431491305098 0.36853966062932147
v -0.19667422486272063 0.070020872023494635 0.34011571019699072
v 0.28406479105905719 0.15885497426585216 -0.11411122088622205
v -0.13083066964732937 0.028370968054700216 0.5405209082744219
v 0.2579335770228387 0.98047197995498703 0.10299320819073934
v -0.52607818413683427 0.12988086658734632 0.56525236404568691
v 0.24416530364967456 0.58997043941160121 -0.1970180739880385
v -0.51812948469280851 0.032039435172791515 0.14711039360275988
v -0.55521637858619544 0.24670530081692274 0.022846507894668178
v 0.26232256911112312 0.022852663335997534 0.24388468013880976
v -0.12357421174053501 0.9690000700832464 0.012572394033379472
v -0.20709556995197617 0.056265324421395063 0.64036989725453719
v -0.37820295021576672 0.084169762622355454 0.53608368536036743
v -0.2878309768800203 0.083409585839841691 -0.061341967131627505
v -0.43322750253504688 0.56523749698823011 0.54728673268054384
v -0.47255219312055247 0.11472133389882321 -0.097830227519098867
v -0.44917089336160354 0.46703891337028852 -0.10590527777520897
v -0.48383404632644567 0.062215822120464295 0.56473725635121341
v -0.34622727492304062 0.11304034001856639 -0.24023132311471385
v -0.32022769853339644 0.078946201305751917 0.061582367420424076
v -0.23745468141268827 0.21403299855137056 0.50679422519065553
v -0.34113917972891522 0.65147701501167132 0.55210803927304841
v -0.46549556414431409 0.56501466133302203 -0.13421175125008825
v -0.50813408828333617 0.23150007082370816 0.2620853492913795
v -0.27389992402175234 0.032549636014028709 -0.16002316677819697
v -0.40376570489090924 0.6608194669982197 -0.1564744209024061
v -0.3961544998971282 0.041645959618143338 -0.095534021618638151
v -0.49892079813805457 0.033031466337959156 0.088595540437977641
v -0.31355476597293869 0.71530692630219728 -0.15622058431240213
v -0.48504468042143994 0.10679803163615294 0.55230964965270246
v -0.29324038662832247 0.57520902709067601 -0.28751592045525121
v -0.22014689032416007 0.20055726015793315 0.54038336342628146
v -0.49515743523237821 0.24640104509284233 0.44740225597335226
v -0.41310395426750929 0.14076044778389854 -0.17232781002133093
v -0.24114211369937155 0.036009858174500406 -0.14574313309589806
v -0.39311085964438824 0.19301749301018936 -0.055669507165625166
v -0.3157145870200424 0.47336240945013863 -0.26772309550809908
v -0.50238947966403724 0.081630869757669602 -0.056082011862847787
v -0.44068229785372848 0.12080182123300676 -0.16470633180844119
v -0.42726256123252632 0.17534508831128384 -0.082795108030836936
v -0.3075267061981275 0.33128476130949347 -0.17716069573406179
v -0.28857587331368151 0.56921618914176242 0.53402442953739737
v -0.4846379130230295 0.12112437821607812 -0.043698038712237874
v -0.42588960841638845 0.073203340234334169 -0.22255661888836517
v -0.22247198675469446 0.16021751462691902 0.61327229193521138
v -0.40096917993543468 0.21971953220385854 -0.032517685171007636
v -0.28610688188430511 0.16069224980116262 0.57836691984211663
v -0.35566770299424921 0.13158037123334601 0.54062473259256061
v -0.20117306177831198 0.64735936006838868 0.6000932779381144
v -0.38418890337211237 0.13348505537540226 -0.21955025062132344
v -0.51308660574091158 0.19563033060897175 0.4697090710026306
v -0.27389921977728748 0.54826723714350678 -0.30871748131353122
v -0.48081307302207821 0.12904600723022205 0.54334099516594736
v -0.1820971599244039 0.20813752904319308 0.55973158767921716
v -0.44148682544562196 0.32282768758966912 -0.049502110554721604
v -0.32804705698098069 0.057438273919282128 -0.24194047989829975
v -0.35245831854959214 0.028640769961389079 0.20490197864802806
v -0.31605861611474878 0.62417933754014854 -0.17807853918246361
v -0.41543436870854106 0.043259034640666084 0.52638903323602448
v -0.26792674396042471 0.56714723646933418 0.5572292364940894
v -0.43367777589138556 0.76128587575033391 0.53006793510470784
v -0.38759652818643625 0.064966257175738451 -0.24281306572480779
v -0.39812476014224046 0.55940534792734498 -0.14194268688837031
v -0.36810388193749127 0.19757139387814657 0.49225151735155814
v -0.34756878992142692 0.029464089595425558 0.32901628156331725
v -0.32654880543172576 0.6022482872494952 -0.18380391142185912
v -0.25743522165337396 0.083365897315745327 -0.098436509709139114
v -0.26039631342671421 0.19857739874387131 0.53810430101976292
v -0.21524868113683121 0.58440601264413727 0.6372261549381858
v -0.22967127924187047 0.069448270201582327 0.29777643986580088
v -0.19838469436335665 0.37411986265068531 -0.31781772184485146
v -0.059374036746679036 0.62916178750297336 -0.30271024997340384
v 0.057532973618071026 0.02907232969017581 0.063329435408363277
v 0.1620038835043621 0.1426993708131172 0.52760334648828888
v 0.20066336279169075 0.29615406187117033 -0.2263496123393855
v -0.10476676729227802 0.29893479445862303 0.64037427858832086
v 0.030753048980424223 0.22822468559856388 0.64160475524459104
v 0.18714026620852836 0.64150906885921877 -0.19837304111250051
v 0.21579171447579651 0.08364155766126849 -0.084215847943855365
v -0.056959099497304384 0.5533337541820148 0.67958914383180891
v 0.16940085299310537 0.68650762460629344 0.57832688995316206
v 0.0032958965527557955 0.02954176916631299 -0.14834484835995401
v 0.12818330600099448 0.75424781924669937 -0.14664841116307328
v 0.049535121353586335 0.1975321680258926 0.61908785330042337
v 0.042450109445710281 0.16171460020854281 -0.22863114953052552
v -0.079280304815293662 0.3733188801043012 0.64919372348772353
v 0.21814049209576578 0.63978981555422076 0.57624885145263183
v -0.031173548320289648 0.60293122280413747 0.67466098730950719
v 0.15005273743030878 0.024094201725749994 0.41386065193314253
v 0.1719403626854793 0.61217361097634071 -0.23428657473131645
v -0.017906340119954067 0.17999574481073949 0.60378614421945831
v 0.087288495910408437 0.03959268984149613 0.0010901882086099004
v -0.11660705413035109 0.32702871543207868 0.6384763746448433
v 0.12213554543219485 0.027702425960234627 0.33828577033354312
v -0.034719200458783663 0.72557885266992261 -0.17311983228176825
v 0.041146872257022495 0.076207623044067543 -0.06065061252414175
v -0.00025500414373695796 0.059375309680694897 0.25710054871001198
v -0.06310789203990938 0.026200272343618037 0.52240308896582521
v 0.035820692993373378 0.024621801543146003 0.15771757001127718
v -0.10223583453778795 0.075047157381853344 0.097009298409653333
v -0.01579757691664355 0.62249959002927913 -0.29897875219260844
v 0.018787307336415461 0.18844732851671733 -0.25055500125564945
v 0.16403283338378424 0.023380956372351734 0.070284373610045497
v -0.026166590364305849 0.28598941884044649 0.65016609532669134
v -0.091747796723897948 0.047858586056599206 0.59559650593658731
v 0.23325682620112828 0.12674245123596109 -0.11368060189263864
v 0.15447306685638112 0.3201698070896416 -0.2464257995664848
v 0.13681248935433368 0.63609633131724463 -0.24219143151777431
v 0.10641439163973225 1.0454106589148 0.250268822855926
v 0.15951050738333469 0.63976336923631238 0.61476282493713996
v 0.010497997420153738 0.078954487385972674 0.024324834908548264
v -0.0062168374801096563 0.046548788752107509 0.56828735785873852
v 0.012294421161295485 0.69366550276931693 0.61711317323105641
v 0.011184522706954574 0.033872047581139098 0.55562545450253664
v 0.22232095477364894 0.38392311020284781 -0.23492010522752424
v 0.052374892559860858 0.22977507315945503 0.62954932489767301
v 0.087330592496785001 0.19056336780630487 -0.23564382618323573
v -0.060891595455396109 0.7235684862175128 0.54624817783208568
v 0.17217134208116064 0.60144320991894518 0.63012017908231566
v 0.045632226480127339 0.12367471411857699 0.54763280263142422
v 0.23066569425961486 0.069039105929550273 -0.010771172343566218
v 0.20283270862405875 0.2202823178380991 0.56262104365765075
v 0.029040103104620352 0.063559883892231731 -0.19403713088917465
v 0.074043492416139695 0.33297871698634884 0.66225779544994767
v 0.016370912271887503 0.042329592458983968 -0.10145387158329336
v 0.21701063308660967 0.069091797038191807 0.50765728346377859
v 0.10281407678003962 0.02986569208775541 0.53107789212966039
v 0.018520466905394172 0.036885212059742385 0.11182391662610346
v -0.074247008961822819 0.73405326148912065 0.54024459865167429
v 0.083522875738760535 0.72191204871788439 -0.16003292331480218
v -0.06566289355197158 0.6511015943458236 0.65796236680751774
v 0.12108399692241562 0.16008165382826289 -0.20738627704838403
v -0.057201869264053587 0.48202505324169842 -0.32175647227993137
v 0.40483486838826449 0.3537669693448009 0.4555894120628422
v 0.39045619055752406 0.64678569422169463 -0.080178029882379584
v 0.60049145044174923 0.39988560586039823 0.27246518720861118
v 0.2991988229785974 0.17266212580851634 -0.10848558142585238
v 0.32349358219150109 0.083615865376987231 0.017486351742040922
v 0.58151827490114016 0.38407556375965557 0.30475822767410388
v 0.48517982784929592 0.33188165341354947 0.34184076438162803
v 0.47972908541255621 0.70400593559081048 0.21920289034771656
v 0.49596850691784433 0.52432178228331205 0.30904379335088944
v 0.44545506968945436 0.12146912264486592 0.02391675660186645
v 0.63895004030945524 0.2863607250167734 0.27942653621827312
v 0.50618074801769875 0.52995543449753835 0.2083082163679966
v 0.36886959466348901 0.1908147670695691 -0.017407520878937228
v -0.65051058064162637 0.1444394425184283 0.45438943031153733
v 0.57713722779724763 0.25873349108118654 0.35383288544480568
v 0.44369828417208185 0.33895366103620717 0.398032816615562
v 0.34550345912736569 0.55544045923505281 0.51696491005468026
v -0.69984484899782007 0.044869418240443076 0.21471643195327322
v -0.61599495291826811 0.18306723739143002 0.14927946879941534
v 0.52766342575667646 0.25307457635705116 -0.0063669403638304985
v 0.41748040484078675 0.052887963884892308 0.15752661434088139
v 0.41294223919967254 0.11691680370042443 0.36462240229736664
v 0.40319511186881335 0.23964613661280454 -0.011194466941723739
v -0.86741012649700855 1.0200352025275747 0.60486954919264724
v 0.44559916024937529 0.67494253937781801 -0.0011856207525509433
v 0.4517061589055445 0.28406122376175558 0.3674004589305232
v 0.33487210049798544 0.63189818068471892 0.52615309825635992
v -0.67237398729512499 0.046357332161040772 0.45577227442737295
v 0.65769375209460512 0.30987710579620492 0.16322821810232141
v 0.42649268165241561 0.088663724594744947 0.32289831401391539
v 0.5172581715019996 0.41085277913230006 0.24676628443542353
v -0.84340961926047464 0.88776815544300136 0.60613133638263872
v 0.59849815574856646 0.19776426323698384 0.08253126201419797
v 0.53235580356312873 0.11729744371311027 0.26139970457103362
v 0.43472844255672155 0.54921540128506519 0.42897676606414226
v 0.32062875548993097 0.64898197531813273 -0.14133902541885388
v 0.43990643335987378 0.20202920792837992 -0.023763111706445961
v 0.47351704142165074 0.35570994595747141 0.051645091920784141
v 0.61920181917731554 0.22404802119024519 0.286199371062826
v 0.32712390803262048 0.23988320680597666 -0.10710276351198023
v 0.4685439130307647 0.29826679309842541 0.36026859153782148
v -0.65331971440683623 0.70513003349882875 0.53989252758451145
v -0.90623064524415542 0.60130792728008409 0.21599607406379612
v 0.40066907473905228 0.33358427831147736 -0.070474583271361829
v -0.68365228423159785 0.77449264490943126 -0.063283594006834518
v 0.38495253384773465 0.53054902365265411 0.49254328822673343
v 0.34610299280590939 0.05256382652372369 0.29732235492461589
v -0.9432817920592218 1.0332455035835415 0.26841207624882507
v -0.76618271498825674 1.121030421225804 0.044940152581829179
v 0.4766253033715 0.67826723656579391 0.071755656756794947
v 0.37837482305951087 0.58886863700043779 0.5068298215118261
v 0.47861758961386758 0.21769173676441672 0.39261905425039878
v -0.90885621148589135 0.68832335122866861 0.28883633963072292
v -0.69772699908861691 0.081425583353454387 0.23221348364426561
v -0.82977604623703305 0.58828457584818006 0.44032483610422546
v -0.8206617402101466 0.58166440436142675 0.0042719590125606431
v -0.93499421937117988 0.94091224906673443 0.49531186781380082
v -0.73819099232700025 0.63830118665399627 -0.068344764933025187
v -0.71305151700316494 0.042413197388999117 0.043389347208212768
v -0.65253433463901178 1.2015758223942732 -0.031601524065282514
v -0.89741170331045339 1.0882597972723578 0.50378038286835136
v -0.83762182273652086 0.71039547161095384 0.037274992100214802
v -0.69270993027711891 0.840211752442663 -0.025640060414177313
v -0.69812766481421595 0.5145958822251403 0.51965594837250162
v -0.73929080715453366 0.043905350280478109 0.12824584152841911
v -0.7691707585391524 1.0655649549302511 0.66189913748021334
v 0.58423515267095616 0.42205965824524611 0.16840971057700915
v 0.6165771100097438 0.18759952206387606 0.15563699893754443
v -0.83190819441321084 0.68524108976508402 0.015598315004696033
v -0.65169728235640401 0.048912119675405007 0.34068845847589097
v -0.65358540366598161 0.31328047372298978 0.15441343100180932
v 0.53349227803726273 0.15103305599565592 0.050851867910346397
v 0.58979561060067387 0.15418305613989175 0.20041867554828255
v -0.62762121311875807 1.0664705455284 0.015878819020848298
v -0.70216151406252203 0.15182436105020733 0.15112833357667274
v -0.76398917796603971 0.49362549435166364 -0.013582806694403531
v 0.37479023084356256 0.24797660818387779 0.45230204615807235
v -0.77354690888548083 0.92842612668381042 0.033931430327377811
v -0.65089250327825321 0.051251549597351453 0.2835904412502937
v 0.45916410100358213 0.32553363468321611 0.030256191611011854
v -0.89859916621043689 0.98768950039725656 0.58678241939824038
v 0.33843120527156662 0.50497783644687733 0.52765247688177974
v -0.59459740788719007 0.14752518084806626 0.54209163693607676
v -0.78535856816496485 0.66707916675217727 -0.03919208397756755
v -0.76337306083026613 0.52256963816084268 0.47979320307634915
v 0.38359427998748452 0.3546289232137439 -0.097491806270765466
v -0.68052104110776523 0.05106590443976889 0.40945244603820163
v -0.74138272670667515 0.74932477792469576 0.49461528057960713
v -0.8544494984288743 0.63365961654416603 0.41189302317252346
v -0.72961455331400527 0.12195504821260715 0.10780107407305599
v -0.91007788019210989 0.73146835247084674 0.28617400895167283
v -0.75462462216216997 1.1215477736150552 0.63450476693031888
v -0.64598140735198584 0.03809916359375367 0.25080441576391899
v -0.65900823779185125 1.1507713518245004 0.5747526295306028
v -0.87714868064551488 0.84721359620719439 0.31040628731223729
v -0.73455158028812551 0.050782624703231638 0.069328389748978328
v -0.88728589363073451 1.0571258680833944 0.12957603589630742
v -0.70751462568296086 0.90907640078676788 0.015332063494435428
v -0.87319193099842496 0.64808622207545152 0.066888260908602434
v -0.67618279895787026 0.13964816386673137 0.049322169016875785
v -0.62881528886059512 0.09624195359093124 0.32299932024723493
v -0.70099151725277775 1.1581630177768529 0.026036846279968415
v -0.84669926524444372 0.85775023483831836 0.12390739337574103
v -0.95525287894699196 0.96792116827222141 0.32301432521011625
v -0.88630405543084745 0.5634537838886442 0.21235047062764884
v -0.64046975624496949 0.74778916278117868 -0.094362492599710787
v -0.91568095107671932 0.90142154778609251 0.17730273903226898
v -0.66387869652320186 0.11546499803967102 0.39458148316117736
v -0.94791926906997115 0.95804665469552741 0.24441829652057354
v -0.6292295906395553 0.5546063939436966 -0.11075721275090204
v -0.59359794721349579 0.058274009848217942 0.5744266623363441
v -0.17591991656620268 0.056386965927107853 -0.21154937388864475
v -0.51953178261945543 0.037426865327013913 0.40824172292137334
v -0.16512286377701174 0.037594444779903792 -0.13168459663785309
v -0.13909194343224962 0.069775919012624546 0.24105539404715251
v -0.57863378721339287 0.66221895258990737 0.57150967232836192
v 0.24059399132611492 0.79020248177794938 0.49290358870070605
v -0.56607877912026527 1.0898871094022875 0.038728923162041684
v -0.55790527481809737 0.7024654746525637 -0.13834539401146689
v -0.12389859572685769 0.65119119312732476 0.65406425313042527
v 0.23938434935335925 0.055545665348142509 0.48649114750289174
v -0.53462566283371371 0.047849042345843015 -0.05165087561247958
v -0.057214336706157672 0.38583077041529346 -0.29902841556691573
v -0.54951874678725154 0.1358577657497472 0.28497363466916742
v 0.25440053413479297 0.90248865241491194 0.43143451810372918
v -0.25083225464528996 0.21020111732083119 0.50449691114788309
v -0.24851575339138959 0.55581880579067933 0.60033680551595703
v -0.209820988315122 0.1791885624636117 0.58894236682444878
v -0.34898937450106177 0.54769521320211234 -0.17699475362598552
v -0.34412650129224021 0.21120928384999796 -0.039933507055711484
v -0.31106683913929051 0.03854054936503537 0.31143281257622668
v -0.3296070657262164 0.48300151258534468 0.5220131445975541
v -0.37170050687818079 0.50670928254870051 0.53581327591960037
v -0.31830003770522386 0.32762015875485401 -0.14289125106354039
v -0.41140514673234652 0.24523640420173975 -0.033406969433253067
v -0.36541918016152325 0.54038583316236621 -0.15278197803702948
v -0.36494869459009444 0.034524998307243503 0.51790763812454088
v -0.37420604883469372 0.041329439092540561 0.33514761284517075
v -0.40663650269656099 0.74013058007411803 -0.13699806619731977
v -0.32690655955381875 0.51733183898996027 -0.25183380980541348
v -0.30930054428537485 0.25789479861067505 -0.14844681949533306
v -0.21892987251544099 0.14857539766685454 0.62366834600604715
v -0.32439996074999272 0.23024806202495976 -0.066778359492191353
v -0.30004325605854015 0.033608142570516975 0.51480500314483912
v -0.22172864107976095 0.71775937609516127 0.54969308855393972
v -0.26340244354232062 0.07408487305632333 0.14735517730064468
v -0.47578106899468353 0.035618565861832617 -0.095163210511435101
v -0.418263592826498 0.62149329656308505 -0.15145822006650769
v -0.20195198819214985 0.61270173304543063 0.63178969807631924
v -0.19724254618540071 0.26319732897008963 0.55430765586794239
v -0.49103580885705961 0.67832278855734796 0.56005045241703433
v -0.27923010519435354 0.57824357087989731 0.54395899175565332
v -0.37104537241336927 0.60721111465341104 0.54342030747522951
v -0.1970961831869226 0.1534615414239989 -0.21994134198210741
v -0.3964250884031324 0.51323960018995607 -0.12059586016247099
v -0.2905514842864102 0.2612443417245684 -0.18995692143387355
v -0.33980681128680801 0.028236472458063242 0.23953497192139714
v -0.31523151873039218 0.11669575225894142 -0.23760422990480803
v -0.3283409179358559 0.26459100705359884 0.48105732500479026
v -0.41685218700148019 0.050674633650688555 0.00055906850775791625
v -0.50118767790625374 0.048080045234359083 -0.073812417294014498
v -0.2644827707688085 0.74214911318089694 0.53199146878198633
v -0.33299377574378874 0.64009574597041297 -0.17151091221839745
v -0.4610823106725403 0.03362705802812848 0.058364397881820303
v -0.4753214858202261 0.036588374092522816 0.46873873699352625
v -0.37167608429336696 0.044181669556982502 0.26066775346713245
v -0.29224374134092307 0.35814009415109554 -0.23471154283734286
v -0.52010708153056373 0.75021189330285754 0.53203061764446358
v -0.47918309352743971 0.57881201818044592 0.56998649886089703
v -0.44805017201785474 0.37175437554190366 0.502833654607582
v -0.2600348591316507 0.049407109333084544 -0.13373904732223724
v -0.4638278858178041 0.15918661381512889 -0.036987951722986502
v -0.40247948941911221 0.16967131886067505 -0.1525621670482866
v -0.059285358202974141 0.38714224684076598 0.65741093883987911
v -0.46904622297383053 0.23911386091367054 0.47546543402432034
v -0.26578659773900964 0.31343018015411017 -0.25196064843393451
v -0.35605508301857891 0.036757556693344469 0.22147537754844362
v -0.26801167000514359 0.64228295779960631 0.54903039321486102
v -0.44778515904811822 0.039900605052781618 -0.19725519250907289
v -0.52954878483525691 0.27313939071423993 0.30696127445412535
v -0.18895364564096909 0.71859922316424052 0.54962700204764714
v -0.36271503125837318 0.030291292849584692 0.34704123457643521
v -0.23259066639619655 0.03302805607037259 -0.15103714463751255
v -0.48956673984497862 0.031183611253789399 0.13417147293660614
v -0.47016630763407635 0.51239312672336157 -0.1161462781875711
v -0.23286514397159239 0.25577431261044353 0.50560564098810734
v -0.43160005005074642 0.18390891472162255 -0.048599180806194478
v -0.29396147132901534 0.69087586713557136 -0.16893390531621191
v 0.16497899945073247 0.13078068080668845 0.52354305588736161
v -0.042959740601662452 0.57938981068064888 0.67605594632441357
v 0.17528251741193271 0.035480884183622628 0.093123599360035419
v -0.046885912575250176 0.64260707956843299 0.66215869530233251
v 0.05133825007898539 0.029297573820639022 -0.11173354929790826
v 0.2054246581584733 0.64002729203061304 0.59108401339529915
v 0.17799390557771413 0.69083625100040436 -0.17645949910030481
v -0.0033391169607439476 0.5092073437996949 -0.30674059494124961
v -0.005157298913238368 0.68766544260128026 0.62561071037317417
v 0.033037902550851185 0.036294677495241803 0.085599144890809553
v -0.017014636931175175 0.074258712068405328 0.43153035631970244
v -0.06668711540786551 0.070858259206902474 0.35950951720185315
v 0.040062507466060188 0.023666472405660218 0.52313764826092746
v 0.10730979616221102 0.021347591928918015 0.48157598657243927
v 0.20217249728142797 0.3344874114487581 -0.2330889735121815
v 0.17532676771567696 0.66376708659846151 -0.18968985665638263
v 0.20796498025042148 0.22048307655279842 -0.21994900431390799
v -0.13202756764547349 0.29822773591390245 -0.29707796800950242
v 0.16136017076216977 0.030189517077321721 -0.099260142449116559
v -0.027593733592379023 0.24730237267383828 0.63486309667249197
v 0.15804490687006789 0.028460684391825503 0.25864829431371689
v 0.16011327047900886 0.32572616241938612 0.61640823989789828
v -0.026238096629446636 0.11504496298338174 0.57073649517640868
v -0.062453363842990696 0.065388658365273675 0.4646517840333847
v 0.11675272702007054 0.078850910619675654 0.53698036075149846
v 0.07309650609299162 0.59705390333725505 -0.28025131132615755
v 0.025324266196473114 0.55148246392858924 0.67582593273525171
v 0.18810695162442626 0.71272044736485063 0.56887051581501069
v 0.22906018296370725 0.037530398777361647 0.24133553146273967
v -0.037092016129201842 1.0075932191363715 0.37428229968735116
v 0.13384626756185614 0.12313147507345572 -0.19733691192015607
v 0.0022276759321000527 0.68466154044675354 -0.25214705335447818
v 0.079513792933108618 0.51892322901850074 -0.28721802453830236
v 0.083268028778384712 0.03469422395487242 0.44888688563770895
v 0.020021137097847704 0.13922787204727122 0.55876208971242669
v 0.13016338021088925 0.032856251324760735 0.35654354283175133
v 0.21921432962833498 0.25085005488036727 0.57242167457374793
v 0.18824859637799932 0.96135450072365214 -0.0066060927125281277
v -0.12272077103353853 0.72454857650825022 0.54367336087378049
v -0.012605347629577154 0.03881211244176163 -0.18336443596206378
v 0.1779403163248322 0.15418552047593809 -0.18850941814815145
v 0.14129088695812386 0.24637480320045188 0.61687202842060129
v -0.12379412531990737 0.75894590097407211 0.53049823373330607
v 0.20249541515564815 0.19039963774051916 0.54150278286315079
v -0.014377374964635294 0.057631184246591999 0.1813052005784897
v 0.18000392261107595 0.030721628874615367 -0.01425212641033788
v 0.089793066733216659 0.26487979863068634 0.62929539191316175
v -0.017191629940123257 0.57419505207286314 -0.31463054901525461
v 0.11626467842279652 0.62276453511697383 -0.2551114846082298
v 0.020210749532597449 0.029538964599508499 0.13960049799477695
v -0.095240009523172645 0.1909866974844906 0.60091515352221214
v -0.042140678234180058 0.039012765313386877 -0.11307906271244794
v -0.020951644000897756 0.72250042962196492 0.55685207298091233
v 0.20134130823478943 0.12272415970449367 0.52064432786260373
v -0.048704120710954486 0.67193523561207236 -0.27615410077581121
v 0.040854749282137268 0.033966913910676549 0.27953012990003212
v 0.029486878108115441 0.037894706407269538 0.55305779498356611
v -0.058988823232986411 1.0349958222986793 0.15143797657989352
v 0.10009376105633927 0.19422437887417307 -0.23708726741145333
v 0.48892069404188471 0.3755405352895767 0.31641859895782282
v 0.33930161668773867 0.29350500190859413 0.49217456155308514
v 0.48476484490992677 0.52199958612859698 0.34377794778336562
v 0.38437463562494195 0.37242551160873782 0.46953935428182064
v -0.62498078869809481 0.1618440543230345 0.48514675313810235
v 0.3144175716630066 0.73062712498204796 0.49222485940484995
v 0.3206624845616981 0.62056460396779589 0.53913394472084875
v 0.62347817347999257 0.27212431924592445 0.077566762393304109
v 0.35460549349165205 0.60578786108811689 -0.13856702110049698
v 0.47029583467154812 0.33614561283124839 0.040443765850956256
v 0.32675954821473463 0.1694294484895281 -0.026742644046668394
v -0.7660852904918809 1.0310762324795169 0.66919394665396814
v 0.38094713796100582 0.14155127205881424 -0.011539584640399831
v -0.77982618873027454 1.1261041466938373 0.62861834040454401
v 0.39257434599848184 0.069590157812269293 0.049052217237856015
v 0.55194398251526211 0.12479707800381395 0.22840566124079836
v -0.66011534005805472 1.1238635888136821 0.019852488009752919
v 0.37091355765971573 0.19653385816016797 0.41129354488108116
v 0.31738843049362575 0.92939369139769312 0.33039705291136306
v -0.86434917648876852 0.87232529943604831 0.13705318085524962
v 0.53523132776830395 0.41115110353854473 0.12523586654021429
v 0.39059384335212599 0.51213765489949015 -0.11665799811110567
v -0.88193311486567183 0.53862189073247946 0.28332871507072072
v 0.41676817494810281 0.29459341899146058 0.42431474052124707
v 0.53064535891934783 0.30870485040119083 0.36524347480338226
v 0.59786843322417071 0.24583127502847685 0.32927049022227878
v 0.36659047822214569 0.38304717083543233 -0.11921922400605554
v -0.84788494050749164 0.63752410110751345 0.033426723425065988
v 0.62836519088429932 0.21779719365970171 0.25922230258946705
v -0.87806449604466974 1.1521791699453974 0.18994383046126853
v -0.64109096084798178 0.89033195167500434 -0.030130424040555586
v -0.69419910546724684 0.11443518081748254 0.032094733303730895
v 0.59533193319068245 0.30571280100098874 0.34061186446946468
v 0.50102855874438512 0.38122713941133196 0.078374294608723541
v -0.75139016684283144 0.087524880693471196 0.16029776590785336
v -0.72806614463883668 0.043149097801420476 0.062213641104571511
v -0.82419103822268136 1.0306263387894798 0.053621085786205024
v -0.83099754703040585 1.1731707812423275 0.55881674428425965
v -0.93106345837759619 1.0579139353031499 0.37680584073601864
v -0.77380447655151441 0.48635668748449601 0.44282650098922732
v -0.59625157446537635 0.59727985661813765 0.57097104028905732
v 0.44899311035019307 0.30492110667306271 0.3678252252864701
v 0.60692904401835168 0.33998782371706976 0.06135998134984471
v -0.72107971421428507 0.77422284692621057 0.4981918777412282
v -0.73931278543529988 1.1811905728571839 0.033829088621928405
v -0.72045162314528555 1.1757237042913307 0.025543271984787029
v -0.88264351471584579 0.95605614858614996 0.096888764133365529
v -0.83217296321875001 1.1504289706627704 0.10998757216177796
v -0.60449548805895503 0.66439789305324359 0.56758123770636182
v -0.68291125060738433 1.0928751575760156 0.61614065402431106
v -0.93562029212732445 0.89567622637265387 0.25136000596667746
v -0.81134792608483353 0.64970220374666443 0.46060571238456866
v -0.66237263189828266 1.0558483599826054 0.0096622672999969149
v -0.77512004241827048 0.91770087031615666 0.64225728924791803
v -0.61107118733722943 0.32316376858816559 0.071947761861856349
v -0.68019936141761828 0.13427818866222926 0.20334924456833656
v 0.44821421653114402 0.51621724728974472 0.41413163371771139
v -0.60681259965385959 0.17817145789898012 0.17596064519589516
v 0.3006327676769906 0.21122200380920583 -0.14387286635083993
v -0.62659637115676492 0.41065276357391517 -0.046368923219402128
v -0.63828496555442849 0.04056195676830851 -0.0016256892509901261
v -0.80307258550273497 0.93637695998780124 0.62359137547216148
v 0.50043784886647835 0.58140626614121871 0.092338451150628165
v -0.58973350230383648 0.30909584052894196 0.07225458555029296
v 0.54564953866757382 0.33366060702378175 0.030869560544224031
v -0.6035378926349162 0.52400543678445599 0.54731194734555633
v -0.88458153122603356 0.57710519949591688 0.29447098392255777
v -0.81350177058507522 0.63680516167085077 0.0010775561653753262
v 0.29601349208221689 0.1023357595241466 0.43011721181957246
v -0.8998304806662526 1.1176899610949158 0.35855324903009789
v -0.60845486108209446 0.99109218841708635 0.56741672765745299
v -0.88927365486919852 0.57985848385029093 0.20277762545197697
v -0.72265243299271198 0.13159373441731595 0.16338439853710343
v 0.46488809177956658 0.30099944126413114 0.017320398882341499
v -0.89281504889026797 1.1108742209670908 0.43722603481672412
v -0.73066142772221165 0.56430522627965052 -0.077078751348570312
v 0.36092329689139385 0.30057023895300994 -0.10713496800714603
v 0.62364253922566804 0.29707170777562475 0.3090589636246725
v 0.29459623803139101 0.091839509344943865 0.0049063066572100729
v -0.85828082183319676 0.93871680547354019 0.62069278782742421
v -0.62313479281141682 0.037556274904028068 0.3211112001325212
v 0.3692206173545769 0.71441315625206181 0.45592159353088818
v -0.66111319626119036 0.60379827476881853 -0.10367072866716837
v -0.89904258850909857 0.72400013609256453 0.16431799631566643
v -0.60932052887910582 1.1324499603730191 0.48511778426808722
v -0.61447433424436682 0.3037917764243887 0.29536765673643167
v -0.86649273026817453 1.1752944922320265 0.52114805563545019
v -0.90838098420358704 1.0942679643793822 0.17681967052840844
v -0.6625487565423277 0.66850010054938358 0.54466112226641428
v 0.48444895912384717 0.59201788873539074 0.32511390021284131
v 0.42156613305949675 0.323628555492738 -0.037251398740373316
v -0.92612570342558009 1.0106884617199137 0.43529681046862784
v 0.43866466715171987 0.22231965183292812 -0.021851603664035841
v -0.84472998368399732 0.4826119544630425 0.2130542982216615
v -0.69217049971803712 1.148574345141123 0.60189329742091957
v 0.56597689196980616 0.16333135692962505 0.072114375593649485
v 0.43114651952303235 0.24794165567094267 0.37976676168809431
v -0.76670387167349807 0.97950175433852904 0.65449320974136949
v 0.43793772140393339 0.1308575149839997 0.0088449783596122565
v -0.63741806180950811 0.061740006233675239 -0.013385912809185087
v 0.33922656287848474 0.19283475798605165 0.44520778906735164
v 0.52773534353246709 0.23260710397517254 -0.0044805541568233064
v -0.90693924427672779 0.90000700188900429 0.39611194323140875
v 0.50024292781673396 0.25642716251591519 -0.012436047469936205
v -0.83678580558825977 0.47954382871683393 0.2888019440647791
v -0.70587152687523869 1.0272304710722506 0.65248541538875882
v -0.72474424946528215 0.62634609694254839 0.5355437247646565
v -0.66906282522218385 0.95669169641591656 0.65927919239420407
v 0.35981614652914606 0.13521407117462572 0.37444152110020884
v 0.50198802649750607 0.12892787419216134 0.048063552419703094
v 0.48542531081030033 0.096104562189990084 0.26797917330598248
v 0.36330185753490873 0.55861584742159298 -0.13900825689887283
v 0.36610901372641702 0.66042535928534929 -0.09383937840282025
v 0.44552381161321947 0.18188950685476751 -0.02043767751251991
v 0.43999681218488634 0.61496432018161928 0.41903976423863842
v 0.46096294214198197 0.5923908502041858 -0.027265611424163026
v 0.22587232703989821 0.027154503981144437 0.39313841914614894
v 0.28073310288688136 0.67499615030982973 0.55102412485576502
v 0.29531426942820055 0.75500315166374776 0.48161886485978594
v -0.14167047524002815 0.034051769299420193 -0.13353773868781535
v -0.54964431946084968 0.034945593587012949 0.19388992248028591
v -0.52328011142873143 1.0161385027780518 0.042969494883894163
v -0.1431332750258725 0.07688151185769504 0.47586536955324854
v -0.16730057522265063 0.10896850214083556 -0.21790521189216541
v -0.56401520875939026 0.062889105105295634 -0.043474270991226707
v -0.57321570438706171 0.037580974277747245 0.40965330077767209
v -0.14674886884677496 0.12704020644616068 0.61620092446591213
v 0.28352375645196776 0.6052248581267039 -0.17801532240085563
v -0.5586127282676564 0.26871369365417713 0.19440096687226913
v -0.15811882169119457 0.90409999869510638 -0.080882902618747657
v 0.25504959927470999 0.26972731468482974 0.56402304648662049
v 0.25995574985993336 0.10685191296330497 -0.014577922133069526
v -0.49309722722468874 0.42261772081110621 0.50364778632960761
v -0.59829724278006613 0.95358384742205837 0.55477674175598979
v -0.15443004375357666 0.14002642236025475 -0.21310653220741244
v 0.26424726853010511 0.019692542577230698 0.1269855735707818
v -0.29802207760055616 0.23583676209669058 -0.17013563918250285
v -0.34739902411772167 0.034944025407798986 0.54001385092738508
v -0.49466717936941224 0.037459992981725844 -0.071773033002770908
v -0.49938500871837477 0.033641668298080407 0.011112599497577862
v -0.45517226419078471 0.032926322789021308 0.08607429041394063
v -0.28761424843592115 0.58132882907959627 0.54094372582307415
v -0.32113841052673514 0.028517663598495349 0.22745610267294711
v -0.51208680905219373 0.57738967685389497 0.57124871214667439
v -0.34811797309635895 0.56914385785465926 -0.17537131256519731
v -0.40544304788848512 0.033315927499965321 0.41637138287083486
v -0.34223804490880894 0.044689198573833154 0.5716011012360066
v -0.28973909419821692 0.7623880431841209 0.52088728173966914
v -0.4833171014007302 0.6289040963001491 -0.14099076137098746
v -0.3122924255843742 0.032577257283902213 -0.16889327769871174
v -0.29528156753156753 0.17397857718267709 0.54347656294022695
v -0.38514582621188809 0.04286144356225579 0.33948565834015293
v -0.40264115952019586 0.51851520437166498 0.53284834128422265
v -0.44646897300440513 0.5556406132525773 0.55604261467292493
v -0.35170135352019771 0.075136950280802667 0.04893243203294536
v -0.34274757121961869 0.26346728437743477 -0.034099176342728396
v -0.33947141294835187 0.08435585093419927 -0.066520229952444651
v -0.31197346543123555 0.50279377036685446 0.51771065746689815
v -0.49507150579191095 0.098750940153243996 -0.043557912399110568
v -0.47512108353011029 0.36307149585393045 0.48246549186013044
v -0.44988413676296085 0.035508135923598999 -0.15433495648074297
v -0.43756892474255749 0.52453635713523816 -0.12195264525130173
v -0.21164555317409842 0.049524901002589314 0.51793528916181519
v -0.36513330139418299 0.03217211038701108 0.41970448787120168
v -0.26057136997922575 0.54601770788158333 0.57572087828340324
v -0.3178089194308833 0.21494433691095835 -0.10801560799255007
v -0.40676785994931508 0.16385649803864547 0.50811733211860033
v -0.30599032226279332 0.074899834153660416 0.09725347577138399
v -0.46005908481342433 0.036424640860867774 0.42192195842988156
v -0.2805932439415546 0.70022794927928633 0.55103072368462314
v -0.31806602731546985 0.22341736218505595 0.47037389963032655
v -0.43250490186319329 0.031768008492180852 0.37445871498103689
v -0.47468647845109746 0.67334997959450105 0.56214380618769488
v -0.30211100050868422 0.33553050605861989 -0.20996278889463185
v -0.36794495804664201 0.081377093693195443 -0.24202109535510702
v -0.48442178893313476 0.23707714473891253 0.46177222868870166
v -0.30734938904096731 0.084849881753301312 -0.093815634473278703
v -0.36090028722243872 0.038930098483487829 0.31248524586142529
v -0.33492619411535218 0.55542237835296271 -0.22102005629003141
v -0.43021073323140913 0.047456535199642193 -0.2131231105113974
v -0.32860556986269385 0.16041210789717755 0.54118864507278375
v -0.3687515421771031 0.034095103141991226 -0.20693898889468218
v -0.19571583786463051 0.67125121295033607 0.56450077393273645
v -0.34422653660611602 0.032232020894198181 0.4778206955287409
v -0.37701805168267599 0.7046873645191456 -0.1487957760038747
v -0.50245808628054056 0.26127661372491506 -0.020987552868215426
v -0.23401853989414084 0.65162997831855485 0.55569432669312746
v -0.36098748269593234 0.032023445254013905 0.20116409492226223
v -0.46372085190780027 0.047660410663706354 0.16571554162233265
v -0.36499657964194093 0.046042359466489248 -0.11728926710293043
v -0.21597705238278242 0.21915713324228234 0.52543483031418214
v -0.40502045820307336 0.034059857525707032 0.094339455467703837
v -0.46301901568319426 0.33018446975935051 0.48231455015959834
v -0.45119920034199756 0.046156851112585343 0.54373251594252081
v -0.35265542229295754 0.064661581144814045 0.56528360747150752
v -0.44219811827443767 0.1950467144168094 -0.035472121450241693
v -0.32703077108117423 0.20051300158624841 0.4812339551130656
v -0.34621853601379438 0.083159629569676596 -0.029811378562920376
v 0.1532371894896927 0.033100894778743742 0.10627790460483912
v 0.19802522867221081 0.21098387198512603 -0.21600778161750184
v -0.014001874052097024 0.072209745285777144 0.43854527254736964
v 0.19356134016580218 0.31360677917777097 -0.23003514559627469
v 0.14910299358533208 0.025683339805089248 0.35631153222199918
v -0.0081059593034320913 0.1448265269276218 0.56654221749493094
v 0.031960663864209704 0.67451786786875156 -0.25642982798295688
v 0.1356601763683104 0.6010773017459331 0.64215328410701433
v 0.22075889957661637 0.082100994534382965 -0.062707554764710655
v 0.12196328725479401 0.28218979769224944 0.6254192959499304
v 0.11335109302508403 0.11245308739722711 0.5358650065574313
v -0.01639980397041356 0.75318575893969586 0.53894028071845546
v 0.18160897240904844 0.77167481760752632 0.52371250854154372
v 0.069663642122792552 0.31091937351591931 0.6612481742596521
v 0.048957361493409714 0.70975852248162208 0.5825295325636104
v -0.0061116092136639663 0.70537122291343091 0.60088054710467742
v 0.11381095281812501 0.67816648730039764 -0.21222433582959094
v 0.058687707564393274 0.042376100271696082 0.54757990994614603
v -0.055853155380367218 0.13834280088336953 0.57022574910560753
v 0.097488126180587401 0.025922796945082014 0.45484891460356952
v 0.07001980916065137 0.73272246272388497 0.53651418840340126
v 0.16224373847037768 0.59367292123947912 -0.24749148075688177
v -0.024939832362967658 0.06862085769747775 0.24188898238134227
v 0.2081448823352795 0.033065989465582576 0.029173884224882148
v 0.02107988870284502 0.29531511975301195 0.65644356807815063
v 0.19222737214471783 0.0230841807411689 0.44935955308551129
v 0.2129608713940348 0.047738414279965412 0.50077958574395121
v 0.10453673565511877 0.037784665783424189 -0.033240611473273174
v 0.031602104529992757 0.071971025139127204 0.038599987617763731
v -0.044360972159439613 0.94612947856872387 -0.051174207983110433
v 0.042629116188198465 0.34753418911951417 -0.28358137730835603
v 0.16534851622251609 0.68789482396880319 -0.17806295269723993
v -0.040316809823068997 0.85857984817538324 -0.13160762160779921
v -0.026652675777923188 1.0288261741374125 0.32846439824024332
v -0.072131970566772702 0.11919095489531255 -0.20306786659479861
v -0.054315782520873636 0.75754430602070288 -0.16868612311720441
v 0.21178751944713756 0.11184016940612194 -0.15387137396544215
v 0.050816521171796712 0.058985348075151767 -0.19001451394650279
v 0.16585275013778569 0.51368858612193324 -0.25000945169231759
v 0.012280863383105712 0.061312607257710185 0.087806339583766727
v 0.10498764809077939 1.0185894256495547 0.35596742962062888
v -0.011394772150320191 0.074325519272027601 0.08945349629003102
v 0.093222197682182928 0.060055098767754132 -0.18415208612027298
v 0.082508402178342793 0.030516893727344594 -0.094550921986729694
v 0.048686790656758086 0.95468355172273334 0.44290956996335185
v 0.20285147474992155 0.76746505601795911 -0.13331919410984047
v 0.042240394785110866 0.64102286797151242 -0.27334573011470459
v 0.20884265922989667 0.29737258583178827 0.58106165941307863
v -0.006024204699224555 1.04351255881507 0.23872435931667429
v 0.15424151740657732 0.35430792426548807 0.62998055794347296
v 0.058266728102747467 0.51078960148003538 -0.28876246992486715
v 0.010192326337109359 0.66853082531431351 0.64259726421183505
v 0.065257124570226019 0.90184562294117576 -0.10816135152214816
v 0.017684472815145021 0.23940119290660497 0.64369618518599181
v 0.068115430099431259 0.66222227511543397 -0.25782694426307634
v 0.072871629642263722 0.64640203002661112 -0.26653397837366466
v 0.046090399929276389 0.13252507818538417 0.55519403484174434
v -0.082825125839249406 0.076313899164391241 0.066094951317776179
v 0.18572897921489465 0.20974577382725271 0.56414463209470345
v 0.11520940428745674 0.026750465512928895 0.43705515509913756
v 0.12205899036716635 0.91085051418199903 0.46516841628649924
v 0.090415770104805226 0.040802646169136862 -0.073143608809674202
v 0.091627037678985376 0.24390503058038654 0.62335251631997424
v 0.50352073792182983 0.40397911940630959 0.27463874035089897
v 0.64758167492410512 0.33114923917413885 0.26114278863435275
v 0.30082019481799882 0.74926572481267451 0.48345440891647895
v -0.79530838883022248 1.0172386104560485 0.6642105804007995
v 0.63578366024869104 0.28999463153814981 0.093836090446144327
v -0.81224320344179346 1.0020712187742968 0.051313707774617981
v -0.61297982851557531 0.61065989799628972 0.57425508732031771
v 0.35274183083928551 0.90135745828523184 0.32531966912042048
v -0.79841173902716334 1.0813553102490145 0.6477580326049508
v 0.62594032821954437 0.20157495438735404 0.22345254955146879
v 0.55935884296214555 0.28149666572268528 0.36457130906100604
v -0.63899749008804774 0.38399280553931769 0.0030595137681926456
v 0.30755781113031572 0.56159872826751522 0.55965846719315504
v -0.9133200118402689 0.86732162939510926 0.26457484756131194
v -0.58537467668464738 0.28507301792577527 0.21430250974413562
v 0.31557241152348947 0.30699975712088745 -0.14847926443765233
v 0.59531590288399705 0.3123896491423081 0.05220686058708153
v 0.49599759864461085 0.28404517149339603 0.37750899660923076
v -0.72751705516526177 1.1904924579096441 0.013656869236403501
v -0.7361392065341601 0.37634378385867645 0.10315145484342633
v 0.56596106872833607 0.40591223927170367 0.10940464015325306
v -0.71153379996179289 0.052905234586389092 0.21726398998963325
v -0.92937315107626883 0.9234706380033898 0.5319448812520553
v -0.84361994207064117 0.51401008363226697 0.34773943210778618
v 0.34697004537369452 0.60655919891678511 0.51972097678222773
v -0.79983696058049758 1.1185936609761302 0.064223071921276076
v -0.62634865455935429 0.087280612313119052 0.30885558336025942
v 0.61172455357060951 0.19158444674438502 0.26708937279083139
v -0.63222264008402351 0.035693748603881692 0.21156418610262742
v -0.87855059742808228 0.66802720291297457 0.087016834024191012
v 0.32165731284847671 0.52231836630447515 -0.15606152381060129
v 0.41758160891819679 0.15932245744670145 -0.011773416152132845
v -0.72439994634060745 0.70693641293896003 -0.06539653721442458
v -0.8911010540225438 1.0249881835130139 0.11423331499244604
v -0.7050632029201902 0.044562670961948041 0.029650020375930123
v -0.68120628030010122 0.035438905571258984 0.10209636609975778
v -0.8897869726243689 0.96989394139498453 0.10298128015587542
v -0.90514163004369963 0.89715190717502746 0.41625131913311747
v -0.90462137304820434 0.94836540387665036 0.1361458007003781
v -0.8928935682970629 0.67563969967485049 0.16200499412863753
v -0.62302171926920624 0.053876378384471388 0.55109663976583034
v -0.6817833660220689 0.05311786810570393 0.43448229443032066
v 0.53563710096801254 0.27991863488076751 0.00033363637007986644
v 0.30582291877081275 0.15194310130658534 -0.031546904736946442
v -0.9093585315875703 1.1312334500587424 0.33332059574512141
v -0.86724383564881069 1.1408978766802986 0.13682642149981414
v 0.63157219099946416 0.39904044145591938 0.17321930007043618
v 0.47969387157907811 0.52674808277697582 0.0385508159118449
v -0.71030047044232225 0.10810739290368458 0.065602752928579783
v -0.80635246234199875 0.69411652208775831 -0.010474136297478637
v -0.71246487653152402 0.3991004863114076 0.045750208289878372
v 0.4415324802230392 0.10650941305768077 0.34286737607991474
v -0.76561587191397606 0.39766860451552338 0.30672720262002456
v -0.70991924386183147 0.3538264460269705 0.32698337116331605
v 0.52361290141164263 0.18359662362952919 0.3625835132808598
v -0.75330793449783051 0.06133145569133789 0.17215999721908556
v -0.84557097655829849 0.56533709547132938 0.41310705413162163
v -0.8787868456640211 0.5855012511819212 0.35011426345261787
v -0.69998042764800195 0.34805483001484905 0.10447021279912268
v -0.75096565061621823 1.1789219934720812 0.59550913583351628
v -0.75409066764698385 0.7570528972406988 -0.031580343881777502
v -0.61713689523315984 0.10223138966209104 0.28121904149180088
v -0.6275507368840938 0.99305501261062856 0.60257177880189861
v -0.70423525979057977 0.58560051612015807 0.53907932554163629
v -0.90681308488902401 0.60255831245195468 0.23701038400616695
v 0.51775644510555086 0.27495036184690053 0.38099137081174084
v 0.3786246856580327 0.26970133357404508 0.46114645616011496
v 0.32085283306636742 0.22351245001897357 0.47604118714681776
v -0.93400377257364542 0.96278713058656562 0.51555958271728652
v 0.38385231352163984 0.6532618739910091 0.47912729581814767
v -0.79487242520131884 0.70862805963174846 0.47137546530673108
v 0.37807836360945052 0.37397884956842359 -0.10771401107479489
v 0.53368979027061147 0.18354505913261443 0.019584457788961049
v -0.63862349130495233 0.88468723275701422 0.58728259559131346
v -0.61968397869275404 0.18547234263040607 0.12553642438576912
v 0.4114816228038008 0.53029196280898405 -0.10250177650252275
v 0.487466922834281 0.66512948487714829 0.092728958898762384
v 0.35839323596365891 0.90073516779819052 0.11201071943079523
v 0.43877827646703321 0.53695300795814516 -0.064835722303524024
v 0.48159567324722174 0.67184405786184687 0.29473846428785039
v -0.77612349582941187 0.39266275353047081 0.21898724222398946
v -0.72856954886683656 0.9138135272297977 0.021916515040124127
v 0.62715423450216479 0.3789296863681309 0.11251547296610677
v -0.60773810324230715 0.042640553267523688 -0.01545554599522443
v 0.37650563962146277 0.090815150609239892 0.018339182207172129
v 0.38771013974440632 0.20758321609770242 -0.017797063326831734
v -0.58662450392001719 0.26762538171156647 0.125204364737035
v -0.74199987852110572 1.048403121041305 0.66388002558240311
v -0.84373012035576711 0.93862040875186836 0.078600295937960127
v -0.69775524805399847 0.13822932445908642 0.18646795177921932
v 0.49310891095479942 0.587702044971948 0.056431205102672355
v -0.86365573558641362 0.50219807964343421 0.27883351192485267
v -0.87283934571785304 0.56536411272297349 0.32648846237969814
v -0.89520353064818314 1.0911113987612564 0.1466015036840316
v 0.49049792968341882 0.08649013665352985 0.19548348936230184
v -0.67197619437682343 0.635569760057906 -0.096838043437217372
v -0.87570313793237287 0.96124178810501693 0.60972456714202106
v 0.42414025960525026 0.095238572996024867 0.033574497360888383
v 0.373439838014331 0.6725340705885996 -0.08412559961789734
v -0.65241252457061605 0.12800017962490032 0.38721503821931397
v -0.88480722308849691 0.56643455569594325 0.17307976329268965
v -0.81404166316291016 0.48316080828399155 0.045508050761294459
v 0.45022523692921002 0.15155790240263209 0.38602217961656238
v -0.67643517476492676 0.31626574088501813 0.26653503367899983
v -0.72985792534132221 0.3445984339621263 0.24424761129879463
v 0.3910547680363568 0.76025478788612866 -0.041339217569387271
v 0.41576195616015765 0.23212717090939769 0.38325355354703883
v 0.44915602664611015 0.31812385156046008 0.37026314008838346
v 0.37169227425313833 0.10919756634660967 0.35707434390546627
v 0.33145620946239396 0.65691347413766532 -0.13002715749174937
v 0.34634268907515492 0.74036068646905273 0.4583571429269811
v 0.37275697239238853 0.27240712711033699 -0.077489357395216202
v 0.42177193631335802 0.069940153437538524 0.27998693908057953
v 0.47752666481960887 0.34489366692471557 0.33529289646059979
v 0.45647564488711245 0.33034705561356109 0.028756462292551632
v 0.41707372761499728 0.2740927969425781 -0.0031457794999720529
v 0.60035912293332616 0.16612311633928836 0.23422939321167699
v 0.35308147575137233 0.14293131859005548 0.38508215223151976
v 0.32961473705736699 0.65251848096911058 0.52118474315473129
v 0.50345129881845374 0.61013668090110018 0.18015667330478879
v 0.44831605047472572 0.57468750459687712 0.40849192978275312
v 0.49314747068439335 0.22969260761624338 -0.015714129696320345
v 0.3517931549284814 0.91517932675151525 0.22506444375092266
v 0.34152283451135823 0.17767520697363606 0.4340036867607367
v 0.34202319695036626 0.02646286564428187 0.1813195458015395
v 0.47154212705589721 0.51757304370549118 0.36697773554000723
v -0.21852289002802189 0.071579809360837562 0.20219525123223772
v 0.21350837980185067 0.029408624988568433 0.046169028979510189
v -0.089509891294413904 0.16937172391880312 -0.24670811537701312
v -0.08292937357781098 0.86841819166431222 -0.11094740516159073
v 0.23969173678287836 0.24129075172457817 -0.21268937156837112
v -0.13653872045744317 0.076218011711514905 -0.10229762209765814
v -0.55884900649519176 0.36837967360643348 -0.009827481970981676
v 0.27577655073087931 0.74939403013906825 0.51103299643514599
v 0.24804589196440965 0.028838997575452344 0.32235510660040306
v -0.13141690607612261 0.99410684656553261 0.048390794369442637
v -0.15150125531738415 0.53176246563635032 0.6876282846584284
v 0.22796531620723662 0.99699418990694166 0.29609144049733332
v 0.26679910288315789 0.93880165178134567 0.022506339816216182
v -0.55301580846391041 0.34832654706432459 0.43393784792699697
v -0.56119348514267597 0.164294083951259 0.53870606388090658
v -0.15065419259096666 0.51973924555611772 -0.33477058556752454
v -0.11041298533206251 0.032369349912949347 0.59803132580880825
v -0.72926296757719866 0.49195453429481628 -0.053290850384059209
v -0.38885878596479212 0.031649300793515217 0.37041742025176155
v -0.33506698276559338 0.53828237925799638 -0.23048613063092502
v -0.25921971989750953 0.069418235377650253 0.21349899684853371
v -0.50197608900853674 0.26375641902615549 0.43571072984165848
v -0.17229306213448889 0.29875248590667186 0.5923267494575043
v -0.47268033820659527 0.73578903291415265 0.53863566014525655
v -0.24985033227182138 0.1374832804374338 0.61139265203209991
v -0.33617950558872628 0.02892132455446645 0.29433367354946227
v -0.45982981451592886 0.65508140005188853 0.55342166156099037
v -0.49095710020296573 0.33208696058607678 0.45352088003840996
v -0.46991984014914423 0.17033772508411243 -0.02913444981315819
v -0.3034124827752735 0.032611432732768147 -0.18049868122428225
v -0.51346034817637676 0.20872389922972837 0.44179237429733892
v -0.38351829311640023 0.033318297612933624 0.49819294817210991
v -0.35496855942505928 0.59492768629295834 -0.17281621261296209
v -0.42209418852609093 0.032270110974219779 0.36825945076426364
v -0.20259144468321411 0.74828361763682516 -0.16927845729905661
v -0.25972165952528437 0.52683208514159452 0.57582998835062849
v -0.45230807574664661 0.034423939085788141 0.01455053578597899
v -0.20507469914193402 0.6713831060062494 0.55630302807507159
v -0.42309850007860106 0.04865062633130908 0.18336140771218928
v -0.28090259692128217 0.6498793502248813 0.55147879754570284
v -0.31858465940633568 0.18897081336717486 -0.17435904470273206
v -0.1927771933921186 0.20370501593207069 -0.2476703432035646
v -0.36082669925991173 0.081099134213762678 0.016586731069965714
v -0.5211500727996059 0.23263934010412987 0.31132778912749492
v -0.24024891254805852 0.17983752571675862 -0.216603764455543
v -0.32793235443426899 0.068631067992242029 0.091236138061002461
v -0.35283642437777601 0.031757546489469685 0.46070531148331278
v -0.48618729087487239 0.076694461903804537 -0.12928708890026364
v -0.30246861375123157 0.21892176600201885 -0.16154650092847983
v -0.47172014168249249 0.048400467328052567 -0.1643385070059275
v -0.45808998825682684 0.624822068774888 -0.14230432533903117
v -0.46975139336610694 0.19437868128511721 0.48771759479185189
v -0.27408904811390539 0.10199106538467465 0.63016735629193521
v -0.38512207819369465 0.078468526494693588 -0.0034246514818912937
v -0.44241392651899208 0.25227268751420301 -0.035336499927043588
v -0.40400149149668041 0.095090689824578772 -0.22632693296684114
v -0.47875827895548739 0.30938050697188468 -0.042093896879190552
v -0.52255268737414085 0.30732999046941978 0.39904013068912636
v -0.44541140386587524 0.62540995657260778 0.54642578335030823
v -0.48991096306071186 0.053875798104819309 -0.11392264696067621
v -0.52341690712579925 0.25810679690891708 0.31026595886641239
v -0.42429281559478094 0.9706392430269668 -0.026362720466867117
v -0.35858837864137633 0.038846964125429755 0.2552654518150439
v -0.35164909693961649 0.13561076399221525 -0.23017579045655287
v -0.35089988898556129 0.54076690688519302 0.54523626472662257
v -0.29132946474545579 0.32133786518164598 -0.22528450103197395
v -0.50286216813217322 0.15764447897694575 -0.023257594874392148
v -0.24212237847829804 0.074840031049647496 0.46586069420926457
v -0.41633351516257416 0.081896646488318861 0.53617023967920274
v -0.3242670733582419 0.16984782704194962 -0.20459668400499637
v -0.41691051442858423 0.037222382225316701 -0.21242680971284816
v -0.31784654235477894 0.51945876463914231 0.52254941917175934
v -0.26498407600653545 0.059460407102202809 -0.23140890328792466
v -0.502488456134637 1.096623850034961 0.41062395856782224
v -0.45203525212906903 0.74580256886636076 0.53033598514204761
v -0.26463108911766886 0.62866683472307638 0.54838986181294413
v -0.32063926635722867 0.22213899274710083 -0.083269926140276201
v -0.3624846248113785 0.65436996574302264 -0.16505605191368131
v -0.42017089669735003 0.75130972313033284 -0.13453725509113967
v -0.50859092935240591 0.32365353631773264 0.43136763810820083
v -0.19245671440537265 0.14181262604840869 -0.21833935529616433
v 0.16950405895621767 0.76972152453622822 -0.13582724316636322
v 0.13331769962864934 0.68896920125221606 -0.18566107898414869
v 0.0023158045147238134 1.0307120913311014 0.32798987400008001
v 0.12669678244126531 0.30425132902253565 0.63667684152961834
v 0.018493162713392422 0.22816221016104837 0.64389253325077145
v 0.20356779010465059 0.9885621736491701 0.35845156275344453
v 0.034410556850465512 0.93204444294946109 0.46829895813027439
v -0.015926926954377807 0.67396626184995323 -0.27100346191934399
v -0.11029727900621442 0.15763536084876345 0.57673228006612232
v 0.041451438700609376 0.22170911609990557 -0.24741851861232461
v 0.021641313026123109 0.75798623234527718 0.54044924692564622
v -0.04289470532645815 0.21633995060168904 0.62289951160320134
v 0.061762672353533048 0.16346367413329485 0.59785570581513947
v -0.073103307451158978 0.68374828018875844 -0.26133915846772765
v 0.058448021362363489 0.704996223999242 -0.18404694446245162
v -0.030100242834284148 0.25899380049244719 0.6371148744674161
v 0.18874429081253061 0.36341327558257869 -0.24182404088489101
v 0.021923181879414309 0.96851023654456803 0.42817397879200769
v 0.10298173305606283 0.12854728067059645 0.54777886698981548
v 0.21366157653783432 0.4999658683273161 0.62240853121805051
v 0.20465244859933712 0.026254268014038691 0.46302707678597077
v 0.17112188791339519 0.040090120616506866 -0.12131345305697878
v 0.12334417223152669 0.69317333334076492 0.57928816309030673
v 0.18212553697030878 0.53594494803578208 0.62059694172150925
v -0.10439382418414472 0.073072340181291329 0.40580738383932219
v 0.12588928792785525 0.025238043898213391 0.32999064895973484
v 0.044989286153179341 0.055478414347838963 0.31021655647434854
v 0.13577531617754027 0.14458343941635018 0.55556416426042654
v 0.11129780869319793 0.25484450970379802 -0.25137313817698942
v 0.084074472802117758 0.024355003398770881 0.18141702140866323
v -0.080539145876822898 0.27422438815319355 -0.28055101799125925
v -0.13394495259640166 0.21323583135519486 -0.2630845289722365
v 0.091273722037775271 0.28664136908034521 0.64522704198515679
v -0.10309049934272596 0.75803848292913745 0.53757090289878173
v -0.034449003954853112 0.053203470672279478 0.57748716805406686
v -0.071350150596378573 0.30211530532733272 0.65450299017853053
v -0.043869116233301718 1.0387106033200733 0.17408748111889652
v 0.15284278824986461 0.95108980274847743 -0.04413290491254554
v -0.011877795082640856 0.28043847073554523 -0.27544119196207867
v -0.077716477826686364 0.71080351507705886 -0.2117665948213148
v 0.067942435085202826 0.92687287375417038 -0.0769858582515697
v 0.19820357494296631 0.68277659357622633 0.57015259705758914
v 0.1395238253366774 0.039450001032196313 -0.15437047920848207
v 0.11823222633758108 0.52059235397374493 -0.26930925776700992
v 0.041308009515504736 0.064657169595506631 0.039094596888080334
v 0.0065947046369665635 0.59600027729290583 -0.29676172822850883
v 0.013881358701050259 0.611685021632699 0.66563199334181089
v -0.093545807313942173 0.37384046446923053 -0.30189772219988492
v -0.050874811407441552 0.77949299257318261 -0.16343212697332718
v 0.028203344623315547 0.11970247657822132 0.54925138793101413
v 0.22451004918966802 0.069775902099195639 -0.025371140031687812
v 0.097341250033985749 0.4760587054989055 -0.28468951275376531
v 0.16507875414571901 0.0236058111232537 0.38388637029349842
v -0.0703652049755389 0.069634381610676852 0.26469085466130499
v -0.065253782201188729 0.35001507143819288 -0.3020731011312579
v 0.19500194049496344 0.26971665865281169 0.58139488887303514
v -0.010031553377757629 0.33833516672528419 -0.29166104571391632
v 0.021924002211893376 0.065806341069768071 -0.08615485905523329
v -0.034429181519739671 0.067377365739457587 -0.092809138956425605
v 0.13659815439818837 1.0408527104954306 0.24676497323524882
v 0.20656076074728077 0.025084989174758161 0.351401378932437
v 0.077726944840440002 0.70905825231785691 -0.17304970482209256
v 0.1195351264035628 0.606988163343265 -0.25923520204903394
v 0.53629458179411105 0.42143100729080835 0.21408615820323881
v -0.66495559209613375 0.68617396285509058 -0.094688359152356072
v -0.88972834581658311 0.85380794995126996 0.29485696707287679
v 0.33186310012436787 0.75480459001002509 0.46320594844613688
v -0.86463220834857168 0.64671165873498282 0.049796749323487231
v -0.62029589186850498 1.1452260764902416 0.51148989684813861
v -0.6488079607950229 0.061998852015778504 0.53041901926592905
v -0.88222801109518445 0.63141043411681175 0.37554267388518559
v 0.54456530494472577 0.16830720362202722 0.043311836482460946
v -0.6210802109583945 0.062261921233484369 -0.020860197476811223
v 0.34220806542022109 0.23916661070129186 0.47239231614527388
v -0.88749687619447248 0.58292001879270383 0.2693204423575426
v -0.7922475072182471 0.88551800439235495 0.063330189563206588
v -0.58861479369376934 0.23998138269848751 0.12160240496690569
v 0.33820257666052445 0.92107293665564938 0.3073237325588079
v -0.80838809761653174 0.86154923322055488 0.58697544134210011
v -0.94367221537553725 1.0475107798138661 0.31540097948206447
v -0.91323936472973388 1.181444908000429 0.27153040161639275
v -0.92052245818260769 0.92427516649758534 0.55658893649099106
v 0.48347077681049977 0.64464999421277935 0.31756420296411608
v -0.66729581750626354 0.042681484327184709 0.42521416180072019
v -0.81163439424343564 1.1015712678357108 0.067848627532851549
v -0.71078252631633931 0.384896164731867 0.057133346586386566
v 0.63851768075213633 0.37690682929684477 0.24672085906691366
v -0.93786625334755813 1.018217621574435 0.3954009475525207
v -0.81900109254714093 0.87136990354125099 0.092797048505914012
v -0.60896112930165913 0.18662592481458221 0.09595204620087551
v -0.7630994024229113 0.66495935994312583 0.50684702343751009
v -0.94643827493774169 0.92644545176379989 0.32736516906358426
v -0.88331066881220044 1.029042933395808 0.10144947007220365
v -0.84795422359818662 1.0323735780699925 0.63008985257388594
v -0.89447603330966163 1.0837130785389726 0.52966047024977558
v -0.81233589552530605 0.66444946029346053 -0.0069061713332844651
v -0.73518477237239077 1.0783617517052262 0.65240075300263456
v -0.74866416839478422 1.0983244038885813 0.029153062107439114
v -0.91323932497073534 0.63378285076867469 0.28857475911907882
v -0.63175915973298158 0.36221350821210757 0.41865232002645636
v -0.94241466137563501 0.91219365246187223 0.26612840369049906
v -0.91138831654309327 0.66030898250356085 0.31782380140045957
v -0.76027607822386734 0.37663844011315645 0.2638261983159762
v -0.83297839282025476 0.51268932183572447 0.39493941429811569
v -0.69632290790826756 1.0082412171861541 0.010541349379790621
v 0.3681765973485065 0.58844098105719522 0.51161680690394518
v -0.93958642610183218 0.98754770623535837 0.20996990409309735
v 0.48823294013151647 0.61206368692905921 0.047634526478705148
v -0.66696118174765318 1.0477239885014342 0.61562557852268918
v 0.44180121743069517 0.33583991469193919 0.00083285161068412622
v -0.69673079283908201 0.66767931675463166 -0.075692511580011571
v -0.72394066669039125 0.12664888775693392 0.14356510677563344
v -0.64791697197753306 0.091723235512574927 0.26383236111425851
v -0.66881654511312361 0.34095172241301297 0.068175551256881628
v -0.91762781993310316 1.0346612737700249 0.46760952063003297
v 0.43488506384762432 0.49005432946931349 0.4305260828562405
v -0.67314360714134569 1.1606451594649372 0.023340941211268364
v -0.82516419850374556 0.55668774932248155 0.027868100218555663
v -0.62859133031589465 0.35394288503929228 0.031625760894489166
v -0.88565376098929138 1.1899342142306786 0.23738858493752749
v 0.41168977082097818 0.55864546618567124 -0.10356848824509925
v -0.8985849946061728 0.74240607164824579 0.32396935102859953
v -0.79883007243741899 1.0379511819970106 0.043946041246266637
v 0.55370359854328499 0.37841848605753359 0.070437616202340833
v -0.70214083762636892 0.059598404833360208 0.23470905709979162
v 0.31934345838410683 0.19787090584750111 0.45699638086356331
v -0.61297504306286832 0.52221279344639759 -0.11017897399935504
v -0.87888701817206838 0.52384686760879218 0.18320153582635268
v -0.63827022339890838 0.057704481871484178 0.30551119430955925
v -0.59676653600793605 0.091656305324845713 0.57078848991893771
v 0.61399512449046623 0.19752453790912236 0.11981401286913693
v -0.57367287674640688 0.24921761312476889 0.16970904485505431
v 0.60735893355807191 0.3413615275431825 0.32055257180243502
v 0.55154560277542952 0.42346554400036113 0.17672910579938844
v -0.9019152220799832 1.0809862249730073 0.15284488649954309
v -0.65036919979248187 1.1234914487140788 0.56860812110839565
v -0.88921636920043201 0.88066786457128121 0.56394296826172963
v -0.9198659480228415 1.0951955453722155 0.29543983926566564
v -0.92747440359521871 0.90893894865217617 0.48526177887475591
v 0.61981600858349861 0.34211443963290949 0.074294229350727853
v 0.40755708163132437 0.65453574540581416 0.45260732612886057
v 0.44236018504574304 0.28002140650624074 0.0066587392615894813
v -0.60753844708377225 1.0192933191730358 0.54876799350759098
v -0.84500078614911123 0.48191536206191682 0.1254605129062635
v -0.68387701168269399 0.98978788131870421 0.65984464980869362
v -0.67401359181216758 1.1534788817675476 0.58780039598368172
v 0.4030656962582797 0.25282701030743593 -0.01070239364645136
v 0.59346359775335755 0.17930433089775266 0.093401675315294225
v -0.69285504114998686 0.15738389028290267 0.11354581518213505
v 0.62993502152288583 0.20989713784436706 0.17409651235390436
v 0.4659552937712112 0.3355069583819818 0.34537078408166716
v 0.45401994638269783 0.69708293097168361 0.022740899175182343
v 0.44805204037005414 0.6463781253499179 0.39102238561089975
v 0.43030916492465993 0.71592236376526708 0.379276026909111
v 0.58873480663592204 0.42120208017362476 0.229933547145317
v 0.42971407394239863 0.57243503955115038 0.43654208576832704
v 0.28183310926096866 0.89918611298316797 -0.01507260589496562
v 0.28971160202351909 0.077676285910831797 0.40085932802513025
v 0.54668816092308725 0.20452389005225569 0.35402261507207361
v 0.51542016823006687 0.39814586902521559 0.27205150776591092
v 0.49344174601021201 0.66794630798697996 0.13103101769262845
v 0.37682336625937551 0.30960131117702827 0.47521999387446545
v 0.3965118405346606 0.48263257478993998 -0.092239996648833783
v 0.33376970385725679 0.053509695546803022 0.052752044919129992
v 0.46457129224698313 0.73754495620495564 0.089717979726515101
v 0.49857281942514114 0.16198888128860803 0.0081377756897278511
v 0.32204663101377812 0.94332147732649319 0.17497488386657309
v 0.4431372397796447 0.12473503366270348 0.36538580989590497
v 0.36508549671178009 0.46926181111486887 0.51118669043428466
v 0.39100560599572964 0.70184376273626448 0.44401296871844409
v 0.47430041342823592 0.72576207376777746 0.1709332860835017
v 0.61879650471594749 0.31266654670562011 0.31672120199030912
v 0.32902509008582786 0.60573259473315288 -0.14934586825572765
v 0.31494025535863351 0.91639256187615614 0.35619296755200014
v 0.34487145637584593 0.57927821267287105 -0.1467251723694977
v 0.34953937041492966 0.70285105343017062 0.48783276994575747
v 0.41694389884969418 0.23539453779596792 -0.013038172949699806
v 0.51907654897773425 0.14008237540323387 0.3245469902143549
v 0.56867299660721538 0.13491579993117306 0.18389400938136194
v 0.37651514992467289 0.040496426530693588 0.13127942397453932
v 0.4844653344825347 0.56363795454014398 0.02790070884554027
v 0.50646254493440168 0.55498269209472317 0.14834807130051927
v 0.42519478686286827 0.66410337465193747 -0.030961996446728781
v 0.36796122954151744 0.082664842780097975 0.33631481033294819
v 0.56808316412646476 0.32729340735169421 0.035455638170031417
v 0.28684852520453646 0.19860483205689114 0.4773769810494643
v 0.35765142643743342 0.70962672941113514 -0.090227218283195798
v 0.37502259526594006 0.22132596553001058 -0.025190133753453008
v 0.54213812830454255 0.24317322834651203 0.37073315478845231
v 0.46159999279202046 0.26129110838013403 0.38053632496940842
v 0.19499823145876352 0.99756614272660615 0.062022940789811035
v -0.093043508073069714 0.1197177856560985 -0.20332245784388361
v -0.19636843122621125 0.14299867594263554 0.62844478486364019
v 0.23092162598285898 0.025114307314674247 0.1112445258906273
v -0.49475585891968932 0.73499696687047567 -0.13843557563765718
v -0.22257968840130407 0.073936654893132975 0.42027689881512831
v -0.069289096596912153 0.87925731957508468 -0.10024218680456019
v 0.30606014044458141 0.043233304099285073 0.29816253357737399
v -0.54676129881453706 0.16711989389711226 0.33252858230038207
v -0.58803682731635798 1.094333914111844 0.030205674574622532
v -0.1529330481806466 0.049911384625639314 -0.20408560895403202
v -0.22289719638500252 0.96557511679540675 0.33518388151404849
v -0.54656896767910224 0.037279842590540353 0.5541969434528593
v -0.55379781571140585 0.032210327812964963 0.17576931628018036
v 0.31680547074194132 0.048511732008893513 0.050824855936827618
v -0.17179740429260512 0.031598897306175988 -0.17644810114107787
v -0.57705771547483375 0.50349263454634163 -0.11479035690388636
v -0.13528418438639023 0.17621004638144144 0.57082787127938439
v 0.25769493626692425 0.18876989761682056 -0.17228496358044718
v -0.098264324736976272 0.76549007926415391 -0.16960143973907241
v 0.25681419658296462 0.72300098606127983 -0.15141697969789666
v -0.54932665331820085 1.049060576890217 0.49466457437610006
v -0.15673001332787032 0.081623828495825279 -0.044045145162930538
v 0.28706552457093892 0.16443340999174674 0.46176604923733644
v -0.14584471978423394 0.62620387018805201 -0.31793067172024692
v 0.26507530432347493 0.53764942366805557 -0.20203838167503582
v -0.37242603176797268 0.81754612096756818 -0.11893692013214818
v -0.12684044054312318 0.71071531852579684 0.54465433620997594
v 0.25560920640971607 0.33215156897081566 0.55494721580020046
v -0.51954479186996383 1.1643189409976065 0.39370388657501582
v -0.54418357809138596 0.96011158380871486 0.51967724073461929
v -0.21103864142413659 1.0037776507481984 0.2507849884900385
v 0.24794712784955283 0.029182825695990233 0.24907965785151165
v 0.30704962229365501 0.50708248401900269 0.57147500452138211
v -0.50614012367369576 0.30375185269250171 0.42884107626947332
v -0.45267181873096501 0.049079158736417744 0.17618583834721233
v -0.34208897896684615 0.048277592956234641 0.13276615093000133
v -0.32668253792953877 0.21083059407459473 -0.085756514663344871
v -0.27039654025125381 0.30340345563002646 0.46934974448210309
v -0.42676290072144779 0.59809587396754771 -0.13746658108114904
v -0.42292764893025564 1.0283185513718807 0.28053822796353517
v -0.49170531436407033 0.95364235954253873 -0.038466658283314276
v -0.20325958041071898 0.68350734085165954 -0.23387100085584597
v -0.39591351542426051 0.059582534858345637 0.029866521770424162
v -0.40106774354748626 0.77097573304928135 -0.12705220356581953
v -0.23116180242036796 0.99587662486883111 0.13865977642340524
v -0.29555223946328224 0.55807053672018125 -0.29114695594277251
v -0.36399970219035499 0.49008837881949624 -0.13224295744631323
v -0.21861383043748739 0.041227208473280201 -0.13687447404722419
v -0.36200744912804639 0.62265589539548738 -0.16857979703181519
v -0.25810577695902259 0.94716436534915072 0.35260321815290002
v -0.51529362816240742 0.25507293550619836 0.25085283890780075
v -0.35974932392397607 0.57260838902215572 -0.16817419739181355
v -0.4081368801444884 0.995480319666597 0.0031358377924989873
v -0.51103506965372847 0.95817181116744454 0.47997742637545004
v -0.37867273797339662 0.20753865613687267 0.49343093901833779
v -0.39812418181981191 0.94353097940380282 0.38804760595909255
v -0.28980961816739509 0.09140583935478587 0.62267680102266021
v -0.45714786046444522 0.046642216254222407 0.2483107899912253
v -0.35324633310098119 0.034378556374454028 0.23853205045641193
v -0.21774327132913476 0.20983767087411775 0.52691552088008875
v -0.27560992919456451 0.65417930965135584 -0.22066700426528882
v -0.26185341335445211 0.99122811576765701 0.25044752800253062
v -0.4216669341324723 0.99994831014600527 0.30425367395167219
v -0.30768747483265158 0.063756381730154327 0.38051451993480895
v -0.47963565739032804 0.64327668354462209 0.55720683013914207
v -0.34033858696898056 0.078635615470944956 0.049343174075346413
v -0.44393826235302264 1.0530262158420933 0.32745897299698851
v -0.46879682401475514 0.038113947529011101 -0.15276933839948673
v -0.48332044868361845 1.006229275409809 0.44197434422290116
v -0.20751331893014863 0.15723375170750684 0.61882061150707801
v -0.49385251992551815 0.58793169758472086 -0.13934228551033193
v -0.24599279635061044 0.68641520966600111 -0.18444139919396066
v -0.33213028189721938 0.48929282759399206 -0.24405741033164061
v -0.3828859688841727 0.27070790227039987 -0.033707499345252898
v -0.48346721839550283 0.046863909065218506 -0.13088677022705997
v -0.32460609462028195 0.03360450228284563 -0.20607934368752859
v -0.29715369549099879 0.069098405671592089 0.41539985147749242
v -0.45289602177684046 0.12601668934184687 -0.15219341201430281
v -0.33009592596981169 0.19663867123938042 -0.13522560448055662
v -0.33242539463503656 0.30159275219073473 -0.07543697503882657
v -0.44086956199236627 0.64404291657909585 -0.14887364725060589
v -0.23162776698541185 0.12932207925604472 0.6318303866270274
v -0.49374011308373678 0.032167639471002665 0.37172633802851951
v -0.32440492271230381 0.76012735268651554 0.51249337222244185
v -0.47106607202806283 0.68281745681182426 -0.14007236632204614
v -0.4426649901790915 0.50199305331447364 -0.11633402623250784
v -0.52899955871736171 0.27669457858447677 0.34256305416220162
v -0.30468295040409243 0.073593061496157144 -0.11611645283189696
v -0.42052303077973041 0.072026021541168328 0.5405964444407233
v -0.28902280995478175 0.1750740275159092 -0.2012460785050974
v -0.34105860859149051 0.51970951493457873 -0.20532722431230319
v -0.19408584464834638 0.2571806413834255 -0.27187427414675663
v -0.3368817743080722 0.93758961184941525 -0.024156686400711683
v -0.44730220607391341 0.08713644478938877 -0.20068276246444047
v -0.49636373861083261 1.0542161260772687 0.43688368617184303
v -0.41960850442793801 1.0374530872313592 0.23255430077021191
v -0.29495214205875098 0.043537979025879407 0.61463077824413426
v 0.017456418953653966 0.23107967636603491 -0.25302060497265694
v 0.16603616790404752 0.74912546900238897 -0.1576713809405059
v -0.023947208238168791 0.21433612619418882 0.6295656534073153
v 0.016770297409788189 0.65578448028179515 -0.27407033379519324
v 0.20968624060183511 0.030945990398403841 0.47732978227201944
v 0.11537348271122873 0.50450369487241054 -0.27207801250511976
v 0.05185985944051516 0.19276066821272819 -0.2392191446028212
v 0.070911500093416679 0.734977632417255 -0.15654927283885878
v 0.13271918025800572 0.02203409503499178 0.45027998241085776
v -0.021141921030027343 0.081008889197920542 -0.041244379884097758
v 0.077658674761865665 0.17456286925458581 -0.22483774799836362
v 0.20974538279837565 0.68298186842321285 -0.17536551140092238
v 0.027420389983888377 0.37404213192427527 0.66405165366349894
v -0.10693111537434805 0.63477791604457912 0.66201529148076599
v 0.15271952214178378 1.0328312629889029 0.27850065663735957
v 0.17362559121042351 0.90231309970385731 0.45222237964014972
v 0.11453887456791607 0.033380243082122299 -0.15541699971696712
v -0.017392028247928328 0.32129537130923408 0.65931979910917005
v 0.13133550008080794 0.030776275705331615 0.1333823087419076
v 0.19031743280856583 0.97025552051047004 0.39570407689277703
v 0.061007383520289338 0.073454787786215545 0.40554306734444107
v 0.16137213355470489 0.073899514799661961 -0.16255133296073368
v -0.018139542191326491 0.062961937783144628 0.20979779824149442
v 0.095819949200727589 0.99755813379926372 0.0057961482349787813
v -0.079280820953360837 0.07009242468967547 0.34535509926000862
v -0.070981047665901451 0.66934633567305801 -0.28039475726495577
v 0.067019520848981204 0.64003356634447972 -0.27151062466600495
v 0.18331512970612243 0.18111922269392347 -0.19217649074615606
v 0.17908631256059343 0.29873713505758009 -0.2317267320185557
v 0.11723030082786713 0.056829656087161756 0.39505630872684483
v -0.026775987785031003 0.14842264581711473 0.56848055583632751
v 0.087204449149279425 0.60196430636802678 0.6539438382870375
v 0.15512921067800073 0.043873319528670025 -0.14842386992863066
v -0.011858136309698458 0.50744212136263234 -0.30748310337451984
v -0.015821158537038849 0.13753561716680823 -0.20483743593231615
v 0.091426419633528239 0.14690135028106771 -0.20472076568182035
v -0.042980681467448725 0.52739128191964135 -0.32000621055543266
v 0.13327243754885312 0.035063090133027837 0.5290869970320955
v 0.096051594985646319 0.93022756391000183 0.45210827067918213
v 0.0015497653010241299 0.17912142973550998 0.60463180679545991
v -0.11673072448328947 0.16731074483746913 0.57539301745559046
v 0.21600053870519187 0.94359197687914231 0.40013095178122654
v -0.069992613561198277 0.36265295049468804 0.65270806815651616
v 0.030346861484404582 1.046198625183224 0.24080515949473782
v 0.080358944474579391 0.68634167087590325 -0.21679113885092896
v -0.042311799279781515 0.69022319774876828 0.62330540634349052
v -0.028388410862981606 0.89929441570481328 0.48571700381244687
v 0.043441382975206749 1.0082824764293439 0.031767572546605068
v 0.12772408841496224 0.16940712003973732 0.58206360703375071
v 0.10517504514215911 0.62519365102763269 0.63991722963054365
v 0.13391655904708508 0.99506826701434514 0.38623901183826487
v -0.091430800244488589 0.055689489071805903 -0.19757917999929811
v 0.21286504981892471 0.16524688713697486 0.51005404993366421
v -0.06977363612332009 0.073024023762579798 0.14832953269548085
v 0.090715461066790445 0.31686592948286213 0.65662470886840141
v 0.017597929868865769 0.065006575620150969 0.55672696940457056
v -0.080358901194776969 0.56316178948857032 -0.3256475157777578
v 0.1017328812430485 0.30159774241477688 -0.2516754515227948
v -0.016681595223756233 0.57740547378555029 0.67453854770233435
v 0.10477589832609509 0.076163443407661277 -0.18253322619877274
v 0.032978656273592179 0.23918934217450155 0.64168557976144824
v 0.20765801653264349 0.052063426670311504 -0.034113543620638384
v 0.18639065285452786 0.033738689405680596 0.23030466066365929
v 0.11105911556079297 0.052136569168321718 0.40925641229361265
v -0.72765188046760132 0.67111249599007861 -0.068411987134627539
v -0.91790766507126431 1.0132008719932002 0.54017225850272654
v -0.91561116519832453 1.1955072690302904 0.27810424831086611
v -0.95335281917484294 1.0094642170105976 0.33106340864278549
v -0.64666362311596104 0.94861052251127842 0.0075198364399792746
v -0.91653119758655988 0.89810543011967248 0.53745196080187718
v -0.61017400764650431 1.1122724167674232 0.49131135539645998
v -0.64900703238042456 0.039136892240241465 0.44400099828355405
v 0.42724660576495521 0.29734442923121912 -0.0012861695727035332
v -0.91946303558537712 1.0519596104877376 0.18678855628582058
v 0.40296373023516829 0.60359810117527146 0.47776614853274757
v -0.63273411725607154 1.1751895456261621 0.028679696848365233
v -0.74515761866738317 0.086625254866375831 0.13630337133330719
v -0.61072499773775091 0.10018011272132372 0.29370192201631545
v -0.74726983311153727 0.049699798781176384 0.10918632585704897
v -0.73168033416732281 0.11180224322470078 0.17406722244118042
v 0.49502620709713457 0.39635942607870334 0.082281315215640152
v -0.62320544569834346 0.29526583860277122 0.24874593227997993
v 0.42954012729057783 0.7240072357638383 -0.0058269506505167551
v -0.77728684330401487 0.39226467724696656 0.15675622404760839
v 0.39343888542941041 0.59377380343745456 -0.11437023994434883
v -0.7362110948320657 0.51851442909267798 0.49929395031266999
v -0.71523693166019464 0.33774854677302413 0.27974721289200777
v -0.58282146918572686 0.27309354479435571 0.1535381894309244
v -0.6962472282488199 0.62336769901562805 0.54152608078142495
v -0.65228235323837291 0.12491070534820714 0.48701606767751821
v -0.83708948357513702 1.1287927360473879 0.5912418957434632
v -0.67519538044110938 0.57555363454276764 0.55453600642963474
v -0.89662220361224076 1.097587726093306 0.42525045693662866
v -0.71573733026944519 0.037862443620287373 0.080456246635929804
v -0.93223709579578562 0.92684975750610876 0.19576564440759181
v -0.77073682889532102 0.5631680177483771 -0.05138736442467795
v -0.78345819388451143 0.95287944779867584 0.033876614665849479
v -0.90561157449833607 0.62318216869782839 0.1544593808336478
v -0.60048313420650923 0.1765989959781416 0.48065681808772909
v -0.93153481062293086 0.9616585552026059 0.54181638583690805
v -0.71434734017898094 0.94353213352586973 0.66920983395466405
v -0.86173465242218417 0.58879865592122838 0.060015533686494232
v -0.91420157589865247 0.9795248787717612 0.16842068236162036
v -0.60068766913431659 0.18889930400854957 0.16156716716716335
v -0.67434857113621882 0.39106118770381632 0.018323364279930171
v -0.84111320930339639 0.53517796855848032 0.068295408342107844
v 0.49396636581917908 0.63696055191729917 0.27041800419708262
v -0.64674352693926118 0.04131113417385196 0.34097570866081889
v -0.69730963178922911 1.1181011976260542 0.019351814243160983
v 0.36635472291623872 0.53901954304443056 0.50764993764027511
v -0.70605113258520436 0.53264615256156722 -0.081860301625631182
v -0.87110763065299301 0.53564693149514031 0.3160099324659576
v -0.89722750558545306 0.76614433935255666 0.30108025363191088
v -0.95165263250553189 0.94569572462350959 0.27530835631404615
v -0.73824494454215095 0.81198069746435009 0.49905068722058171
v -0.80203124090330391 0.47711202846124895 0.39127459766636385
v -0.86871908487280691 1.0718103063720676 0.10982377384738781
v 0.60071693578145113 0.16732338131833058 0.15440163992217962
v -0.72550732643502203 1.1551934201229339 0.60992383776902848
v -0.65516036279590539 0.91139709969759086 0.64220469822510051
v -0.79637960694431742 0.91069507128578964 0.6204665750435896
v -0.6505252315202158 0.067914203752777097 0.28020477898558144
v -0.72100708490834453 0.053644057482729643 0.041877628804124024
v -0.58661416082853945 0.26679350276388059 0.096950661916482495
v 0.46819448806481195 0.66033092832448537 0.037499369061130834
v -0.71794498676491658 0.13803113065266601 0.12419358594195018
v -0.904552795737111 1.120906728477066 0.25503514317975579
v -0.67690753618660149 0.037690921071706095 0.18398014476260882
v -0.69918895450441532 1.1991418018938926 -0.03591369336651435
v 0.57364989948003431 0.35721782575951355 0.055081453583998262
v -0.69799747479839813 0.8843020335431 0.64452539782923113
v -0.81716874304284826 0.89279262847577723 0.6139949419206524
v -0.75291450591172626 0.37226187733097288 0.15295192387040429
v -0.73066299989382555 0.076845385297043406 0.069858553535030343
v -0.75574728102609157 1.1928128574154306 0.045277082949813384
v -0.67278366814389423 0.045932162055568167 0.39902085626778361
v -0.87131967485546635 0.92504284577159945 0.10817149505744955
v 0.5121227489367135 0.38358783423402942 0.29854615319197836
v 0.42862437751330607 0.27942561183799602 0.0048445378781528945
v 0.61826254402132552 0.25078693649762662 0.29816438867583672
v 0.45555300873838661 0.29953964184092846 0.36150657916890006
v 0.65332910205652706 0.28725037849350343 0.14358905460556801
v 0.46738428521357667 0.22432286490656164 -0.020576815553281908
v 0.28743628644895536 0.2637626512698209 0.52459248986465445
v 0.36629692542292497 0.35399106315356726 0.48243218540316657
v 0.62049520908535083 0.39391685564453988 0.25793627501373023
v 0.3470089588297402 0.49654628977424026 -0.14759161515453539
v 0.37900643032711689 0.72837434454839378 -0.070619715450120135
v 0.38384695416317777 0.53756515246136671 -0.12998020987699657
v 0.50017151411595284 0.2208679571420927 0.3908938329095038
v 0.49880703393326875 0.55927272614257628 0.29729839312156109
v 0.30258459921619379 0.95883918489124098 0.24559310835178491
v 0.57543645113225705 0.23671538863132996 0.35014398253543294
v 0.49100048098792437 0.17820794273170987 0.383866919175473
v 0.47609413245355159 0.58872647641793274 0.013657187751144858
v 0.46357671715826237 0.11567842150098219 0.04590125182253342
v 0.51941244825624322 0.10314592977221686 0.2268511084235092
v 0.41077308816422309 0.11660275796330118 0.0074530906935982438
v 0.41799981489947929 0.71203134038219507 0.40101737719809472
v 0.50118120444075798 0.62622217752403053 0.11570048604239826
v 0.58346680506692283 0.38393587800955564 0.080416372158980579
v 0.397429622624761 0.30854494844830749 0.45671887457328442
v 0.57185717232326316 0.27066164020149069 0.015647242007410141
v 0.34307815746427883 0.52950910058267742 0.51824839459267869
v 0.43265604939816882 0.28492106909187193 0.38492426309663169
v 0.62591268445467285 0.34922161752130887 0.087440108279826706
v 0.57005151379365182 0.34166330631123876 0.34050577513393415
v 0.36296918895716312 0.88727168905306231 0.076088847760161435
v 0.38638819817753711 0.56790702865154707 0.50081088166636489
v 0.45198275814347916 0.6150451217349755 -0.037993499733856601
v 0.53979878599688791 0.15866459694778862 0.32509858938855479
v 0.50213730093047282 0.58488071856135093 0.23110426152208002
v 0.43060446333836527 0.060303077007281151 0.20288474702840698
v 0.46203304129245909 0.70858171956792992 0.31381417080540008
v 0.52629241427983353 0.3952571687750866 0.092848000770525227
v 0.33500031498565541 0.69095910281590345 -0.10787543633846304
v 0.43024784138024702 0.064157948925952307 0.10361673403948954
v 0.33914003644360585 0.029169961012248957 0.12962189224203194
v 0.32079042017618792 0.2006522339662167 -0.093678641958242631
v 0.44996229718657066 0.7412772271386272 0.052173406179238692
v 0.44356498839417108 0.27018691418364199 0.3723768573982173
v 0.35125871737940867 0.32131632025929896 0.48889266955994326
v 0.34936064775977854 0.34154385600948667 -0.1327862321015077
v 0.31934396782823632 0.12959306314221453 0.42577787039793208
v 0.50706283936507801 0.51319690012317287 0.1263379400009601
v 0.32238185084911297 0.57712780884326487 0.54230305609168949
v 0.60843582820223885 0.41411300597578377 0.16541816909523557
v 0.48587003384112076 0.53317615542299412 0.060015834772090298
v 0.35384771206833332 0.18959600296377185 -0.019824148063181956
v 0.33714642402846334 0.26801121584949461 -0.10917173955926038
v 0.63301424569934328 0.39113562608925495 0.14766371588857199
v 0.18108439377761346 0.55838591970794971 -0.23999984210322545
v 0.21498029807091956 0.1898082433196018 -0.19129552687979892
v 0.20197210433111989 0.36504763735528717 0.60555373078706909
v -0.10431609508362708 0.044297242183507377 -0.18999358360651797
v -0.084499130468036976 0.15859898661761107 -0.24130077848124629
v 0.19445151964495336 0.95088346279459479 -0.017570220483995286
v -0.17259752861008548 0.07070875467643023 0.22963920697925588
v -0.50091100842195013 0.69059124936762029 -0.14186564849311623
v -0.18178661382796532 0.68597728187584994 0.55550002807667664
v -0.52939056997575973 0.34028939952528559 0.42255165300484115
v -0.50823687361631253 0.18289700988058843 0.48793981829345073
v 0.21522677892002728 0.71468497294368871 -0.17055060419607135
v -0.21628710304269291 0.082090655492560491 -0.096484097584905087
v -0.087674726625214111 0.94636735844299502 -0.04271189966854938
v 0.23222859811154145 0.033430573647023183 0.15850876614158646
v -0.19007099396811469 0.042410890802492912 0.63041601550024673
v 0.30003738165298388 0.05325474085244674 0.32803973560651079
v -0.61351653956660201 0.038903382227040255 0.53532998824360556
v -0.20339671513107377 0.35335043167537344 -0.30534411937762912
v 0.22401775546230629 0.16255960590731333 0.49837783558230009
v -0.1585266410490149 0.32945435717001514 0.61332928334929249
v -0.61023730309641966 0.87356486461580429 0.49077510819440895
v -0.57740842423343841 0.034465173415960913 -0.012061683953667201
v -0.14059529979140206 1.016995757991177 0.13288345801831519
v 0.26698182055965292 0.93907922014416512 0.38931681023575815
v -0.16390073133725921 0.21732499334428523 -0.26436291147660074
v -0.54629381370939278 0.3399949159242851 -0.01439852038539299
v -0.153968477043707 0.95294728203015 0.40757880209050512
v -0.13356684007259673 0.71625800637809678 -0.17542639676005931
v -0.51518273408062942 0.20230037999841782 -0.0017865448374647607
v 0.23371012597529323 0.12100015538054834 -0.093186526817848808
v -0.54118443092457502 0.17226689191556246 0.23867390622011397
v -0.16917325400522595 0.18915532216498462 0.56696106001465185
v 0.25088233743670535 0.024566658503543122 0.080934967221230891
v -0.54645071048563909 0.19437289212127368 0.40672608444368985
v -0.17985239498943734 0.76536824589917951 0.53463859515766377
v -0.5374685477219836 0.62166188995730887 0.56866771856931875
v 0.25880495605620346 0.56948346990190624 0.57959337929615173
v 0.27322233177391408 0.27676781158817521 -0.18430269123215667
v -0.46456051286169792 0.90066254358327558 -0.070646725830277715
v -0.060105832651139821 0.47132246597432714 0.68453097326805978
v -0.55679477708251801 0.55678647788300306 -0.1391006241379758
v 0.25981357493035268 0.077145926860833006 0.49018539309515308
v 0.36082986698572517 0.8990984578195047 0.072199790912025094
v -0.26795671807686894 0.41979092300841281 0.49711006954835696
v -0.51132548287639323 1.1948314135819456 0.10563590808076266
v -0.27172777024115835 0.99311901218291598 0.14619775786365552
v -0.23440305260786501 0.67835802273124524 -0.22001551117484877
v -0.29706541780063667 0.077419214419546745 0.6198485862466887
v -0.41626251195618635 0.59130028825591052 -0.13813449116422205
v -0.49618825725828225 0.047655076233041084 0.56124001446248106
v -0.51357151981723104 0.10326449536254886 0.56922325498648096
v -0.36326374561073671 0.076029450119281861 -0.081980619989259082
v -0.44378980923195266 0.064513656563281868 -0.21011789818783333
v -0.32624501267632844 0.30387306554810734 -0.10116673332596303
v -0.48324605904267193 1.0384169090767839 0.072020948279035393
v -0.25788312887545184 0.2917227354232223 -0.24902924454733222
v -0.26536145857053728 0.65044236240583697 -0.24671250962270483
v -0.33509011922887855 0.22623250306783685 -0.040022200432900432
v -0.3451632320906553 0.22537691406531651 -0.029244708586166297
v -0.27434824497526644 0.18176036310278473 -0.20159363273687911
v -0.22636659497928224 0.23315666154209805 0.51323772129626244
v -0.2115132903442416 0.54994341778589839 0.65405728776196181
v -0.25327651180374688 0.16251222724959238 0.60046447841716222
v -0.42703367831589178 0.037156741444185043 -0.059947875015443616
v -0.21861840569648394 0.069534324095195693 0.32863187686678369
v -0.34303251163149928 0.18015816083991543 0.49198824310808575
v -0.214891131308764 0.21960612568805576 -0.24426598443983241
v -0.2599074061435741 0.98584753950385307 0.10122818135438671
v -0.36858227064287591 0.059857416398243345 -0.24705387980405202
v -0.24413826994580476 0.59745899934173663 -0.30934216355152921
v -0.4860440415563827 0.63319335024942747 0.55750331702209144
v -0.23361862969829031 0.076905819760026542 0.46501127315885982
v -0.34508857152747674 0.95701614587094885 -0.006797875464277469
v -0.32696396564118607 0.77070454228144947 -0.14358318660616076
v -0.25056164596571495 0.66066074797464758 0.55802794339940054
v -0.31561041065730022 0.6588469925390843 0.55373398832227705
v -0.38188025905857531 0.030161351295355784 0.1397696098004895
v -0.49660182756722532 0.38629314346582211 0.4844986583577886
v -0.21301521520252181 0.030816942940985435 0.55633759960684137
v -0.47511204790181155 0.34053137823232887 -0.053399988532387935
v -0.46099497526690675 0.31822668585376629 -0.048518998583580157
v -0.25968162470791234 0.077436167388973437 0.034866290620700076
v -0.44421289678650905 0.66471430886527716 0.54843417430186581
v -0.33965371434545744 0.070982335693472648 -0.24429980727244241
v -0.17489280254903244 0.54814878631232922 -0.33677373885589273
v -0.23211630217195894 0.58788420946719178 0.6125781539951356
v -0.4261313028093216 0.16402551944752256 -0.12955679598507766
v -0.3231982242960707 0.5606010875781916 0.53222185501284935
v -0.39107473738926196 0.22685167188786792 0.49528544424661053
v -0.43819497123278212 0.034965809399919896 0.48944217414840496
v -0.38643756268327778 0.66367974827469733 0.53286073941023671
v -0.23875868456752383 0.6766119471724934 0.54475460038937518
v -0.46129419260104554 0.034626641422932952 -0.014899804131057959
v -0.33744781847565603 1.0167511841243211 0.14440252279100363
v -0.23017132841036103 0.51790667012087965 0.63291877828610166
v -0.24834507008868945 0.69857872589737813 0.54195874865474636
v -0.42180317569679099 0.12221344704245582 -0.19377095077682563
v -0.30998724047881149 0.24293956293391802 -0.14849172865429783
v -0.35302991577952908 0.50975107854459145 -0.17589369825843232
v -0.33272725702763839 0.89268978240465935 -0.073134100036715902
v -0.51363126322625874 0.25866291148778897 0.41428898719401908
v -0.32011843162031794 0.035068065890801699 0.32954311678887788
v -0.28102599500172731 0.55422563660525281 0.53770247284716166
v -0.23663866252765123 0.070451820606866583 0.23405683808973743
v -0.45063854210931958 0.28417426655645439 -0.039298936890568091
v -0.33115505044660026 0.038339486249855143 0.37537849647907162
v -0.46794745865285564 0.25266540061352866 -0.029767950184764417
v -0.34683307460010759 0.47690224890583077 -0.20037136597041597
v -0.39258051013576184 0.91664341681554518 0.41947098607166267
v 0.027088645558823635 0.21783615835598499 -0.25018835337482842
v 0.031150097614827413 0.073827993977281375 0.42177651174765723
v -0.019240449929708903 0.22784161520014259 0.63458305858546005
v 0.044247193210601526 0.70022459646058266 0.60538247886293939
v 0.063490221039642664 0.070576239314215611 0.34772297278976022
v 0.021314021890313554 0.54579341869475695 -0.30098612116456314
v -0.014846897340738458 0.027053828858515514 0.50190651999892599
v 0.027247533446656032 0.88347067360736953 0.5015207363679518
v -0.0578728193720899 0.28963728801957761 -0.28761680687950114
v 0.06288136992820588 0.2931314468384652 0.65590790101739871
v -0.065547604981222751 0.04750786516969939 -0.19059096962560762
v 0.21830451185465813 0.028498896237193733 0.26684895756648758
v 0.10336043987750849 0.033498060358860327 -0.013201001419912898
v 0.10037164789775391 0.023744210154026796 0.28163213698768946
v -0.035531375814541598 0.029949659353223124 -0.13459809905234046
v 0.098614722694251547 0.33599578510920297 0.65387348721158012
v -0.081718829629420078 0.051054637733645422 -0.10919402469793232
v -0.080383619679812515 0.76203521930412654 0.53596270934217971
v -0.062474508597570991 0.19888669192298281 -0.25597114714039759
v 0.013775974008034658 0.078049594574612885 -0.1970541568920362
v 0.072973069303610041 0.025347856637419154 0.15225442148099635
v 0.13867748384171871 0.21644264252324877 0.60919706691812991
v -0.013596779590130764 0.13175596813473806 0.55886387274551719
v -0.054372760953585633 0.1479162348881646 0.56682560310605357
v -0.080009564136162989 0.55431129063641305 0.67929020465639489
v -0.089828053301113528 0.73029437527022956 0.53905549376771567
v 0.050458161017376497 0.60422385755607733 -0.28242100683799087
v 0.080929569953618122 1.0496031830428496 0.19232925578300494
v -0.03644183237546654 0.98321010911125128 0.40744281271858057
v 0.13574112535359295 0.028942315390455015 0.4095690740068752
v 0.091374179573790862 0.94833075590221838 -0.061009790282502314
v -0.027914978065055714 0.73114481225292804 -0.16996361163713555
v 0.14713431759736995 0.14192230270135942 0.53558052192661199
v 0.060228219587811764 0.64303010945143679 0.65077591374693622
v 0.16543618957631254 0.023146340341977264 0.40495201666894581
v 0.11331278047386265 0.70305051802261509 -0.17296434884130232
v -0.024013108663019551 0.16449839734632596 -0.23901713227824767
v 0.054784657562488452 0.36144995663268731 0.65778965528298361
v 0.011314313696405238 1.0424081190844556 0.26668130655284489
v 0.098496835866409865 0.67944409396369365 0.61052186670071196
v -0.015793987419671921 0.092545627016087442 0.56940953882123002
v 0.17680443639294291 0.025295401463096362 0.037485752023495127
v 0.0086568764956268789 0.027273357677355753 0.49023030169305676
v -0.077643902169452758 0.51418129322693618 0.68395820498660953
v -0.041214506349802095 0.16233940634965363 0.58231092496113834
v -0.006222780795764769 0.045536103857219262 -0.10235428870034413
v 0.019420679292276196 0.50585607572276614 -0.30036104726220919
v 0.017022560804349534 1.0146455976407234 0.039735130824585477
v 0.1308481219933251 0.54929990653442906 0.65647305643663445
v 0.020307911934459116 0.72256303817611045 0.55193004504852838
v -0.066448905749345588 0.039621742658516305 0.58497256837431244
v 0.14571991358231154 0.025562413248352272 0.51095214390842103
v 0.19714796087822636 0.24244332255427883 -0.23280676096809111
v 0.070466449480967641 0.027144147835546761 0.29236595480269784
v 0.025974527815936767 0.89576454165832409 -0.1089472807196627
v -0.027531395635179205 0.27658571851118835 0.64435504733629256
v 0.22672799001547228 0.22589472008180597 0.56125009438369233
v -0.10754806473547351 0.63657656506607851 -0.30602710436780339
v -0.011004471882192224 0.94813900873194512 -0.044975554809533996
v 0.077845474059223541 0.064843629526990507 -0.057808609237966012
v 0.15011170408744126 0.59152967683258906 0.6416177836619783
v 0.17504160992627019 0.87699859421922677 0.46084472267862464
v 0.2000086758063003 0.034557852681240356 0.11500378064216177
v 0.13004875252043574 0.27263579228461332 0.61907186866722919
v -0.89420077890901417 1.0393338538141224 0.56261458756073224
v -0.7757515949674556 0.38738378224179404 0.18012977688897547
v -0.89582746442736849 0.86736821627803806 0.51455548621518987
v -0.61122614094555117 0.97347429964292742 0.0067716519545253772
v -0.89957819573588327 1.0407636231757265 0.15261730227070644
v -0.64978705350139265 0.51432980829104269 0.54158637767958684
v -0.64164602856178132 0.93963456628463315 0.63877746779176592
v -0.76605224152158102 0.60770086678987767 -0.058432017721589291
v -0.75917831713069306 0.79092992052750744 0.47725331552707045
v -0.93033117047657754 0.97529014293061778 0.44682317084469869
v -0.87245372328198223 0.523890444614175 0.15565717006657284
v -0.62594030257514699 0.71842334733096058 -0.094544051459448497
v -0.85083071729234172 0.50769211554873506 0.11179275284392924
v -0.80010642279689093 0.63437050937499562 -0.022919216620368641
v -0.67870506177389356 0.58789418475902988 -0.10007904930531963
v -0.79583168283757766 1.0402127609898411 0.66379557994577076
v -0.91136331024130079 0.6876618773507952 0.25780853863268327
v -0.75083691861137569 0.52845761704438599 -0.050326585656891368
v -0.6572264739113316 0.12529839844998331 0.41964450818213905
v -0.89519389711475073 0.88601271565159534 0.42064007304753126
v -0.88171590606569539 1.1323167915313102 0.16648617410877775
v -0.69609884008916056 0.7965914668004408 0.49578941048902836
v -0.80020176983160807 0.95889352837219877 0.6293572387132359
v -0.8790634672194747 0.63103423848795548 0.09648105202869485
v -0.67126184100981345 1.0217168982891589 0.6367452918199864
v -0.9165172317490593 0.65213690302526295 0.26690076075227626
v -0.88733051811849695 1.1307896493759928 0.40855483573356016
v -0.77972929554481785 1.0220705999834458 0.027593325042238884
v -0.91482685724842439 1.0975517244212947 0.22043930231339129
v -0.75092240213027373 0.92348197476311511 0.65731351812376948
v -0.80626038437682979 0.54899966908968567 0.45903069040271166
v -0.71646873077624285 0.91272374283161584 0.66079172639411965
v -0.6286708645943061 0.63287634806656634 -0.10508897167975526
v -0.89193239449344541 1.1469304006084193 0.48513881691666699
v -0.874881765836105 0.56830067621204305 0.11214503855571836
v -0.88366857885575489 0.6967685517897888 0.11650985061475995
v -0.92261767714813614 0.89146832698421563 0.20432541146511513
v -0.70706423336589541 0.35975876471871898 0.083446338635507641
v -0.6446737679519261 0.14230698859248733 0.40391068162200677
v -0.68017400423610697 0.93103281812632532 0.0086401481526986977
v 0.51473426711101444 0.34906835557621579 0.045805997843081245
v -0.8890480587824523 0.57533872531108932 0.23750595930306312
v -0.90179567610974287 1.1619260194833045 0.26160849570492928
v -0.69539112596723929 0.69794533544658355 -0.075280173112096782
v -0.84082612867509499 0.88711727421840036 0.0948574860253351
v -0.67683171833384215 0.65083420892676558 0.54450456399699365
v 0.64377727664432016 0.2509964179170826 0.152687109805482
v -0.87139739401759098 1.0059719670042575 0.0845189157065315
v 0.46678420410690624 0.090128871066587929 0.0800721855162774
v -0.69890903871080667 1.1738262650524793 0.019632877849979118
v -0.6072057109897957 0.72177096394767404 0.54543481414082007
v -0.8509989371063249 1.0490892297576451 0.62416008773038734
v -0.66546877684406036 0.04134598764216544 0.0094172468959430496
v -0.6333107835921723 0.16228340586028209 0.057589780017059451
v -0.6978525007045685 0.10635987753150229 0.20584092022729414
v 0.4683255748275254 0.18016419892012894 0.39249744578737733
v -0.79452281802899083 0.93265073554084643 0.044854569737833395
v -0.90872495457183822 0.69698686754354189 0.1908259465507211
v 0.61614239619076006 0.18350422117801876 0.19779562571834838
v -0.83912131230573694 0.71851075880755466 0.42691430440068928
v -0.73463030103563465 0.69909317257234638 0.52022728977925692
v -0.65219444261291659 0.31979854219064763 0.11797006639660111
v -0.6239069027924834 0.071237377270084418 0.55295165209440778
v -0.62035071961537347 0.14402195227030987 0.52430767531110911
v -0.86300133519799305 0.57199913685552584 0.36384387201469798
v 0.64676546705150895 0.36261833770183927 0.14727053437437668
v -0.81080823450836514 0.99865785481901082 0.65353683148502573
v -0.87412605499786711 0.51828636413841533 0.2839182469922088
v -0.79456574602742625 0.65762217758684571 0.47439570679407878
v -0.65262470101876702 1.0968579736329316 0.018396004250749359
v 0.58638289111960951 0.1723133022142492 0.27977992917832112
v 0.59011653569157418 0.27030575639787036 0.034158511863020852
v 0.47104187676656489 0.14419101253863917 0.37081682460284626
v 0.54301615690516591 0.3806304859318777 0.31379413816819912
v 0.36434184893792104 0.5006547075691079 -0.13468940392078146
v 0.61167883018529579 0.36631752267649575 0.078869374005584275
v 0.29095108327752661 0.22751788236823739 0.50036652177945717
v 0.65763639786931005 0.33587342440343204 0.21807263856522169
v 0.33478067040835663 0.12106971215134407 0.38809191676196469
v 0.35601492340268731 0.90572422129964181 0.29703129216556234
v 0.3651938908818278 0.037693341267541682 0.21386556703963461
v 0.50959397517739558 0.40351691275536705 0.099444870178400882
v 0.46472709249328847 0.257839650868326 -0.0095417722509531684
v 0.64477185867967923 0.35659386700114853 0.2564002730138138
v 0.50488214662577469 0.3116742146384931 0.36217990676630352
v 0.48820605952789681 0.6882796979735476 0.1640570805440261
v 0.37751775538285176 0.32555191255743415 -0.089370809389531874
v 0.4441091238837313 0.66801728260833759 0.38830381477853831
v 0.34851974399379682 0.16702705723376723 -0.01369569142560579
v 0.55568460790712892 0.42279823542434924 0.2271253226306304
v 0.3289714286378343 0.12928056201055937 -0.010790040569461238
v 0.37537424684273735 0.25716773874485194 -0.060083449139913744
v 0.31839449085083849 0.27106176698910556 -0.12603127125653266
v 0.28481847692942597 0.022220309702903944 0.20894487910497639
v 0.41611733951914553 0.21399768171162625 0.38387129709763612
v 0.50119028094359341 0.35755377463069915 0.3251359915326098
v 0.59246285831630408 0.41406157229567286 0.13791492799260766
v 0.40981480782393032 0.58099417038423895 0.47010788991704605
v 0.65180901600788166 0.27067467295231351 0.21486473569631709
v 0.3164153500998248 0.28445646319604306 0.51533070228542832
v 0.47113159436963709 0.078560013188137476 0.20972304323411886
v 0.48457912367115763 0.36102004975082913 0.059727123921366254
v 0.56223878329183963 0.2191880054301904 0.02199852501011601
v 0.30128436631498817 0.28778981861969277 -0.15952870208426401
v 0.34617107566887628 0.35699187289302436 0.49712773514221392
v 0.50523877909195669 0.57789389901413213 0.13593840109665412
v 0.32900664266342378 0.91119309330736453 0.062944358610392048
v 0.46758210691914165 0.15420918313614804 -0.0013469250270684954
v 0.4705617419608894 0.69806402559773051 0.062985924990333397
v 0.31250819230922666 0.33021776723588708 -0.1518742383521092
v 0.3915415350209383 0.080273603929253645 0.3277976611428613
v 0.40889976037904308 0.28665724289632766 -0.037868987773715529
v 0.39476093053829409 0.49108563156325336 0.48542658987024256
v 0.31511812809733925 0.032476880156608573 0.25941739669575414
v 0.54047436135344573 0.11748253468609851 0.14405008749007023
v 0.51365349620640266 0.25836746345770639 0.38591829577197767
v 0.42773125287468483 0.75496880781093789 0.037896047269354645
v 0.56688738114356774 0.18235444320351724 0.051098084475776892
v 0.42588821063914128 0.65474902364268028 -0.035826740317832548
v 0.29825604895361751 0.95717355955663752 0.29108214000308286
v 0.61172987762724185 0.37128270986059891 0.29750350326303848
v 0.29014692295442057 0.6042764538524763 0.56457343360683532
v 0.62443043037830093 0.40618754705896931 0.21128318623143164
v 0.46382352569017743 0.72359825067329764 0.27685635013959586
v 0.38722079703724238 0.62071086431885936 -0.10713515966928704
v 0.3207179793440173 0.48131784709165726 0.54393415588135774
v 0.51478886725721607 0.29955960084277344 0.007000328018996296
v 0.33328730888803887 0.38926849537521768 -0.14332920986902783
v -0.20842254557706572 0.70807105048135677 -0.17619177932132435
v 0.18365638400548365 0.61642862410246757 -0.22089265884521342
v -0.22919939690933921 0.99846012675763707 0.1719012445206545
v -0.11170156047740434 0.22130977524026393 -0.27366628378644925
v -0.086480923519182462 0.099573075451038898 -0.20602093937266922
v -0.49413151681693274 0.033141051014921159 0.053396957060968593
v 0.22895563558956128 0.59888572987727262 0.57832351832956286
v -0.080515309723368969 0.14871082350208167 -0.23272753393693771
v 0.20286128780925858 0.14540924652386655 0.51212840367790358
v -0.16580323372208822 0.70850274901116872 0.54885302847930018
v 0.21464698233259638 0.16459867551013746 -0.16654772257272971
v -0.11898086099608998 0.96133325506462763 0.41324557128628525
v 0.2235610324754071 0.97209813612665907 0.36118912430123262
v 0.23179016957621473 0.33723963375920013 0.57720301050784273
v -0.19990783043905846 0.06974995621811822 0.27234193879159807
v -0.50448377023752955 0.17485725682704698 0.50493308122244918
v 0.20660551618764486 0.023242171672457602 0.083948092088357004
v -0.5856999968950336 0.17985727477864444 0.19464487951603326
v -0.094361541261892473 0.030764314633074365 -0.15878966907115516
v 0.19912229753987229 0.97831329780009924 0.032440826942292389
v -0.085217721173505886 0.91888143729932414 -0.075450390857900285
v -0.50000618167709709 0.65983664494436778 -0.13444649261195873
v 0.19685166364071008 0.74263688227128977 -0.16133435112906047
v -0.53751109865497926 0.31628570931286476 0.37972649954660909
v -0.22100195366622113 0.07814895911018864 -0.11202545233654403
v -0.20313116555562971 0.07700364308718835 0.47359322838564866
v 0.28098238199821762 0.02031523428502454 0.17617379612912451
v -0.22248885369774102 0.030564317445163421 0.60947295670288337
v 0.28511350734700891 0.064235803671021996 0.37880409817400035
v -0.57532374973519107 0.33453533017938919 0.025982969501219842
v -0.57224156750854882 0.58033689636981578 0.55922058303431577
v -0.2021144166090747 0.099471620620550052 0.63962724017605099
v -0.12879685123849838 0.54279377923360406 0.67931595332401906
v -0.13068884192756761 0.31398861373139042 0.63165001668783272
v 0.22632193103501366 0.72470984161269081 0.55527757232999453
v -0.14350246027332081 0.32192060163417274 -0.31038672159408182
v -0.60047901272795479 0.10369615939016884 0.29440426989217711
v 0.24130647009854805 0.20387222859810725 0.53673603803381631
v -0.52125332298415983 0.39610110472383303 -0.052713401859072764
v -0.55364243492785936 0.031193417346018739 0.32591741030805316
v -0.52222016927970538 0.55460138811810034 -0.13464215296512125
v -0.52733298428385167 1.1129256775637266 0.071457753326372608
v -0.54720962698976294 0.8730022203018728 0.47059295218036551
v -0.54928664969806906 0.075126829677981011 0.58510183150989903
v -0.1493340865014533 0.98193004570926878 0.026003367422076651
v -0.23641902923609626 0.65310166462604491 -0.28825280771605516
v -0.079847498263876951 0.56177394368300237 -0.32443358163139685
v 0.23503563734827521 1.0045160119539343 0.15291508689188185
v -0.14752281868808517 0.25206151831324153 0.60591684256758804
v -0.56382195895689324 0.77862408131080652 -0.10844964279016781
v -0.12142314907196211 0.079937413448595479 -0.017619919136182126
v 0.26471733328859276 0.34534813765678984 -0.18922170962810902
v 0.20497475039346513 0.49191154454549929 0.63056531066278809
v 0.33126165895019188 0.85193235626239716 0.41436219243922084
v -0.57506406895515216 1.127181943861332 0.45848649958542337
v -0.11117308915396729 1.0254111744834149 0.29196159548603678
v -0.54449480873574974 0.16124458320439167 -0.0033757073539728891
v -0.64603355904707616 0.16965606235261152 0.46474716537565891
v -0.50244150467365756 0.25357135012086673 0.25653852419509932
v -0.57466927874781104 0.72354905999048824 0.55016624878457343
v -0.61333289046332895 0.94070548694337641 -0.008647587972867906
v -0.22825934184247468 0.79307113750714187 -0.15365425291315216
v -0.16687848752078521 0.64702913419777208 0.64288366304212374
v 0.11624360266077621 0.4835815602913785 -0.27317466817969821
v -0.50399697301054336 1.0277490247538794 0.051099957580659154
v -0.31512611729160567 0.054590671747129942 0.60776376410835042
v -0.36137668359589797 0.23260319959668813 -0.027332846728315149
v -0.36019644426649094 1.0244690774266529 0.18900657085886494
v -0.37510008690441993 0.080903511544473616 -0.0017850328037436007
v -0.21595369150188215 0.050997735947743796 -0.21735809273199147
v -0.30576443688558191 0.35256598542132883 -0.21240315191813147
v -0.28503871978304357 0.2239088700455705 0.46310627457963738
v -0.42125788051817264 0.13295184826834766 -0.17100322454168002
v -0.23950133280674896 0.97354174598759469 0.049390830710658612
v -0.20329257384959523 0.24137215969961534 0.54680639831427957
v -0.38787748828743701 0.71573218997636667 0.52608264941977123
v -0.29676085705161342 0.53438276406065288 0.52130082689670654
v -0.41881481558628447 0.19888177047762029 0.49745952844599239
v -0.38853655394321029 0.76881067299873596 0.51199395465467179
v -0.33595520722937317 0.033908990518474333 0.53737637364021507
v -0.52712286115155949 0.19321461024725675 0.31574936865059727
v -0.3087653362350154 0.71694789346674004 0.54081125183709222
v -0.35845801349631268 0.045491976839251901 0.23415776517419082
v -0.19448551636783779 0.6857438166763552 0.5552246116028835
v -0.48549748110018842 0.036215585229417251 0.39341552427255594
f 1 24 4229
f 1 1611 4096
f 1 4096 24
f 1 4229 7185
f 1 6876 1611
f 1 7185 6876
f 2 1207 5752
f 2 1611 6876
f 2 5752 1611
f 2 6875 1207
f 2 6876 6875
f 3 811 6601
f 3 1803 811
f 3 6601 1803
f 4 2845 3897
f 4 2901 2845
f 4 3897 4463
f 4 4463 2901
f 5 1739 1955
f 5 1878 1739
f 5 1955 5377
f 5 5377 1878
f 6 1617 6352
f 6 1739 1878
f 6 1878 1617
f 6 6352 1739
f 7 1398 5349
f 7 1503 4872
f 7 4872 1398
f 7 5349 5572
f 7 5572 1503
f 8 1052 1768
f 8 1415 1052
f 8 1768 2166
f 8 2166 1415
f 9 2695 3934
f 9 3934 4616
f 9 4616 2695
f 10 437 4092
f 10 2546 6563
f 10 2580 437
f 10 4092 2546
f 10 6058 2580
f 10 6563 6058
f 11 2755 3242
f 11 3137 3762
f 11 3242 4824
f 11 3762 2755
f 11 4824 3137
f 12 4093 4845
f 12 4812 4093
f 12 4845 7177
f 12 6579 4812
f 12 7177 6579
f 13 1082 6892
f 13 1968 1082
f 13 4851 5800
f 13 5800 1968
f 13 6892 4851
f 14 1157 2107
f 14 1327 1157
f 14 2107 6332
f 14 5800 1327
f 14 6332 5800
f 15 1949 2127
f 15 2107 1949
f 15 2127 2107
f 16 17 2080
f 16 798 1132
f 16 1132 1785
f 16 1354 17
f 16 1785 1354
f 16 2080 798
f 17 356 2080
f 17 1103 356
f 17 1354 1103
f 18 201 1518
f 18 388 1530
f 18 1518 388
f 18 1530 201
f 19 2430 4607
f 19 2761 2430
f 19 3744 6316
f 19 4607 3744
f 19 6316 2761
f 20 4075 5044
f 20 5044 5783
f 20 5298 5744
f 20 5744 4075
f 20 5783 5298
f 21 2396 6028
f 21 3728 4052
f 21 3912 2396
f 21 4052 3912
f 21 6028 3728
f 22 1035 1826
f 22 1826 2133
f 22 2133 1035
f 23 2289 3635
f 23 2462 5319
f 23 3635 3924
f 23 3924 2462
f 23 5319 2289
f 24 3635 4229
f 24 3924 3635
f 24 4096 4814
f 24 4814 3924
f 25 2737 6065
f 25 3767 6285
f 25 4847 3767
f 25 6065 4847
f 25 6285 2737
f 26 2690 2994
f 26 2994 5801
f 26 4239 2690
f 26 4640 4239
f 26 5801 4640
f 27 2586 5801
f 27 3117 4050
f 27 3500 3117
f 27 4050 2586
f 27 5801 3500
f 28 5839 6560
f 28 6560 6938
f 28 6938 5839
f 29 275 4109
f 29 3651 3978
f 29 3978 6977
f 29 4109 3651
f 29 6977 275
f 30 2502 3009
f 30 3009 4045
f 30 3376 2502
f 30 3776 3376
f 30 3887 3776
f 30 4045 3887
f 31 2436 5513
f 31 4812 6579
f 31 5513 4812
f 31 6579 7177
f 31 7177 2436
f 32 33 3491
f 32 2922 6848
f 32 3491 4457
f 32 4457 2922
f 32 6848 33
f 33 4445 4613
f 33 4613 3491
f 33 6848 4445
f 34 2270 6040
f 34 3632 4820
f 34 3894 3632
f 34 4820 2270
f 34 6040 3894
f 35 3411 3945
f 35 3945 4506
f 35 4288 3411
f 35 4506 4288
f 36 2777 5140
f 36 2959 4687
f 36 3824 2959
f 36 4687 2777
f 36 5140 5573
f 36 5573 3824
f 37 2513 6971
f 37 3178 3962
f 37 3962 5132
f 37 5132 2513
f 37 6971 3178
f 38 2781 4869
f 38 2858 6686
f 38 3278 5351
f 38 4869 2858
f 38 5351 2781
f 38 6686 3278
f 39 2423 6301
f 39 3130 2423
f 39 3134 4252
f 39 4252 3130
f 39 6301 3134
f 40 859 1827
f 40 1827 1956
f 40 1956 5555
f 40 5555 859
f 41 3381 4647
f 41 4046 6901
f 41 4647 4046
f 41 5545 3381
f 41 6901 5545
f 42 2335 3381
f 42 3381 5545
f 42 4852 2335
f 42 5545 4852
f 43 954 6958
f 43 1124 954
f 43 4675 5151
f 43 5151 1124
f 43 6958 4675
f 44 2499 4419
f 44 3134 4461
f 44 4252 3134
f 44 4419 4252
f 44 4461 4811
f 44 4811 2499
f 45 2578 3111
f 45 3111 4619
f 45 4619 5734
f 45 5734 7188
f 45 7188 2578
f 46 2849 3495
f 46 2916 6877
f 46 3495 2916
f 46 6877 2849
f 47 2264 6622
f 47 2283 3004
f 47 3004 4231
f 47 4231 2264
f 47 6622 2283
f 48 2464 3933
f 48 2684 3233
f 48 3233 2464
f 48 3933 6306
f 48 6306 2684
f 49 2248 4416
f 49 4416 4853
f 49 4853 6316
f 49 6316 2248
f 50 2430 2761
f 50 2761 5044
f 50 3132 2430
f 50 5044 3132
f 51 2585 2622
f 51 2622 4661
f 51 2837 2585
f 51 4661 2837
f 52 2838 4092
f 52 4092 4628
f 52 4628 2838
f 53 2288 5280
f 53 4434 2288
f 53 5280 6319
f 53 6319 4434
f 54 716 3475
f 54 3475 3895
f 54 3895 4047
f 54 4047 4405
f 54 4405 716
f 55 2407 6012
f 55 2754 3771
f 55 3771 4805
f 55 4805 2407
f 55 5546 2754
f 55 6012 5546
f 56 3301 6646
f 56 4905 6928
f 56 5148 4905
f 56 6646 5148
f 56 6928 3301
f 57 4095 4660
f 57 4458 4095
f 57 4660 4458
f 58 338 2269
f 58 2240 2818
f 58 2269 2240
f 58 2285 3255
f 58 2818 2285
f 58 3255 338
f 59 2239 2431
f 59 2431 6625
f 59 2642 3258
f 59 3258 2239
f 59 6625 2642
f 60 3162 5107
f 60 5107 5834
f 60 5834 5992
f 60 5992 3162
f 61 2841 3476
f 61 3476 7190
f 61 3490 2841
f 61 7190 3490
f 62 2189 2593
f 62 2425 2189
f 62 2437 3356
f 62 2530 2425
f 62 2593 2437
f 62 3356 2530
f 63 2018 5034
f 63 4447 2018
f 63 5034 4447
f 64 920 1113
f 64 1113 1442
f 64 1442 1679
f 64 1679 920
f 65 2832 5548
f 65 3887 4045
f 65 4045 5322
f 65 5322 2832
f 65 5548 3887
f 66 412 1764
f 66 1515 6888
f 66 1764 6853
f 66 6853 1515
f 66 6888 412
f 67 80 1118
f 67 199 80
f 67 246 199
f 67 1118 1877
f 67 1877 246
f 68 3282 5743
f 68 3398 3282
f 68 5743 3398
f 69 4293 7127
f 69 4308 6678
f 69 5103 4293
f 69 6678 5103
f 69 7127 4308
f 70 2220 5495
f 70 2386 2541
f 70 2541 6868
f 70 5495 2386
f 70 6868 2220
f 71 533 857
f 71 857 1697
f 71 1041 533
f 71 1697 6905
f 71 6905 1041
f 72 510 5775
f 72 849 4839
f 72 1163 5272
f 72 4839 1163
f 72 5272 510
f 72 5775 849
f 73 2261 4322
f 73 3060 2261
f 73 3955 3060
f 73 4322 3955
f 74 3055 3280
f 74 3280 4327
f 74 3408 5616
f 74 4327 3408
f 74 5616 3055
f 75 2562 3637
f 75 2775 6117
f 75 3637 2775
f 75 5323 2562
f 75 6117 5323
f 76 1440 4124
f 76 2603 1440
f 76 4124 2603
f 77 404 1814
f 77 530 1975
f 77 1280 530
f 77 1814 1280
f 77 1975 404
f 78 1803 6897
f 78 4088 7157
f 78 6897 4088
f 78 7157 1803
f 79 508 2019
f 79 1308 6416
f 79 2019 1308
f 79 6416 508
f 80 199 945
f 80 945 6039
f 80 6039 1118
f 81 806 5038
f 81 1751 6280
f 81 5038 1751
f 81 6280 806
f 82 124 953
f 82 515 124
f 82 953 6866
f 82 1161 515
f 82 6866 1161
f 83 249 1574
f 83 1406 2036
f 83 1574 1406
f 83 2036 5293
f 83 5293 249
f 84 1037 2038
f 84 1691 1037
f 84 2038 5555
f 84 5555 1691
f 85 149 2187
f 85 1353 149
f 85 2187 1353
f 86 789 6052
f 86 1034 7181
f 86 6052 1034
f 86 7181 789
f 87 201 1530
f 87 1045 6976
f 87 1530 1045
f 87 6976 201
f 88 305 6100
f 88 470 6260
f 88 6100 470
f 88 6260 305
f 89 2254 2757
f 89 2757 6063
f 89 2832 2254
f 89 4240 2832
f 89 6063 4240
f 90 306 564
f 90 564 1839
f 90 930 6621
f 90 1839 930
f 90 6621 306
f 91 887 1219
f 91 1219 1689
f 91 1274 887
f 91 1689 1967
f 91 1967 1274
f 92 942 1337
f 92 1337 1882
f 92 1882 6887
f 92 6887 942
f 93 770 1651
f 93 1651 6856
f 93 6856 770
f 94 1442 6267
f 94 2111 1442
f 94 6267 2111
f 95 1895 6018
f 95 6018 6599
f 95 6599 7159
f 95 7159 1895
f 96 3033 5501
f 96 3629 3033
f 96 5501 7150
f 96 7150 3629
f 97 1735 1869
f 97 1802 4397
f 97 1869 1802
f 97 4397 1735
f 98 449 863
f 98 505 1137
f 98 863 505
f 98 1069 2172
f 98 1137 1069
f 98 2087 449
f 98 2172 2087
f 99 620 995
f 99 995 7168
f 99 7168 620
f 100 109 1942
f 100 1732 109
f 100 1942 4765
f 100 4765 1732
f 101 631 1364
f 101 704 1051
f 101 1051 631
f 101 1364 704
f 102 163 5526
f 102 578 163
f 102 1573 1669
f 102 1669 578
f 102 1959 1573
f 102 5526 1959
f 103 262 1565
f 103 1403 5272
f 103 1565 5511
f 103 5272 262
f 103 5511 1403
f 104 1954 6852
f 104 5784 1954
f 104 6852 5784
f 105 484 1603
f 105 503 484
f 105 1603 1793
f 105 1708 503
f 105 1793 1708
f 106 417 1000
f 106 760 6567
f 106 1000 5770
f 106 5271 760
f 106 5770 5271
f 106 6567 417
f 107 466 1703
f 107 546 6676
f 107 1012 466
f 107 1584 546
f 107 1703 1584
f 107 6676 1012
f 108 1808 6966
f 108 2047 1808
f 108 5123 6930
f 108 6930 2047
f 108 6966 5123
f 109 1732 1736
f 109 1736 4030
f 109 4030 1942
f 110 631 1051
f 110 1051 1141
f 110 1141 1177
f 110 1177 1592
f 110 1592 631
f 111 748 1809
f 111 1809 7171
f 111 7171 748
f 112 439 4515
f 112 853 4881
f 112 998 1223
f 112 1223 853
f 112 4515 998
f 112 4881 439
f 113 826 6539
f 113 1310 1640
f 113 1640 826
f 113 6539 1310
f 114 577 2010
f 114 797 2070
f 114 2010 797
f 114 2070 6597
f 114 6597 577
f 115 1377 2826
f 115 2285 1377
f 115 2826 5267
f 115 5069 2285
f 115 5267 5069
f 116 492 1819
f 116 555 758
f 116 758 5078
f 116 1264 492
f 116 1819 555
f 116 5078 1264
f 117 204 5178
f 117 1498 204
f 117 5178 7103
f 117 6506 6561
f 117 6561 1498
f 117 7103 6506
f 118 1202 1545
f 118 1545 1982
f 118 1982 2159
f 118 2159 6673
f 118 6673 1202
f 119 609 2034
f 119 1615 1970
f 119 1627 609
f 119 1970 1627
f 119 2034 1615
f 120 879 6957
f 120 1601 2140
f 120 1854 879
f 120 2140 1854
f 120 6957 1601
f 121 718 1501
f 121 1461 718
f 121 1501 5773
f 121 5773 1461
f 122 422 1538
f 122 565 1297
f 122 731 565
f 122 1203 422
f 122 1297 1203
f 122 1538 731
f 123 593 1615
f 123 1615 7140
f 123 7140 593
f 124 280 1692
f 124 515 280
f 124 1692 953
f 125 708 2068
f 125 1063 708
f 125 1602 1063
f 125 2068 5598
f 125 5598 1602
f 126 814 1674
f 126 989 5100
f 126 1568 989
f 126 1674 1568
f 126 5100 814
f 127 2240 2589
f 127 2589 3346
f 127 2846 2240
f 127 3013 2846
f 127 3346 4054
f 127 3605 3013
f 127 4054 3605
f 128 470 1658
f 128 980 470
f 128 1658 2153
f 128 2153 980
f 129 376 1301
f 129 527 681
f 129 681 376
f 129 1301 5026
f 129 5026 527
f 130 556 7164
f 130 1343 556
f 130 1682 1343
f 130 7164 1682
f 131 2713 6095
f 131 2953 6986
f 131 4135 2713
f 131 5328 2953
f 131 6095 5328
f 131 6986 4135
f 132 827 1013
f 132 1013 1130
f 132 1110 2069
f 132 1130 1110
f 132 1931 827
f 132 2069 1931
f 133 347 737
f 133 486 649
f 133 649 1183
f 133 737 486
f 133 1183 347
f 134 168 6916
f 134 1126 168
f 134 2052 1126
f 134 6619 2052
f 134 6916 6619
f 135 249 5293
f 135 1504 249
f 135 1752 1799
f 135 1799 1504
f 135 5293 1752
f 136 729 1911
f 136 970 1838
f 136 1838 729
f 136 1911 7160
f 136 7160 970
f 137 880 1061
f 137 1061 1234
f 137 1180 2142
f 137 1234 2089
f 137 2089 1180
f 137 2142 6862
f 137 6862 880
f 138 2912 4242
f 138 4081 5316
f 138 4242 4081
f 138 5316 2912
f 139 3356 4227
f 139 4097 3356
f 139 4227 6566
f 139 6566 4097
f 140 2105 6659
f 140 4697 6662
f 140 4718 2105
f 140 5350 4718
f 140 6659 4697
f 140 6662 5350
f 141 632 1238
f 141 1238 7174
f 141 1487 632
f 141 7174 1487
f 142 1438 6614
f 142 2180 5506
f 142 5506 1438
f 142 6614 2180
f 143 639 6574
f 143 942 1078
f 143 1078 5541
f 143 5520 942
f 143 5541 639
f 143 6574 5520
f 144 530 1280
f 144 612 4713
f 144 1280 1580
f 144 1580 612
f 144 4713 6361
f 144 6361 530
f 145 2343 4260
f 145 3340 7185
f 145 4260 6602
f 145 6602 3340
f 145 7185 2343
f 146 206 1104
f 146 1104 2162
f 146 1930 206
f 146 2162 1930
f 147 438 6599
f 147 6018 6307
f 147 6307 438
f 147 6599 6018
f 148 2188 6860
f 148 4346 7070
f 148 6138 7172
f 148 6860 4346
f 148 7070 6138
f 148 7172 2188
f 149 210 1922
f 149 1353 210
f 149 1922 2187
f 150 921 2037
f 150 2037 5576
f 150 4910 6379
f 150 5576 4910
f 150 6379 921
f 151 374 575
f 151 572 1544
f 151 575 572
f 151 1544 2135
f 151 1724 374
f 151 2135 1724
f 152 369 1448
f 152 1334 1696
f 152 1448 1334
f 152 1515 369
f 152 1696 6888
f 152 6888 1515
f 153 1313 1556
f 153 1408 1803
f 153 1556 5314
f 153 1803 1313
f 153 5314 1408
f 154 209 1162
f 154 1162 6612
f 154 1940 209
f 154 6612 1940
f 155 303 880
f 155 880 6557
f 155 6557 303
f 156 677 1139
f 156 1139 2187
f 156 2187 6844
f 156 6844 677
f 157 614 4673
f 157 954 1743
f 157 1743 614
f 157 4673 5584
f 157 5584 954
f 158 984 1637
f 158 1637 2154
f 158 1858 6885
f 158 2154 1858
f 158 6885 984
f 159 516 639
f 159 639 1557
f 159 1557 1669
f 159 1573 516
f 159 1669 1573
f 160 453 1441
f 160 470 453
f 160 1441 470
f 161 1840 7131
f 161 6343 6645
f 161 6645 1840
f 161 7131 6343
f 162 280 947
f 162 947 5777
f 162 1666 6031
f 162 5777 1666
f 162 6031 280
f 163 578 1803
f 163 656 5526
f 163 1803 6601
f 163 6601 656
f 164 2429 7158
f 164 6611 2429
f 164 7158 6611
f 165 2710 5138
f 165 3966 5095
f 165 4295 2710
f 165 5095 4295
f 165 5138 3966
f 166 192 1886
f 166 1526 7141
f 166 1886 5364
f 166 5364 6627
f 166 6627 1526
f 166 7141 192
f 167 657 6547
f 167 6103 657
f 167 6386 6103
f 167 6547 6386
f 168 1126 6925
f 168 1408 6916
f 168 1803 1408
f 168 6925 1803
f 169 661 726
f 169 726 1386
f 169 1386 5761
f 169 5761 6572
f 169 6572 661
f 170 891 6106
f 170 1279 4507
f 170 4507 891
f 170 6106 6381
f 170 6381 1279
f 171 864 1775
f 171 1102 1922
f 171 1199 1102
f 171 1597 1199
f 171 1775 1597
f 171 1922 864
f 172 650 1767
f 172 1478 650
f 172 1767 1838
f 172 1838 1478
f 173 210 902
f 173 242 864
f 173 864 1922
f 173 902 1780
f 173 1780 242
f 173 1922 210
f 174 453 715
f 174 715 1441
f 174 1441 453
f 175 414 7195
f 175 920 414
f 175 1113 920
f 175 1812 6027
f 175 6027 1113
f 175 7195 1812
f 176 1678 5858
f 176 1684 1755
f 176 1755 6932
f 176 4718 1678
f 176 5858 1684
f 176 6932 4718
f 177 953 1692
f 177 1325 5512
f 177 1692 1325
f 177 1757 953
f 177 5512 1757
f 178 323 1255
f 178 1255 5929
f 178 3872 6730
f 178 5929 6142
f 178 6142 3872
f 178 6181 323
f 178 6730 6181
f 179 198 1256
f 179 554 746
f 179 578 6272
f 179 746 7182
f 179 1256 578
f 179 1810 554
f 179 1817 5622
f 179 4867 1817
f 179 5622 1810
f 179 6272 7165
f 179 7165 4867
f 179 7182 198
f 180 684 2062
f 180 1292 1550
f 180 1550 6830
f 180 2062 6097
f 180 6097 1292
f 180 6830 684
f 181 528 5991
f 181 5991 7183
f 181 7183 528
f 182 357 1045
f 182 461 357
f 182 1045 1614
f 182 1614 461
f 183 919 5803
f 183 988 7128
f 183 5803 988
f 183 7128 919
f 184 2602 5851
f 184 4677 4681
f 184 4681 5381
f 184 5381 2602
f 184 5851 4677
f 185 1029 1594
f 185 1472 1029
f 185 1594 1772
f 185 1717 1472
f 185 1772 6664
f 185 6664 1717
f 186 1145 1912
f 186 1853 1145
f 186 1912 5868
f 186 5868 6374
f 186 6374 1853
f 187 865 5991
f 187 1852 1980
f 187 1980 865
f 187 5991 1852
f 188 387 794
f 188 794 1177
f 188 799 1993
f 188 873 799
f 188 929 873
f 188 1177 929
f 188 1993 387
f 189 415 5312
f 189 1084 2130
f 189 2130 415
f 189 5312 5504
f 189 5504 1084
f 190 1073 6652
f 190 6114 6629
f 190 6629 1073
f 190 6652 6114
f 191 588 6633
f 191 1740 2095
f 191 2095 588
f 191 6633 1740
f 192 478 1886
f 192 4499 478
f 192 7141 4499
f 193 498 5297
f 193 781 498
f 193 1081 781
f 193 5297 1081
f 194 786 5602
f 194 1217 786
f 194 5602 6930
f 194 6930 1217
f 195 1658 6981
f 195 2153 1658
f 195 6120 2153
f 195 6981 6120
f 196 1060 1421
f 196 1191 2063
f 196 1421 1713
f 196 1713 1191
f 196 2063 1060
f 197 815 7164
f 197 1619 6887
f 197 5077 1619
f 197 6887 815
f 197 7164 5077
f 198 436 1256
f 198 1344 6500
f 198 1868 436
f 198 3680 4349
f 198 4007 1344
f 198 4349 6772
f 198 4542 1868
f 198 6500 4542
f 198 6553 3680
f 198 6772 7065
f 198 7065 4007
f 198 7182 6553
f 199 246 282
f 199 282 5784
f 199 5784 945
f 200 413 4882
f 200 445 413
f 200 553 5142
f 200 4882 6975
f 200 5142 445
f 200 6975 553
f 201 664 1518
f 201 1341 664
f 201 6976 1341
f 202 608 4700
f 202 1567 1755
f 202 1755 2103
f 202 2041 608
f 202 2103 2041
f 202 4700 1567
f 203 845 6874
f 203 918 845
f 203 1075 1381
f 203 1381 918
f 203 6874 1075
f 204 1498 1868
f 204 1868 4722
f 204 1900 5178
f 204 4722 5631
f 204 5408 5926
f 204 5631 5872
f 204 5872 6256
f 204 5926 6453
f 204 6256 5408
f 204 6453 1900
f 205 2658 3792
f 205 3408 6085
f 205 3792 3408
f 205 6085 2658
f 206 1930 6641
f 206 6641 1104
f 207 373 625
f 207 488 1023
f 207 625 1203
f 207 1023 373
f 207 1203 488
f 208 854 991
f 208 991 1280
f 208 1036 854
f 208 1280 1814
f 208 1814 1036
f 209 333 1038
f 209 806 808
f 209 808 333
f 209 1038 1162
f 209 1257 806
f 209 1396 6852
f 209 1940 1396
f 209 6852 1257
f 210 1353 1918
f 210 1918 902
f 211 682 1643
f 211 983 6595
f 211 1643 1660
f 211 1660 983
f 211 6595 682
f 212 503 563
f 212 563 875
f 212 875 1053
f 212 1053 1718
f 212 1718 503
f 213 245 772
f 213 772 1599
f 213 1599 6557
f 213 6557 245
f 214 2019 2084
f 214 2084 4764
f 214 4764 2019
f 215 849 5775
f 215 1458 5032
f 215 1965 5289
f 215 2116 849
f 215 5032 2116
f 215 5289 1458
f 215 5775 1965
f 216 850 5561
f 216 1088 5345
f 216 1572 1088
f 216 5345 850
f 216 5561 1572
f 217 755 1964
f 217 914 755
f 217 1010 914
f 217 1964 1010
f 218 3352 6889
f 218 6889 7144
f 218 7144 3352
f 219 316 804
f 219 804 6549
f 219 1098 316
f 219 1847 6623
f 219 6549 1847
f 219 6623 1098
f 220 571 6917
f 220 870 571
f 220 6856 870
f 220 6917 6856
f 221 623 1284
f 221 1284 6568
f 221 1289 1490
f 221 1490 623
f 221 6568 1289
f 222 239 521
f 222 521 926
f 222 926 1723
f 222 964 1642
f 222 1642 1991
f 222 1723 964
f 222 1991 239
f 223 703 741
f 223 741 6673
f 223 1648 703
f 223 2159 1648
f 223 6673 2159
f 224 301 1153
f 224 1153 6900
f 224 1522 301
f 224 2026 1522
f 224 6900 2026
f 225 936 1412
f 225 1355 2152
f 225 1412 1355
f 225 2079 936
f 225 2152 6676
f 225 6676 2079
f 226 895 4694
f 226 1160 1384
f 226 1384 2118
f 226 2118 895
f 226 4694 1160
f 227 866 1918
f 227 1353 2187
f 227 1918 1353
f 227 2187 866
f 228 464 7166
f 228 1020 464
f 228 7166 1020
f 229 332 6623
f 229 971 6597
f 229 1109 332
f 229 6597 1109
f 229 6623 971
f 230 257 6023
f 230 1380 5791
f 230 1406 257
f 230 5047 1406
f 230 5791 5047
f 230 6023 1380
f 231 999 5361
f 231 1117 7165
f 231 1817 1117
f 231 5361 1817
f 231 7165 999
f 232 1083 1384
f 232 1384 5119
f 232 1700 1083
f 232 5119 6360
f 232 6360 1700
f 233 421 2146
f 233 706 421
f 233 1537 706
f 233 2007 1537
f 233 2146 2007
f 234 968 1861
f 234 1716 968
f 234 1855 1716
f 234 1861 1855
f 235 489 1365
f 235 1346 489
f 235 1365 2006
f 235 1792 1346
f 235 2006 1792
f 236 395 1134
f 236 669 1546
f 236 736 1778
f 236 1134 736
f 236 1546 395
f 236 1778 669
f 237 259 2082
f 237 1063 1602
f 237 1602 259
f 237 2004 1063
f 237 2082 2004
f 238 958 5836
f 238 4876 5859
f 238 5093 4876
f 238 5836 5093
f 238 5859 6400
f 238 6400 958
f 239 775 521
f 239 1991 6591
f 239 6591 775
f 240 770 6856
f 240 6856 7179
f 240 7179 770
f 241 317 1796
f 241 893 317
f 241 1502 2032
f 241 1796 1502
f 241 2032 6575
f 241 6575 893
f 242 279 706
f 242 706 838
f 242 838 864
f 242 1780 279
f 243 260 1365
f 243 675 1011
f 243 1011 1058
f 243 1058 260
f 243 1365 2002
f 243 2002 675
f 244 2296 4429
f 244 4082 2296
f 244 4256 6592
f 244 4429 4256
f 244 4624 4082
f 244 6592 4624
f 245 967 1143
f 245 1064 772
f 245 1143 1064
f 245 6557 967
f 246 1815 282
f 246 1877 6913
f 246 6913 1815
f 247 365 1902
f 247 922 1613
f 247 1613 365
f 247 1902 5260
f 247 5260 922
f 248 311 1339
f 248 1339 6905
f 248 1897 6328
f 248 1957 1897
f 248 6328 311
f 248 6905 1957
f 249 951 1574
f 249 1504 951
f 250 263 1363
f 250 563 1369
f 250 875 563
f 250 1197 875
f 250 1363 1197
f 250 1369 263
f 251 483 1841
f 251 572 1178
f 251 1178 483
f 251 1544 572
f 251 1841 1544
f 252 796 1777
f 252 1188 1298
f 252 1192 2149
f 252 1298 1192
f 252 1777 1188
f 252 2149 796
f 253 1167 1452
f 253 1452 1801
f 253 1801 1963
f 253 1963 6902
f 253 6902 1167
f 254 358 1841
f 254 483 1588
f 254 672 869
f 254 869 358
f 254 1588 672
f 254 1841 483
f 255 691 1756
f 255 1756 6857
f 255 5343 5837
f 255 5837 691
f 255 6857 5343
f 256 636 1894
f 256 1319 636
f 256 1390 1319
f 256 1894 6075
f 256 6075 1390
f 257 909 6023
f 257 1406 1574
f 257 1574 909
f 258 544 1182
f 258 681 544
f 258 1182 1484
f 258 1431 681
f 258 1484 1431
f 259 969 2082
f 259 1492 969
f 259 1602 1492
f 260 1058 6624
f 260 2006 1365
f 260 2078 2006
f 260 6624 2078
f 261 574 1144
f 261 879 6375
f 261 1144 1781
f 261 1781 879
f 261 6375 574
f 262 668 1565
f 262 2120 668
f 262 5272 2120
f 263 327 1068
f 263 1068 1307
f 263 1307 1363
f 263 1369 327
f 264 367 7183
f 264 5991 367
f 264 7183 5991
f 265 1389 2115
f 265 2115 5335
f 265 5335 6651
f 265 5865 1389
f 265 6651 5865
f 266 666 1169
f 266 949 2042
f 266 1169 949
f 266 2042 5538
f 266 5538 666
f 267 529 1858
f 267 673 2151
f 267 1858 2154
f 267 2151 529
f 267 2154 673
f 268 319 1129
f 268 653 1485
f 268 1129 653
f 268 1485 319
f 269 979 1992
f 269 1179 979
f 269 1992 2187
f 269 2187 1179
f 270 397 1540
f 270 654 397
f 270 862 1727
f 270 1424 654
f 270 1540 862
f 270 1727 1424
f 271 390 1352
f 271 1052 2002
f 271 1352 1725
f 271 1725 1768
f 271 1768 1052
f 271 2002 390
f 272 569 1028
f 272 974 569
f 272 1028 1204
f 272 1204 1586
f 272 1586 974
f 273 1358 6268
f 273 2060 1358
f 273 6268 7166
f 273 7166 2060
f 274 783 7178
f 274 1764 783
f 274 6853 1764
f 274 7178 6853
f 275 2786 4109
f 275 3552 2786
f 275 6977 3552
f 276 763 1706
f 276 792 6559
f 276 1607 763
f 276 1706 792
f 276 6559 1607
f 277 2019 6745
f 277 4361 6756
f 277 6745 4361
f 277 6756 2019
f 278 290 938
f 278 291 1991
f 278 863 291
f 278 938 863
f 278 1642 290
f 278 1991 1642
f 279 356 706
f 279 1477 356
f 279 1780 1477
f 280 515 1333
f 280 1333 947
f 280 6031 1692
f 281 990 5849
f 281 5849 6555
f 281 6555 990
f 282 1815 5767
f 282 1954 5784
f 282 5767 1954
f 283 426 4880
f 283 4880 5350
f 283 4903 426
f 283 5350 4903
f 284 1385 5550
f 284 1830 1385
f 284 2033 1830
f 284 5550 2033
f 285 724 6547
f 285 952 4673
f 285 1516 952
f 285 2129 724
f 285 4673 2129
f 285 6547 1516
f 286 991 5608
f 286 1580 991
f 286 2114 1580
f 286 5608 2114
f 287 2720 5841
f 287 3538 3652
f 287 3652 6661
f 287 4922 2720
f 287 5841 3538
f 287 6661 4922
f 288 676 1065
f 288 1065 2076
f 288 1547 1707
f 288 1707 676
f 288 1731 1547
f 288 2076 1731
f 289 937 1651
f 289 1539 937
f 289 1651 1539
f 290 1642 1701
f 290 1701 938
f 291 449 1721
f 291 863 449
f 291 1721 6591
f 291 6591 1991
f 292 773 1237
f 292 1237 1415
f 292 1415 2063
f 292 2063 773
f 293 372 625
f 293 392 673
f 293 625 392
f 293 673 2154
f 293 1589 372
f 293 2154 1589
f 294 371 6589
f 294 1407 371
f 294 1632 1907
f 294 1907 1407
f 294 6589 1632
f 295 641 2127
f 295 1340 5087
f 295 2054 641
f 295 2127 1340
f 295 5087 2054
f 296 362 6328
f 296 416 362
f 296 476 416
f 296 1897 476
f 296 6328 1897
f 297 847 6351
f 297 908 4804
f 297 4804 6377
f 297 4874 847
f 297 6351 908
f 297 6377 4874
f 298 1502 1796
f 298 1666 5777
f 298 1796 1666
f 298 5777 1502
f 299 757 1528
f 299 909 951
f 299 951 757
f 299 1528 5504
f 299 5504 909
f 300 727 1978
f 300 1570 727
f 300 1978 5520
f 300 5520 1570
f 301 851 910
f 301 910 1564
f 301 1522 851
f 301 1564 1153
f 302 2340 6057
f 302 2373 2340
f 302 3741 2373
f 302 4646 3741
f 302 6057 4646
f 303 360 880
f 303 1302 360
f 303 6557 1302
f 304 870 6856
f 304 977 870
f 304 1543 977
f 304 6856 1543
f 305 829 1305
f 305 1305 6100
f 305 6260 6534
f 305 6534 829
f 306 545 1475
f 306 1475 564
f 306 6621 6890
f 306 6890 545
f 307 1108 1307
f 307 1142 6911
f 307 1307 1779
f 307 1779 1142
f 307 6911 1108
f 308 1083 1700
f 308 1700 5570
f 308 2118 1083
f 308 5570 5838
f 308 5838 2118
f 309 501 740
f 309 740 1766
f 309 1417 1765
f 309 1765 501
f 309 1766 1417
f 310 469 6112
f 310 769 1717
f 310 1293 769
f 310 1717 469
f 310 6112 6344
f 310 6344 1293
f 311 1388 1339
f 311 1812 7195
f 311 6328 1812
f 311 7195 1388
f 312 2257 3288
f 312 2337 5348
f 312 3288 2337
f 312 3660 2257
f 312 3805 3660
f 312 5348 3805
f 313 507 1069
f 313 981 1095
f 313 1069 1137
f 313 1095 2064
f 313 1137 981
f 313 2064 507
f 314 970 7160
f 314 1189 2059
f 314 2059 2136
f 314 2136 970
f 314 7160 1189
f 315 702 1794
f 315 736 1769
f 315 1107 736
f 315 1136 702
f 315 1769 1136
f 315 1794 1107
f 316 569 6330
f 316 1098 1361
f 316 1361 569
f 316 6330 804
f 317 893 1313
f 317 1313 1796
f 318 972 1352
f 318 1023 972
f 318 1352 1428
f 318 1428 1023
f 319 1309 2155
f 319 1485 1309
f 319 1582 1129
f 319 1596 1774
f 319 1774 1582
f 319 2155 1596
f 320 1082 1968
f 320 1397 6056
f 320 1624 1397
f 320 1968 1624
f 320 6056 1082
f 321 922 5260
f 321 1008 922
f 321 1754 1008
f 321 5260 1754
f 322 751 5547
f 322 1037 751
f 322 1086 1037
f 322 5547 1086
f 323 337 1255
f 323 1111 337
f 323 3862 6709
f 323 4398 4979
f 323 4783 6183
f 323 4791 6150
f 323 4979 6211
f 323 6150 3862
f 323 6181 6423
f 323 6183 1111
f 323 6211 4783
f 323 6423 4791
f 323 6709 4398
f 324 2506 4128
f 324 4128 6096
f 324 4330 6107
f 324 4707 6109
f 324 6096 4330
f 324 6107 4707
f 324 6109 2506
f 325 1908 5078
f 325 5078 7200
f 325 7200 1908
f 326 376 1431
f 326 1301 376
f 326 1431 1710
f 326 1710 1301
f 327 1362 1068
f 327 1369 1708
f 327 1708 1362
f 328 1211 2119
f 328 1616 6339
f 328 2119 1616
f 328 6339 6962
f 328 6962 1211
f 329 403 692
f 329 692 6852
f 329 6852 403
f 330 415 2130
f 330 582 5289
f 330 816 2029
f 330 2029 415
f 330 2130 582
f 330 5289 816
f 331 1010 1699
f 331 1699 7180
f 331 1883 1010
f 331 7180 1883
f 332 709 1098
f 332 1098 6623
f 332 1109 709
f 333 808 5317
f 333 5317 1038
f 334 702 1234
f 334 1061 1794
f 334 1234 1061
f 334 1794 702
f 335 899 1189
f 335 1189 7160
f 335 1471 899
f 335 1932 1471
f 335 6862 1932
f 335 7160 6862
f 336 547 1191
f 336 773 547
f 336 897 773
f 336 1191 1713
f 336 1713 1787
f 336 1787 897
f 337 685 4803
f 337 714 685
f 337 1111 714
f 337 1313 1255
f 337 1734 6274
f 337 1867 2096
f 337 1944 1867
f 337 2096 2184
f 337 2184 1734
f 337 4803 1944
f 337 6274 1313
f 338 2348 6036
f 338 3255 2348
f 338 6036 2269
f 339 3108 4635
f 339 3115 3504
f 339 3504 4083
f 339 4083 3108
f 339 4635 3115
f 340 1376 5263
f 340 3341 1376
f 340 3758 3341
f 340 5052 3758
f 340 5263 5052
f 341 480 1034
f 341 1034 6052
f 341 1397 480
f 341 1972 1397
f 341 6052 6294
f 341 6294 1972
f 342 483 1310
f 342 1310 6539
f 342 6539 6578
f 342 6578 483
f 343 655 6318
f 343 737 1782
f 343 1596 2155
f 343 1782 655
f 343 2155 737
f 343 6318 1596
f 344 414 2124
f 344 720 7195
f 344 2124 6920
f 344 5531 720
f 344 6920 5531
f 344 7195 414
f 345 451 836
f 345 672 1851
f 345 836 869
f 345 869 672
f 345 1851 451
f 346 708 1063
f 346 832 6108
f 346 1063 1585
f 346 1482 708
f 346 1585 832
f 346 6108 1482
f 347 937 1539
f 347 1183 937
f 347 1539 1712
f 347 1712 737
f 348 538 1887
f 348 890 6577
f 348 1887 890
f 348 6289 538
f 348 6577 6289
f 349 1200 1641
f 349 1243 1200
f 349 1595 1784
f 349 1641 1595
f 349 1784 1243
f 350 456 2028
f 350 1120 456
f 350 1442 1120
f 350 2028 1442
f 351 488 1297
f 351 767 972
f 351 972 488
f 351 1297 1663
f 351 1663 767
f 352 1096 1425
f 352 1425 1589
f 352 1589 1637
f 352 1637 2145
f 352 2145 1096
f 353 904 1606
f 353 1014 6539
f 353 1288 904
f 353 1606 1014
f 353 6539 1288
f 354 498 1161
f 354 817 5297
f 354 894 817
f 354 1161 6866
f 354 5297 498
f 354 6866 894
f 355 523 1064
f 355 1064 1143
f 355 1143 7173
f 355 7173 523
f 356 1103 706
f 356 1477 2080
f 357 461 1741
f 357 725 1892
f 357 1741 725
f 357 1892 1045
f 358 482 1841
f 358 869 482
f 359 379 1007
f 359 758 6893
f 359 858 379
f 359 1007 1821
f 359 1821 758
f 359 6893 858
f 360 394 669
f 360 669 1778
f 360 1302 394
f 360 1778 880
f 361 2687 6026
f 361 5503 2687
f 361 6026 6046
f 361 6046 5503
f 362 416 5754
f 362 5754 6027
f 362 6027 6328
f 363 532 747
f 363 747 6952
f 363 1046 532
f 363 1750 1046
f 363 6952 1750
f 364 667 1160
f 364 695 667
f 364 1160 4694
f 364 1463 695
f 364 4694 1463
f 365 1406 5047
f 365 1613 1406
f 365 5047 1902
f 366 477 5842
f 366 847 4874
f 366 885 477
f 366 1159 847
f 366 1835 885
f 366 4874 1835
f 366 5842 1159
f 367 1473 6872
f 367 1776 1473
f 367 5991 1776
f 367 6872 7183
f 368 929 1177
f 368 983 929
f 368 1141 6595
f 368 1177 1141
f 368 6595 983
f 369 994 5791
f 369 1515 994
f 369 5791 1448
f 370 924 1675
f 370 1115 7171
f 370 1675 1115
f 370 7171 924
f 371 887 1274
f 371 1274 1506
f 371 1407 887
f 371 1506 6589
f 372 1203 625
f 372 1425 1203
f 372 1589 1425
f 373 392 625
f 373 1023 2164
f 373 2164 392
f 374 1724 2187
f 374 2187 575
f 375 629 1983
f 375 735 1302
f 375 1302 1533
f 375 1533 629
f 375 1983 735
f 376 681 1431
f 377 2852 4328
f 377 3387 2852
f 377 3780 5841
f 377 4328 3780
f 377 5381 3387
f 377 5841 5381
f 378 513 6908
f 378 1819 5060
f 378 5060 513
f 378 6908 1819
f 379 858 1226
f 379 1226 4851
f 379 2126 1007
f 379 4851 2126
f 380 411 6951
f 380 998 411
f 380 1223 998
f 380 5104 1223
f 380 6951 5104
f 381 557 2115
f 381 1172 5590
f 381 1389 1172
f 381 2115 1389
f 381 5590 557
f 382 445 5142
f 382 1894 6657
f 382 5142 6075
f 382 6075 1894
f 382 6657 445
f 383 584 1573
f 383 787 584
f 383 1265 5762
f 383 1573 1959
f 383 1629 787
f 383 1959 1265
f 383 5762 1629
f 384 4802 6996
f 384 4803 4802
f 384 6996 4803
f 385 1473 1767
f 385 1729 6872
f 385 1767 2166
f 385 2166 1729
f 385 6872 1473
f 386 519 1762
f 386 1762 2093
f 386 2045 6088
f 386 2093 2045
f 386 5100 519
f 386 6088 5100
f 387 1022 794
f 387 1536 1022
f 387 1787 1536
f 387 1993 1787
f 388 1513 6348
f 388 1518 1513
f 388 4909 1530
f 388 6079 4909
f 388 6348 6079
f 389 768 1250
f 389 1026 768
f 389 1092 1026
f 389 1250 2062
f 389 2062 1092
f 390 489 1428
f 390 1428 1352
f 390 2002 489
f 391 407 1181
f 391 1181 6985
f 391 1250 1436
f 391 1436 407
f 391 6097 1250
f 391 6985 6097
f 392 2151 673
f 392 2164 6911
f 392 6911 2151
f 393 709 1109
f 393 833 709
f 393 1027 1185
f 393 1109 1027
f 393 1185 2001
f 393 2001 833
f 394 735 1546
f 394 1302 735
f 394 1546 669
f 395 423 1134
f 395 1469 423
f 395 1546 1469
f 396 452 2173
f 396 872 452
f 396 1923 2170
f 396 2170 872
f 396 2173 1923
f 397 470 1540
f 397 654 1050
f 397 1050 470
f 398 606 5295
f 398 3369 4406
f 398 4084 606
f 398 4406 4084
f 398 5295 3369
f 399 2485 4659
f 399 2678 2735
f 399 2735 2485
f 399 4059 2678
f 399 4659 4059
f 400 691 5837
f 400 1077 6384
f 400 1392 691
f 400 5837 1077
f 400 6384 6684
f 400 6684 1392
f 401 1275 4881
f 401 4881 6639
f 401 5742 1275
f 401 6639 5742
f 402 582 2130
f 402 1084 1742
f 402 1458 582
f 402 1742 1458
f 402 2130 1084
f 403 1954 5767
f 403 5767 692
f 403 6852 1954
f 404 810 1267
f 404 1267 1814
f 404 1975 810
f 405 806 6280
f 405 1383 1811
f 405 1811 6331
f 405 6280 1383
f 405 6331 806
f 406 617 5349
f 406 2182 6338
f 406 5349 2182
f 406 6338 617
f 407 566 1714
f 407 1436 566
f 407 1714 1181
f 408 678 1597
f 408 931 2013
f 408 1100 1913
f 408 1597 1100
f 408 1913 931
f 408 2013 678
f 409 861 1533
f 409 1533 6557
f 409 1541 861
f 409 6557 1541
f 410 1466 6553
f 410 6089 1466
f 410 6553 6817
f 410 6817 6089
f 411 998 4515
f 411 4515 4709
f 411 4709 6951
f 412 783 1764
f 412 1171 1501
f 412 1501 783
f 412 6888 1171
f 413 445 5360
f 413 1395 4882
f 413 5360 1395
f 414 920 1679
f 414 1679 4827
f 414 4827 2124
f 415 1089 5312
f 415 1683 1089
f 415 2029 1683
f 416 476 1174
f 416 1174 1213
f 416 1213 5754
f 417 1002 6307
f 417 1527 6609
f 417 6307 1527
f 417 6567 1002
f 417 6609 1000
f 418 612 6975
f 418 1087 4713
f 418 1880 1087
f 418 4713 612
f 418 5332 1880
f 418 6975 5332
f 419 1623 1825
f 419 1825 5339
f 419 1979 6670
f 419 5122 1623
f 419 5339 1979
f 419 6670 5122
f 420 1251 2163
f 420 1483 1551
f 420 1551 1251
f 420 2163 7174
f 420 7174 1483
f 421 706 1103
f 421 1103 1354
f 421 1354 1645
f 421 1645 2146
f 422 504 1538
f 422 1203 1425
f 422 1425 504
f 423 1421 1655
f 423 1469 1713
f 423 1655 1134
f 423 1713 1421
f 424 900 1930
f 424 1591 900
f 424 1930 4210
f 424 4210 6667
f 424 6667 1591
f 425 526 1137
f 425 938 1701
f 425 1137 938
f 425 1701 6584
f 425 6584 526
f 426 4903 6682
f 426 5345 4880
f 426 6682 5345
f 427 428 1398
f 427 588 2095
f 427 694 1047
f 427 1047 588
f 427 1398 694
f 427 2095 428
f 428 1254 1609
f 428 1609 1398
f 428 2095 1254
f 429 1048 4500
f 429 2117 6084
f 429 4500 2117
f 429 6084 6339
f 429 6339 1048
f 430 1113 6027
f 430 1442 1113
f 430 5754 1442
f 430 6027 5754
f 431 1279 6381
f 431 1760 1279
f 431 4485 1760
f 431 4719 4485
f 431 6381 4719
f 432 615 2048
f 432 853 615
f 432 2048 5814
f 432 4881 853
f 432 5814 4881
f 433 475 1409
f 433 1409 5032
f 433 1512 1698
f 433 1698 475
f 433 5032 1512
f 434 1552 1998
f 434 1998 6649
f 434 6649 1552
f 435 705 1592
f 435 861 705
f 435 935 1983
f 435 1592 935
f 435 1983 861
f 436 1868 3304
f 436 3304 6447
f 436 3997 4958
f 436 4958 6202
f 436 5029 1256
f 436 5410 5960
f 436 5896 7118
f 436 5960 3997
f 436 6202 5896
f 436 6447 5410
f 436 7118 7170
f 436 7170 5029
f 437 2580 4824
f 437 3242 4251
f 437 3373 4092
f 437 4251 3373
f 437 4824 3242
f 438 1002 1757
f 438 1757 6599
f 438 6307 1002
f 439 1275 1962
f 439 1962 4515
f 439 4881 1275
f 440 538 1081
f 440 817 1887
f 440 1081 5297
f 440 1887 538
f 440 5297 817
f 441 638 1127
f 441 660 5370
f 441 1127 2117
f 441 2117 660
f 441 5370 638
f 442 591 890
f 442 698 591
f 442 890 5770
f 442 1000 6609
f 442 5770 1000
f 442 6609 698
f 443 942 5520
f 443 1337 942
f 443 1978 1337
f 443 5520 1978
f 444 462 7202
f 444 1276 462
f 444 1467 1815
f 444 1815 5270
f 444 5270 1276
f 444 7202 1467
f 445 1622 5360
f 445 6657 1622
f 446 895 4520
f 446 1571 4694
f 446 4520 1571
f 446 4694 895
f 447 793 1844
f 447 925 1535
f 447 1535 793
f 447 1595 1641
f 447 1641 925
f 447 1844 1595
f 448 568 6862
f 448 1184 568
f 448 6862 1184
f 449 1247 1721
f 449 2087 1247
f 450 1106 1545
f 450 1545 1707
f 450 1707 1931
f 450 1931 1106
f 451 1054 836
f 451 1718 1054
f 451 1851 1718
f 452 830 1416
f 452 872 1138
f 452 1138 830
f 452 1416 2173
f 453 470 2188
f 453 1254 2095
f 453 1609 1254
f 453 1866 6547
f 453 2095 1866
f 453 2098 3333
f 453 2182 1609
f 453 2188 2098
f 453 3333 2182
f 453 6547 7180
f 453 7180 715
f 454 2755 3762
f 454 2931 5990
f 454 3762 2931
f 454 5990 2755
f 455 585 1442
f 455 646 1885
f 455 1442 2111
f 455 1885 6912
f 455 2111 646
f 455 6912 585
f 456 886 2028
f 456 1120 6022
f 456 1277 886
f 456 6022 1277
f 457 943 6909
f 457 1575 6056
f 457 1972 943
f 457 6056 1972
f 457 6892 1575
f 457 6909 6892
f 458 496 1699
f 458 592 496
f 458 1699 1964
f 458 1964 5281
f 458 5281 592
f 459 492 1264
f 459 860 1173
f 459 1173 492
f 459 1264 1820
f 459 1820 860
f 460 751 1691
f 460 1154 5785
f 460 1691 1956
f 460 1956 1154
f 460 5547 751
f 460 5785 5547
f 461 719 5114
f 461 1614 719
f 461 5114 1741
f 462 761 1085
f 462 1085 6294
f 462 1276 761
f 462 6294 7202
f 463 1340 1949
f 463 1949 5774
f 463 5549 1340
f 463 5774 6920
f 463 6920 5549
f 464 600 7166
f 464 801 600
f 464 1020 1175
f 464 1175 801
f 465 1052 1415
f 465 1237 1432
f 465 1415 1237
f 465 1432 1052
f 466 501 1765
f 466 1012 501
f 466 1765 1703
f 467 542 1477
f 467 825 1701
f 467 1477 1780
f 467 1701 542
f 467 1780 825
f 468 1060 2063
f 468 1478 1838
f 468 1838 2136
f 468 2063 1478
f 468 2136 1060
f 469 1542 6112
f 469 1717 6664
f 469 6664 1542
f 470 601 1476
f 470 652 1283
f 470 980 652
f 470 1050 1658
f 470 1200 1728
f 470 1283 1921
f 470 1305 1540
f 470 1441 5999
f 470 1476 1600
f 470 1600 4605
f 470 1728 601
f 470 1921 1200
f 470 4605 5025
f 470 5025 6860
f 470 5999 6260
f 470 6100 1305
f 470 6860 2188
f 471 993 5111
f 471 1330 1694
f 471 1694 993
f 471 5111 6631
f 471 6631 1330
f 472 2182 4512
f 472 4512 5347
f 472 5347 2182
f 473 1165 1563
f 473 1465 5620
f 473 1563 1465
f 473 5620 5814
f 473 5814 1165
f 474 959 1449
f 474 1044 1555
f 474 1449 1044
f 474 1555 959
f 475 1123 5755
f 475 1698 6022
f 475 5755 1409
f 475 6022 1123
f 476 753 1174
f 476 1897 6321
f 476 6321 753
f 477 852 5842
f 477 885 852
f 478 2119 1886
f 478 4499 5817
f 478 5817 2119
f 479 611 7119
f 479 884 611
f 479 6845 884
f 479 7119 6845
f 480 666 5538
f 480 1397 2030
f 480 2030 666
f 480 5538 1034
f 481 2185 5428
f 481 5214 2185
f 481 5428 5214
f 482 836 1054
f 482 869 836
f 482 1054 2064
f 482 2064 1841
f 483 1178 1310
f 483 6578 1588
f 484 503 1851
f 484 672 1603
f 484 1851 672
f 485 544 5026
f 485 934 544
f 485 5026 6856
f 485 6856 934
f 486 737 2155
f 486 1491 649
f 486 2155 1491
f 487 975 1839
f 487 1147 975
f 487 1192 1147
f 487 1839 1192
f 488 972 1023
f 488 1203 1297
f 489 1346 1428
f 489 2002 1365
f 490 1021 1487
f 490 1285 1021
f 490 1487 7174
f 490 7174 1285
f 491 723 5317
f 491 808 7197
f 491 1221 723
f 491 5317 808
f 491 7197 1221
f 492 1173 5060
f 492 5060 1819
f 493 3704 6858
f 493 5458 3704
f 493 6858 5458
f 494 611 6600
f 494 755 7119
f 494 1964 755
f 494 5281 1964
f 494 6600 5281
f 494 7119 611
f 495 515 5552
f 495 1333 515
f 495 1508 1333
f 495 1960 1508
f 495 5552 1960
f 496 592 5810
f 496 5288 1699
f 496 5518 5288
f 496 5810 5518
f 497 762 1332
f 497 1332 2106
f 497 2043 6671
f 497 2106 2043
f 497 4897 762
f 497 6671 4897
f 498 781 1116
f 498 1116 1161
f 499 996 5784
f 499 5784 6852
f 499 6017 996
f 499 6852 6017
f 500 976 1351
f 500 1351 6340
f 500 6101 976
f 500 6340 6101
f 501 1012 1583
f 501 1583 740
f 502 546 1705
f 502 1059 1863
f 502 1705 1059
f 502 1863 2079
f 502 2079 546
f 503 1708 563
f 503 1718 1851
f 504 598 1538
f 504 1096 598
f 504 1425 1096
f 505 863 938
f 505 938 1137
f 506 763 7121
f 506 795 965
f 506 876 763
f 506 965 876
f 506 7121 795
f 507 1054 2172
f 507 2064 1054
f 507 2172 1069
f 508 1869 2186
f 508 1934 4368
f 508 2186 2019
f 508 3714 7010
f 508 3868 3714
f 508 4368 5222
f 508 5222 6993
f 508 6416 1934
f 508 6993 3868
f 508 7010 1869
f 509 1517 6891
f 509 5288 1517
f 509 6891 7180
f 509 7180 5288
f 510 1403 5775
f 510 5272 1403
f 511 618 717
f 511 717 1689
f 511 1219 1876
f 511 1689 1219
f 511 1876 618
f 512 814 1273
f 512 856 1834
f 512 1273 856
f 512 1621 1674
f 512 1674 814
f 512 1834 1621
f 513 851 5299
f 513 5060 851
f 513 5299 6908
f 514 581 2026
f 514 1269 1577
f 514 1577 5318
f 514 2026 1269
f 514 5318 581
f 515 1161 5552
f 516 584 6574
f 516 1573 584
f 516 6574 639
f 517 1330 6106
f 517 1694 1330
f 517 6106 7182
f 517 7182 1694
f 518 1164 1822
f 518 1747 5359
f 518 1822 6384
f 518 1881 1747
f 518 5359 1164
f 518 6384 1881
f 519 1399 1759
f 519 1759 1762
f 519 5100 1399
f 520 648 1570
f 520 787 1629
f 520 1570 787
f 520 1629 648
f 521 775 1195
f 521 1195 1643
f 521 1643 926
f 522 566 2083
f 522 1653 1999
f 522 1999 566
f 522 2083 2134
f 522 2134 1653
f 523 804 6330
f 523 6330 1064
f 523 7173 804
f 524 562 6954
f 524 1427 6669
f 524 1492 562
f 524 6669 1492
f 524 6954 1427
f 525 878 5840
f 525 1105 1647
f 525 1647 1720
f 525 1720 878
f 525 5840 6955
f 525 6955 1105
f 526 651 1638
f 526 981 1137
f 526 1638 981
f 526 6584 651
f 527 5026 681
f 528 966 1644
f 528 1101 966
f 528 1644 1852
f 528 1852 5991
f 528 7183 1101
f 529 1142 1779
f 529 1779 6863
f 529 2151 1142
f 529 6863 1858
f 530 1675 6854
f 530 6361 1675
f 530 6854 1975
f 531 693 6389
f 531 1326 5843
f 531 5843 693
f 531 6389 7182
f 531 7182 1326
f 532 1046 6555
f 532 1507 5607
f 532 5607 747
f 532 6555 1507
f 533 1041 5302
f 533 2025 5048
f 533 5048 857
f 533 5302 6011
f 533 6011 2025
f 534 1122 1957
f 534 1697 1122
f 534 1957 6905
f 534 6905 1697
f 535 5732 6858
f 535 6464 5732
f 535 6858 6464
f 536 583 912
f 536 752 1262
f 536 912 6335
f 536 1262 583
f 536 6335 752
f 537 821 6042
f 537 1114 5310
f 537 1212 1951
f 537 1951 1114
f 537 5310 821
f 537 6042 1212
f 538 6289 6580
f 538 6580 1081
f 539 568 1433
f 539 679 6862
f 539 1433 1471
f 539 1471 679
f 539 6862 568
f 540 904 1288
f 540 1196 1793
f 540 1288 1196
f 540 1603 904
f 540 1793 1603
f 541 574 4605
f 541 1144 574
f 541 1201 1144
f 541 1788 1201
f 541 4605 1788
f 542 713 2080
f 542 1642 713
f 542 1701 1642
f 542 2080 1477
f 543 565 1919
f 543 1656 6581
f 543 1919 1656
f 543 6581 565
f 544 681 5026
f 544 934 1182
f 545 598 1475
f 545 731 1538
f 545 1538 598
f 545 2065 731
f 545 6890 2065
f 546 1584 1705
f 546 2079 6676
f 547 773 2063
f 547 2063 1191
f 548 896 2134
f 548 1856 896
f 548 2061 1856
f 548 2134 2061
f 549 671 6957
f 549 774 671
f 549 973 6378
f 549 1986 774
f 549 6378 1986
f 549 6957 973
f 550 905 6985
f 550 1056 905
f 550 1662 1770
f 550 1770 1056
f 550 6985 1662
f 551 830 1483
f 551 1300 7130
f 551 1416 830
f 551 1483 1300
f 551 7130 1416
f 552 966 1846
f 552 1422 1644
f 552 1644 966
f 552 1846 1422
f 553 1763 5142
f 553 2114 1763
f 553 6975 2114
f 554 1400 6659
f 554 1810 1400
f 554 6659 746
f 555 1630 5511
f 555 1819 6908
f 555 5511 758
f 555 6908 1630
f 556 1343 6570
f 556 6570 7164
f 557 1572 5561
f 557 5561 2115
f 557 5590 1572
f 558 1510 6123
f 558 5370 1510
f 558 6122 5370
f 558 6123 6122
f 559 788 1762
f 559 888 1224
f 559 1224 788
f 559 1759 888
f 559 1762 1759
f 560 884 6845
f 560 944 1215
f 560 1215 884
f 560 6570 944
f 560 6845 7164
f 560 7164 6570
f 561 1418 1773
f 561 1605 1418
f 561 1773 5500
f 561 5500 1605
f 562 1246 6954
f 562 1492 5598
f 562 5598 1246
f 563 1708 1369
f 564 1475 2009
f 564 2009 1839
f 565 731 1919
f 565 1663 1297
f 565 6581 1663
f 566 1436 1479
f 566 1479 2083
f 566 1999 1714
f 567 596 1853
f 567 1133 596
f 567 1534 1133
f 567 1783 1534
f 567 1853 6374
f 567 6374 1783
f 568 803 1433
f 568 1184 803
f 569 704 6330
f 569 974 704
f 569 1361 1028
f 570 632 1021
f 570 1021 1285
f 570 1285 2163
f 570 2163 6101
f 570 6101 632
f 571 653 1239
f 571 870 1485
f 571 1239 6917
f 571 1485 653
f 572 575 1992
f 572 1992 1178
f 573 1014 1606
f 573 1588 6578
f 573 1606 1702
f 573 1702 1588
f 573 6578 1014
f 574 1430 4605
f 574 6375 1430
f 575 2187 1992
f 576 1024 2061
f 576 1145 1024
f 576 1912 1145
f 576 2061 1912
f 577 971 1650
f 577 1286 2010
f 577 1650 1286
f 577 6597 971
f 578 1167 6272
f 578 1205 1803
f 578 1256 1205
f 578 1452 1167
f 578 1557 1733
f 578 1669 1557
f 578 1733 1801
f 578 1801 1452
f 579 3119 6924
f 579 3620 6055
f 579 6055 3119
f 579 6924 3620
f 580 1272 1578
f 580 1578 1628
f 580 1628 6675
f 580 1891 1272
f 580 6675 1891
f 581 1522 2026
f 581 5299 1522
f 581 5318 5299
f 582 1458 5289
f 583 622 912
f 583 1262 1336
f 583 1336 622
f 584 787 6574
f 585 1875 1442
f 585 6912 1875
f 586 668 2025
f 586 1157 1327
f 586 1327 1896
f 586 1896 668
f 586 2025 1157
f 587 1562 6383
f 587 2128 1562
f 587 5144 2128
f 587 5590 5144
f 587 6383 5590
f 588 1047 6633
f 589 693 5843
f 589 1905 4485
f 589 4485 4719
f 589 4719 693
f 589 5843 1905
f 590 992 6684
f 590 1393 4704
f 590 4704 992
f 590 5812 1393
f 590 6684 5812
f 591 698 5515
f 591 5515 6334
f 591 6334 6577
f 591 6577 890
f 592 1967 5810
f 592 5281 1967
f 593 6613 1615
f 593 6824 6613
f 593 7140 6824
f 594 1866 4675
f 594 4675 6958
f 594 5380 1866
f 594 6958 5380
f 595 803 1184
f 595 1180 803
f 595 1184 2142
f 595 2142 1180
f 596 1133 6116
f 596 1427 1639
f 596 1639 1853
f 596 6116 6669
f 596 6669 1427
f 597 963 6318
f 597 1909 1980
f 597 1980 963
f 597 6318 1909
f 598 1096 1475
f 599 670 1139
f 599 677 1640
f 599 1139 677
f 599 1359 670
f 599 1640 1359
f 600 801 1652
f 600 1547 2071
f 600 1652 1547
f 600 2071 7166
f 601 1094 1476
f 601 1728 1094
f 602 1070 2090
f 602 2090 2097
f 602 2097 7024
f 602 2169 5907
f 602 3702 4172
f 602 4172 5956
f 602 5907 1070
f 602 5956 2169
f 602 7024 3702
f 603 1805 2763
f 603 2379 5068
f 603 2763 3610
f 603 3610 3731
f 603 3731 2379
f 603 5068 1805
f 604 2651 4325
f 604 2778 5745
f 604 4325 2778
f 604 5745 2651
f 605 2472 6366
f 605 4125 2472
f 605 5113 4125
f 605 6366 5113
f 606 3493 3775
f 606 3775 5295
f 606 4084 3493
f 607 2763 5070
f 607 3245 4460
f 607 4440 3245
f 607 4460 2763
f 607 5070 4440
f 608 1905 5843
f 608 2041 1905
f 608 5843 6118
f 608 6118 4700
f 609 1527 6307
f 609 1627 6609
f 609 6307 2034
f 609 6609 1527
f 610 989 1119
f 610 1119 1404
f 610 1404 2112
f 610 2112 989
f 611 884 1215
f 611 1215 6600
f 612 1580 2114
f 612 2114 6975
f 613 1760 4485
f 613 4485 4678
f 613 4678 5836
f 613 5836 1760
f 614 1456 4673
f 614 1743 1835
f 614 1835 6377
f 614 6377 1456
f 615 807 2048
f 615 853 1223
f 615 1223 807
f 616 1091 1514
f 616 1514 1576
f 616 1576 2038
f 616 1907 1091
f 616 2038 1907
f 617 1454 5572
f 617 5572 5349
f 617 6338 6627
f 617 6627 1454
f 618 1876 5547
f 618 5547 5785
f 618 5785 717
f 619 662 5771
f 619 1761 2042
f 619 2042 662
f 619 5771 1761
f 620 1049 995
f 620 6554 1049
f 620 7168 6554
f 621 1746 2131
f 621 2131 7120
f 621 4894 1746
f 621 5579 4894
f 621 7120 5579
f 622 1336 6824
f 622 6532 912
f 622 6824 6532
f 623 1093 1284
f 623 1247 1093
f 623 1490 1721
f 623 1721 1247
f 624 925 1641
f 624 1200 1283
f 624 1283 2153
f 624 1641 1200
f 624 2153 6120
f 624 6120 925
f 626 799 1848
f 626 1011 1635
f 626 1058 1011
f 626 1635 799
f 626 1848 6624
f 626 6624 1058
f 627 655 1782
f 627 1782 6569
f 627 1909 6318
f 627 6318 655
f 627 6569 1909
f 628 963 1980
f 628 1348 6581
f 628 1422 1348
f 628 1852 1422
f 628 1980 1852
f 628 6581 963
f 629 861 1983
f 629 1533 861
f 630 1357 1910
f 630 1772 1357
f 630 1910 6664
f 630 6664 1772
f 631 1592 2150
f 631 2150 1364
f 632 1097 1771
f 632 1487 1021
f 632 1771 1238
f 632 6101 1097
f 633 966 1101
f 633 1101 6872
f 633 1729 966
f 633 6872 1729
f 634 4291 6392
f 634 6385 4291
f 634 6392 6385
f 635 779 4495
f 635 948 1973
f 635 1257 779
f 635 1939 1257
f 635 1973 1939
f 635 4495 4921
f 635 4921 948
f 636 1319 1891
f 636 1891 6675
f 636 6675 1894
f 637 656 6601
f 637 1265 656
f 637 6601 1265
f 638 5122 1127
f 638 5370 6122
f 638 6122 5122
f 639 5541 1557
f 640 1048 6099
f 640 5357 1048
f 640 5826 5357
f 640 6099 5826
f 641 1624 1968
f 641 1968 2127
f 641 2054 1624
f 642 663 1170
f 642 1170 1461
f 642 1461 1676
f 642 1676 1751
f 642 1751 5038
f 642 5038 663
f 643 1456 1633
f 643 1633 6845
f 643 2129 1456
f 643 6845 2129
f 644 958 1695
f 644 1121 1462
f 644 1279 1760
f 644 1462 1279
f 644 1695 1121
f 644 1760 958
f 645 782 2039
f 645 1524 5849
f 645 2039 6555
f 645 5849 782
f 645 6555 1524
f 646 2111 6267
f 646 6267 6879
f 646 6879 1885
f 647 1172 1389
f 647 1389 6345
f 647 1950 6629
f 647 6345 1950
f 647 6629 1172
f 648 727 1570
f 648 1382 1576
f 648 1576 727
f 648 1629 1837
f 648 1837 1382
f 649 1491 6856
f 649 6856 1183
f 650 1415 2166
f 650 1478 1415
f 650 2166 1767
f 651 932 1638
f 651 962 932
f 651 6584 962
f 652 980 2153
f 652 2153 1283
f 653 1129 6621
f 653 6621 1239
f 654 1424 6981
f 654 6981 1050
f 656 1265 5526
f 657 952 1516
f 657 1516 6547
f 657 6103 952
f 658 987 1257
f 658 1257 1668
f 658 1513 987
f 658 1668 5327
f 658 5327 6348
f 658 6348 1513
f 659 1757 5512
f 659 5512 7159
f 659 6599 1757
f 659 7159 6599
f 660 820 5597
f 660 1520 5370
f 660 2117 820
f 660 5597 1520
f 661 5321 726
f 661 6554 5321
f 661 6572 6554
f 662 949 6903
f 662 2042 949
f 662 5262 5558
f 662 5558 5771
f 662 6903 5262
f 663 806 5790
f 663 5038 806
f 663 5790 1170
f 664 1273 6088
f 664 1341 1273
f 664 6088 1518
f 665 854 1036
f 665 1036 1268
f 665 1268 1890
f 665 1890 5608
f 665 5608 854
f 666 2030 1169
f 667 695 1404
f 667 1119 1160
f 667 1404 1119
f 668 1896 1565
f 668 2120 2025
f 670 1299 2187
f 670 1359 1299
f 670 2187 1139
f 671 774 2088
f 671 1099 6957
f 671 1423 1099
f 671 2088 1423
f 672 1588 1702
f 672 1702 1603
f 674 741 1481
f 674 1306 741
f 674 1429 1714
f 674 1481 1429
f 674 1714 1999
f 674 1999 1306
f 675 1194 1635
f 675 1432 1194
f 675 1635 1011
f 675 2002 1432
f 676 1545 1856
f 676 1707 1545
f 676 1856 1065
f 677 826 1640
f 677 6844 826
f 678 2013 7161
f 678 7161 1597
f 679 1471 1932
f 679 1932 6862
f 680 1291 6934
f 680 1549 1291
f 680 2167 6344
f 680 6344 1549
f 680 6934 2167
f 682 1241 1643
f 682 6595 1241
f 683 1053 1434
f 683 1434 1664
f 683 1664 2087
f 683 2087 2172
f 683 2172 1053
f 684 6830 2062
f 685 714 1442
f 685 892 5260
f 685 907 1555
f 685 1044 892
f 685 1442 1799
f 685 1496 907
f 685 1555 1044
f 685 1752 1496
f 685 1799 1752
f 685 4802 4803
f 685 5260 4802
f 686 3014 4055
f 686 4055 5792
f 686 4242 3014
f 686 4857 4242
f 686 5792 4857
f 687 2791 4126
f 687 4126 6963
f 687 4475 2791
f 687 6963 4475
f 688 2827 3133
f 688 3130 2827
f 688 3133 3378
f 688 3378 5085
f 688 5085 3130
f 689 1211 6962
f 689 1525 5364
f 689 1886 2119
f 689 1953 1525
f 689 2119 1211
f 689 5364 1886
f 689 6962 1953
f 690 728 845
f 690 818 1337
f 690 845 818
f 690 1337 1978
f 690 1978 728
f 691 1392 1756
f 692 1168 6852
f 692 1278 1168
f 692 5767 1278
f 693 4719 6389
f 694 1398 4872
f 694 4872 1047
f 695 1463 6080
f 695 1828 1404
f 695 6080 1828
f 696 850 6984
f 696 5561 850
f 696 6984 5561
f 697 808 1230
f 697 844 1385
f 697 1166 7197
f 697 1230 844
f 697 1385 1166
f 697 7197 808
f 698 1627 5515
f 698 6609 1627
f 699 979 1640
f 699 1178 1992
f 699 1310 1178
f 699 1640 1310
f 699 1992 979
f 700 877 6528
f 700 1013 1175
f 700 1130 1013
f 700 1175 877
f 700 1862 1130
f 700 6528 1862
f 701 835 6582
f 701 1715 6558
f 701 6558 835
f 701 6582 1715
f 702 1136 2089
f 702 2089 1234
f 703 1423 2088
f 703 1481 741
f 703 1648 1423
f 703 2088 1481
f 704 974 1051
f 704 1240 6330
f 704 1364 1240
f 705 861 1541
f 705 1541 2150
f 705 2150 1592
f 706 1537 838
f 707 1301 1710
f 707 1710 3466
f 707 3466 5999
f 707 5026 1301
f 707 5999 5026
f 708 1482 2068
f 709 833 1028
f 709 1028 1361
f 709 1361 1098
f 710 1469 1546
f 710 1536 1787
f 710 1546 2148
f 710 1713 1469
f 710 1787 1713
f 710 2148 1536
f 711 933 7163
f 711 1426 933
f 711 7163 7192
f 711 7192 1426
f 712 1197 1363
f 712 1363 7186
f 712 1420 1495
f 712 1468 2078
f 712 1495 1197
f 712 2078 1420
f 712 7186 1468
f 713 798 2080
f 713 1190 798
f 713 1642 1190
f 714 1111 6861
f 714 6861 1442
f 715 1158 5227
f 715 1312 1500
f 715 1500 1441
f 715 5227 5667
f 715 5436 1312
f 715 5667 6191
f 715 6191 5436
f 715 6554 7168
f 715 7168 1158
f 715 7180 6554
f 716 2840 4249
f 716 4249 3475
f 716 4405 2840
f 717 1281 5063
f 717 5063 1689
f 717 5785 1281
f 718 783 1501
f 718 1461 7178
f 718 7178 783
f 719 946 6079
f 719 948 4921
f 719 1614 946
f 719 4921 5114
f 719 6079 948
f 720 1388 7195
f 720 5302 1388
f 720 5531 5302
f 721 955 6864
f 721 1075 6874
f 721 1506 955
f 721 6589 1506
f 721 6864 1075
f 721 6874 6589
f 722 2734 5935
f 722 5480 6996
f 722 5935 5480
f 722 6996 2734
f 723 1173 1884
f 723 1221 1976
f 723 1884 5317
f 723 1976 7194
f 723 7194 1173
f 724 2129 6547
f 725 1741 5607
f 725 4879 1892
f 725 5607 4879
f 726 1455 1836
f 726 1836 1386
f 726 5321 1455
f 727 1514 1978
f 727 1576 1514
f 728 1091 1907
f 728 1632 6874
f 728 1907 1632
f 728 1978 1091
f 728 6874 845
f 729 1473 1911
f 729 1767 1473
f 729 1838 1767
f 730 982 1862
f 730 1057 1552
f 730 1552 982
f 730 1862 7138
f 730 2074 1057
f 730 7138 2074
f 731 2065 1919
f 732 740 1583
f 732 832 2004
f 732 1583 832
f 732 1704 1766
f 732 1766 740
f 732 2004 1704
f 733 1026 1418
f 733 1418 6266
f 733 1479 1026
f 733 1486 2083
f 733 2083 1479
f 733 6266 1486
f 734 767 1489
f 734 1352 767
f 734 1489 1725
f 734 1725 1352
f 735 1983 2148
f 735 2148 1546
f 736 1107 1778
f 736 1134 1769
f 737 1712 1782
f 738 1093 1233
f 738 1233 6624
f 738 1284 1093
f 738 6624 1284
f 739 799 1635
f 739 897 1993
f 739 1593 897
f 739 1635 1593
f 739 1993 799
f 741 1306 6673
f 742 3537 3937
f 742 3644 4689
f 742 3781 3644
f 742 3937 3781
f 742 4490 3537
f 742 4689 4490
f 743 2438 4458
f 743 3503 5553
f 743 4458 3503
f 743 5553 2438
f 744 2547 5528
f 744 2595 2547
f 744 4086 6606
f 744 5528 4086
f 744 6606 2595
f 745 2020 6533
f 745 4449 2020
f 745 6533 6889
f 745 6889 4449
f 746 778 7182
f 746 5818 6973
f 746 6659 5818
f 746 6973 778
f 747 5607 5618
f 747 5618 6952
f 748 1080 1809
f 748 1880 1080
f 748 7171 1880
f 749 1047 4872
f 749 1335 5619
f 749 1953 1335
f 749 4872 1953
f 749 5619 1047
f 750 1209 1747
f 750 1338 6960
f 750 1747 1338
f 750 5333 6119
f 750 6119 1209
f 750 6960 5333
f 751 1037 1691
f 752 1074 4860
f 752 4860 1262
f 752 5761 1074
f 752 6335 5761
f 753 1409 5755
f 753 5755 1174
f 753 6321 1409
f 754 1386 1836
f 754 1758 6054
f 754 1836 1758
f 754 6054 1386
f 755 914 7119
f 756 992 4704
f 756 1756 992
f 756 4704 6857
f 756 6857 1756
f 757 886 1277
f 757 951 886
f 757 1277 2125
f 757 2125 1528
f 758 1821 5078
f 758 5511 6893
f 759 1114 1153
f 759 1153 1564
f 759 1383 1114
f 759 1564 2033
f 759 1811 1383
f 759 2033 1811
f 760 894 6866
f 760 5271 894
f 760 6866 6567
f 761 943 1085
f 761 1276 6909
f 761 6909 943
f 762 1507 6555
f 762 4879 1507
f 762 4897 4879
f 762 6555 1332
f 763 876 1706
f 763 1607 7121
f 764 797 2010
f 764 1286 6582
f 764 1548 797
f 764 2010 1286
f 764 6582 1548
f 765 791 1850
f 765 872 2170
f 765 1105 1138
f 765 1138 872
f 765 1294 1995
f 765 1850 1294
f 765 1995 1105
f 765 2170 791
f 766 1732 4976
f 766 1941 1732
f 766 4976 5200
f 766 5200 1941
f 767 1352 972
f 767 1663 1489
f 768 1026 1479
f 768 1436 1250
f 768 1479 1436
f 769 1293 1849
f 769 1472 1717
f 769 1849 2167
f 769 2167 1472
f 770 1539 1651
f 770 1916 1539
f 770 7179 1916
f 771 793 1494
f 771 973 6957
f 771 1198 793
f 771 1494 973
f 771 1781 1198
f 771 6957 1781
f 772 1064 1240
f 772 1240 2150
f 772 2150 1599
f 773 897 1593
f 773 1593 1237
f 774 802 2088
f 774 1662 802
f 774 1986 1662
f 775 1289 1195
f 775 6591 1289
f 776 1795 4133
f 776 1937 2016
f 776 2016 1795
f 776 3174 1937
f 776 3292 3174
f 776 4133 3292
f 777 2908 3758
f 777 3758 5313
f 777 4863 2908
f 777 5313 5316
f 777 5316 4863
f 778 4502 7182
f 778 6973 4502
f 779 1257 1608
f 779 1608 4495
f 780 1281 1758
f 780 1758 1836
f 780 1836 2044
f 780 2044 5518
f 780 5063 1281
f 780 5518 5063
f 781 1081 2133
f 781 1826 1116
f 781 2133 1826
f 782 990 1750
f 782 1750 6952
f 782 5849 990
f 782 6952 2039
f 784 1567 6973
f 784 2050 1567
f 784 5818 2050
f 784 6973 5818
f 785 1578 5333
f 785 1628 1578
f 785 5333 6960
f 785 6960 1628
f 786 1217 1317
f 786 1317 6083
f 786 6083 5602
f 787 1570 6574
f 788 1224 1257
f 788 1257 2093
f 788 2093 1762
f 789 6555 6825
f 789 6825 6052
f 789 7181 6555
f 790 1212 6042
f 790 2109 6593
f 790 6042 2109
f 790 6283 1212
f 790 6593 6283
f 791 1232 1850
f 791 2170 1232
f 792 839 6559
f 792 1196 839
f 792 1706 6590
f 792 6590 1196
f 793 1198 1844
f 793 1535 1494
f 794 824 935
f 794 935 1177
f 794 1022 824
f 795 1017 965
f 795 1649 6863
f 795 6863 1017
f 795 7121 1649
f 796 1303 1777
f 796 1553 1303
f 796 2149 1553
f 797 1548 2007
f 797 2007 2146
f 797 2146 2070
f 798 1190 1132
f 799 873 1848
f 800 831 1416
f 800 1416 7130
f 800 5023 831
f 800 7130 5023
f 801 827 1652
f 801 1013 827
f 801 1175 1013
f 802 1429 1481
f 802 1481 2088
f 802 1662 6985
f 802 6985 1429
f 803 1136 1470
f 803 1180 1136
f 803 1470 1433
f 804 7173 6549
f 805 822 1724
f 805 981 1638
f 805 1095 981
f 805 1638 822
f 805 1724 2135
f 805 2135 1095
f 806 844 1230
f 806 1230 808
f 806 1257 2187
f 806 1385 844
f 806 1500 7178
f 806 2187 1500
f 806 5550 1385
f 806 6331 5550
f 806 7178 5790
f 807 1223 5104
f 807 1832 2048
f 807 5104 1832
f 809 1217 6082
f 809 1317 1217
f 809 1341 6976
f 809 6082 1341
f 809 6976 1317
f 810 1975 6854
f 810 6854 7125
f 810 7125 1267
f 811 1394 1971
f 811 1803 1394
f 811 1971 6601
f 812 820 4500
f 812 1746 820
f 812 4500 5357
f 812 5357 1746
f 813 1043 1380
f 813 1380 6023
f 813 5312 1043
f 813 5504 5312
f 813 6023 5504
f 814 5100 6088
f 814 6088 1273
f 815 1749 7164
f 815 1882 1749
f 815 6887 1882
f 816 1577 2029
f 816 1965 5318
f 816 5289 1965
f 816 5318 1577
f 817 894 5271
f 817 5271 1887
f 818 845 918
f 818 918 2132
f 818 1882 1337
f 818 2132 1882
f 819 1005 1319
f 819 1319 1390
f 819 1390 5599
f 819 4699 1005
f 819 5599 4699
f 820 1746 4894
f 820 2117 4500
f 820 4894 5597
f 821 1076 6042
f 821 1676 1076
f 821 1693 1676
f 821 5310 1693
f 822 1638 1927
f 822 1927 2187
f 822 2187 1724
f 823 1296 1912
f 823 1912 2061
f 823 1988 6840
f 823 2061 1988
f 823 6840 1296
f 824 1022 2148
f 824 1983 935
f 824 2148 1983
f 825 962 6584
f 825 1780 1918
f 825 1918 6926
f 825 6584 1701
f 825 6926 962
f 826 6844 6539
f 827 1931 1652
f 828 1025 2068
f 828 1245 1716
f 828 1482 1245
f 828 1716 1025
f 828 2068 1482
f 829 862 1540
f 829 1540 1305
f 829 6534 862
f 830 1138 6955
f 830 1551 1483
f 830 6955 1551
f 831 1419 2173
f 831 2173 1416
f 831 5023 1419
f 832 1583 6108
f 832 1585 2004
f 833 1204 1028
f 833 2001 1204
f 834 1433 1470
f 834 1470 1925
f 834 1471 1433
f 834 1925 1471
f 835 931 6582
f 835 2013 931
f 835 6558 2013
f 837 4206 6991
f 837 4596 5703
f 837 5703 4206
f 837 6691 4596
f 837 6991 6691
f 838 1016 1775
f 838 1537 1016
f 838 1775 864
f 839 1196 1288
f 839 1288 6539
f 839 6539 6559
f 840 2829 5539
f 840 4064 2829
f 840 4217 5282
f 840 5282 4064
f 840 5539 4217
f 841 2297 6865
f 841 4073 2297
f 841 6585 4073
f 841 6865 6585
f 842 1803 5043
f 842 5043 5268
f 842 5268 1803
f 843 2270 4820
f 843 2671 3490
f 843 2751 2671
f 843 2935 2751
f 843 3257 2935
f 843 3490 2270
f 843 3909 3257
f 843 4820 3909
f 846 1973 6079
f 846 5327 1973
f 846 6079 6348
f 846 6348 5327
f 847 883 6351
f 847 1159 883
f 848 919 6852
f 848 1168 919
f 848 6852 1168
f 849 1122 4839
f 849 2116 1122
f 850 4690 6984
f 850 5345 4690
f 851 1522 5299
f 851 5060 7194
f 851 7194 910
f 852 885 1042
f 852 1042 1266
f 852 1266 5339
f 852 1825 5842
f 852 5339 1825
f 854 5608 991
f 855 956 1318
f 855 999 7165
f 855 1072 999
f 855 1318 1072
f 855 7165 956
f 856 1273 4887
f 856 4887 1834
f 857 2120 1697
f 857 5048 2120
f 858 1327 1226
f 858 6893 1327
f 859 1039 1401
f 859 1090 1039
f 859 1228 1090
f 859 1401 1827
f 859 2038 1228
f 859 5555 2038
f 860 1816 1884
f 860 1820 1816
f 860 1884 1173
f 862 1131 1727
f 862 1347 1131
f 862 6534 1347
f 865 1909 7179
f 865 1980 1909
f 865 7179 5991
f 866 2187 6926
f 866 6926 1918
f 867 1709 6426
f 867 3864 1709
f 867 6426 7035
f 867 7035 3864
f 868 900 1287
f 868 1287 2144
f 868 1930 900
f 868 2144 1930
f 870 977 1485
f 871 1547 1731
f 871 1731 6954
f 871 2071 1547
f 871 2147 2071
f 871 6954 2147
f 873 929 1848
f 874 930 1839
f 874 975 2157
f 874 1239 6621
f 874 1839 975
f 874 2157 1239
f 874 6621 930
f 875 1197 1434
f 875 1434 1053
f 876 965 1362
f 876 1362 1706
f 877 1020 7166
f 877 1175 1020
f 877 6269 6528
f 877 7166 6269
f 878 976 5840
f 878 1351 976
f 878 1720 1351
f 879 1781 6957
f 879 1854 6375
f 880 1368 1061
f 880 1499 6557
f 880 1736 1499
f 880 1778 2011
f 880 2011 1368
f 880 6862 1736
f 881 2486 4842
f 881 3001 3497
f 881 3497 4838
f 881 4838 2486
f 881 4842 3001
f 882 1394 6619
f 882 1690 6048
f 882 1971 1394
f 882 6048 6276
f 882 6276 1971
f 882 6619 1690
f 883 1159 6345
f 883 5865 6351
f 883 6345 5865
f 885 1743 1042
f 885 1835 1743
f 886 951 1504
f 886 1504 2028
f 887 1407 1876
f 887 1876 1219
f 888 913 1257
f 888 1257 1224
f 888 1759 913
f 889 918 1381
f 889 1343 1682
f 889 1381 1343
f 889 1682 1977
f 889 1977 2132
f 889 2132 918
f 890 1887 5271
f 890 5271 5770
f 891 1677 6817
f 891 1818 6106
f 891 4507 1677
f 891 6817 1818
f 892 1044 1754
f 892 1754 5260
f 893 1556 1313
f 893 6575 1556
f 895 2118 5838
f 895 5838 4520
f 896 1202 6974
f 896 1653 2134
f 896 1856 1202
f 896 6974 1653
f 897 1787 1993
f 898 1176 6981
f 898 1366 1176
f 898 1424 1770
f 898 1770 1366
f 898 6981 1424
f 899 1471 1925
f 899 1925 2059
f 899 2059 1189
f 900 1249 1287
f 900 1591 1249
f 901 1094 1997
f 901 1201 1788
f 901 1476 1094
f 901 1788 1476
f 901 1997 1201
f 902 1918 1780
f 903 1348 1846
f 903 1489 1663
f 903 1663 1348
f 903 1846 1489
f 904 1603 1702
f 904 1702 1606
f 905 1056 1727
f 905 1131 1292
f 905 1292 6985
f 905 1727 1131
f 906 3225 3805
f 906 3643 3225
f 906 3805 5115
f 906 5115 3643
f 907 959 1555
f 907 1496 959
f 908 1379 3884
f 908 3884 4804
f 908 6351 1379
f 909 1574 951
f 909 5504 6023
f 910 1830 1564
f 910 1976 1830
f 910 7194 1976
f 911 3326 3720
f 911 3720 5469
f 911 5469 5963
f 911 5963 3326
f 912 923 6335
f 912 1049 2049
f 912 2049 923
f 912 6532 1049
f 913 1128 1497
f 913 1497 1257
f 913 1759 2112
f 913 2112 1128
f 914 1010 1883
f 914 1883 6291
f 914 6291 6845
f 914 6845 7119
f 915 1001 6089
f 915 1270 4893
f 915 1677 1270
f 915 4893 1001
f 915 6089 1677
f 916 1080 5332
f 916 1395 6857
f 916 1809 1080
f 916 4882 1395
f 916 5332 4882
f 916 6857 7171
f 916 7171 1809
f 917 1317 5863
f 917 1879 6083
f 917 4879 4897
f 917 4897 1879
f 917 5863 4879
f 917 6083 1317
f 919 1168 1278
f 919 1278 5803
f 919 7128 6852
f 921 1450 5570
f 921 1505 1626
f 921 1626 2037
f 921 5570 1505
f 921 6379 1450
f 922 1008 1613
f 923 2049 6554
f 923 6554 6335
f 924 6357 1675
f 924 7171 6357
f 925 6120 1535
f 926 1241 2001
f 926 1643 1241
f 926 2001 1723
f 927 1104 6988
f 927 2188 5747
f 927 5747 1104
f 927 6988 2188
f 928 1366 1662
f 928 1662 1986
f 928 1986 6378
f 928 6378 1366
f 929 983 6568
f 929 6568 1848
f 931 1548 6582
f 931 1913 1548
f 932 962 6926
f 932 1927 1638
f 932 6926 1927
f 933 1360 7163
f 933 1426 1360
f 934 1055 1182
f 934 6856 6917
f 934 6917 1055
f 935 1592 1177
f 936 1863 6645
f 936 2079 1863
f 936 6343 1412
f 936 6645 6343
f 937 1183 6856
f 937 6856 1651
f 939 4014 4199
f 939 4028 6164
f 939 4199 6728
f 939 6164 4014
f 939 6728 4028
f 940 2247 4858
f 940 2692 4819
f 940 3620 6924
f 940 4819 3620
f 940 4858 2692
f 940 6924 2247
f 941 1155 4699
f 941 1505 5570
f 941 1700 1155
f 941 1888 1505
f 941 4699 1888
f 941 5570 1700
f 942 6887 1078
f 943 1972 1085
f 944 1156 1215
f 944 6570 6864
f 944 6864 1156
f 945 996 6039
f 945 5784 996
f 946 1045 4909
f 946 1614 1045
f 946 4909 6079
f 947 1333 1508
f 947 1464 5777
f 947 1508 1464
f 948 6079 1973
f 949 1169 6903
f 950 1681 7181
f 950 1761 5771
f 950 5771 1681
f 950 7181 1761
f 952 2122 4673
f 952 6103 2122
f 953 1002 6567
f 953 1757 1002
f 953 6567 6866
f 954 1042 1743
f 954 1124 1042
f 954 5584 6958
f 955 1156 6864
f 955 1274 6600
f 955 1506 1274
f 955 6600 1156
f 956 1391 1620
f 956 1620 1318
f 956 5371 6682
f 956 6682 1391
f 956 7165 5371
f 957 1332 5742
f 957 1685 2106
f 957 2106 1332
f 957 4900 1685
f 957 5742 4900
f 958 1760 5836
f 958 6400 1695
f 959 1496 1752
f 959 1752 5293
f 959 5293 1449
f 960 1734 2184
f 960 2184 2989
f 960 2989 5467
f 960 5467 6232
f 960 6232 1734
f 961 1455 1517
f 961 1517 2044
f 961 1836 1455
f 961 2044 1836
f 963 1656 6318
f 963 6581 1656
f 964 1190 1642
f 964 1231 1190
f 964 1723 1231
f 965 1017 1362
f 966 1729 1846
f 967 1193 7173
f 967 6557 1193
f 967 7173 1143
f 968 1355 1412
f 968 1412 2143
f 968 1716 1355
f 968 2143 1861
f 969 1492 6669
f 969 6669 6965
f 969 6965 2082
f 970 2136 1838
f 971 1847 1994
f 971 1994 1650
f 971 6623 1847
f 973 1494 6378
f 974 1586 1051
f 975 1147 2157
f 976 1251 5840
f 976 2163 1251
f 976 6101 2163
f 977 1309 1485
f 977 1543 1309
f 978 1140 1532
f 978 1532 6988
f 978 1929 6128
f 978 6128 1140
f 978 6641 1929
f 978 6988 6641
f 979 1179 1359
f 979 1359 1640
f 982 1110 1130
f 982 1130 1862
f 982 1552 1110
f 983 1660 6568
f 984 1062 2145
f 984 2145 1637
f 984 6885 7192
f 984 7192 1062
f 985 2907 4645
f 985 4610 2907
f 985 4645 6878
f 985 5808 4610
f 985 6878 5808
f 986 3533 5145
f 986 4311 7169
f 986 5145 4311
f 986 6262 3533
f 986 7169 6262
f 987 1513 2093
f 987 2093 1257
f 988 1331 7202
f 988 5803 1331
f 988 6825 7128
f 988 7202 6825
f 989 1399 5100
f 989 1568 1119
f 989 2112 1399
f 990 1046 1750
f 990 6555 1046
f 991 1580 1280
f 992 1392 6684
f 992 1756 1392
f 993 1694 7182
f 993 7182 5111
f 994 1515 6853
f 994 6013 5791
f 994 6853 6013
f 995 1049 6532
f 995 5741 7168
f 995 6532 5741
f 996 1125 6039
f 996 5320 1125
f 996 6017 5320
f 997 1402 5751
f 997 1690 6619
f 997 5751 1690
f 997 6619 6916
f 997 6916 1402
f 999 1072 5361
f 1001 1466 6089
f 1001 4893 5342
f 1001 5342 5579
f 1001 5579 1466
f 1003 1269 2026
f 1003 1696 1269
f 1003 2026 6900
f 1003 6283 6593
f 1003 6593 1696
f 1003 6900 6283
f 1004 6554 7180
f 1004 6891 6554
f 1004 7180 6891
f 1005 1891 1319
f 1005 4699 5152
f 1005 5152 6966
f 1005 6966 1891
f 1006 1902 5047
f 1006 5047 5791
f 1006 5791 6013
f 1006 6013 1902
f 1007 1125 1821
f 1007 2126 6039
f 1007 6039 1125
f 1008 1044 1449
f 1008 1449 2036
f 1008 1754 1044
f 1008 2036 1613
f 1009 1079 7182
f 1009 1453 1560
f 1009 1560 1079
f 1009 7182 1453
f 1010 1964 1699
f 1012 6676 1583
f 1014 6578 6539
f 1015 1790 6482
f 1015 4587 7015
f 1015 5977 4587
f 1015 6482 5977
f 1015 7015 1790
f 1016 1100 1775
f 1016 1537 2007
f 1016 1913 1100
f 1016 2007 1913
f 1017 1068 1362
f 1017 1779 1068
f 1017 6863 1779
f 1018 1719 6672
f 1018 2188 1719
f 1018 5023 2188
f 1018 6672 5023
f 1019 1417 1766
f 1019 1647 1417
f 1019 1720 1647
f 1019 1766 1720
f 1022 1536 2148
f 1023 1428 2164
f 1024 1065 1856
f 1024 1145 1587
f 1024 1587 1065
f 1024 1856 2061
f 1025 1716 6640
f 1025 6640 2068
f 1026 1092 1773
f 1026 1773 1418
f 1027 1109 6597
f 1027 1785 1185
f 1027 2070 1785
f 1027 6597 2070
f 1029 1472 2188
f 1029 2188 1594
f 1030 2624 4844
f 1030 2748 3375
f 1030 3375 2624
f 1030 3469 2748
f 1030 4844 6325
f 1030 6325 3469
f 1031 3482 6837
f 1031 4433 3482
f 1031 6837 4433
f 1032 2244 2821
f 1032 2689 4254
f 1032 2821 3121
f 1032 3121 2689
f 1032 4254 5282
f 1032 5282 2244
f 1033 3158 7126
f 1033 3547 3974
f 1033 3974 3158
f 1033 6821 3547
f 1033 7126 6821
f 1034 5538 7181
f 1035 1969 5758
f 1035 2133 1969
f 1035 5758 1826
f 1036 1271 1268
f 1036 1814 1271
f 1037 1086 2038
f 1038 1884 1162
f 1038 5317 1884
f 1039 1090 1690
f 1039 1690 5751
f 1039 5751 1401
f 1040 1077 1906
f 1040 1521 1881
f 1040 1881 6384
f 1040 1906 4503
f 1040 4503 1521
f 1040 6384 1077
f 1041 1339 1388
f 1041 1388 5302
f 1041 6905 1339
f 1042 1124 1266
f 1043 1089 1334
f 1043 1334 1448
f 1043 1448 1380
f 1043 5312 1089
f 1045 1530 4909
f 1045 1892 5863
f 1045 5863 6976
f 1047 5619 6633
f 1048 1616 6099
f 1048 5357 4500
f 1048 6339 1616
f 1049 6554 2049
f 1050 6981 1658
f 1051 1586 6595
f 1051 6595 1141
f 1052 1432 2002
f 1053 2172 1718
f 1054 1718 2172
f 1055 1239 2157
f 1055 2157 1182
f 1055 6917 1239
f 1056 1424 1727
f 1056 1770 1424
f 1057 1854 2140
f 1057 1998 1552
f 1057 2074 1854
f 1057 2140 1998
f 1059 1236 2144
f 1059 1287 1863
f 1059 1705 1236
f 1059 2144 1287
f 1060 2059 1421
f 1060 2136 2059
f 1061 1368 1794
f 1062 1303 1553
f 1062 1553 2145
f 1062 7192 1303
f 1063 2004 1585
f 1064 6330 1240
f 1065 1587 2076
f 1066 1435 3870
f 1066 1791 5703
f 1066 3870 6227
f 1066 4596 1435
f 1066 5703 4596
f 1066 6227 1791
f 1067 1372 1869
f 1067 1869 3313
f 1067 3313 3442
f 1067 3442 1372
f 1068 1779 1307
f 1070 1499 2090
f 1070 1604 6406
f 1070 1943 1499
f 1070 2008 1943
f 1070 3320 4602
f 1070 4602 6190
f 1070 5716 1604
f 1070 5907 3320
f 1070 5964 6483
f 1070 6190 6744
f 1070 6406 2008
f 1070 6483 5716
f 1070 6744 5964
f 1071 2781 2951
f 1071 2951 4691
f 1071 3179 4869
f 1071 4691 3179
f 1071 4869 2781
f 1072 1318 4895
f 1072 4895 5622
f 1072 5622 5361
f 1073 1950 6074
f 1073 6074 6122
f 1073 6122 6123
f 1073 6123 6652
f 1073 6629 1950
f 1074 1386 6054
f 1074 1952 4860
f 1074 5761 1386
f 1074 6054 1952
f 1075 1214 1381
f 1075 6864 1214
f 1076 1676 5773
f 1076 2109 6042
f 1076 5773 2109
f 1077 5837 1906
f 1078 1833 5541
f 1078 6887 1833
f 1079 1511 7182
f 1079 1560 1511
f 1080 1880 5332
f 1081 6580 2133
f 1082 1575 6892
f 1082 6056 1575
f 1083 2118 1384
f 1084 1528 2125
f 1084 2125 1742
f 1084 5504 1528
f 1085 1972 6294
f 1086 1407 1907
f 1086 1876 1407
f 1086 1907 2038
f 1086 5547 1876
f 1087 1115 4713
f 1087 1880 7171
f 1087 7171 1115
f 1088 1572 1625
f 1088 1625 5858
f 1088 4880 5345
f 1088 5858 4880
f 1089 1683 6315
f 1089 6315 1334
f 1090 1228 6048
f 1090 6048 1690
f 1091 1978 1514
f 1092 2062 6830
f 1092 6830 1773
f 1093 1247 1480
f 1093 1480 1233
f 1094 1243 1997
f 1094 1728 1243
f 1095 2135 2064
f 1096 1553 2009
f 1096 2009 1475
f 1096 2145 1553
f 1097 1414 1771
f 1097 6101 1414
f 1099 1423 1648
f 1099 1601 6957
f 1099 1648 6649
f 1099 1998 1601
f 1099 6649 1998
f 1100 1597 1775
f 1101 7183 6872
f 1102 1199 2187
f 1102 2187 1922
f 1104 5747 2162
f 1104 6641 6988
f 1105 1995 1647
f 1105 6955 1138
f 1106 1931 2069
f 1106 1982 1545
f 1106 2069 1982
f 1107 1368 2011
f 1107 1794 1368
f 1107 2011 1778
f 1108 1290 7186
f 1108 1363 1307
f 1108 6911 1290
f 1108 7186 1363
f 1110 1552 6649
f 1110 6649 2069
f 1111 2183 6861
f 1111 3089 4746
f 1111 4022 6270
f 1111 4042 6002
f 1111 4563 6437
f 1111 4746 4563
f 1111 4961 3089
f 1111 6002 2183
f 1111 6183 4961
f 1111 6270 4042
f 1111 6437 4022
f 1112 2192 6616
f 1112 3120 3477
f 1112 3477 4658
f 1112 4658 2192
f 1112 6616 3120
f 1114 1383 5310
f 1114 1951 1153
f 1115 1675 6361
f 1115 6361 4713
f 1116 1459 5552
f 1116 1826 1459
f 1116 5552 1161
f 1117 1817 4867
f 1117 4867 7165
f 1118 1261 2121
f 1118 2121 1877
f 1118 6039 1261
f 1119 1568 1160
f 1120 1442 5082
f 1120 5082 6022
f 1121 1270 1462
f 1121 1695 1270
f 1122 1697 4839
f 1122 2116 1957
f 1123 5082 5755
f 1123 6022 5082
f 1124 1955 1266
f 1124 5151 1955
f 1125 5320 7200
f 1125 7200 1821
f 1126 1803 6925
f 1126 2052 1803
f 1127 5122 6670
f 1127 6084 2117
f 1127 6670 6084
f 1128 1373 1497
f 1128 1404 1373
f 1128 2112 1404
f 1129 1582 6890
f 1129 6890 6621
f 1131 1347 1292
f 1132 1185 1785
f 1132 1190 1231
f 1132 1231 1185
f 1133 1534 6116
f 1134 1655 1769
f 1135 5004 7047
f 1135 5481 6219
f 1135 6219 5004
f 1135 7047 5481
f 1136 1180 2089
f 1136 1769 1470
f 1140 2188 1532
f 1140 6128 2188
f 1142 2151 6911
f 1144 1198 1781
f 1144 1201 1590
f 1144 1590 1198
f 1145 1853 1587
f 1146 1295 2060
f 1146 1726 1295
f 1146 2060 7166
f 1146 7166 1726
f 1147 1192 1298
f 1147 1298 1786
f 1147 1484 2157
f 1147 1786 1484
f 1148 1441 1869
f 1148 1735 1441
f 1148 1869 1735
f 1149 1257 5739
f 1149 1904 6799
f 1149 2098 1257
f 1149 4533 6508
f 1149 4957 5172
f 1149 5172 6784
f 1149 5739 5988
f 1149 5988 6404
f 1149 6404 4957
f 1149 6491 1904
f 1149 6508 2098
f 1149 6784 6491
f 1149 6799 7114
f 1149 7114 4533
f 1150 4449 5306
f 1150 4856 4449
f 1150 5306 6605
f 1150 6605 4856
f 1151 2596 3229
f 1151 3229 4863
f 1151 4863 5316
f 1151 5316 2596
f 1152 2546 4092
f 1152 4092 5058
f 1152 4815 6295
f 1152 5058 4815
f 1152 6295 2546
f 1153 1951 6900
f 1154 1956 6289
f 1154 6289 6577
f 1154 6577 5785
f 1155 1700 6360
f 1155 5152 4699
f 1155 6360 5152
f 1156 6600 1215
f 1157 1566 1949
f 1157 1949 2107
f 1157 2025 1566
f 1158 5728 5227
f 1158 7168 5728
f 1159 5842 6345
f 1160 1568 1384
f 1162 1884 6612
f 1163 1519 5272
f 1163 4839 1519
f 1164 1832 5577
f 1164 2048 1832
f 1164 5359 2048
f 1164 5577 1822
f 1165 1209 1563
f 1165 5359 1209
f 1165 5814 5359
f 1166 1221 7197
f 1166 1385 1830
f 1166 1830 1976
f 1166 1976 1221
f 1167 6902 6272
f 1169 1745 6903
f 1169 2030 2054
f 1169 2054 1745
f 1170 5790 7178
f 1170 7178 1461
f 1171 2109 1501
f 1171 6593 2109
f 1171 6888 6593
f 1172 5144 5590
f 1172 6629 5144
f 1173 7194 5060
f 1174 1813 1213
f 1174 5755 1813
f 1176 1366 6378
f 1176 1494 6120
f 1176 6120 6981
f 1176 6378 1494
f 1179 1989 1359
f 1179 2187 1989
f 1181 1429 6985
f 1181 1714 1429
f 1182 2157 1484
f 1184 6862 2142
f 1185 1231 2001
f 1186 1235 6672
f 1186 1291 1235
f 1186 1719 2188
f 1186 2188 6934
f 1186 6672 1719
f 1186 6934 1291
f 1187 2141 4963
f 1187 3441 5465
f 1187 4963 5473
f 1187 5465 2141
f 1187 5473 5949
f 1187 5949 3441
f 1188 1253 1914
f 1188 1777 1253
f 1188 1914 1298
f 1192 1839 2149
f 1193 6557 7173
f 1194 1237 1635
f 1194 1432 1237
f 1195 1289 1660
f 1195 1660 1643
f 1196 6590 1793
f 1197 1495 1434
f 1198 1590 1844
f 1199 1597 7161
f 1199 7161 2187
f 1200 1243 1728
f 1200 1921 1283
f 1201 1997 1590
f 1202 1856 1545
f 1202 6673 6974
f 1204 1241 1586
f 1204 2001 1241
f 1205 1256 5745
f 1205 2466 2539
f 1205 2539 2816
f 1205 2670 7189
f 1205 2816 3243
f 1205 2848 1803
f 1205 3243 3502
f 1205 3502 5076
f 1205 5076 2670
f 1205 5560 2466
f 1205 5745 7154
f 1205 6835 5560
f 1205 7154 6835
f 1205 7189 2848
f 1206 2673 6002
f 1206 3778 2673
f 1206 6002 3778
f 1207 2298 5752
f 1207 4455 2298
f 1207 6875 4455
f 1208 3062 6940
f 1208 3269 6363
f 1208 6363 3062
f 1208 6940 3269
f 1209 5359 1747
f 1209 6119 1563
f 1210 1216 6909
f 1210 1261 1216
f 1210 1276 5270
f 1210 2121 1261
f 1210 5270 2121
f 1210 6909 1276
f 1212 6283 6900
f 1212 6900 1951
f 1213 1813 1948
f 1213 1948 5754
f 1214 1343 1381
f 1214 6570 1343
f 1214 6864 6570
f 1216 1261 2126
f 1216 2126 6892
f 1216 6892 6909
f 1217 6930 6082
f 1218 1685 4900
f 1218 4900 5742
f 1218 4906 1685
f 1218 5742 6639
f 1218 6639 4906
f 1220 1260 7159
f 1220 1325 1831
f 1220 1831 1260
f 1220 5512 1325
f 1220 7159 5512
f 1222 2982 5458
f 1222 5458 6858
f 1222 6858 2982
f 1225 1581 6575
f 1225 2032 5073
f 1225 5073 5758
f 1225 5758 1581
f 1225 6575 2032
f 1226 1327 6296
f 1226 6296 4851
f 1227 1899 5371
f 1227 4690 1899
f 1227 5371 7165
f 1227 7165 4690
f 1228 1382 6048
f 1228 1576 1382
f 1228 2038 1576
f 1229 1619 5077
f 1229 1801 1833
f 1229 1833 1619
f 1229 1963 1801
f 1229 5077 1963
f 1231 1723 2001
f 1232 1549 6344
f 1232 2012 1549
f 1232 2170 2012
f 1232 6344 1850
f 1233 1480 2078
f 1233 2078 6624
f 1235 1291 1549
f 1235 1549 2012
f 1235 1923 6672
f 1235 2012 1923
f 1236 1411 1929
f 1236 1705 1411
f 1236 1929 2144
f 1237 1593 1635
f 1238 1771 1783
f 1238 1783 7174
f 1240 1364 2150
f 1241 6595 1586
f 1242 3445 6193
f 1242 4587 6997
f 1242 5221 4587
f 1242 6193 5221
f 1242 6997 3445
f 1243 1784 1997
f 1244 4602 5883
f 1244 5714 6744
f 1244 5883 5714
f 1244 6190 4602
f 1244 6744 6190
f 1245 1355 1716
f 1245 1482 2152
f 1245 2152 1355
f 1246 1726 2147
f 1246 2147 6954
f 1246 5598 6397
f 1246 6397 1726
f 1247 1664 1480
f 1247 2087 1664
f 1248 3330 6460
f 1248 4788 6422
f 1248 6422 3330
f 1248 6460 4788
f 1249 1591 1840
f 1249 1840 6645
f 1249 1863 1287
f 1249 6645 1863
f 1250 6097 2062
f 1251 1551 5840
f 1252 1295 6397
f 1252 1358 2060
f 1252 1855 1358
f 1252 2060 1295
f 1252 6397 6640
f 1252 6640 1855
f 1253 1777 7192
f 1253 7163 1914
f 1253 7192 7163
f 1255 1313 1803
f 1255 1803 7157
f 1255 7157 5929
f 1256 1437 5745
f 1256 1554 1795
f 1256 1665 6354
f 1256 1795 2016
f 1256 1864 4491
f 1256 1937 2177
f 1256 2016 1937
f 1256 2177 1864
f 1256 4491 1437
f 1256 5029 1665
f 1256 6354 1554
f 1257 1311 5346
f 1257 1373 1828
f 1257 1497 1373
f 1257 1828 5739
f 1257 1939 1668
f 1257 2098 2188
f 1257 2188 2187
f 1257 5346 1608
f 1257 6555 1311
f 1257 6852 6555
f 1258 2323 2822
f 1258 2324 5556
f 1258 2822 2324
f 1258 5042 2323
f 1258 5556 5042
f 1259 2284 6301
f 1259 2744 3779
f 1259 3779 4822
f 1259 4822 2284
f 1259 6301 2744
f 1260 1831 5807
f 1260 5807 7159
f 1261 6039 2126
f 1262 1744 2123
f 1262 2123 1336
f 1262 4860 1744
f 1263 1311 6555
f 1263 5346 1311
f 1263 5853 5346
f 1263 6555 5853
f 1264 5078 1820
f 1265 1959 5526
f 1265 1971 5762
f 1265 6601 1971
f 1266 1688 5339
f 1266 1955 1688
f 1267 4919 1814
f 1267 7125 4919
f 1268 1271 5816
f 1268 1626 5599
f 1268 5599 1890
f 1268 5816 1626
f 1269 1683 1577
f 1269 1696 6315
f 1269 6315 1683
f 1270 1677 4507
f 1270 1695 4893
f 1270 4507 1462
f 1271 1814 4919
f 1271 4919 5816
f 1272 1808 5333
f 1272 1891 6966
f 1272 5333 1578
f 1272 6966 1808
f 1273 1341 4887
f 1274 1967 6600
f 1275 5742 1962
f 1277 1698 2125
f 1277 6022 1698
f 1278 1467 5803
f 1278 5767 1467
f 1279 1462 4507
f 1281 2024 1758
f 1281 5785 6334
f 1281 6334 2024
f 1282 1521 4503
f 1282 1529 1521
f 1282 4503 6657
f 1282 6657 1529
f 1284 6624 6568
f 1285 7174 2163
f 1286 1650 6558
f 1286 1715 6582
f 1286 6558 1715
f 1289 6568 1660
f 1289 6591 1490
f 1290 1346 1792
f 1290 1792 7186
f 1290 2164 1346
f 1290 6911 2164
f 1292 1347 1550
f 1292 6097 6985
f 1293 6344 1849
f 1294 1850 6112
f 1294 6112 6355
f 1294 6355 1995
f 1295 1726 6397
f 1296 5868 1912
f 1296 6840 5868
f 1298 1914 7163
f 1298 7163 1786
f 1299 1359 1989
f 1299 1989 2187
f 1300 1483 7174
f 1300 7174 7130
f 1302 6557 1533
f 1303 7192 1777
f 1304 1730 4015
f 1304 4015 6176
f 1304 4170 5917
f 1304 4794 1730
f 1304 5917 4794
f 1304 6176 4170
f 1306 1653 6974
f 1306 1999 1653
f 1306 6974 6673
f 1308 2019 4764
f 1308 3456 6416
f 1308 4764 3456
f 1309 1491 2155
f 1309 1543 1491
f 1312 1439 1500
f 1312 1898 4977
f 1312 2990 1898
f 1312 3709 5442
f 1312 4977 1439
f 1312 5436 3709
f 1312 5442 5684
f 1312 5684 2990
f 1313 1438 5506
f 1313 1579 1438
f 1313 1666 1796
f 1313 2180 1666
f 1313 5506 2180
f 1313 6274 6544
f 1313 6544 7159
f 1313 7159 1579
f 1314 2193 5750
f 1314 3223 5521
f 1314 3927 2193
f 1314 5521 3927
f 1314 5750 3223
f 1315 2359 3473
f 1315 3473 3899
f 1315 3899 6625
f 1315 5064 2359
f 1315 6625 5064
f 1316 2247 6311
f 1316 3913 4858
f 1316 4858 2247
f 1316 5285 3913
f 1316 5757 5285
f 1316 6311 5757
f 1317 6976 5863
f 1318 1620 4895
f 1320 4598 4990
f 1320 4990 5453
f 1320 5453 5664
f 1320 5664 4598
f 1321 1405 1631
f 1321 1631 4706
f 1321 2131 5567
f 1321 4706 5028
f 1321 5028 2131
f 1321 5567 1405
f 1322 1379 6351
f 1322 1824 1379
f 1322 6351 6651
f 1322 6651 1824
f 1323 2047 5602
f 1323 5333 2047
f 1323 5602 5819
f 1323 5819 6119
f 1323 6119 5333
f 1324 1875 6912
f 1324 2108 5749
f 1324 5749 6034
f 1324 6034 6292
f 1324 6292 1875
f 1324 6912 2108
f 1325 1692 1831
f 1326 4502 6118
f 1326 6118 5843
f 1326 7182 4502
f 1327 5800 6296
f 1327 6893 1896
f 1328 3306 5987
f 1328 4158 3306
f 1328 5649 6249
f 1328 5987 5649
f 1328 6249 4158
f 1329 2991 6137
f 1329 5738 5918
f 1329 5918 2991
f 1329 6137 5738
f 1330 6381 6106
f 1330 6631 6381
f 1331 1467 7202
f 1331 5803 1467
f 1332 6555 5742
f 1334 6315 1696
f 1335 1953 6962
f 1335 6399 5619
f 1335 6962 6399
f 1336 1970 6613
f 1336 2123 1970
f 1336 6613 6824
f 1338 1521 6960
f 1338 1747 1881
f 1338 1881 1521
f 1340 2127 1949
f 1340 5549 5087
f 1341 6082 4887
f 1342 3455 5246
f 1342 3704 7023
f 1342 5246 3704
f 1342 7023 3455
f 1344 4007 6500
f 1345 4572 6476
f 1345 4769 6695
f 1345 5002 6993
f 1345 6476 5002
f 1345 6695 4572
f 1345 6993 4769
f 1346 2164 1428
f 1347 6534 7139
f 1347 7139 1550
f 1348 1422 1846
f 1348 1663 6581
f 1349 4174 5440
f 1349 4797 7000
f 1349 5440 5679
f 1349 5679 4797
f 1349 7000 4174
f 1350 2161 3725
f 1350 3725 6212
f 1350 5720 2161
f 1350 6212 5720
f 1351 1704 6340
f 1351 1720 1704
f 1354 1785 1645
f 1356 1430 6822
f 1356 4605 1430
f 1356 6822 4605
f 1357 1411 1705
f 1357 1584 1910
f 1357 1705 1584
f 1357 1772 6128
f 1357 6128 1411
f 1358 1855 6268
f 1360 1426 6573
f 1360 6573 6840
f 1360 6840 7163
f 1362 1708 6590
f 1362 6590 1706
f 1366 1770 1662
f 1367 3314 5682
f 1367 4584 5006
f 1367 5006 5448
f 1367 5448 6754
f 1367 5682 4584
f 1367 6754 3314
f 1370 1587 1853
f 1370 1639 2076
f 1370 1853 1639
f 1370 2076 1587
f 1371 5999 6830
f 1371 6830 7139
f 1371 7139 5999
f 1372 3442 5001
f 1372 4589 1869
f 1372 5001 4589
f 1373 1404 1828
f 1374 1440 1498
f 1374 1442 6861
f 1374 1498 1442
f 1374 6861 1440
f 1375 3296 3520
f 1375 3520 5095
f 1375 3817 3296
f 1375 4104 3817
f 1375 5095 4104
f 1376 3341 6906
f 1376 4077 5263
f 1376 6906 4077
f 1377 2285 2818
f 1377 2818 3127
f 1377 3127 4643
f 1377 4643 2826
f 1378 4690 7165
f 1378 6552 6984
f 1378 6984 4690
f 1378 7165 6552
f 1379 1824 3884
f 1380 1448 5791
f 1382 1837 6048
f 1383 1693 5310
f 1383 6280 1693
f 1384 1568 5119
f 1387 3856 4023
f 1387 4023 5892
f 1387 5892 3856
f 1389 5865 6345
f 1390 1966 5599
f 1390 6075 1966
f 1391 4903 6662
f 1391 6662 1620
f 1391 6682 4903
f 1393 5366 4704
f 1393 5569 5366
f 1393 5812 5569
f 1394 1803 2052
f 1394 2052 6619
f 1395 5343 6857
f 1395 5360 5343
f 1396 1618 6017
f 1396 1940 1618
f 1396 6017 6852
f 1397 1624 2030
f 1397 1972 6056
f 1398 1609 5349
f 1399 2112 1759
f 1400 1810 5101
f 1400 4697 6659
f 1400 5101 4697
f 1401 5751 6014
f 1401 6014 1827
f 1402 1408 5314
f 1402 1581 1969
f 1402 1969 5751
f 1402 5314 1581
f 1402 6916 1408
f 1403 1630 6908
f 1403 2040 5775
f 1403 5511 1630
f 1403 6908 2040
f 1405 5567 5826
f 1405 5826 6099
f 1405 6099 1631
f 1406 1613 2036
f 1409 6321 5032
f 1410 4522 7097
f 1410 5407 6269
f 1410 5494 4522
f 1410 6269 5494
f 1410 7097 5407
f 1411 6128 1929
f 1412 6343 2143
f 1413 4191 4395
f 1413 4395 4599
f 1413 4599 5731
f 1413 5731 6739
f 1413 6739 4191
f 1414 2082 6965
f 1414 6101 6340
f 1414 6340 2082
f 1414 6965 1771
f 1415 1478 2063
f 1417 1647 1995
f 1417 1995 6355
f 1417 2067 1765
f 1417 6355 2067
f 1418 1605 1857
f 1418 1857 6266
f 1419 1598 2173
f 1419 5023 1598
f 1420 1480 1664
f 1420 1664 1495
f 1420 2078 1480
f 1421 1984 1655
f 1421 2059 1984
f 1422 1852 1644
f 1426 1649 6573
f 1426 6885 1649
f 1426 7192 6885
f 1427 6954 1639
f 1430 6375 6822
f 1431 1484 1722
f 1431 1722 1710
f 1434 1495 1664
f 1435 3203 6725
f 1435 4596 3203
f 1435 6419 3870
f 1435 6725 6419
f 1437 2651 5745
f 1437 2957 2651
f 1437 4491 2957
f 1438 1579 6614
f 1439 1753 5713
f 1439 2113 1500
f 1439 2808 5953
f 1439 2896 1753
f 1439 3328 2808
f 1439 4796 2896
f 1439 4977 3328
f 1439 5713 6738
f 1439 5953 4796
f 1439 6738 2113
f 1440 2326 3384
f 1440 2516 4466
f 1440 2518 5796
f 1440 2603 2649
f 1440 2607 6638
f 1440 2634 4464
f 1440 2649 2518
f 1440 2661 4662
f 1440 2946 4124
f 1440 3384 5323
f 1440 4277 5102
f 1440 4464 4277
f 1440 4466 6819
f 1440 4662 2946
f 1440 5102 2607
f 1440 5323 6117
f 1440 5796 2634
f 1440 6117 2516
f 1440 6556 1498
f 1440 6638 6964
f 1440 6819 6556
f 1440 6837 7152
f 1440 6861 6837
f 1440 6964 2326
f 1440 7152 2661
f 1441 1500 1869
f 1441 1735 5455
f 1441 1800 5900
f 1441 3725 4760
f 1441 4760 5685
f 1441 4992 3725
f 1441 5026 5999
f 1441 5240 4992
f 1441 5455 5240
f 1441 5685 1800
f 1441 5900 7179
f 1441 6856 5026
f 1441 7179 6856
f 1442 1498 7171
f 1442 1686 2101
f 1442 1813 5755
f 1442 1875 1686
f 1442 1948 1813
f 1442 2028 1799
f 1442 2101 4827
f 1442 4827 1679
f 1442 5754 1948
f 1442 5755 5082
f 1442 6857 6267
f 1442 7171 6857
f 1443 3031 3901
f 1443 3750 5033
f 1443 3901 5536
f 1443 5033 6020
f 1443 5536 3750
f 1443 6020 3031
f 1444 3156 3782
f 1444 3275 6394
f 1444 3782 3275
f 1444 4325 3156
f 1444 6394 4325
f 1445 3179 4691
f 1445 4288 4890
f 1445 4691 6092
f 1445 4890 3179
f 1445 6092 4288
f 1446 1947 5545
f 1446 2455 4061
f 1446 2627 1947
f 1446 4061 4255
f 1446 4255 2627
f 1446 5545 2455
f 1447 2381 4651
f 1447 2683 4850
f 1447 4651 2683
f 1447 4850 2381
f 1449 5293 2036
f 1450 5838 5570
f 1450 6379 5838
f 1451 3458 5713
f 1451 4995 5675
f 1451 5675 3458
f 1451 5713 4995
f 1453 1818 1560
f 1453 6106 1818
f 1453 7182 6106
f 1454 1503 5572
f 1454 1525 1503
f 1454 5364 1525
f 1454 6627 5364
f 1455 5321 6554
f 1455 6554 6891
f 1455 6891 1517
f 1456 2129 4673
f 1456 6377 1633
f 1457 1687 5123
f 1457 5123 6966
f 1457 5152 1687
f 1457 6966 5152
f 1458 1512 5032
f 1458 1742 1512
f 1459 1826 5758
f 1459 1960 5552
f 1459 5073 1960
f 1459 5758 5073
f 1460 5649 5987
f 1460 5876 5649
f 1460 5987 7112
f 1460 7112 5876
f 1461 5773 1676
f 1463 1571 7153
f 1463 4694 1571
f 1463 5739 6080
f 1463 7153 5739
f 1464 1502 5777
f 1464 1508 2032
f 1464 2032 1502
f 1465 1563 6671
f 1465 1974 5620
f 1465 2043 1974
f 1465 6671 2043
f 1466 5579 7120
f 1466 7120 6553
f 1467 5767 1815
f 1468 2006 2078
f 1468 7186 2006
f 1470 1655 1984
f 1470 1769 1655
f 1470 1984 1925
f 1472 2167 2188
f 1473 1776 1911
f 1474 1661 6204
f 1474 2000 2156
f 1474 2156 6745
f 1474 6204 2000
f 1474 6745 1661
f 1476 1788 1600
f 1482 6108 2152
f 1484 1786 1722
f 1486 1988 2134
f 1486 2134 2083
f 1486 6266 1988
f 1488 2141 5465
f 1488 5465 6757
f 1488 5931 2141
f 1488 6746 5931
f 1488 6757 6746
f 1489 1846 1725
f 1490 6591 1721
f 1491 1543 6856
f 1492 1602 5598
f 1493 3205 6728
f 1493 4374 3205
f 1493 5441 6720
f 1493 6720 4374
f 1493 6728 5441
f 1494 1535 6120
f 1498 5873 1868
f 1498 6556 7095
f 1498 6561 7171
f 1498 6770 5873
f 1498 7095 6770
f 1499 1736 2090
f 1499 1943 7173
f 1499 7173 6557
f 1500 2113 4184
f 1500 2186 1869
f 1500 2187 2186
f 1500 3578 4793
f 1500 4184 3578
f 1500 4364 6999
f 1500 4554 6740
f 1500 4583 4364
f 1500 4793 4583
f 1500 4975 7012
f 1500 5188 7178
f 1500 6740 4975
f 1500 6999 4554
f 1500 7012 5188
f 1501 2109 5773
f 1503 1525 1953
f 1503 1953 4872
f 1504 1799 2028
f 1505 1888 1626
f 1507 4879 5607
f 1508 1960 5073
f 1508 5073 2032
f 1509 1823 5618
f 1509 5114 6944
f 1509 5618 5114
f 1509 6944 1823
f 1510 1520 5342
f 1510 5342 5859
f 1510 5370 1520
f 1510 5859 6123
f 1511 1560 1818
f 1511 1818 6553
f 1511 6553 7182
f 1512 1742 2125
f 1512 2125 1698
f 1513 1518 2045
f 1513 2045 2093
f 1517 5288 2044
f 1518 6088 2045
f 1519 1697 2120
f 1519 2120 5272
f 1519 4839 1697
f 1520 5597 5342
f 1521 1529 6960
f 1523 3569 4991
f 1523 4182 6544
f 1523 4991 4182
f 1523 6274 6736
f 1523 6544 6274
f 1523 6736 3569
f 1524 6555 5849
f 1526 6113 7141
f 1526 6338 6113
f 1526 6627 6338
f 1529 1628 6960
f 1529 1894 6675
f 1529 6657 1894
f 1529 6675 1628
f 1531 3716 5255
f 1531 4013 3716
f 1531 5255 5489
f 1531 5489 6727
f 1531 6727 4013
f 1532 2188 6988
f 1534 1783 6116
f 1539 1916 1712
f 1541 6557 2150
f 1542 1845 2067
f 1542 1910 1845
f 1542 2067 6355
f 1542 6355 6112
f 1542 6664 1910
f 1544 1841 2135
f 1547 1652 1707
f 1548 1913 2007
f 1550 7139 6830
f 1551 6955 5840
f 1553 2149 2009
f 1554 4133 1795
f 1554 5336 4133
f 1554 6354 5336
f 1556 6575 5314
f 1557 5541 1733
f 1558 3763 6878
f 1558 4645 5510
f 1558 5510 3763
f 1558 6878 4645
f 1559 2677 3103
f 1559 2739 2835
f 1559 2835 2677
f 1559 3103 3220
f 1559 3220 5059
f 1559 5059 2739
f 1561 1620 6662
f 1561 4697 5101
f 1561 4895 1620
f 1561 5101 4895
f 1561 6662 4697
f 1562 1684 6383
f 1562 2103 1684
f 1562 2128 6953
f 1562 6953 2103
f 1563 5819 6671
f 1563 6119 5819
f 1564 1830 2033
f 1565 1896 6893
f 1565 6893 5511
f 1566 2025 6011
f 1566 5774 1949
f 1566 6011 5774
f 1567 2050 6932
f 1567 4700 6973
f 1567 6932 1755
f 1568 1674 5119
f 1569 5576 7125
f 1569 6854 5576
f 1569 7125 6854
f 1570 5520 6574
f 1571 4520 7153
f 1572 5590 6383
f 1572 6383 1625
f 1577 1683 2029
f 1579 1748 6614
f 1579 5807 1748
f 1579 7159 5807
f 1581 5314 6575
f 1581 5758 1969
f 1582 1774 1919
f 1582 1919 2065
f 1582 2065 6890
f 1583 6676 6108
f 1584 1703 1845
f 1584 1845 1910
f 1589 2154 1637
f 1590 1784 1844
f 1590 1997 1784
f 1591 6667 1840
f 1594 2188 6128
f 1594 6128 1772
f 1595 1844 1784
f 1596 1656 1774
f 1596 6318 1656
f 1598 1923 2173
f 1598 5023 6672
f 1598 6672 1923
f 1599 2150 6557
f 1600 1788 4605
f 1601 1998 2140
f 1604 5716 6473
f 1604 6473 6406
f 1605 5500 6266
f 1605 6266 1857
f 1607 6559 6840
f 1607 6840 7121
f 1608 5346 6371
f 1608 6371 6944
f 1608 6944 4495
f 1609 2182 5349
f 1610 1670 2175
f 1610 1736 1670
f 1610 2090 1736
f 1610 2175 2090
f 1611 5752 4096
f 1612 2478 6390
f 1612 2554 2478
f 1612 3961 2554
f 1612 5578 6956
f 1612 6390 5578
f 1612 6956 3961
f 1615 2034 7140
f 1615 6613 1970
f 1616 2119 6099
f 1617 1878 6633
f 1617 5619 6399
f 1617 6399 6352
f 1617 6633 5619
f 1618 1940 6612
f 1618 6612 6017
f 1619 1833 6887
f 1621 1687 6360
f 1621 1834 1687
f 1621 5119 1674
f 1621 6360 5119
f 1622 1906 5360
f 1622 4503 1906
f 1622 6657 4503
f 1623 5122 6122
f 1623 6074 1825
f 1623 6122 6074
f 1624 2054 2030
f 1625 1684 5858
f 1625 6383 1684
f 1626 1888 5599
f 1626 5816 2037
f 1627 1744 5515
f 1627 1970 2123
f 1627 2123 1744
f 1629 5762 1837
f 1631 5028 4706
f 1631 5817 6637
f 1631 6099 5817
f 1631 6637 5028
f 1632 6589 6874
f 1633 6377 6845
f 1634 1636 1732
f 1634 1732 6760
f 1634 4385 1636
f 1634 4974 4385
f 1634 6760 4974
f 1636 2092 1732
f 1636 4385 4552
f 1636 4552 2092
f 1639 6954 2076
f 1645 1785 2070
f 1645 2070 2146
f 1646 1711 5472
f 1646 1928 1711
f 1646 4201 1928
f 1646 5472 7042
f 1646 7042 4201
f 1648 2159 6649
f 1649 6885 6863
f 1649 7121 6573
f 1650 1994 6549
f 1650 6549 6558
f 1652 1931 1707
f 1654 1926 7179
f 1654 4027 1926
f 1654 7179 4027
f 1656 1919 1774
f 1657 3094 5920
f 1657 4392 6144
f 1657 5254 3094
f 1657 5920 4392
f 1657 6144 5254
f 1659 2139 3439
f 1659 2158 2139
f 1659 3439 5439
f 1659 5439 6694
f 1659 6694 2158
f 1661 2019 6204
f 1661 6745 2019
f 1665 2476 3512
f 1665 3512 6354
f 1665 5029 5604
f 1665 5604 2476
f 1666 2180 6614
f 1666 6614 6031
f 1667 1868 2094
f 1667 2094 6518
f 1667 6178 1868
f 1667 6518 6178
f 1668 1939 1973
f 1668 1973 5327
f 1670 1736 2014
f 1670 1936 2090
f 1670 2014 1936
f 1670 2090 2175
f 1671 4422 4609
f 1671 4453 5529
f 1671 4609 4453
f 1671 5529 4422
f 1672 2397 5617
f 1672 2449 3428
f 1672 3428 2397
f 1672 3983 2449
f 1672 5617 5820
f 1672 5820 3983
f 1673 3285 3977
f 1673 3644 3936
f 1673 3936 3285
f 1673 3977 6979
f 1673 5373 3644
f 1673 6979 5373
f 1675 6357 6854
f 1676 1693 1751
f 1677 6089 6817
f 1678 4718 5350
f 1678 4880 5858
f 1678 5350 4880
f 1680 3090 4766
f 1680 3191 6721
f 1680 3705 7008
f 1680 4766 3191
f 1680 4978 3090
f 1680 6721 3705
f 1680 7008 4978
f 1681 1829 7181
f 1681 5558 1829
f 1681 5771 5558
f 1682 7164 1977
f 1684 2103 1755
f 1685 1974 2106
f 1685 4906 1974
f 1686 1875 6292
f 1686 6292 2101
f 1687 1834 6082
f 1687 5152 6360
f 1687 6082 5123
f 1688 1739 6352
f 1688 1955 1739
f 1688 6352 5339
f 1689 5063 5810
f 1689 5810 1967
f 1691 5555 1956
f 1692 6031 1831
f 1693 6280 1751
f 1695 6400 4893
f 1696 6593 6888
f 1699 5288 7180
f 1703 1765 2067
f 1703 2067 1845
f 1704 1720 1766
f 1704 2004 6340
f 1708 1793 6590
f 1709 3864 6413
f 1709 5455 6426
f 1709 6413 5455
f 1710 1722 3466
f 1711 1928 6716
f 1711 3859 4989
f 1711 4989 5472
f 1711 6716 3859
f 1712 1916 1782
f 1716 1855 6640
f 1722 1786 1915
f 1722 1915 3466
f 1725 1729 1768
f 1725 1846 1729
f 1726 2071 2147
f 1726 7166 2071
f 1729 2166 1768
f 1730 3315 4015
f 1730 3710 3315
f 1730 4794 3710
f 1731 2076 6954
f 1732 1798 4976
f 1732 1865 4371
f 1732 1941 5899
f 1732 2014 1736
f 1732 2017 5008
f 1732 2090 2014
f 1732 2092 1798
f 1732 2178 2017
f 1732 2185 2090
f 1732 3214 6692
f 1732 3698 4980
f 1732 4371 6457
f 1732 4396 2178
f 1732 4765 4396
f 1732 4980 6760
f 1732 5008 6149
f 1732 5899 1865
f 1732 6149 3698
f 1732 6457 3214
f 1732 6692 2185
f 1733 1833 1801
f 1733 5541 1833
f 1734 3852 4029
f 1734 4029 6274
f 1734 6232 3852
f 1735 3311 5455
f 1735 4397 5725
f 1735 5725 3311
f 1736 3592 4030
f 1736 3706 3592
f 1736 3846 5444
f 1736 3855 5682
f 1736 4377 6701
f 1736 5444 3855
f 1736 5682 3706
f 1736 6537 4377
f 1736 6701 3846
f 1736 6862 6537
f 1737 3733 4864
f 1737 4825 6287
f 1737 4864 5540
f 1737 5540 4825
f 1737 6287 3733
f 1738 2311 4246
f 1738 2902 4658
f 1738 3477 2311
f 1738 4246 2902
f 1738 4658 3477
f 1740 1878 5377
f 1740 5377 2095
f 1740 6633 1878
f 1741 5114 5618
f 1741 5618 5607
f 1744 1952 5515
f 1744 4860 1952
f 1745 2054 5087
f 1745 5037 6903
f 1745 5087 5749
f 1745 5749 5037
f 1746 5357 5826
f 1746 5567 2131
f 1746 5826 5567
f 1748 1831 6031
f 1748 5807 1831
f 1748 6031 6614
f 1749 1882 2132
f 1749 1977 7164
f 1749 2132 1977
f 1753 2896 3464
f 1753 2988 5713
f 1753 3464 2988
f 1758 2024 6054
f 1761 5538 2042
f 1761 7181 5538
f 1763 2114 5608
f 1763 5608 6987
f 1763 6987 5142
f 1771 6116 1783
f 1771 6965 6116
f 1773 6830 5500
f 1776 5991 7160
f 1776 7160 1911
f 1782 1916 6569
f 1783 6374 7174
f 1786 7163 1915
f 1789 1843 6994
f 1789 5229 5922
f 1789 5922 1843
f 1789 6994 5229
f 1790 5975 6482
f 1790 7015 5975
f 1791 4206 5703
f 1791 5424 4206
f 1791 6227 5424
f 1792 2006 7186
f 1797 1868 6500
f 1797 3988 6206
f 1797 6206 6209
f 1797 6209 1868
f 1797 6500 3988
f 1798 1933 5917
f 1798 2092 1933
f 1798 5917 4976
f 1800 4370 5900
f 1800 5685 4370
f 1802 1869 3715
f 1802 3715 4391
f 1802 4200 5466
f 1802 4391 4200
f 1802 5466 4397
f 1803 2015 5530
f 1803 2176 5756
f 1803 2750 5309
f 1803 2848 2015
f 1803 3109 4442
f 1803 3136 4044
f 1803 4044 5043
f 1803 4442 5544
f 1803 5079 3136
f 1803 5268 3109
f 1803 5309 5079
f 1803 5530 2176
f 1803 5544 6898
f 1803 5756 2750
f 1803 6898 6897
f 1804 2193 3024
f 1804 2993 5750
f 1804 3024 5534
f 1804 5534 2993
f 1804 5750 2193
f 1805 4244 5070
f 1805 5068 4244
f 1805 5070 2763
f 1806 3085 3319
f 1806 3191 4766
f 1806 3319 3191
f 1806 4766 5462
f 1806 5462 3085
f 1807 3704 4573
f 1807 4573 5259
f 1807 5259 6858
f 1807 6858 3704
f 1808 2047 5333
f 1810 5622 5101
f 1811 2033 5550
f 1811 5550 6331
f 1812 6328 6027
f 1815 6913 5270
f 1816 1820 1908
f 1816 1908 7200
f 1816 5320 6612
f 1816 6612 1884
f 1816 7200 5320
f 1817 5361 5622
f 1818 6817 6553
f 1820 5078 1908
f 1821 7200 5078
f 1822 5577 6684
f 1822 6684 6384
f 1823 6371 6952
f 1823 6944 6371
f 1823 6952 5618
f 1824 2053 6552
f 1824 6552 3884
f 1824 6651 2053
f 1825 6074 5842
f 1827 6014 6289
f 1827 6289 1956
f 1828 6080 5739
f 1829 5558 6879
f 1829 6879 7181
f 1832 5104 5812
f 1832 5812 5577
f 1834 4887 6082
f 1835 4874 6377
f 1837 5762 6276
f 1837 6276 6048
f 1839 2009 2149
f 1840 6667 7131
f 1841 2064 2135
f 1842 5025 6494
f 1842 6494 6860
f 1842 6860 5025
f 1843 1926 6994
f 1843 5696 7179
f 1843 5922 5696
f 1843 7179 1926
f 1847 6549 1994
f 1848 6568 6624
f 1849 6344 2167
f 1850 6344 6112
f 1854 2074 5848
f 1854 5848 6375
f 1855 1861 6268
f 1858 6863 6885
f 1859 3323 5456
f 1859 5456 6475
f 1859 6475 6752
f 1859 6752 7019
f 1859 7019 3323
f 1860 4357 7000
f 1860 5223 4357
f 1860 5961 5223
f 1860 7000 5961
f 1861 2143 6268
f 1862 6528 7138
f 1864 2177 4686
f 1864 4686 4491
f 1865 3566 4371
f 1865 5899 3566
f 1866 2095 5377
f 1866 5377 4675
f 1866 5380 6386
f 1866 6386 6547
f 1867 1944 4359
f 1867 4359 5974
f 1867 4548 5963
f 1867 5963 2096
f 1867 5974 4548
f 1868 1938 4722
f 1868 2181 6810
f 1868 3069 5638
f 1868 3990 6471
f 1868 4165 3069
f 1868 4348 6401
f 1868 4542 6500
f 1868 4738 5390
f 1868 4934 3304
f 1868 4946 5157
f 1868 5157 6131
f 1868 5196 1938
f 1868 5390 5870
f 1868 5623 4165
f 1868 5638 6238
f 1868 5653 4348
f 1868 5870 4946
f 1868 5873 5623
f 1868 5890 6800
f 1868 6131 5653
f 1868 6178 2181
f 1868 6209 2094
f 1868 6238 4738
f 1868 6401 3990
f 1868 6471 5890
f 1868 6706 4934
f 1868 6800 7072
f 1868 6810 5196
f 1868 7072 6706
f 1869 4589 5717
f 1869 5717 6403
f 1869 6403 3715
f 1869 7010 3313
f 1870 2278 3765
f 1870 3247 4248
f 1870 3765 3247
f 1870 4248 2278
f 1871 3396 6650
f 1871 5022 5737
f 1871 5737 6391
f 1871 6391 3396
f 1871 6650 5022
f 1872 2491 3345
f 1872 2540 6615
f 1872 3032 3360
f 1872 3345 3032
f 1872 3360 2540
f 1872 6615 2491
f 1873 3138 5072
f 1873 3472 3138
f 1873 3602 4243
f 1873 4243 5075
f 1873 5072 3602
f 1873 5075 3472
f 1874 2290 2336
f 1874 2336 3253
f 1874 3253 3775
f 1874 3633 5514
f 1874 3775 3633
f 1874 5514 2290
f 1877 2121 6913
f 1879 4897 6671
f 1879 5602 6083
f 1879 5819 5602
f 1879 6671 5819
f 1883 7180 6291
f 1885 2046 6912
f 1885 6879 2046
f 1888 4699 5599
f 1889 3308 4195
f 1889 3453 3588
f 1889 3588 6231
f 1889 4195 3453
f 1889 6231 3308
f 1890 1966 5608
f 1890 5599 1966
f 1892 4879 5863
f 1893 2133 6580
f 1893 5751 2133
f 1893 6014 5751
f 1893 6289 6014
f 1893 6580 6289
f 1895 5741 7140
f 1895 7140 6018
f 1895 7159 5741
f 1897 1957 6321
f 1898 2990 4977
f 1899 4690 5345
f 1899 5345 6682
f 1899 6682 5371
f 1900 4743 5178
f 1900 6453 4743
f 1901 2804 4568
f 1901 4016 7026
f 1901 4568 5241
f 1901 5241 4016
f 1901 7026 2804
f 1902 6013 5260
f 1903 2897 4365
f 1903 3322 7002
f 1903 4365 3322
f 1903 5246 2897
f 1903 7002 5246
f 1904 3679 6799
f 1904 6491 3679
f 1905 2041 4485
f 1906 5837 5360
f 1909 6569 7179
f 1915 7163 3466
f 1916 2165 6569
f 1916 7179 2165
f 1917 4176 6003
f 1917 4373 4549
f 1917 4549 4176
f 1917 6003 4373
f 1920 1985 5004
f 1920 3452 4194
f 1920 4194 1985
f 1920 4402 3452
f 1920 5004 6219
f 1920 6219 4402
f 1923 2012 2170
f 1924 6138 6511
f 1924 6511 7172
f 1924 7172 6138
f 1925 1984 2059
f 1926 4027 6994
f 1927 6926 2187
f 1928 3850 6716
f 1928 4201 6139
f 1928 6139 3850
f 1929 6641 2144
f 1930 2144 6641
f 1930 2162 4210
f 1933 2092 4552
f 1933 4552 5007
f 1933 4794 5917
f 1933 5007 4794
f 1934 4038 4768
f 1934 4768 4368
f 1934 6416 4038
f 1935 5954 6696
f 1935 6696 7173
f 1935 7173 5954
f 1936 2014 2090
f 1937 3174 4103
f 1937 3957 2177
f 1937 4103 3957
f 1938 5196 5634
f 1938 5399 4722
f 1938 5634 5399
f 1941 4998 5899
f 1941 5200 4998
f 1942 2081 3695
f 1942 3695 4765
f 1942 4030 2081
f 1943 2008 5954
f 1943 5954 7173
f 1944 4803 5909
f 1944 5013 6741
f 1944 5232 4359
f 1944 5909 5013
f 1944 6741 5232
f 1945 2538 3601
f 1945 2822 3604
f 1945 3601 2822
f 1945 3604 5793
f 1945 5793 2538
f 1946 2507 4323
f 1946 2519 3400
f 1946 2716 2507
f 1946 3400 4482
f 1946 4323 2519
f 1946 4482 2716
f 1947 2627 4852
f 1947 4852 5545
f 1950 5842 6074
f 1950 6345 5842
f 1952 2024 5515
f 1952 6054 2024
f 1955 5151 5377
f 1957 2116 6321
f 1958 3678 3993
f 1958 3993 6561
f 1958 4947 7116
f 1958 6561 4947
f 1958 7116 3678
f 1961 3678 5704
f 1961 4159 3678
f 1961 5704 6789
f 1961 6789 4159
f 1962 5325 4515
f 1962 5742 7151
f 1962 7151 5325
f 1963 5077 7164
f 1963 7164 6902
f 1965 2040 5318
f 1965 5775 2040
f 1966 6075 6987
f 1966 6987 5608
f 1967 5281 6600
f 1968 5800 6332
f 1968 6332 2127
f 1969 2133 5751
f 1971 6276 5762
f 1974 2043 2106
f 1974 4906 5620
f 1979 4684 6670
f 1979 5339 6352
f 1979 6352 4684
f 1981 2072 6218
f 1981 2085 4755
f 1981 4755 5975
f 1981 5975 2072
f 1981 6218 2085
f 1982 2069 6649
f 1982 6649 2159
f 1985 3583 6136
f 1985 4194 3583
f 1985 6136 5004
f 1987 4032 5475
f 1987 4361 4032
f 1987 5475 6726
f 1987 5482 4361
f 1987 6726 5482
f 1988 2061 2134
f 1988 6266 6840
f 1990 2058 5449
f 1990 4033 2058
f 1990 5228 6446
f 1990 5449 5228
f 1990 6446 4033
f 1996 2057 3576
f 1996 3188 4784
f 1996 3576 3188
f 1996 4784 6722
f 1996 6722 2057
f 2000 2073 2156
f 2000 4401 4549
f 2000 4549 2073
f 2000 6204 4401
f 2003 4377 5886
f 2003 4567 5724
f 2003 5724 6454
f 2003 5886 6734
f 2003 6454 4377
f 2003 6734 4567
f 2004 2082 6340
f 2005 5243 5944
f 2005 5486 5683
f 2005 5683 7024
f 2005 5944 5486
f 2005 7024 5243
f 2008 6406 5954
f 2013 6558 7161
f 2015 2848 4218
f 2015 4218 5530
f 2017 2178 5468
f 2017 3587 5008
f 2017 5468 3587
f 2018 2183 2936
f 2018 2272 4657
f 2018 2936 2272
f 2018 4447 6861
f 2018 4657 5034
f 2018 6861 2183
f 2019 2091 2084
f 2019 2179 4401
f 2019 2186 2187
f 2019 2187 6838
f 2019 4401 6204
f 2019 4585 2091
f 2019 6756 4585
f 2019 6838 2179
f 2020 2533 4250
f 2020 4250 6533
f 2020 4449 4856
f 2020 4856 2533
f 2021 2960 4294
f 2021 3263 2960
f 2021 4294 6948
f 2021 4514 3263
f 2021 4672 4514
f 2021 6948 4672
f 2022 2208 5090
f 2022 4059 2208
f 2022 5030 4059
f 2022 5090 5525
f 2022 5525 5030
f 2023 3247 4258
f 2023 4258 5091
f 2023 5091 6550
f 2023 6550 3247
f 2024 6334 5515
f 2025 2120 5048
f 2027 4739 5704
f 2027 5668 4739
f 2027 5704 6506
f 2027 6506 7103
f 2027 7103 5668
f 2031 4399 5937
f 2031 4576 5897
f 2031 5897 4399
f 2031 5937 4576
f 2034 6018 7140
f 2034 6307 6018
f 2035 3835 6784
f 2035 4338 6478
f 2035 5172 4338
f 2035 6478 3835
f 2035 6784 5172
f 2037 5816 5576
f 2039 5853 6555
f 2039 6371 5853
f 2039 6952 6371
f 2040 5299 5318
f 2040 6908 5299
f 2041 2103 4678
f 2041 4678 4485
f 2044 5288 5518
f 2046 2108 6912
f 2046 5037 2108
f 2046 5262 5037
f 2046 6879 5262
f 2047 6930 5602
f 2048 5359 5814
f 2050 2105 6932
f 2050 5818 2105
f 2051 4881 5814
f 2051 4906 6639
f 2051 5620 4906
f 2051 5814 5620
f 2051 6639 4881
f 2053 5335 6552
f 2053 6651 5335
f 2055 3316 6744
f 2055 5219 5688
f 2055 5688 6434
f 2055 5714 5219
f 2055 6434 3316
f 2055 6744 5714
f 2056 4971 5671
f 2056 4974 6760
f 2056 5671 4974
f 2056 5914 4971
f 2056 6760 5914
f 2057 5454 3576
f 2057 6722 5454
f 2058 3443 4369
f 2058 3560 5449
f 2058 4033 6480
f 2058 4369 3560
f 2058 6480 3443
f 2066 2137 4768
f 2066 3327 4204
f 2066 3441 3327
f 2066 4204 2137
f 2066 4768 5654
f 2066 5654 3441
f 2068 6397 5598
f 2068 6640 6397
f 2072 3582 4558
f 2072 4558 6434
f 2072 5975 3582
f 2072 6434 6218
f 2073 3445 2156
f 2073 4373 5940
f 2073 4549 4373
f 2073 5940 3445
f 2074 7138 5848
f 2075 4040 6762
f 2075 6762 7035
f 2075 7035 4040
f 2077 4556 6417
f 2077 5000 6475
f 2077 5461 5000
f 2077 6417 5461
f 2077 6475 4556
f 2081 3314 6754
f 2081 3592 3314
f 2081 4030 3592
f 2081 6754 3695
f 2084 2091 5923
f 2084 5923 6746
f 2084 6746 4764
f 2085 3202 4755
f 2085 5018 5967
f 2085 5881 5018
f 2085 5967 3202
f 2085 6218 5881
f 2086 5449 6473
f 2086 5716 6483
f 2086 5919 5449
f 2086 6473 5716
f 2086 6483 5919
f 2090 2185 2097
f 2091 4585 4748
f 2091 4748 5923
f 2094 3844 5985
f 2094 5186 3844
f 2094 5985 6780
f 2094 6209 5186
f 2094 6780 6518
f 2096 2732 2184
f 2096 4996 6481
f 2096 5201 4996
f 2096 5963 5201
f 2096 6481 2732
f 2097 2185 6175
f 2097 5010 7017
f 2097 5243 7024
f 2097 5939 5010
f 2097 6175 5939
f 2097 7017 5243
f 2098 4161 6502
f 2098 4332 4541
f 2098 4541 6236
f 2098 6236 6773
f 2098 6502 6805
f 2098 6508 4161
f 2098 6524 6801
f 2098 6548 3333
f 2098 6773 6524
f 2098 6801 6548
f 2098 6805 7107
f 2098 7107 4332
f 2099 3152 5743
f 2099 3282 6094
f 2099 5743 3282
f 2099 6094 3152
f 2100 2442 4859
f 2100 3111 2442
f 2100 4619 3111
f 2100 4859 6329
f 2100 6329 4619
f 2101 2124 4827
f 2101 6292 2124
f 2102 3860 4400
f 2102 4400 5710
f 2102 4990 3860
f 2102 5710 7051
f 2102 7051 4990
f 2103 6953 4678
f 2104 2978 5477
f 2104 4565 6408
f 2104 5233 6439
f 2104 5477 5233
f 2104 6408 2978
f 2104 6439 4565
f 2105 4718 6932
f 2105 5818 6659
f 2107 2127 6332
f 2108 5037 5749
f 2110 4383 5460
f 2110 5460 6428
f 2110 5710 4383
f 2110 6428 7051
f 2110 7051 5710
f 2113 6459 4184
f 2113 6738 6459
f 2115 5561 5335
f 2116 5032 6321
f 2119 5817 6099
f 2121 5270 6913
f 2122 5584 4673
f 2122 6103 6958
f 2122 6958 5584
f 2124 6292 6920
f 2126 4851 6892
f 2128 5144 6114
f 2128 6114 6953
f 2129 6845 6547
f 2131 5028 6553
f 2131 6553 7120
f 2137 4024 6474
f 2137 4204 4024
f 2137 6474 4768
f 2138 3188 6442
f 2138 4551 6694
f 2138 4784 3188
f 2138 5251 4784
f 2138 6442 4551
f 2138 6694 5251
f 2139 2158 7179
f 2139 5900 3439
f 2139 7179 5900
f 2141 5931 4963
f 2143 6343 7131
f 2143 7131 6268
f 2152 6108 6676
f 2156 3445 6997
f 2156 6997 6745
f 2158 4027 7179
f 2158 6694 6994
f 2158 6994 4027
f 2160 3211 4752
f 2160 4183 6435
f 2160 4372 4183
f 2160 4752 4372
f 2160 6435 6734
f 2160 6734 3211
f 2161 4760 3725
f 2161 4966 4760
f 2161 5720 4966
f 2162 5747 4210
f 2165 7179 6569
f 2167 6934 2188
f 2168 3694 4982
f 2168 3882 4593
f 2168 4593 7013
f 2168 4982 5967
f 2168 5967 3882
f 2168 7013 3694
f 2169 4379 5907
f 2169 5956 4379
f 2171 4572 6153
f 2171 5679 4572
f 2171 6153 6725
f 2171 6199 5679
f 2171 6725 6199
f 2174 5454 6722
f 2174 6136 7018
f 2174 6722 6136
f 2174 7018 5454
f 2176 5530 5756
f 2177 3957 4686
f 2178 4396 5468
f 2179 4749 4401
f 2179 5236 4749
f 2179 6838 5236
f 2181 4933 6810
f 2181 6178 6813
f 2181 6813 4933
f 2182 3333 4512
f 2182 5347 6338
f 2183 3348 4410
f 2183 4068 2936
f 2183 4253 4068
f 2183 4410 4253
f 2183 5061 5264
f 2183 5264 3348
f 2183 6002 5061
f 2184 2732 4757
f 2184 4757 2989
f 2185 5214 6175
f 2185 6418 5428
f 2185 6692 6418
f 2187 2188 5023
f 2187 5023 6844
f 2187 7161 6838
f 2188 7172 5747
f 2189 2425 7190
f 2189 3476 2593
f 2189 7190 3476
f 2190 2600 2613
f 2190 2613 3542
f 2190 2786 6273
f 2190 3542 2786
f 2190 5493 2600
f 2190 6273 5493
f 2191 2237 3670
f 2191 3670 4888
f 2191 4888 6644
f 2191 4904 2237
f 2191 5096 4904
f 2191 6644 5096
f 2192 2623 6616
f 2192 4432 5050
f 2192 4658 4432
f 2192 5050 2623
f 2193 3927 4650
f 2193 4650 3024
f 2194 2232 6040
f 2194 2425 3606
f 2194 3606 2232
f 2194 4638 2425
f 2194 6040 4638
f 2195 3056 6070
f 2195 3814 6928
f 2195 6070 3814
f 2195 6928 3056
f 2196 2391 2579
f 2196 2545 4849
f 2196 2579 3624
f 2196 3624 2545
f 2196 4849 2391
f 2197 2370 6127
f 2197 3147 6956
f 2197 5578 6634
f 2197 6127 3147
f 2197 6634 2370
f 2197 6956 5578
f 2198 2641 3257
f 2198 3257 3909
f 2198 3909 6066
f 2198 5054 6883
f 2198 6066 5054
f 2198 6883 2641
f 2199 2420 2588
f 2199 2588 6286
f 2199 2828 5291
f 2199 5291 2420
f 2199 6286 2828
f 2200 3282 3398
f 2200 3398 5615
f 2200 5615 6094
f 2200 6094 3282
f 2201 2653 3425
f 2201 3425 4281
f 2201 3984 4318
f 2201 4281 3984
f 2201 4318 2653
f 2202 2700 4414
f 2202 3377 6021
f 2202 4414 3377
f 2202 4836 2700
f 2202 6021 4836
f 2203 4125 4486
f 2203 4479 4125
f 2203 4486 5368
f 2203 5109 4479
f 2203 5368 5109
f 2204 2371 3921
f 2204 2688 4607
f 2204 3105 2688
f 2204 3921 3105
f 2204 4607 2371
f 2205 2605 3284
f 2205 3284 3407
f 2205 3407 4479
f 2205 3965 2605
f 2205 4479 5109
f 2205 5109 3965
f 2206 2615 4275
f 2206 4275 4292
f 2206 4292 6946
f 2206 6946 2615
f 2207 2784 6368
f 2207 3665 5375
f 2207 3952 2784
f 2207 5375 3952
f 2207 6368 3665
f 2208 4059 4659
f 2208 4659 5090
f 2209 3242 3487
f 2209 3487 5497
f 2209 4251 3242
f 2209 5497 5806
f 2209 5806 4251
f 2210 2955 3950
f 2210 3412 4303
f 2210 3950 4282
f 2210 4282 3412
f 2210 4303 2955
f 2211 2617 6636
f 2211 3019 5574
f 2211 3677 2617
f 2211 4676 3019
f 2211 5574 3677
f 2211 6636 4676
f 2212 2351 2901
f 2212 2901 6025
f 2212 3340 2351
f 2212 4438 3340
f 2212 6025 4438
f 2213 2765 3613
f 2213 3488 2765
f 2213 3613 4826
f 2213 4826 6060
f 2213 6060 6588
f 2213 6588 3488
f 2214 3418 6630
f 2214 4290 5108
f 2214 5108 3418
f 2214 6630 4290
f 2215 2824 4062
f 2215 4062 6329
f 2215 4828 4862
f 2215 4862 2824
f 2215 6329 4828
f 2216 2312 6922
f 2216 3119 2312
f 2216 6311 6924
f 2216 6922 6311
f 2216 6924 3119
f 2217 2251 3768
f 2217 3218 3334
f 2217 3334 4236
f 2217 3768 3218
f 2217 4236 4830
f 2217 4830 2251
f 2218 2544 3901
f 2218 3484 2544
f 2218 3901 5065
f 2218 5065 3484
f 2219 2346 4661
f 2219 4661 6067
f 2219 6067 7187
f 2219 7187 2346
f 2220 2694 5495
f 2220 5519 2694
f 2220 6868 7162
f 2220 7162 5519
f 2221 2870 4287
f 2221 2941 6654
f 2221 4287 2941
f 2221 6654 2870
f 2222 3053 5844
f 2222 4703 3053
f 2222 4905 5148
f 2222 5148 4703
f 2222 5844 4905
f 2223 3249 4261
f 2223 3614 4430
f 2223 4261 3614
f 2223 4430 7198
f 2223 7198 3249
f 2224 2844 6923
f 2224 4456 4818
f 2224 4818 2844
f 2224 6923 4456
f 2225 2378 3896
f 2225 3119 6055
f 2225 3896 3119
f 2225 6055 6843
f 2225 6843 2378
f 2226 3300 3787
f 2226 3787 6392
f 2226 4291 5745
f 2226 5745 3300
f 2226 6392 4291
f 2227 2593 3476
f 2227 2841 3498
f 2227 3476 2841
f 2227 3498 4645
f 2227 4645 2593
f 2228 2529 4257
f 2228 4257 5507
f 2228 5507 7162
f 2228 6540 6867
f 2228 6867 2529
f 2228 7162 6540
f 2229 3002 5258
f 2229 3621 3002
f 2229 5258 6615
f 2229 6615 3621
f 2230 2552 3971
f 2230 3809 2552
f 2230 3971 6947
f 2230 6947 3809
f 2231 2793 4136
f 2231 3394 2793
f 2231 3659 3394
f 2231 4136 6628
f 2231 6628 3659
f 2232 2490 6040
f 2232 3606 5781
f 2232 5781 2490
f 2233 4513 6931
f 2233 4517 4883
f 2233 4883 4513
f 2233 6931 4517
f 2234 2611 3172
f 2234 3172 5334
f 2234 4702 2611
f 2234 5334 6935
f 2234 6935 4702
f 2235 3510 6341
f 2235 3794 5340
f 2235 5340 3510
f 2235 6077 3794
f 2235 6341 6077
f 2236 3355 5292
f 2236 5292 7150
f 2236 6530 3355
f 2236 7150 6530
f 2237 2710 4295
f 2237 4295 3670
f 2237 4904 2710
f 2238 2608 4129
f 2238 3153 2608
f 2238 4117 5862
f 2238 4129 6941
f 2238 5862 3153
f 2238 6941 4117
f 2239 3258 4219
f 2239 3365 2431
f 2239 4219 4861
f 2239 4861 3365
f 2240 2269 2589
f 2240 2846 3127
f 2240 3127 2818
f 2241 3017 3110
f 2241 3110 6025
f 2241 3739 3017
f 2241 4463 4617
f 2241 4617 3739
f 2241 6025 4463
f 2242 2643 2958
f 2242 2958 3550
f 2242 3037 2643
f 2242 3550 4688
f 2242 4106 3037
f 2242 4688 4106
f 2243 2767 3653
f 2243 3653 6356
f 2243 3811 2767
f 2243 6356 3811
f 2244 4217 2821
f 2244 5282 4217
f 2245 3041 4113
f 2245 3045 3041
f 2245 3167 3045
f 2245 4113 3167
f 2246 2971 4912
f 2246 3049 2971
f 2246 4912 5356
f 2246 5356 5861
f 2246 5861 3049
f 2247 6924 6311
f 2248 2295 4416
f 2248 5294 2295
f 2248 6316 6603
f 2248 6603 5294
f 2249 2487 4807
f 2249 3237 6540
f 2249 4621 3237
f 2249 4807 4621
f 2249 6540 2487
f 2250 3371 5521
f 2250 3488 6588
f 2250 3777 3371
f 2250 5510 3777
f 2250 5521 3488
f 2250 6588 5510
f 2251 3892 6881
f 2251 4048 3768
f 2251 4830 3892
f 2251 6881 4048
f 2252 2594 5792
f 2252 5792 6002
f 2252 6002 6029
f 2252 6029 2594
f 2253 3740 5284
f 2253 5284 6826
f 2253 6826 7142
f 2253 7142 3740
f 2254 2832 5322
f 2254 4098 2757
f 2254 4844 4098
f 2254 5322 6617
f 2254 6617 4844
f 2255 2522 4146
f 2255 2861 5830
f 2255 3424 4508
f 2255 4146 3424
f 2255 4508 2861
f 2255 5830 6353
f 2255 6353 2522
f 2256 3162 5992
f 2256 4685 3162
f 2256 5992 4685
f 2257 2512 3288
f 2257 3660 6110
f 2257 3980 2512
f 2257 6110 3980
f 2258 2453 3410
f 2258 3410 5856
f 2258 3958 4130
f 2258 4130 2453
f 2258 5856 3958
f 2259 2561 4129
f 2259 4129 4679
f 2259 4679 7137
f 2259 5358 2561
f 2259 7137 5358
f 2260 3063 4916
f 2260 4116 3063
f 2260 4896 4116
f 2260 4916 6359
f 2260 6359 4896
f 2261 3060 5108
f 2261 3157 5149
f 2261 3395 4322
f 2261 5108 3157
f 2261 5149 3395
f 2262 2666 7175
f 2262 4763 2666
f 2262 4994 4763
f 2262 7175 4994
f 2264 2402 3928
f 2264 2426 2998
f 2264 2998 2402
f 2264 3928 6622
f 2264 4231 2426
f 2265 2422 5045
f 2265 2680 5277
f 2265 4823 2422
f 2265 5045 6904
f 2265 5277 4823
f 2265 6904 2680
f 2266 2405 5066
f 2266 2495 3370
f 2266 3370 2405
f 2266 3595 4627
f 2266 4627 2495
f 2266 5066 3595
f 2267 2581 4850
f 2267 2683 4214
f 2267 4214 4623
f 2267 4623 2581
f 2267 4850 2683
f 2268 2922 4457
f 2268 3729 2922
f 2268 3746 5513
f 2268 4457 3746
f 2268 5513 3729
f 2269 4247 2589
f 2269 6036 4247
f 2270 3490 4638
f 2270 4638 6040
f 2271 2684 6603
f 2271 2738 3233
f 2271 3233 2684
f 2271 3744 6304
f 2271 6304 2738
f 2271 6316 3744
f 2271 6603 6316
f 2272 2461 4221
f 2272 2681 2461
f 2272 2936 2681
f 2272 4221 4657
f 2273 2441 3655
f 2273 3645 5329
f 2273 3655 5134
f 2273 5134 3645
f 2273 5329 2441
f 2274 4421 5544
f 2274 4442 4831
f 2274 4831 4421
f 2274 5544 4442
f 2275 3750 4855
f 2275 4650 4843
f 2275 4843 5033
f 2275 4855 4650
f 2275 5033 3750
f 2276 2835 6064
f 2276 3911 4618
f 2276 4618 6016
f 2276 6016 2835
f 2276 6064 3911
f 2277 2516 5832
f 2277 2568 2516
f 2277 2869 2568
f 2277 3160 2869
f 2277 5832 3160
f 2278 2362 3765
f 2278 3234 2362
f 2278 4248 3234
f 2279 3169 3650
f 2279 3543 3169
f 2279 3650 3970
f 2279 3970 4483
f 2279 4483 4907
f 2279 4907 3543
f 2280 3519 5845
f 2280 4521 6387
f 2280 5845 4521
f 2280 6387 3519
f 2282 3260 3526
f 2282 3526 4146
f 2282 4146 4467
f 2282 4467 6373
f 2282 6373 3260
f 2283 5533 6870
f 2283 6622 5533
f 2283 6870 3004
f 2284 3134 6301
f 2284 4461 3134
f 2284 4822 4461
f 2285 5069 3255
f 2286 3907 6015
f 2286 4841 6290
f 2286 6015 4841
f 2286 6275 3907
f 2286 6290 6275
f 2287 2752 2829
f 2287 2829 6320
f 2287 3761 2752
f 2287 5508 3761
f 2287 6320 5508
f 2288 2736 6282
f 2288 4434 5779
f 2288 5779 2736
f 2288 6282 5280
f 2289 3918 5535
f 2289 5319 3918
f 2289 5535 3635
f 2290 3486 2336
f 2290 3628 5524
f 2290 5514 3628
f 2290 5524 3486
f 2291 3025 3353
f 2291 3250 5092
f 2291 3353 5305
f 2291 5092 3025
f 2291 5305 3250
f 2292 2772 4286
f 2292 3429 3798
f 2292 3798 2772
f 2292 4286 5824
f 2292 4891 3429
f 2292 5824 4891
f 2293 2356 5365
f 2293 3281 5021
f 2293 5021 2356
f 2293 5365 7122
f 2293 6369 3281
f 2293 7122 6369
f 2294 3985 4122
f 2294 4122 6382
f 2294 4920 3985
f 2294 6382 4920
f 2295 2686 5769
f 2295 5294 5300
f 2295 5300 6030
f 2295 5769 4416
f 2295 6030 2686
f 2296 3008 3362
f 2296 3362 4429
f 2296 4082 3008
f 2297 3138 3472
f 2297 3374 4437
f 2297 3472 3374
f 2297 4073 3138
f 2297 4437 6865
f 2298 2427 5030
f 2298 3489 2427
f 2298 4455 6565
f 2298 5030 5752
f 2298 6565 3489
f 2299 3154 3427
f 2299 3427 5355
f 2299 4127 3154
f 2299 5133 4127
f 2299 5355 5133
f 2300 2554 3961
f 2300 3675 2554
f 2300 3961 4487
f 2300 4487 6655
f 2300 6655 3675
f 2301 4833 5809
f 2301 4847 6065
f 2301 5809 4847
f 2301 6065 4833
f 2302 3047 4110
f 2302 3140 3047
f 2302 3647 3140
f 2302 4110 6937
f 2302 6937 3647
f 2303 4093 6317
f 2303 4845 4093
f 2303 5802 4845
f 2303 6317 5802
f 2304 3241 6047
f 2304 4091 3241
f 2304 5760 6021
f 2304 6021 4091
f 2304 6047 5760
f 2305 2913 4074
f 2305 4074 5795
f 2305 4448 2913
f 2305 5795 4448
f 2306 3244 3616
f 2306 3382 4853
f 2306 3616 6008
f 2306 4853 3244
f 2306 6008 3382
f 2307 2759 4225
f 2307 3741 4049
f 2307 4049 4614
f 2307 4225 6295
f 2307 4614 4810
f 2307 4810 2759
f 2307 5039 3741
f 2307 6295 5039
f 2308 2348 4436
f 2308 4436 6583
f 2308 4655 2348
f 2308 6583 7196
f 2308 7196 4655
f 2309 2742 4456
f 2309 2843 6033
f 2309 3362 5067
f 2309 4456 3362
f 2309 5067 2843
f 2309 6033 2742
f 2310 2844 5554
f 2310 2906 2844
f 2310 3893 6919
f 2310 5554 6282
f 2310 6282 3893
f 2310 6919 2906
f 2311 2639 6026
f 2311 2919 4246
f 2311 3477 2639
f 2311 6026 2919
f 2312 3119 3896
f 2312 3896 6313
f 2312 6313 6922
f 2313 3358 6876
f 2313 4438 6025
f 2313 6025 3358
f 2313 6876 7185
f 2313 7185 4438
f 2314 2492 6285
f 2314 2543 2640
f 2314 2587 2543
f 2314 2640 6323
f 2314 5794 2587
f 2314 6285 5794
f 2314 6323 2492
f 2315 3142 4301
f 2315 4301 5493
f 2315 5493 3142
f 2316 2908 4863
f 2316 4863 7196
f 2316 6906 2908
f 2316 7196 6906
f 2317 2830 6312
f 2317 3607 2830
f 2317 4626 3607
f 2317 5533 6622
f 2317 6312 5533
f 2317 6622 4626
f 2318 2521 5097
f 2318 4273 6393
f 2318 5097 5611
f 2318 5611 4273
f 2318 6393 2521
f 2319 2515 6090
f 2319 4121 2515
f 2319 6090 6648
f 2319 6648 4121
f 2320 2918 6618
f 2320 3506 2918
f 2320 6326 3506
f 2320 6618 6326
f 2321 3039 3420
f 2321 3420 6933
f 2321 3982 3039
f 2321 6933 3982
f 2322 2453 4324
f 2322 2780 3410
f 2322 3410 2453
f 2322 4324 4877
f 2322 4877 2780
f 2323 3120 6616
f 2323 3604 2822
f 2323 5042 3120
f 2323 6616 3604
f 2324 2822 3601
f 2324 3601 7143
f 2324 6829 5556
f 2324 7143 6829
f 2325 2972 5330
f 2325 3808 4677
f 2325 4677 2972
f 2325 5330 3808
f 2326 4473 6942
f 2326 6942 3384
f 2326 6964 4473
f 2327 2332 4817
f 2327 2701 2332
f 2327 2925 3126
f 2327 3126 3923
f 2327 3923 2701
f 2327 4817 2925
f 2328 2719 5996
f 2328 3791 2719
f 2328 4493 3791
f 2328 5094 4493
f 2328 5996 5094
f 2329 2931 3762
f 2329 2933 6586
f 2329 3762 3930
f 2329 3930 2933
f 2329 6586 7158
f 2329 7158 2931
f 2330 2972 5125
f 2330 3803 5330
f 2330 5125 3803
f 2330 5330 2972
f 2331 4366 5901
f 2331 5211 4366
f 2331 5459 5211
f 2331 5901 5459
f 2332 2701 4234
f 2332 4234 6921
f 2332 5559 4817
f 2332 6921 5559
f 2333 2459 3098
f 2333 3098 6861
f 2333 4227 2459
f 2333 4447 4227
f 2333 6861 4447
f 2334 3375 5070
f 2334 4085 3375
f 2334 4244 5542
f 2334 5070 4244
f 2334 5542 4085
f 2335 2498 2909
f 2335 2909 3381
f 2335 4852 2498
f 2336 3486 4232
f 2336 4232 3253
f 2337 3288 6642
f 2337 6642 5348
f 2338 2426 3124
f 2338 2464 2831
f 2338 2482 4086
f 2338 2831 2482
f 2338 3124 2464
f 2338 3732 2426
f 2338 4086 3732
f 2339 2446 4832
f 2339 2681 4068
f 2339 3738 2681
f 2339 4068 4410
f 2339 4410 2446
f 2339 4832 3738
f 2340 2373 5039
f 2340 2534 6057
f 2340 3501 3934
f 2340 3934 2534
f 2340 5039 3501
f 2341 3402 4873
f 2341 3792 3402
f 2341 3935 3792
f 2341 4873 5823
f 2341 5823 3935
f 2342 2721 3286
f 2342 3286 5369
f 2342 3959 4299
f 2342 4299 6940
f 2342 5369 3959
f 2342 6940 6980
f 2342 6980 2721
f 2343 4229 5535
f 2343 5535 4260
f 2343 7185 4229
f 2344 2358 2717
f 2344 2717 4480
f 2344 3804 2358
f 2344 4480 3804
f 2345 3416 5851
f 2345 4314 6653
f 2345 5851 4314
f 2345 6653 7129
f 2345 7129 3416
f 2346 2837 4661
f 2346 4407 2837
f 2346 6310 4407
f 2346 7187 6310
f 2347 3063 4116
f 2347 4116 6642
f 2347 6380 3063
f 2347 6642 6380
f 2348 3255 4436
f 2348 4655 6036
f 2349 3135 5509
f 2349 3499 3135
f 2349 5509 6594
f 2349 6299 3499
f 2349 6594 6299
f 2350 2911 4653
f 2350 3235 3599
f 2350 3599 5782
f 2350 4653 3235
f 2350 5782 2911
f 2351 2845 2901
f 2351 2920 5268
f 2351 3340 2920
f 2351 5268 2845
f 2352 4064 5282
f 2352 4235 4064
f 2352 4254 4444
f 2352 4444 6326
f 2352 5282 4254
f 2352 6326 4235
f 2353 5559 6921
f 2353 6921 7133
f 2353 7133 5559
f 2354 2793 4509
f 2354 4136 2793
f 2354 4509 5566
f 2354 5566 6342
f 2354 6342 4136
f 2355 3521 5591
f 2355 5591 6927
f 2355 6632 3521
f 2355 6927 6632
f 2356 3952 5365
f 2356 5021 3952
f 2357 2750 5756
f 2357 3118 2750
f 2357 3379 6871
f 2357 5756 3379
f 2357 6871 3118
f 2358 3804 6644
f 2358 4111 2717
f 2358 6068 4111
f 2358 6644 6068
f 2359 3614 4261
f 2359 4261 3473
f 2359 5064 3614
f 2360 2547 2595
f 2360 2595 3906
f 2360 3121 4269
f 2360 3906 3121
f 2360 4269 5056
f 2360 5056 2547
f 2361 2503 5786
f 2361 5786 7124
f 2361 6009 6293
f 2361 6293 2503
f 2361 7124 6009
f 2362 3234 3483
f 2362 3483 5088
f 2362 5088 3765
f 2363 3267 4477
f 2363 3385 3267
f 2363 3514 4674
f 2363 4151 3514
f 2363 4477 4151
f 2363 4674 3385
f 2364 2632 2839
f 2364 2839 3224
f 2364 3224 6611
f 2364 6611 2632
f 2365 2671 2751
f 2365 2751 2935
f 2365 2935 4223
f 2365 3777 5748
f 2365 4223 5557
f 2365 5557 3777
f 2365 5748 2671
f 2366 2735 4237
f 2366 3028 2735
f 2366 3222 4637
f 2366 4237 3222
f 2366 4637 6607
f 2366 6607 3028
f 2367 2942 4114
f 2367 3515 2942
f 2367 3540 6660
f 2367 4114 3540
f 2367 6660 3515
f 2368 2834 5503
f 2368 3598 2834
f 2368 3900 4848
f 2368 4848 3598
f 2368 5503 3900
f 2369 3520 3981
f 2369 3958 4892
f 2369 3981 4130
f 2369 4130 3958
f 2369 4892 5095
f 2369 5095 3520
f 2370 3790 6087
f 2370 6087 6127
f 2370 6634 3790
f 2371 3132 5527
f 2371 4607 3132
f 2371 5527 3921
f 2372 2780 3972
f 2372 2790 3410
f 2372 3410 2780
f 2372 3972 4720
f 2372 4720 2790
f 2373 3741 5039
f 2374 2748 3469
f 2374 3245 4440
f 2374 3346 3245
f 2374 3469 3346
f 2374 4440 2748
f 2375 2969 3049
f 2375 3049 5861
f 2375 4316 2969
f 2375 5861 4316
f 2376 2450 6660
f 2376 2964 3788
f 2376 3540 2964
f 2376 3788 2450
f 2376 6660 3540
f 2377 2703 6368
f 2377 3041 2703
f 2377 3518 6935
f 2377 4148 3041
f 2377 6368 3518
f 2377 6935 4148
f 2378 4431 3896
f 2378 6843 4431
f 2379 2443 5068
f 2379 3125 2443
f 2379 3731 3125
f 2380 3240 6550
f 2380 5091 3240
f 2380 6550 5091
f 2381 3478 3893
f 2381 3893 4651
f 2381 4850 3478
f 2382 2468 3239
f 2382 2574 6284
f 2382 3239 6062
f 2382 3600 2468
f 2382 6062 2574
f 2382 6284 3600
f 2383 5540 6851
f 2383 6271 6827
f 2383 6827 5540
f 2383 6851 6271
f 2384 2655 3151
f 2384 2767 6078
f 2384 3151 5099
f 2384 4898 2767
f 2384 5099 4898
f 2384 6078 2655
f 2385 2649 5362
f 2385 3273 3673
f 2385 3673 6668
f 2385 4140 3273
f 2385 5362 4140
f 2385 5575 2649
f 2385 6668 5575
f 2386 5495 2541
f 2387 2866 6111
f 2387 4115 6129
f 2387 4141 2866
f 2387 6111 4115
f 2387 6129 4141
f 2388 2733 6186
f 2388 4968 5204
f 2388 5204 5904
f 2388 5904 2733
f 2388 6186 4968
f 2389 3057 5110
f 2389 5110 6634
f 2389 6093 3057
f 2389 6634 6961
f 2389 6961 6093
f 2390 2463 5292
f 2390 4644 2463
f 2390 5292 6610
f 2390 6610 4644
f 2391 3747 6851
f 2391 4063 2579
f 2391 4849 3747
f 2391 6851 4063
f 2392 2833 3015
f 2392 3015 4089
f 2392 4089 6564
f 2392 4426 2833
f 2392 4606 4426
f 2392 6564 4606
f 2393 3103 3374
f 2393 3220 3103
f 2393 3374 3472
f 2393 3472 3764
f 2393 3764 3220
f 2394 3886 6897
f 2394 6313 3886
f 2394 6897 6898
f 2394 6898 6313
f 2395 2920 6602
f 2395 3109 2920
f 2395 4831 3109
f 2395 6602 4831
f 2396 3105 3921
f 2396 3912 5532
f 2396 3921 6028
f 2396 5532 3105
f 2397 3428 5860
f 2397 4911 5617
f 2397 5860 4911
f 2398 4629 7193
f 2398 4826 5543
f 2398 5543 6849
f 2398 6849 4629
f 2398 7193 4826
f 2399 2418 3986
f 2399 2445 4150
f 2399 3277 2445
f 2399 3986 6393
f 2399 4150 2418
f 2399 6393 3277
f 2400 2455 5051
f 2400 4061 2455
f 2400 4828 4061
f 2400 5051 5780
f 2400 5780 4828
f 2401 2697 4639
f 2401 4414 6275
f 2401 4639 4414
f 2401 6275 2697
f 2402 2592 3928
f 2402 2998 3123
f 2402 3123 5528
f 2402 5528 2592
f 2403 3173 4711
f 2403 3810 5139
f 2403 4469 3810
f 2403 4666 4469
f 2403 4711 4666
f 2403 5139 3173
f 2404 2477 3642
f 2404 2601 5120
f 2404 3642 2601
f 2404 5120 5822
f 2404 5329 2477
f 2404 5822 5329
f 2405 3370 3605
f 2405 3605 5066
f 2406 3249 4427
f 2406 3760 3908
f 2406 3908 3249
f 2406 4427 3760
f 2407 2758 4214
f 2407 4214 6012
f 2407 4805 2758
f 2408 2654 2950
f 2408 2950 5823
f 2408 4873 2654
f 2408 5823 4873
f 2409 2954 4123
f 2409 4123 4899
f 2409 4899 5356
f 2409 4912 2954
f 2409 5356 4912
f 2410 3945 6643
f 2410 4289 4506
f 2410 4506 3945
f 2410 6643 4289
f 2411 3148 3270
f 2411 3270 5344
f 2411 5141 5585
f 2411 5344 5141
f 2411 5585 3148
f 2412 3421 3815
f 2412 3815 4113
f 2412 4113 4505
f 2412 4505 6376
f 2412 6376 3421
f 2413 2616 4285
f 2413 3959 2616
f 2413 4285 6688
f 2413 4299 3959
f 2413 4716 4299
f 2413 6688 4716
f 2414 2564 4284
f 2414 3287 2564
f 2414 3954 4671
f 2414 4284 3954
f 2414 4671 3287
f 2415 3983 5820
f 2415 4122 4302
f 2415 4302 3983
f 2415 4913 6382
f 2415 5820 4913
f 2415 6382 4122
f 2416 2801 5248
f 2416 3088 2801
f 2416 5248 6235
f 2416 6235 3088
f 2417 4035 7175
f 2417 5199 4035
f 2417 7175 5199
f 2418 3794 3946
f 2418 3946 3986
f 2418 4150 5340
f 2418 5340 3794
f 2419 2628 5766
f 2419 2927 3335
f 2419 3335 2628
f 2419 4427 7198
f 2419 5766 4427
f 2419 7198 2927
f 2420 2674 6543
f 2420 3628 5514
f 2420 3756 3628
f 2420 4630 2674
f 2420 5291 4630
f 2420 5514 2588
f 2420 6543 3756
f 2421 3505 4813
f 2421 4451 3505
f 2421 4813 6826
f 2421 5284 4451
f 2421 6826 5284
f 2422 4422 5045
f 2422 4823 4422
f 2423 2916 6301
f 2423 3130 5085
f 2423 5085 6877
f 2423 6877 2916
f 2424 2498 4852
f 2424 3344 6604
f 2424 4215 2498
f 2424 4852 3344
f 2424 6604 4215
f 2425 2530 3606
f 2425 4638 7190
f 2426 3732 2998
f 2426 4231 3124
f 2427 2678 4059
f 2427 3489 4237
f 2427 4059 5030
f 2427 4237 2678
f 2428 2628 4087
f 2428 2629 3026
f 2428 3026 4641
f 2428 4087 2629
f 2428 4094 2628
f 2428 4641 4094
f 2429 5735 7158
f 2429 6611 7203
f 2429 7203 5735
f 2430 3132 4607
f 2431 3365 7184
f 2431 7184 6625
f 2432 2465 3661
f 2432 3661 4147
f 2432 4147 6124
f 2432 6124 2465
f 2433 2538 5793
f 2433 3486 6576
f 2433 5793 3486
f 2433 6576 7143
f 2433 7143 2538
f 2434 2560 6259
f 2434 3656 2560
f 2434 6259 6945
f 2434 6945 3656
f 2435 3264 3675
f 2435 3650 4717
f 2435 3675 6655
f 2435 4717 3264
f 2435 6655 3650
f 2436 2746 3729
f 2436 3729 5513
f 2436 7177 2746
f 2437 2593 2907
f 2437 2907 4411
f 2437 4411 3356
f 2438 3255 5069
f 2438 4095 4458
f 2438 4436 3255
f 2438 5069 4095
f 2438 5553 4436
f 2439 2961 3541
f 2439 3541 4118
f 2439 3957 4103
f 2439 4103 2961
f 2439 4118 4491
f 2439 4491 4686
f 2439 4686 3957
f 2440 4080 5522
f 2440 4220 4080
f 2440 5522 6278
f 2440 6278 6918
f 2440 6918 4220
f 2441 2864 3655
f 2441 3396 6391
f 2441 5329 3396
f 2441 6391 2864
f 2442 2578 4630
f 2442 3111 2578
f 2442 4450 4859
f 2442 4630 4450
f 2443 3000 5068
f 2443 3125 6308
f 2443 3915 3000
f 2443 6308 3915
f 2444 2939 4868
f 2444 2970 2939
f 2444 4868 6086
f 2444 6086 6950
f 2444 6950 2970
f 2445 2869 3160
f 2445 3160 4150
f 2445 3277 6115
f 2445 3426 2869
f 2445 6115 3426
f 2446 2905 4832
f 2446 3348 2905
f 2446 4410 3348
f 2447 3975 7122
f 2447 4695 3975
f 2447 5365 5375
f 2447 5375 4695
f 2447 7122 5365
f 2448 2875 3780
f 2448 3654 2875
f 2448 3780 5341
f 2448 5341 6685
f 2448 6685 3654
f 2449 3966 5338
f 2449 3983 5562
f 2449 5338 3428
f 2449 5354 3966
f 2449 5562 5354
f 2450 2656 6660
f 2450 3529 2656
f 2450 3788 4889
f 2450 4889 3529
f 2451 2967 4131
f 2451 3295 5133
f 2451 4131 3295
f 2451 5133 6104
f 2451 6104 2967
f 2452 2770 6989
f 2452 6531 6831
f 2452 6831 2770
f 2452 6989 6531
f 2453 4130 5128
f 2453 5128 4324
f 2454 4053 5529
f 2454 4267 4053
f 2454 4659 4267
f 2454 5090 4659
f 2454 5529 5090
f 2455 5545 6901
f 2455 6901 5051
f 2456 2764 3216
f 2456 3102 2764
f 2456 3216 3474
f 2456 3474 4230
f 2456 4230 3102
f 2457 3760 4094
f 2457 4094 4641
f 2457 4641 5081
f 2457 4656 3760
f 2457 5081 4656
f 2458 3890 4856
f 2458 4624 3890
f 2458 4856 6605
f 2458 6605 4624
f 2459 4227 4411
f 2459 4411 4610
f 2459 4610 3098
f 2460 2637 3764
f 2460 3372 4079
f 2460 3484 3372
f 2460 3764 3484
f 2460 4079 2637
f 2461 2681 5781
f 2461 3364 4221
f 2461 5781 3364
f 2462 3623 5319
f 2462 3924 5525
f 2462 5525 3623
f 2463 2825 3129
f 2463 3129 5292
f 2463 4644 2825
f 2464 3124 3933
f 2464 3233 2831
f 2465 2514 3661
f 2465 5137 2514
f 2465 5609 5137
f 2465 6124 5609
f 2466 2915 3626
f 2466 3626 2539
f 2466 5560 2915
f 2467 2910 5072
f 2467 3138 4073
f 2467 3232 3888
f 2467 3888 2910
f 2467 4073 3232
f 2467 5072 3138
f 2468 2633 3239
f 2468 3600 6562
f 2468 6278 2633
f 2468 6562 6278
f 2469 3747 6536
f 2469 6536 6851
f 2469 6851 3747
f 2470 3273 5582
f 2470 4309 3273
f 2470 4669 4309
f 2470 5582 4669
f 2471 3944 6648
f 2471 4270 4469
f 2471 4469 3944
f 2471 6090 4270
f 2471 6648 6090
f 2472 3967 6366
f 2472 4125 6683
f 2472 6683 3967
f 2473 2542 3786
f 2473 3286 4144
f 2473 3786 4274
f 2473 4144 2542
f 2473 4274 5369
f 2473 5369 3286
f 2474 2792 4319
f 2474 2956 2792
f 2474 3661 6356
f 2474 4147 3661
f 2474 4319 4915
f 2474 4915 4147
f 2474 6356 2956
f 2475 2855 3941
f 2475 3941 6104
f 2475 5355 2855
f 2475 6104 5355
f 2476 3042 3512
f 2476 5029 3042
f 2476 5604 5029
f 2477 3046 3642
f 2477 3816 3046
f 2477 4489 3816
f 2477 5329 4489
f 2478 2554 5846
f 2478 5846 6072
f 2478 6072 6390
f 2479 2650 3978
f 2479 3403 4493
f 2479 3978 6372
f 2479 4493 2650
f 2479 6372 3403
f 2480 2668 5933
f 2480 5212 5924
f 2480 5470 5212
f 2480 5924 2668
f 2480 5933 5470
f 2481 4168 6451
f 2481 4356 5924
f 2481 5924 4168
f 2481 6451 6456
f 2481 6456 4356
f 2482 2831 4834
f 2482 3611 6606
f 2482 4834 3611
f 2482 6606 4086
f 2483 3029 5806
f 2483 5497 3029
f 2483 5806 5497
f 2484 3595 6617
f 2484 4462 4627
f 2484 4627 3595
f 2484 5322 4462
f 2484 6617 5322
f 2485 2735 3028
f 2485 3028 4448
f 2485 4448 4659
f 2486 3025 4842
f 2486 4838 5778
f 2486 5778 3025
f 2487 6540 4807
f 2488 3733 4854
f 2488 4063 6851
f 2488 4854 4063
f 2488 6851 3733
f 2489 2528 6882
f 2489 2924 2528
f 2489 5491 2924
f 2489 6882 5491
f 2490 2995 4076
f 2490 4076 6040
f 2490 5781 2995
f 2491 2740 4835
f 2491 4835 3345
f 2491 6615 2740
f 2492 3349 3910
f 2492 3910 6285
f 2492 6323 3349
f 2493 2760 5753
f 2493 3126 2760
f 2493 3478 4412
f 2493 4412 3126
f 2493 5753 3478
f 2494 3604 6616
f 2494 4232 5793
f 2494 5793 3604
f 2494 6616 4232
f 2495 4627 5036
f 2495 5036 5502
f 2495 5502 3370
f 2496 2929 6536
f 2496 4099 2929
f 2496 6536 7199
f 2496 7199 4099
f 2497 2502 3376
f 2497 3361 4618
f 2497 3376 6007
f 2497 4618 2502
f 2497 6007 3361
f 2498 3932 2909
f 2498 4215 3932
f 2499 4811 5993
f 2499 5993 4419
f 2500 4421 4652
f 2500 4652 6922
f 2500 5544 4421
f 2500 6898 5544
f 2500 6922 6898
f 2501 2624 3357
f 2501 3357 3634
f 2501 3634 5507
f 2501 4098 4844
f 2501 4844 2624
f 2501 5507 4098
f 2502 3734 3009
f 2502 4618 3734
f 2503 2626 5786
f 2503 4268 2626
f 2503 4653 4268
f 2503 6293 4653
f 2504 3931 6861
f 2504 4090 3931
f 2504 6861 4090
f 2505 2819 5788
f 2505 3241 2819
f 2505 4642 3241
f 2505 5788 4642
f 2506 3676 3951
f 2506 3951 4128
f 2506 5326 3676
f 2506 6109 5326
f 2507 2716 4920
f 2507 3806 4683
f 2507 4683 4323
f 2507 4920 3806
f 2508 2875 3146
f 2508 3146 3414
f 2508 3414 4865
f 2508 3652 2875
f 2508 4865 6661
f 2508 6661 3652
f 2509 3515 6660
f 2509 3974 4126
f 2509 4126 3515
f 2509 6660 3974
f 2510 2964 3414
f 2510 3146 3261
f 2510 3261 4667
f 2510 3414 3146
f 2510 4667 2964
f 2511 3822 6545
f 2511 6346 6666
f 2511 6545 6346
f 2511 6666 3822
f 2512 2865 3288
f 2512 3980 2865
f 2513 3800 6656
f 2513 5132 6950
f 2513 6656 6971
f 2513 6950 3800
f 2514 3811 6356
f 2514 3960 6078
f 2514 5137 3960
f 2514 6078 3811
f 2514 6356 3661
f 2515 3383 5134
f 2515 4121 5586
f 2515 5134 6090
f 2515 5586 3383
f 2516 2568 4466
f 2516 6117 5832
f 2517 3421 6376
f 2517 3663 5368
f 2517 3671 3421
f 2517 5368 3671
f 2517 6376 3663
f 2518 2649 5575
f 2518 5575 5796
f 2519 3148 5585
f 2519 4323 3148
f 2519 5585 3400
f 2520 4511 5857
f 2520 5130 6130
f 2520 5351 5130
f 2520 5857 5351
f 2520 6130 4511
f 2521 2874 2960
f 2521 2960 3263
f 2521 3263 5097
f 2521 6393 2874
f 2522 6353 6982
f 2522 6982 4146
f 2523 3873 5901
f 2523 4994 3873
f 2523 5722 4994
f 2523 5901 5722
f 2524 3193 6179
f 2524 5016 3193
f 2524 6179 5016
f 2525 3093 5969
f 2525 4983 3093
f 2525 5930 4983
f 2525 5969 6410
f 2525 6214 5930
f 2525 6410 6214
f 2526 3457 5225
f 2526 3562 3457
f 2526 3857 6759
f 2526 4574 3857
f 2526 5225 4574
f 2526 6759 3562
f 2527 4020 6749
f 2527 4192 5470
f 2527 5470 4020
f 2527 6217 4192
f 2527 6749 6217
f 2528 2924 4250
f 2528 4250 4821
f 2528 4821 6882
f 2529 4065 4257
f 2529 4620 4065
f 2529 6867 4620
f 2530 3356 4097
f 2530 4097 3606
f 2531 3254 4047
f 2531 3895 4058
f 2531 4047 3895
f 2531 4058 6919
f 2531 6919 3254
f 2532 3609 5527
f 2532 3898 3609
f 2532 4075 5744
f 2532 5527 4075
f 2532 5744 3898
f 2533 4249 4821
f 2533 4821 4250
f 2533 4856 4249
f 2534 2695 2996
f 2534 2996 6057
f 2534 3934 2695
f 2535 3929 6032
f 2535 4072 6896
f 2535 4656 3929
f 2535 6032 4072
f 2535 6896 4656
f 2536 3482 3931
f 2536 3931 4625
f 2536 4625 6279
f 2536 6279 3482
f 2537 2628 3335
f 2537 3335 3343
f 2537 3343 4611
f 2537 4087 2628
f 2537 4420 4087
f 2537 4611 4420
f 2538 7143 3601
f 2539 3626 4612
f 2539 4612 2816
f 2540 3360 4222
f 2540 3621 6615
f 2540 4222 5315
f 2540 5315 3621
f 2541 5495 6868
f 2542 3397 3657
f 2542 3657 3786
f 2542 4144 5331
f 2542 5331 3397
f 2543 2587 4816
f 2543 3023 2640
f 2543 4816 5532
f 2543 5532 3023
f 2544 3484 3764
f 2544 3764 5075
f 2544 4243 5536
f 2544 5075 4243
f 2544 5536 3901
f 2545 3032 4849
f 2545 3360 3032
f 2545 3624 3360
f 2546 6295 6563
f 2547 3016 5528
f 2547 5056 7191
f 2547 7191 3016
f 2548 3969 6937
f 2548 5358 7137
f 2548 6820 3969
f 2548 6937 5358
f 2548 7137 6820
f 2549 2625 4117
f 2549 4117 4471
f 2549 4137 5614
f 2549 4326 4137
f 2549 4471 5117
f 2549 5117 4326
f 2549 5614 2625
f 2550 4324 5829
f 2550 4877 4324
f 2550 4896 5098
f 2550 5098 4877
f 2550 5829 4896
f 2551 2601 4143
f 2551 3266 5120
f 2551 4143 3266
f 2551 5120 2601
f 2552 3428 5338
f 2552 3809 3428
f 2552 5138 3971
f 2552 5338 5138
f 2553 3260 6373
f 2553 4309 4669
f 2553 4669 5565
f 2553 5565 3260
f 2553 6373 4309
f 2554 3675 5376
f 2554 5376 5846
f 2555 4111 4712
f 2555 4712 7135
f 2555 6989 4111
f 2555 7135 6989
f 2556 2867 5363
f 2556 5131 6130
f 2556 5363 5131
f 2556 6130 2867
f 2557 2660 5113
f 2557 3530 5147
f 2557 4682 2660
f 2557 4918 3530
f 2557 5113 4918
f 2557 5147 4682
f 2558 3166 3820
f 2558 3820 5605
f 2558 3824 5573
f 2558 5573 3166
f 2558 5605 3824
f 2559 2704 6635
f 2559 4468 4663
f 2559 4663 7169
f 2559 6635 4468
f 2559 7169 2704
f 2560 3547 6821
f 2560 3656 3547
f 2560 6821 6259
f 2561 3548 6941
f 2561 5146 3548
f 2561 5358 5146
f 2561 6941 4129
f 2562 2612 4871
f 2562 4871 3637
f 2562 5323 2612
f 2563 2608 3153
f 2563 3153 5989
f 2563 4679 2608
f 2563 5989 4679
f 2564 3287 4922
f 2564 4922 5621
f 2564 5621 4284
f 2565 2647 5614
f 2565 3159 3649
f 2565 3649 2647
f 2565 5614 6395
f 2565 6395 3159
f 2566 4123 7167
f 2566 4899 4123
f 2566 6545 4899
f 2566 7167 6545
f 2567 2790 4720
f 2567 3668 3968
f 2567 3968 2790
f 2567 4298 3668
f 2567 4720 4298
f 2568 2869 3516
f 2568 3516 6819
f 2568 6819 4466
f 2569 3873 5019
f 2569 4761 5459
f 2569 5019 4761
f 2569 5459 5901
f 2569 5901 3873
f 2570 3461 6214
f 2570 6214 6839
f 2570 6839 3461
f 2571 4034 6205
f 2571 5020 7044
f 2571 5237 4034
f 2571 6205 6427
f 2571 6427 5020
f 2571 7044 5237
f 2572 2727 4751
f 2572 4026 4384
f 2572 4180 5701
f 2572 4384 2727
f 2572 4751 4180
f 2572 5701 4026
f 2573 2825 6309
f 2573 4219 5274
f 2573 4861 4219
f 2573 5274 2825
f 2573 6309 6585
f 2573 6585 4861
f 2574 3919 6284
f 2574 4857 3919
f 2574 6062 4857
f 2575 2686 4238
f 2575 3369 5516
f 2575 3597 2686
f 2575 4238 4406
f 2575 4406 3369
f 2575 5516 3597
f 2576 3758 5052
f 2576 3905 5313
f 2576 5052 3905
f 2576 5313 3758
f 2577 2819 4810
f 2577 4423 5788
f 2577 4614 4423
f 2577 4810 4614
f 2577 5788 2819
f 2578 3248 6543
f 2578 6543 4630
f 2578 7188 3248
f 2579 4063 4854
f 2579 4220 3624
f 2579 4854 4220
f 2580 6058 4824
f 2581 3107 4412
f 2581 3337 3107
f 2581 4412 4850
f 2581 4623 3337
f 2582 3737 5269
f 2582 4459 5040
f 2582 5040 5744
f 2582 5269 4459
f 2582 5298 3737
f 2582 5744 5298
f 2583 3005 3753
f 2583 3753 6571
f 2583 4259 6061
f 2583 4840 4259
f 2583 6061 3005
f 2583 6571 4840
f 2584 2904 3774
f 2584 2930 2904
f 2584 3774 5303
f 2584 5303 6029
f 2584 6029 6895
f 2584 6895 2930
f 2585 2749 6869
f 2585 2837 5304
f 2585 4233 2622
f 2585 5304 2749
f 2585 6869 4233
f 2586 2693 3004
f 2586 3004 4640
f 2586 4050 2693
f 2586 4640 5801
f 2587 2847 4816
f 2587 3767 2847
f 2587 5794 3767
f 2588 3633 6286
f 2588 5514 3633
f 2589 4247 3346
f 2590 3114 4051
f 2590 3222 6035
f 2590 4051 4637
f 2590 4637 3222
f 2590 6035 3114
f 2591 2963 6068
f 2591 4888 2963
f 2591 6068 6644
f 2591 6644 4888
f 2592 3099 6914
f 2592 5528 3099
f 2592 6914 3928
f 2593 4645 2907
f 2594 3919 4857
f 2594 4857 5792
f 2594 6029 3919
f 2595 3238 3906
f 2595 3338 3238
f 2595 6606 3338
f 2596 3612 5797
f 2596 4435 3229
f 2596 5316 3612
f 2596 5797 4435
f 2597 2709 4329
f 2597 3167 4113
f 2597 3815 2709
f 2597 4113 3815
f 2597 4329 3167
f 2598 2610 4666
f 2598 2876 3940
f 2598 3940 4911
f 2598 4666 4711
f 2598 4711 2876
f 2598 4911 2610
f 2599 3296 6939
f 2599 3520 3296
f 2599 3981 3520
f 2599 4272 3981
f 2599 6939 4272
f 2600 5493 5587
f 2600 5587 2613
f 2601 3642 5821
f 2601 5821 4143
f 2602 2720 4922
f 2602 3287 4314
f 2602 4314 5851
f 2602 4922 3287
f 2602 5381 2720
f 2603 4124 2649
f 2604 3517 5580
f 2604 3976 6971
f 2604 4885 3517
f 2604 5580 3976
f 2604 6073 4885
f 2604 6656 6073
f 2604 6971 6656
f 2605 3038 4149
f 2605 3965 6098
f 2605 4149 3284
f 2605 6098 3038
f 2606 3144 4107
f 2606 4107 6681
f 2606 4519 5867
f 2606 5867 3144
f 2606 6681 4519
f 2607 2644 6638
f 2607 5102 2644
f 2608 4679 4129
f 2609 3804 4902
f 2609 4285 6644
f 2609 4481 4285
f 2609 4902 4481
f 2609 6644 3804
f 2610 3546 5855
f 2610 4911 3546
f 2610 5855 4666
f 2611 2702 3802
f 2611 3802 3172
f 2611 4296 2702
f 2611 4702 4296
f 2612 5323 6942
f 2612 6680 4871
f 2612 6942 6680
f 2613 2654 4873
f 2613 4873 3542
f 2613 5587 2654
f 2614 3291 6978
f 2614 3801 3291
f 2614 4891 3801
f 2614 5124 4891
f 2614 5372 5124
f 2614 6978 5372
f 2615 3140 4275
f 2615 4134 3140
f 2615 5612 4134
f 2615 6946 5612
f 2616 3959 5369
f 2616 4274 6367
f 2616 5369 4274
f 2616 6367 4285
f 2617 2859 6636
f 2617 3521 6632
f 2617 3677 3521
f 2617 6632 2859
f 2618 3209 5207
f 2618 5207 6462
f 2618 5487 3209
f 2618 6152 5487
f 2618 6462 6152
f 2619 4775 5995
f 2619 5995 6834
f 2619 6697 4775
f 2619 6834 6697
f 2620 3575 6179
f 2620 3857 3575
f 2620 6179 6759
f 2620 6759 3857
f 2621 2806 3580
f 2621 3580 4801
f 2621 3581 2806
f 2621 4181 3581
f 2621 4801 4181
f 2622 4233 4661
f 2623 3253 4232
f 2623 4232 6616
f 2623 5050 3253
f 2624 3375 4085
f 2624 4085 3357
f 2625 5614 6972
f 2625 6972 4117
f 2626 2836 6010
f 2626 3005 2836
f 2626 4268 3005
f 2626 6010 5786
f 2627 3344 4852
f 2627 4255 4450
f 2627 4450 3344
f 2628 4094 5766
f 2629 4087 5306
f 2629 5306 6324
f 2629 6324 3026
f 2630 2904 6002
f 2630 4042 2904
f 2630 6002 4042
f 2631 3351 6594
f 2631 3485 6037
f 2631 5509 3485
f 2631 6037 3351
f 2631 6594 5509
f 2632 5276 2839
f 2632 6611 7158
f 2632 7158 5276
f 2633 2926 3239
f 2633 5522 2926
f 2633 6278 5522
f 2634 4665 4464
f 2634 5796 4665
f 2635 2917 5780
f 2635 3228 5508
f 2635 5508 6320
f 2635 5780 3228
f 2635 6320 2917
f 2636 3102 4441
f 2636 3497 5307
f 2636 4441 4838
f 2636 4838 3497
f 2636 5307 3102
f 2637 3220 3764
f 2637 4079 5059
f 2637 5059 3220
f 2638 2938 4808
f 2638 3114 6035
f 2638 4424 3114
f 2638 4808 5055
f 2638 5055 4424
f 2638 6035 6333
f 2638 6333 2938
f 2639 3120 6046
f 2639 3477 3120
f 2639 6046 6026
f 2640 3023 4454
f 2640 4454 6323
f 2641 4660 5308
f 2641 5308 3257
f 2641 6883 4660
f 2642 2997 5046
f 2642 3899 4809
f 2642 4809 2997
f 2642 5046 3258
f 2642 6625 3899
f 2643 3037 3524
f 2643 3524 4319
f 2643 4319 6674
f 2643 5382 2958
f 2643 6674 5382
f 2644 3514 6638
f 2644 4277 4674
f 2644 4674 3514
f 2644 5102 4277
f 2645 2715 3648
f 2645 3648 5127
f 2645 3784 4142
f 2645 4142 2715
f 2645 5127 3784
f 2646 4294 4698
f 2646 4680 5852
f 2646 4698 4680
f 2646 5852 4294
f 2647 3649 6396
f 2647 6396 6972
f 2647 6972 5614
f 2648 2789 4886
f 2648 2965 6365
f 2648 4886 5382
f 2648 5382 6674
f 2648 6365 6959
f 2648 6674 2965
f 2648 6959 2789
f 2649 2946 5362
f 2649 4124 2946
f 2650 4493 5594
f 2650 5594 6977
f 2650 6977 3978
f 2651 2957 6098
f 2651 6098 4325
f 2652 2785 3967
f 2652 3285 3936
f 2652 3936 2785
f 2652 3967 5118
f 2652 5118 5121
f 2652 5121 3285
f 2653 3168 3425
f 2653 3393 6364
f 2653 3949 3168
f 2653 4318 3393
f 2653 6364 3949
f 2654 3982 6933
f 2654 5587 3982
f 2654 6933 2950
f 2655 2873 3151
f 2655 4312 5835
f 2655 5835 2873
f 2655 6078 4312
f 2656 3529 3534
f 2656 3534 4271
f 2656 4271 6660
f 2657 3290 4108
f 2657 4108 5592
f 2657 4892 6968
f 2657 5592 4892
f 2657 6968 3290
f 2658 3402 3792
f 2658 5867 3402
f 2658 6085 5867
f 2659 3276 3802
f 2659 3802 5828
f 2659 5828 7154
f 2659 7154 3276
f 2660 4125 5113
f 2660 4682 4125
f 2661 4140 5362
f 2661 5362 4662
f 2661 7152 4140
f 2662 3523 3638
f 2662 3638 6969
f 2662 3646 3523
f 2662 4279 3646
f 2662 6969 4279
f 2663 4943 6509
f 2663 5633 6132
f 2663 5947 5633
f 2663 6132 4943
f 2663 6509 5947
f 2664 2889 4781
f 2664 4781 6235
f 2664 5248 2889
f 2664 6235 5248
f 2665 2889 4586
f 2665 4586 6707
f 2665 4781 2889
f 2665 6234 4781
f 2665 6707 6234
f 2666 4763 4985
f 2666 4985 5199
f 2666 5199 7175
f 2667 3444 7155
f 2667 5218 6450
f 2667 6450 3444
f 2667 7155 5218
f 2668 5924 5933
f 2669 3465 4983
f 2669 4367 3465
f 2669 4983 7043
f 2669 5485 6165
f 2669 6165 4367
f 2669 7043 5485
f 2670 5076 5789
f 2670 5789 7189
f 2671 2841 3490
f 2671 5748 2841
f 2672 2937 6051
f 2672 4213 5071
f 2672 5041 4213
f 2672 5071 5265
f 2672 5265 2937
f 2672 6051 5041
f 2673 3778 3905
f 2673 3905 5061
f 2673 5061 6002
f 2674 4630 6543
f 2675 2765 3223
f 2675 3223 5035
f 2675 5035 5275
f 2675 5275 2765
f 2676 3122 5064
f 2676 3139 3122
f 2676 5064 6625
f 2676 6625 7184
f 2676 7184 3139
f 2677 2835 4056
f 2677 4056 4437
f 2677 4437 3103
f 2678 4237 2735
f 2679 2921 5772
f 2679 3931 4090
f 2679 4090 2921
f 2679 4625 3931
f 2679 5772 4625
f 2680 3238 3338
f 2680 3338 3749
f 2680 3749 5277
f 2680 6904 3238
f 2681 2936 4068
f 2681 3738 5781
f 2682 3024 6880
f 2682 3101 5534
f 2682 3745 3101
f 2682 5534 3024
f 2682 6880 3745
f 2683 4651 6012
f 2683 6012 4214
f 2684 3366 6603
f 2684 6306 3366
f 2685 2840 4405
f 2685 3256 3479
f 2685 3479 4224
f 2685 4224 2840
f 2685 4405 3256
f 2686 3597 3743
f 2686 3743 5769
f 2686 6030 4238
f 2687 2834 3598
f 2687 3598 6067
f 2687 5503 2834
f 2687 6067 6026
f 2688 3105 4071
f 2688 4071 4417
f 2688 4417 5505
f 2688 5505 4607
f 2689 3121 5795
f 2689 4074 4254
f 2689 5795 4074
f 2690 4239 6049
f 2690 5265 2994
f 2690 6049 6327
f 2690 6327 5265
f 2691 3125 4262
f 2691 3229 4435
f 2691 3615 6308
f 2691 3751 3229
f 2691 4262 3751
f 2691 4435 3615
f 2691 6308 3125
f 2692 2737 3910
f 2692 3910 4819
f 2692 4858 2737
f 2693 3933 4231
f 2693 4050 6306
f 2693 4231 3004
f 2693 6306 3933
f 2694 4085 5542
f 2694 5519 4085
f 2694 5542 5495
f 2695 4069 2996
f 2695 4616 4069
f 2696 2914 4446
f 2696 3608 6038
f 2696 4446 6907
f 2696 5787 3608
f 2696 6015 2914
f 2696 6038 6015
f 2696 6907 5787
f 2697 3757 4639
f 2697 6275 6290
f 2697 6290 3757
f 2698 2847 4422
f 2698 4417 2847
f 2698 4422 4823
f 2698 4823 5277
f 2698 5277 4417
f 2699 2827 4252
f 2699 3766 5283
f 2699 4252 4419
f 2699 4419 3766
f 2699 5283 2827
f 2700 4836 5804
f 2700 5804 6275
f 2700 6275 4414
f 2701 3107 4234
f 2701 3923 3107
f 2702 2784 5021
f 2702 4296 2784
f 2702 5021 5828
f 2702 5828 3802
f 2703 3041 3045
f 2703 3045 3665
f 2703 3665 6368
f 2704 3785 6635
f 2704 4311 3785
f 2704 7169 4311
f 2705 3058 4306
f 2705 3419 6681
f 2705 3545 3419
f 2705 4107 3058
f 2705 4306 3545
f 2705 6681 4107
f 2706 2947 3819
f 2706 3819 4513
f 2706 4513 4883
f 2706 4670 2947
f 2706 4883 4670
f 2707 3045 3167
f 2707 3167 4695
f 2707 3665 3045
f 2707 4695 5375
f 2707 5375 3665
f 2708 3297 6398
f 2708 4488 3297
f 2708 4866 6390
f 2708 6072 4488
f 2708 6390 6072
f 2708 6398 4866
f 2709 3815 6626
f 2709 4472 4329
f 2709 6626 6927
f 2709 6927 4472
f 2710 4904 5138
f 2711 2952 4664
f 2711 3667 6643
f 2711 4477 2952
f 2711 4664 3667
f 2711 6643 4477
f 2712 3272 3956
f 2712 3274 6395
f 2712 3956 3274
f 2712 5614 3272
f 2712 6395 5614
f 2713 3963 4272
f 2713 4135 3963
f 2713 4272 6095
f 2714 2794 4915
f 2714 3524 4317
f 2714 4317 6350
f 2714 4915 3524
f 2714 6350 2794
f 2715 3411 6092
f 2715 4142 3411
f 2715 6092 6936
f 2715 6936 3648
f 2716 3985 4920
f 2716 4482 4494
f 2716 4494 3985
f 2717 2770 4480
f 2717 4111 6989
f 2717 6989 2770
f 2718 3061 3393
f 2718 3393 5866
f 2718 4478 4670
f 2718 4670 3061
f 2718 5866 6980
f 2718 6980 4478
f 2719 3791 5367
f 2719 4868 5996
f 2719 5367 4868
f 2720 5381 5841
f 2721 3036 4144
f 2721 4144 3286
f 2721 5866 3036
f 2721 6980 5866
f 2722 4119 6949
f 2722 4521 5845
f 2722 5845 6073
f 2722 6073 6656
f 2722 6656 4119
f 2722 6949 4521
f 2723 4168 5924
f 2723 5212 7052
f 2723 5924 5212
f 2723 7052 4168
f 2724 2980 3574
f 2724 3572 5692
f 2724 3574 6466
f 2724 5238 2980
f 2724 5692 5238
f 2724 6466 3572
f 2725 3324 6166
f 2725 5447 3324
f 2725 6166 6753
f 2725 6753 5447
f 2726 3869 6449
f 2726 4360 6702
f 2726 5904 3869
f 2726 6449 4360
f 2726 6702 5904
f 2727 3572 4751
f 2727 4384 5950
f 2727 5950 3572
f 2728 3875 5484
f 2728 4018 4171
f 2728 4035 3875
f 2728 4171 4035
f 2728 5484 4018
f 2729 3321 6467
f 2729 3700 3321
f 2729 4970 5705
f 2729 5705 3700
f 2729 6467 4970
f 2730 2807 3194
f 2730 3194 6715
f 2730 4190 2807
f 2730 4362 4190
f 2730 6715 4362
f 2731 4366 6759
f 2731 6179 4366
f 2731 6759 6179
f 2732 3447 4757
f 2732 6481 7003
f 2732 7003 3447
f 2733 4579 6186
f 2733 5904 4579
f 2734 4802 5935
f 2734 6996 4802
f 2736 4651 6282
f 2736 5779 6012
f 2736 6012 4651
f 2737 3913 6065
f 2737 4858 3913
f 2737 6285 3910
f 2738 2831 3233
f 2738 4834 2831
f 2738 6304 4834
f 2739 5059 6064
f 2739 6064 2835
f 2740 3027 6317
f 2740 6317 4835
f 2740 6615 3027
f 2741 2828 6286
f 2741 6286 6604
f 2741 6604 2828
f 2742 3907 4818
f 2742 4818 4456
f 2742 6033 3907
f 2743 3630 5502
f 2743 4263 3630
f 2743 4806 6064
f 2743 5502 4806
f 2743 6064 4263
f 2744 4230 6884
f 2744 6301 4230
f 2744 6884 3779
f 2745 2817 3492
f 2745 3345 2817
f 2745 3492 6536
f 2745 3747 4849
f 2745 4849 3345
f 2745 6536 3747
f 2746 2922 3729
f 2746 6848 2922
f 2746 7177 6848
f 2747 2821 4217
f 2747 4217 6914
f 2747 5523 2821
f 2747 6914 5523
f 2748 4440 3375
f 2749 3342 5311
f 2749 3768 3342
f 2749 4409 6869
f 2749 5304 3768
f 2749 5311 4409
f 2750 3118 5309
f 2752 2830 5539
f 2752 3761 6312
f 2752 5539 2829
f 2752 6312 2830
f 2753 3616 4443
f 2753 4443 5089
f 2753 5089 5269
f 2753 5269 6008
f 2753 6008 3616
f 2754 2833 4426
f 2754 2996 2833
f 2754 4426 3771
f 2754 5546 6057
f 2754 6057 2996
f 2755 3487 3242
f 2755 5990 3487
f 2756 3034 5083
f 2756 4241 3034
f 2756 4408 4241
f 2756 5083 5273
f 2756 5273 4408
f 2757 4065 6063
f 2757 4098 4257
f 2757 4257 4065
f 2758 3619 4214
f 2758 4805 3619
f 2759 2933 4225
f 2759 4810 6586
f 2759 6586 2933
f 2760 3126 3479
f 2760 3254 5753
f 2760 3256 3254
f 2760 3479 3256
f 2761 2823 5783
f 2761 5783 5044
f 2761 6316 2823
f 2762 2911 6571
f 2762 3753 4268
f 2762 4268 4653
f 2762 4653 2911
f 2762 6571 3753
f 2763 4460 3610
f 2764 3102 6873
f 2764 3736 3216
f 2764 6873 3736
f 2765 3488 5521
f 2765 5275 3613
f 2765 5521 3223
f 2766 3035 3163
f 2766 3163 5835
f 2766 3280 3035
f 2766 3789 3280
f 2766 5835 3789
f 2767 3811 6078
f 2767 4898 6959
f 2767 6959 3653
f 2768 3545 4306
f 2768 3960 3545
f 2768 4306 4312
f 2768 4312 3960
f 2769 3386 5601
f 2769 3651 4109
f 2769 4109 5603
f 2769 5601 3651
f 2769 5603 3386
f 2770 6831 4480
f 2771 3423 6938
f 2771 3669 4145
f 2771 4145 5831
f 2771 5831 6688
f 2771 6688 3423
f 2771 6938 3669
f 2772 3523 3973
f 2772 3638 3523
f 2772 3798 3638
f 2772 3973 4286
f 2773 3271 4892
f 2773 4138 3271
f 2773 4892 5592
f 2773 5592 4138
f 2774 3419 4510
f 2774 3799 6681
f 2774 4510 6967
f 2774 6681 3419
f 2774 6967 3799
f 2775 3510 5340
f 2775 3637 3510
f 2775 5340 5832
f 2775 5832 6117
f 2776 2972 4677
f 2776 3416 2972
f 2776 4677 5851
f 2776 5851 3416
f 2777 3176 5140
f 2777 4687 6665
f 2777 6665 3176
f 2778 3300 5745
f 2778 4325 6394
f 2778 6394 3300
f 2779 3641 5612
f 2779 4105 3641
f 2779 5612 6946
f 2779 6946 4105
f 2780 4877 5098
f 2780 5098 3972
f 2781 5351 2951
f 2782 3050 3654
f 2782 3641 3050
f 2782 3654 6685
f 2782 3660 6105
f 2782 6105 3641
f 2782 6110 3660
f 2782 6685 6110
f 2783 2969 3532
f 2783 3532 4492
f 2783 3659 6349
f 2783 4492 3659
f 2783 6349 2969
f 2784 3952 5021
f 2784 4296 6368
f 2785 2851 3535
f 2785 3535 6366
f 2785 3936 2851
f 2785 6366 3967
f 2786 3542 3825
f 2786 3552 6273
f 2786 3825 4109
f 2787 3638 3798
f 2787 3798 4305
f 2787 4305 6969
f 2787 6969 3638
f 2788 4498 4696
f 2788 4696 5324
f 2788 5115 5348
f 2788 5324 5115
f 2788 5348 4498
f 2789 5103 4886
f 2789 5563 5103
f 2789 6959 5563
f 2790 3674 5856
f 2790 3968 3674
f 2790 5856 3410
f 2791 3143 4126
f 2791 3521 3143
f 2791 4475 5591
f 2791 5591 3521
f 2792 2956 6365
f 2792 2965 4319
f 2792 6365 2965
f 2793 2959 4509
f 2793 3394 4687
f 2793 4687 2959
f 2794 4132 4147
f 2794 4147 4915
f 2794 6350 4132
f 2795 4490 4689
f 2795 4671 4490
f 2795 4689 6069
f 2795 6069 6653
f 2795 6653 4671
f 2796 5171 5674
f 2796 5396 6527
f 2796 5674 5396
f 2796 5966 7085
f 2796 6527 5966
f 2796 7085 5171
f 2797 5158 5198
f 2797 5198 6141
f 2797 5902 5158
f 2797 6141 5902
f 2798 3574 6157
f 2798 4591 6466
f 2798 4792 4591
f 2798 6157 4792
f 2798 6466 3574
f 2799 3701 6456
f 2799 5247 6730
f 2799 6142 3701
f 2799 6456 5247
f 2799 6730 6142
f 2800 2881 7043
f 2800 3461 2881
f 2800 5930 3461
f 2800 7043 5930
f 2801 3088 4594
f 2801 4380 5248
f 2801 4594 5488
f 2801 5488 4380
f 2802 2805 4019
f 2802 4019 5447
f 2802 4581 2805
f 2802 5447 5640
f 2802 5640 6152
f 2802 6152 4581
f 2803 3593 6412
f 2803 5252 6436
f 2803 5936 5252
f 2803 6412 5936
f 2803 6436 3593
f 2804 4185 7014
f 2804 7014 4568
f 2804 7026 4185
f 2805 4581 6186
f 2805 4795 5687
f 2805 5687 4019
f 2805 6186 4795
f 2806 3082 3580
f 2806 3581 5235
f 2806 4362 6715
f 2806 5235 4362
f 2806 6715 3082
f 2807 3095 3194
f 2807 4190 6407
f 2807 6407 3095
f 2808 2882 5953
f 2808 3328 7026
f 2808 4016 2882
f 2808 7026 4016
f 2809 3079 4034
f 2809 3861 4187
f 2809 4034 6486
f 2809 4187 3079
f 2809 5697 3861
f 2809 6486 5697
f 2810 3197 6723
f 2810 3716 3197
f 2810 5255 3716
f 2810 6723 5255
f 2811 3197 3308
f 2811 3308 6231
f 2811 4771 5445
f 2811 5445 3197
f 2811 5941 4771
f 2811 6231 5941
f 2812 2886 5471
f 2812 3199 7177
f 2812 5471 3199
f 2812 5490 2886
f 2812 7177 5490
f 2813 3078 7016
f 2813 3565 4386
f 2813 4386 5665
f 2813 5665 6195
f 2813 6195 3078
f 2813 7016 3565
f 2814 3204 6189
f 2814 4179 3204
f 2814 5693 4179
f 2814 6189 7052
f 2814 7052 5693
f 2815 4970 7162
f 2815 5705 4970
f 2815 6271 5705
f 2815 7162 6271
f 2816 4612 3243
f 2817 3345 4835
f 2817 3925 7199
f 2817 4835 3925
f 2817 7199 3492
f 2819 3241 4091
f 2819 4091 4810
f 2820 2911 5782
f 2820 3230 6571
f 2820 5782 3230
f 2820 6571 2911
f 2821 4269 3121
f 2821 5523 4269
f 2823 3382 5783
f 2823 4853 3382
f 2823 6316 4853
f 2824 3010 4062
f 2824 3766 3010
f 2824 4862 3766
f 2825 4644 6309
f 2825 5274 3129
f 2826 2900 5308
f 2826 4643 2900
f 2826 4660 5267
f 2826 5308 4660
f 2827 3130 4252
f 2827 5283 3133
f 2828 3344 4450
f 2828 4450 5291
f 2828 6604 3344
f 2829 4064 6320
f 2830 2899 5539
f 2830 3607 2899
f 2832 4240 5548
f 2833 2996 4069
f 2833 4069 3015
f 2835 3122 3139
f 2835 3139 4056
f 2835 6016 3122
f 2836 3005 6061
f 2836 3603 6010
f 2836 3726 3603
f 2836 6061 3726
f 2837 3334 5304
f 2837 4407 3334
f 2838 3934 5058
f 2838 4616 3934
f 2838 4628 4616
f 2838 5058 4092
f 2839 3631 6290
f 2839 5276 3631
f 2839 6041 3224
f 2839 6290 6041
f 2840 4224 4821
f 2840 4821 4249
f 2841 5748 3498
f 2842 3953 6680
f 2842 6081 6936
f 2842 6370 3953
f 2842 6680 6081
f 2842 6936 6370
f 2843 3752 6033
f 2843 4611 6303
f 2843 5067 4611
f 2843 6303 3752
f 2844 2906 6923
f 2844 4818 5804
f 2844 5804 5554
f 2845 5043 3897
f 2845 5268 5043
f 2846 3013 3625
f 2846 3625 3127
f 2847 3767 4609
f 2847 4071 4816
f 2847 4417 4071
f 2847 4609 4422
f 2848 6043 4218
f 2848 7189 6043
f 2849 2918 5296
f 2849 3104 3495
f 2849 5296 3104
f 2849 6877 2918
f 2850 5126 5986
f 2850 5986 6358
f 2850 6093 5126
f 2850 6358 6093
f 2851 3781 3937
f 2851 3936 3781
f 2851 3937 3535
f 2852 3161 4328
f 2852 3387 3823
f 2852 3823 6647
f 2852 6647 3161
f 2853 3044 3783
f 2853 3170 3397
f 2853 3397 5331
f 2853 3401 3170
f 2853 3783 3401
f 2853 5331 3044
f 2854 3148 4323
f 2854 3270 3148
f 2854 3388 3270
f 2854 4323 4683
f 2854 4683 5600
f 2854 5600 3388
f 2855 3427 3513
f 2855 3513 3823
f 2855 3823 3941
f 2855 5355 3427
f 2856 3266 4715
f 2856 4715 5834
f 2856 5107 3266
f 2856 5834 5107
f 2857 3552 6977
f 2857 4917 6273
f 2857 6273 3552
f 2857 6977 4917
f 2858 3064 6686
f 2858 4869 3064
f 2859 3051 5606
f 2859 5606 6636
f 2859 6632 3051
f 2860 3294 3389
f 2860 3354 5128
f 2860 3389 3354
f 2860 5128 3294
f 2861 4508 6349
f 2861 6349 6929
f 2861 6929 5830
f 2862 2968 3047
f 2862 3047 4134
f 2862 4134 4496
f 2862 4496 5850
f 2862 5850 2968
f 2863 6076 6847
f 2863 6388 6687
f 2863 6687 6076
f 2863 6847 6388
f 2864 3943 4112
f 2864 4112 4270
f 2864 4270 6090
f 2864 6090 3655
f 2864 6391 3943
f 2865 3161 4300
f 2865 3405 3161
f 2865 3980 3405
f 2865 4300 6380
f 2865 6380 3288
f 2866 3272 4137
f 2866 4137 4326
f 2866 4141 3272
f 2866 4326 6111
f 2867 3820 4106
f 2867 4106 4688
f 2867 4688 5363
f 2867 6130 3820
f 2868 4273 5847
f 2868 5257 6115
f 2868 5847 5257
f 2868 6115 6393
f 2868 6393 4273
f 2869 3426 3516
f 2870 2943 5121
f 2870 5121 4287
f 2870 6654 2943
f 2871 3225 4496
f 2871 4134 5612
f 2871 4496 4134
f 2871 5612 6105
f 2871 6105 3225
f 2872 3821 3962
f 2872 3962 4101
f 2872 4101 4714
f 2872 4714 3821
f 2873 3528 3151
f 2873 3813 3528
f 2873 5835 3813
f 2874 3283 4698
f 2874 4698 2960
f 2874 6393 3283
f 2875 3538 3780
f 2875 3652 3538
f 2875 3654 3146
f 2876 3812 4707
f 2876 4707 6107
f 2876 4711 3812
f 2876 6107 3940
f 2877 4006 6499
f 2877 5413 6411
f 2877 5871 5413
f 2877 6411 4006
f 2877 6499 5871
f 2878 6151 6786
f 2878 6461 6800
f 2878 6786 6461
f 2878 6800 6151
f 2879 5629 6244
f 2879 5663 5629
f 2879 6244 6488
f 2879 6488 6766
f 2879 6766 5663
f 2880 5413 7090
f 2880 6198 5413
f 2880 6769 7067
f 2880 7067 6198
f 2880 7090 6769
f 2881 3196 7043
f 2881 3461 6839
f 2881 3853 4017
f 2881 4017 3196
f 2881 6839 3853
f 2882 4016 6170
f 2882 6170 7048
f 2882 7048 5953
f 2883 3578 4184
f 2883 4184 6459
f 2883 5233 5477
f 2883 5477 3578
f 2883 6459 5233
f 2884 3208 4383
f 2884 4364 3208
f 2884 4383 4973
f 2884 4973 6999
f 2884 6999 4364
f 2885 4775 6697
f 2885 4798 5463
f 2885 5463 5995
f 2885 5995 4775
f 2885 6697 4798
f 2886 4563 4746
f 2886 4746 6184
f 2886 4754 5471
f 2886 5490 4563
f 2886 6184 4754
f 2887 4192 6713
f 2887 4750 4962
f 2887 4962 4192
f 2887 5998 4750
f 2887 6713 5998
f 2888 4203 6230
f 2888 4561 4203
f 2888 5005 4561
f 2888 6230 7029
f 2888 7029 7176
f 2888 7176 5005
f 2889 3074 4586
f 2889 4179 3074
f 2889 5248 4179
f 2890 3720 4010
f 2890 3854 5469
f 2890 4010 3854
f 2890 5469 3720
f 2891 3084 6235
f 2891 6235 6712
f 2891 6712 3084
f 2892 3875 4550
f 2892 4550 5443
f 2892 4800 6414
f 2892 5443 4800
f 2892 5484 3875
f 2892 6414 5484
f 2893 3865 4798
f 2893 4582 3865
f 2893 4798 6761
f 2893 6761 4582
f 2894 3567 4999
f 2894 4999 5958
f 2894 5958 7036
f 2894 6714 3567
f 2894 7036 6714
f 2895 3071 4566
f 2895 4557 6187
f 2895 4566 5711
f 2895 5677 3071
f 2895 5711 4557
f 2895 6187 5677
f 2896 4796 3464
f 2897 3455 4011
f 2897 4011 6402
f 2897 5246 3455
f 2897 6402 4365
f 2898 3721 6450
f 2898 3874 5253
f 2898 5218 3874
f 2898 5253 3721
f 2898 6450 5218
f 2899 3607 6914
f 2899 4217 5539
f 2899 6914 4217
f 2900 3916 6050
f 2900 4643 5537
f 2900 5537 3916
f 2900 6050 5308
f 2901 4463 6025
f 2902 4246 6869
f 2902 4409 4432
f 2902 4432 4658
f 2902 6869 4409
f 2903 4403 4452
f 2903 4452 5776
f 2903 4461 4403
f 2903 5776 4461
f 2904 2930 6002
f 2904 4042 3774
f 2905 2992 5052
f 2905 3348 2992
f 2905 5052 5263
f 2905 5263 4832
f 2906 4058 6923
f 2906 6919 4058
f 2907 4610 4411
f 2908 3341 3758
f 2908 6906 3341
f 2909 3106 4647
f 2909 3932 3106
f 2909 4647 3381
f 2910 3888 5049
f 2910 4070 5072
f 2910 5049 6281
f 2910 6281 4070
f 2912 3014 4242
f 2912 5313 3014
f 2912 5316 5313
f 2913 3028 6607
f 2913 3227 5062
f 2913 4448 3028
f 2913 5062 4074
f 2913 6607 3227
f 2914 3891 4446
f 2914 6015 3891
f 2915 3022 3626
f 2915 3727 3022
f 2915 5560 6835
f 2915 6835 3727
f 2916 3495 6301
f 2917 3133 5283
f 2917 3735 5780
f 2917 4235 5057
f 2917 5057 3133
f 2917 5283 3735
f 2917 6320 4235
f 2918 3506 3922
f 2918 3922 5296
f 2918 6877 6618
f 2919 4233 6869
f 2919 4661 4233
f 2919 6026 4661
f 2919 6869 4246
f 2920 3109 5268
f 2920 3340 6602
f 2921 3018 5808
f 2921 4090 3018
f 2921 5808 6878
f 2921 6878 7193
f 2921 7193 5772
f 2923 3029 5517
f 2923 3251 5806
f 2923 3603 3251
f 2923 5517 6010
f 2923 5806 3029
f 2923 6010 3603
f 2924 5491 6533
f 2924 6533 4250
f 2925 3479 3126
f 2925 4224 3479
f 2925 4817 4224
f 2926 3612 4081
f 2926 4081 3239
f 2926 5522 6045
f 2926 5797 3612
f 2926 6045 5797
f 2927 3097 6053
f 2927 6053 3335
f 2927 7198 3097
f 2928 3013 5502
f 2928 3625 3013
f 2928 3630 5279
f 2928 5279 3625
f 2928 5502 3630
f 2929 3259 5746
f 2929 4099 3259
f 2929 5746 6536
f 2930 6895 6002
f 2931 7158 5990
f 2932 3806 6096
f 2932 3951 5600
f 2932 4128 3951
f 2932 4683 3806
f 2932 5600 4683
f 2932 6096 4128
f 2933 3930 6563
f 2933 6563 4225
f 2934 4226 5286
f 2934 5286 5556
f 2934 5556 6829
f 2934 6550 4226
f 2934 6829 6550
f 2935 3257 4829
f 2935 4829 4223
f 2937 3627 4654
f 2937 3932 6051
f 2937 4654 3932
f 2937 5265 6327
f 2937 6327 3627
f 2938 3739 4808
f 2938 5765 3739
f 2938 6333 5765
f 2939 2970 4878
f 2939 4878 6346
f 2939 5996 4868
f 2939 6346 5996
f 2940 3057 6358
f 2940 3418 6978
f 2940 5110 3057
f 2940 6358 3418
f 2940 6978 5110
f 2941 3658 5596
f 2941 4287 3658
f 2941 5596 6071
f 2941 6071 6654
f 2942 3019 4114
f 2942 3515 5574
f 2942 5574 3019
f 2943 3977 5121
f 2943 5106 3977
f 2943 5564 5106
f 2943 6654 5564
f 2944 3271 4138
f 2944 3670 4295
f 2944 4138 4888
f 2944 4295 3271
f 2944 4888 3670
f 2945 4131 5595
f 2945 4276 6847
f 2945 5595 4276
f 2945 6847 4131
f 2946 4662 5362
f 2947 3826 5583
f 2947 4478 3826
f 2947 4670 4478
f 2947 5583 3819
f 2948 3391 6261
f 2948 6261 6546
f 2948 6546 6818
f 2948 6818 3391
f 2949 4293 5563
f 2949 5563 5811
f 2949 5811 4293
f 2950 3422 5823
f 2950 4305 3422
f 2950 6933 4305
f 2951 5351 5857
f 2951 5857 6370
f 2951 6370 6936
f 2951 6936 4691
f 2952 3267 4664
f 2952 4477 3267
f 2953 4482 6986
f 2953 5328 4482
f 2954 4912 5378
f 2954 5378 7167
f 2954 7167 4123
f 2955 3284 4149
f 2955 4149 3950
f 2955 4303 3284
f 2956 3653 6365
f 2956 6356 3653
f 2957 3038 6098
f 2957 3392 3038
f 2957 4118 3392
f 2957 4491 4118
f 2958 4672 6948
f 2958 5382 4672
f 2958 6948 3550
f 2959 3824 4509
f 2960 4698 4294
f 2961 3174 3292
f 2961 3292 4923
f 2961 4103 3174
f 2961 4923 3541
f 2962 2970 5132
f 2962 3821 6346
f 2962 3962 3821
f 2962 4878 2970
f 2962 5132 3962
f 2962 6346 4878
f 2963 4138 4497
f 2963 4497 5813
f 2963 4888 4138
f 2963 5813 6068
f 2964 3540 3414
f 2964 4667 3788
f 2965 6674 4319
f 2966 3268 5129
f 2966 4695 3268
f 2966 5129 5353
f 2966 5353 6945
f 2966 6945 4695
f 2967 3803 5595
f 2967 5330 3803
f 2967 5595 4131
f 2967 6104 5330
f 2968 3141 4110
f 2968 4110 3047
f 2968 5850 3141
f 2969 3066 3049
f 2969 4316 3532
f 2969 6349 3066
f 2970 6950 5132
f 2971 3049 3066
f 2971 3066 3796
f 2971 3796 4912
f 2972 3416 7129
f 2972 7129 5125
f 2973 3431 7087
f 2973 4347 5161
f 2973 5161 3431
f 2973 6213 4347
f 2973 6812 6816
f 2973 6816 6213
f 2973 7087 6812
f 2974 5412 6463
f 2974 6198 7067
f 2974 6463 6198
f 2974 6523 5412
f 2974 7067 6523
f 2975 3834 5427
f 2975 4954 5426
f 2975 5184 3834
f 2975 5426 5184
f 2975 5427 4954
f 2976 3096 5706
f 2976 5691 6180
f 2976 5706 6433
f 2976 6180 3096
f 2976 6433 5691
f 2977 3463 3713
f 2977 3713 6486
f 2977 4390 3463
f 2977 5237 4390
f 2977 6486 5237
f 2978 3454 5477
f 2978 5711 3454
f 2978 6408 5711
f 2979 3564 4020
f 2979 3863 7148
f 2979 4020 5933
f 2979 5933 3863
f 2979 7148 3564
f 2980 4203 5723
f 2980 5014 4203
f 2980 5238 5014
f 2980 5723 3574
f 2981 4975 5189
f 2981 5189 5416
f 2981 5416 5913
f 2981 5913 7012
f 2981 7012 4975
f 2982 4193 5458
f 2982 4601 4193
f 2982 5732 4601
f 2982 6858 5732
f 2983 3571 5205
f 2983 5205 7048
f 2983 6170 3571
f 2983 7048 6170
f 2984 3307 3567
f 2984 3567 6714
f 2984 6194 6717
f 2984 6714 6194
f 2984 6717 3307
f 2985 4996 5201
f 2985 5201 5446
f 2985 5446 7001
f 2985 6481 4996
f 2985 7001 6481
f 2986 3584 7157
f 2986 3701 3584
f 2986 4592 6456
f 2986 6263 4592
f 2986 6456 3701
f 2986 7157 6263
f 2987 3449 4800
f 2987 4800 6729
f 2987 6729 7136
f 2987 6848 3449
f 2987 7136 6848
f 2988 3464 4995
f 2988 4995 5713
f 2989 3447 5467
f 2989 4757 3447
f 2990 4758 4977
f 2990 5684 4758
f 2991 3307 6137
f 2991 3567 3307
f 2991 4999 3567
f 2991 5918 4999
f 2992 3348 5264
f 2992 3905 5052
f 2992 5061 3905
f 2992 5264 5061
f 2993 5534 6598
f 2993 6598 6849
f 2993 6849 5750
f 2994 3113 3500
f 2994 3500 5801
f 2994 5265 3113
f 2995 3920 4076
f 2995 4228 3920
f 2995 5781 4228
f 2997 4809 5266
f 2997 5086 5046
f 2997 5266 5086
f 2998 3732 3123
f 2999 3234 6550
f 2999 3596 5768
f 2999 3770 3596
f 2999 5768 3234
f 2999 6257 3770
f 2999 6550 6257
f 3000 3112 5068
f 3000 3915 7134
f 3000 7134 3112
f 3001 3219 5307
f 3001 4842 6322
f 3001 5307 3497
f 3001 6322 3219
f 3002 3621 4846
f 3002 4846 7142
f 3002 7142 5258
f 3003 3112 4633
f 3003 4244 5068
f 3003 4633 5542
f 3003 5068 3112
f 3003 5542 4244
f 3004 6870 4640
f 3005 4268 3753
f 3006 4604 7150
f 3006 5501 6832
f 3006 6832 4604
f 3006 7150 5501
f 3007 3136 6608
f 3007 3897 4044
f 3007 4044 3136
f 3007 4463 3897
f 3007 4617 4463
f 3007 6608 4617
f 3008 4082 6605
f 3008 5067 3362
f 3008 6605 5067
f 3009 3734 5036
f 3009 4462 4045
f 3009 5036 4462
f 3010 3766 4419
f 3010 4419 5993
f 3010 5993 4062
f 3011 3216 6620
f 3011 3474 3216
f 3011 6620 6884
f 3011 6884 3474
f 3012 3631 5276
f 3012 4091 6021
f 3012 4216 4810
f 3012 4639 3631
f 3012 4810 4091
f 3012 5276 4216
f 3012 6021 4639
f 3013 3370 5502
f 3013 3605 3370
f 3014 3778 4055
f 3014 5313 3778
f 3015 4069 6894
f 3015 6894 4089
f 3016 3099 5528
f 3016 7191 3099
f 3017 3358 3110
f 3017 3739 5765
f 3017 5765 6875
f 3017 6875 3358
f 3018 3098 4610
f 3018 4090 3098
f 3018 4610 5808
f 3019 4676 4865
f 3019 4865 4114
f 3020 3615 5031
f 3020 3915 6308
f 3020 5031 5540
f 3020 5540 6827
f 3020 6308 3615
f 3020 6827 3915
f 3021 3914 4424
f 3021 4424 5055
f 3021 4837 5763
f 3021 5055 4837
f 3021 5763 6915
f 3021 6915 3914
f 3022 3100 3902
f 3022 3727 3100
f 3022 3902 4425
f 3022 4425 3626
f 3023 3912 4454
f 3023 5532 3912
f 3024 4650 4855
f 3024 4855 6880
f 3025 5092 4842
f 3025 5778 3353
f 3026 5081 4641
f 3026 6324 5081
f 3027 5258 5802
f 3027 5802 6317
f 3027 6615 5258
f 3029 5497 5517
f 3030 3249 3908
f 3030 3730 4418
f 3030 3908 3730
f 3030 4418 4608
f 3030 4608 3249
f 3031 5065 3901
f 3031 5287 5065
f 3031 6020 5287
f 3032 3345 4849
f 3033 3129 4439
f 3033 3629 3129
f 3033 3748 5501
f 3033 4439 3748
f 3034 3904 5083
f 3034 4241 6564
f 3034 6037 3904
f 3034 6302 6037
f 3034 6564 6302
f 3035 3280 6663
f 3035 4322 3163
f 3035 6663 4322
f 3036 3044 5331
f 3036 5331 4144
f 3036 5866 3044
f 3037 4106 4317
f 3037 4317 3524
f 3038 3392 4149
f 3039 3982 5587
f 3039 4301 3420
f 3039 5587 4301
f 3040 3177 3956
f 3040 3272 4141
f 3040 3956 3272
f 3040 4141 6129
f 3040 4320 3177
f 3040 6129 4320
f 3041 4148 4505
f 3041 4505 4113
f 3042 4474 3512
f 3042 5029 7170
f 3042 7170 4474
f 3043 3354 3389
f 3043 3389 6111
f 3043 3793 3354
f 3043 6111 3793
f 3044 4484 3783
f 3044 5866 4484
f 3046 3301 3939
f 3046 3816 4483
f 3046 3939 3642
f 3046 4483 3301
f 3047 3140 4134
f 3048 3170 5855
f 3048 3397 3170
f 3048 3546 3948
f 3048 3948 3397
f 3048 5855 3546
f 3050 3261 3654
f 3050 3641 4105
f 3050 4105 3261
f 3051 3530 5606
f 3051 6347 3530
f 3051 6632 6347
f 3052 3397 3948
f 3052 3509 3657
f 3052 3657 3397
f 3052 3948 5860
f 3052 5860 3509
f 3053 3147 6127
f 3053 4703 6689
f 3053 6087 5844
f 3053 6127 6087
f 3053 6689 3147
f 3054 4472 5591
f 3054 4475 5353
f 3054 5129 4472
f 3054 5353 5129
f 3054 5591 4475
f 3055 5616 6663
f 3055 6663 3280
f 3056 3646 4908
f 3056 4708 3646
f 3056 4908 6070
f 3056 6928 4708
f 3057 6093 6358
f 3058 3789 4306
f 3058 4107 6085
f 3058 4327 3789
f 3058 6085 4327
f 3059 3176 3517
f 3059 3517 4885
f 3059 4132 6350
f 3059 4885 4132
f 3059 5140 3176
f 3059 6350 5140
f 3060 3418 5108
f 3060 3955 6978
f 3060 6978 3418
f 3061 3949 6364
f 3061 4670 3949
f 3061 6364 3393
f 3062 3826 4478
f 3062 4478 6980
f 3062 6363 3826
f 3062 6980 6940
f 3063 6380 6658
f 3063 6658 4916
f 3064 3179 4890
f 3064 4869 3179
f 3064 4890 6121
f 3064 6121 6686
f 3065 3298 5595
f 3065 3803 5125
f 3065 5125 6546
f 3065 5595 3803
f 3065 6546 6847
f 3065 6847 3298
f 3066 4508 3796
f 3066 6349 4508
f 3067 4155 6243
f 3067 5652 7101
f 3067 5669 4155
f 3067 6243 5652
f 3067 7101 5669
f 3068 4531 5411
f 3068 4951 4531
f 3068 5154 4951
f 3068 5411 6515
f 3068 6515 5154
f 3069 4165 6787
f 3069 5384 5638
f 3069 5893 5384
f 3069 6787 5893
f 3070 3878 5215
f 3070 4562 6848
f 3070 5215 4562
f 3070 5927 3878
f 3070 6848 5927
f 3071 3848 4363
f 3071 4363 7059
f 3071 5677 3848
f 3071 5921 4566
f 3071 7059 5921
f 3072 3460 4363
f 3072 3848 4600
f 3072 3858 3460
f 3072 4025 3858
f 3072 4363 3848
f 3072 4600 4025
f 3073 3858 6711
f 3073 5208 3858
f 3073 5457 5208
f 3073 5686 5457
f 3073 6711 5686
f 3074 4179 5693
f 3074 5239 4586
f 3074 5693 5239
f 3075 3723 6731
f 3075 4770 5245
f 3075 5245 3723
f 3075 5467 4770
f 3075 6731 5467
f 3076 3874 4562
f 3076 4562 5215
f 3076 5215 5925
f 3076 5925 3874
f 3077 3206 5910
f 3077 5015 5480
f 3077 5480 3206
f 3077 5910 6137
f 3077 6137 5015
f 3078 3593 6436
f 3078 6195 3593
f 3078 6436 7016
f 3079 3878 5927
f 3079 4187 3878
f 3079 5641 6205
f 3079 5927 5641
f 3079 6205 4034
f 3080 3190 5650
f 3080 3581 3190
f 3080 3589 4190
f 3080 4190 5235
f 3080 5235 3581
f 3080 5429 3589
f 3080 5650 5429
f 3081 3586 5678
f 3081 4576 5937
f 3081 5678 4576
f 3081 5937 7004
f 3081 7004 3586
f 3082 5224 3580
f 3082 5422 5636
f 3082 5636 5224
f 3082 6715 5422
f 3083 3859 4379
f 3083 4172 4789
f 3083 4379 5956
f 3083 4789 3859
f 3083 5956 4172
f 3084 3579 6440
f 3084 6440 6235
f 3084 6712 3579
f 3085 5462 6455
f 3085 5678 3319
f 3085 6455 5678
f 3086 3717 6405
f 3086 4758 3717
f 3086 4977 4758
f 3086 5721 6160
f 3086 6160 4977
f 3086 6405 5721
f 3087 5216 5976
f 3087 5453 5216
f 3087 5976 6714
f 3087 6714 7036
f 3087 7036 5453
f 3088 3187 4594
f 3088 6235 6440
f 3088 6440 3187
f 3089 4961 6184
f 3089 6184 4746
f 3090 4978 5698
f 3090 5698 4766
f 3091 4763 5020
f 3091 4985 4763
f 3091 5020 4985
f 3092 4389 4588
f 3092 4588 5013
f 3092 5013 5909
f 3092 5909 4389
f 3093 3465 4761
f 3093 4761 5019
f 3093 4983 3465
f 3093 5019 5969
f 3094 3871 6438
f 3094 4575 3871
f 3094 5254 4575
f 3094 6438 5920
f 3095 3321 4555
f 3095 4555 3194
f 3095 6407 7053
f 3095 7053 3321
f 3096 4571 5706
f 3096 5244 4571
f 3096 5436 5244
f 3096 6180 5436
f 3097 5759 6288
f 3097 6288 6053
f 3097 7198 5759
f 3098 4090 6861
f 3099 7191 6914
f 3100 3480 3902
f 3100 3727 6835
f 3100 6835 3480
f 3101 3745 6281
f 3101 5764 5534
f 3101 6281 6610
f 3101 6610 5764
f 3102 4230 4441
f 3102 5307 6873
f 3103 4437 3374
f 3104 3226 3336
f 3104 3336 4078
f 3104 4078 3495
f 3104 5296 6305
f 3104 6305 3226
f 3105 5532 4071
f 3106 3622 4647
f 3106 3932 4654
f 3106 4654 3622
f 3107 3217 4234
f 3107 3337 3217
f 3107 3923 4412
f 3108 3219 6322
f 3108 4083 3219
f 3108 5789 4635
f 3108 6322 5789
f 3109 4831 4442
f 3110 3358 6025
f 3112 7134 4633
f 3113 5071 6030
f 3113 5265 5071
f 3113 6030 3500
f 3114 4424 4051
f 3115 3243 3504
f 3115 3502 3243
f 3115 4635 3502
f 3116 3761 6044
f 3116 4245 4649
f 3116 4649 6312
f 3116 6044 4245
f 3116 6312 3761
f 3117 3500 6030
f 3117 5300 6596
f 3117 6030 5300
f 3117 6596 4050
f 3118 5079 5309
f 3118 6871 5079
f 3120 5042 6046
f 3121 3906 5795
f 3122 3614 5064
f 3122 4430 3614
f 3122 4634 4430
f 3122 6016 4634
f 3123 3732 4086
f 3123 4086 5528
f 3124 4231 3933
f 3125 3731 4262
f 3126 4412 3923
f 3127 3625 4643
f 3128 3240 5091
f 3128 3900 6550
f 3128 4848 3900
f 3128 5091 4848
f 3128 6550 3240
f 3129 3629 5292
f 3129 5274 4439
f 3131 3619 4805
f 3131 4265 3619
f 3131 4408 5273
f 3131 4805 4408
f 3131 5273 4265
f 3132 4075 5527
f 3132 5044 4075
f 3133 5057 3378
f 3135 3499 3598
f 3135 3598 6899
f 3135 4632 5509
f 3135 6899 4632
f 3136 5079 6608
f 3137 3930 3762
f 3137 4824 6058
f 3137 6058 3930
f 3139 7184 4056
f 3140 3647 4275
f 3141 3548 5146
f 3141 5146 4110
f 3141 5850 3548
f 3142 5493 5992
f 3142 5992 4301
f 3143 3515 4126
f 3143 3521 3677
f 3143 3677 5574
f 3143 5574 3515
f 3144 5867 6085
f 3144 6085 4107
f 3145 6538 6677
f 3145 6677 6820
f 3145 6820 6538
f 3146 3654 3261
f 3147 6689 6956
f 3149 3262 4116
f 3149 3354 4924
f 3149 4116 5829
f 3149 4924 3262
f 3149 5128 3354
f 3149 5829 5128
f 3150 3650 6655
f 3150 4703 3650
f 3150 6655 6689
f 3150 6689 4703
f 3151 3528 5099
f 3152 4290 6630
f 3152 5150 5743
f 3152 6094 4290
f 3152 6630 5150
f 3153 5862 6943
f 3153 6943 5989
f 3154 4127 6359
f 3154 4916 3427
f 3154 6359 4916
f 3155 4494 6095
f 3155 5581 4494
f 3155 6095 6939
f 3155 6939 5581
f 3156 3522 3782
f 3156 3965 3522
f 3156 4325 6098
f 3156 6098 3965
f 3157 4290 6094
f 3157 5108 4290
f 3157 5615 5149
f 3157 6094 5615
f 3158 3974 6660
f 3158 4271 7126
f 3158 6660 4271
f 3159 3274 5141
f 3159 5141 3649
f 3159 6395 3274
f 3160 5832 4150
f 3161 3405 4328
f 3161 6647 4300
f 3162 3399 5107
f 3162 4211 3399
f 3162 4685 4211
f 3163 3395 3813
f 3163 3813 5835
f 3163 4322 3395
f 3164 3406 4886
f 3164 4514 3406
f 3164 4516 6126
f 3164 4886 4516
f 3164 6126 4514
f 3165 4913 5820
f 3165 5617 6107
f 3165 5820 5617
f 3165 6107 4913
f 3166 4106 3820
f 3166 4317 4106
f 3166 5140 4317
f 3166 5573 5140
f 3167 3268 4695
f 3167 4329 3268
f 3168 3949 4517
f 3168 4517 6931
f 3168 6931 3425
f 3169 3543 4717
f 3169 4717 3650
f 3170 3401 6648
f 3170 6648 5855
f 3171 3511 3671
f 3171 3671 5368
f 3171 4486 3511
f 3171 5368 4486
f 3172 3802 4710
f 3172 4710 5334
f 3173 3812 4711
f 3173 5139 6109
f 3173 6109 3812
f 3175 3264 4283
f 3175 3819 5846
f 3175 4283 3819
f 3175 5376 3264
f 3175 5846 5376
f 3176 6665 3517
f 3177 3274 3956
f 3177 3400 3274
f 3177 4320 6986
f 3177 6986 3400
f 3178 4101 3962
f 3178 4316 4101
f 3178 4705 4316
f 3178 6971 4705
f 3180 3833 5155
f 3180 4335 3833
f 3180 5155 5411
f 3180 5411 5656
f 3180 5656 4335
f 3181 4537 7071
f 3181 5194 4537
f 3181 6255 5194
f 3181 7071 6255
f 3182 5166 5387
f 3182 5387 6517
f 3182 6501 5166
f 3182 6517 6803
f 3182 6542 6501
f 3182 6803 6542
f 3183 5690 6743
f 3183 6468 5690
f 3183 6485 6468
f 3183 6743 6485
f 3184 4959 5971
f 3184 5180 4959
f 3184 5971 7093
f 3184 6203 5180
f 3184 7093 6203
f 3185 5637 6778
f 3185 5895 5947
f 3185 5902 5637
f 3185 5947 6509
f 3185 6509 5902
f 3185 6778 5895
f 3186 4157 6215
f 3186 5884 4157
f 3186 6215 6783
f 3186 6228 5884
f 3186 6783 6228
f 3187 6211 4594
f 3187 6440 6211
f 3188 3576 6442
f 3189 3849 4984
f 3189 4984 6718
f 3189 5217 5908
f 3189 5908 3849
f 3189 6718 5217
f 3190 3210 6172
f 3190 3581 3210
f 3190 6172 5650
f 3191 3319 6721
f 3192 3448 6224
f 3192 4189 7011
f 3192 5957 4189
f 3192 6224 5957
f 3192 7011 3448
f 3193 3463 5722
f 3193 4366 6179
f 3193 5016 3463
f 3193 5722 5901
f 3193 5901 4366
f 3194 4555 7054
f 3194 7054 6715
f 3195 4374 6720
f 3195 5731 4374
f 3195 5920 6438
f 3195 6438 5731
f 3195 6720 7027
f 3195 7027 5920
f 3196 4017 4799
f 3196 4799 5485
f 3196 5485 7043
f 3197 3716 4559
f 3197 4559 3308
f 3197 5445 6723
f 3198 3309 4978
f 3198 4978 7008
f 3198 6274 3309
f 3198 7008 6274
f 3199 4780 5955
f 3199 5471 4780
f 3199 5955 7177
f 3200 3560 4369
f 3200 4369 6696
f 3200 5954 6406
f 3200 6406 3560
f 3200 6696 5954
f 3201 3454 5711
f 3201 4566 5921
f 3201 4767 3454
f 3201 5711 4566
f 3201 5921 4767
f 3202 4982 5203
f 3202 5203 4755
f 3202 5967 4982
f 3203 3329 6725
f 3203 4596 6691
f 3203 6691 3329
f 3204 4179 5248
f 3204 4380 4597
f 3204 4597 6189
f 3204 5248 4380
f 3205 4374 6444
f 3205 4785 6728
f 3205 6444 4785
f 3206 5480 5935
f 3206 5935 7149
f 3206 7149 5910
f 3207 3691 5014
f 3207 4582 6761
f 3207 5014 5238
f 3207 5238 4582
f 3207 5479 3691
f 3207 5709 5479
f 3207 6761 5709
f 3208 4364 4583
f 3208 4583 7050
f 3208 6201 4383
f 3208 7050 6201
f 3209 4762 5207
f 3209 5487 5701
f 3209 5701 4762
f 3210 3581 4181
f 3210 4181 6172
f 3211 5886 7060
f 3211 5922 4752
f 3211 6734 5886
f 3211 7060 5922
f 3212 3571 5241
f 3212 4568 5255
f 3212 5241 4568
f 3212 5255 6723
f 3212 6723 3571
f 3213 3449 6469
f 3213 4800 3449
f 3213 6414 4800
f 3213 6469 6414
f 3214 6418 6692
f 3214 6457 7033
f 3214 7033 6418
f 3215 3881 5952
f 3215 4193 4601
f 3215 4601 3881
f 3215 5952 7023
f 3215 7023 4193
f 3216 3736 3902
f 3216 3902 6620
f 3217 3337 6277
f 3217 3617 4234
f 3217 6277 3617
f 3218 3768 5304
f 3218 5304 3334
f 3219 4083 5798
f 3219 5798 5307
f 3221 3507 4240
f 3221 3759 3507
f 3221 4240 6063
f 3221 5053 3759
f 3221 6063 5053
f 3222 3489 4631
f 3222 4237 3489
f 3222 4631 6035
f 3223 5750 5035
f 3224 3769 7203
f 3224 4841 3769
f 3224 6041 4841
f 3224 7203 6611
f 3225 3643 4496
f 3225 6105 3805
f 3226 4838 3336
f 3226 5778 4838
f 3226 6006 5778
f 3226 6305 6006
f 3227 4264 6297
f 3227 4413 4264
f 3227 6297 5062
f 3227 6607 4413
f 3228 5051 6901
f 3228 5780 5051
f 3228 6901 5508
f 3229 3751 4863
f 3230 4236 4407
f 3230 4407 6310
f 3230 5782 4236
f 3230 6310 6571
f 3231 3772 4259
f 3231 4089 3772
f 3231 4259 6302
f 3231 6302 6564
f 3231 6564 4089
f 3232 4073 6585
f 3232 6309 3888
f 3232 6585 6309
f 3234 4248 6550
f 3234 5768 3483
f 3235 4636 3599
f 3235 4653 6293
f 3235 6293 4636
f 3236 3622 5278
f 3236 4245 5551
f 3236 5278 4245
f 3236 5551 6886
f 3236 6886 3622
f 3237 4620 6540
f 3237 4621 5053
f 3237 5053 4620
f 3238 6904 3906
f 3239 4081 6062
f 3241 4642 6047
f 3243 4612 3504
f 3244 4416 5769
f 3244 4853 4416
f 3244 5769 3616
f 3245 3346 4247
f 3245 4247 4460
f 3246 4633 5495
f 3246 5495 5542
f 3246 5542 4633
f 3247 3765 4258
f 3247 6550 4248
f 3248 7188 6543
f 3249 4608 4261
f 3249 7198 4427
f 3250 4067 5092
f 3250 5305 5756
f 3250 5530 4067
f 3250 5756 5530
f 3251 3373 5806
f 3251 3470 4628
f 3251 3603 3470
f 3251 4628 3373
f 3252 4100 6608
f 3252 4837 5055
f 3252 5055 4100
f 3252 6608 6871
f 3252 6871 4837
f 3253 5050 5295
f 3253 5295 3775
f 3254 3256 4047
f 3254 6919 5753
f 3256 4405 4047
f 3257 4066 4829
f 3257 5308 4066
f 3258 3926 4219
f 3258 5046 3926
f 3259 3491 4613
f 3259 4099 3491
f 3259 4613 5746
f 3260 3417 3526
f 3260 5565 3417
f 3261 4105 4667
f 3262 4498 6642
f 3262 4924 4498
f 3262 6642 4116
f 3263 4514 6126
f 3263 6126 5097
f 3264 4717 4283
f 3264 5376 3675
f 3265 3550 6948
f 3265 4294 5852
f 3265 5131 5363
f 3265 5363 3550
f 3265 5852 5131
f 3265 6948 4294
f 3266 3399 5120
f 3266 4143 4715
f 3266 5107 3399
f 3267 3385 6668
f 3267 4309 4664
f 3267 6668 4309
f 3268 4329 5129
f 3269 3368 5136
f 3269 4299 3368
f 3269 5136 6363
f 3269 6940 4299
f 3270 3388 6635
f 3270 6635 5344
f 3271 4295 5095
f 3271 5095 4892
f 3272 5614 4137
f 3273 4140 5582
f 3273 4309 3673
f 3274 3400 5585
f 3274 5585 5141
f 3275 3666 6394
f 3275 3782 4476
f 3275 4476 3666
f 3276 4139 4710
f 3276 4710 3802
f 3276 5745 4139
f 3276 7154 5745
f 3277 6393 6115
f 3278 5130 5351
f 3278 5605 5130
f 3278 6686 5605
f 3279 3954 4284
f 3279 4284 5116
f 3279 4470 3954
f 3279 5116 5869
f 3279 5869 4470
f 3280 3789 4327
f 3281 6369 6842
f 3281 6842 5021
f 3283 3986 4698
f 3283 6393 3986
f 3284 4303 3407
f 3285 5121 3977
f 3287 4671 4314
f 3288 6380 6642
f 3289 3383 5586
f 3289 4318 3383
f 3289 4484 4318
f 3289 5586 4484
f 3290 6258 7135
f 3290 6968 6258
f 3290 7135 4108
f 3291 3801 5110
f 3291 5110 6978
f 3292 4133 5336
f 3292 5336 4923
f 3293 4516 5854
f 3293 5611 6126
f 3293 5854 7156
f 3293 6126 4516
f 3293 6983 5611
f 3293 7156 6983
f 3294 3963 3389
f 3294 3981 4272
f 3294 4130 3981
f 3294 4272 3963
f 3294 5128 4130
f 3295 4131 5568
f 3295 4310 5133
f 3295 5568 4310
f 3296 3817 6939
f 3297 4488 6560
f 3297 6560 6398
f 3298 4276 5595
f 3298 6847 4276
f 3299 3395 4501
f 3299 3813 3395
f 3299 3942 3813
f 3299 4501 3942
f 3300 6394 3787
f 3301 3814 3939
f 3301 4483 6646
f 3301 6928 3814
f 3302 3953 6370
f 3302 4511 6077
f 3302 5857 4511
f 3302 6077 3953
f 3302 6370 5857
f 3303 4950 5882
f 3303 5882 6783
f 3303 6215 4950
f 3303 6783 6215
f 3304 4934 4945
f 3304 4945 6245
f 3304 6245 6447
f 3305 4959 5180
f 3305 5180 5983
f 3305 5659 6768
f 3305 5983 5659
f 3305 6252 4959
f 3305 6768 6252
f 3306 4158 5165
f 3306 5165 6264
f 3306 6264 5987
f 3307 5015 6137
f 3307 6717 5015
f 3308 4559 7025
f 3308 7025 4195
f 3309 4029 5698
f 3309 5698 4978
f 3309 6274 4029
f 3310 4803 5686
f 3310 4987 4803
f 3310 5686 6711
f 3310 6711 4987
f 3311 4394 6426
f 3311 5725 4394
f 3311 6426 5455
f 3312 4393 5706
f 3312 4571 6163
f 3312 5680 4393
f 3312 5706 4571
f 3312 6163 6690
f 3312 6690 5680
f 3313 5972 3442
f 3313 7010 5972
f 3314 3592 5682
f 3315 3710 5452
f 3315 5452 5483
f 3315 5483 6742
f 3315 6742 4015
f 3316 4376 6744
f 3316 6434 4376
f 3317 3573 5010
f 3317 5010 5939
f 3317 5217 6718
f 3317 5939 5217
f 3317 5944 3573
f 3317 6718 5944
f 3318 4205 6455
f 3318 4753 4205
f 3318 4993 6731
f 3318 6455 4993
f 3318 6731 4753
f 3319 3586 5464
f 3319 5464 6721
f 3319 5678 3586
f 3320 4988 4602
f 3320 5907 4988
f 3321 3700 4555
f 3321 7053 6467
f 3322 4188 4578
f 3322 4365 4188
f 3322 4578 5728
f 3322 5728 7002
f 3323 3568 5456
f 3323 3722 3568
f 3323 7019 3722
f 3324 3712 6719
f 3324 4019 5687
f 3324 5447 4019
f 3324 5687 3712
f 3324 6719 6166
f 3325 4205 6727
f 3325 4576 4205
f 3325 5489 6405
f 3325 5897 4576
f 3325 6405 5897
f 3325 6727 5489
f 3326 4548 5974
f 3326 5963 4548
f 3326 5974 6222
f 3326 6222 3720
f 3327 3441 5949
f 3327 3870 4204
f 3327 5949 6227
f 3327 6227 3870
f 3328 4977 7026
f 3329 4570 6725
f 3329 6691 4570
f 3330 3703 6460
f 3330 4183 3703
f 3330 4777 4183
f 3330 6422 4777
f 3331 3711 6425
f 3331 5193 3711
f 3331 5461 6693
f 3331 6425 5461
f 3331 6693 5193
f 3332 3854 4010
f 3332 4010 4023
f 3332 4023 4564
f 3332 4564 6465
f 3332 6465 3854
f 3333 6113 4512
f 3333 6548 7141
f 3333 7141 6113
f 3334 4407 4236
f 3335 6053 3343
f 3336 4441 4078
f 3336 4838 4441
f 3337 4265 6277
f 3337 4623 4265
f 3338 3611 3749
f 3338 6606 3611
f 3339 3925 6300
f 3339 4099 7199
f 3339 4457 4099
f 3339 6300 4457
f 3339 7199 3925
f 3340 4438 7185
f 3342 3768 4048
f 3342 4048 5516
f 3342 5516 5311
f 3343 6053 6303
f 3343 6303 4611
f 3346 3469 4054
f 3347 3494 5278
f 3347 3622 4654
f 3347 3627 3494
f 3347 4654 3627
f 3347 5278 3622
f 3349 3481 4819
f 3349 4819 3910
f 3349 6323 6846
f 3349 6846 3481
f 3350 3379 5305
f 3350 4837 6871
f 3350 5305 4837
f 3350 6871 3379
f 3351 6024 6594
f 3351 6037 6302
f 3351 6302 6024
f 3352 3929 5081
f 3352 5081 6324
f 3352 6032 3929
f 3352 6324 6889
f 3352 7144 6032
f 3353 5763 5305
f 3353 5778 6006
f 3353 6006 5763
f 3354 3793 4924
f 3355 5764 6610
f 3355 6530 6598
f 3355 6598 5764
f 3355 6610 5292
f 3356 4411 4227
f 3357 4085 5519
f 3357 5519 3634
f 3358 6875 6876
f 3359 4428 5533
f 3359 4649 4428
f 3359 5533 4649
f 3360 3624 4222
f 3361 4634 6016
f 3361 6007 4634
f 3361 6016 4618
f 3362 4456 4429
f 3363 4266 6047
f 3363 5280 6282
f 3363 5554 4266
f 3363 6047 5280
f 3363 6282 5554
f 3364 3606 4097
f 3364 4097 4221
f 3364 5781 3606
f 3365 4861 6865
f 3365 6865 7184
f 3366 5294 6603
f 3366 6306 6596
f 3366 6596 5294
f 3367 3615 4435
f 3367 4435 5797
f 3367 5031 3615
f 3367 5084 5031
f 3367 5797 5084
f 3368 4299 4716
f 3368 4716 5831
f 3368 5831 5136
f 3369 5295 6059
f 3369 6059 5516
f 3371 3777 5557
f 3371 3927 5521
f 3371 4843 3927
f 3371 5557 4843
f 3372 3484 5065
f 3372 3508 5279
f 3372 3916 3508
f 3372 5065 3916
f 3372 5279 4079
f 3373 4251 5806
f 3373 4628 4092
f 3375 4440 5070
f 3376 3776 5759
f 3376 5759 6007
f 3377 4414 4639
f 3377 4639 6021
f 3378 5057 6618
f 3378 6618 5085
f 3379 5756 5305
f 3380 3613 5275
f 3380 5035 6849
f 3380 5275 5035
f 3380 5543 3613
f 3380 6849 5543
f 3382 3737 5783
f 3382 6008 3737
f 3383 3984 5134
f 3383 4318 3984
f 3384 6942 5323
f 3385 4665 5575
f 3385 4674 4665
f 3385 5575 6668
f 3386 4519 5601
f 3386 5603 5867
f 3386 5867 4519
f 3387 3941 3823
f 3387 4681 3941
f 3387 5381 4681
f 3388 4278 4468
f 3388 4468 6635
f 3388 5600 4278
f 3389 3963 4115
f 3389 4115 6111
f 3390 3512 5825
f 3390 5383 6354
f 3390 5825 5383
f 3390 6354 3512
f 3391 3672 6261
f 3391 5827 3672
f 3391 6818 5827
f 3392 3950 4149
f 3392 4118 3950
f 3393 4318 4484
f 3393 4484 5866
f 3394 3659 4492
f 3394 4492 5580
f 3394 5580 6665
f 3394 6665 4687
f 3395 5149 4501
f 3396 5329 5822
f 3396 5822 6650
f 3398 5743 5615
f 3399 4211 6362
f 3399 6362 5120
f 3400 6986 4482
f 3401 3783 4121
f 3401 4121 6648
f 3402 3825 4873
f 3402 5603 3825
f 3402 5867 5603
f 3403 3791 4493
f 3403 3799 6967
f 3403 6372 3799
f 3403 6967 3791
f 3404 3509 5588
f 3404 3786 3509
f 3404 3809 6947
f 3404 5588 3809
f 3404 6367 3786
f 3404 6947 6367
f 3405 3980 5341
f 3405 5341 4328
f 3406 4514 4672
f 3406 4672 5382
f 3406 5382 4886
f 3407 4303 6683
f 3407 6683 4479
f 3408 3792 5616
f 3408 4327 6085
f 3409 3535 3937
f 3409 3937 4470
f 3409 3987 3535
f 3409 4470 5869
f 3409 5869 3987
f 3411 4142 3945
f 3411 4288 6092
f 3412 3658 5118
f 3412 4282 3658
f 3412 5118 6683
f 3412 6683 4303
f 3413 3421 3671
f 3413 3511 5147
f 3413 3671 3511
f 3413 5147 6347
f 3413 6347 6626
f 3413 6626 3421
f 3414 3540 4114
f 3414 4114 4865
f 3415 3534 4120
f 3415 4120 4315
f 3415 4271 3534
f 3415 4315 7126
f 3415 7126 4271
f 3417 3796 3526
f 3417 4912 3796
f 3417 5378 4912
f 3417 5565 5378
f 3418 6358 6630
f 3419 3545 4510
f 3420 4279 6933
f 3420 4301 5834
f 3420 4908 4279
f 3420 5834 4908
f 3421 6626 3815
f 3422 3429 5823
f 3422 3798 3429
f 3422 4305 3798
f 3423 4481 5839
f 3423 5839 6938
f 3423 6688 4481
f 3424 3526 3796
f 3424 3796 4508
f 3424 4146 3526
f 3425 3816 4489
f 3425 4489 4281
f 3425 6931 3816
f 3426 6115 7132
f 3426 6819 3516
f 3426 7132 6819
f 3427 4693 3513
f 3427 4916 4693
f 3428 3809 5588
f 3428 5588 5860
f 3429 4891 5823
f 3430 4954 5427
f 3430 5171 7085
f 3430 5427 5171
f 3430 7085 4954
f 3431 5161 6786
f 3431 6151 7087
f 3431 6786 6151
f 3432 3836 4927
f 3432 3996 4538
f 3432 4538 3836
f 3432 4927 5393
f 3432 5393 3996
f 3433 5392 6146
f 3433 6146 7100
f 3433 6808 5392
f 3433 7100 7118
f 3433 7118 6808
f 3434 3992 6763
f 3434 4003 3992
f 3434 5400 4003
f 3434 6763 7064
f 3434 7064 5400
f 3435 5197 7115
f 3435 5878 5197
f 3435 6710 5878
f 3435 7115 6710
f 3436 4003 5400
f 3436 5185 6492
f 3436 5400 5625
f 3436 5625 5185
f 3436 6492 4003
f 3437 5173 6775
f 3437 6185 6496
f 3437 6496 6526
f 3437 6526 5173
f 3437 6775 6779
f 3437 6779 6185
f 3438 4773 7045
f 3438 4790 4773
f 3438 4968 4790
f 3438 5204 4968
f 3438 7045 5204
f 3439 4370 4966
f 3439 4966 5439
f 3439 5900 4370
f 3440 3560 6406
f 3440 5449 3560
f 3440 6406 6473
f 3440 6473 5449
f 3441 5654 5465
f 3442 5972 5001
f 3443 6480 7173
f 3443 7173 4369
f 3444 4967 6192
f 3444 6192 7155
f 3444 6450 6747
f 3444 6747 4967
f 3445 5940 6193
f 3446 4033 6446
f 3446 5221 6193
f 3446 6193 6480
f 3446 6446 5221
f 3446 6480 4033
f 3447 7003 5467
f 3448 4015 6224
f 3448 6176 4015
f 3448 7011 6176
f 3449 6848 6469
f 3450 4755 5203
f 3450 5203 5475
f 3450 5475 6482
f 3450 5975 4755
f 3450 6482 5975
f 3451 3579 4961
f 3451 3693 6440
f 3451 4961 6183
f 3451 6183 3693
f 3451 6440 3579
f 3452 4402 5916
f 3452 5916 6167
f 3452 6167 7038
f 3452 7038 4194
f 3453 4195 5245
f 3453 4770 7001
f 3453 5245 4770
f 3453 7001 3588
f 3454 4767 5256
f 3454 5256 5477
f 3455 7023 4011
f 3456 4764 6746
f 3456 6746 6757
f 3456 6757 6416
f 3457 3562 5718
f 3457 5718 6704
f 3457 6704 5225
f 3458 5233 5713
f 3458 5250 5233
f 3458 5675 5250
f 3459 3866 7028
f 3459 4791 6423
f 3459 5247 6451
f 3459 6423 5247
f 3459 6451 3866
f 3459 7028 4791
f 3460 3858 4997
f 3460 4173 6428
f 3460 4997 5976
f 3460 5976 4173
f 3460 6428 4363
f 3461 5930 6214
f 3462 4174 4357
f 3462 4357 5476
f 3462 4595 5440
f 3462 5440 4174
f 3462 5476 6168
f 3462 6168 4595
f 3463 4390 5722
f 3463 5016 3713
f 3464 4796 7048
f 3464 7048 4995
f 3465 4367 5459
f 3465 5459 4761
f 3466 5500 5999
f 3466 7163 5500
f 3467 6262 6550
f 3467 6550 6829
f 3467 6829 6262
f 3468 4409 5311
f 3468 4432 4409
f 3468 5311 6059
f 3468 6059 4432
f 3469 6325 4054
f 3470 3603 3726
f 3470 3726 6894
f 3470 4616 4628
f 3470 6894 4616
f 3471 3742 6310
f 3471 6024 3742
f 3471 6299 6024
f 3471 6310 7187
f 3471 7187 6299
f 3472 5075 3764
f 3473 4261 4608
f 3473 4608 3899
f 3474 6884 4230
f 3475 3890 6592
f 3475 4249 3890
f 3475 6592 3895
f 3478 4850 4412
f 3478 5753 3893
f 3480 6620 3902
f 3480 6835 6842
f 3480 6842 6620
f 3481 5290 4819
f 3481 6846 5290
f 3482 4433 6861
f 3482 6279 6837
f 3482 6861 3931
f 3483 3485 3754
f 3483 3754 5088
f 3483 3904 3485
f 3483 5083 3904
f 3483 5768 5083
f 3485 3904 6037
f 3485 5509 3754
f 3486 5524 6576
f 3486 5793 4232
f 3487 5990 5497
f 3489 6565 4631
f 3490 7190 4638
f 3491 4099 4457
f 3492 7199 6536
f 3493 3633 3775
f 3493 3773 6019
f 3493 4084 4213
f 3493 4213 3773
f 3493 6019 3633
f 3494 3627 6327
f 3494 4648 5278
f 3494 6049 4648
f 3494 6327 6049
f 3495 4078 6301
f 3496 4081 4242
f 3496 4242 4857
f 3496 4857 6062
f 3496 6062 4081
f 3498 5510 4645
f 3498 5748 5510
f 3499 6067 3598
f 3499 6299 6067
f 3501 4815 5058
f 3501 5039 4815
f 3501 5058 3934
f 3502 4635 5076
f 3503 4076 5553
f 3503 4458 6883
f 3503 5054 4076
f 3503 6883 5054
f 3504 4425 5798
f 3504 4612 4425
f 3504 5798 4083
f 3505 4451 6336
f 3505 5303 4813
f 3505 6284 5303
f 3505 6336 6284
f 3506 4264 3922
f 3506 6297 4264
f 3506 6326 6297
f 3507 3759 3889
f 3507 3889 5548
f 3507 5548 4240
f 3508 3916 5537
f 3508 5537 5279
f 3509 3786 3657
f 3509 5860 5588
f 3510 3637 4871
f 3510 4871 6341
f 3511 4486 4682
f 3511 4682 5147
f 3512 4474 5825
f 3513 4693 6647
f 3513 6647 3823
f 3514 3979 6638
f 3514 4151 3979
f 3517 6665 5580
f 3518 4296 4702
f 3518 4702 6935
f 3518 6368 4296
f 3519 5609 6124
f 3519 6124 5845
f 3519 6387 5609
f 3522 3663 3782
f 3522 3965 5109
f 3522 5109 5368
f 3522 5368 3663
f 3523 3646 4708
f 3523 4708 4905
f 3523 4905 5844
f 3523 5844 3973
f 3524 4915 4319
f 3525 4108 4712
f 3525 4497 5592
f 3525 4712 5813
f 3525 5592 4108
f 3525 5813 4497
f 3527 4701 6979
f 3527 5106 7170
f 3527 6261 4701
f 3527 6979 5106
f 3527 7170 6261
f 3528 3813 3942
f 3528 3942 5864
f 3528 5864 5099
f 3529 4889 6102
f 3529 6102 3534
f 3530 4918 5606
f 3530 6347 5147
f 3531 4870 5326
f 3531 5326 6125
f 3531 6125 4870
f 3532 3976 4492
f 3532 4316 4705
f 3532 4705 3976
f 3533 4313 6396
f 3533 6262 4313
f 3533 6396 5145
f 3534 6102 6529
f 3534 6529 4120
f 3535 3640 6366
f 3535 3987 3640
f 3536 4145 6560
f 3536 4488 5136
f 3536 5136 5831
f 3536 5831 4145
f 3536 6560 4488
f 3537 3954 4470
f 3537 4470 3937
f 3537 4490 3954
f 3538 5841 3780
f 3539 3784 5127
f 3539 5127 6964
f 3539 6638 3784
f 3539 6964 6638
f 3541 3950 4118
f 3541 4923 5374
f 3541 5374 3950
f 3542 4873 3825
f 3543 4283 4717
f 3543 4513 4283
f 3543 4907 6931
f 3543 6931 4513
f 3544 4866 5126
f 3544 5126 6093
f 3544 6093 6961
f 3544 6961 4866
f 3545 3639 6387
f 3545 3960 3639
f 3545 6387 4510
f 3546 4911 3948
f 3547 3656 6963
f 3547 6963 3974
f 3548 4321 5571
f 3548 5571 6941
f 3548 5850 4321
f 3549 4136 6342
f 3549 5379 6929
f 3549 6121 5379
f 3549 6342 6121
f 3549 6929 4136
f 3550 5363 4688
f 3551 3647 6677
f 3551 3818 4275
f 3551 4275 3647
f 3551 6538 7123
f 3551 6677 6538
f 3551 7123 3818
f 3553 4525 5946
f 3553 4931 6815
f 3553 5946 4931
f 3553 6815 4525
f 3554 4343 6546
f 3554 4940 5928
f 3554 5928 4343
f 3554 6546 4940
f 3555 4334 5415
f 3555 4940 6855
f 3555 5415 5928
f 3555 5928 4940
f 3555 6855 4334
f 3556 5689 7087
f 3556 5890 6471
f 3556 6471 5689
f 3556 7087 5890
f 3557 4154 5673
f 3557 5673 6700
f 3557 6200 4154
f 3557 6700 6200
f 3558 4948 5887
f 3558 4954 4948
f 3558 5426 4954
f 3558 5887 6248
f 3558 6248 5426
f 3559 4339 6710
f 3559 4939 4339
f 3559 5624 4939
f 3559 6710 7115
f 3559 7115 5624
f 3561 4188 4782
f 3561 4578 4188
f 3561 4782 5667
f 3561 5667 4578
f 3562 5211 5718
f 3562 6759 5211
f 3563 4201 7042
f 3563 5234 6134
f 3563 6134 7006
f 3563 6431 5234
f 3563 7006 4201
f 3563 7042 6431
f 3564 5012 4020
f 3564 5498 5012
f 3564 7148 5498
f 3565 4178 4386
f 3565 5438 4178
f 3565 7016 5438
f 3566 4358 5210
f 3566 5210 7033
f 3566 5899 4358
f 3566 7033 4371
f 3568 3692 4599
f 3568 3722 6699
f 3568 4599 5670
f 3568 5670 5456
f 3568 6699 3692
f 3569 3881 4991
f 3569 5945 7005
f 3569 6736 5945
f 3569 7005 3881
f 3570 4378 7009
f 3570 5224 7029
f 3570 5730 4378
f 3570 6230 5730
f 3570 7009 5224
f 3570 7029 6230
f 3571 4178 5205
f 3571 6170 5241
f 3571 6723 4178
f 3572 5950 6733
f 3572 6466 4751
f 3572 6733 5692
f 3573 5944 7017
f 3573 7017 5010
f 3574 5723 6157
f 3575 3713 5016
f 3575 3857 5712
f 3575 4786 3713
f 3575 5016 6179
f 3575 5712 4786
f 3576 4779 5451
f 3576 5451 6442
f 3576 5454 4779
f 3577 4747 5214
f 3577 5214 6752
f 3577 6475 4747
f 3577 6752 6475
f 3578 5256 4793
f 3578 5477 5256
f 3579 4754 6184
f 3579 6184 4961
f 3579 6712 4754
f 3580 5224 7009
f 3580 7009 4801
f 3582 5228 5919
f 3582 5919 4558
f 3582 5975 7015
f 3582 6446 5228
f 3582 7015 6446
f 3583 4194 7038
f 3583 5213 5906
f 3583 5906 6136
f 3583 7038 5213
f 3584 3701 6142
f 3584 5929 7157
f 3584 6142 5929
f 3585 3691 5479
f 3585 4181 4801
f 3585 4378 3691
f 3585 4801 4378
f 3585 5479 4181
f 3586 4393 5464
f 3586 7004 4393
f 3587 5448 6149
f 3587 5468 6754
f 3587 6149 5008
f 3587 6754 5448
f 3588 4564 6231
f 3588 7001 4564
f 3589 4774 6407
f 3589 5209 4774
f 3589 5429 5209
f 3589 6407 4190
f 3590 5015 6717
f 3590 5457 6996
f 3590 5480 5015
f 3590 6717 5457
f 3590 6996 5480
f 3591 3699 4981
f 3591 4981 7027
f 3591 5220 3699
f 3591 5729 5220
f 3591 7027 5729
f 3592 3706 5682
f 3593 6195 7032
f 3593 7032 6412
f 3594 4434 6587
f 3594 5546 5779
f 3594 5779 4434
f 3594 5799 6057
f 3594 6057 5546
f 3594 6587 5799
f 3595 5066 6325
f 3595 6325 6617
f 3596 3770 6277
f 3596 4265 5273
f 3596 5273 5768
f 3596 6277 4265
f 3597 4048 6881
f 3597 5516 4048
f 3597 6881 3743
f 3598 4848 6899
f 3599 4236 5782
f 3599 4636 4830
f 3599 4830 4236
f 3600 6284 6336
f 3600 6336 6562
f 3602 4070 6880
f 3602 4855 4243
f 3602 5072 4070
f 3602 6880 4855
f 3605 4054 5066
f 3607 4626 6914
f 3608 5735 6038
f 3608 5787 5735
f 3609 3728 6028
f 3609 3898 4052
f 3609 4052 3728
f 3609 6028 5527
f 3610 4460 5074
f 3610 5074 3731
f 3611 4834 3749
f 3612 5316 4081
f 3613 5543 4826
f 3616 5769 4443
f 3617 3770 6921
f 3617 6277 3770
f 3617 6921 4234
f 3618 4622 6287
f 3618 4825 5084
f 3618 5084 4622
f 3618 6287 4825
f 3619 4265 4623
f 3619 4623 4214
f 3620 4819 5290
f 3620 5290 6055
f 3621 5315 6314
f 3621 6314 4846
f 3622 6886 4647
f 3623 4453 5809
f 3623 4833 5319
f 3623 5525 4453
f 3623 5809 4833
f 3624 4220 6918
f 3624 6918 4222
f 3625 5279 5537
f 3625 5537 4643
f 3626 4425 4612
f 3628 3756 5805
f 3628 5805 5524
f 3629 7150 5292
f 3630 4263 5279
f 3631 3757 6290
f 3631 4639 3757
f 3632 3894 6066
f 3632 3909 4820
f 3632 6066 3909
f 3633 6019 6286
f 3634 5519 7162
f 3634 7162 5507
f 3635 5535 4229
f 3636 3754 4632
f 3636 3765 5088
f 3636 4258 3765
f 3636 4632 6899
f 3636 5088 3754
f 3636 6899 4258
f 3639 3960 5137
f 3639 5137 5609
f 3639 5609 6387
f 3640 3987 4918
f 3640 4918 5113
f 3640 5113 6366
f 3641 6105 5612
f 3642 3814 5821
f 3642 3939 3814
f 3643 3662 4496
f 3643 4321 3662
f 3643 5115 4321
f 3644 3781 3936
f 3644 5373 4689
f 3645 3984 4281
f 3645 4281 4489
f 3645 4489 5329
f 3645 5134 3984
f 3646 4279 4908
f 3647 3969 6677
f 3647 6937 3969
f 3648 5613 5127
f 3648 6081 5613
f 3648 6936 6081
f 3649 3938 6396
f 3649 5141 3938
f 3650 4703 3970
f 3651 5601 6372
f 3651 6372 3978
f 3653 6959 6365
f 3655 6090 5134
f 3656 5353 6963
f 3656 6945 5353
f 3658 4282 5596
f 3658 4287 5118
f 3659 6628 6349
f 3660 3805 6105
f 3662 4321 5850
f 3662 5850 4496
f 3663 6376 3782
f 3664 5589 7169
f 3664 6125 5589
f 3664 7169 6125
f 3666 3964 6394
f 3666 4148 5143
f 3666 4476 4505
f 3666 4505 4148
f 3666 5143 3964
f 3667 4289 6643
f 3667 4467 4289
f 3667 4664 6373
f 3667 6373 4467
f 3668 4298 5610
f 3668 5610 6850
f 3668 6091 3968
f 3668 6850 6091
f 3669 6560 4145
f 3669 6938 6560
f 3672 4701 6261
f 3672 5827 6979
f 3672 6979 4701
f 3673 4309 6668
f 3674 3968 6091
f 3674 6091 6968
f 3674 6968 5856
f 3676 4278 5600
f 3676 4870 4278
f 3676 5326 4870
f 3676 5600 3951
f 3678 4159 5403
f 3678 5403 3993
f 3678 7116 5704
f 3679 4163 6799
f 3679 6491 7078
f 3679 7078 4163
f 3680 6161 4349
f 3680 6553 6161
f 3681 4730 5699
f 3681 5699 6411
f 3681 5887 4730
f 3681 5970 6254
f 3681 6254 5887
f 3681 6411 5970
f 3682 4165 5623
f 3682 5623 5873
f 3682 5873 6770
f 3682 6499 6787
f 3682 6770 6499
f 3682 6787 4165
f 3683 3827 7089
f 3683 5431 7068
f 3683 5633 3827
f 3683 6132 5633
f 3683 7068 6132
f 3683 7089 5431
f 3684 4156 6512
f 3684 4529 6772
f 3684 5981 4529
f 3684 6161 4156
f 3684 6512 5981
f 3684 6772 6161
f 3685 4532 4721
f 3685 4721 4925
f 3685 4925 7102
f 3685 6242 4532
f 3685 7102 6242
f 3686 3994 6477
f 3686 5153 3994
f 3686 5877 7062
f 3686 6135 5877
f 3686 6477 6135
f 3686 7062 5153
f 3687 4527 5997
f 3687 5658 6510
f 3687 5997 5658
f 3687 6510 4527
f 3688 4344 6792
f 3688 5628 4344
f 3688 6470 7111
f 3688 6792 6470
f 3688 7111 5628
f 3689 4732 6750
f 3689 5175 4732
f 3689 6445 6780
f 3689 6750 6445
f 3689 6780 5175
f 3690 6556 6769
f 3690 6769 7090
f 3690 7090 6556
f 3691 4378 5014
f 3692 4785 6444
f 3692 6444 4599
f 3692 6699 4785
f 3693 4783 6211
f 3693 6183 4783
f 3693 6211 6440
f 3694 5923 7020
f 3694 6746 5923
f 3694 7013 6746
f 3694 7020 4982
f 3695 4396 4765
f 3695 6754 4396
f 3696 4377 6537
f 3696 5886 4377
f 3696 6537 7060
f 3696 7060 5886
f 3697 3845 4962
f 3697 4577 5239
f 3697 4962 4577
f 3697 5212 5470
f 3697 5239 5693
f 3697 5470 3845
f 3697 5693 5212
f 3698 5914 6760
f 3698 5915 5914
f 3698 6149 5915
f 3698 6760 4980
f 3699 4200 4981
f 3699 4776 5466
f 3699 5220 4776
f 3699 5466 4200
f 3700 5705 7176
f 3700 7054 4555
f 3700 7176 7054
f 3702 4789 4172
f 3702 6432 4789
f 3702 7024 6432
f 3703 4183 4372
f 3703 4372 7018
f 3703 7018 6460
f 3704 5246 4573
f 3704 5458 7023
f 3705 5230 7008
f 3705 6721 5230
f 3707 3879 4388
f 3707 4388 5958
f 3707 4999 5738
f 3707 5738 3879
f 3707 5958 4999
f 3708 5224 5636
f 3708 5636 5874
f 3708 5874 7176
f 3708 7029 5224
f 3708 7176 7029
f 3709 5436 6180
f 3709 6180 5442
f 3710 4788 5452
f 3710 4794 6422
f 3710 6422 4788
f 3711 3719 5223
f 3711 4969 3719
f 3711 5193 4969
f 3711 5223 6425
f 3712 5687 6704
f 3712 5718 5905
f 3712 5905 6719
f 3712 6704 5718
f 3713 4786 6486
f 3714 3868 5002
f 3714 5002 6168
f 3714 6168 7010
f 3715 6144 4391
f 3715 6403 6144
f 3716 4013 7025
f 3716 7025 4559
f 3717 4399 5897
f 3717 4758 5691
f 3717 5691 4399
f 3717 5897 6405
f 3718 4588 5242
f 3718 4590 5003
f 3718 5003 6441
f 3718 5242 6187
f 3718 6187 4590
f 3718 6441 4588
f 3719 3867 5476
f 3719 4357 5223
f 3719 4969 3867
f 3719 5476 4357
f 3720 6222 7058
f 3720 7058 4010
f 3721 5207 6450
f 3721 5253 5676
f 3721 5676 6462
f 3721 6462 5207
f 3722 5957 6472
f 3722 6472 6699
f 3722 7019 5957
f 3723 4013 4753
f 3723 4753 6731
f 3723 5245 7025
f 3723 7025 4013
f 3724 5209 5429
f 3724 5429 5650
f 3724 5650 6421
f 3724 6421 6697
f 3724 6697 6834
f 3724 6834 5209
f 3725 4992 6212
f 3726 3772 6894
f 3726 4060 3772
f 3726 6061 4060
f 3730 3908 6896
f 3730 6896 7146
f 3730 7146 4418
f 3731 5074 4262
f 3733 6287 4854
f 3733 6851 4864
f 3734 3911 4806
f 3734 4618 3911
f 3734 4806 5036
f 3735 3766 4862
f 3735 4862 5780
f 3735 5283 3766
f 3736 4425 3902
f 3736 5798 4425
f 3736 6873 5798
f 3737 5298 5783
f 3737 6008 5269
f 3738 4228 5781
f 3738 4832 4228
f 3739 4100 4808
f 3739 4617 4100
f 3740 4846 6314
f 3740 6314 6336
f 3740 6336 5284
f 3740 7142 4846
f 3741 4646 4049
f 3742 4840 6571
f 3742 6024 4840
f 3742 6571 6310
f 3743 4443 5769
f 3743 6881 4443
f 3744 4415 6304
f 3744 4607 4415
f 3745 4070 6281
f 3745 6880 4070
f 3746 4093 5513
f 3746 4457 6300
f 3746 6300 4093
f 3748 4439 5086
f 3748 5086 5501
f 3749 4615 5277
f 3749 4834 4615
f 3750 4243 4855
f 3750 5536 4243
f 3751 4262 7196
f 3751 7196 4863
f 3752 3891 6015
f 3752 6015 6033
f 3752 6288 3891
f 3752 6303 6288
f 3754 5509 4632
f 3755 4046 6044
f 3755 5508 6901
f 3755 6044 5508
f 3755 6901 4046
f 3756 5736 5805
f 3756 6543 5736
f 3759 4212 3889
f 3759 4621 4212
f 3759 5053 4621
f 3760 4427 5766
f 3760 4656 3908
f 3760 5766 4094
f 3761 5508 6044
f 3763 5510 6588
f 3763 6060 6878
f 3763 6588 6060
f 3767 4847 4609
f 3767 5794 6285
f 3769 4841 6015
f 3769 6015 6038
f 3769 6038 7203
f 3770 6257 6921
f 3771 3903 4805
f 3771 4426 3903
f 3772 4060 6061
f 3772 4089 6894
f 3772 6061 4259
f 3773 4213 5041
f 3773 5041 6604
f 3773 6286 6019
f 3773 6604 6286
f 3774 4042 4813
f 3774 4813 5303
f 3776 3887 3889
f 3776 3889 6288
f 3776 6288 5759
f 3777 5510 5748
f 3778 5313 3905
f 3778 6002 4055
f 3779 6298 4822
f 3779 6884 6298
f 3780 4328 5341
f 3782 6376 4476
f 3783 4484 5586
f 3783 5586 4121
f 3784 3979 4151
f 3784 4151 4142
f 3784 6638 3979
f 3785 3938 5344
f 3785 4311 3938
f 3785 5344 6635
f 3786 6367 4274
f 3787 3964 6392
f 3787 6394 3964
f 3788 4465 4889
f 3788 4667 4465
f 3789 5835 4306
f 3790 3973 6087
f 3790 4286 3973
f 3790 5824 4286
f 3790 6634 5824
f 3791 4102 5367
f 3791 6967 4102
f 3792 3935 5616
f 3793 4498 4924
f 3793 4696 4498
f 3793 5815 4696
f 3793 6111 5815
f 3794 6077 6990
f 3794 6990 3946
f 3795 3807 6353
f 3795 4288 3807
f 3795 4890 4288
f 3795 5379 4890
f 3795 5830 5379
f 3795 6353 5830
f 3797 4923 5383
f 3797 5374 4923
f 3797 5383 5596
f 3797 5596 5374
f 3799 4519 6681
f 3799 5601 4519
f 3799 6372 5601
f 3800 4119 6656
f 3800 6950 4119
f 3801 4891 5824
f 3801 5824 6634
f 3801 6634 5110
f 3804 4480 4902
f 3805 5348 5115
f 3806 4920 6096
f 3807 4288 4506
f 3807 4506 5593
f 3807 5593 6982
f 3807 6982 6353
f 3808 3941 4681
f 3808 4681 4677
f 3808 5330 6104
f 3808 6104 3941
f 3810 4112 6679
f 3810 4270 4112
f 3810 4469 4270
f 3810 6679 5139
f 3812 6109 4707
f 3814 6070 5821
f 3816 4907 4483
f 3816 6931 4907
f 3817 4104 5354
f 3817 4914 5581
f 3817 5354 4914
f 3817 5581 6939
f 3818 4292 4275
f 3818 4889 4292
f 3818 6102 4889
f 3818 7123 6102
f 3819 4283 4513
f 3819 5583 5846
f 3820 5130 5605
f 3820 6130 5130
f 3821 4714 6666
f 3821 6666 6346
f 3822 4714 6545
f 3822 6666 4714
f 3824 5566 4509
f 3824 5605 5566
f 3825 5603 4109
f 3826 6363 5583
f 3827 4354 4741
f 3827 4741 7089
f 3827 5633 4354
f 3828 4152 5401
f 3828 4930 7147
f 3828 4942 7069
f 3828 5401 4942
f 3828 7069 4930
f 3828 7147 4152
f 3829 4537 6798
f 3829 5423 7071
f 3829 5433 6243
f 3829 6243 5423
f 3829 6798 5433
f 3829 7071 4537
f 3830 4732 5175
f 3830 5175 6795
f 3830 5647 4732
f 3830 6520 5647
f 3830 6795 7109
f 3830 7109 6520
f 3831 5421 6001
f 3831 5880 7079
f 3831 6001 6174
f 3831 6174 5880
f 3831 7079 5421
f 3832 5414 7093
f 3832 6788 7062
f 3832 7062 5414
f 3832 7093 6788
f 3833 4335 6247
f 3833 6158 7061
f 3833 6247 6158
f 3833 7061 5155
f 3834 5184 6239
f 3834 5644 6505
f 3834 6233 5427
f 3834 6239 5644
f 3834 6505 6233
f 3835 4728 5984
f 3835 5984 6490
f 3835 6478 4728
f 3835 6490 7078
f 3835 7078 6784
f 3836 4538 5979
f 3836 4725 4927
f 3836 5694 5965
f 3836 5965 4725
f 3836 5979 5694
f 3837 3999 6162
f 3837 4005 5635
f 3837 5635 3999
f 3837 5882 4005
f 3837 6162 5882
f 3838 4929 7037
f 3838 5431 7089
f 3838 5651 5431
f 3838 6767 5651
f 3838 7037 6767
f 3838 7089 4929
f 3839 4154 6200
f 3839 5397 6249
f 3839 5649 4154
f 3839 6200 6513
f 3839 6249 5649
f 3839 6513 5397
f 3840 4164 4526
f 3840 4526 5176
f 3840 4733 4164
f 3840 5176 4733
f 3841 4942 5401
f 3841 5401 6521
f 3841 5978 4942
f 3841 6239 5978
f 3841 6521 6239
f 3842 5404 6174
f 3842 5492 5404
f 3842 6001 5492
f 3842 6174 6001
f 3843 4004 6225
f 3843 4543 5183
f 3843 5183 5393
f 3843 5393 7105
f 3843 6225 4543
f 3843 7105 4004
f 3844 4339 4540
f 3844 4540 6795
f 3844 5186 4339
f 3844 6795 5985
f 3845 4192 4962
f 3845 5470 4192
f 3846 4584 5444
f 3846 6701 4584
f 3847 4590 7055
f 3847 4756 4965
f 3847 4965 6154
f 3847 5003 4590
f 3847 6154 5003
f 3847 7055 4756
f 3848 5677 4600
f 3849 4009 4984
f 3849 5908 6425
f 3849 6425 4009
f 3850 4988 6716
f 3850 5883 4988
f 3850 6139 5883
f 3851 5994 6410
f 3851 6410 7175
f 3851 7175 5994
f 3852 3876 5698
f 3852 5698 4029
f 3852 6232 3876
f 3853 6541 4017
f 3853 6839 6541
f 3854 6465 5469
f 3855 4584 5682
f 3855 5444 4584
f 3856 5727 4023
f 3856 5892 5936
f 3856 5936 6412
f 3856 6412 7032
f 3856 7032 5727
f 3857 4574 5712
f 3858 4025 6711
f 3858 5208 4997
f 3859 4789 4989
f 3859 6716 4379
f 3860 4012 5188
f 3860 4598 4012
f 3860 4990 4598
f 3860 5188 7012
f 3860 7012 4400
f 3861 5215 4187
f 3861 5697 5942
f 3861 5942 6220
f 3861 6220 5215
f 3862 4972 6709
f 3862 6150 4972
f 3863 4197 7148
f 3863 4778 4197
f 3863 5933 4778
f 3864 4177 6413
f 3864 5481 4177
f 3864 7035 5481
f 3865 4582 5692
f 3865 5463 4798
f 3865 5692 6733
f 3865 6733 5463
f 3866 6189 7028
f 3866 6451 7052
f 3866 7052 6189
f 3867 4787 5972
f 3867 4969 4787
f 3867 5972 5476
f 3868 6993 5002
f 3869 5204 6705
f 3869 5904 5204
f 3869 5942 6449
f 3869 6705 5942
f 3870 6419 4204
f 3871 4575 6429
f 3871 5726 6739
f 3871 6429 5726
f 3871 6739 6438
f 3872 6142 6730
f 3873 4994 7175
f 3873 7175 5019
f 3874 5218 4562
f 3874 5925 7045
f 3874 7045 5253
f 3875 4035 4985
f 3875 4985 6427
f 3875 6427 4550
f 3876 4766 5698
f 3876 4993 5462
f 3876 5462 4766
f 3876 6232 4993
f 3877 4575 5254
f 3877 4589 5001
f 3877 4787 4575
f 3877 5001 5972
f 3877 5254 4589
f 3877 5972 4787
f 3878 4187 5215
f 3879 5017 4388
f 3879 5738 7041
f 3879 7041 5017
f 3880 4036 4565
f 3880 4565 6436
f 3880 5252 6188
f 3880 6188 4036
f 3880 6436 5252
f 3881 4601 4991
f 3881 7005 5952
f 3882 5018 4593
f 3882 5967 5018
f 3883 5874 7054
f 3883 6724 5874
f 3883 7054 7176
f 3883 7176 6724
f 3884 6552 4804
f 3885 5086 5266
f 3885 5266 6832
f 3885 5501 5086
f 3885 6832 5501
f 3886 4431 6843
f 3886 6313 4431
f 3886 6843 6897
f 3887 5548 3889
f 3888 4644 5049
f 3888 6309 4644
f 3889 4043 6288
f 3889 4212 4043
f 3890 4249 4856
f 3890 4624 6592
f 3891 4043 4446
f 3891 6288 4043
f 3892 4443 6881
f 3892 4636 6293
f 3892 4830 4636
f 3892 6293 6910
f 3892 6910 4443
f 3893 5753 6919
f 3893 6282 4651
f 3894 4076 5054
f 3894 5054 6066
f 3894 6040 4076
f 3895 6592 4058
f 3896 4431 6313
f 3897 5043 4044
f 3898 5744 4052
f 3899 4608 4809
f 3900 5286 6550
f 3900 5503 5286
f 3903 4426 4606
f 3903 4606 4805
f 3906 4267 5795
f 3906 6904 4267
f 3907 6033 6015
f 3907 6275 4818
f 3908 4656 6896
f 3911 6064 4806
f 3912 4052 4454
f 3913 3918 6065
f 3913 5285 3918
f 3914 4051 4424
f 3914 6305 4051
f 3914 6915 6305
f 3915 6827 7134
f 3916 5065 6050
f 3917 5315 6918
f 3917 6278 6562
f 3917 6314 5315
f 3917 6562 6314
f 3917 6918 6278
f 3918 4833 6065
f 3918 5285 5535
f 3918 5319 4833
f 3919 5303 6284
f 3919 6029 5303
f 3920 4077 6906
f 3920 4228 4077
f 3920 5553 4076
f 3920 6583 5553
f 3920 6906 6583
f 3921 5527 6028
f 3922 4264 5296
f 3924 4814 5525
f 3925 4835 6300
f 3926 4439 5274
f 3926 5046 5086
f 3926 5086 4439
f 3926 5274 4219
f 3927 4843 4650
f 3928 4626 6622
f 3928 6914 4626
f 3929 4656 5081
f 3930 6058 6563
f 3932 4215 6051
f 3935 4891 5124
f 3935 5124 5616
f 3935 5823 4891
f 3938 4311 5145
f 3938 5141 5344
f 3938 5145 6396
f 3940 5617 4911
f 3940 6107 5617
f 3942 4501 6859
f 3942 6859 5864
f 3943 4875 5737
f 3943 5737 4112
f 3943 6391 4875
f 3944 4469 4666
f 3944 4666 5855
f 3944 5855 6648
f 3945 4142 6643
f 3946 4680 3986
f 3946 6990 4680
f 3947 4119 6086
f 3947 5367 5833
f 3947 5833 6949
f 3947 6086 5367
f 3947 6949 4119
f 3948 4911 5860
f 3949 4670 4883
f 3949 4883 4517
f 3950 5374 4282
f 3952 5375 5365
f 3953 4871 6680
f 3953 6077 6341
f 3953 6341 4871
f 3954 4490 4671
f 3955 4322 6663
f 3955 5372 6978
f 3955 6663 5372
f 3958 5856 6968
f 3958 6968 4892
f 3960 4312 6078
f 3961 6956 4487
f 3963 4135 6129
f 3963 6129 4115
f 3964 4692 6392
f 3964 5143 4692
f 3966 4104 5095
f 3966 5138 5338
f 3966 5354 4104
f 3967 6683 5118
f 3969 6820 6677
f 3970 4703 5148
f 3970 5148 6646
f 3970 6646 4483
f 3971 4904 5096
f 3971 5096 6947
f 3971 5138 4904
f 3972 4280 4720
f 3972 4310 4280
f 3972 5098 5352
f 3972 5352 4310
f 3973 5844 6087
f 3974 6963 4126
f 3975 4695 6945
f 3975 6842 7122
f 3975 6945 6842
f 3976 4705 6971
f 3976 5580 4492
f 3977 5106 6979
f 3980 6110 6685
f 3980 6685 5341
f 3983 4302 5562
f 3985 4297 4122
f 3985 4494 5581
f 3985 5581 4297
f 3986 4680 4698
f 3987 5606 4918
f 3987 5869 5606
f 3988 5891 6206
f 3988 6500 5891
f 3989 5632 5968
f 3989 5968 7098
f 3989 5979 6781
f 3989 6503 5979
f 3989 6781 5632
f 3989 7098 6503
f 3990 6401 6471
f 3991 4001 5182
f 3991 5182 7064
f 3991 7064 7086
f 3991 7075 4001
f 3991 7086 7075
f 3992 4003 7080
f 3992 4348 6497
f 3992 6497 6763
f 3992 7080 4348
f 3993 5403 6854
f 3993 6854 6561
f 3994 5153 6147
f 3994 5912 6477
f 3994 6147 5912
f 3995 4938 6513
f 3995 5951 6241
f 3995 6200 5951
f 3995 6241 4938
f 3995 6513 6200
f 3996 5183 7039
f 3996 5393 5183
f 3996 7039 4538
f 3997 5666 5708
f 3997 5708 4958
f 3997 5960 5666
f 3998 4336 5417
f 3998 4545 7082
f 3998 5417 4545
f 3998 7082 4336
f 3999 5635 6216
f 3999 5659 5983
f 3999 5983 6162
f 3999 6216 5659
f 4000 4952 6809
f 4000 5412 4952
f 4000 6254 5412
f 4000 6809 6254
f 4001 4344 5182
f 4001 5894 6792
f 4001 6792 4344
f 4001 7075 5894
f 4002 4932 7107
f 4002 6489 6708
f 4002 6708 4932
f 4002 6805 6489
f 4002 7107 6805
f 4003 6492 7080
f 4004 6516 6782
f 4004 6782 6225
f 4004 7105 6516
f 4005 5156 7079
f 4005 5882 5156
f 4005 6814 5635
f 4005 7079 6814
f 4006 6197 6499
f 4006 6411 6197
f 4007 5891 6500
f 4007 7065 5891
f 4008 4336 6525
f 4008 5181 5417
f 4008 5417 4336
f 4008 5880 5181
f 4008 6525 6814
f 4008 6814 5880
f 4009 5961 6452
f 4009 6425 5961
f 4009 6452 4984
f 4010 5892 4023
f 4010 7058 5892
f 4011 5952 6226
f 4011 6226 6402
f 4011 7023 5952
f 4012 4598 5017
f 4012 5017 7178
f 4012 7178 5188
f 4013 6727 4753
f 4014 6164 6430
f 4014 6167 4199
f 4014 6430 6167
f 4015 6742 6224
f 4016 5241 6170
f 4017 6166 4799
f 4017 6541 6166
f 4018 5012 4171
f 4018 5484 6749
f 4018 6749 5012
f 4020 5012 6749
f 4020 5470 5933
f 4021 4569 7020
f 4021 4585 6756
f 4021 4748 4585
f 4021 6756 7022
f 4021 7020 4748
f 4021 7022 4569
f 4022 4382 6270
f 4022 6437 4382
f 4023 5727 4564
f 4024 4204 6419
f 4024 6419 6695
f 4024 6695 6474
f 4025 4600 7021
f 4025 5707 6711
f 4025 7021 5707
f 4026 5487 5715
f 4026 5701 5487
f 4026 5715 4384
f 4028 4964 6995
f 4028 6728 4964
f 4028 6995 6164
f 4031 4177 5700
f 4031 4186 6413
f 4031 4207 4992
f 4031 4992 4186
f 4031 5700 4207
f 4031 6413 4177
f 4032 4361 4381
f 4032 4381 5977
f 4032 5977 5475
f 4034 5237 6486
f 4035 4171 7175
f 4035 5199 4985
f 4036 6188 6408
f 4036 6408 4565
f 4037 4557 5711
f 4037 5711 6408
f 4037 6188 7055
f 4037 6408 6188
f 4037 7055 4557
f 4038 5654 4768
f 4038 6416 6757
f 4038 6757 5654
f 4039 4196 5232
f 4039 5202 6154
f 4039 5232 5202
f 4039 6154 6737
f 4039 6222 4196
f 4039 6737 7058
f 4039 7058 6222
f 4040 4394 5889
f 4040 4776 6762
f 4040 5466 4776
f 4040 5889 5466
f 4040 7035 4394
f 4041 5998 6469
f 4041 6469 6848
f 4041 6848 5998
f 4042 6270 6826
f 4042 6826 4813
f 4043 4212 4446
f 4045 4462 5322
f 4046 4647 6886
f 4046 6886 6044
f 4049 4646 7201
f 4049 7201 4614
f 4050 6596 6306
f 4051 4057 4413
f 4051 4413 4637
f 4051 6305 4057
f 4052 5744 4454
f 4053 4267 6904
f 4053 5045 5529
f 4053 6904 5045
f 4054 6325 5066
f 4055 6002 5792
f 4056 7184 4437
f 4057 4264 4413
f 4057 5296 4264
f 4057 6305 5296
f 4058 4256 6923
f 4058 6592 4256
f 4061 4828 6329
f 4061 4859 4255
f 4061 6329 4859
f 4062 4619 6329
f 4062 5734 4619
f 4062 5993 5734
f 4064 4235 6320
f 4065 4620 5053
f 4065 5053 6063
f 4066 5287 4829
f 4066 5308 6050
f 4066 6050 5287
f 4067 4218 6043
f 4067 5530 4218
f 4067 6043 5092
f 4068 4253 4410
f 4069 4616 6894
f 4071 5532 4816
f 4072 4603 6896
f 4072 6032 4603
f 4074 5062 4254
f 4077 4228 4832
f 4077 4832 5263
f 4078 4230 6301
f 4078 4441 4230
f 4079 4263 5059
f 4079 5279 4263
f 4080 4220 4854
f 4080 4622 6045
f 4080 4854 6287
f 4080 6045 5522
f 4080 6287 4622
f 4082 4624 6605
f 4084 4406 5071
f 4084 5071 4213
f 4087 4420 5306
f 4088 6843 7157
f 4088 6897 6843
f 4093 4812 5513
f 4093 6300 6317
f 4095 5069 5267
f 4095 5267 4660
f 4096 5752 4814
f 4097 6566 4221
f 4098 5507 4257
f 4100 4617 6608
f 4100 5055 4808
f 4101 4316 5861
f 4101 4504 6545
f 4101 5861 4504
f 4101 6545 4714
f 4102 5833 5367
f 4102 6967 5833
f 4105 4465 4667
f 4105 6946 4465
f 4108 7135 4712
f 4110 5146 5358
f 4110 5358 6937
f 4111 5813 4712
f 4111 6068 5813
f 4112 5737 6679
f 4116 4896 5829
f 4117 6941 4471
f 4117 6972 5862
f 4119 6950 6086
f 4120 6004 4315
f 4120 6529 6004
f 4122 4297 4302
f 4125 4479 6683
f 4125 4682 4486
f 4127 4310 5352
f 4127 5133 4310
f 4127 5352 6359
f 4131 6076 5568
f 4131 6847 6076
f 4132 4885 6124
f 4132 6124 4147
f 4135 6986 6129
f 4136 6929 6628
f 4138 5592 4497
f 4139 4692 4710
f 4139 5745 6385
f 4139 6385 6392
f 4139 6392 4692
f 4140 7152 5582
f 4142 4151 6643
f 4143 5821 4715
f 4146 6982 4467
f 4148 6935 5143
f 4150 5832 5340
f 4151 4477 6643
f 4152 4944 5401
f 4152 6833 4944
f 4152 7147 6833
f 4153 4951 6182
f 4153 5652 6243
f 4153 5980 4951
f 4153 6182 5652
f 4153 6243 5980
f 4154 5649 6155
f 4154 6155 5673
f 4155 5423 6243
f 4155 5669 5423
f 4156 4527 6510
f 4156 5170 5997
f 4156 5997 4527
f 4156 6161 5170
f 4156 6510 6512
f 4157 4539 6215
f 4157 5884 6501
f 4157 6501 4539
f 4158 5397 5165
f 4158 6249 5397
f 4159 6143 5403
f 4159 6789 6811
f 4159 6811 6143
f 4160 4523 5959
f 4160 5959 6420
f 4160 6420 6490
f 4160 6490 4523
f 4161 5167 6502
f 4161 6498 5167
f 4161 6508 7076
f 4161 7076 6498
f 4162 5405 6779
f 4162 6233 7063
f 4162 6779 7046
f 4162 7046 6233
f 4162 7063 5405
f 4163 6210 6799
f 4163 6420 6210
f 4163 7078 6420
f 4164 4733 5661
f 4164 5661 5895
f 4164 5895 6778
f 4164 6778 4526
f 4166 4340 4523
f 4166 4523 6251
f 4166 5408 6256
f 4166 5926 5408
f 4166 6251 5926
f 4166 6256 4340
f 4167 4724 5893
f 4167 5699 4724
f 4167 5893 6787
f 4167 6197 5699
f 4167 6787 6197
f 4168 7052 6451
f 4169 4774 5209
f 4169 5209 6834
f 4169 5733 6171
f 4169 6171 4774
f 4169 6834 5733
f 4170 4976 5917
f 4170 5200 4976
f 4170 6176 5200
f 4171 5012 7175
f 4173 5216 7051
f 4173 5976 5216
f 4173 7051 6428
f 4174 7000 4357
f 4175 4389 5909
f 4175 4987 5707
f 4175 5707 4389
f 4175 5909 4987
f 4176 4549 4749
f 4176 4749 5236
f 4176 5236 6003
f 4177 5481 7047
f 4177 7047 5700
f 4178 5438 5205
f 4178 6723 4386
f 4180 4591 5701
f 4180 4751 6466
f 4180 6466 4591
f 4181 5479 6172
f 4182 4991 5732
f 4182 5732 6464
f 4182 6464 6544
f 4183 4777 6435
f 4185 4977 6160
f 4185 6160 7014
f 4185 7026 4977
f 4186 4992 5240
f 4186 5240 5455
f 4186 5455 6413
f 4188 4365 7034
f 4188 6163 4782
f 4188 7034 6163
f 4189 4358 7011
f 4189 5957 7019
f 4189 7019 4358
f 4190 4362 5235
f 4191 5193 6693
f 4191 5726 5193
f 4191 6693 4395
f 4191 6739 5726
f 4192 6217 6713
f 4193 7023 5458
f 4195 7025 5245
f 4196 4359 5232
f 4196 5974 4359
f 4196 6222 5974
f 4197 4592 6263
f 4197 4778 4592
f 4197 6263 7148
f 4198 4553 6753
f 4198 6166 6541
f 4198 6541 4553
f 4198 6753 6166
f 4199 5441 6728
f 4199 6167 6169
f 4199 6169 5441
f 4200 4391 4981
f 4201 7006 6139
f 4202 5478 7005
f 4202 5680 5478
f 4202 5945 6998
f 4202 6998 5680
f 4202 7005 5945
f 4203 4561 5723
f 4203 5014 5730
f 4203 5730 6230
f 4205 4576 5678
f 4205 4753 6727
f 4205 5678 6455
f 4206 4208 6991
f 4206 5424 5646
f 4206 5646 4208
f 4207 5700 6212
f 4207 6212 4992
f 4208 5249 6991
f 4208 5472 5249
f 4208 5646 7042
f 4208 7042 5472
f 4209 4387 6691
f 4209 4759 4387
f 4209 5249 6432
f 4209 6432 4759
f 4209 6691 6991
f 4209 6991 5249
f 4210 5747 6841
f 4210 6841 6667
f 4211 4685 5992
f 4211 5022 6362
f 4211 5992 5022
f 4212 4621 6907
f 4212 6907 4446
f 4215 6604 6051
f 4216 5276 7158
f 4216 6586 4810
f 4216 7158 6586
f 4221 6566 4657
f 4222 6918 5315
f 4223 4829 6020
f 4223 4843 5557
f 4223 5033 4843
f 4223 6020 5033
f 4224 4817 4821
f 4225 6563 6295
f 4226 6550 5286
f 4227 4447 5034
f 4227 5034 6566
f 4235 6326 5057
f 4238 5071 4406
f 4238 6030 5071
f 4239 4640 6870
f 4239 6870 6049
f 4241 4408 4606
f 4241 4606 6564
f 4245 4428 4649
f 4245 4648 4428
f 4245 5278 4648
f 4245 6044 5551
f 4247 6036 4460
f 4254 5062 4444
f 4255 4859 4450
f 4256 4429 6923
f 4258 4848 5091
f 4258 6899 4848
f 4259 4840 6024
f 4259 6024 6302
f 4260 5285 5757
f 4260 5535 5285
f 4260 5757 6602
f 4262 4655 7196
f 4262 5074 4655
f 4263 6064 5059
f 4266 4836 5760
f 4266 5554 5804
f 4266 5760 6047
f 4266 5804 4836
f 4267 4659 5795
f 4269 5523 5056
f 4272 6939 6095
f 4273 5611 5847
f 4277 4464 4674
f 4278 4663 4468
f 4278 4870 4663
f 4279 6969 6933
f 4280 4310 6076
f 4280 6076 6687
f 4280 6687 4720
f 4282 5374 5596
f 4284 5621 5116
f 4285 4481 6688
f 4285 6367 6644
f 4287 5121 5118
f 4289 4467 6982
f 4289 5593 4506
f 4289 6982 5593
f 4291 6385 5745
f 4292 4465 6946
f 4292 4889 4465
f 4293 5103 5563
f 4293 5811 7127
f 4297 4914 4302
f 4297 5581 4914
f 4298 4720 6687
f 4298 6388 5610
f 4298 6687 6388
f 4300 4693 6658
f 4300 6647 4693
f 4300 6658 6380
f 4301 5587 5493
f 4301 5992 5834
f 4302 4914 5354
f 4302 5354 5562
f 4304 4516 6678
f 4304 5854 4516
f 4304 6678 7156
f 4304 7156 5854
f 4305 6933 6969
f 4306 5835 4312
f 4307 4471 6941
f 4307 5117 4471
f 4307 5324 5117
f 4307 5571 5324
f 4307 6941 5571
f 4308 6836 6678
f 4308 7127 6836
f 4309 6373 4664
f 4310 5568 6076
f 4313 6262 6943
f 4313 6943 6396
f 4314 4671 6653
f 4315 6004 7126
f 4317 5140 6350
f 4320 6129 6986
f 4321 5115 5324
f 4321 5324 5571
f 4324 5128 5829
f 4326 5117 5815
f 4326 5815 6111
f 4329 4472 5129
f 4330 4913 6107
f 4330 6096 6382
f 4330 6382 4913
f 4331 5862 6972
f 4331 6396 6943
f 4331 6943 5862
f 4331 6972 6396
f 4332 7107 4541
f 4333 4522 5190
f 4333 5190 6208
f 4333 6208 7097
f 4333 7097 4522
f 4334 5662 5415
f 4334 6855 7094
f 4334 7083 5662
f 4334 7094 7083
f 4335 5656 5885
f 4335 5695 6247
f 4335 5885 5695
f 4336 7082 6525
f 4337 4535 7039
f 4337 5166 5884
f 4337 5884 6228
f 4337 6228 4535
f 4337 6802 5166
f 4337 7039 6802
f 4338 5172 6507
f 4338 6507 6478
f 4339 4939 4540
f 4339 5186 6458
f 4339 6458 6710
f 4340 4949 5959
f 4340 5959 4523
f 4340 6256 4949
f 4341 4723 6522
f 4341 5912 6147
f 4341 6147 4723
f 4341 6522 6755
f 4341 6755 5912
f 4342 4944 5669
f 4342 5669 7101
f 4342 6521 4944
f 4342 7101 6521
f 4343 4935 5492
f 4343 5492 6546
f 4343 5928 4935
f 4344 5628 5182
f 4345 4948 4954
f 4345 4954 7085
f 4345 5435 4948
f 4345 6237 5435
f 4345 7085 6237
f 4346 6253 7070
f 4346 6860 6253
f 4347 6213 7066
f 4347 7066 5161
f 4348 5653 6497
f 4348 7080 6401
f 4349 6161 6772
f 4350 5402 6732
f 4350 5437 5402
f 4350 6250 5437
f 4350 6732 6797
f 4350 6797 6250
f 4351 5898 6158
f 4351 6140 5898
f 4351 6158 6247
f 4351 6247 6140
f 4352 5159 6776
f 4352 5399 6797
f 4352 6732 5159
f 4352 6776 5399
f 4352 6797 6732
f 4353 4525 6815
f 4353 6146 4525
f 4353 6815 7083
f 4353 7083 7094
f 4353 7094 6146
f 4354 5633 5947
f 4354 5661 4741
f 4354 5947 6765
f 4354 6765 5661
f 4355 4723 4926
f 4355 4926 7062
f 4355 5385 6522
f 4355 6522 4723
f 4355 6788 5385
f 4355 7062 6788
f 4356 4592 4778
f 4356 4778 5933
f 4356 5933 5924
f 4356 6456 4592
f 4358 5899 7011
f 4358 7019 5210
f 4360 6449 6751
f 4360 6751 6702
f 4361 5482 6756
f 4361 6745 4381
f 4363 6428 7059
f 4365 6402 7034
f 4366 5211 6759
f 4367 5211 5459
f 4367 6165 6748
f 4367 6748 5211
f 4368 4768 6474
f 4368 6474 5222
f 4369 7173 6696
f 4370 4760 4966
f 4370 5685 4760
f 4371 7033 6457
f 4372 4752 5451
f 4372 4779 7018
f 4372 5451 4779
f 4373 5231 5940
f 4373 6003 5231
f 4374 5731 6444
f 4375 4747 5418
f 4375 5418 5939
f 4375 5939 6175
f 4375 6175 4747
f 4376 4558 5919
f 4376 5919 6483
f 4376 5964 6744
f 4376 6434 4558
f 4376 6483 5964
f 4377 5226 6701
f 4377 6454 5226
f 4378 4801 7009
f 4378 5730 5014
f 4379 6716 5907
f 4380 5488 6758
f 4380 6758 4597
f 4381 4587 5977
f 4381 6745 6997
f 4381 6997 4587
f 4382 6437 6270
f 4383 5710 4973
f 4383 6201 5460
f 4384 5715 7158
f 4384 7158 5950
f 4385 4974 6156
f 4385 5007 4552
f 4385 6156 5007
f 4386 4771 5665
f 4386 5445 4771
f 4386 6723 5445
f 4387 4570 6691
f 4387 4580 6452
f 4387 4759 4580
f 4387 5474 4570
f 4387 6452 5474
f 4388 4598 5664
f 4388 5017 4598
f 4388 5664 5958
f 4389 5242 4588
f 4389 5707 7021
f 4389 7021 5242
f 4390 5237 7044
f 4390 7044 5722
f 4391 4392 4981
f 4391 6144 4392
f 4392 5920 7027
f 4392 7027 4981
f 4393 5680 6998
f 4393 6998 5464
f 4393 7004 5706
f 4394 5725 5889
f 4394 7035 6426
f 4395 5670 4599
f 4395 6417 5670
f 4395 6693 6417
f 4396 6754 5468
f 4397 5466 5889
f 4397 5889 5725
f 4398 6709 6992
f 4398 6992 4979
f 4399 5691 6433
f 4399 6433 5937
f 4400 5913 5710
f 4400 7012 5913
f 4401 4749 4549
f 4402 6219 6762
f 4402 6762 5916
f 4403 4461 4822
f 4403 4822 6298
f 4403 5024 4452
f 4403 6004 5024
f 4403 6298 6842
f 4403 6842 6004
f 4404 5499 6005
f 4404 6005 6850
f 4404 6850 7145
f 4404 7084 5499
f 4404 7145 7084
f 4408 4805 4606
f 4413 6607 4637
f 4415 4607 5505
f 4415 4615 4834
f 4415 4834 6304
f 4415 5505 4615
f 4417 5277 5505
f 4418 4809 4608
f 4418 7146 4809
f 4420 4611 5067
f 4420 5067 6605
f 4420 6605 5306
f 4421 4831 4652
f 4422 5529 5045
f 4423 4614 7201
f 4423 6319 5788
f 4423 7201 6319
f 4428 4648 6049
f 4428 6049 6870
f 4428 6870 5533
f 4429 4456 6923
f 4430 4634 7198
f 4432 6059 5050
f 4433 6837 6861
f 4434 6319 6587
f 4436 5553 6583
f 4437 7184 6865
f 4443 6910 5089
f 4444 5062 6297
f 4444 6297 6326
f 4445 5746 4613
f 4445 6848 5746
f 4448 5795 4659
f 4449 6889 5306
f 4450 4630 5291
f 4451 5284 6336
f 4452 5024 6337
f 4452 6337 5776
f 4453 4609 5809
f 4453 5090 5529
f 4453 5525 5090
f 4454 5744 6846
f 4454 6846 6323
f 4455 5765 6333
f 4455 6333 6565
f 4455 6875 5765
f 4458 4660 6883
f 4459 5089 6839
f 4459 5269 5089
f 4459 6839 5040
f 4460 6036 5074
f 4461 5776 4811
f 4462 5036 4627
f 4464 4665 4674
f 4472 6927 5591
f 4473 5127 5613
f 4473 5613 6942
f 4473 6964 5127
f 4474 5112 5825
f 4474 7170 5112
f 4475 6963 5353
f 4476 6376 4505
f 4480 6831 4902
f 4481 4902 6560
f 4481 6560 5839
f 4482 5328 4494
f 4487 6689 6655
f 4487 6956 6689
f 4488 6072 6363
f 4488 6363 5136
f 4493 5094 5594
f 4494 5328 6095
f 4495 6944 4921
f 4498 5348 6642
f 4499 6637 5817
f 4499 6828 6637
f 4499 7141 6828
f 4501 5149 6859
f 4502 6973 6118
f 4504 5356 6545
f 4504 5861 5356
f 4510 4668 5833
f 4510 5833 6967
f 4510 6387 4668
f 4511 5131 5337
f 4511 5337 6077
f 4511 6130 5131
f 4512 6113 5347
f 4515 5325 4709
f 4516 4886 5103
f 4516 5103 6678
f 4518 4866 6398
f 4518 5126 4866
f 4518 5986 5126
f 4518 6398 5986
f 4520 5838 7153
f 4521 4668 6387
f 4521 6949 4668
f 4522 5494 7166
f 4522 7166 5190
f 4523 5984 6251
f 4523 6490 5984
f 4524 5932 6813
f 4524 6178 6518
f 4524 6221 5932
f 4524 6518 6221
f 4524 6813 6178
f 4525 5392 5946
f 4525 6146 5392
f 4526 6496 5176
f 4526 6778 6496
f 4528 5425 6860
f 4528 6208 6504
f 4528 6504 5425
f 4528 6860 6208
f 4529 5981 6774
f 4529 6774 7065
f 4529 7065 6772
f 4530 6213 6816
f 4530 6791 6213
f 4530 6816 7056
f 4530 7056 6791
f 4531 4951 5980
f 4531 5656 5411
f 4531 5980 5656
f 4532 5946 7077
f 4532 6242 5946
f 4532 7077 4721
f 4533 5630 6508
f 4533 7114 5630
f 4534 5261 6841
f 4534 5888 5261
f 4534 6841 5888
f 4535 5386 6781
f 4535 6228 5386
f 4535 6781 7039
f 4536 5195 6698
f 4536 5409 5195
f 4536 5702 5409
f 4536 6245 5702
f 4536 6447 6245
f 4536 6698 6447
f 4537 5194 5643
f 4537 5643 6798
f 4538 7039 5979
f 4539 5627 6215
f 4539 6501 6542
f 4539 6542 5627
f 4540 4939 6795
f 4541 4932 4960
f 4541 4960 6236
f 4541 7107 4932
f 4543 5643 5183
f 4543 6225 7091
f 4543 7091 5643
f 4544 4941 7056
f 4544 5651 6767
f 4544 6767 4941
f 4544 7056 5651
f 4545 4931 6242
f 4545 5415 5662
f 4545 5417 6804
f 4545 5662 6815
f 4545 6242 7082
f 4545 6804 5415
f 4545 6815 4931
f 4546 5435 6237
f 4546 5966 6806
f 4546 6237 5966
f 4546 6790 5435
f 4546 6806 6790
f 4547 5179 5645
f 4547 5635 6814
f 4547 5645 6216
f 4547 6216 5635
f 4547 6525 5179
f 4547 6814 6525
f 4550 6427 5443
f 4551 5229 6994
f 4551 6442 5229
f 4551 6994 6694
f 4553 6159 6753
f 4553 6541 6159
f 4554 5416 6740
f 4554 6999 5416
f 4556 5456 5670
f 4556 5670 6417
f 4556 6475 5456
f 4557 4590 6187
f 4557 7055 4590
f 4560 4776 5220
f 4560 5220 6169
f 4560 5916 6762
f 4560 6167 5916
f 4560 6169 6167
f 4560 6762 4776
f 4561 5005 7155
f 4561 7155 5723
f 4562 5218 7155
f 4562 7155 6848
f 4563 5490 6437
f 4564 5727 6231
f 4564 7001 6465
f 4565 6439 6436
f 4567 4971 5724
f 4567 5450 4971
f 4567 6734 5450
f 4568 7014 5255
f 4569 4982 7020
f 4569 5203 4982
f 4569 6726 5203
f 4569 7022 6726
f 4570 4797 6199
f 4570 5474 4797
f 4570 6199 6725
f 4571 4782 6163
f 4571 5244 4782
f 4572 5679 6476
f 4572 6695 6153
f 4573 5246 7002
f 4573 7002 7168
f 4573 7168 5259
f 4574 5225 6702
f 4574 6702 6751
f 4574 6751 5712
f 4575 4787 6429
f 4577 4586 5239
f 4577 4750 6145
f 4577 4962 4750
f 4577 6145 4586
f 4578 5227 5728
f 4578 5667 5227
f 4579 4795 6186
f 4579 5225 4795
f 4579 5904 6702
f 4579 6702 5225
f 4580 4759 5683
f 4580 4984 6452
f 4580 5486 6718
f 4580 5683 5486
f 4580 6718 4984
f 4581 4790 4968
f 4581 4968 6186
f 4581 6152 4790
f 4582 5238 5692
f 4583 4793 7050
f 4584 5226 5006
f 4584 6701 5226
f 4586 6145 7177
f 4586 7177 6707
f 4587 5221 7015
f 4588 6441 5013
f 4589 5254 6403
f 4589 6403 5717
f 4591 4792 4967
f 4591 4967 6747
f 4591 6747 5701
f 4593 5018 7057
f 4593 5206 7013
f 4593 7057 5206
f 4594 6211 6992
f 4594 6992 5488
f 4595 5002 6476
f 4595 6168 5002
f 4595 6476 5440
f 4597 4972 7028
f 4597 6758 4972
f 4597 7028 6189
f 4599 6444 5731
f 4600 5242 7021
f 4600 5677 5242
f 4601 5732 4991
f 4602 4988 5883
f 4603 5493 6273
f 4603 5992 5493
f 4603 6032 5992
f 4603 6273 7146
f 4603 7146 6896
f 4604 5996 7150
f 4604 6273 5996
f 4604 6832 6273
f 4605 6269 5025
f 4605 6822 6269
f 4609 4847 5809
f 4615 5505 5277
f 4620 6867 6540
f 4621 4807 6907
f 4622 5084 6045
f 4625 4629 6837
f 4625 5772 4629
f 4625 6837 6279
f 4629 5772 7193
f 4629 6849 6837
f 4631 6333 6035
f 4631 6565 6333
f 4633 7134 5495
f 4634 6007 7198
f 4635 5789 5076
f 4642 5280 6047
f 4642 5788 6319
f 4642 6319 5280
f 4644 6610 5049
f 4646 5799 7201
f 4646 6057 5799
f 4649 5533 6312
f 4652 4831 6602
f 4652 5757 6311
f 4652 6311 6922
f 4652 6602 5757
f 4655 5074 6036
f 4657 6566 5034
f 4661 6026 6067
f 4663 4870 7169
f 4665 5796 5575
f 4668 6949 5833
f 4669 5582 7152
f 4669 7152 5565
f 4675 5377 5151
f 4676 5080 4865
f 4676 6636 5080
f 4678 6953 5836
f 4679 5989 7137
f 4680 6990 5852
f 4684 5105 6084
f 4684 6084 6670
f 4684 6352 5105
f 4689 5373 6069
f 4691 6936 6092
f 4692 5143 5334
f 4692 5334 4710
f 4693 4916 6658
f 4696 5117 5324
f 4696 5815 5117
f 4700 6118 6973
f 4704 5366 6857
f 4708 6928 4905
f 4709 5135 6970
f 4709 5325 5135
f 4709 6970 6951
f 4715 4908 5834
f 4715 5821 6070
f 4715 6070 4908
f 4716 6688 5831
f 4719 6381 6631
f 4719 6631 6389
f 4721 5666 4925
f 4721 7077 5666
f 4722 5399 5631
f 4723 5153 4926
f 4723 6147 5153
f 4724 4730 4948
f 4724 4948 5435
f 4724 5435 6790
f 4724 5699 4730
f 4724 6790 5893
f 4725 4742 4927
f 4725 5177 5391
f 4725 5391 4742
f 4725 5965 5177
f 4726 5181 5404
f 4726 5404 5626
f 4726 5417 5181
f 4726 5626 6804
f 4726 6804 5417
f 4727 5160 5174
f 4727 5174 7037
f 4727 5655 5160
f 4727 6468 5655
f 4727 7037 6468
f 4728 6478 6700
f 4728 6700 7088
f 4728 7088 5984
f 4729 5943 7117
f 4729 5973 7073
f 4729 7073 5943
f 4729 7117 5973
f 4730 5887 4948
f 4731 5887 6254
f 4731 6248 5887
f 4731 6254 6809
f 4731 6809 7069
f 4731 7069 6248
f 4732 5647 6489
f 4732 6489 6750
f 4733 5176 7061
f 4733 6158 5661
f 4733 7061 6158
f 4734 4745 6777
f 4734 6253 6504
f 4734 6415 7070
f 4734 6504 4745
f 4734 6777 6415
f 4734 7070 6253
f 4735 5437 6250
f 4735 6250 7096
f 4735 6498 5437
f 4735 6785 6498
f 4735 7096 6785
f 4736 4953 5169
f 4736 5169 7056
f 4736 5434 4953
f 4736 6177 5434
f 4736 6816 6177
f 4736 7056 6816
f 4737 4955 6764
f 4737 5645 4955
f 4737 6479 6514
f 4737 6514 5645
f 4737 6764 6479
f 4738 6238 6488
f 4738 6488 5390
f 4739 5668 6735
f 4739 6735 6789
f 4739 6789 5704
f 4740 4956 7104
f 4740 5499 7084
f 4740 6255 4956
f 4740 7084 7145
f 4740 7104 5499
f 4740 7145 6255
f 4741 5162 7089
f 4741 5661 5898
f 4741 5898 5162
f 4742 5391 7105
f 4742 7105 4927
f 4743 5168 7103
f 4743 5657 6493
f 4743 6453 5657
f 4743 6493 5168
f 4743 7103 5178
f 4744 5639 6155
f 4744 5876 6811
f 4744 6155 5876
f 4744 6811 5639
f 4745 6504 7166
f 4745 7166 6777
f 4747 6175 5214
f 4747 6475 5418
f 4748 7020 5923
f 4750 5998 6145
f 4752 5922 5451
f 4754 6712 5471
f 4756 6223 4965
f 4756 7055 6223
f 4758 5684 5691
f 4759 6432 5683
f 4762 5701 6747
f 4762 6450 5207
f 4762 6747 6450
f 4763 4994 7044
f 4763 7044 5020
f 4767 4986 7050
f 4767 5921 4986
f 4767 7050 5256
f 4769 5222 6474
f 4769 6474 6695
f 4769 6993 5222
f 4770 5467 7003
f 4770 7003 7001
f 4771 5941 5665
f 4772 4963 5206
f 4772 5206 7057
f 4772 5234 5424
f 4772 5424 5473
f 4772 5473 4963
f 4772 7057 5234
f 4773 4790 6152
f 4773 5676 7045
f 4773 6152 6462
f 4773 6462 5676
f 4774 6171 7053
f 4774 7053 6407
f 4777 5671 6435
f 4777 6156 5671
f 4777 6422 6156
f 4779 5454 7018
f 4780 5471 6234
f 4780 6234 6707
f 4780 6707 5955
f 4781 6234 6712
f 4781 6712 6235
f 4782 5244 6191
f 4782 6191 5667
f 4784 5251 7030
f 4784 5700 6722
f 4784 6212 5700
f 4784 7030 6212
f 4785 4964 6728
f 4785 6699 4964
f 4786 5712 6751
f 4786 6751 6486
f 4787 4969 6429
f 4788 5906 5452
f 4788 6460 5906
f 4789 5249 4989
f 4789 6432 5249
f 4791 7028 6150
f 4792 6157 6703
f 4792 6192 4967
f 4792 6703 6192
f 4793 5256 7050
f 4794 5007 6422
f 4795 5225 6704
f 4795 6704 5687
f 4796 5953 7048
f 4797 5474 7000
f 4797 5679 6199
f 4798 6421 6761
f 4798 6697 6421
f 4799 5681 5485
f 4799 6166 6719
f 4799 6719 5681
f 4800 5443 6729
f 4802 5260 6853
f 4802 6853 7149
f 4802 7149 5935
f 4803 4987 5909
f 4803 6996 5686
f 4804 6552 7164
f 4804 6845 6377
f 4804 7164 6845
f 4806 5502 5036
f 4807 5735 5787
f 4807 5787 6907
f 4807 6540 5735
f 4809 7146 5266
f 4811 5776 6337
f 4811 6337 5993
f 4814 5030 5525
f 4814 5752 5030
f 4815 5039 6295
f 4817 5559 4821
f 4818 6275 5804
f 4821 5559 6882
f 4825 5031 5084
f 4825 5540 5031
f 4826 7193 6060
f 4828 5780 4862
f 4829 5287 6020
f 4835 6317 6300
f 4836 6021 5760
f 4837 5305 5763
f 4841 6041 6290
f 4842 5092 6043
f 4842 6043 6322
f 4844 6617 6325
f 4845 5258 7177
f 4845 5802 5258
f 4851 6296 5800
f 4861 6585 6865
f 4864 6851 5540
f 4865 5080 6661
f 4866 6961 6390
f 4868 5367 6086
f 4870 6125 7169
f 4875 6391 5737
f 4876 5093 6652
f 4876 6123 5859
f 4876 6652 6123
f 4882 5332 6975
f 4884 5139 6679
f 4884 5326 5139
f 4884 5589 6125
f 4884 5737 5589
f 4884 6125 5326
f 4884 6679 5737
f 4885 5845 6124
f 4885 6073 5845
f 4890 5379 6121
f 4893 6400 5342
f 4894 5342 5597
f 4894 5579 5342
f 4895 5101 5622
f 4896 5352 5098
f 4896 6359 5352
f 4898 5099 5811
f 4898 5563 6959
f 4898 5811 5563
f 4899 6545 5356
f 4901 5366 5569
f 4901 5569 6951
f 4901 6857 5366
f 4901 6951 6970
f 4901 6970 6857
f 4902 6831 6560
f 4903 5350 6662
f 4910 5576 6854
f 4910 6854 7153
f 4910 7153 6379
f 4917 5594 6273
f 4917 6977 5594
f 4919 5576 5816
f 4919 7125 5576
f 4920 6382 6096
f 4921 6944 5114
f 4922 6661 5621
f 4923 5336 5383
f 4925 5666 5960
f 4925 5960 7102
f 4926 5153 7062
f 4927 7105 5393
f 4928 5644 6521
f 4928 6182 6505
f 4928 6505 5644
f 4928 6521 7101
f 4928 7101 6182
f 4929 5162 6487
f 4929 6487 7037
f 4929 7089 5162
f 4930 5938 6495
f 4930 6495 7147
f 4930 6809 5938
f 4930 7069 6809
f 4931 5946 6242
f 4932 6708 4960
f 4933 5191 6810
f 4933 6813 5191
f 4934 5660 4945
f 4934 6706 7092
f 4934 7092 5660
f 4935 5626 5492
f 4935 5928 6804
f 4935 6804 5626
f 4936 5934 7031
f 4936 6461 6786
f 4936 6755 5934
f 4936 6786 6755
f 4936 7031 6461
f 4937 5163 5395
f 4937 5395 6229
f 4937 6229 6524
f 4937 6524 6773
f 4937 6773 5163
f 4938 5875 6513
f 4938 6241 6404
f 4938 6404 5875
f 4939 5624 7109
f 4939 7109 6795
f 4940 6546 6855
f 4941 6135 6791
f 4941 6767 6135
f 4941 6791 7056
f 4942 5978 6248
f 4942 6248 7069
f 4943 5420 7111
f 4943 6132 7074
f 4943 6470 6509
f 4943 7074 5420
f 4943 7111 6470
f 4944 6521 5401
f 4944 6535 5669
f 4944 6833 6535
f 4945 5660 5879
f 4945 5879 6245
f 4946 5432 6763
f 4946 5870 5432
f 4946 6497 5157
f 4946 6763 6497
f 4947 6561 7116
f 4949 5872 6776
f 4949 6256 5872
f 4949 6776 5959
f 4950 5156 5882
f 4950 5627 5948
f 4950 5948 7081
f 4950 6215 5627
f 4950 7081 5156
f 4951 5154 6182
f 4952 5412 6551
f 4952 5430 6809
f 4952 6551 5430
f 4953 5434 7074
f 4953 7068 5169
f 4953 7074 7068
f 4955 5645 6484
f 4955 6246 6764
f 4955 6484 6246
f 4956 5423 7104
f 4956 6255 7071
f 4956 7071 5423
f 4957 6241 6507
f 4957 6404 6241
f 4957 6507 5172
f 4958 5708 6202
f 4959 6252 5971
f 4960 5163 6773
f 4960 5388 5163
f 4960 6708 5388
f 4960 6773 6236
f 4963 5931 7013
f 4963 7013 5206
f 4964 6699 6995
f 4965 6223 6737
f 4965 6737 6154
f 4966 5720 5439
f 4969 5193 6429
f 4970 5733 7162
f 4970 6467 5733
f 4971 5450 5671
f 4971 5914 5915
f 4971 5915 5724
f 4972 6150 7028
f 4972 6758 6709
f 4973 5416 6999
f 4973 5710 5913
f 4973 5913 5416
f 4974 5671 6156
f 4975 6740 5189
f 4979 6992 6211
f 4983 5930 7043
f 4985 5020 6427
f 4986 5460 6201
f 4986 5921 7059
f 4986 6201 7050
f 4986 7059 5460
f 4987 6711 5707
f 4988 5907 6716
f 4989 5249 5472
f 4990 5216 5453
f 4990 7051 5216
f 4993 5467 6731
f 4993 6232 5467
f 4993 6455 5462
f 4994 5722 7044
f 4995 5205 7007
f 4995 7007 5675
f 4995 7048 5205
f 4997 5208 5976
f 4998 5200 6176
f 4998 6176 7011
f 4998 7011 5899
f 4999 5918 5738
f 5000 5217 5418
f 5000 5418 6475
f 5000 5461 5908
f 5000 5908 5217
f 5003 5202 6441
f 5003 6154 5202
f 5004 6136 6722
f 5004 6722 7047
f 5005 7176 7155
f 5006 5226 6454
f 5006 6454 7040
f 5006 7040 5448
f 5007 6156 6422
f 5009 5697 6751
f 5009 5942 5697
f 5009 6449 5942
f 5009 6751 6449
f 5011 5447 6753
f 5011 5487 5640
f 5011 5640 5447
f 5011 5715 5487
f 5011 6753 5715
f 5012 5498 7175
f 5013 6441 6741
f 5017 7041 7178
f 5018 5881 6134
f 5018 6134 7057
f 5019 6410 5969
f 5019 7175 6410
f 5021 6842 7154
f 5021 7154 5828
f 5022 5120 6362
f 5022 5491 5737
f 5022 5992 5491
f 5022 6650 5120
f 5023 7130 6844
f 5024 5993 6337
f 5024 6004 5993
f 5025 6269 6494
f 5027 5627 6542
f 5027 5948 5627
f 5027 6001 5948
f 5027 6542 6850
f 5027 6850 6001
f 5028 5496 6553
f 5028 5997 5496
f 5028 6548 5997
f 5028 6637 6828
f 5028 6828 6548
f 5035 5750 6849
f 5037 5262 6903
f 5040 6839 5744
f 5041 6051 6604
f 5042 5286 5503
f 5042 5503 6046
f 5042 5556 5286
f 5049 6610 6281
f 5050 6059 5295
f 5056 5523 7191
f 5057 6326 6618
f 5063 5518 5810
f 5065 5287 6050
f 5079 6871 6608
f 5080 5116 5621
f 5080 5621 6661
f 5080 6636 5116
f 5083 5768 5273
f 5084 5797 6045
f 5085 6618 6877
f 5087 5549 5749
f 5089 6910 6839
f 5093 5836 6953
f 5093 6114 6652
f 5093 6953 6114
f 5094 5996 6273
f 5094 6273 5594
f 5096 6367 6947
f 5096 6644 6367
f 5097 6126 5611
f 5099 5864 5811
f 5104 5569 5812
f 5104 6951 5569
f 5105 6339 6084
f 5105 6352 6399
f 5105 6399 6962
f 5105 6962 6339
f 5106 5564 7170
f 5111 6389 6631
f 5111 7182 6389
f 5112 5564 6071
f 5112 6071 5825
f 5112 7170 5564
f 5116 5606 5869
f 5116 6636 5606
f 5120 6650 5822
f 5123 6082 6930
f 5124 5372 6663
f 5124 6663 5616
f 5125 7129 6546
f 5131 5852 5337
f 5133 5355 6104
f 5135 5325 7151
f 5135 6857 6970
f 5135 7151 6857
f 5139 5326 6109
f 5142 6987 6075
f 5143 6935 5334
f 5144 6629 6114
f 5149 5615 5743
f 5149 5743 6859
f 5150 5986 5743
f 5150 6358 5986
f 5150 6630 6358
f 5154 6515 7063
f 5154 7063 6182
f 5155 6515 5411
f 5155 6796 6515
f 5155 7061 6796
f 5156 7081 7079
f 5157 6497 6131
f 5158 5902 6470
f 5158 6470 6792
f 5158 6792 5198
f 5159 5419 6420
f 5159 5959 6776
f 5159 6420 5959
f 5159 6732 5419
f 5160 5414 5877
f 5160 5655 5414
f 5160 5877 5174
f 5161 7066 6786
f 5162 5898 6140
f 5162 6140 6487
f 5163 5388 6520
f 5163 6520 5395
f 5164 5385 6173
f 5164 5934 5385
f 5164 6173 7117
f 5164 7117 5934
f 5165 5397 5875
f 5165 5875 6264
f 5166 6501 5884
f 5166 6802 5387
f 5167 5672 7099
f 5167 6207 5672
f 5167 6498 6207
f 5167 7099 6502
f 5168 5668 7103
f 5168 6493 7088
f 5168 6794 5668
f 5168 7088 6794
f 5169 5651 7056
f 5169 7068 5651
f 5170 6161 6553
f 5170 6553 5997
f 5171 5427 7046
f 5171 7046 5674
f 5173 6526 7106
f 5173 7106 6775
f 5174 5877 6135
f 5174 6135 6767
f 5174 6767 7037
f 5175 5985 6795
f 5175 6780 5985
f 5176 6496 6796
f 5176 6796 7061
f 5177 5965 6485
f 5177 6485 6743
f 5177 6743 5391
f 5179 6484 5645
f 5179 6525 7082
f 5179 7082 7102
f 5179 7102 6484
f 5180 6203 6503
f 5180 6503 7098
f 5180 7098 5983
f 5181 5880 6174
f 5181 6174 5404
f 5182 5628 7064
f 5183 5643 6802
f 5183 6802 7039
f 5184 5426 5978
f 5184 5978 6239
f 5185 5625 6771
f 5185 6771 7113
f 5185 7113 6492
f 5186 6206 6458
f 5186 6209 6206
f 5187 5409 5702
f 5187 5702 5879
f 5187 5879 7092
f 5187 5943 5409
f 5187 7031 7117
f 5187 7092 7031
f 5187 7117 5943
f 5189 6740 5416
f 5190 6504 6208
f 5190 7166 6504
f 5191 5932 7096
f 5191 6813 5932
f 5191 7096 6810
f 5192 5982 6240
f 5192 6229 5982
f 5192 6240 6801
f 5192 6801 6229
f 5193 5726 6429
f 5194 6255 6803
f 5194 6517 5643
f 5194 6803 6517
f 5195 5409 6479
f 5195 6479 6764
f 5195 6764 6698
f 5196 6519 5634
f 5196 6810 6519
f 5197 5658 6240
f 5197 5878 6512
f 5197 6240 7115
f 5197 6510 5658
f 5197 6512 6510
f 5198 5894 6196
f 5198 6196 6141
f 5198 6792 5894
f 5201 5469 5446
f 5201 5963 5469
f 5202 5232 6741
f 5202 6741 6441
f 5203 6726 5475
f 5204 7045 6705
f 5205 5438 7007
f 5208 5457 6194
f 5208 6194 6714
f 5208 6714 5976
f 5210 6752 7033
f 5210 7019 6752
f 5211 6748 5718
f 5212 5693 7052
f 5213 5452 5906
f 5213 5483 5452
f 5213 7038 5483
f 5214 5428 6752
f 5215 6220 5925
f 5217 5939 5418
f 5219 5714 5883
f 5219 5883 6139
f 5219 6139 5688
f 5220 5729 6169
f 5221 6446 7015
f 5223 5961 6425
f 5228 5449 5919
f 5229 5451 5922
f 5229 6442 5451
f 5230 5945 6736
f 5230 6721 6998
f 5230 6736 7008
f 5230 6998 5945
f 5231 6003 7173
f 5231 7173 5940
f 5233 5250 6439
f 5233 6459 5713
f 5234 6431 5424
f 5234 7057 6134
f 5236 6838 6003
f 5242 5677 6187
f 5243 7017 5944
f 5244 5436 6191
f 5247 6423 6730
f 5247 6456 6451
f 5250 5675 7016
f 5250 7016 6439
f 5251 6694 7030
f 5252 5936 6223
f 5252 6223 6188
f 5253 7045 5676
f 5254 6144 6403
f 5255 7014 5489
f 5257 5847 6983
f 5257 6000 6556
f 5257 6556 6115
f 5257 6983 7156
f 5257 7156 6000
f 5258 6270 7177
f 5258 7142 6270
f 5259 5741 6858
f 5259 7168 5741
f 5260 6013 6853
f 5261 5888 7110
f 5261 6268 6841
f 5261 6777 7166
f 5261 7110 6777
f 5261 7166 6268
f 5262 6879 5558
f 5266 7146 6832
f 5290 6846 6055
f 5294 6596 5300
f 5301 5734 6543
f 5301 6543 7188
f 5301 7188 5734
f 5302 5531 6011
f 5306 6889 6324
f 5307 5798 6873
f 5311 5516 6059
f 5320 6017 6612
f 5335 5561 6984
f 5335 6984 6552
f 5336 6354 5383
f 5337 5852 6990
f 5337 6990 6077
f 5342 6400 5859
f 5343 5360 5837
f 5346 5853 6371
f 5347 6113 6338
f 5373 5827 6069
f 5373 6979 5827
f 5378 5565 7152
f 5378 7152 7167
f 5379 5830 6929
f 5380 6103 6386
f 5380 6958 6103
f 5383 5825 6071
f 5383 6071 5596
f 5384 5893 6790
f 5384 6238 5638
f 5384 6790 6238
f 5385 5642 6173
f 5385 5934 6522
f 5385 6788 5642
f 5386 5632 6781
f 5386 6228 5632
f 5387 6802 6517
f 5388 5647 6520
f 5388 6708 5647
f 5389 5689 6471
f 5389 6471 7080
f 5389 6492 6812
f 5389 6812 5689
f 5389 7080 6492
f 5390 5398 5870
f 5390 6244 5398
f 5390 6488 6244
f 5391 6516 7105
f 5391 6743 6516
f 5392 6808 5946
f 5394 5871 6807
f 5394 6556 7090
f 5394 6807 7095
f 5394 7090 5871
f 5394 7095 6556
f 5395 5624 5982
f 5395 5982 6229
f 5395 6520 7109
f 5395 7109 5624
f 5396 5674 6775
f 5396 6148 6527
f 5396 6196 6148
f 5396 6775 7106
f 5396 7106 6196
f 5397 6513 5875
f 5398 5432 5870
f 5398 6244 7086
f 5398 7086 5432
f 5399 5634 6797
f 5399 6776 5631
f 5400 5628 5625
f 5400 7064 5628
f 5402 5437 7076
f 5402 5630 6210
f 5402 6210 6732
f 5402 7076 5630
f 5403 6143 6854
f 5404 5492 5626
f 5405 6185 6779
f 5405 6515 6796
f 5405 6796 6185
f 5405 7063 6515
f 5406 5694 5979
f 5406 5979 6503
f 5406 6203 5694
f 5406 6503 6203
f 5407 6860 6269
f 5407 7097 6860
f 5409 5943 6479
f 5410 6447 6698
f 5410 6698 5960
f 5412 6254 6463
f 5412 6523 6551
f 5413 5871 7090
f 5413 6198 6411
f 5414 5655 7108
f 5414 7062 5877
f 5414 7108 7093
f 5415 6804 5928
f 5419 6210 6420
f 5419 6732 6210
f 5420 6424 6771
f 5420 6771 7111
f 5420 7074 6424
f 5421 7079 7081
f 5421 7081 6001
f 5422 5874 5636
f 5422 6715 7054
f 5422 7054 5874
f 5423 5669 7104
f 5424 6227 5473
f 5424 6431 5646
f 5425 6253 6860
f 5425 6504 6253
f 5426 6248 5978
f 5427 6233 7046
f 5428 6418 7033
f 5428 7033 6752
f 5430 5938 6809
f 5430 6551 6859
f 5430 6859 5938
f 5431 5651 7068
f 5432 7086 6763
f 5433 5980 6243
f 5433 6782 5980
f 5433 6798 7091
f 5433 7091 6782
f 5434 6177 7113
f 5434 6424 7074
f 5434 7113 6424
f 5437 6498 7076
f 5438 7016 7007
f 5439 5720 7030
f 5439 7030 6694
f 5440 6476 5679
f 5441 6169 6720
f 5442 5691 5684
f 5442 6180 5691
f 5443 5641 6729
f 5443 6205 5641
f 5443 6427 6205
f 5446 5469 6465
f 5446 6465 7001
f 5448 7040 6149
f 5450 6435 5671
f 5450 6734 6435
f 5453 5958 5664
f 5453 7036 5958
f 5457 5686 6996
f 5457 6717 6194
f 5460 7059 6428
f 5461 6417 6693
f 5461 6425 5908
f 5463 5950 5995
f 5463 6733 5950
f 5464 6998 6721
f 5465 5654 6757
f 5471 6712 6234
f 5473 6227 5949
f 5474 5961 7000
f 5474 6452 5961
f 5475 5977 6482
f 5476 5972 6168
f 5478 5680 6690
f 5478 6226 7005
f 5478 6448 6226
f 5478 6690 6448
f 5479 5709 6172
f 5481 6762 6219
f 5481 7035 6762
f 5482 6726 7022
f 5482 7022 6756
f 5483 6430 6742
f 5483 7038 6430
f 5484 6217 6749
f 5484 6414 6217
f 5485 5681 6165
f 5486 5944 6718
f 5487 6152 5640
f 5488 6709 6758
f 5488 6992 6709
f 5489 5721 6405
f 5489 7014 5721
f 5490 6270 6437
f 5490 7177 6270
f 5491 5992 6533
f 5491 6882 7133
f 5491 7133 5737
f 5492 6001 6847
f 5492 6847 6546
f 5494 6269 7166
f 5495 6271 7162
f 5495 7134 6271
f 5495 7162 6868
f 5496 5997 6553
f 5497 5990 6541
f 5497 6541 6839
f 5497 6839 7124
f 5497 7124 5517
f 5498 6843 6846
f 5498 6846 7175
f 5498 7148 6843
f 5499 6265 6560
f 5499 6560 6005
f 5499 7104 6265
f 5500 6830 5999
f 5500 7163 6266
f 5517 5786 6010
f 5517 7124 5786
f 5523 6914 7191
f 5524 5736 6576
f 5524 5805 5736
f 5531 5774 6011
f 5531 6920 5774
f 5534 5764 6598
f 5546 6012 5779
f 5549 6034 5749
f 5549 6920 6034
f 5551 6044 6886
f 5559 7133 6882
f 5564 6654 6071
f 5566 5605 6686
f 5566 6686 6342
f 5577 5812 6684
f 5578 6390 6961
f 5578 6961 6634
f 5583 6072 5846
f 5583 6363 6072
f 5589 5737 7169
f 5610 6388 6850
f 5611 6983 5847
f 5613 6081 6680
f 5613 6680 6942
f 5624 7115 5982
f 5625 5628 7111
f 5625 7111 6771
f 5629 5663 7075
f 5629 7075 7086
f 5629 7086 6244
f 5630 7076 6508
f 5630 7114 6210
f 5631 6776 5872
f 5632 6228 6783
f 5632 6783 5968
f 5634 6519 6797
f 5637 5902 6141
f 5637 6141 6526
f 5637 6526 6778
f 5639 6735 6155
f 5639 6789 6735
f 5639 6811 6789
f 5641 5927 6729
f 5642 5971 6252
f 5642 5973 6173
f 5642 6252 5973
f 5642 6788 5971
f 5643 6517 6802
f 5643 7091 6798
f 5644 6239 6521
f 5645 6514 6216
f 5646 6431 7042
f 5647 6708 6489
f 5648 5663 6766
f 5648 5911 6806
f 5648 6527 5663
f 5648 6766 5911
f 5648 6806 6527
f 5649 5876 6155
f 5650 6172 6421
f 5652 6182 7101
f 5653 6131 6497
f 5655 6468 6485
f 5655 6485 7108
f 5656 5980 6782
f 5656 6782 5885
f 5657 5926 6251
f 5657 6251 6493
f 5657 6453 5926
f 5658 5997 6548
f 5658 6548 6240
f 5659 5962 6768
f 5659 6216 5962
f 5660 7092 5879
f 5661 6158 5898
f 5661 6765 5895
f 5662 7083 6815
f 5663 6148 7075
f 5663 6527 6148
f 5665 5941 7032
f 5665 7032 6195
f 5666 7077 5708
f 5668 6794 6735
f 5669 6535 7104
f 5672 6207 6445
f 5672 6445 6750
f 5672 6750 7099
f 5673 6155 6443
f 5673 6443 6794
f 5673 6794 6700
f 5674 7046 6775
f 5675 7007 7016
f 5681 5905 6748
f 5681 6719 5905
f 5681 6748 6165
f 5683 6432 7024
f 5688 5881 6218
f 5688 6139 7006
f 5688 6218 6434
f 5688 7006 5881
f 5689 6812 7087
f 5690 6468 6487
f 5690 6487 7049
f 5690 7049 6743
f 5694 6203 6409
f 5694 6409 5965
f 5695 5885 6516
f 5695 6516 6743
f 5695 6743 7049
f 5695 7049 6247
f 5696 5922 7060
f 5696 6537 7179
f 5696 7060 6537
f 5697 6486 6751
f 5699 6197 6411
f 5700 7047 6722
f 5702 6245 5879
f 5704 7116 6506
f 5705 6271 7176
f 5706 7004 6433
f 5708 7077 6202
f 5709 6421 6172
f 5709 6761 6421
f 5713 6459 6738
f 5715 6159 7158
f 5715 6753 6159
f 5718 6748 5905
f 5719 6164 6995
f 5719 6224 6742
f 5719 6430 6164
f 5719 6472 6224
f 5719 6742 6430
f 5719 6995 6472
f 5720 6212 7030
f 5721 7014 6160
f 5723 7155 6157
f 5724 5915 7040
f 5724 7040 6454
f 5727 5941 6231
f 5727 7032 5941
f 5728 7168 7002
f 5729 6720 6169
f 5729 7027 6720
f 5731 6438 6739
f 5733 6467 7053
f 5733 6540 7162
f 5733 6834 6540
f 5733 7053 6171
f 5734 5993 6538
f 5734 6538 6543
f 5735 5995 7158
f 5735 6540 5995
f 5735 7203 6038
f 5736 5989 6262
f 5736 6262 7143
f 5736 6543 5989
f 5736 7143 6576
f 5737 6257 6550
f 5737 6550 7169
f 5737 6823 6257
f 5737 7133 6823
f 5738 5910 7149
f 5738 6137 5910
f 5738 6853 7178
f 5738 7149 6853
f 5738 7178 7041
f 5739 6264 5988
f 5739 7153 6264
f 5740 5991 7179
f 5740 6537 6862
f 5740 6862 7160
f 5740 7160 5991
f 5740 7179 6537
f 5741 6532 6824
f 5741 6824 7140
f 5741 7159 6858
f 5742 6267 7151
f 5742 6555 7181
f 5742 7181 6267
f 5743 5986 6265
f 5743 6265 6859
f 5744 5994 7175
f 5744 6839 5994
f 5744 7175 6846
f 5746 6848 7155
f 5746 7155 6536
f 5747 7172 6841
f 5759 7198 6007
f 5761 6335 6572
f 5763 6006 6915
f 5785 6577 6334
f 5789 6322 7189
f 5799 6587 7201
f 5811 5864 7127
f 5827 6818 6069
f 5838 6379 7153
f 5848 6269 6822
f 5848 6822 6375
f 5848 7138 6269
f 5864 6859 7127
f 5865 6651 6351
f 5868 6840 7174
f 5868 7174 6374
f 5871 6499 6807
f 5874 6724 7176
f 5875 6133 6264
f 5875 6404 6133
f 5876 7112 6811
f 5878 5981 6512
f 5878 6710 5981
f 5880 6814 7079
f 5881 7006 6134
f 5882 6162 6783
f 5885 6782 6516
f 5888 6138 6415
f 5888 6415 7110
f 5888 6511 6138
f 5888 6841 6511
f 5890 6151 6800
f 5890 7087 6151
f 5891 6774 6206
f 5891 7065 6774
f 5892 6737 5936
f 5892 7058 6737
f 5894 6148 6196
f 5894 7075 6148
f 5895 6765 5947
f 5896 6202 6808
f 5896 6808 7118
f 5902 6509 6470
f 5903 6461 7031
f 5903 6706 7072
f 5903 6800 6461
f 5903 7031 7092
f 5903 7072 6800
f 5903 7092 6706
f 5906 6460 6136
f 5911 6238 6790
f 5911 6488 6238
f 5911 6766 6488
f 5911 6790 6806
f 5912 6755 7066
f 5912 7066 6477
f 5915 6149 7040
f 5925 6220 7045
f 5927 6848 7136
f 5927 7136 6729
f 5931 6746 7013
f 5932 6221 6785
f 5932 6785 7096
f 5934 6755 6522
f 5934 7117 7031
f 5936 6737 6223
f 5937 6433 7004
f 5938 6859 6495
f 5940 6480 6193
f 5940 7173 6480
f 5942 6705 6220
f 5943 7073 6479
f 5946 6808 7077
f 5948 6001 7081
f 5950 7158 5995
f 5951 6200 6507
f 5951 6507 6241
f 5952 7005 6226
f 5955 6707 7177
f 5957 6224 6472
f 5960 6698 7102
f 5962 6216 6514
f 5962 6514 7073
f 5962 7073 6768
f 5965 6409 7108
f 5965 7108 6485
f 5966 6237 7085
f 5966 6527 6806
f 5968 6162 7098
f 5968 6783 6162
f 5970 6411 6463
f 5970 6463 6254
f 5971 6788 7093
f 5972 7010 6168
f 5973 6252 6768
f 5973 6768 7073
f 5973 7117 6173
f 5979 7039 6781
f 5981 6710 6774
f 5982 7115 6240
f 5983 7098 6162
f 5984 6493 6251
f 5984 7088 6493
f 5986 6398 6560
f 5986 6560 6265
f 5987 6264 7153
f 5987 6854 7112
f 5987 7153 6854
f 5988 6133 6404
f 5988 6264 6133
f 5989 6543 7137
f 5989 6943 6262
f 5990 7158 6541
f 5992 6032 7144
f 5992 7144 6533
f 5993 6004 6538
f 5994 6214 6410
f 5994 6839 6214
f 5995 6540 6834
f 5996 6346 6545
f 5996 6530 7150
f 5996 6545 6849
f 5996 6849 6530
f 5998 6713 6469
f 5998 6848 7177
f 5998 7177 6145
f 5999 6534 6260
f 5999 7139 6534
f 6000 6769 6556
f 6000 7067 6769
f 6000 7156 7067
f 6001 6850 6847
f 6002 6895 6029
f 6003 6549 7173
f 6003 6558 6549
f 6003 6838 7161
f 6003 7161 6558
f 6004 6259 6821
f 6004 6529 7123
f 6004 6821 7126
f 6004 6842 6259
f 6004 7123 6538
f 6005 6091 6850
f 6005 6258 6091
f 6005 6531 7135
f 6005 6560 6831
f 6005 6831 6531
f 6005 7135 6258
f 6006 6305 6915
f 6009 6839 6910
f 6009 6910 6293
f 6009 7124 6839
f 6024 6299 6594
f 6034 6920 6292
f 6043 7189 6322
f 6052 6825 6294
f 6053 6288 6303
f 6055 6846 6843
f 6060 7193 6878
f 6067 6299 7187
f 6069 6818 6653
f 6091 6258 6968
f 6102 7123 6529
f 6115 6556 7132
f 6116 6965 6669
f 6121 6342 6686
f 6132 7068 7074
f 6135 6477 6791
f 6136 6460 7018
f 6138 7070 6415
f 6140 6247 7049
f 6140 7049 6487
f 6141 6196 7106
f 6141 7106 6526
f 6143 6811 7112
f 6143 7112 6854
f 6146 6855 7100
f 6146 7094 6855
f 6153 6419 6725
f 6153 6695 6419
f 6155 6735 6443
f 6157 7155 6703
f 6159 6541 7158
f 6163 7034 6690
f 6167 6430 7038
f 6177 6812 7113
f 6177 6816 6812
f 6181 6730 6423
f 6182 7063 6505
f 6185 6796 6496
f 6188 6223 7055
f 6192 6703 7155
f 6197 6787 6499
f 6198 6463 6411
f 6200 6478 6507
f 6200 6700 6478
f 6202 7077 6808
f 6203 7093 6409
f 6206 6774 6458
f 6207 6498 6785
f 6207 6785 6445
f 6208 6793 7097
f 6208 6860 6793
f 6210 7114 6799
f 6213 6791 7066
f 6217 6414 6469
f 6217 6469 6713
f 6220 6705 7045
f 6221 6445 6785
f 6221 6518 6445
f 6225 6782 7091
f 6226 6448 7034
f 6226 7034 6402
f 6229 6801 6524
f 6233 6505 7063
f 6240 6548 6801
f 6242 7102 7082
f 6246 6484 7102
f 6246 6698 6764
f 6246 7102 6698
f 6250 6519 7096
f 6250 6797 6519
f 6255 6850 6803
f 6255 7145 6850
f 6257 6823 7133
f 6257 7133 6921
f 6259 6842 6945
f 6261 6855 6546
f 6261 7170 6855
f 6262 6829 7143
f 6262 7169 6550
f 6263 6843 7148
f 6263 7157 6843
f 6265 6535 6833
f 6265 6833 7147
f 6265 7104 6535
f 6265 7147 6859
f 6266 7163 6840
f 6267 6857 7151
f 6267 7181 6879
f 6268 7131 6841
f 6269 6860 6494
f 6269 7138 6528
f 6270 7142 6826
f 6271 6851 7176
f 6271 7134 6827
f 6272 6552 7165
f 6272 6902 6552
f 6273 6832 7146
f 6274 7008 6736
f 6291 7180 6845
f 6294 6825 7202
f 6298 6884 6842
f 6313 6898 6922
f 6314 6562 6336
f 6319 7201 6587
f 6335 6554 6572
f 6347 6632 6927
f 6347 6927 6626
f 6349 6628 6929
f 6357 7171 6854
f 6369 7122 6842
f 6388 6847 6850
f 6401 7080 6471
f 6409 7093 7108
f 6415 6777 7110
f 6420 7078 6490
f 6424 7113 6771
f 6436 6439 7016
f 6443 6735 6794
f 6445 6518 6780
f 6448 6690 7034
f 6458 6774 6710
f 6464 6858 6544
f 6468 7037 6487
f 6472 6995 6699
f 6477 7066 6791
f 6479 7073 6514
f 6481 7001 7003
f 6489 6805 7099
f 6489 7099 6750
f 6491 6784 7078
f 6492 7113 6812
f 6495 6859 7147
f 6496 6778 6526
f 6499 6770 6807
f 6502 7099 6805
f 6506 7116 6561
f 6511 6841 7172
f 6519 6810 7096
f 6523 7067 6551
f 6530 6849 6598
f 6531 6989 7135
f 6533 7144 6889
f 6536 7155 7176
f 6536 7176 6851
f 6538 6820 6543
f 6539 6844 6559
f 6542 6803 6850
f 6543 6820 7137
f 6544 6858 7159
f 6545 7167 6849
f 6546 7129 6818
f 6547 6845 7180
f 6548 6828 7141
f 6551 6836 6859
f 6551 7067 7156
f 6551 7156 6836
f 6552 6902 7164
f 6555 6852 7128
f 6555 7128 6825
f 6556 6819 7132
f 6559 6844 7174
f 6559 7174 6840
f 6561 6854 7171
f 6573 7121 6840
f 6583 6906 7196
f 6620 6842 6884
f 6653 6818 7129
f 6667 6841 7131
f 6678 6836 7156
f 6700 6794 7088
f 6755 6786 7066
f 6763 7086 7064
f 6770 7095 6807
f 6775 7046 6779
f 6793 6860 7097
f 6835 7154 6842
f 6836 7127 6859
f 6837 6849 7167
f 6837 7167 7152
f 6844 7130 7174
f 6855 7170 7100
f 7100 7170 7118
