v -0.3412 0.21870000000000001 -0.035299999999999998
v -0.8548 0.53779999999999994 0.34939999999999999
v -0.7349 0.1037 0.1343
v -0.25740000000000002 0.64749999999999996 0.55279999999999996
v -0.27650000000000002 0.62819999999999998 0.54730000000000001
v 0.48780000000000001 0.36170000000000002 0.32400000000000001
v -0.49459999999999998 0.066900000000000001 -0.098500000000000004
v -0.51019999999999999 0.055599999999999997 -0.061499999999999999
v -0.495 0.1056 -0.040599999999999997
v -0.3584 0.55310000000000004 -0.159
v -0.39279999999999998 0.20319999999999999 -0.039899999999999998
v -0.45019999999999999 0.17760000000000001 -0.037600000000000001
v -0.44330000000000003 0.042500000000000003 -0.2026
v 0.25190000000000001 0.031 0.23019999999999999
v -0.38490000000000002 0.040000000000000001 0.52149999999999996
v 0.039199999999999999 0.18809999999999999 0.61550000000000005
v 0.3281 0.38140000000000002 -0.14610000000000001
v -0.2397 0.17199999999999999 -0.21579999999999999
v -0.33179999999999998 0.58999999999999997 -0.18709999999999999
v -0.34470000000000001 0.058799999999999998 -0.2475
v -0.3296 0.047399999999999998 -0.24010000000000001
v -0.22989999999999999 0.056300000000000003 -0.22320000000000001
v -0.53500000000000003 0.037199999999999997 -0.039899999999999998
v -0.56579999999999997 0.071199999999999999 -0.0395
v -0.53410000000000002 0.065000000000000002 -0.049000000000000002
v -0.3508 0.032899999999999999 0.26669999999999999
v -0.33550000000000002 0.0281 0.2109
v -0.54510000000000003 0.25990000000000002 0.21129999999999999
v -0.63529999999999998 0.070800000000000002 0.30599999999999999
v -0.64129999999999998 0.052400000000000002 0.31680000000000003
v -0.63949999999999996 0.048500000000000001 0.29449999999999998
v -0.6371 0.044900000000000002 0.3135
v 0.4617 0.30499999999999999 0.35730000000000001
v -0.6845 0.062700000000000006 0.41980000000000001
v 0.049599999999999998 0.071800000000000003 0.41320000000000001
v -0.65110000000000001 0.043799999999999999 0.34499999999999997
v -0.67130000000000001 0.097000000000000003 0.39069999999999999
v -0.083299999999999999 0.072800000000000004 0.46210000000000001
v -0.40810000000000002 0.045600000000000002 0.52869999999999995
v -0.5665 0.68730000000000002 0.55569999999999997
v -0.26140000000000002 0.70779999999999998 0.54120000000000001
v -0.36109999999999998 0.60750000000000004 0.54390000000000005
v -0.60709999999999997 0.047199999999999999 0.55589999999999995
v -0.27207645163178623 0.71910736528956642 0.54084534320688238
v 0.39963623462405018 0.23376729625759884 -0.013005999613745401
v -0.32123710208149386 0.83067463020367238 0.47413904790473593
v -0.36469544063114762 0.14831425216191549 0.50738265037410002
v -0.32165894480991791 0.60803627254819159 -0.18430448244235037
v -0.39123407464352472 0.11336679767453843 0.51795894209747995
v 0.02036700603011677 0.72598745923251184 0.5453503891733501
v -0.26540091210949607 0.28481331511909286 0.46737234176042913
v -0.21782408861309538 0.10069149876014585 -0.22773380925826714
v -0.57960838086348898 0.28819990123835271 0.28524987819762387
v -0.5278608933607597 0.82202559953890109 0.50705655420093221
v -0.89688685493276443 0.61085632946799018 0.32879680678550482
v -0.37658739134785751 0.043541376898671623 0.1999302571186152
v 0.010090526352666232 0.07124718182249698 0.071113357646626268
v -0.39528979831119976 0.27202699056620988 0.50448714878711542
v -0.31332979085587115 0.084414764846643384 -0.065338129860026947
v -0.52264081853295541 0.47109223985238785 0.53780084285206387
v 0.15441985959538698 0.11120489040065734 -0.18691894760635488
v -0.45519613580952989 0.035422814201085208 0.15095902038848355
v -0.43613119708799042 0.62735043539362045 0.54277321773166898
v -0.51364753425562526 0.3818340341825126 0.47639707164445927
v -0.86043184124011285 0.55883799395885581 0.35158720100595264
v 0.48457295160871378 0.23125668586865381 0.39093602041744857
v -0.48318863717577087 0.25423786053545966 -0.025434653028463362
v -0.43429303978425832 0.13194210801716541 0.53070312915779538
v -0.074153530084350952 0.3621382588998654 -0.30103255574230631
v -0.24392893745036273 0.075637182936475159 0.43660746371376269
v -0.42473728410967199 0.25933330198144816 0.49895906386851197
v -0.29789226831228954 0.096181444935248522 0.61609741106055593
v -0.72866835789190343 0.71563624470757392 -0.060531967713049674
v -0.29925035316122117 0.20964136959173485 0.47987231847405798
v 0.055664508869876478 0.037762394298671287 -0.17394781307065996
v -0.45379687143042047 0.50858650756189083 0.54367762467444836
v -0.8003516858278561 0.4471864380840867 0.093443541267640443
v -0.84116157900548305 0.47789437031193283 0.24877795917016141
v -0.85896489525547648 0.65235009729804483 0.40947222578727294
v -0.11033967326620257 0.27336886014526124 0.61916508416610794
v -0.24120700165121151 0.23815894015625991 0.49288451280431617
v -0.48656368934735567 0.35808974435983026 -0.055603890564336553
v -0.80794430926346017 0.71387555901466082 0.0036590733016647762
v -0.44096228116862846 0.097019434028416174 0.5415789009392239
v -0.80850379425544949 0.68412220073447816 -0.010946800958033935
v -0.84130202005683896 0.58222940547730306 0.42268463246909799
v 0.032445848103719255 0.27715731825875067 0.64402246635845328
v 0.18737499371714747 0.5569124875700675 0.61859265966670041
v -0.47234179383974939 0.60825112150197003 -0.14162739219388745
v -0.5815827947945531 0.40567578368715052 -0.047731962773681171
v -0.33796443393393755 0.21367341435423384 -0.045167126158589421
v -0.57202415949593188 0.74137692297274616 0.54532527393615982
v 0.49935564345039468 0.51504225002034243 0.29559553811926942
v 0.079220044503219761 0.48091653960459696 0.65829380505214607
v -0.21712685660721115 0.18987863559599163 0.56735220186522584
v 0.2103685942628519 0.65363270859734701 0.57585995240788579
v -0.05459165075004168 0.4605986810906067 -0.31425293354485079
v -0.55075215536208821 0.16411276160182442 0.53156428560363322
v -0.72572710996427769 0.40183950798813123 0.06088593888135304
v 0.48156291885253216 0.51402543974819681 0.039007889388857762
v -0.56253010667714343 0.057177732150873739 0.57470317549692074
v -0.73995975922852031 0.053911613412523776 0.1859200779006554
v -0.63830563215060743 0.066116166822289615 0.29463175704270178
v -0.58128531248509674 0.57995650241180219 0.56081513461788779
v 0.18722886339153061 0.4751375559861668 -0.23680021198729978
v 0.24720836199047991 0.48892176949625504 0.6045433786292016
v -0.34840595334072172 0.21527433432996493 -0.03234356078367167
v -0.54543268331488515 0.44280864893448035 0.51914651126623002
v 0.24659793359865614 0.26993685969891706 0.56650551713002084
v 0.10573891772330865 0.74518528251648031 -0.14934295124870958
v -0.23256300714542866 0.25067639763619654 0.50631464708422469
v -0.52331044951631089 0.65572125234140755 -0.13799660928260346
v -0.30312075070565692 0.12992861202241693 0.59874963896833411
v 0.51684933442293013 0.42777233063648262 0.18350885597184619
v -0.25617239299521699 0.067770860402463259 -0.12307889787683385
v -0.43647353773628184 0.5657437442289448 -0.13495093546791731
v 0.44428751915310455 0.098655832673509136 0.051270683833348034
v 0.45461964023926515 0.40312586821355212 -0.01258607140620367
v -0.76623622820388304 0.71494187783677909 -0.040292913239697623
v -0.87900908261125266 0.60104320845841741 0.36215714124892323
v -0.84078742631330639 0.57102316880995729 0.040957532420431875
v 0.10239998576985544 0.4594017177071969 -0.28182792372716681
v -0.17543810751444502 0.71359962213150152 0.54975613963278702
v -0.66904901814828999 0.071705418991271003 0.0032819764894970963
v -0.25858623828269522 0.049334906339350129 -0.22778040766449914
v 0.58051039978421748 0.27429344038626735 0.35230451449987249
v 0.1065832707412632 0.031294735129858593 0.10728596210446055
v -0.22948128151847802 0.1796087782929465 0.58892309117943376
v 0.45900729415326497 0.74329632128930667 0.079992832407791162
v -0.29862568451762517 0.23452071231874019 0.46472500748816586
v -0.73798596348169399 0.050344753168443224 0.081335802575924612
v -0.59233322495773444 0.15807269808844024 0.5319258911120982
v 0.13505287514975306 0.024379603978014253 0.43018932903145035
v -0.27917241791504505 0.031904673583801543 -0.18901320489719198
v -0.26082033975677654 0.72243502108984781 0.53830183358015715
v 0.22407164383976608 0.062671373187110579 0.49985591897429543
v 0.015971989999586673 0.067103594855791898 0.29842027653795394
v -0.37225688449444383 0.32629619140345845 -0.051509687048322844
v -0.79151022989250408 0.64312149676341857 -0.032561929996755112
v -0.37966902620532772 0.034782360112826628 0.34808756884492714
v -0.56883964221767813 0.042285090511904225 -0.029960863007418948
v 0.50369707028533339 0.55375973499879405 0.24813727695746923
v 0.055334615160553116 0.31987762849457374 -0.2663992335376501
v 0.34119733689832832 0.67849014080348657 0.50314234258878066
v -0.83037743831980537 0.60286265547794959 0.43985902860491127
v -0.49504896197494036 0.032082688266382289 0.14560065395738947
v -0.5729391398154593 0.033348325514919286 0.037886463405161074
v 0.44456507863929995 0.62194064925511772 0.40749106526836565
v -0.17407120107858609 0.41222413781535977 -0.3268351179675214
v -0.36982829075703011 0.58130626089285264 0.54602560295187497
v 0.19879504400389753 0.032695358714164978 0.49381837791707622
v -0.18934465196960035 0.047824901169959841 0.63301895065116409
v -0.6337144820649605 0.59920800176850086 -0.10799988772939623
v -0.61773197592361084 0.15271907425026876 0.51646875636456369
v -0.50398037471513191 0.11104555731037935 0.56238458352304532
v 0.58096468643420907 0.16693916737661901 0.091729934750501729
v -0.81553325758654893 0.67310754110327187 0.4574179925848802
v -0.65298670015665317 0.32188690774938294 0.1113855869538105
v -0.67477464614814675 0.047200295156113979 0.4468787267958933
v -0.25655749948288342 0.22404486499973589 0.47909051263074059
v -0.53225883310367872 0.29154087900346515 0.35168792486236378
v -0.72041837045915957 0.061660240070451157 0.038422396854400763
v -0.30878387498904403 0.24792776291206617 0.46947814624202999
v -0.073189014184397619 0.3123830441966346 -0.29706733726727719
v -0.20663887202909711 0.11974712602450703 0.63746875969147487
v -0.6912313190706153 0.78112770953422805 0.50318791617192926
v 0.27103147808410843 0.2247608080515078 -0.1664033261473532
v 0.10253302126635788 0.18658859105476866 0.60515940950327274
v -0.61053674413295922 0.63525396649714971 -0.11803261267253465
v -0.45188224020428047 0.092379102938509025 -0.18862544258209885
v -0.22590033686930938 0.20376244603447446 0.53082740521569538
v -0.68145217674475977 0.062022974266756042 0.25228211954881474
v -0.4266664834190747 0.063717672891528396 0.54416858306296667
v -0.43922081000424718 0.15659644762100197 -0.10869278092829256
v -0.72847107563313851 0.12428090535611482 0.11304656744495581
v -0.57682937062974904 0.71314212517103548 0.54711356254522592
v 0.16157447018572899 0.035558746507509634 -0.12370708171189337
v -0.6791319792730548 0.036910646167839192 0.066337776690618716
v -0.55019908320354693 0.72161583162465537 -0.13476429897747941
v -0.25047991113174717 0.71215880569310019 0.54162857847562185
v -0.52736974228765832 0.54691398868597751 0.56629924917155283
v -0.48690021962828989 0.061791629286543838 -0.13144206059952421
v -0.42177364200903861 0.31298267342068553 -0.043377397482727537
v -0.23606201126778323 0.032923219953001071 -0.15115292105069059
v -0.34716972520105316 0.050346149991191337 0.56930311543863765
v -0.64622147275409503 0.11355464809863532 0.35782073031288048
v -0.3252541084491315 0.37471757987021836 -0.16184678246631487
v -0.86290484849854088 0.50051560618904745 0.16430993887133274
v -0.071116704355651136 0.2824446041602231 0.64570953324430769
v 0.12979992350777778 0.40717686025819272 -0.26902836437218752
v -0.44733944707819218 0.072845767084915136 -0.20771238212188101
v -0.81957171711325583 0.50486757907602842 0.40644418016411166
v -0.3729599400498404 0.13920428250999739 0.50870493893646196
v -0.56818995078717172 0.35053809858372009 0.009318475254129174
v -0.46922870495542796 0.035654631427599857 -0.12717884452450787
v -0.84513577958281105 0.47261168421412569 0.18677186307575902
v -0.340330513338095 0.029061353584411153 0.27108330897848837
v -0.39806902662278859 0.21264788498783591 -0.034693948473584396
v 0.24096897947849666 0.29421918893061944 0.56911707756643959
v -0.26939232934246599 0.035528521457534774 -0.1490705197506477
v -0.18833992907520192 0.03075800011748505 -0.16139872608918626
v -0.27373649417038365 0.75339456939378291 0.52523957947091349
v 0.29725676229186443 0.67055799919840831 0.54152237350227628
v -0.87408837853532451 0.63196953360781771 0.38672749909093279
v -0.49872330410087851 0.26032906995779492 -0.022155320263904234
v 0.47361435671389474 0.29792730031445536 0.36150860483756581
v -0.49942079281873092 0.44716195644438461 -0.077679762325915683
v 0.41269015132838394 0.40350050612212968 0.44478406669061654
v 0.37337283002137117 0.15724256326931027 0.38007990601744213
v -0.6031355783800102 0.15022879009408022 0.019080332581242105
v -0.53018359881644572 0.65766172267006651 0.55991283869302222
v -0.60510388972962847 0.19276998673515161 0.10543848984479816
v -0.69929706588553986 0.049539925767507882 0.02283339552519131
v 0.38864540288208393 0.5552427054128467 0.49483488917309781
v -0.30756268252947561 0.10212508472456393 0.61158183156234602
v -0.59485292526642874 0.49461808958090797 -0.10805095387159688
v -0.58399693135497377 0.5466718992584837 0.5529187227368686
v -0.77125989942867978 0.49444002363326706 -0.0059245912498662977
v -0.84986550896481228 0.53563355962084036 0.38393025165515804
v -0.58320358091263036 0.043175540556892066 0.55806366288538545
v -0.41208093381626137 0.42350836251382001 -0.092830608605414228
v -0.43335016123282155 0.1872805593080637 -0.042305885935109276
v -0.26849685445036647 0.44254979032174041 0.51076330823892047
v -0.090281113982033673 0.33806490651194093 -0.30337833563610789
v -0.88007780624723608 0.67406374013135739 0.10385778755996265
v 0.031929545072420129 0.37788927107627174 -0.28169181760010209
v -0.17492502156644943 0.070948528174326134 0.3394885238729608
v -0.49043843382545466 0.4329695023359697 0.51564366030848263
v -0.37617216619717159 0.042873434849213396 0.32547747722477055
v -0.64648477114937197 0.76358064332077336 -0.090352183382663445
v -0.291352642422679 0.63764176222517754 -0.21838827438187258
v -0.27644535227310452 0.37470704470453708 0.48733110770177995
v -0.39025983467295977 0.049781612295757033 0.22301791852907299
v -0.33041861772884668 0.029904854299011571 0.31218573789199805
v -0.11117207136209753 0.35337910051923199 0.63771964144011151
v -0.074377461894216831 0.70207983469048219 -0.23241666743653089
v -0.46670045996643605 0.28547610739776474 -0.038729824592715123
v -0.42021272950573402 0.3412235272833174 -0.054238289605206783
v -0.43002189086343406 0.54959403327529732 0.54092613169749704
v 0.27360920351426754 0.51201015928096427 0.58825441701796788
v -0.34308383549246063 0.23911279822668416 -0.028736567116951744
v -0.41937604490716313 0.6840398141156081 0.53916685234770068
v -0.47708710729087245 0.15110682663164687 -0.034174669952220973
v -0.72576597926945219 0.074900774425513447 0.050641676740099548
v -0.41840666025128637 0.21649818552400241 0.49599419165619524
v -0.52399603537332917 0.082619563988320405 -0.042379200730857103
v -0.41574961955595779 0.10118139619434044 -0.21527646727727232
v -0.018742477534672532 0.066176729814288945 0.23402519743022923
v -0.29712093315206739 0.18142672049703185 -0.19353634204479692
v -0.68805714610850577 0.31725106223968824 0.24123976677371159
v -0.7589789858587046 0.37585745812310234 0.25848171153945515
v 0.0044410693020672434 0.72353478632284207 -0.17180397616991333
v -0.78260924053419678 0.44011885781829724 0.38093947293530894
v -0.31440270591736452 0.5366521560236357 0.52387115743967216
v -0.31232063384353098 0.37900316308597126 -0.21278333363210378
v -0.24037405674612425 0.080682632578203628 -0.10629917671996576
v 0.21180463896453974 0.13390033468943766 -0.1633179544464923
v -0.5673033738928267 0.27780064775828373 0.23577328758917207
v 0.42206473623810242 0.19470931018649179 -0.021756673293179193
v -0.76513804377211447 0.37893319904348088 0.21756598222971874
v 0.084358642026785363 0.36117279377467826 0.65413335484897206
v -0.27479558268385668 0.46123976036401515 0.5131374040159995
v -0.9121023068830677 0.65809933677858368 0.22208445551767445
v 0.38073101940566467 0.56248620304899 0.50417803233127767
v -0.37361966402510871 0.48105248109124177 -0.11628627540159225
v -0.55752487053150612 0.34288594656125709 -0.0018989220551401443
v -0.56466110403241954 0.56619403011555103 -0.13377963449749236
v -0.3164481531982668 0.61834757516477556 -0.18206315352393332
v -0.59018218034605785 0.28530582157932438 0.12381932790833164
v 0.11801451090973791 0.45445334251377267 -0.26715673530721434
v -0.87865545246259125 0.68879199553296311 0.097726666144274124
v -0.81147837389544519 0.42116793611673409 0.24034447989448193
v 0.43643444270543913 0.24647378479534934 0.38051682479108812
v 0.41762018070040219 0.67223764700805089 -0.039691835919307319
v -0.22024378396586733 0.75715705326216498 0.53481423383059989
v -0.57068640701700091 0.55388790603509674 0.55650810775684811
v -0.40817289654333611 0.59212054626074251 0.53407917168026786
v 0.097781946076070478 0.15624860923489686 -0.20857383671013749
v -0.46459761935259164 0.35631827428587126 -0.05946201415589579
v 0.54156891086272319 0.23542731427869132 0.0030689323634676825
v 0.098137715414705756 0.036591664144945094 -0.1661930740718445
v -0.54835076624028645 0.540366171101482 -0.13233587014894366
v -0.70580589165439123 0.12097015375716821 0.073387789009999316
v 0.14084027091729459 0.37565337856050696 0.64090725358875744
v -0.59063887315828767 0.28840268532535046 0.17455605068934846
v -0.21637511993585579 0.65849653134416719 0.5643196047657435
v -0.32148463000363209 0.31491718589097828 -0.12028075143987101
v -0.35802863637804155 0.28549898645721877 -0.035913580053160581
v -0.73693185808247974 0.44499489427666766 0.010575699269548672
v -0.76111878340891193 0.67620762850190086 0.5056717333644174
v -0.35637111913285913 0.1604757174205689 -0.20713758206761648
v -0.72601288009534581 0.07489687153230476 0.050784618106138331
v -0.71941724645957683 0.34365967014608501 0.15387066445570829
v -0.3028727007726702 0.035008242764659005 0.59165064958793689
v -0.11015874039183274 0.18889164557949303 0.59391974233564304
v 0.025854339559481198 0.21604612401923595 0.64009623992410603
v -0.41379764771159766 0.1575529091379364 -0.16111576440290079
v 0.030424448380412496 0.19259082330697905 -0.24848457005362323
v 0.2692964514925778 0.081616973294165882 0.0048803840241910482
v -0.46513131105558198 0.033557324335014439 0.029018391155897365
v -0.2265297638257372 0.54446082182051059 -0.32838144863867519
v -0.88249637280668869 0.68660279681780523 0.37899749101150404
v -0.73797057890153683 0.10771554924803012 0.11703611685465522
v -0.27518939438493373 0.20010625614973163 0.52646808017098157
v 0.15648998436884859 0.021448701730765705 0.45966337636331889
v -0.34306967553184553 0.1972026388336906 -0.1173108658711737
v -0.25818633495774068 0.40098257842634144 0.50202717168283673
v -0.62623621255820583 0.33237324074607855 0.061747681928257206
v 0.43182911561855353 0.10459136169250285 0.34568912983953898
v -0.23583038531622841 0.46495745029044733 0.5814440242760438
v 0.31142248638502207 0.14018368568349684 -0.015301986089452827
v 0.35759449131273363 0.44719752452808692 -0.1263740526614886
v 0.47822723569406589 0.36618107588407156 0.33124837646182831
v -0.70170799657332716 0.043210656210376883 0.029481545578644974
v -0.4972433209129844 0.085278560868185652 -0.066799528391596141
v -0.84875366238525618 0.68988513052876033 0.041872632294796305
v -0.71918552002023872 0.33671057239022401 0.24343649757018104
v -0.79955385976340887 0.42226051133056852 0.16700714927511523
v -0.53174563613842718 0.23590057400668396 0.22150304209567689
v -0.75844209451111921 0.37627167405422762 0.16135079729715901
v -0.36583643566233232 0.47740002524202685 0.5311115542180922
v -0.21030282909817405 0.061899301694755188 -0.22089468046434216
v -0.52102470505020992 0.19106283990547482 0.4767502655194199
v 0.13034697110991114 0.1152219065937696 0.53233019050581443
v 0.32394456126652743 0.17459145969120313 -0.03690249503129641
v 0.27268368722622044 0.022479750213602514 0.23024043933343008
v -0.64982170780863335 0.046680027108277379 0.27709228308118616
v -0.50505860119878287 0.54660183801273976 0.56055635571501716
v 0.39726056195418852 0.60904458199044531 -0.1024718870613245
v 0.10083215964074635 0.40938525215533494 -0.2749064438860444
v 0.24975564384023519 0.060724167598838946 0.46791240017522961
v 0.27934655481348658 0.42922153480476127 0.57089488850216685
v -0.23226565766049959 0.11695196990908392 0.63813641823266753
v -0.18394201336288735 0.68300270349541714 0.55762689527698839
v -0.35227610454993075 0.0325018660983597 0.15865790345113362
v 0.50552515842873191 0.38178560842434628 0.30094913961147962
v 0.57686257705729427 0.41233743340059492 0.12762956604239262
v -0.67023877710791491 0.14974196148122196 0.063854224464094098
v -0.47794661067372857 0.32408634674454317 -0.04606385087128971
v -0.36328333281739261 0.43159268381757893 -0.10511640984136275
v -0.38870036440856642 0.29451447762262739 -0.037638504935682694
v -0.48975352803437555 0.1063267206733899 -0.045559155936340898
v -0.023279651202172756 0.69452156910875984 -0.24212273615946941
v 0.02549765435358356 0.029961604553901625 0.11660175932246819
v 0.30512154615408138 0.42977369410190908 0.53845686081562383
v -0.18929187136996653 0.23069212045435858 0.56033599646881649
v -0.81949683398707729 0.46610772213339846 0.31954893696904579
v 0.5211147766249602 0.10779772069071195 0.24716518609891255
v -0.28841068014588572 0.65368693528375876 -0.19310048824926479
v -0.39521998800282732 0.031386376116617758 0.35997431522197149
v -0.77495797296626445 0.40355036146665479 0.29988474061937959
v -0.38147610439385937 0.67994270006137858 0.53276385517885994
v -0.5927756519313796 0.20271908902050439 0.15746155371433537
v -0.017441527478006143 0.46443733434397449 0.68657984556626861
v 0.33678781182028478 0.031598067072075291 0.22955121711983112
v -0.44481842555444523 0.10883321755497016 -0.17262369437502453
v -0.27926282984763806 0.67164427048026576 0.55804377299930363
v -0.53677066497957138 0.61202153474963816 -0.13782482175871599
v -0.3178388389251427 0.032406395704254819 0.51175897478616539
v 0.3888681522844189 0.040187834341499258 0.16270997364202824
v -0.77202815567126071 0.42842533208074962 0.076266859318993213
v -0.53448770321525896 0.33331236206812881 0.40849000860964119
v -0.091227956998449974 0.50756559563631398 0.68053071028185974
v -0.2761018439859384 0.032892712900019209 0.54252806880730109
v 0.0026241070142713633 0.023755792485017666 0.52677745264809339
v 0.075020593983104247 0.74434787724669038 0.53081754701423223
v 0.033322983967938404 0.7413079521367143 0.53862625620126303
v -0.31015225848377465 0.34598347766275783 -0.18330874622338378
v -0.011129756353813004 0.30784703380678197 0.65412428280023982
v -0.24747918917958775 0.031541538659424266 -0.19043996244815872
v -0.88985560806672337 0.57490570501069627 0.17496424548230555
v -0.51455541227381796 0.34079348659590869 0.43608935577174812
v -0.40085646639822747 0.56912842105791517 0.5339791632805535
v -0.67685653410061541 0.71699307392981093 -0.077971405953249237
v -0.23334682397541093 0.74361838623953036 0.53681947478413394
v -0.62697920270214591 0.71704420880292319 -0.094647121796844438
v 0.33322464894476977 0.24570445136247704 -0.10184330949724893
v -0.78331201313949272 0.5278009200491427 0.46671837616849121
v -0.47802426188020075 0.47419425277643196 0.54325652350041231
v 0.65035500840985994 0.27403403054951392 0.14594976911883001
v -0.62488299070174547 0.13044107446577888 0.35636254517851668
v -0.25330197150845157 0.17099608650332457 -0.21221220268166835
v 0.319651063568897 0.33033150387516441 -0.14872692098249271
v -0.28325539091996549 0.23972598654632596 0.45932697094580527
v 0.43353252785172658 0.11208770871813097 0.024657208051015553
v 0.047844916937695089 0.04030191824518118 0.055990430591579647
v -0.28025737689956626 0.045156601827794352 0.50060999785423022
v -0.53075295001927847 0.031401914580547002 0.15343752172542593
v 0.16269909319706582 0.39187890283538962 -0.25827921611856519
v -0.49148675008278481 0.6971460735957179 -0.14126837394528885
v 0.45239125255227075 0.31410631227554947 0.36372306067523552
v -0.8599144055552207 0.55111059733364598 0.099346152525835577
v -0.23452851076477996 0.049786569566250785 -0.13210942880566809
v -0.74248991848631352 0.047036423249073353 0.14090607896176094
v -0.6268268662967823 0.038521999380182755 0.30104722662736727
v 0.39974436473278235 0.50171060638226939 0.47710418333589261
v 0.40266180449771161 0.65781188662642398 -0.060754538298362422
v 0.11315035027509344 0.060816691239283675 0.38129674218897347
v 0.46370053923972182 0.11671859873751254 0.04453241110809085
v 0.30817590535634098 0.55188429178103149 -0.16701634537367646
v -0.31964498069920483 0.40263539954098737 0.5124766221946544
v 0.34644434374126531 0.50075946714492958 0.52295706981949286
v -0.57014022986164592 0.15768738969413562 0.24015548158002817
v -0.68053254628328042 0.06652619210751895 0.40011805374079978
v -0.907758990857778 0.63856701574376806 0.32092734960679609
v -0.5077558014573107 0.23875374638823363 0.43126732057841372
v -0.25826852098310976 0.04284542145816865 -0.2216139758536487
v 0.65786043176965614 0.30857018001297565 0.17059811195683949
v -0.47062287207452819 0.17968955268912884 0.49693181296692063
v -0.069187448184771669 0.14643660929208194 0.57029950109411909
v 0.36226878546246094 0.13829522653740089 0.37564055891511433
v -0.29151625935356418 0.46424449755789138 0.51045452767885879
v -0.36437619738555421 0.30216156726629034 0.50928764607957178
v -0.28898103062064978 0.51656626643820058 0.5218565143330739
v 0.56107704975957085 0.28568189031723695 0.010546936276858258
v 0.053170144230615876 0.026144948902674797 0.0840194682855855
v -0.304377002867321 0.067797572098338796 -0.23865472332896742
v -0.43957439951691379 0.61371771713409684 -0.14102490801145504
v -0.23608019456140497 0.25192876096000699 -0.24324156106604977
v -0.32930099631988258 0.41528305865433512 -0.18396651621671384
v -0.61743849283350261 0.1749998366233137 0.074357783765276422
v -0.61868103057118695 0.16657342961253338 0.43023725672053942
v 0.58685941298696453 0.151036860630268 0.19269707267165229
v -0.62842421735134679 0.50419276408646552 0.53935634204895488
v 0.15673006382020671 0.54309267845086051 0.64099299857463699
v -0.59844441823449335 0.51863888065464636 -0.1132199655244812
v -0.25731963177575179 0.039468262825787609 0.52765601307559407
v -0.29481148764502646 0.070391447240659016 0.4022867152541893
v -0.06276096298438423 0.56580731852722188 -0.32501551362911524
v 0.11273475507296886 0.37907722700932223 0.64896313234654501
v -0.25048102523502869 0.30370886623034393 0.48440525922758648
v -0.87447030273889881 0.62009208110365677 0.080678646185932595
v -0.39623343658221571 0.1961629156410927 -0.047797514974360057
v -0.67520388025649014 0.037079888399013494 0.14711087777925896
v -0.52680970322687892 0.0365248749691253 0.41312758995003523
v -0.42179726106134557 0.79315276166747029 0.51684186517875796
v -0.57775299436825345 0.14379978514255895 0.55080160949376145
v -0.89554458941329984 0.69244243245482018 0.15072855149558731
v -0.60308582441958991 0.38392774169292471 -0.0087207461930366229
v -0.22179397419024019 0.37717608355824706 -0.30909614751710607
v -0.37796356515288992 0.53716866130426155 0.54404508168773202
v 0.29562620788219335 0.39709342167232831 -0.18389400449915455
v -0.45275809757937568 0.59172048819803391 -0.14035282483527714
v -0.58642964304875445 0.35128464255180142 0.019587900437338383
v 0.51309220377978304 0.42698472415444555 0.15467233622665996
v 0.26362540861469436 0.021732789170932021 0.1374878071358962
v -0.10121663925710545 0.33019471285591429 0.64645030501719969
v -0.18391748637605584 0.4226789907997382 0.62964279825044267
v -0.67895037790090929 0.36599142449401911 0.38429019954258903
v -0.39510595464555887 0.060252098247703327 0.52785812792507758
v -0.37663302022004053 0.59490656664151909 -0.15980227547320194
v -0.54300963338817387 0.68380156349546006 -0.1357058870200489
v 0.0519577680386233 0.022015657506684713 0.22449993468707635
v -0.55971645633343436 0.037625678157566025 0.41156187300944264
v 0.29442903478239801 0.13384757761523167 -0.019583436077389427
v 0.040949716285259431 0.49637877285195631 0.67543812571429385
v -0.70508432675277055 0.62694298921932279 0.53951000609903366
v -0.40919746003477525 0.63387693363627218 -0.15607131876603464
v -0.27935516301244812 0.59523592546495607 -0.29031153566594298
v -0.64024403603210367 0.050696660882604841 0.53420916547782726
v 0.097776830188081351 0.13834866409024002 0.5686144025541765
v 0.43501220805890384 0.13476978217863422 0.0055788332932098245
v -0.757544369421014 0.53211087675029001 -0.045030276441098603
v -0.61627490398575369 0.094550459015564303 0.29730117429614855
v -0.42227159328132552 0.51377797388838431 0.53161937346453891
v -0.28808888647293579 0.053221546773373776 -0.1316886120857462
v -0.5892804548139744 0.062235599375543155 0.57312868113402249
v -0.25760952440616935 0.71678695158558214 -0.17146956825154991
v -0.67020824384114441 0.050415510461542377 0.0056084083378850564
v -0.32756302728201658 0.61360182762717141 -0.1806915123662752
v -0.034222271144482314 0.73680126669382151 0.53723962530177316
v -0.53153333979606354 0.18034300297296108 0.31722565449647844
v -0.33419628945884927 0.037377804705504052 -0.22770671414433286
v -0.76133567958712967 0.51197162022742493 -0.031407773826509999
v -0.27343506853020388 0.5763181359023406 0.5485554260169232
v 0.34264559744102074 0.41940731291814637 0.50947231267124493
v -0.011182674876341182 0.72246238768946514 -0.17602082547531547
v -0.31351268953898009 0.42001396677219516 -0.23231644372326055
v -0.37684363951863148 0.045187979245830387 0.53335231870638111
v -0.37529763769885921 0.042703008291477981 0.28442978429767984
v -0.27611052804656327 0.25337903272822865 0.45993695428145609
v 0.24016519539794443 0.74874603215815383 -0.13752605978748736
v -0.048074081282881098 0.66469961536528077 0.6469285200025936
v -0.75252011357320558 0.43379276989490295 0.03134428290192217
v -0.90103317630172675 0.64556356204406173 0.3435170449460232
v -0.52056141430654779 0.058593700202370737 -0.054109081246369671
v 0.25907672024490486 0.21299620689461263 -0.17620766122101833
v -0.35156717311793562 0.51217254219789898 0.53839436265168006
v -0.56144097361005019 0.036825380229935076 0.50818806485375234
v -0.51190667866854533 0.078213658394246904 -0.049489047957856518
v -0.37870644937109016 0.033416075010588575 0.18337685844453247
v -0.22310835372759422 0.034205163792833733 0.54431472559892458
v -0.54681070356682415 0.64335364754302216 0.57010499548036575
v -0.25684113149041932 0.36823532135807296 -0.27927309789582377
v 0.57461002375419512 0.4240029755431074 0.18880736948839691
v -0.032605307010479243 0.48935181077125828 0.67925248703912666
v -0.65083045946218232 0.063801619239719762 0.28198488159374363
v 0.25671113287314584 0.77862536765515911 -0.10731521525821745
v -0.37907933616376138 0.76338301192439484 0.50911567553813541
v 0.37964394290248527 0.48631815613163371 -0.11167409031481694
v 0.47075937782091382 0.57822358152667885 -0.0013608599685718723
v -0.82975954242212491 0.60302277660919523 0.020755407618940337
v 0.088908233372826176 0.11649639646056714 0.54098134147207322
v -0.07940165695799975 0.12349767022945599 0.58772952049409
v -0.68550971877671019 0.31914908311765733 0.19480325259542655
v 0.3414387143486563 0.33984740954544224 0.50044367268538037
v 0.41118538544105426 0.35873762334989023 -0.072034336077207189
v -0.57910765851589541 0.33575967579664134 0.029354235457757796
v -0.60840239397495299 0.68684202731897925 -0.11432072721319936
v -0.71233476604291546 0.3404404930559341 0.29526644567883603
v -0.38966004123421805 0.53703596968135447 -0.13381894258451246
v 0.45569264573437912 0.63313707735114177 0.37929932710804903
v -0.27493603790722476 0.088243600047930734 0.63554005045149364
v 0.027713880586535296 0.026503244220297432 0.22436862033029972
v -0.47957250583275535 0.13691798446907444 -0.037706476708121044
v 0.40082045953902734 0.29175495346692049 0.44500194541443022
v -0.32625670806321982 0.78356379694764056 -0.13772297335909964
v -0.31374259067159765 0.1406454854607718 0.57782660863277768
v -0.71192917710544867 0.065579659855277625 0.21820128335605096
v -0.52410287026354407 0.23635321950722196 0.38941981022903049
v -0.062980814426565668 0.69573827197294336 0.61196282353565179
v 0.078261304408525231 0.25213644334950586 0.62600683661817702
v 0.1862885391630606 0.24114641971850895 0.57973145638469703
v 0.44762008836453371 0.30316848038456334 0.01738273023978042
v 0.013914803150791062 0.7178070206409235 -0.1769228982664601
v -0.70351484298360267 0.69540633012108399 -0.072859502806850357
v -0.18390749226048603 0.51715708002833882 0.66946468230191558
v -0.18581997039964884 0.4657974965059965 0.64462412972740268
v -0.62681895042483016 0.040405425939197021 -0.0048217903761648313
v 0.45473427493472085 0.35263380436296782 0.3656998844437257
v -0.90904373166822061 0.64461297726992228 0.18771026281092182
v -0.40570923439360512 0.037106448766749137 -0.10577587266880821
v -0.62815750683213867 0.30911771212522399 0.13793023791531703
v -0.19542653585452663 0.11013013011208288 -0.22343446702923614
v 0.33594205176452369 0.46325345928056894 0.52951747073460687
v -0.65873958284339973 0.49254413936987168 -0.090323626805406093
v -0.39097321557834847 0.04792199728127506 0.25458215881873275
v -0.36115039328343979 0.62674526564923572 0.54496162303110818
v -0.70719144058460048 0.089160471591539933 0.027252098798950644
v 0.47159865665292117 0.34039473940745374 0.34023256397936574
v -0.57130731311115679 0.11137436072124306 -0.022653165266251184
v -0.2344196144472703 0.045430861393415976 -0.21717304208042584
v 0.38022958480425773 0.6703177367750367 -0.078393294691638832
v 0.23507002014409326 0.31779937335615366 -0.2126541243418992
v -0.77294077956837437 0.58541739075445021 -0.05349402315161756
v -0.52133393727667676 0.22083557136010032 0.41414744920266106
v -0.53325888058688875 0.033220080942253448 0.32477816247637165
v -0.56778427893995964 0.76319893133355521 -0.11044923090583413
v -0.28172193541251628 0.052729987012007457 0.24662764835242357
v -0.3919122197899943 0.68297708486316122 0.53182868581237008
v -0.5143819986868996 0.042074310724912398 -0.053503157021749306
v -0.77876615567351593 0.42133828806420748 0.10406362835766914
v -0.083027151121067594 0.42415822533577119 0.66395684811533418
v -0.57669861622340313 0.034380116804279694 0.083508698348893767
v -0.61410875866618131 0.037365367675410724 0.41590872575934662
v 0.42536483581746831 0.73938423083339089 0.0040632788394406247
v -0.40801675791624747 0.5578889585789979 -0.13744576092035315
v -0.29339139210573201 0.52730147775082792 -0.29664990995646773
v -0.49731643936587772 0.5580642255381314 -0.13400104520071271
v -0.40033459872181959 0.041917776216560593 0.076573966231307716
v -0.62679701791417164 0.084696895722166488 0.29312751388269465
v -0.18608618622181847 0.21732679524366261 -0.25723720609116996
v -0.85815121425941954 0.58175952917041551 0.38927701257200731
v -0.45949802820356045 0.049337311483995887 -0.1907365206660554
v -0.22165525616276313 0.049829771075219201 -0.21743635903644556
v -0.086519243595198275 0.31430485350341492 0.65068711302735216
v 0.13912767729958239 0.032426173765070045 0.37398164815959639
v -0.46756159789747459 0.15160558762468704 -0.04099775404477967
v -0.88214041087016637 0.64940399295822693 0.11989097984561214
v -0.28995597850722804 0.031931764532503792 -0.16893329087272851
v -0.012621379364522357 0.39980560617031802 -0.29149289793249794
v 0.099182958274025568 0.22799279022684807 0.62023628469300129
v -0.6618291611823619 0.041050546396292797 0.41925408837710337
v -0.36885895593817547 0.081867392933289374 -0.056003611489312287
v -0.75476973233194755 0.42199534474978168 0.067788423478568852
v 0.22761025351370151 0.029425565538387519 0.40450939256869523
v 0.19859688712298212 0.54917913157445919 0.61073421671221428
v -0.31486962340958469 0.21050814507718871 -0.13065032448419359
v 0.055353618574009916 0.21599148193347856 0.62666003120027802
v -0.1716301802184671 0.42941700747320821 0.64121375108939538
v -0.067174135016287981 0.081861899735796301 -0.054090045278566902
v -0.31245976897064587 0.58222512363246637 0.53483165423642109
v 0.42711230969580455 0.56983322298995676 -0.08173631323745803
v -0.59670691320344948 0.54400995310075018 -0.12433697864154029
v -0.26166429311521577 0.23486951346108298 0.46942561653998077
v -0.57840323490215806 0.2777903314704529 0.068607349749931851
v 0.49937210933128962 0.43916836231645368 0.2860233136785611
v 0.20764441378799281 0.42212178296294528 0.61040171615035965
v -0.43108303848868001 0.14870731025927236 -0.15673743331054862
v -0.91300958057320836 0.87060594651210965 0.15207670425223621
v -0.65875697983458348 0.091959161025248148 0.2567052568731209
v 0.50295966662958291 0.38640132297572582 0.082523325895945396
v 0.45770418148466596 0.61386738838042165 -0.02622785402828667
v -0.43471146644323888 0.72984209722258531 -0.13538138274956127
v -0.32430446851526601 0.051458159708671361 -0.12954698016276209
v -0.4584361404587729 0.087712183598027627 0.55101589056515254
v 0.25139179812997942 0.19719619615047493 0.51418064142649078
v -0.18932929096689027 0.56574237587348353 0.66415110040244363
v -0.44537096325789 0.03337678716193411 0.06271995526360527
v -0.63819668218218151 0.56015959915763502 -0.10803424197166618
v -0.46524365257969663 0.68651293034062988 0.5565501693519026
v -0.36829269643375723 0.59691066421472516 -0.16682876984349138
v -0.30112710158502931 0.045292097947657636 -0.2325716036729468
v -0.30500726683317581 0.036094942484608677 0.50136449953465467
v 0.13473299187816232 0.56311909295708706 0.65431634039667563
v -0.72307514278359852 0.057934137646032169 0.2087090179643436
v 0.33365599801331769 0.042304443465132104 0.27691235221636845
v -0.72948056567740327 0.4502002457223459 -0.0087627658558046759
v 0.50206584547793298 0.58417909797838874 0.10410537874025678
v -0.46820780742212487 0.45882033328655081 0.5327508944938848
v -0.52248207006077119 0.58423161578098137 0.57048605337314251
v -0.72376480620037431 0.47520767303263839 0.48434866561317519
v -0.47206879750020292 0.032323626553732616 0.36324388623447496
v 0.11457978564893531 0.029372676272929561 -0.016518599598802804
v -0.84658213980570585 0.4873852370558685 0.25455389512571425
v 0.084970788721888804 0.64984606323984606 -0.25755883122435186
v -0.56599627492081872 0.68177812279208883 -0.1343314569948085
v -0.406655154026906 0.64401641285053635 0.5362985340520382
v -0.39710955925840336 0.58570757922019789 0.53532581991055028
v -0.302222886543768 0.5259918021576202 -0.28527139286781361
v -0.48558380988896627 0.28092284761594988 0.45630547084413986
v 0.32086055560179705 0.7623728398679539 -0.093730899022241604
v -0.76094853516978134 0.41401155294715625 0.0866598269541074
v -0.77337940142734196 0.50911037830841865 0.46066632226209819
v 0.018615467323820661 0.61462666892852069 -0.2883588023430555
v -0.099247411011471262 0.3920171626141683 0.64575275913750074
v -0.33571487779926451 0.12086193961945747 -0.23869285367060233
v -0.030021584624565598 0.55870658046880883 0.67329333594844809
v -0.39284926851180846 0.64502456092608496 -0.15995645126013952
v -0.73758231097331162 0.35357092111065536 0.24440844796018582
v 0.3718092403632357 0.58413031437660368 0.51046378282107585
v 0.40073621415223137 0.62303011129081332 0.47427334649542896
v -0.74636962435896648 0.084982923448104167 0.13907470333976985
v 0.60162497683002514 0.27366465082530222 0.049213138310559644
v -0.01699853283849647 0.15879237793437401 0.58388858560545875
v -0.63535267801631434 0.40400534476307043 -0.031858352366805294
v -0.31648556816731427 0.23067899363577707 -0.10448621271949132
v 0.057655820765644142 0.34140713216955559 -0.27525168726019855
v -0.27344383660931032 0.69640893733648934 -0.1720561407965312
v -0.89312403041597832 0.58288077987593601 0.23906978567161355
v -0.57022878606346838 0.033307771842408074 0.32333130054686715
v -0.54079278705069145 0.036139674452943762 0.19283229344867245
v -0.72960653043053392 0.41378279708462318 0.41621966360684098
v -0.88228667839320596 0.62336874495189931 0.37123750803511163
v -0.37354231727288595 0.36627223842936701 -0.069732840018836909
v -0.35063698255663822 0.77675830733774809 0.49853542569554993
v -0.89506859615941969 0.65569328318286024 0.15086905156688002
v -0.27295260058794613 0.043017190508511494 0.62804399831843227
v -0.34028244687880949 0.43886781027129879 0.52409667651719782
v 0.22460652118842575 0.67070878158064573 -0.17493213146385345
v -0.73885069616920018 0.043344551707820915 0.12014943672661987
v -0.61793048348945256 0.035941984668865737 0.27971651096981215
v 0.069349429270046892 0.38774403086418879 -0.27497844385487552
v -0.27582249797253006 0.21231086570744373 0.48733168518468772
v -0.55815398714706044 0.19177190415602383 0.21168396563431524
v -0.45128522944072919 0.64506157753511661 -0.14456680045969333
v -0.58774368971528124 0.27099375934183761 0.10510700602273503
v 0.26505630803129543 0.37033792462059334 -0.19390789184093146
v -0.18414989472141502 0.038791424625712716 -0.13436321258624273
v -0.39073599023059452 0.034153656097578936 -0.19101181330087003
v -0.53705649441119063 0.045030353819501205 -0.045934694965339418
v 0.068952802683527964 0.57553337819343708 -0.28015675245630489
v 0.1120089020060499 0.023525007902651673 0.51513234950367637
v -0.020661616165829282 0.071219287374695364 -0.19870288352838042
v -0.5713116785437663 0.41233256161842013 0.49608016442011432
v -0.90749384089963403 0.6869933247980724 0.1897113278454339
v 0.65675013158892759 0.33984383357942921 0.17902705537676999
v 0.58232023564913504 0.24196774820985598 0.3454371031247187
v -0.56393338717411379 0.16802691609967746 0.012063803522273625
v -0.76993928039376991 0.55531633808519598 -0.046904860049761764
v -0.2331169925232405 0.033078766128630997 -0.19443357516874532
v 0.14834973784413377 0.75617345350947884 -0.14732644640621975
v -0.71819735680954633 0.079466130789846601 0.038847239629338289
v -0.19899815881450306 0.19764895375044889 0.54971154329559468
v -0.54388245202829899 0.4644634723193663 0.53302535351988678
v -0.72387709295201108 0.41769966751994453 0.03240374327012821
v -0.63846158841274414 0.40239788248781738 0.46793589410432118
v -0.32849722626995198 0.075397797545072962 0.60009309713670633
v -0.35128065968227773 0.19785846190843306 -0.092319360090593064
v -0.44434316987596789 0.14861256400595341 -0.12200274233138632
v 0.28493390283068637 0.77171037464413395 -0.10492227056882675
v -0.24473118998798429 0.47705847843717913 -0.32433945988313878
v -0.32267942365429392 0.29055462424624673 0.4868611680708046
v -0.035076070800803882 0.40450957834202556 -0.3018563412952176
v -0.23936675622444564 0.16085796052558107 0.60625550262956729
v 0.0085175146919881355 0.38102356139546945 0.66576093605914388
v -0.37679078757486706 0.44111884274978436 -0.10408304196383059
v 0.17654410544694787 0.62661512163279054 -0.21896049424620984
v -0.35593788338315718 0.19566864590615482 -0.10602985688951452
v -0.86352143963910644 0.52566435286783986 0.32161777899878924
v 0.15303065602514401 0.2503725972742275 0.61178954032484412
v -0.42986778896897326 0.040723986248670817 -0.20680492802967176
v 0.018398123660059544 0.44191712251894583 0.68778040937920815
v -0.46764787016971715 0.058095419875706059 -0.1797134449434982
v 0.49590999818143772 0.46253469018887278 0.30581082328091475
v 0.25758230187463083 0.032268484103248327 0.32188941274384053
v -0.32993052377758708 0.028484931561484798 0.26573905923412167
v -0.49126512056023974 0.12260936091072512 0.55098711780009879
v -0.57694737712747679 0.70022491787098784 -0.12869502812029446
v -0.50974681233057084 0.72635857800880377 0.5401748357079732
v -0.44407142950963235 0.036070896056256206 0.43713694606250708
v -0.74761808502270188 0.077672072462215067 0.17810479449276723
v 0.35005851280363842 0.74875930752817355 -0.082279437827052271
v -0.40141328195057885 0.032968805693382272 0.36014424208572837
v -0.45906672320101699 0.19147860532417435 -0.030707720163067928
v -0.26801815259997175 0.13296362074862661 -0.22914403348749995
v -0.4822814582075805 0.080922822022946636 -0.14028571165710926
v -0.6032624142817703 0.40813914377954053 -0.048456058463381989
v 0.62619537734843389 0.21705271732644044 0.26472582510244874
v 0.11474353940281889 0.57377706858220079 -0.26353829789000144
v 0.21160906245741437 0.5717742162667967 -0.22082171870608322
v -0.34586375533667152 0.0711908644817804 0.57475248962561554
v -0.34624839564030141 0.43183908115290209 -0.14474563830115281
v -0.073848417105951566 0.050563205020076642 0.59028636117428834
v -0.21205518971140036 0.52219904323114585 0.65505517635047816
v -0.0026784094112404203 0.66300572682545211 -0.27629007826565416
v 0.14519846834620126 0.26803879157633637 -0.24435606602608292
v 0.031892240505131751 0.063547846630871777 0.30836529661373319
v -0.82693757462474859 0.53195650456862764 0.42433874307811381
v 0.62647587163518581 0.37870563432141563 0.26881848712529821
v -0.38132385521365414 0.031438989350767256 0.35854052784956375
v -0.26397550164041567 0.06746355677645445 0.27262308066739016
v -0.71146121461439804 0.097892068910686483 0.046844407977784899
v -0.52740509024899473 0.26698921729332831 0.33503062306560139
v -0.32041256868955759 0.56261516267902723 -0.24045667636358037
v -0.60216921523268829 0.34456749495632466 0.034304880083927382
v 0.23933923033234078 0.77200654846305883 0.5100631689502132
v -0.80197260267881765 0.41388331056969863 0.22493112052205805
v 0.65667180367841105 0.32763668231538035 0.22336996463199044
v 0.31516455126258042 0.22751809807063991 -0.12237694927940045
v 0.4455352423922645 0.18572967770805826 0.39237093578540694
v 0.025002432233810386 0.77489938311488848 0.53764061295494481
v -0.55048629013859929 0.033732553884485116 0.22199025845998793
v -0.57679886446619089 0.039585226267275377 0.55130088678151168
v -0.035580613663787286 0.13149342308981476 -0.20483530125654731
v -0.87011613124431608 0.55912484941769214 0.13270255794584626
v -0.48795534699556103 0.57426754992346363 -0.13781748366964902
v 0.13311075382622298 0.65121285392716344 -0.23039358888700051
v -0.51372982099780617 0.20614931570952111 0.24907798079342477
v -0.406907925248988 0.13971317353484397 -0.19111704543344948
v 0.21263822721666656 0.77808500929866664 -0.11764172940236679
v 0.49073992818885753 0.37726168066980426 0.3139036266485099
v -0.71872251780055108 0.76709334244298677 0.50079014522224896
v -0.43031897282980086 0.11168348052657562 0.53562873116665222
v -0.67746746454680373 0.16542401947598206 0.15362505847354238
v -0.38608827815069302 0.061122769624423826 -0.071344384786953652
v -0.51149204308520912 0.34868999434134135 -0.038034407021605224
v -0.77208530672904319 0.64877785449045888 -0.049922883904838761
v -0.4551754564420924 0.46225964193021735 0.53113147174324438
v -0.75144956210098901 0.085178889246533954 0.15596044122579625
v -0.28831783691427104 0.20647464025098405 0.49970010696502082
v -0.22628625953379747 0.070491728203658163 -0.22446126538606073
v 0.045928048209997269 0.033425945144642373 0.5457956254805405
v -0.64771594324673454 0.046301443644030854 0.33463264855138297
v 0.4086365306081709 0.22773137837761812 -0.014780002429085089
v 0.26845284367135852 0.56957284842996547 -0.19032890223620189
v -0.53610743099642311 0.036572554901008088 0.37484683488013937
v -0.35562234127090719 0.028253954893728023 0.18961421293185698
v -0.59686771460827248 0.038781665122568712 0.54138701267472478
v -0.28676768477671521 0.439634954489656 0.5044003938320073
v 0.028596141920806749 0.036916266845009454 0.46817592875643571
v -0.50389523725883134 0.042348801855080692 0.16723869753487652
v 0.29362931390641833 0.54750684243631276 0.56609402217244387
v -0.62765099173593797 0.11883107685364906 0.53596166422527847
v -0.74845382807646088 0.053552537565357022 0.10776164121786022
v -0.6482580417238526 0.30217688647328078 0.2187642487926128
v 0.28960886340984687 0.50975556723090054 -0.18716539895072312
v 0.21777769610357572 0.24594426594705754 0.5712013342155271
v -0.50820761706506745 0.031857186095529899 0.14798466553057774
v -0.28201522757089365 0.069777318108402459 0.15277982570980686
v -0.32161088102041757 0.43939670660247709 0.51838075726981636
v 0.49464655601625968 0.56192560007968362 0.31016453579926617
v -0.27393557077911868 0.62578423115441395 -0.27014193725915792
v 0.49136194492224589 0.62927050880776381 0.29577045525630558
v 0.31386993922770667 0.052288498755925041 0.31472469085455368
v 0.24113533165520565 0.02974825930467263 0.06608017953106593
v -0.63692535784201543 0.14382921623300654 0.39396912816801966
v -0.5862929817698066 0.61236989989241086 0.56826784193578084
v -0.05321924712140335 0.39048282520544852 -0.30203390771862543
v -0.70852936931002375 0.4861387164728489 -0.063831209597108252
v 0.4809548954258584 0.70309125318592736 0.20872701701958407
v -0.90460445195055594 0.70220890412282067 0.32112134915632895
v -0.31183846396755116 0.50849587654250694 0.51847181311661217
v -0.63478139012644808 0.30553087857800876 0.27861613621058373
v 0.092606547965402408 0.5037094638829468 -0.28510339321530392
v -0.79146284107971443 0.46831289919273678 0.030220499158611795
v 0.31061879975334727 0.29233441223434209 0.52068369351516097
v 0.57380549024318761 0.18365743249351779 0.30839429169364901
v -0.64242997393261658 0.10779480590477894 0.0040186860169924331
v 0.25233423750131634 0.6418054701606779 0.56565265370859386
v -0.78447348660470961 0.62915417614011371 0.49215853965538126
v 0.059442477852577037 0.065365290045996588 0.54559794333986478
v 0.48240810469948198 0.45978804829969172 0.035376292067228331
v -0.32101074629263215 0.65321568346071435 -0.17144727336798382
v 0.24605168472569602 0.12479167616220234 0.49672369174789049
v 0.084779717012842995 0.04658071539210408 0.33435573167878863
v 0.5004813933348663 0.24042750185977976 -0.01421641023615277
v 0.21915730335277384 0.76548432112005449 0.52266617652083069
v 0.37066895683461965 0.27348942348920124 -0.081150884053356159
v 0.16096022445354433 0.76475901329517271 0.53391388256588346
v -0.90740590210308392 0.67081424632612296 0.21280811615135592
v -0.53417768634659168 0.19580797618992166 0.43571231861376658
v -0.056545588979559809 0.49403398023631634 0.68444517568876051
v -0.49760914038807891 0.059944452957018238 -0.086813312331047318
v -0.55996700807277922 0.035020589736766694 0.34774748856008736
v 0.085480172120445438 0.025721410607738488 0.10337318369202228
v 0.29116501738841422 0.32237495599026289 0.5312360431476465
v 0.42849219249045439 0.75452973320596639 0.03908325021148825
v -0.87490427902277945 0.75552908917137951 0.36706048037386152
v -0.67827772919088558 0.31933127857619137 0.27543827832320555
v -0.67310110620601871 0.07693814099616586 0.48355388372383656
v -0.57796146269887838 0.15873958800665117 0.013028407614525204
v -0.42516799836743979 0.6514645856050606 -0.15342285458972765
v -0.21432166075099196 0.50108135718947178 0.64715490457876446
v -0.64560604264327737 0.53657339138673732 -0.10506586243155722
v -0.29089822897299344 0.41736870816682553 0.50009365852216936
v -0.030406002179683977 0.74820880098974119 0.5364760966698604
v -0.40011259055651577 0.78469333193366508 0.51402233962087529
v 0.25592192847510636 0.050162921479630383 0.4103446256889357
v 0.42791626641079056 0.69055690630179656 -0.022524643797537575
v 0.024679680713197909 0.30650731592934821 0.66128452499648493
v -0.80567046792683372 0.61548073582392726 -0.016299671211005503
v -0.37964582272640046 0.13149154989057787 0.51064217310757942
v -0.55355737983970754 0.13765028560061959 0.28170045371949187
v -0.26388282934740898 0.66108748107242732 -0.22547950392038255
v -0.62486394235590159 0.52377989788279111 0.55018711800666165
v 0.43791360423802855 0.20030167821370329 0.3900239553613673
v -0.56806295710694243 0.30525953531830807 0.022264893984860215
v 0.17937271636316704 0.03655079461821039 0.11403156585806015
v -0.39017527011434311 0.044548786849258407 0.29201613110014218
v -0.52142245757097694 0.071900429145432002 0.57568499658099226
v 0.46418164806359741 0.41487169610108754 0.0098833650883698929
v -0.40259936245565858 0.061650567775850637 0.0081023631658783419
v 0.27498810302462412 0.34427598647498758 0.54052548794922983
v -0.19189211686166815 0.49858853830523348 0.66120646146639628
v -0.83706478188473743 0.50728983624028667 0.35887163212770373
v -0.64936922656332008 0.15648356455035189 0.059217196152593563
v -0.49479129995053805 0.052463442461742622 -0.092444860216896491
v -0.04538295330730073 0.73183900555829839 -0.17172575736624104
v -0.89960597914912976 0.70724049763627006 0.16569837089699849
v -0.37976360517909691 0.73828779452204873 0.51909665683947293
v -0.200125966923274 0.54282165744521049 0.66296718526657494
v 0.2281556670540798 0.17843403902569821 0.51391839660026195
v -0.25982465816964834 0.10673535016952353 -0.23237783502376785
v -0.26426053221326024 0.099962907660886655 0.63643622805285349
v -0.88498223394855902 0.56208453237252509 0.19725307563226152
v -0.62273680034599144 0.11082380750775885 0.54350584350211728
v 0.25862996546589329 0.053583261795100402 0.034114502326566376
v -0.37762610659353235 0.74993114804427141 -0.13873886456796886
v -0.37114062931511049 0.13737604393920752 -0.2237429496843574
v -0.39931065915218189 0.11303362199864263 -0.22158432821768798
v 0.47534482469257938 0.67611474623751844 0.31208581097663446
v -0.52524725841053055 0.55967892352967452 -0.13583389511622107
v 0.50539296643828202 0.16413797726237422 0.3630605309046156
v -0.7335065096267015 0.3482804990437896 0.22320059475083714
v -0.62154638269635343 0.11184138897279804 0.32884323023744561
v 0.059340642209642587 0.027227319645900146 0.27795861311376696
v -0.010081488409161987 0.13856729442288448 0.55969768802396114
v 0.0045516643990295945 0.47796809469847523 -0.30590770558884967
v -0.56126522876721241 0.1382963503143268 0.30619234446607718
v -0.071928596920415352 0.72420504309732014 0.54518784950628951
v -0.35051216785945605 0.41409382674789474 -0.1154262205779838
v 0.079413850259500832 0.46030671513501592 -0.29178742692307424
v -0.41782001569191718 0.052633276429756459 0.53655699217198782
v -0.52192468840904338 0.035301622589158782 -0.035218123565368673
v 0.096804360096875167 0.72944069528389477 -0.15471353339746716
v -0.3576625202829436 0.029130724260329862 0.17442036357733751
v -0.27795699998302431 0.33204844020449242 0.47525119873414851
v 0.02761642410384605 0.65804573785564768 0.6482294382251006
v -0.66280654025150432 0.051168601529845682 0.35921370164593797
v -0.75078864308537219 0.055291692217157559 0.15406158110489884
v -0.17397139589526064 0.77480263838123209 0.52982945489370514
v 0.48920772381468164 0.67115727119628099 0.23227476796527174
v -0.89635363567535919 0.71539899536508955 0.34664008857913942
v -0.33723198262736548 0.057396201788372521 0.58602569436552443
v -0.25983094309063975 0.50222386380197004 -0.31601908099169879
v 0.088924140629759202 0.43581368444895924 0.66254272378271062
v -0.41871542027012887 0.72171078307629066 -0.1374542712777124
v 0.07953498244385182 0.090643629285730026 0.54332219451997632
v -0.22066548001697789 0.71306364683127599 -0.17366587180915469
v 0.26873968126429648 0.16475987050377924 -0.13555049982099346
v -0.41046926232403119 0.034533239446581314 0.16334323892550162
v -0.442656481728053 0.031363380071634007 0.36703908413436792
v -0.71017162588465566 0.061996201500029609 0.025730542333856663
v 0.34488862890541933 0.71139726632955058 0.48567773929775643
v -0.16947336349977199 0.51579745297333579 -0.33138869211871846
v -0.20416715741491992 0.082353234893948829 -0.076944380098707424
v -0.012284962472777135 0.037132755096303149 0.56657985409419465
v -0.2627680496408456 0.47114134881706382 0.54225433818762137
v -0.40307419352588558 0.12148003631011046 -0.21327588633528094
v -0.45803403051831626 0.46578815221032149 -0.10270384827529794
v 0.19826591865942894 0.030943540609302669 0.25768330074635259
v -0.76113911644311905 0.49408950214860975 0.46206544094010166
v -0.73835645631416524 0.076968348150833713 0.18904755171485341
v -0.66930284936563089 0.69788066524262182 -0.089025702785892558
v 0.39316617453570141 0.35823782309384627 -0.09026569320180515
v -0.32321781506984376 0.67329325041117327 0.55088688603428981
v 0.057267765265778869 0.025763607800260446 0.47165518781878335
v -0.78165936731442232 0.71269923513245503 0.48012637836937344
v -0.18137234278903716 0.63922259158477956 -0.3034417714175307
v -0.43590370871776363 0.69725230246683256 0.54240480508854882
v -0.87554547382484538 0.51887326934619249 0.27386017977543597
v -0.57479153783854409 0.19950129444374176 0.040412135534432944
v -0.72886926186781886 0.81609999634478114 0.50163988375147062
v -0.77103687734532145 0.81740781691753639 0.48370018151830335
v -0.75675273330798432 1.4376075163631046 -0.16355859902535111
v -0.31831567408596562 0.77854996837584733 0.50179201045284805
v 0.38742076013791787 0.74221234331957742 -0.055835380546576038
v -0.86209229260982634 0.71085667365888427 0.068116415941760294
v -0.41375982329951971 0.59933999912520097 -0.14068657512677696
v 0.25183483095290604 0.57655849687130378 0.58092611630090096
v -0.58293029881369973 0.099966306172912162 0.57447522110376148
v 0.15228499440902246 0.3355263152876426 0.62490058774092949
v 0.20092351411598242 0.15422726331944342 -0.17234917746376419
v -0.61082457530441336 0.42647840618157151 -0.066237568300746646
v -0.55199870652205429 0.27101441126222819 0.22693014627342967
v -0.77620168654849631 0.65589405453997318 0.49504766984135051
v -0.21511215640560402 0.47947216031072043 0.63384338446572164
v -0.34541306992778092 0.15130538133942723 0.53283996968990688
v -0.26396000186810875 0.41717329426289179 0.50295927195499179
v -0.35164030921698824 0.29718210731037398 -0.04152649327163354
v 0.22813658291383315 0.4283662409188525 -0.22541541017117678
v -0.67497567177510642 1.3047150169996418 0.0039793270657707521
v -0.62170966699377439 0.7422812029953314 0.54092346197129426
v -0.36467348515541614 0.77086732737571373 0.50120208642757769
v -0.76029919481217567 0.81638296940048016 0.49337744179522386
v -0.91201478551172654 0.69164866783302126 0.26448210161724217
v 0.088757165455327705 0.2988787889008846 0.65230305266010913
v -0.63572808835358052 0.035363221096531366 0.15669965370863953
v -0.72420199570268629 0.33871801445960725 0.2084498432944023
v -0.66077800447305701 0.1133339896242286 0.38424645868867363
v 0.29266445611218239 0.14627869013033978 -0.04894668091176823
v -0.64691694136510358 0.35000320440997973 0.044901304386371341
v -0.51919015169396487 0.66764510034437141 0.55514817534307292
v -0.65779988316409621 0.71834069820773283 -0.083522273128480207
v -0.34593402656441385 0.27551766127779381 -0.03581954304085147
v -0.35421584461858835 0.071784805022450215 -0.093843431582482983
v 0.04875131845312991 0.2695864622625474 0.64025337967753704
v -0.68876837146552161 0.043732629966371901 0.022832280471272118
v 0.37307270561586986 0.26319016019853697 0.46238516511383299
v 0.51852505739773636 0.42730652558034732 0.21004655112941037
v -0.71066425462491267 0.81823807856485942 0.4970287188224653
v -0.74037316530347552 0.81667835721337301 0.50157031803520313
v -0.46290882673721656 0.74481589944470439 0.52996298011172149
v -0.24792961950325204 0.74560677663488328 0.5340843562662807
v -0.75398918005083826 0.80557526396226298 0.4875007786217887
v -0.72789890503579169 0.80834199678058116 0.49760393193039737
v -0.82705088601661736 0.72091339598056692 0.028113942032731192
v -0.62491052111468293 0.60432592366331572 -0.11164972560768124
v -0.25294053563066649 0.32986699399205799 0.48445217185810396
v 0.075555830799770698 0.06608261989575033 -0.18710204247268405
v 0.068286420793448085 0.64811875878415648 0.64592308574118973
v -0.37736239711890435 0.29134231430090674 0.50760465587161352
v 0.12948002384095367 0.25109997869277378 -0.24760732166777547
v -0.61442844111110106 0.2949853833400401 0.19360828120419057
v 0.46002259939054552 0.31317073954366009 0.024470666471453073
v -0.32973711503693814 0.033195790596038256 0.34434220549737288
v -0.67362108751114502 0.061913740897490875 0.48887102386651138
v 0.020683916644481701 0.024609964096669996 0.49326780818846178
v 0.34685861817451208 0.55015156912899077 0.51574244900434107
v -0.41176798767793821 0.23765521008441121 0.49773913585762508
v 0.35506574963060106 0.38103078497859677 0.4911381739146366
v -0.78593490413465361 0.88686316960947187 0.66646389932325401
v -0.64153441221313601 0.74078831208774154 0.53998404289257451
v 0.4804177815641737 0.7100977440118329 0.16614602768017295
v -0.28977944387574339 0.7624642437574668 0.52086832297256369
v -0.89019130325885287 0.71832103657857238 0.13591274909022941
v 0.50339611137549956 0.096236420336928169 0.1284489770065603
v 0.25488542504033224 0.1601631224261833 0.4838201256159731
v 0.12621900667178071 0.44952038326009741 -0.26270535915318005
v -0.71961723932789845 0.62857608950219312 0.53723627645728234
v 0.31940282705635525 0.73609638675145883 0.4845093696881651
v 0.1891664492617573 0.033295323355244141 -0.015133398306773134
v -0.73039200256219194 0.62445692887473292 -0.073004356690383909
v -0.64432414142652017 0.041396743236038022 0.33648018220199183
v -0.65510822859614382 0.041242044614254375 0.37543717979656199
v -0.70402424730524582 0.45913916476113853 -0.042952200795882016
v 0.36684823891667534 0.04544225618596924 0.096646248214833627
v -0.29196942274458959 0.41809239650970892 -0.27111923387345627
v -0.42975090978021496 0.29702955303110873 0.50254214729823976
v -0.55744072541850165 0.25024069324633336 0.19487262945432132
v -0.41655876131201408 0.034648159716256684 0.43232370180304974
v -0.59953631267740115 0.036385528458519355 -0.013271591813402346
v -0.21428657682513311 0.36139825628742844 -0.30501474748302559
v -0.17768253696374356 0.67872373407279041 0.56778119060569465
v -0.84628376842937603 0.77960399357221954 0.39496198456874182
v -0.66493924554228878 0.75772493464833535 0.5255924787805305
v 0.092540131288775085 0.71795670864299255 -0.16160024300977793
v -0.37848158887411865 0.78450863304758123 0.49922175005683361
v -0.76550393520494819 0.71467542151125474 -0.041319377900372364
v -0.47284403458254576 0.65968818354583991 0.56147832130641551
v -0.25500847892284106 0.18231944492247837 -0.20980951366812001
v -0.91272733144044571 0.66441170001817884 0.30064603925702882
v -0.62020438055587046 0.035196088793476708 0.022520311360976594
v -0.65919483879313678 0.065767955258116031 0.27070720819623556
v -0.32773858330223432 0.13432703671903606 -0.23316267033686003
v -0.73190183578267742 0.37362864566825765 0.32726309873264953
v -0.29220413740045575 0.18989609176645245 -0.18655154755194897
v -0.54814632019882115 0.65459647914670871 -0.13948949314712655
v 0.24557734528975866 0.13340212042580735 -0.10113981005796138
v -0.71531439918765671 0.75116774913295692 0.5078321891901304
v -0.35490628710713901 0.082190405711487405 -0.06967958095282592
v 0.074357407442284015 0.15010165352216137 0.58431949995755728
v -0.37444143605798746 0.29294277451679795 -0.036601968685690225
v -0.33501480230941816 0.50702220821857047 -0.23120649865324994
v 0.15684798158627028 0.65690524777157844 -0.20797249968236872
v 0.17833055282464591 0.19517103490480073 -0.20686881551997299
v -0.44124669081831197 0.57814730204307674 0.5548302890527006
v -0.40195542930040701 0.60958719832499653 0.53611828176579934
v 0.22634266457770894 0.023271569155638286 0.27987528319405264
v 0.37707061791848456 0.20236056189149054 0.40866587757274137
v -0.38389918393641553 0.58960417001374621 -0.14995859143082646
v -0.47111450128794946 0.030794870523348259 0.11907341928159512
v -0.25727917665964273 0.63014648953532093 -0.28233487268017626
v -0.1856436182710221 0.65597962175495805 0.60653352360154622
v 0.14057624142886102 0.65511607312909026 0.60822540527761759
v -0.098763988051700086 0.73632273486988586 0.5371969459934095
v -0.27232161017052009 0.066304059005814459 0.30232847709253047
v 0.18740215292918452 0.092104390482105919 -0.15774084188592732
v -0.063039763256149087 0.072004568825160278 0.45416308540982242
v -0.5877544642389374 0.1171274613216312 0.2925206000040077
v -0.33226104663728745 0.032506293751482264 0.50126588024105656
v -0.57277482203066976 0.61535548771180193 0.56642681613315204
v -0.36549159507464846 0.1033065664513038 0.5467714729030636
v -0.68988801184510862 0.71979989533135225 0.53196388795868188
v 0.4693973305557162 0.16156687961656344 -0.0048621061634515229
v -0.53372216274742124 0.16689330479877609 0.3057267174621543
v -0.65506105439391105 0.69517844896484671 0.54101744265340301
v 0.15201506217808189 0.65264858043604812 -0.21898460490945154
v -0.51153813071185894 0.042940588790441735 0.19362521865355822
v -0.45937885485013558 0.40202790909568609 0.51166913791426816
v -0.53632324237187101 0.12292015198784322 -0.028680453627387838
v 0.035438885897337277 0.25407789834951366 0.6404860051036243
v 0.3526355326254233 0.40446458353457304 -0.13169030523536357
v 0.068564182626980386 0.19124625320604477 -0.23512037993342447
v 0.43619795511347725 0.55720232871811837 0.42671592226416599
v -0.68543760859382885 0.44597167922185066 -0.042382015389695785
v -0.65922874421815614 0.36821623035469808 0.40843581063900447
v -0.61756664016177265 0.67194562986950146 0.56219787543052147
v -0.47430968353250547 0.70060576694425403 0.55460790392810944
v -0.76871239383526191 0.75834977397241676 0.47545807808756824
v -0.26390079817278489 0.63919263335084442 -0.26625274300955987
v 0.21783095994826748 0.070394447181852254 -0.045693291110145556
v -0.73199182862307 0.79061853399660253 0.49370208913436808
v -0.74410916028864327 0.77728443497042665 0.4890506447349714
v -0.24543626311529596 0.083148489955419638 -0.081343149439709495
v -0.68188891200834822 0.053522936586887247 0.42280213509127751
v 0.29255383409000063 0.76103056550319947 0.47996460092873444
v -0.29456398183706989 0.19965900786217292 0.5136284320163288
v -0.43090832402452306 0.43023477710283603 -0.099045008002369081
v -0.4120809222183146 0.51463123200598682 -0.11845353875077526
v -0.006310963711479876 0.76890260460316506 0.53990583479946297
v 0.462745164322935 0.50466957227921205 -0.0049783931565994437
v -0.36230435818321188 0.59140911398174667 0.54621028678800487
v -0.57069631860007419 0.23405410297017304 0.044713131843618026
v -0.70526005036420381 0.49955629602223162 0.50744051515789057
v -0.39198931982138296 0.035747930968629119 -0.21681474532473929
v -0.21532044056728872 0.35752986074511922 0.5485841026235706
v -0.64447758233701069 0.086481750651565242 0.27215537333768469
v -0.40187969062488488 0.69132007518601113 0.53336784464670828
v -0.82510132640932987 0.43673448804202963 0.24006388555941466
v 0.24782756375197856 0.33454506930386085 -0.20307963498661624
v -0.31962227585794939 0.23773457814023333 -0.085071963035224393
v 0.20785626509838884 0.27151232515211127 0.57737316139793948
v -0.57133521028913725 0.16800571549504847 0.37010410180957976
v -0.54373958746556528 0.032223443244043803 0.16789673503141042
v -0.20881651296706835 0.16788769523190239 0.60647539917823445
v -0.43913589835020178 0.037470943643762473 -0.19555768538394841
v 0.037081760964873874 0.47628879107543209 -0.30042112515496106
v 0.16836030407491995 0.2887446616691221 -0.23688622577905283
v -0.70155066707847635 0.061427749138854779 0.018953135201647337
v -0.58468315856617126 0.1164851783728359 0.56505435751283872
v -0.6473988193744884 0.14839379201026254 0.45030578248411307
v 0.4311591217078789 0.067646602507667186 0.091890618642934657
v 0.15098479436164214 0.58666443976229332 -0.25447980240063495
v -0.39186642204863548 0.084730812014614298 -0.233577438356673
v -0.27933115417915616 0.063622926593435047 0.29759407970753382
v -0.74730796907785113 0.64698314638824073 -0.062848890503723095
v -0.58926352557462791 0.11786941240799075 0.28527362249893795
v -0.52448561540046579 0.16966106472466169 0.28673097921054391
v -0.17226844138107042 0.6252256318692303 0.64474584489954223
v -0.36769229773544632 0.029525411181854415 0.18633535188372458
v -0.66629691667702751 0.079235443435274777 0.36705445749449828
v -0.51364466012489651 0.16940423898828752 -0.015098512405247034
v -0.091072263206672888 0.17973629888789971 -0.25017585389804131
v -0.21179539326017338 0.5160046819500822 -0.33235961593342317
v -0.58221630786947998 0.17017069085010245 0.38645987727352782
v -0.25131656744962155 0.043344878299483788 0.63416935442478761
v -0.67289520899523869 0.04378782693257445 0.011450412337600378
v -0.78074180350951383 0.40149560848875104 0.27045486735941843
v -0.27772080257648435 0.29195413881246546 -0.22809469545733596
v -0.53443050787643009 0.30347276201916318 0.36669723694163547
v 0.32907076468817836 0.093093455728247357 0.011908692306618519
v -0.88897974701447791 0.57739594660822913 0.19147907353607951
v -0.34084796755603569 0.53704842352847826 -0.21033892305153043
v -0.53974489173353757 0.033938333009312684 0.34664460877591002
v -0.47424819648045979 0.13887869218989748 0.53472159532040187
v 0.024883543981375163 0.05157447671880528 -0.19082000116708639
v 0.082527867690114179 0.71270463860507582 0.55910179089144318
v 0.034194890687441054 0.46328374131056732 0.6846931716302922
v -0.5883868771669426 0.25393372057544167 0.10943413733581556
v -0.097137178040800035 0.16877995570854776 0.57931206226758569
v -0.58069840517929894 0.15558120654132848 0.35277800497503681
v -0.46061693419035515 0.066279610506103717 -0.19485270246003322
v -0.76283665096743736 0.79625081811310972 0.47475320535251864
v -0.73038403334162816 0.12056756894964758 0.14922481015854377
v -0.42347470261729719 0.034573054364299402 0.070301934884986081
v -0.87483434466771104 0.52615248221136435 0.29342711232407948
v -0.30014119711293985 0.66831342850996611 0.55453049467718252
v -0.18701465990374427 0.057881669574756593 0.63499765343781922
v -0.3290436002491528 0.58732239483114212 -0.19431076539465647
v -0.34008407917954242 0.31185940573477972 -0.065978063008293675
v -0.60418725315752753 0.065114386940048244 0.56814026568365894
v 0.63270785777994121 0.23455886287901148 0.1376134319051785
v -0.52438773630715885 0.18514207605568372 0.48736694522781876
v -0.63448927237311603 0.03717186596876728 0.25985146646147761
v -0.045308896686802685 0.68218477559027391 -0.26467707462169665
v 0.62803984194389406 0.28345468866169515 0.29746748840654558
v 0.64049058735055386 0.39041600929376802 0.20553857897781791
v -0.87816739145443456 0.6329261637057737 0.091667864678651623
v -0.38522111410660065 0.048126893015937956 0.53022231510425288
v -0.20563069762666786 0.24668017063273562 -0.26140345546957411
v -0.35315180830945497 0.032484903955465105 0.50006695247389044
v -0.40698849818483895 0.042437492069889046 0.32527862016459569
v -0.83389086965633441 0.45209422029187551 0.22732130310353105
v 0.24772963960971528 0.209693208218624 -0.18413998786716348
v -0.38477022855763815 0.10376648016523569 0.51941280452404714
v -0.86211816851383194 0.54839534756337072 0.1194655699891113
v -0.0089308672346874902 0.067770199006963225 0.1142835707680244
v -0.19489902626963629 0.43411159556125922 0.62361172032751322
v 0.22570818954153063 0.59133266375170013 0.58406193831736364
v -0.61575945465282089 0.4133092415020822 0.48467076614876742
v -0.3648676794626628 0.030303817869850366 0.15258248798178423
v 0.19868674849004853 0.27347465277540045 -0.2296008132508075
v 0.15897212887764983 0.46136309044181895 0.64111318481036517
v -0.42666030075835137 0.13089760141228743 -0.16855397585367513
v -0.82708242823629186 0.57400212350155067 0.023075581510043318
v 0.11557802468196365 0.024604208180956304 0.080103406710316349
v 0.30734541384319308 0.45219355708584918 0.54987695359907052
v -0.44597135001393812 0.38050200696639885 0.50679835470608692
v -0.81167409607653596 0.52134252711180473 0.4345666259648493
v -0.85628700388886603 0.53476855523431821 0.33864815480972593
v 0.29355824598513519 0.25116702045655964 -0.14951690544234858
v 0.091970322032110266 0.034214224656625672 0.32646777217503675
v 0.59717607498326808 0.31165084598139331 0.33786763862481534
v -0.29913929338181794 0.64607873098180701 -0.18612418375021542
v -0.61769821730682128 0.037297810511309662 0.37155645696372058
v -0.48998638069067429 0.19054370245534208 0.48307803144947886
v -0.31391434553450293 0.24403302859684048 -0.12713328132006049
v -0.21620423836664343 0.34078201452468887 -0.2970500009374526
v -0.48902432174748056 0.12240137212011695 -0.038935106066214045
v -0.2238326460273494 0.65925679428020756 -0.27378622008107395
v -0.65100312373928226 0.33925388803928169 0.35712961341615501
v -0.29614965036884483 0.28107625540110687 -0.1808432072777186
v 0.34874435322062697 0.58827365100402229 -0.14423684778715853
v 0.16789040862001164 0.13828715219374094 0.52276885487539648
v -0.71236845514008429 0.4004279435877286 0.4135267217254196
v 0.43292281298998891 0.33137743464220898 -0.018137338424352306
v -0.90330754146923853 0.59595741813641456 0.21886441257826747
v -0.69435276499672371 0.43321506851585317 0.4703992710189428
v -0.54799597832221369 0.032660511666049954 0.20549164609783854
v 0.34393561258436378 0.43725319941496604 -0.14584193419879599
v 0.062147786397245337 0.27596372388461776 0.64385416210861712
v -0.044158371693143933 0.32817920866787226 0.6616128357302532
v 0.084298547074197108 0.062405893251794881 -0.04456605014804764
v -0.72810246020974034 0.11760249324151255 0.14025380029172582
v 0.042805019177594383 0.45779977718387871 0.68129134255487844
v 0.48077081047750264 0.55772807607654451 0.020166480234993817
v -0.26927102799027597 0.36382855891674337 -0.26337977839806964
v -0.82945618066894566 0.70633383481092415 0.023185434850804432
v 0.23998714084319331 0.094389442724868877 -0.030223713018064889
v -0.60597010991428424 0.054734360894097063 0.56349559296099416
v -0.79190695167366454 0.41354300428252627 0.29275768066102137
v -0.64902171518568941 0.11919413828517827 0.24331899708692889
v 0.51665109590588254 0.2230975876232657 0.38421282439947252
v -0.61717548271690947 0.11870335058282726 -3.6338425269081157e-05
v -0.68034278531360148 0.11209935428262721 0.22650832909324844
v -0.52787506169649845 0.27164996520968004 0.3163283789194114
v -0.73995761148784556 0.75949476562566476 0.49345394357596067
v -0.36525093126522362 0.46720645093759489 -0.11979455412838895
v 0.59358775295393629 0.32866268539083426 0.33504915472587538
v 0.11508837392189467 0.14123317599933466 0.56101414096945423
v -0.62067099311900686 0.68734712642931395 -0.1035384929368685
v -0.27003105127625954 0.032524737992821698 0.57696464466868125
v -0.71468840820307389 0.55357927972069854 -0.082610801824150773
v 0.60786990776416427 0.35062962133001402 0.067209613469308413
v 0.36653219107689544 0.30307565313519563 0.4792104057421796
v -0.51154817924641882 0.036955377019004997 0.54147195943081394
v -0.44595492512884 0.54278240137578815 0.54981502507842406
v -0.40607789845634168 0.70916973268374484 0.53325121757908645
v -0.5279576883483309 0.23154367503053025 0.36798786155286561
v 0.027844063844965801 0.19347117572813924 0.62555971743558758
v -0.88370530315200968 0.54111908107338569 0.18810492470952508
v 0.49108375646438007 0.33104065793845794 0.34393449843581586
v 0.16284784179246206 0.23528381035186849 0.60065053620368081
v 0.34160963652830534 0.67401207936491125 -0.10957409067173514
v 0.13982123685060849 0.029428772377255826 0.097084751102093858
v 0.3307543585184452 0.6192774889196252 0.53098286619148938
v 0.41820162549627932 0.25513344079583733 0.39111369797383283
v -0.19976906491401758 0.3152234642513444 -0.29608876953648072
v 0.24087009039414717 0.11864084213535329 -0.072677652792155045
v -0.73385710204990318 0.68616612492228479 0.52436820606970969
v -0.70776747027260467 0.097465640144101001 0.035857174991909289
v -0.66776467904959969 0.043917182758489638 0.24882425347656587
v 0.27014348669753135 0.64839087689372343 0.56217710729725567
v 0.092985502767256048 0.52557262083991685 0.66607846666561388
v -0.57696074127647812 0.34522719874466928 0.0198461285335748
v -0.047643388903606705 0.20873093374024057 -0.25977097814066125
v -0.60892637234118574 0.11097407211401954 0.31583452017234626
v -0.62133997899129201 0.52444980524070584 -0.10824765661302231
v -0.17093156041843849 0.11176463483810489 -0.21829927838983954
v -0.2475812480288517 0.64767362997907552 -0.2723107874564043
v -0.024312235079507617 0.041668260816829686 -0.18577609185857383
v -0.28370683487474202 0.20549465981189505 -0.1906574295604842
v -0.18149672247688259 0.72928417830323411 0.548072461781827
v -0.36525892777076524 0.041101384637346063 -0.23159796289992143
v -0.84352634677110394 0.62420144718425818 0.032892867656679411
v -0.55758967049903119 0.18785125010027307 0.41080857899708234
v -0.28995642055460763 0.49103846510985816 0.51536244221126359
v -0.26808328365701467 0.06461986602610309 0.26064513783574339
v -0.28063808027635356 0.33996382390787155 -0.24469112311638186
v 0.19402233544027647 0.66800775727105532 0.57781371079604682
v 0.28378848354261099 0.17553476031924281 0.4681824098927469
v -0.337739888023387 0.25709422088720607 -0.038471987215928288
v -0.24235384103674554 0.050239637983608455 -0.22556902325143793
v -0.5225034578695531 0.23112141531141664 -0.0016554748374527956
v -0.52732521532873089 0.53354346388515916 0.56591458291361563
v -0.43670745132029781 0.76169060877612305 -0.13404174808150615
v -0.73393835774450544 0.69756262987183959 -0.062547332822604954
v -0.062663346074057713 0.20304989009739385 0.61263645875255202
v -0.53906847944642555 0.086887000621002158 0.58027710583125536
v -0.42886020563760041 0.40972008866187687 0.52662920769550181
v -0.18311961950941591 0.37882001483262517 0.61509945868827154
v 0.21688052327750953 0.45547206556133901 0.62191378530995334
v 0.19891580171681628 0.14037961495387352 0.51495788853059943
v -0.33448481489049164 0.33611153283001488 -0.10447679577913221
v 0.066952431690730133 0.4687690782289432 0.66298493231876532
v 0.28140078298388882 0.15550690454247007 -0.10823273171992423
v -0.27201674512682633 0.7373493540817404 0.5329921466697799
v -0.62816216917884204 0.17880293933594238 0.15296937848474834
v -0.69294471396744173 0.13627742331813192 0.19155211073691683
v 0.22405982869461499 0.029001808391903739 0.42492995639224879
v 0.065693426524022491 0.35441559100806169 -0.27597558944976802
v 0.13535306249992501 0.045262722411116882 0.53131417246126755
v -0.30873033938447797 0.080185781631495159 -0.10860425554565613
v -0.62888180971131491 0.37929239148329497 0.44614353500894394
v -0.43430188059845665 0.53174632542939904 0.53692957846158351
v -0.64433140083952534 0.040010458022145416 0.0004562953070374159
v -0.67046882763356319 0.040580668827292728 0.23393564998617367
v 0.23449992891141663 0.14163094221550848 -0.1283706208944575
v -0.29095584320139078 0.033338772967576168 0.56621269957786025
v 0.45478834497467996 0.29000454087296929 0.36430147947705849
v -0.32449599195003809 0.44104408627425523 -0.22163213477734847
v 0.55560276648308349 0.38721706884491269 0.30534858584734442
v -0.36073642765345681 0.44889562634417629 -0.12098384721841686
v -0.69582445352754629 0.10427214050623729 0.21049273391040879
v -0.2168141591534406 0.09950692514180498 0.64262070133580629
v -0.5375951815221709 0.29799713864522409 0.34617996112128174
v -0.67634896254459997 0.08305732833319579 0.435053436059467
v -0.33398274248062276 0.043400091263615048 0.57886596997297224
v -0.63065307302825613 0.16082604580975063 0.46407721142558489
v -0.71763769921332199 0.13498299621965207 0.10234988182623123
v -0.85262701710402888 0.51994371804131445 0.11042518610286264
v 0.40138418996977226 0.10616552148587712 0.35578775122570316
v -0.71177621698542748 0.59886773552076999 0.53617403247242801
v 0.51525318668077125 0.41087042132434815 0.11411750017633593
v 0.066415109702637115 0.059551680130546042 -0.075158659468371372
v -0.58384747259571124 0.25473662439407496 0.081490752037192971
v -0.39947346083168295 0.35975191913096366 0.52013444291785915
v -0.72452251380151855 0.43055173921643392 0.4445356210961825
v 0.2463988802057932 0.46470580337743833 0.60286318270613859
v -0.56423225364447172 0.27534769062881814 0.2103096639071905
v 0.64337881129787422 0.33585497584011398 0.26935474839142198
v 0.32976081902496346 0.026761784523065865 0.20295342880012188
v -0.034157559579574094 0.27183182545529389 -0.27629686200414832
v -0.60033584000430129 0.037512537505506739 0.40345183911011345
v -0.90656436178055011 0.6757677038949077 0.19768940549160918
v 0.23147698680013817 0.35427709845451083 -0.22428043390885191
v -0.38012107821124608 0.12279823420160298 0.51512644583700229
v -0.23080645008859874 0.078954720833105563 -0.00066981083729698951
v -0.84752225859092167 0.53909135471576763 0.079898964105040285
v 0.33643983444091086 0.30839838676372816 -0.13729607222576404
v -0.24852261978543788 0.16084732340618002 -0.21765766428411348
v -0.28421261989949953 0.058273628839975534 0.1871982354672829
v -0.50104187936656441 0.071841663753842752 -0.068172779989901733
v 0.54547144564799199 0.17538021696843972 0.038148692799466789
v 0.23469812106775054 0.1445677650976061 0.49771494929552118
v -0.025995924389956668 0.72234174977020837 -0.17905427377731592
v -0.29584370731711052 0.14715514265036719 -0.22503623487805369
v -0.22309720732429275 0.16358534020977894 -0.21845021999032763
v -0.3132163758943815 0.080090259680069067 0.0092134533490078694
v -0.33875222901006496 0.32416075058351024 -0.075906942098036653
v 0.32750295032227811 0.22928307715442015 0.47484059732140849
v 0.45494320747109285 0.075905759527513036 0.10670174086360804
v 0.20595996382748918 0.38046644359067494 -0.24116688556533686
v 0.40543616025572365 0.26035037640700703 -0.013122662631139217
v 0.099696288129146257 0.58990839562559716 -0.27124416273727231
v -0.52729277622696946 0.10695702279845726 -0.036051261700952575
v -0.29891471443678214 0.1219387153682434 0.60721118049633738
v -0.86676521908305282 0.55265200250157087 0.13450656762925722
v -0.33331758735520928 0.39221810951500125 -0.14404430773780436
v -0.53124795579222983 0.26769920493234578 0.27960570631735349
v 0.0011642856826469834 0.039247689018033036 0.18294209147693111
v -0.71803764135633252 0.54140496881821398 -0.078290219316370674
v -0.81572094359216885 0.47011196433241687 0.060959145575948753
v -0.85322822766522433 0.74584134490612219 0.40150197290336681
v -0.27943350483282853 0.3180951502500074 -0.24004030131699217
v -0.078561347733077255 0.27280717118127901 -0.2798266985209612
v -0.33702375715866445 0.74851625423977708 -0.14752332676654445
v 0.15864932334025952 0.48461448578722716 0.63942186470783136
v -0.18327987072435084 0.70077524272969827 0.55041564038252289
v -0.64170971986020386 0.05677909180438704 0.53633845489737175
v -0.55083883866197147 0.26771903951019543 0.21519147169715827
v 0.067856916524608415 0.091113057724590607 -0.18662593744956441
v 0.31246170821183011 0.2688469496101375 0.51130730777388778
v -0.73998698712869238 0.36452083768250931 0.13647450627020885
v -0.32300890802187027 0.20710569922393593 -0.11367885748339841
v -0.59278473246429442 0.39776646803629806 0.47963592401628297
v -0.58331342479848014 0.7374603783679804 -0.11043469725386267
v -0.20373242848417827 0.19434904620157792 0.55416034335654274
v 0.058715875496572374 0.2107572020761648 -0.2449692364343421
v 0.56624519632229475 0.41908631598170076 0.14861119653963462
v 0.37296169957067632 0.60060287928895961 0.50767132513575486
v -0.44382986201972446 0.38173308253733529 -0.075890670198168392
v -0.57353820606382866 0.19752616576421178 0.1929455480145518
v 0.018393695777579187 0.028277993890224826 0.17245815120991306
v 0.033622468778576414 0.043534949596287391 -0.18509553745286722
v -0.84820500536549015 0.70068201088110116 0.42131061144651283
v -0.28621234149100888 0.23279166837360904 -0.1915305764362992
v 0.096408039582912095 0.03867441884482789 0.43533223211927724
v 0.61019408819933507 0.17885223409519166 0.15750394478891111
v -0.32112223321932509 0.19339838911321661 -0.16065918028389897
v 0.48603117021133746 0.084133552525258018 0.18544166551331823
v -0.51649166707262062 0.49128060908267318 -0.1044008823537706
v 0.13069377976393878 0.47702949446663578 -0.26117249357135386
v -0.77895441432155721 0.6372104462470306 -0.045985306544255464
v -0.35149083287915733 0.4844046478511293 -0.18518102524679531
v 0.11020067881339911 0.035100081978719416 0.53447346429288334
v -0.53179468260046181 0.43812569906900739 0.51672237846445168
v -0.33792412157259721 0.48681678639158937 -0.21728872370733854
v 0.4774100011971249 0.093653486544505865 0.2738678430941025
v 0.63791081815343043 0.28489739100491829 0.10066201076983876
v 0.17323512079333836 0.022903378999751089 0.47626122072321375
v 0.04286385497204144 0.15959641877397224 0.59216040771301415
v 0.2597272246225692 0.4240249370404271 0.58766146854593637
v 0.51236133612851387 0.42798968709728213 0.23526888710022387
v 0.4332531583673887 0.091374655994056087 0.322475251367003
v 0.093346898802767336 0.026115267298357871 0.30307390878983553
v -0.045238375284933095 0.50900445177768172 0.68300049674658903
v -0.028872831095519764 0.037386295234065628 -0.1774816272924655
v 0.026113204340350485 0.25834691042451075 0.63954394464772446
v 0.63417755375552121 0.31888754230707528 0.29153101268722903
v -0.71557038280022911 0.13995734474785007 0.11374567139390136
v -0.54061406749672458 0.28849175454335402 0.32099649314276191
v -0.84098859644368662 0.53044929561309173 0.072544043572388889
v -0.58008639971921361 0.28449257652556853 0.19379654782049371
v 0.059308976766826546 0.066698392485737681 -0.070135360396017102
v 0.48418702390715468 0.47482963912987386 0.33545623173752159
v -0.28997845248546106 0.15962035387613319 -0.21577012407686186
v 0.13681904787364108 0.6824009329495051 0.58613394927104523
v 0.46392550324019749 0.076780531703859317 0.12639446602718979
v 0.42766330116856871 0.27298767626696174 0.0029658761066222237
v 0.19753325133053629 0.43852249836254742 0.62371931859561947
v -0.043337161832187561 0.036515347480740111 0.49676767763884017
v -0.6133184276430238 0.17169871014323657 0.45406689033696684
v -0.53972059623047874 0.034174741352713735 -0.010681147229679392
v -0.51222819903719019 0.75287999514929604 -0.13365505454843835
v -0.28641737319414823 0.74226345349564715 0.53131093575017962
v -0.3340273458205002 0.10803784206541397 -0.24100466155973785
v -0.34987041425628762 0.52641796260831386 -0.17790231834546233
v -0.44382515964769054 0.2133563552617794 0.48955665179025443
v -0.78029079558589476 0.42878870735429625 0.08987877773405635
v -0.83644480070184812 0.47667172200692343 0.27966881062382143
v -0.48102780644493232 0.066891723624704372 -0.15058092787781699
v -0.43688464065773269 0.037689305517518583 0.012558248087909089
v -0.78807437428005767 0.51760118340171901 0.0018884939692965091
v -0.38733958826763837 0.05933726429300229 -0.24185300785708622
v -0.43289274523577964 0.15274982853487912 -0.14646903869074393
v -0.063121346773997056 0.22324422153816026 0.62048841200035476
v -0.42767768888400359 0.62852918274538749 -0.1501419917411195
v -0.20572116027334023 0.078836600941051146 0.018089623991575234
v 0.15404908108240867 0.60523467051255242 -0.24924049088336089
v 0.096754059985679611 0.45279998700821239 0.66214380453870836
v -0.37745762622923212 0.042859840611200802 0.30634324604094276
v -0.56795775252491698 0.25440595259409116 0.041540718145452349
v 0.12535827194333862 0.03034011605002895 0.42224005761619626
v -0.60140968156983698 0.31114190085311366 0.09467165160193837
v -0.48389175516756222 0.037051643941665248 0.14997992535191065
v -0.52978691482993157 0.62094741305747803 0.56533910445790214
v -0.32344684546415964 0.033538852194679288 0.49314191924081763
v -0.3589335599627887 0.39584034590598094 -0.091264579386313188
v -0.48462095738517408 0.036787156616213963 -0.094576234637448381
v -0.27950800266110309 0.22230290320390306 -0.19789221864386553
v 0.13071286983467081 0.028508495394171027 -0.10658604120604354
v -0.50226990234132529 0.57102584242986454 0.57069695066548454
v -0.50345830532860103 0.52449576190749614 0.55436231103079758
v -0.424449732328402 0.13428827527973791 0.52366463352825798
v -0.50746189413628995 0.13870936507285589 0.54787142230926789
v -0.15343196535340781 0.30988673506460163 -0.30482009186701536
v -0.81425089348101165 0.42584780227491531 0.20902988812300224
v -0.35870549696596155 0.54510837614484886 -0.16085774164817404
v -0.64687886663841276 0.1361139992638471 0.026244245026690302
v -0.90494350627470566 0.60396441154232428 0.16231178905383117
v 0.22617001702137829 0.04235735926511517 0.47805500880908258
v 0.44676583135255143 0.35577077223244419 0.0031289198173110127
v -0.073195148317901304 0.037743495297630027 -0.11888660831731848
v 0.043229384285582775 0.59755532807507694 0.66337927280578324
v 0.096543060659151039 0.039969447444768665 -0.016078539932007564
v 0.1966088019939872 0.046208792346067236 0.51232274852596171
v -0.21017871818854753 0.65571957437906203 0.57845886945011338
v -0.35312621704097313 0.43490889810020689 -0.125621297398258
v -0.57990503086616219 0.62459634254005258 -0.13567454166485735
v -0.83836607945366448 0.46438482376695739 0.15119691921977052
v -0.70092171489844002 0.15314083098165071 0.13477754107258316
v -0.34330106882267253 0.55866328846172708 -0.1885636362538741
v -0.32186282902935076 0.28025116023732455 -0.1036525002046778
v -0.31983854370387227 0.040663000264554848 -0.14257996116570917
v -0.34429166581197074 0.37108249562101919 0.51596697825469917
v -0.16836000296464659 0.17749673553928447 -0.24138704225725008
v -0.5959620008790667 0.28997207052428969 0.14577098703460467
v 0.65492906463638945 0.34355449828907114 0.22676640758242941
v 0.50880719232196348 0.28602970595471766 0.0004380781440186727
v 0.011471645600716887 0.073241386499578773 -0.081417325264351748
v -0.31426168523251885 0.57191585459093386 0.52962378250111442
v -0.55906260549327846 0.42635811087877351 -0.068522764476902517
v 0.48166082899227031 0.12096988305323449 0.047395122357690056
v -0.29143873374998069 0.063549591564692018 0.33015395208696896
v -0.31516932475177661 0.19233020935370915 0.50630550567462107
v -0.2747582523006416 0.051439711842332626 0.63449425090309441
v -0.88798842948638501 0.57365554515322648 0.24406358316217772
v 0.50742933295192294 0.42309950481114539 0.25609780617120315
v -0.086063871521140839 0.29162671197088447 0.64264710679468007
v -0.45578934229031698 0.59543718003674584 0.56203941532292767
v -0.52249949508083049 0.20332267656513547 0.3079402671739962
v 0.044362313735982289 0.1062008615965214 -0.18975507976041223
v 0.17446453055433458 0.31607820837362488 0.60669625985472142
v -0.4190464559757649 0.37188707384098874 -0.069124854884609302
v -0.53081908586092164 0.25857140016018881 0.22740285636031751
v -0.36531329474800134 0.26941069958060981 -0.031009231252357071
v -0.50301466434562647 0.50492234085246046 0.55184192462340698
v -0.44265607596279466 0.49598127516026874 0.53231195956936506
v 0.3386904278504797 0.69901548427653482 0.49659345756302026
v -0.0012835901037723623 0.7280845280561693 0.5438560725431606
v 0.40951142673621893 0.23234126587591056 0.38873868493266539
v -0.40270191949599105 0.24802448493556614 0.49933753961618332
v -0.91105127193164104 0.62520336103500773 0.19997469328132381
v 0.45665098159045214 0.38947391225637834 0.37673885358763609
v 0.41188228576142327 0.47651655925760866 -0.068638033274911567
v -0.39458321215387038 0.048103162041873669 -0.081387013544491349
v -0.888683430315793 0.58402963338155023 0.29516374570041648
v -0.33674493886465273 0.033473773319581374 0.47398869064609056
v -0.56091602278944619 0.31905331048112212 0.0075143615597674284
v -0.83510226358647732 0.48246526760480868 0.30940118878230455
v 0.16817379296441864 0.17873350872878016 0.55586812112997941
v 0.51618944990643889 0.31782355565741355 0.35958743805978627
v 0.26975490578655781 0.27934723984182686 0.54780690765694573
v 0.29247083994071726 0.67942946321032771 -0.14854834373283465
v 0.3903908226718642 0.065959737276207422 0.054748804986949381
v 0.017813323845494337 0.046135353799770878 0.098056054237212101
v 0.45125986598513573 0.47412450979024384 0.40033536896639255
v 0.044921238262172161 0.067396476112060122 0.32604877601412502
v -0.83716757364981431 0.47474310013312759 0.26133903397961139
v -0.44859969973221187 0.13648071949033649 -0.14322275507575838
v 0.52876013295039614 0.1865905949309386 0.014368576457751645
v -0.5119574746288682 0.033438926950649754 0.082795603651926467
v -0.88979758657217545 0.5744438219928909 0.16072993884470307
v -0.79228896023684059 0.43780268066125849 0.097943885788984164
v -0.72819559468192097 0.51165400951890927 0.50082656225761091
v 0.056330476734951708 0.12717177632670937 -0.19676203647537294
v -0.5380599587367636 0.057645938630504427 0.57532252279857987
v 0.18024440364687386 0.067328203015535965 -0.14049354576672457
v -0.63331567190425864 0.14231482040884391 0.024675896478893743
v -0.56888744759120258 0.63776286167184637 -0.13884022097970661
v -0.16729855875213276 0.19946085277768627 -0.25340077226429969
v -0.48135599067651352 0.47412682381671295 -0.095087222226490589
v -0.60904600299085221 0.29764550502715664 0.27853424784004238
v -0.33332665922292032 0.40996058662567081 -0.16688725506527644
v -0.52814086080152922 0.23631596418838269 0.34799182404684248
v -0.5999182328237932 0.74982538608909 -0.10194299613228683
v -0.70818695044439872 0.12913631334893308 0.18382635367561648
v -0.56420902764012704 0.059503166698916483 -0.041509522152276462
v -0.40116066168299863 0.041680489411085347 -0.22434385074404023
v -0.48190491952342124 0.761504516701072 -0.13262733988834643
v -0.63029835740492868 0.51767973643468801 -0.10446314864816916
v -0.21874888562306793 0.032637301857107913 0.61598704392735315
v -0.36715966026515739 0.31902866872769747 0.51522592785368593
v -0.59780826316241364 0.28757443008560019 0.2195119904414396
v -0.82935936475751415 0.58331763749877086 0.44031537993500586
v -0.19974314802440962 0.32520826476664982 0.55610676444103735
v -0.484053725397039 0.67758785568405988 0.56135756985419005
v 0.36905626454660856 0.3363694915410152 -0.10609816566610847
v -0.7907337421962678 0.68988710774926487 -0.029163227946533969
v -0.36961331479225262 0.049874089048194493 -0.10719208465869033
v 0.021357220767074435 0.57508537665531301 0.67062000031847457
v -0.66033429553739775 0.067407974795963638 0.51110263751337792
v -0.59644127844625394 0.084147911754793261 0.57244705016398711
v 0.38638691373351775 0.43714824216114079 0.47698732925546711
v 0.22619472329781198 0.50039433574373382 -0.22106894923606699
v -0.63081704537995431 0.42692801352826037 0.49201784875287741
v -0.36649933915987137 0.57676262270922718 -0.15967162791410069
v 0.65414362625969413 0.35835711827695266 0.18485414966876595
v 0.094155156158258882 0.070896624758300303 0.37540565311205742
v -0.22909618163049314 0.071381892901089761 0.47860731832170145
v -0.74917304549722707 0.055102232213771273 0.13721665830794444
v -0.30383205622467302 0.27874540807083642 -0.16133476088272949
v -0.2449866170635944 0.64751870864585592 0.55487652694485157
v 0.2875838889490468 0.27364580599322413 0.52696218687156282
v -0.21003351008282825 0.14233501673588617 0.62904786244868438
v 0.034089409872514492 0.27761750398732998 -0.26883451112907036
v 0.5022614891242897 0.28811484399721005 0.37593207734166301
v 0.45951135659810721 0.27590674972295837 0.37211076496502143
v 0.24043672330077218 0.16972934972495043 0.49333334231916781
v -0.072049573094984956 0.1719436684657952 0.58755083224764726
v 0.48849742715050487 0.14961341934383546 0.36204496660345342
v 0.32915097457166648 0.16940772777756583 -0.025095199590959249
v 0.23802552892958789 0.27569287490687061 -0.2155054708037531
v 0.31553935419231421 0.042573007137543251 0.28954857791120492
v 0.41068423763122497 0.3937638777334484 -0.076785052699165746
v 0.11617715107229321 0.026417831295299048 -0.094192011764355113
v -0.64133875523730521 0.043045949069571141 0.51871705079773656
v 0.2819084340295 0.28960704950989624 0.53549988946476534
v -0.30199207798744748 0.40585046628467181 -0.24762521325033629
v -0.55475153523861898 0.17148470004512198 0.23269319737600844
v -0.40601253526620584 0.56180208056704228 0.53427150144694135
v -0.26425103902795682 0.25928228249946739 0.46571023839531267
v -0.22636040913212169 0.67080779959266856 0.54567735095943759
v -0.48310286893166954 0.088832311777066061 0.55662800353837671
v -0.33730381986874347 0.2367689558658288 -0.033710841428192258
v -0.42098820239081008 0.071425589017986402 -0.22698426785997206
v -0.42903036187954136 0.59672888208770869 0.54713803416914275
v 0.11470481663142765 0.055615597888050532 0.37076345195955523
v -0.52306642460825958 0.19586978373892791 0.24092425070824422
v -0.66488116883117065 0.14375527227891366 0.047689821461755356
v -0.2695198608048458 0.35522125460429432 0.48196178579870175
v -0.7703312236679738 0.69018574533348365 0.49224550921515658
v -0.33686609781455779 0.56060800529888333 -0.20847823838247911
v -0.88093498842083306 0.62978526522022638 0.10242107641221711
v -0.64188412365909664 0.33345239237336494 0.065679918718267408
v -0.27420648256120772 0.51920009665256062 -0.31030239441200147
v -0.20388018724455512 0.035179062807878095 -0.14260110736259066
v -0.34001781119756108 0.0392522971945422 0.41938664212987337
v -0.35069569396313571 0.031420805041399838 0.31192902560211716
v -0.75056655152578322 0.071185041724960374 0.14045570632277937
v -0.59171191593722838 0.30700058835943833 0.080563689989053971
v 0.13485803314416248 0.22874805925205105 0.61490634223115337
v 0.53694636105972682 0.42193993865603385 0.21123856617209985
v -0.6992796520521869 0.12269946006455354 0.062787735989727464
v 0.31503250888062434 0.35088669617066914 -0.15079557632570265
v -0.47914519884554235 0.045159000143676624 -0.14396604033947941
v 0.19744668253682052 0.023462493569082206 0.29479593305461599
v -0.055944052150815715 0.34531835490212176 0.65732798526115943
v -0.6784949477486536 0.055365348597956839 0.40007507326727282
v 0.34248995965442175 0.2283868636082996 0.46583689512831594
v -0.45894666528366834 0.034677914785353238 -0.020472021986961346
v -0.47542342467579851 0.21288428390625558 0.47718213771030338
v 0.25757529100101639 0.10586186628373365 -0.020474032368965452
v 0.4959096550144152 0.65313225122787388 0.18619666809920873
v 0.58707120162495385 0.27240194772812837 0.030169638569401989
v 0.33305627429419388 0.57373206015365419 -0.15260483138065087
v 0.38842430789686389 0.1907034238191852 -0.018400026499721989
v 0.46060440524346924 0.32911946547147491 0.03312778527231048
v 0.13903267867188737 0.48897910757059121 0.64717769550637305
v 0.05540333439133422 0.043532810546097138 -0.089239846098994838
v 0.26403979393016708 0.7195326329453906 -0.14731746995573389
v -0.10180673489305384 0.34862484344559053 0.6413938874862477
v 0.046245573295315284 0.072076389136374153 -0.069166093326148134
v -0.0048677616259013108 0.32638426530033082 -0.28927686641041206
v 0.14086818959071143 0.73869777965022265 0.55493211381571039
v 0.61018996525056313 0.30170091124556975 0.32628691611343658
v 0.44270365640717757 0.66823070255412798 -0.0080745141377846878
v 0.38024983980953247 0.35545178410421474 -0.1004115660516883
v 0.29344290147390961 0.16738779657938641 -0.11085868271734627
v -0.024334680489975724 0.38340701050587994 -0.29301017165905779
v 0.32163403665188134 0.65593990983111028 0.52649300735350957
v 0.33544944830969364 0.052909793592241128 0.30391438685402289
v 0.0078457703342476124 0.038880639472040374 0.56086660256568976
v -0.25568204565227731 0.34737160655915716 -0.27114752167983297
v -0.55993797774716203 0.70217986833514212 0.54841877171906306
v -0.30888874879200895 0.25743594872235731 -0.14949157037293026
v 0.00011854109761093414 0.043832246127325121 0.22043970197088694
v -0.39592815077687737 0.037499330008324561 -0.2212047819080763
v 0.48664392020785097 0.16192407479050697 0.37544263642301123
v 0.29413692761871629 0.22355781906338193 0.49439828587209722
v -0.63013342300268671 0.69367265239983145 -0.098214261082956153
v 0.028635165637065845 0.68467231887102276 0.62759427897139408
v 0.063338694465725889 0.22454584095155006 -0.25164254669425684
v -0.45607090932135014 0.61121162930891548 0.55859584082686975
v -0.47066509129538109 0.47712193780714662 -0.099103877219564318
v 0.07366613515962081 0.54118777800481599 0.67362560455529374
v 0.09963306751965946 0.069651093935244157 0.38644969496677684
v -0.648698827554822 0.5853847165324404 0.56504969943293326
v -0.54632800112759594 0.69788159697887076 0.54952405100629897
v 0.11791615502154078 0.026770518636302615 0.26903828961545351
v -0.64075351074294407 0.093001925674334407 -0.0021189166927856619
v -0.32641580552818983 0.46144554531735177 0.52197779611807538
v -0.61095115138279998 0.50727453051780502 0.54086085714645904
v -0.1759658206518849 0.69066367186481825 0.55336289836157782
v -0.78339922944612705 0.56674105319107004 -0.036237552283829917
v -0.44909078547096215 0.69913590560813532 0.54423595447865536
v -0.54099441150520722 0.38142975462495027 -0.031027892537692666
v -0.45442924231668635 0.43442642583501084 -0.098627142681006613
v -0.23902797569112544 0.19690962928063882 0.5485833779715602
v -0.1712023424627469 0.32245352335677369 0.59761856807206315
v -0.63195774916046277 0.15435606085448716 0.043022368685406029
v -0.64236834429482492 0.0399455990401128 0.34604141325230675
v -0.45101731994308725 0.031691895374881644 0.14521270969722835
v -0.67365689793933414 0.070184168466659286 0.25707716571329498
v -0.37095131830236944 0.55479105329288281 -0.15122299326413469
v -0.45534504491028338 0.11072299168720662 0.54490858120148578
v -0.26860457329554333 0.70023351152635649 0.54684621740538875
v -0.54884574748708059 0.35204008142765009 0.43782119247773643
v -0.36946355897947919 0.038211285647199264 0.52709166257224882
v -0.62532690166589788 0.70348895063611405 -0.097775384015062292
v -0.81948369242014896 0.4527346999484303 0.12530776663297416
v -0.63550262986401407 0.05004843551391272 -0.0098405244617844456
v -0.31322417739868552 0.30193488006449332 -0.13746621641579615
v -0.18372216005486267 0.19600957696256474 0.55770887283572268
v -0.54429021550876255 0.036499003376176543 -0.031509890155320998
v -0.27835685135226174 0.03431749088151409 0.60933327226323553
v -0.84051036960701841 0.47000893431077634 0.138504478617935
v -0.65770696496285341 0.1301573614826407 0.42793881031131653
v -0.60438162569895892 0.18635963785313883 0.082901994478388599
v 0.29408260970475575 0.62574335861167651 0.55682519904595851
v 0.50868760537426949 0.40607304295014229 0.26628357490303706
v 0.32151650846002572 0.28705859759916402 0.51077888385553649
v 0.11041362809725894 0.043171176667216149 0.53683877742817088
v 0.090105456078399579 0.67804174125372818 -0.22295059720144783
v 0.37576010961376727 0.047491739477486992 0.25259709555050214
v 0.50058608874568522 0.56060193764405197 0.10511149019476974
v 0.23120943863559376 0.058594048532085163 0.48972789957618712
v 0.49717808808328506 0.4638829903009079 0.083872356334361964
v 0.3136207665640377 0.75830102850418291 0.47360215859143495
v 0.43347406829435497 0.39779856451696771 -0.047614614270700746
v 0.057831776708121396 0.0238323234516848 0.25776819738126344
v 0.28621572624108699 0.059637412056470933 0.36618338183862176
v 0.010033105842100501 0.056084140301264823 0.26960557252064377
v 0.14424185152912158 0.59243342888791584 0.6431259160773406
v 0.49774184184408687 0.37977029201299095 0.30620914738647514
v 0.61202775757955641 0.23029427356319213 0.30008609851518581
v 0.28685473619774077 0.43189977888706005 -0.19566968258186054
v 0.19757582253981873 0.20139073430990934 0.55212076998171944
v 0.12573635875189396 0.027848992885959344 -0.057505089676644208
v 0.32585789328325354 0.025484556282193881 0.16416608313224024
v 0.063562821921575821 0.48282817794579436 0.66691680616179527
v 0.63279905650163193 0.29851607359864035 0.089175477460982186
v 0.21248456312104766 0.088217368585380748 -0.11074947946890989
v 0.30756585693155108 0.15002384940028077 -0.026851517004221795
v 0.40046822805532284 0.38435515572063472 0.45581211672065347
v -0.43579814143216045 0.68573964132272491 0.54349743476472478
v -0.21558489729429167 0.24502290121979986 -0.25359976478312635
v -0.29218164941371011 0.71345578937343435 0.54577399555053696
v -0.29702120884864036 0.066294637535291287 0.36281527967693639
v -0.26742591078321315 0.22507512720549003 0.46940067917699629
v -0.34458047461278685 0.61615105391129665 -0.17457796681443252
v -0.68114994350667768 0.49901047086556272 -0.08408348828153793
v -0.508703762662299 0.21448893431084323 -0.0082182632529805948
v -0.70522746081185572 0.33146575283830793 0.27129968588059572
v -0.74474372148594148 0.084174815092484256 0.1006052722055744
v -0.27870504088410303 0.075258493748174532 0.11971194153178757
v -0.35285670288342424 0.33038434717850651 -0.061179189047329975
v -0.56125988209797362 0.13231228847807996 0.29125836518652426
v -0.1682487732599057 0.36673045629757761 0.62342495201180825
v -0.6024706941989566 0.041628720689506397 0.54876234923020795
v -0.28932151078022622 0.61438538837614853 0.54759135806397286
v -0.21783066777016374 0.073446222128511041 0.40764925482794334
v -0.74344549598634313 0.35700577112207144 0.17458971876833337
v -0.75074389038134293 0.084713810644853435 0.1658363037953671
v -0.69424293877513799 0.43578174136698372 -0.021239570076014423
v -0.15404788637348885 0.56426492959467434 0.67827448210038288
v -0.65968315803042088 0.095818061248362285 0.49829193778754766
v -0.29839160905511725 0.076754681869061855 0.091584460527033687
v -0.88700797043822532 0.62237417048280452 0.11347742027780852
v -0.55572749712977887 0.20403215527804891 0.020157729913342574
v -0.55243786414503726 0.5291617017972412 -0.12773787430083589
v -0.25857830323346026 0.044379723972058895 -0.13778124826451407
v -0.39571910471534771 0.5698924886846265 -0.14455291020826216
v -0.63915472679732221 0.076510616308972212 0.28315508877168283
v -0.34927029233732187 0.029963422969073214 0.21967917971129511
v -0.40101187201570876 0.3850226864972337 -0.073249290463415537
v -0.35376800153523735 0.60130743830884648 0.54153983801805017
v -0.50805616054663716 0.035583627341227983 0.15945441323600557
v -0.71139896864523799 0.47678814583074725 -0.0554907906091891
v -0.60419279772594769 0.37427958107584791 0.4504835168721617
v -0.21329076965033586 0.20395575869506452 0.53555203889142255
v -0.66689342061048507 0.049486784832309359 0.49050884777735576
v 0.50449201231101803 0.57337487934149689 0.17475957740555664
v 0.3101720918567808 0.31756767412088838 0.52286530450734348
v 0.03943195365897318 0.073748585977553668 0.4005963871268492
v 0.4308203977089296 0.58446379376323154 0.43540954228562051
v 0.095559600862551525 0.27228533256156218 0.6331019334791933
v 0.11726086089701572 0.42804731398431095 0.65917357075639238
v 0.52356734886156997 0.28092624623887602 -0.0011173285576045603
v 0.41452086276792721 0.5243625264808377 0.45251635848104277
v -0.027580375785043527 0.27927144821022432 0.64588911892739165
v 0.1987512897194208 0.55269148541571311 -0.23254189061658231
v 0.54983062457402732 0.30940184774749202 0.36174234857905041
v 0.17755276894204308 0.10858364287815549 -0.17727011882282229
v 0.11153540489528606 0.028407195125784625 -0.079994498752052973
v 0.6063541777935626 0.18283079412527264 0.26240442552451959
v 0.2226191358681826 0.21541791648964626 -0.20940977079401518
v 0.38236659347870872 0.39797827604921732 -0.10240237004982497
v 0.04417216902752303 0.040545538224764942 0.2935262310937849
v 0.0029229163869259655 0.19354348311198152 0.62432227942477092
v 0.22991903960456456 0.038001357644368718 0.45992094068101552
v 0.34006361805494095 0.40001856780757689 0.49766673743248219
v 0.013748189067549165 0.030622187425385122 0.20018230543527296
v 0.49773625558102819 0.63964283319110482 0.1119817754348386
v -0.31446611836530358 0.11751737047619212 0.60002455314840142
v -0.32731843310156511 0.13446206258863824 0.56507537483191994
v -0.65854031435632798 0.13465908516507744 0.44374319480156948
v -0.0069212370587459111 0.65521579811523922 0.65401462795457377
v 0.19080082630560585 0.069887254938466856 0.52123223960600962
v -0.77404574553821248 0.43315163489516872 0.064068967860169634
v -0.83679726208425187 0.47218484062814819 0.12446306823151281
v 0.062490030491154772 0.071603830608598859 -0.056355864013015719
v 0.23004369104340025 0.40613570489543116 0.59564060311429712
v 0.11182746915031805 0.027463285837754915 0.0065536614096577865
v 0.6310023179966413 0.21318601617214844 0.21724314276114656
v 0.34486582653554637 0.140464270716356 0.39211106245406757
v 0.14497374953215056 0.72352297797424436 0.56745051225989751
v -0.33344321461063126 0.48147749961306818 -0.22997514883317918
v -0.24335993856583241 0.20616222607697546 0.51897476437317203
v -0.37300599925848715 0.5437919090073986 -0.14934200656316235
v -0.53777187628572465 0.34851735724150817 0.43380694362278754
v -0.48964316910172656 0.38691421820639482 -0.064858454500327595
v -0.69270928571062806 0.48158684484583186 -0.06926931373521103
v -0.70711921055697879 0.14726904941598246 0.15531705351186009
v -0.29036769066947965 0.21488620212442422 0.47085104731172533
v -0.47339428963086849 0.39281301361213022 0.50167787959076604
v -0.5173371189692948 0.17769016830376791 0.27439462401371356
v -0.40619465919867459 0.76443621102086612 0.5231575962880155
v -0.58381255414764777 0.30743304354844453 0.3318597346965686
v -0.55538958960535534 0.076296438329109623 -0.040637613998860497
v -0.20493945023580723 0.50712706734481305 0.65702495919300785
v -0.65520258685057209 0.12363439547971908 0.48238647506042603
v -0.18572812586598178 0.52869424363413264 -0.33325736147675827
v -0.8531822822814773 0.56278673978272165 0.059590017964996335
v -0.24672396854595516 0.41869005205367227 0.53051151806549934
v -0.41587806044073661 0.039049489676781797 -0.21644510911737691
v -0.69261565730131758 0.3549407714299842 0.34875837169628632
v -0.71523813953228332 0.34841846950429473 0.30950768844325904
v -0.26760589509930133 0.19860955633587313 -0.20375264878756311
v -0.44585525403719845 0.45810049328269692 0.53090091635836534
v -0.45124047680392332 0.31973275185308525 0.49131667904641541
v -0.27225987186579675 0.26692564859939921 -0.220623577975677
v -0.35736448789037834 0.38236608158389018 0.52054411766532183
v -0.74221658840814497 0.61776528879990422 0.52394772434214343
v -0.52037864729763883 0.73092802496035336 0.53789181604632796
v -0.55985851949142496 0.23513244892501756 0.029389372315614313
v -0.48891225960626344 0.034219646282656634 0.34461863732503917
v -0.25318939918712774 0.21513870964794349 0.49343230102342212
v -0.4272003588087242 0.18287075435024036 -0.05717900741664033
v -0.67171757031405743 0.038308979268678885 0.2042204685772451
v -0.25871547868514561 0.41943937622360866 -0.30299836248900192
v -0.49298940751286285 0.64528290159503687 0.55710545563462821
v -0.60399612959854099 0.16267704856601875 0.033822459365671902
v -0.17573026337997164 0.14001902711517511 -0.21647087430883016
v -0.39903814365934559 0.041854218867309063 0.17714917312613054
v -0.5502777248074473 0.17458816967017438 0.35112944359796822
v -0.34881910202837291 0.19283198065270218 0.48592794368969094
v -0.82601851632364232 0.5590746311613124 0.02857670651319414
v 0.54243119687347152 0.21350387212680103 0.36162071266277751
v 0.27860393622177243 0.76353066949845738 0.48582342691895625
v 0.24432209530764895 0.02702135160206709 0.31667661758798837
v 0.029285514725265964 0.029108539841170886 0.54271070544400168
v 0.054016734713092894 0.025223466057727531 0.16771588071159149
v 0.13684017691644115 0.065963788471359683 -0.17265175790436038
v 0.14972219669809939 0.19026612841015508 0.58295338706696709
v 0.12671352500456928 0.20633305454563725 -0.2323240254158736
v 0.17947461058156189 0.031542304511808616 -0.034683072058766487
v 0.0099224999107048722 0.30436837068061634 0.65643319680781864
v 0.27758628569839378 0.1336548466894634 -0.048220463595867451
v 0.12365989011124366 0.31088863848272513 -0.24760423856347744
v 0.2796139391892925 0.31274776752201233 -0.18366204207290332
v 0.026238715250550118 0.2356347996169052 -0.25411430561424608
v 0.14141614679104106 0.31311220063564321 0.63072303919475881
v 0.19612414122822977 0.58611865570928745 -0.22638117275026221
v -0.082423338600299448 0.13559893322823111 -0.21268914451742024
v -0.092108364952770388 0.27348934354352106 0.6318140319810569
v 0.01029728071058 0.70899414314402021 -0.20563905889301512
v 0.25236394395248041 0.41326736752636722 0.58983064043745159
v 0.2167529354595932 0.59513837603296849 0.59702333464541202
v 0.19520254379702773 0.63000759116319582 0.60479179338305256
v 0.33230650013061841 0.32000125002620161 0.50781641088800522
v 0.14474139014219778 0.57396951776544047 -0.2570281875889307
v -0.52643063794521416 0.19172079879322101 0.3123674040591311
v -0.51840562703772242 0.18558922731567221 0.25560635525129455
v -0.24339021119846477 0.68248989153746231 0.54179603487064243
v -0.50159879352572745 0.34007894016692281 0.44755462163756587
v -0.53286784426393641 0.15642137542798878 0.27943389849973271
v -0.59572108946951241 0.31705084931280886 0.34330596628403903
v -0.30288537609492627 0.1890233923532901 -0.181630709315524
v -0.43211824764486029 0.041681129459984895 0.53025606093521138
v -0.87584131760369166 0.53208942125792558 0.16239694584920802
v -0.55290905259327117 0.5896442288820074 -0.13277723496331897
v -0.60903315125899338 0.19094526169669843 0.1271406944484203
v -0.43422304496980452 0.64779147754722111 0.54523827029448035
v -0.46072391344162011 0.67378186096292847 0.55602361368063635
v -0.59587008071809366 0.044227507301437416 -0.020646771892914865
v -0.39565379074981361 0.072880426410312962 0.52681389756181307
v -0.34929432101814289 0.48441684330946622 0.52724947235841113
v -0.25758376708981784 0.070205187321904144 0.18649224114118401
v -0.41577179964534827 0.037868068757089278 -0.084792621779219743
v -0.85379188874340928 0.59457720364547995 0.40099345081969245
v -0.83633145641933815 0.46256573596366235 0.24222936710655077
v -0.46515323983103624 0.73162892098570664 0.5387141314778946
v -0.25240693400112374 0.66965541066774681 0.5563253460067521
v -0.4254800330728789 0.04308916337597099 -0.0071390938949968509
v -0.30372479318989648 0.64744687398759504 -0.17935839434360287
v -0.54738282831590157 0.17098799350589558 0.3408196236862609
v -0.67138427392420563 0.095818924652177048 0.43515505524533366
v -0.27881271089278725 0.15016921354567353 0.59754151056647153
v -0.67545102604678353 0.53311008787360448 0.53949091284546258
v -0.8313052192064635 0.49195103665611351 0.071118154908391004
v -0.46943191073024826 0.53812398395472649 -0.12216468950987573
v -0.66448934915403735 0.54593331781680643 -0.1017124372217377
v -0.39170489837823519 0.7403106696217675 0.52093521609563209
v -0.6104832712027094 0.18698355439371769 0.10405554003938344
v -0.67329112830533588 0.096419049340343635 0.40340241424008649
v -0.3908801632268768 0.1029074168923632 0.51889828251270254
v -0.59708735937528901 0.60714306049984113 -0.12704336170525174
v -0.29102595624941563 0.25213133525284592 0.46174544817902813
v 0.039528439980938877 0.023089698484522282 0.51090416556862916
v 0.45405307677074108 0.23561501351959377 0.38765642966074987
v 0.20698950902998386 0.61398703877960015 0.60366662073716626
v 0.5067350132736782 0.41781148129100659 0.10840860625828459
v 0.099746207785158164 0.48044663849960706 0.65528919584257728
v 0.26581971749297872 0.35354342855064697 -0.18709452835577034
v 0.20563731517524292 0.35413846837126339 -0.23671216083909263
v 0.51247064435602641 0.43223041583288269 0.16385665408648095
v 0.61607220569388887 0.39160266289906714 0.26739943761966628
v 0.21721953157857632 0.035074453447514531 0.2471213191321717
v 0.57787198132160922 0.42353590193794544 0.21914216748395449
v -0.057782060989880868 0.2582066707161807 0.63368495921518231
v 0.028191675404176747 0.068964142844055831 0.31758869017135727
v 0.38785617048899307 0.57552135225515477 0.4992056572141737
v 0.038541235764085961 0.026425895213454089 0.10687346366904099
v 0.17049012552700529 0.074122326821095139 -0.15638185117274359
v 0.0050372352934848815 0.36803920588605216 0.66432574113833076
v 0.5541092348748462 0.12580329442201904 0.22038631995672528
v 0.51491466558595222 0.23609350783017033 0.38624079202030531
v 0.12725145998528728 0.54527867377666306 -0.25902465115632872
v 0.18891946823259467 0.4247473221083734 0.62655668535711107
v 0.008661102889315736 0.1587527232441886 0.58555121561621837
v 0.23918982878101158 0.744308145101514 0.5342955406932447
v 0.072341624398224766 0.61348707280427184 0.65342830623200832
v 0.061179849363140748 0.47690397291472542 -0.29399445228831111
v -0.69556623872281509 0.36425577939001175 0.36233996133696506
v 0.034159824228084619 0.25086136054263891 -0.25827018692759174
v -0.42167561275136545 0.18961534998447577 -0.043090726164442962
v 0.42258447348379191 0.2152164253373198 -0.020727640621659313
v 0.14090502604291141 0.32455980312659993 0.6351116540552314
v -0.53725023107115655 0.078032566255686997 -0.043063502543223393
v -0.82210469914593354 0.54192130434106101 0.029918421733994255
v -0.41566446029133181 0.77611023279923164 0.52387015687492933
v 0.052462780900391102 0.092290374005090228 0.54863225374758806
v -0.33729078365926746 0.033126584883627595 -0.16927149335785352
v -0.19717117273107682 0.53540684702789676 -0.33243569881626461
v -0.75651663948615699 0.60086350471505134 0.5138592014442277
v -0.48861257804745478 0.29673504081210761 -0.036686991381259769
v -0.66474694982509552 0.31530367540643045 0.16732691847248649
v -0.50371696891881612 0.66581932685596457 0.55622522133189478
v -0.82387392035653018 0.58285322190807853 0.010440787613985326
v -0.36192273412528314 0.036124061719379777 -0.22281074303616286
v -0.57562819257081121 0.72766581343791137 0.54706901186147461
v -0.066413464018395763 0.080621949343075983 -0.019916631493236088
v -0.68946235653780974 0.038542661031339402 0.18610813784612967
v -0.84831091980879525 0.64336550896682598 0.032242898000021274
v -0.50419936508296037 0.037484126643966442 0.43091542288751017
v -0.43991117090406479 0.41092744813027737 0.52431764530562774
v -0.4141834705574523 0.11996783919417851 -0.20384528686340303
v -0.50445882728672187 0.088052347505849449 -0.046600144641022558
v -0.4852853571149886 0.51826193151643929 -0.11703190246740441
v -0.2926572418543677 0.65927110004159928 0.55369584474130806
v -0.71523185192320671 0.043738319494006368 0.044565588630608
v -0.61075810467698977 0.61302317197294343 -0.12048739389987004
v -0.29498054165716703 0.49613001677398821 -0.29106097400771486
v -0.79930062437805405 0.69205289162502914 0.47018230512842979
v -0.69910757892646946 0.79499891964764713 0.49613488425881941
v -0.4669534759996673 0.11432031875572031 -0.13755418466839511
v -0.80907891178825631 0.71216748402948615 0.45750806861718413
v -0.56650267726631509 0.47908337012640173 -0.10249943069265965
v -0.51510246976042995 0.70810225259806692 -0.14152645220691995
v -0.52638760683882757 0.28759008028947558 -0.012196638710775856
v -0.32256611995880674 0.58475315124198146 -0.21769284223300708
v -0.54431686666934176 0.065818908052584377 0.57913397329468641
v -0.18954185910909505 0.20717784044002391 0.55261582509188956
v -0.41233410851301538 0.030795038030307944 0.11020153120247606
v -0.3234428378238105 0.036753926309813119 0.57750041387018325
v -0.85729305247048271 0.72270920774988945 0.40532851753075466
v -0.73940154792676771 0.54935153271916826 -0.069525974765090467
v -0.26185987266926913 0.6818712976382626 0.55426451178264868
v -0.48213052916696436 0.036081445512117706 -0.083319909622740856
v -0.30168131531808462 0.79494778717230064 -0.1413768681844543
v -0.64743253662729561 0.1302048160939264 0.23238608267604932
v -0.54557129045220565 0.33397775635985466 0.40507454560385781
v -0.81687151850436701 0.4271984554208863 0.25497710360648179
v -0.20305780761544651 0.48752415721619202 0.64894759693285486
v -0.2499311646401077 0.069423993831455713 0.23329808932677371
v -0.34484044947498121 0.70352214803097624 0.53727970525676016
v -0.82843625570053192 0.47110107579072358 0.29974749305580883
v -0.16108347527926067 0.27574388493782376 0.60151046861501112
v -0.65049437039971736 0.4019042327196618 -0.020003778854872777
v -0.3239567542293581 0.49527832587676657 -0.26017392390447769
v -0.29503966824831374 0.047275365005266239 0.20441195406795648
v -0.86344346204668887 0.49667035978426832 0.18359401963335772
v 0.035180022887560405 0.17844979856091961 -0.24292215742484868
v 0.017348136019650674 0.31372110609760484 -0.28263343634659593
v -0.080040027856335724 0.52572502886368555 -0.32569536778655417
v 0.50472655838072167 0.52452536084171963 0.25870927924940101
v 0.29246026447854884 0.50082070733542361 0.57688756340149872
v 0.29132444691764076 0.085130770146421147 0.41133411969945499
v 0.38941203157214466 0.24186986619586096 -0.023888042557994881
v 0.27507019166168123 0.53556275692841815 0.58404287711752723
v 0.12081287567745966 0.65663277760646344 0.61623024077808475
v 0.49942436772048254 0.22971890233449052 0.39044519358669011
v 0.42033004313923616 0.48355155301977176 0.44613400249062257
v 0.45297033544793308 0.16309134059536678 -0.0086042131593046401
v 0.2070910536324139 0.63361720635509267 -0.19762637196272656
v 0.22598075397507716 0.37437811334058058 0.59367800515768854
v 0.37035992451331728 0.4961644070357959 -0.12665013768508804
v 0.070799906892124634 0.41033176914196079 0.65723179157619827
v 0.18630434736186419 0.027036925097141923 0.082020647836363481
v -0.079279721132750239 0.27323873159756534 0.63536168446565888
v 0.55306428050956413 0.41350792321504815 0.13014010564418846
v 0.073384408384190969 0.48779432595166233 -0.29162118302684503
v 0.45577361218320739 0.63341052041381851 -0.012593902085831953
v 0.24273864334450962 0.24113861245588245 0.5608369379845829
v 0.30634505588584776 0.67543200553536198 0.53142819404061237
v 0.30829288740404526 0.53467042284886412 0.55753233351410469
v -0.040173893067233742 0.12244886671440271 -0.20083843941400017
v 0.64333423949065116 0.36997598120893171 0.14474599964467399
v 0.37091980567178878 0.38861501905076729 -0.11557618674915147
v -0.033674000193118739 0.7283153042779924 -0.17137943869017641
v -0.059568926355716922 0.077388457656411697 0.054258754132983936
v -0.050979590886695396 0.17963886869142762 0.60141127394003913
v 0.23230279804190379 0.47502630466733864 0.61634720761968387
v 0.59299610351971921 0.31665779394380666 0.050211056736656684
v 0.036687401679228827 0.64221423427640234 0.65432158067180446
v -0.52923660053409394 0.29222524722463977 0.37051309909863978
v -0.60849087425820247 0.2964518055768306 0.16954399520118729
v -0.16863087569369734 0.036090535700225253 -0.13700132835723083
v -0.62504029119276205 0.35203628415738147 0.4028993237684545
v -0.37516234678289967 0.051676165484771656 -0.24041086064893852
v -0.21976883232450861 0.39803711290581206 -0.31859671224424518
v -0.75271451630082786 0.43441162678234507 0.41894828015819691
v -0.59001043444629941 0.28711846557675241 0.10155425083432765
v -0.17970398684161124 0.2509913354149283 -0.27510622918326955
v -0.23262860399655322 0.43840668472589123 -0.3251247248813578
v -0.51906002518492533 0.23883444939609985 0.40638270337182625
v -0.37837670163591586 0.11107163442232111 0.52376897343416307
v -0.23146441900261774 0.3645535861327151 -0.29749052509713014
v -0.69800133546862664 0.15138058176423799 0.10624687919190723
v -0.28080635542705801 0.39966107720391708 -0.27454045386121245
v -0.8311029630582617 0.51484700471240297 0.057240342613331795
v -0.70342980706899316 0.056734422776155653 0.23150596263003739
v -0.55196086910742459 0.031508790415303391 0.32101384776500125
v -0.63766666841441477 0.049109449841363804 0.30519922523532794
v -0.61159592034337806 0.33027018784154466 0.059985522049949225
v -0.25477645603667581 0.03250727968362372 -0.15922005835310396
v -0.28103785092390848 0.66479581322177916 -0.18625594402829609
v -0.19719576880752079 0.42088381792770907 -0.32565434722030112
v -0.32021626139624859 0.34284529090473426 0.49801572689627405
v -0.62130603555183617 0.071139205042851983 -0.017938638963375296
v -0.55734905705430815 0.74300374197891084 -0.12568308166883849
v -0.42838264675550469 0.77360352517222541 0.52661131866824595
v -0.18883190819727708 0.48533527732188797 0.6568588604340232
v -0.18840001818241592 0.34930874268511897 0.58563687853095048
v -0.69407479607080358 0.36975578443106571 0.37318644814297558
v -0.59979058583389078 0.30214262621900217 0.11333221252233892
v -0.75023393768124913 0.36240584414133042 0.20986641314408375
v -0.78963121214429111 0.42639387317082983 0.33245931670189827
v -0.56492207086419388 0.31321568846716519 0.35339089977487764
v -0.41546596530402025 0.038674498248760618 0.34164613904149632
v 0.36248120354722074 0.66770156561970295 -0.093301853693644951
v 0.17032764747283116 0.024358971876057508 0.29049359819076037
v 0.37910504930179245 0.45874990997546006 -0.10339543055376595
v 0.46947667480006805 0.41615192705303311 0.36014155909809786
v 0.55911452127956685 0.29776686185035234 0.013691988717432895
v 0.033191334647799525 0.34510150138059514 0.66374334655404876
v 0.57318585329665428 0.30287936252299513 0.35489828837960313
v 0.12273565532127735 0.35138008294186607 -0.25955012103988512
v 0.29240466291680195 0.46922080667937199 -0.18786977224525636
v 0.083748623736864883 0.067799829173193729 0.35547017208282133
v 0.18129329942561229 0.022371588784289485 0.42373635682471728
v 0.36046901076395671 0.038801030847181416 0.11847605303628192
v 0.034696261456604552 0.027704020265736658 0.47879142588742873
v 0.43191744030523183 0.41389269296906173 0.42113731801380333
v 0.00029060832483302656 0.042874529544620205 0.15381287712667099
v -0.038973954318732087 0.16198893117463434 -0.24092356909546886
v -0.03276295689750286 0.030944312963411595 -0.15533317860489737
v -0.026893120850826679 0.65952817968788346 -0.28319422767927099
v 0.51245527263730795 0.11806697224030539 0.29356586168579452
v 0.43687711244345234 0.64026753699725469 -0.035212916128995117
v 0.00047096706131834507 0.23382885032170012 0.6396102871430549
v 0.34984317075894888 0.033873829556373004 0.21610106999102882
v 0.11390645119561545 0.20054803671322571 0.6072738331655636
v 0.33782460769354949 0.76770818082210679 -0.081136789634101536
v 0.01429829994410162 0.052109537005727506 0.45584099907399078
v -0.044256121403320275 0.55165690960887948 0.67856862753048519
v 0.5585987467328879 0.17311783250746862 0.05131299508083699
v 0.34653016492043237 0.40963248794248686 0.49783864608066902
v 0.29680833346247737 0.35031053565021625 -0.16207228067096457
v 0.64186092088149793 0.28557334922174998 0.27069888218433741
v 0.52513964773884425 0.42373165397378604 0.20711248505135862
v 0.62538978796988853 0.26634429046776165 0.083891987537675086
v 0.029200984427646026 0.036828219223577499 -0.17850106854516964
v 0.58012387648011043 0.42045167325508614 0.23753024775089801
v 0.59975852275758612 0.36824524015432814 0.073577856006522752
v -0.48468570366796615 0.036417547525538087 0.45124504424203271
v -0.53927334924303494 0.71152597941707052 -0.13930957578137515
v -0.49964947904275792 0.096494372153879196 -0.042927514122659098
v -0.45693549154126772 0.13342672833690092 -0.1211657607712589
v 0.61623605093955292 0.41114024713974973 0.20478755702427809
v -0.31923130780545067 0.57885095441031931 -0.23084158973168795
v -0.240901355387209 0.070637077538559745 0.19766379435583159
v 0.33871763489975248 0.56778344457794538 0.52340431593320846
v 0.18816847338601547 0.65756321233551362 -0.1887949772602395
v -0.011015558006769418 0.44279688728555072 0.68896375733559512
v 0.28140180586778774 0.54647291148606192 0.57536256654375162
v 0.12549783569356646 0.64344755585900948 -0.24269769710328831
v -0.52662708513801182 0.30916735856166205 -0.018264884666842403
v 0.24135437915601166 0.36487663296832035 0.57846153826771352
v 0.36504273638533202 0.50781964184478201 -0.13651047569040167
v 0.045482435372425391 0.17093632639697265 -0.23492862247104143
v -0.58675198732444767 0.48664708867378054 -0.10679738337095503
v -0.30226683633835988 0.50760030935407185 -0.28593478201791089
v -0.32399413430346313 0.38396017868610466 0.51189558011041814
v -0.68900458508629614 0.040348079078007276 0.20819423276058743
v -0.31977332624916799 0.20482206088859106 0.47740434517531888
v -0.20214165855397462 0.39502197234017478 0.5940502733242311
v -0.30592907400829783 0.033811469517359527 -0.15844884856491215
v -0.53454993212726021 0.26348234226269307 0.23018574374302275
v -0.58154524896809823 0.27632943853571129 0.16125156552645351
v -0.40962575815952834 0.53033079198801469 0.5300532020680474
v -0.19940443915624723 0.72809751137244005 0.54770802369647564
v -0.59254273766291299 0.22478935751096848 0.12497000131946731
v -0.49257961077835116 0.070678773410045054 0.56592660691934638
v -0.38172595898661071 0.2096195074210134 -0.035225321365695138
v -0.40736334264169183 0.40071524993035068 -0.080978550115184358
v -0.25315658590864781 0.076828555853255445 0.064370532153253918
v -0.60556178144530326 0.034325698262884299 0.26582942310024804
v -0.81655805234322465 0.45793667704343399 0.3127425591705208
v -0.51515301922661649 0.24243798244269824 -0.0081659789764172482
v -0.53232138353372804 0.64144246440960484 -0.14010230389100534
v -0.50013783996813976 0.36476519384403305 -0.050506773957862308
v -0.24377277975784029 0.031746808298063124 0.57753375341250968
v -0.6525234305681884 0.66830694501863108 -0.10037167386419905
v -0.75691430115834135 0.56118591191538381 -0.061891156692753524
v -0.3428055537521123 0.67798700368283882 -0.1633279178797449
v -0.53359849478473953 0.033496021561939017 0.044195272478389912
v -0.60837090883340961 0.034443249399354649 0.12224520272534742
v -0.53720236348796502 0.53830284780628679 0.56788488908752888
v -0.52342221419430612 0.19825985620787551 0.44646788119725683
v -0.37684064460717848 0.053550619667747185 0.53792315637571353
v -0.59603334761461169 0.17888676238612639 0.45695432854689327
v -0.6789023764389992 0.0492915561636348 0.40890746856538041
v -0.30073565940752134 0.13027584007283774 -0.23366656942151609
v -0.31232788271741352 0.31939594764036844 0.48640905481663277
v -0.50475795769440379 0.039976987064896177 -0.063069388462450041
v -0.34373023787040174 0.27837335166459265 0.49208307114441258
v -0.325224428752662 0.25606431181554989 -0.07276539588714491
v -0.60585006998460966 0.45381521239870881 -0.083873972946089947
v -0.69523157318191375 0.72490383893514865 -0.067411271341003054
v -0.38822140994946847 0.048430448651316772 0.20627226818128339
v -0.48867807706978011 0.070468567849038044 -0.11339928433843786
v 0.36730669522317394 0.18868913512083255 -0.016956564498370144
v 0.050545112988778493 0.11119958512502194 0.54576693505462082
v 0.048333546384314023 0.030462064434410338 0.46729484187014281
v 0.24082949755980915 0.36627642169213204 -0.22018731296832161
v 0.35341092280621944 0.27452433465168974 0.47908306966468084
v -0.023850769684075835 0.50796791914189221 -0.31177667855564023
v 0.61992967973028923 0.20764418178560262 0.12694318164406804
v 0.054192528653852261 0.31126359269633752 0.66310570863401164
v -0.057277119000580065 0.48217065101806611 -0.32187413619685845
v 0.58362707227901112 0.15615856717236193 0.13553354624263389
v 0.48644845969532136 0.37110130552423676 0.32005205447602125
v 0.12911225664471962 0.45082151504694123 0.65641237265273056
v 0.45250175236415929 0.60629079670083053 -0.039601179100427118
v 0.18668964300195179 0.68499986006140801 0.57352389289871775
v 0.47121017950223604 0.35301903844840482 0.33989863439595958
v 0.13442077852795695 0.13588887371868916 0.54075560755851926
v 0.46731416284522348 0.14633387718595683 0.37569421785729967
v 0.1955375341929011 0.50471425218692989 -0.23650253891708151
v 0.13494708211693804 0.74014513840852336 -0.16019013129760526
v 0.38522996325396314 0.60652714170742861 0.496401066454141
v 0.10151868886005051 0.68430047664942517 0.60159264120381539
v 0.35064122785040325 0.25224066607550816 0.4728076331243371
v 0.60286517006525753 0.40125919332512622 0.26736639056593475
v 0.26863167091273504 0.022814549707468025 0.17948982911981645
v 0.43819249303282121 0.17914431607063838 -0.020102322806257671
v 0.30392452112101792 0.64170416027784294 0.54754135871380183
v -0.038959778090876626 0.17920991086864063 -0.24945514676039465
v 0.56081131849412025 0.30521349036304796 0.35983925342089046
v -0.68302853373658556 0.056886405218807758 0.41154718506236354
v -0.69067479537504095 0.69483796687943444 0.5398562657108158
v -0.5130514040117865 0.21699238051711695 0.28319986281071524
v -0.73093024828048392 0.4508782480831337 0.46119297757621364
v -0.57675829513201049 0.14091861963278643 0.32334488039884607
v -0.89250476949525515 0.67012618419938996 0.14931383637294268
v -0.24335309242612552 0.52827455789553979 0.61104798949901418
v -0.91075363104347806 0.64279000298058664 0.19915604342807661
v -0.51752542388676459 0.18138735939956102 0.4923206681632285
v -0.44763415440125293 0.55294128428456923 -0.12968635802394551
v -0.25476463428769686 0.50278871682944726 0.57455529005953443
v -0.41926433432269211 0.3657842093193896 0.51478001716135569
v -0.58668980024207618 0.56808783628200632 0.55653581522018059
v -0.233129827345989 0.060942041700969979 0.64427082797703061
v -0.29766068376223725 0.63115875970534319 0.55043816260806411
v -0.22231351792641491 0.48578636054358582 0.62938143072724229
v -0.66820419781783358 0.04596572027923225 0.46974149747601163
v -0.19751219148304164 0.69563344883152145 0.55431232994138102
v -0.4368535326640503 0.19876228402122215 0.49466224848583701
v -0.36154723431948793 0.032391379403762341 0.43973032868108913
v -0.5850498557378353 0.42957864587449068 0.50875636114496015
v -0.35683194688827957 0.081775883675721958 -0.24360236962526349
v -0.26850014573906755 0.39918220334078997 -0.28574556751022095
v -0.68000934841739014 0.48512354870152258 0.51113917730513148
v -0.60690417942574693 0.036795771331221652 -0.0083422058540863712
v -0.62564639025976987 0.54451344100008858 -0.11034065461524968
v -0.23557652387314712 0.030964530182337118 -0.16258632413802337
v -0.31677570217689027 0.55717385943683451 0.52757597957692559
v -0.40721954743008515 0.035601431688003025 0.35374991669530553
v -0.68242242016870014 0.33956740629106918 0.10372759687244357
v -0.41221899167247839 0.27339671057689907 0.50413895725866864
v -0.26742961483300759 0.5884405959033846 0.55470588719125846
v -0.52133300498206914 0.13473769290608587 0.55700300915850798
v -0.44624050377676172 0.037126212183237833 0.52137636645180008
v -0.61906300845656448 0.65123524485057793 -0.10794435914931137
v -0.27203010207044165 0.034775203420408692 0.53499735651611413
v -0.37798595366062815 0.11037056329587822 -0.23291429367723054
v -0.5301042834956452 0.35477636794684098 -0.025779041931545687
v -0.65424176890191232 0.061637154594553691 0.34418340557798616
v -0.78017594886158426 0.39928312411810479 0.2487402217042429
v -0.74126847351901393 0.067498114015042313 0.1904074335760782
v 0.14663348291071496 0.46893804848697263 0.64647535428460046
v 0.12165059664396384 0.096811100523378907 -0.18584358261054462
v 0.50193010118337089 0.61454200012467042 0.20029847448792643
v 0.58553595809149528 0.20831686851522693 0.058054193721913012
v 0.36655729910493728 0.54533232809273935 -0.13861656612609255
v 0.026035807304597331 0.026081984523746545 0.19539475246670962
v 0.35628864196019583 0.6607746565515924 -0.10317728759825186
v 0.14179255278876321 0.30946045374506831 -0.24359958530548251
v 0.49690664664451428 0.5688147485022389 0.082587229727468722
v 0.41996736378085409 0.24001424422959849 0.38298755589842692
v 0.5493811843763714 0.39274992584284024 0.087427023105005081
v -0.058635086513425118 0.67305354668318318 0.64056417054677894
v 0.22814800271473878 0.024762658422792561 0.10820094850185107
v 0.43445915822951592 0.55339509518965024 -0.073283638113375918
v 0.17929862307340419 0.59277388416182775 -0.23709993927279938
v -0.02098759387205771 0.20356829019296571 0.62509352523142647
v 0.44462737079191023 0.33452138477499926 0.39363391954847726
v 0.47761207205943079 0.38488221519164856 0.058899680126810953
v 0.088300831043040637 0.12493021895401818 0.54747736083795806
v 0.5367910482759245 0.14740882897890442 0.059180951384898754
v 0.65501555805271328 0.29098422767136822 0.15240251481396799
v 0.0049566439706055475 0.038174111823922198 -0.18084055091908791
v 0.47575849840788909 0.64152527018400152 0.039768449675160703
v 0.47195598169632236 0.31596286726678396 0.34952263153014818
v 0.24729006408935658 0.072178645821924139 0.48854924681970968
v -0.07369604994295724 0.74395468751873917 0.53782251879249898
v 0.43400764441960477 0.29335631116915484 0.0088098514532089257
v 0.10744880101707324 0.64012093660177671 -0.25084030467454044
v 0.22272924501656174 0.51608367585287129 -0.22056791419271995
v 0.041262515430904041 0.75319824189327123 0.53705293605987858
v -0.071056439053920034 0.25177925714568311 -0.27650975738965528
v -0.026618943406342226 0.32118367535665576 -0.29442667508564324
v 0.045144514433558117 0.73097868605599825 0.53870778232655758
v 0.22127772357278302 0.045679249381932401 0.016108678412670857
v 0.47940478951406323 0.35383807554380425 0.33170923685105741
v -0.31013269116688486 0.3733904005827568 0.50001413651536408
v -0.27961042535335545 0.077745513896725529 0.06213425985454616
v -0.32373502272146532 0.037156903973300764 -0.14835785207727964
v -0.59706577520695503 0.2057120074609981 0.1377113862061109
v 0.46193355779546003 0.34314474750345297 0.35072916932505976
v -0.32094438186503577 0.1972468413374662 0.48611481969201942
v -0.66532684257637309 0.67178562334496883 -0.096249911442619185
v 0.2078335267939205 0.50202049351954203 -0.22908806944626667
v -0.37772296361783558 0.20365344920179546 -0.041861318364310181
v -0.82818286276568631 0.69180278489748548 0.44427368214512269
v -0.69149268856459312 0.044314931716816962 0.2225839667156484
v 0.04750130571536474 0.023099935723665838 0.1464035647727723
v 0.50063089595297872 0.63346864176053652 0.16276452830351731
v 0.57354579781975956 0.32197271706706648 0.34807718507980684
v 0.095314635918571824 0.69861702973271766 0.57998476881586558
v 0.50107396410272043 0.48165230150115662 0.29486625798639726
v -0.10309760094741066 0.17654568295254802 0.58668779174855268
v -0.20715272231265755 0.045645284668821194 0.63613406304452469
v -0.46617082978651181 0.58179890317729843 0.56694685488410235
v -0.57727908925672711 0.5661062158505703 0.55591691370028951
v -0.49294964510564138 0.046276383799353893 0.17063586050839422
v -0.3267855064577459 0.12003914691450741 0.58568999448283865
v -0.23983263300173266 0.07616818207421909 0.091491752141183699
v -0.2723298773982073 0.12138287658509882 -0.23195501017684925
v -0.45712567178799346 0.16542736579506384 -0.040240525536255213
v -0.4033106378589037 0.049209253555857695 -0.063576145940355253
v -0.61987541810631763 0.33279593094609039 0.36167346105875769
v -0.46341623542161725 0.036476546022634955 0.40319884864437522
v -0.88552135264818799 0.54976344894763607 0.26897319351240662
v -0.30651779988618438 0.55543789879514216 0.52379912271051576
v -0.33325690818948273 0.028943417067261851 0.19606820569670952
v -0.71993382394487948 0.60274011881975931 -0.079828301049078773
v -0.3840362984556927 0.031617715112487628 0.12635854731207388
v -0.82140932814305379 0.49002142337512256 0.053088524752121245
v -0.68526909586444107 0.73227176377383574 -0.06951578693759923
v -0.75402860265183957 0.38712732030762281 0.10923094794714699
v -0.33851679056306511 0.5010524517328081 -0.21523834628863844
v -0.83267668555466079 0.57966619548441778 0.029966508032496418
v -0.79336111927847508 0.53247018839728411 -0.00095768000088337479
v -0.83037014768613637 0.44958191023645017 0.16027588786058097
v -0.51024507052676715 0.35826638407557848 0.45768159375837691
v -0.23043809058792405 0.65043427992798364 0.55924547222850307
v -0.38839602844189342 0.036523220874959864 0.5117977337388846
v -0.90910332829044305 0.61077794481550229 0.2129956542351949
v -0.51881542145987447 0.069694924176469664 -0.051464372818691449
v -0.34444602531603474 0.56540211873959212 -0.18019666725321845
v -0.21629126317613051 0.20024503253253262 -0.23642916909251116
v -0.35578739700725698 0.52345891752666873 -0.1631965462414437
v -0.36777434128992043 0.63474554277113848 0.54336931315788284
v -0.81731858328337703 0.43455669463345731 0.28064225881300314
v -0.18819075562055657 0.44653032624232347 0.63529877673630253
v -0.20882371027364563 0.15610561213370214 0.61967598407889946
v -0.47279070504928239 0.54410842623267608 0.55669782403377732
v -0.88381486493682437 0.69755383079776534 0.11764871223618599
v -0.29893456480861269 0.63843849997991586 -0.19705720859863035
v -0.35433268062729462 0.48548320609890649 -0.16620492089685396
v -0.85116245863903506 0.62477640444062688 0.41354055361434167
v -0.91407234642400814 0.64124527699896772 0.21759789497929191
v -0.41385508563924911 0.0379639405216185 0.51193635083007105
v -0.79818974937085252 0.52069415040106037 0.44848845307627871
v 0.24683605906185196 0.10756892086036332 -0.036193032451491788
v 0.23222920861985261 0.22002962940374987 -0.20620441910439358
v 0.4898012203824067 0.41446022376525449 0.30813235797881378
v 0.53798834722964672 0.36848014140836938 0.32497275275047477
v 0.24491926679305309 0.029130114068870692 0.1541914318544127
v 0.62768349295590897 0.38409361457861996 0.12192858983603951
v -0.064194192291821994 0.16176683462253086 -0.24261070368657958
v 0.33791434558837691 0.20467700170294084 0.45301868383239141
v -0.041406284267944161 0.38037282134165845 -0.29503175060481551
v 0.2952546934086257 0.12663032172383046 -0.01307386380625743
v 0.28634607110498234 0.59443780892452369 0.56788547397240441
v 0.23946092416213272 0.61023995152439392 -0.1930059738315579
v 0.026072409414275553 0.26347076974421296 -0.26714628391003287
v 0.46821012457921052 0.50635253611061193 0.37316485173300351
v 0.22575915118747053 0.23018903041440539 -0.21683237738040406
v 0.5547486467285615 0.42360686277744991 0.17833197964588707
v 0.23480130684146855 0.53607835732525189 0.59972594689859537
v 0.12165552792928212 0.72921257692824171 -0.16265988238089898
v 0.23397818002444337 0.63195482836553241 0.56742987895578278
v 0.084110395270066141 0.62143188834875418 0.64927890542157973
v 0.18181914454598144 0.41198774083511103 -0.24938132848974803
v 0.50350490311789153 0.56710012675756127 0.21847077945273552
v 0.39704251522439471 0.45639187140681275 0.47266098027969705
v -0.086347654950663127 0.34962462530305688 0.64882498456387416
v 0.45662229425053436 0.3727765436719081 0.01764936955987257
v 0.33073648895653118 0.39493022435170799 -0.14571007600761701
v 0.1935348989362089 0.030960789612506111 0.014945416248282054
v 0.34078441804612386 0.6288439979845114 -0.13821416616230381
v -0.04544227093941175 0.51980906263099547 -0.31970656158683819
v 0.4255481727024279 0.22604204259881747 0.3831074665215265
v 0.45025513546778051 0.33631683373036952 0.37307107176752419
v 0.30321613681618642 0.39066297662652621 0.52344367047290552
v 0.57159765259217787 0.27671956273518389 0.015621318921699644
v 0.1305794887085501 0.040634412354542696 0.37875248011365664
v 0.48712291501682736 0.25499719216276123 0.3868675796980548
v -0.48694351567553662 0.50368304584277623 0.55301444897737939
v -0.595713793804726 0.30114398881209203 0.10027042395510971
v -0.62566001033691898 0.095819527827216505 0.31890938564500976
v -0.29810065585693596 0.067277328101356754 0.37852050109149366
v -0.57179861012178257 0.51975685876004485 -0.12091270261792271
v -0.39744311105513713 0.033548719129613123 0.45907450377945885
v -0.73116730479554071 0.11578732184635136 0.1010300102606425
v -0.61199637126423156 0.51973540943787455 0.54617212899389844
v -0.65310247824803824 0.079544071243849587 0.26709393444827034
v -0.52652830928936911 0.036273525566928845 0.50978511605718158
v -0.44019637835372544 0.036494382810523654 -0.027750752675795878
v -0.34988686774540245 0.75846449898772206 -0.14175927722275017
v -0.31915523686556263 0.031638814525362505 0.29668958924311256
v -0.62882036145115194 0.65270333646542045 0.56412008728443808
v -0.88432515331674599 0.55092372656297373 0.19164172365924728
v -0.73215542408372591 0.34648321097312779 0.17989990299336533
v -0.41157308153378752 0.035009641248716097 0.49735153627998557
v -0.33069822789005904 0.20893388097669688 0.47829611989585363
v -0.3842942486424325 0.56506711532043319 0.54307857099579704
v -0.30491490778994684 0.061702516352356691 0.36874434589245847
v -0.63057355635322843 0.039363456532971602 0.28692518399463685
v -0.21425940408600133 0.42472428445726762 -0.3259921019837862
v -0.81687686496768175 0.51441032921281571 0.42321573904732246
v -0.68130334639859436 0.13661569095651666 0.050453277842890831
v -0.24165889036807162 0.080630804554310417 -0.035095332748481721
v -0.51696364768777148 0.70742802100934032 0.54547286010855922
v -0.66516996261608075 0.092205675721622013 0.37222115587881988
v -0.21545171512578337 0.30673797480063453 -0.28499739011726655
v -0.53582003504623865 0.45931676753175404 0.5303331538259487
v -0.46409042582517707 0.37803160292348209 -0.071337062735511075
v -0.6338794100200964 0.17651665795685803 0.10142981948745564
v -0.51802300447502703 0.25335322634559176 0.24166853452052006
v -0.40300638375714981 0.32102406271581413 0.51549285066001183
v -0.67890974210444688 0.4135044460064255 0.45804345676389302
v -0.18763045684847493 0.43791325207575216 -0.33124893684354084
v -0.41867701411655145 0.16116964335898221 -0.15411040419808422
v -0.37353209374610041 0.031815613132428693 0.39924503921869403
v -0.88826613939462573 0.63960016995950075 0.36727312204510398
v -0.16826172593980437 0.23617349754775155 -0.27184143616988549
v -0.66074376176082705 0.41548225609974454 -0.028665152797117913
v 0.055518356770004211 0.39268236152170766 -0.27965459230422463
v 0.026618331840948264 0.5930095102910925 -0.28834039352205687
v 0.54724268051817049 0.32045134194131142 0.022785225141919215
v -0.020592033796339768 0.077888442126563789 0.046611747311744348
v 0.26867582793874428 0.74944563003033648 0.51366731346132732
v 0.30508361927926658 0.17714815002885603 -0.1008593277338159
v 0.042919303854656386 0.02240771157796612 0.18618186440729467
v 0.5285846586359545 0.17870599658651237 0.35415940181569333
v -0.0065858518169260912 0.37065612461338587 -0.29293353741226291
v 0.42236298419310575 0.70852651820845269 -0.02684351648798344
v -0.012224049801414732 0.12217346952753107 -0.19623778788863336
v 0.035697663985875629 0.53376466059867056 -0.29466618931058947
v 0.33531304114745553 0.29163519285274303 0.49575380242400308
v 0.3127731916791619 0.55658746262227488 0.55609048297819097
v 0.12256045295898625 0.72993122521323051 0.55812666333244221
v 0.2285556215325637 0.61619836403585337 0.57283715309268268
v -0.05681278465990084 0.099840762714832207 0.58352498733621061
v 0.20262975398393376 0.73791570654390248 0.5531487377767651
v 0.058169140764471244 0.029444204619631306 0.53815011954702885
v 0.61360171692247356 0.39895067193247974 0.12496116602152751
v -0.0046976970136964405 0.26921462777224742 0.63364393169693012
v 0.34435187029306047 0.38063930013695207 -0.13595844200380885
v 0.57532290287818377 0.39984357480676525 0.28568759099186891
v 0.076993456700209253 0.65900131560738828 0.63680982111251627
v 0.30633888754881938 0.20207275426109381 0.47025609918412997
v 0.030194077331279968 0.46286512633986676 -0.3017080213017907
v -0.074279738350259888 0.24890644804826384 0.62555940203114546
v 0.41871918281716386 0.30378472519862387 0.42540187028370108
v 0.54448961122105355 0.28274778813902846 0.0036414205460065792
v 0.45973504894907918 0.33767783845198368 0.033646659480825999
v -0.39591809469181904 0.042691607382942809 0.52275076894073802
v -0.81412548183729949 0.43207809389555096 0.17024802686097548
v -0.78708522220166699 0.44681021813579652 0.052388381676694427
v -0.17050048443193994 0.45596434419819887 0.64913025621294906
v -0.68142542333916745 0.74206400601148381 -0.070141177696246518
v -0.88243901051852058 0.53669408792679574 0.27630922647372025
v -0.017447036065714492 0.43500661041987243 -0.30374562916419279
v 0.43981966749699153 0.069841540161968238 0.24533998045572464
v 0.28767984846961858 0.25866828749026816 0.52212317950682319
v 0.18426946560522725 0.39672642709410155 -0.24817786154639646
v 0.25045032098996012 0.11627906685940148 -0.049079398858647441
v 0.23782247373103102 0.55206707527376941 0.5924643811619591
v -0.217605269695724 0.22016038479313824 0.5234689768114823
v 0.49664371316577038 0.49758533692085605 0.074068191605076272
v 0.0088250752236632736 0.34893828012277522 0.66560706548535142
v -0.34941150365419282 0.46655029014878169 -0.17788581737280612
v 0.251406688102708 0.52430670131636348 -0.20817871746518657
v -0.46017978662553433 0.5346015097905642 0.55055707723721259
v -0.65795648458520695 0.045403611456135168 0.4970621350598009
v -0.74318909938378885 0.4615281123658237 -0.0064425466564338929
v -0.18442819033717089 0.39585187648509579 0.62068810598315738
v -0.73693049161473878 0.058112705869460213 0.074259910054570791
v -0.25901501987423731 0.032085072548815367 0.55788502169110676
v -0.33201197704229835 0.41869257361712731 0.52013121063026047
v -0.75295865738100054 0.36747894134163295 0.26289383370425207
v -0.63482275301303059 0.4969348073637202 -0.095818375339458112
v -0.24648270069344286 0.53964882955448779 -0.32156177637005789
v -0.56958148014137022 0.17946709471906927 0.21192074203086422
v -0.60940526604987577 0.30897950442530892 0.11311813475586155
v -0.85676849307141278 0.69675113640882025 0.055216509775588632
v -0.62220585860039168 0.47051492744515555 0.52769685503524866
v -0.84368950024663747 0.56057226183886033 0.048569623484057703
v -0.39195296402203134 0.046468725287819652 0.52677341951268242
v -0.72989634992767027 0.39946636546221215 0.39107172757407332
v -0.87918801646671074 0.64820422340909134 0.10455846251673773
v -0.21240981680861262 0.70462916634639494 0.55370297231589349
v -0.56467149525499927 0.28015802931999784 0.26637800897026659
v -0.37964081752284434 0.50174146283162957 -0.12027464430288114
v -0.38907688259754059 0.35489149735034009 -0.064297106521948727
v -0.60359928208498725 0.29549569755811439 0.15347753730796385
v -0.58397727863487503 0.21516216790618983 0.16584003344522463
v -0.43971325053873811 0.51388506667333889 0.5344054313676011
v -0.51736179936227988 0.73397965741116156 -0.13832145747117586
v -0.27515708514485648 0.66415162817493023 -0.19440770585780298
v -0.36108771287495101 0.052346245248226266 0.55450097354243288
v -0.48988988954208446 0.1121660297723449 -0.041174296458203322
v -0.79946758974429399 0.49660745874400469 0.021902264126133258
v -0.25817258716210573 0.37002373268288591 0.48977850735667533
v -0.55918014665623983 0.16457497112071162 0.34303717047950161
v -0.55747941674583035 0.189056155852176 0.42703171837658954
v -0.54765759045502904 0.037233660374950447 0.54119669573779094
v -0.31009127944323439 0.22346220983846907 -0.14292136168441719
v -0.38916984538116811 0.53942924374647772 0.5398945186088473
v -0.48766780206003124 0.18057733737594767 0.49467875196228722
v -0.63504601124618698 0.043456255228431238 0.29552492258052848
v -0.54429913737866131 0.47257958730869953 -0.096630686163115931
v -0.49066911555381265 0.43009562308808225 -0.074383476619465788
v -0.66473492405776924 0.38547419861235438 0.43359327623010385
v -0.34165084478298902 0.14312663619531693 0.54689815141888953
v -0.4884427377360907 0.61044478622100318 0.56680615679297608
v -0.31793750107865798 0.75762070590575459 -0.14969980896501028
v -0.86486296793427453 0.50375011505599276 0.26989256023064739
v -0.53022457331764417 0.39775509097211625 -0.048507415762747204
v -0.70843548188258954 0.57322126317371624 0.53354249221232597
v 0.062815493601640432 0.025697828110734181 0.52848971464204042
v 0.15518740019492694 0.33348907433993358 -0.2500671179639451
v 0.24228580230613267 0.039419646305059459 0.41368852631332059
v 0.040342435051260443 0.023431451080677061 0.49144894703316061
v 0.21809063019588901 0.74289603719741637 0.54362371146209409
v 0.60285395244114737 0.2689819048248317 0.32904459902478156
v 0.50172892935902247 0.40138886686649172 0.27959715574165112
v 0.15051778324973883 0.25217986795288394 -0.24236916898771138
v 0.58732547259945544 0.17928702084169926 0.083376308930176002
v 0.52941934287578796 0.2989870557968683 0.36966207572847254
v 0.17819632418067038 0.49518536283516218 -0.24430193214513893
v 0.22046466700519882 0.76464188590832594 -0.13029795187863932
v 0.35701311889902071 0.079599369363755626 0.33691702320395356
v 0.095709599974176135 0.38751959732719882 0.65267825234347798
v 0.57828153188030829 0.42128149420454053 0.16142726291624962
v 0.46097802621204814 0.21474361658401417 -0.022273904267264777
v 0.34387281456252933 0.30828321235438838 -0.13137434889766783
v 0.60511869944409769 0.33448665306597436 0.059225950096571459
v 0.26519872229322938 0.20170254201492602 0.50597018829856011
v 0.51930527281638006 0.15603547498846804 0.34207447331838936
v -0.037588164403880651 0.14612835380843578 0.56523425024335416
v 0.65542055859361803 0.2979977829789654 0.21561819925703382
v 0.24064959570703812 0.13728831487624776 -0.1153023371387169
v 0.11772555043615732 0.021340565971902599 0.49923983420255258
v -0.05213217546860608 0.407891072079689 -0.30689662109903898
v 0.11038486013702102 0.44382192548380589 -0.27391900675821529
v 0.27876782535234396 0.066406049184375815 0.022447686209748432
v 0.29500040015479378 0.031696626625877987 0.087526548887938704
v 0.10064155562008631 0.70267136100309691 0.57258144417665324
v 0.075391443005768527 0.58274928702669093 0.66477552515071747
v 0.048044828235122003 0.6749901229410229 -0.25145222488174424
v 0.05097625486050382 0.074095022097449434 0.0085128108650003222
v -0.0073376679867238701 0.2811233094564331 0.63722508583434823
v 0.34928416359884151 0.61098601873622982 0.51810017440442513
v 0.20403822882791747 0.12540317394780987 -0.17023960143943298
v -0.58981053183089938 0.28180050681632596 0.14347087681857246
v -0.51647426927571338 0.29480097625974516 0.40775791605713185
v -0.34512247796489648 0.59921554787440012 0.53979935341451013
v -0.31760296105480179 0.39377886526267697 -0.20521295767628076
v -0.7367013820626056 0.093855695158913455 0.18023778985908515
v -0.56233567408660678 0.23251191190773107 0.190903433321716
v -0.4179038215130953 0.20659946029304274 -0.036543476281033972
v -0.81994155250120115 0.46976958045734585 0.07476709290703068
v -0.36087935937560955 0.22505029569779186 0.48808158451592043
v -0.66479049805970802 0.11435284345383634 0.39867427799624738
v -0.68622653420030832 0.44144522071510761 0.48181322323044257
v -0.9115506118428367 0.62789638150996729 0.28276774410048267
v -0.66294047040888604 0.52107318643886469 -0.095074043583358095
v -0.49456655415808493 0.092304419411737726 -0.057558975577002992
v -0.29694800821339956 0.19603832354122214 -0.17703497818679043
v -0.2739101654245637 0.063451003249549429 0.27657625517197998
v -0.52417183407935486 0.22025044494468357 0.3187667412997916
v -0.44927495739287165 0.63088387900480525 -0.14383474133162133
v -0.59723962626053384 0.055805228618587548 -0.025440488993857532
v -0.57572003645399028 0.17878762746037663 0.40169464387180193
v -0.41205842073558063 0.55391480715229702 0.53597438937890451
v -0.35977050471476679 0.060467305505536646 -0.24953033174930359
v -0.26043549441266978 0.058133662070098055 0.64185453365640921
v -0.77655833306493904 0.39197440179884263 0.2046139653130013
v -0.72388960352666254 0.13046435046148386 0.15941724883130842
v -0.87574968925276753 0.59518560252084474 0.083552821727518822
v -0.24312782207858549 0.1900910149555092 0.56612968359835614
v -0.43950660035982009 0.10651844200710832 -0.19067917278385438
v -0.55732294797681559 0.032185033565965644 0.25695300084973993
v -0.82951174097685654 0.54874290138896331 0.42999118691533605
v -0.22646922414233159 0.053557204801549824 0.50872851095726779
v -0.68581654659597757 0.054298863724370657 0.24714673355537017
v -0.339391437778579 0.40375585778685569 -0.13571852730038989
v -0.20565909051183182 0.44438781333892424 0.61776358925166941
v -0.45643820086499004 0.79053119675113015 -0.12460419178730014
v -0.1989168527675145 0.31305096790563808 0.5551041236301073
v -0.66833851980433934 0.040646077931681943 0.012452487071034843
v -0.40812035450624023 0.043572072501023157 -0.070192314539776812
v -0.57636257734856655 0.35896266456018483 0.0091820089415856083
v -0.81914236791609674 0.59191137434378138 0.45342485919840947
v -0.37334005404281451 0.048736883494704418 0.22291323780999886
v -0.40558965817507869 0.45617806074785505 0.53569524950874225
v -0.46262172759775633 0.043740859672200129 -0.17967401170075248
v -0.74038409303593078 0.70027506138452544 0.51518991811813963
v -0.0044067918871703868 0.068495501643646955 0.5646163361728771
v 0.22913053693203936 0.13611849828041214 -0.13198460323478642
v 0.14407883146218381 0.21440625763995033 -0.22836443829556594
v -0.017521696976715607 0.5932313004804769 -0.30507071500500826
v 0.10766623676121899 0.12275719845911927 0.5402351160342822
v 0.38633041764934251 0.52505216457619197 0.49120857504760373
v 0.19137330911144215 0.65100749788180612 0.59248061096971028
v -0.0091738009745826812 0.072156149421705076 0.099892951394693494
v 0.53795755546301427 0.11419665356280584 0.20888453498228823
v 0.40363285654181175 0.07871303620440305 0.042303530175635685
v 0.25318585241088165 0.24718201827064976 -0.19822089950979374
v 0.48444926075609407 0.63549994198212068 0.31759686206583193
v 0.012447039012932036 0.07421128516261484 0.4197234599009439
v 0.35961291995192241 0.67888193732426927 -0.092971520377600481
v 0.25558290656901766 0.35666528729708208 -0.19597463827511249
v 0.022235905188877574 0.071589189921154442 0.34734983290400889
v 0.3140485656079815 0.42925742729651256 -0.17361182977521952
v 0.086205348661259368 0.63942123372080806 0.64322328292809672
v 0.087750771209117881 0.030066613268413443 0.022151920664078451
v -0.023990512679573771 0.078857068170077399 -0.079805416933874121
v 0.20904049996575105 0.66490865492212325 -0.18194274837463251
v 0.27165051308191307 0.55344716278358974 -0.19364479637451262
v 0.1870000000839882 0.52867427500106967 0.61962107562689939
v 0.15853407628330288 0.55209066779183036 -0.25067589367549115
v 0.38712201123665724 0.51132162589945451 -0.12003027567206476
v 0.36926873585405434 0.037508135066383008 0.20424515817991526
v 0.31767199800639773 0.37073862600021279 -0.15090566058338156
v 0.064447304910840289 0.51698982005213057 0.67069636940218946
v 0.60187233562403519 0.38129998317130581 0.086730910606448358
v 0.20538884964883597 0.43571606567910598 -0.23613506412240359
v 0.50620708239739975 0.4032230519658615 0.096189329351518721
v 0.57498795877347808 0.14543691061064037 0.15266348027717913
v 0.24958095587151399 0.69068539022562847 0.55666661301809439
v 0.018641177485363002 0.47843745862610954 0.68529251415360071
v -0.10135152489426855 0.16377295085486393 0.57526826952138965
v -0.19574886212212372 0.42123563873910769 0.61577356294974195
v -0.31142753001434564 0.21251030547541616 -0.13904987378363989
v -0.31251102323099283 0.59423255859899771 -0.23150920550114865
v 0.59719237273662984 0.24186041676597594 0.32851652124020908
v -0.74244897615847705 0.04697485153985579 0.10010310558465411
v -0.74665063588503588 0.41317568900401225 0.39397871859597261
v -0.39153344429616899 0.5260227563785741 0.53623278149792275
v 0.54679718276827594 0.19623689521098567 0.34828341109892047
v -0.52496144483042895 0.035948310465344281 0.53216905927427416
v -0.23142779493614982 0.70942452061059635 0.54934249637361798
v -0.47678856854448981 0.44417393616539202 0.52510131855146802
v 0.21994295570698119 0.70675868917950802 -0.17078535062875708
v 0.27064666204504867 0.026524738525904579 0.090060444321574368
v -0.74083423357722489 0.064376918760541926 0.085098515537475439
v -0.50857272497314221 0.11525474125397668 -0.037499461949719044
v -0.62202505177410794 0.31441239112984865 0.10895286661114724
v -0.39125664274222843 0.052593432727401329 0.52828167255045466
v -0.35895915463220635 0.043995002725986894 0.55055009022065593
v -0.16242517579554902 0.64388031575460614 0.63739161862346139
v -0.61148154576774227 0.31380575481019851 0.32512251549328347
v -0.417558041345303 0.70874803797569463 0.53738391432478205
v -0.33112448682380125 0.64109321528128205 0.55430126757706422
v -0.42348430920835384 0.17065042247124684 -0.11125292460434784
v -0.61228842896128743 0.10646950610654235 0.2802784538698353
v -0.70250950962745151 0.41304374962558232 0.015724770959442445
v -0.28664503051108714 0.59288554638391211 0.54428539705353796
v -0.35794219514423042 0.42453545520236374 -0.10748776410828172
v -0.71777299465428901 0.13390500967792149 0.16802779118208686
v -0.90836759851436411 0.6863407446479437 0.29814516762807541
v -0.57871585155771443 0.52696681681514668 0.55255021529722548
v -0.62674759121126389 0.63868854044480772 -0.10552399182968011
v -0.32308978101054869 0.061707195823589377 0.60402623617815376
v -0.70686130575638151 0.078232240811782205 0.21677303356265082
v -0.30474170451072269 0.2080764187548669 -0.15962665828352432
v -0.31977589304866588 0.043632564390285011 0.36581104501072187
v -0.40021095463041889 0.031886852204569251 0.10995807571407341
v -0.2402826919565226 0.65358124513485749 0.55508394504847725
v -0.28385708860459136 0.05830606484961709 -0.23559616726258256
v -0.51762360457263712 0.24464035231061895 0.23735442084931854
v -0.46766964034428382 0.49254685473261567 -0.10585011858658976
v -0.56673859338557531 0.26379140045045507 0.18440260244344875
v -0.36663767739747699 0.14928650063194296 -0.21546429527541625
v -0.61761986002398916 0.037808343592560391 0.47499983831039333
v -0.6038216400296148 0.71476044045683496 0.54673259922861117
v -0.83748347277654334 0.45677915267740388 0.17285873851802916
v -0.50299236326508612 0.5363916148285709 0.55623203472003124
v -0.76921442163326703 0.39595650407505151 0.12318896478838529
v -0.60063656636045371 0.20103033837836301 0.1052766128539136
v -0.82476429726274125 0.51303371858230873 0.045493023375117202
v -0.53501323054558314 0.522165261014647 0.5638202373450012
v -0.31649906880725948 0.17736488270130918 0.53077034033037596
v -0.59541621222365337 0.70835082503272084 -0.11859068930533098
v -0.30306950308341507 0.32191090333030531 -0.1837766880612379
v -0.86884597205857594 0.69881531861778334 0.077011170708422311
v -0.71953008907392646 0.1020011549626825 0.072731255632464645
v -0.0010206344183644044 0.057463728779189933 0.11989349286204665
v 0.1919275391019119 0.10842594053908197 0.52573530806506752
v 0.24189264135426949 0.34774585428178922 -0.21352227169982019
v 0.13188027791357509 0.47496623197456145 0.65284453491269323
v 0.0075901795604938465 0.58186007506978665 -0.2999692557677997
v 0.44444477500593244 0.53466128415418379 -0.052599543983741483
v -0.095329613801051413 0.66050546742904526 0.64088315318411859
v 0.17936364698867244 0.098778934606235255 -0.16966958775046606
v 0.043315587350379992 0.20838033665794051 0.62532022512512186
v 0.52905727821522852 0.32502717126855618 0.024575203159624189
v -0.019506987087774458 0.029186280811594023 0.55665695260098758
v 0.45493510898223399 0.07100363784133272 0.18118559543615659
v 0.09373294251026619 0.02835108629341666 0.31560198027623165
v -0.10652470973230133 0.7172844166777872 0.54484333674291718
v 0.51035994273108654 0.15119253313797501 0.029358703521044315
v 0.48408670556230743 0.42986434162419457 0.058950633231502743
v 0.31319951645880112 0.61243059138188771 0.54627655607298542
v -0.023417551788017535 0.065900565549949719 0.1794113915392507
v -0.0019734668770102254 0.31150116809877354 0.65612367944852668
v 0.31480184451644366 0.42792060566443157 0.52876031364888654
v 0.14953948816655108 0.2855748448083314 0.61134045055235053
v -0.026287870523825734 0.13155798823392559 0.5634101123737888
v 0.4514106284962397 0.14263323953235479 0.0030943380425256929
v 0.076795750751270417 0.17721552801782769 -0.22650725408986486
v 0.0071826531568883649 0.034570070803286911 0.16632468093527747
v 0.052204132936345897 0.059890450092504495 0.32043342429648558
v 0.27323882690145851 0.051881190172780305 0.36379910647009617
v 0.12286813864831392 0.58980054976225849 -0.26058882551324031
v 0.10788916375817074 0.33680745432506393 -0.26391765323090649
v 0.10470303654448977 0.30012798015523245 0.6446132736332747
v 0.1532855978816427 0.18553600751077115 -0.21696579902886612
v 0.49063381666657152 0.16432838540919936 0.0020571929419866087
v 0.15921678352983484 0.035561782663327365 0.52164709457341996
v 0.24421822085676634 0.06476350727411713 0.48702540959670421
v 0.14419327142694588 0.69111462652150957 0.57966691429442563
v 0.53935117688408274 0.37649718794168086 0.069785861571372371
v -0.096817871963256377 0.027948687771370939 0.53034238319022198
v -0.6950530973987501 0.40190168111191854 0.025011813455045374
v -0.71525615955858013 0.13745980158644028 0.14545649917464942
v -0.74135638315867214 0.42553052950430242 0.037785955721738818
v -0.87190773167807534 0.6378102302549461 0.067506325383723684
v -0.66159942355240953 0.035926003677996816 0.13880545238232833
v -0.26353367763931285 0.15091214229791583 0.60377828608234774
v -0.88098218274067019 0.60929418778965805 0.097763921509098795
v -0.76299203934583515 0.6735039557902176 -0.051127149513168491
v -0.68132104709931529 0.053511449823094338 0.44250406083026211
v -0.67328002380067631 0.16196708101967094 0.10111245781948694
v -0.68348212454939272 0.33118382775632804 0.3064782760602841
v -0.29092161244454351 0.10967792295544691 0.61468369056048111
v -0.37323494182236927 0.17449403512481854 -0.17334512310720113
v -0.78775403414158651 0.48167844785473451 0.41980247265651943
v -0.50790667455656902 0.06644375038559551 -0.060064940790063123
v -0.33846829666741285 0.2203393403802674 0.47942058247097991
v -0.22817195302455393 0.58603733236696953 -0.31862898699076064
v -0.57537922540145858 0.24280655822883385 0.16790105589275281
v -0.62010896149746919 0.038195928393733647 0.44186442529501396
v -0.66591814997301024 0.042783142171477946 0.39221954708986367
v -0.4253434203048882 0.034569446171498514 0.49883943407488213
v -0.26529497518959866 0.22040431549728168 -0.21098963262585557
v -0.34496705043398473 0.10923569639197629 0.56410163416747561
v -0.45352922019290093 0.489431374483077 -0.10895758697692311
v -0.54812577931647932 0.39801123752463385 -0.045377644970830827
v -0.59671238061040599 0.1302462313159673 -0.00028506605263310181
v -0.50343823761615702 0.22744455932353949 0.44176569516063197
v -0.65888567649493257 0.042762255041169352 0.0048421415973322066
v -0.69550944007641324 0.074508043462993015 0.015149408553123028
v -0.56815521097476274 0.21509609338110242 0.18955278088708419
v -0.24520345462905244 0.46875726324993794 0.56756529253322474
v -0.38033984031422913 0.035356031451575266 -0.14375507035333324
v -0.45861009957060173 0.1139173090248296 -0.15521340644760045
v -0.55309183905579096 0.18123483849096592 0.49981617143392582
v -0.52252095335147752 0.21312214586408904 0.42083991082082095
v -0.69809190106590213 0.32620879371510919 0.17862193313563729
v -0.6085099217042832 0.61199718086728039 0.57397193418422843
v -0.67348800195765757 0.096577372163420092 0.45241672206394945
v -0.62773941202559036 0.082621933714982915 0.29980555280208998
v 0.29339226682714498 0.15256210153434174 -0.071704714025829203
v 0.50905163256545494 0.1288473884235066 0.054759254055802967
v 0.083447773509259138 0.10472956545692766 0.54077639356417773
v -0.054665555191618809 0.72957597504346461 0.54118412739369959
v 0.50954969915398318 0.39893123907986205 0.094892851810511741
v -0.079790223107285077 0.16536980410039367 0.57727025257039211
v 0.10655174045205226 0.032853979689258253 -0.066619705285450651
v -0.031396445923077394 0.33702271832352965 -0.29810485380640656
v -0.027180861256605886 0.71073888815968278 -0.21005605696176682
v 0.39452874618493822 0.067309503148276342 0.30014947351888133
v 0.17151982329471757 0.63991049505080666 -0.21108836291548724
v 0.031766896073717799 0.3206660434093489 -0.2781003070658925
v 0.51790224523524075 0.42130201702214642 0.2290644614346532
v 0.073203088568918925 0.02393565129088867 0.079064097428481805
v 0.59504823299395537 0.16061947562008519 0.2316361867812031
v 0.12674680540878308 0.26668087280012309 -0.24916744992678116
v 0.47665492156991834 0.35746452580009108 0.054360227539699296
v 0.074315530189951406 0.073131659081217062 0.39981950045286446
v 0.068239884878734558 0.028730054853514451 0.12149673069991893
v 0.076609205070444081 0.026455692010800041 0.46339466797433881
v 0.62760382974967821 0.40153874501701309 0.16800320293892479
v 0.32758902821504854 0.14179273026653139 0.42485278405431304
v 0.00896939276054564 0.51856853189202401 0.67632854344509019
v 0.31258305599955394 0.065636036157991698 0.030294228179021176
v 0.28786707868921474 0.71016053143472957 0.52595720987504047
v -0.02502141286128785 0.15411999884874408 -0.22963342083486168
v -0.033985441452751786 0.10871182935434506 0.57543581679942246
v 0.23555910887726136 0.64985431720312736 -0.17699319011465145
v -0.031864580941948488 0.17173123713247207 0.59420179986816168
v 0.38592550340843373 0.20994391602476983 -0.017880699400072878
v -0.043724942259270497 0.046786567447164605 0.58081723411867436
v 0.26503106591995373 0.46933138799795615 -0.20499146590017331
v 0.11692061500434077 0.056197667534461648 -0.17806420399403
v 0.28094070242360908 0.11961156256051979 -0.015724885264050036
v 0.12666544897402321 0.027369559537585884 -0.015121824161012402
v 0.40671167527789176 0.37488888795591502 -0.081261315474867868
v 0.40235709431246175 0.2739275157122037 -0.036341417965075791
v 0.49921536262062316 0.12042678175448142 0.31362078231715257
v -0.60045280539585388 0.69679010804608366 -0.11920616820276102
v -0.3405241661745711 0.15299304556375887 -0.21941838707723424
v 0.30239795078998993 0.15951414724377383 -0.0624773344623724
v 0.025042414028558412 0.56198788084000018 -0.29620061594352481
v 0.48588869036387172 0.17457582807582053 -0.0041479289440065912
v -0.29044863798115156 0.046988716974077339 -0.23458531989706505
v 0.46834213840436201 0.15033781681409195 0.0023164709168127275
v 0.083583726616717674 0.76258167546329447 0.52009256055078434
v -0.028223459112199544 0.032806860258247965 0.56628821319648992
v 0.47638208229446294 0.68568851205608827 0.078757647410900217
v -0.02611519930034744 0.13813858528244857 0.56182273995709708
v 0.012906880834214249 0.074394838865312979 0.055642043783555112
v -0.31601111266186926 0.083715198821061571 0.61088132027881203
v -0.62258150398603995 0.16205851557580231 0.48939043777495267
v 0.55698338771927736 0.13985068150610105 0.2715056914519528
v 0.0041047229108680553 0.32023565060106945 0.66060175759721929
v -0.48196357431036202 0.49248736624312411 -0.10302998831237227
v -0.3203079606096817 0.63212477906150222 0.55469984860144672
v -0.27599348564263237 0.60288858397204781 0.54692334983208679
v 0.3844288487579226 0.53769159290978596 0.49464461368442492
v -0.24362033147272483 0.053925582744373958 -0.22741079549667584
v 0.33270841256872424 0.52257258178598043 0.53259973490892931
v 0.52996539515664975 0.15547052725137625 0.042305722364161455
v -0.23175438571994461 0.27776884238824423 0.50684393523175242
v -0.38582383773018653 0.033897118946770007 -0.1693685949525334
v -0.5899853148393901 0.32841866789888563 0.37125762341080421
v -0.43874712484966127 0.6673249122218593 -0.14908298949943227
v -0.66573051633377156 0.048536361029402682 0.36918926653484063
v -0.52685926981610887 0.42608556664984371 -0.068411884874925152
v -0.55301693453316925 0.3268373487248083 -0.0043034320658043943
v -0.32217852066100727 0.53640859060202428 -0.25133243765165525
v -0.81719413421506815 0.62110614908225503 0.45608478331209557
v -0.87485665478165908 0.56614355935739313 0.12044620653199037
v -0.36015213986671579 0.65496155798357114 0.5457691260330918
v -0.34899422082272608 0.49206261627176812 -0.19722599712568309
v -0.61862015182552921 0.55836076426300574 -0.1167112784293195
v -0.57072280368239214 0.49334486767719493 0.54878285002796201
v -0.36935914147609572 0.033185651114827512 0.13787508592403938
v -0.17178133434033543 0.074748177861660367 0.48103419256376978
v -0.39676293924928957 0.044133963784151062 0.30707274340843688
v -0.7931453907663274 0.66956628828696607 -0.03050761361446476
v -0.49555085691451312 0.70955110542621358 0.55081751051023253
v -0.43544096557892265 0.036147111978426398 0.15630128419401471
v -0.65623109597649176 0.1632895983060548 0.084744715237611096
v -0.51526544720434797 0.24634365635094188 0.28210975044449565
v -0.27902564931514007 0.037952045281748906 0.51969508507166728
v -0.36043326942093079 0.20999360979067841 -0.035585467867358909
v -0.22177597993144296 0.42921975124582268 0.57857264134493758
v -0.27480134251875943 0.27738352621130935 0.46335820075216527
v -0.46191251953713952 0.063441782425423365 0.55831898391080015
v -0.28218318638096079 0.49042404767846726 0.52072131975250469
v -0.5190901237429808 0.18447712271898853 0.28871194654658439
v -0.18800554131526229 0.62174670719435454 -0.3123281465980916
v -0.71053894134183215 0.43410807495048814 0.46121924368751654
v -0.84213249002195367 0.55712459533019043 0.41531847459233906
v -0.78085211539306354 0.54144189967535639 -0.020699090042637862
v -0.33152482356678914 0.03461868912747372 -0.21681827536743006
v -0.19334080343254736 0.59863664020109397 0.64627454509433135
v -0.42640256749991085 0.61246538930897276 0.53997340776554104
v -0.51472369499510595 0.033633048816594416 0.34391179961281076
v -0.30397728517812811 0.3327766968323666 -0.19141861507016231
v -0.5391208966019424 0.19234728271833579 0.22649903584818198
v -0.2761748761414598 0.068982456069029446 0.63788131184627794
v -0.55068304385142719 0.05736801672226359 -0.047380479329638847
v -0.63982333129567548 0.45450974342360806 -0.075395864263340134
v -0.51400301579282126 0.23057746085385966 0.42319856624082453
v -0.62125398317908764 0.54322287309930184 0.55765547781974212
v -0.89669926352723661 0.59992086063519445 0.31156414477463151
v -0.24781238347189297 0.50583494577579113 0.59414913940515857
v -0.5224167510624621 0.26957999654037917 0.38755111319645108
v 0.23111985398035903 0.036272962941706267 0.046215225390566966
v 0.084317650112279124 0.026287364826952282 0.05140671507619908
v 0.068063601165993415 0.065540712103925605 0.00089546279301523873
v 0.17103650320927311 0.27766926768560346 0.59503545064097696
v 0.095155845383751561 0.20807604447694153 -0.24251259721620594
v 0.094277816154441224 0.57103146645705694 -0.27291522948494984
v 0.0027634901406349941 0.40885032917391267 0.68032342610242513
v 0.47731860597588532 0.27552384844445016 0.37747464959957649
v 0.18737226073487501 0.37627437578565737 0.61717991518906323
v 0.037401616679789279 0.094542700574872199 -0.19030783831076156
v 0.04708120651183758 0.05820936607165323 0.54973973981012048
v 0.57619772882587039 0.32641224178487888 0.040248432013668921
v 0.41709621298215194 0.27061189447668321 -0.0020405259399841067
v 0.42552256982066711 0.060340069321749047 0.11631319150654724
v 0.32968323298151025 0.13793687491911688 -0.012960194442377714
v -0.049044579409492618 0.041748543567643043 -0.18710707968779022
v -0.029070399741584246 0.50610496859565657 0.67845334508924893
v 0.31748742887469522 0.64102063692861477 -0.14548287246742925
v 0.34876552009404654 0.041118350850887483 0.2589290403438041
v 0.25747291463772493 0.76395534034829271 0.50818249352312739
v 0.27172357736887315 0.35330009960119779 0.54340565139767028
v -0.048133036806805002 0.47254306919113326 0.67954061060961457
v 0.25772494013368608 0.033215871208515491 0.19804330411244259
v 0.32033106190299776 0.70761666595446604 -0.11438641757735801
v 0.50925373408205044 0.33104607644951922 0.34949429974661728
v -0.030945229449386831 0.47448105387860884 -0.31268238780145108
v 0.58688291058026443 0.40980284273768031 0.26287320298683864
v 0.42036109649616377 0.054091614963046319 0.16157919033697898
v 0.046556375160116084 0.13685827420334951 -0.20308524925301785
v 0.096784957215923409 0.032757358163916277 -0.078849188165892078
v 0.2079574349413871 0.59607434485630706 0.60613557715640398
v 0.4046432399704129 0.49267733684058407 -0.089762758911821824
v -0.015613602009236749 0.032859180386362534 -0.117789386245537
v 0.23237147988455956 0.079420433869887785 -0.029214564360204705
v 0.27877301323648951 0.32466315597876061 0.54014017662662883
v 0.19457144116665717 0.52628765401008726 -0.23482530821096223
v -0.09256947510490196 0.74904202680343002 0.53911808214315493
v -0.010539844142711152 0.060259223168815032 0.23383495649138455
v 0.027775041607424514 0.69131718637477058 -0.22970939831519652
v 0.43928361741969574 0.53392986700843037 0.42451166080051789
v -0.53523780892372619 0.44763726726745345 -0.077405587036029636
v -0.28323328702232087 0.28700565715662479 0.46676774449246333
v -0.28246246420215676 0.1924120360317115 0.53361248286552254
v -0.27634875461560127 0.06688768641051239 0.3204301861019222
v -0.62434014045039454 0.051156249636555906 0.54756843237875474
v -0.34568097956148058 0.54720746924848573 -0.18666321266649313
v -0.53006827800534129 0.69491637492636049 -0.14008342913017374
v -0.37468856349451601 0.40343032571828763 -0.085871911599647119
v -0.23622387751979065 0.082089839772748113 -0.068123083165462506
v -0.49249723084942959 0.036577965516571588 0.40558338907776087
v -0.43299044008816195 0.54084124248294629 -0.12838432698690641
v -0.26001950939199581 0.30542388322207259 0.47439908615593696
v -0.50468997695078011 0.036514014285700377 0.47513061798803052
v -0.4723071792363982 0.72173253159621098 0.54665085569126326
v -0.89397148488746658 0.66901979541381951 0.1604674995882524
v -0.35278813191869812 0.24473445555794951 0.4877648093953903
v -0.31134145169083766 0.39689280509464592 -0.21994487285839928
v -0.37710104524441551 0.22077664030893535 -0.031417134933091458
v -0.2393404675238173 0.23187247093720231 -0.23249528557275614
v -0.57877476634525638 0.033003139292961753 0.14250650357543151
v -0.20858982234995474 0.41992944413748223 0.5966139555931278
v -0.72124682116778638 0.35771993275132691 0.11588678664163371
v -0.53361149598312962 0.248153557302942 0.0037992171651599852
v -0.78274085260346271 0.47657138364833773 0.01505258308147909
v -0.29617861981263655 0.045625643661492368 -0.13791197728870322
v -0.3941903098383891 0.035743691910412864 -0.12997557494545089
v -0.59428273383123831 0.36294327981378099 0.43951065248715443
v -0.36444002755399052 0.08129177550088898 -0.070803303844192325
v -0.46483554321928994 0.63150965882115484 0.55367444054430093
v -0.33693819689985172 0.58272109794487337 0.5375206115371145
v -0.70904615468790977 0.047603121136389676 0.031095225453473749
v -0.70468845250476619 0.036790897527311843 0.080743134396807609
v -0.55058625195633493 0.1765546907088241 0.51304920584213787
v -0.28393207726878028 0.35414065078306106 0.48289131691367165
v -0.60824138415652429 0.70121761025480311 0.54874402169343361
v -0.27389957739251602 0.73288267277080166 -0.16549049452415454
v -0.4072479938762204 0.060860060928277289 -0.015306294231726339
v -0.72984962903908379 0.50128910856444264 -0.054051423316597881
v -0.50358568932992065 0.50256326542755736 -0.10790272283138826
v -0.84139089142020962 0.68296456213352197 0.43105441576763726
v -0.47238730631297987 0.78241854408161815 -0.12632777649736607
v -0.39868460828698787 0.55360047535069734 0.53457302804394635
v 0.30480964809061695 0.40680853535778899 -0.17952177459395929
v 0.059310856906194274 0.05153573291714237 0.028890075274178327
v 0.05337815202988988 0.19279411044787167 -0.23868785711352927
v 0.061238434768281259 0.28848892308505864 -0.25797794693441733
v 0.18581457072485566 0.75735226196299565 0.53775975214034499
v 0.08084671073161899 0.70788188184208178 0.56868164431476886
v 0.57995992150916653 0.2053648062901203 0.32630581717473495
v 0.47132053110784489 0.35510704336195248 0.049301882320063953
v 0.18841231901873781 0.051600416924192913 -0.10796185672876922
v -0.038732669881115282 0.71048457844013801 -0.21343301388309313
v -0.064406754195223834 0.030367457378473597 -0.13410395084809451
v -0.067183053351903679 0.14912952302237029 -0.23239000954749392
v 0.35229705408337525 0.62506137464538392 -0.13319516384133198
v 0.49378146095851644 0.096128856645575717 0.2515540059551562
v 0.32950920432219005 0.028142321781274252 0.12761249881897713
v 0.50649127927315829 0.43287704099225233 0.11945492690197609
v 0.40855871649070397 0.57146958964807959 -0.10449700546536238
v 0.39086530312263928 0.3858547348263841 -0.09567038757119567
v 0.0079780782934073362 0.42345562096719935 0.68583719480326577
v 0.52849704718074164 0.39996517281012844 0.10077425250564408
v 0.22797520309093802 0.10893831915190047 -0.10337296583747117
v -0.02438209408519958 0.69587102344530372 0.61552898854685023
v 0.13956383474061931 0.51895645593142592 0.64544604727557731
v 0.055419514658334439 0.14196525104764002 0.57180803601529451
v 0.27729719797550517 0.091153182011473072 0.4596823824623858
v 0.25273853882859826 0.27691260957159997 -0.20577844435155834
v 0.41060254591011458 0.41676631498208838 0.45361527961649889
v 0.11964906300750258 0.029519857457074635 -0.03943522907460683
v 0.085009786527514827 0.38070483180345022 -0.26806182975444487
v 0.11689055708463905 0.43495815240945807 -0.27026708167309516
v 0.10029718909803718 0.039483490138124674 -0.061273951069953272
v 0.17387916899567582 0.65355498651957522 0.59748895595386953
v 0.011454909170407371 0.21591177459403571 0.63989367504335992
v 0.53177534044127928 0.28171672868735442 0.37525358041487616
v 0.03369499809015554 0.037464883227998007 -0.10100224432753156
v 0.30584758863372036 0.74756801683515517 0.48180059141292209
v 0.14434460009943983 0.023151475522527141 0.077547694290946906
v 0.22607024645423213 0.438280550135004 0.61137102819211919
v 0.079820159807846569 0.042123754944570768 -0.080442958726386474
v -0.040697400853354597 0.074399989339864539 0.43802692621425005
v 0.44705621333048945 0.15637186628207358 0.38799306663817201
v -0.56210949065041893 0.32205079982450935 0.37149845522801206
v -0.63371445129271564 0.54239516840859803 0.55759100984231924
v -0.18609575135446327 0.59236491252752144 0.65434383472110735
v -0.81311911783733637 0.63649263185395066 0.45932587492379845
v 0.47885402008536299 0.18317111854574469 0.39030316020802347
v -0.16612493353176197 0.14685918966542497 -0.21949532754201345
v -0.33158762002413628 0.54591525026005328 -0.23407961835389654
v 0.32346265209064473 0.61895118751355427 -0.1491628569763068
v -0.24366507105302221 0.51510953571007689 0.60641140775439517
v -0.24159026642336079 0.26685146011634553 0.4927553033713713
v 0.32377423962974716 0.68866842564660036 -0.11897799230669411
v -0.51386109838844185 0.19694019733885609 0.28136303174560001
v -0.2820673550165792 0.053161521378236203 0.22343433784196548
v 0.35004366829567019 0.19345621521800482 0.43611692365508375
v -0.26064642082144107 0.049104105957708463 0.50500864836475534
v 0.30066337738027316 0.49271813326574271 -0.17892213975410015
v 0.180700436421765 0.35490746255140337 0.61981865153168525
v 0.59007432483500388 0.40303758198919704 0.27428162075847856
v -0.41682003342091112 0.60569925059315832 0.53636155288560483
v -0.51469287358611415 0.44903539121271363 -0.076335678156966694
v -0.41201056584403273 0.048683554257877321 0.25503435371106248
v -0.36756688587111525 0.2039851658726268 -0.0443389753308212
v -0.29043851565400441 0.066597920095552862 0.34063746417331853
v -0.23325918937829096 0.46350278137619266 -0.32830447319604406
v -0.49186204336467898 0.45886262765228392 0.53755633066021336
v -0.45618163894523955 0.75093131839481775 0.52792785981574231
v -0.61669433312088184 0.034165031775028214 0.16377892153045093
v -0.24451298752530717 0.58164758782072723 0.59728328524691432
v -0.41021487995203199 0.035651497554676413 -0.11634115703098137
v -0.87894210902332681 0.66068294773534408 0.089273125806173761
v -0.5511139347824342 0.032415720324495759 0.18632300523513698
v -0.86600869216387411 0.62020380336621816 0.063312970608809818
v -0.45663483382511649 0.51210895322201144 -0.11759011440360549
v -0.44262287022232155 0.048555219358164807 -0.20644076323398408
v -0.2238716405414044 0.63380533057161348 -0.29769840651123375
v -0.63640081574005747 0.14618519094023419 0.49353981962261056
v -0.80933079675591668 0.54956929977977997 0.0023709853532557289
v -0.43453889380294919 0.048251481136043786 0.54072420830962409
v -0.66990666878284044 0.088817096478892299 0.0076465667166275451
v -0.25614499410320457 0.44677751060852577 0.53537071821996074
v -0.66857914878481783 0.58129415770725412 0.55827049709612997
v -0.57874106314226881 0.22092763443131946 0.17311657626385987
v -0.51501177333373171 0.62013913092944917 0.56378996777041313
v -0.48501537180118587 0.73100406552267072 0.54247785718684904
v -0.46889199478982663 0.48927020456700737 0.54681514751795968
v -0.30701171017028905 0.060169802790082334 0.14353099896097227
v -0.84658455693699608 0.51989662458812602 0.34803559051085803
v -0.5118750083866056 0.51505295938498874 0.55402293814984327
v -0.69593766867596263 0.38147810832996587 0.046903952806206434
v -0.44135348167822536 0.30326471194986421 0.4967516377297041
v -0.2823067027648295 0.15490495693726683 0.58993204077018246
v -0.30035538748136559 0.3501699014115438 0.48796936350705894
v -0.65187474570559178 0.10651484716193099 0.35910326210300919
v -0.46203311211276832 0.13256899160777544 0.53710738401444358
v -0.39594410814346082 0.065405233804285368 -0.23970028279877428
v -0.55028242284739959 0.76469342204887758 -0.11864180932135637
v -0.52250345869509474 0.037239085602709172 0.4740453049772862
v -0.68244108906668044 0.68129751053354215 0.54380937307628985
v -0.51440041902378708 0.77491284813987493 -0.12283659301495524
v -0.54160063909912148 0.56596702243144992 0.56785658683279971
v -0.35431625137550077 0.079598548459871105 -0.083149161892684037
v -0.61866484798940791 0.18447522473383973 0.1148555403784719
v -0.22731915245580028 0.41721199091057526 -0.32138021599799682
v -0.78508161107875285 0.42107772693314816 0.12419499919547904
v -0.57344062748653102 0.53214244728493532 -0.12763671305900443
v -0.62206195443055234 0.3242311646770788 0.076172012826221616
v -0.36839646701577461 0.35230991484344953 0.52067404673667039
v -0.73940969602923967 0.10065606995589495 0.17203428250882358
v -0.27638665620478081 0.070071448745023066 0.36956614164719914
v -0.62306382788144821 0.083115893262951948 0.55016893145870405
v -0.89024614514659661 0.7035280425809487 0.362733776808916
v -0.90759896648335758 0.63068890896162044 0.16785188030947212
v -0.63607940354455594 0.10514499045077469 0.33877204955493534
v -0.34781474859063577 0.70229060424699086 -0.15650077092475179
v -0.55512400577172716 0.38852647032579957 -0.031841379227981033
v -0.038145280018467245 0.13631401695372344 -0.21015722962173439
v 0.51251770048366618 0.42227901163523163 0.13003792575117168
v 0.0812516631462461 0.37565522264163398 0.65314122134744379
v 0.47254552924941784 0.34315376291695637 0.045222112179179492
v 0.35021182260995409 0.03002420911909863 0.14436006938496346
v 0.47413149819876105 0.50967705980917621 0.020165186418846483
v 0.34145814589161999 0.20412586502113678 -0.049661762519665267
v 0.52128769834525646 0.22952306642195905 -0.0065039344925071872
v 0.2777275563216105 0.11024619613379449 -0.0090752973728659269
v 0.13882657266277831 0.4055476328549753 0.64653929733420845
v 0.18421463917185515 0.026664883137593645 0.27467119258456879
v -0.05809930906479898 0.27382744978146278 0.64552127490452194
v -0.086289812400707613 0.57789662628915084 -0.32310657168845852
v 0.37071834781611623 0.12317221109889659 -0.0028489418733318307
v 0.43124174504416513 0.45731578296725561 -0.042899756827027583
v 0.25231473511274383 0.29342513723979063 -0.20577648452745217
v 0.08614153643816834 0.1382714478819054 0.5704085628943989
v 0.27017131875466804 0.10284228242355913 0.47744043205407977
v 0.56563349233908655 0.2213840308160388 0.02461997225608091
v -0.04171624477578096 0.28696685222405016 -0.28206560836553451
v 0.15472726192089103 0.35254775230015767 0.62911232260157013
v 0.076350610552116616 0.34517053953117616 -0.27239891068009414
v 0.23259503906291218 0.33293607876271752 -0.21628335923034323
v 0.27956778518795766 0.75198775367452309 0.50355973103040619
v 0.63613581110067186 0.39473394594851818 0.18257701097383058
v 0.16492179490010517 0.30166516274119709 0.60242019207944364
v 0.35923262730113148 0.38099586318905532 -0.12501047716479255
v 0.043980545186909761 0.57939303935550923 0.66799873459450199
v -0.013173095560108162 0.34183677777996135 0.66229943761097698
v 0.26112249569993318 0.34371167573200911 -0.18938901372520847
v 0.5047012589018901 0.60301744069257945 0.13571814753451444
v 0.51817096960818887 0.40876610772429861 0.25050790663779465
v 0.44037298725716412 0.12764670886305085 0.013168757726549142
v -0.00013605427923365246 0.39482477475367889 0.67184150814514176
v -0.0098403204000582275 0.03575622273969209 0.48720987156843776
v 0.44182377071803808 0.33724600702496177 0.00075201571171321275
v 0.1347868506147277 0.3255635815839551 -0.25079233823414304
v 0.033896753412409615 0.44214158209726373 0.68347256237289122
v 0.10525458850984119 0.055616564235260929 0.35954096053242213
v -0.11473584757130846 0.27266074791457517 0.61632070869035893
v -0.095146242191558469 0.13175977290961835 0.59077181887298535
v -0.26063679347480545 0.42563912651612168 0.50955744263196689
v -0.29507489890201977 0.058691705673796113 0.16442626978974034
v -0.2190736871173686 0.076433843225825943 0.45899557884216036
v -0.56477099347202853 0.33244017459901082 0.39478898528045248
v -0.50504125979429693 0.037404505801833014 0.45658991133867366
v -0.73498076681065849 0.37865105480912176 0.097699208389490588
v -0.24402622133068158 0.072105078046554583 0.38715357859890936
v -0.62942462255968401 0.084000289832678973 0.31102609895039135
v -0.6609784287747078 0.057355338102390928 0.27262308348500697
v -0.75691936654573366 0.36948910591772544 0.18279469618805511
v -0.48244778309433495 0.03211918343418152 0.14109152597133756
v -0.66386003414497263 0.75550894853447859 -0.081650554834444458
v -0.2331045941514685 0.15876533332344114 -0.21880371912893035
v -0.31267219462005758 0.063884756505445964 0.40249677488811364
v -0.33822764411624823 0.33184620329026765 0.50801310335399497
v -0.3758861823072614 0.16934398945988605 -0.18374613627656017
v -0.32685078898388842 0.044416962288255875 0.38550306464013584
v -0.8554853962963388 0.55149759806504972 0.38234553243136243
v -0.47756623436221457 0.053652927832862123 0.56053013689728726
v -0.36659305657058511 0.061923198617839112 -0.095607760969257535
v -0.70933868112796061 0.32760297043470626 0.22970865882084424
v -0.51485998939581035 0.64496883579452502 0.55629041946351176
v -0.73957834551227097 0.41046467218317428 0.067501966172061931
v -0.67319644747084129 0.35603966517675267 0.051268324933857232
v -0.39112380088099374 0.2482292735057087 -0.030420693618709398
v -0.50494825593474313 0.033582933559950325 0.04082970683539297
v -0.65110666411690832 0.052510889924168552 0.28372707661612456
v -0.2524410247975527 0.27713033863875802 0.47763663501015596
v -0.29786969991771334 0.033230837326500159 0.58521774886849653
v -0.43427418817933822 0.18348327561089886 0.49991209155854044
v -0.50962686181022809 0.39727594302312647 0.4841044497614102
v -0.35041520438401247 0.093676132628405961 0.56529148827695297
v -0.38334975749101741 0.44257001620295755 0.52806496340312548
v -0.5831795028314769 0.67667234002641008 -0.1310398889710461
v -0.57839807045641067 0.32147635672252084 0.037504288388075901
v -0.66283619751740153 0.11218773799522108 0.42525501425066847
v -0.28034618950194212 0.056333263678934965 0.26443210256607474
v -0.35798062348555126 0.031194891992966284 0.33105740252185145
v -0.41328710312821298 0.17086022644671836 -0.13309990056081275
v -0.44337867487347354 0.73342932698624053 0.53467353273250706
v -0.83445798572106478 0.51842446409775145 0.39999721945693456
v -0.31081933382908744 0.52296827460115991 0.52096926796832743
v -0.59827952179482713 0.72842925773648937 -0.10726089052847605
v -0.71887447529675497 0.38640864510315781 0.37520549015765431
v -0.40832736546346449 0.15513308407010615 -0.16577926675578505
v -0.79798808756024631 0.41641831986237438 0.18415726903622109
v -0.36245861056006173 0.49176659364135189 0.53261098569858745
v -0.38667491281023347 0.033366461509616197 0.35210884410062676
v 0.44938547393127837 0.47141952084979372 -0.02036209950083331
v 0.3199779023229849 0.65335153685142155 -0.14010066785511904
v 0.29803658746612127 0.11890977047328137 -0.0078473917197217843
v -0.071810837011985637 0.49357641191125662 0.68375807709671843
v 0.31486463026683303 0.44880908919760815 0.5388933499903843
v 0.37897266803800456 0.3298241699822555 -0.089683813294332823
v -0.11770288315826412 0.44883317908200093 -0.32500703688521204
v 0.24116690155982734 0.10329462667379596 0.49998755420345148
v 0.10610673606050038 0.71825631766164932 -0.16210819645769117
v 0.081139793616395367 0.023223161246491462 0.47243641970718947
v 0.40432437466982862 0.3256556855617232 0.45320336130392319
v 0.093710210008359995 0.45695877392522172 -0.28698616355844647
v 0.14721910712145192 0.29904136987138402 -0.24109429179793054
v 0.30253038681507222 0.48987158071501657 0.56752120927419469
v 0.58282713876838532 0.37649191487649536 0.073119096187312771
v -0.0011916043656072504 0.28745381452324598 0.63918414004737434
v 0.59639404365559134 0.17857909147689488 0.10195752288766205
v 0.38620153069091173 0.25207129128606248 0.44031193135652547
v 0.31399564414331693 0.13120454076490631 0.43334885592966987
v 0.39034336187228852 0.12271344522685382 0.36656421772674069
v -0.029198745571577284 0.29690601158341823 0.65556098274694707
v 0.15434726120193029 0.6160235758769731 0.63039396643807055
v 0.20410771942367517 0.039951444964870589 0.50141058414626904
v -0.022558066760117425 0.096479249957541716 -0.19989434717215945
v 0.19029968611732723 0.14583149998544703 0.51697761773128581
v 0.61618172825377648 0.36651785492143557 0.083808103582141455
v 0.49704699653718776 0.65300993298310606 0.13268797532926915
v 0.26878425062101319 0.21407320335087757 0.51451790493592386
v 0.5362316463052571 0.23214393234434397 0.37280746852359675
v 0.44210406400632984 0.49345389463092043 0.4203466474685783
v 0.33955949010600839 0.042105636943705435 0.084434271749470616
v 0.15057918107632665 0.23649809261305596 0.61064029653462981
v 0.4431303130496157 0.68428484006450607 -0.0014609508113674599
v 0.64296688431125859 0.35681926128121266 0.13378564467207263
v 0.07216821413598358 0.042804858687659285 0.019588211015138728
v 0.61298540133246338 0.20031777826074509 0.27494765043248209
v 0.21421252718417846 0.049246891589376805 -0.0045732952851451113
v 0.096334759623455168 0.025031026528124251 0.25924900064616951
v 0.3839914301244407 0.092137451687019326 0.018889708338789734
v -0.074309409843684129 0.65973933706944476 0.65053492820115688
v 0.21312280155117691 0.55632902468638767 0.60185432531297389
v 0.44487103698104169 0.2950322981764526 0.37148446176269068
v 0.61054230594383663 0.18691536815713733 0.13140521495238033
v 0.10094936571895338 0.49164844855256534 0.65395635158312071
v 0.23047470714568236 0.7759069658187322 -0.11470590235395386
v -0.84446592445095003 0.51033981460163858 0.34176148866297651
v -0.5301624190251476 0.75628937076612501 -0.12949590694344928
v -0.42398724301328256 0.14860593751498036 0.5145942256395587
v -0.3684916161467412 0.6851581448834394 -0.15737456305687361
v -0.28901632200772476 0.38165399135120021 0.49177615383041479
v -0.45030241421943046 0.048737014979612463 -0.20165760189356341
v -0.23985697818008395 0.42136005240335905 -0.3169221446702607
v 0.5273423067478008 0.24605278142697623 -0.0061989569883700276
v -0.41108302537272989 0.07486521847863134 -0.23017881026529372
v -0.58421954109605945 0.38470073232417012 -0.017238467933917648
v -0.25784283707561162 0.070170487109673593 0.34695858509811806
v -0.67240169126624705 0.3715553708709104 0.035867423255371039
v -0.46193780171671139 0.46634557342030392 0.53464590524880984
v -0.49829842748445086 0.74842248837532632 0.53062961731825253
v 0.29867247045130535 0.70385391088283511 0.52102989821975521
v -0.56103098259979045 0.031849276965474668 0.19635447457369698
v -0.44410979248721488 0.76192705905334246 0.52858851402150742
v -0.44706405258927573 0.12759203515027812 0.53810830149966782
v -0.22559963372887243 0.49791444098878851 -0.33032969524752603
v 0.25009674857944908 0.023711468084142224 0.27093417657550295
v -0.52333099536376715 0.61367663602327749 0.56550793066117699
v -0.015755662720274767 0.38494551945940098 0.66450188049885828
v -0.25543925186297312 0.58686807285323628 0.57494360978454651
v -0.6390183557526512 0.060757438151321154 0.31069869640698838
v -0.72899976812737299 0.34356317073852355 0.23688001814063042
v -0.34918517862198817 0.31577246480946142 0.50899128478006084
v -0.26757276759232812 0.066035170213105662 0.19776224526008826
v -0.48565978836800472 0.08496430187640111 -0.10816109087745117
v -0.66628155134474809 0.72564341613679606 0.53539306510201112
v -0.32991246289702242 0.73335183439193907 0.52494684628892663
v -0.5737055151927315 0.33292124586208077 0.024477318629152502
v -0.48019416335825615 0.036247897973118524 -0.10346847385429596
v -0.47009924638187256 0.12600039868897314 -0.085021715543193224
v -0.27621044526940292 0.44234353178774494 0.5062304329944094
v -0.3447535444497184 0.71683412244867784 0.53317784898280418
v -0.23783755187898911 0.03142899141301822 0.60816227493538455
v -0.30287902539960998 0.69459987148188196 0.55123826652289265
v -0.23630873805824473 0.13358118543454608 -0.22779651398590134
v -0.68615334148268503 0.096158987915849509 0.23302001115078927
v -0.31603224308230837 0.046985988133405938 0.45445103581826085
v -0.44761169915482191 0.16377705662388237 -0.071456335295084258
v -0.58440675818439636 0.27221822940459639 0.087222676147333353
v -0.74126523313632986 0.098323348828229018 0.10748968988001287
v -0.36675893583367908 0.04619291895396696 0.24480905254335492
v -0.65883341391448302 0.3056430843399417 0.23420995152966281
v -0.77779088881060088 0.45149869162316664 0.030510584008229178
v -0.36328043022272211 0.55383735911929022 -0.15232598627649052
v -0.33963150544513926 0.57965878927029268 -0.18151903670564384
v -0.86454979360788931 0.50323299108700648 0.20120745982398541
v -0.19816876508322687 0.57131921743002456 0.65718412878864574
v -0.41046615216886984 0.73852989097050625 0.53096604138851866
v -0.70014019620779522 0.036851244552287395 0.09458149574173183
v -0.69633876340191558 0.51729364264940236 -0.082326120377121184
v -0.46031588595827849 0.53278936418831901 -0.12036803798726647
v -0.52804996537856741 0.4068283753962097 0.49354185827268171
v -0.23676606629250671 0.33109417575037109 -0.28085226282981768
v -0.60012044971169742 0.51415296454834392 0.54497191726355954
v -0.72230973630206119 0.063073892772951001 0.2083741883739367
v -0.56880251480890165 0.2123721868054084 0.036717576554239233
v -0.24772110023407065 0.57725620680364642 -0.31453118233055938
v -0.78120110529479692 0.69291177841639506 -0.036277155038540503
v -0.34441136537990386 0.029965671077676823 0.17701293695498779
v -0.58193416676971987 0.16899664670051631 0.024647973897475334
v -0.55642512186959181 0.25804633143366085 0.022087698579524494
v -0.65892144776558825 0.43439531339998388 -0.046966326990646873
v -0.5947573600871805 0.33220567450941452 0.047364114876938604
v -0.34949165290845857 0.73156488810869924 -0.1504784452516488
v -0.73274828020908134 0.71353238065810476 0.51564210112091247
v -0.29512131349740744 0.032622862544972389 0.53177067798469024
v -0.15226483440672101 0.55207078592232928 0.68191930660813782
v -0.41825308391115557 0.062558503870811202 -0.22819013366141563
v -0.33390773313469035 0.042921718871892306 0.40442715365183135
v -0.70002634961350896 0.62159381661666513 -0.083290356677312535
v -0.82460184222445021 0.49251748187884742 0.36493544905722752
v 0.22480036151845376 0.090228462320125019 0.50966981679678758
v 0.0044557399752388318 0.10666669804601006 -0.19420219418612092
v 0.49991274892584781 0.54633247275371788 0.10179300443274443
v 0.059176719999383454 0.035425034744590501 0.046460796870276704
v 0.099559835495195315 0.31171052756597439 -0.25428965673211124
v 0.010419918571621046 0.024247408829441073 0.5030353983951642
v 0.30394522173963434 0.065983416533480735 0.35713862226551091
v 0.075264671342084935 0.072286169262220853 0.54322466515676915
v 0.49099291216864305 0.6482339150044818 0.09269574069815556
v 0.0046484727676137146 0.028933777240453293 -0.13107580135425614
v 0.062110510374639626 0.69414988895579277 -0.21089239794634757
v 0.29859779592428937 0.53634843362102347 -0.17606491036481653
v -0.063585050104402574 0.45531202674248206 0.67436782254933192
v -0.084628624775435493 0.39933039599507453 0.65602028991967531
v 0.37075186993047837 0.50163598099591633 0.50738375529792656
v 0.29311931867090474 0.11472745821329093 0.44909284377441083
v 0.24899162027110025 0.38593887918172204 -0.2138674867282612
v -0.059138579936790579 0.2851609472971528 0.65062072231747015
v 0.46113276243557366 0.29469068361460454 0.014001774276736673
v -0.087202532759703244 0.3313116696053573 0.6521831587765603
v 0.1994802198758118 0.058816998237176892 -0.091902481349395146
v 0.39496064996475772 0.59643731478413875 -0.11176663295920999
v -0.04565753688443025 0.081554594013177592 -0.075515887112651503
v 0.59175651668382068 0.26011533542253168 0.040363740908009413
v 0.37511018711342747 0.31707175950515742 -0.0896063328750311
v 0.32013817516981841 0.21362635797059787 -0.10571946202838395
v 0.63529010765118332 0.25847560665728614 0.11304308493351407
v 0.51896977310780923 0.40453773468334131 0.10664473297442563
v 0.6205635445815626 0.19054888898207764 0.19892334170784279
v 0.34653053686821855 0.58027970752032154 0.51830683084555262
v 0.17288484160963616 0.17157585573243928 -0.19356064214656996
v 0.53314851663064544 0.12598992932993858 0.28346279389139684
v 0.49784135615655278 0.39573969918749646 0.28999166347827948
v 0.53102750128715726 0.21146668072743338 0.0039342301468106907
v -0.077713118003954099 0.18180713265840567 0.59635624026854528
v 0.097676755365409137 0.41462136400941768 0.65968564605465729
v 0.28811909220167775 0.20890141362575368 0.48498066964294823
v 0.047554257465396897 0.41250494438005819 0.66709575065180771
v 0.018546934910169982 0.061965024359776598 0.29069542006524485
v 0.20059655824029371 0.65465306010925717 0.58305413054962607
v -0.029645666646054575 0.069329372757611724 0.17249825624629747
v 0.4544087623309998 0.3876398591534686 -0.0048729033007768553
v 0.11772445013100043 0.15983408707392049 0.58132628544966747
v 0.27078789557130961 0.28454121043394098 -0.18994598552367004
v 0.49505344869602902 0.40731540754499079 0.082641549399603706
v 0.14043878720047265 0.1906724608410259 -0.22514632344682275
v 0.59286005276554499 0.26819305522927028 0.3418262501919439
v 0.15084904380346742 0.4315340832161299 -0.26094669419850242
v 0.077913362929286398 0.059137473440911081 -0.068076617475695919
v 0.016631728591641255 0.033684789406441415 -0.16880807351155674
v 0.055475567426768256 0.55913358531359925 -0.28638418068982113
v -0.31227986924644263 0.2617067873649766 -0.13624685509163764
v -0.68752743079570733 0.38169164327526178 0.40595038560844893
v -0.30853390663246555 0.63191291200813915 -0.18249868406005257
v -0.34604525675037823 0.055272267026872407 -0.11773465501413802
v -0.35757561652688019 0.45448328901683793 -0.13254165318861502
v -0.34705743902312075 0.02933677301517363 0.24608239801949577
v -0.2544975395634409 0.69822210693093123 0.5406945694367048
v -0.61474953317551906 0.35789879437457078 0.022412738518536153
v -0.62955666028143697 0.11351083209847114 0.25909764623747344
v -0.2479073280581898 0.62317428896670224 -0.2939928707195435
v -0.62537943490773951 0.49013847014002487 0.53363610234402126
v -0.22573131009298439 0.76111551865074867 -0.16753030973387265
v -0.51057622593217211 0.44632774880946652 0.52878819766361029
v -0.27240320134723606 0.032304082656193465 0.6036811064717893
v -0.65394224835448711 0.39413110747483171 -0.0027210601418506662
v -0.22006543921150995 0.52495907228972061 0.64766327730076889
v -0.38416698449977194 0.6083236477873567 -0.16000785990560601
v -0.5364300811574475 0.20070458513599582 0.39844621986502693
v -0.25185209424301019 0.063085723432250967 0.64357317551889992
v -0.31731483305672586 0.03381864206403027 0.20183195004667484
v -0.43820248838867398 0.11982782417959512 0.53747281422374116
v -0.87631050781018904 0.55970334212374706 0.15069835114569693
v -0.83559437466363151 0.60623392199506576 0.028347152599513589
v -0.26488568787650107 0.24347713470960572 -0.21772614326431167
v -0.35269605399851406 0.56321246601561614 -0.17256653412267081
v -0.50632977774478072 0.63729008262315356 -0.13655297533129832
v -0.75374777736468279 0.69731363560422654 -0.052851546323701266
v -0.40597843133828837 0.31838379636761782 -0.043193576133048167
v -0.20119975764344436 0.52756482244270853 0.66260200018856308
v -0.6148217996442652 0.72198116778408594 -0.10051735767138047
v -0.44913830275740896 0.034980049665783532 -0.053235752296890426
v -0.34097493254109362 0.43180115716770723 -0.1632114172463868
v -0.33346017342509238 0.17718317026193786 -0.19145672409547571
v -0.42276588620080802 0.034346287370070346 0.46735477432243383
v -0.25832557481452179 0.33497366360016873 0.48026345855931252
v -0.71148679515627755 0.59224647742930525 -0.0844611147276223
v -0.3689953597357109 0.18367765923291224 -0.1352940306308581
v -0.59997380499740782 0.14147911340342034 0.0094079619725249298
v -0.1859080689192335 0.069553570627425246 0.3145295735986971
v -0.79258067907194285 0.78354786690542511 0.44573567863323643
v -0.63574424465637258 0.73132375201199384 0.54259083472307179
v -0.2936522203553078 0.040733577506394086 -0.22598206979068419
v -0.51123418496022499 0.33352481054793814 0.43348239597343857
v -0.88938325623882331 0.67253631711919104 0.13945084676113331
v -0.52391033551567479 0.55757355269559827 0.56703366945727862
v -0.64022869091601242 0.71067244319786782 -0.0896066929806172
v -0.56536240708832053 0.40230427378779143 -0.04722275517434385
v -0.60890379340462109 0.15718103985921245 0.38470022576124396
v -0.73348751129633438 0.43518331189105147 0.023544542534910503
v 0.16306930282223434 0.046339201405820998 0.5253124255273659
v -0.063738281835517094 0.68131199464710035 0.63106114242459388
v 0.40908911238265455 0.2477016637522105 -0.0075130550071351998
v 0.51505384431663415 0.35818461305786259 0.054963549568221831
v 0.61492435594430916 0.40910020618119058 0.22705789538694524
v 0.6262701042319736 0.35286083122715817 0.08947735934954483
v 0.28420140195778004 0.34922495286121735 -0.17447934398657886
v 0.2672872772670849 0.073685904760065965 0.45658183863593521
v 0.057228167523677202 0.74232791231167661 0.53484578791979198
v -0.054955928483597802 0.3827832028972587 0.65708215033520934
v -0.042294333370969307 0.37126729803628411 -0.29459861954598626
v 0.43985855267477142 0.29874963548574957 0.013163448151006894
v 0.54325285446815241 0.12024289999565134 0.23887190522106053
v 0.44962954045614406 0.57841627823661212 0.40528444427665755
v 0.50009746674866451 0.44425983157129378 0.094248383100482877
v 0.13244746837236282 0.35737388757574268 0.64036253409371491
v 0.43791928669889485 0.48127275380796097 -0.034756801733613694
v 0.044406390461420087 0.68699034657606928 0.62314003968564691
v 0.0083138380680399526 0.35588334325456605 -0.29405914704172786
v 0.047347238747572649 0.032207068712315573 -0.10487255355798028
v 0.047210993290194694 0.48009255885858215 0.67736147716212225
v 0.59830381620722739 0.16969145377447994 0.13419286289131896
v 0.12900654751743143 0.088737599054006286 -0.18129598889465526
v -0.014190675424692115 0.2208355914762955 -0.25730533018879986
v 0.2400020061539723 0.024038291347912376 0.26282848403989978
v 0.4932637839040292 0.49513362513538389 0.31587240234348352
v 0.48506856181286773 0.21537995566336449 -0.016258471075145796
v -0.00072692536664322425 0.50955243610984402 0.67706890508855544
v 0.49796171282316837 0.26820509818392474 0.38425516040737268
v 0.39264106307537738 0.23904655785268583 -0.017185892377861244
v 0.29381051303746536 0.48552182193408244 0.57506394346685297
v 0.31938761607766381 0.38566676050984383 -0.15522813242471289
v 0.047398582943497497 0.38495383597960298 -0.2782923816365877
v 0.5535333849443248 0.41957025873231135 0.2390910027936432
v 0.36562753228407235 0.47059362317638648 0.51057952664543826
v 0.20345307158009318 0.74699225669367797 -0.15565285046308691
v 0.022848277856635592 0.065366771519573083 0.065775682841142658
v 0.25726218953917901 0.53513356238943732 0.59245305947308657
v 0.32273588833316241 0.14235558182519062 -0.014674971101318079
v 0.37980440697896778 0.43693416544110741 0.48316004429021825
v 0.3453675530288069 0.64141426280537328 -0.12933576523463519
v 0.47809520137517675 0.58750285560350013 0.3415137795354421
v 0.32180976057190619 0.24594972184859742 -0.1148760121938006
v -0.030505175502959721 0.044752237737320677 -0.10630280684270882
v 0.44925658559060205 0.51852242490108758 0.41261380505645145
v 0.069211798437428543 0.34073061356869966 0.66181601756549968
v 0.32171123815456387 0.20642068924540896 0.46136947511593057
v 0.46203028771535587 0.10419100903849857 0.058970591584883575
v -0.77137804299702573 0.4648875796608074 0.012870262768465193
v -0.49246022189726329 0.080347045802592429 -0.095593810608504109
v -0.44733719474733813 0.16913492679457379 -0.055012137826354744
v -0.33988087863755173 0.036071698368428176 0.45473728733369967
v -0.37312966403200087 0.048959587470308069 0.23383693482525716
v -0.33327134081715787 0.0364085181675338 0.5650560623852664
v -0.58706565087258833 0.33941455613337285 0.033181105826798306
v -0.16322385762563818 0.54547575599667242 0.6802133796253369
v -0.4146286135333293 0.053988728804728055 -0.22709579437838393
v -0.43285363058146109 0.27175428843794541 -0.037659671283682541
v -0.56444177243438443 0.26589260895852673 0.032641823925489769
v -0.71842774007321863 0.740243259796588 -0.05533170427741016
v 0.038537693029690734 0.57698585125968638 -0.28636294745188928
v 0.2670081679403345 0.2683230082988316 -0.18786304300857121
v 0.079753190403424629 0.40190759445649021 0.65525914665017515
v -0.87108019312053764 0.56835368888570037 0.095418905275303723
v -0.57390728613841435 0.173287750148297 0.021703910926851217
v -0.013239351605900854 0.03091089815151507 -0.12295036492740387
v -0.75068102390353419 0.072726948655893534 0.11961027748085321
v -0.16616069904598196 0.7212697985037928 0.54415942756459368
v -0.82696512873233052 0.48131204889105972 0.34119538905847074
v 0.28051879846774125 0.10984615763420391 0.46701321125578893
v -0.16459183810714476 0.21331979545412755 -0.26148454257710607
v -0.86230695097638732 0.50277594151654492 0.2199056424406752
v -0.3502047048817149 0.34923357353084505 0.51702436867571888
v 0.16782123522469292 0.18047023568381837 -0.20150459457516923
v -0.80902171037645476 0.78682670760905205 0.42867915579012489
v -0.33005870899271728 0.21671725901467964 -0.059924148550595337
v -0.64331064279135142 0.070421399748627073 0.53543683844453382
v -0.34729394423174265 0.034980120352630449 0.39730042822068284
v -0.35369486574567249 0.17660851951995607 0.49288845061207875
v -0.6323428627937665 0.13411522482927835 0.23589004680241485
v -0.51425621194325477 0.036229443175377317 -0.045599891466014585
v -0.40758529017497641 0.44803408052381827 -0.10005979629832161
v -0.6611604530017775 0.32895923543765532 0.10032377776999081
v -0.67785358982488397 0.64406700724108756 -0.091849489364482104
v -0.53289736038940949 0.67388222808210951 -0.13594812451237234
v -0.57475354544792479 0.25392847833390436 0.16687700695713803
v -0.64378707611695896 0.063848273781821632 0.32540252667496378
v -0.80797765180500536 0.69850934279996013 0.46263302567173958
v -0.45220846279833904 0.68832190677027749 0.54900358491884638
v -0.19631760883716171 0.039127197205117981 0.62666329049985536
v -0.39695043895883925 0.68010254708495499 -0.15248331560074921
v -0.62491015269318229 0.29462317855659992 0.22125503488588
v -0.46981278059111325 0.11579441959484058 -0.1083624786354153
v -0.33774209379306547 0.2839080897974946 -0.047596256278845679
v -0.21583037023792284 0.031827548049553095 -0.1535423197007042
v -0.3342512191142688 0.60130155293250809 -0.18216266940018461
v -0.39471827776149038 0.029774540432956128 0.1579659727103174
v -0.707158220929898 0.76715804381839048 0.50445357713091266
v -0.34472811101632411 0.5482250383804429 0.54461776616245494
v -0.31579960681473918 0.49413244184924704 -0.27184570806260683
v -0.38105944760106275 0.53986201898886965 -0.14365749689896801
v -0.59955387020779938 0.316292603228991 0.073941208032042557
v -0.48803966244038299 0.040729684938612218 0.54610255468111801
v -0.46922107108921118 0.035954175043140801 0.51705101177284374
v -0.19288418581909134 0.032834127707340822 -0.18011116303616467
v -0.30784955340203907 0.46879553457925843 0.51521255930159671
v -0.56828490084907402 0.33742311322660523 0.015185069821248117
v -0.42922869856519058 0.17943610717272673 -0.067978807135233799
v -0.76353875378143221 0.39455247410173966 0.30381314593209241
v -0.58899189585850575 0.034315753669698641 0.10367289822959952
v -0.38639245313608522 0.60568091695005366 0.53716402910446481
v -0.57437738795995241 0.037208879617946784 0.54067381050422303
v -0.71858593319595687 0.052464311763660634 0.20846413348846993
v -0.4353162507455331 0.10091132670286265 -0.20045689314099477
v -0.38967636383657206 0.07121559462604235 0.52635877178615309
v -0.71008861081744945 0.10713958712787899 0.19576169005415223
v -0.87353079849500814 0.51353242608187188 0.18370088320102176
v -0.18761273026774566 0.24982985409900682 0.56616063944885353
v -0.25050431229837328 0.037277297112282733 -0.20927686066721876
v -0.32049797527651769 0.21302184708617034 -0.1031873883047727
v -0.62179390100049414 0.057859879604343689 0.55375022224348358
v -0.72557769011201334 0.59115666868249361 0.52922461942295229
v -0.29216473317534114 0.078491851925265074 0.038255567544710684
v -0.49682238068039347 0.14573959173009157 0.53707108276465154
v -0.54235103974869492 0.14912364069344136 0.54944040784070391
v -0.0019605582591295219 0.53044713427077383 -0.31255040793571187
v -0.078346143147419417 0.67603130871863826 0.63008099583989596
v 0.27350787872782106 0.42428241117397802 -0.20183674516691294
v 0.4012053024660962 0.4684223739435166 -0.075228328853719884
v 0.17108451299568003 0.57608404413406034 0.63486525835914942
v 0.48915473776568635 0.5024348778001364 0.0508032044656525
v -0.0098096712640127169 0.17958913318121189 -0.25076804106004319
v -0.0090647392381564915 0.30570005338608325 -0.28396433207502608
v 0.40633536563447203 0.092390566280556155 0.02584709225513444
v 0.228963959567482 0.24551629320098353 -0.21922148167847114
v 0.16417278980054431 0.71572154240286467 0.57256735358413535
v -0.02882580343733239 0.34065842183619521 0.66098655742040657
v 0.08483691219250318 0.030885830378470654 0.31432949308480668
v 0.14637631826172209 0.70470248165701055 -0.17351654572547318
v 0.063390786089174311 0.30157967417677828 -0.25751799666018804
v 0.025234688418255321 0.50313122213434236 0.67674268712847363
v 0.20990372084341519 0.14727877283663915 0.50858208132435923
v 0.20791129217624302 0.03482241900402118 0.15361847057157255
v 0.59956744418680663 0.41210785692860014 0.13984359958768677
v 0.29803598538332837 0.40275879135375231 0.5362028230512782
v 0.59027081064081033 0.16784624236002268 0.11078814659443752
v 0.20260840137717001 0.035746273083352466 0.21847195712512074
v 0.36563867203261313 0.41862032646730907 0.48849839054378702
v 0.072675338448428176 0.071364906515023543 -0.036800759057277255
v 0.44357831068506676 0.28675696989479132 0.0095981571384167932
v 0.42283782563230521 0.15510393729928271 0.38561844656634331
v 0.48668637788459213 0.15560233445813004 0.0066588366009769327
v 0.60246399380135218 0.30675592580177008 0.058017006497334773
v 0.41776883089531669 0.4265792453533373 -0.066034300958965064
v 0.42056527929441578 0.36106718536502569 -0.058840648834468594
v 0.021654711543244175 0.042351475020244167 0.26876188197864981
v 0.24047132867323251 0.033931006477022907 0.16919295002357199
v 0.355071283778013 0.12049695547458149 0.36687138430395883
v 0.45877564308537677 0.19492829350225066 -0.021211464898365548
v 0.49188591082610306 0.65033537657355889 0.26081285158692863
v 0.56104374189119333 0.31628363742328242 0.025214431747071157
v 0.33048985668585529 0.59459522872702364 -0.15026455699106564
v 0.085581847200682931 0.55550238327154911 -0.27665549614279172
v 0.23823542209929027 0.41338896509288986 -0.22215631238843678
v 0.12394686293391502 0.042994411466698433 0.40662019476624117
v 0.1519667910410262 0.02373806285492237 0.32646237783287585
v 0.025876919665188503 0.42209991963562749 -0.29399181580875239
v 0.62707757522850816 0.21019946801495609 0.24809592872360087
v 0.17310905856365527 0.39776173456512576 0.626830819083667
v 0.27512859532889183 0.19207665452788739 -0.1600521321618599
v -0.14131495679464728 0.26511364925460745 -0.28640683875654938
v -0.66131561985162379 0.058041575904914114 0.35521239170718966
v -0.36553964928012345 0.062746229316460553 0.55176616882824392
v -0.25010561671297837 0.63705930841046166 0.55367226831792749
v -0.2798300882663774 0.36521256730014812 -0.25133338814236073
v -0.35440125811939865 0.53809769954333531 -0.16621916795594494
v -0.45422084934186036 0.67757078064034959 -0.1421057406049443
v -0.33222109936918476 0.51695713966865808 -0.24140831819407654
v -0.22434008826655977 0.66239975937201778 0.55203124795193603
v -0.82237461153818459 0.43676265543250553 0.18664031938194781
v -0.43854317066269316 0.036858754386856256 -0.0062487969743621075
v -0.6268146619003433 0.38544656512857411 -0.0035656888024909318
v -0.30796327972196458 0.60079795829908167 0.5470111449073809
v -0.29531540962040398 0.77439257297276543 -0.15350905275738666
v -0.8427849037759132 0.73011396667700001 0.41916314908596441
v -0.35856202019308514 0.38221963267426307 -0.08105790487815176
v -0.32231446925122659 0.20305087808437258 -0.13079429728386818
v -0.29612854717218468 0.22341329161815657 0.46490360363381972
v -0.51103997195831152 0.080823735710278455 0.57170316363539431
v -0.39240911158994923 0.7262817085835751 0.52429488323302043
v -0.85637786193180621 0.5343405618323892 0.11407923247872252
v -0.66453778467893343 0.33756054503114907 0.072445244835886227
v -0.52087474030549297 0.35853080589490832 0.45453779521649162
v -0.17594399467826075 0.19090132959389944 0.56308139459574325
v -0.29187049855891478 0.60301273864553984 -0.27042031043592002
v -0.36292721333224559 0.038911909839788011 0.28558895558447644
v -0.18388592914976459 0.30835274621198405 -0.29946940799547067
v -0.36961700117878205 0.12896227798906248 0.52141677691371513
v -0.40333826687286106 0.33017426759878987 -0.048663233271001118
v -0.2489609498546923 0.11542556871668055 0.63457781858236295
v -0.59789286944771336 0.34134233368358247 0.39737029821552988
v -0.76586400302285118 0.64801272357748407 0.50674481248220749
v -0.54839562887613236 0.48826743661954497 0.54750598789706995
v -0.24571900533728558 0.22650404907099994 0.4889537755750985
v -0.36825272155273614 0.045532448358385026 0.21292596074830381
v -0.22251427339673988 0.032173314595066949 -0.18518221176583161
v -0.5643578467078415 0.10930327899826636 0.57494936895068416
v -0.73263887272713224 0.081931075934620207 0.076233517333135575
v -0.43785442531250818 0.50027521043644407 0.53153466994410614
v -0.18900921004094204 0.14930908336515786 -0.21924261452743074
v -0.58564475511560177 0.17042723847278174 0.51319288687397735
v -0.81719704892317846 0.65339326603238135 0.45477884787685979
v -0.67477553122859479 0.60236838502324319 -0.10003246625955495
v -0.23011605120138123 0.63325621941153687 0.58107250254190113
v -0.22587975823868223 0.080178779429613253 -0.10787077406263423
v -0.83138609517209228 0.63124137284016368 0.021512964458438283
v -0.69101852803443709 0.052636539002820011 0.016460558392691491
v -0.72538290529522564 0.041832269242687743 0.16600379725812459
v -0.24648394291291595 0.18099613634521808 0.58290103905830359
v -0.32137790771643704 0.02986820644653156 0.2738983355525611
v -0.82679034398857776 0.68202600460673701 0.0088261180743311705
v -0.37242837365494402 0.51332651899308257 -0.12880895066786802
v -0.72410895835493561 0.48165086473866781 -0.046305088228664693
v -0.90908408191695755 0.66483923936173317 0.32536568995223053
v 0.29452034371572422 0.079440033055348136 0.39545706939667635
v 0.19818437728171401 0.62429029510296175 -0.20677784185505052
v 0.56143332659634215 0.38035857903207909 0.073276067876789031
v 0.078402171610701565 0.066023047588897182 -0.018587262254110372
v 0.22562107022573849 0.032602269745912897 0.44725709845163492
v -0.060394091017124993 0.77762122557080859 0.53569510640593998
v 0.0034287473828979453 0.043307001759570925 -0.18749241233336281
v 0.23166594005828317 0.57545081659921671 0.58411329325355699
v 0.16460070772009977 0.025443621503685038 0.078454196898669656
v 0.082562204073263631 0.029642708373107736 -0.14829641581420666
v 0.18389397658362433 0.71588258365411717 -0.16984732086213025
v 0.14717737076215326 0.67002676232922953 -0.2025391044937522
v 0.061745853907255586 0.59957393203210418 0.6601984927162341
v -0.025858805772903184 0.27953078751488841 -0.27689058456686999
v 0.14404330697631257 0.54183361721906242 -0.25406957377884348
v -0.054303330001970317 0.24840594880164518 0.62887137091380874
v 0.030925595563854925 0.20666159546227794 0.63353266455015322
v 0.44561441636074528 0.1431338657487968 0.38063881183167142
v 0.023225706301759155 0.097088775842343142 0.55532557333464305
v 0.60048454523687689 0.19685518225808746 0.087332344032211892
v 0.10218452507401667 0.26323231324119045 0.62550416089777339
v 0.20197945032962286 0.77781162592300235 -0.12185688033339999
v -0.0051785047325043935 0.45532414110857522 -0.3066865003109065
v 0.26896417155264296 0.58289058179890341 0.57710777244864675
v 0.37286092490726963 0.36588856406099152 -0.11139791179875574
v -0.063117665384253535 0.3187595405746248 0.6588179268934462
v 0.23198243058931364 0.39300253193933304 0.59212392387979218
v 0.08381414933375933 0.060466104353093193 0.34644791886566456
v 0.1590722330609313 0.19929842951425389 0.58202722720798716
v 0.19086089421005822 0.17690534133760291 0.53799654882150694
v 0.62008885858684892 0.19373200563055315 0.15801754214918981
v -0.018753696892712668 0.066711965560003791 0.14642819748240471
v 0.055608441954549961 0.41984444596336751 0.66455719659769263
v 0.21887080709075038 0.026371843867848577 0.39589463082265525
v 0.0051150337882463039 0.044414179367791094 0.563714878538358
v 0.46501886005094167 0.37948187701659181 0.034032716260164249
v 0.022518783698362577 0.11105781917457731 -0.19144452746550109
v 0.2061195454753128 0.72420824972447029 0.55988893117366689
v 0.0013517961590297401 0.1307979672224068 0.55519017482261979
v 0.47050811565665751 0.20656567574036105 0.39310715388884859
v 0.34299012347253055 0.18046759966091996 -0.021184094793851155
v 0.14022466692951596 0.2076270108131541 0.60313506631348746
v 0.16061478465535439 0.49010638239156862 -0.25438298901852641
v -0.056627402572802452 0.72350400723686248 -0.18036631161205019
v 0.58637845004015821 0.40564189688568242 0.11512257176714712
v 0.36536274493891463 0.24501181238830314 -0.059329326736433652
v 0.34023722669619616 0.63367216939353022 0.5214684196409638
v 0.55808014023272579 0.33875952806499271 0.34483935919982661
v 0.07084298247025253 0.15789742636362758 -0.21309808844042019
v 0.30857454680795821 0.70694013901782404 -0.12263347551314893
v -0.48082238012542611 0.035658885809679283 0.50147886062878155
v -0.516818267837865 0.15278152385639621 0.53881807829776129
v -0.17278139899405437 0.38770719118735475 0.62907695169003408
v -0.63335465131260371 0.29978954368683275 0.19390154180796873
v -0.7112678749548933 0.046610399668283189 0.20576466043572553
v -0.074485438073637056 0.07303824186792679 0.58835657778068617
v -0.38425142466167062 0.06401414404397078 0.53145161579945821
v -0.52445411216712468 0.039666138460966179 -0.045861512770997113
v -0.16988086811365674 0.22935495537098313 0.57990717841328754
v -0.60414489140015248 0.14838129468003236 0.23310553011613494
v 0.40692116238500659 0.17603420874975645 0.38491482446916186
v 0.20671735608447728 0.15628297087397897 0.50994895549916053
v 0.58984471643986047 0.41655298942970798 0.14670759643557291
v -0.2090721550532588 0.15126383387837594 -0.21884066311632158
v -0.5668291173363631 0.24436806641810274 0.18256695718902291
v -0.36959553650355115 0.52547464063335159 -0.14304830727463771
v -0.69397992487422577 0.66652687206041061 -0.077455485373165683
v -0.642224889624602 0.089088103013497927 0.53153282829470649
v -0.48430230335104407 0.21535332039960692 0.47035168171271713
v 0.49594536360320268 0.62258149600252732 0.26995503841507912
v 0.50971589108998638 0.47287115413118469 0.18368631340258515
v -0.45128283164910904 0.14387426741598872 -0.09927514120905491
v -0.0017192637853574622 0.54831205396636851 -0.31424480690580364
v 0.45442087859868069 0.68682521857215939 0.017916875430444724
v -0.39117012645921018 0.59353526343278429 0.53721573404424727
v -0.27543691967089862 0.033792812042057335 -0.20420477054859007
v -0.56282442787240272 0.03633419727195171 0.51756665354839648
v -0.55226566770480834 0.03362716452961078 0.022338256451237479
v -0.26924473420215189 0.759128092621145 -0.16370200358871875
v -0.7071299082699235 0.039059980954046072 0.16872048909831916
v -0.88388446741573601 0.5639263080952116 0.17473478478884896
v -0.57228815196904315 0.07222096961348666 0.57922205869165588
v -0.6810921357157983 0.04935024199347543 0.24667611066557651
v -0.43350754408039094 0.039143453801547656 0.028415511029768459
v -0.50445235446091519 0.18450146400044654 0.48620686819206033
v -0.42167785659688506 0.72859244504126097 0.53526308984357451
v -0.38799007515618489 0.040199596424689697 -0.2263907990095976
v -0.46749558810983849 0.63838278563598572 -0.14030269640392726
v -0.4158778654172734 0.18519780340110983 0.5002090221136849
v -0.2752730978434213 0.31008369519218915 0.47117259860324889
v -0.20275036821122314 0.070491659265875348 0.34655905092816586
v -0.33814084041607123 0.072095279123972317 -0.10608116074753825
v -0.34817093215723005 0.16883537576058819 0.49977987912090327
v -0.37104384943547647 0.082370956301648077 -0.04462635799524
v -0.25782427782117884 0.034984749493030889 0.6189744332434457
v -0.3695681318521436 0.45445877381852418 -0.11119868641127528
v -0.47149653422902565 0.53036424996409537 0.55299085150686844
v -0.25660455171818952 0.51501341284723967 -0.31759060518276172
v -0.50937712002661217 0.24340818967724998 0.25851486989031791
v -0.53892346208312747 0.19172925824064788 0.44973045260504546
v -0.32231420749191025 0.60061120194672346 -0.19284230289094795
v -0.69467410713232858 0.079983452583972353 0.23634429684085978
v -0.50758497266156388 0.34870862287224946 0.44968844897214466
v -0.58365085286468965 0.2604917929961133 0.13647930630162819
v -0.59583215201067019 0.67995286956813239 0.56164550849965156
v -0.71002605076898417 0.72835129795430353 0.52184176360875756
v -0.3845391150688236 0.63431841253833632 0.53656224261266772
v -0.42195065562344031 0.04706850158169773 0.17348412601871793
v -0.76358430994952964 0.40037758754070107 0.10541667303585149
v -0.74130262110422851 0.058416598178077733 0.18969710057773817
v -0.69053495040734025 0.16039442004785073 0.12316876815746164
v -0.21381360029899074 0.6192821598562952 0.61166924905707354
v -0.32233278363774831 0.72863543903581751 -0.15313811619667433
v -0.82875723239782717 0.44717386885411142 0.26322290006113247
v -0.39345027441661973 0.49597388404595033 -0.11394698336709612
v -0.55416874270439564 0.15807196560204037 0.0010654659217410021
v -0.47687551779674919 0.13687388535278328 -0.041098285810692192
v -0.32886125142408246 0.43739543350319249 -0.2120530586962513
v -0.6935803689178025 0.62822072779911164 0.54169587779812955
v -0.4571267538119973 0.39715227670548919 -0.081242805768677123
v -0.21669378178564561 0.073677585534317289 0.14158008320303059
v -0.2503363457160005 0.069173234603391642 0.30948177054641646
v -0.26051463217414894 0.50386248820531387 0.5643597387240713
v -0.61369364970874618 0.18366010301706345 0.094225236416653632
v -0.54296932760486305 0.04079247070962462 -0.041207596206214885
v -0.49170973047229383 0.21724312983297783 -0.013900738736821893
v -0.22273609506624842 0.54639011392225201 0.64224437332489803
v -0.6576642486090406 0.31541291647267106 0.28943915839823936
v -0.30824652066865094 0.2072054589093858 0.47746950893253814
v -0.74759651403903016 0.059563174104924031 0.10068289492100647
v -0.66457632716845849 0.40395648364811421 -0.0061391463285528818
v -0.69594348942741868 0.037434551154993077 0.059744748300414166
v 0.01674172603809608 0.1145756382522424 0.55345203105679208
v 0.076219668056728154 0.039922897377793101 0.32083655903735891
v 0.2020262395445826 0.13886114276558886 -0.17402071987464848
v 0.44858004577167265 0.11183931645277917 0.038955100305612056
v 0.48859949066329667 0.62599939184187181 0.060208378647157779
v 0.46354467298709906 0.29403169337286644 0.36200621342147127
v 0.0051188761508866223 0.71756262803590976 -0.1815628038465118
v 0.03437801840135165 0.070732318470545327 0.42671613184602603
v 0.055921670813996377 0.57615209457793171 -0.28223057386257805
v 0.47255739911607242 0.318592370622095 0.028492792184533832
v 0.62517124009787328 0.39698374059516117 0.14372561162911759
v 0.31584391938210044 0.11635101698693233 -0.0059954448823381374
v 0.31872398259299911 0.30582483040042802 -0.14634011084636725
v 0.26967052200980901 0.18442451296703496 0.48590895821296259
v 0.15118546298192592 0.26887379652799048 0.61203625889230462
v 0.17472546478614059 0.47558088292149353 0.63827469886291022
v 0.052004542263567738 0.26163320436539689 -0.25710463385287696
v 0.40239554152387125 0.35499005565553798 0.45759609324479006
v 0.51796411601958325 0.40068846423336507 0.26713058145188839
v 0.42211547947810513 0.086087183359179004 0.044401028385976773
v 0.084820123359898816 0.6936821479359786 -0.19987498156480507
v 0.09991175862289306 0.38659166011275375 -0.26305336707640442
v 0.020157188469484489 0.19056439688710641 0.624240215094235
v 0.1006879627649946 0.20327882084771362 0.61452524208401382
v 0.31760316451019915 0.4867568026745121 0.54755763105518518
v 0.028213966420303948 0.28675828240518314 0.6513502472270476
v 0.4534951689165736 0.55723011491782193 -0.039711590821552664
v -0.063446514523473524 0.3373391011008926 -0.30248108939429508
v 0.43519615099889425 0.16486518938271585 0.38992958351543328
v 0.16124223795186871 0.053118123321488672 -0.15052714677393744
v 0.17451322208380687 0.73708824445323773 0.5595972325712385
v -0.056860052260231234 0.21706596875228235 -0.26433751736073624
v 0.61401508074589806 0.26841721293537213 0.066153090973449999
v 0.058125867529772758 0.027805970939343561 -0.1230666653443184
v 0.31586329821582032 0.59176467980173564 0.5459714900400674
v -0.027796302449393084 0.5211134678642424 -0.31459087671860841
v -0.025021215569969387 0.41899874516565599 0.68406524807478142
v 0.43092654943270825 0.72379656537021053 -0.0038553454974594214
v 0.16581296345274077 0.25219133701229318 0.60253055648816967
v 0.28380085934619659 0.16404284787625251 -0.12081918832424696
v 0.65063557832162222 0.35470740781742671 0.15770242027309933
v 0.29658383745186839 0.37672255736340843 0.52624504384354809
v 0.48848144966470908 0.4626251418459581 0.049829231785721524
v -0.086786376093605191 0.44970555023061409 -0.32149573736164344
v -0.11858441250159492 0.58662743997568478 -0.32994454783951382
v -0.12984984299687374 0.68451640640580635 -0.26779753293364178
v -0.72476744227734191 0.66665216632918423 0.53354353279079936
v -0.39162743005759265 0.49070037854974652 0.54064871326693487
v -0.45766581593504163 0.76626609020858494 -0.1330191815378394
v -0.74541043665375395 0.098468200450126053 0.15359588759028117
v -0.59265439805847786 0.17827408454889615 0.48308096883252444
v -0.21294035469345601 0.44698742878731096 -0.33118365071077904
v -0.20900092781289706 0.18014631692946845 -0.23057713890708728
v -0.83823096052079349 0.48833764619225734 0.32014354020792002
v -0.63147371450507839 0.06092408744635322 -0.01608012638755095
v -0.63238851588032041 0.15401905209858421 0.48915484240195795
v -0.89631566107166627 0.66523364259166484 0.35687971584360045
v -0.34248546162068899 0.50598333689757702 -0.2051203996714244
v -0.55077344250346771 0.52537789503102605 0.56346569911807609
v -0.65932481126212694 0.36868647445360814 0.029452403469210801
v -0.47906103659387927 0.044091350263169508 0.15665826341411865
v -0.50030603336354673 0.20753406234326446 0.46236711456667196
v -0.36293437914951177 0.20056002260509442 -0.057998073589987577
v -0.66725821752125503 0.063209679880606759 0.50128762730793286
v -0.17677070627771491 0.36361629757810915 0.61378353733827928
v -0.27807352073307151 0.506066522803719 0.53176770026899378
v -0.24877638909945113 0.61083121856362799 0.57476944306807209
v -0.30113437360408529 0.18772783470225421 0.52818749974777024
v -0.53708463310656407 0.7403685462392583 -0.13421796265908822
v -0.40448590899448794 0.29369477966480817 -0.037051950463539381
v -0.64967897528685081 0.563363799179594 0.5608901987260112
v -0.64026200252175736 0.12201283833237364 0.010398182781604775
v -0.3614680535213825 0.28425918355483848 0.50072889555702149
v -0.27314866601981713 0.61886506401774688 0.54664651408865084
v -0.49259915224914091 0.037181675539448664 0.31602725367920032
v -0.72500673376279112 0.41142124309942951 0.042830038579662333
v -0.67232902866539723 0.65010135708294836 0.5466701523815547
v -0.61738395890910847 0.12912730006071793 0.34539271867066074
v -0.42633938754738687 0.19495771333034737 -0.039183592969473255
v -0.48094020688128397 0.66317504373018088 0.56241482015109423
v -0.6329760102519062 0.040675987426772045 0.31247816715510007
v -0.75983663460853246 0.71226525493032866 0.49567700224642769
v -0.4783972371516213 0.098188746058335677 -0.12921838895908266
v -0.52438103022557236 0.24588384625840851 0.32604316256479404
v -0.59095899680599751 0.45819896447545427 -0.088899997261517705
v -0.88966733364324702 0.5763918901200924 0.22625172098069357
v -0.37279526807428459 0.033265789118224101 0.34284731538920687
v -0.49934888177513548 0.41317906470927784 -0.066796748688108601
v -0.59295142330566764 0.18624424125337136 0.056269470783808853
v -0.86270558242345097 0.55683192136335502 0.34088477406823275
v -0.35733603443437201 0.570747420586181 0.54824846936596927
v -0.59154613508878218 0.21872608546763747 0.087657548848526126
v -0.27915839056203362 0.25189847060734127 -0.20612144616313921
v -0.53732510333979733 0.15202715899089472 0.27535815503943539
v -0.37990193639884628 0.058666103376890953 0.056803783319652641
v -0.58692515609043094 0.28427652478832693 0.23482954742902545
v -0.59405558311747819 0.12469172744825743 0.55411136377215453
v -0.65476350273353412 0.049903317461342897 -0.0020914963109559918
v -0.63406469098480267 0.088070594644988273 0.27824789636852326
v -0.28852627325522517 0.29561153654182798 -0.2092986756994992
v -0.26222246371626984 0.19123448226257528 0.55213278284440803
v -0.33266307881855312 0.60248904855434093 0.5405743706677808
v 0.50938624705664304 0.39651678488663333 0.27880186303898263
v 0.55778245988035136 0.20988273634949781 0.023950804231372334
v -0.028227058329396169 0.53835032579677955 0.67288546623926015
v 0.26828913855072312 0.024591770318769818 0.21302615227037133
v -0.051173185948122209 0.17178094624437737 0.59390578822598949
v 0.36448025622710006 0.56963309182179889 -0.1369120484874766
v 0.21829156887027529 0.65358613004458221 -0.18418630091924398
v 0.0030012474424863569 0.069223307075437224 0.088406421424489207
v 0.52122484057275531 0.11816575424115112 0.089550479450282175
v 0.3698237821462364 0.46816538298427257 -0.11427781327175116
v 0.14680699266706407 0.45667155056075082 -0.25471325472043133
v -0.019919148600366664 0.07057535562314679 0.12792289559489473
v 0.18406512586068025 0.034574014334814919 0.091580542462263811
v 0.080350297288613107 0.47079526518100151 0.65862145361222679
v 0.16760650959948178 0.5316674490599328 0.63063970476443076
v -0.034700817028476431 0.072603480250818919 0.4443539141533952
v 0.10416871363257876 0.065234020505148899 0.37099542305754774
v 0.48582107838400507 0.44661775440783458 0.32726106186706239
v 0.1016266613934772 0.50995400398537571 -0.27781243639460834
v 0.38686956000605877 0.27710076257985883 0.4554286035690488
v 0.48928374225105747 0.67986233917805339 0.12652419622706215
v 0.19011558314813515 0.40763098799151537 0.62230015504533198
v 0.19721151025343425 0.76944167750575376 0.52390022353940768
v 0.46687370069341849 0.24768805567988292 -0.013758021080555322
v 0.19853790015795555 0.042565603273123795 -0.032128592860405862
v 0.38055672140548968 0.5837708933383694 0.50559874271390248
v 0.19374825417405514 0.024553745815062668 0.38529252066179731
v 0.34644848156779767 0.33542734022974957 -0.13564129868447886
v 0.22419525510942548 0.023278846168330609 0.095828109578325812
v 0.035497379090156302 0.2666216794723944 0.64023128124136941
v 0.25050939807008227 0.50476735774129211 0.60048676444802351
v -0.048362462471025609 0.079070711067093666 0.023928365723278073
v 0.55133720582650991 0.40027310388889797 0.28607334318786504
v 0.12854619716910148 0.31673957387571405 0.64133669574593988
v 0.37813229984460167 0.59875510403986842 -0.12250087379132087
v 0.29892881936263804 0.29262864563989904 -0.16471801409410763
v 0.0016810245219003785 0.02461194767085547 0.53693382730572614
v 0.56289694058750184 0.15985619003778981 0.072925788311786713
v -0.053417974631700914 0.70381137214090961 -0.2256847505841014
v 0.48284604847133861 0.17064790240948871 0.38373451290196836
v 0.65789069203755257 0.33502181146069271 0.2010998440009257
v -0.095719290405701568 0.069337133177392096 0.2549120154741204
v 0.18051060044921571 0.034666699120024576 -0.073459077095029746
v -0.091007882729374726 0.15210957941908848 0.57414827994302053
v -0.048499845201301572 0.7179432769444446 0.57002148589100954
v 0.62426145831819613 0.36893652472850813 0.28280757157207204
v -0.038408253980399799 0.57021064810365973 -0.32039226975074536
v 0.18129688768310373 0.46063700971764748 0.63801385357854434
v 0.097666600531620337 0.54209182338718287 0.66792028048280538
v 0.090546045381110163 0.16487394757380258 -0.21674930249290769
v 0.50831263202339183 0.44246960117700423 0.24509549656461638
v 0.24744744799760188 0.14425275654517422 -0.1205976796485837
v 0.024107106381098198 0.152019071327819 0.57987192791460229
v 0.36569887694075826 0.21017317973433094 -0.024895169643867673
v 0.15837851316781015 0.16565429696599279 0.55273794240569185
v 0.1186883562838775 0.030920584248298678 0.099983008724002398
v 0.42069850095720673 0.41443682893035427 0.43363474695233506
v -0.16657342423991381 0.73741763347155542 0.53904675453616335
v -0.23798725434721713 0.53187226693356637 0.61825812028137417
v -0.31900423385827281 0.26332528083844808 -0.10579394622219297
v -0.41547991779792981 0.044887591136922284 0.17142810480865373
v -0.22360049107766372 0.071858370651960074 0.18933552758963082
v -0.68626491041911708 0.16378803920458038 0.13973913021888931
v -0.35803130054821863 0.15672110567606165 0.50435392592957395
v -0.59958660854205603 0.66751193833953493 0.56682937888724605
v -0.47596348501462865 0.41863259651316437 0.50957323316926328
v -0.29638656218742621 0.73869250617233839 -0.15740757154013024
v -0.46957721766987154 0.50305549687935325 0.55037136605269688
v 0.07153878302897225 0.050566065940131501 0.32626860038078992
v -0.49253525119488067 0.35531671638024115 0.46535810209891632
v 0.42724913071444093 0.099194440457987906 0.031605661693576807
v -0.39329012916343054 0.63604187702707871 0.53514815981564801
v 0.054923890031955185 0.064922308552212635 0.42373809896757936
v -0.50813408828333617 0.23150007082370816 0.2620853492913795
v -0.41125967292124349 0.16817694248300058 0.50618324231421652
v 0.16625623142323362 0.047842836852288746 -0.13896705725931374
v 0.08855452203257401 0.70068807531089994 -0.18173512380556747
v 0.080859025599872528 0.25420765234812204 -0.25869449315182996
v -0.32654880543172576 0.6022482872494952 -0.18380391142185912
v -0.22967127924187047 0.069448270201582327 0.29777643986580088
v 0.46896766626688258 0.33325991905477209 0.038351400089638589
v 0.51294297297545355 0.2970844577124418 0.0059191964745680826
v -0.3964250884031324 0.51323960018995607 -0.12059586016247099
v -0.39849254211820756 0.77445849137534706 -0.12586534128579852
v 0.47316831512428636 0.4279601437527995 0.026712248876059004
v -0.40247948941911221 0.16967131886067505 -0.1525621670482866
v 0.43835744430854456 0.71859413410343076 0.0079469694782484113
v -0.49606858399089382 0.20128203963802402 0.47091928553076118
v -0.35574162130762976 0.59440020529567905 0.54330929005309003
v -0.65325821722671695 0.03812637635866848 0.011925179834731655
v -0.25259975029489445 0.69283688087978135 0.54366719454992329
v -0.54668906954369545 0.14286198264583896 0.28833094623873107
v -0.64111812176110328 0.038665052583911744 0.36502607821754784
v -0.3317588879000653 0.46706650238602671 -0.22150706032241829
v -0.28306845847566225 0.5283853953881259 0.52906913914212084
v -0.64927657202358591 0.09877994588814118 0.51155068061950648
v -0.40582480342297039 0.54801893808572377 0.53255546246332219
v -0.52968333797693601 0.3141178957398682 0.38901255021777931
v -0.44772020613404701 0.17391751387005303 -0.042156547420076761
v -0.83901547482613015 0.65283692429831253 0.021901044441708803
v -0.78388716859794216 0.40008157730819377 0.22338051386075183
v -0.44942215249493822 0.52970105340415119 0.54482127807444991
v -0.25000922707486889 0.078572778860773768 0.0079691972468810043
v -0.84401793100856048 0.52065920796527643 0.37819160997756612
v -0.18199399956606843 0.36286473105641642 -0.31742092884854378
v -0.30140729996983295 0.036348312859573476 0.26155757683744124
v -0.26077619331302776 0.66835171526078496 0.55799734294959213
v -0.77384937203929072 0.42420970386448742 0.36868592862132682
v -0.88587454444302716 0.57791459826024449 0.27450382667680928
v -0.32278315437077915 0.043171634656406596 -0.23506400601195857
v -0.48822977546896529 0.041409191730329878 -0.101879237963528
v -0.88540288948202928 0.65878016269905648 0.13359977724628405
v -0.22990953239881176 0.29919914381315704 0.51138011842808506
v -0.25581809903449698 0.17208325549384257 0.59071501515832892
v -0.32386537598419646 0.38260690337324016 -0.17956330818072844
v -0.27812813943119669 0.073302603720724946 0.41893444622126985
v -0.79909014736634043 0.44050226938949349 0.1121496483288392
v -0.71486406187401752 0.14119253733496961 0.12323050533797995
v -0.56284464274861157 0.28314988281621672 0.28489318003500674
v -0.45749850108221046 0.35291610118767319 0.49093131042037258
v -0.46253628766514776 0.21862468456717893 -0.028654624774973315
v -0.59309984150250539 0.034060995853718766 0.045767517397100659
v -0.75154946664743361 0.37274996134501204 0.1414835701016017
v -0.57274389229781841 0.49347442688216897 -0.11021184701102328
v -0.27973773030361876 0.046767412856826673 -0.23092363360631821
v -0.5953169011606485 0.15083655706467217 0.35994548551420036
v -0.28333933798398991 0.0744912817557285 0.63286090333110556
v -0.82317546043656875 0.43418970213985103 0.22188159180791803
v -0.27838147524591783 0.11141103907683574 -0.23310932085177283
v -0.73814029779624357 0.47581231824275549 -0.030059236689439477
v -0.71429640557438523 0.095631365978674457 0.055975343522185132
v -0.37261245696041451 0.7532040388466702 0.51208783846655492
v -0.5959542290801163 0.42245396880969699 0.50000740719744907
v -0.40836725948552266 0.58450431086083854 0.53468834973573587
v -0.42551948664188571 0.222038699002641 0.49468119493430901
v -0.5260352040227767 0.3436894627231033 0.4300501442002167
v -0.23242250142091705 0.64600060745394805 -0.28477841904108853
v -0.37217586754909643 0.5528692198555758 0.54638652876656069
v -0.63497384179278926 0.62937059625852376 -0.10424977128954206
v -0.27691461325201566 0.18296844105198079 0.54981629196234594
v -0.26667519511217419 0.32019025698018372 0.47277567524057945
v -0.35688921570801269 0.55840512709885148 -0.16551814645498697
v -0.59840315162221558 0.14623989965515577 0.54144072447415004
v 0.2511213706794142 0.035549977993954283 0.21280177805190784
v 0.23125109688304868 0.028036516075157562 0.067283557612937112
v -0.039031439290390643 0.11547717809004041 -0.20007875700009017
v 0.010524621886744539 0.26927046964499018 0.63449598980407673
v 0.48705859073600977 0.60769403714142656 0.042588149514503966
v 0.081200299656140326 0.022710732098377845 0.51253648725876733
v 0.14772124356276647 0.023528051670557555 0.047080741752360482
v 0.3007491740396267 0.38495337905744303 -0.17629542144954297
v 0.10586537544563533 0.43658457150793256 0.66227771845365546
v 0.14243646446378999 0.60002759503621106 -0.25562490425303913
v 0.43315840968621788 0.49814319271079027 0.43247878548207358
v 0.16176462746405973 0.63843884203525703 -0.22468242454936546
v -0.060912791954062295 0.50241166399550474 -0.32505340358269447
v 0.16821530215729286 0.03355161841065353 -0.107567088475681
v -0.0434105230401906 0.70517310053692961 0.6020732539556346
v 0.3999903137554004 0.39466060166470202 0.45794174049436875
v 0.35506353945218799 0.29755615361580279 -0.11267501902945908
v 0.62300577589608985 0.1972613031671325 0.23015956592202991
v 0.2459621091839175 0.031167581888266856 0.34003303571447885
v 0.47236914615865871 0.13646477620764155 0.35888521779582822
v 0.14813904508827982 0.1319609849194763 0.52820556053915491
v 0.62540608907092854 0.37363843177340528 0.1036212405978514
v 0.48709141114924503 0.6887036952793365 0.18003663272573686
v 0.21586105186269744 0.4581747582291732 -0.22583905309743132
v 0.21245612092264238 0.53979338764738893 0.60693724696864837
v 0.42908204009538492 0.15899378511044146 -0.0098539158356772977
v 0.32128033780306753 0.12472220795130953 0.41627963625222802
v -0.058587026955283748 0.52056396634248903 0.68408558664574326
v 0.29188367355382933 0.02473670445217252 0.12610639824725511
v 0.53250994767017845 0.37735486902526555 0.31468363496941265
v 0.31672859211425386 0.080907976785104849 0.018184873270547384
v 0.22444956457116866 0.025071635469688602 0.31824762858227479
v 0.089329765714539197 0.029756886349636857 0.11756239287044148
v 0.2397339723006067 0.23579480002091002 -0.20842574591489182
v 0.461335199644061 0.59829056929323177 -0.024269187437393664
v 0.33917442852243795 0.26174904193376397 -0.10348902051771904
v 0.39734666993732809 0.64424462733597543 -0.07425299501303137
v 0.53657520735466468 0.12030185976808694 0.26171763366472878
v -0.088215628005152383 0.64760148901621328 0.65816836885837282
v 0.5057942640840023 0.4100791146714996 0.10018118562721592
v 0.072780451255667039 0.072723803880267668 0.36263219225719184
v -0.022380915135387522 0.060921137734069604 0.45862476298045607
v 0.51982451190255807 0.20820751923469968 0.37867452428664167
v 0.011056970551756745 0.73589922503620031 0.53696446184933466
v 0.22099578374935816 0.65974660981204303 0.5691166994155844
v 0.0098666268469230437 0.038409757393566377 0.13110510648394885
v -0.089074395230753944 0.24647111471716027 0.6198298720658767
v 0.35105732313369253 0.57010133529486351 -0.14388376705825412
v 0.26913002481864279 0.093125668733887307 -0.0027124008870497373
v 0.096509172275243471 0.75071900539707925 0.52780898824760003
v 0.55175263333188784 0.40449219984589607 0.10705785029942744
v 0.37247558204307119 0.24582629515861423 0.45305804720113241
v 0.6037961810041611 0.34559694942201724 0.3209040193995385
v 0.401166864550007 0.40866773336794543 -0.082016110451265029
v 0.027973409050145542 0.056551586702438733 0.069356208640145092
v 0.070280257707850138 0.61368930877511907 -0.27897104365305481
v 0.074335891348426775 0.035441492465850377 0.026591698742361482
v 0.021693693314434874 0.7846032636243645 0.53606300765024384
v -0.17855004092145144 0.14210119636719071 -0.21676586843404991
v -0.6300053773501515 0.03828406733545861 0.32945001551661884
v -0.41369451188265421 0.48671384408674001 0.53904322169822982
v -0.19015509071768985 0.19055655817762721 0.5607791720357902
v -0.51035567726597486 0.031382549092271353 0.13184334020459837
v -0.23412723343388051 0.56767920822020457 0.61649518624768884
v -0.40304089414895816 0.048039773567262294 0.18626525927959353
v -0.64740386715401665 0.039888292946559663 0.46700520263218404
v -0.36801908346910606 0.034392356007133015 -0.18934926372658997
v -0.2965477595656944 0.084336970166546246 -0.10140800749084482
v -0.64312045106727278 0.050441876914012237 0.29015370900463522
v -0.7422263386455964 0.35261746792838167 0.2026982061648229
v -0.31573655226522918 0.43994586769461735 -0.24400923266464861
v -0.29777562460713047 0.44715563974277173 -0.27923270647442033
v -0.86835767721939194 0.5120819436622901 0.28982161275465812
v -0.50263536720832969 0.055848812657077862 -0.071478554401438743
v -0.73317944725941075 0.04786472119362075 0.18342876124547661
v -0.43091447910239739 0.16603073080961039 -0.10720753951530929
v -0.52386172229097683 0.042344671277728362 0.55781486158787152
v -0.24585072262479793 0.73249803014337245 0.54025279927816028
v -0.66958093549752506 0.66642871999005637 0.54451966385848649
v -0.26097270704576742 0.049625046264505625 0.63811034738927219
v -0.91008087679849747 0.67493807659787342 0.31644821997547989
v -0.61949037354898173 0.15660666540641449 0.035694511958003494
v -0.4902547276322986 0.56109604855247908 0.56758243556493548
v -0.31849361781168661 0.59054034308422476 0.53882886327150525
v -0.19696265357298937 0.13888300784743124 0.6301321695267259
v -0.24967136452747193 0.1266893939894278 0.62321284390741893
v -0.33909623943144285 0.04778381159869103 -0.12979693063348366
v -0.39677311257858527 0.43523825163914714 -0.096651215638983115
v -0.49522313636087356 0.13864591074968358 -0.033171447988972307
v -0.33399988331674324 0.081881193110533892 -0.24211252172877484
v -0.27388525378548451 0.47754590489994703 0.52460831147910802
v -0.86570801111305395 0.70056158834610582 0.40074452586619025
v -0.39612881881509632 0.29152357181782362 0.50744960153225394
v -0.83275813317903324 0.47891797268902125 0.11103107641148997
v -0.63276351794465968 0.56891212399807156 -0.10988713249830136
v -0.64424323676045259 0.09729178505158928 0.26252858387151895
v -0.33779662039499669 0.1974212119504328 0.48275627019061579
v -0.56978562940671929 0.27838498008654927 0.21962846592229779
v -0.74959180547458726 0.46186339702993984 0.0015229512417946566
v -0.41552538683822521 0.14344584217802511 -0.16744862187339693
v -0.70292698749103744 0.35781141291519375 0.079072556454225132
v -0.76873723267847138 0.73808515274268982 0.48197308318656934
v -0.32239835832443192 0.15434529365079386 -0.22029814107332843
v -0.75257635116021948 0.063253373560717349 0.17445722596304836
v -0.90357781708892426 0.59768364027512455 0.23860290978689841
v -0.7539551998335482 0.071640654959526928 0.16187495646557698
v -0.34643192213231894 0.090089481998647053 0.57103335090115703
v -0.38094795104650647 0.69996656595407813 0.52970543567148964
v -0.48896506601500117 0.50896185460441423 -0.11242746549613587
v -0.54983496654560793 0.25306560856140708 0.20366255764677682
v -0.39076031078926676 0.3103453636186404 -0.04178306855846086
v -0.47510047956468832 0.4009004512262837 -0.076604221531683142
v -0.71819617281938863 0.36204754803879391 0.32856159352537145
v -0.34769849345534964 0.17716197484604462 -0.18384721968816434
v -0.52176402361718732 0.52581365761384136 -0.12245891433293027
v -0.31056400638772996 0.68577218637043014 -0.16629093377035284
v -0.55880069125513543 0.037868270970032571 0.43599375784217242
v -0.80951840219284443 0.52439496780547334 0.021297538636539597
v -0.50218381255836209 0.034028975838419219 -0.018200468107587388
v -0.32036968529029569 0.040470742332971835 0.58899682409094756
v -0.32951995625027108 0.14276494364616329 0.55473767628347126
v -0.39560313894067572 0.084046293303177783 0.5246269215710041
v 0.21296125937631213 0.036333396992144641 0.19191285758708504
v 0.27427654888580799 0.020742179885477781 0.15594564280590689
v 0.61617341227359235 0.34305900016984453 0.070846304794214887
v 0.26245383373685954 0.44228529032577868 -0.2102136076744727
v 0.29628974845804412 0.056694426299329276 0.34301673393113113
v 0.59362278297799043 0.19891230215802735 0.074525738286358237
v 0.096118746401202243 0.14624032243524795 0.57797373849095213
v 0.632332643637049 0.26172597381578944 0.10163686958508916
v 0.49369596389867665 0.3697970201022035 0.31580963827405262
v 0.23906588407454471 0.049178227732868049 0.030387071969160583
v 0.082472012692774946 0.23004347268709785 -0.25354163158740317
v -0.038199240944567517 0.39048878326975001 0.66425192686390466
v 0.2144231542547109 0.6106531540368787 0.59700751467577473
v -0.048565870871729845 0.76293851216811459 0.53750151292226833
v 0.31978483419356007 0.16185673267881887 -0.025692458742097021
v 0.28504944539410582 0.20369380141262058 -0.1582499965305407
v 0.12761909845903191 0.1507619362283619 -0.20408612515708799
v 0.24518239772341346 0.16933690631220757 -0.15851738529368523
v 0.46546506816571703 0.37335571033632475 0.35178808309599258
v 0.10009988286635091 0.023527295550793085 0.0660073070575731
v 0.15273321014273145 0.34882488228512365 -0.25256564178788571
v 0.11253935209435968 0.028585694758056501 -0.11991998972770082
v 0.30368043031261616 0.23434315114116147 -0.14139837706664629
v 0.22668441372228426 0.23459147984693646 0.56541286559947368
v 0.3738089392051932 0.14251640199614748 -0.011847466069308556
v 0.18865275775514179 0.2292208524304063 0.57248831682610823
v 0.39051634057869516 0.42974094205632296 -0.084846599513868304
v 0.20481635048465868 0.33062950170567429 -0.23100071745488768
v 0.18548343072669946 0.039190591676808773 -0.07948935206843584
v 0.29584173354149601 0.11026532196648509 0.44004264093164541
v 0.25573773319361615 0.07132462646450187 0.47320624486456364
v -0.043600553259374918 0.49088234387601215 -0.32018207338799448
v 0.6367208310280017 0.29001858956175008 0.28476034559696428
v 0.18868692123628919 0.1563892607176223 0.52232736316767669
v 0.34355343400006294 0.506895917208112 -0.14807006740688261
v -0.058545227846287191 0.57248714222806862 0.67711856906957102
v 0.2241906678617297 0.27250826245391491 -0.22167956909307496
v 0.25832812106718717 0.69833512645962559 0.55144774448006706
v 0.5123592193379557 0.16958549216015212 0.013042679373543883
v 0.5909641851223828 0.15638723181572728 0.21592937640576432
v -0.073305089187489833 0.074872922611430498 0.44982833011338363
v 0.31805503686834075 0.1901331134881008 0.45431827472829872
v 0.039626265074746404 0.31191277134809503 -0.27145214873857998
v 0.30081532731033972 0.52962695425192896 0.56360473773211073
v 0.48834396830467414 0.64616113516527796 0.29844121437861049
v -0.019453329033891374 0.49273838758313454 0.68018582562119922
v 0.41817575081528663 0.12180187862915812 0.36839117312933906
v 0.42341472635256255 0.65766378193559549 -0.037307063736483244
v 0.59528045587617007 0.17941147648901995 0.276120408536361
v 0.56418960935046647 0.27929528855162983 0.36218029883102104
v 0.47610437811602108 0.10179314159659104 0.069528048622412034
v -0.050371279757437534 0.73844505432737151 0.53750216034961273
v 0.057992361895099515 0.034539053926358934 -0.16629739279476391
v 0.10604818763233428 0.1744566674524349 -0.2252895201924725
v 0.027185941086653908 0.029520192617488041 -0.12004088117564177
v 0.35242657165693253 0.60750228651140714 -0.13911049945504386
v -0.27292298436115514 0.66087206063510329 0.55688204762716209
v -0.2341447586220915 0.33316209691205878 0.51035788240005875
v -0.61336704484712357 0.17580056514108569 0.17677379338669943
v -0.88255364536339942 0.66848663266225694 0.12882798641849463
v -0.64740161171225319 0.035610644836715472 0.028732584546863709
v -0.52102235218162662 0.33579130075226421 0.42228190025594953
v -0.32619438338659706 0.47143897523729839 -0.24631373465880055
v -0.74707962824165752 0.36417970680317757 0.16152843353472779
v 0.34568520215910892 0.287149127811829 -0.11698061795817502
v -0.60061844673219666 0.033639478086776795 0.06787962579052037
v -0.60623325412495643 0.15178744219552767 0.5310863332832555
v -0.43587830509561465 0.23877388795088045 0.49248412971649957
v 0.095035205009849577 0.027887634769690715 0.14277743422722397
v 0.15257258865172493 0.12107722071306001 0.52793220657980744
v -0.51308660574091158 0.19563033060897175 0.4697090710026306
v 0.08680133087658061 0.73968345612219188 0.53470574707198937
v -0.80363288946754907 0.44915691088610926 0.10541808296282452
v 0.41472316124384995 0.61499549341312354 0.45849485576671828
v 0.41288249261616483 0.15737233349502194 -0.011810688110143847
v -0.34898937450106188 0.54769521320211267 -0.17699475362598521
v 0.57155625875364546 0.40523458234491094 0.1093212192116241
v 0.014071791942229624 0.77276692791224577 0.53997447897707318
v -0.31523151873039218 0.11669575225894142 -0.23760422990480803
v 0.36269244416339624 0.30979745463992403 -0.10753985604867203
v 0.38716620852989214 0.6487061013943316 -0.082093484332547081
v -0.32807200965008798 0.40232555837783746 -0.17637150819278341
v -0.18056173956443414 0.13142258566114934 -0.21661278875434092
v -0.83026897766498553 0.6636456997099105 0.011497682058310836
v -0.21968609953915483 0.57375096548622961 0.6369510271772868
v -0.3781500061760763 0.27933626330637423 0.50377287048379871
v -0.33409370185841253 0.041749240321511574 0.43636712082810064
v -0.42702662106184208 0.17513393940678795 -0.084184741489696846
v -0.69534233721659744 0.13185037340224703 0.072438958964749584
v -0.90180381480549043 0.60278483968260355 0.28393359177115157
v -0.36607694448471639 0.15601656111076445 0.50222625579144209
v -0.75063240857459024 0.44924531491702502 0.44002086985696387
v -0.74699587403168199 0.049414232708781175 0.11333994185885032
v -0.41239006649430648 0.035044243862699102 -0.16371518384328057
v -0.28479647425003984 0.13755364608703094 0.60370594332993122
v -0.74810292007949597 0.051731108990621742 0.16299090049502474
v -0.75920550707078782 0.59014742252539076 -0.062469567539041738
v -0.67064283791622326 0.10052903416829062 0.46802772677407473
v -0.64705231212577963 0.75084802213050184 -0.091484205928466913
v -0.53099917717738698 0.56684643637450938 -0.13626431972520917
v -0.67634324715862959 0.035341859032905432 0.094134631145180211
v -0.31451768853121143 0.13081742174741892 0.58879029894401547
v -0.55360679386531575 0.69041504416048138 -0.13440033207343052
v -0.29230247724728387 0.38093899515736945 -0.24123157346159255
v -0.60622339864805541 0.58537028186187579 0.56751737454587348
v -0.20264709577654114 0.58769369195356103 -0.32173805999164845
v -0.48769831475353054 0.42605459655866923 0.50898795622880444
v -0.55751963050135889 0.30083606076926261 0.32995235341915763
v -0.64307607711669013 0.061111396084171009 0.29052563298721218
v -0.33283332732451482 0.69570020491670692 0.5408700578094503
v -0.8569708126734138 0.50836536718275616 0.12450211890655288
v -0.3384541484615366 0.33304570213113294 -0.083587203651599135
v -0.22763807919749215 0.041328791386097706 0.63375276056283802
v -0.62960033446100205 0.35192685498004295 0.034725504565027841
v -0.16398403585348287 0.5257869772730136 0.6807254974737309
v -0.24114654340065148 0.055328967330267015 0.50135759038720196
v -0.60870696587912998 0.17281688394536909 0.47693613551446018
v -0.2758921305157318 0.073161882152506685 0.14509060287309619
v -0.27134539886617487 0.17052332864848097 -0.20832603853226137
v -0.76670802306210317 0.52197583047681462 -0.028529337434050932
v -0.88681508049054825 0.56389385800012781 0.22253918626127944
v -0.88879113228839413 0.60917350522120783 0.11392295773797675
v -0.26431559467422544 0.076080404162377852 0.10262196590535744
v -0.90097922693414279 0.59077662775354811 0.16528846732889091
v -0.60981587330663189 0.5284326751428674 -0.11371419700051959
v -0.20549494755973408 0.076969315156808937 0.042987291545946632
v -0.29781968830869726 0.31205613240314573 -0.19809680054599613
v -0.37260454428244588 0.30831407094419605 -0.041927432635529165
v -0.50311141270511628 0.03699824794838541 -0.058518929956635629
v -0.53117046304760684 0.039890604603578614 0.18699892097206819
v -0.24280242478188335 0.69051977732128833 0.54224837020382188
v -0.39853256981816476 0.61022805937218527 -0.15345388883244049
v -0.49906714041336858 0.44688753834806821 0.53071860568620388
v -0.35416052045210444 0.62253848498208464 0.54540378532383926
v -0.43807176978658319 0.4246598741436734 0.52927022191111828
v -0.65249245878596362 0.33376646155813627 0.34124646828768679
v -0.2656749126471909 0.082315274503408059 0.64079909265437418
v -0.59730241215909619 0.034411139310638356 0.29814658268385902
v -0.19144149885733269 0.19801782874633203 0.55226723512052978
v -0.75578488403593247 0.38265604027891398 0.12134733410093927
v -0.45333550439359532 0.03772877364079285 0.33369729948797183
v -0.4053236566147887 0.049620896271797978 -0.22916617128852881
v -0.42939283856270488 0.37945773444514053 -0.074703904106670049
v -0.50196661550844934 0.42053333853222219 -0.067739968285115165
v -0.74461557770454589 0.39770513893557563 0.086520676136279118
v -0.07820629382259392 0.76086117564615274 0.53612652663717764
v 0.30735679380265873 0.17888509340673861 0.45714054306744079
v 0.21474899066784442 0.3104376234203699 -0.22171637026558513
v 0.45293427210681692 0.33246909611013276 0.022976454784758731
v 0.13103773660407692 0.30248135461820813 -0.24418565099505229
v 0.49509780498224659 0.3008037497509648 0.36692148962464749
v 0.11608808763400753 0.70560485323356947 0.57011112217908178
v 0.16936867222711915 0.27441262750316125 -0.23967263610321518
v 0.563612551779057 0.13105855237820849 0.19101462017791823
v 0.2257812864577444 0.50873815380525034 0.6148132895069317
v 0.6088982303157775 0.1946563327491212 0.10936081483279973
v 0.28446680884920217 0.21740458899170639 0.49877173463561453
v 0.10926437864118738 0.026212669373326558 0.52372517341131353
v 0.22353530708334468 0.14980226895242554 -0.1497493915297573
v 0.48611515155017954 0.52739799788872388 0.34051988751362594
v 0.040997682945902121 0.33153967476076496 0.6642286099866197
v 0.4591547846042846 0.17626185759917662 -0.01396458346374729
v 0.062137834578165761 0.24171127258320804 0.62853413396785585
v 0.11245948045712729 0.24190562495271234 0.61863558089540982
v 0.51817560162897147 0.42362626725474095 0.15995916720600264
v 0.39753143040754801 0.41605725187648845 0.46712817275142898
v -0.065672026992497329 0.15786456711487704 0.57192200157512196
v 0.20645525363807396 0.08772497325520745 -0.12756561711278933
v -0.013678444941789734 0.068287972624640328 0.26549195064938474
v 0.070339080260141837 0.11311304088864252 0.54235158966857033
v 0.38192803755449023 0.18255782354915315 0.38775669718883432
v 0.26676666806567523 0.159681096349922 0.47528900335765656
v 0.06980220441913787 0.024784501411057886 0.10787441846121629
v 0.31525283803260612 0.51266003388818659 0.55175413496337145
v -0.039449205309606036 0.073937117805492072 0.11594023794182326
v 0.27480704496950148 0.059011527461337109 0.38841445584676149
v 0.045269030846410915 0.17681227848481912 0.60709446962594038
v 0.120652147012792 0.57436383394704593 0.65774947202846035
v 0.41737074017534853 0.084610544283146516 0.32143782984040586
v 0.33474581793875857 0.20047237406102056 -0.058980232908606968
v 0.49995234239650677 0.56121881188835943 0.28946588434900572
v 0.38079466085105657 0.25410190765302915 -0.049824257287997747
v -0.041889892932426898 0.32291681819950846 -0.29624423395466826
v 0.014625662352895141 0.63367511884860395 -0.28517080470577738
v 0.488363965135379 0.24907510362302845 -0.014494718138965756
v 0.40185176999904126 0.6683057164715771 -0.057639497380678216
v 0.25527835502159985 0.54865686731702212 -0.20557299121748235
v -0.048773589811801292 0.076728818542338054 -0.086644935251216734
v -0.058652506507347671 0.032022749135200715 -0.16178886044073787
v 0.04653927124343997 0.24403565446230946 -0.25331329751304871
v 0.17722109176521589 0.38025318663734542 -0.24901817647512767
v 0.30451330483337169 0.15379006421725061 -0.038210160035220576
v 0.20560399269023605 0.073262921725436123 0.51624518859658364
v 0.24605928286519785 0.57451985710291964 -0.1996817497559458
v 0.54415813708499272 0.33968649416316826 0.035423665197517731
v 0.3304525051609255 0.4611183405030474 -0.1621844579696991
v 0.11996951743337128 0.68131829667527377 0.59297086427631629
v -0.11608947316502259 0.71214779114811466 0.54674938462838418
v -0.074424732496325335 0.027825682476901523 -0.12843723555723455
v -0.86199859794089395 0.96538419150676114 0.004470355778093381
v -0.42413891169552725 0.035830992106770841 -0.19766935696860863
v -0.51875804176918827 0.42648391270246727 0.50783198857620182
v -0.26901150428680587 0.069060084681237394 0.17420825685427033
v -0.34752117052409554 0.031225861655086631 0.28455132112664527
v -0.25321635954247573 0.6924984012698906 -0.17884702607140132
v -0.37963669760776225 0.15940387563723063 -0.19720376144616961
v -0.71352978176957882 0.67406561546720001 0.53780047773324624
v -0.2548602117555589 0.35363984528439607 0.48747586066222715
v -0.2954665669622536 0.13913935809057215 -0.2295338344912973
v -0.45828774918418153 0.046143199968717928 0.25383982136131228
v -0.91381279007026117 0.62480894900290596 0.22275949090293093
v -0.20709556995197617 0.056265324421395063 0.64036989725453719
v -0.419730922314625 0.22435794668451431 -0.033633589974100438
v -0.25579402402841961 0.47077534709311458 -0.31837920455941737
v -0.30249864652595343 0.39219229125189509 -0.23245655445762858
v -0.54808874960138443 0.23715978573157495 0.017307514791748409
v -0.18104726608444713 0.66482358225891047 0.59682426739793148
v -0.25607934269816968 0.082968918396736743 -0.066444015358493064
v -0.56131137695114997 0.4679644661399176 0.53811273703490003
v -0.31768701583988579 0.16793016398673141 0.54046635430064327
v -0.65465769114474237 0.13804814437579915 0.45716560518212818
v -0.75446576792208608 0.77624654534319415 0.48174355674348468
v -0.19646349412354611 0.61024821542710883 -0.31640726640694439
v -0.86690925596063351 0.75905552068599136 0.37728978238918826
v -0.22102005887077913 0.11549839778317585 0.64004337221908536
v -0.61297274315133921 0.18472772995328471 0.1491890246659065
v -0.47769373740340754 0.039100943500708064 -0.13087466576183687
v -0.35160896745309433 0.041003553062017875 -0.13569657690446751
v -0.58190425746142882 0.18345840125136328 0.19502305313772172
v -0.37820295021576672 0.084169762622355454 0.53608368536036743
v -0.29480245192429971 0.20292696005283978 -0.17574201672085829
v -0.51218962418867131 0.047355858249532569 -0.058856526053284147
v -0.39773192715200328 0.66593555099630319 0.53217615782384831
v -0.58941062195541605 0.11031559080603534 -0.014354171370580031
v -0.25373438938206816 0.39821756348619508 0.50677163801239167
v -0.79561860032523557 0.44201878306878434 0.3531401635764948
v -0.46253125288574526 0.035686352635293538 -0.1493186838443091
v -0.53259621409919589 0.28093687374039478 0.32031042708460278
v -0.71202531742146924 0.48099228386822651 0.49438714427985442
v -0.41733494275836613 0.42116230873660476 0.52914114677041935
v -0.30208298714161358 0.57184472040089818 0.52977128625753578
v -0.61104637413568585 0.17350445942626602 0.060756237971318537
v -0.38873885701210431 0.067998310006016652 -0.055671460268259358
v -0.23351887965258436 0.47781456533290267 0.60096590203059164
v -0.30759203141008956 0.29337349835913085 -0.14863692308745546
v -0.54100942814978781 0.18655377677440782 0.35182424219669173
v -0.27354163702178413 0.071226209674739346 0.44463821228869704
v -0.49571234840065248 0.032837558073269539 0.055449931283826401
v -0.59318806627183418 0.59760056356800439 0.57025622263517595
v -0.21464134811786467 0.27302267257675972 0.52983443298495125
v -0.26775187192394972 0.28789546951674139 -0.23894898086349875
v -0.33489318209737634 0.16627744116692034 0.52506910094867876
v -0.63970756625633651 0.41161239548595896 -0.040498133374783342
v -0.46863799711757631 0.70813313110515341 0.55125449703725871
v -0.75126183115305112 0.063831007167609546 0.14107023890397771
v -0.38393709825473055 0.048403386841258902 -0.09487440038588614
v -0.42819097871508172 0.58196204781570704 0.54842657264582384
v 0.40629859392079409 0.60768611945482387 -0.090413717687481909
v 0.39219716300490787 0.31038374624496645 0.4625525801588522
v 0.42231965407219824 0.27533244655956468 0.39668137413322124
v 0.082122739882709683 0.065424253252517273 -0.03329238284401153
v 0.50533749568153852 0.57628230683277482 0.13702506213296864
v 0.21776045347896825 0.12310892123235065 -0.15151448276245641
v 0.02275912992760689 0.029618465011443343 0.23739045448786331
v 0.130999009251378 0.53307218588410277 0.65350639184537862
v 0.044566377312080831 0.66979220596891864 0.6388378813636798
v 0.65741431998277744 0.3090360361419569 0.20156665660726789
v 0.41205564354469953 0.54971483250979092 -0.10327000405249168
v 0.4584255913696697 0.48763709630414476 0.39165232273371337
v 0.51425346997480703 0.27542299589575775 0.38124639918102732
v 0.20296495569584097 0.17218612736012148 -0.17701075443404476
v 0.62861032185663002 0.206576388016212 0.18195421694636468
v 0.05299981035732651 0.024009939517827036 0.10312470805850552
v 0.54924398814176378 0.37349991783522485 0.32051712156975171
v 0.032993951324665517 0.70230520020018095 -0.20845199251089136
v 0.1503283926508113 0.30690093409675179 0.61451847377421087
v 0.11573711683835403 0.084272937237172926 -0.18194151501681591
v 0.13806731028440408 0.62185857149320478 -0.25017934316851437
v 0.061250440953685606 0.54400246182544965 0.67532897579373252
v 0.4363138057585611 0.12268128170984988 0.36578837838437728
v 0.44175179864859004 0.34929744978659577 0.40409021515534282
v 0.057727112181024644 0.36467569966457475 -0.27829234109618223
v -0.018956160218775622 0.082425915274290967 -0.068416476952461544
v -0.070030504659745724 0.58833536179618473 -0.31646241886760296
v 0.35968743173998347 0.19206912355008593 -0.018943495323629718
v 0.33342367086423191 0.50318676466359968 0.53239723387859095
v -0.097338267423975069 0.72593589678729575 0.5391819465328066
v 0.4149286957354183 0.29713709224073243 -0.033532883702892237
v 0.43502731527343469 0.53715181528567668 -0.07064025735735055
v 0.25473107759345637 0.28573403873317454 0.56306814943470296
v 0.2338613585097363 0.48812675734717764 0.61541635517163695
v 0.20737055574316296 0.19720851726326413 -0.20120542519506573
v 0.076486040857725229 0.034114192525387325 -0.16686607647923818
v 0.28796452003758888 0.70857900651690009 -0.13483605808335208
v 0.2265383909245855 0.72830849495886019 0.55099287519747209
v 0.21473601547360724 0.40380582494196804 -0.23825188583539292
v 0.35906055465117165 0.22840057319951873 0.45243807086668958
v 0.39254388067985391 0.33881079510901019 0.46704200039554439
v 0.48089286965863687 0.53074819322276423 0.040734266221499567
v 0.37713803190814377 0.65861173151610486 -0.084623961029162184
v 0.066202433061000654 0.25955254398158417 0.6303876507572439
v 0.18771262318499846 0.04608879951696955 -0.097225542865631787
v -0.030064069911840578 0.18619283501668984 -0.25330611776133638
v 0.069715746544278784 0.028592488224653087 0.05224715878145305
v 0.57506553837893659 0.25373630679304493 0.35430071292866044
v 0.29116603806648339 0.19373091804904977 0.47233566430251056
v 0.35030734495936988 0.13238462764221243 0.37953238332426109
v 0.1629688689132858 0.66668806820958837 -0.19442100743286592
v -0.022530494433277055 0.64230332947464952 0.66275598614496378
v 0.011499720343273435 0.45819440151606139 0.68928279655958768
v 0.21275477476301094 0.41211782076952902 0.60512738035145341
v 0.4658934091460189 0.43863564749322714 0.0085991867922510443
v 0.065369030159554586 0.56347451592242204 0.67242227828792411
v -0.026106054900000626 0.40422847978476079 0.67671268520902783
v 0.6148398938673868 0.26097918049826235 0.30653324335068105
v 0.33706923667445238 0.5334434675215084 -0.14746457563610027
v -0.23359812481349312 0.051159931924949935 0.64217497445624383
v -0.41128460744519979 0.18349117176878263 -0.074299192683678558
v -0.84691372911525042 0.50331476121063257 0.10786351761118977
v -0.18497565006166986 0.59111168608156361 -0.32665085670884175
v -0.68811470924759144 0.036191504706763439 0.12267729492657245
v -0.21524868113683121 0.58440601264413727 0.6372261549381858
v -0.209820988315122 0.1791885624636117 0.58894236682444878
v -0.26340244354232062 0.07408487305632333 0.14735517730064468
v -0.418263592826498 0.62149329656308505 -0.15145822006650769
v -0.043031387306542268 0.075461263551755184 0.084125083595332231
v -0.060295632743956884 0.31846904674130061 -0.29919325985612399
v 0.11712183425741934 0.26060368983271337 0.62128343613428794
v -0.30493428451452376 0.37025777066818388 -0.2224829195667824
v 0.482201474152126 0.50565203809307591 0.34520003529461812
v 0.57384830261405206 0.14015950951763068 0.17378273091597055
v 0.52296386811942464 0.34810483533389941 0.043343721112929029
v 0.19581594635542468 0.089055101140481374 -0.14583964025084806
v -0.073329769999837688 0.032253565211666099 -0.16329363809684211
v -0.90502268734692215 0.6133315872493702 0.3020649993310488
v -0.44988413676296085 0.035508135923598999 -0.15433495648074297
v 0.50373113495177269 0.52215316947946744 0.27236913575158578
v 0.20066336279169075 0.29615406187117033 -0.2263496123393855
v -0.30211100050868422 0.33553050605861989 -0.20996278889463185
v 0.041146872257022071 0.076207623044067682 -0.060650612524141514
v -0.01579757691664355 0.62249959002927913 -0.29897875219260844
v -0.17822709364034939 0.57622534076191156 0.66583103832507629
v 0.052374892559860858 0.22977507315945503 0.62954932489767301
v -0.63171734861483175 0.75544376751593334 -0.096905819130622656
v -0.2878309768800203 0.083409585839841691 -0.061341967131627505
v -0.91579158306249631 0.65981551175635389 0.24733660347053327
v -0.35750669133195268 0.48817357239678011 -0.14618361213639083
v -0.43322750253504688 0.56523749698823011 0.54728673268054384
v -0.52445920303738236 0.28976901125844023 0.38655432826231956
v -0.64075580629529927 0.06803660673017789 -0.0097840827071540952
v -0.57644943000358251 0.03719482382710261 -0.018680563880295462
v -0.61288306484408239 0.092425083156643772 -0.012893309869949925
v -0.67397769508590988 0.32525124117404097 0.13543759599816921
v -0.40901011049792391 0.19874387275015945 -0.04023834704597265
v -0.78434833343640264 0.67407161629221246 0.48086944995126618
v -0.29774734256900431 0.73879418320932599 0.53100394819770358
v -0.53870219193663083 0.51197572391052182 -0.11490461026801053
v -0.47255219312055247 0.11472133389882321 -0.097830227519098867
v -0.40339952562041664 0.05432662397834704 0.53131237268561038
v -0.7055142836105559 0.11499172020970209 0.066934494806948186
v -0.61228572495956812 0.65123115223188499 0.56935422730614904
v -0.52034970356052168 0.03352498274293008 0.35887712169705072
v -0.57222937515047745 0.121848983256369 0.56726557953539669
v -0.73026590848159889 0.11646255166903854 0.1710194446305463
v -0.76676690758439914 0.43403729233187743 0.39946394294803744
v -0.48383404632644567 0.062215822120464295 0.56473725635121341
v -0.34622727492304062 0.11304034001856639 -0.24023132311471385
v -0.48650491213584546 0.45343599967187653 -0.085597787128965236
v -0.34862334338891965 0.46771854111974787 0.52596505855838727
v -0.32022769853339644 0.078946201305751917 0.061582367420424076
v -0.90768354214637814 0.61691571485734187 0.17315040988448416
v -0.59482541989407411 0.62636672434817275 0.57148964060232676
v -0.23745468141268827 0.21403299855137056 0.50679422519065553
v -0.34113917972891522 0.65147701501167132 0.55210803927304841
v -0.46549556414431409 0.56501466133302203 -0.13421175125008825
v -0.27389992402175234 0.032549636014028709 -0.16002316677819697
v -0.40376570489090924 0.6608194669982197 -0.1564744209024061
v -0.3961544998971282 0.041645959618143338 -0.095534021618638151
v -0.35165398685849442 0.45961048463768833 -0.15588700218262549
v -0.56399005126252821 0.17991791033614082 0.38736347672395982
v -0.69197935641302977 0.68821995027421823 -0.078198162356283657
v -0.49892079813805457 0.033031466337959156 0.088595540437977641
v -0.7356507634147349 0.10248084128416617 0.13880686446943022
v -0.48504468042143994 0.10679803163615294 0.55230964965270246
v -0.29324038662832247 0.57520902709067601 -0.28751592045525121
v -0.29558350099922376 0.39622979840165801 0.49748715776480967
v -0.90955599103929463 0.60967371176061291 0.23419487393029378
v -0.22014689032416007 0.20055726015793315 0.54038336342628146
v -0.49515743523237821 0.24640104509284233 0.44740225597335226
v -0.88068853443966566 0.53038478301297576 0.18248490633002079
v -0.41310395426750679 0.14076044778390107 -0.17232781002133157
v -0.17843301403723233 0.6324146086280652 0.63572440409164599
v -0.77874507913758706 0.7693698704883406 0.46266827824333173
v -0.36216801592476622 0.34921870025820267 -0.063899356609477806
v -0.24114211369937155 0.036009858174500406 -0.14574313309589806
v -0.81597236748987045 0.44182024042812407 0.29673881963113491
v -0.39311085964438824 0.19301749301018936 -0.055669507165625166
v -0.74400768047393084 0.4658670262102404 0.46165943624740136
v -0.5143682933377286 0.22860393198148254 0.24065138456168761
v -0.54538191604193653 0.65752374472696773 0.56656548149918196
v -0.50238947966403724 0.081630869757669602 -0.056082011862847787
v -0.87600883028773058 0.67625184030051477 0.083826780034966519
v -0.44068229785372848 0.12080182123300676 -0.16470633180844119
v -0.5888095567192998 0.033231625298006461 0.22724719401864524
v -0.3075267061981275 0.33128476130949347 -0.17716069573406179
v -0.28857587331368151 0.56921618914176242 0.53402442953739737
v 0.057532973618071026 0.02907232969017581 0.063329435408363277
v 0.045802313986249767 0.50952991405678638 0.67318139793232346
v 0.65002810538352085 0.31186052604105352 0.24930627611359293
v 0.10986616366319324 0.21703140123396064 0.61287834607783309
v 0.29702383687987793 0.59607450145010921 0.56133299558598504
v 0.23358655758770891 0.75347400480360183 0.5291441152803229
v 0.43374562806354994 0.48883040506827746 -0.045218097815566627
v 0.1447519815356029 0.73153912654610131 -0.16741393915680822
v 0.24385900407734565 0.23063470191372409 0.5554236109356574
v 0.32424996667197992 0.22808959839677587 -0.10727397256341271
v 0.42848261484502265 0.36587819179839515 0.4251313202400927
v 0.38451597373010177 0.13918334128630863 -0.0098058625760780727
v -0.04498455423482213 0.52850535178300295 0.68160770122100423
v 0.4472319741636967 0.37475399927433212 0.39348964485782606
v -0.057952945393445816 0.11456951003446504 0.58184614106876642
v 0.03111684611118681 0.29054268608021344 -0.27358999876697898
v 0.072213452560280875 0.021787242275231749 0.2459874707997603
v 0.095134078750937018 0.65806171288668824 -0.2439704274510594
v 0.26018126093417043 0.22566920818077418 0.53509134907280687
v 0.41982323855291992 0.55285861498394395 0.44794795369573348
v 0.13516929152533699 0.029368572768881253 0.52267379533593339
v 0.26937909013634248 0.20452052537928278 -0.16883876428932015
v 0.18563160694541991 0.22907808615586711 -0.23087633790847439
v 0.20225165783266313 0.47815277330594208 -0.23063381550999568
v 0.56440390976299193 0.34630652132294987 0.045248803562426033
v 0.13317075404526035 0.33970568841482152 -0.25548759350209566
v 0.41320282953071208 0.28528654768374673 0.42376063700004313
v 0.38405237612823778 0.545355625299905 -0.12917756225028348
v 0.12429335187751989 0.041135210971248518 0.36397225686102225
v 0.62350164626986171 0.24662523459152749 0.28982635995297451
v -0.098410353760196467 0.268482587626861 0.62521561080232724
v -0.0096923896565114017 0.24287874519132902 0.63590183170763304
v 0.49189551304115164 0.59717660652105342 0.055254430173482076
v 0.29736916600524677 0.72827318995198886 0.50962343108104868
v 0.64669795081256387 0.38107417292625162 0.20654251460842563
v 0.089111466989680449 0.41865234376702759 -0.28259311277106725
v 0.37368389142735914 0.13342353405352203 0.37024819354910615
v 0.16255315621295516 0.12384640742885701 -0.18973655449243282
v 0.40751140987000961 0.72326884642088773 -0.040566032849117868
v 0.29352639298591338 0.027645839331935922 0.26001103522426222
v 0.07673902892096672 0.49907897428955666 0.66229430166238135
v 0.31016627495444166 0.44664210433792212 -0.17706117500955298
v 0.13966694246903258 0.18244306157587392 0.58279082180054764
v 0.17537152168987205 0.33988034619791568 -0.24539999280279856
v 0.45962775049053517 0.58044550299999931 -0.030067403117142753
v 0.3164441952409347 0.37718919374034887 -0.15397764892072022
v 0.38407562648338089 0.28439084632068345 -0.071374413942927761
v 0.53110023077351431 0.31590040416293153 0.36130825232669156
v 0.1620038835043621 0.1426993708131172 0.52760334648828888
v 0.63388813279047518 0.22280764862755001 0.16601442542130565
v 0.39024149940850789 0.44873638149249878 -0.084120128393726956
v 0.36694253160560875 0.346930726327765 0.48181059785179114
v 0.030753048980424223 0.22822468559856388 0.64160475524459104
v 0.35204002385068617 0.36679065476598133 0.49345414684602218
v 0.18714026620852836 0.64150906885921877 -0.19837304111250051
v 0.2435031693603483 0.44473415814309025 0.60420503100760115
v 0.21579171447579651 0.08364155766126849 -0.084215847943855365
v -0.056959099497304384 0.5533337541820148 0.67958914383180891
v -0.003304594181753562 0.38891317012918014 -0.2889325043719112
v 0.0032958965527557955 0.02954176916631299 -0.14834484835995401
v 0.36439099586504087 0.057176494795219829 0.296512850560952
v 0.24739182593975459 0.76148795981547979 -0.1233963239733351
v -0.089101508123520634 0.71815348745786578 -0.18439809643966451
v -0.15887943485467768 0.077164319343976426 0.47584523390025668
v -0.15765325735630836 0.55393618055384586 -0.34045568930580056
v -0.11370136291217779 0.082411551025366001 -0.045110643137601922
v -0.439776970578587 1.2294198775750345 0.17826051095726067
v -0.4846379130230295 0.12112437821607812 -0.043698038712237874
v -0.42588960841638845 0.073203340234334169 -0.22255661888836517
v -0.52431799368271315 0.26214649619903535 0.24739807410542339
v -0.22247198675469446 0.16021751462691902 0.61327229193521138
v -0.40096917993543468 0.21971953220385854 -0.032517685171007636
v -0.28610688188430511 0.16069224980116262 0.57836691984211663
v -0.72492642598482893 0.34881554092355932 0.14580266146691867
v -0.35566770299424921 0.13158037123334601 0.54062473259256061
v -0.20117306177831198 0.64735936006838868 0.6000932779381144
v -0.63722737623259418 0.038628653762784501 0.39664661788503608
v -0.78379448338549607 0.45414144201281959 0.035124979775830401
v -0.52891856934660642 0.20405760266025522 0.42163834122767213
v -0.64589601243669137 0.37001081287958776 0.42231349451048583
v -0.60334309409796927 0.19040349170633789 0.15144305094171459
v -0.74137397213782186 0.41485577969522103 0.062145866450246896
v -0.48081307302207821 0.12904600723022205 0.54334099516594736
v -0.59769440774972338 0.096937663933092319 0.56761978947108815
v -0.1820971599244039 0.20813752904319308 0.55973158767921716
v -0.52699040797977348 0.52152234086144234 0.56219283222514671
v -0.51367472611275278 0.036516595585815922 0.38703619885887297
v -0.808997896174806 0.45995761282544428 0.3524254422907831
v -0.44148682544562196 0.32282768758966912 -0.049502110554721604
v -0.32804705698098069 0.057438273919282128 -0.24194047989829975
v -0.6833835747706033 0.33733066041656223 0.32595716887704834
v -0.35245831854959214 0.028640769961389079 0.20490197864802806
v -0.23557873814998664 0.43959433846083618 0.55981176655678133
v -0.589065227876578 0.28511693949744543 0.16019336052639302
v -0.54103331292540857 0.19511809350783774 0.4194558052595338
v -0.31605861611474878 0.62417933754014854 -0.17807853918246361
v -0.41543436870854106 0.043259034640666084 0.52638903323602448
v -0.21901621887335507 0.069493859525853213 0.32853161682001769
v -0.26792674396042471 0.56714723646933418 0.5572292364940894
v -0.5455784538359163 0.23611123348662247 0.20798198606349927
v -0.25083225464528996 0.21020111732083119 0.50449691114788309
v -0.6293382556539957 0.13787421457760884 0.37048059177617537
v -0.29646234493867346 0.437061626142975 0.5057933603724396
v -0.38759652818643625 0.064966257175738451 -0.24281306572480779
v -0.39812476014224046 0.55940534792734498 -0.14194268688837031
v -0.36810388193749127 0.19757139387814657 0.49225151735155814
v -0.91281779493051485 0.65301274392059561 0.30740904502788674
v -0.58770000284148405 0.24600839235823119 0.12233378380743871
v -0.24987854663397549 0.43633569477837747 -0.31561147827245623
v -0.34756878992142692 0.029464089595425558 0.32901628156331725
v -0.34564197398656749 0.32260448203968711 -0.064600611962319671
v -0.25743522165337396 0.083365897315745327 -0.098436509709139114
v -0.77439692996281029 0.80693436284555464 0.46593131590066789
v -0.69058567317530184 0.31771769320102883 0.2194510729749716
v -0.83553962887256072 0.68667737069819634 0.020899751060442388
v -0.26039631342671421 0.19857739874387131 0.53810430101976292
v -0.5495136035938305 0.68679870763233908 0.55292854037674055
v -0.51521258817255755 0.11167689466708268 0.5661530998282166
v -0.87481730793524304 0.51634779784650886 0.23920929594698043
v -0.8407939645550937 0.53963757576579618 0.062016964626510587
v -0.72767570915158841 0.34327065370567122 0.25906548844756283
v -0.61493664330379116 0.41312856667089931 -0.053172943031607585
v -0.38023693091740485 0.39396843472379983 0.52261851606476972
v -0.64631092075618912 0.48986269821602102 0.52744986131138649
v -0.7409734853773513 0.096722603891563078 0.13082335593351646
v -0.59888730147898595 0.20785955182452631 0.11739251511762919
v -0.20555726882527409 0.030273956175087467 0.59296815701556727
v -0.34412650129224021 0.21120928384999796 -0.039933507055711484
v -0.31106683913929051 0.03854054936503537 0.31143281257622668
v 0.33328577811603438 0.45207556550978734 0.52846592289047623
v 0.049535121353586335 0.1975321680258926 0.61908785330042337
v 0.24474101468870693 0.73079697754098238 0.54100055784765289
v 0.042450109445710281 0.16171460020854281 -0.22863114953052552
v 0.17721524770498615 0.77116228832631184 -0.13383034895827337
v 0.5043454968129335 0.36314353691271645 0.32023407086572997
v 0.21814049209576578 0.63978981555422076 0.57624885145263183
v 0.31779010058287105 0.27596521195491946 -0.12946653605845285
v 0.42255919791539059 0.40325644730439425 -0.063853303405307205
v 0.62320569565396855 0.28250695018308802 0.074236855901811172
v 0.42843903952283863 0.058412033660950977 0.18848289026154763
v 0.30440930717666098 0.67967726938971718 -0.14093400122869831
v 0.31247947530077386 0.73004755428051538 0.49418379963725501
v 0.30758530944177009 0.62507330359586588 -0.15860797655375425
v -0.031173548320289648 0.60293122280413747 0.67466098730950719
v 0.41614560570679066 0.11854453747878076 0.0080594029498483304
v 0.33278275615865027 0.43775980894624661 -0.15772682784440353
v 0.15005273743030878 0.024094201725749994 0.41386065193314253
v 0.58036069751630259 0.21800634435660493 0.044681336582630772
v 0.1719403626854793 0.61217361097634071 -0.23428657473131645
v 0.5944339132577291 0.36693209016494138 0.31400720568690621
v 0.46573379593004377 0.39581033061608945 0.027125342916901034
v 0.60076731378051473 0.417815469980859 0.17490821781985799
v 0.47499209017604882 0.66991334825277227 0.060394388968818907
v -0.017906340119954067 0.17999574481073949 0.60378614421945831
v 0.46679049618358359 0.62829032349134195 0.012779983678619022
v -0.023133370991100733 0.37829725898577121 0.66161056296765386
v 0.48667039565182357 0.59246721109955469 0.31899697607452143
v 0.44966260370863931 0.28035958890486185 0.36895261795496354
v 0.28383035400081918 0.33477796503221069 -0.17449906369810214
v 0.26743169760131658 0.13519634307220163 -0.076574087191108281
v 0.32408686648255003 0.30222080041874566 0.5128927344165719
v 0.087288495910408437 0.03959268984149613 0.0010901882086099004
v 0.28998042975024385 0.29616572951544462 0.53066067526401928
v 0.12213554543219485 0.027702425960234627 0.33828577033354312
v -0.063430629942469327 0.43879919638850384 -0.30997625581051524
v 0.36577483008720685 0.45699412219504976 0.50806137802986218
v 0.46428531725681743 0.32963308203111163 0.34824254504696528
v 0.39522184485382889 0.51055640288493198 -0.11095013012698611
v 0.26162566208305027 0.026254572250712691 0.28400502864037197
v -0.00025500414373695796 0.059375309680694897 0.25710054871001198
v 0.31486578734831827 0.22606606982442048 0.48280972036455094
v -0.06310789203990938 0.026200272343618037 0.52240308896582521
v 0.46731801280440816 0.73229349486909168 0.096719702904478483
v 0.16497899945073247 0.13078068080668845 0.52354305588736161
v 0.26672252345293673 0.14996936467059901 -0.1174930028155919
v 0.018787307336415461 0.18844732851671733 -0.25055500125564945
v 0.36946231352329978 0.040776170319337834 0.22603910462873608
v 0.50437484713314029 0.49816079521026402 0.10730065018058726
v 0.16403283338378424 0.023380956372351734 0.070284373610045497
v 0.40169183579813406 0.24784279831813463 -0.01102476923065848
v -0.026166590364305849 0.28598941884044649 0.65016609532669134
v 0.65653986545026044 0.3107321014321911 0.1567942022365976
v 0.43524892762281708 0.7626466633894059 0.05865228615098006
v 0.23325682620112828 0.12674245123596109 -0.11368060189263864
v 0.15447306685638112 0.3201698070896416 -0.2464257995664848
v 0.13681248935433368 0.63609633131724463 -0.24219143151777431
v 0.44863005943293555 0.45902962737778918 0.40272912897955521
v 0.31701203049608745 0.084399349966956 0.37216787735465739
v 0.43234350763548357 0.23886611543713104 -0.014216127443095425
v -0.64687645540430105 0.31560289640023387 0.12990732105083677
v -0.87460181651703695 0.65462766596087441 0.072115838445818065
v -0.51880482519467308 0.51116773822794603 -0.11212973581358518
v -0.31146090347465694 0.419637969199121 0.50950468034631702
v -0.90552323609186958 0.60656161107275042 0.18748262278006042
v -0.73357761801307919 0.47660627206161948 0.47798120129418997
v -0.91614429570188571 0.6464844573923475 0.24276234215164291
v -0.48442178893313476 0.23707714473891253 0.46177222868870166
v -0.30734938904096731 0.084849881753301312 -0.093815634473278703
v -0.62608638939401129 0.62412470970436518 0.57170561633908046
v -0.72848509615200607 0.10818467632253291 0.17939762324061287
v 0.64510741504138303 0.25360322103124644 0.15282996149282943
v -0.1974823676182374 0.077091132568765527 0.46888205380213815
v -0.91031361148357792 0.62424618647540719 0.25889344532471481
v 0.64732958965831222 0.27333807624950485 0.24437570269075043
v 0.42543271448018527 0.50797914659842736 -0.073837794065236911
v -0.32404581084783857 0.76019528238798073 0.51253729312468566
v -0.44887888241028839 0.58174173056315137 -0.13839894994523627
v -0.59460303226103917 0.077906294473326476 -0.025920144863325608
v -0.64749218188612867 0.060578090315390132 -0.0073690031162229946
v 0.19130115031292211 0.33943389548186181 -0.23834000433489091
v -0.048704120710954486 0.67193523561207236 -0.27615410077581121
v -0.34033858696898234 0.078635615470945011 0.049343174075344477
v 0.22075889957661637 0.082100994534382965 -0.062707554764710655
v -0.82940245251576605 0.46032577178443795 0.28291428256308132
v 0.24245206610226108 0.21113937751981229 0.5427362556093337
v 0.49470623149546883 0.58029911313616378 0.06285429370352387
v -0.28414608519109408 0.7068685971626375 -0.16674454391345778
v -0.53105271112444619 0.21193010975008875 0.22544429817194891
v -0.24851575339138959 0.55581880579067933 0.60033680551595703
v -0.17409176625358427 0.26268845881257996 0.58437448457401164
v -0.48571876520039475 0.036118576677715029 0.39272750032890952
v -0.74531647244060351 0.44974647816308588 0.011863401588010729
v -0.69566626961396683 0.14211700948656172 0.18359390158497962
v -0.44349901492738286 0.48804186864370669 0.53181595174858798
v -0.31830003770522386 0.32762015875485401 -0.14289125106354039
v -0.16297973599964505 0.091088778444959648 -0.21453841320146472
v -0.65798767958372217 0.67085572876766508 0.54551534652143041
v -0.41140514673234652 0.24523640420173975 -0.033406969433253067
v -0.63208934226157654 0.34036588998306266 0.37425119137040375
v -0.36541918016152325 0.54038583316236621 -0.15278197803702948
v -0.36494869459009444 0.034524998307243503 0.51790763812454088
v -0.37420604883469372 0.041329439092540561 0.33514761284517075
v -0.40663650269656099 0.74013058007411803 -0.13699806619731977
v -0.60746904778710153 0.50753831962766016 -0.10763340919983296
v -0.32690655955381875 0.51733183898996027 -0.25183380980541348
v -0.21892987251544099 0.14857539766685454 0.62366834600604715
v -0.32439996074999272 0.23024806202495976 -0.066778359492191353
v -0.66245762965850274 0.044055690453114457 0.36882099638423144
v -0.2191796431915925 0.57550556380399054 -0.32360387341583624
v -0.30004325605854015 0.033608142570516975 0.51480500314483912
v -0.22172864107976095 0.71775937609516127 0.54969308855393972
v -0.65923586791028332 0.64342750501375212 0.5562943079358772
v -0.77144301492755563 0.38268444795040912 0.18544711066032796
v -0.67442861274844257 0.42849415032748306 -0.030828609279311168
v -0.5125540239963442 0.27099139637606545 -0.018361615216177917
v -0.58569062804466876 0.04710107558169517 -0.025701233866226622
v -0.84324748476593803 0.61195436056878938 0.42216915648684811
v -0.50379369435973831 0.53531923158217876 -0.12615056800247568
v -0.47578106899468353 0.035618565861832617 -0.095163210511435101
v -0.66026102745360127 0.59750851269772098 -0.10443993036672933
v -0.57140123682772714 0.12734187599374011 0.28508419439473293
v -0.20195198819214985 0.61270173304543063 0.63178969807631924
v -0.59210841786442703 0.28932194885317042 0.19185554409647085
v -0.66547594915726493 0.089051696636660252 0.49293832895852097
v -0.19724254618540071 0.26319732897008963 0.55430765586794239
v -0.80041976236784595 0.69514438821413238 -0.01670799130474614
v -0.65195474660357877 0.68893144305936027 -0.09693322775792837
v -0.28217574510328575 0.46992263717997179 0.51251214963253244
v -0.49103580885705961 0.67832278855734796 0.56005045241703433
v -0.27923010519435404 0.57824357087989786 0.54395899175565321
v -0.67293284296758327 0.10404379665951378 0.23971042614365584
v -0.44648933648723327 0.26728166956962807 0.49120894279204635
v -0.37104537241336927 0.60721111465341104 0.54342030747522951
v -0.81641839546551487 0.52960281094818229 0.027879481143176576
v -0.6301629115950772 0.11877167064846036 0.34507211965595647
v -0.77002932591260764 0.56638951956089612 -0.052966361536654405
v -0.76740823688964632 0.4429738648377699 0.030922923598229287
v -0.2905514842864102 0.2612443417245684 -0.18995692143387355
v -0.67421805802994639 0.15392700364499298 0.082249544926072254
v -0.33980681128680801 0.028236472458063242 0.23953497192139714
v -0.3283409179358559 0.26459100705359884 0.48105732500479026
v -0.7403733739290479 0.38144586248485424 0.32575110919608741
v -0.22081056286537001 0.07432898569901368 0.4311804261373221
v -0.41685218700148019 0.050674633650688555 0.00055906850775791625
v -0.6530667291925939 0.14919625993605887 0.20378732107471309
v -0.50118767790625374 0.048080045234359083 -0.073812417294014498
v -0.2644827707688085 0.74214911318089694 0.53199146878198633
v -0.33299377574378874 0.64009574597041297 -0.17151091221839745
v -0.4610823106725403 0.03362705802812848 0.058364397881820303
v -0.042959740601662452 0.57938981068064888 0.67605594632441357
v 0.40976535143051934 0.51168587851502334 -0.098199714622561982
v 0.44717319595938809 0.12246321874505674 0.023778539664278221
v 0.45799870573478874 0.079166856052252127 0.25152461004233923
v 0.15951050738333469 0.63976336923631238 0.61476282493713996
v 0.51249154303412414 0.1609958065609238 0.01987363085086704
v 0.010497997420153738 0.078954487385972674 0.024324834908548264
v 0.39101142633780706 0.49727288636528516 0.48921370562003336
v 0.51861187979850865 0.38287983883527754 0.30200573547509546
v 0.23234017622013567 0.036478675481203378 0.24430857463236239
v 0.31112277372305458 0.30819756603102855 -0.15345595871891554
v -0.0062168374801096563 0.046548788752107509 0.56828735785873852
v 0.012294421161295485 0.69366550276931693 0.61711317323105641
v 0.17528251741193304 0.035480884183622712 0.093123599360035475
v 0.25639719802722577 0.26097275626701527 0.55686414585623911
v 0.011184522706954574 0.033872047581139098 0.55562545450253664
v 0.34242171318227932 0.29206255113991525 0.48960190902023204
v 0.087330592496785001 0.19056336780630487 -0.23564382618323573
v -0.060891595455396109 0.7235684862175128 0.54624817783208568
v 0.27174682203388073 0.044275076545373167 0.33434101750381279
v 0.17217134208116064 0.60144320991894518 0.63012017908231566
v 0.40705485309170003 0.056209814829446411 0.24047864253386667
v 0.045632226480127339 0.12367471411857699 0.54763280263142422
v 0.50637523104188265 0.26035573788301969 -0.010449752636376534
v 0.30238213575337436 0.063917890822126816 0.030636894337586425
v 0.20283270862405875 0.2202823178380991 0.56262104365765075
v 0.029040103104620352 0.063559883892231731 -0.19403713088917465
v 0.074043492416139695 0.33297871698634884 0.66225779544994767
v 0.016370912271887503 0.042329592458983968 -0.10145387158329336
v 0.3047544558992199 0.21069294600744334 -0.13653433554207728
v 0.63779245150986674 0.38614279011101948 0.15228268471939185
v 0.21701063308660967 0.069091797038191807 0.50765728346377859
v 0.2549848085331004 0.089496527777839924 0.48609502866574594
v 0.10281407678003962 0.02986569208775541 0.53107789212966039
v 0.44910605937013559 0.64493028888446713 -0.014906084221840017
v 0.018520466905394172 0.036885212059742385 0.11182391662610346
v -0.074247008961822819 0.73405326148912065 0.54024459865167429
v 0.42992241719188401 0.43479386860261582 0.42748903973801394
v 0.56133898669344928 0.2599383769364258 0.010551500887018492
v -0.06566289355197158 0.6511015943458236 0.65796236680751774
v 0.12108399692241562 0.16008165382826289 -0.20738627704838403
v 0.35356322771849757 0.16730795421541803 -0.013736639313685375
v 0.59189758203718179 0.29658088790386583 0.34374090500374221
v 0.051338250078985577 0.029297573820639015 -0.11173354929790823
v 0.34984328775030787 0.49389438106302974 -0.14555428640436158
v 0.2054246581584733 0.64002729203061304 0.59108401339529915
v 0.17799390557771413 0.69083625100040436 -0.17645949910030481
v -0.0033391169607439476 0.5092073437996949 -0.30674059494124961
v 0.49625805160570946 0.090179003124209525 0.20833408268301809
v 0.5630556503205042 0.42372166364428532 0.21994689976282428
v 0.41503714807233949 0.72900714685771961 -0.026255500193183338
v -0.017014636931175175 0.074258712068405328 0.43153035631970244
v 0.31360471730996864 0.14825260990932104 -0.019494887200090384
v 0.10730979616221102 0.021347591928918015 0.48157598657243927
v 0.25716494910896243 0.30749005633810461 0.55910949229129547
v 0.49781782454293283 0.54602135335925017 0.30237897227833155
v 0.17532676771567696 0.66376708659846151 -0.18968985665638263
v 0.24773088516963943 0.19525942082198017 -0.1781139252861709
v 0.58948433988262516 0.1619318517369473 0.25600805876001748
v 0.26781326628830482 0.76343445521936826 0.50066980188033861
v -0.67175555877627668 0.049286367103282498 0.38917038262698639
v -0.8145020487211535 0.69579792523627504 -0.00019180431110029506
v -0.53678211315859725 0.27768732807579777 0.30267217965521881
v -0.23998327518911175 0.30258181518348093 -0.26746352480120206
v -0.4753214858202261 0.036588374092522816 0.46873873699352625
v -0.57785340180842004 0.60025279033850942 -0.13163726530093975
v -0.37167608429336696 0.044181669556982502 0.26066775346713245
v -0.55210438447663401 0.15571671796571507 0.32237303336225881
v -0.72449019885505694 0.38190886589099771 0.35464663848949529
v -0.29224374134092307 0.35814009415109554 -0.23471154283734286
v -0.51745061168753159 0.32820015436634375 -0.031523287841239853
v -0.5546516907843867 0.26500216174710989 0.2018141011498987
v -0.55371601805934023 0.50507724424249001 0.55641874507554334
v -0.79538080558877 0.45528638898791152 0.3778596367325765
v -0.18713207007776569 0.30877321980385763 0.57019504569347756
v -0.69481158330351933 0.1165826878842208 0.035539415120720542
v -0.47918309352743971 0.57881201818044592 0.56998649886089703
v -0.34739902411772167 0.034944025407798986 0.54001385092738508
v -0.87637202691484184 0.65441088517869728 0.38849350386143328
v -0.75506490919712643 0.36662603110966824 0.19763009683800323
v -0.49466717936941224 0.037459992981725844 -0.071773033002770908
v -0.2600348591316507 0.049407109333084544 -0.13373904732223724
v -0.4638278858178041 0.15918661381512889 -0.036987951722986502
v -0.51702989410848788 0.033598357855803021 0.022030038986859363
v -0.58438671057272107 0.31460803308624491 0.055570682105975697
v -0.57878919390636774 0.081294207475384836 -0.031393434960388621
v -0.46904622297383053 0.23911386091367054 0.47546543402432034
v -0.80279641334901031 0.46764668148248029 0.045156155205269194
v -0.78117060248968873 0.61910023512529411 0.49687508725434104
v -0.42237626370200515 0.33217205855879317 0.51211069053389369
v -0.57726059577497069 0.12466787539272796 0.2981397262388889
v -0.35605508301857891 0.036757556693344469 0.22147537754844362
v -0.63541305261783076 0.30377608474071954 0.17542035279115606
v -0.26801167000514359 0.64228295779960631 0.54903039321486102
v -0.59557282993460048 0.48154474901797706 0.53925155261289193
v -0.65767579420717759 0.5158855930391496 -0.095727364404806073
v -0.44778515904811822 0.039900605052781618 -0.19725519250907289
v -0.18895364564096909 0.71859922316424052 0.54962700204764714
v -0.36271503125837318 0.030291292849584692 0.34704123457643521
v -0.28761424843592148 0.58132882907959549 0.5409437258230736
v -0.86578464760506602 0.59461474367748712 0.065118373798956283
v -0.87599944148675868 0.57145497332013551 0.32800265771716619
v -0.47016630763407635 0.51239312672336157 -0.1161462781875711
v -0.4316000500507472 0.18390891472162157 -0.048599180806195276
v -0.74905304337621492 0.79096415770520034 0.48623397008002917
v -0.32113841052673514 0.028517663598495349 0.22745610267294711
v -0.22647917263831818 0.5007282453236388 0.63347216182642641
v -0.6487270232372383 0.046699630627548207 0.52014041673477851
v -0.69279578829314237 0.54052752139574578 0.53320742943095567
v -0.64462438133085076 0.086411542738070141 0.33847075181463221
v -0.34811797309635895 0.56914385785465926 -0.17537131256519731
v -0.40544304788848512 0.033315927499965321 0.41637138287083486
v -0.34223804490880894 0.044689198573833154 0.5716011012360066
v -0.45594862071959613 0.36472125620150636 0.4957315662590544
v -0.7171817002320614 0.79620889564412722 0.49551109294937079
v -0.70783587240202783 0.69830705725898146 0.53458676430618646
v -0.60872334863387745 0.58560579165406823 -0.12302976968823456
v -0.4296320161358046 0.59301982416888011 -0.13710866705903377
v -0.62157599755812776 0.034946266657841465 0.044593406666788279
v -0.54924379604356588 0.18776045486216963 0.38160402504008412
v -0.50927218152145026 0.65457765673917878 -0.13581210826462711
v -0.90365429180734491 0.66975075102708881 0.18383733867112131
v -0.4833171014007302 0.6289040963001491 -0.14099076137098746
v 0.033037902550851185 0.036294677495241803 0.085599144890809553
v 0.61348151594986955 0.35941054887571555 0.30376350251683715
v 0.16136017076216977 0.030189517077321721 -0.099260142449116559
v -0.027593733592379023 0.24730237267383828 0.63486309667249197
v 0.15804490687006789 0.028460684391825503 0.25864829431371689
v 0.42724367007340613 0.14003926247990825 0.38026842220000245
v 0.22933790615282007 0.60021651993402103 0.57746977637174324
v 0.16011327047900886 0.32572616241938612 0.61640823989789828
v 0.52846077956769999 0.13194784113199762 0.071661721977318515
v 0.4021754467198998 0.16334056415473405 -0.014846582144665429
v -0.026238096629446636 0.11504496298338174 0.57073649517640868
v -0.062453363842990696 0.065388658365273675 0.4646517840333847
v 0.013090194205697738 0.39055618670679099 0.66843426664108108
v 0.34420560884794416 0.42245946206408297 -0.14187370167612495
v 0.11675272702007054 0.078850910619675654 0.53698036075149846
v 0.1407340989854641 0.03154868790388312 0.10827432151881884
v 0.27555930679905316 0.035042957322843432 0.071114852541348736
v 0.07309650609299162 0.59705390333725505 -0.28025131132615755
v 0.65478662787426845 0.27850667871718021 0.16684525233232908
v 0.025324266196473114 0.55148246392858924 0.67582593273525171
v 0.2419738388989815 0.48574688181016623 -0.21565272081116571
v 0.22735200652172563 0.086031683370203421 -0.050927706103651459
v 0.18810695162442626 0.71272044736485063 0.56887051581501069
v 0.25022298074416044 0.25987395089791326 -0.20617848193996396
v 0.35137505513937894 0.6563612392461976 0.50567599581086453
v 0.13384626756185614 0.12313147507345572 -0.19733691192015607
v 0.0022276759321000527 0.68466154044675354 -0.25214705335447818
v 0.079513792933108618 0.51892322901850074 -0.28721802453830236
v 0.29369060874975605 0.42832258310557669 0.55670645497550375
v 0.083268028778384712 0.03469422395487242 0.44888688563770895
v 0.020021137097847704 0.13922787204727122 0.55876208971242669
v 0.13016338021088925 0.032856251324760735 0.35654354283175133
v 0.32831671859251171 0.74004262710949931 -0.1020440516183419
v 0.42818351318851222 0.071218470247443308 0.27456757717899016
v 0.5187906424555222 0.38999154487795384 0.086888432272997376
v 0.51993730471938249 0.35118149233914497 0.33732553822276196
v 0.35252076382490366 0.099999840240497226 0.35546064995355631
v 0.064252281300485631 0.76130762116060524 0.52438074720931738
v 0.1350039412554187 0.43353368244753443 0.65335671827966801
v 0.30945572852457065 0.41831495830735327 0.52848549733453476
v 0.22047171843417043 0.53651480283781339 -0.22259442126649415
v 0.062905675558973972 0.4535787568167951 0.66431376739133441
v -0.012605347629577154 0.03881211244176163 -0.18336443596206378
v 0.45166421182366545 0.49777859633570082 -0.022063275576519725
v 0.066739080759401159 0.37509306109884599 -0.27462589066621212
v 0.64156204435147823 0.3585171223531789 0.26152452135916932
v 0.1779403163248322 0.15418552047593809 -0.18850941814815145
v 0.50213896561320848 0.092081845353111411 0.15411618140263847
v 0.14129088695812386 0.24637480320045188 0.61687202842060129
v 0.20963574295366116 0.023768613593977615 0.28227927107974182
v 0.44680031447431789 0.57275548038139501 -0.051589999962190262
v -0.001479883066717745 0.42911215087451315 0.68805926917788551
v 0.24408301211419023 0.037436560868372312 0.20131708734567755
v 0.50394149486267537 0.41241024249514757 0.2681346241830817
v 0.36568108370370012 0.43727004375020212 -0.11482240204069497
v 0.20249541515564815 0.19039963774051916 0.54150278286315079
v -0.014377374964635294 0.057631184246591999 0.1813052005784897
v 0.023765246026216873 0.39993871492514549 -0.28425813554283319
v 0.17311426484712855 0.5061231036143099 0.63136783409730368
v 0.18000392261107595 0.030721628874615367 -0.01425212641033788
v 0.60090690679774561 0.39398392023089235 0.10287583496812398
v 0.60813956787837664 0.1733917413409744 0.19132684869062214
v -0.29802207760055616 0.23583676209669058 -0.17013563918250285
v -0.83516380504223042 0.63589483005784719 0.43238544634004894
v -0.65687005392750275 0.11016513361725849 0.24560529187128405
v -0.45517226419078471 0.032926322789021308 0.08607429041394063
v -0.38514582621188809 0.04286144356225579 0.33948565834015293
v -0.78652116355393342 0.72414580266986062 -0.017049438088368091
v -0.21164555317409842 0.049524901002589314 0.51793528916181519
v -0.26057136997922575 0.54601770788158333 0.57572087828340324
v -0.046885912575247761 0.64260707956843488 0.66215869530233129
v -0.005157298913238368 0.68766544260128026 0.62561071037317417
v 0.47242243055473859 0.13537479595598875 0.019346841606338438
v 0.25059856561541421 0.32252566536807742 0.55944138639900431
v -0.21430665087447801 0.46467302107693592 -0.33280258417465491
v -0.32063926635722867 0.22213899274710083 -0.083269926140276201
v -0.31013881916761266 0.48893107741838249 0.5163476649747315
v -0.42017089669735003 0.75130972313033284 -0.13453725509113967
v -0.52948247981897145 0.54070306018652414 -0.13063262715021778
v -0.014001874052097024 0.072209745285777144 0.43854527254736964
v 0.29765034060995743 0.21122919477173274 -0.14788526443065603
v 0.28059268201184023 0.26484040987344942 0.53103473772250886
v 0.029486878108115441 0.037894706407269538 0.55305779498356611
v -0.088234061353778662 0.4851979955677333 0.67795903084357456
v -0.75431953965574594 0.45034249655405223 0.015109574843264421
v -0.23162776698541185 0.12932207925604472 0.6318303866270274
v -0.49374011308373678 0.032167639471002665 0.37172633802851951
v -0.64488146936230872 0.5858612737050658 -0.10595646527472777
v 0.16534851622251609 0.68789482396880319 -0.17806295269723993
v -0.74587011742988685 0.39231917943083822 0.34192856877072353
v -0.073103307451158978 0.68374828018875844 -0.26133915846772765
v -0.20814942397018577 0.069932362744535098 0.29794320265161495
v -0.16945392711505083 0.33524317788962771 0.60422534872566502
v -0.54154233985288402 0.17592735532663639 0.33698456389584885
v -0.26578659773900964 0.31343018015411017 -0.25196064843393451
v -0.52954878483525691 0.27313939071423993 0.30696127445412535
v -0.58952021480404593 0.31465443884259375 0.0645616534452777
v -0.62282580268342935 0.15710633399685112 0.20904180596400185
v -0.51208680905219373 0.57738967685389497 0.57124871214667439
v -0.78529750762670936 0.59087901654840391 0.49186989318864349
v -0.3122924255843742 0.032577257283902213 -0.16889327769871174
v -0.32665261257501205 0.37119632810745956 -0.14755704425670166
v -0.68208409273863302 0.59828599727028042 0.55346759251128708
v -0.29528156753156753 0.17397857718267709 0.54347656294022695
v -0.40264115952019586 0.51851520437166498 0.53284834128422265
v -0.54481756789207347 0.33236395016192771 -0.013122760556540833
v -0.44646897300440513 0.5556406132525773 0.55604261467292493
v -0.8564233137916214 0.49072969470759331 0.14868513647393963
v -0.81217656675020811 0.48015000715647599 0.37304145982227216
v -0.19146218802613982 0.34005014516415105 0.57572296860092065
v -0.71318881411213264 0.13916829811739836 0.13711015221133166
v -0.35170135352019605 0.075136950280802264 0.04893243203294808
v -0.34274757121961869 0.26346728437743477 -0.034099176342728396
v -0.34217130391748846 0.4186784181281647 -0.14097117246805224
v -0.56546329744810842 0.033550394848979141 0.11606470285127657
v -0.33947141294835187 0.08435585093419927 -0.066520229952444651
v -0.59184242936544529 0.70971266015971779 0.54715060377094993
v -0.43430082053245667 0.49086920446749704 0.53229949389425868
v -0.49507150579191095 0.098750940153243996 -0.043557912399110568
v -0.23068348736378191 0.51829763044686072 -0.32853438656967349
v -0.22972672520261814 0.41795259192949835 0.55713240936649555
v -0.59079075830729522 0.23593543605022096 0.10800487091002893
v -0.77631482535749474 0.48360725863512094 0.003992394484482048
v -0.24439995619288649 0.35798648807862549 -0.2854469908071906
v -0.58630135251707038 0.37165880171271537 -0.0010344568918415615
v -0.80755374953009962 0.45352567759577328 0.080249533612478177
v -0.43756892474255749 0.52453635713523816 -0.12195264525130173
v -0.57630155540673533 0.4381589422177507 -0.077849499856632504
v -0.36513330139418299 0.03217211038701108 0.41970448787120168
v -0.7746196704520425 0.48545911502077477 0.44092941115491974
v -0.65196537453078485 0.14363555136460732 0.43666317271976191
v -0.54418099969160638 0.038995836396397407 0.55056159358853629
v -0.60423078829911248 0.19562711123384524 0.13266311975749515
v -0.81742320195249774 0.58417427475582429 -0.00034490482850937454
v -0.68870493257451326 0.46584620195862925 -0.060294302257133503
v -0.67457097531274546 0.037062384298344055 0.16572494017901471
v -0.22208015921589283 0.082186855640471429 -0.098059393941644715
v -0.52345269198873701 0.21775814622473397 -0.00075211971549731709
v -0.3178089194308833 0.21494433691095835 -0.10801560799255007
v -0.30599032226279332 0.074899834153660416 0.09725347577138399
v -0.58309649828409704 0.19557760858339746 0.18255086324944261
v -0.50452055278357932 0.66544763976920029 -0.13504220275428586
v -0.46005908481342433 0.036424640860867774 0.42192195842988156
v -0.2805932439415546 0.70022794927928633 0.55103072368462314
v -0.57247777860980609 0.71583374899094132 -0.12487746960795168
v -0.7050664667127523 0.35276693658059893 0.33113118267510389
v -0.69848973407225967 0.51401692875313487 0.51950783865453609
v -0.60682628249688264 0.10440507094288354 0.29017001686961108
v -0.31806602731546985 0.22341736218505595 0.47037389963032655
v -0.53447103848932787 0.68167357867723433 0.55316940596887354
v -0.43250490186319329 0.031768008492180852 0.37445871498103689
v -0.47468647845109746 0.67334997959450105 0.56214380618769488
v -0.4478384355251383 0.45704582907127056 -0.10449984963062246
v -0.86611958060945449 0.65170893859164714 0.052802009222067438
v -0.54184964314549333 0.073330506896740866 0.58083804281836704
v 0.060299728184511028 0.49721079794131273 -0.29065935646218122
v 0.28747093962760251 0.40707403959923222 0.55512130527180192
v 0.19356134016580218 0.31360677917777097 -0.23003514559627469
v 0.24865881563566325 0.73240887869398441 -0.14767184861008967
v 0.22089815896244738 0.4651797309101936 0.62233047436492694
v 0.44528729105300058 0.57005691141865689 0.413410654494406
v 0.089793066733216659 0.26487979863068634 0.62929539191316175
v 0.0065900545449486597 0.37043193875831598 -0.29166245902345955
v 0.23819451818181817 0.053317435983516417 0.47597494815436647
v -0.017191629940123257 0.57419505207286314 -0.31463054901525461
v 0.29488565782641496 0.069996291529738144 0.3759972957561038
v 0.49871125452476078 0.34039341680755952 0.041475016026749842
v 0.25652202875815394 0.6584877356833464 -0.16768870967295688
v 0.46430709132004749 0.48954841484104605 0.0003843833680119901
v 0.1256963465390066 0.46740904577015158 -0.26194094131315404
v 0.52232197439264372 0.26146330238370374 0.38212474444455946
v 0.11626467842279652 0.62276453511697383 -0.2551114846082298
v 0.020210749532597449 0.029538964599508499 0.13960049799477695
v 0.14910299358533208 0.025683339805089248 0.35631153222199918
v -0.095240009523172645 0.1909866974844906 0.60091515352221214
v -0.042140678234180058 0.039012765313386877 -0.11307906271244794
v -0.020951644000897756 0.72250042962196492 0.55685207298091233
v -0.10112201785046693 0.46585156074352913 -0.32610856998022519
v 0.20134130823478943 0.12272415970449367 0.52064432786260373
v 0.54220596923733932 0.40752838995302088 0.26826614236123636
v 0.26314975573670502 0.60674712712165779 0.57163231962278915
v 0.040854749282137268 0.033966913910676549 0.27953012990003212
v 0.15621678449441923 0.44581816138059049 0.64117558686448239
v -0.0081059593034320913 0.1448265269276218 0.56654221749493094
v 0.60817509972704642 0.37655871229225568 0.29517185724310574
v 0.2963164289691777 0.51956467100818082 0.57108982247395412
v 0.61765517116733781 0.31235904747898574 0.070070480851988359
v 0.031960663864209704 0.67451786786875156 -0.25642982798295688
v 0.10009376105633927 0.19422437887417307 -0.23708726741145333
v 0.24186422526944412 0.67599270571708314 -0.16835771438846342
v -0.041051002494957869 0.44276195444222233 -0.30626274156158795
v 0.1356601763683104 0.6010773017459331 0.64215328410701433
v 0.21350837980185067 0.029408624988568433 0.046169028979510189
v 0.12196328725479401 0.28218979769224944 0.6254192959499304
v 0.11335109302508403 0.11245308739722711 0.5358650065574313
v 0.43979589976479783 0.27046604567343768 0.0018124703598834319
v -0.01639980397041356 0.75318575893969586 0.53894028071845546
v 0.40703733661207342 0.34891984960776223 0.45304605429761113
v 0.069663642122792552 0.31091937351591931 0.6612481742596521
v 0.25579481629208706 0.15019766455564026 0.48393780502394285
v 0.048957361493434479 0.70975852248162841 0.58252953256358042
v -0.0061116092136639663 0.70537122291343091 0.60088054710467742
v 0.31644959850641335 0.46948975448489699 0.54615773559034986
v 0.053400135282490845 0.41208772897187412 -0.28971848658185195
v 0.26303806683478376 0.64263113327974097 0.56515089368555316
v 0.11381095281812501 0.67816648730039764 -0.21222433582959094
v 0.45188801639254927 0.29609250538495496 0.36450303150078711
v 0.058687707564393274 0.042376100271696082 0.54757990994614603
v 0.64861552543180645 0.32825647378228778 0.25795341980814113
v 0.26235202350128067 0.61808517697268728 -0.18097651267984005
v 0.22232484586619414 0.16844876466884456 0.505498466967928
v 0.50094028449099215 0.42484600870059464 0.094006717143031951
v 0.49606282912814764 0.098158736261155302 0.10576857208622779
v -0.055853155380367218 0.13834280088336953 0.57022574910560753
v 0.26658145269447941 0.4823997647801937 0.59115765684331167
v -0.15889249134293454 0.07159400063687428 0.37388039671605028
v -0.13693674613350204 0.081935951580240293 -0.061319008173363748
v -0.12593169973797036 0.16517996872801272 0.57874084807778514
v -0.1533893311407318 0.026445528602705055 -0.14254856122561663
v -0.20759024984155855 0.065239188538794735 0.50533551568084567
v -0.21256053641481787 0.33869337691312823 0.54206021321247277
v -0.3517929221863027 0.35163106935558336 -0.071275783189443248
v -0.7316146986395704 0.54068181376606739 0.51169831847803071
v -0.36794495804664201 0.081377093693195443 -0.24202109535510702
v -0.5648789829972013 0.18594845309473582 0.45192891189319156
v -0.55989074558844365 0.61630169960440373 -0.13887311827210072
v -0.36090028722243872 0.038930098483487829 0.31248524586142529
v -0.55703726694254097 0.047052570574377672 -0.040097098129023609
v -0.57191716359454337 0.26913791803911974 0.050741346098591607
v -0.69337620094473673 0.11205390513395815 0.029751801029798009
v -0.33492619411535218 0.55542237835296271 -0.22102005629003141
v -0.43021073323140913 0.047456535199642193 -0.2131231105113974
v -0.52502613932550868 0.36712424937629246 -0.031916665807157837
v -0.64114745635516157 0.1263700137463408 0.5054496580867881
v -0.58665611402084705 0.079783309284344697 0.57714860453582539
v -0.52313304954079731 0.60064570124475058 -0.13502682375460073
v -0.19927072064697565 0.14285035066577947 -0.21933560143014838
v -0.32860556986269385 0.16041210789717755 0.54118864507278375
v -0.75950294902504223 0.37689174982484475 0.268861035844362
v -0.59944058075850271 0.17513365445098764 0.43079133554138449
v -0.67984226435378547 0.47984296929515308 -0.076988553667115045
v -0.3687515421771031 0.034095103141991226 -0.20693898889468218
v -0.48723586990542184 0.033993389052754223 -0.0031160273458148333
v -0.19571583786463051 0.67125121295033607 0.56450077393273645
v -0.34422653660611602 0.032232020894198181 0.4778206955287409
v -0.69457133631883483 0.70208464769622703 -0.074588644658353673
v -0.66969660363903594 0.31231447430882259 0.20296342849932919
v -0.85197142873928122 0.53854079805646493 0.094939836104403069
v -0.54470371602781642 0.59961608513923559 0.56450620163636023
v -0.26563280332625255 0.4449236319158939 0.51551594035437498
v -0.37701805168267599 0.7046873645191456 -0.1487957760038747
v -0.38885878596479212 0.031649300793515217 0.37041742025176155
v -0.23401853989414084 0.65162997831855485 0.55569432669312746
v -0.72636967628097604 0.077314233713009273 0.059210034439351598
v -0.40549972491003627 0.33274260282946705 0.51762391463817004
v -0.59432597919541885 0.73456615417877047 0.54472506736200876
v -0.56750212146792001 0.62787467251578222 0.57136810774382929
v -0.63054129532780667 0.57505188498729287 0.56437042406091342
v -0.71894859324520477 0.038572629385269556 0.080617134902835799
v -0.56612891412378141 0.031573807451762879 0.27381931065804171
v -0.36098748269593234 0.032023445254013905 0.20116409492226223
v -0.84669199721120703 0.4830212763801674 0.20559633689392809
v -0.46372085190780027 0.047660410663706354 0.16571554162233265
v -0.71337720015524142 0.40136628844931704 0.043874001672375131
v -0.36499657964194093 0.046042359466489248 -0.11728926710293043
v -0.40502045820307336 0.034059857525707032 0.094339455467703837
v -0.65063107303800649 0.1228549066065332 0.37671009815577056
v -0.46301901568319426 0.33018446975935051 0.48231455015959834
v -0.45119920034199756 0.046156851112585343 0.54373251594252081
v -0.52221190565752096 0.19635894833102488 0.45698683211139668
v -0.35265542229295754 0.064661581144814045 0.56528360747150752
v -0.56921115754099905 0.54244842051649789 -0.13189196437532011
v -0.8417909362255237 0.48273949189498899 0.27529330846831773
v -0.46792145550088887 0.43060805042664119 0.51957165843085451
v -0.44219811827443767 0.1950467144168094 -0.035472121450241693
v -0.6602976943570974 0.17304871167100072 0.14593112175632561
v -0.7286455753521478 0.68179179184211403 -0.066615197166701376
v -0.51556051260686675 0.74461951643923896 0.53221741375603582
v -0.36626606539290107 0.42017234953061411 -0.098268962515923736
v -0.67228761863649378 0.054437300937325461 0.48832983698175852
v -0.8806497010125437 0.54335649867681424 0.29151936072583373
v -0.32703077108117423 0.20051300158624841 0.4812339551130656
v -0.34621853601379438 0.083159629569676596 -0.029811378562920376
v 0.24174702777810431 0.59191685953775375 -0.19649563153319843
v -0.073717627666254448 0.39617295686138199 -0.30789140214967081
v 0.097488126180587401 0.025922796945082014 0.45484891460356952
v 0.10277253303575645 0.36491469208216354 0.64811433649378103
v 0.07001980916065137 0.73272246272388497 0.53651418840340126
v 0.46254565513595597 0.18018346916162328 0.39299827716512292
v 0.16224373847037768 0.59367292123947912 -0.24749148075688177
v 0.32546637538893297 0.18135121963594181 -0.045099880769004196
v 0.30921465202946585 0.024510200055350789 0.14226178852516921
v 0.21222292131427173 0.3902408267279302 -0.24011111751619052
v 0.41781010077270769 0.33123690289907448 -0.046960172941706298
v -0.024939832362967658 0.06862085769747775 0.24188898238134227
v 0.012894236850462756 0.20320556457614675 -0.25421694460953931
v 0.30617644111876058 0.24984278781648828 0.50568959338153896
v 0.2510541349661759 0.033706838801984655 0.18501352095253237
v 0.02107988870284502 0.29531511975301195 0.65644356807815063
v 0.19222737214471783 0.0230841807411689 0.44935955308551129
v 0.054898307768527617 0.49595430512119137 0.67117906578490683
v 0.2129608713940348 0.047738414279965412 0.50077958574395121
v 0.44389993294680885 0.27726748109044519 0.37167799866959533
v 0.33841631960460461 0.48137393213822366 0.53003672092172927
v 0.34513415257708624 0.081156928841851619 0.34388321072942152
v 0.10453673565511849 0.037784665783424438 -0.033240611473273014
v 0.031602104529992854 0.071971025139127232 0.038599987617763516
v 0.37041348360107346 0.55160027862380923 0.50783750725395582
v 0.28237560931808392 0.087368495473536714 0.44270099668958218
v 0.048261914473669905 0.45024548176721518 0.67750674478743977
v 0.046605694317737485 0.62398731143003716 -0.27779023274087322
v 0.042629116188198465 0.34753418911951417 -0.28358137730835603
v 0.25070152663403267 0.46468290540324936 -0.21235940268102049
v 0.14018477898357101 0.50669006224023472 -0.26304817949702813
v 0.35003525808642577 0.22580460233834196 -0.057869370988820439
v 0.42155721420623105 0.17952932724293069 -0.019740786636738835
v 0.42169349545555462 0.05563002502225798 0.14693981295075922
v 0.28435679949885456 0.030142611149693965 0.2810398254869973
v 0.3290491528666204 0.051209358737397605 0.055802655586778514
v 0.36961707211478539 0.38764913570020249 0.4840315679190263
v 0.21178751944713756 0.11184016940612194 -0.15387137396544215
v 0.45966538578951188 0.53083283176004759 0.39468469561281383
v 0.050816521171796712 0.058985348075151767 -0.19001451394650279
v 0.012280863383105712 0.061312607257710185 0.087806339583766727
v -0.01139477215032042 0.074325519272027588 0.089453496290031409
v 0.093222197682182928 0.060055098767754132 -0.18415208612027298
v 0.31999046866524761 0.14799096475905135 0.43734335916483075
v 0.082508402178342793 0.030516893727344594 -0.094550921986729694
v -0.0054655382279958174 0.46890164680377072 0.68784514318991119
v 0.20285147474992155 0.76746505601795911 -0.13331919410984047
v 0.33504956908262129 0.38780926466322713 0.4982394171180905
v 0.20884265922989667 0.29737258583178827 0.58106165941307863
v 0.13331769962864934 0.68896920125221606 -0.18566107898414869
v 0.54114862916320761 0.34657843878078776 0.34266355021103573
v 0.5327297681308889 0.41099164537788668 0.12497519113892154
v 0.4762405869231911 0.41341262053366157 0.04898095835543511
v 0.43826331346863684 0.083639925434672635 0.30037608127041188
v 0.44031734963995239 0.73622452775933744 0.030679460688803745
v 0.3276747826127876 0.63305307608801686 0.53163395251668688
v 0.26703445635693757 0.72651161252432395 0.52979953882449471
v 0.59197202777064739 0.39324792277144316 0.28803110518247371
v 0.26304329023999234 0.17889304090383348 -0.15750744033391903
v 0.4531732207206422 0.73608446189930166 0.054362040578524694
v 0.010192326337109359 0.66853082531431351 0.64259726421183505
v 0.11400619386233829 0.46154188063107954 0.65962973914636791
v 0.28476517029328779 0.17563283601718346 -0.13427282031109969
v 0.017684472815145021 0.23940119290660497 0.64369618518599181
v -0.79996666587440313 0.4782030920121097 0.39664031702781438
v -0.16578584288712958 0.68905493493301495 0.55947753425887869
v -0.3034124827752735 0.032611432732768147 -0.18049868122428225
v -0.42209418852609093 0.032270110974219779 0.36825945076426364
v -0.55607775452014852 0.44527222175050435 -0.079335877884075201
v -0.70209051715605697 0.59101668258819373 0.54045512293539988
v -0.86840962809563504 0.67078905028151514 0.062798165544673601
v -0.59376173443551061 0.16372932761414119 0.21514081443767263
v -0.51832689612645144 0.19919604316722439 -0.006519362912852906
v -0.56150495842965198 0.70054774830233468 -0.13195292201894032
v -0.4426649901790915 0.50199305331447364 -0.11633402623250784
v 0.2081448823352795 0.033065989465582576 0.029173884224882148
v 0.070705028708116513 0.43315841915692566 -0.29090891098310873
v -0.55344558855411707 0.35794548224225836 -0.011923684859810359
v -0.17799008581017456 0.031978118143591167 -0.1482048322465844
v 0.12669678244126531 0.30425132902253565 0.63667684152961834
v -0.79544313622550222 0.44416946339570579 0.074090978260287862
v -0.80298024488933417 0.58941105823473883 0.47367465142616266
v 0.48536076187189087 0.35212339206097892 0.052755892650432228
v -0.59726080041377072 0.18777577963623474 0.1684735937027049
v -0.30882298639053296 0.21416125346861453 0.47023866688679522
v 0.16507875414571901 0.0236058111232537 0.38388637029349842
v -0.58708295065356453 0.23599756474058087 0.082962967381631156
v 0.1195351264035628 0.606988163343265 -0.25923520204903394
v -0.50581052242150226 0.68961229031352123 -0.14128466814594998
v -0.28815377662330788 0.072612547747186909 0.13086147030463419
v 0.11146987444471927 0.47226288360499519 -0.27409899110321251
v -0.40518951290397376 0.49747397937769694 0.53924822963352381
v -0.72457816645025352 0.12653612569303502 0.12644778801973749
v -0.53246083549054113 0.20277574102395007 0.34105126256546203
v -0.58343548103100484 0.69923658380254339 0.55029433353167978
v -0.21676889786241457 0.32422192250359316 0.5301158146405629
v -0.71925092697887216 0.7081385758917319 -0.066611379803125245
v -0.33506698276559338 0.53828237925799638 -0.23048613063092502
v -0.60819994139606393 0.47934139690727529 -0.098772256128189434
v -0.91568875669286842 0.65942786991475433 0.26774673540309368
v -0.25921971989750953 0.069418235377650253 0.21349899684853371
v -0.71546419978802245 0.33209054826780826 0.2012316637390282
v -0.68542714039919139 0.57087111451594985 0.54744401072824578
v -0.50197608900853674 0.26375641902615549 0.43571072984165848
v -0.24985033227182138 0.1374832804374338 0.61139265203209991
v -0.65235047076302599 0.060010751683195272 0.52531297389098341
v -0.33617950558872628 0.02892132455446645 0.29433367354946227
v -0.45982981451592886 0.65508140005188853 0.55342166156099037
v -0.82254212346327404 0.6000661510270503 0.0072589834393372325
v -0.90191441152809193 0.59919598777588412 0.19817906502388788
v -0.49095710020296573 0.33208696058607678 0.45352088003840996
v -0.8025324747243634 0.64227883534687569 -0.019092975584828326
v -0.46991984014914423 0.17033772508411243 -0.02913444981315819
v -0.51346034817637676 0.20872389922972837 0.44179237429733892
v -0.38351829311640023 0.033318297612933624 0.49819294817210991
v -0.66006113362068797 0.12758162585969737 0.46379665368027478
v -0.35496855942505928 0.59492768629295834 -0.17281621261296209
v -0.28549711130615424 0.51893612972034175 -0.30366057918224271
v -0.89511200343878949 0.69995335795449309 0.14047952387589016
v -0.29646984650880237 0.40618932160706245 -0.25806052582250727
v -0.82429969370084399 0.50073910513557018 0.39029282985738833
v -0.74211357301481462 0.35573643510199554 0.2727502249753524
v -0.25972165952528437 0.52683208514159452 0.57582998835062849
v -0.45230807574664661 0.034423939085788141 0.01455053578597899
v -0.20507469914193402 0.6713831060062494 0.55630302807507159
v -0.26896774222393771 0.33662147825230915 0.47633221425709954
v -0.57027043361957352 0.38703436173345473 0.47657340032407258
v -0.85948262232511186 0.49947807151943441 0.28501596403927359
v -0.42309850007860106 0.04865062633130908 0.18336140771218928
v -0.28090259692128217 0.6498793502248813 0.55147879754570284
v -0.41540015469414793 0.48404319632591908 -0.10879928158370011
v -0.31858465940633568 0.18897081336717486 -0.17435904470273206
v -0.77575096313588843 0.7905271379955463 0.46130893293850683
v -0.1927771933921186 0.20370501593207069 -0.2476703432035646
v -0.36082669925991173 0.081099134213762678 0.016586731069965714
v -0.5211500727996059 0.23263934010412987 0.31132778912749492
v -0.49699949602239557 0.46685579096760954 -0.090461520840545886
v -0.24024891254805852 0.17983752571675862 -0.216603764455543
v -0.53821568960370247 0.41601698864565517 -0.060176775994558458
v -0.32793235443426899 0.068631067992242029 0.091236138061002461
v -0.35283642437777601 0.031757546489469685 0.46070531148331278
v -0.19862651648995425 0.051672533809564186 -0.21440982517996049
v -0.48618729087487239 0.076694461903804537 -0.12928708890026364
v -0.70788461798944369 0.53351547667027477 -0.081082181492489996
v -0.30246861375123157 0.21892176600201885 -0.16154650092847983
v -0.81892557161949919 0.56556740720522658 0.0069109051317853918
v -0.55721343009241664 0.46011629453586161 -0.088274914712371408
v -0.27996938824609086 0.41665935655224712 -0.28474373473324377
v -0.31256839782984169 0.77233371705715603 0.50690124573401629
v -0.59354291106391788 0.57041962719642336 -0.12917149116962784
v -0.47172014168249249 0.048400467328052567 -0.1643385070059275
v -0.45808998825682684 0.624822068774888 -0.14230432533903117
v -0.46975139336610694 0.19437868128511721 0.48771759479185189
v -0.27408904811390539 0.10199106538467465 0.63016735629193521
v -0.38512207819369465 0.078468526494693588 -0.0034246514818912937
v -0.27377840109561685 0.48816293818314543 -0.30486757572407608
v -0.52251263582944252 0.26185633839323635 0.26588708093751851
v 0.3001163049394231 0.10579889498844787 0.4275700211861701
v 0.16585275013778569 0.51368858612193324 -0.25000945169231759
v 0.36171965097880399 0.62046294195646612 0.50882569229315622
v 0.21400937920588833 0.4243843904403779 0.60798383713084858
v 0.56633198019823838 0.41528327614481048 0.25782384006016484
v 0.41051295928658493 0.49496294988623701 0.45858730945397286
v 0.52566131815668982 0.10448263982195249 0.17196738896314695
v 0.068115430099431259 0.66222227511543397 -0.25782694426307634
v 0.072871629642263722 0.64640203002661112 -0.26653397837366466
v 0.51016550455872378 0.44502054080461817 0.17898914052965409
v 0.3594791002264936 0.54182466099632443 0.51024689214167318
v 0.34225877079491634 0.026480045551204034 0.18162759232603401
v -0.067845229780231497 0.48010654023641464 0.68253487280013847
v 0.046090399929276389 0.13252507818538417 0.55519403484174434
v 0.018493162713392422 0.22816221016104837 0.64389253325077145
v 0.48494137303165874 0.52957640842389242 0.056368402963109923
v 0.32080690985234472 0.033584493659553863 0.25679135080833787
v 0.18572897921489465 0.20974577382725271 0.56414463209470345
v 0.25706772223473445 0.044403376951833308 0.38209356271647943
v 0.11520940428745674 0.026750465512928895 0.43705515509913756
v 0.090415770104805226 0.040802646169136862 -0.073143608809674202
v 0.24883972053991038 0.37953690687437591 0.57819760630019057
v 0.021335496198816774 0.41996240577136951 0.68161374055489188
v 0.091627037678985376 0.24390503058038654 0.62335251631997424
v 0.1209396150315581 0.40403229751902053 -0.26865054572231772
v -0.015926926954377807 0.67396626184995323 -0.27100346191934399
v 0.041451438700609376 0.22170911609990557 -0.24741851861232461
v 0.021641313026123109 0.75798623234527718 0.54044924692564622
v 0.57771789368258286 0.35958907641782956 0.057891925693769115
v -0.04289470532645815 0.21633995060168904 0.62289951160320134
v 0.061762672353533048 0.16346367413329485 0.59785570581513947
v 0.275116239083952 0.020840677298995653 0.17007003827992492
v 0.63935676892758708 0.37326051779631991 0.249851326908621
v 0.50750534824169535 0.25678409123122337 0.38687108286901251
v 0.46190168807021753 0.26638582359500235 -0.004433211531097497
v 0.058448021362363489 0.704996223999242 -0.18404694446245162
v -0.030100242834284148 0.25899380049244719 0.6371148744674161
v 0.33973848848761773 0.18852747355798133 0.44226711871488439
v 0.36988776015205782 0.17088762940520189 -0.016534935169824665
v 0.18874429081253061 0.36341327558257869 -0.24182404088489101
v 0.10298173305606283 0.12854728067059645 0.54777886698981548
v 0.37463429053819802 0.28543644039071597 0.47050628791226989
v 0.21366157653783432 0.4999658683273161 0.62240853121805051
v 0.20465244859933712 0.026254268014038691 0.46302707678597077
v 0.17112188791339519 0.040090120616506866 -0.12131345305697878
v 0.12334417223152669 0.69317333334076492 0.57928816309030673
v 0.16603616790404752 0.74912546900238897 -0.1576713809405059
v 0.18212553697030878 0.53594494803578208 0.62059694172150925
v 0.044989286153179341 0.055478414347838963 0.31021655647434854
v 0.091607164254223147 0.39868427031455905 -0.27044809087063632
v 0.50525811644642671 0.46425761567079626 0.27591733999541929
v 0.34378365274323197 0.19121753503777961 -0.028844441455968307
v 0.13577531617754027 0.14458343941635018 0.55556416426042654
v 0.50839882256795332 0.49283327418082168 0.22492818118648356
v 0.21850200026581246 0.1866874685544242 -0.18683210568832276
v 0.11129780869319793 0.25484450970379802 -0.25137313817698942
v 0.26824192428664917 0.70797394366595734 -0.15048096731628965
v 0.084074472802117758 0.024355003398770881 0.18141702140866323
v 0.091273722037775271 0.28664136908034521 0.64522704198515679
v -0.04146563203164657 0.083096530822912892 -0.20177105768450293
v 0.23778344214896974 0.12258473885780591 -0.091398222956423358
v -0.033345750396801987 0.79023495556527901 0.54081136480470904
v -0.61256606700649119 0.3881580269214075 0.46290023038275707
v -0.33109958957506841 0.28724712930310869 -0.064629635635878258
v -0.16639875799078743 0.26644216452179248 -0.28595515653777709
v -0.34251839409629725 0.3657405536618531 -0.1015783981626332
v -0.28942296440357673 0.45154872107803873 -0.28999919463251389
v -0.6908806220604744 0.32040608351730965 0.25695889151990131
v -0.44241392651899208 0.25227268751420301 -0.035336499927043588
v -0.40720179523995886 0.36296428147392412 -0.064979205808624346
v -0.80532158753324135 0.41610078324311789 0.25325051707724661
v -0.40400149149668119 0.095090689824577593 -0.22632693296684114
v -0.69541864606770731 0.041007907547413437 0.029386496925072648
v -0.47875827895548739 0.30938050697188468 -0.042093896879190552
v -0.52255268737414085 0.30732999046941978 0.39904013068912636
v -0.44541140386587524 0.62540995657260778 0.54642578335030823
v -0.61907768145528441 0.037008838334867213 0.31685193539667877
v -0.70957917658335823 0.65344606059621313 0.53977195448896798
v -0.48991096306071186 0.053875798104819309 -0.11392264696067621
v -0.44795377711552764 0.41428308224380411 -0.091378761622871868
v -0.52341690712579925 0.25810679690891708 0.31026595886641239
v -0.35858837864137633 0.038846964125429755 0.2552654518150439
v -0.74442328592259166 0.36395569012896789 0.23661100103418473
v -0.35164909693961649 0.13561076399221525 -0.23017579045655287
v -0.38680625011644104 0.40060829184826618 -0.081479364969899035
v -0.69180297052557027 0.40985163775321254 0.44551598340936338
v -0.53988608514915004 0.37714098695597181 0.47408550880496797
v -0.2375638654214981 0.36481689009466622 0.51758106713178087
v -0.59359910783548309 0.44169964967578762 -0.079173560372004445
v -0.58734684758803246 0.27182122147940913 0.12083951794554804
v -0.35089988898556129 0.54076690688519302 0.54523626472662257
v -0.30285099196366538 0.069761730513245163 0.40473064159454603
v -0.29132946474545579 0.32133786518164598 -0.22528450103197395
v -0.50286216813217322 0.15764447897694575 -0.023257594874392148
v -0.24212237847829804 0.074840031049647496 0.46586069420926457
v -0.41633351516257416 0.081896646488318861 0.53617023967920274
v -0.3242670733582419 0.16984782704194962 -0.20459668400499637
v -0.70768816276236735 0.36796298734384486 0.070938494673200528
v -0.52290162226556802 0.16818429043455532 0.26931755932704782
v -0.41691051442858423 0.037222382225316701 -0.21242680971284816
v -0.31784654235477894 0.51945876463914231 0.52254941917175934
v -0.26498407600653545 0.059460407102202809 -0.23140890328792466
v -0.45267181873096501 0.049079158736417744 0.17618583834721233
v -0.77561344743681215 0.51513224775053879 -0.0090620681738698312
v -0.60144907052624641 0.17461078930310858 0.049180485559141195
v -0.73979918242292975 0.37470061758026257 0.11406441773300573
v -0.39139639563406753 0.46543304047904038 -0.1038063042521179
v -0.79019514395530177 0.50230813723800394 0.43919396816006201
v -0.30155184508119121 0.32265951754606786 0.48242159865735906
v -0.34208897896684615 0.048277592956234641 0.13276615093000133
v -0.7130980670833168 0.42012078905616851 0.017250610899262969
v -0.53940560850712682 0.19720047552281511 0.37369354152870926
v -0.26463108911766886 0.62866683472307638 0.54838986181294413
v -0.50353409648870873 0.42073596075597963 0.50061934735373359
v -0.3624846248113785 0.65436996574302264 -0.16505605191368131
v -0.86270922980940079 0.6422525037536273 0.048313508072893162
v -0.50859092935240591 0.32365353631773264 0.43136763810820083
v -0.32668253792953877 0.21083059407459473 -0.085756514663344871
v -0.27039654025125381 0.30340345563002646 0.46934974448210309
v -0.42266696977517976 0.38804035141508236 0.51783195979825802
v -0.31695040869478952 0.36468773499399321 -0.19004834251640448
v -0.52976120183113018 0.12812908398824263 0.56434550883762491
v -0.20238354892960655 0.34181866640841563 -0.30262289221697308
v -0.76011098089551288 0.40651958580852277 0.35491728061322902
v -0.71530380242644198 0.33748970785347671 0.27998152333208121
v -0.6329963313721606 0.090465287585364706 0.54152553381383017
v 0.017456418953653966 0.23107967636603491 -0.25302060497265694
v 0.44032760019485723 0.22478029842827485 -0.021374396568409261
v 0.51032978353458491 0.4424274720224895 0.22655070860168805
v -0.023947208238168791 0.21433612619418882 0.6295656534073153
v -0.034449003954853112 0.053203470672279478 0.57748716805406686
v 0.61943898794472052 0.22162412193409778 0.28413386093928922
v -0.071350150596378573 0.30211530532733272 0.65450299017853053
v 0.43991339101453059 0.35623574792503349 -0.021356364027665324
v 0.43750973159294543 0.61536878863082378 0.42298242296968563
v 0.54225194818084377 0.16472939340822051 0.32816517706887488
v 0.46724147195171878 0.69198420131173588 0.049945883765473723
v 0.41390318394832271 0.22856415514639092 0.38318977502675533
v 0.44374136756492827 0.26621468551431082 0.37381719381094292
v 0.24653465605525418 0.095251409311542745 -0.021758851157495117
v -0.011877795082640856 0.28043847073554523 -0.27544119196207867
v -0.077716477826686364 0.71080351507705886 -0.2117665948213148
v 0.19820357494296631 0.68277659357622633 0.57015259705758914
v 0.1395238253366774 0.039450001032196313 -0.15437047920848207
v 0.36270766029449325 0.60008388918112809 -0.13404802150859627
v 0.28857779063047001 0.46161432468694685 0.57458271827241403
v 0.041308009515504736 0.064657169595506631 0.039094596888080334
v 0.0065947046369665635 0.59600027729290583 -0.29676172822850883
v 0.013881358701050259 0.611685021632699 0.66563199334181089
v 0.016770297409788189 0.65578448028179515 -0.27407033379519324
v 0.028203344623315547 0.11970247657822132 0.54925138793101413
v 0.26535804322344325 0.59545362643776478 -0.18843880023704948
v 0.22451004918966802 0.069775902099195639 -0.025371140031687812
v 0.23075153406403509 0.15611537454268928 0.49646718110182358
v 0.19911103823607329 0.45585167221834677 0.62946192033768167
v 0.50184461649315204 0.59385907136322735 0.225401041317669
v 0.20968624060183511 0.030945990398403841 0.47732978227201944
v 0.61063451070826891 0.33421725739308916 0.31996750678837538
v 0.41503555787857654 0.53017349180645168 -0.097655051596058612
v 0.3583000027863989 0.5946434669045938 0.51497763963863097
v -0.065253782201188729 0.35001507143819288 -0.3020731011312579
v 0.21075114974425319 0.72024894067914658 -0.16960597253104667
v 0.11537348271122873 0.50450369487241054 -0.27207801250511976
v 0.0014517786390363474 0.42154176571984953 -0.29917136286620588
v 0.37884408341464154 0.37492441459830173 -0.10720530757147806
v 0.19500194049496344 0.26971665865281169 0.58139488887303514
v 0.37284934523073077 0.036119799465200733 0.14973832038186041
v -0.010031553377757629 0.33833516672528419 -0.29166104571391632
v 0.41810720668860824 0.31649414860182107 -0.039993327945749127
v 0.021924002211893376 0.065806341069768071 -0.08615485905523329
v 0.23538671466305072 0.023609525804217581 0.26470855322830616
v 0.53373362152709491 0.41970594031408964 0.21936537869857894
v 0.50106540206778472 0.61160449224927849 0.10637821543309088
v 0.37820272282340195 0.053295555704474903 0.27443061984023548
v 0.29162727000488248 0.74418350699596825 0.50243440302140574
v 0.57043407158747428 0.17146709631462506 0.068672001890866891
v 0.29189163837218768 0.65191514870130229 -0.15528345793839105
v 0.20656076074728077 0.025084989174758161 0.351401378932437
v 0.36122220385098114 0.15725182838513121 0.3881020143228644
v 0.25403842658339038 0.35223567963909741 0.5631156787361109
v 0.077726944840440002 0.70905825231785691 -0.17304970482209256
v 0.24681722666286024 0.51383412417603425 0.60089487735564584
v 0.40289603623392317 0.53054037853263003 -0.1109486552900391
v 0.49858043608033586 0.37475792495621962 0.072521664949042219
v 0.49614966837955321 0.38950955493308581 0.29613759111943355
v 0.42372989738859373 0.46103637450444213 -0.051352945500897432
v 0.29344680727214828 0.045856205780310584 0.31372576637288624
v 0.1454210000450048 0.35131226390874692 0.6335983046739766
v 0.13271918025800572 0.02203409503499178 0.45027998241085776
v -0.56990563672642813 0.40033755754187483 0.48846375237524886
v -0.28980961816739509 0.09140583935478587 0.62267680102266021
v -0.47963565739032832 0.64327668354462442 0.55720683013914274
v -0.46879682401475514 0.038113947529011101 -0.15276933839948673
v -0.19411937449771596 0.15310134298965097 0.62099972186126862
v -0.91482597154344081 0.64480471314122478 0.28176936137620612
v -0.37510008690441993 0.080903511544473616 -0.0017850328037436007
v 0.49072202045059704 0.54551719989374636 0.071977502369278162
v 0.072514373127286064 0.40758911902419281 -0.2822960533478816
v -0.2116552773968518 0.030400379796301221 0.55892309001578766
v -0.37482532077888464 0.039332009854460087 0.11204975619072152
v 0.067019520848981204 0.64003356634447972 -0.27151062466600495
v 0.63832012672009308 0.38179964556795537 0.23656832378241549
v 0.18850705466209755 0.49832846287057031 0.63113572509827121
v 0.3369001487858595 0.1719041407847674 0.43503264684341969
v -0.20239750632332407 0.10611147694319942 0.63941488029964166
v -0.73879707831210517 0.3580191081684031 0.29152293534895402
v -0.66629553549609211 0.12075048358446167 0.44815771707632424
v -0.52444281053264818 0.47241307332000465 -0.095591421147924183
v -0.65394909570806503 0.051720808962135212 0.5199639640246464
v -0.23213093182493613 0.19045410328505302 -0.22440303548338345
v -0.072705725281669478 0.37474682107055851 -0.30066813391920555
v 0.13010244444241514 0.15103333544898526 0.5658615766193531
v 0.18174764537599117 0.02536283074457845 0.49090878704578922
v 0.23488424490897827 0.18118052431277348 -0.17576360616021608
v -0.18094281968757847 0.073150312585669147 0.15549645038268553
v -0.26183851452135837 0.065961340498631074 0.23775252776293998
v -0.7139800596664313 0.50533722189946839 -0.068318493831937666
v 0.18111362980654411 0.74610518721455077 -0.16031055327734878
v -0.44557187799618275 0.047811343940514651 0.16430131649606142
v -0.027548088808581974 0.27283831617114707 0.64232544132025882
v -0.6942527483781965 0.67146347752801483 0.54412895005060591
v -0.50614012367369576 0.30375185269250171 0.42884107626947332
v -0.76013568814381793 0.37633669906600659 0.232598709579658
v -0.78100797773201158 0.39512767116256386 0.17460342648016239
v -0.39591351542426051 0.059582534858345637 0.029866521770424162
v -0.53806776478911522 0.18833244795018503 0.47502128571956476
v -0.37301415681693728 0.3711220548198409 0.52270090849029716
v -0.65897217636590621 0.60249785246629217 0.5640889166818136
v -0.29555223946328224 0.55807053672018125 -0.29114695594277251
v -0.65006088576702004 0.44422071312889749 -0.06353742757841159
v -0.57343237791355561 0.18460602345544305 0.43334593643428909
v -0.57267157356150467 0.14945009057037609 0.33144707455933387
v -0.36399970219035499 0.49008837881949624 -0.13224295744631323
v -0.67751574629014422 0.054661231272402036 0.46997196001656544
v -0.42924038952096571 0.75355619567047505 0.5316105862481898
v -0.21861383043748739 0.041227208473280201 -0.13687447404722419
v -0.5510085008513913 0.14634649058847046 0.26772269812832389
v -0.63405312625634491 0.036175046802685594 0.22392836231825322
v -0.79227597520893478 0.55880442267874719 -0.019336429127505016
v -0.36200744912804639 0.62265589539548738 -0.16857979703181519
v -0.35974932392397607 0.57260838902215572 -0.16817419739181355
v -0.67419639970973977 0.41727195143274703 -0.018392541270307729
v -0.51786986055633788 0.094413040166322904 0.57312895874716008
v -0.69892124092394348 0.11840774517243892 0.045311761916760514
v -0.42648028331201931 0.68803912215303875 -0.14866563963590537
v -0.37867273797339662 0.20753865613687267 0.49343093901833779
v -0.82688747619255865 0.47911572247738821 0.098245372271286643
v -0.63432732791953084 0.11584820074439327 0.52788939086473052
v -0.60544997073033513 0.034855927198096048 0.0044561321090215104
v -0.5055185617458624 0.059855205491847571 0.57215204695635158
v -0.18423379367744572 0.34631613494575003 -0.30672865960739593
v -0.23483052166260696 0.39939665952624354 0.54154635429999054
v -0.68130385370279944 0.038944782582390536 0.030099816401770754
v -0.56472277103821944 0.13579635314118924 -0.0099103278463702621
v -0.35324633310098119 0.034378556374454028 0.23853205045641193
v -0.75821420212540136 0.52077834021665259 0.48292528746181773
v -0.89719418193096423 0.59437122658158836 0.14033058539222232
v -0.21774327132913476 0.20983767087411775 0.52691552088008875
v -0.27560992919456745 0.65417930965135818 -0.22066700426527744
v -0.5540484931891354 0.064721256853694148 -0.046496257247642142
v -0.75070923134181322 0.51246493250031211 -0.043954499674669766
v -0.70803342261845947 0.62835494483088583 -0.078789688723472168
v -0.6422544117028236 0.32078835341485173 0.31999760580789843
v -0.65307590704631036 0.051383612404913868 0.34235232325129028
v -0.30768747483265158 0.063756381730154327 0.38051451993480895
v -0.35839595033500254 0.32530511875452572 -0.054592413859924464
v -0.84080959591565774 0.67122301181164823 0.43139456175334467
v -0.74169061453346385 0.43565228417067869 0.43409338352780363
v -0.69932218985489647 0.082231712122022613 0.22877658125378747
v -0.69502300175080678 0.334079492768803 0.30301918634223168
v -0.56807290356632234 0.59858742857364355 0.56122070994793538
v -0.71151916603276988 0.33307031446898755 0.17135615421960862
v -0.17308481073777257 0.28126205105568491 0.58926613264409866
v -0.59290967725958954 0.037759827280392497 0.44139607652561869
v -0.49385251992551815 0.58793169758472086 -0.13934228551033193
v -0.24599279635061044 0.68641520966600111 -0.18444139919396066
v -0.85680503527802387 0.58459489761885741 0.055010878759828109
v -0.33471062365529736 0.37144772758088446 -0.12393012370583445
v -0.3828859688841727 0.27070790227039987 -0.033707499345252898
v -0.48346721839550283 0.046863909065218506 -0.13088677022705997
v -0.65245051571091617 0.12972487602100061 0.39092564434572263
v -0.32460609462028195 0.03360450228284563 -0.20607934368752859
v -0.29715369549099879 0.069098405671592089 0.41539985147749242
v 0.31842711528383411 0.56780843669782088 -0.16019419093237611
v 0.3806914375571952 0.074706507266306288 0.036212272994142272
v -0.021141921030027343 0.081008889197920542 -0.041244379884097758
v 0.31878054624338098 0.52715764556256184 -0.15807759748878941
v 0.51779350847773697 0.10315546419114578 0.13413286196305924
v 0.32026631358606378 0.68447495390150392 0.51039369550376734
v 0.1236810320571311 0.49622266687589056 0.64969112331179835
v 0.20974538279837565 0.68298186842321285 -0.17536551140092238
v 0.027420389983888377 0.37404213192427527 0.66405165366349894
v 0.25573215283829048 0.028116844561640486 0.074342022981002981
v 0.38920383412893961 0.47532338015266545 0.48775602858601258
v 0.51309917715796927 0.43540099518476216 0.21408556945697299
v 0.26370182744661785 0.37735298717843047 0.56677360567063328
v 0.11453887456791607 0.033380243082122299 -0.15541699971696712
v 0.44694671054230517 0.38510437624819599 -0.022280863569474459
v 0.32235564299431269 0.54419350796164467 0.54831098990681404
v 0.29439016402531015 0.73151421606900968 -0.12276550525447247
v -0.017392028247928328 0.32129537130923408 0.65931979910917005
v 0.13133550008080794 0.030776275705331615 0.1333823087419076
v 0.47257641453403271 0.61522351243371332 0.34991716089713326
v 0.65301411514187224 0.2784790899528003 0.21515967122872942
v 0.061007383520289338 0.073454787786215545 0.40554306734444107
v 0.16137213355470489 0.073899514799661961 -0.16255133296073368
v -0.018139542191326491 0.062961937783144628 0.20979779824149442
v 0.53665064106902516 0.18253991829064112 0.023066621050012597
v 0.23114157606947364 0.15576555015324775 -0.14899916057342893
v 0.48498319804121687 0.38676428609016755 0.3197525286657607
v 0.22055035562720268 0.031742693733819986 0.12264028476973721
v 0.32260962816106353 0.33383220949727288 0.51513745746956707
v 0.18331512970612243 0.18111922269392347 -0.19217649074615606
v 0.17908631256059343 0.29873713505758009 -0.2317267320185557
v 0.47227690542579942 0.72984152410285319 0.14478556809618609
v 0.41844560510989348 0.28100428143738682 -0.0064598466369474106
v 0.11723030082786713 0.056829656087161756 0.39505630872684483
v -0.026775987785031003 0.14842264581711473 0.56848055583632751
v 0.46016648887503636 0.1543459325702688 0.38539268646160468
v 0.52111147559230642 0.18630849802974633 0.36639433879936911
v -0.046046208229893471 0.40938621565836303 0.67534537602004885
v 0.28621255211603719 0.23964362992586466 0.51236903838237191
v 0.087204449149279425 0.60196430636802678 0.6539438382870375
v 0.15512921067800073 0.043873319528670025 -0.14842386992863066
v -0.011858136309698458 0.50744212136263234 -0.30748310337451984
v -0.015821158537038849 0.13753561716680823 -0.20483743593231615
v 0.38091561339372182 0.65132339453977617 0.48258104779504701
v 0.091426419633528239 0.14690135028106771 -0.20472076568182035
v -0.042980681467448725 0.52739128191964135 -0.32000621055543266
v 0.13327243754885312 0.035063090133027837 0.5290869970320955
v 0.30574547203843544 0.35780955083960331 -0.15475385091534255
v 0.056754061034968731 0.4525118314212811 -0.29579944575748385
v 0.49622071875520785 0.2091997190162134 0.39047479998936085
v 0.0015497653010241299 0.17912142973550998 0.60463180679545991
v 0.40455695267227126 0.57184504679779224 0.47662724046289179
v 0.50692815785942602 0.50826772173138413 0.12638425780652937
v 0.25214759145589383 0.069067992074468662 0.011365552486173793
v 0.37111956700016252 0.1063244565095918 0.35520021282397474
v 0.39220808544481833 0.47517957289041263 -0.094011944247773413
v 0.58698051780882821 0.22312678361729921 0.33178859613920614
v -0.069992613561198277 0.36265295049468804 0.65270806815651616
v 0.21173506267599035 0.023411615056143843 0.080930809659308059
v 0.080358944474579391 0.68634167087590325 -0.21679113885092896
v 0.39884852396096437 0.26214189820013917 0.4307879067464
v -0.042311799279781515 0.69022319774876828 0.62330540634349052
v -0.019240449929708903 0.22784161520014259 0.63458305858546005
v 0.24891964656518795 0.12872937240774865 -0.083768597635029862
v 0.31098870706044751 0.7791258345980967 0.47190016351757441
v -0.23440305260786501 0.67835802273124524 -0.22001551117484877
v -0.54190083333622285 0.18195798809518141 0.49917691053647739
v -0.88949987617983473 0.57659511639165395 0.14196824738856653
v -0.45289602177684046 0.12601668934184687 -0.15219341201430281
v -0.57226381610872745 0.031829128832082353 0.22170921489139739
v -0.33009592596981169 0.19663867123938042 -0.13522560448055662
v -0.33242539463503656 0.30159275219073473 -0.07543697503882657
v -0.44086956199236627 0.64404291657909585 -0.14887364725060589
v -0.2057247675786138 0.079635618208570957 -0.01314892516363715
v -0.61172058541732477 0.5703531749673274 0.56185214070062961
v -0.29706541780063667 0.077419214419546745 0.6198485862466887
v -0.6389312057510611 0.058280162509792725 0.30152192487181845
v -0.67397466293335873 0.06678850809189657 0.38031942240816263
v -0.20448556196424944 0.74839244083473655 0.5407917542907541
v -0.47106607202806283 0.68281745681182426 -0.14007236632204614
v -0.61228515437096653 0.29169475553370711 0.24516132939528429
v -0.52899955871736171 0.27669457858447677 0.34256305416220162
v -0.30468295040409243 0.073593061496157144 -0.11611645283189696
v -0.73284599508796 0.049126502785754929 0.065248452683247748
v -0.42052303077973041 0.072026021541168328 0.5405964444407233
v -0.28902280995478175 0.1750740275159092 -0.2012460785050974
v -0.80749099105620403 0.73521741717947109 0.44933385846040419
v -0.34105860859149051 0.51970951493457873 -0.20532722431230319
v -0.59293706530676216 0.74152730008331735 -0.10516286429441672
v -0.53466203379208677 0.7039250178981169 0.5478694091167976
v -0.19408584464834638 0.2571806413834255 -0.27187427414675663
v -0.31743059736338702 0.28407703985306154 -0.12224321830990656
v -0.80636152825103558 0.42278317832632445 0.28222391244523315
v -0.44730220607391341 0.08713644478938877 -0.20068276246444047
v -0.66204396053712811 0.052681888264385301 0.27092175298452714
v -0.1833275538312194 0.29606070322148564 -0.29531122207128441
v -0.53627399215310112 0.47948953951994489 0.54017623229193179
v -0.68112019173782623 0.060024599420756337 0.45547220265518612
v -0.41626251195618635 0.59130028825591052 -0.13813449116422205
v -0.29495214205875098 0.043537979025879407 0.61463077824413426
v -0.49618825725828225 0.047655076233041084 0.56124001446248106
v -0.52453810073309115 0.45619925415162443 -0.080489696156141627
v -0.36326374561073671 0.076029450119281861 -0.081980619989259082
v -0.45612489116518551 0.04002958221826395 0.53328176017921292
v -0.55730007081964383 0.18996078944310468 0.017436645267699429
v -0.81642454817598586 0.63739184792158954 0.0043133331457056315
v -0.90006514884996514 0.63204572961442773 0.14381795933156735
v -0.25788312887545184 0.2917227354232223 -0.24902924454733222
v -0.58582864045683991 0.22757596533478092 0.14806338118800882
v -0.59736880079453569 0.62518534671748927 -0.12825737250891964
v -0.6046919342851198 0.18066252777442804 0.17288200722116195
v -0.68761592220825141 0.64720135973103421 0.5423435213212483
v -0.33509011922887855 0.22623250306783685 -0.040022200432900432
v -0.3451632320906553 0.22537691406531651 -0.029244708586166297
v -0.22636659497928224 0.23315666154209805 0.51323772129626244
v -0.6349273699794985 0.16582632488169366 0.06847626787895579
v -0.57956569620992449 0.064750895002943468 -0.036738769882264176
v -0.2115132903442416 0.54994341778589839 0.65405728776196181
v -0.7944035264189494 0.486773691738977 0.41695069891033421
v -0.75288892448647404 0.058620693662169279 0.16738641248098457
v -0.54822916105967645 0.53943211778240296 0.56649878801290243
v -0.46872820346259514 0.047644473741654821 0.20870078163441902
v -0.48825503766158779 0.37090126892364111 -0.058986343494805804
v -0.80028474945496286 0.44135289520970372 0.33282859752493549
v -0.52996237512723998 0.38414454890822891 -0.038711801530799644
v -0.25327651180374688 0.16251222724959238 0.60046447841716222
v -0.42703367831589178 0.037156741444185043 -0.059947875015443616
v -0.34303251163149928 0.18015816083991543 0.49198824310808575
v 0.031150097614827413 0.073827993977281375 0.42177651174765723
v 0.37040328998233274 0.44419982968609129 0.49950742534244669
v 0.38629076453161093 0.62021813243354829 -0.10876650014559948
v 0.24158155678238283 0.17881706626522986 0.50000620251002137
v 0.12772408841496224 0.16940712003973732 0.58206360703375071
v 0.10517504514215911 0.62519365102763269 0.63991722963054365
v 0.34509341700569124 0.031388599500084893 0.12725303559820664
v 0.28768454303108543 0.30121195331610173 -0.1789483593857879
v 0.090715461066790445 0.31686592948286213 0.65662470886840141
v 0.5515050434412585 0.28239347026733624 0.36776241453927849
v 0.63240246939251299 0.32476148683257666 0.093581978355791642
v 0.017597929868865769 0.065006575620150969 0.55672696940457056
v 0.26137542504922046 0.22963041427223049 -0.17435822546010202
v 0.45335976953422275 0.42167338611369959 -0.017778704695373723
v 0.46169688409807591 0.087137459586013682 0.080080440775168876
v -0.080358901194776969 0.56316178948857032 -0.3256475157777578
v 0.1017328812430485 0.30159774241477688 -0.2516754515227948
v 0.266128939252958 0.56983749725229171 0.57909491160891446
v -0.016681595223756233 0.57740547378555029 0.67453854770233435
v 0.10477589832609509 0.076163443407661277 -0.18253322619877274
v 0.47757016632515892 0.34136095845377346 0.33680899626333766
v 0.24330511225206508 0.022723783037617792 0.12122558089385381
v 0.032978656273592179 0.23918934217450155 0.64168557976144824
v 0.56884271802306874 0.18405306338334568 0.052124925087617104
v 0.20765801653264349 0.052063426670311504 -0.034113543620638384
v 0.27958230539343326 0.56391678886216701 -0.1847081748647989
v 0.18639065285452786 0.033738689405680596 0.23030466066365929
v 0.11105911556079297 0.052136569168321718 0.40925641229361265
v 0.044247193210603435 0.70022459646058233 0.60538247886293928
v 0.42408591382374333 0.33621889662890314 0.42857933661627823
v 0.33953474180292731 0.69245976096793549 -0.10433579771349241
v 0.063490221039642664 0.070576239314215611 0.34772297278976022
v 0.021314021890313554 0.54579341869475695 -0.30098612116456314
v 0.56000829001426855 0.22833754727146419 0.35696328083274914
v 0.3146929951837214 0.074937305163183934 0.36180962594774851
v -0.014846897340738458 0.027053828858515514 0.50190651999892599
v 0.27536059053919504 0.6899388045460132 -0.1535622911714031
v 0.43841591640865724 0.29297647099416069 0.37956302069539638
v -0.0578728193720899 0.28963728801957761 -0.28761680687950114
v 0.22283162397559986 0.56544433683961237 0.59283846019169195
v 0.15550433152694468 0.42228473359134061 0.63839979109473066
v 0.090946371669232418 0.75617103638704475 0.52272999789150831
v 0.21830451185465813 0.028498896237193733 0.26684895756648758
v 0.10336043987750859 0.033498060358860396 -0.013201001419913289
v 0.10037164789775391 0.023744210154026796 0.28163213698768946
v 0.30316826794072588 0.25691226432842412 -0.14003966834894707
v -0.035531375814541598 0.029949659353223124 -0.13459809905234046
v 0.26920783795572129 0.30176443331492525 0.55078768179611592
v 0.57927969811403213 0.14774538961469511 0.24127929307017701
v 0.23876072353260941 0.66510952910968424 0.5632868300348618
v 0.13203574350338984 0.32864496250226694 0.64193631559451858
v -0.062474508597570991 0.19888669192298281 -0.25597114714039759
v 0.36220357145920939 0.21960812395935331 -0.03688647985442485
v 0.41801823586599446 0.6510335377323142 -0.046110295634236478
v 0.013775974008034658 0.078049594574612885 -0.1970541568920362
v 0.24330459859696563 0.39588577869061303 -0.21936474276564125
v 0.072973069303610041 0.025347856637419154 0.15225442148099635
v 0.42358638058791659 0.58541784219235038 -0.082279211855833659
v 0.45856571325371681 0.43285159455721656 0.38282528288945816
v 0.13867748384171871 0.21644264252324877 0.60919706691812991
v 0.22841597423114637 0.21452256264425781 0.55313332612862331
v -0.013596779590130764 0.13175596813473806 0.55886387274551719
v 0.48693350225566756 0.57531568181902648 0.034671339558365571
v -0.65316667893110036 0.038381480933257106 0.24303337423375523
v -0.26536145857053728 0.65044236240583697 -0.24671250962270483
v -0.74617071420392966 0.494761038911463 -0.037731442359804565
v -0.64510688181695952 0.14625132861037138 0.41694529615675585
v -0.79680653324812678 0.57872501109558794 -0.023274241024087757
v -0.39107473738926196 0.22685167188786792 0.49528544424661053
v -0.85354295637293898 0.61136148772420207 0.048364283724772895
v -0.57487750861036979 0.58850586721948372 0.5620489025385107
v -0.49935714043069734 0.053254151363401753 0.56766678975706919
v -0.60344633615213161 0.12941329681250766 0.3315181628832265
v -0.70101116193015744 0.42329775131865865 -0.0049845356928240525
v -0.49670770486453825 0.31408161347577512 0.44353022034110301
v -0.29692143633094364 0.032529179552659278 -0.20220780902381968
v -0.18305338769843202 0.71377255862521993 -0.1772974570019159
v -0.68766949615881467 0.14275969624503826 0.076807389851577715
v -0.62303464749827431 0.13689993446712626 0.52768828997587747
v -0.65744349606728192 0.62265257487288939 0.56290671217240495
v -0.16458143545735979 0.32152828092921448 -0.30515659346530255
v -0.54050183853247624 0.13293992142397484 -0.022146225282186842
v 0.26833627223797279 0.72875935298217465 -0.13923392898405978
v 0.47658203531326809 0.7070845686679168 0.10858843590557883
v -0.32720558074927275 0.34876968776465023 -0.13214936776833705
v -0.3801774518147592 0.62283208134377932 -0.16379714363266945
v 0.24878303286323941 0.022930709190039103 0.10779467872298018
v 0.33958528986773256 0.35533943667517082 0.50147267665597717
v 0.32244592434568264 0.56838859455979474 0.54398160714205956
v 0.094692833240640123 0.57603717106431718 0.66445201927260922
v 0.3748642200801745 0.087103214915521365 0.33958135459659261
v -0.4204559294593026 0.039377854157886846 0.055576584084402358
v -0.67018459961149901 0.46183575688733697 -0.069405432980063381
v 0.027951983527212967 0.43571644833250789 -0.29779578224553777
v -0.54146328706713431 0.1083668312971415 0.57492146603569327
v -0.49397487232918325 0.7265898999750745 -0.139392300195811
v -0.44378980923195266 0.064513656563281868 -0.21011789818783333
v -0.32624501267632844 0.30387306554810734 -0.10116673332596303
v -0.27434824497526644 0.18176036310278473 -0.20159363273687911
v -0.31512611729160567 0.054590671747129942 0.60776376410835042
v -0.58156583084823887 0.031940962077116358 0.27576874135246898
v -0.36137668359589797 0.23260319959668813 -0.027332846728315149
v -0.23090083321380347 0.27367464087007881 -0.25967561272779149
v -0.214891131308764 0.21960612568805576 -0.24426598443983241
v -0.45245325376891071 0.72700973899666599 0.53696357269895445
v -0.5716999081216162 0.15189215155486815 0.54664435771883368
v -0.36858227064287591 0.059857416398243345 -0.24705387980405202
v -0.24413826994580476 0.59745899934173663 -0.30934216355152921
v -0.4860440415563827 0.63319335024942747 0.55750331702209144
v -0.23361862969829031 0.076905819760026542 0.46501127315885982
v -0.25128858843300067 0.36312385356616778 0.49377283340235506
v -0.32696396564118607 0.77070454228144947 -0.14358318660616076
v -0.4757846758618719 0.73856671435212129 0.53765346081490561
v -0.87815505530028015 0.58289570462304852 0.347505148193133
v -0.25056164596571495 0.66066074797464758 0.55802794339940054
v -0.31561041065730022 0.6588469925390843 0.55373398832227705
v -0.67517361738833592 0.12566252845042603 0.029879269417193752
v -0.43084436864490722 0.40855420778056345 -0.089126041697957792
v -0.58329952392367801 0.17746217219487756 0.49611682797032469
v -0.38188025905857531 0.030161351295355784 0.1397696098004895
v -0.65711108950942643 0.51195535586659768 0.53730051311252802
v -0.66200946784155557 0.78952950276895972 0.51079035529863936
v -0.89321720584094089 0.67995129256839659 0.16193003052992253
v -0.53772307508706896 0.03715636210832951 0.44465991677177752
v -0.49660182756722532 0.38629314346582211 0.4844986583577886
v -0.83244467558067892 0.54132614510555621 0.04299124561362145
v -0.71149935848441992 0.10585308121402669 0.064315244516169684
v -0.47511204790181066 0.34053137823232449 -0.05339998853238672
v -0.46099497526690675 0.31822668585376629 -0.048518998583580157
v -0.25968162470791234 0.077436167388973437 0.034866290620700076
v -0.70158368149897521 0.10274213157115056 0.20441371581887388
v -0.60870187160643818 0.10459384895839811 0.55395842054599964
v -0.44421289678650905 0.66471430886527716 0.54843417430186581
v -0.33965371434545744 0.070982335693472648 -0.24429980727244241
v -0.6598817425087965 0.72806079604794538 -0.081630794539106891
v -0.56777769166077874 0.19045481547207338 0.027132774947126442
v -0.27457879674281782 0.379509522695548 -0.2670003530444241
v -0.17489280254903244 0.54814878631232922 -0.33677373885589273
v -0.23211630217195894 0.58788420946719178 0.6125781539951356
v -0.77826529529114341 0.45225361035909101 0.40728791943059905
v -0.20485470139728931 0.46542202632932633 0.6335445525833534
v -0.4261313028093216 0.16402551944752256 -0.12955679598507766
v -0.3231982242960707 0.5606010875781916 0.53222185501284935
v -0.54718796222420729 0.22361298341633332 0.016361754373282029
v -0.43819497123278212 0.034965809399919896 0.48944217414840496
v -0.38643756268327645 0.66367974827470044 0.53286073941023659
v -0.90276625083743156 0.6194950726868812 0.14679733352740698
v -0.23875868456752383 0.6766119471724934 0.54475460038937518
v -0.77110111113296231 0.41612125206088041 0.097556839868449693
v -0.72803181320216837 0.039935348486668347 0.12401971836796356
v -0.23017132841036103 0.51790667012087965 0.63291877828610166
v -0.53989789858885351 0.1844699455440722 0.23111651783293824
v -0.77491711060803825 0.39217253143917374 0.22820912757767195
v -0.60682111808021444 0.15052400799353255 0.36930700281954443
v -0.24834507008868945 0.69857872589737813 0.54195874865474636
v -0.42180317569679099 0.12221344704245582 -0.19377095077682563
v -0.30998724047881149 0.24293956293391802 -0.14849172865429783
v -0.35302991577952908 0.50975107854459145 -0.17589369825843232
v 0.48283791595635561 0.33222293488543708 0.34159038053791208
v 0.31002456294551289 0.32620348549179667 -0.15449337589162396
v 0.06288136992820588 0.2931314468384652 0.65590790101739871
v 0.6231125693126045 0.33144059830427947 0.077562939539516179
v 0.074456778688321082 0.073568676141571601 0.37300040208194213
v 0.098614722694251547 0.33599578510920297 0.65387348721158012
v 0.4252867864618885 0.073312906081282936 0.06834488625002072
v 0.44892548804228438 0.44780315073106147 -0.022745764396875492
v -0.054372760953585633 0.1479162348881646 0.56682560310605357
v 0.46194197905156786 0.55063055078095036 0.38955764393300174
v 0.47086302601506885 0.56630749878864284 0.36377414032367789
v 0.28678961170195216 0.65406836105334143 0.55372533249049027
v 0.34597310329264758 0.31643562313534651 0.49265582397248669
v 0.53603088528122078 0.15357114399104696 0.32286828470427081
v 0.29553127178418959 0.754080585377923 -0.11111219991450148
v 0.47600448607588608 0.38147326587085906 0.33547904686378527
v 0.13574112535359295 0.028942315390455015 0.4095690740068752
v 0.20512418420946549 0.38838433318377591 0.61012830516589744
v -0.063745567028695535 0.44632867666578552 0.67222587161220548
v 0.28353160509569086 0.28306133796295935 -0.17816913157404196
v 0.5909615085366694 0.33813980004113886 0.052769959930338152
v 0.40070356112242156 0.20595939981527867 -0.019244789603576295
v 0.35824822347394619 0.065312662669102961 0.31719893185072223
v -0.027914978065055714 0.73114481225292804 -0.16996361163713555
v 0.14713431759736995 0.14192230270135942 0.53558052192661199
v 0.060228219587811764 0.64303010945143679 0.65077591374693622
v 0.16543618957631254 0.023146340341977264 0.40495201666894581
v -0.024013108663019551 0.16449839734632596 -0.23901713227824767
v 0.29041070316855561 0.19025103946744765 -0.1428488782813539
v 0.40618163537350205 0.064894808246571845 0.28212733145584934
v 0.28135998831662307 0.18824240094072006 0.47642607760816513
v 0.054784657562488452 0.36144995663268731 0.65778965528298361
v 0.24569975483011705 0.30637696782187712 -0.20831028232932677
v 0.23836812338626504 0.19899196128385499 0.53433807943916189
v 0.098496835866409865 0.67944409396369365 0.61052186670071196
v 0.57579161970538362 0.36475165603309656 0.32297564352372671
v -0.015793987419671921 0.092545627016087442 0.56940953882123002
v 0.17680443639294288 0.025295401463096372 0.037485752023495023
v 0.0086568764956268789 0.027273357677355753 0.49023030169305676
v -0.077643902169452758 0.51418129322693618 0.68395820498660953
v 0.050894121261888824 0.024325348363396376 0.12025003529308993
v 0.50838910746142629 0.43570153484504914 0.13899921117522512
v -0.083831786024146843 0.45980387326563316 0.67509372136283319
v -0.041214506349802095 0.16233940634965363 0.58231092496113834
v -0.006222780795764769 0.045536103857219262 -0.10235428870034413
v 0.019420679292276196 0.50585607572276614 -0.30036104726220919
v 0.1308481219933251 0.54929990653442906 0.65647305643663445
v 0.54054651788768115 0.16441552901136747 0.043061570186081762
v 0.020307911934459116 0.72256303817611045 0.55193004504852838
v 0.40615231895965997 0.21792459859700711 0.38555784460286824
v 0.4865442101085457 0.48649462020793821 0.040798628178344926
v 0.45349246241729319 0.70637605198472631 0.028984172210780021
v 0.4897422254442777 0.55966666610131199 0.04860359282850673
v 0.14571991358231154 0.025562413248352272 0.51095214390842103
v 0.19714796087822636 0.24244332255427883 -0.23280676096809111
v 0.070466449480967641 0.027144147835546761 0.29236595480269784
v 0.61609632364026767 0.38050434828387625 0.09817786774390827
v 0.52373415656023237 0.41051758727867138 0.24454190080870239
v 0.30617191982583736 0.097864849431306897 0.0033655037879377694
v 0.25518460504268076 0.056931738243287171 0.44838920098543678
v 0.077845474059223541 0.064843629526990507 -0.057808609237966012
v 0.47539500670657292 0.4489816612223575 0.35057807940440355
v 0.49650288827132566 0.64293673260446771 0.22031893954593693
v 0.61619896556068876 0.19196265571517096 0.25376662333752337
v -0.1121615725731185 0.35412061511596787 0.63735345018789147
v -0.17552931844080402 0.12356756413361028 0.62948806306876004
v -0.1146492581370524 0.076308854525013403 -0.098490888300116208
v -0.13407738287416446 0.60164497620349189 0.67210213694658805
v -0.40495877944072556 0.40145191692562604 0.52362517594264446
v -0.51363126322625874 0.25866291148778897 0.41428898719401908
v -0.32011843162031794 0.035068065890801699 0.32954311678887788
v -0.65011365257265608 0.31321223921426844 0.14853515589357583
v -0.48834231269641826 0.77578767528304238 -0.12621641663768909
v -0.28102599500172731 0.55422563660525281 0.53770247284716166
v -0.59247754426320265 0.28947877610616191 0.26792917491041202
v -0.36100709606597314 0.38489107338838768 -0.082045795957052567
v -0.45063854210931958 0.28417426655645439 -0.039298936890568091
v -0.33115505044660026 0.038339486249855143 0.37537849647907162
v -0.46794745865285564 0.25266540061352866 -0.029767950184764417
v -0.71560829151551308 0.43680749308992195 -0.005526247944473232
v -0.30576443688558191 0.35256598542132883 -0.21240315191813147
v -0.28503871978304357 0.2239088700455705 0.46310627457963738
v -0.3008294408520728 0.66501213622795818 -0.17463875350896205
v -0.42125788051817264 0.13295184826834766 -0.17100322454168002
v -0.20329257384959523 0.24137215969961534 0.54680639831427957
v -0.38787748828743701 0.71573218997636667 0.52608264941977123
v -0.88320109149211445 0.57344006701946937 0.29669192073192791
v -0.617792893432765 0.069472996294070763 0.55833643668019817
v -0.55938605683697828 0.13812716318874879 0.55984454215172685
v -0.29676085705161342 0.53438276406065288 0.52130082689670654
v -0.42610595380133592 0.6023265454627762 -0.13867261772029699
v -0.20070150478514329 0.39888765838598866 -0.32312961008858709
v -0.77078646449186583 0.70702512412673713 0.48821305751746541
v -0.67135575599418928 0.39086944468007001 0.016074474831111209
v -0.41881481558628447 0.19888177047762029 0.49745952844599239
v -0.33204458430788475 0.49226146930467229 -0.24463619914566118
v -0.83075787836020232 0.77022977606189613 0.41553007751072224
v -0.9094014028041556 0.62788134066142021 0.30528775854191359
v -0.38853655394321029 0.76881067299873596 0.51199395465467179
v -0.53019980000413869 0.63059083075832845 0.5658191484236258
v -0.73398858261832101 0.56744589878053642 -0.075494706822310201
v -0.36349780308268498 0.50276379083082168 0.53533317850305717
v -0.33595520722937317 0.033908990518474333 0.53737637364021507
v -0.67147119566188007 0.34499826471520789 0.063829022987865761
v -0.3087653362350154 0.71694789346674004 0.54081125183709222
v -0.77767435725930312 0.41685704188441691 0.34028796571388742
v -0.35845801349631268 0.045491976839251901 0.23415776517419082
v -0.19448551636783779 0.6857438166763552 0.5552246116028835
v -0.8842447874194842 0.54014805008439959 0.21046614177207787
v -0.61921785348590574 0.093673515134619106 0.30674567234230266
v -0.54885439802135005 0.16183450275854783 0.24701199845468186
v -0.69408023684592446 0.62073010596364997 0.54313462298587178
v -0.45720583044310231 0.043737097468658899 0.15894579298143463
v -0.28831862343859466 0.05214169189758628 0.62637841445850562
v -0.64329027429604535 0.12872866683009501 0.016384883108809836
v -0.48188627967859365 0.037377074048684046 -0.11148619053077959
v -0.71659980493759179 0.042324866012435132 0.18516922435656591
v -0.55217686152189926 0.41839899177265177 0.5015603946945435
v -0.51215892453315726 0.088654794342960377 -0.043597492906313241
v -0.5640590682186668 0.037240375161066722 0.45983374977734859
v -0.23485150331758212 0.076476792677070957 0.060896309290691807
v -0.28101563350794312 0.081003416297686565 -0.1113598267193346
v -0.32884432007703807 0.24360039993014945 0.47692364273316712
v -0.54514101705578588 0.55202994321942889 -0.13423899448713444
v -0.47407981125651083 0.094324259210674902 -0.15066426570827623
v -0.37649852945789936 0.038690817503454378 -0.12565007516361512
v -0.33365001702768554 0.36005175240027087 0.50972203485958223
v -0.63084405663178733 0.10263842229935906 0.27128579965126243
v -0.63454239976919891 0.035609648632220686 0.2007498646351234
v -0.52555015206628863 0.32429396906235891 0.40480012181226765
v -0.73479864472230894 0.46081983818719569 -0.018218454022172492
v -0.43946516258922802 0.03540144800664511 -0.18057090784076335
v 0.48050619085176444 0.65065002273599382 0.32094826519370062
v 0.45856974619261798 0.60094374848301524 0.38034155407394177
v -0.043003095772765211 0.15016056823388652 -0.23068201139534206
v 0.44366075709904401 0.20475499219547097 -0.023881692036234723
v 0.2000086758063003 0.034557852681240356 0.11500378064216177
v 0.50076211882631994 0.5818287442691028 0.26458991390803777
v 0.13004875252043574 0.27263579228461332 0.61907186866722919
v 0.31905068271153481 0.29116637511408272 -0.13937603068960383
v 0.233550008040143 0.2066505748302076 -0.19394413619829437
v 0.50417456090971047 0.60197882248097279 0.17141664277242752
v -0.046789314582848303 0.079371612369528749 0.0094910230683288525
v 0.2735862000528308 0.75298487702546857 -0.12043275743686857
v 0.18621761438315737 0.33865318790298243 0.61240818808739383
v 0.44675261087151347 0.31237359809737386 0.37329075124414424
v -0.013890739691880262 0.06162489186040658 0.1486211076944664
v 0.3634638256618728 0.088811673758512164 0.018155207654175543
v 0.35496010769389674 0.3488779282957658 -0.12760747051113877
v 0.18054927564607884 0.023842901089643941 0.33764361245831165
v 0.43018264818987773 0.24870073320011998 0.3799184381402762
v 0.28448178829697474 0.61834009169678661 -0.17414849920749917
v 0.081531577154827159 0.093367429781190697 -0.18534075179926454
v -0.074458936767546974 0.61009081386600716 0.67065750133562119
v 0.55909245533096841 0.18442796349188353 0.3267340444426392
v 0.63645532667708093 0.26003432072350768 0.27457547557036255
v 0.57417239360989047 0.29144485068516235 0.019137404532953824
v 0.27825801219847929 0.049051822699664287 0.046785047741776192
v 0.49164527218815635 0.44516740924433512 0.071338987144415458
v 0.14553206780714234 0.39149019228336779 -0.26401586110370523
v 0.17533126172602481 0.042608849782135569 0.52081738076194761
v 0.59295461452027676 0.41994256775141381 0.22762050709740481
v -0.041083224040160835 0.069115333338042317 0.57706756391214942
v 0.1886883716081027 0.60774344047918671 0.61600522714477857
v 0.064866989771322547 0.074233042278956524 -0.014004640729497553
v 0.65058413058536058 0.28824986953188358 0.13449405511708451
v 0.38958775897182429 0.58187004168474232 -0.11929690202872074
v 0.15004345862366661 0.027087760677166169 -0.022063522368365125
v 0.2380313762921637 0.078014002210544886 -0.015347143674302108
v 0.58404466782131792 0.39030295486127425 0.088967247360363086
v -0.029313958802544397 0.73086866925631244 0.54073129438023493
v 0.18108439377761346 0.55838591970794971 -0.23999984210322545
v 0.10061023135662343 0.32699702944344589 -0.26176922517213252
v 0.10874765022401658 0.73841222297118603 0.54667934377465521
v 0.62009377326931558 0.32043695157655322 0.31345588862973328
v 0.15990844070789512 0.7346475006740143 0.56267703684174752
v -0.070993138742138071 0.40111105849412337 0.66149101656257392
v 0.11322399404995043 0.023314157679011155 0.45173450931456172
v 0.19906445319827609 0.47861617421833014 0.63210160496868228
v 0.4065262599603523 0.47283685813257192 0.46611422128123731
v 0.29148750848742133 0.35908152571163204 0.52894698007467988
v 0.51762377961217843 0.10214398592097738 0.22640852004624973
v -0.04847894029698907 0.069150011771662453 0.26672093921582496
v -0.059285071334534777 0.26876505061792644 -0.27795349086577942
v 0.028010532301935068 0.11831769327688159 -0.19274124355240482
v 0.56274867168836218 0.19892735913917914 0.035828241754198235
v 0.47361652957987255 0.4778704022512511 0.35380708818681683
v 0.18751475040011428 0.061404921072600004 -0.12449485342883881
v 0.022504664714227993 0.16955496293063302 -0.2403500910855518
v 0.53910824666862278 0.24780043306337862 0.37293187319216725
v 0.015038693587004168 0.26095066892485497 -0.26835483028542528
v 0.13619916169302423 0.12999760135358487 0.53270708051499738
v -0.055681899473674031 0.2410228023856556 -0.27254566753031378
v 0.04681280297120221 0.065140888262331664 -0.077704756180094148
v 0.068420732264807479 0.021440792318743254 0.20918085942886319
v 0.30841177752283117 0.77098548244227338 0.47315363799765314
v -0.715732973711524 0.074175047003183794 0.20877563803350982
v -0.30013498166850633 0.05338607899502984 0.61692431054995256
v -0.86721356138131855 0.57301376591487507 0.35589355810903467
v -0.21531475092139563 0.043075919140684329 -0.20748868052828096
v -0.21578188617089564 0.59964541560770213 0.62632284594695498
v -0.269868718171622 0.57925320514449186 -0.30473982913816922
v -0.19432297655295314 0.54880240114309053 -0.33229464187528251
v -0.23187577221090697 0.66690132649594114 0.54572856529670888
v -0.38000077072448141 0.23681018707853987 -0.029232328794936036
v -0.6437947703658301 0.51607013136697399 0.54397437611231803
v 0.60675507924100747 0.17504115222476921 0.24016222894428518
v 0.26116105014280949 0.68026678734126722 0.5565808172736183
v 0.47126583923089876 0.52988203426721325 0.36745634670412691
v -0.43045336345645019 0.12259716997556386 -0.17433819224990849
v -0.50351691045992164 0.37550467250461866 0.47421487612772967
v -0.45712674137941595 0.64513099681897013 0.55032601811547122
v 0.3846034171632815 0.081449643906656113 0.33163882863134408
v -0.52979203581425471 0.16659274113308267 0.25973314681630583
v -0.27862051756042272 0.19261963463663317 -0.19522885356651964
v -0.07677130393550384 0.42179441787964789 -0.3100815689725227
v 0.51744995948804395 0.13779002625376671 0.32293352437292527
v -0.50379313521516134 0.64041179439125961 0.5559488391688675
v -0.49994585479434145 0.34866570308584033 -0.043850455916970031
v 0.25114375823538854 0.32071060925485578 -0.20115749280229955
v 0.58106292386500291 0.38256939077481167 0.306430986465832
v 0.35587541293203184 0.32138110529052183 0.48612908721375064
v -0.021653109295027562 0.073485162123105088 -0.086504146583075439
v -0.47693327846755329 0.75033517823310014 -0.13528218750510079
v -0.16565855794929407 0.67814990202544145 -0.26274023221062942
v 0.20294773096047197 0.36347380778395122 0.60437163813102779
v 0.41273710986648565 0.20817290309726733 0.38407013476843871
v -0.0059396489913324437 0.16288760975169531 -0.23767881667569152
v -0.38950865901195886 0.42835510860805093 0.52535087004189185
v -0.61995303939027779 0.18506017169673933 0.12973739607409401
v -0.5876864407946496 0.037411628198302356 0.48852037907071305
v -0.56935825090687786 0.65762386917804461 0.57048799237301573
v -0.43492364974722331 0.030199057473988343 0.13431318598485525
v -0.6181691109225379 0.45040197582585889 0.51677559404116713
v -0.27238115335947122 0.23615764585346627 0.46130286624165107
v -0.826115320327799 0.45280849347469615 0.14111992273481674
v -0.29315154340690458 0.78702044923711756 -0.149349976380873
v -0.74159603126498896 0.74655724068576956 0.4955024802120096
v -0.38981932105893735 0.086502367845597311 0.52270971740206873
v -0.59963484329282291 0.52878943756161723 0.54838005869243955
v -0.37352749472333646 0.4876444925574176 -0.11943000588832148
v -0.61394696326423659 0.36122566829259467 0.42705810687378565
v -0.5141728969686773 0.18610637845810263 0.26640758963459082
v -0.20738121707659338 0.07449609193123112 0.10221780993068763
v -0.2680974637324412 0.60778935833110526 -0.29226948183821466
v -0.84785235149064408 0.48552659802083575 0.12773890702428883
v -0.56658099486297075 0.29065506048430267 0.30342381497406329
v -0.43992807493382435 0.15686533746861542 0.51500840173167972
v -0.36801825495838425 0.56637278392734558 -0.15201323729957555
v -0.48054683103001083 0.057875961008685771 -0.15218518694682046
v -0.50072729174187469 0.067413732066921597 -0.074671672662317015
v -0.4600008780970124 0.031467847574572078 0.37659716040900593
v -0.83774233851146596 0.49610972966981354 0.08978404067598772
v -0.88888906612975238 0.57865719681728001 0.20720270901845189
v -0.26450636252560883 0.060429121512203691 0.47915281921462394
v -0.49276817950937557 0.59790368160809437 0.57006482924162194
v -0.2668854332262911 0.38193289106210571 0.49011518461309167
v -0.28043581417853192 0.40515863332749064 0.49583767464323814
v -0.58348554525354845 0.46442011716762133 0.53575819814813164
v -0.38074015753039642 0.15240686362508418 0.50485624168132892
v -0.26371903182838846 0.17984501563218397 0.57313157879764798
v -0.25400795357557421 0.07235408390725738 0.40228951724197465
v -0.51569464690989364 0.040886509735291059 0.17942388390460604
v -0.22775360617256157 0.074074645666344516 -0.11669212737466769
v -0.34138979917074297 0.6337367112874791 0.55088784747343578
v -0.34404635461156602 0.29627866690796895 -0.047071599863772635
v -0.75712965543705224 0.3837402608212972 0.29529315334031053
v -0.28547278261811182 0.2782038118091868 -0.20698427859050822
v -0.45524511973134157 0.36281439002507621 -0.065065388274962596
v -0.3673822566860343 0.1923011863088713 -0.096637873524270237
v -0.34289378042318108 0.043093499839535095 -0.2394624337940939
v -0.86526900363826476 0.54092690011736433 0.13597319551842227
v -0.4138742065994096 0.10754888546696323 0.53105932603446504
v -0.86763897311406957 0.68113010590996104 0.40069522809319708
v -0.48193334651716346 0.048581490667685197 0.1711844939982225
v -0.62740490186021669 0.67137588548828764 -0.10314798193780918
v -0.54043737770607647 0.033113340733112034 0.12384925094258738
v -0.48776190256109181 0.48751224358112699 0.55025986849042174
v -0.47016123298179613 0.26640513284396522 -0.032110650351540454
v -0.84558630892709707 0.70478012824353564 0.045625576226518687
v -0.65385843710734615 0.71040160768794158 0.53929809277136376
v -0.70756028082035971 0.40583005452075965 0.42674860487610411
v -0.31478723051379603 0.081136924690443674 -0.024985553351009392
v -0.39644772875248829 0.53015488168771618 -0.12692335172595831
v -0.6122956977295021 0.73548966311193864 -0.10018315779907118
v -0.38667753457403098 0.041831612246228396 0.34316097289261782
v -0.31784712934520126 0.35322651315459069 -0.16048355012736504
v -0.78953155028816868 0.41873553916651507 0.14995199420813585
v -0.69185069823607215 0.35887170936362245 0.061582708748488542
v -0.25939515602472074 0.61154404006276064 0.55807602831377068
v -0.52790600131928611 0.17210156850173186 -0.0070093663599566794
v 0.34006590480213655 0.29108303695279036 -0.12715102162107997
v -0.063874326598017964 0.62759664021080841 0.66831261226219441
v 0.56988486686764794 0.21393382619218385 0.34270478305279545
v 0.30044468918652423 0.60067126431284157 -0.17063151299361434
v -0.077533130132421454 0.5869253482306469 0.67075738128392204
v 0.13876926602637027 0.29320672150528537 0.61822352808976866
v 0.044542250969281029 0.72503338045830024 0.54073829705084242
v 0.28022650366902374 0.14177012518161636 -0.072243364134204055
v 0.35711377476813022 0.51736279329312607 -0.14261036312079828
v 0.63389629326013497 0.37023927434649667 0.1184470978527388
v 0.29389366094321806 0.57122681532635211 0.567586582450616
v 0.15998705146267733 0.032460735238124649 0.17124370112338649
v 0.61320067823003688 0.4109663233955958 0.162978737711171
v 0.099650458884359791 0.028868217725716249 0.011117531227320584
v 0.094371841689592756 0.04099571481323435 0.54061910639136668
v 0.011116432361535689 0.34207889049378054 -0.29246775853809576
v 0.50018397372692325 0.10884561928077578 0.28802968049213779
v 0.59833273899133355 0.16377957734595702 0.16412499658739862
v -0.055434588755841584 0.17211624575100856 -0.24859753540130008
v 0.26542604376505491 0.40522454968638416 -0.20452680709689247
v 0.32131853322354104 0.19736277576486841 -0.088591189304070325
v 0.31520397685544332 0.3767904985588813 0.513700586121842
v 0.37478780837198994 0.28893974954322588 -0.083812285420196017
v 0.13631538146400035 0.17876432717935919 -0.22050134210892675
v 0.49002488465628014 0.68249011557702877 0.15292773026125595
v 0.17728106080050277 0.33944788606470361 0.61753864362623212
v 0.27227828486906924 0.11529669999097905 0.47806227606099783
v 0.13142025942067828 0.7605140252933541 -0.14299040556926504
v 0.44890456885910313 0.41013229858678651 0.39624829122106958
v 0.17843084964754546 0.42908441847273315 -0.24877948048050452
v -0.024213092027437141 0.070698111333947294 0.35966251741592181
v 0.49500489032848471 0.1307377066842845 0.040470484577032673
v 0.36607734635340977 0.18962079314043204 0.41107602334375976
v 0.25119103393571274 0.43648388856453102 -0.21640190438663209
v 0.10668336301763801 0.030780739231102989 0.094856164794566031
v 0.069780153685770341 0.021882123382794202 0.48893063656550834
v -0.039592203352926472 0.31158682041764141 0.66054044281516267
v 0.15025693083213573 0.027623579422345636 0.37948704641018305
v 0.50297479741291062 0.42715611627565969 0.27098687831469048
v 0.46879162676199959 0.66136497266061267 0.040130499222540278
v 0.03501539576555044 0.080880809537467568 -0.014119351485887997
v 0.44998087868102188 0.089160251546497565 0.067197813927121194
v 0.32520734136276086 0.47636003253348308 -0.16478616631189857
v 0.12284895815859842 0.36542292822961764 -0.25780471891578743
v 0.35853538328826229 0.47955369482589466 -0.13561831997037199
v 0.3858395660787749 0.40590820966411612 0.47490038525847028
v 0.11370880960962534 0.044249371982534952 -0.17239933576171423
v 0.14664147349739745 0.034271916178735304 -0.13903244737630666
v -0.025256798952378888 0.66899049904189511 0.64565053249693605
v 0.26001870637433333 0.67359433877227559 -0.16000784970366189
v 0.19948727909825198 0.10962384736379051 -0.16545996001408361
v 0.46192561135855204 0.25852920604112256 0.38189303719357387
v 0.46644544902095009 0.54416309793771878 -0.0098508100010288157
v 0.069386262666909199 0.25012080504583167 -0.25899171017752215
v 0.15989105114650767 0.6803965826509486 -0.18341884601618791
v 0.18413451299021488 0.037979956218838457 0.10002839038461571
v 0.087971688018177868 0.43447401539936331 -0.28455167698700518
v 0.13578404544473299 0.64610114086842241 0.61621633257072916
v -0.025519669404994155 0.42484327108020981 -0.30147075756535718
v 0.59097828518149043 0.42132726882114757 0.18018945059607683
v -0.035231196937983683 0.041765264666458995 0.57666508242250936
v 0.44468076569748943 0.31241694094029843 0.017030585775454913
v 0.17783013141515072 0.25921420482145707 -0.23909032525079132
v 0.18971288674508935 0.29621341865785678 0.58910604911336073
v 0.25835341962453234 0.78367292589934601 0.48784098579202184
v -0.15523981621869462 0.026830076516148136 0.55413920558168495
v -0.10074623712949252 0.71307065694117666 -0.21568241808806854
v -0.13751085781585601 0.26406462851186019 -0.29090682726158251
v -0.27026180034231406 0.07617656483288672 -0.11712876438721037
v -0.55076289575677806 0.032618263400380744 0.30437516840758833
v -0.77073443572410016 0.61159362947801532 0.50603826507592631
v -0.62284411253200023 0.034398488594477764 0.13053013796138649
v -0.190319955253581 0.76864787520326838 0.53325360958229706
v -0.52823175440911152 0.051646086364415852 -0.05032308779055493
v -0.62398362052022038 0.037447944471887616 0.0016068465827714792
v -0.82939244272582413 0.70979697302819444 0.43919136245762858
v -0.31481432408153681 0.15092480774781955 0.55899599897734042
v -0.53958578425390191 0.59232418621377991 -0.13445875391851017
v -0.84244391774245864 0.47594651619552791 0.21183689195098027
v -0.57823342329048411 0.036847553335225519 0.39721524099328864
v -0.36122659129843521 0.1450995018461253 0.51426571248631214
v -0.42193452199152481 0.56669584794672567 -0.13539851716686693
v -0.44010779336832256 0.21756611977336215 -0.032783032731579093
v -0.70130751552627368 0.063108464452545865 0.2355326643493664
v -0.19993848039398096 0.66322713211202422 -0.2778781213010178
v -0.33624120288129533 0.29540008169267817 0.49554656158040616
v -0.6753460246637174 0.059832583433619038 0.0048816237220691743
v -0.37760987569296545 0.77505102317773322 -0.12682224284761159
v -0.17647619250134147 0.65054958783664496 0.62181775540194806
v -0.27680190387376208 0.11208536980837785 0.62020321790178279
v -0.80482470853876542 0.54257808001020813 0.45673405214164642
v -0.35145479706514837 0.25788823085226398 -0.029585440753749817
v -0.24588772307762283 0.099582907059864695 0.64163126104482804
v -0.48659362157757607 0.10156632410984204 -0.08316785396613631
v -0.52705780110017963 0.25518186384453712 0.350867510300714
v -0.22594470565851385 0.11372182541604085 -0.23012870809434646
v -0.23285523385518708 0.62098718434828526 -0.30138845446665091
v -0.57335008918855368 0.28854175973195434 0.041361015864579936
v -0.57495175513243646 0.50564526118260267 0.55165912058235822
v -0.38693568487331709 0.18376540957722115 0.49707838768015339
v -0.50951278063257377 0.23428779771650929 0.24955609755882971
v -0.38200976002134279 0.080977094523116799 -0.026046907751793868
v -0.51136738009370908 0.68172158051171294 0.55304932715577393
v -0.61816905160915503 0.60799868524051548 0.57335195466114564
v -0.2624077451887743 0.25600198578737421 -0.22483688589544018
v -0.43998304870378641 0.035298259235899687 0.042999124095657038
v -0.62022281011701885 0.12574883979276122 0.25227651046757621
v -0.54431010013235381 0.30490589786010763 0.34898092772963679
v -0.81262851767754252 0.66879111858287243 -0.0073217874321657517
v -0.7285304364430516 0.62420912776840798 0.5333665686982797
v -0.25693860606471919 0.24610033440651063 0.47196202822270567
v -0.34209316828607761 0.20646184104977405 -0.067340282141115676
v -0.65506496143368109 0.73808143119979586 0.53567022774042006
v -0.6732757312642581 0.04576963375618457 0.40154699018452555
v -0.37838720710490004 0.077690472774828448 -0.056448975627330367
v -0.68620426518799249 0.55216521583287237 -0.093796827959769416
v -0.40329719800405017 0.76232947409975826 -0.12983994413626343
v -0.45560520287548884 0.099993863931700053 -0.16528947417446813
v -0.31608814417059949 0.61441407763459188 -0.18892865291558006
v -0.30120993042295635 0.051623070752085241 -0.23759470297086774
v -0.33622600295275101 0.39628991812578379 0.51909540703508228
v -0.34311934388131388 0.38735076147941611 -0.11109866143025868
v -0.43742289372390347 0.044685549545233058 0.29042161122146809
v -0.65473175250014404 0.13255160941968971 0.40901303310455461
v -0.78327893997643605 0.66692666946341694 -0.040673008672552836
v -0.71906957334763266 0.072750363028433587 0.035935081788899079
v -0.67843356815937716 0.076946471287851065 0.39440524919632458
v -0.19916529987094375 0.27880364334723012 0.55310574063350604
v -0.90652718768627816 0.65875348113677712 0.18981066368419994
v -0.35364954392212439 0.038982851630817952 0.54810531482031855
v -0.64196813015674103 0.043600546730510878 0.32330500987810129
v -0.63654927939932093 0.078176227993779934 0.31941679548576479
v 0.28165192966862157 0.61353576353370154 0.56646678650742133
v 0.39604140903671181 0.3149431278023922 -0.070475584893225793
v 0.38813867667494206 0.040065634379688519 0.1851348556993449
v 0.048414061890943778 0.27621966913769991 -0.2599907569111008
v -0.039505017377402175 0.68735175883559563 -0.25760062761891694
v 0.016491296106312288 0.64166234776001807 0.65807719212208271
v 0.49543501376462151 0.10864809157495961 0.07584696597643327
v 0.070289567470003034 0.44867466718339494 0.66164219466421559
v 0.13477834665018437 0.026965406415391878 -0.071915619040129178
v 0.18306322051526458 0.58957693519354859 0.62469659675472056
v 0.34257117781612473 0.071320339848321868 0.030449812213806885
v 0.24272404221458227 0.072491506997056032 0.49345282424011716
v 0.37287606752155661 0.63164968112168751 -0.1117684830633386
v 0.44918795095776104 0.51057398303798129 -0.030313226016949284
v 0.63049300985954926 0.4010217329236519 0.20775970781858127
v 0.4382694054163529 0.602593999622138 -0.056862739833360772
v 0.22317007085686258 0.29399532168510317 0.57490019845500573
v 0.097485161176880691 0.023965445446045779 0.080636254145696196
v 0.19902675436425055 0.0445911383135335 -0.053169840350791787
v 0.50691766472825317 0.54777795097960857 0.14861253793934087
v 0.22388513160122536 0.3777145862236812 -0.23357555403817648
v 0.50779917331902469 0.48645702864207618 0.26445440096236084
v 0.38129008252952684 0.16918156992866004 0.38136130627293435
v 0.42018828916472151 0.59512194118474804 0.45404243555487045
v 0.45542274049082387 0.071586074531901328 0.1398152821199411
v 0.65298884572712401 0.31155828286503257 0.14097511695580331
v 0.11957141509006586 0.74691565508603486 -0.15020409016947844
v 0.34323625109133582 0.23979231665119383 -0.084341442948586157
v 0.42866612792598874 0.26397480857362365 0.38259065134660708
v 0.071752908570865914 0.043444721324140671 -0.17947536660543639
v -0.055704880438928461 0.16140252295224219 0.57596795837402825
v 0.25066828824076959 0.024347199790205182 0.24937024188841336
v 0.57164089291141151 0.16325981689581487 0.28915544195249571
v 0.38174774550073004 0.2191379122637275 -0.019218227213868663
v 0.33308902141289437 0.6515300882184375 0.51942501738634927
v 0.35134555437204418 0.059288237755680012 0.04956837596009242
v 0.26589885607622538 0.44924359066791614 0.58632314140459885
v 0.27356592342732805 0.53929704214297158 -0.19612451821881952
v -0.080414919399766721 0.22475371893270527 -0.27270655253467418
v 0.46991721326301128 0.70805572442229148 0.072144005868584535
v 0.10579390541736905 0.53797428773311418 -0.27152098567309801
v -0.013475909594358765 0.024404522860781517 0.51548055285330663
v 0.0020912342510796367 0.064069513809266315 -0.092787630630985121
v 0.16082746619913457 0.3052883370708982 -0.23897029083849214
v -0.039580087056805456 0.25025250535293531 0.63324072447231794
v 0.18365638400548365 0.61642862410246757 -0.22089265884521342
v 0.58407785870174667 0.31286618668522459 0.040435728677700705
v 0.23197227852406677 0.037993831092077227 0.22827565451660581
v 0.26515609221810454 0.17081003548218621 0.48013573811965216
v 0.17302582255655308 0.67053315733170504 0.58581884537550843
v 0.011287101521875632 0.071257541029050853 0.43249016083057634
v 0.022465783539869558 0.15511021060720434 -0.22637996348093842
v 0.21694066187781783 0.1612842950154364 -0.1632227435165827
v 0.1605998408565987 0.76845427397425436 -0.13761015438190483
v 0.39967888678689317 0.24091014672103184 0.40836587661247914
v 0.16246317834956314 0.093089169309511791 0.53091442975422998
v 0.2123823890153452 0.57076105238042329 0.6015186943285602
v -0.018187499237529013 0.47008981332823274 -0.30921336181691045
v 0.26801521980978454 0.39963831783218917 0.57328561884720541
v 0.046765587026278733 0.55037101426022106 -0.29058395132547521
v 0.40302142802586965 0.45999545164528327 -0.071253168253615898
v 0.26675523198672618 0.029280542802814211 0.30035438712541163
v 0.39996461655700732 0.33408362034197059 -0.071470623762939389
v -0.63533614091407964 0.73291284092958142 -0.093288528318532446
v -0.38556261559221749 0.090858381167478144 0.52375866507824764
v -0.44444723753757187 0.14469625915819176 0.52622387111394864
v -0.1574222856061116 0.29009281187818564 -0.2983087586503454
v -0.26350957129336205 0.39765389180474731 0.49673578824532016
v -0.4131178691558246 0.12262889264302727 0.526856716183009
v -0.5579113818183552 0.67321052037312001 0.56411719759376611
v -0.28916571287373871 0.08059500293404856 -0.029055310506314345
v -0.39248292655781547 0.16897446682112269 0.50244864008595724
v -0.58187337468793243 0.44751093215219018 0.52564694058424977
v -0.79469418890834354 0.42619502623397998 0.14039749864816453
v -0.57642013963819205 0.35116954248469312 0.42839389185197385
v -0.52049160350488655 0.14696182861279036 -0.022986008453937602
v 0.14676605505143964 0.16970178594449528 -0.2069299198495001
v 0.16198680471626895 0.034368600907092983 0.11471596973471347
v -0.40090361690377618 0.18649629590903161 -0.073378141980158754
v 0.030543384009593014 0.73139437575462052 0.538797273464105
v 0.27645923827378976 0.38423604400939843 -0.18999569876518443
v 0.43684283517055622 0.30893890666477991 0.0083025707385290231
v -0.53660023968950432 0.033841521204146414 0.17514602107912011
v -0.44161749918222554 0.34906724183865173 -0.059356591383853498
v -0.47310862283036398 0.062575731284419844 -0.16447696790646224
v 0.13730078048030289 0.37324781587979056 -0.25855448896385824
v 0.37478990701245102 0.41655417811717199 0.48196210992785721
v -0.50916216125598945 0.21154765335703826 0.25924943346496082
v -0.18764980270936668 0.074739268751084664 0.11495965822508773
v -0.4679387452160666 0.60402202832757501 0.56534089462700376
v 0.32253085402419507 0.51958175082277014 -0.15603605549660843
v -0.074936810502015117 0.47747403752807688 -0.32091342767317838
v -0.37790199933458207 0.5151306100165145 -0.12393388238975397
v -0.34824073682300644 0.048889138845795724 -0.24589833613946988
v -0.32044751463096821 0.62151835072843786 0.55298029477475952
v -0.50977859934550795 0.46014497891642836 0.53717580609452853
v -0.55728341861381547 0.036542111089771866 0.38578742238813768
v -0.72283803989238338 0.11806127957497989 0.086110262573329044
v -0.87172691819050063 0.56072247611621362 0.32613781972978373
v -0.87390481021482314 0.72123752485990023 0.38427816442944424
v -0.31077585003801506 0.63616031465297995 -0.17787127923759199
v -0.38456115968231447 0.1210929230938069 0.51469428099190651
v -0.27603320856940261 0.036557628626412438 0.61662610044526101
v -0.66617479741874464 0.42907407536470904 0.47991178796445988
v -0.59675058348461363 0.39418680996372635 -0.025330593667893961
v -0.41500685360624984 0.79773554468479912 -0.12501826265297075
v -0.67942593682124119 0.066289293722270784 0.46981515676394425
v -0.34577019021080596 0.4752739661983823 -0.2012718391305062
v -0.541862725982173 0.73400115626279216 0.54678302753947017
v -0.49925969960388983 0.18094109726302321 -0.017282719732990229
v -0.31399988434109788 0.36262601428992275 -0.20343668841616971
v -0.22582637392137875 0.74582034253666218 -0.1703639123288142
v -0.21700533822828028 0.70392977188175609 -0.17688239799828545
v -0.35974832291652648 0.086914738692612861 0.55857197310904849
v -0.2747493515626368 0.12286315623845007 0.61295029594187567
v -0.68305311593817519 0.073490067890754573 0.42081252731334318
v -0.7918049509873204 0.6037379521120565 -0.034712983804191452
v -0.16272617376254417 0.69890546075777504 0.55130358722765405
v -0.84950274457388419 0.4783376294556303 0.17926124571710345
v -0.43123527690226965 0.14360618517420004 -0.1610077624973778
v -0.72226195240524194 0.77997271581906324 0.49707641200904479
v -0.46406931945117591 0.44728448822501848 -0.097390454671370696
v -0.21623038729995459 0.541889955464399 -0.33139599573991596
v -0.45520004916153278 0.15088740537397805 -0.078330452329686842
v -0.37447893041486585 0.24137033865208457 0.49447906005250286
v -0.32745069488052225 0.71467675926631302 0.53475178436290205
v -0.26803722893170689 0.33988619891235999 -0.25775754317888794
v -0.45543020613180624 0.2265115444746614 0.48337553385768894
v -0.36622271623058139 0.72355936140047794 0.52485768998506899
v -0.87977363430593236 0.55425086579926253 0.1703919876280259
v -0.27365862457358703 0.54278881305968485 -0.30969211125913254
v -0.31869915213069122 0.41028127938891018 -0.21595386926766369
v -0.33952395490140769 0.49753103102547597 0.52831234183402997
v -0.26679317206804409 0.46358290745894482 -0.30989428431893135
v -0.35423856805489357 0.19007114537416414 -0.12408747093601173
v -0.22946042303621542 0.16969476718339371 0.60293571675916857
v -0.62438635946096277 0.4243898068946671 -0.061344846513408199
v -0.55374664202004775 0.20559699718857716 0.20765214257967141
v -0.21156715656232403 0.12887446710146933 -0.22564825800811233
v -0.1971026816415701 0.37570895367409696 -0.31894403019655898
v -0.35149773974878412 0.034403954300540301 0.42680111034660767
v -0.67033268528157497 0.35097819831953453 0.36312127486720847
v -0.3762957861696174 0.029345021740620935 0.17134643356191878
v -0.61727576281797292 0.16105247950237508 0.40807447035613931
v -0.3145339531384137 0.03108395131864131 0.21695061181737918
v -0.66661254587487762 0.31155722630126964 0.2595121503808917
v -0.20942829609916691 0.16363414995948972 -0.22097135933011497
v -0.35585039766011006 0.42655783836300082 0.52590792174177148
v -0.47133759326803315 0.27021448048896324 0.47182575422506873
v -0.39525499171013978 0.58872302359765116 -0.14419190596638762
v -0.33383191448644417 0.25810232353485085 -0.046918548051473281
v -0.89738036916095509 0.68933498899558432 0.35265650832440781
v -0.65491437034206756 0.54930313345469794 0.55542619395074966
v -0.90174009826733204 0.60764445145757739 0.2603490175255091
v -0.77241944768892223 0.39265569840074982 0.2647104419944119
v -0.29853646893965413 0.061120432356771913 0.34550108584595524
v -0.55899452099206715 0.57999456602488397 0.56189815624869344
v -0.76225777319843036 0.49543768989641906 -0.017061321133542751
v 0.40431216252653696 0.30115012084780796 -0.055325639044744301
v -0.019227169444722966 0.53208532870378722 0.67246350777296859
v 0.1602598076832511 0.75103955607204687 0.54621839121900639
v 0.52852917812917943 0.422657336994677 0.18903756774807837
v 0.29783480956838482 0.15332995624360779 0.45703024420200866
v 0.050481686227589355 0.2542894038232773 0.63465849071345026
v 0.23673254687070858 0.11015577690901535 -0.061138148882657457
v 0.55811869200103559 0.1494774160401692 0.08618120657974486
v -0.008324675184697582 0.69685917861268698 -0.23259186693305089
v 0.44953233531260367 0.62063300553474665 -0.036944763226431747
v 0.042360519591954471 0.02702553670864415 0.26220867514605656
v 0.34128141975907672 0.53469656111185726 0.52010485731667067
v 0.40032072128873003 0.11081830228917028 0.0092185176097055732
v -0.06823356989491132 0.031046264064921582 0.51302066189669537
v 0.039222530880545226 0.64894837068652389 -0.27107771288465499
v 0.43107548044650945 0.46267670447513309 0.43185820677447406
v 0.31843991404444799 0.18320862536511073 -0.07247976926572898
v 0.019038775339947099 0.13613884708044294 -0.20362186389459994
v 0.086175487013782789 0.19850699101321878 0.62056276778600428
v 0.36851470239639411 0.70572642250286011 -0.084089574210452545
v -0.077119337182699227 0.19741357350432912 0.60633335067401228
v 0.20317148943311236 0.16164751303943448 -0.17125166469678185
v -0.063634539080221542 0.71957027040849908 -0.18683808522620673
v -0.052826538351592282 0.55324691784157365 -0.3258246749529306
v 0.25617158384409733 0.029634923424756664 0.16774885342059359
v 0.58755322493573636 0.28733548320054769 0.031303461493550046
v 0.22386774619109989 0.47380775409212261 -0.22025149314299519
v 0.20083157455549513 0.24882626179378811 0.57473250035132251
v -0.069616859913106025 0.069684236779799485 0.29650202820796118
v 0.019393108390404465 0.072880766667187596 0.37733791387496557
v 0.53440524738878792 0.11250432614491165 0.14706168524516863
v 0.61832251828659002 0.22777509939363588 0.10164316066092378
v 0.071207511849813082 0.31442070747809359 -0.2586463314598203
v 0.27916351840649595 0.070365938721753132 0.41151138112379698
v -0.034149685073279153 0.72616760885777043 0.54851283991571653
v 0.15257407462755829 0.02561421345481224 0.016714945845570123
v 0.080197525806623024 0.72170914639608941 0.5463243786298938
v 0.20125826824571774 0.32382923179055245 0.59465180502957349
v -0.036043762305525993 0.19338480295948207 0.61190434818211481
v 0.33509465551529943 0.3455581270532298 -0.14371197943028366
v 0.62146208018226112 0.39638569353919445 0.2497114508925366
v 0.17951370890886217 0.44807965493582114 0.63747205102347926
v 0.42343362496489639 0.47909842474423114 -0.055933323406583316
v 0.21936216990208696 0.10948993732056599 -0.13502982364411567
v 0.38281853614478589 0.36995577793348849 0.47074258041557615
v 0.49336289412338907 0.2767450573008951 -0.0039988910307003451
v 0.38082743881135606 0.23179322266576319 0.42916516995113185
v 0.23506384701832955 0.029478167216498583 0.373663386379399
v -0.031427360675158396 0.072234201852825683 0.13512407086575842
v 0.35290597013743974 0.16322321748130497 0.40442293629978326
v 0.45456809643820473 0.65851388866015659 0.0048659743538113122
v 0.11536211502357309 0.50644119205607019 0.65239013431960147
v 0.60202018668130031 0.20146409626011161 0.29431533563469631
v 0.064096848551126934 0.67787538000061354 -0.24198538661068494
v -0.021484008834154748 0.3584381576472947 -0.29313881474635634
v 0.22657117826672268 0.70938862382171786 0.55829496249854804
v -0.0073364582184783011 0.080972012307828828 -0.011652704500493685
v 0.12876815163996588 0.55895582484720019 -0.25784221377013883
v 0.6500270969581351 0.26296797146606188 0.20810183361631651
v 0.15492047093494224 0.5285648893581274 -0.25184972254376881
v 0.25729982408119945 0.56267099889613181 0.58371913451638824
v -0.0027919651249493638 0.23081588920399607 -0.25408609810033644
v 0.48595592368094398 0.67004910917518989 0.092543359766365407
v -0.0035040798451651265 0.55636078484059526 0.67557139846529479
v -0.2219496515586305 0.69332697505583762 -0.1844399585794908
v -0.06955208831844964 0.025526904875739977 0.55622272301881703
v -0.10261004997903256 0.78317585970149495 0.53352933231028143
v 0.11426938546042739 0.77384625075955227 0.50700389425479042
v -0.11795416450893156 0.069029904687462104 0.29392893677226084
v -0.1300053302675897 0.63546816290515218 -0.30964541458827216
v -0.11789561425645823 0.16987567100920978 0.57637187141024238
v -0.13121370946995559 0.047591125284682109 -0.19770922029004467
v -0.11143278531322889 0.38600037525917341 -0.30886593693876346
v -0.14371148212611648 0.036042611622295259 0.61097735565191524
v -0.12958186383238784 0.49899074547148747 0.67903413045708472
v -0.67056902769568216 0.44908142552611047 0.49314494955856664
v -0.88335737810333537 0.68477909916837265 0.12055453112514958
v -0.34679803070883036 0.03462166682589074 -0.15318844490225653
v -0.61043665684302584 0.30208946195634495 0.14118026285725904
v -0.19791406031898795 0.63211094605085605 0.6215489157058699
v -0.71104714358438126 0.041909856555911652 0.041619190847754672
v -0.35806908898425738 0.16582516013763549 0.49768898948808921
v -0.91248462353253756 0.68057731634880925 0.25946083040013046
v -0.50707651040314528 0.5749519754543968 -0.13710284537289888
v -0.63384592328948208 0.29969538109680799 0.25406538590024058
v -0.61092395685561007 0.13270836645693423 0.54266753362924347
v -0.28794761827364129 0.03722007705039878 -0.14752485448234157
v -0.47220082293901178 0.65994953117669886 -0.13714021453055086
v -0.62095936352437708 0.37292482249515646 0.0093967228046272309
v -0.83595192042573074 0.50293047752522857 0.072908001545554851
v -0.41306142533138118 0.049912861929106468 -0.032559178837805937
v -0.6138704092168914 0.043419481405969657 -0.013406504044611781
v -0.33110396482165916 0.1861239442233445 0.49492329007019625
v -0.70197452928236381 0.34774258952972192 0.1086206929698718
v -0.37191482146862298 0.077225519642568713 0.019942195266013023
v -0.55469855445228045 0.6349370436836016 0.57198994076515952
v -0.31159824671152997 0.22157219605859019 -0.12653741646935593
v -0.55000822269030369 0.190785181814108 0.39990775946556834
v -0.54675829965600642 0.14610123205955575 0.30029783774437885
v -0.59424967277530327 0.66164335645115135 -0.12628796272893791
v -0.68194573080966125 0.58230734707420184 -0.098665334250002623
v -0.80949849284876796 0.48614679020104073 0.037939465692403883
v -0.2904736507607415 0.68407079175739227 0.55591485036291832
v -0.26695039681058907 0.15241076646702553 -0.22135613111669969
v -0.7584758058945128 0.54775617964852652 -0.05512133159050879
v -0.18033832584316739 0.10264012396289247 -0.22023897496368045
v -0.54048595467929628 0.27222482227274097 0.27843057476904426
v -0.43510006917058186 0.36393323709244729 0.50784671753543653
v -0.54589302650584348 0.36924705872503322 -0.018885868002514624
v -0.76611709263857675 0.61606711347755572 -0.057639163442861172
v -0.22162527473779037 0.076631715024271935 0.64242597496961429
v -0.862149628935725 0.57511529554075569 0.37058019775457929
v -0.58304115446555371 0.14464383988975837 0.25029513427939865
v -0.64029651949028821 0.68831957479900185 0.54697513950258703
v -0.5923005223902138 0.049357609560118497 0.56510512489493714
v -0.36702640260272473 0.44030276312170213 -0.10703901926999138
v -0.32132577257810108 0.072025399464748188 -0.11284119892689709
v -0.41627695864904785 0.65861366635402374 0.53712055909325562
v -0.59591126885025081 0.035956781989861943 0.35664797913646351
v -0.5743579730334607 0.50974799448946484 -0.11541591906750386
v -0.63777122486535587 0.15775935931662005 0.43717954222028549
v -0.30576271961775209 0.55780223797600481 -0.274607224826727
v -0.46799984190008759 0.15816308646783855 0.51527250074946895
v -0.50436749006609849 0.29012403108965706 -0.028010023185157037
v -0.80699493409175893 0.45781600778529274 0.063883034639907632
v -0.26786806328577512 0.61054547324888686 0.55007677014575207
v -0.5524053134018736 0.046481907415581593 0.5669153747688328
v -0.3984524309288745 0.14689141112934032 -0.19526042833148768
v -0.30493736380382896 0.034031669651204785 0.23048663566830782
v -0.73465168141364334 0.043185071119187644 0.08503246856033593
v -0.58851414552982406 0.29958976328261733 0.30971734969490172
v -0.5126961802639487 0.41564643208143426 -0.063929850775660685
v -0.2905881282100663 0.2752254873994967 0.46688077728757993
v -0.70772782514184363 0.13557442716731113 0.087904016033331436
v -0.21943150802162417 0.071131420097804293 0.36091345722800766
v -0.67788655530901221 0.10411047334385971 0.016425728454174608
v -0.32067814806923933 0.26271617476424142 -0.085633997504733703
v -0.21003512520988635 0.37190118461223293 0.56704863156906749
v -0.44407103620495475 0.054131739681263794 0.54841081093598476
v 0.087401178161525178 0.16292719832657462 0.59432433516967564
v 0.25341628780851777 0.50469730286068126 -0.20715647389006822
v 0.54445812341140543 0.13077509508813756 0.10150372449574824
v 0.25282852025785291 0.021953085541084327 0.14565341611894897
v -0.015011663859675112 0.13183996078289137 -0.19979563544547865
v 0.015343438663881066 0.53649766926452502 0.67696481181299373
v 0.017812770158421708 0.086765515262556686 0.55784190160840463
v 0.031758195111175717 0.13046955406518326 0.55196762494801865
v 0.16444221077170451 0.29433697354282895 0.60027643560543253
v 0.2993949583188209 0.74899633447105018 0.48528843811318434
v 0.11730036274844102 0.41935074250413062 -0.27225405896386018
v 0.18588464572402663 0.03443921902252263 -0.047239615312849495
v 0.33100472690706484 0.11533029453871153 0.38721575222215099
v 0.012240917986957806 0.51596610644442875 -0.30273491225817106
v 0.33029444221973558 0.27017137215812881 -0.11568514913630482
v 0.16015127792225842 0.72192489572070062 -0.17206576804311988
v 0.26142318151384114 0.023470259750010877 0.24388932427975255
v 0.41242094502385157 0.38935316428614192 0.44282041671789851
v 0.41097304370149124 0.10083332524241172 0.34920415273194783
v -0.068921508493229394 0.73253448801130228 -0.17729940980653505
v 0.1822830635613826 0.57640371178173166 -0.23906934523048176
v 0.20031394450300857 0.025118665904664349 0.084111610646976212
v 0.38189465837514225 0.53116742789844462 -0.1305903187106302
v 0.19430624001961233 0.58885518370972334 0.61429648230304046
v 0.14197784848449366 0.24032594028365814 -0.2411292223085964
v 0.17645063178322365 0.57153440148800627 0.63154452889408774
v 0.27991835692159928 0.44711119215386258 -0.19992473779392955
v 0.15785649357796425 0.22063248487384043 0.59769294560626174
v 0.22488416750843249 0.55923354120224233 -0.21779456840807895
v 0.35445527702176471 0.42344597299594694 -0.12970188504220406
v 0.088890461584096386 0.29224487645070274 -0.25402363000426009
v 0.025729595640280118 0.27320927383416832 0.6392055054595126
v 0.13601521787005491 0.051675998677715593 -0.16844852940402877
v 0.029600378936135697 0.17730782011259594 0.60718414744482052
v 0.50375153616467772 0.61886577439407675 0.13667422787408781
v 0.077214172135404324 0.069548771929521067 0.40869674751150953
v 0.64730833722722303 0.37532669320022977 0.17147609031870245
v 0.074674012933176895 0.69531527222728717 0.59774790819156387
v 0.25060942541529674 0.22395648979390892 -0.18766744632186141
v 0.11238279964314592 0.1245953451097366 -0.20008340253424969
v 0.34881742304200258 0.47096457220946736 -0.14556600897205782
v 0.4734082113028697 0.080142666554942912 0.21443071974035841
v 0.42051122479246933 0.2563125325706202 -0.0022113118242225805
v -0.097820353030170948 0.36974274302277693 0.64009845198167303
v 0.017347452515025417 0.081686135664648996 -0.046954611320462171
v 0.47041410837901104 0.46662574444342519 0.011730552184829908
v 0.37246937980825978 0.52593009547941272 0.50367866785822646
v 0.50918436823381019 0.45612206515785625 0.21922081981567665
v 0.097499192199002147 0.66710427607239553 -0.23361592639617196
v 0.18283021237514746 0.035939527938104072 0.51273077096366593
v 0.045574847961526277 0.14616781176654192 -0.21130761088996342
v 0.31001679757098982 0.026480160212476685 0.23119869969505966
v 0.13755822063702935 0.033165156806829625 0.39320382433781387
v 0.44671858322246166 0.1072122704285704 0.3392089856059361
v 0.20395776871245205 0.097731150173266682 0.52234313343113026
v 0.18240499456997969 0.034676824257172202 0.15151699228018475
v 0.13310029950933466 0.022817789495594914 0.065654028035265891
v 0.22950444519579041 0.032445267046012617 0.14849577409379461
v 0.4964207778431925 0.35186064666429961 0.32895701085246926
v 0.22922473500964663 0.027084145692761546 0.350178029184606
v 0.62271258472422741 0.29782447794246725 0.3106148103273963
v 0.41304816178289444 0.45985143015045243 -0.063447954208216611
v -0.036453623454089257 0.082596546381795449 -0.066756963988304954
v 0.10949030162915778 0.61247823232474741 0.64384276945461194
v -0.24270415763585873 0.72288144178487257 -0.17164719715273968
v -0.87233303292385433 0.54235320422587185 0.31701837235144864
v -0.33803926674656609 0.44512527188641948 -0.19013248998195315
v -0.39254732718125468 0.031726558902343334 0.17032416447840756
v -0.54747239606754661 0.22283956837053268 0.20778801207471792
v -0.8891384788689759 0.58629424864518942 0.26696711712144655
v -0.094333928797339858 0.03001624092948953 0.52467536427985106
v -0.19204005683762915 0.15700292101933599 -0.22188329233734183
v -0.16430287350669426 0.50671409259300026 0.67606617284932158
v -0.78100813264514313 0.59014607128919616 -0.046640650528183225
v 0.37760901002061881 0.72403931890469453 -0.073119311332129414
v -0.43066045800924468 0.78727492196914528 -0.12738643843729872
v -0.4573635270492874 0.26448149019311279 0.4840224117432072
v 0.058048157580064243 0.71945827605927393 0.54892147697920202
v -0.68388999396422423 0.059892393323689889 0.4371918723195295
v 0.64541379953756062 0.24782484022303355 0.1805092330721525
v -0.39937989016080849 0.14135933736835501 0.51728131025933777
v -0.33046512374138881 0.48543437890325247 0.52230372822091164
v -0.46664228731281127 0.20475915397587985 0.48425407394854375
v -0.37260586510399474 0.57400529350053842 -0.14999105998479817
v -0.066701298277585863 0.069847078920570543 0.2387146817942741
v -0.30929168685981623 0.04390067836186478 0.32924793391786106
v 0.0023732571223986959 0.70623221372717193 -0.21529987732517417
v -0.54575019091023513 0.72190200694410112 0.54994649020918596
v -0.099846409765621882 0.43867695117834116 -0.32147544416698814
v 0.072110786840714536 0.19474532942747674 0.62102193784335158
v 0.26524734867483762 0.059291619527776611 0.42168810750290442
v 0.60467303723778199 0.28734813796949743 0.054187733284132421
v 0.23370634612657196 0.34368159124763031 0.57785629933041949
v -0.28613218034056986 0.55081189840498834 -0.30113574895509987
v 0.54731578991850349 0.12482000290865382 0.13921675221555085
v -0.64352945074804269 0.44990567092698563 0.50674575149593437
v -0.59726724340878179 0.2971892679263472 0.12581765795062735
v -0.2002972162360861 0.72249346274181747 -0.17489614179080815
v -0.39420125620653473 0.075507776061704945 -0.016174451892130907
v -0.56312427191649939 0.37600175177475081 -0.014633950655394646
v -0.50290814081102531 0.31780368015020305 -0.038098703993418526
v -0.38270599047260578 0.5149197515005256 0.53613000192267735
v -0.88312215086992429 0.58854803647494824 0.10834382998931562
v -0.51641399374512376 0.61783628157732173 -0.13618678451307817
v -0.84731748035092214 0.66332984506158776 0.030205564747121275
v -0.84150594114363886 0.53405238216934503 0.40350474226329042
v -0.4675966627780645 0.37223621622836595 0.4927865178877609
v -0.86846048280276444 0.50982493796752193 0.25054424724219498
v -0.25760959084992363 0.068619778000455323 0.28207602491832445
v -0.75173511273505966 0.064695567912127369 0.11564597102739151
v -0.39362876305806527 0.16813488969915535 -0.1676767882366404
v -0.35926948409375303 0.031946348807537051 0.38428485333078932
v -0.42452358318451749 0.04237243968478098 -0.026689466243607421
v -0.53231613857500948 0.20927789888066878 0.34657557265190947
v -0.43404636661543311 0.48632891213034657 -0.11085386616231049
v -0.55845586372137124 0.033492700776531201 0.083706103238188945
v -0.68551767388295737 0.078611550064570435 0.24554791647815213
v -0.21427769891128468 0.071949779345102188 0.38986419338341838
v -0.51921165032556515 0.50039154408794584 0.54799951695477689
v -0.86124766881018455 0.55637600334683401 0.081415822501831867
v -0.65660852444927431 0.042673693877992358 0.48410470894090502
v -0.54271469265979211 0.26951249909044511 0.0054652387069025563
v -0.33911636174143744 0.079161555919336005 -0.0979685789981255
v -0.53467269866307721 0.32212561588263261 0.39139938769476113
v -0.35014899485613338 0.67053180465845319 0.54565908686173681
v -0.23405061855852 0.68141335434410921 0.54247590309933424
v -0.33507075296162819 0.032956423387069632 0.17482960187908075
v -0.43730247771068265 0.17001708906513924 0.50646241283347537
v -0.23291295177669169 0.76856053212889353 -0.16496471041442226
v -0.81214959425806088 0.46192318692332035 0.10244424181523608
v -0.58097531529487723 0.64781688311502861 -0.13464097044921727
v -0.42135098105916263 0.031640793189768604 0.089245634971986842
v -0.65228476433070626 0.39653683562090758 0.45595192441896593
v -0.48921940783541951 0.036449868239798427 0.53288543210989414
v -0.41778611563013451 0.57759551928049446 0.54158350402422528
v -0.5246495750613841 0.26299079831114813 0.37581317178041262
v -0.75326438483228486 0.53080146542330819 0.49267433312817632
v -0.33242989273817675 0.46325261115699001 -0.21674288964452024
v -0.32158430006724664 0.10184901405028764 0.60297679299741014
v -0.31172034978584151 0.037240688046541993 -0.21887580879276103
v -0.46400280170845565 0.089433679553415121 -0.16168296612487668
v -0.32179062222434174 0.052591149015111388 0.41969429148784926
v -0.60242027124892528 0.06757059787922301 -0.025466551833411216
v -0.20137979140567558 0.21624618524898012 0.54152569081918134
v -0.38710738600057554 0.37128882939125873 0.52296166214696693
v -0.68240776422716165 0.13163613654789974 0.20329683244491206
v -0.21026932385529878 0.081528993521015142 -0.04301247568780165
v -0.49288565640363563 0.041032138450710409 -0.081647742854121616
v -0.66991087026696261 0.63198267732367031 -0.098283436076389188
v -0.32156357043410339 0.61577921360923593 -0.18021214259116905
v -0.18748216279639501 0.74220179584880241 0.54484383876125075
v -0.47667691688254021 0.3248278341712203 0.46802843943384098
v -0.50872896425566294 0.17622133943518398 0.50323038072280291
v -0.48356733516868461 0.0345581678846641 -0.052784887105866998
v -0.35533930555171711 0.18144533785386197 -0.16240980712083336
v -0.31371190931589404 0.71590643277970567 -0.15609464154189948
v -0.48116185835831959 0.046372472355882571 0.15923234843239831
v -0.32419702305665027 0.58036561453518731 0.53390022251562408
v -0.56348192684532006 0.092935549103889112 0.58017489316976456
v -0.039983676387644849 0.027171975435312024 0.51124154267295241
v 0.14036129206614498 0.69542714110146386 -0.17753781944599384
v 0.10961840533198426 0.23289651081320151 -0.24912731479354649
v 0.43747375809609879 0.36833259416033998 0.41264899811230604
v 0.30580654479681624 0.085724932924081371 0.38699793217733136
v 0.062918619186818903 0.71482470147606003 -0.17076335146730526
v 0.27657048144229168 0.49950727405414697 -0.19763219656449912
v -0.03129134256225706 0.069114299591077635 0.20176654207181666
v 0.35224551741412002 0.6941591917220562 0.48946702993687008
v 0.058634833956019358 0.03642970399106564 0.30201004756388333
v 0.0086707611599667871 0.078870085997286149 -0.071510913406949789
v 0.090614998474718184 0.48514387785225449 -0.28821292564961948
v 0.21797205438621128 0.14550406442727637 -0.15429190424579475
v 0.63960317246375109 0.24839799799891601 0.25579392842792459
v 0.47166058051930615 0.52258962508075568 0.0097098540493297265
v 0.12484368609844929 0.025139435856416828 0.32836900477777908
v 0.14935129946619469 0.059252689603422781 0.52855757046934726
v 0.49502997094431561 0.40514734838295663 0.29111489654097961
v 0.56193087460836932 0.14248893638176111 0.12825807919930224
v 0.11552530887068425 0.40672697290449422 0.65572072618649746
v 0.50913547116362268 0.49975063856774371 0.16916788585503661
v 0.4213388723147713 0.37879079039784169 -0.064776695742884541
v 0.49289122804040314 0.39206436801921207 0.079153790120798415
v -0.06600594375954788 0.034048037445692111 -0.12318614464243323
v 0.43316552206693304 0.062330828250030584 0.2117651099209486
v 0.14536136357659302 0.70603871499334958 0.57409028270245577
v -0.0038699832010938794 0.56255433568059776 -0.31368949528611439
v 0.57780925642537462 0.33977508206775264 0.33871872695382033
v 0.50388482631130727 0.56481371895922294 0.12480410490870116
v 0.0086195303672243866 0.30756939754784779 -0.28325580733110861
v 0.33268599676146915 0.59024570822581424 0.52824900041127831
v 0.15518024013309709 0.10887350581466075 0.5309421353431244
v -0.017167450263367152 0.41226852983658308 -0.29656255735577852
v -0.034838286143098515 0.22329559827304377 -0.26201255469198231
v 0.0046995420767966265 0.03694483672580972 0.21119031165014432
v 0.42437508617493558 0.29341313176562395 -0.0043200032699651806
v 0.050909854661648699 0.072613380922101955 -0.19138939862395182
v 0.020728756171724719 0.70408226382743677 0.60174124363219217
v 0.05445221859000015 0.51898182791084368 -0.28898688352791996
v 0.28389478789656453 0.13083909426724474 0.46530089048043427
v 0.2006743501089612 0.035996147399264218 0.0036883085631313458
v 0.0042062977239618084 0.075933036777496868 0.056861162920130735
v -0.0089084487463144003 0.73560118045748502 0.53703014685899331
v 0.35206776557699621 0.40136439626721038 0.49138749058676506
v 0.40073459018180996 0.59584545221704699 0.48165630758090622
v 0.47542621977424671 0.23183902298423742 -0.018454636974852376
v 0.075365997535849771 0.10980900737511422 -0.18955443524110452
v 0.35747135283351178 0.2596414411233261 -0.08572115721057931
v 0.092828848577438575 0.027246221585758651 -0.10331681520455821
v 0.083500113109457597 0.61680719695751884 -0.27413629476385287
v 0.32677458971554868 0.2606152560620465 0.49191082659143515
v 0.38311047309366386 0.31902346765701284 0.47228797268854628
v 0.30616182825867855 0.030115527609478908 0.10025884189582487
v 0.0017685876691883892 0.069081259053723171 0.29338136353263927
v 0.024743375050472003 0.32360351204906285 0.66475691364823963
v -0.015663344675423678 0.64000052900499493 -0.2919495479543544
v 0.5783293289339001 0.26215729296937546 0.023219395047935652
v 0.24888135301840575 0.034089439311850454 0.059610750899092992
v 0.49926937680199851 0.52484888578632938 0.091067973662695617
v 0.51282209411610458 0.38762645562378167 0.29156847042666878
v 0.60257801656139032 0.41228965654751365 0.24368767073891801
v 0.27402335785938126 0.24016005190592493 -0.16528621694207246
v 0.47442861818843901 0.36873999685167125 0.054239191886689943
v -0.072938168506477552 0.12602136247378859 -0.20451437459984836
v -0.032986918769752599 0.60219405590517638 -0.30553569467201908
v -0.11578404705265037 0.53043820547292986 0.67580625515712478
v -0.17550012062583104 0.18449057950041683 0.56799250666799783
v -0.20785970443191396 0.68420727049817509 -0.22843391223233583
v -0.096535025915357189 0.075494743511701976 0.46365144537709629
v 0.16546551602226633 0.76928161570298037 0.53187021185861882
v -0.10392674954796464 0.071262851080052939 0.18903600854360941
v -0.1068483172114971 0.45526371579394342 -0.32588337838888415
v -0.092344623715326743 0.12969597650311662 0.59446921115149087
v -0.15564301250876708 0.29337362539244505 0.61040754550049103
v -0.13425227574136672 0.13033586801245714 -0.2116632249203359
v 0.22561184545334534 1.122910126722686 0.22716533284326007
v -0.85472485795120734 0.53768067794388019 0.3646860849835678
v -0.36618237311466262 0.52639631229708594 0.54427383789405193
v -0.34628668539467361 0.56822713417980131 0.54610992126136515
v -0.20214731851010037 0.07496393785120517 0.47774574426242883
v -0.37602448886320461 0.44826536691277541 0.52737047801750225
v -0.2886614482338965 0.628246841768205 -0.24590874214585898
v -0.62630496873073416 0.034461653893835924 0.084625889633379692
v -0.87602429011694938 0.52073504764126999 0.20868961282651857
v -0.4565873264866242 0.23291582427271024 -0.031412257898400617
v -0.70175941288494292 0.081707024052125571 0.019693348787855083
v -0.31054438752053676 0.52764322172550659 -0.27463016359309689
v -0.88690787897098611 0.56925755731471894 0.25465398236856879
v -0.73552484747388625 0.099192632116690105 0.08865030214746164
v -0.76467405759482332 0.58560217824684646 0.50581986170490645
v -0.39038941892473028 0.045547668194691054 0.18780516938222788
v -0.68287042739456383 0.74624611827686982 0.52335495619158945
v -0.71678329289103626 0.38510580917106696 0.064161871636796861
v -0.69660978427857978 0.15143725218494644 0.16716621996121406
v -0.58750034704841381 0.32522669059444237 0.049060442142927756
v -0.53440800545196321 0.38497787444673182 0.48135146205806517
v -0.24237903251905576 0.07293239766651019 0.15819423362009719
v -0.35411047720967304 0.12306648055828133 0.5499843746911518
v -0.41532554191542304 0.53385544497215998 0.53052286293532314
v -0.80056516633782593 0.65498952311339753 0.46944464679386755
v -0.30966648961709536 0.04073367788775234 0.48307058365118932
v -0.36537604240688548 0.1784102230017886 0.49508665021344705
v -0.24109157808610077 0.032877854339231939 0.54645939966454626
v -0.65450322095911073 0.043043451718260538 0.35289244779258638
v -0.68823773067167893 0.34791674160049663 0.076850796537334523
v -0.46033353693229201 0.44190985585031745 0.52511397154685868
v -0.47130939346223283 0.047409690774211671 0.55194657519771917
v -0.38263429319765024 0.1357391428035411 -0.21904952290679372
v -0.38445500453369758 0.48360886972218509 0.53858714455748247
v -0.22809165100892684 0.60690561490479422 0.60460478790814043
v -0.40958777573081706 0.62616484100327297 0.5379303184633808
v -0.48978672055488792 0.65604407986705926 -0.13537521904842101
v -0.30476999273939553 0.30214094282432624 -0.17079703635697718
v -0.41994351586535494 0.29975596839761076 0.50630979436592571
v -0.74094691257959 0.10719617856831963 0.1617427381191075
v -0.77960567494087318 0.39703588008093993 0.15244141960502544
v -0.5895479885715007 0.1271786235847242 0.31696023282709312
v -0.45613898915447643 0.038574477151337369 -0.18150402277650712
v -0.78508105064391576 0.40521480329827381 0.20028872913188203
v -0.2848572417857736 0.066919147035895243 0.3228950124024953
v -0.57056620797485624 0.16513279089572441 0.52914637264336728
v -0.41214798707934797 0.7118540230039434 -0.14090336427632816
v -0.83507705274250987 0.4533407813205369 0.20148320496836289
v -0.45462188785458535 0.55723352183606811 0.55952782330779194
v -0.48342628719706293 0.3484114091639372 0.46814322261296337
v -0.34276690174332602 0.081048415552297762 0.020748674347951562
v -0.59559711737192611 0.64572895398513108 0.57167396362016609
v -0.64380658005334335 0.38429533239032748 0.0054148978918566485
v -0.67575755602055965 0.11913459694015713 0.22451340383840496
v -0.61316594168330729 0.30531903200460569 0.30147779426775767
v -0.52124118277897491 0.25941155459258719 0.28275867179557274
v -0.84722801626621813 0.48944827359080906 0.23922046304056863
v -0.59764589574595772 0.19613766981417061 0.083000643620459946
v -0.47775148231925979 0.18960343659751031 -0.023102936445838218
v -0.49663779354165516 0.21772035833983014 0.45628696481466957
v -0.31118391895176656 0.030922678318767629 0.25480494291719624
v -0.49710296013624777 0.40932517623281861 0.49329429296791233
v -0.54815891310241194 0.10339639550755261 -0.03481500483197051
v -0.42667756147713154 0.031549412391216995 0.15047611361746002
v -0.64831517137072669 0.038948777114760073 0.43707447968806601
v -0.070868596409886311 0.030280334504167339 -0.15270133014800469
v -0.046945874567397898 0.45994930640539078 0.67797787709458557
v 0.30494262681007173 0.18739660948419726 -0.11761954570411955
v 0.55872002733065951 0.22368709373214973 0.017695930080642817
v 0.45022297024854757 0.12893934504471571 0.3661849294905653
v 0.55180083563343907 0.36067915583254406 0.053283010712477083
v 0.073810861810020029 0.035695977176263126 -0.089873351983269345
v 0.45629887661379753 0.32328019517098516 0.027807935456613489
v 0.33232676587996635 0.6577586581677034 -0.12858966475523231
v 0.1178990511271697 0.36085052874479839 0.64485087581212952
v 0.091930107857881152 0.55805143111044686 0.66946010835970649
v 0.4747622471768797 0.59675249878741499 0.013933435832285497
v -0.075031815264924681 0.28213132398590346 -0.28319437973913791
v 0.2594380249412408 0.24357885711057567 0.54693151867103451
v 0.11330673316438732 0.037874449664726403 0.34869910602356774
v 0.13230568122245237 0.66726843039220929 -0.21711590578507711
v 0.0006505411946071348 0.2415780863012657 -0.25680028298194973
v 0.27317176328523896 0.12156363347326725 -0.027408862718033444
v -0.01999564813564491 0.71160623883550622 0.58899376803476922
v 0.15665745748725812 0.58773637280541813 0.64047445301196948
v -0.046654657341148521 0.36975105817709958 0.65760564619520301
v 0.12894910456193828 0.13728061098827091 -0.20256559282426248
v -0.037019918278156892 0.72169231638252862 -0.1786691454911829
v 0.38276530455763796 0.69596642229461025 -0.075082690446045569
v -0.045459460690346988 0.029345778069295666 0.56398281504658554
v 0.14056216012383954 0.030168283895744712 -0.12821907842566505
v 0.10914854591717753 0.033983152166583236 -0.048718466182133512
v 0.21524804248904053 0.16310458957998483 0.50661597157746718
v 0.47816932791528616 0.41617317807605353 0.34083181237273563
v 0.23585555182511281 0.70605021271800683 -0.16630404763783291
v -0.021562518161189138 0.55028041930014093 -0.31936032768230455
v 0.505688360273572 0.47036583061784981 0.12594838252527252
v 0.50589568130940787 0.53679846089284144 0.20536349678221408
v 0.1932003151900496 0.023418724525994174 0.068071279847919899
v 0.17018875663166197 0.029798540523421208 -0.059295485684095567
v 0.047955411066694167 0.60327200348308241 -0.28285393647700852
v 0.06957822816546845 0.12396472162653385 0.54708210716593297
v 0.080513026368530069 0.022704312395584944 0.26050943053153564
v 0.069479841596172959 0.67081402407842206 0.63026878324782798
v 0.27766348292837512 0.36980408982803981 0.5425868510836771
v 0.2082153942620554 0.17816888376823128 0.52737035991238512
v 0.51510401062668765 0.41318705168557851 0.246467593536706
v 0.041462730281122955 0.030162902914173558 0.083389403610076449
v 0.29725731120979509 0.022369933263314101 0.19707929769474533
v 0.42698133755426659 0.61360477469598806 -0.064058413617928175
v 0.32185489196096778 0.4068459736303639 -0.1616597088085707
v 0.070805704296328723 0.03466220752314448 0.5423808375619269
v 0.41661554253328964 0.44275684925524311 0.45160859892056615
v 0.6444453839387555 0.30545954805946324 0.11438524826185938
v 0.01335925451612535 0.39371087992449744 -0.28475342028246314
v 0.36685387834489441 0.031265993447225304 0.17976142270665998
v 0.11585478948057336 0.18151699605061822 0.59723850337394402
v 0.33421055780077158 0.095409515121559346 0.36529202430694879
v 0.63089110077731192 0.34374909710343798 0.28992571247966203
v 0.045534188478288606 0.028606356558862022 -0.1415484427624101
v 0.14990823309405998 0.15822662347915398 0.55169338740524088
v 0.057625894639423789 0.070391834798921415 0.0076807947282561797
v -0.080225042664194321 0.37495472873663394 0.64898699151430528
v 0.23329043401929703 0.058864945822092188 0.0092584641484642211
v -0.025177925821243181 0.024751621539501705 0.5433339075943292
v 0.05922961781662478 0.38460140392391917 0.65649637810402262
v 0.33235800883670025 0.72645489105993433 -0.10361662140541168
v 0.33716385438401358 0.068308949605963218 0.33118063259610236
v -0.086441672120626478 0.22566571634500604 0.61545879467489895
v -0.55452672714500495 0.29648176768173912 0.0077801830502238212
v -0.36537690133493672 0.68628929694673824 0.5353929521983376
v -0.62595100483461552 0.46303833613715306 0.52310641692380189
v -0.67089011762393302 0.13276794105215378 0.2130132963896593
v -0.56268574025251539 0.36492200352854659 -0.0075105511832886758
v -0.20304290681490411 0.67443152129063577 -0.25821419075513541
v -0.38997458189514644 0.078727487496310242 -0.028921800258297454
v -0.62602749505209798 0.039100711516068684 0.51639366259552
v -0.7861328304920483 0.55718138529674033 0.48163793545426709
v -0.4556791942076916 0.17799806759652589 0.49806301156158106
v -0.18948118869016939 0.071525974580356463 0.19087790883583805
v -0.85155902229421665 0.56240105819790664 0.40021596615088562
v -0.2475971785061456 0.070017043389126746 0.25548917718774888
v -0.43890257271203464 0.43999152612310366 -0.10315838048793735
v -0.40188456805343004 0.16325250712067926 -0.16545471804939893
v -0.54840968690045055 0.31390129019905405 0.36408115158697935
v -0.32790996212676049 0.084020764378916354 -0.09217052916460397
v -0.46204027758528032 0.08761222923021697 -0.16809132315947331
v -0.3406094202399621 0.03181893219077897 0.35807186539234714
v -0.16301821343456274 0.3421374501114286 -0.31326867301168387
v -0.20782240434530197 0.68164251850974866 0.55209521598646993
v -0.48983306502520285 0.16738713085917373 0.50946953770235548
v 0.12556732386710986 0.023714943196457089 0.29316302179663128
v -0.037565404218532793 0.070029406004668393 0.31364386574585335
v 0.29119323628451577 0.22197868257112083 -0.15589119361546644
v 0.32679757608217602 0.74879307914309579 0.46999947073252912
v 0.014180531015699245 0.035901106127540258 0.24295668218711455
v -0.8831835078176733 0.57915750195308935 0.11782395069734236
v -0.65566393288735592 0.63213299648681187 -0.10191553169128331
v 0.2990503280987617 0.13400591943247986 0.45138255881159978
v -0.090992904410905184 0.7181236105112786 0.54497575161562539
v -0.53156784324704864 0.21383324326893882 0.37614403612326147
v -0.33344419745839526 0.5290230725242826 0.53649612980185968
v -0.28589768415222605 0.066961708575326864 0.35195047614041214
v -0.23933716719556336 0.66796914225494664 -0.24361760601219434
v -0.2542569920612488 0.08046031328742137 -0.2300254598545764
v -0.41211731005213215 0.39053184157804216 0.52099012671649647
v -0.5166592859046566 0.37078368511407661 0.46821538369875859
v -0.41901990310028264 0.047742033633652835 0.021141866389822107
v -0.40320911453016312 0.17864249659691492 -0.10686418609389087
v -0.37321665018789413 0.21507832406509483 -0.03280749885367916
v -0.55039875397187987 0.48643533828663682 -0.10607730748998655
v -0.45040770806268143 0.71677637216856793 -0.13621665751429562
v -0.65074966303800141 0.16413072865927011 0.18143928214730581
v -0.62428933455138769 0.71266147278220937 0.54246414782846553
v -0.30845878666982268 0.036810712801836502 0.28510654170952576
v -0.30207789564850612 0.61702792470798185 -0.23400616416100103
v -0.75794621690847108 0.46185403797188307 0.44379881456812664
v -0.66312834333280013 0.56033704603383827 -0.10426345758736114
v -0.43261618794655032 0.28723563448384926 -0.040496746649427831
v -0.21530204995473221 0.030839808081550624 -0.17471106532401107
v -0.65962600750322931 0.47569804558448925 -0.08285367654169358
v -0.55482158309933227 0.63567119640009873 -0.14130733700070458
v -0.8844274348942166 0.53315715400191077 0.24272394462047325
v -0.33285723732914857 0.20267530569702125 -0.10310379583275039
v -0.58886740542463567 0.17306649427613824 0.20288883907606095
v -0.60822946325789107 0.16384678263773181 0.50932989292149744
v -0.2402750677778562 0.63894498666048882 0.5601284715604804
v -0.29372376768543729 0.16736205218476705 0.55302716498755755
v -0.46546127412878791 0.42081815139940043 -0.08709826708273663
v -0.47411502147019541 0.11489225295021881 0.54724061075773356
v -0.20464449660042755 0.20448903924963535 0.54083868660728729
v -0.55489794046950258 0.032181568288254657 0.14254295825690225
v -0.60865982894486081 0.32255241775831744 0.070973483552962541
v -0.56995942070695205 0.27724578329451249 0.18927523487962775
v -0.60133371273195568 0.10846151703899357 0.29953653944604003
v -0.30961582897509438 0.44028122660962143 -0.25559977808869017
v -0.86854570087037375 0.51736681443696375 0.15004904629106636
v -0.24597960308299519 0.14390472197318929 0.60982212759340404
v -0.23174199754056171 0.22071136594332341 0.50797618620077689
v -0.21665437189392886 0.64218331426684472 0.58954411522300376
v -0.72784487247720042 0.66540185920582395 -0.0690031453533832
v -0.86713078332164872 0.57097913897777131 0.075559997339369897
v -0.3811624828369789 0.32000297703811947 0.51717042282631542
v -0.35275024075272488 0.73657006046356721 0.52192619505374171
v -0.48158266485397327 0.11838761113447212 -0.065512931723278114
v -0.80726537957721378 0.55543327636947426 0.46060595207872834
v -0.71865519111353515 0.050923933764816326 0.040634829703771989
v -0.24794264453617657 0.075352515236110584 0.11350472269065866
v -0.33203816527176305 0.088843234428265902 0.59676652240104822
v -0.66330910397348652 0.03514991988227454 0.072177893049434408
v -0.40593838311933228 0.14303074686206568 0.51828505977894967
v -0.21606336196751741 0.64825700839433054 -0.2888670592466881
v -0.73590683098046061 0.043654956183381055 0.1543823979818599
v -0.58432216347159871 0.29051769332603522 0.079655685654120761
v -0.52513272235167274 0.03870998988558777 0.2180359258063482
v -0.36136125156997967 0.51877157726225764 -0.15071846622411178
v -0.3749516172475012 0.12504154115489299 -0.22955968948522784
v -0.52082571884325246 0.16341123167554231 0.52756546129688942
v -0.72845449615380853 0.42850687242821156 0.027456070615562725
v -0.66978731029907179 0.044070997211156655 0.43206499119985692
v -0.41594531850648481 0.54815669734530603 -0.13159636185811571
v -0.8874452444467944 0.54320503142872811 0.23933842940173219
v -0.2828322880582857 0.6727060730069957 -0.1791764579906909
v -0.41976455158188436 0.4578852902603886 0.53611937331693471
v -0.64391543985922595 0.041461419830859624 0.27251964514011806
v -0.064274133949811879 0.42051799133116274 0.67098919320922357
v 0.25357709118907362 0.70574724687680701 -0.1570858027485369
v 0.15207666112777207 0.16193684143349776 -0.20018489448452728
v 0.13331957593849619 0.02832487607442211 0.23680859610893185
v 0.48618829457404572 0.13378044486664001 0.34375889611416682
v 0.026611548836989626 0.3932259250364592 0.66704541946956675
v 0.46473430048637032 0.34363945280576852 0.039863772065386716
v 0.55381728082337234 0.1461428361213262 0.28990718051369235
v 0.16789593949811307 0.46464903008335573 -0.2471285225434853
v 0.345514669697286 0.52678579042567208 0.51724845519976093
v 0.34104206301473861 0.16211691155617058 -0.014420389357111625
v 0.016976537301743526 0.20354539302141855 0.63524184019984298
v 0.24002985080594191 0.037134409331492528 0.23556415694547292
v 0.034272499694965479 0.71132891449836211 -0.18044735254731065
v 0.38441633116307355 0.14377917381334981 0.37530839094189833
v -0.0015574716433738654 0.064894611225303406 0.26891354676155188
v 0.32263462021549555 0.2620036807149444 -0.118277958285013
v 0.074574796173432809 0.14671910759454646 -0.20461704306980255
v 0.4303210594093731 0.28436509492982215 0.0059305610802281054
v 0.014707442064920502 0.034001740202055479 -0.10937848020977485
v 0.11942710746799463 0.38362610752692478 -0.258841586346859
v 0.17134117109224836 0.41962416220458143 0.63213511508048892
v 0.37781140640791255 0.43545913725767965 -0.10051009320856943
v 0.22089109530944259 0.74038724937873046 -0.15555512169974559
v 0.1695518563671124 0.03135082591655778 -0.085968188077363089
v 0.44728382624310875 0.7563478424857657 0.067986444153629005
v 0.23576736926056019 0.2682609192415738 0.57189945830297795
v 0.3746205299295009 0.26746889820750047 -0.070172292238606424
v 0.39685123867989441 0.21237315386511618 0.39085325721534547
v 0.48241836772209135 0.55304711089791248 0.34697374776361128
v 0.14777632031484397 0.51259980904515068 0.64087917354633139
v 0.34143977258942187 0.11982649196159438 -0.0034969979494353189
v -0.081347936350407102 0.15504278177907199 0.5720874348670506
v 0.25287965732530293 0.3383584737426229 0.55864019958315114
v 0.19531093883187176 0.73616063701374568 -0.16468048883438263
v 0.52897260641764332 0.25479736743644316 -0.0058444957971711701
v 0.47484154954545754 0.10410948763421514 0.30521121606351403
v 0.49691960770537608 0.18388794766276773 0.38317964595624365
v 0.53034015305876681 0.41846120455320424 0.15776909456100671
v 0.14943832800775267 0.078364084567068587 -0.17078338701124324
v 0.016108928980819871 0.07030653602616474 0.320104786327433
v 0.28235403478494431 0.58669320396438396 -0.18232886118575878
v 0.22706477218069185 0.12699118765539702 0.50888592042864933
v 0.30175562701421271 0.46353168120038052 0.56401796939738524
v -0.066298738822553951 0.53606103172452269 -0.32252285346067655
v 0.65374254748566363 0.36431630341417109 0.20442723645190952
v 0.39262092401905829 0.18207019582362186 0.38435444158032056
v 0.30179022564481922 0.2768586283529732 -0.15190001975600492
v 0.08151153175567466 0.051510176392595808 -0.1832869462158894
v 0.41723869379577572 0.26268729052233786 -0.0011072407856139224
v -0.031541775141992426 0.77623097018349185 0.54132347123114266
v 0.16363067050924818 0.20109744547520825 -0.21707858901575666
v 0.037835822372555006 0.024083613733498543 0.52694629642137047
v 0.10445162993748469 0.66557466948651367 0.61943846357559951
v 0.17513105909671106 0.23944614846486634 -0.23631313391934994
v -0.037513734458921644 0.47425578606212043 0.67959493494683554
v 0.12397483949964581 0.70683519877428058 -0.17102317963378622
v 0.28686017230476452 0.086870042326527452 0.0059654291507076013
v -0.005137364081458198 0.29705379808593074 0.64662712679248457
v 0.34553904724113432 0.43104105915106256 0.51382675091278129
v 0.39451732232871273 0.051576065979045085 0.10253867685244142
v -0.013176222096792445 0.19423635843303147 -0.25683561246716835
v 0.4647704777961858 0.74450550305802177 0.1219242116732081
v 0.18279109462552443 0.25506061321407558 0.58698051800461015
v -0.16794405293670489 0.19553571522952559 0.56467677049134579
v -0.18473168473999535 0.65843663844381772 -0.28799782665743623
v -0.03916294046303035 0.63502467074927627 -0.29957115117053768
v -0.22001545753922622 0.070613982090406924 0.23345253530657356
v -0.086493399461524123 0.55581278756017671 0.67907269351155997
v -0.054476978987357073 0.049244784052158867 -0.19407433126098422
v -0.1727991629931476 0.37330265689115927 -0.32301847253228128
v -0.077425592798010881 0.039919815083071117 0.58940054654230944
v -0.073083746466782076 0.074716894781430551 0.43877379501466712
v -0.21626015346539837 0.080904635759163457 -0.10792713190393464
v -0.1312198684857134 0.76555951585769522 0.52905744193188264
v -0.15129715704714525 0.48711778819351936 -0.33022835165041886
v -0.13059121493593034 0.3193387180256787 0.63422774421510275
v 0.007008075355963427 0.13724777449610118 -0.22731702337566614
v -0.11069241625187334 0.69602206792234667 0.60073550287084498
v -0.62810510299180888 0.47943936114426089 -0.091281065233495759
v -0.63639124759645815 0.32032428743066921 0.096596927446532532
v -0.4593570982277918 0.074966799358918326 0.55548698750134762
v -0.32537457731934966 0.047559402066957239 0.59393322387253566
v -0.58908144078749181 0.4161443036635567 -0.060053726594420383
v -0.44226500679265551 0.15795032126265668 -0.093384562298439472
v -0.42386605636579056 0.049663505141919008 0.22826610922856491
v -0.58693742910378732 0.18124038217194766 0.042074257488569813
v -0.71556566165465962 0.45818487808869446 -0.031126698842024927
v -0.42785638869452036 0.035802339623533457 -0.087362103394470411
v -0.24429842479657909 0.68322920964974931 -0.19021423131880957
v -0.75878673700172061 0.47968049441691585 -0.0092490874453913293
v -0.27046053994252306 0.074317209992969299 0.43438095923292103
v -0.6202925652535678 0.042363201413191741 0.5371272379777966
v -0.30156632265005812 0.58067464217359899 -0.2700535420085316
v -0.71026110090787009 0.05297956456568325 0.21909646653313025
v -0.33478344663531173 0.10410737385483522 0.58693051669139773
v -0.58029829852774273 0.22760850375323993 0.062271116017913596
v -0.74646451185991491 0.40313368000891409 0.37391786630870444
v -0.49232616394637774 0.031238401624255743 0.1341370432602951
v -0.50308365146664913 0.2332349579780382 -0.011102732447774006
v -0.61913757908661859 0.060763115646433538 -0.021009441999212973
v -0.59665063574903721 0.033582799637911331 0.18072248665550741
v -0.65364694063327222 0.17476091623047108 0.11762144113165725
v -0.30905847281932969 0.19955569385274344 -0.16079553496060786
v -0.35651951027037082 0.37250566175884392 -0.078023940751028878
v -0.77404438320731361 0.38866627690163125 0.159438368619568
v -0.27286614848124768 0.21985823832036144 0.47172363845612875
v -0.2892288073421197 0.084452054984740038 -0.23316398934774749
v -0.58825042728582666 0.19812391279375907 0.061275961221436089
v -0.79153595430114099 0.41109351466961375 0.17261350136597745
v -0.89648677537962496 0.62478708105530645 0.34457143066354234
v -0.71144501317139774 0.45542012692387551 0.48004913912646907
v -0.86178414464919495 0.59859011830678854 0.39045255717457727
v -0.7410049832332769 0.52780231936206168 -0.05701011671894466
v -0.84522764403976458 0.50076847849542083 0.3296313739480709
v -0.24573849493764321 0.3925711378695802 -0.30153867432425058
v -0.2914236932136906 0.05808670533465659 0.30882186877401818
v -0.54337287336503359 0.60863377494650295 0.56528097371754882
v -0.29706301965751386 0.46947113994369699 -0.28743142562358381
v -0.57318653523334628 0.034429697283689102 -0.0043312671489178231
v -0.62181872996261367 0.097586337139798709 0.28146468942781161
v -0.31743513064884848 0.077097535621503038 0.076428781966928261
v -0.58156306225460741 0.26823023185819039 0.15366573669018271
v -0.42986650288805606 0.034662170498275378 0.39159027195744472
v -0.36856223097014856 0.45546841298599045 0.52568353033363679
v -0.38908680017195774 0.44278381728473859 -0.09944373176550042
v -0.29540207287056541 0.50021858867823255 0.51545308054967254
v -0.52098595257320512 0.39149883025291582 -0.048587370450111959
v -0.46189245300367021 0.073017023110657775 -0.191233621443444
v -0.33572784163094443 0.12740400089972403 0.56220608955488338
v -0.81087377240812764 0.63480204520213823 -0.0029483647256353454
v -0.58343777857482571 0.59119247228379224 -0.1306062824955454
v -0.34116433866221302 0.35372034494753707 -0.098035046637321654
v -0.76167411223491188 0.42941659002874799 0.051214669472865355
v -0.58365914669979857 0.1276252705860508 0.27465495287968306
v -0.21542491672052033 0.44120636762340915 0.60020702699298345
v -0.3760502266195242 0.73223225431012029 -0.14459893596235129
v -0.52807002074767928 0.21461307556595935 0.39629181928602197
v -0.51656829174867935 0.25724068290683261 0.26145622460109802
v -0.29067024534536512 0.54403596473517113 0.52449133775356016
v -0.32333048125574471 0.034229288991768941 0.56715460347841706
v -0.54773514208910234 0.36534830182069999 0.45774013288459148
v -0.73952363081518979 0.65994054320125706 0.52519754349788095
v 0.35095448310573873 0.14354676355830343 -0.010598281237248713
v 0.3756009752884768 0.22426206570241664 -0.027286880040431415
v 0.15679060133280234 0.36865512877235557 -0.25348329667051939
v -0.018928223715902519 0.61949884010586975 0.67091103598378576
v 0.27466206977153657 0.02340305111992665 0.19991950097350211
v 0.060314512027181071 0.075482879523657218 -0.034071797450305669
v 0.14122617363275883 0.6649085757176959 0.59874199122777838
v 0.15670762388665346 0.37723568353900672 0.63456585024538836
v 0.49486243721919315 0.59721166131710934 0.29149355456984105
v 0.21660404395338403 0.025556652475089307 0.41240859848587302
v 0.067444627617630953 0.17101741117309047 -0.22522525518559441
v 0.24019828041400262 0.43059527311485396 0.60284922277887432
v 0.64871524511870349 0.35229203426496414 0.24634643235559506
v 0.033978865529584783 0.62793197526125011 0.65957272911289444
v 0.083796328619371335 0.21246923875248244 0.62584372342824324
v 0.48860824814109804 0.30103307698261211 0.012457904041541954
v 0.2096360185457207 0.60916969017841616 -0.20971944267060819
v 0.027354225205644674 0.71346464178948699 0.58154044027906193
v 0.23249602277279496 0.3199636307629829 0.57040876828839071
v 0.52102338621192645 0.41458264705206921 0.13202334775297017
v 0.50507199808029468 0.21062057831742312 -0.0083275295054812421
v 0.14813945099926421 0.41217078850090444 -0.26555329530091171
v -0.013906263366476169 0.072725705664143991 0.3910400641371426
v 0.16805526465694492 0.68874648829258878 0.57774469424636021
v 0.11115887264708206 0.092181192454448307 0.53853711453538378
v 0.60787527441469813 0.23567401391197346 0.076514574363975463
v 0.094550254256676694 0.063179255056696484 0.53968661320334999
v 0.27518563539830521 0.6951862261390731 0.5445839407394677
v 0.64129319045824484 0.24103186017427994 0.22430548412712228
v 0.32177424154888618 0.39857595044168165 0.5114737474231722
v 0.20376307055369935 0.21933700916087037 -0.22088698255673475
v 0.41213763381737051 0.69654493806648543 -0.044794323847683733
v 0.16920334060869888 0.6232613328748543 0.62107848000802213
v 0.17926923211554546 0.72544890006095963 0.56686791654867685
v 0.52379076057242513 0.41810715276019267 0.22560256065335066
v 0.53395756512925696 0.29748250397176595 0.0065756237360858191
v 0.43940555607913756 0.31816832884680452 0.39658756283264551
v 0.095483198624116819 0.068568049720878502 0.39980497084935501
v 0.10067678250400343 0.71490350670841996 0.56011401764148949
v 0.31223685157893466 0.71379075073797338 0.50353717522201447
v 0.12878585437886331 0.49285527511567939 -0.26635818215005397
v 0.40226199521048339 0.081396521583598752 0.32443871531602053
v 0.39059557978800286 0.060213001502921235 0.068471636022058788
v 0.24943323089006803 0.076034647911019007 -0.00075143415551862189
v 0.48450340012407528 0.36525222010014446 0.061949834704478408
v 0.016263989945814985 0.67111655460284814 -0.26432770576267173
v 0.14080673440026642 0.021557449398502411 0.49362616155237943
v 0.28075678790139552 0.25655276279425998 -0.16265269034019622
v -0.053696716437845959 0.59988441047522534 0.67576811038949192
v 0.030088439543939277 0.21728749991610508 -0.24956994517567233
v 0.42886560094932513 0.66648084590001011 -0.024922922303665919
v 0.31791051335064974 0.053515642148049616 0.047278527311938455
v 0.2529324167062727 0.37245862635255694 -0.20703022747177754
v 0.19215696034622021 0.12771177785612889 -0.17939348079275291
v 0.034332048812354778 0.078794901491029606 0.0083230156255337823
v 0.088608356108177688 0.35822764858946149 -0.27113463349715727
v 0.033973247123430306 0.024721143699789189 0.16829797955572398
v 0.28624271519731753 0.36558592935528994 -0.17958961442698287
v 0.39763011215884958 0.53238264575453542 0.47718138595937637
v -0.026376211902166834 0.25263473766794098 -0.26975191030455176
v 0.060031000534250034 0.066049901757302229 0.33449769893783843
v 0.078230625388500341 0.53224931464951442 -0.2852647561613596
v 0.23775504141622963 0.61507188951072045 0.56873826067458155
v 0.022174332010812727 0.046241724481510732 0.55753535821352429
v -0.16406071290592983 0.53552791976038139 -0.33808153386392154
v -0.45651082175300295 0.69920890223592236 -0.13910158028173183
v -0.51612830797388654 0.037960513035518326 0.26982630415156256
v -0.30144856673452136 0.60162355512482535 -0.25521313698424641
v -0.67582463042310759 0.15899403999531861 0.17304339444861083
v -0.70143748087412205 0.66668935693913367 -0.07444048413839241
v -0.037617133952844675 0.43298502508144543 0.68327822368821622
v -0.63982269507297551 0.70365348699919295 0.54320424277180734
v 0.17488844421756289 0.45372156551229431 -0.24448731650908009
v -0.3162939413694601 0.47328858707123961 -0.2668918002554197
v -0.42898459115486265 0.43855366481175351 0.53319495616646695
v 0.16712081197274495 0.21140826133560567 -0.22134680095665676
v 0.11028860464675476 0.70418506720096385 -0.17221568169467172
v -0.8036331855085489 0.57040945620519856 0.4700967395477112
v 0.22028588271044863 0.11067454043188261 0.51543743756385796
v 0.16661891131442014 0.51576096468346588 0.63105900788625058
v -0.72692839685240718 0.042885859863922529 0.061247050611134286
v -0.24166736814668666 0.66083049558784002 -0.25747923836951736
v -0.017279136918383148 0.048395741429000397 -0.1922897602560974
f 1 91 4515
f 1 107 5626
f 1 4515 107
f 1 5625 91
f 1 5626 5625
f 2 65 1142
f 2 1142 2922
f 2 2922 6754
f 2 6754 65
f 3 1166 5165
f 3 4364 1166
f 3 4512 4364
f 3 5165 4512
f 4 1506 5755
f 4 3432 1506
f 4 4038 4760
f 4 4760 3432
f 4 5755 4038
f 5 1664 3688
f 5 2109 1664
f 5 3688 5342
f 5 4760 2109
f 5 5342 4760
f 6 313 2170
f 6 2077 313
f 6 2170 6577
f 6 3990 2077
f 6 6577 3990
f 7 804 6049
f 7 2066 5308
f 7 3308 2066
f 7 5308 804
f 7 6049 3308
f 8 486 2620
f 8 2620 3933
f 8 3933 4663
f 8 4213 486
f 8 4663 4213
f 9 342 4908
f 9 2012 2528
f 9 2381 342
f 9 2528 2381
f 9 4908 2012
f 10 1401 3131
f 10 3131 3858
f 10 3858 1401
f 11 198 2039
f 11 433 4335
f 11 2039 2179
f 11 2179 433
f 11 4335 198
f 12 705 5064
f 12 2195 5185
f 12 3815 2195
f 12 5064 3815
f 12 5185 705
f 13 692 1068
f 13 1068 4763
f 13 2909 692
f 13 3090 2909
f 13 4763 3090
f 14 3860 6535
f 14 6253 6990
f 14 6535 6253
f 14 6990 3860
f 15 479 1121
f 15 1121 2368
f 15 1612 479
f 15 2213 1612
f 15 2336 2213
f 15 2368 2336
f 16 1192 3637
f 16 2577 1192
f 16 3637 6552
f 16 4158 4518
f 16 4518 2577
f 16 6552 4158
f 17 2256 2327
f 17 2327 6419
f 17 2505 4433
f 17 3290 2256
f 17 4433 3290
f 17 6419 2505
f 18 382 5210
f 18 1283 382
f 18 1290 3004
f 18 3004 1283
f 18 5210 1290
f 19 1111 3132
f 19 3132 3354
f 19 3354 3795
f 19 3795 1111
f 20 2456 5774
f 20 4477 6315
f 20 5774 4477
f 20 6315 2456
f 21 3826 6069
f 21 4477 3826
f 21 6069 6315
f 21 6315 4477
f 22 322 565
f 22 542 1225
f 22 565 542
f 22 752 322
f 22 1225 2703
f 22 2703 752
f 23 661 3540
f 23 865 1618
f 23 1618 3607
f 23 3540 865
f 23 3607 661
f 24 1481 5629
f 24 1733 5489
f 24 4752 1733
f 24 5489 1481
f 24 5629 4752
f 25 486 6163
f 25 1853 2215
f 25 2215 486
f 25 2746 5489
f 25 5489 1853
f 25 6163 2746
f 26 197 4185
f 26 3215 197
f 26 4185 5311
f 26 5311 3215
f 27 758 2201
f 27 2201 3229
f 27 3229 6366
f 27 4479 758
f 27 4772 4479
f 27 6366 4772
f 28 1313 4738
f 28 1438 1313
f 28 3969 1438
f 28 4738 3969
f 29 103 5589
f 29 2644 103
f 29 2999 2644
f 29 3108 6221
f 29 5589 3108
f 29 6221 2999
f 30 32 6220
f 30 1958 32
f 30 3108 1958
f 30 3345 3108
f 30 6220 3345
f 31 1958 5589
f 31 2390 1958
f 31 3928 2390
f 31 5589 3928
f 32 1958 3695
f 32 3695 6220
f 33 206 2159
f 33 391 4996
f 33 2159 4554
f 33 3620 206
f 33 4554 391
f 33 4996 3620
f 34 1047 6597
f 34 2095 1047
f 34 6337 2095
f 34 6597 6337
f 35 1688 5534
f 35 3789 5641
f 35 5534 6554
f 35 5641 1688
f 35 6554 3789
f 36 754 975
f 36 975 1605
f 36 1605 6781
f 36 5493 754
f 36 6781 5493
f 37 931 2292
f 37 1819 2444
f 37 2292 6216
f 37 2444 931
f 37 6216 1819
f 38 4022 4801
f 38 4801 6746
f 38 6746 4022
f 39 864 4484
f 39 2336 2368
f 39 2368 4340
f 39 4340 864
f 39 4484 2336
f 40 1578 5167
f 40 4504 1578
f 40 5167 6291
f 40 6291 4504
f 41 44 1610
f 41 135 44
f 41 180 135
f 41 1610 3216
f 41 3216 180
f 42 538 4650
f 42 1054 3805
f 42 1680 4115
f 42 3805 1680
f 42 4115 538
f 42 4650 1054
f 43 1172 3379
f 43 1663 6494
f 43 2797 7070
f 43 3379 2797
f 43 6494 1172
f 43 7070 1663
f 44 135 1239
f 44 1239 4933
f 44 4933 1610
f 45 755 5820
f 45 2674 6255
f 45 3261 755
f 45 3288 4567
f 45 4567 3261
f 45 5820 2674
f 45 6255 3288
f 46 202 945
f 46 275 5591
f 46 375 275
f 46 646 907
f 46 907 5221
f 46 925 646
f 46 945 375
f 46 963 989
f 46 966 202
f 46 989 925
f 46 5221 966
f 46 5591 6162
f 46 6162 963
f 47 193 6170
f 47 3780 4072
f 47 4072 193
f 47 6170 3780
f 48 3583 3795
f 48 3795 6668
f 48 6208 3583
f 48 6668 6208
f 49 1127 6323
f 49 1820 1127
f 49 6071 1820
f 49 6290 6071
f 49 6323 6599
f 49 6599 6290
f 50 1443 5847
f 50 5847 6096
f 50 6096 6301
f 50 6301 1443
f 51 1525 2804
f 51 2731 1525
f 51 2804 5348
f 51 5348 2731
f 52 534 6485
f 52 752 6917
f 52 6185 534
f 52 6485 752
f 52 6917 6185
f 53 2372 3835
f 53 3835 6045
f 53 5873 2372
f 53 6045 6510
f 53 6510 5873
f 54 92 6330
f 54 924 5045
f 54 944 2901
f 54 963 5762
f 54 964 3250
f 54 987 964
f 54 2901 3101
f 54 3098 5753
f 54 3101 963
f 54 3250 924
f 54 5045 92
f 54 5067 3098
f 54 5753 944
f 54 5762 987
f 54 6330 5067
f 55 2750 5754
f 55 4316 2750
f 55 5754 7088
f 55 5896 4316
f 55 7088 5896
f 56 2065 6768
f 56 3463 2065
f 56 5050 3463
f 56 6768 5050
f 57 2694 5096
f 57 3295 5113
f 57 3724 5114
f 57 5096 3295
f 57 5113 3724
f 57 5114 6719
f 57 6719 2694
f 58 1445 6346
f 58 2125 1445
f 58 3952 2125
f 58 4067 3952
f 58 6346 4067
f 59 4326 6081
f 59 4585 4326
f 59 4905 4585
f 59 6081 4905
f 60 1440 6637
f 60 2294 6317
f 60 5609 2294
f 60 6317 1440
f 60 6637 5609
f 61 1697 7017
f 61 2137 4815
f 61 3281 2137
f 61 4425 1697
f 61 4815 4425
f 61 7017 3281
f 62 1388 3002
f 62 1606 2725
f 62 2725 5911
f 62 3002 1606
f 62 3675 1388
f 62 5911 3675
f 63 1797 6010
f 63 2741 6788
f 63 5305 2741
f 63 6010 5305
f 63 6788 1797
f 64 3022 6773
f 64 6009 3022
f 64 6773 6919
f 64 6919 6009
f 65 3704 1142
f 65 5997 3704
f 65 6491 5997
f 65 6754 6491
f 66 1824 3522
f 66 1916 2265
f 66 2265 1824
f 66 3522 1916
f 67 205 6077
f 67 5877 7077
f 67 6077 5877
f 67 7077 205
f 68 1397 3087
f 68 3087 6287
f 68 3102 3230
f 68 3230 1397
f 68 6287 3102
f 69 3269 5390
f 69 5390 6452
f 69 5440 3269
f 69 6452 5440
f 70 4660 5750
f 70 5750 7069
f 70 6060 4660
f 70 7069 6060
f 71 961 2125
f 71 2125 6791
f 71 3851 961
f 71 4049 3851
f 71 6791 4049
f 72 215 5588
f 72 2617 215
f 72 5420 2617
f 72 5588 5420
f 73 990 4181
f 73 1229 990
f 73 3318 5169
f 73 4181 3318
f 73 5169 1229
f 74 654 1728
f 74 751 654
f 74 1049 751
f 74 1428 1049
f 74 1728 5157
f 74 2176 1428
f 74 3611 2176
f 74 5157 3611
f 75 1327 6251
f 75 2007 1327
f 75 4034 2007
f 75 6251 4034
f 76 1441 2377
f 76 2377 3818
f 76 2920 4611
f 76 3784 2920
f 76 3818 3784
f 76 4611 1441
f 77 1467 4054
f 77 4054 6648
f 77 4915 5153
f 77 5153 1467
f 77 6648 4915
f 78 615 6809
f 78 1462 615
f 78 1805 1462
f 78 6168 1805
f 78 6809 6168
f 79 2227 4853
f 79 4745 2227
f 79 4853 5496
f 79 5496 6072
f 79 6072 4745
f 80 2990 4418
f 80 4418 7054
f 80 7054 2990
f 81 111 2885
f 81 2885 6200
f 81 3462 5627
f 81 5627 111
f 81 6200 3462
f 82 279 5768
f 82 2046 5635
f 82 5635 279
f 82 5768 6017
f 82 6017 2046
f 83 948 4857
f 83 4643 4728
f 83 4728 948
f 83 4857 4643
f 84 596 7059
f 84 744 1609
f 84 1609 596
f 84 5325 6071
f 84 6071 744
f 84 7059 5325
f 85 1492 2723
f 85 2723 6198
f 85 3479 4728
f 85 4643 1492
f 85 4728 4643
f 85 6198 3479
f 86 145 4634
f 86 1488 145
f 86 1804 6893
f 86 2737 1488
f 86 4634 1804
f 86 6893 2737
f 87 938 1163
f 87 1163 3640
f 87 3640 6550
f 87 3746 938
f 87 6550 3746
f 88 577 6542
f 88 3731 5277
f 88 5277 577
f 88 6542 6544
f 88 6544 3731
f 89 443 5504
f 89 4789 5224
f 89 5224 443
f 89 5504 4789
f 90 708 7061
f 90 2950 6326
f 90 3256 2950
f 90 6326 708
f 90 7061 3256
f 91 3334 6201
f 91 5625 3334
f 91 6201 4515
f 92 1865 6606
f 92 5045 1865
f 92 6606 6330
f 93 2186 6243
f 93 3284 2186
f 93 4318 4722
f 93 4722 3284
f 93 6243 4318
f 94 1237 3730
f 94 1644 1237
f 94 1827 3083
f 94 3083 4428
f 94 3730 1827
f 94 4428 1644
f 95 128 4304
f 95 1320 4369
f 95 2461 128
f 95 4304 1320
f 95 4369 2461
f 96 1222 3198
f 96 3198 4523
f 96 3904 5372
f 96 4523 3904
f 96 5372 1222
f 97 2075 4980
f 97 4552 6313
f 97 4980 4552
f 97 6313 2075
f 98 2825 6798
f 98 3383 6970
f 98 5746 3383
f 98 6798 5746
f 98 6970 2825
f 99 3014 4469
f 99 4126 3014
f 99 4469 5053
f 99 5053 6770
f 99 6770 4126
f 100 2956 4280
f 100 3389 5849
f 100 4280 5245
f 100 5245 3389
f 100 5849 2956
f 101 467 6494
f 101 1470 1886
f 101 1886 3564
f 101 3564 467
f 101 6494 6506
f 101 6506 1470
f 102 3371 3592
f 102 3592 5632
f 102 3934 3371
f 102 4077 3934
f 102 5632 4077
f 103 561 1677
f 103 1677 4090
f 103 2644 561
f 103 4090 5589
f 104 2107 2190
f 104 2190 5711
f 104 4086 2107
f 104 4230 4086
f 104 5711 4230
f 105 2410 4411
f 105 4411 7193
f 105 6986 2410
f 105 7193 6986
f 106 1271 5004
f 106 3747 4272
f 106 4272 1271
f 106 5004 3747
f 107 2729 6922
f 107 4515 2729
f 107 6922 5626
f 108 675 4200
f 108 1339 2294
f 108 2294 675
f 108 4200 6294
f 108 5916 1339
f 108 6294 5916
f 109 1928 4681
f 109 4271 7004
f 109 4681 4271
f 109 7004 1928
f 110 866 6753
f 110 3048 866
f 110 6248 3048
f 110 6753 6248
f 111 2706 2885
f 111 4231 2706
f 111 5627 4231
f 112 999 3343
f 112 2045 999
f 112 3343 4787
f 112 4787 2045
f 113 1299 4076
f 113 1708 1299
f 113 1812 2926
f 113 2926 4083
f 113 4076 1812
f 113 4083 1708
f 114 941 2005
f 114 1830 5524
f 114 2005 6383
f 114 4146 1830
f 114 5524 941
f 114 6383 4146
f 115 4748 6062
f 115 6062 6158
f 115 6158 4748
f 116 2104 4356
f 116 2803 2104
f 116 4356 4594
f 116 4594 6171
f 116 6171 2803
f 117 3306 6131
f 117 3618 3306
f 117 3634 3787
f 117 3787 3618
f 117 6131 3634
f 118 832 3200
f 118 3200 5527
f 118 5527 5654
f 118 5654 832
f 119 990 3236
f 119 3145 990
f 119 3236 3145
f 120 644 7088
f 120 5754 5997
f 120 5997 7090
f 120 7088 5754
f 120 7090 644
f 121 1761 1854
f 121 1854 5766
f 121 2208 1761
f 121 2367 5506
f 121 5506 5710
f 121 5710 2208
f 121 5766 2367
f 122 270 2425
f 122 2425 3051
f 122 3051 6689
f 122 5163 270
f 122 6689 5163
f 123 1215 4764
f 123 1311 6339
f 123 3326 1215
f 123 4764 1311
f 123 6339 3326
f 124 2634 2914
f 124 2914 4596
f 124 4596 6176
f 124 6176 2634
f 125 407 3841
f 125 1225 407
f 125 2703 1225
f 125 3841 5331
f 125 5331 2703
f 126 3205 4709
f 126 4031 4286
f 126 4286 3205
f 126 4709 4031
f 127 3772 5531
f 127 3892 6124
f 127 4050 3892
f 127 5531 4050
f 127 6124 3772
f 128 2461 3477
f 128 3477 6357
f 128 6357 4304
f 129 4560 6261
f 129 5132 7003
f 129 6261 5132
f 129 6753 4560
f 129 7003 6753
f 130 163 4938
f 130 384 1822
f 130 1822 163
f 130 3446 384
f 130 4938 3446
f 131 2357 5596
f 131 2518 3612
f 131 3612 2357
f 131 5596 7201
f 131 6509 2518
f 131 7201 6509
f 132 3469 6938
f 132 3859 5746
f 132 4048 3859
f 132 5746 6798
f 132 6798 3469
f 132 6938 4048
f 133 1386 5815
f 133 4534 5418
f 133 5249 1386
f 133 5418 5976
f 133 5815 4534
f 133 5976 5249
f 134 370 570
f 134 570 5139
f 134 3558 370
f 134 5139 5716
f 134 5716 3558
f 135 180 3937
f 135 3937 4664
f 135 4664 1239
f 136 1630 6233
f 136 4698 5091
f 136 5091 1630
f 136 6233 4698
f 137 718 1835
f 137 1835 7018
f 137 3197 718
f 137 6731 3197
f 137 7018 6731
f 138 2374 4375
f 138 3970 2374
f 138 4109 3970
f 138 4375 5495
f 138 5495 4109
f 139 1336 6338
f 139 2723 1336
f 139 5184 2723
f 139 6338 5184
f 140 721 3039
f 140 3039 6084
f 140 3701 721
f 140 4856 3701
f 140 6084 4856
f 141 3607 4332
f 141 4332 4633
f 141 4633 5017
f 141 5017 3607
f 142 1910 6850
f 142 2252 5936
f 142 4318 1910
f 142 5936 4318
f 142 6850 2252
f 143 638 6412
f 143 2656 638
f 143 3398 4024
f 143 4024 2656
f 143 6412 3398
f 144 1442 5518
f 144 4814 6686
f 144 5518 6256
f 144 6256 4814
f 144 6686 1442
f 145 1488 2474
f 145 2474 2714
f 145 2714 4634
f 146 769 7076
f 146 1388 1681
f 146 1681 769
f 146 3002 1388
f 146 7076 3002
f 147 3560 6634
f 147 3838 5478
f 147 5478 3560
f 147 6634 3838
f 148 3272 5932
f 148 5364 3272
f 148 5932 6753
f 148 6753 5364
f 149 1962 2300
f 149 2300 7053
f 149 5890 1962
f 149 7048 5890
f 149 7053 7048
f 150 1054 4650
f 150 2284 3854
f 150 3369 3557
f 150 3557 2284
f 150 3705 1054
f 150 3854 3705
f 150 4650 3369
f 151 3062 6568
f 151 5386 3062
f 151 5442 5386
f 151 6568 5442
f 152 1110 4193
f 152 2188 6453
f 152 4193 2188
f 152 6453 1110
f 153 949 4783
f 153 3855 949
f 153 3954 4877
f 153 4783 3954
f 153 4877 3855
f 154 2696 3670
f 154 3670 5719
f 154 4048 6938
f 154 5719 4048
f 154 6938 2696
f 155 698 2127
f 155 2127 4505
f 155 3447 4365
f 155 4365 698
f 155 4505 5472
f 155 5472 3447
f 156 2408 3056
f 156 3056 3404
f 156 3404 6387
f 156 3754 2408
f 156 6387 3754
f 157 1878 3346
f 157 2180 2832
f 157 2832 5496
f 157 3346 2180
f 157 3470 6777
f 157 5496 3470
f 157 6777 1878
f 158 3341 7058
f 158 4334 3341
f 158 4577 4334
f 158 7058 4577
f 159 1047 6972
f 159 2111 5463
f 159 2614 1047
f 159 5463 2614
f 159 6972 2111
f 160 585 1653
f 160 1653 7084
f 160 1751 3462
f 160 3462 585
f 160 7084 1751
f 161 1092 1258
f 161 1258 4219
f 161 1940 1092
f 161 4219 5594
f 161 5594 1940
f 162 884 6959
f 162 5596 6215
f 162 6215 884
f 162 6959 5596
f 163 1822 4658
f 163 4658 5921
f 163 5921 4938
f 164 4308 5679
f 164 5679 6830
f 164 6830 7055
f 164 7055 4308
f 165 1508 4206
f 165 3944 1508
f 165 4206 5434
f 165 5434 3944
f 166 963 1879
f 166 1879 3356
f 166 3356 6769
f 166 5762 963
f 166 6769 5762
f 167 4409 5653
f 167 5653 6739
f 167 6739 6906
f 167 6906 4409
f 168 1997 3638
f 168 3638 6398
f 168 6398 6869
f 168 6869 1997
f 169 1876 2544
f 169 2129 6479
f 169 2544 2129
f 169 5622 1876
f 169 6479 5622
f 170 356 2462
f 170 2462 5606
f 170 5606 7106
f 170 6207 356
f 170 6899 6207
f 170 7106 6899
f 171 1602 4369
f 171 1684 5487
f 171 1722 1602
f 171 4354 1722
f 171 4369 1684
f 171 5487 4354
f 172 1607 6635
f 172 2466 5607
f 172 3000 1607
f 172 5607 3000
f 172 6173 2466
f 172 6635 6173
f 173 864 4340
f 173 2732 6518
f 173 4340 5597
f 173 5597 7059
f 173 6518 864
f 173 7059 2732
f 174 680 3554
f 174 3554 7062
f 174 3935 5782
f 174 5782 680
f 174 7062 3935
f 175 303 5165
f 175 1262 2272
f 175 1353 1262
f 175 2272 303
f 175 5165 1353
f 176 1578 1865
f 176 1865 4906
f 176 4906 5167
f 176 5167 1578
f 177 3792 5274
f 177 3873 6843
f 177 5274 3873
f 177 6137 3792
f 177 6843 6137
f 178 2824 3614
f 178 3136 2824
f 178 3614 6962
f 178 4082 3136
f 178 6962 4082
f 179 1965 3683
f 179 2011 5146
f 179 3683 2011
f 179 4934 1965
f 179 5146 4934
f 180 2523 3937
f 180 3216 5795
f 180 5795 2523
f 181 328 3254
f 181 1227 2559
f 181 2053 1227
f 181 2559 328
f 181 3254 2053
f 182 707 1374
f 182 1374 6048
f 182 2066 5215
f 182 5215 707
f 182 5308 2066
f 182 5509 5308
f 182 6048 5509
f 183 3237 3684
f 183 3684 6931
f 183 4476 3237
f 183 6931 4476
f 184 1960 2121
f 184 2121 3353
f 184 3353 4376
f 184 4376 1960
f 185 875 5060
f 185 2380 2531
f 185 2531 4779
f 185 4779 875
f 185 5060 2380
f 186 2928 5056
f 186 2948 2928
f 186 4489 4652
f 186 4652 2948
f 186 5056 4489
f 187 1301 4063
f 187 3831 6085
f 187 4063 3831
f 187 4891 1301
f 187 6085 4891
f 188 1906 3375
f 188 3375 6949
f 188 4897 6340
f 188 6340 1906
f 188 6949 4897
f 189 1432 1924
f 189 1924 2962
f 189 2962 3176
f 189 3176 5362
f 189 5362 1432
f 190 5254 6529
f 190 5958 5254
f 190 6529 7142
f 190 7142 5958
f 191 1104 7106
f 191 4456 5737
f 191 5606 4456
f 191 5737 1104
f 191 7106 5606
f 192 2288 3032
f 192 3032 5193
f 192 5193 5631
f 192 5631 2288
f 193 823 6170
f 193 4072 6058
f 193 6058 823
f 194 266 3365
f 194 1207 2473
f 194 2473 6886
f 194 3365 1207
f 194 5150 266
f 194 6886 5150
f 195 3116 5914
f 195 4208 4218
f 195 4218 4317
f 195 4317 7066
f 195 4636 3116
f 195 5914 4208
f 195 7066 4636
f 196 2558 6800
f 196 5051 6340
f 196 6168 5051
f 196 6340 2558
f 196 6800 6168
f 197 697 5179
f 197 3215 4657
f 197 4657 697
f 197 5179 4185
f 198 2441 4459
f 198 4335 2441
f 198 4459 2039
f 199 4271 4721
f 199 4721 4863
f 199 4863 6238
f 199 6238 7004
f 199 7004 4271
f 200 1675 6466
f 200 1960 4376
f 200 4357 1960
f 200 4376 1675
f 200 6466 4357
f 201 3353 6932
f 201 3363 5008
f 201 5008 5151
f 201 5151 3353
f 201 6932 3363
f 202 966 1368
f 202 1368 4664
f 202 4664 945
f 203 1929 7148
f 203 2092 5128
f 203 5128 1929
f 203 5810 2092
f 203 7148 5810
f 204 644 7090
f 204 2227 4745
f 204 2303 644
f 204 4745 2303
f 204 7090 2227
f 205 4632 6503
f 205 6503 6077
f 205 7077 4632
f 206 1194 2159
f 206 3620 4132
f 206 4132 1194
f 207 2392 4125
f 207 2895 5209
f 207 4125 6511
f 207 4349 2392
f 207 5209 4349
f 207 6511 2895
f 208 2861 3875
f 208 3773 2861
f 208 3875 6536
f 208 6536 3773
f 209 411 4424
f 209 4424 6992
f 209 5408 411
f 209 6244 5408
f 209 6992 6244
f 210 812 3247
f 210 1472 3941
f 210 1756 3147
f 210 3147 812
f 210 3247 1472
f 210 3941 1756
f 211 934 4939
f 211 3013 934
f 211 4381 5898
f 211 4939 4381
f 211 5898 3013
f 212 1622 1818
f 212 1796 4922
f 212 1818 1796
f 212 2561 1622
f 212 4513 2561
f 212 4922 4513
f 213 314 2823
f 213 939 5302
f 213 1071 3475
f 213 2823 1071
f 213 3475 939
f 213 5302 314
f 214 264 2702
f 214 1836 264
f 214 2702 7179
f 214 5564 1836
f 214 7179 5564
f 215 1299 1708
f 215 1708 6657
f 215 2617 1299
f 215 2695 5588
f 215 6657 2695
f 216 2026 5171
f 216 3840 2026
f 216 4621 6499
f 216 5171 4621
f 216 6499 3840
f 217 276 2190
f 217 2107 6038
f 217 2190 2107
f 217 2543 276
f 217 3141 2543
f 217 6038 3141
f 218 1376 5333
f 218 2382 1376
f 218 4912 2382
f 218 5333 6379
f 218 6379 4912
f 219 3009 6754
f 219 3032 6624
f 219 3820 3032
f 219 6624 3009
f 219 6754 3820
f 220 734 6506
f 220 1663 734
f 220 6494 1663
f 220 6506 6494
f 221 1050 3340
f 221 2040 5758
f 221 3340 3947
f 221 3947 2040
f 221 5758 1050
f 222 3693 4770
f 222 3815 5064
f 222 4770 3815
f 222 5064 3693
f 223 262 3118
f 223 920 2992
f 223 2992 5039
f 223 3118 920
f 223 5039 262
f 224 3642 4308
f 224 4308 7055
f 224 6452 3642
f 224 7055 6452
f 225 271 2905
f 225 2370 4041
f 225 2905 2370
f 225 4041 6456
f 225 6456 271
f 226 3291 4834
f 226 4263 4952
f 226 4834 4263
f 226 4952 6867
f 226 6867 3291
f 227 3248 5005
f 227 3573 3248
f 227 5005 3573
f 228 2524 4114
f 228 4088 2524
f 228 4114 4183
f 228 4183 5343
f 228 5343 4088
f 229 1384 5016
f 229 2722 1384
f 229 4619 4856
f 229 4856 2722
f 229 5016 4619
f 230 3003 4181
f 230 4080 3003
f 230 4181 4325
f 230 4325 4080
f 231 349 5488
f 231 2225 349
f 231 5488 6759
f 231 6759 6928
f 231 6928 2225
f 232 1534 6055
f 232 2826 1534
f 232 3089 2826
f 232 6055 6056
f 232 6056 3089
f 233 2065 2475
f 233 2475 3311
f 233 2896 7063
f 233 3311 2896
f 233 3924 2065
f 233 5201 3924
f 233 7063 5201
f 234 957 6900
f 234 2278 5869
f 234 4497 5179
f 234 5179 2278
f 234 5869 957
f 234 6900 4497
f 235 1565 6562
f 235 5863 1565
f 235 6562 5863
f 236 3755 6226
f 236 4880 6753
f 236 5371 3755
f 236 6226 4880
f 236 6753 5371
f 237 1860 5303
f 237 5303 5875
f 237 5875 6077
f 237 6077 1860
f 238 1437 3457
f 238 3237 6305
f 238 3457 3237
f 238 4124 1437
f 238 6305 4124
f 239 1189 1247
f 239 1247 6776
f 239 2455 4329
f 239 4329 1189
f 239 6776 2455
f 240 1911 1914
f 240 1914 5411
f 240 3747 5004
f 240 5004 1911
f 240 5411 3747
f 241 1528 5626
f 241 4902 1528
f 241 5626 5742
f 241 5742 6181
f 241 6181 4902
f 242 1060 1190
f 242 1190 2534
f 242 1649 6497
f 242 2534 1649
f 242 6497 1060
f 243 515 3948
f 243 568 515
f 243 3948 5323
f 243 4749 568
f 243 5185 4749
f 243 5323 6331
f 243 6331 5185
f 245 961 3851
f 245 3851 5893
f 245 5709 961
f 245 5893 5709
f 246 1298 5917
f 246 1853 1298
f 246 2215 1853
f 246 5917 2215
f 247 851 5301
f 247 1871 851
f 247 3372 1871
f 247 4456 5606
f 247 5301 4456
f 247 5606 3372
f 248 2790 6993
f 248 5084 5536
f 248 5536 2790
f 248 6993 5084
f 249 998 5598
f 249 1792 998
f 249 5326 1792
f 249 5598 5326
f 250 3012 4501
f 250 3129 6367
f 250 4501 3129
f 250 5297 3012
f 250 6367 5297
f 251 2360 5028
f 251 5028 5452
f 251 5312 2360
f 251 5452 5312
f 252 477 6753
f 252 525 3621
f 252 3621 477
f 252 6753 525
f 253 3824 4346
f 253 4217 3824
f 253 4346 5780
f 253 4740 4217
f 253 5780 4740
f 254 2122 6914
f 254 2200 2122
f 254 3033 5888
f 254 5330 3033
f 254 5888 2200
f 254 6914 5330
f 255 2438 2809
f 255 2809 4310
f 255 4310 6332
f 255 6332 2438
f 256 3473 4926
f 256 4499 5920
f 256 4926 4499
f 256 5920 6158
f 256 6062 3473
f 256 6158 6062
f 257 2434 3617
f 257 3617 6690
f 257 4244 2434
f 257 6690 4244
f 258 916 2372
f 258 2372 3710
f 258 3710 3957
f 258 3957 916
f 259 1851 5934
f 259 5105 5820
f 259 5820 1851
f 259 5934 5105
f 260 1971 5452
f 260 2458 4630
f 260 4630 4746
f 260 4746 1971
f 260 5452 5793
f 260 5793 2458
f 261 2953 5830
f 261 3304 5804
f 261 5076 2953
f 261 5804 5076
f 261 5830 3304
f 262 3950 4645
f 262 4645 3118
f 262 5039 3950
f 263 801 2102
f 263 2102 2228
f 263 2228 4583
f 263 4327 801
f 263 4583 4327
f 264 631 5097
f 264 1836 3742
f 264 3742 631
f 264 5097 2702
f 265 1180 3578
f 265 3578 5336
f 265 5336 6039
f 265 6039 1180
f 266 2712 3365
f 266 5150 2712
f 267 1795 4081
f 267 4081 5922
f 267 5061 5222
f 267 5222 7109
f 267 5922 5061
f 267 7109 1795
f 268 4483 6208
f 268 6208 6668
f 268 6668 4483
f 269 1420 6615
f 269 1947 5319
f 269 2267 1947
f 269 2435 1420
f 269 5319 2435
f 269 6615 2267
f 270 970 2864
f 270 2864 2425
f 270 4959 970
f 270 5163 4959
f 271 967 2567
f 271 2224 967
f 271 2567 4383
f 271 4383 2905
f 271 6456 2224
f 272 728 5300
f 272 1400 728
f 272 1897 3844
f 272 3844 1400
f 272 5300 1897
f 273 1824 6141
f 273 5368 5949
f 273 5949 1824
f 273 6141 5368
f 274 820 7171
f 274 4029 4167
f 274 4167 7152
f 274 7152 820
f 274 7171 4029
f 275 375 5591
f 276 2543 5633
f 276 5633 6378
f 276 6378 2190
f 277 619 3557
f 277 1009 2894
f 277 2894 6653
f 277 3557 1009
f 277 3850 619
f 277 6653 3850
f 278 3766 4707
f 278 4707 5557
f 278 5557 6995
f 278 6995 3766
f 279 5635 6067
f 279 6067 6305
f 279 6305 5768
f 280 2958 3092
f 280 3092 4705
f 280 3192 2958
f 280 4705 6821
f 280 6821 3192
f 281 4274 6251
f 281 5526 4274
f 281 6136 5526
f 281 6251 6136
f 282 1674 5061
f 282 4868 1674
f 282 5061 5922
f 282 5922 4868
f 283 1547 4341
f 283 4070 1547
f 283 4341 6319
f 283 6319 6513
f 283 6513 4070
f 284 2960 6697
f 284 3274 5417
f 284 5417 7128
f 284 6697 3274
f 284 7128 2960
f 285 1356 4640
f 285 1941 2375
f 285 2375 4481
f 285 4481 1356
f 285 4640 1941
f 286 1410 5033
f 286 2212 6952
f 286 3437 2212
f 286 5033 5197
f 286 5197 3437
f 286 6952 1410
f 287 1236 5725
f 287 1616 5738
f 287 4612 1616
f 287 5725 4612
f 287 5738 1236
f 288 921 936
f 288 936 6181
f 288 1004 4109
f 288 1439 1004
f 288 4109 921
f 288 6181 1439
f 289 608 5878
f 289 2355 608
f 289 3258 4609
f 289 4609 2355
f 289 5878 3258
f 290 917 3460
f 290 1202 2478
f 290 1535 917
f 290 2478 3696
f 290 3460 7120
f 290 3696 1535
f 290 7120 1202
f 291 2555 4187
f 291 2684 2555
f 291 3007 3242
f 291 3242 5326
f 291 4187 3007
f 291 5326 2684
f 293 2281 4461
f 293 4461 5501
f 293 5501 2281
f 294 1619 6324
f 294 1889 3020
f 294 3020 1619
f 294 3979 1889
f 294 6324 3979
f 295 2187 4964
f 295 4964 5007
f 295 5007 2187
f 296 2867 6989
f 296 3499 4440
f 296 4440 5244
f 296 5244 2867
f 296 6989 3499
f 297 589 2301
f 297 2301 6896
f 297 3036 3959
f 297 3959 6341
f 297 6341 589
f 297 6896 3036
f 298 1907 4563
f 298 2837 1907
f 298 4563 5085
f 298 5085 7170
f 298 7170 2837
f 299 3908 7035
f 299 5566 7164
f 299 7035 5566
f 299 7164 3908
f 300 3017 5032
f 300 4229 3017
f 300 4666 4229
f 300 5032 5196
f 300 5196 6195
f 300 6195 4666
f 301 2362 3144
f 301 3144 4626
f 301 4626 6344
f 301 4909 2362
f 301 6344 4909
f 302 2946 6373
f 302 3671 4745
f 302 3951 6321
f 302 4745 6072
f 302 6072 3951
f 302 6321 2946
f 302 6373 3671
f 303 2272 3127
f 303 3127 3325
f 303 3325 4512
f 303 4512 5165
f 304 654 751
f 304 751 1049
f 304 1049 2795
f 304 1722 4488
f 304 2795 4503
f 304 4488 654
f 304 4503 1722
f 305 1343 7167
f 305 5089 1343
f 305 5418 5825
f 305 5825 5089
f 305 7167 5418
f 306 689 6936
f 306 1317 3445
f 306 3445 5583
f 306 5583 6356
f 306 6356 689
f 306 6936 1317
f 307 920 6289
f 307 4216 920
f 307 6289 4216
f 308 1538 4095
f 308 1959 2941
f 308 2941 1538
f 308 4095 1959
f 309 4160 6572
f 309 4261 6537
f 309 6537 7162
f 309 6572 6822
f 309 6822 4261
f 309 7162 4160
f 310 2105 2636
f 310 2636 4480
f 310 4225 2105
f 310 4480 7113
f 310 7113 4225
f 311 455 4719
f 311 2240 455
f 311 3042 2240
f 311 3297 3042
f 311 4719 3297
f 312 3726 4844
f 312 4844 6548
f 312 6134 3726
f 312 6548 6559
f 312 6559 6134
f 313 2077 5814
f 313 2081 2170
f 313 5814 2081
f 314 5302 6460
f 314 6460 2823
f 315 1285 4382
f 315 2448 6183
f 315 3308 1285
f 315 4382 2448
f 315 6183 3308
f 316 2365 6078
f 316 4502 6623
f 316 6078 4502
f 316 6623 2365
f 317 1657 4508
f 317 3012 5297
f 317 3109 3012
f 317 4508 3109
f 317 5297 1657
f 318 2337 6295
f 318 3037 2337
f 318 6086 7087
f 318 6295 6086
f 318 7087 3037
f 319 2552 3969
f 319 3969 4487
f 319 4380 2552
f 319 4487 6587
f 319 4605 4380
f 319 6587 4605
f 320 3001 7083
f 320 3839 4045
f 320 4045 3001
f 320 7083 3839
f 321 1801 3038
f 321 3038 6786
f 321 4350 1801
f 321 6786 7102
f 321 7102 4350
f 322 752 6485
f 322 5214 565
f 322 6451 5214
f 322 6485 6451
f 323 1115 3567
f 323 3567 4052
f 323 4052 5455
f 323 5455 1115
f 324 3880 5990
f 324 4051 3880
f 324 4984 7145
f 324 5990 4984
f 324 6709 4051
f 324 7145 6709
f 325 1515 3996
f 325 2957 5281
f 325 3996 4173
f 325 4173 5080
f 325 5080 2957
f 325 5281 1515
f 326 3720 7125
f 326 4427 6535
f 326 6535 3720
f 326 6570 4427
f 326 6861 6570
f 326 7125 6861
f 327 2390 3928
f 327 3018 5607
f 327 3565 6977
f 327 3928 3018
f 327 5607 3565
f 327 6977 2390
f 328 2223 3942
f 328 2559 2223
f 328 3942 3254
f 329 3180 5643
f 329 4062 4239
f 329 4239 3180
f 329 5643 4062
f 330 4423 6529
f 330 5254 5279
f 330 5279 5427
f 330 5427 4423
f 330 6529 5254
f 331 2602 4953
f 331 3266 4012
f 331 4012 2602
f 331 4953 5858
f 331 5858 3266
f 332 1345 6280
f 332 4818 5375
f 332 5375 6258
f 332 6258 1345
f 332 6280 4818
f 333 3458 6182
f 333 4206 4875
f 333 4875 3458
f 333 6182 4206
f 334 985 5138
f 334 1597 5906
f 334 5033 985
f 334 5138 1597
f 334 5197 5033
f 334 5906 5197
f 335 867 1133
f 335 1133 2720
f 335 2720 5339
f 335 3146 867
f 335 5339 6645
f 335 6645 3146
f 336 1638 4522
f 336 4522 4675
f 336 4675 6737
f 336 5414 1638
f 336 6737 5414
f 337 1322 3545
f 337 1925 1322
f 337 3527 4058
f 337 3545 3527
f 337 4058 1925
f 338 837 1533
f 338 1533 2289
f 338 2289 5718
f 338 2726 5628
f 338 4656 2726
f 338 5628 837
f 338 5718 4656
f 339 5303 6017
f 339 5768 5769
f 339 5769 5303
f 339 6017 5768
f 340 2540 5068
f 340 5068 6495
f 340 6495 2540
f 341 1004 5508
f 341 3684 3970
f 341 3970 1004
f 341 5508 3684
f 342 2381 4455
f 342 2448 4908
f 342 4455 6957
f 342 6957 2448
f 343 2844 6388
f 343 3755 2844
f 343 4816 6226
f 343 6226 3755
f 343 6388 4816
f 344 1837 4962
f 344 3905 4702
f 344 4702 6860
f 344 4962 3905
f 344 6860 1837
f 345 1139 4818
f 345 2588 3044
f 345 3044 1139
f 345 3403 4829
f 345 4818 3403
f 345 4829 2588
f 346 3376 5883
f 346 3541 3376
f 346 4472 3541
f 346 5883 6662
f 346 6662 4472
f 347 1453 1901
f 347 1901 2043
f 347 2043 5636
f 347 3668 1453
f 347 4475 3668
f 347 5636 4475
f 348 2848 5980
f 348 3271 3897
f 348 3897 6106
f 348 5980 3271
f 348 6106 2848
f 349 1146 1961
f 349 1961 2379
f 349 2225 1146
f 349 2379 5488
f 350 704 6084
f 350 3039 5041
f 350 5041 704
f 350 6084 3039
f 351 1090 3367
f 351 1173 1090
f 351 3367 4879
f 351 4879 5353
f 351 5353 5904
f 351 5904 1173
f 352 550 5786
f 352 3967 550
f 352 5786 6883
f 352 6883 3967
f 353 2174 4468
f 353 2376 5621
f 353 4468 5156
f 353 4930 2376
f 353 5156 4930
f 353 5621 2174
f 354 2019 5118
f 354 4027 7033
f 354 5118 4027
f 354 6819 7191
f 354 7033 6819
f 354 7191 2019
f 355 1274 1996
f 355 1996 2771
f 355 2771 5246
f 355 5246 6570
f 355 6570 1274
f 356 4384 6008
f 356 6008 2462
f 356 6207 4384
f 357 1109 1874
f 357 1874 4038
f 357 3823 6482
f 357 4038 3823
f 357 6482 1109
f 358 2045 6622
f 358 5015 6934
f 358 5025 6167
f 358 6167 5015
f 358 6622 5025
f 358 6934 2045
f 359 604 4627
f 359 1022 1390
f 359 1390 604
f 359 3153 5901
f 359 4627 3153
f 359 5901 1022
f 360 2780 6224
f 360 5106 2780
f 360 5396 5106
f 360 6224 6868
f 360 6868 5396
f 361 575 5789
f 361 1372 5153
f 361 1713 575
f 361 5153 1713
f 361 5789 1372
f 362 1724 1896
f 362 1896 6642
f 362 3852 1724
f 362 4043 3852
f 362 5928 4043
f 362 6642 5928
f 363 3043 5838
f 363 4873 3043
f 363 5838 6743
f 363 6743 4873
f 364 1251 3153
f 364 2130 2358
f 364 2358 1251
f 364 3153 2130
f 365 3753 6263
f 365 6263 7030
f 365 7030 3753
f 366 2690 4827
f 366 3267 5077
f 366 4053 5682
f 366 4827 3267
f 366 5077 4053
f 366 5682 2690
f 367 2165 5257
f 367 2168 2165
f 367 3903 6301
f 367 4986 3903
f 367 5257 4986
f 367 6301 2168
f 368 2743 4386
f 368 4386 6085
f 368 5350 6332
f 368 6085 5350
f 368 6332 2743
f 369 2587 5530
f 369 3060 7036
f 369 5530 3060
f 369 7036 2587
f 370 671 3464
f 370 1960 4357
f 370 2121 1960
f 370 3377 671
f 370 3464 2121
f 370 3558 3377
f 370 4357 570
f 371 1094 4105
f 371 1466 3563
f 371 3563 1094
f 371 4105 1466
f 372 1789 3585
f 372 3252 1789
f 372 3585 3852
f 372 3852 4043
f 372 4043 3252
f 373 619 3850
f 373 1524 2834
f 373 2284 619
f 373 2834 2284
f 373 3850 1524
f 374 895 5035
f 374 935 895
f 374 2064 2205
f 374 2205 5775
f 374 5035 2064
f 374 5775 935
f 375 945 3937
f 375 3937 4628
f 375 4628 5591
f 376 1613 3255
f 376 3239 1613
f 376 3255 5775
f 376 5775 6285
f 376 6083 3239
f 376 6285 6083
f 377 3301 6994
f 377 3895 6249
f 377 4397 3301
f 377 6249 4397
f 377 6994 3895
f 378 624 5485
f 378 2230 624
f 378 5485 6890
f 378 6180 2230
f 378 6890 6180
f 379 610 3097
f 379 2900 610
f 379 2920 6076
f 379 3097 2920
f 379 6076 2900
f 380 2156 4808
f 380 3185 5964
f 380 4588 3185
f 380 4808 4588
f 380 5964 2156
f 381 3692 4652
f 381 4489 5794
f 381 4652 4489
f 381 5794 3692
f 382 992 5210
f 382 1283 4100
f 382 4100 5739
f 382 5739 992
f 383 1548 6419
f 383 3627 5800
f 383 5800 1548
f 383 6419 3627
f 384 481 1822
f 384 3446 5880
f 384 5880 6033
f 384 6033 481
f 385 2983 4669
f 385 3618 3787
f 385 3787 4532
f 385 4532 2983
f 385 4669 3618
f 386 2836 3162
f 386 3162 6860
f 386 3914 5376
f 386 4790 3914
f 386 5376 2836
f 386 6860 4790
f 387 604 6778
f 387 2728 604
f 387 2890 2728
f 387 6053 2890
f 387 6778 6053
f 388 769 6304
f 388 1066 6075
f 388 3922 769
f 388 6075 3922
f 388 6304 1066
f 389 2345 4172
f 389 4172 7123
f 389 5958 7142
f 389 7123 5958
f 389 7142 2345
f 390 1883 5736
f 390 5161 1883
f 390 5592 5161
f 390 5736 7186
f 390 7186 5592
f 391 3081 4996
f 391 4554 5944
f 391 5944 3081
f 392 1128 2715
f 392 2715 3322
f 392 3322 6638
f 392 5037 1128
f 392 6638 5037
f 393 1675 5465
f 393 4748 1675
f 393 5465 7051
f 393 6062 4748
f 393 7051 6062
f 394 651 6965
f 394 871 1504
f 394 1504 4074
f 394 4074 651
f 394 4077 871
f 394 6965 4077
f 395 652 5306
f 395 2286 652
f 395 2390 2286
f 395 3695 2390
f 395 5306 3695
f 396 4674 5978
f 396 5235 7179
f 396 5978 5235
f 396 7179 4674
f 397 543 4167
f 397 3896 4062
f 397 4062 4281
f 397 4167 5694
f 397 4281 543
f 397 5694 3896
f 398 1531 2264
f 398 1590 3733
f 398 2264 5546
f 398 3733 1531
f 398 5546 1590
f 399 1426 3306
f 399 3306 3618
f 399 3618 4669
f 399 4669 4862
f 399 4862 1426
f 400 3170 5666
f 400 5513 5516
f 400 5516 3170
f 400 5666 5513
f 401 2028 2171
f 401 2171 4367
f 401 2359 2028
f 401 4367 4580
f 401 4580 2359
f 402 3173 6565
f 402 4267 5093
f 402 5093 3173
f 402 6565 6987
f 402 6987 4267
f 403 1523 6937
f 403 3542 6492
f 403 5144 3542
f 403 5909 1523
f 403 6492 5909
f 403 6937 5144
f 404 1552 2095
f 404 2095 6216
f 404 5590 1552
f 404 6216 5590
f 405 485 3482
f 405 3482 4494
f 405 4494 5896
f 405 5896 7088
f 405 7088 485
f 406 2632 4370
f 406 2748 2632
f 406 4370 5176
f 406 5176 5868
f 406 5868 2748
f 407 542 3377
f 407 1225 542
f 407 3251 3841
f 407 3377 3251
f 408 667 3757
f 408 2156 4569
f 408 3757 4248
f 408 4248 4808
f 408 4569 667
f 408 4808 2156
f 409 2389 6903
f 409 5225 2389
f 409 6502 6891
f 409 6891 5225
f 409 6903 6502
f 410 2991 5003
f 410 5003 5807
f 410 5807 7010
f 410 7010 2991
f 411 3416 4424
f 411 4288 3416
f 411 5408 4288
f 412 760 4645
f 412 3364 4490
f 412 4490 760
f 412 4645 7104
f 412 4866 3364
f 412 7104 4866
f 413 953 3687
f 413 1486 953
f 413 3110 1486
f 413 3687 6175
f 413 6175 3110
f 414 1219 2733
f 414 2733 3680
f 414 3680 3811
f 414 3811 7117
f 414 5888 7104
f 414 7104 1219
f 414 7117 5888
f 415 1979 5955
f 415 2263 7013
f 415 2334 1979
f 415 5955 2263
f 415 7013 2334
f 416 1837 6860
f 416 2658 4254
f 416 4254 1837
f 416 4285 2658
f 416 4388 4285
f 416 6860 4388
f 417 2551 6209
f 417 3949 7085
f 417 4477 5774
f 417 5774 3949
f 417 6209 4477
f 417 7085 2551
f 418 1380 5889
f 418 2452 5585
f 418 4784 5224
f 418 5224 2452
f 418 5585 1380
f 418 5889 4784
f 419 1650 2811
f 419 2811 6194
f 419 5743 1650
f 419 6194 5743
f 420 1477 3241
f 420 3241 6585
f 420 3600 6353
f 420 4063 1477
f 420 6353 4063
f 420 6585 3600
f 421 2296 3606
f 421 3606 4223
f 421 4223 5628
f 421 5628 2296
f 422 1365 5029
f 422 5029 6365
f 422 6365 6500
f 422 6500 1365
f 423 4021 4135
f 423 4135 4312
f 423 4312 6107
f 423 4851 4021
f 423 6107 4851
f 424 826 6004
f 424 1596 2273
f 424 2273 826
f 424 3220 1596
f 424 6004 3220
f 425 2857 7008
f 425 3731 6544
f 425 4246 2857
f 425 5845 4246
f 425 6544 5845
f 425 7008 3731
f 426 1210 4106
f 426 2940 6499
f 426 4106 2940
f 426 4621 1210
f 426 6499 4621
f 427 2130 2728
f 427 2728 2890
f 427 2890 4097
f 427 4097 6780
f 427 6780 2130
f 428 2269 3832
f 428 3832 5512
f 428 5321 2269
f 428 5512 5321
f 429 3763 6403
f 429 4265 3763
f 429 5656 4265
f 429 6403 5656
f 430 2413 5076
f 430 5076 6827
f 430 6697 2413
f 430 6827 6697
f 431 950 2804
f 431 2804 3019
f 431 2885 3829
f 431 3019 2885
f 431 3829 4039
f 431 4039 950
f 432 1120 2609
f 432 2460 2612
f 432 2609 2907
f 432 2612 1120
f 432 2907 2460
f 433 1850 4335
f 433 2179 4378
f 433 4378 1850
f 434 2610 4925
f 434 4302 2610
f 434 4925 4302
f 435 454 6318
f 435 1869 5764
f 435 2802 1869
f 435 4474 2802
f 435 5764 454
f 435 6318 4474
f 436 963 1966
f 436 1855 963
f 436 1966 1855
f 437 1072 4344
f 437 3711 1072
f 437 3859 3711
f 437 4344 5887
f 437 5746 3859
f 437 5887 5746
f 438 840 5191
f 438 2100 5763
f 438 3253 2100
f 438 5191 3253
f 438 5763 840
f 439 3094 4914
f 439 3440 6326
f 439 4914 6468
f 439 6326 3094
f 439 6468 3440
f 440 984 1952
f 440 1945 6361
f 440 1952 7093
f 440 6361 984
f 440 7093 1945
f 441 2388 2520
f 441 2520 6620
f 441 3854 2388
f 441 6620 6755
f 441 6755 3854
f 442 1640 2835
f 442 2835 3867
f 442 3386 1640
f 442 3867 6302
f 442 6302 3386
f 443 4594 5504
f 443 4784 4594
f 443 5224 4784
f 444 726 3217
f 444 1207 3313
f 444 2473 1207
f 444 3217 4914
f 444 3313 726
f 444 4914 2473
f 445 1830 4146
f 445 2952 5840
f 445 4146 7140
f 445 5840 1830
f 445 7140 2952
f 446 3888 3983
f 446 3983 6522
f 446 5662 5727
f 446 5727 3888
f 446 6522 5662
f 447 1565 5863
f 447 3178 1565
f 447 5863 7054
f 447 7054 3178
f 448 580 2221
f 448 1130 2514
f 448 2221 1130
f 448 2356 3535
f 448 2514 2356
f 448 3535 6751
f 448 6751 580
f 449 1038 3211
f 449 1848 6363
f 449 1969 1848
f 449 2369 3035
f 449 3035 1969
f 449 3211 2369
f 449 6363 1038
f 450 1800 5597
f 450 2530 3373
f 450 3373 1800
f 450 4340 2530
f 450 5597 4340
f 451 602 1500
f 451 1012 3226
f 451 1500 6602
f 451 3226 602
f 451 6602 1012
f 452 2799 3343
f 452 3343 4084
f 452 4084 2799
f 453 514 2312
f 453 1634 6390
f 453 2312 5993
f 453 4404 1634
f 453 5993 4404
f 453 6390 514
f 454 3976 6169
f 454 5764 3976
f 454 6169 6318
f 455 1647 4719
f 455 2240 2678
f 455 2678 6835
f 455 6835 1647
f 456 2512 3279
f 456 3279 5090
f 456 3399 2512
f 456 4389 3399
f 456 5090 4389
f 457 971 1265
f 457 1265 5142
f 457 3601 5307
f 457 5142 5910
f 457 5307 971
f 457 5910 3601
f 458 629 5726
f 458 813 629
f 458 1380 5585
f 458 4306 1380
f 458 5585 813
f 458 5726 4306
f 459 3453 6043
f 459 4366 3453
f 459 6000 4366
f 459 6043 6000
f 460 1312 5178
f 460 2797 1312
f 460 4774 7070
f 460 5178 5438
f 460 5438 4774
f 460 7070 2797
f 461 1182 5441
f 461 2154 5270
f 461 2967 2154
f 461 3201 3988
f 461 3988 2967
f 461 5270 1182
f 461 5441 3201
f 462 2591 2983
f 462 2983 4532
f 462 3885 2591
f 462 4056 3885
f 462 4532 4056
f 463 2738 6484
f 463 4101 2738
f 463 5490 4101
f 463 6484 7091
f 463 7091 5490
f 464 561 2644
f 464 2644 5908
f 464 4937 7098
f 464 5908 6947
f 464 6947 4937
f 464 7098 561
f 465 2035 6776
f 465 3467 4907
f 465 4894 2035
f 465 4907 5164
f 465 5164 4894
f 465 6776 3467
f 466 2817 4748
f 466 4748 6158
f 466 5595 2817
f 466 6158 5595
f 467 1113 1172
f 467 1172 6494
f 467 3564 5024
f 467 5024 1113
f 468 639 4604
f 468 2828 6583
f 468 4186 639
f 468 4604 2828
f 468 6583 4186
f 469 1089 3475
f 469 2633 1089
f 469 3475 6176
f 469 3712 2633
f 469 6176 3712
f 470 1654 4665
f 470 3354 1654
f 470 4483 6668
f 470 4665 4483
f 470 6668 3354
f 471 817 4033
f 471 2648 5969
f 471 4033 2648
f 471 5969 6720
f 471 6720 817
f 472 1027 4883
f 472 1786 2734
f 472 2734 1027
f 472 4883 5166
f 472 5166 1786
f 473 1864 6069
f 473 2739 1864
f 473 3826 6658
f 473 6069 3826
f 473 6658 2739
f 474 4101 5490
f 474 5490 5706
f 474 5706 6379
f 474 6379 4101
f 475 2126 2701
f 475 2701 4647
f 475 4486 2126
f 475 4647 5872
f 475 5872 4486
f 476 2002 7037
f 476 7037 7150
f 476 7150 2002
f 477 1288 5822
f 477 3621 1288
f 477 5822 6753
f 478 1253 3930
f 478 1522 4196
f 478 2809 6353
f 478 3600 1253
f 478 3930 1522
f 478 4196 2809
f 478 6353 3600
f 479 1612 6219
f 479 2055 1121
f 479 2531 2055
f 479 6219 2531
f 480 830 4733
f 480 1384 830
f 480 3454 1384
f 480 4733 3454
f 481 1525 2731
f 481 2731 1822
f 481 6033 1525
f 482 2411 4449
f 482 4449 4948
f 482 4948 7001
f 482 7001 2411
f 483 2147 4706
f 483 4706 4860
f 483 4860 6138
f 483 6138 2147
f 484 2608 7111
f 484 3258 6971
f 484 4654 4874
f 484 4874 3258
f 484 6971 2608
f 484 7111 4654
f 485 2303 3671
f 485 3671 3482
f 485 7088 2303
f 486 2215 2620
f 486 4213 6163
f 487 1126 6557
f 487 4409 4724
f 487 4724 1126
f 487 5653 4409
f 487 6557 5653
f 488 5320 6755
f 488 5900 6354
f 488 6354 6914
f 488 6755 5900
f 488 6914 5320
f 489 2275 2522
f 489 2522 3559
f 489 3559 6029
f 489 5918 2275
f 489 6029 5918
f 490 1872 4382
f 490 2215 5917
f 490 2620 2215
f 490 4382 2620
f 490 5917 1872
f 491 1082 5050
f 491 5050 6768
f 491 6364 1082
f 491 6586 6364
f 491 6768 6586
f 492 2465 4858
f 492 4858 6155
f 492 5428 6780
f 492 6155 5428
f 492 6780 2465
f 493 4381 6030
f 493 5898 4381
f 493 6030 6475
f 493 6475 5898
f 494 1169 5777
f 494 1577 1169
f 494 2117 4913
f 494 4913 1577
f 494 5777 2117
f 495 1833 6149
f 495 2246 4716
f 495 2414 2246
f 495 4716 1833
f 495 6149 2414
f 496 803 2774
f 496 1349 803
f 496 2769 1349
f 496 2774 7033
f 496 4027 2769
f 496 7033 4027
f 497 995 3000
f 497 1059 2274
f 497 1677 1059
f 497 2274 995
f 497 3000 3018
f 497 3018 4090
f 497 4090 1677
f 498 3084 6753
f 498 4449 3084
f 498 5942 4449
f 498 6753 5942
f 499 841 3848
f 499 925 989
f 499 989 5897
f 499 1817 841
f 499 3848 925
f 499 5897 1817
f 500 1921 2503
f 500 2503 4555
f 500 2784 5568
f 500 3726 1921
f 500 4555 2784
f 500 5568 3726
f 501 1168 6142
f 501 3894 6829
f 501 4432 3894
f 501 5703 1168
f 501 6142 4432
f 501 6829 5703
f 502 1863 2208
f 502 2208 3232
f 502 3232 5618
f 502 5181 1863
f 502 5618 5181
f 503 2154 6854
f 503 2483 5270
f 503 2647 4984
f 503 4151 2647
f 503 4984 2483
f 503 5270 2154
f 503 6854 4151
f 504 2991 6750
f 504 4402 5003
f 504 5003 2991
f 504 6750 4402
f 505 1861 5036
f 505 2641 1861
f 505 4501 2641
f 505 5036 4501
f 506 1784 5811
f 506 5541 1784
f 506 5728 5541
f 506 5811 6020
f 506 6020 5728
f 507 896 2680
f 507 2680 6699
f 507 3413 6284
f 507 6284 896
f 507 6699 3413
f 508 1207 3115
f 508 3026 6772
f 508 3115 3026
f 508 3313 1207
f 508 6772 3313
f 509 1183 1613
f 509 1613 2683
f 509 2683 6479
f 509 6479 1183
f 510 1741 5435
f 510 5354 5499
f 510 5435 5354
f 510 5499 1741
f 511 557 4492
f 511 3359 6314
f 511 4492 3359
f 511 6082 557
f 511 6314 6082
f 512 5532 5931
f 512 5931 6753
f 512 5932 5532
f 512 6753 5932
f 513 845 5226
f 513 2745 4118
f 513 3843 2745
f 513 4118 845
f 513 5226 5420
f 513 5420 3843
f 514 1706 2141
f 514 2141 2312
f 514 4245 1706
f 514 6390 4245
f 515 568 3599
f 515 1151 3948
f 515 3599 4455
f 515 4455 1151
f 516 2333 3050
f 516 3050 4240
f 516 3736 5573
f 516 4240 3736
f 516 4414 2333
f 516 5573 4414
f 517 1894 6035
f 517 2277 4181
f 517 4181 1894
f 517 5752 2277
f 517 6035 5752
f 518 1709 2192
f 518 2192 4083
f 518 2926 4460
f 518 4083 2926
f 518 4460 6166
f 518 6166 1709
f 519 2546 5995
f 519 3142 7072
f 519 5498 2546
f 519 5995 3142
f 519 6173 5498
f 519 7072 6173
f 520 1191 6913
f 520 1950 6654
f 520 6654 1191
f 520 6913 7115
f 520 7115 1950
f 521 3260 5574
f 521 3385 3260
f 521 3874 7056
f 521 5574 3874
f 521 7056 3385
f 522 3503 4951
f 522 4144 5253
f 522 4282 4144
f 522 4951 4282
f 522 5253 3503
f 523 1195 6546
f 523 4007 6407
f 523 5395 7041
f 523 6407 5395
f 523 6546 4007
f 523 7041 1195
f 524 956 3177
f 524 3177 3408
f 524 3270 6151
f 524 3408 3270
f 524 6151 956
f 525 6753 6991
f 525 6991 3621
f 526 4362 7190
f 526 5035 4362
f 526 5066 5169
f 526 5169 5035
f 526 6953 5066
f 526 7190 6953
f 527 835 6591
f 527 1734 835
f 527 3238 1734
f 527 4096 3238
f 527 6591 4096
f 528 1898 5781
f 528 1967 1898
f 528 2221 2339
f 528 2339 6454
f 528 5781 2221
f 528 6454 1967
f 529 1248 1615
f 529 1615 6471
f 529 6164 1248
f 529 6471 6164
f 530 1447 4401
f 530 2175 4000
f 530 2261 5944
f 530 4000 1447
f 530 4401 2261
f 530 5944 2175
f 531 2102 6218
f 531 2947 2102
f 531 6218 2947
f 532 1803 7066
f 532 2818 5924
f 532 2904 2818
f 532 4359 1803
f 532 5924 4359
f 532 7066 2904
f 533 2364 6458
f 533 2529 2364
f 533 4577 2529
f 533 5870 4577
f 533 6458 5870
f 534 1211 6485
f 534 4064 1211
f 534 6185 6360
f 534 6360 4064
f 535 3293 5093
f 535 4517 7037
f 535 4553 3293
f 535 4992 4517
f 535 5093 4992
f 535 7037 4553
f 536 1655 4762
f 536 2361 7057
f 536 4762 2361
f 536 6933 1655
f 536 7057 6933
f 537 830 2896
f 537 2896 3311
f 537 3128 4733
f 537 3311 3128
f 537 4733 830
f 538 2219 4650
f 538 4115 2219
f 539 673 1203
f 539 1203 5019
f 539 5019 6763
f 539 6215 673
f 539 6763 6215
f 540 2081 2175
f 540 2175 4554
f 540 4554 5661
f 540 5661 2081
f 541 4215 5483
f 541 4595 4215
f 541 4752 4595
f 541 5483 5722
f 541 5722 6815
f 541 6815 4752
f 542 565 5998
f 542 5998 3377
f 543 1975 2492
f 543 2492 6841
f 543 4281 1975
f 543 6841 4167
f 544 1062 6018
f 544 2973 1062
f 544 4129 2973
f 544 5831 4129
f 544 6018 5831
f 545 4078 4653
f 545 4653 6592
f 545 6489 4078
f 545 6592 6489
f 546 1950 7115
f 546 2640 2748
f 546 2748 1950
f 546 7115 2640
f 547 1096 1957
f 547 1957 6159
f 547 2742 4343
f 547 3689 2742
f 547 4343 1096
f 547 6159 7187
f 547 7187 3689
f 548 1319 5601
f 548 1965 1319
f 548 2931 1965
f 548 4181 2931
f 548 5601 4181
f 549 1220 3028
f 549 2888 5445
f 549 3028 3822
f 549 3822 6508
f 549 5445 1220
f 549 6508 2888
f 550 1060 4214
f 550 3967 1060
f 550 4214 5786
f 551 2060 4110
f 551 3339 3540
f 551 3540 6163
f 551 4110 3339
f 551 4213 2060
f 551 6163 4213
f 552 1372 5789
f 552 1467 1372
f 552 2939 3833
f 552 3833 1467
f 552 5789 2939
f 553 3172 5975
f 553 5817 5841
f 553 5841 7054
f 553 5975 6978
f 553 6978 5817
f 553 7054 3172
f 554 3368 4047
f 554 3838 6634
f 554 4047 3838
f 554 4904 3368
f 554 6634 4904
f 555 1276 5503
f 555 2624 6817
f 555 4464 1276
f 555 5503 2624
f 555 6817 4464
f 556 808 5127
f 556 3652 6753
f 556 5127 3652
f 556 6753 808
f 557 1676 4492
f 557 6082 6973
f 557 6171 1676
f 557 6973 6171
f 558 620 5458
f 558 2027 620
f 558 5190 2027
f 558 5458 6612
f 558 6612 5190
f 559 737 4356
f 559 853 6463
f 559 4356 4635
f 559 4635 4868
f 559 4868 853
f 559 6463 737
f 560 1107 5732
f 560 3709 5429
f 560 5055 1107
f 560 5429 5055
f 560 5454 3709
f 560 5732 5454
f 561 3713 1677
f 561 7098 3713
f 562 1474 5206
f 562 1948 2304
f 562 2304 3329
f 562 3329 1474
f 562 5206 5744
f 562 5603 1948
f 562 5744 5603
f 563 1804 7090
f 563 6491 6893
f 563 6893 1804
f 563 7090 6491
f 564 694 1104
f 564 1104 3090
f 564 2477 694
f 564 3090 4763
f 564 4763 6795
f 564 6795 2477
f 565 5214 5998
f 566 1432 5362
f 566 3178 7054
f 566 5362 3178
f 566 7054 1432
f 567 2264 4416
f 567 4416 4821
f 567 4821 6127
f 567 6127 6571
f 567 6571 2264
f 568 2195 6345
f 568 4749 2195
f 568 6345 3599
f 569 1537 1672
f 569 1672 5619
f 569 2370 1537
f 569 3828 4041
f 569 4041 2370
f 569 5619 3828
f 570 2032 5139
f 570 4357 2032
f 571 1573 6710
f 571 4446 1573
f 571 6710 6867
f 571 6867 4446
f 572 4145 5253
f 572 4391 4145
f 572 5253 7135
f 572 7135 4391
f 573 976 6817
f 573 2625 976
f 573 6203 2625
f 573 6817 6972
f 573 6972 6203
f 574 2820 3576
f 574 3576 6204
f 574 6204 2820
f 575 623 5789
f 575 1713 7111
f 575 3014 623
f 575 4469 3014
f 575 7111 4469
f 576 1242 7130
f 576 2402 1242
f 576 3516 6427
f 576 6427 2402
f 576 7130 3516
f 577 2501 3884
f 577 3080 6278
f 577 3884 3080
f 577 5277 2501
f 577 6278 6542
f 578 1317 4928
f 578 2515 3445
f 578 3445 1317
f 578 4928 6476
f 578 6476 2515
f 579 2577 4518
f 579 4324 2577
f 579 4518 6608
f 579 6608 7135
f 579 7135 4324
f 580 2339 2221
f 580 6454 2339
f 580 6751 6454
f 581 1866 4453
f 581 4453 6581
f 581 5515 6436
f 581 6436 1866
f 581 6581 5515
f 582 1424 4222
f 582 3441 3943
f 582 3943 6676
f 582 4222 4766
f 582 4766 3441
f 582 6676 1424
f 583 2149 5388
f 583 2851 5698
f 583 4249 2851
f 583 4840 2149
f 583 5388 4249
f 583 5698 4840
f 584 2718 5222
f 584 2940 4106
f 584 4106 2718
f 584 5061 2940
f 584 5222 5061
f 585 3462 6200
f 585 6033 1653
f 585 6200 6033
f 586 1268 3126
f 586 3126 6966
f 586 5018 1268
f 586 6187 5018
f 586 6966 6187
f 587 695 3734
f 587 2233 6128
f 587 3734 2233
f 587 5280 695
f 587 6128 5280
f 588 1363 1843
f 588 1843 4292
f 588 4292 5233
f 588 5233 1363
f 589 1378 2301
f 589 1463 1378
f 589 5581 1463
f 589 6341 5581
f 590 666 927
f 590 782 874
f 590 809 963
f 590 840 666
f 590 874 809
f 590 909 967
f 590 927 782
f 590 948 909
f 590 963 4181
f 590 967 840
f 590 990 948
f 590 4181 990
f 591 995 2274
f 591 1607 995
f 591 2274 3955
f 591 3955 4854
f 591 4648 6635
f 591 4854 4648
f 591 6635 1607
f 592 2649 4824
f 592 4824 5413
f 592 5413 7165
f 592 6700 2649
f 592 7165 6700
f 593 1927 4542
f 593 2079 6389
f 593 3894 2079
f 593 4542 6829
f 593 6389 1927
f 593 6829 3894
f 594 878 6924
f 594 4867 878
f 594 6022 4867
f 594 6924 6022
f 595 1417 2817
f 595 2817 5595
f 595 3946 1417
f 595 5595 6496
f 595 6496 3946
f 596 1527 7059
f 596 1609 6942
f 596 6942 1527
f 597 2418 3067
f 597 3067 5832
f 597 5644 2418
f 597 5832 5644
f 598 842 3314
f 598 3134 842
f 598 3314 4323
f 598 4323 3134
f 599 1107 6650
f 599 4666 6195
f 599 4855 4666
f 599 6195 1107
f 599 6650 4855
f 600 815 6930
f 600 2120 815
f 600 3954 2120
f 600 4877 3954
f 600 6930 4877
f 601 1040 4941
f 601 1599 4235
f 601 1798 3347
f 601 3347 1599
f 601 4235 1040
f 601 4941 1798
f 602 3226 5726
f 602 5189 5470
f 602 5470 1500
f 602 5726 5189
f 603 2688 3251
f 603 3251 6658
f 603 3826 6209
f 603 6209 2688
f 603 6658 3826
f 604 1390 6778
f 604 2728 4627
f 605 3388 6837
f 605 4159 6828
f 605 5845 3388
f 605 6828 5845
f 605 6837 4159
f 606 3142 3592
f 606 3371 7072
f 606 3592 3371
f 606 7072 3142
f 607 1517 5246
f 607 1575 1517
f 607 2771 4448
f 607 4448 1575
f 607 5246 2771
f 608 2355 5929
f 608 5929 5878
f 609 1629 4603
f 609 4603 5402
f 609 5402 6706
f 609 6706 1629
f 610 2524 6783
f 610 2900 2524
f 610 6783 3097
f 611 2935 4888
f 611 3105 5038
f 611 4888 6054
f 611 5038 2935
f 611 6054 3105
f 612 1468 4582
f 612 4220 1468
f 612 4582 7089
f 612 7089 4220
f 613 883 6050
f 613 1750 4122
f 613 4122 883
f 613 4876 1750
f 613 6050 4876
f 614 1717 6103
f 614 2679 1717
f 614 2862 2679
f 614 5684 2862
f 614 6103 5684
f 615 1462 5062
f 615 2397 6626
f 615 5062 2397
f 615 6626 6809
f 616 2163 5238
f 616 4405 2163
f 616 5237 4405
f 616 5238 5237
f 617 699 5146
f 617 999 6934
f 617 3025 699
f 617 4084 999
f 617 5146 4084
f 617 6649 3025
f 617 6934 6649
f 618 1797 6788
f 618 3788 4214
f 618 4214 6497
f 618 6497 1797
f 618 6788 3788
f 619 2284 3557
f 620 2027 6764
f 620 6764 5458
f 621 4370 6370
f 621 5176 4370
f 621 5715 5176
f 621 6370 5715
f 622 1998 4822
f 622 4822 5813
f 622 5813 6753
f 622 6753 1998
f 623 3014 4126
f 623 3591 5789
f 623 4126 3591
f 624 893 5485
f 624 2230 4919
f 624 4919 893
f 625 2307 5377
f 625 4165 5100
f 625 4322 4165
f 625 5100 6853
f 625 5377 4322
f 625 6853 2307
f 626 3172 7054
f 626 5863 6562
f 626 6562 3172
f 626 7054 5863
f 627 996 4060
f 627 1369 4348
f 627 4060 1369
f 627 4348 5313
f 627 5313 996
f 628 2000 3719
f 628 3719 6381
f 628 4667 2000
f 628 5659 4667
f 628 6381 5659
f 629 813 4358
f 629 4358 5344
f 629 5344 5469
f 629 5469 5726
f 630 2360 5312
f 630 3109 4508
f 630 4508 5194
f 630 5194 2360
f 630 5312 3109
f 631 1323 5389
f 631 3742 1323
f 631 5389 5097
f 632 2086 6722
f 632 4055 6753
f 632 5556 2086
f 632 6722 4055
f 632 6753 5556
f 633 750 3664
f 633 1543 750
f 633 3325 1543
f 633 3664 4364
f 633 4364 4512
f 633 4512 3325
f 634 1558 6405
f 634 3182 1558
f 634 3647 3182
f 634 4526 3647
f 634 6405 6610
f 634 6610 4526
f 635 1844 4541
f 635 2673 5842
f 635 3769 1844
f 635 4541 2673
f 635 4973 3769
f 635 5547 4973
f 635 5842 5547
f 636 708 6326
f 636 1903 4234
f 636 3440 6805
f 636 4234 4509
f 636 4509 708
f 636 6326 3440
f 636 6805 1903
f 637 1063 6516
f 637 3776 6476
f 637 4865 1063
f 637 4928 4865
f 637 6476 4928
f 637 6516 3776
f 638 1243 2972
f 638 2656 5101
f 638 2972 6412
f 638 5101 1243
f 639 4186 6975
f 639 6975 4604
f 640 1430 6588
f 640 3700 1430
f 640 3964 3700
f 640 6375 3964
f 640 6588 6375
f 641 805 6498
f 641 1957 805
f 641 4119 5741
f 641 5049 6159
f 641 5306 4119
f 641 5741 5049
f 641 6159 1957
f 641 6498 5306
f 642 1161 2906
f 642 2906 6304
f 642 4111 6967
f 642 6304 4111
f 642 6967 1161
f 643 1157 6080
f 643 1270 5497
f 643 1946 2519
f 643 2369 1157
f 643 2519 2369
f 643 5497 1946
f 643 6080 1270
f 644 2303 7088
f 645 1679 5314
f 645 2374 1679
f 645 4375 2374
f 645 5314 5874
f 645 5874 7082
f 645 7082 4375
f 646 925 6956
f 646 4593 907
f 646 6956 4593
f 647 2100 3828
f 647 2807 2100
f 647 3828 5619
f 647 5619 6218
f 647 6218 2807
f 648 1088 3939
f 648 1429 5912
f 648 3577 1088
f 648 3939 1429
f 648 5612 6324
f 648 5912 5612
f 648 6324 3577
f 649 1595 4350
f 649 2359 1595
f 649 4350 7102
f 649 6210 2359
f 649 6369 6210
f 649 7102 6369
f 650 2499 5520
f 650 2672 3723
f 650 3723 2499
f 650 4957 2672
f 650 4979 4957
f 650 5520 4979
f 651 2518 6509
f 651 4074 2518
f 651 5790 6965
f 651 6509 5790
f 652 1116 2042
f 652 2042 5741
f 652 2286 1116
f 652 4119 5306
f 652 5741 4119
f 653 2306 5427
f 653 2863 4834
f 653 3291 2306
f 653 3636 2863
f 653 4834 3291
f 653 5279 3636
f 653 5427 5279
f 654 4488 7084
f 654 7084 1728
f 655 1325 4210
f 655 2363 2744
f 655 2744 6359
f 655 4210 2363
f 655 6359 1325
f 656 2452 5224
f 656 2709 5585
f 656 3570 6467
f 656 5224 3570
f 656 5585 2452
f 656 6467 2709
f 657 1101 5319
f 657 1947 3126
f 657 3126 5159
f 657 5159 1101
f 657 5319 1947
f 658 1828 2493
f 658 2493 7173
f 658 3175 6302
f 658 3265 1828
f 658 6302 7178
f 658 7173 3175
f 658 7178 3265
f 659 1540 1942
f 659 1942 5008
f 659 5008 7051
f 659 7051 1540
f 660 1057 5031
f 660 2707 4075
f 660 3926 2707
f 660 4075 4182
f 660 4182 1057
f 660 5031 3926
f 661 2746 6163
f 661 3607 5017
f 661 5017 2746
f 661 6163 3540
f 662 2758 3421
f 662 3421 3623
f 662 3623 4807
f 662 4807 2758
f 663 2423 7167
f 663 3865 2423
f 663 4139 3865
f 663 4408 4139
f 663 5852 4408
f 663 7167 5852
f 664 4693 7203
f 664 5289 5695
f 664 5695 4693
f 664 7047 5289
f 664 7203 7047
f 665 2115 3849
f 665 3139 5916
f 665 3849 5419
f 665 5419 3139
f 665 5916 2115
f 666 840 4788
f 666 1277 927
f 666 4788 1277
f 667 1501 3757
f 667 3655 1501
f 667 4569 3655
f 668 2517 3205
f 668 3205 4286
f 668 4286 5674
f 668 5569 2517
f 668 5674 6092
f 668 6092 5569
f 669 812 3323
f 669 3323 5617
f 669 3598 812
f 669 5617 6089
f 669 6089 3598
f 670 1598 4653
f 670 2049 6484
f 670 2738 5468
f 670 4653 2049
f 670 5468 1598
f 670 6484 2738
f 671 3377 5998
f 671 5998 3464
f 672 2085 6117
f 672 5276 2085
f 672 6117 6275
f 672 6275 5276
f 673 723 1203
f 673 5043 723
f 673 6215 5043
f 674 1320 3921
f 674 3921 4120
f 674 4120 6943
f 674 6943 1320
f 675 2294 5609
f 675 5609 4200
f 676 2538 2606
f 676 2606 5053
f 676 3690 6971
f 676 5053 3690
f 676 5340 2538
f 676 6971 5340
f 677 1132 1499
f 677 1499 6325
f 677 5292 1132
f 677 6325 6651
f 677 6651 5292
f 678 875 2545
f 678 2545 2695
f 678 2695 6961
f 678 6961 875
f 679 689 6068
f 679 6068 6201
f 679 6201 6936
f 679 6936 689
f 680 1378 1463
f 680 1463 2013
f 680 2013 3554
f 680 5782 1378
f 681 5813 5942
f 681 5942 6753
f 681 6753 5813
f 682 876 3580
f 682 2899 4195
f 682 3103 2899
f 682 3580 3103
f 682 4195 876
f 683 2059 6175
f 683 2061 4658
f 683 4658 6512
f 683 5338 2059
f 683 6175 2061
f 683 6512 5338
f 684 779 2424
f 684 2239 779
f 684 2424 6148
f 684 6148 6710
f 684 6710 2239
f 685 4458 6357
f 685 5638 6950
f 685 6357 5638
f 685 6950 4458
f 686 1839 5521
f 686 2984 3106
f 686 3106 1839
f 686 4802 2984
f 686 5521 6983
f 686 6983 4802
f 687 3578 6495
f 687 5068 7103
f 687 6495 5068
f 687 7103 3578
f 688 2655 3484
f 688 3484 6267
f 688 3871 2655
f 688 4536 3871
f 688 6267 4536
f 689 6356 6068
f 690 1108 3932
f 690 1142 6584
f 690 3085 1142
f 690 3932 7092
f 690 6584 1108
f 690 7092 3085
f 691 3071 3653
f 691 3629 4838
f 691 3653 3629
f 691 4838 3071
f 692 2909 5021
f 692 4182 1068
f 692 5021 5329
f 692 5329 4182
f 693 1100 4291
f 693 2853 5252
f 693 2988 1100
f 693 4291 4841
f 693 4841 2853
f 693 5252 2988
f 694 2477 5223
f 694 5223 6306
f 694 6306 7106
f 694 7106 1104
f 695 2186 3284
f 695 3284 3734
f 695 5280 2186
f 696 1764 6283
f 696 3878 1764
f 696 4686 3878
f 696 6283 4686
f 697 3478 5179
f 697 4657 4772
f 697 4772 3478
f 698 4365 6942
f 698 4470 2127
f 698 6942 4470
f 699 2565 4934
f 699 3025 2565
f 699 4934 5146
f 700 1748 2291
f 700 2291 2724
f 700 2724 2919
f 700 2919 3098
f 700 3098 5067
f 700 5067 1748
f 701 982 3243
f 701 2010 4932
f 701 3243 5785
f 701 4731 2010
f 701 4778 982
f 701 4932 4778
f 701 5785 4731
f 702 894 2439
f 702 1667 3965
f 702 2135 894
f 702 2439 2943
f 702 2943 1667
f 702 3963 2135
f 702 3965 3963
f 703 1998 6753
f 703 4822 1998
f 703 6593 6879
f 703 6753 6593
f 703 6879 4822
f 704 2123 6084
f 704 5041 5140
f 704 5140 2123
f 705 3837 6172
f 705 5185 6811
f 705 6172 5064
f 705 6811 3837
f 706 2194 4190
f 706 3004 3122
f 706 3122 2194
f 706 4190 6483
f 706 6483 3004
f 707 3697 5923
f 707 5215 3697
f 707 5923 1374
f 708 4509 7061
f 709 3075 5862
f 709 3426 6691
f 709 5361 3075
f 709 5862 3426
f 709 6691 5361
f 710 1297 2596
f 710 1842 2758
f 710 2596 6437
f 710 2758 1297
f 710 6437 1842
f 711 1695 6539
f 711 1777 7137
f 711 6539 1777
f 711 6547 1695
f 711 7137 6547
f 712 875 6961
f 712 3966 5060
f 712 5060 875
f 712 6961 3966
f 713 1411 3214
f 713 3214 4360
f 713 3241 4903
f 713 4360 3241
f 713 4903 1411
f 714 2675 5961
f 714 3538 7049
f 714 5961 3538
f 714 7049 2675
f 715 814 1734
f 715 1734 3238
f 715 3225 814
f 715 3238 5630
f 715 5630 3225
f 716 1992 5255
f 716 5255 7166
f 716 5379 6733
f 716 6733 1992
f 716 7166 5379
f 717 954 2660
f 717 2407 954
f 717 2660 4131
f 717 4131 4134
f 717 4134 6152
f 717 6152 2407
f 718 1461 1835
f 718 1702 5278
f 718 2594 1461
f 718 3197 1702
f 718 5278 2594
f 719 1141 6180
f 719 2288 1141
f 719 2464 2737
f 719 2737 6624
f 719 6180 2464
f 719 6624 2288
f 720 1831 3762
f 720 3762 4835
f 720 4835 5262
f 720 5262 6420
f 720 6420 1831
f 721 3701 4765
f 721 4765 5041
f 721 5041 3039
f 722 1220 6894
f 722 2450 1220
f 722 6627 2450
f 722 6894 6627
f 723 3847 5767
f 723 5043 3847
f 723 5473 1203
f 723 5767 5473
f 724 1178 5310
f 724 3698 6184
f 724 5310 3698
f 724 5594 1178
f 724 6184 5594
f 725 2015 2516
f 725 2516 7071
f 725 2713 2882
f 725 2882 2015
f 725 6501 2713
f 725 7071 6501
f 726 1959 4095
f 726 3150 1959
f 726 3313 3150
f 726 4095 3217
f 727 798 4393
f 727 2772 6154
f 727 4393 2772
f 727 6154 6747
f 727 6747 798
f 728 1400 3037
f 728 3037 6796
f 728 3817 5300
f 728 6796 3817
f 729 1421 4998
f 729 2421 4248
f 729 3757 1421
f 729 4248 3757
f 729 4390 2421
f 729 4998 4390
f 730 3184 4696
f 730 3301 4397
f 730 4004 5686
f 730 4397 3184
f 730 4696 4004
f 730 5686 3301
f 731 827 6025
f 731 3522 827
f 731 3543 3643
f 731 3643 5078
f 731 5078 3522
f 731 6025 3543
f 732 2165 3917
f 732 3917 4059
f 732 4059 5257
f 732 5257 2165
f 733 1161 6967
f 733 2463 5582
f 733 3100 1161
f 733 5582 3100
f 733 6967 2463
f 734 759 3370
f 734 1663 759
f 734 3370 4921
f 734 4921 6506
f 735 1931 6741
f 735 2951 5555
f 735 5555 6523
f 735 6523 1931
f 735 6741 2951
f 736 1128 1300
f 736 1300 3231
f 736 2715 1128
f 736 3231 5580
f 736 5580 2715
f 737 4594 4356
f 737 5504 4594
f 737 6463 5504
f 738 1029 4573
f 738 2021 4405
f 738 4405 6567
f 738 4573 2021
f 738 6567 6833
f 738 6833 1029
f 739 1532 1787
f 739 1787 6041
f 739 4380 1532
f 739 6041 6309
f 739 6190 4380
f 739 6309 6190
f 740 4372 6896
f 740 5796 4372
f 740 6507 5796
f 740 6896 6507
f 741 2411 3504
f 741 3084 2411
f 741 3504 6753
f 741 6753 3084
f 742 1638 5414
f 742 2077 3990
f 742 3990 1638
f 742 5414 5539
f 742 5539 2077
f 743 1001 3356
f 743 1179 6036
f 743 3356 6342
f 743 6036 1001
f 743 6342 1179
f 744 3230 1609
f 744 6071 6290
f 744 6290 3230
f 745 3779 6771
f 745 5065 3779
f 745 6771 7189
f 745 7189 5065
f 746 1449 4237
f 746 2196 1449
f 746 3011 5615
f 746 4224 2196
f 746 4237 3011
f 746 5615 6204
f 746 6204 4224
f 747 2132 5022
f 747 4737 2132
f 747 5022 6017
f 747 6017 6619
f 747 6619 4737
f 748 1078 6489
f 748 1336 6214
f 748 2613 1078
f 748 6214 2613
f 748 6489 1336
f 749 1743 4907
f 749 3097 6783
f 749 4611 3097
f 749 4907 4611
f 749 6783 1743
f 750 1543 3965
f 750 1667 3664
f 750 3965 1667
f 752 2703 6917
f 753 1765 2324
f 753 2324 6864
f 753 4872 1765
f 753 4997 4872
f 753 6864 4997
f 754 5493 6220
f 754 6220 975
f 755 1851 5820
f 755 3261 6561
f 755 4576 1851
f 755 6561 4576
f 756 2500 4175
f 756 4175 5073
f 756 5073 5381
f 756 5381 7019
f 756 5666 2500
f 756 7019 5666
f 757 1096 4343
f 757 4343 4474
f 757 4474 6318
f 757 6318 1096
f 758 867 3146
f 758 1082 867
f 758 3146 2201
f 758 4479 5050
f 758 5050 1082
f 759 1663 7070
f 759 6889 3370
f 759 7070 6889
f 760 816 6056
f 760 3118 4645
f 760 4490 816
f 760 6056 3118
f 761 1987 5837
f 761 1999 2069
f 761 2069 1987
f 761 2985 1999
f 761 5837 2985
f 762 1388 6675
f 762 1681 1388
f 762 2191 6061
f 762 6061 1681
f 762 6675 2191
f 763 1930 2319
f 763 2020 4025
f 763 2319 6100
f 763 4025 1930
f 763 5658 2020
f 763 6100 5658
f 764 847 6465
f 764 5355 847
f 764 5477 5355
f 764 5719 5477
f 764 6465 5719
f 765 2518 4074
f 765 3612 2518
f 765 4074 6628
f 765 6628 3612
f 766 3129 4501
f 766 3350 3129
f 766 3536 3350
f 766 4501 5036
f 766 5036 3536
f 767 2891 6684
f 767 3170 2891
f 767 6259 3170
f 767 6684 6259
f 768 1064 6407
f 768 4005 7004
f 768 4692 4005
f 768 6407 4692
f 768 7004 1064
f 769 1681 6304
f 769 3922 7076
f 770 2921 5162
f 770 2993 2921
f 770 4099 4184
f 770 4184 2993
f 770 5162 4099
f 771 1595 2359
f 771 2359 4580
f 771 3364 1595
f 771 4580 3364
f 772 4141 4722
f 772 4162 7129
f 772 4544 7007
f 772 4722 4162
f 772 7007 4141
f 772 7129 4544
f 773 1014 6043
f 773 1042 1014
f 773 3453 6759
f 773 6043 3453
f 773 6759 1042
f 774 2490 7129
f 774 3552 4026
f 774 4026 2490
f 774 7129 3552
f 775 1517 1575
f 775 1575 6880
f 775 3986 5416
f 775 5416 1517
f 775 6880 3986
f 776 2753 6735
f 776 3861 2753
f 776 5522 3861
f 776 6735 5522
f 777 3257 4489
f 777 4489 5510
f 777 5510 5707
f 777 5707 6365
f 777 6365 3257
f 778 1023 4353
f 778 4230 5711
f 778 4353 4230
f 778 5500 1023
f 778 5711 5500
f 779 2239 5440
f 779 5074 2424
f 779 5440 5074
f 780 1682 2830
f 780 1726 4924
f 780 2830 5446
f 780 4924 1682
f 780 5446 1726
f 781 873 3882
f 781 3882 6753
f 781 6753 873
f 782 927 2542
f 782 2542 3940
f 782 3482 874
f 782 3940 3482
f 783 3033 5330
f 783 4866 7104
f 783 5330 6600
f 783 6600 4866
f 783 7104 3033
f 784 3610 6464
f 784 6464 6807
f 784 6807 3610
f 785 3735 6689
f 785 4817 7182
f 785 6689 4817
f 785 7182 3735
f 786 2816 4465
f 786 4465 4754
f 786 4754 6481
f 786 6481 2816
f 787 1315 1625
f 787 1507 2344
f 787 1625 4548
f 787 1687 4550
f 787 2344 1315
f 787 4548 1687
f 787 4550 1507
f 788 2841 5953
f 788 4030 6432
f 788 5365 6254
f 788 5953 5365
f 788 6254 4030
f 788 6432 2841
f 789 1176 4333
f 789 1594 2914
f 789 2914 6515
f 789 3686 1176
f 789 4333 1594
f 789 6515 3686
f 790 2249 7183
f 790 4970 4994
f 790 4994 5690
f 790 5690 2249
f 790 7183 4970
f 791 917 6777
f 791 2714 4755
f 791 2879 2714
f 791 3460 917
f 791 4755 3460
f 791 6777 2879
f 792 1856 6525
f 792 2763 7147
f 792 3166 1856
f 792 5652 2763
f 792 6525 5652
f 792 7147 3166
f 793 3657 3801
f 793 3801 4293
f 793 4293 6564
f 793 5849 3657
f 793 6564 5849
f 794 2050 3975
f 794 3975 5881
f 794 4665 2050
f 794 5881 6322
f 794 6322 4665
f 795 4989 7020
f 795 6116 4989
f 795 7020 7199
f 795 7199 6116
f 796 1144 6832
f 796 3510 3785
f 796 3616 1144
f 796 3785 3616
f 796 6832 3510
f 797 2958 3285
f 797 3092 2958
f 797 3285 6723
f 797 4166 4690
f 797 4690 7013
f 797 6723 4166
f 797 7013 3092
f 798 2404 4393
f 798 2839 2404
f 798 3739 2839
f 798 6747 3739
f 799 3876 6112
f 799 6112 7005
f 799 6725 3876
f 799 7005 6725
f 800 2839 6747
f 800 6382 2839
f 800 6747 6382
f 801 927 1277
f 801 1277 6218
f 801 4327 6462
f 801 6218 2102
f 801 6462 927
f 802 2054 4466
f 802 3582 2054
f 802 4466 4482
f 802 4482 3582
f 803 1349 3887
f 803 3043 5242
f 803 3887 5838
f 803 5242 2774
f 803 5838 3043
f 804 838 4663
f 804 3933 6049
f 804 4663 3933
f 804 5308 838
f 805 1096 6318
f 805 1957 1096
f 805 6318 6498
f 806 3892 4154
f 806 4154 6239
f 806 6124 3892
f 806 6239 6124
f 807 834 2787
f 807 1687 5979
f 807 2787 4550
f 807 4550 1687
f 807 5979 834
f 808 4570 7003
f 808 6753 4570
f 808 7003 5127
f 809 874 6321
f 809 4205 963
f 809 6321 4205
f 810 1657 5297
f 810 2616 5499
f 810 3610 2616
f 810 5297 6367
f 810 5499 1657
f 810 6367 3610
f 811 958 3678
f 811 3678 4641
f 811 4079 6328
f 811 4641 4079
f 811 6328 958
f 812 3147 3323
f 812 3598 5483
f 812 5483 3247
f 813 2709 4358
f 813 5585 2709
f 814 918 1898
f 814 1898 1734
f 814 3225 4773
f 814 4773 918
f 815 1210 1484
f 815 1484 2447
f 815 1816 6930
f 815 2120 1210
f 815 2447 1816
f 816 4367 6056
f 816 4490 4580
f 816 4580 4367
f 817 3995 4033
f 817 4986 7028
f 817 6720 4986
f 817 7028 3995
f 818 963 1855
f 818 989 963
f 818 1731 5897
f 818 1855 1731
f 818 5897 989
f 819 2402 5248
f 819 4157 6609
f 819 5248 4157
f 819 6609 2402
f 820 2315 3072
f 820 3072 7171
f 820 7152 2315
f 821 1771 5088
f 821 2074 6732
f 821 2698 1771
f 821 5088 5801
f 821 5801 2074
f 821 6732 2698
f 822 5181 7108
f 822 5184 6338
f 822 6338 5181
f 822 7108 5184
f 823 1279 6170
f 823 6058 6323
f 823 6323 1279
f 824 1661 3808
f 824 3708 5466
f 824 3808 3708
f 824 4638 1661
f 824 5466 4638
f 825 2379 7067
f 825 5488 2379
f 825 5578 6916
f 825 5705 5488
f 825 6916 5705
f 825 7067 5578
f 826 2273 2749
f 826 2749 2877
f 826 2877 6004
f 827 1824 2260
f 827 2260 6025
f 827 3522 1824
f 828 1452 6882
f 828 3026 3115
f 828 3115 1452
f 828 3317 6187
f 828 6187 3026
f 828 6882 3317
f 829 3401 6574
f 829 5935 6576
f 829 6145 5935
f 829 6299 6145
f 829 6574 6299
f 829 6576 3401
f 830 1384 2722
f 830 2722 2896
f 831 1231 4944
f 831 3447 5472
f 831 4944 5479
f 831 5472 1231
f 831 5479 3447
f 832 3801 4538
f 832 4293 3801
f 832 4538 3200
f 832 5654 4293
f 833 4661 6617
f 833 5454 6920
f 833 6617 5454
f 833 6920 4661
f 834 2773 7011
f 834 5979 2773
f 834 7011 2787
f 835 1734 1898
f 835 1898 1967
f 835 1967 6591
f 836 2922 3085
f 836 3085 3158
f 836 3158 3820
f 836 3820 2922
f 837 1604 1533
f 837 5628 1604
f 838 3827 6666
f 838 5308 3827
f 838 6666 4663
f 839 1934 3526
f 839 3526 6538
f 839 5822 1934
f 839 6538 6753
f 839 6753 5822
f 840 967 5191
f 840 5763 4788
f 841 1817 3448
f 841 3448 5884
f 841 5884 6350
f 841 6350 3848
f 842 3134 5630
f 842 3238 3314
f 842 5630 3238
f 843 5000 5644
f 843 5644 5832
f 843 5832 6858
f 843 6858 5000
f 844 2194 6185
f 844 3845 2194
f 844 6185 6917
f 844 6917 3845
f 845 3458 5226
f 845 4118 6182
f 845 6182 3458
f 846 1094 3563
f 846 2280 4102
f 846 3563 2280
f 846 4102 6052
f 846 6052 1094
f 847 5355 5772
f 847 5772 6465
f 848 2426 5956
f 848 3991 5566
f 848 5566 2426
f 848 5956 6735
f 848 6735 3991
f 849 2277 3151
f 849 3151 7114
f 849 6177 2277
f 849 6206 6177
f 849 7114 6206
f 850 2555 5313
f 850 5313 6969
f 850 6785 2555
f 850 6969 6785
f 851 890 6785
f 851 1871 890
f 851 6785 6969
f 851 6969 5301
f 852 4026 6753
f 852 5931 4026
f 852 6753 5931
f 853 4081 6463
f 853 4868 5922
f 853 5922 4081
f 854 1514 2419
f 854 1582 1514
f 854 2313 5549
f 854 2419 2313
f 854 5549 7015
f 854 7015 1582
f 855 930 3109
f 855 3109 5312
f 855 3929 930
f 855 5312 3929
f 856 1209 2268
f 856 2268 2948
f 856 2948 4652
f 856 3692 5713
f 856 4652 3692
f 856 5713 1209
f 857 1634 6855
f 857 4971 6390
f 857 5854 4971
f 857 6390 1634
f 857 6855 5854
f 858 2693 5702
f 858 3521 4820
f 858 4820 4973
f 858 4973 5547
f 858 5547 2693
f 858 5702 3521
f 859 1069 2331
f 859 2331 3505
f 859 3505 6279
f 859 4714 5844
f 859 5554 4714
f 859 5844 1069
f 859 6279 5554
f 860 2099 4734
f 860 4734 6478
f 860 4757 6794
f 860 6478 4757
f 860 6794 2099
f 861 4268 6912
f 861 4685 4703
f 861 4703 4268
f 861 6912 7056
f 861 7056 4685
f 862 1391 2540
f 862 1411 4903
f 862 2467 6211
f 862 2540 1411
f 862 4903 2467
f 862 6211 1391
f 863 1847 1926
f 863 1926 6689
f 863 3051 6146
f 863 5149 5561
f 863 5561 1847
f 863 6146 5149
f 863 6689 3051
f 864 2913 4484
f 864 6518 2913
f 865 1366 1618
f 865 3339 6672
f 865 3540 3339
f 865 3978 1366
f 865 6672 3978
f 866 988 6753
f 866 3048 988
f 867 1082 6364
f 867 6364 1133
f 868 2826 5338
f 868 3572 3857
f 868 3857 5198
f 868 5198 2826
f 868 5338 3572
f 869 1711 6227
f 869 1939 5824
f 869 4247 5133
f 869 5133 1711
f 869 5824 4247
f 869 6227 1939
f 870 2710 5590
f 870 3430 5493
f 870 4625 2710
f 870 5493 6781
f 870 5590 3430
f 870 6781 4625
f 871 4077 5632
f 871 4236 1504
f 871 5632 4236
f 872 963 6162
f 872 6162 7056
f 872 7056 963
f 873 1557 3882
f 873 3418 5861
f 873 5861 1557
f 873 6753 3418
f 874 2946 6321
f 874 3482 6373
f 874 6373 2946
f 875 1260 7060
f 875 4779 1260
f 875 7060 2545
f 876 1539 3580
f 876 4195 5228
f 876 5190 1539
f 876 5228 5190
f 877 1383 6229
f 877 1922 3321
f 877 3194 3868
f 877 3321 3194
f 877 3868 1383
f 877 6229 1922
f 878 4620 6799
f 878 4867 4620
f 878 6799 6924
f 879 1856 3166
f 879 2647 1856
f 879 3166 7145
f 879 7145 2647
f 880 6333 6616
f 880 6334 6583
f 880 6583 6333
f 880 6616 6334
f 881 3654 4562
f 881 3768 3999
f 881 3999 5131
f 881 4562 3768
f 881 5131 5135
f 881 5135 3654
f 882 2725 6816
f 882 3355 6586
f 882 3777 2725
f 882 6586 3777
f 882 6816 3355
f 883 1974 5140
f 883 4122 1974
f 883 4940 6050
f 883 5140 4940
f 884 1071 2823
f 884 2634 1071
f 884 2823 6959
f 884 6215 6763
f 884 6763 2634
f 885 972 4529
f 885 1442 6686
f 885 4529 1442
f 885 6686 6753
f 885 6753 6907
f 885 6907 972
f 886 1736 7185
f 886 7053 1736
f 886 7185 7053
f 887 1046 4926
f 887 2801 1046
f 887 4926 7051
f 887 5006 6665
f 887 6665 2801
f 887 7051 5006
f 888 1576 4678
f 888 2691 4682
f 888 4678 6150
f 888 4682 1576
f 888 6150 2691
f 889 2636 3605
f 889 2915 2636
f 889 3605 3680
f 889 3680 3950
f 889 3950 5039
f 889 5039 2915
f 890 1871 5796
f 890 5796 6507
f 890 6507 6785
f 891 1588 2629
f 891 2629 4942
f 891 4349 1588
f 891 4942 6343
f 891 6343 4349
f 892 1832 5683
f 892 2961 4794
f 892 4794 5667
f 892 4839 2961
f 892 5667 1832
f 892 5683 4839
f 893 4379 5485
f 893 4919 6929
f 893 6929 4379
f 894 2135 5995
f 894 5995 2439
f 895 935 4644
f 895 2177 5035
f 895 4644 2177
f 896 1571 5394
f 896 3045 1571
f 896 5394 2680
f 896 6284 3045
f 897 3121 4091
f 897 4091 6643
f 897 4355 5756
f 897 5756 6482
f 897 6482 3121
f 897 6643 4355
f 898 1987 2069
f 898 2069 2664
f 898 2403 1987
f 898 2664 3049
f 898 3049 6125
f 898 6125 2403
f 899 1878 5891
f 899 1881 3346
f 899 3346 1878
f 899 3961 1881
f 899 5891 3961
f 900 2735 6964
f 900 6449 2735
f 900 6964 7043
f 900 7043 6449
f 901 1599 1649
f 901 1649 2534
f 901 2534 3568
f 901 3031 5745
f 901 3568 3031
f 901 5745 1599
f 902 1108 2341
f 902 2341 6935
f 902 2397 3932
f 902 3932 1108
f 902 6626 2397
f 902 6935 6626
f 903 3143 5776
f 903 5776 7064
f 903 7064 7086
f 903 7086 3143
f 904 942 963
f 904 943 947
f 904 947 942
f 904 963 943
f 905 926 963
f 905 946 926
f 905 963 4500
f 905 4500 946
f 906 923 4181
f 906 963 923
f 906 4181 963
f 907 4593 5221
f 908 4426 6593
f 908 4717 4426
f 908 6593 6753
f 908 6753 4717
f 909 948 6078
f 909 2365 2567
f 909 2567 967
f 909 6078 2365
f 910 4113 6371
f 910 5611 5889
f 910 5889 4113
f 910 6371 5611
f 911 3490 6440
f 911 3506 4970
f 911 4970 7183
f 911 5658 3506
f 911 6440 5658
f 911 7183 3490
f 912 1072 4471
f 912 1496 5024
f 912 3465 4344
f 912 4344 1072
f 912 4471 1496
f 912 5024 6677
f 912 6677 3465
f 913 1776 4257
f 913 1852 1776
f 913 2971 5417
f 913 4257 4797
f 913 4797 2971
f 913 5417 1852
f 914 3617 4836
f 914 4836 6401
f 914 6401 6690
f 914 6690 3617
f 915 2063 5318
f 915 4509 6358
f 915 5318 7061
f 915 6358 2063
f 915 7061 4509
f 916 1313 2033
f 916 2033 4457
f 916 3957 1313
f 916 4457 6486
f 916 6486 2372
f 917 1535 4336
f 917 4336 6777
f 918 2110 5781
f 918 4773 2110
f 918 5781 1898
f 919 2394 5027
f 919 3456 4462
f 919 4233 6170
f 919 4462 2394
f 919 5027 4233
f 919 6170 3456
f 920 3118 6289
f 920 4216 2992
f 921 4109 5495
f 921 5495 6064
f 921 6064 936
f 922 2508 3883
f 922 3422 2508
f 922 3883 6123
f 922 6123 3422
f 923 963 4454
f 923 4454 4181
f 924 2557 5045
f 924 3250 6926
f 924 6926 2557
f 925 3848 6956
f 926 946 963
f 927 6462 2542
f 928 2598 5649
f 928 4988 5801
f 928 5288 2598
f 928 5649 4988
f 928 5801 5288
f 929 2610 6161
f 929 2902 5927
f 929 4925 2610
f 929 5927 4925
f 929 6161 2902
f 930 2281 5174
f 930 3929 2281
f 930 5174 3109
f 931 2444 5510
f 931 2928 2292
f 931 5056 2928
f 931 5510 5056
f 932 1772 2645
f 932 2645 2685
f 932 2685 4173
f 932 4173 1772
f 933 1538 5902
f 933 3015 3674
f 933 3674 4095
f 933 4095 1538
f 933 5902 3015
f 934 1862 6192
f 934 3013 6016
f 934 6016 1862
f 934 6192 4939
f 935 3255 4644
f 935 5775 3255
f 936 3352 4902
f 936 4902 6181
f 936 6064 3352
f 937 2936 5615
f 937 3011 3213
f 937 3213 3574
f 937 3574 6641
f 937 5615 3011
f 937 6641 2936
f 938 3746 6385
f 938 4282 1163
f 938 6385 4282
f 939 1089 5482
f 939 3475 1089
f 939 5482 5302
f 940 2088 3911
f 940 3736 5271
f 940 3911 3736
f 940 5271 2088
f 941 2657 7155
f 941 5524 2657
f 941 7155 2005
f 942 947 963
f 943 946 947
f 943 963 946
f 944 1806 5745
f 944 5745 2901
f 944 5753 1806
f 945 4664 3937
f 946 1105 4771
f 946 4500 1105
f 946 4771 947
f 947 1044 4781
f 947 4771 1044
f 947 4781 963
f 948 990 4857
f 948 1170 6078
f 948 4728 1170
f 949 1876 4783
f 949 2544 1876
f 949 3855 2544
f 950 3244 2804
f 950 4039 5751
f 950 4189 3244
f 950 5751 4189
f 951 1314 5951
f 951 5112 6714
f 951 5115 7026
f 951 5660 5115
f 951 5951 5660
f 951 6714 1314
f 951 7026 5112
f 952 2329 4247
f 952 2496 2329
f 952 4247 5824
f 952 5824 2496
f 953 1486 6955
f 953 3952 4067
f 953 4067 3687
f 953 6955 3952
f 954 2407 6543
f 954 5285 2660
f 954 6543 6680
f 954 6680 5285
f 955 1487 3350
f 955 1941 4640
f 955 3350 3536
f 955 3536 4759
f 955 4640 1487
f 955 4759 1941
f 956 3624 3177
f 956 6151 6825
f 956 6825 3624
f 957 2548 5876
f 957 5869 2548
f 957 5876 6900
f 958 5069 3678
f 958 6328 5069
f 959 1987 2403
f 959 2403 3164
f 959 3164 5837
f 959 5837 1987
f 960 2017 6391
f 960 3188 2017
f 960 5240 3188
f 960 6391 6987
f 960 6987 5240
f 961 1445 2125
f 961 5709 1445
f 962 4441 5109
f 962 5109 6721
f 962 5120 4441
f 962 6721 5120
f 963 986 5895
f 963 3101 1966
f 963 3249 5205
f 963 3333 3249
f 963 3917 6447
f 963 4179 7052
f 963 4205 986
f 963 4781 1879
f 963 5205 4500
f 963 5291 3917
f 963 5577 6753
f 963 5895 3333
f 963 6154 5577
f 963 6446 5291
f 963 6447 6747
f 963 6747 6154
f 963 6753 4454
f 963 7052 6446
f 963 7056 4179
f 964 987 6202
f 964 6202 7192
f 964 7192 3250
f 965 3882 6114
f 965 5544 6753
f 965 6114 5544
f 965 6753 3882
f 966 4337 1368
f 966 4593 4337
f 966 5221 4593
f 967 2224 5191
f 968 1361 5002
f 968 4837 1361
f 968 5002 5517
f 968 5517 4837
f 969 1512 5383
f 969 4153 6270
f 969 4989 4153
f 969 5383 4989
f 969 6270 1512
f 970 3206 6529
f 970 3727 3206
f 970 4959 3727
f 970 6529 2864
f 971 3661 6199
f 971 5307 3661
f 971 6199 1265
f 972 2870 6528
f 972 6528 4529
f 972 6907 2870
f 973 1770 6530
f 973 2257 4849
f 973 3741 6718
f 973 4849 1770
f 973 6530 3741
f 973 6718 2257
f 974 1078 6953
f 974 2202 4078
f 974 4078 6489
f 974 5491 2202
f 974 6489 1078
f 974 6953 5491
f 975 3919 1605
f 975 6220 3919
f 976 2625 4625
f 976 3809 4464
f 976 4464 6817
f 976 4625 6781
f 976 6781 3809
f 977 1037 1668
f 977 1668 7065
f 977 1682 4924
f 977 4924 1037
f 977 7065 1682
f 978 1986 3070
f 978 3070 7163
f 978 7038 1986
f 978 7163 7038
f 979 1954 5192
f 979 3931 5220
f 979 5192 6948
f 979 5220 1954
f 979 6948 3931
f 980 2925 4649
f 980 4049 6791
f 980 4649 4049
f 980 4756 2925
f 980 6791 4756
f 981 2440 6587
f 981 2554 3547
f 981 3547 2440
f 981 3969 4738
f 981 4487 3969
f 981 4738 2554
f 981 6587 4487
f 982 2271 3243
f 982 4778 2271
f 983 1799 4332
f 983 2119 6471
f 983 4332 7097
f 983 5478 2119
f 983 6471 1799
f 983 7097 5478
f 984 1150 1952
f 984 3821 5480
f 984 5352 1150
f 984 5480 5352
f 984 6361 3821
f 985 4198 5138
f 985 5033 4198
f 986 1306 5895
f 986 4205 1306
f 987 5762 6769
f 987 6769 6202
f 988 3048 7197
f 988 5410 6683
f 988 6683 6753
f 988 7197 5410
f 990 1229 3236
f 990 1492 4857
f 990 3145 1492
f 991 1798 4941
f 991 3694 5421
f 991 4941 3694
f 991 5180 1798
f 991 5421 5180
f 992 1742 5210
f 992 5739 6013
f 992 6013 1742
f 993 2542 5172
f 993 3940 2542
f 993 4494 3940
f 993 5172 4494
f 994 4042 6164
f 994 4785 4042
f 994 5478 4785
f 994 6164 5478
f 995 1607 3000
f 996 1289 4190
f 996 2058 4060
f 996 2684 3962
f 996 3962 1289
f 996 4190 2058
f 996 5313 2684
f 997 3972 4735
f 997 4659 3972
f 997 4735 4659
f 998 1792 2449
f 998 2449 4212
f 998 4212 6013
f 998 5739 5598
f 998 6013 5739
f 999 2045 6934
f 999 4084 3343
f 1000 2422 3768
f 1000 3768 4562
f 1000 4562 5576
f 1000 5290 2422
f 1000 5576 5290
f 1001 3588 3356
f 1001 6036 3588
f 1002 2820 5615
f 1002 2936 6898
f 1002 3576 2820
f 1002 4905 3576
f 1002 5615 2936
f 1002 6898 4905
f 1003 2858 2967
f 1003 2967 3988
f 1003 3988 6519
f 1003 5260 2858
f 1003 6519 5260
f 1004 1439 5508
f 1004 3970 4109
f 1005 1340 2207
f 1005 1721 1340
f 1005 2207 3436
f 1005 3436 5894
f 1005 5894 1721
f 1006 1029 3494
f 1006 2655 1029
f 1006 3494 4289
f 1006 4289 2655
f 1007 3332 7029
f 1007 4273 5542
f 1007 5542 3332
f 1007 7029 7196
f 1007 7151 4273
f 1007 7196 7151
f 1008 1433 2189
f 1008 2189 4896
f 1008 4238 1433
f 1008 4329 4238
f 1008 4896 4329
f 1009 3369 3788
f 1009 3557 3369
f 1009 3788 6788
f 1009 6788 2894
f 1010 3104 4556
f 1010 3891 4839
f 1010 4556 3891
f 1010 4839 5683
f 1010 5400 3104
f 1010 5683 5400
f 1011 4152 7006
f 1011 6122 4152
f 1011 6426 6122
f 1011 7006 6426
f 1012 4113 3226
f 1012 6371 4113
f 1012 6602 6371
f 1013 4363 4855
f 1013 4855 6650
f 1013 6031 7076
f 1013 6650 6031
f 1013 7076 4363
f 1014 1042 1212
f 1014 1212 3853
f 1014 3219 6043
f 1014 3853 3219
f 1015 1410 4463
f 1015 4198 1410
f 1015 4463 6459
f 1015 6178 7056
f 1015 6459 6178
f 1015 7056 4198
f 1016 1915 6147
f 1016 4671 7127
f 1016 6147 4671
f 1016 7127 1915
f 1017 2789 7052
f 1017 4268 2789
f 1017 7052 4268
f 1018 1077 6627
f 1018 2796 6797
f 1018 3604 2796
f 1018 6627 3604
f 1018 6797 1077
f 1019 1471 1838
f 1019 1838 2576
f 1019 2576 6140
f 1019 4314 1471
f 1019 6140 4314
f 1020 3732 4801
f 1020 4022 7050
f 1020 4801 4022
f 1020 7050 3732
f 1021 1079 4937
f 1021 4638 1079
f 1021 4757 4638
f 1021 4937 6947
f 1021 6947 4757
f 1022 1123 5034
f 1022 5034 1390
f 1022 5901 1123
f 1023 5046 4353
f 1023 5500 7095
f 1023 7095 5046
f 1024 1127 4211
f 1024 1951 1127
f 1024 4211 6335
f 1024 6335 6775
f 1024 6775 1951
f 1025 2096 3113
f 1025 3113 6769
f 1025 3588 4782
f 1025 4782 2096
f 1025 6769 3588
f 1026 1918 4143
f 1026 2591 1918
f 1026 2600 2689
f 1026 2687 2600
f 1026 2689 2591
f 1026 4143 2687
f 1027 1080 6478
f 1027 2734 1080
f 1027 6478 4883
f 1028 2933 3938
f 1028 3938 4614
f 1028 4614 7192
f 1028 6079 2933
f 1028 7192 6079
f 1029 2655 3871
f 1029 3871 4573
f 1029 6833 3494
f 1030 2191 6073
f 1030 4111 6061
f 1030 6061 2191
f 1030 6073 7187
f 1030 6967 4111
f 1030 7187 6967
f 1031 1140 5349
f 1031 1729 1140
f 1031 1870 5063
f 1031 3782 1729
f 1031 5063 3782
f 1031 5349 1870
f 1032 1298 6815
f 1032 2528 1298
f 1032 3948 2528
f 1032 5722 6297
f 1032 6297 3948
f 1032 6815 5722
f 1033 1351 5663
f 1033 3746 1351
f 1033 5663 6385
f 1033 6385 3746
f 1034 2256 4803
f 1034 2327 2256
f 1034 2977 2327
f 1034 4803 6548
f 1034 6548 2977
f 1035 1321 4684
f 1035 2592 7131
f 1035 2837 1321
f 1035 4684 2592
f 1035 7131 2837
f 1036 1689 4407
f 1036 2792 4950
f 1036 4407 2792
f 1036 4950 1689
f 1037 3149 4631
f 1037 4631 1668
f 1037 4924 5733
f 1037 5459 3149
f 1037 5733 5459
f 1038 1943 4467
f 1038 2393 3211
f 1038 4467 2393
f 1038 4616 1943
f 1038 6363 4616
f 1039 2279 4342
f 1039 2827 6493
f 1039 3587 2827
f 1039 3781 3587
f 1039 4342 3781
f 1039 6493 2279
f 1040 1490 4941
f 1040 2724 1490
f 1040 2806 2724
f 1040 4235 2806
f 1041 3961 4203
f 1041 4203 4374
f 1041 4374 3961
f 1042 5705 7202
f 1042 6759 5705
f 1042 7202 1212
f 1043 2786 5382
f 1043 4600 4811
f 1043 4811 2786
f 1043 5382 5665
f 1043 5665 4600
f 1044 1045 6342
f 1044 4771 1045
f 1044 6342 4781
f 1045 1179 6342
f 1045 4203 6036
f 1045 4771 4203
f 1045 6036 1179
f 1046 2801 4199
f 1046 4199 4499
f 1046 4499 4926
f 1047 2057 6972
f 1047 2095 2057
f 1047 2614 6597
f 1048 1632 5994
f 1048 1763 6528
f 1048 2870 1632
f 1048 5994 6154
f 1048 6154 1763
f 1048 6528 2870
f 1049 1428 3682
f 1049 3682 2795
f 1050 5309 6895
f 1050 5758 5309
f 1050 6895 3340
f 1051 3799 5203
f 1051 4916 6973
f 1051 5147 4916
f 1051 5203 5147
f 1051 6082 3799
f 1051 6973 6082
f 1052 4059 7028
f 1052 4986 5257
f 1052 5257 4059
f 1052 7028 4986
f 1053 2956 4958
f 1053 4833 6142
f 1053 4958 4833
f 1053 6142 6692
f 1053 6692 2956
f 1054 3705 6756
f 1054 6756 3805
f 1055 1385 1749
f 1055 1749 3143
f 1055 3143 7074
f 1055 5018 1385
f 1055 7074 5018
f 1056 1468 4220
f 1056 4220 4936
f 1056 4936 1468
f 1057 1581 3569
f 1057 1864 5031
f 1057 3569 1864
f 1057 4182 5329
f 1057 5329 1581
f 1058 4899 6517
f 1058 5010 4899
f 1058 5317 5010
f 1058 6517 5317
f 1059 1677 3713
f 1059 3713 5926
f 1059 3955 2274
f 1059 5926 3955
f 1060 3967 5884
f 1060 5884 1190
f 1060 6497 4214
f 1061 1125 3844
f 1061 1897 3596
f 1061 3596 1125
f 1061 3844 1897
f 1062 2493 2980
f 1062 2571 2493
f 1062 2973 2571
f 1062 2980 6018
f 1063 2062 6516
f 1063 4624 2062
f 1063 4865 4624
f 1064 5121 5395
f 1064 5395 6407
f 1064 6238 5121
f 1064 7004 6238
f 1065 1087 4361
f 1065 1103 3842
f 1065 2384 1103
f 1065 3842 1087
f 1065 4361 2384
f 1066 2906 6944
f 1066 6304 2906
f 1066 6944 6075
f 1067 2222 5423
f 1067 4304 6357
f 1067 4458 2222
f 1067 5423 6450
f 1067 6357 4458
f 1067 6450 4304
f 1068 4182 5930
f 1068 5930 4763
f 1069 1847 5561
f 1069 5561 2331
f 1069 5844 1847
f 1070 1134 4134
f 1070 3052 6265
f 1070 4134 3052
f 1070 5543 1134
f 1070 6265 5543
f 1071 2634 6176
f 1071 6176 3475
f 1072 3711 4471
f 1073 1261 6500
f 1073 3670 1261
f 1073 4202 3670
f 1073 4920 4202
f 1073 6500 4920
f 1074 1294 2766
f 1074 2766 7038
f 1074 5655 1294
f 1074 5805 5655
f 1074 7038 7163
f 1074 7163 5805
f 1075 1382 5079
f 1075 1785 3869
f 1075 2502 1785
f 1075 3869 1382
f 1075 5079 2502
f 1076 2131 5013
f 1076 2930 3093
f 1076 3093 5301
f 1076 5013 2930
f 1076 5301 2131
f 1077 2450 6627
f 1077 3028 2450
f 1077 6797 7094
f 1077 7094 3028
f 1078 2613 5066
f 1078 5066 6953
f 1079 2537 4937
f 1079 4638 7112
f 1079 7112 2537
f 1080 1730 5328
f 1080 1790 6478
f 1080 2734 1730
f 1080 5328 1790
f 1081 2532 4373
f 1081 2740 2878
f 1081 2878 5866
f 1081 4373 2740
f 1081 5866 2532
f 1083 2133 3430
f 1083 2292 2928
f 1083 2928 4776
f 1083 3430 5590
f 1083 4776 2133
f 1083 5590 6216
f 1083 6216 2292
f 1084 5145 6331
f 1084 5323 6297
f 1084 6089 5145
f 1084 6297 6089
f 1084 6331 5323
f 1085 5692 6108
f 1085 6108 7055
f 1085 7055 5692
f 1086 1858 7053
f 1086 3103 4909
f 1086 4909 6344
f 1086 6344 1858
f 1086 7053 3103
f 1087 2454 4361
f 1087 3257 6365
f 1087 3842 5794
f 1087 5794 3257
f 1087 6365 2454
f 1088 3577 4094
f 1088 4094 4298
f 1088 4298 3939
f 1089 2471 5482
f 1089 2633 2471
f 1090 1173 5300
f 1090 2134 6376
f 1090 5300 2134
f 1090 6376 3367
f 1091 1307 4232
f 1091 1745 6066
f 1091 3714 5322
f 1091 4232 1745
f 1091 5322 1307
f 1091 6066 3714
f 1092 1940 3814
f 1092 3814 6642
f 1092 6197 1258
f 1092 6642 6197
f 1093 3890 5857
f 1093 5857 7009
f 1093 5946 6232
f 1093 6232 3890
f 1093 7009 5946
f 1094 5182 4105
f 1094 6052 5182
f 1095 2207 5600
f 1095 2798 5020
f 1095 3436 2207
f 1095 5020 5170
f 1095 5170 3436
f 1095 5600 2798
f 1097 2929 6502
f 1097 3382 4470
f 1097 4470 2929
f 1097 6502 3382
f 1098 1327 3489
f 1098 3489 7203
f 1098 4693 5112
f 1098 5112 1327
f 1098 7203 4693
f 1099 2840 7159
f 1099 6416 6596
f 1099 6596 2840
f 1099 7159 6416
f 1100 1167 3279
f 1100 2512 4291
f 1100 2988 1167
f 1100 3279 2512
f 1101 4495 5319
f 1101 4911 4495
f 1101 5159 4911
f 1102 2187 5007
f 1102 2513 2650
f 1102 2650 2187
f 1102 5007 2513
f 1103 2384 5461
f 1103 5461 5713
f 1103 5713 3842
f 1104 5737 3090
f 1105 4500 5205
f 1105 5205 4771
f 1106 1166 4364
f 1106 2459 2607
f 1106 2607 1166
f 1106 3664 6792
f 1106 4364 3664
f 1106 6792 2459
f 1107 5055 6650
f 1107 6195 5732
f 1108 5070 2341
f 1108 6584 5070
f 1109 2109 1874
f 1109 5756 2109
f 1109 6482 5756
f 1110 5864 4193
f 1110 6453 5864
f 1111 1415 2216
f 1111 1536 1415
f 1111 1885 1536
f 1111 2216 3132
f 1111 3583 1885
f 1111 3795 3583
f 1112 1292 5584
f 1112 3352 6064
f 1112 4498 1292
f 1112 5293 3352
f 1112 5584 5293
f 1112 6064 4498
f 1113 1496 5886
f 1113 3379 1172
f 1113 5024 1496
f 1113 5886 3379
f 1114 2073 6411
f 1114 3185 4588
f 1114 4437 2073
f 1114 4588 4437
f 1114 6411 3185
f 1115 2103 3567
f 1115 5455 5579
f 1115 5579 2103
f 1116 2286 6977
f 1116 5467 2042
f 1116 5704 5467
f 1116 6977 5704
f 1117 4598 4880
f 1117 4880 6226
f 1117 5255 4598
f 1117 6226 5255
f 1118 4014 6579
f 1118 4296 4417
f 1118 4417 5954
f 1118 5954 4014
f 1118 6579 4296
f 1119 2975 6236
f 1119 4422 2975
f 1119 5431 4422
f 1119 6236 5431
f 1120 1537 2370
f 1120 2370 2905
f 1120 2612 1537
f 1120 2905 4578
f 1120 4578 2609
f 1121 2055 3539
f 1121 2530 2368
f 1121 3539 2530
f 1122 1650 5743
f 1122 5603 5744
f 1122 5743 5603
f 1122 5744 1650
f 1123 4618 5187
f 1123 5187 5034
f 1123 5901 4618
f 1124 1974 4122
f 1124 2722 4856
f 1124 2896 2722
f 1124 4122 6212
f 1124 4856 6084
f 1124 6084 1974
f 1124 6212 2896
f 1125 1805 6168
f 1125 3596 1805
f 1125 6168 6800
f 1125 6800 3844
f 1126 4724 5939
f 1126 5939 6557
f 1127 1820 6286
f 1127 1951 6323
f 1127 6286 4211
f 1128 3449 6070
f 1128 5037 3449
f 1128 6070 1300
f 1129 2486 3724
f 1129 2569 5945
f 1129 3724 5113
f 1129 3728 2486
f 1129 5113 2569
f 1129 5945 3728
f 1130 2221 5781
f 1130 2468 2813
f 1130 2813 2514
f 1130 5781 2468
f 1131 1782 5680
f 1131 3490 4796
f 1131 3994 1782
f 1131 4796 3994
f 1131 5680 3490
f 1132 1318 3849
f 1132 3849 6032
f 1132 5292 1318
f 1132 6032 1499
f 1133 5760 2720
f 1133 6364 5760
f 1134 4018 6152
f 1134 4319 4018
f 1134 5543 4319
f 1134 6152 4134
f 1135 1310 2136
f 1135 2136 4972
f 1135 3630 1310
f 1135 3764 3630
f 1135 4972 6421
f 1135 6421 3764
f 1136 4384 6341
f 1136 5882 6008
f 1136 6008 4384
f 1136 6341 5882
f 1137 1761 2208
f 1137 1863 5218
f 1137 2208 1863
f 1137 5218 1761
f 1138 2871 3772
f 1138 3772 6124
f 1138 6124 6239
f 1138 6239 6575
f 1138 6575 2871
f 1139 3044 4992
f 1139 4992 7021
f 1139 7021 4818
f 1140 1729 6625
f 1140 4780 6487
f 1140 6487 5349
f 1140 6625 4780
f 1141 2230 6180
f 1141 2288 5337
f 1141 5337 2230
f 1142 3085 2922
f 1142 3704 6320
f 1142 6320 6584
f 1143 4004 6739
f 1143 5686 4004
f 1143 6739 7168
f 1143 7168 5686
f 1144 2581 4551
f 1144 3396 2581
f 1144 3616 3396
f 1144 4551 6832
f 1145 1181 1981
f 1145 1569 5973
f 1145 1981 4709
f 1145 4709 1569
f 1145 5387 1181
f 1145 5973 5387
f 1146 1809 6975
f 1146 2225 3212
f 1146 3212 1809
f 1146 6975 1961
f 1147 1276 4464
f 1147 1605 3919
f 1147 3809 1605
f 1147 3919 6498
f 1147 4464 3809
f 1147 6498 1276
f 1148 2389 5225
f 1148 3567 2389
f 1148 3804 4052
f 1148 4052 3567
f 1148 5225 6601
f 1148 6601 3804
f 1149 2387 6476
f 1149 3210 5797
f 1149 3776 5604
f 1149 5604 3210
f 1149 5797 2387
f 1149 6476 3776
f 1150 1200 2293
f 1150 2293 3140
f 1150 3140 1952
f 1150 5352 1200
f 1151 2381 2528
f 1151 2528 3948
f 1151 4455 2381
f 1152 1212 7202
f 1152 3853 1212
f 1152 6174 6964
f 1152 6887 6174
f 1152 6964 3853
f 1152 7202 6887
f 1153 2197 4616
f 1153 4117 2197
f 1153 4478 4117
f 1153 4616 6363
f 1153 6363 4478
f 1154 1505 6790
f 1154 3714 6066
f 1154 4108 3714
f 1154 4655 1505
f 1154 6066 4655
f 1154 6790 4108
f 1155 1559 3420
f 1155 2258 4037
f 1155 3420 2258
f 1155 3722 3907
f 1155 3907 1559
f 1155 4037 5374
f 1155 5374 3722
f 1156 3064 4436
f 1156 4436 4561
f 1156 4561 3064
f 1157 2369 3211
f 1157 3211 6080
f 1158 2986 6303
f 1158 5363 2986
f 1158 5398 5363
f 1158 6303 6713
f 1158 6713 5398
f 1159 2214 5182
f 1159 3700 3964
f 1159 3964 4368
f 1159 4368 2214
f 1159 5182 6052
f 1159 6052 3700
f 1160 2299 6325
f 1160 2445 7089
f 1160 2736 5315
f 1160 5315 2299
f 1160 6325 2445
f 1160 7089 2736
f 1161 3100 2906
f 1162 4177 6559
f 1162 4533 4177
f 1162 4803 4533
f 1162 6548 4803
f 1162 6559 6548
f 1163 4282 4951
f 1163 4951 5288
f 1163 5288 5801
f 1163 5801 3640
f 1164 1551 3508
f 1164 3395 1551
f 1164 3508 6126
f 1164 6126 3395
f 1165 3407 5859
f 1165 4242 3407
f 1165 5859 6844
f 1165 6844 4242
f 1166 2607 4900
f 1166 4900 5165
f 1167 2988 5099
f 1167 5099 3279
f 1168 5703 5851
f 1168 5851 6692
f 1168 6692 6142
f 1169 1577 6348
f 1169 3433 5777
f 1169 6348 3433
f 1170 4502 6078
f 1170 4728 4502
f 1171 2231 5369
f 1171 2786 4811
f 1171 4811 6386
f 1171 5369 5967
f 1171 5967 2786
f 1171 6386 2231
f 1173 5605 5300
f 1173 5904 5605
f 1174 1895 6806
f 1174 3218 6196
f 1174 3338 1895
f 1174 3955 3218
f 1174 4854 3955
f 1174 6196 3338
f 1174 6806 4854
f 1175 1841 1916
f 1175 1916 5562
f 1175 3068 1841
f 1175 3902 3068
f 1175 5562 3902
f 1176 2631 4215
f 1176 3686 5913
f 1176 4215 4333
f 1176 5913 2631
f 1177 1256 5498
f 1177 3123 4648
f 1177 4648 6806
f 1177 5498 3123
f 1177 6806 1256
f 1178 4219 4885
f 1178 4885 5310
f 1178 5594 4219
f 1180 1255 3578
f 1180 5462 1255
f 1180 6039 5462
f 1181 3912 6705
f 1181 5387 3912
f 1181 6705 1981
f 1182 2082 5282
f 1182 5270 2082
f 1182 5282 5441
f 1183 1584 1613
f 1183 2129 6074
f 1183 6074 1584
f 1183 6479 2129
f 1184 1251 2358
f 1184 2047 3120
f 1184 2358 2047
f 1184 3120 3223
f 1184 3223 1251
f 1185 1304 1891
f 1185 1891 5899
f 1185 5216 1304
f 1185 5899 6480
f 1185 6205 5216
f 1185 6480 6205
f 1186 2009 3065
f 1186 2417 5819
f 1186 3065 3984
f 1186 3984 2417
f 1186 5258 2009
f 1186 5819 5258
f 1187 2071 5271
f 1187 4683 2071
f 1187 5271 6729
f 1187 6020 4683
f 1187 6729 6020
f 1188 2386 2522
f 1188 2522 6652
f 1188 3361 3936
f 1188 3936 4921
f 1188 4921 2386
f 1188 6652 3361
f 1189 2353 3818
f 1189 3818 1247
f 1189 4329 4896
f 1189 4896 6801
f 1189 6801 2353
f 1190 3135 2534
f 1190 3448 3135
f 1190 5884 3448
f 1191 1478 6913
f 1191 6184 1478
f 1191 6654 6184
f 1192 2577 3499
f 1192 3499 6989
f 1192 6989 3637
f 1193 1794 4371
f 1193 2280 6351
f 1193 4371 5907
f 1193 5907 2280
f 1193 6351 1794
f 1194 2777 6577
f 1194 4132 2777
f 1194 5799 2159
f 1194 6577 5799
f 1195 3071 6546
f 1195 3653 3071
f 1195 7041 3653
f 1196 1975 2142
f 1196 2142 6826
f 1196 2886 5671
f 1196 5671 1975
f 1196 6826 2886
f 1197 2871 3491
f 1197 3491 4680
f 1197 3772 2871
f 1197 4680 4805
f 1197 4805 3772
f 1198 2433 3529
f 1198 2585 6708
f 1198 3529 5128
f 1198 5128 2585
f 1198 6708 2433
f 1199 1444 2145
f 1199 2145 6250
f 1199 4241 6276
f 1199 6250 4241
f 1199 6276 1444
f 1200 3455 5608
f 1200 5352 3455
f 1200 5608 2293
f 1201 2346 6386
f 1201 5290 5576
f 1201 5576 2346
f 1201 6386 5290
f 1202 3152 2478
f 1202 3661 4188
f 1202 4188 4782
f 1202 4782 3152
f 1202 7120 3661
f 1203 4742 5019
f 1203 5473 4742
f 1204 1249 5704
f 1204 3565 1249
f 1204 5704 6977
f 1204 6977 3565
f 1205 4994 6222
f 1205 5810 6006
f 1205 6006 4994
f 1205 6222 5810
f 1206 1589 2506
f 1206 2506 4428
f 1206 3765 1589
f 1206 4246 3765
f 1206 4428 6431
f 1206 6431 4246
f 1207 3365 3115
f 1208 3646 6711
f 1208 4284 5692
f 1208 5692 3646
f 1208 6711 7039
f 1208 7039 4284
f 1209 5713 6794
f 1209 5908 2268
f 1209 6794 6947
f 1209 6947 5908
f 1210 2120 4106
f 1210 4621 1484
f 1211 3918 6752
f 1211 4064 3918
f 1211 6752 6485
f 1213 1350 2768
f 1213 2768 7047
f 1213 4832 1350
f 1213 7047 7203
f 1213 7203 4832
f 1214 1329 1393
f 1214 1393 2627
f 1214 1742 6013
f 1214 2627 1742
f 1214 4212 5217
f 1214 5217 1329
f 1214 6013 4212
f 1215 2036 4764
f 1215 3326 3774
f 1215 3774 6669
f 1215 6669 2036
f 1216 1864 3569
f 1216 1944 6315
f 1216 3569 1944
f 1216 6069 1864
f 1216 6315 6069
f 1217 1868 3816
f 1217 3232 5710
f 1217 3474 3232
f 1217 3816 3474
f 1217 5345 1868
f 1217 5710 5345
f 1218 2385 4482
f 1218 2454 5029
f 1218 4482 6477
f 1218 5029 5460
f 1218 5460 2385
f 1218 6477 2454
f 1219 4645 2733
f 1219 7104 4645
f 1220 2450 3028
f 1220 5445 6894
f 1221 1307 5322
f 1221 3433 6348
f 1221 4736 3433
f 1221 5322 4736
f 1221 6348 1307
f 1222 2080 7144
f 1222 2485 3198
f 1222 5372 2080
f 1222 6271 2485
f 1222 7144 6271
f 1223 4128 4287
f 1223 4153 6384
f 1223 4287 5829
f 1223 5829 6270
f 1223 6270 4153
f 1223 6384 4128
f 1224 1528 4902
f 1224 4902 6372
f 1224 6372 1528
f 1226 1656 4927
f 1226 2044 7077
f 1226 2815 2044
f 1226 4197 2815
f 1226 4927 4197
f 1226 7077 1656
f 1227 1396 2559
f 1227 2053 2563
f 1227 2563 4473
f 1227 4473 1396
f 1228 3663 6594
f 1228 4867 6022
f 1228 6022 3663
f 1228 6594 4867
f 1229 5066 3236
f 1229 5169 5066
f 1230 1379 6400
f 1230 1936 6418
f 1230 3193 1936
f 1230 5259 1379
f 1230 6400 3193
f 1230 6418 5259
f 1231 5472 5735
f 1231 5735 6677
f 1231 6677 4944
f 1232 1870 5349
f 1232 4116 1870
f 1232 4221 7195
f 1232 5349 6918
f 1232 6918 4221
f 1232 7195 4116
f 1233 1662 3535
f 1233 1968 3679
f 1233 2031 6517
f 1233 2356 2031
f 1233 3535 2356
f 1233 3679 1662
f 1233 6517 1968
f 1234 2872 4949
f 1234 4949 5384
f 1234 5384 2872
f 1235 3064 4561
f 1235 3400 3064
f 1235 4561 4968
f 1235 4968 7020
f 1235 7020 3400
f 1236 4093 7110
f 1236 5738 4093
f 1236 7110 5725
f 1237 1644 4831
f 1237 4831 6229
f 1237 6229 3730
f 1238 1572 2645
f 1238 2645 6097
f 1238 3654 1572
f 1238 4547 4562
f 1238 4562 3654
f 1238 6097 4547
f 1239 1368 4933
f 1239 4664 1368
f 1240 4040 5623
f 1240 4207 6028
f 1240 5065 4040
f 1240 5623 4207
f 1240 6028 5065
f 1241 1480 3374
f 1241 3374 6664
f 1241 4610 1480
f 1241 6664 4610
f 1242 2402 3487
f 1242 3487 5273
f 1242 5273 7130
f 1243 4263 7176
f 1243 5101 4263
f 1243 7176 2972
f 1244 1626 5559
f 1244 3259 6694
f 1244 5559 3259
f 1244 6694 1626
f 1245 3927 4585
f 1245 4585 6898
f 1245 5595 5920
f 1245 5920 3927
f 1245 6496 5595
f 1245 6641 6496
f 1245 6898 6641
f 1246 1683 5292
f 1246 4467 6040
f 1246 5292 6651
f 1246 6040 1683
f 1246 6651 4467
f 1247 2377 6776
f 1247 3818 2377
f 1248 2633 3712
f 1248 3712 1615
f 1248 3806 2633
f 1248 6164 3806
f 1249 1753 5704
f 1249 2029 1753
f 1249 2181 2029
f 1249 3565 2181
f 1250 2422 4571
f 1250 2480 4140
f 1250 3768 2422
f 1250 4140 5538
f 1250 4571 2480
f 1250 5538 3768
f 1251 3020 7118
f 1251 3223 3020
f 1251 5901 3153
f 1251 7118 5901
f 1252 1511 3620
f 1252 3620 4996
f 1252 4545 1511
f 1252 4996 4545
f 1253 3600 6656
f 1253 3810 3930
f 1253 6656 3810
f 1254 2328 3749
f 1254 3749 3889
f 1254 3889 4255
f 1254 4255 6019
f 1254 6019 2328
f 1255 1411 6495
f 1255 3214 1411
f 1255 5462 3214
f 1255 6495 3578
f 1256 2546 5498
f 1256 5771 2546
f 1256 6664 5771
f 1256 6806 6664
f 1257 4206 6182
f 1257 5434 4206
f 1257 5864 5434
f 1257 6182 6490
f 1257 6490 5864
f 1258 1354 4219
f 1258 6197 1354
f 1259 1811 1819
f 1259 1819 6337
f 1259 2643 1811
f 1259 6337 6597
f 1259 6597 2643
f 1260 1889 3979
f 1260 3312 7118
f 1260 3979 7060
f 1260 4779 3312
f 1260 7118 1889
f 1261 1365 6500
f 1261 2696 4098
f 1261 3670 2696
f 1261 4098 1365
f 1262 1353 1953
f 1262 1953 6513
f 1262 6319 2272
f 1262 6513 6319
f 1263 3449 5037
f 1263 4092 3449
f 1263 4300 4092
f 1263 5037 6469
f 1263 6469 4300
f 1264 3059 5567
f 1264 4028 3059
f 1264 5567 5731
f 1264 5731 6537
f 1264 6537 4028
f 1265 3380 5142
f 1265 6199 3380
f 1266 1826 2952
f 1266 2952 7140
f 1266 3186 3899
f 1266 3899 1826
f 1266 7140 3186
f 1267 1357 5992
f 1267 1563 2873
f 1267 2873 5250
f 1267 3207 1357
f 1267 5250 3207
f 1267 5992 1563
f 1268 5018 7074
f 1268 5159 3126
f 1268 7074 5159
f 1269 2106 5044
f 1269 5044 6663
f 1269 6663 6918
f 1269 6918 2106
f 1270 2098 5497
f 1270 2736 2098
f 1270 6080 2736
f 1271 4272 4443
f 1271 4443 6258
f 1271 6258 5004
f 1272 1313 3957
f 1272 1356 6946
f 1272 3957 1356
f 1272 4738 1313
f 1272 6946 4738
f 1273 1352 4998
f 1273 4835 6871
f 1273 4998 7133
f 1273 6871 1352
f 1273 7133 4835
f 1274 5241 1996
f 1274 6570 6861
f 1274 6861 5241
f 1275 2970 3496
f 1275 3496 7180
f 1275 5982 2970
f 1275 5991 5982
f 1275 7180 5991
f 1276 6169 5503
f 1276 6498 6169
f 1277 4788 6218
f 1278 1829 6242
f 1278 2070 2571
f 1278 2571 2973
f 1278 2973 4009
f 1278 4009 1829
f 1278 6242 2070
f 1279 1951 3456
f 1279 3456 6170
f 1279 6323 1951
f 1280 1381 4107
f 1280 2290 5586
f 1280 3819 2290
f 1280 4107 3819
f 1280 5586 1381
f 1281 1355 5037
f 1281 4507 1355
f 1281 5037 6638
f 1281 6638 4507
f 1282 2416 6090
f 1282 3627 6419
f 1282 3744 2416
f 1282 6090 3627
f 1282 6419 3744
f 1283 3004 6483
f 1283 6483 4100
f 1284 1905 3229
f 1284 2993 4184
f 1284 3111 1905
f 1284 3229 2993
f 1284 4184 3111
f 1285 2620 4382
f 1285 3308 6049
f 1285 3933 2620
f 1285 6049 3933
f 1286 2001 5846
f 1286 3718 5984
f 1286 5537 3718
f 1286 5846 5537
f 1286 5984 2001
f 1287 3400 7020
f 1287 4989 5383
f 1287 5383 3400
f 1287 7020 4989
f 1288 1934 5822
f 1288 2653 6840
f 1288 3621 6605
f 1288 6605 2653
f 1288 6840 1934
f 1289 1359 6483
f 1289 3962 1359
f 1289 6483 4190
f 1290 3546 3004
f 1290 5210 6368
f 1290 6368 3546
f 1291 3381 4351
f 1291 4351 6803
f 1291 5770 3381
f 1291 6081 5770
f 1291 6803 6081
f 1292 4093 5584
f 1292 4498 4093
f 1293 1553 6728
f 1293 3305 1553
f 1293 4558 3305
f 1293 6728 4558
f 1294 1361 2766
f 1294 5002 1361
f 1294 5655 5002
f 1295 1829 5269
f 1295 5082 6242
f 1295 5269 5082
f 1295 6242 1829
f 1296 1913 2681
f 1296 2681 4269
f 1296 2765 7027
f 1296 3288 1913
f 1296 4269 5545
f 1296 4567 3288
f 1296 5545 2765
f 1296 7027 4567
f 1297 2758 4807
f 1297 4807 6727
f 1297 5160 2596
f 1297 6727 5160
f 1298 1853 6815
f 1298 2528 5917
f 1299 2617 6336
f 1299 6336 4076
f 1300 6070 3231
f 1301 2467 4903
f 1301 4891 5507
f 1301 4903 4063
f 1301 5507 2467
f 1302 4457 5229
f 1302 4729 6486
f 1302 5229 6808
f 1302 6486 4457
f 1302 6808 4729
f 1303 1706 6712
f 1303 1989 2593
f 1303 2593 1706
f 1303 4846 1989
f 1303 6712 4846
f 1304 5216 7091
f 1304 7091 1891
f 1305 1814 2204
f 1305 2204 6481
f 1305 2442 1814
f 1305 4754 6504
f 1305 6481 4754
f 1305 6504 2442
f 1306 1890 3443
f 1306 3443 5895
f 1306 4205 6321
f 1306 6321 1890
f 1307 4884 4232
f 1307 6348 4884
f 1308 2166 7055
f 1308 5982 2166
f 1308 6830 5982
f 1308 7055 6830
f 1309 2277 2396
f 1309 2396 3595
f 1309 3151 2277
f 1309 3595 3151
f 1310 1562 2136
f 1310 3630 4848
f 1310 4848 7200
f 1310 7008 1562
f 1310 7200 7008
f 1311 1597 6339
f 1311 2112 5906
f 1311 4764 2112
f 1311 5906 1597
f 1312 2797 3379
f 1312 3335 5178
f 1312 3379 5886
f 1312 5886 3335
f 1313 1438 2033
f 1314 1435 5951
f 1314 2762 1435
f 1314 6714 2762
f 1315 2344 5086
f 1315 5086 6728
f 1315 6728 1625
f 1316 2814 4461
f 1316 3839 5335
f 1316 4045 3839
f 1316 4461 4045
f 1316 5335 2814
f 1317 3378 4928
f 1317 6936 3378
f 1318 1683 5199
f 1318 5199 5419
f 1318 5292 1683
f 1318 5419 3849
f 1319 1965 4934
f 1319 3034 5601
f 1319 4934 3034
f 1320 4304 3921
f 1320 6943 4369
f 1321 1586 4684
f 1321 2837 5256
f 1321 5256 1586
f 1322 1925 7016
f 1322 2246 2414
f 1322 2414 3545
f 1322 7016 2246
f 1323 2086 5232
f 1323 2433 5389
f 1323 3742 2086
f 1323 5232 2433
f 1324 2295 3602
f 1324 3602 5309
f 1324 4124 6305
f 1324 5309 5758
f 1324 5758 4124
f 1324 6067 2295
f 1324 6305 6067
f 1325 2635 4930
f 1325 4930 4210
f 1325 6359 2635
f 1326 1706 2593
f 1326 2141 1706
f 1326 2593 4962
f 1326 4962 7177
f 1326 7177 2141
f 1327 2007 3489
f 1327 5112 6251
f 1328 1890 3951
f 1328 2180 6165
f 1328 2832 2180
f 1328 3443 1890
f 1328 3951 6072
f 1328 6072 2832
f 1328 6165 3443
f 1329 3707 1393
f 1329 4655 3707
f 1329 4852 4655
f 1329 5217 4852
f 1330 1386 5249
f 1330 4819 6554
f 1330 5075 4819
f 1330 5249 5075
f 1330 5668 1386
f 1330 6554 7158
f 1330 7158 5668
f 1331 3082 3513
f 1331 3187 4851
f 1331 3280 3082
f 1331 3513 3187
f 1331 4851 6107
f 1331 6107 3280
f 1332 3973 6673
f 1332 5204 3973
f 1332 5583 7081
f 1332 6673 5583
f 1332 7081 5204
f 1333 2580 6246
f 1333 4715 2580
f 1333 4837 5236
f 1333 5236 4715
f 1333 6246 4837
f 1334 2831 5437
f 1334 4579 2831
f 1334 5437 6923
f 1334 6923 4579
f 1335 4959 5163
f 1335 5163 7161
f 1335 6986 4959
f 1335 7161 6986
f 1336 2723 6214
f 1336 6489 6592
f 1336 6592 6338
f 1337 2226 5798
f 1337 2351 2226
f 1337 2717 6329
f 1337 5798 2717
f 1337 6329 2351
f 1338 1626 6104
f 1338 4700 5559
f 1338 5559 1626
f 1338 6104 4700
f 1339 3222 2294
f 1339 4183 3222
f 1339 5916 4183
f 1340 1721 3810
f 1340 2717 3672
f 1340 3672 2207
f 1340 3810 6656
f 1340 6329 2717
f 1340 6656 6329
f 1341 2848 6106
f 1341 4670 2848
f 1341 4823 4670
f 1341 5126 4823
f 1341 6106 7014
f 1341 7014 5126
f 1342 1645 6866
f 1342 2006 4526
f 1342 3989 2006
f 1342 4526 1645
f 1342 5964 3989
f 1342 6866 5964
f 1343 5089 5273
f 1343 5273 5442
f 1343 5442 7167
f 1344 1844 3769
f 1344 2858 5260
f 1344 3769 2858
f 1344 4158 6552
f 1344 5260 4158
f 1344 6552 1844
f 1345 1781 6280
f 1345 4443 1781
f 1345 6258 4443
f 1346 1431 6859
f 1346 2657 5524
f 1346 3767 1431
f 1346 5358 3767
f 1346 5524 5358
f 1346 6859 2657
f 1347 4160 5126
f 1347 5126 6572
f 1347 6572 4160
f 1348 2581 3396
f 1348 3396 5854
f 1348 5685 6693
f 1348 5854 5685
f 1348 6693 2581
f 1349 2769 4400
f 1349 4400 3887
f 1350 1991 4170
f 1350 4170 2768
f 1350 4832 1991
f 1351 3746 6550
f 1351 3863 5136
f 1351 5136 5663
f 1351 6550 3863
f 1352 4014 4998
f 1352 5973 6579
f 1352 6579 4014
f 1352 6871 5973
f 1353 3593 1953
f 1353 3834 3593
f 1353 5165 3834
f 1354 4089 4729
f 1354 4729 4219
f 1354 6197 4089
f 1355 1955 6469
f 1355 4507 1955
f 1355 6469 5037
f 1356 3957 4640
f 1356 4481 6946
f 1357 1566 5992
f 1357 1715 1566
f 1357 3207 5859
f 1357 5859 1715
f 1358 3284 4311
f 1358 3734 3284
f 1358 4311 5985
f 1358 5860 3734
f 1358 5985 5860
f 1359 3962 5598
f 1359 4100 6483
f 1359 5598 4100
f 1360 2603 5275
f 1360 4178 7127
f 1360 5275 4178
f 1360 6271 2603
f 1360 7127 6271
f 1361 4837 6246
f 1361 5106 2766
f 1361 6246 5106
f 1362 2765 6996
f 1362 3408 4985
f 1362 4985 6561
f 1362 6561 7027
f 1362 6996 3408
f 1362 7027 2765
f 1363 5233 5384
f 1363 5384 6421
f 1363 6421 1843
f 1364 2985 5676
f 1364 3901 2985
f 1364 4801 3901
f 1364 5676 6678
f 1364 6393 4801
f 1364 6678 6393
f 1365 2056 5029
f 1365 4098 2056
f 1366 3560 7097
f 1366 3978 3560
f 1366 7097 1618
f 1367 1483 6022
f 1367 2378 3086
f 1367 2934 5871
f 1367 3086 2934
f 1367 5871 1483
f 1367 6022 2378
f 1368 1651 4933
f 1368 4337 1651
f 1369 3949 5774
f 1369 4060 3949
f 1369 5774 4348
f 1370 2218 4057
f 1370 2798 5600
f 1370 4057 2798
f 1370 5600 5798
f 1370 5798 2218
f 1371 2113 3851
f 1371 3851 4049
f 1371 4049 6349
f 1371 6349 6601
f 1371 6601 2113
f 1372 1467 5153
f 1373 1453 5062
f 1373 1462 4601
f 1373 1901 1453
f 1373 4601 1901
f 1373 5062 1462
f 1374 5923 6306
f 1374 6306 6048
f 1375 1808 6920
f 1375 3439 1808
f 1375 3566 5196
f 1375 5196 3439
f 1375 6920 3566
f 1376 2209 5333
f 1376 2382 3977
f 1376 3977 2209
f 1377 1944 4123
f 1377 2930 4491
f 1377 4123 2930
f 1377 4491 5747
f 1377 5747 1944
f 1378 5782 2301
f 1379 2332 6881
f 1379 3498 2332
f 1379 5259 3498
f 1379 6881 6400
f 1380 4306 5889
f 1381 5006 4107
f 1381 5586 5006
f 1382 2150 5079
f 1382 3869 4259
f 1382 4259 4536
f 1382 4536 2150
f 1383 3730 6229
f 1383 3868 5134
f 1383 5134 3730
f 1384 3454 5016
f 1385 3148 1749
f 1385 3317 3148
f 1385 5018 3317
f 1386 5668 5815
f 1387 1544 2267
f 1387 1970 2364
f 1387 2267 1970
f 1387 2364 6945
f 1387 3360 1544
f 1387 6945 3360
f 1388 3675 6675
f 1389 2918 5898
f 1389 3105 2918
f 1389 5898 7095
f 1389 7095 3105
f 1390 1451 6778
f 1390 5034 1451
f 1391 3444 5874
f 1391 5068 2540
f 1391 5874 5068
f 1391 6211 3444
f 1392 1893 6666
f 1392 3116 4636
f 1392 3827 3116
f 1392 4636 1893
f 1392 6666 3827
f 1393 3233 2627
f 1393 3707 3233
f 1394 1519 4003
f 1394 4003 6843
f 1394 4792 6230
f 1394 6230 1519
f 1394 6843 4792
f 1395 3254 3942
f 1395 3942 4743
f 1395 4743 4888
f 1395 4888 3254
f 1396 1440 2266
f 1396 2266 3579
f 1396 2923 1440
f 1396 3579 2559
f 1396 4473 2923
f 1397 3230 6290
f 1397 6290 6963
f 1397 6963 3087
f 1398 2127 4470
f 1398 3382 3534
f 1398 3534 2127
f 1398 4470 3382
f 1399 3455 5721
f 1399 5721 6157
f 1399 6157 6288
f 1399 6288 3455
f 1400 2337 3037
f 1400 3438 2337
f 1400 3844 3438
f 1401 3434 4617
f 1401 3858 3434
f 1401 4617 3131
f 1402 1472 5913
f 1402 1533 1604
f 1402 1604 1472
f 1402 5757 1533
f 1402 5913 5757
f 1403 4105 4581
f 1403 4352 5787
f 1403 4581 4352
f 1403 5486 4105
f 1403 5787 5486
f 1404 1704 4953
f 1404 3062 5386
f 1404 4953 5091
f 1404 5091 3062
f 1404 5386 1704
f 1405 2255 3518
f 1405 2986 5363
f 1405 3200 2255
f 1405 3518 4130
f 1405 4130 2986
f 1405 5363 3200
f 1406 4180 6701
f 1406 4965 5865
f 1406 5865 4180
f 1406 6701 4965
f 1407 1494 2978
f 1407 2978 3495
f 1407 3495 7134
f 1407 5378 1494
f 1407 7134 5378
f 1408 3486 5095
f 1408 4549 3486
f 1408 5095 5684
f 1408 5684 4549
f 1409 3062 5091
f 1409 4174 5959
f 1409 4698 4174
f 1409 5091 4698
f 1409 5959 6568
f 1409 6568 3062
f 1410 4198 5033
f 1410 6952 4463
f 1411 2540 6495
f 1412 1473 5015
f 1412 1821 5622
f 1412 4732 1821
f 1412 5015 4732
f 1412 5622 6649
f 1412 6649 1473
f 1413 1620 6034
f 1413 2210 2558
f 1413 2558 6340
f 1413 4897 1620
f 1413 6034 2210
f 1413 6340 4897
f 1414 1727 3779
f 1414 2607 1727
f 1414 3593 3834
f 1414 3779 3593
f 1414 3834 4900
f 1414 4900 2607
f 1415 1536 2798
f 1415 2798 4057
f 1415 4057 2216
f 1416 3776 6516
f 1416 5584 5738
f 1416 5604 3776
f 1416 5738 5604
f 1416 6516 5584
f 1417 2173 6466
f 1417 3946 4209
f 1417 4209 2173
f 1417 6466 2817
f 1418 1746 3331
f 1418 3331 5925
f 1418 5925 6210
f 1418 6210 1746
f 1419 1474 3918
f 1419 3667 5206
f 1419 3918 6368
f 1419 5206 1474
f 1419 6368 3667
f 1420 2375 6615
f 1420 2435 4481
f 1420 4481 2375
f 1421 3757 7023
f 1421 7023 7133
f 1421 7133 4998
f 1422 1692 4690
f 1422 3798 7156
f 1422 4690 6425
f 1422 6425 3798
f 1422 7156 1692
f 1423 1566 6688
f 1423 5399 1566
f 1423 6021 6264
f 1423 6264 5399
f 1423 6688 6021
f 1424 2122 2200
f 1424 2200 4222
f 1424 5783 2122
f 1424 6676 5783
f 1425 2711 5211
f 1425 3256 7061
f 1425 4917 5141
f 1425 5141 2711
f 1425 5211 3256
f 1425 7061 4917
f 1426 4032 3306
f 1426 4862 6121
f 1426 6121 4032
f 1427 2898 6377
f 1427 6377 6604
f 1427 6604 7094
f 1427 6797 2898
f 1427 7094 6797
f 1428 2176 6472
f 1428 2564 3682
f 1428 4233 2564
f 1428 6472 4233
f 1429 2457 2745
f 1429 2745 5912
f 1429 3939 2457
f 1430 3700 4102
f 1430 4102 6765
f 1430 6765 6588
f 1431 3767 6128
f 1431 4843 6859
f 1431 6128 4843
f 1432 1779 1924
f 1432 7054 1779
f 1433 1530 1587
f 1433 1587 6311
f 1433 4238 1530
f 1433 6311 2189
f 1434 1786 2451
f 1434 2451 5208
f 1434 2734 1786
f 1434 2887 2734
f 1434 5208 2887
f 1435 2762 3519
f 1435 3519 5983
f 1435 5983 6724
f 1435 6724 5951
f 1436 2976 6153
f 1436 4797 2976
f 1436 5943 6115
f 1436 6115 4797
f 1436 6153 5943
f 1437 1679 5299
f 1437 2040 1679
f 1437 4124 2040
f 1437 5299 3457
f 1438 2297 2033
f 1438 2552 2297
f 1438 3969 2552
f 1439 5742 6003
f 1439 6003 5508
f 1439 6181 5742
f 1440 2923 6637
f 1440 6076 2266
f 1440 6317 6076
f 1441 3467 2377
f 1441 4611 4907
f 1441 4907 3467
f 1442 4529 7160
f 1442 7160 5518
f 1443 3903 6720
f 1443 4966 5847
f 1443 5969 6414
f 1443 6301 3903
f 1443 6414 4966
f 1443 6720 5969
f 1444 5367 2145
f 1444 5848 5367
f 1444 6276 7006
f 1444 7006 5848
f 1445 5709 6346
f 1446 2102 2947
f 1446 2214 4192
f 1446 2228 2102
f 1446 2947 4352
f 1446 4192 2228
f 1446 4352 4581
f 1446 4581 2214
f 1447 1978 6118
f 1447 4000 5814
f 1447 5814 1978
f 1447 6118 4401
f 1448 2784 6422
f 1448 3387 2784
f 1448 6282 3387
f 1448 6422 6580
f 1448 6580 6282
f 1449 2196 2472
f 1449 2472 4359
f 1449 4359 4237
f 1450 2750 4071
f 1450 3825 5885
f 1450 4071 6588
f 1450 4768 2750
f 1450 5885 4768
f 1450 6588 3825
f 1451 3310 6778
f 1451 5034 5213
f 1451 5213 3310
f 1452 2712 6882
f 1452 3115 3365
f 1452 3365 2712
f 1453 3668 5200
f 1453 5200 5062
f 1454 1768 3771
f 1454 3511 1768
f 1454 3512 5247
f 1454 3771 3512
f 1454 5247 3511
f 1455 1510 4435
f 1455 2777 4132
f 1455 4132 1510
f 1455 4435 5123
f 1455 4825 2777
f 1455 5123 4825
f 1456 1521 5688
f 1456 4271 4681
f 1456 4681 4871
f 1456 4871 1521
f 1456 5688 4271
f 1457 2770 5406
f 1457 3041 2770
f 1457 4275 4528
f 1457 4528 3041
f 1457 5286 4275
f 1457 5406 5677
f 1457 5677 5286
f 1458 2488 5805
f 1458 5514 2488
f 1458 5805 7163
f 1458 6257 5514
f 1458 7163 6257
f 1459 3914 4790
f 1459 4702 5113
f 1459 4790 4702
f 1459 5113 3914
f 1460 3069 4574
f 1460 3303 3069
f 1460 4250 3303
f 1460 4574 4250
f 1461 2594 7181
f 1461 5672 1835
f 1461 7181 5672
f 1462 1805 3596
f 1462 3596 4601
f 1463 1880 2013
f 1463 5581 1880
f 1464 2600 3192
f 1464 3192 6821
f 1464 4020 2600
f 1464 5537 4020
f 1464 6821 5537
f 1465 2051 3017
f 1465 3017 4229
f 1465 3922 6634
f 1465 4229 4363
f 1465 4363 7076
f 1465 6634 2051
f 1465 7076 3922
f 1466 3231 3563
f 1466 4105 5580
f 1466 5580 3231
f 1467 3833 4054
f 1468 4936 5012
f 1468 5012 6655
f 1468 6655 4582
f 1469 2781 6995
f 1469 5983 6397
f 1469 6397 2781
f 1469 6724 5983
f 1469 6995 6724
f 1470 4944 1886
f 1470 5479 4944
f 1470 5712 5479
f 1470 6506 5712
f 1471 3644 1838
f 1471 3792 3644
f 1471 4314 5986
f 1471 5986 3792
f 1472 1604 3941
f 1472 3247 5913
f 1473 6649 6934
f 1473 6934 5015
f 1474 3329 6157
f 1474 6157 3918
f 1475 1588 4349
f 1475 2699 1588
f 1475 2831 2699
f 1475 4349 5209
f 1475 5209 2831
f 1476 5593 5873
f 1476 5873 6807
f 1476 6464 5593
f 1476 6807 6464
f 1477 4063 4903
f 1477 4903 3241
f 1478 3698 6632
f 1478 6184 3698
f 1478 6632 6913
f 1479 4181 5601
f 1479 4325 4181
f 1479 5601 6083
f 1479 6083 4325
f 1480 2541 4345
f 1480 4345 4587
f 1480 4587 3374
f 1480 4610 2541
f 1481 2746 5017
f 1481 5017 5629
f 1481 5489 2746
f 1482 1581 1739
f 1482 1739 4123
f 1482 1944 3569
f 1482 3569 1581
f 1482 4123 1944
f 1483 2833 3663
f 1483 3663 6022
f 1483 5871 2833
f 1484 2361 4762
f 1484 4621 2361
f 1484 4762 2447
f 1485 3120 4514
f 1485 3348 4094
f 1485 3577 3120
f 1485 4094 3577
f 1485 4514 6453
f 1485 6453 3348
f 1486 2942 6955
f 1486 3110 3331
f 1486 3331 2942
f 1487 3710 3350
f 1487 3957 3710
f 1487 4640 3957
f 1488 2464 7198
f 1488 2737 2464
f 1488 7198 2474
f 1489 2470 4741
f 1489 4741 4899
f 1489 4899 5010
f 1489 5010 5168
f 1489 5168 2470
f 1490 2724 4646
f 1490 3694 4941
f 1490 4646 3694
f 1491 1571 3045
f 1491 3045 3183
f 1491 3183 4061
f 1491 3507 1571
f 1491 4061 5947
f 1491 5947 3507
f 1492 3145 6214
f 1492 4643 4857
f 1492 6214 2723
f 1493 3011 4237
f 1493 3213 3011
f 1493 4237 5054
f 1493 5054 3213
f 1494 4809 2978
f 1494 5378 6443
f 1494 6443 4809
f 1495 1670 4641
f 1495 3550 3812
f 1495 3678 5178
f 1495 3812 1670
f 1495 4641 3678
f 1495 5178 3550
f 1496 4471 5886
f 1497 2253 3298
f 1497 3298 6308
f 1497 4147 2253
f 1497 6308 4147
f 1498 2164 6520
f 1498 2178 2164
f 1498 4411 2178
f 1498 4810 6406
f 1498 6406 4411
f 1498 6520 4810
f 1499 6032 6614
f 1499 6614 6325
f 1500 3858 6047
f 1500 5470 3858
f 1500 6047 6602
f 1501 3655 6555
f 1501 6555 7023
f 1501 7023 3757
f 1502 1590 5803
f 1502 1984 3733
f 1502 3733 1590
f 1502 5803 1984
f 1503 2465 4097
f 1503 4097 5324
f 1503 4858 2465
f 1503 5324 5750
f 1503 5750 6757
f 1503 6757 4858
f 1504 4236 6628
f 1504 6628 4074
f 1505 1579 4226
f 1505 4226 6790
f 1505 4655 4852
f 1505 4852 1579
f 1506 2550 5755
f 1506 3432 6939
f 1506 5042 2550
f 1506 6939 5042
f 1507 1521 4871
f 1507 4550 1521
f 1507 4871 2344
f 1508 2222 4623
f 1508 3944 5423
f 1508 4623 4875
f 1508 4875 4206
f 1508 5423 2222
f 1509 1849 2243
f 1509 2243 4403
f 1509 4403 6225
f 1509 6225 1849
f 1510 2409 4435
f 1510 2760 3287
f 1510 3287 4251
f 1510 4132 2760
f 1510 4251 2409
f 1511 2760 3620
f 1511 4545 5368
f 1511 5368 6141
f 1511 6141 2760
f 1512 3628 5644
f 1512 5000 5383
f 1512 5644 5000
f 1512 6270 3628
f 1513 2187 2650
f 1513 2650 6252
f 1513 3193 2187
f 1513 3721 3193
f 1513 5842 3721
f 1513 6252 5842
f 1514 1582 2083
f 1514 2083 3879
f 1514 3879 6982
f 1514 6982 2419
f 1515 3523 6988
f 1515 4719 3996
f 1515 5281 3523
f 1515 6988 4719
f 1516 2860 4813
f 1516 2966 2860
f 1516 3393 4018
f 1516 4018 5831
f 1516 4813 3393
f 1516 5831 2966
f 1517 5107 5246
f 1517 5416 5107
f 1518 2680 2852
f 1518 2852 3913
f 1518 3412 4525
f 1518 3913 3412
f 1518 4525 6699
f 1518 6699 2680
f 1519 1698 6726
f 1519 6230 1698
f 1519 6726 4003
f 1520 2354 6639
f 1520 4774 2354
f 1520 6639 6889
f 1520 6889 7070
f 1520 7070 4774
f 1521 2787 5688
f 1521 4550 2787
f 1522 3930 5192
f 1522 5192 4196
f 1523 2363 6937
f 1523 5792 2363
f 1523 5909 5792
f 1524 2455 3813
f 1524 3813 2834
f 1524 3850 6653
f 1524 4329 2455
f 1524 6653 4329
f 1525 3019 2804
f 1525 6033 6200
f 1525 6200 3019
f 1526 3437 5197
f 1526 5197 6902
f 1526 6002 3437
f 1526 6644 6002
f 1526 6902 6644
f 1527 2038 7059
f 1527 4365 2038
f 1527 6942 4365
f 1528 5625 5626
f 1528 6372 5625
f 1529 3093 3155
f 1529 3155 4456
f 1529 4456 3093
f 1530 2741 5305
f 1530 4238 6653
f 1530 5305 1587
f 1530 6653 2741
f 1531 2989 6832
f 1531 3733 2989
f 1531 4416 2264
f 1531 6832 4416
f 1532 2744 5792
f 1532 4380 4605
f 1532 4605 2744
f 1532 5792 1787
f 1533 5757 2289
f 1534 2826 5198
f 1534 3244 4189
f 1534 4189 6055
f 1534 5198 3244
f 1535 3696 5891
f 1535 5891 4336
f 1536 1885 5020
f 1536 5020 2798
f 1537 2612 1672
f 1538 2941 7058
f 1538 3450 5902
f 1538 7058 3450
f 1539 5190 6352
f 1539 6352 3580
f 1540 3353 5151
f 1540 4376 3353
f 1540 5151 1942
f 1540 5465 4376
f 1540 7051 5465
f 1541 3156 6660
f 1541 3336 3156
f 1541 4068 6362
f 1541 6362 3336
f 1541 6660 4068
f 1542 3029 5016
f 1542 4185 5179
f 1542 4497 3029
f 1542 5016 4185
f 1542 5179 4497
f 1543 3325 4236
f 1543 4236 3965
f 1544 3360 4886
f 1544 4751 6966
f 1544 4886 4751
f 1544 6966 2267
f 1545 1997 5700
f 1545 3071 4838
f 1545 4145 4391
f 1545 4391 1997
f 1545 4838 4145
f 1545 5700 3071
f 1546 2005 5401
f 1546 2246 6383
f 1546 4716 2246
f 1546 5401 4716
f 1546 6383 2005
f 1547 4070 5473
f 1547 5473 5767
f 1547 5767 4341
f 1548 2505 6419
f 1548 5560 2505
f 1548 5800 5560
f 1549 4208 5509
f 1549 5223 5422
f 1549 5422 4208
f 1549 5509 6048
f 1549 6048 5223
f 1550 1976 2961
f 1550 2961 4839
f 1550 3424 1976
f 1550 3891 5948
f 1550 4839 3891
f 1550 5948 3424
f 1551 3178 3508
f 1551 3395 6838
f 1551 5570 3178
f 1551 6838 5570
f 1552 2057 2095
f 1552 4727 6203
f 1552 5590 4727
f 1552 6203 2057
f 1553 2088 6728
f 1553 2238 5267
f 1553 3305 2238
f 1553 3911 2088
f 1553 4278 3911
f 1553 5267 4278
f 1554 2276 5196
f 1554 3240 2276
f 1554 5032 6672
f 1554 5196 5032
f 1554 6672 3240
f 1555 3551 3804
f 1555 3804 6601
f 1555 4753 3551
f 1555 6349 4753
f 1555 6601 6349
f 1556 2231 2678
f 1556 2678 2959
f 1556 2959 3908
f 1556 3908 5369
f 1556 5369 2231
f 1557 2183 6114
f 1557 5861 2183
f 1557 6114 3882
f 1558 2263 5955
f 1558 3182 6734
f 1558 5955 6405
f 1558 6734 2263
f 1559 3907 4297
f 1559 4297 5513
f 1559 5513 3420
f 1560 2067 2674
f 1560 2674 5820
f 1560 4799 5268
f 1560 5105 4799
f 1560 5268 2067
f 1560 5820 5105
f 1561 2335 3797
f 1561 3624 6825
f 1561 3797 3624
f 1561 4130 2335
f 1561 6825 4130
f 1562 2572 2136
f 1562 5519 2572
f 1562 7008 5519
f 1563 2869 6824
f 1563 4695 2869
f 1563 5992 4695
f 1563 6824 2873
f 1564 4275 5286
f 1564 4948 5723
f 1564 5286 6979
f 1564 5723 4275
f 1564 6979 4948
f 1565 2254 6562
f 1565 3178 2254
f 1566 1715 4321
f 1566 4321 6688
f 1566 5399 5992
f 1567 2167 5397
f 1567 3391 2167
f 1567 5397 6105
f 1567 6105 6707
f 1567 6707 3391
f 1568 2320 5974
f 1568 5972 2320
f 1568 5974 6382
f 1568 6382 6747
f 1568 6447 5972
f 1568 6747 6447
f 1569 3205 6579
f 1569 4709 3205
f 1569 6579 5973
f 1570 3072 6430
f 1570 4701 7171
f 1570 6430 4701
f 1570 7171 3072
f 1571 3507 5394
f 1572 2311 2645
f 1572 3654 5135
f 1572 5135 6820
f 1572 6820 2311
f 1573 2239 6710
f 1573 2314 6434
f 1573 3269 2239
f 1573 4446 2314
f 1573 6434 3269
f 1574 1929 5128
f 1574 3529 6256
f 1574 5128 3529
f 1574 5518 1929
f 1574 6256 5518
f 1575 4448 5821
f 1575 5821 6880
f 1576 3517 4678
f 1576 4682 4872
f 1576 4872 3517
f 1577 3140 4884
f 1577 4884 6348
f 1577 4913 3140
f 1578 1592 6606
f 1578 4504 1592
f 1578 6606 1865
f 1579 3210 4226
f 1579 4852 5797
f 1579 5797 3210
f 1580 2790 5536
f 1580 5536 6712
f 1580 6712 6908
f 1580 6908 2790
f 1581 5329 1739
f 1582 3756 5548
f 1582 5548 2083
f 1582 7015 3756
f 1583 2330 4558
f 1583 3195 2330
f 1583 4138 3195
f 1583 4558 5086
f 1583 5086 5551
f 1583 5551 4138
f 1584 3255 1613
f 1584 4644 3255
f 1584 6074 4644
f 1585 3276 4679
f 1585 4247 3276
f 1585 4679 4861
f 1585 4861 5133
f 1585 5133 4247
f 1586 3992 4684
f 1586 4171 6143
f 1586 5256 4171
f 1586 6143 3992
f 1587 2821 6311
f 1587 5305 2821
f 1588 2553 2629
f 1588 2699 2553
f 1589 3765 6828
f 1589 4260 2506
f 1589 4294 4260
f 1589 6828 4294
f 1590 2662 5803
f 1590 5546 7158
f 1590 7158 2662
f 1591 2916 3685
f 1591 3685 5047
f 1591 5047 6193
f 1591 5457 2916
f 1591 6193 5457
f 1592 4504 4939
f 1592 4939 5602
f 1592 5602 6606
f 1593 3077 6981
f 1593 4794 6904
f 1593 6904 3077
f 1593 6981 4794
f 1594 1964 4331
f 1594 4331 4596
f 1594 4333 1964
f 1594 4596 2914
f 1595 3364 6600
f 1595 6600 4350
f 1596 3141 2273
f 1596 3220 4761
f 1596 4761 3141
f 1597 5138 6339
f 1598 5468 5708
f 1598 5708 6592
f 1598 6592 4653
f 1599 3347 1649
f 1599 5745 4235
f 1600 2950 5637
f 1600 5022 6488
f 1600 5637 5022
f 1600 6488 6618
f 1600 6618 2950
f 1601 4942 6895
f 1601 5309 6941
f 1601 6343 4942
f 1601 6895 5309
f 1601 6941 6343
f 1602 1722 4503
f 1602 2461 4369
f 1602 3715 2461
f 1602 4503 3715
f 1603 4741 5502
f 1603 4882 4741
f 1603 5502 6751
f 1603 6751 4882
f 1604 5628 3941
f 1605 3809 6781
f 1606 3002 7076
f 1606 6031 6816
f 1606 6816 2725
f 1606 7076 6031
f 1608 1676 6602
f 1608 1723 4492
f 1608 3131 1723
f 1608 4492 1676
f 1608 6047 3131
f 1608 6602 6047
f 1609 3102 6942
f 1609 3230 3102
f 1610 1892 3807
f 1610 3807 3216
f 1610 4933 1892
f 1611 1724 3451
f 1611 1896 1724
f 1611 3451 7119
f 1611 6296 1896
f 1611 7119 6296
f 1612 2213 4618
f 1612 4618 4744
f 1612 4744 6219
f 1613 3239 2683
f 1614 1620 1714
f 1614 1714 3953
f 1614 3833 6034
f 1614 3953 4054
f 1614 4054 3833
f 1614 6034 1620
f 1615 3669 7078
f 1615 3712 4596
f 1615 4596 3669
f 1615 7078 6471
f 1616 4226 5604
f 1616 4612 4226
f 1616 5604 5738
f 1617 1887 4120
f 1617 3452 7042
f 1617 3921 3452
f 1617 4120 3921
f 1617 4472 1887
f 1617 7042 4472
f 1618 4332 3607
f 1618 7097 4332
f 1619 3020 3223
f 1619 3223 6324
f 1620 4897 6044
f 1620 6044 1714
f 1621 1710 4920
f 1621 3027 5436
f 1621 4920 6213
f 1621 5436 1710
f 1621 6213 3027
f 1622 2561 6810
f 1622 3606 1818
f 1622 3703 4223
f 1622 4223 3606
f 1622 6810 3703
f 1623 2092 5810
f 1623 2585 2092
f 1623 4392 2585
f 1623 5810 6222
f 1623 6222 4392
f 1624 2406 3717
f 1624 2982 6859
f 1624 3633 2982
f 1624 3717 3633
f 1624 4843 2406
f 1624 6859 4843
f 1625 2318 4548
f 1625 6728 2318
f 1626 6694 7147
f 1626 7147 6104
f 1627 4995 6833
f 1627 5572 4995
f 1627 6433 5572
f 1627 6567 6433
f 1627 6833 6567
f 1628 2771 4564
f 1628 4564 4688
f 1628 4688 5828
f 1628 5403 2771
f 1628 5828 5403
f 1629 2144 4603
f 1629 3161 2144
f 1629 6706 3161
f 1630 2602 6233
f 1630 4953 2602
f 1630 5091 4953
f 1631 2349 4565
f 1631 3273 5957
f 1631 3657 2349
f 1631 4565 6849
f 1631 5957 3657
f 1631 6849 3273
f 1632 2870 6907
f 1632 5577 5994
f 1632 6907 5577
f 1633 4525 5654
f 1633 5527 6699
f 1633 5654 5527
f 1633 6699 4525
f 1634 4404 6855
f 1635 2595 4686
f 1635 3165 4955
f 1635 3986 3165
f 1635 4157 2595
f 1635 4686 3986
f 1635 4955 4157
f 1636 3197 6993
f 1636 3414 3197
f 1636 4557 3414
f 1636 6993 4557
f 1637 3061 4981
f 1637 4159 6837
f 1637 4981 4159
f 1637 6837 3061
f 1638 3990 4522
f 1639 2405 2517
f 1639 2517 5569
f 1639 4296 2405
f 1639 4417 4296
f 1639 5361 4417
f 1639 5569 5361
f 1640 2495 2835
f 1640 3386 3985
f 1640 3985 6545
f 1640 4429 2495
f 1640 6545 4429
f 1641 3512 4845
f 1641 4692 5247
f 1641 4845 5701
f 1641 5247 3512
f 1641 5701 4692
f 1642 1698 6230
f 1642 2651 1698
f 1642 2679 2862
f 1642 2862 2651
f 1642 5966 2679
f 1642 6230 5966
f 1643 2849 2955
f 1643 2955 5241
f 1643 5081 2849
f 1643 5241 6861
f 1643 6861 5081
f 1644 3279 5099
f 1644 4428 5090
f 1644 5090 3279
f 1644 5099 4831
f 1645 4526 5802
f 1645 5651 6866
f 1645 5802 5651
f 1646 2855 4444
f 1646 3179 4149
f 1646 4149 6423
f 1646 4444 3179
f 1646 6423 2855
f 1647 3996 4719
f 1647 4173 3996
f 1647 6835 4173
f 1648 3632 6536
f 1648 3875 6424
f 1648 6424 3632
f 1648 6536 3875
f 1649 3347 5773
f 1649 5773 6497
f 1650 5744 2811
f 1651 3121 6482
f 1651 4337 5903
f 1651 5903 3121
f 1651 6482 4933
f 1652 2269 5494
f 1652 2285 6377
f 1652 2944 2269
f 1652 5494 2285
f 1652 6377 6915
f 1652 6915 2944
f 1653 5880 7084
f 1653 6033 5880
f 1654 3354 5189
f 1654 5189 5469
f 1654 5469 4665
f 1655 2447 4762
f 1655 3137 2447
f 1655 5030 5446
f 1655 5446 3137
f 1655 6933 5030
f 1656 3608 6331
f 1656 5145 4927
f 1656 6331 5145
f 1656 7077 3608
f 1657 5354 4508
f 1657 5499 5354
f 1658 2527 3612
f 1658 3127 6766
f 1658 3466 2527
f 1658 3612 6628
f 1658 6628 3127
f 1658 6766 3466
f 1659 1671 2172
f 1659 2172 4104
f 1659 4099 5162
f 1659 4104 6960
f 1659 4305 4099
f 1659 5162 1671
f 1659 6774 4305
f 1659 6960 6774
f 1660 4375 5011
f 1660 4498 5495
f 1660 5011 4498
f 1660 5495 4375
f 1661 4638 4757
f 1661 4757 6478
f 1661 6478 3808
f 1662 3679 6751
f 1662 6751 3535
f 1664 2109 6316
f 1664 2539 2701
f 1664 2701 3688
f 1664 3441 2539
f 1664 6316 3441
f 1665 2998 6636
f 1665 4660 6060
f 1665 6060 2998
f 1665 6636 4660
f 1666 2281 3929
f 1666 3001 4045
f 1666 3929 3001
f 1666 4045 2281
f 1667 2943 6792
f 1667 6792 3664
f 1668 4631 5471
f 1668 5471 5714
f 1668 5714 5878
f 1668 5878 7065
f 1669 3154 5866
f 1669 3314 3154
f 1669 4323 3314
f 1669 5866 4323
f 1670 1735 4641
f 1670 3812 5023
f 1670 5023 1735
f 1671 4351 2172
f 1671 4929 7099
f 1671 5162 4929
f 1671 7099 4351
f 1672 2612 4103
f 1672 4103 5787
f 1672 5787 5619
f 1673 5145 5617
f 1673 5617 5776
f 1673 5776 5784
f 1673 5784 5145
f 1674 2270 2940
f 1674 2940 5061
f 1674 3974 4338
f 1674 4338 2270
f 1674 4868 3974
f 1675 2817 6466
f 1675 4376 5465
f 1675 4748 2817
f 1676 5611 6371
f 1676 6171 5611
f 1676 6371 6602
f 1678 3215 5484
f 1678 4479 4657
f 1678 4657 3215
f 1678 4758 5050
f 1678 5050 4479
f 1678 5484 4758
f 1679 2040 5314
f 1679 2374 5299
f 1680 2437 4115
f 1680 3805 2437
f 1681 6061 6304
f 1682 3481 2830
f 1682 7065 3481
f 1683 2819 7119
f 1683 6040 2819
f 1683 7119 5199
f 1684 4369 6943
f 1684 6943 5487
f 1685 2111 2354
f 1685 2354 5438
f 1685 5069 2111
f 1685 5438 5069
f 1686 2252 6850
f 1686 5385 2252
f 1686 5940 5385
f 1686 6241 5940
f 1686 6850 6241
f 1687 4548 5541
f 1687 5541 5979
f 1688 2491 6409
f 1688 5641 2491
f 1688 5803 5534
f 1688 6409 5803
f 1689 4950 5364
f 1689 5364 6245
f 1689 6245 4407
f 1690 2598 5288
f 1690 3503 4983
f 1690 4951 3503
f 1690 4983 2598
f 1690 5288 4951
f 1691 2078 3868
f 1691 2960 4828
f 1691 3194 6697
f 1691 3868 3194
f 1691 4828 2078
f 1691 6697 2960
f 1692 2334 7013
f 1692 7013 4690
f 1692 7156 2334
f 1693 1917 3870
f 1693 2792 4407
f 1693 3870 2792
f 1693 4407 7179
f 1693 5235 1917
f 1693 7179 5235
f 1694 2962 5449
f 1694 3060 3176
f 1694 3176 2962
f 1694 4568 3060
f 1694 5449 4568
f 1695 2788 5970
f 1695 4830 2788
f 1695 5970 6539
f 1695 6547 4830
f 1696 2094 2184
f 1696 2184 3530
f 1696 2409 2868
f 1696 2868 2094
f 1696 3530 4435
f 1696 4435 2409
f 1697 2576 7017
f 1697 4425 7174
f 1697 6140 2576
f 1697 7174 6140
f 1698 2651 2782
f 1698 2782 5117
f 1698 5117 6726
f 1699 3075 4030
f 1699 4030 4725
f 1699 4725 6005
f 1699 5862 3075
f 1699 6005 5862
f 1700 2232 5939
f 1700 2245 2232
f 1700 4273 7151
f 1700 5284 4273
f 1700 5939 5284
f 1700 7151 2245
f 1701 1933 7000
f 1701 2852 1933
f 1701 3913 2852
f 1701 4008 3913
f 1701 7000 4008
f 1702 3197 3414
f 1702 3414 4971
f 1702 4971 6687
f 1702 6687 5278
f 1703 2151 6418
f 1703 3637 6989
f 1703 4541 5563
f 1703 5563 3637
f 1703 6418 4541
f 1703 6989 2151
f 1704 3487 6609
f 1704 5386 3487
f 1704 5858 4953
f 1704 6609 5858
f 1705 2002 7150
f 1705 5120 6721
f 1705 6721 2002
f 1705 7150 5120
f 1706 4245 6712
f 1707 3066 6553
f 1707 3167 6442
f 1707 3737 3066
f 1707 5402 3167
f 1707 6442 3737
f 1707 6553 5402
f 1708 2192 6657
f 1708 4083 2192
f 1709 3980 7107
f 1709 6166 3980
f 1709 7107 2192
f 1710 4202 4920
f 1710 5188 4202
f 1710 5436 5188
f 1711 4290 6227
f 1711 5133 6138
f 1711 6138 4290
f 1712 3259 5959
f 1712 4174 6573
f 1712 5959 4174
f 1712 6277 6694
f 1712 6573 6277
f 1712 6694 3259
f 1713 2338 7111
f 1713 5153 2338
f 1714 6044 3953
f 1715 3407 7126
f 1715 5859 3407
f 1715 7126 4321
f 1716 1781 7132
f 1716 3509 5251
f 1716 4292 3509
f 1716 5233 4292
f 1716 5251 1781
f 1716 7132 5233
f 1717 2679 6415
f 1717 4001 6103
f 1717 6415 4001
f 1718 3187 4253
f 1718 3426 3877
f 1718 3877 3187
f 1718 4253 7149
f 1718 7149 3426
f 1719 2666 3886
f 1719 3886 6531
f 1719 4288 5408
f 1719 5408 6429
f 1719 6429 2666
f 1719 6531 4288
f 1720 2320 4133
f 1720 3394 5974
f 1720 4133 6703
f 1720 5974 2320
f 1720 6703 3394
f 1721 4044 3810
f 1721 5894 4044
f 1722 4354 4488
f 1723 3131 4617
f 1723 3359 4492
f 1723 3548 3359
f 1723 4617 3548
f 1724 3852 3451
f 1725 2295 5635
f 1725 3971 2295
f 1725 5635 7105
f 1725 7105 3971
f 1726 5030 4924
f 1726 5446 5030
f 1727 2459 2541
f 1727 2541 6771
f 1727 2607 2459
f 1727 6771 3779
f 1728 3446 5157
f 1728 5880 3446
f 1728 7084 5880
f 1729 3782 6814
f 1729 5765 6625
f 1729 6814 5765
f 1730 2734 2887
f 1730 2887 6041
f 1730 6041 5328
f 1731 1817 5897
f 1731 1855 3135
f 1731 3135 3448
f 1731 3448 1817
f 1732 1791 6510
f 1732 1973 1791
f 1732 4089 1973
f 1732 6045 4089
f 1732 6510 6045
f 1733 1853 5489
f 1733 4752 6815
f 1733 6815 1853
f 1735 2911 5188
f 1735 4079 4641
f 1735 5023 2911
f 1735 5188 4079
f 1736 1858 6001
f 1736 5778 7185
f 1736 6001 5778
f 1736 7053 1858
f 1737 2367 4507
f 1737 4507 6638
f 1737 5506 2367
f 1737 6638 6954
f 1737 6954 5506
f 1738 2915 5039
f 1738 2992 4216
f 1738 4216 5481
f 1738 4480 2915
f 1738 5039 2992
f 1738 5481 4480
f 1739 3315 4123
f 1739 5021 3315
f 1739 5329 5021
f 1740 1848 4735
f 1740 3972 4935
f 1740 4478 6363
f 1740 4735 3972
f 1740 4935 4478
f 1740 6363 1848
f 1741 3972 5435
f 1741 4478 4935
f 1741 4935 3972
f 1741 5499 4478
f 1742 2627 5210
f 1743 6783 7195
f 1743 6976 4907
f 1743 7195 6976
f 1744 2925 3836
f 1744 3836 5057
f 1744 5057 6595
f 1744 6595 2925
f 1745 3707 6066
f 1745 4232 6194
f 1745 6194 3707
f 1746 4510 5456
f 1746 5456 3331
f 1746 6210 6369
f 1746 6369 4510
f 1747 1859 6199
f 1747 6160 1859
f 1747 6199 6160
f 1748 5067 6330
f 1748 5602 2291
f 1748 6330 5602
f 1749 3148 4197
f 1749 4197 5784
f 1749 5784 3143
f 1750 2742 3689
f 1750 3689 4122
f 1750 4876 2742
f 1751 4354 3462
f 1751 4488 4354
f 1751 7084 4488
f 1752 1850 4378
f 1752 3309 4770
f 1752 3366 3309
f 1752 4299 3366
f 1752 4378 4299
f 1752 4770 1850
f 1753 1867 4925
f 1753 2029 1867
f 1753 4925 5927
f 1753 5467 5704
f 1753 5927 5467
f 1754 2117 5220
f 1754 3091 7093
f 1754 4496 3091
f 1754 5220 5296
f 1754 5296 4496
f 1754 7093 2117
f 1755 1862 6016
f 1755 3694 1862
f 1755 5421 3694
f 1755 5749 5421
f 1755 6016 5749
f 1756 3941 5334
f 1756 5334 7064
f 1756 7064 3147
f 1757 2881 3918
f 1757 3468 2881
f 1757 3918 4064
f 1757 4064 5026
f 1757 5026 3468
f 1758 3590 3777
f 1758 3777 6586
f 1758 3924 3590
f 1758 6586 6768
f 1758 6768 3924
f 1759 1810 2384
f 1759 2384 4361
f 1759 4227 1810
f 1759 4361 4786
f 1759 4786 4227
f 1760 2621 4493
f 1760 3337 5640
f 1760 3956 2621
f 1760 4493 6779
f 1760 5640 3956
f 1760 6779 3337
f 1761 4651 1854
f 1761 5218 4651
f 1762 2313 2521
f 1762 2521 6092
f 1762 3068 3902
f 1762 3902 5549
f 1762 5549 2313
f 1762 5674 3068
f 1762 6092 5674
f 1763 2974 6528
f 1763 4726 2974
f 1763 6154 4726
f 1764 3878 6578
f 1764 3891 4556
f 1764 4556 6283
f 1764 6578 3891
f 1765 2579 3753
f 1765 3753 7030
f 1765 4682 2579
f 1765 4872 4682
f 1765 7030 2324
f 1766 2182 5697
f 1766 2312 7177
f 1766 5287 2312
f 1766 5697 5287
f 1766 7177 2182
f 1767 2677 4258
f 1767 3281 7017
f 1767 4258 3281
f 1767 6551 2677
f 1767 7017 6551
f 1768 3511 3524
f 1768 3524 4430
f 1768 4430 3771
f 1769 2481 3204
f 1769 2757 6680
f 1769 3204 4978
f 1769 4978 2757
f 1769 6680 2481
f 1770 4849 5966
f 1770 5966 6852
f 1770 6852 6530
f 1771 2587 7036
f 1771 2698 2587
f 1771 3055 5088
f 1771 7036 3055
f 1772 2346 4547
f 1772 4173 6835
f 1772 4547 6097
f 1772 6097 2645
f 1772 6835 2346
f 1773 2143 4131
f 1773 2987 2143
f 1773 3163 5971
f 1773 4131 5657
f 1773 5657 3163
f 1773 5971 2987
f 1774 4546 5800
f 1774 5648 5831
f 1774 5800 5648
f 1774 5831 6018
f 1774 6018 4546
f 1775 1849 4171
f 1775 2243 1849
f 1775 4171 5256
f 1775 5256 5356
f 1775 5356 5989
f 1775 5989 2243
f 1776 1852 3750
f 1776 3750 5152
f 1776 5152 6095
f 1776 6095 4257
f 1777 2150 6267
f 1777 6267 7137
f 1777 6539 2150
f 1778 2846 2951
f 1778 2951 6741
f 1778 6741 7055
f 1778 7055 2846
f 1779 2332 1924
f 1779 3906 2332
f 1779 4418 3906
f 1779 7054 4418
f 1780 3621 6991
f 1780 4256 6605
f 1780 6605 3621
f 1780 6991 4256
f 1781 4443 7132
f 1781 5251 6280
f 1782 2783 6278
f 1782 3994 2783
f 1782 6278 5680
f 1783 1825 4712
f 1783 2485 4671
f 1783 4671 7153
f 1783 4712 2485
f 1783 5962 1825
f 1783 7153 5962
f 1784 4548 5811
f 1784 5541 4548
f 1785 2502 3497
f 1785 2596 3869
f 1785 3497 6437
f 1785 6437 2596
f 1786 5166 2451
f 1787 5328 6041
f 1787 5792 6012
f 1787 6012 5328
f 1788 1807 5788
f 1788 1892 1807
f 1788 3807 1892
f 1788 4112 3807
f 1788 5788 6644
f 1788 6644 4112
f 1789 3252 5346
f 1789 3786 3585
f 1789 5183 3786
f 1789 5346 5183
f 1790 3708 3808
f 1790 3808 6478
f 1790 5328 3708
f 1791 1973 2708
f 1791 2197 4117
f 1791 2533 6510
f 1791 2708 2197
f 1791 4117 2533
f 1792 5204 7081
f 1792 5326 5204
f 1792 7081 2449
f 1793 2128 2229
f 1793 2229 4484
f 1793 2913 5616
f 1793 4484 2913
f 1793 5616 2128
f 1794 6070 6949
f 1794 6351 6070
f 1794 6949 4371
f 1795 4732 5015
f 1795 5015 6167
f 1795 6167 4081
f 1795 7109 4732
f 1796 1818 2937
f 1796 2937 6028
f 1796 4207 4922
f 1796 6028 4207
f 1797 5773 6010
f 1797 6497 5773
f 1798 5180 5773
f 1798 5773 3347
f 1799 4633 4332
f 1799 6471 7078
f 1799 7078 4633
f 1800 3373 6037
f 1800 3981 5325
f 1800 5325 5597
f 1800 6037 3981
f 1801 4350 6600
f 1801 5900 3038
f 1801 6354 5900
f 1801 6600 6354
f 1802 2016 5173
f 1802 3111 4184
f 1802 4184 4305
f 1802 4305 6774
f 1802 5173 3111
f 1802 6774 2016
f 1803 2472 5639
f 1803 4359 2472
f 1803 5639 7066
f 1804 2227 7090
f 1804 4634 2227
f 1806 2806 4235
f 1806 4235 5745
f 1806 5753 2806
f 1807 1892 3823
f 1807 3823 5755
f 1807 5755 5788
f 1808 2829 4661
f 1808 3439 6631
f 1808 4661 6920
f 1808 6631 2829
f 1809 3212 6322
f 1809 5881 6975
f 1809 6322 5881
f 1810 4227 4883
f 1810 4734 2384
f 1810 4883 4734
f 1811 2643 5436
f 1811 3027 1819
f 1811 5436 3027
f 1812 2611 5638
f 1812 3830 2926
f 1812 4076 2611
f 1812 5638 3830
f 1813 4775 4936
f 1813 4936 5761
f 1813 5175 4775
f 1813 5761 6374
f 1813 6374 5175
f 1814 2442 6051
f 1814 6051 6469
f 1814 6469 2204
f 1815 1873 4635
f 1815 2104 3138
f 1815 3138 1873
f 1815 4356 2104
f 1815 4635 4356
f 1816 2447 6205
f 1816 6205 6930
f 1818 3606 2937
f 1819 3027 6213
f 1819 6213 2444
f 1819 6216 6337
f 1820 3981 6037
f 1820 6037 6286
f 1820 6071 3981
f 1821 1876 5622
f 1821 4732 7109
f 1821 4783 1876
f 1821 5222 4783
f 1821 7109 5222
f 1822 2731 6512
f 1822 6512 4658
f 1823 2403 6125
f 1823 3164 2403
f 1823 6125 7030
f 1823 6263 3164
f 1823 7030 6263
f 1824 2265 6141
f 1824 5949 2260
f 1825 2783 3994
f 1825 3994 4712
f 1825 5962 2783
f 1826 2850 2952
f 1826 3899 5001
f 1826 5001 2850
f 1827 3730 5134
f 1827 5134 5519
f 1827 5519 3083
f 1828 2980 2493
f 1828 3265 2980
f 1829 4009 4597
f 1829 4597 5269
f 1830 5239 5524
f 1830 5840 5239
f 1831 2089 4974
f 1831 4974 3762
f 1831 6420 2089
f 1832 3405 6269
f 1832 4676 5683
f 1832 5667 3405
f 1832 6269 4676
f 1833 2008 5960
f 1833 4716 2008
f 1833 5960 6149
f 1834 1924 2332
f 1834 2332 3498
f 1834 2962 1924
f 1834 3498 6266
f 1834 6266 2962
f 1835 2494 7018
f 1835 5672 2494
f 1836 5564 6722
f 1836 6722 3742
f 1837 2182 7177
f 1837 4254 5839
f 1837 5839 2182
f 1837 7177 4962
f 1838 3644 5535
f 1838 5535 2576
f 1839 2350 5521
f 1839 2979 2350
f 1839 3106 4543
f 1839 4543 6838
f 1839 6838 2979
f 1840 2487 4135
f 1840 3271 2487
f 1840 4021 5689
f 1840 4135 4021
f 1840 5689 3271
f 1841 3068 5988
f 1841 4960 5263
f 1841 5263 1916
f 1841 5988 4960
f 1842 3497 6439
f 1842 5103 6262
f 1842 6262 2758
f 1842 6437 3497
f 1842 6439 5103
f 1843 3738 4292
f 1843 6421 6999
f 1843 6999 3738
f 1844 5563 4541
f 1844 6552 5563
f 1845 2310 4393
f 1845 2404 4519
f 1845 4393 2404
f 1845 4519 5129
f 1845 5129 2310
f 1846 2250 7134
f 1846 3495 5552
f 1846 5552 2250
f 1846 7134 3495
f 1847 4945 1926
f 1847 5844 4945
f 1848 1969 4735
f 1849 3631 4171
f 1849 6225 3631
f 1850 3693 4335
f 1850 4770 3693
f 1851 4576 5357
f 1851 5357 5934
f 1852 5417 5691
f 1852 5691 3750
f 1854 2562 5766
f 1854 4651 2562
f 1855 1966 5464
f 1855 5464 3135
f 1856 2068 5380
f 1856 2647 2068
f 1856 3501 6525
f 1856 5380 3501
f 1857 2707 3926
f 1857 3926 5511
f 1857 4890 6457
f 1857 5139 4890
f 1857 5511 5139
f 1857 6457 2707
f 1858 6344 6001
f 1859 3380 6199
f 1859 6160 6767
f 1859 6767 3380
f 1860 6077 6503
f 1860 6503 6619
f 1860 6619 5303
f 1861 2641 4334
f 1861 4334 4577
f 1861 4577 5870
f 1861 4759 5036
f 1861 5870 4759
f 1862 3694 4646
f 1862 4646 6192
f 1863 4923 5218
f 1863 5181 4923
f 1864 2739 5031
f 1865 5045 4906
f 1866 5941 4453
f 1866 6436 5941
f 1867 2029 5915
f 1867 3562 4925
f 1867 5915 3562
f 1868 5345 6623
f 1868 6623 3816
f 1869 2010 2996
f 1869 2802 4932
f 1869 2996 5764
f 1869 4932 2010
f 1870 4116 5063
f 1871 3372 5796
f 1872 2012 4908
f 1872 4908 4382
f 1872 5917 2012
f 1873 3138 4769
f 1873 3968 4635
f 1873 4769 3968
f 1874 2109 5202
f 1874 5202 4038
f 1875 2823 6460
f 1875 6460 7201
f 1875 6959 2823
f 1875 7201 6959
f 1877 2027 5190
f 1877 5190 5228
f 1877 5228 6355
f 1877 6355 7096
f 1877 7096 2027
f 1878 4336 5891
f 1878 6777 4336
f 1879 4781 6342
f 1879 6342 3356
f 1880 3697 2013
f 1880 5581 5923
f 1880 5923 3697
f 1881 3961 5599
f 1881 5599 6165
f 1881 6165 3346
f 1882 2026 3840
f 1882 2391 5219
f 1882 3699 2026
f 1882 3840 6923
f 1882 5219 3699
f 1882 6923 2391
f 1883 2011 2378
f 1883 2378 5736
f 1883 2799 2011
f 1883 5161 2799
f 1884 2022 6503
f 1884 4632 6640
f 1884 6503 4632
f 1884 6640 6882
f 1884 6882 2022
f 1885 2015 5020
f 1885 2516 2015
f 1885 3583 2516
f 1886 4944 3564
f 1887 4472 6662
f 1887 6662 6943
f 1887 6943 4120
f 1888 2203 5760
f 1888 2549 2203
f 1888 5055 2549
f 1888 5760 6031
f 1888 6031 6650
f 1888 6650 5055
f 1889 7118 3020
f 1890 6321 3951
f 1891 2049 5899
f 1891 6484 2049
f 1891 7091 6484
f 1892 4933 3823
f 1893 3240 6672
f 1893 4636 3240
f 1893 4747 6666
f 1893 6672 4747
f 1894 4181 6035
f 1895 3338 4662
f 1895 4662 6885
f 1895 6885 6806
f 1896 2995 6897
f 1896 6296 2995
f 1896 6897 6642
f 1897 2220 3596
f 1897 5300 5605
f 1897 5605 2220
f 1899 2016 7045
f 1899 5173 2016
f 1899 5445 5173
f 1899 6894 5445
f 1899 7045 6894
f 1900 3119 6350
f 1900 4091 3119
f 1900 6350 6883
f 1900 6643 4091
f 1900 6883 6643
f 1901 4601 2043
f 1902 4607 6751
f 1902 5502 4607
f 1902 6751 5502
f 1903 2305 4234
f 1903 3224 3613
f 1903 3613 5471
f 1903 5471 2305
f 1903 6805 3224
f 1904 3358 7194
f 1904 3436 4622
f 1904 4622 6764
f 1904 5894 3436
f 1904 6764 3358
f 1904 7194 5894
f 1905 2888 6508
f 1905 3111 2888
f 1905 6366 3229
f 1905 6508 6366
f 1906 3133 3375
f 1906 6340 3133
f 1907 2025 5987
f 1907 2837 7131
f 1907 5987 4563
f 1907 7131 2025
f 1908 2656 4024
f 1908 4024 4403
f 1908 4403 6707
f 1908 6105 2656
f 1908 6707 6105
f 1909 3659 7022
f 1909 3872 6749
f 1909 6749 3659
f 1909 7022 3872
f 1910 4318 6243
f 1910 5283 6850
f 1910 6243 5283
f 1911 3053 4975
f 1911 3289 3053
f 1911 4975 1914
f 1911 5004 3289
f 1912 3483 6682
f 1912 5098 6413
f 1912 5230 5098
f 1912 6413 3483
f 1912 6682 5230
f 1913 3288 6255
f 1913 4163 2681
f 1913 6255 7122
f 1913 7122 4163
f 1914 2020 6440
f 1914 3296 5411
f 1914 4975 2020
f 1914 6440 3296
f 1915 6582 6147
f 1915 7031 6582
f 1915 7127 7031
f 1916 3522 5562
f 1916 5263 2265
f 1917 5235 6395
f 1917 6395 3870
f 1918 2091 4143
f 1918 2591 3885
f 1918 3885 2091
f 1919 2018 2499
f 1919 2499 3723
f 1919 3484 4442
f 1919 3723 7137
f 1919 4442 2018
f 1919 7137 3484
f 1920 2023 3509
f 1920 3509 5816
f 1920 5816 6024
f 1920 6024 6611
f 1920 6611 2023
f 1921 2024 2503
f 1921 3726 6134
f 1921 6134 2024
f 1922 3515 6878
f 1922 6229 3515
f 1922 6878 3321
f 1923 3491 4566
f 1923 3729 4680
f 1923 4566 6540
f 1923 4680 3491
f 1923 6540 3729
f 1925 3910 5124
f 1925 4058 3910
f 1925 5124 7016
f 1926 4817 6689
f 1926 4945 4817
f 1927 4701 6430
f 1927 6389 4701
f 1927 6430 4542
f 1928 4005 4396
f 1928 4396 6831
f 1928 6831 4681
f 1928 7004 4005
f 1929 3099 7148
f 1929 5518 3099
f 1930 4025 4155
f 1930 4155 5528
f 1930 5528 2319
f 1931 3862 6741
f 1931 6523 3862
f 1932 3073 6099
f 1932 3655 3073
f 1932 4697 6555
f 1932 6099 4697
f 1932 6555 3655
f 1933 2852 5394
f 1933 2977 6548
f 1933 5394 2977
f 1933 6548 7000
f 1934 6840 3526
f 1935 3748 4307
f 1935 4307 6748
f 1935 6748 3748
f 1936 2673 6418
f 1936 3193 3721
f 1936 3721 2673
f 1937 4272 5977
f 1937 4443 4272
f 1937 4949 4443
f 1937 5977 4949
f 1938 2417 3411
f 1938 3411 6268
f 1938 5819 2417
f 1938 6268 5819
f 1939 6227 7134
f 1939 7134 5824
f 1940 4330 5304
f 1940 5304 3814
f 1940 5594 6654
f 1940 6654 4330
f 1941 4759 6458
f 1941 6458 2375
f 1942 5151 5008
f 1943 3459 6040
f 1943 4616 3459
f 1943 6040 4467
f 1944 5747 6315
f 1945 2938 5890
f 1945 3091 2938
f 1945 5890 6361
f 1945 7093 3091
f 1946 4073 5780
f 1946 4346 2519
f 1946 5497 4073
f 1946 5780 4346
f 1947 2267 6966
f 1947 6966 3126
f 1948 5294 2304
f 1948 5603 5608
f 1948 5608 5294
f 1949 2287 2938
f 1949 2899 3666
f 1949 2938 3091
f 1949 3091 4496
f 1949 3666 2287
f 1949 4496 2899
f 1950 2748 5868
f 1950 2752 6654
f 1950 5868 2752
f 1951 4462 3456
f 1951 6775 4462
f 1952 3140 4913
f 1952 4913 7093
f 1953 2615 4656
f 1953 3593 2615
f 1953 4656 6513
f 1954 2117 5777
f 1954 5220 2117
f 1954 5777 5192
f 1955 2562 6469
f 1955 4507 5766
f 1955 5766 2562
f 1956 2466 6173
f 1956 6173 7072
f 1956 7072 2466
f 1958 2390 3695
f 1958 3108 5589
f 1959 3150 4886
f 1959 4886 6945
f 1959 6945 2941
f 1961 5505 7067
f 1961 6975 5505
f 1961 7067 2379
f 1962 2287 3666
f 1962 3666 2300
f 1962 5890 2287
f 1963 2059 2927
f 1963 2171 5925
f 1963 2927 2171
f 1963 3006 6175
f 1963 5925 3006
f 1963 6175 2059
f 1964 3669 4331
f 1964 4333 6661
f 1964 6661 7078
f 1964 7078 3669
f 1965 2931 3683
f 1966 3101 5464
f 1967 6454 6591
f 1968 4882 3679
f 1968 4899 4882
f 1968 6517 4899
f 1969 3035 4735
f 1970 2267 6615
f 1970 6458 2364
f 1970 6615 6458
f 1971 3929 5312
f 1971 4746 3929
f 1971 5312 5452
f 1972 2220 5605
f 1972 4217 5636
f 1972 4377 2220
f 1972 5605 5904
f 1972 5636 4377
f 1972 5904 4217
f 1973 2876 2708
f 1973 4089 6197
f 1973 6197 6897
f 1973 6897 2876
f 1974 2123 5140
f 1974 6084 2123
f 1975 4281 2142
f 1975 5671 2492
f 1976 3424 6904
f 1976 4794 2961
f 1976 6904 4794
f 1977 3726 5568
f 1977 4438 7000
f 1977 4844 3726
f 1977 5568 4438
f 1977 7000 4844
f 1978 5699 6118
f 1978 5814 6846
f 1978 5860 5699
f 1978 6846 5860
f 1979 2308 3419
f 1979 2334 7156
f 1979 3419 5955
f 1979 7156 2308
f 1980 4142 5830
f 1980 5521 6732
f 1980 5830 5521
f 1980 6732 4142
f 1981 2094 5650
f 1981 2184 2094
f 1981 4031 4709
f 1981 5650 4031
f 1981 6705 2184
f 1982 2597 7176
f 1982 4002 4413
f 1982 4413 2597
f 1982 6133 4002
f 1982 7176 6133
f 1983 2891 6132
f 1983 4429 6545
f 1983 6132 4429
f 1983 6545 6684
f 1983 6684 2891
f 1984 2989 3733
f 1984 3510 2989
f 1984 3900 5672
f 1984 5672 3510
f 1984 5803 3900
f 1985 3743 7130
f 1985 5089 5825
f 1985 5825 3743
f 1985 7130 5089
f 1986 5396 5647
f 1986 5647 3070
f 1986 7038 5396
f 1988 3773 6536
f 1988 4398 6681
f 1988 4704 3773
f 1988 6118 4704
f 1988 6536 4398
f 1988 6681 6118
f 1989 3905 2593
f 1989 4846 5945
f 1989 5945 3905
f 1990 2093 5826
f 1990 2237 6108
f 1990 2670 5933
f 1990 5826 2670
f 1990 5933 2237
f 1990 6108 2093
f 1991 3208 4447
f 1991 4447 5687
f 1991 4832 3208
f 1991 5687 6818
f 1991 6818 4170
f 1992 4598 5255
f 1992 6733 7044
f 1992 6753 4598
f 1992 7044 6753
f 1993 2682 6106
f 1993 3190 6015
f 1993 6015 2682
f 1993 6106 3190
f 1994 4029 7171
f 1994 4701 6389
f 1994 5694 4029
f 1994 6389 6862
f 1994 6862 5694
f 1994 7171 4701
f 1995 2867 5244
f 1995 4419 5575
f 1995 5136 4419
f 1995 5244 5136
f 1995 5575 2867
f 1996 2504 4564
f 1996 4564 2771
f 1996 5241 6868
f 1996 6868 2504
f 1997 4391 3638
f 1997 6869 5700
f 1999 2985 3901
f 1999 3622 2069
f 1999 3901 6272
f 1999 6272 3622
f 2000 4400 3719
f 2000 4445 4400
f 2000 4667 4445
f 2001 3754 5846
f 2001 5405 3754
f 2001 5664 5405
f 2001 5984 5664
f 2002 3406 5642
f 2002 5642 7037
f 2002 6721 3406
f 2003 3265 7178
f 2003 4546 3265
f 2003 5560 5800
f 2003 5800 4546
f 2003 7178 5560
f 2004 4014 5954
f 2004 4390 4998
f 2004 4591 4390
f 2004 4998 4014
f 2004 5954 4591
f 2005 7155 5401
f 2006 3647 4526
f 2006 3989 7146
f 2006 7146 3647
f 2007 2157 3489
f 2007 3208 2157
f 2007 4034 3208
f 2008 2779 6738
f 2008 3292 5234
f 2008 4716 3292
f 2008 5234 2779
f 2008 6738 5960
f 2009 2507 3065
f 2009 3054 2507
f 2009 5258 3054
f 2010 4731 2996
f 2011 2799 4084
f 2011 3683 2378
f 2011 4084 5146
f 2012 5917 2528
f 2013 3351 3554
f 2013 3697 3351
f 2014 2665 6102
f 2014 3263 6236
f 2014 4539 5960
f 2014 5960 3263
f 2014 6102 4539
f 2014 6236 2665
f 2015 2882 5020
f 2016 3778 7045
f 2016 6774 3778
f 2017 3188 6708
f 2017 5729 6391
f 2017 6708 5729
f 2018 4442 4723
f 2018 4723 4878
f 2018 4878 2499
f 2019 3651 4841
f 2019 4291 5118
f 2019 4841 4291
f 2019 7191 3651
f 2020 4975 4025
f 2020 5658 6440
f 2021 2163 4405
f 2021 4259 2163
f 2021 4573 4259
f 2022 4737 6503
f 2022 4895 4737
f 2022 6882 4895
f 2023 5251 3509
f 2023 5409 5525
f 2023 5525 5251
f 2023 6611 5409
f 2024 4711 6098
f 2024 6098 6541
f 2024 6134 4711
f 2024 6541 2503
f 2025 4520 5987
f 2025 7131 4520
f 2026 3699 5171
f 2027 3358 6764
f 2027 7096 3358
f 2028 2359 6210
f 2028 5925 2171
f 2028 6210 5925
f 2029 2181 5915
f 2030 2176 3611
f 2030 2283 5071
f 2030 3611 5157
f 2030 5071 2176
f 2030 5157 2283
f 2031 2356 2514
f 2031 2514 2813
f 2031 2730 6517
f 2031 2813 2730
f 2032 2173 6457
f 2032 4357 6466
f 2032 4890 5139
f 2032 6457 4890
f 2032 6466 2173
f 2033 2297 4457
f 2034 2435 7100
f 2034 2554 6946
f 2034 4481 2435
f 2034 6946 4481
f 2034 7100 2554
f 2035 2520 3813
f 2035 3813 6776
f 2035 4894 2520
f 2036 2371 4764
f 2036 4628 2371
f 2036 5591 4628
f 2036 6669 5591
f 2037 2174 5621
f 2037 4495 4911
f 2037 4513 2174
f 2037 4911 4513
f 2037 5621 4495
f 2038 3447 5479
f 2038 4347 7059
f 2038 4365 3447
f 2038 5479 4347
f 2039 2810 6922
f 2039 4459 2810
f 2039 6922 2179
f 2040 3947 5314
f 2040 4124 5758
f 2041 2172 3381
f 2041 2193 4104
f 2041 3381 5770
f 2041 4104 2172
f 2041 5770 5919
f 2041 5919 2193
f 2042 4385 5741
f 2042 5467 4385
f 2043 4377 5636
f 2043 4601 4377
f 2044 2815 4632
f 2044 4632 7077
f 2045 4787 6622
f 2046 5022 5637
f 2046 5637 7105
f 2046 6017 5022
f 2046 7105 5635
f 2047 2358 6780
f 2047 4514 3120
f 2047 5428 4514
f 2047 6780 5428
f 2048 2177 4644
f 2048 3855 6910
f 2048 4644 6074
f 2048 6074 3855
f 2048 6910 2177
f 2049 4078 5899
f 2049 4653 4078
f 2050 2949 6674
f 2050 3088 2949
f 2050 4665 5344
f 2050 5344 3088
f 2050 6674 3975
f 2051 3560 4750
f 2051 4750 3017
f 2051 6634 3560
f 2052 2812 6161
f 2052 3368 4904
f 2052 4904 2812
f 2052 6161 6760
f 2052 6760 3368
f 2053 2935 5633
f 2053 3254 2935
f 2053 3673 2563
f 2053 5633 3673
f 2054 3582 5059
f 2054 5059 5186
f 2054 5186 4466
f 2055 2380 3431
f 2055 2531 2380
f 2055 3431 3539
f 2056 3665 5014
f 2056 4098 3665
f 2056 5014 5460
f 2056 5460 5029
f 2057 6203 6972
f 2058 2194 3845
f 2058 3845 4060
f 2058 4190 2194
f 2059 5338 2927
f 2060 4213 4663
f 2060 4663 6666
f 2060 4747 4110
f 2060 6666 4747
f 2061 2808 4658
f 2061 3687 2808
f 2061 6175 3687
f 2062 4624 6372
f 2062 5293 6516
f 2062 6372 5293
f 2063 2747 7057
f 2063 3699 5318
f 2063 5171 3699
f 2063 6358 2747
f 2063 7057 5171
f 2064 3318 4181
f 2064 4181 2205
f 2064 5035 5169
f 2064 5169 3318
f 2065 3463 2475
f 2065 3924 6768
f 2066 3112 5215
f 2066 3308 3112
f 2067 4266 6255
f 2067 5268 4266
f 2067 6255 2674
f 2068 2647 4151
f 2068 4151 4689
f 2068 4689 5380
f 2069 3622 3789
f 2069 3789 4819
f 2069 4819 2664
f 2070 3175 7173
f 2070 5696 3175
f 2070 6242 5696
f 2070 7173 2571
f 2071 2088 5271
f 2071 4683 6728
f 2071 6728 2088
f 2072 2778 4013
f 2072 3650 5554
f 2072 4013 3650
f 2072 5554 6279
f 2072 6279 2778
f 2073 3082 4137
f 2073 3513 3082
f 2073 4137 6411
f 2073 4437 3513
f 2074 4142 6732
f 2074 4694 4142
f 2074 4988 4694
f 2074 5801 4988
f 2075 2778 4980
f 2075 3872 4013
f 2075 4013 2778
f 2075 6313 6749
f 2075 6749 3872
f 2076 2510 6696
f 2076 3280 6107
f 2076 3404 3280
f 2076 6107 2510
f 2076 6387 3404
f 2076 6696 6387
f 2077 5539 5814
f 2078 2136 2572
f 2078 2572 5134
f 2078 4828 2136
f 2078 5134 3868
f 2079 3894 4432
f 2079 4432 4840
f 2079 4840 6237
f 2079 6237 6389
f 2080 4812 7144
f 2080 5372 4812
f 2081 4000 2175
f 2081 5661 2170
f 2081 5814 4000
f 2082 5270 5990
f 2082 5823 5282
f 2082 5990 5823
f 2083 3500 6822
f 2083 5548 3500
f 2083 6822 3879
f 2084 2178 4411
f 2084 2410 5231
f 2084 2788 2178
f 2084 4411 2410
f 2084 5231 2788
f 2085 2248 6248
f 2085 4395 2248
f 2085 5276 4395
f 2085 6248 6117
f 2086 3742 6722
f 2086 5556 5232
f 2087 2185 6556
f 2087 4178 2185
f 2087 5833 4178
f 2087 6556 5833
f 2089 2779 2893
f 2089 2893 5130
f 2089 5130 4974
f 2089 6420 6738
f 2089 6738 2779
f 2090 5087 6404
f 2090 5261 7125
f 2090 6404 5261
f 2090 7125 5087
f 2091 3417 4143
f 2091 3885 5105
f 2091 5105 5934
f 2091 5934 3417
f 2092 2585 5128
f 2093 4284 5826
f 2093 5692 4284
f 2093 6108 5692
f 2094 2868 5650
f 2095 6337 6216
f 2096 2933 6079
f 2096 4782 5450
f 2096 5450 2933
f 2096 6079 3113
f 2097 2727 3790
f 2097 2887 5208
f 2097 3790 6309
f 2097 5208 2727
f 2097 6309 2887
f 2098 2736 7089
f 2098 4073 5497
f 2098 4379 4073
f 2098 4582 4379
f 2098 7089 4582
f 2099 5461 4734
f 2099 5713 5461
f 2099 6794 5713
f 2100 2807 5763
f 2100 3253 3828
f 2101 2884 5791
f 2101 3775 4606
f 2101 4606 4859
f 2101 4859 5195
f 2101 5195 2884
f 2101 5791 3775
f 2103 5579 6671
f 2103 6671 3567
f 2104 2803 3138
f 2105 2751 5195
f 2105 3605 2636
f 2105 4225 2751
f 2105 5195 3605
f 2106 4756 5044
f 2106 5349 6487
f 2106 6487 4756
f 2106 6918 5349
f 2107 4086 5587
f 2107 5587 6038
f 2108 3228 4298
f 2108 4193 6490
f 2108 4298 4193
f 2108 6490 3228
f 2109 2700 6316
f 2109 4760 5202
f 2109 5756 2700
f 2110 2468 5781
f 2110 4225 7113
f 2110 4773 4225
f 2110 7113 2468
f 2111 5069 5463
f 2111 6639 2354
f 2111 6972 6639
f 2112 2371 5906
f 2112 4764 2371
f 2113 3021 5893
f 2113 5893 3851
f 2113 6601 3021
f 2114 2271 4778
f 2114 4778 4918
f 2114 4918 6362
f 2114 5187 2271
f 2114 5213 5187
f 2114 6362 5213
f 2115 5916 6294
f 2115 6294 3849
f 2116 2456 5013
f 2116 4348 5774
f 2116 5013 4348
f 2116 5774 2456
f 2117 7093 4913
f 2118 4220 6455
f 2118 4511 5761
f 2118 4936 4220
f 2118 5761 4936
f 2118 6455 6614
f 2118 6614 4511
f 2119 5478 6164
f 2119 6164 6471
f 2120 2718 4106
f 2120 3954 2718
f 2121 3464 6932
f 2121 6932 3353
f 2122 5783 6914
f 2124 3341 4334
f 2124 4334 6473
f 2124 6473 6782
f 2124 6782 3341
f 2125 3952 6791
f 2126 3107 6088
f 2126 4486 3107
f 2126 6088 6505
f 2126 6505 2701
f 2127 3383 5351
f 2127 3534 3383
f 2127 5351 4505
f 2128 2626 2229
f 2128 3362 2626
f 2128 5616 3362
f 2129 2544 6074
f 2130 3153 4627
f 2130 4627 2728
f 2130 6780 2358
f 2131 4348 5013
f 2131 5301 6969
f 2131 6969 4348
f 2132 4737 4895
f 2132 4895 5150
f 2132 5150 6488
f 2132 6488 5022
f 2133 3345 5493
f 2133 4776 3345
f 2133 5493 3430
f 2134 3817 5793
f 2134 5300 3817
f 2134 5793 6376
f 2135 3142 5995
f 2135 3592 3142
f 2135 3963 3592
f 2136 4828 4972
f 2137 3281 4258
f 2137 4258 5951
f 2137 5951 6724
f 2137 6558 4815
f 2137 6724 6558
f 2138 2183 5861
f 2138 5385 5940
f 2138 5861 5385
f 2138 5940 6553
f 2138 6553 2183
f 2139 3647 7146
f 2139 3987 5664
f 2139 4535 3647
f 2139 5664 4535
f 2139 7146 3987
f 2140 3722 4415
f 2140 3907 3722
f 2140 4297 3907
f 2140 4415 6541
f 2140 6098 4297
f 2140 6541 6098
f 2141 7177 2312
f 2142 4281 6234
f 2142 6234 6826
f 2143 2987 4572
f 2143 3052 4131
f 2143 4572 6265
f 2143 6265 3052
f 2144 3161 5426
f 2144 5426 5851
f 2144 5851 4603
f 2145 2260 5949
f 2145 5367 2260
f 2145 5949 6250
f 2146 2604 4824
f 2146 2854 3910
f 2146 3485 2604
f 2146 3910 4058
f 2146 4058 5968
f 2146 4824 2854
f 2146 5968 3485
f 2147 3079 4706
f 2147 3260 3079
f 2147 5574 3260
f 2147 6138 5574
f 2148 3745 5727
f 2148 5540 5935
f 2148 5662 5540
f 2148 5727 5662
f 2148 5935 6540
f 2148 6540 3745
f 2149 3641 4270
f 2149 4270 5388
f 2149 4840 3641
f 2150 4536 6267
f 2150 6539 5079
f 2151 5259 6418
f 2151 5359 5259
f 2151 6989 5359
f 2152 2261 4401
f 2152 4262 7157
f 2152 4401 4262
f 2152 5944 2261
f 2152 7157 5944
f 2153 2584 3203
f 2153 3203 6700
f 2153 3518 5125
f 2153 5125 2584
f 2153 6700 6740
f 2153 6740 3518
f 2154 2967 6854
f 2155 2646 2705
f 2155 2705 5846
f 2155 3754 4798
f 2155 4798 2646
f 2155 5846 3754
f 2156 5964 6247
f 2156 6247 4569
f 2157 3208 4832
f 2157 4832 3489
f 2158 3619 3864
f 2158 3864 4542
f 2158 4540 3619
f 2158 4542 6129
f 2158 6129 4540
f 2159 5661 4554
f 2159 5799 5661
f 2160 2602 4012
f 2160 4012 4699
f 2160 4699 6233
f 2160 6233 2602
f 2161 2789 4703
f 2161 4033 4127
f 2161 4127 6446
f 2161 4703 4033
f 2161 6446 2789
f 2162 3270 3408
f 2162 3408 6996
f 2162 6303 3270
f 2162 6713 6303
f 2162 6996 6713
f 2163 4259 4961
f 2163 4961 5238
f 2164 2178 2788
f 2164 2352 6520
f 2164 2788 4830
f 2164 4830 2352
f 2165 2168 3267
f 2165 3267 4827
f 2165 4827 3917
f 2166 5982 5991
f 2166 5991 6260
f 2166 6260 7055
f 2167 2652 5397
f 2167 2970 4164
f 2167 3391 3496
f 2167 3496 2970
f 2167 4164 2652
f 2168 5077 3267
f 2168 6096 5077
f 2168 6301 6096
f 2169 3076 6876
f 2169 3991 5148
f 2169 5148 6718
f 2169 6718 3076
f 2169 6876 3991
f 2170 5661 6577
f 2171 2927 3089
f 2171 3089 4367
f 2172 4351 3381
f 2173 4209 6457
f 2174 4513 4922
f 2174 4922 4468
f 2175 5944 4554
f 2176 5071 6472
f 2177 3342 4362
f 2177 4362 5035
f 2177 6667 3342
f 2177 6910 6667
f 2179 2897 4378
f 2179 6922 2897
f 2180 3346 6165
f 2181 3537 5915
f 2181 3565 7072
f 2181 7072 3537
f 2182 5839 5697
f 2183 3066 6114
f 2183 6553 3066
f 2184 6705 3530
f 2185 2428 2840
f 2185 2840 4990
f 2185 4178 5275
f 2185 4990 6556
f 2185 5275 2428
f 2186 5280 6243
f 2187 3193 4964
f 2188 3348 6453
f 2188 4094 3348
f 2188 4193 4298
f 2188 4298 4094
f 2189 4743 6801
f 2189 6311 4743
f 2189 6801 4896
f 2190 6378 5711
f 2191 6675 6073
f 2192 7073 6657
f 2192 7107 7073
f 2193 5919 6042
f 2193 6042 6960
f 2193 6960 4104
f 2194 3122 6185
f 2195 3309 6345
f 2195 3815 3309
f 2195 4749 5185
f 2196 4224 6470
f 2196 6470 6631
f 2196 6631 2472
f 2197 2708 3459
f 2197 3459 4616
f 2198 2802 4608
f 2198 4608 6050
f 2198 4778 4932
f 2198 4932 2802
f 2198 6050 7101
f 2198 7101 4778
f 2199 2341 5070
f 2199 5070 6765
f 2199 6765 6974
f 2199 6974 2341
f 2200 5888 7117
f 2200 7117 4222
f 2201 3146 6645
f 2201 6645 3229
f 2202 3157 3245
f 2202 3245 5899
f 2202 5491 3157
f 2202 5899 4078
f 2203 2549 5055
f 2203 2720 5760
f 2203 5055 5429
f 2203 5429 2720
f 2204 2562 6481
f 2204 6469 2562
f 2205 2340 5775
f 2205 4181 2340
f 2206 2560 3591
f 2206 2997 5335
f 2206 3591 4126
f 2206 4121 2560
f 2206 4126 2997
f 2206 5335 4121
f 2207 3672 5600
f 2208 5710 3232
f 2209 2738 5333
f 2209 2912 5468
f 2209 3977 2912
f 2209 5468 2738
f 2210 2337 3438
f 2210 3438 2558
f 2210 6034 2337
f 2211 3451 3585
f 2211 3585 3786
f 2211 3786 6009
f 2211 6009 6919
f 2211 6919 3451
f 2212 3437 5042
f 2212 3472 6952
f 2212 5042 6939
f 2212 6939 3472
f 2213 2229 5187
f 2213 2336 2229
f 2213 5187 4618
f 2214 4368 4192
f 2214 4581 5182
f 2216 4057 4777
f 2216 4777 3132
f 2217 3667 5439
f 2217 5206 3667
f 2217 5439 5744
f 2217 5744 5206
f 2218 2226 4328
f 2218 3434 4057
f 2218 4328 6968
f 2218 5798 2226
f 2218 6968 3434
f 2219 2716 5786
f 2219 3589 4650
f 2219 4115 6063
f 2219 4355 2716
f 2219 5786 3589
f 2219 6063 4355
f 2220 4377 4601
f 2220 4601 3596
f 2222 4458 4623
f 2223 2353 6801
f 2223 2559 3579
f 2223 3579 2353
f 2223 6801 3942
f 2224 6456 5191
f 2225 6208 3212
f 2225 6928 6208
f 2226 2351 4360
f 2226 4360 4328
f 2227 4634 4853
f 2228 4192 4583
f 2229 2282 5187
f 2229 2336 4484
f 2229 2626 2282
f 2230 5337 4919
f 2231 2346 6835
f 2231 6386 2346
f 2231 6835 2678
f 2232 2245 3893
f 2232 3893 6557
f 2232 6557 5939
f 2233 3734 6846
f 2233 5539 6695
f 2233 6695 6128
f 2233 6846 5539
f 2234 3889 4825
f 2234 4255 3889
f 2234 4825 5123
f 2234 5123 4255
f 2235 3415 6576
f 2235 6404 3415
f 2235 6522 6404
f 2235 6576 6522
f 2236 2325 3625
f 2236 3625 4697
f 2236 3881 5855
f 2236 4697 6099
f 2236 5855 2325
f 2236 6099 3881
f 2237 2846 7055
f 2237 5933 2846
f 2237 7055 6108
f 2238 3305 4023
f 2238 4023 5267
f 2239 3269 5440
f 2240 2959 2678
f 2240 3042 2959
f 2241 3506 6100
f 2241 4392 6222
f 2241 6100 4392
f 2241 6222 3506
f 2242 2672 4999
f 2242 4999 5381
f 2242 5073 7137
f 2242 5381 5073
f 2242 7137 2672
f 2243 5989 4403
f 2244 4250 5699
f 2244 4311 6007
f 2244 5111 4250
f 2244 5699 5985
f 2244 5985 4311
f 2244 6007 5111
f 2245 3393 3893
f 2245 5853 3393
f 2245 7151 5853
f 2246 7016 6383
f 2247 2347 5680
f 2247 3296 2347
f 2247 3884 4136
f 2247 4136 5411
f 2247 5411 3296
f 2247 5680 3884
f 2248 3048 6248
f 2248 4395 7034
f 2248 7034 3048
f 2249 2321 7183
f 2249 3904 4523
f 2249 4523 2321
f 2249 5690 3904
f 2250 2496 5824
f 2250 5552 6582
f 2250 5646 2496
f 2250 5824 7134
f 2250 6582 5646
f 2251 2345 6119
f 2251 4277 5082
f 2251 5082 2345
f 2251 6119 4277
f 2252 5385 5936
f 2253 4147 5978
f 2253 5523 3298
f 2253 5978 5523
f 2254 3178 5570
f 2254 5570 6562
f 2255 3200 4538
f 2255 4538 3518
f 2256 3290 6863
f 2256 6863 4803
f 2257 5148 5836
f 2257 5836 4849
f 2257 6718 5148
f 2258 2770 3041
f 2258 2847 4037
f 2258 2883 2770
f 2258 3041 3299
f 2258 3299 2847
f 2258 3420 2883
f 2259 3650 4013
f 2259 3872 7022
f 2259 4013 3872
f 2259 5558 3650
f 2259 7022 5558
f 2260 5367 6025
f 2262 3403 6857
f 2262 3656 6111
f 2262 4829 3403
f 2262 6111 7150
f 2262 6857 3656
f 2262 7150 4829
f 2263 4705 7013
f 2263 6734 4705
f 2264 6571 5546
f 2265 3287 6141
f 2265 5263 3287
f 2266 3784 3579
f 2266 6076 3784
f 2268 2999 6221
f 2268 5908 2999
f 2268 6221 2948
f 2269 2944 3832
f 2269 5321 5494
f 2270 4338 6499
f 2270 6499 2940
f 2271 2282 3243
f 2271 5187 2282
f 2272 6319 6766
f 2272 6766 3127
f 2273 3141 6038
f 2273 6038 2749
f 2275 2805 3533
f 2275 2932 2805
f 2275 3533 6652
f 2275 5918 2932
f 2275 6652 2522
f 2276 3240 5639
f 2276 3439 5196
f 2276 5639 6631
f 2276 6631 3439
f 2277 5752 2396
f 2277 6177 4181
f 2278 3478 6927
f 2278 4516 5869
f 2278 5179 3478
f 2278 6927 4516
f 2279 4586 4342
f 2279 4614 4629
f 2279 4629 5720
f 2279 5720 4586
f 2279 6493 4614
f 2280 3563 6351
f 2280 5907 6974
f 2280 6974 4102
f 2281 4045 4461
f 2281 5501 5174
f 2282 2626 3243
f 2283 2621 3956
f 2283 3956 5071
f 2283 4938 2621
f 2283 5157 4938
f 2284 2388 3854
f 2284 2834 2388
f 2285 2548 6604
f 2285 5494 2548
f 2285 6604 6377
f 2286 2390 6977
f 2287 5890 2938
f 2288 5631 5337
f 2288 6624 3032
f 2289 4742 5473
f 2289 5473 5718
f 2289 5757 4742
f 2290 3819 6292
f 2290 4199 6665
f 2290 4326 4199
f 2290 6292 4326
f 2290 6665 5586
f 2291 4646 2724
f 2291 4939 6192
f 2291 5602 4939
f 2291 6192 4646
f 2293 4730 3140
f 2293 5603 5743
f 2293 5608 5603
f 2293 5743 4730
f 2294 3222 6317
f 2295 3971 3602
f 2295 6067 5635
f 2296 2726 7080
f 2296 2937 3606
f 2296 5628 2726
f 2296 7080 2937
f 2297 2552 6190
f 2297 3581 7116
f 2297 6190 3581
f 2297 7116 4457
f 2298 3952 6955
f 2298 4756 6791
f 2298 5044 4756
f 2298 6791 3952
f 2298 6955 5044
f 2299 5315 6651
f 2299 6651 6325
f 2300 3666 4864
f 2300 4864 7053
f 2301 3030 3802
f 2301 3802 6896
f 2301 5782 3030
f 2302 4778 7101
f 2302 4918 4778
f 2302 5041 6630
f 2302 6630 4918
f 2302 7101 5041
f 2303 4745 3671
f 2304 3429 3329
f 2304 5294 3429
f 2305 3149 4234
f 2305 4631 3149
f 2305 5471 4631
f 2306 3291 4847
f 2306 4847 4993
f 2306 4993 5427
f 2307 2573 5377
f 2307 3319 2573
f 2307 6853 3319
f 2308 2578 4176
f 2308 4176 4412
f 2308 4412 3419
f 2308 7156 2578
f 2309 3748 5941
f 2309 4307 3748
f 2309 4673 6719
f 2309 5941 4673
f 2309 6719 4307
f 2310 2772 4393
f 2310 2974 4726
f 2310 4421 5404
f 2310 4726 2772
f 2310 5129 4421
f 2310 5404 2974
f 2311 2685 2645
f 2311 6110 6396
f 2311 6396 2685
f 2311 6820 6110
f 2312 5287 5993
f 2313 2419 5365
f 2313 5365 2521
f 2314 3277 5397
f 2314 4446 4952
f 2314 4952 3277
f 2314 5397 6434
f 2315 3652 3072
f 2315 4426 4717
f 2315 4717 3652
f 2315 7152 4426
f 2316 3160 3862
f 2316 3519 3160
f 2316 3862 6523
f 2316 5983 3519
f 2316 6523 5983
f 2317 2686 6281
f 2317 5673 2686
f 2317 5844 6532
f 2317 6281 6716
f 2317 6532 5673
f 2317 6716 5844
f 2318 4683 5811
f 2318 5811 4548
f 2318 6728 4683
f 2319 3649 4392
f 2319 4392 6100
f 2319 5528 5729
f 2319 5729 3649
f 2320 5972 7159
f 2320 7159 4133
f 2321 4523 4796
f 2321 4796 7183
f 2322 2671 4402
f 2322 3538 5961
f 2322 4402 6750
f 2322 5835 2671
f 2322 5961 5835
f 2322 6750 3538
f 2323 2404 2839
f 2323 2839 3645
f 2323 3520 4276
f 2323 3645 7154
f 2323 4276 2404
f 2323 7154 3520
f 2324 2400 4700
f 2324 4700 6864
f 2324 7030 2400
f 2325 3402 6102
f 2325 4850 3402
f 2325 5855 4850
f 2325 6102 3625
f 2326 2432 5266
f 2326 3055 2432
f 2326 3863 3055
f 2326 4419 3863
f 2326 4793 4419
f 2326 5266 4793
f 2327 2977 5947
f 2327 3744 6419
f 2327 5947 3744
f 2328 2779 5234
f 2328 2893 2779
f 2328 5130 2893
f 2328 5234 3749
f 2328 6019 5130
f 2329 2496 7031
f 2329 6856 4247
f 2329 7031 6856
f 2330 3195 4287
f 2330 3305 4558
f 2330 4128 3305
f 2330 4287 4128
f 2331 5561 5734
f 2331 5734 3505
f 2332 3906 6881
f 2333 4414 7157
f 2333 5670 3050
f 2333 7157 5670
f 2335 3518 6984
f 2335 4130 3518
f 2335 6984 3797
f 2337 6034 6295
f 2338 4465 4654
f 2338 4654 7111
f 2338 5153 6504
f 2338 6504 4465
f 2340 3003 4080
f 2340 4080 5775
f 2340 4181 3003
f 2341 6974 6935
f 2342 3505 5393
f 2342 4980 6279
f 2342 5393 6148
f 2342 6148 4980
f 2342 6279 3505
f 2343 4670 4823
f 2343 4688 6702
f 2343 4823 4688
f 2343 6560 4670
f 2343 6702 6560
f 2344 4871 5551
f 2344 5551 5086
f 2345 5082 5269
f 2345 5269 4172
f 2345 7142 6119
f 2346 5576 4547
f 2347 3296 6440
f 2347 3490 5680
f 2347 6440 3490
f 2348 5487 6662
f 2348 5627 6951
f 2348 5883 5627
f 2348 6662 5883
f 2348 6951 5487
f 2349 3389 6736
f 2349 3657 5849
f 2349 5849 3389
f 2349 6736 4565
f 2350 2979 6732
f 2350 6732 5521
f 2351 3241 4360
f 2351 6329 6585
f 2351 6585 3241
f 2352 4168 6259
f 2352 4830 4168
f 2352 6259 6684
f 2352 6684 6520
f 2353 3579 3784
f 2353 3784 3818
f 2354 4774 5438
f 2355 3958 7068
f 2355 4609 3958
f 2355 7068 5929
f 2357 2527 5043
f 2357 3612 2527
f 2357 5043 6215
f 2357 6215 5596
f 2360 5194 5028
f 2361 4621 7057
f 2362 3580 6352
f 2362 4909 3580
f 2362 6352 3144
f 2363 4210 6937
f 2363 5792 2744
f 2364 2529 6945
f 2365 5143 2567
f 2365 6623 5143
f 2366 3220 4511
f 2366 4511 6884
f 2366 4761 3220
f 2366 6057 4761
f 2366 6884 6057
f 2367 5766 4507
f 2368 2530 4340
f 2369 2519 7075
f 2369 7075 3035
f 2371 2523 6902
f 2371 4628 2523
f 2371 6902 5906
f 2372 5873 3710
f 2372 6486 3835
f 2373 3480 6039
f 2373 3597 3799
f 2373 3799 6314
f 2373 6039 3597
f 2373 6314 3480
f 2374 3457 5299
f 2374 3970 3457
f 2375 6458 6615
f 2376 2917 5621
f 2376 4930 2917
f 2377 3467 6776
f 2378 3683 3086
f 2378 6022 5736
f 2380 5060 3431
f 2382 2816 6481
f 2382 4912 2816
f 2382 6481 3977
f 2383 4189 5751
f 2383 5751 6289
f 2383 6055 4189
f 2383 6289 6055
f 2384 4734 5461
f 2385 3582 4482
f 2385 5014 3582
f 2385 5460 5014
f 2386 3370 3559
f 2386 3559 2522
f 2386 4921 3370
f 2387 2515 6476
f 2387 5217 2515
f 2387 5797 5217
f 2388 2834 3813
f 2388 3813 2520
f 2389 3567 6671
f 2389 6671 6903
f 2391 5437 5614
f 2391 5614 5219
f 2391 6923 5437
f 2392 3702 4125
f 2392 3971 3702
f 2392 4349 6343
f 2392 6343 6941
f 2392 6941 3971
f 2393 4467 6651
f 2393 5315 6080
f 2393 6080 3211
f 2393 6651 5315
f 2394 3980 5027
f 2394 4462 6775
f 2394 6775 7107
f 2394 7107 3980
f 2395 2918 6054
f 2395 5749 6016
f 2395 6016 2918
f 2395 6054 6311
f 2395 6311 5749
f 2396 3442 3783
f 2396 3783 3595
f 2396 5752 3442
f 2397 5062 5200
f 2397 5200 3932
f 2398 2630 5211
f 2398 5211 6511
f 2398 5637 2630
f 2398 6511 7105
f 2398 7105 5637
f 2399 3380 4775
f 2399 4775 5175
f 2399 5142 3380
f 2399 5175 5142
f 2400 3865 4139
f 2400 4139 4700
f 2400 7030 3865
f 2401 4002 4431
f 2401 4413 4002
f 2401 4431 4572
f 2401 4572 4413
f 2402 6427 5248
f 2402 6609 3487
f 2404 4276 4519
f 2405 3205 2517
f 2405 4296 6579
f 2405 6579 3205
f 2406 3191 3717
f 2406 4843 6695
f 2406 6695 3191
f 2407 6152 7032
f 2407 7032 6543
f 2408 3502 3056
f 2408 3754 5405
f 2408 3987 3502
f 2408 5405 5664
f 2408 5664 3987
f 2409 4251 2868
f 2410 3525 5231
f 2410 6986 3525
f 2411 3084 4449
f 2411 3294 5119
f 2411 5119 3504
f 2411 7001 3294
f 2412 4826 5094
f 2412 5094 6880
f 2412 5731 4826
f 2412 5821 6011
f 2412 6011 5731
f 2412 6880 5821
f 2413 2953 5076
f 2413 3194 3321
f 2413 3321 2953
f 2413 6697 3194
f 2414 6149 3545
f 2415 3285 3417
f 2415 3417 5934
f 2415 5357 6723
f 2415 5934 5357
f 2415 6723 3285
f 2416 3744 4061
f 2416 3876 6090
f 2416 4061 3876
f 2417 3984 4976
f 2417 4976 3411
f 2418 3628 4138
f 2418 4138 3067
f 2418 5644 3628
f 2419 5812 5365
f 2419 6015 5812
f 2419 6982 6015
f 2420 2693 5547
f 2420 5547 6252
f 2420 5807 2693
f 2420 6252 5807
f 2421 4390 5533
f 2421 5533 4248
f 2422 5290 4571
f 2423 3865 4720
f 2423 4720 5418
f 2423 5418 7167
f 2424 4552 4980
f 2424 4980 6148
f 2424 5074 6014
f 2424 6014 4552
f 2425 2864 6146
f 2425 6146 3051
f 2426 4691 5956
f 2426 5566 7035
f 2426 7035 4691
f 2427 2526 4806
f 2427 4806 7172
f 2427 5108 6730
f 2427 6730 2526
f 2427 7172 5108
f 2428 4133 7159
f 2428 5275 4133
f 2428 7159 2840
f 2429 2978 4294
f 2429 3495 2978
f 2429 4294 5730
f 2429 5552 3495
f 2429 5730 5552
f 2430 2791 6433
f 2430 4977 2791
f 2430 5237 4977
f 2430 6433 5237
f 2431 5096 7175
f 2431 5963 6874
f 2431 6874 5096
f 2431 7175 5963
f 2432 3055 7036
f 2432 4568 5449
f 2432 5449 5266
f 2432 7036 4568
f 2433 3188 5389
f 2433 5232 3529
f 2433 6708 3188
f 2434 4244 5110
f 2434 5110 6140
f 2434 6140 7174
f 2434 7174 3617
f 2435 5319 7100
f 2436 4330 5868
f 2436 5176 5451
f 2436 5304 4330
f 2436 5451 5304
f 2436 5868 5176
f 2437 2822 3716
f 2437 3716 4115
f 2437 3805 2822
f 2438 3831 4063
f 2438 4063 6353
f 2438 6332 3831
f 2438 6353 2809
f 2439 3374 4587
f 2439 4587 2943
f 2439 5995 3374
f 2440 2635 6587
f 2440 2917 2635
f 2440 3547 2917
f 2441 3693 5064
f 2441 4194 4459
f 2441 4335 3693
f 2441 5064 6172
f 2441 6172 4194
f 2442 4915 6648
f 2442 5476 6051
f 2442 6504 4915
f 2442 6648 5476
f 2443 2621 5921
f 2443 2808 6346
f 2443 4493 2621
f 2443 5475 4493
f 2443 5709 5475
f 2443 5921 2808
f 2443 6346 5709
f 2444 6213 5510
f 2445 6325 6455
f 2445 6455 7089
f 2446 4071 4316
f 2446 4316 5896
f 2446 4590 6375
f 2446 5424 4590
f 2446 5896 5424
f 2446 6375 4071
f 2447 3137 6205
f 2448 4382 4908
f 2448 6957 6183
f 2449 7081 4212
f 2451 3698 5208
f 2451 5166 6632
f 2451 6632 3698
f 2453 4633 7078
f 2453 5017 4633
f 2453 5629 5017
f 2453 6661 5629
f 2453 7078 6661
f 2454 6365 5029
f 2454 6477 4361
f 2455 6776 3813
f 2456 5747 5013
f 2456 6315 5747
f 2457 3228 4118
f 2457 3939 4298
f 2457 4118 2745
f 2457 4298 3228
f 2458 3817 6796
f 2458 5453 4630
f 2458 5793 3817
f 2458 6796 5453
f 2459 4345 2541
f 2459 6792 4345
f 2460 2907 4767
f 2460 4767 6954
f 2460 6621 2612
f 2460 6954 6621
f 2461 3715 3477
f 2462 3372 5606
f 2462 5796 3372
f 2462 6008 5796
f 2463 5049 5582
f 2463 6159 5049
f 2463 6967 7187
f 2463 7187 6159
f 2464 6180 6958
f 2464 6958 7198
f 2465 6780 4097
f 2466 3565 5607
f 2466 7072 3565
f 2467 5507 6211
f 2468 7113 2813
f 2469 2833 4181
f 2469 4181 6594
f 2469 6594 2833
f 2470 4231 6217
f 2470 5168 4231
f 2470 6217 4741
f 2471 2633 3806
f 2471 3806 4042
f 2471 4042 5482
f 2472 6631 5639
f 2473 3094 6618
f 2473 4914 3094
f 2473 6618 6886
f 2474 5154 2714
f 2474 7198 5154
f 2475 3463 5905
f 2475 5905 3311
f 2476 3024 6786
f 2476 3662 6976
f 2476 4221 6027
f 2476 6027 3024
f 2476 6786 3662
f 2476 6976 7195
f 2476 7195 4221
f 2477 5422 5223
f 2477 6795 5422
f 2478 3152 3696
f 2479 3517 5652
f 2479 4678 3517
f 2479 5360 4678
f 2479 5652 6525
f 2479 5835 5961
f 2479 5961 5360
f 2479 6525 5835
f 2480 4244 6690
f 2480 4571 6423
f 2480 6423 4244
f 2480 6690 4140
f 2481 6543 7196
f 2481 6680 6543
f 2481 7029 3204
f 2481 7196 7029
f 2482 2573 4954
f 2482 4954 6742
f 2482 5377 2573
f 2482 6742 5377
f 2483 4984 5990
f 2483 5990 5270
f 2484 2702 6565
f 2484 3173 4674
f 2484 4674 7179
f 2484 6565 3173
f 2484 7179 2702
f 2485 2866 4671
f 2485 4712 3198
f 2485 6271 2866
f 2486 3728 6428
f 2486 5114 3724
f 2486 6428 5114
f 2487 3271 5980
f 2487 4715 5236
f 2487 5236 4135
f 2487 5980 4715
f 2488 3392 3634
f 2488 3634 5805
f 2488 5514 3392
f 2489 3320 5653
f 2489 3893 4813
f 2489 4813 3320
f 2489 5653 6557
f 2489 6557 3893
f 2490 4026 5931
f 2490 4544 7129
f 2490 5532 4544
f 2490 5931 5532
f 2491 4718 7143
f 2491 4869 4718
f 2491 5641 6272
f 2491 6272 4869
f 2491 7143 6409
f 2492 5671 6399
f 2492 6399 6841
f 2493 2571 7173
f 2494 3900 5803
f 2494 5672 3900
f 2494 5803 6409
f 2494 6120 7018
f 2494 6409 6120
f 2495 4429 4533
f 2495 4533 6863
f 2495 6863 2835
f 2496 5646 7031
f 2497 2754 4285
f 2497 3916 4549
f 2497 4285 3916
f 2497 4549 5684
f 2497 5684 6103
f 2497 6103 2754
f 2498 3181 4169
f 2498 4169 6021
f 2498 4264 6581
f 2498 6021 6688
f 2498 6581 3181
f 2498 6688 4264
f 2499 4713 5520
f 2499 4878 4713
f 2500 4168 4175
f 2500 5666 6259
f 2500 6259 4168
f 2501 4848 5432
f 2501 5272 3884
f 2501 5277 7200
f 2501 5432 5272
f 2501 7200 4848
f 2502 5079 5970
f 2502 5970 6439
f 2502 6439 3497
f 2503 5412 4555
f 2503 6541 5412
f 2504 6224 4564
f 2504 6868 6224
f 2505 5560 4433
f 2506 4260 4389
f 2506 4389 5090
f 2506 5090 4428
f 2507 3054 5968
f 2507 4850 5855
f 2507 5855 3065
f 2507 5968 4850
f 2508 3422 4277
f 2508 4277 6119
f 2508 6119 7193
f 2508 7193 3883
f 2509 2649 6700
f 2509 3186 2649
f 2509 3203 3899
f 2509 3899 3186
f 2509 6700 3203
f 2510 4312 6613
f 2510 6107 4312
f 2510 6613 6696
f 2511 4019 6435
f 2511 5690 6006
f 2511 6006 4019
f 2511 6435 5690
f 2512 3286 5118
f 2512 3399 3286
f 2512 5118 4291
f 2513 5007 7010
f 2513 7010 2650
f 2515 2547 7081
f 2515 5217 2547
f 2515 7081 3445
f 2516 3583 6928
f 2516 6928 7188
f 2516 7188 7071
f 2519 3824 7075
f 2519 4346 3824
f 2520 4894 6620
f 2521 5365 5953
f 2521 5953 6092
f 2523 4112 6902
f 2523 4628 3937
f 2523 5795 4112
f 2524 2900 4114
f 2524 4088 5063
f 2524 5063 6783
f 2525 4979 5520
f 2525 5391 6847
f 2525 5520 5391
f 2525 6847 4979
f 2526 3888 5727
f 2526 5522 4806
f 2526 5727 5522
f 2526 6730 3888
f 2527 3466 5043
f 2529 2941 6945
f 2529 4577 7058
f 2529 7058 2941
f 2530 3539 3373
f 2531 6219 4779
f 2532 5866 7056
f 2532 6178 4373
f 2532 7056 6178
f 2533 4117 5492
f 2533 5492 6807
f 2533 6807 6510
f 2534 3135 3568
f 2535 2700 5756
f 2535 4355 6063
f 2535 5756 4355
f 2535 6063 6316
f 2535 6316 2700
f 2536 3030 5782
f 2536 3935 4069
f 2536 4069 6921
f 2536 5782 3935
f 2536 6921 3030
f 2537 5926 7098
f 2537 7098 4937
f 2537 7112 5926
f 2538 3613 2606
f 2538 5340 5714
f 2538 5714 3613
f 2539 3441 4766
f 2539 4647 2701
f 2539 4766 4647
f 2541 4610 6771
f 2542 6462 5172
f 2543 3141 6188
f 2543 3673 5633
f 2543 6188 3673
f 2544 3855 6074
f 2545 5740 2695
f 2545 7060 5740
f 2546 5771 5995
f 2547 4212 7081
f 2547 5217 4212
f 2548 3008 5876
f 2548 5494 3008
f 2548 5869 6604
f 2550 5042 6002
f 2550 6002 5755
f 2551 2688 6209
f 2551 3841 2688
f 2551 5331 3841
f 2551 7085 5331
f 2552 4380 6190
f 2553 2699 3968
f 2553 2908 5147
f 2553 3968 4769
f 2553 4769 2908
f 2553 5147 2629
f 2554 3344 3547
f 2554 4738 6946
f 2554 7100 3344
f 2555 2684 5313
f 2555 6785 4187
f 2556 2624 5503
f 2556 3925 2624
f 2556 5503 6029
f 2556 6029 6889
f 2556 6889 3925
f 2557 2827 4906
f 2557 4906 5045
f 2557 6926 2827
f 2558 3438 6800
f 2560 2939 5789
f 2560 4121 7083
f 2560 5789 3591
f 2560 6793 2939
f 2560 7083 6793
f 2561 4513 6810
f 2562 4651 6481
f 2563 3461 4473
f 2563 3673 4739
f 2563 4739 3461
f 2564 4201 3682
f 2564 4233 5027
f 2564 5027 4201
f 2565 2683 3239
f 2565 3025 2683
f 2565 3034 4934
f 2565 3239 3034
f 2566 2743 4320
f 2566 4108 6790
f 2566 4320 4108
f 2566 4386 2743
f 2566 6790 4386
f 2567 5143 4383
f 2568 3466 6766
f 2568 4341 5767
f 2568 5767 3466
f 2568 6319 4341
f 2568 6766 6319
f 2569 3905 5945
f 2569 4702 3905
f 2569 5113 4702
f 2570 4968 6709
f 2570 6277 6573
f 2570 6573 7199
f 2570 6709 6277
f 2570 7199 4968
f 2572 5519 5134
f 2573 2686 6704
f 2573 3319 2686
f 2573 6704 4954
f 2574 3641 6142
f 2574 4270 3641
f 2574 4592 4270
f 2574 6142 6235
f 2574 6235 4592
f 2575 3079 3385
f 2575 3385 7056
f 2575 3898 3079
f 2575 7056 3898
f 2576 5535 7017
f 2577 4324 4440
f 2577 4440 3499
f 2578 3798 7136
f 2578 4313 4176
f 2578 4956 4313
f 2578 7136 4956
f 2578 7156 3798
f 2579 2691 6842
f 2579 4682 2691
f 2579 6842 6877
f 2579 6877 3753
f 2580 2780 5106
f 2580 4527 2780
f 2580 4715 6560
f 2580 5106 6246
f 2580 6560 6702
f 2580 6702 4527
f 2581 6693 4551
f 2582 4179 6912
f 2582 4268 7052
f 2582 6912 4268
f 2582 7052 4179
f 2583 2646 6121
f 2583 2705 2646
f 2583 3410 4672
f 2583 4672 2705
f 2583 6121 3410
f 2584 5125 5957
f 2584 5957 3203
f 2585 3649 6708
f 2585 4392 3649
f 2586 3199 3514
f 2586 3514 4846
f 2586 4846 5536
f 2586 5536 6685
f 2586 6685 3199
f 2587 2698 5530
f 2588 4829 7150
f 2588 7037 3044
f 2588 7150 7037
f 2589 2756 6527
f 2589 3629 2756
f 2589 5937 3629
f 2589 6095 5937
f 2589 6527 6095
f 2590 2693 5003
f 2590 4402 4800
f 2590 4800 5702
f 2590 5003 4402
f 2590 5702 2693
f 2591 2689 4862
f 2591 4862 2983
f 2592 3531 7131
f 2592 3766 3531
f 2592 4035 3766
f 2592 4684 4035
f 2593 3905 4962
f 2594 3616 3785
f 2594 3785 7181
f 2594 5278 6687
f 2594 6687 3616
f 2595 3878 4686
f 2595 4157 5248
f 2595 5248 3878
f 2596 5160 3869
f 2597 2972 7176
f 2597 2987 5971
f 2597 4413 2987
f 2597 5971 2972
f 2598 3750 5649
f 2598 4983 5152
f 2598 5152 3750
f 2599 3204 7029
f 2599 3332 6298
f 2599 6113 3204
f 2599 6298 6113
f 2599 7029 3332
f 2600 2687 7141
f 2600 3410 2689
f 2600 4020 3410
f 2600 7141 3192
f 2601 3259 5559
f 2601 4408 5852
f 2601 5559 4408
f 2601 5852 6568
f 2601 5959 3259
f 2601 6568 5959
f 2603 6271 7144
f 2603 6703 5275
f 2603 7144 6703
f 2604 3262 5413
f 2604 3485 6823
f 2604 5413 4824
f 2604 6823 3262
f 2605 4559 6445
f 2605 5009 6746
f 2605 6393 4559
f 2605 6445 5009
f 2605 6589 6393
f 2605 6746 6589
f 2606 2924 5053
f 2606 3613 5892
f 2606 5892 2924
f 2608 3690 4469
f 2608 4469 7111
f 2608 6971 3690
f 2609 4578 4943
f 2609 4943 5345
f 2609 5345 2907
f 2610 4082 6161
f 2610 4302 4082
f 2611 4076 6336
f 2611 5177 6950
f 2611 6336 5177
f 2611 6950 5638
f 2612 6621 4103
f 2613 3145 3236
f 2613 3236 5066
f 2613 6214 3145
f 2614 5463 5610
f 2614 5610 6597
f 2615 2726 4656
f 2615 3593 7080
f 2615 7080 2726
f 2616 3610 5492
f 2616 4117 4478
f 2616 4478 5499
f 2616 5492 4117
f 2617 5420 6179
f 2617 6179 6336
f 2618 3007 6629
f 2618 3802 6673
f 2618 3973 3007
f 2618 6629 3802
f 2618 6673 3973
f 2619 4919 5631
f 2619 5137 5780
f 2619 5631 5137
f 2619 5780 6929
f 2619 6929 4919
f 2621 4938 5921
f 2622 3144 5748
f 2622 4087 4626
f 2622 4626 3144
f 2622 5748 6186
f 2622 6186 4087
f 2623 2917 3547
f 2623 3344 3586
f 2623 3547 3344
f 2623 3586 4495
f 2623 4495 5621
f 2623 5621 2917
f 2624 3925 6817
f 2625 4727 4625
f 2625 6203 4727
f 2626 3362 5785
f 2626 5785 3243
f 2627 2811 5210
f 2627 3233 2811
f 2628 3023 3966
f 2628 3966 7073
f 2628 6775 3023
f 2628 7073 7107
f 2628 7107 6775
f 2629 5147 6633
f 2629 6633 4942
f 2630 2950 3256
f 2630 3256 5211
f 2630 5637 2950
f 2631 3247 5483
f 2631 5483 4215
f 2631 5913 3247
f 2632 2640 5186
f 2632 2748 2640
f 2632 4584 4370
f 2632 5186 6812
f 2632 6812 4584
f 2634 6763 2914
f 2635 2917 4930
f 2635 6359 6587
f 2636 2915 4480
f 2637 2707 6457
f 2637 2818 4075
f 2637 4075 2707
f 2637 5924 2818
f 2637 6457 5924
f 2638 4384 6207
f 2638 5581 6341
f 2638 5923 5581
f 2638 6207 6659
f 2638 6341 4384
f 2638 6659 5923
f 2639 2825 5579
f 2639 5455 5759
f 2639 5579 5455
f 2639 5759 2825
f 2640 3227 4466
f 2640 4466 5186
f 2640 7115 3227
f 2641 4501 5174
f 2641 5174 5501
f 2641 5501 4334
f 2642 4230 4353
f 2642 4353 6804
f 2642 4586 6193
f 2642 6193 4230
f 2642 6804 4586
f 2643 4079 5436
f 2643 6328 4079
f 2643 6597 6328
f 2644 2999 5908
f 2646 4032 6121
f 2646 4798 6228
f 2646 6228 4032
f 2647 7145 4984
f 2648 4033 4703
f 2648 4685 6414
f 2648 4703 4685
f 2648 6414 5969
f 2649 2854 4824
f 2649 3186 2854
f 2650 4148 6252
f 2650 7010 4148
f 2651 2862 6844
f 2651 2865 5250
f 2651 5250 2782
f 2651 6844 2865
f 2652 3642 5390
f 2652 4164 3642
f 2652 5390 6434
f 2652 6434 5397
f 2653 2844 6402
f 2653 6388 2844
f 2653 6402 6840
f 2653 6605 6388
f 2654 4160 7162
f 2654 4448 5403
f 2654 5403 5828
f 2654 5828 4160
f 2654 7162 4448
f 2655 4289 4723
f 2655 4442 3484
f 2655 4723 4442
f 2656 6105 5101
f 2657 6859 7155
f 2658 2754 4001
f 2658 4001 6239
f 2658 4154 4254
f 2658 4285 2754
f 2658 6239 4154
f 2659 4021 4851
f 2659 4725 5689
f 2659 4851 6005
f 2659 5689 4021
f 2659 6005 4725
f 2660 5285 6549
f 2660 5657 4131
f 2660 6549 5657
f 2661 2842 6740
f 2661 2954 2842
f 2661 5155 2954
f 2661 6740 7165
f 2661 7165 5155
f 2662 5534 5803
f 2662 6554 5534
f 2662 7158 6554
f 2663 3892 4050
f 2663 4050 5697
f 2663 4154 3892
f 2663 5697 5839
f 2663 5839 4154
f 2664 4819 5075
f 2664 5075 5976
f 2664 5976 3049
f 2665 2975 4697
f 2665 3625 6102
f 2665 4697 3625
f 2665 6236 2975
f 2666 3058 3886
f 2666 5116 3058
f 2666 5433 5116
f 2666 6429 5433
f 2667 3286 3399
f 2667 3399 4389
f 2667 4389 6524
f 2667 6381 3286
f 2667 6443 6381
f 2667 6524 6443
f 2668 3890 6232
f 2668 4691 3890
f 2668 6232 7172
f 2668 7172 4691
f 2669 3099 4421
f 2669 4421 5129
f 2669 5129 7148
f 2669 7148 3099
f 2670 5555 5933
f 2670 5826 6026
f 2670 6026 6273
f 2670 6273 5555
f 2671 4800 4402
f 2671 5835 4800
f 2672 4957 4999
f 2672 7137 3723
f 2673 3721 5842
f 2673 4541 6418
f 2675 5360 5961
f 2675 6150 5360
f 2675 7049 6150
f 2676 3985 5102
f 2676 5102 6520
f 2676 6520 6684
f 2676 6545 3985
f 2676 6684 6545
f 2677 5115 5660
f 2677 5660 4258
f 2677 6136 7026
f 2677 6551 6136
f 2677 7026 5115
f 2679 5966 6415
f 2680 5394 2852
f 2681 4163 7005
f 2681 4434 6380
f 2681 6380 4269
f 2681 7005 4434
f 2682 6015 6982
f 2682 6982 7014
f 2682 7014 6106
f 2683 3025 6479
f 2684 5326 3962
f 2685 5080 4173
f 2685 6396 5080
f 2686 3319 6281
f 2686 5673 6704
f 2687 3417 7141
f 2687 4143 3417
f 2688 3841 3251
f 2689 3410 4862
f 2690 5682 6447
f 2690 6447 4827
f 2691 6150 6842
f 2692 4540 6261
f 2692 5724 6442
f 2692 6261 5724
f 2692 6442 4540
f 2693 5807 5003
f 2694 6719 7175
f 2694 7175 5096
f 2695 5740 5588
f 2695 6657 6961
f 2696 6938 4098
f 2697 3190 3897
f 2697 3897 5689
f 2697 4725 6985
f 2697 5689 4725
f 2697 6985 3190
f 2698 2979 5530
f 2698 6732 2979
f 2699 2831 3968
f 2701 6505 3688
f 2702 5097 6565
f 2703 5331 6917
f 2704 4155 4267
f 2704 4267 6987
f 2704 5528 4155
f 2704 6391 5528
f 2704 6987 6391
f 2705 4672 5537
f 2705 5537 5846
f 2706 3829 2885
f 2706 4231 3829
f 2708 2876 2995
f 2708 2995 3459
f 2709 3435 5474
f 2709 5474 4358
f 2709 6467 3435
f 2710 4625 4727
f 2710 4727 5590
f 2711 2793 2895
f 2711 2895 6511
f 2711 5141 2793
f 2711 6511 5211
f 2712 4895 6882
f 2712 5150 4895
f 2713 4622 2882
f 2713 6501 6764
f 2713 6764 4622
f 2714 2879 4853
f 2714 4853 4634
f 2714 5154 4755
f 2715 5580 6909
f 2715 6909 3322
f 2716 4355 6643
f 2716 6643 5786
f 2717 5600 3672
f 2717 5798 5600
f 2718 3954 4783
f 2718 4783 5222
f 2719 3461 4739
f 2719 4200 3461
f 2719 4739 6188
f 2719 4761 6057
f 2719 6057 4200
f 2719 6188 4761
f 2720 5429 5339
f 2721 4451 4858
f 2721 4589 4451
f 2721 4858 6757
f 2721 6757 4589
f 2723 5184 6198
f 2724 2806 2919
f 2725 3777 5448
f 2725 5448 5911
f 2727 3581 3790
f 2727 5208 5310
f 2727 5310 6808
f 2727 6808 7116
f 2727 7116 3581
f 2729 2897 6922
f 2729 4515 2897
f 2730 2813 7113
f 2730 4480 4910
f 2730 4910 6517
f 2730 7113 4480
f 2731 2794 6512
f 2731 5348 2794
f 2732 3010 6518
f 2732 4347 3010
f 2732 7059 4347
f 2733 3950 3680
f 2733 4645 3950
f 2735 2910 6964
f 2735 4204 2910
f 2735 4452 4204
f 2735 6449 4452
f 2736 6080 5315
f 2737 6893 6624
f 2738 4101 5333
f 2739 5511 5031
f 2739 6658 5511
f 2740 3134 2878
f 2740 4303 3134
f 2740 4373 4639
f 2740 4639 4303
f 2741 2894 6788
f 2741 6653 2894
f 2742 4876 4343
f 2743 6332 4320
f 2744 4605 6359
f 2745 3843 5912
f 2747 5459 5733
f 2747 5733 6933
f 2747 6358 5459
f 2747 6933 7057
f 2749 5047 2877
f 2749 5587 5047
f 2749 6038 5587
f 2750 4316 4071
f 2750 4768 5754
f 2751 2884 5195
f 2751 4225 2884
f 2752 4330 6654
f 2752 5868 4330
f 2753 3861 4982
f 2753 3991 6735
f 2753 4982 5148
f 2753 5148 3991
f 2754 6103 4001
f 2755 2836 6874
f 2755 3074 2836
f 2755 3486 4549
f 2755 4549 3074
f 2755 5963 3486
f 2755 6874 5963
f 2756 3629 3653
f 2756 3653 7041
f 2756 5395 6527
f 2756 7041 5395
f 2757 3992 6680
f 2757 4684 3992
f 2757 4978 4684
f 2758 6262 3421
f 2759 2853 4841
f 2759 2984 4802
f 2759 3651 4295
f 2759 4295 2984
f 2759 4802 5252
f 2759 4841 3651
f 2759 5252 2853
f 2760 4132 3620
f 2760 6141 3287
f 2761 2892 6024
f 2761 3427 7128
f 2761 5816 3427
f 2761 6024 5816
f 2761 7128 2892
f 2762 3160 3519
f 2762 5695 3160
f 2762 6714 5695
f 2763 4997 7147
f 2763 5652 7184
f 2763 7184 4997
f 2764 3419 4412
f 2764 4412 5819
f 2764 5819 6268
f 2764 5955 3419
f 2764 6268 5955
f 2765 5545 6996
f 2766 5106 5396
f 2766 5396 7038
f 2767 3297 6988
f 2767 3626 3297
f 2767 6988 7121
f 2767 7009 3626
f 2767 7121 7009
f 2768 4170 4315
f 2768 4315 7047
f 2769 3719 4400
f 2769 4027 6381
f 2769 6381 3719
f 2770 2883 4530
f 2770 4530 5406
f 2771 5403 4448
f 2772 4726 6154
f 2773 3656 6857
f 2773 5409 7011
f 2773 5979 3656
f 2773 6857 5409
f 2774 3171 6819
f 2774 5242 3171
f 2774 6819 7033
f 2775 3720 3860
f 2775 3860 4842
f 2775 4842 5087
f 2775 5087 7125
f 2775 7125 3720
f 2776 2886 3532
f 2776 3532 5529
f 2776 5529 6879
f 2776 5671 2886
f 2776 6879 5671
f 2777 4825 6577
f 2778 6279 4980
f 2780 4527 6224
f 2781 6397 6569
f 2781 6569 6995
f 2782 5250 6824
f 2782 6824 5117
f 2783 5962 6542
f 2783 6542 6278
f 2784 3387 5568
f 2784 4555 4668
f 2784 4592 6422
f 2784 4668 4592
f 2785 3324 6997
f 2785 4965 6701
f 2785 5687 3324
f 2785 5843 4965
f 2785 6701 5687
f 2785 6997 5843
f 2786 5967 5382
f 2787 4721 5688
f 2787 4863 4721
f 2787 7011 4863
f 2788 5231 6439
f 2788 6439 5970
f 2789 4268 4703
f 2789 6446 7052
f 2790 4557 6993
f 2790 6908 4557
f 2791 4256 6433
f 2791 4816 6605
f 2791 4977 4816
f 2791 6605 4256
f 2792 3303 4950
f 2792 3870 3303
f 2793 5141 5614
f 2793 5614 2895
f 2794 3572 5338
f 2794 5338 6512
f 2794 5348 3572
f 2795 3682 4893
f 2795 3715 4503
f 2795 3856 3715
f 2795 4893 3856
f 2796 3095 6915
f 2796 3604 3095
f 2796 6915 6797
f 2799 4931 3343
f 2799 5161 4931
f 2800 5068 5874
f 2800 5314 7103
f 2800 5874 5314
f 2800 7103 5068
f 2801 6665 4199
f 2802 4474 4608
f 2803 4916 3138
f 2803 6171 6973
f 2803 6973 4916
f 2804 3244 3857
f 2804 3857 5348
f 2805 2932 2996
f 2805 2996 4731
f 2805 4731 3533
f 2806 5753 2919
f 2807 4788 5763
f 2807 6218 4788
f 2808 3687 6346
f 2808 5921 4658
f 2809 4196 4310
f 2810 4459 6003
f 2810 5742 6922
f 2810 6003 5742
f 2811 3233 6194
f 2811 5439 5210
f 2811 5744 5439
f 2812 4904 6944
f 2812 6944 7079
f 2812 7079 6161
f 2814 2997 3960
f 2814 3960 6473
f 2814 5335 2997
f 2814 6473 4461
f 2815 4197 6640
f 2815 6640 4632
f 2816 3130 4465
f 2816 3307 3130
f 2816 4912 3307
f 2818 2904 4075
f 2819 6040 6296
f 2819 6296 7119
f 2820 6204 5615
f 2821 5305 6010
f 2821 5421 5749
f 2821 5749 6311
f 2821 6010 5421
f 2822 3805 6756
f 2822 5783 6676
f 2822 6676 3716
f 2822 6756 5783
f 2824 3136 5048
f 2824 5048 6460
f 2824 6460 3614
f 2825 5759 6798
f 2825 6970 5579
f 2826 2927 5338
f 2826 3089 2927
f 2827 3587 5167
f 2827 5167 4906
f 2827 6926 6493
f 2828 3561 6333
f 2828 3783 3561
f 2828 4604 3783
f 2828 6333 6583
f 2829 6470 6888
f 2829 6617 4661
f 2829 6631 6470
f 2829 6888 6617
f 2830 3481 5706
f 2830 5490 7091
f 2830 5706 5490
f 2830 7091 5446
f 2831 4579 3968
f 2831 5209 5437
f 2832 6072 5496
f 2833 5871 4181
f 2833 6594 3663
f 2835 6863 3867
f 2836 3074 3162
f 2836 5376 6874
f 2837 7170 5256
f 2838 3398 5657
f 2838 3631 6225
f 2838 3794 6143
f 2838 5657 6549
f 2838 6143 3631
f 2838 6225 3398
f 2838 6549 3794
f 2839 3739 6747
f 2839 6382 3645
f 2840 6596 4990
f 2841 5569 6092
f 2841 6092 5953
f 2841 6432 5569
f 2842 2954 6984
f 2842 6984 6740
f 2843 3179 4283
f 2843 4149 3179
f 2843 4283 5274
f 2843 5274 5986
f 2843 5986 4149
f 2844 3755 5371
f 2844 5371 6402
f 2845 4180 6818
f 2845 5687 6701
f 2845 6701 4180
f 2845 6818 5687
f 2846 5933 2951
f 2847 3299 6234
f 2847 3751 5374
f 2847 5374 4037
f 2847 6234 3751
f 2848 4670 5980
f 2849 5081 6730
f 2849 5647 2955
f 2849 6730 5647
f 2850 3273 6849
f 2850 5001 3273
f 2850 5840 2952
f 2850 6849 5840
f 2851 3180 5698
f 2851 4249 4415
f 2851 4415 5965
f 2851 5965 3180
f 2854 3186 5124
f 2854 5124 3910
f 2855 4571 5290
f 2855 4600 4444
f 2855 5290 6386
f 2855 6386 4600
f 2855 6423 4571
f 2856 3874 5574
f 2856 4679 4991
f 2856 4861 4679
f 2856 4991 6836
f 2856 5574 4861
f 2856 6836 3874
f 2857 4246 6431
f 2857 5519 7008
f 2857 6431 5519
f 2858 3769 5243
f 2858 5243 2967
f 2859 2968 4012
f 2859 3174 3328
f 2859 3266 5098
f 2859 3328 2968
f 2859 4011 3174
f 2859 4012 3266
f 2859 5098 4011
f 2860 2966 3202
f 2860 3202 4813
f 2861 3773 4704
f 2861 4147 3875
f 2861 4704 6865
f 2861 6865 4147
f 2862 5095 6844
f 2862 5684 5095
f 2863 3636 6133
f 2863 6133 7176
f 2863 7176 4834
f 2864 6529 6146
f 2865 5859 5250
f 2865 6844 5859
f 2866 6271 7127
f 2866 7127 4671
f 2867 5359 6989
f 2867 5575 5359
f 2868 4251 4960
f 2868 4960 5650
f 2869 3278 6824
f 2869 4695 6997
f 2869 6997 3278
f 2871 4566 3491
f 2871 6575 4566
f 2872 5233 7132
f 2872 5384 5233
f 2872 7132 4949
f 2873 6824 5250
f 2874 3732 7050
f 2874 4718 3732
f 2874 7050 7143
f 2874 7143 4718
f 2875 3409 4795
f 2875 3500 5548
f 2875 3643 3409
f 2875 4795 3500
f 2875 5078 3643
f 2875 5548 5078
f 2876 6897 2995
f 2877 3685 6374
f 2877 5047 3685
f 2877 6374 6004
f 2878 3134 4323
f 2878 4323 5866
f 2879 3470 4853
f 2879 6777 3470
f 2880 3756 7015
f 2880 5078 5548
f 2880 5548 3756
f 2880 5562 5078
f 2880 7015 5562
f 2881 3468 6590
f 2881 6590 3918
f 2882 4622 5170
f 2882 5170 5020
f 2883 3420 6093
f 2883 6093 4530
f 2884 4225 4773
f 2884 4773 5791
f 2885 3019 6200
f 2886 4528 3532
f 2886 6826 4528
f 2887 6309 6041
f 2888 3111 5445
f 2889 4278 5267
f 2889 5267 5433
f 2889 5433 6429
f 2889 6122 4278
f 2889 6429 6122
f 2890 6053 4097
f 2891 3170 5516
f 2891 5516 6312
f 2891 6312 6132
f 2892 5943 6024
f 2892 6115 5943
f 2892 7128 6115
f 2895 5614 5209
f 2896 4191 7063
f 2896 6212 4191
f 2897 3677 4378
f 2897 4515 3677
f 2898 6797 6915
f 2898 6915 6377
f 2899 3103 4864
f 2899 4496 4195
f 2899 4864 3666
f 2900 6076 6317
f 2900 6317 4114
f 2901 3031 3101
f 2901 5745 3031
f 2902 6161 7079
f 2902 7079 5927
f 2903 3107 4606
f 2903 3681 3107
f 2903 3923 5779
f 2903 4606 3923
f 2903 5779 6787
f 2903 6787 3681
f 2904 4317 4075
f 2904 7066 4317
f 2905 4383 4578
f 2906 3100 6944
f 2907 5345 5710
f 2907 5710 4767
f 2908 3138 4916
f 2908 4769 3138
f 2908 4916 5147
f 2909 3090 5737
f 2909 5737 5021
f 2910 3219 3853
f 2910 3853 6964
f 2910 4204 6186
f 2910 6186 3219
f 2911 3670 4202
f 2911 4202 5188
f 2911 5023 5719
f 2911 5719 3670
f 2912 3977 4651
f 2912 4651 5218
f 2912 5218 5708
f 2912 5708 5468
f 2913 5058 5616
f 2913 6518 5058
f 2914 6763 6515
f 2916 4892 5175
f 2916 5175 6374
f 2916 5457 4892
f 2916 6374 3685
f 2918 3013 5898
f 2918 3105 6054
f 2918 6016 3013
f 2919 5753 3098
f 2920 3097 4611
f 2920 3784 6076
f 2921 2993 6645
f 2921 5339 5162
f 2921 6645 5339
f 2922 3820 6754
f 2923 4473 6637
f 2924 3096 6087
f 2924 5892 3096
f 2924 6087 6770
f 2924 6770 5053
f 2925 4756 6487
f 2925 6487 3836
f 2925 6595 4649
f 2926 3830 6059
f 2926 6059 4460
f 2928 2948 4776
f 2929 3102 6287
f 2929 4470 6942
f 2929 6287 6502
f 2929 6942 3102
f 2930 3155 3093
f 2930 3315 3155
f 2930 4123 3315
f 2930 5013 4491
f 2931 3086 3683
f 2931 4181 3086
f 2932 5764 2996
f 2932 5918 5764
f 2933 5450 3938
f 2934 3086 4181
f 2934 4181 5871
f 2935 3254 4888
f 2935 5038 6378
f 2935 6378 5633
f 2936 6641 6898
f 2937 7080 6028
f 2939 6086 6295
f 2939 6295 3833
f 2939 6793 6086
f 2942 3331 5456
f 2942 5456 6663
f 2942 6663 6955
f 2943 4345 6792
f 2943 4587 4345
f 2944 3095 6060
f 2944 6060 3832
f 2944 6915 3095
f 2945 4471 5772
f 2945 5355 5886
f 2945 5772 5355
f 2945 5886 4471
f 2947 5619 5787
f 2947 5787 4352
f 2947 6218 5619
f 2948 6221 4776
f 2949 3088 5040
f 2949 3151 6674
f 2949 5040 7114
f 2949 7114 3151
f 2950 3094 6326
f 2950 6618 3094
f 2951 5933 5555
f 2953 3321 6878
f 2953 6878 5830
f 2954 3797 6984
f 2954 5155 3797
f 2955 5396 6868
f 2955 5647 5396
f 2955 6868 5241
f 2956 5849 4958
f 2956 6692 4280
f 2957 4161 5104
f 2957 5080 4161
f 2957 5104 5693
f 2957 5693 5281
f 2958 3192 7141
f 2958 7141 3285
f 2959 3042 7035
f 2959 7035 3908
f 2960 5681 4828
f 2960 7128 5681
f 2962 6266 5449
f 2963 3659 6449
f 2963 4265 5656
f 2963 5656 3659
f 2963 6449 4265
f 2964 4006 4399
f 2964 4399 6392
f 2964 5946 7009
f 2964 6392 5946
f 2964 7009 4006
f 2965 3040 5806
f 2965 3412 5415
f 2965 4525 3412
f 2965 5415 3040
f 2965 5806 4525
f 2966 5648 3202
f 2966 5831 5648
f 2967 5243 6854
f 2968 3047 4699
f 2968 3328 6116
f 2968 4699 4012
f 2968 6116 3047
f 2969 3718 6821
f 2969 4535 5984
f 2969 5984 3718
f 2969 6734 4535
f 2969 6821 6734
f 2970 5679 4164
f 2970 5982 5679
f 2971 4797 6115
f 2971 6115 7128
f 2971 7128 5417
f 2972 5971 6412
f 2973 4129 4009
f 2974 5404 6528
f 2975 4422 6555
f 2975 6555 4697
f 2976 4257 6527
f 2976 4797 4257
f 2976 6527 6153
f 2977 3507 5947
f 2977 5394 3507
f 2978 4809 4294
f 2979 3395 5530
f 2979 6838 3395
f 2980 3265 4546
f 2980 4546 6018
f 2981 4243 6706
f 2981 5402 6553
f 2981 5940 4243
f 2981 6553 5940
f 2981 6706 5402
f 2982 3633 5856
f 2982 5856 6859
f 2983 4862 4669
f 2984 4295 3106
f 2985 5837 5676
f 2986 4130 6151
f 2986 6151 6303
f 2987 4413 4572
f 2988 3196 5099
f 2988 5252 3196
f 2989 3510 6832
f 2990 3906 4418
f 2990 5007 3906
f 2990 7054 5007
f 2991 3760 5007
f 2991 5007 6750
f 2991 7010 3760
f 2993 3229 6645
f 2994 4451 4589
f 2994 4589 6757
f 2994 4660 4451
f 2994 5750 4660
f 2994 6757 5750
f 2995 6296 3459
f 2997 4126 5327
f 2997 5327 3960
f 2998 3095 6514
f 2998 6060 3095
f 2998 6514 6636
f 3000 5607 3018
f 3001 3929 4746
f 3001 4630 7083
f 3001 4746 4630
f 3004 3546 3122
f 3005 3008 5494
f 3005 3156 3008
f 3005 5321 6660
f 3005 5494 5321
f 3005 6660 3156
f 3006 3110 6175
f 3006 3331 3110
f 3006 5925 3331
f 3007 3973 3242
f 3007 4187 6629
f 3008 3156 5876
f 3009 6491 6754
f 3009 6624 6893
f 3009 6893 6491
f 3010 4347 5712
f 3010 5712 6784
f 3010 6784 6518
f 3012 3109 5174
f 3012 5174 4501
f 3015 3096 3674
f 3015 5902 6087
f 3015 6087 3096
f 3016 4194 4615
f 3016 4459 4194
f 3016 4615 5508
f 3016 5508 6003
f 3016 6003 4459
f 3017 4750 5032
f 3018 3928 4090
f 3021 3571 5893
f 3021 3791 3571
f 3021 6601 6891
f 3021 6646 3791
f 3021 6891 6646
f 3022 3139 6773
f 3022 5343 3139
f 3022 5765 6814
f 3022 6009 5765
f 3022 6814 5343
f 3023 5060 3966
f 3023 6335 5060
f 3023 6775 6335
f 3024 6027 6758
f 3024 6758 6786
f 3025 6649 6479
f 3026 4751 6772
f 3026 6187 4751
f 3028 6927 3822
f 3028 7094 6927
f 3029 3701 4619
f 3029 4497 4765
f 3029 4619 5016
f 3029 4765 3701
f 3030 6921 3802
f 3031 3568 5464
f 3031 5464 3101
f 3032 3820 5193
f 3033 7104 5888
f 3034 3239 6083
f 3034 6083 5601
f 3035 4879 4735
f 3035 7075 4879
f 3036 4372 3959
f 3036 6896 4372
f 3037 7087 6796
f 3038 5900 6786
f 3040 3275 4833
f 3040 4833 4958
f 3040 4958 6564
f 3040 5415 3275
f 3040 6564 5806
f 3041 4528 6826
f 3041 6826 3299
f 3042 3297 3626
f 3042 3626 5857
f 3042 5857 7035
f 3043 4873 5242
f 3044 4517 4992
f 3044 7037 4517
f 3045 6223 3183
f 3045 6284 6223
f 3046 6452 6749
f 3046 6607 6452
f 3046 6749 6607
f 3047 3159 6233
f 3047 6116 7199
f 3047 6233 4699
f 3047 7199 3159
f 3048 7034 7197
f 3049 4720 6125
f 3049 5976 4720
f 3050 4279 4240
f 3050 4987 4279
f 3050 5670 4987
f 3052 4134 4131
f 3053 3289 7021
f 3053 3639 4155
f 3053 4155 4975
f 3053 7021 3639
f 3054 3485 5968
f 3054 5258 6823
f 3054 6823 3485
f 3055 3863 6550
f 3055 6550 5088
f 3056 3082 3280
f 3056 3280 3404
f 3056 3502 4137
f 3056 4137 3082
f 3057 3736 3911
f 3057 3911 6426
f 3057 5573 3736
f 3057 6276 5573
f 3057 6426 6276
f 3058 3174 4011
f 3058 4011 3886
f 3058 5116 6911
f 3058 6911 3174
f 3059 4028 4795
f 3059 4424 5567
f 3059 4795 6992
f 3059 6992 4424
f 3060 4568 7036
f 3060 5530 6126
f 3060 6126 3176
f 3061 4671 6147
f 3061 4687 7153
f 3061 6147 4981
f 3061 6837 4687
f 3061 7153 4671
f 3063 3160 5695
f 3063 3862 3160
f 3063 5289 7055
f 3063 5695 5289
f 3063 7055 3862
f 3064 3400 3544
f 3064 3544 4015
f 3064 4015 4436
f 3065 3264 3984
f 3065 3881 3264
f 3065 5855 3881
f 3066 3737 6114
f 3067 4138 5551
f 3067 4406 4602
f 3067 4602 5832
f 3067 5551 4406
f 3068 5674 5988
f 3069 3303 3870
f 3069 3870 6395
f 3069 6395 4574
f 3070 5108 6257
f 3070 5647 6730
f 3070 6257 7163
f 3070 6730 5108
f 3071 5700 6546
f 3072 3556 6430
f 3072 3652 3803
f 3072 3803 3556
f 3073 3655 6247
f 3073 5651 6099
f 3073 6247 6866
f 3073 6866 5651
f 3074 3916 3162
f 3074 4549 3916
f 3075 5361 6432
f 3075 6432 4030
f 3076 3741 5665
f 3076 5382 5967
f 3076 5665 5382
f 3076 5967 6876
f 3076 6718 3741
f 3077 5685 6855
f 3077 6855 6981
f 3077 6904 5685
f 3078 3392 5514
f 3078 5514 5946
f 3078 5946 6392
f 3078 6392 3392
f 3079 3260 3385
f 3079 3898 4706
f 3080 3884 5680
f 3080 5680 6278
f 3081 4545 4996
f 3081 5092 4545
f 3081 5678 5092
f 3081 5944 5678
f 3083 5519 6431
f 3083 6431 4428
f 3085 7092 3158
f 3087 3791 6646
f 3087 6046 6287
f 3087 6646 6046
f 3087 6963 3791
f 3088 3349 5040
f 3088 4358 3349
f 3088 5344 4358
f 3089 6056 4367
f 3092 7013 4705
f 3093 4456 5301
f 3095 3604 3796
f 3095 3796 4485
f 3095 4485 6514
f 3096 5892 3674
f 3099 5518 7160
f 3099 7160 4421
f 3100 5582 7079
f 3100 7079 6944
f 3103 3580 4909
f 3103 7053 4864
f 3104 3283 6253
f 3104 4427 4556
f 3104 5400 3283
f 3104 6253 6535
f 3104 6535 4427
f 3105 7095 5038
f 3106 3993 4543
f 3106 4295 3993
f 3107 3681 6088
f 3107 4486 4606
f 3108 3345 6221
f 3111 5173 5445
f 3112 3308 4339
f 3112 3351 3697
f 3112 3697 5215
f 3112 4339 3351
f 3113 6079 6202
f 3113 6202 6769
f 3114 3119 6347
f 3114 4337 4593
f 3114 4593 6956
f 3114 5903 4337
f 3114 6347 5903
f 3114 6956 3119
f 3116 3827 5914
f 3117 3554 4339
f 3117 4339 6183
f 3117 6183 6957
f 3117 6345 3554
f 3117 6957 6345
f 3118 6056 6289
f 3119 4091 6347
f 3119 6956 6350
f 3120 3577 3223
f 3121 5903 4091
f 3122 3546 6360
f 3122 6360 6185
f 3123 3584 6635
f 3123 5498 3584
f 3123 6635 4648
f 3124 3310 4068
f 3124 4068 5512
f 3124 4228 6778
f 3124 5512 4228
f 3124 6778 3310
f 3125 3309 3366
f 3125 3366 4069
f 3125 3935 7062
f 3125 4069 3935
f 3125 6345 3309
f 3125 7062 6345
f 3127 6628 3325
f 3128 3311 5905
f 3128 5311 4733
f 3128 5905 5311
f 3129 3350 5593
f 3129 5593 6464
f 3129 6464 6367
f 3130 3307 4654
f 3130 4654 4465
f 3131 6047 3858
f 3132 4777 5189
f 3132 5189 3354
f 3133 3330 6761
f 3133 5051 6809
f 3133 6340 5051
f 3133 6761 3375
f 3133 6809 3330
f 3134 4303 5630
f 3135 5464 3568
f 3136 4082 4302
f 3136 4302 5790
f 3136 5790 5048
f 3137 5216 6205
f 3137 5446 5216
f 3139 4183 5916
f 3139 5343 4183
f 3139 5419 6773
f 3140 4730 4884
f 3141 4761 6188
f 3143 5784 5776
f 3143 7086 7074
f 3144 6000 5748
f 3144 6352 6000
f 3147 7064 3323
f 3148 3317 6882
f 3148 6640 4197
f 3148 6882 6640
f 3149 5459 6358
f 3149 6358 4234
f 3150 3313 6772
f 3150 6772 4886
f 3151 3595 6674
f 3152 3588 6036
f 3152 4782 3588
f 3152 6036 3696
f 3154 3314 6454
f 3154 6454 5866
f 3155 3315 5021
f 3155 5021 5737
f 3155 5737 4456
f 3156 3336 5876
f 3157 3342 6667
f 3157 3471 3245
f 3157 3549 3342
f 3157 5491 3549
f 3157 6667 3471
f 3158 3327 4898
f 3158 4898 5193
f 3158 5193 3820
f 3158 7092 3327
f 3159 4174 4698
f 3159 4698 6233
f 3159 6573 4174
f 3159 7199 6573
f 3161 4565 6736
f 3161 6706 4565
f 3161 6736 5426
f 3162 3916 4285
f 3162 4285 4388
f 3162 4388 6860
f 3163 5657 6412
f 3163 6412 5971
f 3164 5676 5837
f 3164 6263 5676
f 3165 3986 6880
f 3165 5675 4955
f 3165 6880 5675
f 3166 4804 7145
f 3166 7147 4804
f 3167 3619 6442
f 3167 5402 3619
f 3168 3324 5687
f 3168 4036 3324
f 3168 4447 6872
f 3168 5687 4447
f 3168 6872 4036
f 3169 3635 5572
f 3169 4256 5265
f 3169 5265 3635
f 3169 5572 6433
f 3169 6433 4256
f 3170 6259 5666
f 3171 5242 5841
f 3171 5817 6819
f 3171 5841 5817
f 3172 3268 5975
f 3172 6562 6875
f 3172 6875 3268
f 3173 3293 4674
f 3173 5093 3293
f 3174 6911 3328
f 3175 5696 6109
f 3175 6109 6302
f 3176 6126 5362
f 3177 3624 7136
f 3177 4985 3408
f 3177 5264 4985
f 3177 7136 5264
f 3178 5362 3508
f 3179 4444 4600
f 3179 4600 6240
f 3179 6240 4283
f 3180 3751 5643
f 3180 4239 5698
f 3180 5965 3751
f 3181 4453 5865
f 3181 5865 4169
f 3181 6581 4453
f 3182 3647 4535
f 3182 4535 6734
f 3183 6112 4061
f 3183 6223 6112
f 3184 4397 6249
f 3184 6110 6820
f 3184 6249 6110
f 3184 6820 4696
f 3185 3989 5964
f 3185 6411 3989
f 3186 7140 5124
f 3187 3513 4253
f 3187 3877 6005
f 3187 6005 4851
f 3188 5240 5389
f 3189 3332 5542
f 3189 4836 6980
f 3189 5542 6401
f 3189 6401 4836
f 3189 6980 3332
f 3190 6106 3897
f 3190 6985 6015
f 3191 5414 3717
f 3191 6695 5414
f 3193 6400 4964
f 3195 4138 5829
f 3195 5829 4287
f 3196 3515 5099
f 3196 5252 6983
f 3196 6878 3515
f 3196 6983 6878
f 3197 6731 6993
f 3198 4712 4523
f 3199 6428 3514
f 3199 6685 6748
f 3199 6748 6428
f 3200 5363 5527
f 3201 5441 5645
f 3201 5645 6869
f 3201 6519 3988
f 3201 6869 6519
f 3202 3320 4813
f 3202 5648 5818
f 3202 5818 3320
f 3203 5001 3899
f 3203 5957 5001
f 3204 6113 4978
f 3206 3727 7193
f 3206 6119 7142
f 3206 7142 6529
f 3206 7193 6119
f 3207 5250 5859
f 3208 4034 6872
f 3208 6872 4447
f 3209 3319 3623
f 3209 3421 7182
f 3209 3623 3421
f 3209 6281 3319
f 3209 7182 6281
f 3210 5604 4226
f 3212 4483 6322
f 3212 6208 4483
f 3213 3946 6496
f 3213 5054 3946
f 3213 6496 3574
f 3214 4328 4360
f 3214 5462 4328
f 3215 5311 5484
f 3216 3807 5795
f 3217 3674 6468
f 3217 4095 3674
f 3217 6468 4914
f 3218 3955 5926
f 3218 5926 6196
f 3219 5748 6043
f 3219 6186 5748
f 3220 6004 4511
f 3221 3561 6647
f 3221 4181 6333
f 3221 6333 3561
f 3221 6647 4181
f 3222 4114 6317
f 3222 4183 4114
f 3223 3577 6324
f 3224 5892 3613
f 3224 6805 5892
f 3225 3609 5791
f 3225 5630 3609
f 3225 5791 4773
f 3226 4113 5726
f 3227 4482 4466
f 3227 4786 6477
f 3227 5341 4786
f 3227 6477 4482
f 3227 6913 5341
f 3227 7115 6913
f 3228 6182 4118
f 3228 6490 6182
f 3231 6070 6351
f 3231 6351 3563
f 3232 3474 5618
f 3233 3707 6194
f 3234 3858 5470
f 3234 4057 3858
f 3234 4777 4057
f 3234 5189 4777
f 3234 5470 5189
f 3235 4787 6789
f 3235 4789 6622
f 3235 6622 4787
f 3235 6789 4789
f 3237 3457 3970
f 3237 3970 3684
f 3237 4476 6305
f 3238 4096 3314
f 3240 4636 7066
f 3240 7066 5639
f 3242 3973 5204
f 3242 5204 5326
f 3244 5198 3857
f 3245 3471 6480
f 3245 6480 5899
f 3246 3802 6921
f 3246 6356 6673
f 3246 6673 3802
f 3246 6921 6356
f 3248 3573 4485
f 3248 4485 4881
f 3248 4881 6748
f 3248 6748 5005
f 3249 3333 5599
f 3249 4374 5205
f 3249 5599 4374
f 3250 7192 6926
f 3251 3377 3558
f 3251 3558 5716
f 3251 5716 6658
f 3252 4043 5346
f 3253 4041 3828
f 3253 5191 6456
f 3253 6456 4041
f 3257 5794 4489
f 3258 4874 4609
f 3258 5878 6971
f 3261 4567 7027
f 3261 7027 6561
f 3262 4313 4956
f 3262 4956 5155
f 3262 5155 5413
f 3262 6823 4313
f 3263 5960 6738
f 3263 6420 6236
f 3263 6738 6420
f 3264 3881 6099
f 3264 5651 5802
f 3264 5802 3984
f 3264 6099 5651
f 3266 5858 6413
f 3266 6413 5098
f 3268 3993 5975
f 3268 4543 3993
f 3268 6838 4543
f 3268 6875 6838
f 3269 6434 5390
f 3270 6303 6151
f 3271 5689 3897
f 3272 4950 5808
f 3272 5364 4950
f 3272 5808 5932
f 3273 5001 5957
f 3274 5691 5417
f 3274 5804 5691
f 3274 6697 6827
f 3274 6827 5804
f 3275 4394 6235
f 3275 5415 6422
f 3275 6235 4833
f 3275 6422 4394
f 3276 4247 6856
f 3276 5669 4679
f 3276 6556 5669
f 3276 6856 6556
f 3277 4263 5101
f 3277 4952 4263
f 3277 5101 6105
f 3277 6105 5397
f 3278 4036 4710
f 3278 4710 5117
f 3278 5117 6824
f 3278 6997 4036
f 3282 5085 7039
f 3282 6441 5085
f 3282 6711 6441
f 3282 7039 6711
f 3283 4676 6253
f 3283 5400 4676
f 3284 4141 4311
f 3284 4722 4141
f 3285 7141 3417
f 3286 4027 5118
f 3286 6381 4027
f 3287 5263 4251
f 3289 5004 5375
f 3289 5375 7021
f 3290 3867 6863
f 3290 4433 3867
f 3291 6867 4847
f 3292 4716 5401
f 3292 4969 5234
f 3292 5401 5856
f 3292 5856 4969
f 3293 4553 5523
f 3293 5523 4674
f 3294 5447 5119
f 3294 7001 7012
f 3294 7012 5447
f 3295 3914 5113
f 3295 5096 5376
f 3295 5376 3914
f 3297 4719 6988
f 3298 3406 6308
f 3298 5523 5642
f 3298 5642 3406
f 3299 6826 6234
f 3300 4544 5532
f 3300 5532 5932
f 3300 5809 7007
f 3300 5932 5809
f 3300 7007 4544
f 3301 5686 6994
f 3302 4965 5843
f 3302 5843 5865
f 3302 5865 4965
f 3303 4250 5111
f 3303 5111 5808
f 3303 5808 4950
f 3304 4142 4694
f 3304 4694 5804
f 3304 5830 4142
f 3305 4128 4023
f 3306 4032 6131
f 3307 3958 4874
f 3307 4874 4654
f 3307 4912 7068
f 3307 7068 3958
f 3308 6183 4339
f 3309 3815 4770
f 3310 5213 6362
f 3310 6362 4068
f 3312 4744 5901
f 3312 4779 6219
f 3312 5901 7118
f 3312 6219 4744
f 3314 4096 6454
f 3316 3684 5508
f 3316 4615 5298
f 3316 5298 5875
f 3316 5508 4615
f 3316 5875 6931
f 3316 6931 3684
f 3317 5018 6187
f 3319 6853 3623
f 3320 5818 7168
f 3320 7168 5653
f 3322 6621 6954
f 3322 6909 6621
f 3322 6954 6638
f 3323 5776 5617
f 3323 7064 5776
f 3324 4036 6997
f 3325 6628 4236
f 3326 6339 7056
f 3326 7056 3774
f 3327 3668 4475
f 3327 4475 4898
f 3327 7092 3668
f 3328 6717 6116
f 3328 6911 6717
f 3329 3429 6157
f 3330 4506 6761
f 3330 6626 4506
f 3330 6809 6626
f 3332 6980 6298
f 3333 5895 5599
f 3334 4624 4865
f 3334 4865 5347
f 3334 5347 6201
f 3334 5625 4624
f 3335 3550 5178
f 3335 5355 3550
f 3335 5886 5355
f 3336 6362 6630
f 3336 6630 6900
f 3336 6900 5876
f 3337 3575 5640
f 3337 6461 3575
f 3337 6779 6461
f 3338 3542 4887
f 3338 4887 4662
f 3338 6196 3542
f 3339 4110 6672
f 3340 5203 5336
f 3340 5336 3947
f 3340 6895 5203
f 3341 3450 7058
f 3341 6782 3450
f 3342 3549 4362
f 3343 4931 4787
f 3344 7100 3586
f 3345 4776 6221
f 3345 6220 5493
f 3349 4358 5474
f 3349 5474 6799
f 3349 6799 5040
f 3350 3710 5593
f 3351 4339 3554
f 3352 5293 6372
f 3352 6372 4902
f 3354 6668 3795
f 3355 5760 6364
f 3355 6031 5760
f 3355 6364 6586
f 3355 6816 6031
f 3356 3588 6769
f 3357 3705 5320
f 3357 5320 6914
f 3357 5783 6756
f 3357 6756 3705
f 3357 6914 5783
f 3358 7096 7194
f 3359 3548 6314
f 3360 6945 4886
f 3361 5613 3936
f 3361 5616 6784
f 3361 6652 5616
f 3361 6784 5613
f 3362 3533 5785
f 3362 5616 6652
f 3362 6652 3533
f 3363 3464 5998
f 3363 5998 6451
f 3363 6451 5008
f 3363 6932 3464
f 3364 4580 4490
f 3364 4866 6600
f 3366 4299 4069
f 3367 4659 4879
f 3367 6065 4659
f 3367 6376 6065
f 3368 6760 4047
f 3369 3589 3788
f 3369 4650 3589
f 3370 6889 3559
f 3371 3537 7072
f 3371 3934 3537
f 3373 3539 6286
f 3373 6286 6037
f 3374 5771 6664
f 3374 5995 5771
f 3375 4371 6949
f 3375 6761 4371
f 3376 3541 4607
f 3376 4607 5502
f 3376 4642 5883
f 3376 5502 6217
f 3376 6217 4642
f 3378 4865 4928
f 3378 5347 4865
f 3378 6936 5347
f 3380 5012 4775
f 3380 6767 5012
f 3382 6502 6903
f 3382 6903 3534
f 3383 3534 6970
f 3383 5746 5887
f 3383 5887 5351
f 3384 3555 5673
f 3384 4714 5554
f 3384 5554 6848
f 3384 5673 6532
f 3384 6532 4714
f 3384 6848 3555
f 3386 6109 6123
f 3386 6123 3985
f 3386 6302 6109
f 3387 4438 5568
f 3387 6282 4438
f 3388 4687 6837
f 3388 5845 6544
f 3388 6231 4687
f 3388 6544 6231
f 3389 5245 6736
f 3390 4284 7039
f 3390 4563 5987
f 3390 5826 4284
f 3390 5987 6026
f 3390 6026 5826
f 3390 7039 4563
f 3391 5370 3496
f 3391 6707 5370
f 3392 3787 3634
f 3392 4532 3787
f 3392 6392 4532
f 3393 4813 3893
f 3393 5853 4018
f 3394 4812 7154
f 3394 6703 7144
f 3394 7144 4812
f 3394 7154 5974
f 3395 6126 5530
f 3396 3616 6687
f 3396 6687 5854
f 3397 4713 4878
f 3397 4878 6679
f 3397 6534 4713
f 3397 6679 7034
f 3397 7034 6534
f 3398 6225 4024
f 3398 6412 5657
f 3400 5383 3544
f 3401 3415 3982
f 3401 3982 6574
f 3401 6576 3415
f 3402 3527 3545
f 3402 3545 4539
f 3402 4539 6102
f 3402 4850 3527
f 3403 4818 4946
f 3403 4946 6857
f 3405 3982 6269
f 3405 5667 6101
f 3405 6101 3982
f 3406 6721 6308
f 3407 3486 5963
f 3407 4242 3486
f 3407 5963 7126
f 3409 3543 7024
f 3409 3643 3543
f 3409 6992 4795
f 3409 7024 6992
f 3410 4020 4672
f 3410 6121 4862
f 3411 4976 6610
f 3411 6610 6268
f 3412 3913 6282
f 3412 6282 6580
f 3412 6580 5415
f 3413 5083 6284
f 3413 5363 5083
f 3413 6699 5363
f 3414 4557 6908
f 3414 6908 4971
f 3415 4842 3982
f 3415 5087 4842
f 3415 6404 5087
f 3416 4288 6870
f 3416 4826 5567
f 3416 5567 4424
f 3416 6870 4826
f 3418 3552 5861
f 3418 4026 3552
f 3418 6753 4026
f 3420 5513 6093
f 3421 3735 7182
f 3421 6262 3735
f 3422 5696 4277
f 3422 6123 5696
f 3423 5546 6571
f 3423 5668 5546
f 3423 5815 5668
f 3423 6571 5815
f 3424 4963 6693
f 3424 5948 4963
f 3424 6693 6904
f 3425 4847 5393
f 3425 4993 4847
f 3425 5393 5734
f 3425 5734 4993
f 3426 5862 3877
f 3426 7149 6691
f 3427 3738 6999
f 3427 5681 7128
f 3427 5816 3738
f 3427 6999 5681
f 3428 3997 5827
f 3428 4409 3997
f 3428 4724 4409
f 3428 5131 4724
f 3428 5135 5131
f 3428 5827 5135
f 3429 5294 6288
f 3429 6288 6157
f 3431 4211 3539
f 3431 5060 6335
f 3431 6335 4211
f 3432 4760 5342
f 3432 5342 6505
f 3432 6088 6939
f 3432 6505 6088
f 3433 4085 5777
f 3433 4736 4085
f 3434 3858 4057
f 3434 6968 4617
f 3435 5592 7186
f 3435 6467 5592
f 3435 7186 5474
f 3436 5170 4622
f 3437 6002 5042
f 3438 3844 6800
f 3440 6468 6805
f 3441 3716 3943
f 3441 6316 3716
f 3442 3561 3783
f 3442 4181 3561
f 3442 5752 6035
f 3442 6035 4181
f 3443 5599 5895
f 3443 6165 5599
f 3444 5295 7082
f 3444 6211 5295
f 3444 7082 5874
f 3445 7081 5583
f 3446 4938 5157
f 3449 4092 6949
f 3449 6949 6070
f 3450 6782 5902
f 3451 3852 3585
f 3451 5316 7119
f 3451 6919 5316
f 3452 3921 6744
f 3452 6744 7042
f 3453 4366 7071
f 3453 7071 7188
f 3453 7188 6759
f 3454 4185 5016
f 3454 4733 5311
f 3454 5311 4185
f 3455 5352 5721
f 3455 6288 5608
f 3458 3945 6179
f 3458 4875 3945
f 3458 6179 5226
f 3459 6296 6040
f 3460 4755 6160
f 3460 6160 7120
f 3461 4200 5609
f 3461 5609 6637
f 3461 6637 4473
f 3462 4354 6951
f 3462 6951 5627
f 3463 4758 5905
f 3463 5050 4758
f 3465 5735 5887
f 3465 5887 4344
f 3465 6677 5735
f 3466 3847 5043
f 3466 5767 3847
f 3468 5026 6590
f 3469 5759 6938
f 3469 6798 5759
f 3470 5496 4853
f 3471 4637 6480
f 3471 6667 6910
f 3471 6910 4637
f 3472 3681 6787
f 3472 6787 6952
f 3472 6939 3681
f 3473 6062 7051
f 3473 7051 4926
f 3474 3816 5618
f 3476 3562 5915
f 3476 3934 6965
f 3476 5790 3562
f 3476 5915 3934
f 3476 6965 5790
f 3477 3715 6059
f 3477 3830 6357
f 3477 6059 3830
f 3478 4772 6813
f 3478 6813 6927
f 3479 4065 4502
f 3479 4502 4728
f 3479 6198 4065
f 3480 3548 6968
f 3480 5462 6039
f 3480 6314 3548
f 3480 6968 5462
f 3481 3846 5706
f 3481 7065 3846
f 3482 3671 6373
f 3482 3940 4494
f 3483 4955 6682
f 3483 6413 4955
f 3484 7137 6267
f 3486 4242 5095
f 3487 5386 5273
f 3488 3995 5291
f 3488 4127 3995
f 3488 5291 6446
f 3488 6446 4127
f 3489 4832 7203
f 3490 7183 4796
f 3492 3648 6872
f 3492 4003 6726
f 3492 4274 5526
f 3492 5526 6843
f 3492 6726 3648
f 3492 6843 4003
f 3492 6872 4274
f 3493 4713 6534
f 3493 5391 5520
f 3493 5520 4713
f 3493 6534 7012
f 3493 7012 5391
f 3494 6144 4289
f 3494 6833 6144
f 3496 5370 6834
f 3496 6834 7180
f 3498 5259 6266
f 3500 4261 6822
f 3500 4795 4261
f 3501 3615 4800
f 3501 4800 5835
f 3501 5380 3615
f 3501 5835 6525
f 3502 3987 7146
f 3502 6411 4137
f 3502 7146 6411
f 3503 4145 4309
f 3503 4309 4983
f 3503 5253 4145
f 3504 4521 6753
f 3504 5119 4521
f 3505 5734 5393
f 3506 5658 6100
f 3506 6222 4970
f 3508 5362 6126
f 3509 4292 5816
f 3510 5672 7181
f 3510 7181 3785
f 3511 5247 6546
f 3511 6546 3524
f 3512 3771 4015
f 3512 4015 6845
f 3512 6845 6858
f 3512 6858 4845
f 3513 4437 4253
f 3514 3728 5945
f 3514 5945 4846
f 3514 6428 3728
f 3515 4831 5099
f 3515 6229 4831
f 3516 3743 5407
f 3516 5407 6578
f 3516 6578 6427
f 3516 7130 3743
f 3517 4872 7184
f 3517 7184 5652
f 3518 4538 5125
f 3518 6740 6984
f 3520 4812 6435
f 3520 6435 4276
f 3520 7154 4812
f 3521 3615 5380
f 3521 5380 6526
f 3521 5702 3615
f 3521 6526 4820
f 3522 5078 5562
f 3523 4266 4708
f 3523 4708 6988
f 3523 5281 4266
f 3524 5700 6869
f 3524 6546 5700
f 3524 6869 4430
f 3525 5103 5231
f 3525 6986 7161
f 3525 7161 5103
f 3526 4450 6538
f 3526 6402 4450
f 3526 6840 6402
f 3527 4850 5968
f 3527 5968 4058
f 3528 4163 7122
f 3528 5104 6249
f 3528 5693 5104
f 3528 6249 7005
f 3528 7005 4163
f 3528 7122 5693
f 3529 4814 6256
f 3529 5232 4814
f 3530 5123 4435
f 3530 5834 5123
f 3530 6705 5834
f 3531 3766 6995
f 3531 6569 7131
f 3531 6995 6569
f 3532 4275 5529
f 3532 4528 4275
f 3533 4731 5785
f 3534 6903 6970
f 3536 5036 4759
f 3537 3934 5915
f 3538 6750 7049
f 3539 4211 6286
f 3541 4472 7042
f 3541 6751 4607
f 3541 7042 6751
f 3542 5144 4887
f 3542 6196 6492
f 3543 6025 7024
f 3544 5383 6845
f 3544 6845 4015
f 3545 6149 4539
f 3546 5026 6360
f 3546 6368 6590
f 3546 6590 5026
f 3548 4617 6968
f 3549 5491 7190
f 3549 7190 4362
f 3550 5355 5477
f 3550 5477 3812
f 3551 3676 3804
f 3551 4584 6812
f 3551 4753 4584
f 3551 6812 3676
f 3552 5385 5861
f 3552 5936 5385
f 3552 7129 5936
f 3553 5239 6849
f 3553 5283 6566
f 3553 6566 5239
f 3553 6698 5283
f 3553 6849 6698
f 3554 6345 7062
f 3555 6704 5673
f 3555 6848 6704
f 3556 3803 5850
f 3556 5366 6129
f 3556 5850 5366
f 3556 6129 6430
f 3559 6889 6029
f 3560 3978 4750
f 3560 5478 7097
f 3561 4181 6647
f 3562 4302 4925
f 3562 5790 4302
f 3564 4944 6677
f 3564 6677 5024
f 3566 5732 6195
f 3566 6195 5196
f 3566 6920 5732
f 3570 4789 6789
f 3570 5224 4789
f 3570 6789 6467
f 3571 3791 6293
f 3571 6189 5893
f 3571 6293 6189
f 3572 5348 3857
f 3573 5005 6636
f 3573 6514 4485
f 3573 6636 6514
f 3574 6496 6641
f 3575 3780 6170
f 3575 4233 6472
f 3575 6170 4233
f 3575 6461 3780
f 3575 6472 5640
f 3576 4905 5072
f 3576 5072 6191
f 3576 6191 6888
f 3576 6888 6204
f 3578 7103 5336
f 3581 6190 3790
f 3582 5014 5455
f 3582 5455 5059
f 3583 6208 6928
f 3584 5498 6173
f 3584 6173 6635
f 3586 5319 4495
f 3586 7100 5319
f 3587 3781 6030
f 3587 6030 6291
f 3587 6291 5167
f 3589 4214 3788
f 3589 5786 4214
f 3590 3924 5201
f 3590 5201 5448
f 3590 5448 3777
f 3592 3963 5632
f 3593 3779 7080
f 3594 4463 6787
f 3594 5999 6459
f 3594 6459 4463
f 3594 6787 5999
f 3595 3783 6674
f 3597 5203 3799
f 3597 5336 5203
f 3597 6039 5336
f 3598 5722 5483
f 3598 6089 6297
f 3598 6297 5722
f 3599 6345 6957
f 3599 6957 4455
f 3600 6585 6656
f 3601 3691 5624
f 3601 4629 3691
f 3601 5624 5307
f 3601 5910 4629
f 3602 3971 6941
f 3602 6941 5309
f 3603 3778 6774
f 3603 5444 6748
f 3603 6042 6310
f 3603 6310 5444
f 3603 6748 3778
f 3603 6774 6960
f 3603 6960 6042
f 3604 6627 3796
f 3605 3811 3680
f 3605 5195 3811
f 3608 6762 6811
f 3608 6811 6331
f 3608 7077 6762
f 3609 3775 5791
f 3609 3923 3775
f 3609 4066 3923
f 3609 5630 4066
f 3610 6367 6464
f 3610 6807 5492
f 3613 5714 5471
f 3614 5302 5482
f 3614 5482 6962
f 3614 6460 5302
f 3615 5702 4800
f 3617 7174 4836
f 3619 4420 3864
f 3619 4540 6442
f 3619 5402 4420
f 3622 5641 3789
f 3622 6272 5641
f 3623 6853 4807
f 3624 3797 5155
f 3624 4956 7136
f 3624 5155 4956
f 3626 7009 5857
f 3627 4677 5800
f 3627 5938 4677
f 3627 6090 5938
f 3628 5829 4138
f 3628 6270 5829
f 3629 5937 4838
f 3630 3764 5977
f 3630 5432 4848
f 3630 5977 5432
f 3631 6143 4171
f 3632 4279 4987
f 3632 4987 6536
f 3632 6424 4279
f 3633 3717 6737
f 3633 4969 5856
f 3633 6737 4969
f 3634 6131 5805
f 3635 3793 4995
f 3635 4995 5572
f 3635 5265 3793
f 3636 5279 6998
f 3636 6998 6133
f 3637 5563 6552
f 3638 4391 7135
f 3638 7135 6398
f 3639 4267 4155
f 3639 4992 5093
f 3639 5093 4267
f 3639 7021 4992
f 3640 5088 6550
f 3640 5801 5088
f 3641 4432 6142
f 3641 4840 4432
f 3642 4164 4308
f 3642 6452 5390
f 3644 3792 5553
f 3644 5553 6551
f 3644 6551 5535
f 3645 5974 7154
f 3645 6382 5974
f 3646 5692 7055
f 3646 5991 6711
f 3646 6260 5991
f 3646 7055 6260
f 3648 4036 6872
f 3648 4710 4036
f 3648 6726 4710
f 3649 5729 6708
f 3650 5558 6848
f 3650 6848 5554
f 3651 5550 4295
f 3651 7191 5550
f 3652 4717 6753
f 3652 5127 3803
f 3655 4569 6247
f 3656 5979 6111
f 3657 5125 3801
f 3657 5957 5125
f 3658 4552 6014
f 3658 4967 6313
f 3658 6014 6452
f 3658 6313 4552
f 3658 6452 6607
f 3658 6607 4967
f 3659 4452 6449
f 3659 5656 7022
f 3659 6749 7053
f 3659 7053 4452
f 3660 6156 6753
f 3660 6449 6156
f 3660 6753 6449
f 3661 5307 4188
f 3661 7120 6199
f 3662 3920 6976
f 3662 5164 3920
f 3662 6620 5164
f 3662 6786 6620
f 3665 4098 6938
f 3665 5455 5014
f 3665 5759 5455
f 3665 6938 5759
f 3667 6368 5439
f 3668 7092 5200
f 3669 4596 4331
f 3673 6188 4739
f 3674 5892 6805
f 3674 6805 6468
f 3675 5052 6675
f 3675 5911 5052
f 3676 4052 3804
f 3676 5059 4052
f 3676 5186 5059
f 3676 6812 5186
f 3677 4515 6201
f 3677 6068 6300
f 3677 6201 6068
f 3677 6300 4378
f 3678 5069 5438
f 3678 5438 5178
f 3679 4882 6751
f 3681 6939 6088
f 3682 4201 4893
f 3686 6515 5913
f 3687 4067 6346
f 3688 6505 5342
f 3689 4191 6212
f 3689 6212 4122
f 3689 7187 4191
f 3690 5053 4469
f 3691 3938 5624
f 3691 4614 3938
f 3691 4629 4614
f 3692 5794 5713
f 3695 3919 6220
f 3695 5306 3919
f 3696 3961 5891
f 3696 6036 3961
f 3698 5310 5208
f 3699 4917 5318
f 3699 5219 4917
f 3700 6052 4102
f 3701 4856 4619
f 3702 3971 7105
f 3702 6511 4125
f 3702 7105 6511
f 3703 5334 4223
f 3703 6810 7086
f 3703 7064 5334
f 3703 7086 7064
f 3704 4768 6320
f 3704 5997 4768
f 3705 3854 5320
f 3706 4911 5159
f 3706 5159 7074
f 3706 6810 4911
f 3706 7074 7086
f 3706 7086 6810
f 3707 4655 6066
f 3708 5328 6012
f 3708 6012 5466
f 3709 4901 5429
f 3709 5454 6474
f 3709 6474 4901
f 3710 5873 5593
f 3711 3859 6465
f 3711 5772 4471
f 3711 6465 5772
f 3712 6176 4596
f 3713 7098 5926
f 3714 4108 4320
f 3714 4320 5322
f 3715 3856 6059
f 3716 6063 4115
f 3716 6316 6063
f 3716 6676 3943
f 3717 5414 6737
f 3718 5537 6821
f 3720 6535 3860
f 3722 5374 5965
f 3722 5965 4415
f 3725 4798 6521
f 3725 5002 6228
f 3725 5517 5002
f 3725 6228 4798
f 3725 6521 5517
f 3727 4959 6986
f 3727 6986 7193
f 3729 6145 4680
f 3729 6540 6145
f 3731 7008 7200
f 3731 7200 5277
f 3732 3901 4801
f 3732 4718 4869
f 3732 4869 3901
f 3734 5860 6846
f 3735 5392 6689
f 3735 6262 5392
f 3736 4240 6729
f 3736 6729 5271
f 3737 5544 6114
f 3737 5724 5544
f 3737 6442 5724
f 3738 5816 4292
f 3740 4166 6723
f 3740 4576 5264
f 3740 5264 6425
f 3740 5357 4576
f 3740 6425 4166
f 3740 6723 5357
f 3741 6240 5665
f 3741 6530 6240
f 3743 5158 5948
f 3743 5825 5158
f 3743 5948 5407
f 3744 5947 4061
f 3745 5571 5727
f 3745 6540 5571
f 3747 4136 4272
f 3747 5411 4136
f 3748 4453 5941
f 3748 6748 4453
f 3749 4675 3889
f 3749 4969 6737
f 3749 5234 4969
f 3749 6737 4675
f 3750 5691 5649
f 3751 5965 5374
f 3751 6234 5643
f 3752 4677 5938
f 3752 5648 4677
f 3752 5818 5648
f 3752 5938 7025
f 3752 7025 5818
f 3753 6877 6263
f 3754 6387 4798
f 3758 6408 6448
f 3758 6448 6603
f 3758 6603 6408
f 3759 4010 6530
f 3759 6530 6852
f 3759 6852 7002
f 3759 7002 4010
f 3760 7010 5007
f 3761 3874 6836
f 3761 4685 7056
f 3761 4966 6414
f 3761 6414 4685
f 3761 6836 4966
f 3761 7056 3874
f 3762 4791 6871
f 3762 4974 4791
f 3762 6871 4835
f 3763 4265 6742
f 3763 4954 6704
f 3763 6704 6848
f 3763 6742 4954
f 3763 6848 6403
f 3764 5384 5977
f 3764 6421 5384
f 3765 4246 5845
f 3765 5845 6828
f 3766 4035 4707
f 3767 5280 6128
f 3767 5358 6566
f 3767 6243 5280
f 3767 6566 6243
f 3768 5538 3999
f 3769 4820 5243
f 3769 4973 4820
f 3770 4266 5281
f 3770 5281 5693
f 3770 5693 7122
f 3770 6255 4266
f 3770 7122 6255
f 3771 4430 6873
f 3771 6873 4015
f 3772 4805 5531
f 3774 7056 6669
f 3775 3923 4606
f 3778 6748 6892
f 3778 6892 7045
f 3779 5065 7080
f 3780 6461 4072
f 3781 4342 6804
f 3781 6804 6030
f 3782 4088 6814
f 3782 5063 4088
f 3783 4604 6674
f 3786 5183 6802
f 3786 6625 6009
f 3786 6802 6625
f 3789 6554 4819
f 3790 6190 6309
f 3791 6963 6293
f 3792 5986 5274
f 3792 6137 5553
f 3793 5122 4995
f 3793 5265 5410
f 3793 5410 7197
f 3793 7197 5122
f 3794 3992 6143
f 3794 5285 6680
f 3794 6549 5285
f 3794 6680 3992
f 3796 4881 4485
f 3796 6627 6894
f 3796 6894 7045
f 3796 7045 4881
f 3798 6425 7136
f 3799 6082 6314
f 3800 4181 6177
f 3800 6177 6206
f 3800 6206 6594
f 3800 6327 4181
f 3800 6594 6327
f 3801 5125 4538
f 3802 6629 6896
f 3803 5127 5850
f 3806 6164 4042
f 3807 4112 5795
f 3810 4044 3930
f 3811 5195 5872
f 3811 5872 7117
f 3812 5477 5023
f 3814 5304 5928
f 3814 5928 6642
f 3816 4065 5618
f 3816 6623 4065
f 3819 4107 5919
f 3819 5770 6081
f 3819 5919 5770
f 3819 6081 6292
f 3821 6361 7048
f 3821 6901 5480
f 3821 7048 6901
f 3822 6813 6508
f 3822 6927 6813
f 3823 4038 5755
f 3823 4933 6482
f 3824 4217 5904
f 3824 5353 7075
f 3824 5904 5353
f 3825 6588 6765
f 3825 6765 5885
f 3826 4477 6209
f 3827 5308 5914
f 3829 4231 5168
f 3829 5168 4039
f 3830 5638 6357
f 3831 5350 6085
f 3831 6332 5350
f 3832 6060 7069
f 3832 7069 5512
f 3833 6295 6034
f 3834 5165 4900
f 3835 6486 6045
f 3836 4780 6802
f 3836 6487 4780
f 3836 6670 5057
f 3836 6802 6670
f 3837 6762 6172
f 3837 6811 6762
f 3838 4047 4785
f 3838 4785 5478
f 3839 4121 5335
f 3839 7083 4121
f 3840 6499 6923
f 3842 5713 5794
f 3843 5420 5588
f 3843 5588 5996
f 3843 5996 5912
f 3845 6917 7085
f 3845 7085 4060
f 3846 5929 7068
f 3846 7065 5929
f 3846 7068 5706
f 3848 6350 6956
f 3849 6294 6032
f 3854 6755 5320
f 3855 4877 6910
f 3856 4893 6940
f 3856 6940 6059
f 3859 4048 6465
f 3860 6269 4842
f 3860 6990 6269
f 3861 5522 5727
f 3861 5571 4982
f 3861 5727 5571
f 3862 7055 6741
f 3863 4419 5136
f 3864 4420 5703
f 3864 5703 6829
f 3864 6829 4542
f 3865 6125 4720
f 3865 7030 6125
f 3866 4001 6415
f 3866 4566 6575
f 3866 5836 6851
f 3866 6415 5836
f 3866 6575 4001
f 3866 6851 4566
f 3867 4433 7178
f 3867 7178 6302
f 3869 5160 4259
f 3871 4259 4573
f 3871 4536 4259
f 3873 4010 7002
f 3873 4283 4010
f 3873 4792 6843
f 3873 5274 4283
f 3873 7002 4792
f 3875 4147 6135
f 3875 6135 6424
f 3876 4046 6090
f 3876 4061 6112
f 3876 6725 4046
f 3877 5862 6005
f 3878 5248 6427
f 3878 6427 6578
f 3879 6572 6982
f 3879 6822 6572
f 3880 4051 4561
f 3880 4436 5823
f 3880 4561 4436
f 3880 5823 5990
f 3883 4411 6406
f 3883 6406 6123
f 3883 7193 4411
f 3884 5272 4136
f 3885 4056 5105
f 3886 4011 5230
f 3886 5230 6682
f 3886 6682 6531
f 3887 4400 4445
f 3887 4445 7046
f 3887 7046 5838
f 3888 5081 3983
f 3888 6730 5081
f 3889 4522 4825
f 3889 4675 4522
f 3890 4691 7035
f 3890 7035 5857
f 3891 5407 5948
f 3891 6578 5407
f 3895 4046 6725
f 3895 6533 4046
f 3895 6725 6249
f 3895 6994 6533
f 3896 4239 4062
f 3896 5694 6862
f 3896 6862 4239
f 3898 7056 4706
f 3901 4869 6272
f 3902 5562 7015
f 3902 7015 5549
f 3903 4986 6720
f 3904 5690 5372
f 3906 5007 6881
f 3908 7164 5369
f 3909 4053 5972
f 3909 5682 4053
f 3909 5972 6447
f 3909 6447 5682
f 3911 4278 6426
f 3912 4537 6705
f 3912 4791 4537
f 3912 5387 4791
f 3913 4008 6282
f 3915 4807 6853
f 3915 5100 5430
f 3915 5430 6727
f 3915 6727 4807
f 3915 6853 5100
f 3917 4827 6447
f 3917 5291 4059
f 3918 6157 6752
f 3918 6590 6368
f 3919 5306 6498
f 3920 4907 6976
f 3920 5164 4907
f 3921 4304 6744
f 3922 6075 6634
f 3923 4066 5779
f 3925 6639 6817
f 3925 6889 6639
f 3926 5031 5511
f 3927 4199 4326
f 3927 4326 4585
f 3927 4499 4199
f 3927 5920 4499
f 3928 5589 4090
f 3930 4044 6948
f 3930 6948 5192
f 3931 5296 5220
f 3931 6948 7194
f 3931 7096 5296
f 3931 7194 7096
f 3932 5200 7092
f 3934 4077 6965
f 3936 5613 5712
f 3936 5712 6506
f 3936 6506 4921
f 3938 5450 5624
f 3941 4223 5334
f 3941 5628 4223
f 3942 6801 4743
f 3944 5434 5864
f 3944 5864 6450
f 3944 6450 5423
f 3945 4875 5177
f 3945 5177 6336
f 3945 6336 6179
f 3946 5054 4209
f 3947 5336 7103
f 3947 7103 5314
f 3948 6297 5323
f 3949 4060 7085
f 3953 4300 6051
f 3953 5476 6648
f 3953 6044 4300
f 3953 6051 5476
f 3953 6648 4054
f 3956 5640 6472
f 3956 6472 5071
f 3958 4609 4874
f 3959 4372 5882
f 3959 5882 6341
f 3960 5327 6087
f 3960 6087 6782
f 3960 6782 6473
f 3961 4374 5599
f 3961 6036 4203
f 3962 5326 5598
f 3963 3965 5632
f 3964 4590 4368
f 3964 6375 4590
f 3965 4236 5632
f 3966 6961 7073
f 3967 6350 5884
f 3967 6883 6350
f 3968 3974 4635
f 3968 4579 3974
f 3972 4659 5435
f 3974 4579 4338
f 3974 4868 4635
f 3975 4604 5881
f 3975 6674 4604
f 3976 5503 6169
f 3976 5764 5918
f 3976 5918 5503
f 3977 6481 4651
f 3978 5032 4750
f 3978 6672 5032
f 3979 5612 7060
f 3979 6324 5612
f 3980 4201 5027
f 3980 6166 6940
f 3980 6940 4201
f 3981 6071 5325
f 3982 4842 6269
f 3982 6101 6574
f 3983 5081 6861
f 3983 5261 6404
f 3983 6404 6522
f 3983 6861 5261
f 3984 5802 4976
f 3985 6123 5102
f 3986 4686 5416
f 3989 6411 7146
f 3990 6577 4522
f 3991 6876 5566
f 3993 4295 5550
f 3993 5550 5975
f 3994 4523 4712
f 3994 4796 4523
f 3995 4127 4033
f 3995 7028 5291
f 3997 4409 6906
f 3997 4870 5827
f 3997 6906 4870
f 3998 4707 6298
f 3998 5557 4707
f 3998 6298 6980
f 3998 6839 5557
f 3998 6980 6839
f 3999 5443 5131
f 3999 5538 6274
f 3999 6274 5443
f 4001 6575 6239
f 4002 6133 6307
f 4002 6307 7123
f 4002 7123 4431
f 4004 4696 4870
f 4004 4870 6906
f 4004 6906 6739
f 4005 4692 5701
f 4005 5701 4396
f 4006 4799 4399
f 4006 5268 4799
f 4006 7009 7121
f 4006 7121 5268
f 4007 4692 6407
f 4007 5247 4692
f 4007 6546 5247
f 4008 4438 6282
f 4008 7000 4438
f 4009 4129 4947
f 4009 4947 4597
f 4010 4283 6240
f 4010 6240 6530
f 4011 5098 5230
f 4015 6873 4436
f 4016 4297 6098
f 4016 4711 6132
f 4016 6098 4711
f 4016 6132 6312
f 4016 6312 4297
f 4017 4445 4667
f 4017 4667 7169
f 4017 6094 7046
f 4017 7046 4445
f 4017 7169 6094
f 4018 4319 5831
f 4018 5853 6152
f 4019 4276 6435
f 4019 4519 4276
f 4019 6006 7148
f 4019 7148 4519
f 4020 5537 4672
f 4022 6746 7050
f 4023 4128 5433
f 4023 5433 5267
f 4024 6225 4403
f 4025 4975 4155
f 4028 4261 4795
f 4028 6537 4261
f 4029 5694 4167
f 4030 6254 4725
f 4031 5650 5988
f 4031 5988 4286
f 4032 5655 6131
f 4032 6228 5655
f 4034 4274 6872
f 4034 6251 4274
f 4035 4684 4978
f 4035 4978 6113
f 4035 6113 4707
f 4038 5202 4760
f 4039 5168 5317
f 4039 5317 5751
f 4040 4887 5144
f 4040 5065 6925
f 4040 5144 5623
f 4040 6925 4887
f 4042 4785 6760
f 4042 6760 6962
f 4042 6962 5482
f 4043 5928 5346
f 4044 5894 7194
f 4044 7194 6948
f 4046 6533 6090
f 4047 6760 4785
f 4048 5719 6465
f 4049 4649 6349
f 4050 5287 5697
f 4050 5531 5287
f 4051 4968 4561
f 4051 6709 4968
f 4052 5059 5455
f 4053 5077 6416
f 4053 6416 5972
f 4055 5364 6753
f 4055 6245 5364
f 4055 6722 6245
f 4056 4399 4799
f 4056 4532 4399
f 4056 4799 5105
f 4059 5291 7028
f 4062 5643 4281
f 4064 6360 5026
f 4065 6198 5618
f 4065 6623 4502
f 4066 4303 5999
f 4066 5630 4303
f 4066 5999 5779
f 4068 6660 5512
f 4069 4299 6921
f 4070 5718 5473
f 4070 6513 5718
f 4071 6375 6588
f 4072 6461 6779
f 4072 6779 6058
f 4073 4379 6929
f 4073 6929 5780
f 4075 4317 5930
f 4075 5930 4182
f 4079 5188 5436
f 4080 4325 6285
f 4080 6285 5775
f 4081 6167 6463
f 4082 6962 6161
f 4085 4196 5192
f 4085 4310 4196
f 4085 4736 4310
f 4085 5192 5777
f 4086 4230 6193
f 4086 5047 5587
f 4086 6193 5047
f 4087 4204 4301
f 4087 4301 6001
f 4087 6001 4626
f 4087 6186 4204
f 4088 5343 6814
f 4089 6045 4729
f 4091 5903 6347
f 4092 4300 6044
f 4092 6044 6949
f 4093 4498 5011
f 4093 5011 7110
f 4093 5738 5584
f 4096 6591 6454
f 4097 6053 5324
f 4099 4305 4184
f 4100 5598 5739
f 4101 6379 5333
f 4102 6974 6765
f 4103 5486 5787
f 4103 6621 5486
f 4105 5182 4581
f 4105 5486 5580
f 4107 5006 5919
f 4110 4747 6672
f 4111 6304 6061
f 4112 6644 6902
f 4113 4306 5726
f 4113 5889 4306
f 4116 6783 5063
f 4116 7195 6783
f 4126 6770 5327
f 4128 6384 5433
f 4129 4319 4947
f 4129 5831 4319
f 4130 6825 6151
f 4133 5275 6703
f 4135 5236 4312
f 4136 5272 4272
f 4139 4408 5559
f 4139 5559 4700
f 4140 6274 5538
f 4140 6690 6274
f 4141 6007 4311
f 4141 7007 6007
f 4144 4282 6385
f 4144 4324 7135
f 4144 6385 4324
f 4144 7135 5253
f 4145 4838 4309
f 4146 6383 7016
f 4146 7016 7140
f 4147 6308 6135
f 4147 6865 5978
f 4148 5807 6252
f 4148 7010 5807
f 4149 4314 5110
f 4149 5110 6423
f 4149 5986 4314
f 4150 5084 6993
f 4150 5981 5084
f 4150 6731 6905
f 4150 6905 5981
f 4150 6993 6731
f 4151 6854 4689
f 4152 5408 6244
f 4152 6122 5408
f 4152 6244 7024
f 4152 7024 7006
f 4153 4989 6717
f 4153 6717 6384
f 4154 5839 4254
f 4156 4307 5114
f 4156 5114 6428
f 4156 6428 6748
f 4156 6748 4307
f 4157 4955 6413
f 4157 6413 6609
f 4158 5260 6608
f 4158 6608 4518
f 4159 4981 5730
f 4159 5730 6828
f 4160 5828 5126
f 4161 5080 6396
f 4161 6110 6249
f 4161 6249 5104
f 4161 6396 6110
f 4162 4318 5936
f 4162 4722 4318
f 4162 5936 7129
f 4164 5679 4308
f 4165 4322 6733
f 4165 5379 6394
f 4165 6394 5100
f 4165 6733 5379
f 4166 6425 4690
f 4167 6841 7152
f 4168 4830 6547
f 4168 6547 4175
f 4169 5865 6021
f 4170 6818 4315
f 4172 5269 7123
f 4175 6547 7137
f 4175 7137 5073
f 4176 4313 6823
f 4176 6823 4412
f 4177 4429 6132
f 4177 4533 4429
f 4177 4711 6559
f 4177 6132 4711
f 4178 5833 7127
f 4179 7056 6912
f 4180 4315 6818
f 4180 5008 6451
f 4180 5865 5008
f 4180 6451 4315
f 4181 4454 6753
f 4181 5717 6616
f 4181 6156 5717
f 4181 6327 6594
f 4181 6616 6333
f 4181 6753 6156
f 4186 5505 6975
f 4186 6334 5505
f 4186 6583 6334
f 4187 6507 6629
f 4187 6785 6507
f 4188 5307 5450
f 4188 5450 4782
f 4191 5634 7063
f 4191 7187 5634
f 4192 4368 4590
f 4192 4590 5424
f 4192 5424 4583
f 4193 5864 6490
f 4194 6172 4615
f 4195 4496 6355
f 4195 6355 5228
f 4197 4927 5784
f 4198 7056 5138
f 4200 6057 6294
f 4201 6940 4893
f 4203 4771 5205
f 4203 5205 4374
f 4204 4452 4301
f 4207 4468 4922
f 4207 5623 4468
f 4208 5422 4218
f 4208 5914 5509
f 4209 5054 5924
f 4209 5924 6457
f 4210 4930 5156
f 4210 5156 6937
f 4215 4595 4333
f 4216 5317 5481
f 4216 5751 5317
f 4216 6289 5751
f 4217 4475 5636
f 4217 4740 4475
f 4218 5422 6795
f 4218 6795 4317
f 4219 4729 4885
f 4220 7089 6455
f 4221 5867 6027
f 4221 6918 5867
f 4222 4387 4766
f 4222 7117 4387
f 4224 6204 6888
f 4224 6888 6470
f 4226 4612 6790
f 4227 4786 5341
f 4227 5166 4883
f 4227 5341 6913
f 4227 6632 5166
f 4227 6913 6632
f 4228 5324 6053
f 4228 5512 7069
f 4228 5750 5324
f 4228 6053 6778
f 4228 7069 5750
f 4229 4666 4363
f 4231 4642 6217
f 4231 5627 5883
f 4231 5883 4642
f 4232 4884 5620
f 4232 5620 6194
f 4234 6358 4509
f 4237 4359 5054
f 4238 4329 6653
f 4239 6862 5698
f 4240 4279 6729
f 4241 4414 6276
f 4241 5678 7157
f 4241 6250 5678
f 4241 7157 4414
f 4242 6844 5095
f 4243 5940 6241
f 4243 6241 6706
f 4244 6423 5110
f 4245 6390 6908
f 4245 6908 6712
f 4248 5533 4808
f 4249 5388 5412
f 4249 5412 4415
f 4250 4574 5699
f 4251 5263 4960
f 4252 5284 6274
f 4252 5542 5284
f 4252 6274 6401
f 4252 6401 5542
f 4253 4437 6598
f 4253 6598 7149
f 4255 5123 5834
f 4255 5834 6019
f 4256 6991 5265
f 4257 6095 6527
f 4258 5660 5951
f 4259 5160 4961
f 4260 4294 4809
f 4260 4809 6524
f 4260 6524 4389
f 4262 4401 6681
f 4262 5670 7157
f 4262 6681 5670
f 4263 4834 7176
f 4264 5515 6581
f 4264 6563 5515
f 4264 6688 6563
f 4265 6449 6742
f 4266 5268 4708
f 4269 5398 6713
f 4269 6380 5398
f 4269 6713 5545
f 4270 4592 5388
f 4271 5688 4721
f 4272 5272 5977
f 4273 5284 5542
f 4275 5723 5529
f 4277 5696 6242
f 4277 6242 5082
f 4278 6122 6426
f 4279 4439 6729
f 4279 6424 4439
f 4280 5426 5245
f 4280 5851 5426
f 4280 6692 5851
f 4281 5643 6234
f 4286 5988 5674
f 4288 6531 6870
f 4289 6144 4723
f 4290 4860 6091
f 4290 6091 7124
f 4290 6138 4860
f 4290 7124 6227
f 4293 5654 5806
f 4293 5806 6564
f 4294 6828 5730
f 4297 5516 5513
f 4297 6312 5516
f 4299 4378 6300
f 4299 6300 6921
f 4300 6469 6051
f 4301 4452 5778
f 4301 5778 6001
f 4303 4639 5999
f 4304 6450 6744
f 4307 6719 5114
f 4309 4838 5937
f 4309 5937 4983
f 4310 4736 5879
f 4310 5879 6332
f 4312 5236 6410
f 4312 6410 6613
f 4314 6140 5110
f 4315 6451 7047
f 4317 6795 5930
f 4319 5543 4947
f 4320 5879 5322
f 4320 6332 5879
f 4321 6563 6688
f 4321 7126 6563
f 4322 5377 6742
f 4322 6742 7044
f 4322 7044 6733
f 4324 5663 4440
f 4324 6385 5663
f 4325 6083 6285
f 4326 6292 6081
f 4327 4583 5172
f 4327 5172 6462
f 4328 5462 6968
f 4333 4595 6661
f 4334 5501 6473
f 4338 4579 6923
f 4338 6923 6499
f 4342 4586 6804
f 4343 4876 4474
f 4347 5479 5712
f 4348 6969 5313
f 4351 4599 6803
f 4351 7099 4599
f 4353 5046 6475
f 4353 6475 6804
f 4354 5487 6951
f 4359 5924 5054
f 4361 6477 4786
f 4363 4666 4855
f 4366 5458 6501
f 4366 6000 6612
f 4366 6501 7071
f 4366 6612 5458
f 4370 4584 6370
f 4371 6761 5907
f 4372 5796 5882
f 4373 6178 6459
f 4373 6459 4639
f 4375 7082 5011
f 4379 4582 5485
f 4381 4939 6291
f 4381 6291 6030
f 4383 5143 4578
f 4385 5049 5741
f 4385 5467 5927
f 4385 5582 5049
f 4385 5927 7079
f 4385 7079 5582
f 4386 4612 6085
f 4386 6790 4612
f 4387 4647 4766
f 4387 5872 4647
f 4387 7117 5872
f 4390 4591 5533
f 4394 4592 6235
f 4394 6422 4592
f 4395 5276 5447
f 4395 5447 6534
f 4395 6534 7034
f 4396 4406 6831
f 4396 4602 4406
f 4396 5701 4602
f 4398 4987 5670
f 4398 5670 6681
f 4398 6536 4987
f 4399 4532 6392
f 4401 6118 6681
f 4403 5989 6707
f 4404 5993 6855
f 4405 5237 6567
f 4406 5551 6831
f 4407 5564 7179
f 4407 6245 5564
f 4410 5853 7151
f 4410 7032 5853
f 4410 7151 7196
f 4410 7196 7032
f 4412 5258 5819
f 4412 6823 5258
f 4414 5573 6276
f 4415 5412 6541
f 4416 6832 4821
f 4417 5361 5954
f 4419 4793 5575
f 4420 4603 5703
f 4420 5402 4603
f 4421 4529 5404
f 4421 7160 4529
f 4422 5431 7133
f 4422 7023 6555
f 4422 7133 7023
f 4423 5149 6146
f 4423 5427 5149
f 4423 6146 6529
f 4425 4815 6839
f 4425 6839 6980
f 4425 6980 7174
f 4426 7152 6593
f 4427 5107 4556
f 4427 5246 5107
f 4427 6570 5246
f 4430 5645 6873
f 4430 6869 5645
f 4431 4597 4947
f 4431 4947 4572
f 4431 5269 4597
f 4431 7123 5269
f 4433 5560 7178
f 4434 6112 6223
f 4434 6223 6380
f 4434 7005 6112
f 4436 6873 5823
f 4437 4588 6598
f 4439 4441 6020
f 4439 5109 4441
f 4439 6020 6729
f 4439 6424 5109
f 4440 5663 5244
f 4441 5120 5728
f 4441 5728 6020
f 4443 4949 7132
f 4446 6867 4952
f 4448 7162 5821
f 4449 5942 4948
f 4450 5371 6753
f 4450 6402 5371
f 4450 6753 6538
f 4451 4660 5005
f 4451 5005 5009
f 4451 5009 6155
f 4451 6155 4858
f 4452 7053 7185
f 4452 7185 5778
f 4453 5006 5865
f 4453 6748 5006
f 4457 7116 5229
f 4458 6950 4623
f 4460 6059 6940
f 4460 6940 6166
f 4461 6473 5501
f 4463 6952 6787
f 4465 6504 4754
f 4468 5623 5156
f 4474 4876 4608
f 4475 4740 4898
f 4476 5769 6305
f 4476 6931 5769
f 4479 4772 4657
f 4480 5481 4910
f 4483 4665 6322
f 4486 4859 4606
f 4486 5872 4859
f 4489 5056 5510
f 4491 5013 5747
f 4493 5475 6189
f 4493 6189 6779
f 4494 5172 5424
f 4494 5424 5896
f 4496 5296 6355
f 4497 6900 4765
f 4498 6064 5495
f 4504 6291 4939
f 4505 5351 5735
f 4505 5735 5472
f 4506 6626 6935
f 4506 6935 6761
f 4508 5354 5194
f 4510 5867 6663
f 4510 6027 5867
f 4510 6369 6027
f 4510 6663 5456
f 4511 6004 5761
f 4511 6614 6884
f 4513 4911 6810
f 4514 5428 6453
f 4516 6604 5869
f 4516 6927 7094
f 4516 7094 6604
f 4519 7148 5129
f 4520 6273 5987
f 4520 6569 6273
f 4520 7131 6569
f 4521 5119 5447
f 4521 5276 6275
f 4521 5447 5276
f 4521 6275 6753
f 4522 6577 4825
f 4524 5686 7025
f 4524 5938 6533
f 4524 6533 6994
f 4524 6994 5686
f 4524 7025 5938
f 4525 5806 5654
f 4526 4976 5802
f 4526 6610 4976
f 4527 6702 6224
f 4529 6528 5404
f 4530 5950 5406
f 4530 6093 5950
f 4531 4667 5659
f 4531 5659 7124
f 4531 7124 7169
f 4531 7169 4667
f 4533 4803 6863
f 4534 5158 5825
f 4534 5815 6127
f 4534 5825 5418
f 4534 6127 5158
f 4535 5664 5984
f 4537 4791 4974
f 4537 4974 6019
f 4537 5834 6705
f 4537 6019 5834
f 4539 6149 5960
f 4540 5366 6261
f 4540 6129 5366
f 4542 6430 6129
f 4545 5092 5368
f 4547 5576 4562
f 4551 4821 6832
f 4551 4963 4821
f 4551 6693 4963
f 4553 5642 5523
f 4553 7037 5642
f 4555 5412 4668
f 4556 5107 6283
f 4558 6728 5086
f 4559 6263 6877
f 4559 6393 6678
f 4559 6678 6263
f 4559 6877 6445
f 4560 5724 6261
f 4560 6753 7040
f 4560 7040 5724
f 4563 7039 5085
f 4564 6224 4688
f 4565 5565 6849
f 4565 6706 5565
f 4566 6851 6540
f 4570 6753 7003
f 4572 4947 6265
f 4574 4704 6118
f 4574 6118 5699
f 4574 6395 4704
f 4575 4955 5675
f 4575 5094 6870
f 4575 5675 5094
f 4575 6531 6682
f 4575 6682 4955
f 4575 6870 6531
f 4576 4985 5264
f 4576 6561 4985
f 4578 5143 4943
f 4582 6655 5485
f 4583 5424 5172
f 4584 4753 6370
f 4585 4905 6898
f 4586 5457 6193
f 4586 5720 5457
f 4588 4808 6598
f 4591 5954 6691
f 4591 6438 5533
f 4591 6691 6438
f 4592 4668 5388
f 4594 4784 6171
f 4595 4752 5629
f 4595 5629 6661
f 4598 6753 4880
f 4599 4901 5207
f 4599 5207 6803
f 4599 7099 4901
f 4600 5665 6240
f 4600 6386 4811
f 4602 5701 5832
f 4603 5851 5703
f 4604 6975 5881
f 4605 6587 6359
f 4608 4876 6050
f 4610 4662 7189
f 4610 6664 6885
f 4610 6885 4662
f 4610 7189 6771
f 4612 5725 6085
f 4613 6451 6485
f 4613 6485 6752
f 4613 6752 6451
f 4614 6493 7192
f 4615 6172 5298
f 4618 5901 4744
f 4620 4867 6206
f 4620 6206 7114
f 4620 7114 6799
f 4621 5171 7057
f 4623 6950 4875
f 4624 5625 6372
f 4626 6001 6344
f 4629 5910 5720
f 4630 5453 7083
f 4637 4877 6930
f 4637 6910 4877
f 4637 6930 6480
f 4638 5466 7112
f 4639 6459 5999
f 4648 4854 6806
f 4649 6595 6349
f 4656 5718 6513
f 4659 4735 4879
f 4659 6065 5435
f 4660 6636 5005
f 4662 4887 6925
f 4662 6925 7189
f 4665 5469 5344
f 4668 5412 5388
f 4670 6560 5980
f 4673 5941 6436
f 4673 6130 7175
f 4673 6436 6130
f 4673 7175 6719
f 4674 5523 5978
f 4676 5400 5683
f 4676 6269 6990
f 4676 6990 6253
f 4677 5648 5800
f 4678 5360 6150
f 4679 5669 6715
f 4679 6715 4991
f 4680 6145 6299
f 4680 6299 4805
f 4681 6831 4871
f 4683 6020 5811
f 4686 6283 5416
f 4687 5962 7153
f 4687 6231 5962
f 4688 4823 5828
f 4688 6224 6702
f 4689 5243 6526
f 4689 6526 5380
f 4689 6854 5243
f 4691 7172 5956
f 4693 5695 6714
f 4693 6714 5112
f 4694 4988 5649
f 4694 5649 5804
f 4695 5399 6264
f 4695 5843 6997
f 4695 5992 5399
f 4695 6264 5843
f 4696 5827 4870
f 4696 6820 5827
f 4700 6104 6864
f 4702 4790 6860
f 4704 6395 6865
f 4705 6734 6821
f 4706 7056 4860
f 4707 6113 6298
f 4708 5268 7121
f 4708 7121 6988
f 4710 6726 5117
f 4711 6134 6559
f 4714 6532 5844
f 4715 5980 6560
f 4720 5976 5418
f 4723 6144 4878
f 4724 5131 5443
f 4724 5443 5939
f 4725 6254 6985
f 4729 6045 6486
f 4729 6808 4885
f 4730 5620 4884
f 4730 5743 5620
f 4734 4883 6478
f 4736 5322 5879
f 4737 6619 6503
f 4740 5137 4898
f 4740 5780 5137
f 4741 4882 4899
f 4741 6217 5502
f 4742 5757 5019
f 4743 6054 4888
f 4743 6311 6054
f 4751 4886 6772
f 4751 6187 6966
f 4753 6349 6595
f 4753 6595 6370
f 4755 4889 6160
f 4755 5154 4889
f 4757 6947 6794
f 4758 5484 5905
f 4759 5870 6458
f 4763 5930 6795
f 4765 6630 5041
f 4765 6900 6630
f 4767 5506 6954
f 4767 5710 5506
f 4768 5885 6320
f 4768 5997 5754
f 4772 6366 6508
f 4772 6508 6813
f 4775 5012 4936
f 4780 6625 6802
f 4784 5611 6171
f 4784 5889 5611
f 4787 4931 6789
f 4789 5504 6622
f 4791 5387 6871
f 4792 7002 6230
f 4793 5266 6266
f 4793 6266 5575
f 4794 6981 5667
f 4798 6387 6521
f 4801 6393 6746
f 4802 6983 5252
f 4804 6277 7145
f 4804 6694 6277
f 4804 7147 6694
f 4805 6299 5531
f 4806 5522 6735
f 4806 5956 7172
f 4806 6735 5956
f 4808 5533 6438
f 4808 6438 6598
f 4809 6443 6524
f 4810 5102 6406
f 4810 6520 5102
f 4812 5372 6435
f 4814 5232 5556
f 4814 5556 6686
f 4815 6558 6839
f 4816 4977 7166
f 4816 5255 6226
f 4816 6388 6605
f 4816 7166 5255
f 4817 4945 6716
f 4817 6281 7182
f 4817 6716 6281
f 4818 6280 4946
f 4818 7021 5375
f 4820 6526 5243
f 4821 4963 6127
f 4822 5529 5813
f 4822 6879 5529
f 4823 5126 5828
f 4826 5731 5567
f 4826 6870 5094
f 4828 5681 4972
f 4833 6235 6142
f 4835 7133 5262
f 4836 7174 6980
f 4837 5517 6410
f 4837 6410 5236
f 4840 5698 6237
f 4843 6128 6695
f 4844 7000 6548
f 4845 6858 5701
f 4846 6712 5536
f 4847 6867 5393
f 4849 5836 6415
f 4849 6415 5966
f 4852 5217 5797
f 4859 5872 5195
f 4860 7056 6091
f 4861 5574 6138
f 4861 6138 5133
f 4863 7011 7139
f 4863 7139 6238
f 4867 6594 6206
f 4871 6831 5551
f 4872 4997 7184
f 4873 5841 5242
f 4873 6743 7054
f 4873 7054 5841
f 4875 6950 5177
f 4878 6144 6679
f 4879 7075 5353
f 4881 7045 6748
f 4885 6808 5310
f 4889 5154 7198
f 4889 6767 6160
f 4889 6890 6767
f 4889 7198 6890
f 4891 5725 5507
f 4891 6085 5725
f 4892 5142 5175
f 4892 5457 5720
f 4892 5720 5910
f 4892 5910 5142
f 4894 5164 6620
f 4897 6949 6044
f 4898 5137 5193
f 4901 5212 5429
f 4901 6474 5207
f 4901 7099 5212
f 4904 6075 6944
f 4904 6634 6075
f 4905 6081 5072
f 4910 5481 6517
f 4912 6379 7068
f 4915 6504 5153
f 4917 5219 5141
f 4917 7061 5318
f 4918 6630 6362
f 4919 5337 5631
f 4920 5707 6213
f 4920 6500 5707
f 4923 5181 6338
f 4923 5708 5218
f 4923 6338 5708
f 4924 5030 5733
f 4927 5145 5784
f 4929 5162 5212
f 4929 5212 7099
f 4931 5161 6789
f 4940 5140 7101
f 4940 7101 6050
f 4942 6633 6895
f 4943 5143 6623
f 4943 6623 5345
f 4945 5844 6716
f 4946 5525 6857
f 4946 6280 5525
f 4947 5543 6265
f 4948 5942 5723
f 4948 6847 7001
f 4948 6979 6847
f 4949 5977 5384
f 4957 4979 6139
f 4957 5950 4999
f 4957 6139 5950
f 4958 5849 6564
f 4960 5988 5650
f 4961 5160 6727
f 4961 6727 5238
f 4963 5158 6127
f 4963 5948 5158
f 4964 6400 6881
f 4964 6881 5007
f 4966 6836 5847
f 4967 6607 6749
f 4967 6749 6313
f 4968 7199 7020
f 4970 6222 4994
f 4971 5854 6687
f 4971 6908 6390
f 4972 5681 6999
f 4972 6999 6421
f 4974 5130 6019
f 4977 5237 7166
f 4979 6847 6979
f 4979 6979 6139
f 4981 6147 6582
f 4981 6582 5730
f 4982 5571 6851
f 4982 5836 5148
f 4982 6851 5836
f 4983 5937 6095
f 4983 6095 5152
f 4989 6116 6717
f 4990 5669 6556
f 4990 6596 7138
f 4990 7138 5669
f 4991 6715 6836
f 4993 5149 5427
f 4993 5734 5149
f 4994 6006 5690
f 4995 5122 6833
f 4997 6104 7147
f 4997 6864 6104
f 4999 5950 7019
f 4999 7019 5381
f 5000 6845 5383
f 5000 6858 6845
f 5002 5655 6228
f 5004 6258 5375
f 5005 6448 5009
f 5005 6748 6448
f 5006 5444 6310
f 5006 5586 6665
f 5006 6042 5919
f 5006 6310 6042
f 5006 6748 5444
f 5006 7051 5865
f 5007 7054 6750
f 5008 5865 7051
f 5009 6445 6453
f 5009 6448 7050
f 5009 6453 6155
f 5009 7050 6746
f 5010 5317 5168
f 5011 7082 7110
f 5012 6767 6655
f 5019 5757 6515
f 5019 6515 6763
f 5023 5477 5719
f 5025 5504 6463
f 5025 6463 6167
f 5025 6622 5504
f 5028 5194 5435
f 5028 5435 6065
f 5028 5793 5452
f 5028 6065 6376
f 5028 6376 5793
f 5030 6933 5733
f 5034 5187 5213
f 5038 5500 6378
f 5038 7095 5500
f 5040 6799 7114
f 5041 7101 5140
f 5044 6955 6663
f 5046 7095 6475
f 5048 5790 6509
f 5048 6509 7201
f 5048 7201 6460
f 5051 6168 6809
f 5052 5332 6073
f 5052 5911 5332
f 5052 6073 6675
f 5057 6370 6595
f 5057 6670 6370
f 5058 6518 6784
f 5058 6784 5616
f 5065 6028 7080
f 5065 7189 6925
f 5069 6328 5463
f 5070 5885 6765
f 5070 6584 5885
f 5072 5207 5425
f 5072 5425 6191
f 5072 6081 6803
f 5072 6803 5207
f 5074 5440 6452
f 5074 6452 6014
f 5075 5249 5976
f 5076 5804 6827
f 5077 6096 6416
f 5079 6539 5970
f 5083 5363 5398
f 5083 5398 6380
f 5083 6223 6284
f 5083 6380 6223
f 5084 5981 6603
f 5084 6603 6685
f 5084 6685 5536
f 5085 6441 7170
f 5089 7130 5273
f 5092 5678 6250
f 5092 5949 5368
f 5092 6250 5949
f 5094 5675 6880
f 5096 6874 5376
f 5097 5240 6565
f 5097 5389 5240
f 5100 6394 5430
f 5102 6123 6406
f 5103 5392 6262
f 5103 6439 5231
f 5103 7161 5392
f 5107 5416 6283
f 5108 7172 6257
f 5109 6135 6308
f 5109 6308 6721
f 5109 6424 6135
f 5111 6007 5808
f 5112 7026 6251
f 5116 5433 6384
f 5116 6384 6911
f 5120 6111 5728
f 5120 7150 6111
f 5121 6153 5395
f 5121 6238 7139
f 5121 6417 6153
f 5121 6611 6417
f 5121 7139 6611
f 5122 6144 6833
f 5122 6679 6144
f 5122 7197 6679
f 5124 7140 7016
f 5126 7014 6572
f 5127 5132 5850
f 5127 7003 5132
f 5132 5366 5850
f 5132 6261 5366
f 5135 5827 6820
f 5136 5244 5663
f 5137 5631 5193
f 5138 7056 6339
f 5139 5511 5716
f 5141 5219 5614
f 5144 6937 5623
f 5145 6089 5617
f 5147 5203 6633
f 5149 5734 5561
f 5150 6886 6488
f 5155 7165 5413
f 5156 5623 6937
f 5161 5592 6467
f 5161 6467 6789
f 5162 5339 5212
f 5163 5392 7161
f 5163 6689 5392
f 5176 5715 5451
f 5180 5421 6010
f 5180 6010 5773
f 5181 5618 7108
f 5183 5346 5715
f 5183 5715 6670
f 5183 6670 6802
f 5184 7108 6198
f 5185 6331 6811
f 5189 5726 5469
f 5190 6612 6352
f 5194 5354 5435
f 5197 5906 6902
f 5199 5316 5419
f 5199 7119 5316
f 5201 5332 5448
f 5201 7063 5332
f 5203 6895 6633
f 5207 6474 5425
f 5209 5614 5437
f 5210 5439 6368
f 5212 5339 5429
f 5214 6451 5998
f 5216 5446 7091
f 5223 6048 6306
f 5225 6891 6601
f 5226 6179 5420
f 5227 5425 6474
f 5227 5454 6617
f 5227 6191 5425
f 5227 6474 5454
f 5227 6617 6191
f 5229 7116 6808
f 5235 5978 6395
f 5237 5238 7166
f 5237 6433 6567
f 5238 5430 7166
f 5238 6727 5430
f 5239 5358 5524
f 5239 5840 6849
f 5239 6566 5358
f 5240 6987 6565
f 5245 5426 6736
f 5251 5525 6280
f 5254 5958 6307
f 5254 6307 6998
f 5254 6998 5279
f 5256 7170 5356
f 5259 5359 5575
f 5259 5575 6266
f 5260 6519 6608
f 5261 6861 7125
f 5262 5431 6420
f 5262 7133 5431
f 5264 7136 6425
f 5265 6683 5410
f 5265 6991 6683
f 5266 5449 6266
f 5272 5432 5977
f 5273 5386 5442
f 5282 5823 6873
f 5282 6873 5441
f 5283 6243 6566
f 5283 6698 6850
f 5284 5443 6274
f 5284 5939 5443
f 5286 5677 6979
f 5287 5531 6101
f 5287 6101 5993
f 5289 6451 7055
f 5289 7047 6451
f 5293 5584 6516
f 5294 5608 6288
f 5295 5507 7110
f 5295 6211 5507
f 5295 7110 7082
f 5296 7096 6355
f 5298 5877 6077
f 5298 6077 5875
f 5298 6172 6762
f 5298 6762 5877
f 5303 5769 5875
f 5303 6619 6017
f 5304 5346 5928
f 5304 5451 5346
f 5307 5624 5450
f 5308 5509 5914
f 5311 5905 5484
f 5316 6773 5419
f 5316 6919 6773
f 5317 6517 5481
f 5321 5512 6660
f 5325 7059 5597
f 5327 6770 6087
f 5330 6354 6600
f 5330 6914 6354
f 5331 7085 6917
f 5332 5634 6073
f 5332 5911 5448
f 5332 7063 5634
f 5340 5878 5714
f 5340 6971 5878
f 5346 5451 5715
f 5347 6936 6201
f 5351 5887 5735
f 5352 5480 5721
f 5356 6441 6834
f 5356 6834 5989
f 5356 7170 6441
f 5361 5569 6432
f 5361 6691 5954
f 5363 6699 5527
f 5365 5812 6254
f 5367 5848 6025
f 5369 7164 5967
f 5370 5989 6834
f 5370 6707 5989
f 5372 5690 6435
f 5373 5526 6136
f 5373 5553 6137
f 5373 6136 6551
f 5373 6137 5526
f 5373 6551 5553
f 5378 5659 6443
f 5378 6227 7124
f 5378 7124 5659
f 5378 7134 6227
f 5379 7166 6394
f 5387 5973 6871
f 5391 7001 6847
f 5391 7012 7001
f 5393 6710 6148
f 5393 6867 6710
f 5395 6153 6527
f 5401 7155 5856
f 5406 5950 6139
f 5406 6139 5677
f 5408 6122 6429
f 5409 6611 7011
f 5409 6857 5525
f 5414 6695 5539
f 5415 6580 6422
f 5428 6155 6453
f 5430 6394 7166
f 5431 6236 6420
f 5441 6873 5645
f 5442 5852 7167
f 5442 6568 5852
f 5447 7012 6534
f 5453 6793 7083
f 5453 6796 7087
f 5453 7087 6793
f 5454 5732 6920
f 5458 6764 6501
f 5463 6328 5610
f 5466 5909 6492
f 5466 6012 5909
f 5466 6492 7112
f 5474 6924 6799
f 5474 7186 6924
f 5475 5709 5893
f 5475 5893 6189
f 5480 6901 5721
f 5485 6655 6890
f 5486 6621 6909
f 5486 6909 5580
f 5487 6943 6662
f 5488 5705 6759
f 5491 6953 7190
f 5500 5711 6378
f 5503 5918 6029
f 5505 6334 6444
f 5505 6444 7067
f 5507 5725 7110
f 5510 6213 5707
f 5511 6658 5716
f 5513 5666 7019
f 5513 7019 6093
f 5514 6232 5946
f 5514 6257 6232
f 5515 6563 6436
f 5517 6521 6613
f 5517 6613 6410
f 5521 5830 6878
f 5521 6878 6983
f 5526 6137 6843
f 5528 6391 5729
f 5529 5723 5942
f 5529 5942 5813
f 5531 6299 6574
f 5531 6574 6101
f 5535 6551 7017
f 5539 6846 5814
f 5540 5662 6576
f 5540 6576 5935
f 5541 5728 6111
f 5541 6111 5979
f 5544 5724 7040
f 5544 7040 6753
f 5545 6713 6996
f 5546 5668 7158
f 5547 5842 6252
f 5550 6978 5975
f 5550 7191 6978
f 5552 5730 6582
f 5555 6273 6397
f 5555 6397 6523
f 5556 6753 6686
f 5557 6558 6995
f 5557 6839 6558
f 5558 6403 6848
f 5558 7022 6403
f 5564 6245 6722
f 5565 6241 6698
f 5565 6698 6849
f 5565 6706 6241
f 5566 6876 7164
f 5570 6838 6875
f 5570 6875 6562
f 5571 6540 6851
f 5577 6154 5994
f 5577 6907 6753
f 5578 6745 6916
f 5578 7067 6745
f 5579 6970 6671
f 5583 6673 6356
f 5588 5740 5996
f 5591 6669 6162
f 5594 6184 6654
f 5595 6158 5920
f 5596 6959 7201
f 5602 6330 6606
f 5610 6328 6597
f 5612 5740 7060
f 5612 5912 5996
f 5612 5996 5740
f 5613 6784 5712
f 5618 6198 7108
f 5620 5743 6194
f 5622 6479 6649
f 5626 6922 5742
f 5634 7187 6073
f 5646 6582 7031
f 5649 5691 5804
f 5653 7168 6739
f 5655 5805 6131
f 5656 6403 7022
f 5659 6381 6443
f 5661 5799 6577
f 5662 6522 6576
f 5667 6981 6101
f 5669 7138 6715
f 5671 6879 6399
f 5676 6263 6678
f 5677 6139 6979
f 5678 5944 7157
f 5679 5982 6830
f 5685 5854 6855
f 5685 6904 6693
f 5686 7168 7025
f 5696 6123 6109
f 5698 6862 6237
f 5699 5860 5985
f 5701 6858 5832
f 5705 6916 7202
f 5706 7068 6379
f 5707 6500 6365
f 5708 6338 6592
f 5715 6370 6670
f 5717 6156 6334
f 5717 6334 6616
f 5721 6901 6157
f 5731 6011 6537
f 5736 6022 6924
f 5736 6924 7186
f 5748 6000 6043
f 5755 6002 5788
f 5757 5913 6515
f 5761 6004 6374
f 5765 6009 6625
f 5768 6305 5769
f 5769 6931 5875
f 5779 5999 6787
f 5786 6643 6883
f 5788 6002 6644
f 5792 5909 6012
f 5796 6008 5882
f 5808 5809 5932
f 5808 6007 5809
f 5809 6007 7007
f 5810 7148 6006
f 5812 6015 6985
f 5812 6985 6254
f 5815 6571 6127
f 5817 6978 7191
f 5817 7191 6819
f 5818 7025 7168
f 5821 7162 6011
f 5833 6556 6856
f 5833 6856 7031
f 5833 7031 7127
f 5838 7046 6743
f 5843 6264 5865
f 5847 6596 6096
f 5847 6836 7138
f 5847 7138 6596
f 5848 7006 7024
f 5848 7024 6025
f 5853 7032 6152
f 5856 7155 6859
f 5858 6609 6413
f 5864 6453 6750
f 5864 6750 6450
f 5865 6264 6021
f 5866 6454 7056
f 5867 6918 6663
f 5873 6510 6807
f 5877 6762 7077
f 5878 5929 7065
f 5885 6584 6320
f 5890 7048 6361
f 5898 6475 7095
f 5900 6620 6786
f 5900 6755 6620
f 5902 6782 6087
f 5907 6761 6935
f 5907 6935 6974
f 5923 6659 6306
f 5926 7112 6196
f 5935 6145 6540
f 5938 6090 6533
f 5943 6153 6417
f 5943 6417 6024
f 5950 6093 7019
f 5952 6091 7056
f 5952 6094 7169
f 5952 7056 6094
f 5952 7169 6091
f 5955 6268 6405
f 5958 7123 6307
f 5962 6231 6542
f 5963 6130 7126
f 5963 7175 6130
f 5964 6866 6247
f 5966 6230 6852
f 5967 7164 6876
f 5972 6416 7159
f 5978 6865 6395
f 5981 6408 6603
f 5981 6905 6408
f 5983 6523 6397
f 5987 6273 6026
f 5991 7180 6711
f 5993 6101 6981
f 5993 6981 6855
f 5997 6491 7090
f 6000 6352 6612
f 6011 7162 6537
f 6023 6156 7043
f 6023 6174 6887
f 6023 6887 6156
f 6023 7043 6174
f 6024 6417 6611
f 6027 6369 6758
f 6030 6804 6475
f 6032 6294 6884
f 6032 6884 6614
f 6046 6502 6287
f 6046 6646 6891
f 6046 6891 6502
f 6055 6289 6056
f 6057 6884 6294
f 6058 6189 6293
f 6058 6293 6599
f 6058 6599 6323
f 6058 6779 6189
f 6068 6356 6921
f 6068 6921 6300
f 6079 7192 6202
f 6086 6793 7087
f 6091 7169 7124
f 6094 7056 7046
f 6096 6596 6416
f 6117 6248 6753
f 6117 6753 6275
f 6120 6409 7143
f 6120 6905 7018
f 6120 7050 6905
f 6120 7143 7050
f 6130 6436 6563
f 6130 6563 7126
f 6133 6998 6307
f 6136 6251 7026
f 6150 7049 6842
f 6156 6444 6334
f 6156 6449 7043
f 6156 6745 6444
f 6156 6887 6745
f 6157 6452 7055
f 6157 6901 7048
f 6157 7048 6452
f 6157 7055 6752
f 6160 6199 7120
f 6161 6962 6760
f 6162 6669 7056
f 6169 6498 6318
f 6174 7043 6964
f 6180 6890 6958
f 6191 6617 6888
f 6196 7112 6492
f 6197 6642 6897
f 6205 6480 6930
f 6207 6899 6659
f 6230 7002 6852
f 6231 6544 6542
f 6232 6257 7172
f 6237 6862 6389
f 6241 6850 6698
f 6244 6992 7024
f 6249 6725 7005
f 6268 6610 6405
f 6273 6569 6397
f 6274 6690 6401
f 6276 6426 7006
f 6277 6709 7145
f 6290 6599 6963
f 6293 6963 6599
f 6306 6659 6899
f 6306 6899 7106
f 6325 6614 6455
f 6329 6656 6585
f 6369 7102 6758
f 6384 6717 6911
f 6387 6696 6521
f 6393 6589 6746
f 6398 6519 6869
f 6398 6608 6519
f 6398 7135 6608
f 6399 6593 6841
f 6399 6879 6593
f 6408 6905 7050
f 6408 7050 6448
f 6438 6691 7149
f 6438 7149 6598
f 6441 6711 7180
f 6441 7180 6834
f 6444 6745 7067
f 6445 6842 7049
f 6445 6877 6842
f 6445 7049 6453
f 6448 6748 6603
f 6449 6753 7044
f 6449 7044 6742
f 6450 6750 7054
f 6450 6751 7042
f 6450 7042 6744
f 6450 7054 6751
f 6451 6752 7055
f 6452 7048 7053
f 6452 7053 6749
f 6453 7049 6750
f 6454 6743 7046
f 6454 6751 7054
f 6454 7046 7056
f 6454 7054 6743
f 6488 6886 6618
f 6493 6926 7192
f 6507 6896 6629
f 6521 6696 6613
f 6543 7032 7196
f 6558 6724 6995
f 6572 7014 6982
f 6593 7152 6841
f 6603 6748 6685
f 6611 7139 7011
f 6639 6972 6817
f 6655 6767 6890
f 6657 7073 6961
f 6664 6806 6885
f 6671 6970 6903
f 6679 7197 7034
f 6683 6991 6753
f 6700 7165 6740
f 6715 7138 6836
f 6731 7018 6905
f 6745 6887 6916
f 6748 7045 6892
f 6758 7102 6786
f 6759 7188 6928
f 6887 7202 6916
f 6890 7198 6958
