v -0.40789999999999998 0.088599999999999998 -0.22620000000000001
v -0.34999999999999998 0.069199999999999998 -0.24579999999999999
v -0.33950000000000002 0.069099999999999995 -0.2447
v -0.33389999999999997 0.079399999999999998 -0.2422
v -0.32900000000000001 0.067599999999999993 -0.24260000000000001
v -0.2863 0.067599999999999993 -0.2349
v -0.27579999999999999 0.067500000000000004 -0.23350000000000001
v -0.25069999999999998 0.057200000000000001 -0.22900000000000001
v -0.23910000000000001 0.061100000000000002 -0.22670000000000001
v -0.21929999999999999 0.060299999999999999 -0.22220000000000001
v -0.18659999999999999 0.059200000000000003 -0.21410000000000001
v -0.17979999999999999 0.059700000000000003 -0.21260000000000001
v -0.1671 0.055599999999999997 -0.20899999999999999
v -0.16470000000000001 0.048300000000000003 -0.20280000000000001
v -0.1502 0.048500000000000001 -0.20039999999999999
v -0.1487 0.043099999999999999 -0.19359999999999999
v -0.14929999999999999 0.035499999999999997 -0.1812
v -0.13869999999999999 0.032199999999999999 -0.1762
v -0.13009999999999999 0.031199999999999999 -0.1749
v -0.1196 0.030599999999999999 -0.16300000000000001
v -0.106 0.034500000000000003 -0.17299999999999999
v -0.093200000000000005 0.031899999999999998 -0.16300000000000001
v -0.086300000000000002 0.032399999999999998 -0.16400000000000001
v -0.082799999999999999 0.031099999999999999 -0.16020000000000001
v -0.073899999999999993 0.032000000000000001 -0.16209999999999999
v -0.081600000000000006 0.030599999999999999 -0.153
v -0.072599999999999998 0.0304 -0.1467
v -0.078299999999999995 0.032199999999999999 -0.13120000000000001
v -0.071999999999999995 0.033700000000000001 -0.1244
v -0.061899999999999997 0.033500000000000002 -0.1242
v -0.061899999999999997 0.037499999999999999 -0.1178
v -0.050700000000000002 0.034700000000000002 -0.1202
v -0.051999999999999998 0.042099999999999999 -0.11169999999999999
v -0.040800000000000003 0.038399999999999997 -0.1138
v -0.0402 0.046600000000000003 -0.10680000000000001
v 0.001 0.056599999999999998 -0.096699999999999994
v 0.0088999999999999999 0.044900000000000002 -0.1012
v 0.00089999999999999998 0.037199999999999997 -0.108
v 0.011599999999999999 0.036400000000000002 -0.1074
v 0.022100000000000002 0.032500000000000001 -0.11070000000000001
v 0.016899999999999998 0.029600000000000001 -0.12089999999999999
v 0.027400000000000001 0.030599999999999999 -0.11559999999999999
v 0.023400000000000001 0.029000000000000001 -0.12670000000000001
v 0.032000000000000001 0.029399999999999999 -0.12089999999999999
v 0.0339 0.028899999999999999 -0.1321
v 0.044400000000000002 0.0281 -0.1323
v 0.14080000000000001 0.0309 -0.13089999999999999
v 0.14330000000000001 0.034500000000000003 -0.1416
v 0.1507 0.036700000000000003 -0.1401
v 0.14449999999999999 0.0407 -0.15279999999999999
v 0.15359999999999999 0.041599999999999998 -0.14599999999999999
v 0.1507 0.047 -0.15490000000000001
v 0.15609999999999999 0.046399999999999997 -0.14990000000000001
v 0.1678 0.063500000000000001 -0.15079999999999999
v 0.19320000000000001 0.082400000000000001 -0.14180000000000001
v 0.19839999999999999 0.093399999999999997 -0.1479
v 0.20849999999999999 0.096000000000000002 -0.1363
v -0.35460000000000003 0.089300000000000004 -0.24260000000000001
v -0.34999999999999998 0.1004 -0.2417
v -0.3609 0.099199999999999997 -0.23999999999999999
v -0.25480000000000003 0.076999999999999999 -0.2296
v 0.1055 0.0287 -0.121
v 0.11600000000000001 0.028199999999999999 -0.1158
v 0.1115 0.026599999999999999 -0.10009999999999999
v 0.1166 0.026599999999999999 -0.089599999999999999
v 0.12189999999999999 0.027300000000000001 -0.079000000000000001
v 0.12230000000000001 0.028000000000000001 -0.063700000000000007
v 0.13170000000000001 0.027099999999999999 -0.063200000000000006
v 0.1794 0.031199999999999999 -0.027300000000000001
v 0.19059999999999999 0.032800000000000003 -0.0080000000000000002
v 0.1895 0.031 0.0063
v 0.1842 0.029000000000000001 0.016
v 0.19550000000000001 0.031600000000000003 0.014200000000000001
v 0.19520000000000001 0.0298 0.025899999999999999
v 0.20580000000000001 0.031300000000000001 0.032000000000000001
v 0.2384 0.062100000000000002 0.0104
v 0.21609999999999999 0.055100000000000003 -0.0134
v 0.1971 0.0419 -0.035200000000000002
v 0.20000000000000001 0.045199999999999997 -0.0448
v 0.1996 0.045499999999999999 -0.0533
v 0.19650000000000001 0.044699999999999997 -0.063
v 0.19109999999999999 0.040800000000000003 -0.066500000000000004
v 0.19259999999999999 0.050799999999999998 -0.094299999999999995
v 0.18110000000000001 0.037999999999999999 -0.088800000000000004
v 0.18729999999999999 0.046899999999999997 -0.1003
v 0.1812 0.041300000000000003 -0.1008
v 0.18790000000000001 0.051299999999999998 -0.1086
v 0.1817 0.047800000000000002 -0.1148
v 0.15640000000000001 0.0402 -0.1401
v 0.15179999999999999 0.034099999999999998 -0.13170000000000001
v 0.1396 0.029499999999999998 -0.1231
v 0.14810000000000001 0.0293 -0.1104
v 0.14749999999999999 0.029100000000000001 -0.099900000000000003
v 0.1265 0.028899999999999999 -0.1105
v 0.18260000000000001 0.054399999999999997 -0.1239
v 0.18759999999999999 0.057500000000000002 -0.1186
v 0.2031 0.062 -0.082799999999999999
v 0.21879999999999999 0.069000000000000006 -0.040000000000000001
v 0.22470000000000001 0.075499999999999998 -0.039399999999999998
v 0.22520000000000001 0.072099999999999997 -0.031699999999999999
v 0.2298 0.078399999999999997 -0.033799999999999997
v 0.23019999999999999 0.075999999999999998 -0.026100000000000002
v 0.23580000000000001 0.0843 -0.027799999999999998
v 0.2387 0.080600000000000005 -0.018100000000000002
v 0.24940000000000001 0.090700000000000003 -0.015699999999999999
v 0.245 0.097699999999999995 -0.025899999999999999
v 0.25130000000000002 0.098100000000000007 -0.019300000000000001
v 0.25330000000000003 0.1053 -0.0246
v 0.46300000000000002 0.095500000000000002 0.0693
v 0.45619999999999999 0.0906 0.069599999999999995
v 0.39950000000000002 0.064100000000000004 0.066500000000000004
v 0.34699999999999998 0.031199999999999999 0.1321
v 0.33650000000000002 0.029000000000000001 0.13189999999999999
v 0.27410000000000001 0.021000000000000001 0.16289999999999999
v 0.26869999999999999 0.021100000000000001 0.15229999999999999
v 0.26269999999999999 0.025499999999999998 0.1633
v 0.25829999999999997 0.021999999999999999 0.14979999999999999
v 0.25259999999999999 0.0281 0.1583
v 0.24779999999999999 0.024799999999999999 0.1487
v 0.2424 0.029600000000000001 0.15290000000000001
v 0.24390000000000001 0.025000000000000001 0.14030000000000001
v 0.2324 0.031300000000000001 0.14630000000000001
v 0.2316 0.030099999999999998 0.1371
v 0.20849999999999999 0.032899999999999999 0.11700000000000001
v 0.22209999999999999 0.0292 0.1153
v 0.22120000000000001 0.025600000000000001 0.1052
v 0.2319 0.024299999999999999 0.11119999999999999
v 0.2334 0.023300000000000001 0.1038
v 0.24260000000000001 0.023199999999999998 0.1051
v 0.23669999999999999 0.023800000000000002 0.094600000000000004
v 0.25430000000000003 0.026700000000000002 0.083699999999999997
v 0.26300000000000001 0.027099999999999999 0.0843
v 0.26379999999999998 0.030300000000000001 0.073899999999999993
v 0.27410000000000001 0.031600000000000003 0.0785
v 0.24929999999999999 0.057599999999999998 0.025000000000000001
v 0.2409 0.055 0.023
v 0.2477 0.063700000000000007 0.016299999999999999
v 0.23910000000000001 0.048899999999999999 0.030599999999999999
v 0.2344 0.038699999999999998 0.044299999999999999
v 0.2545 0.033500000000000002 0.062700000000000006
v 0.22700000000000001 0.034500000000000003 0.0465
v 0.21929999999999999 0.0309 0.047600000000000003
v 0.221 0.025399999999999999 0.073700000000000002
v 0.2157 0.0235 0.084000000000000005
v 0.20530000000000001 0.025000000000000001 0.089399999999999993
v 0.19520000000000001 0.026700000000000002 0.085199999999999998
v 0.1966 0.030099999999999998 0.093899999999999997
v 0.18490000000000001 0.030700000000000002 0.086800000000000002
v 0.18490000000000001 0.035099999999999999 0.092299999999999993
v 0.17249999999999999 0.032800000000000003 0.088900000000000007
v 0.1613 0.034200000000000001 0.1061
v 0.20810000000000001 0.029100000000000001 0.041000000000000002
v 0.1527 0.024899999999999999 0.026200000000000001
v 0.12189999999999999 0.027199999999999998 -0.0051999999999999998
v 0.10979999999999999 0.029999999999999999 -0.011599999999999999
v 0.1009 0.030700000000000002 0.00029999999999999997
v 0.096799999999999997 0.0385 -0.0135
v 0.092399999999999996 0.038800000000000001 -0.0054000000000000003
v 0.081699999999999995 0.060499999999999998 -0.016899999999999998
v 0.077499999999999999 0.061100000000000002 -0.0094999999999999998
v 0.077399999999999997 0.067100000000000007 -0.0195
v 0.072400000000000006 0.066400000000000001 -0.0088999999999999999
v 0.067799999999999999 0.073300000000000004 -0.0177
v 0.064100000000000004 0.072900000000000006 -0.0080000000000000002
v 0.059400000000000001 0.076100000000000001 -0.016799999999999999
v 0.053699999999999998 0.076499999999999999 -0.0076
v 0.050999999999999997 0.078 -0.017999999999999999
v 0.042500000000000003 0.079799999999999996 -0.016500000000000001
v 0.049500000000000002 0.077899999999999997 -0.027699999999999999
v 0.036499999999999998 0.079600000000000004 -0.027699999999999999
v 0.043099999999999999 0.076799999999999993 -0.053699999999999998
v 0.0378 0.075800000000000006 -0.064399999999999999
v 0.025700000000000001 0.075499999999999998 -0.070999999999999994
v 0.021499999999999998 0.0722 -0.079200000000000007
v 0.032800000000000003 0.067599999999999993 -0.080000000000000002
v 0.022800000000000001 0.067000000000000004 -0.084699999999999998
v 0.033300000000000003 0.060900000000000003 -0.085000000000000006
v 0.0123 0.0613 -0.091700000000000004
v 0.0132 0.049799999999999997 -0.097699999999999995
v 0.20519999999999999 0.027099999999999999 0.052699999999999997
v 0.20000000000000001 0.023800000000000002 0.0683
v 0.19470000000000001 0.024400000000000002 0.078799999999999995
v 0.18490000000000001 0.023800000000000002 0.074800000000000005
v 0.1118 0.027099999999999999 0.0106
v 0.21890000000000001 0.064600000000000005 -0.029700000000000001
v 0.22320000000000001 0.068699999999999997 -0.026700000000000002
v 0.22900000000000001 0.066400000000000001 -0.0083999999999999995
v 0.24970000000000001 0.070300000000000001 0.0074999999999999997
v 0.25559999999999999 0.064000000000000001 0.0195
v 0.2298 0.071800000000000003 -0.018200000000000001
v 0.2477 0.075300000000000006 -0.00080000000000000004
v 0.19259999999999999 0.065000000000000002 -0.1195
v 0.23019999999999999 0.092999999999999999 -0.052200000000000003
v 0.19800000000000001 0.073700000000000002 -0.1225
v -0.69479999999999997 0.11559999999999999 0.035000000000000003
v -0.69969999999999999 0.10970000000000001 0.034799999999999998
v -0.71540000000000004 0.085199999999999998 0.039300000000000002
v -0.70899999999999996 0.092399999999999996 0.033500000000000002
v -0.7107 0.083799999999999999 0.0293
v -0.70569999999999999 0.091899999999999996 0.027400000000000001
v -0.70399999999999996 0.084400000000000003 0.022800000000000001
v -0.69569999999999999 0.091899999999999996 0.020400000000000001
v -0.69850000000000001 0.082799999999999999 0.018599999999999998
v -0.68920000000000003 0.082500000000000004 0.014
v -0.69789999999999996 0.071999999999999995 0.016299999999999999
v -0.68659999999999999 0.073400000000000007 0.0109
v -0.69820000000000004 0.063799999999999996 0.016799999999999999
v -0.69340000000000002 0.054199999999999998 0.0172
v -0.68679999999999997 0.049700000000000001 0.015800000000000002
v -0.6865 0.043900000000000002 0.021299999999999999
v -0.67679999999999996 0.044600000000000001 0.013599999999999999
v -0.67569999999999997 0.039899999999999998 0.0223
v -0.66969999999999996 0.040399999999999998 0.0134
v -0.6663 0.038899999999999997 0.022100000000000002
v -0.66400000000000003 0.040800000000000003 0.0106
v -0.65510000000000002 0.0385 0.0115
v -0.64529999999999998 0.037600000000000001 0.0115
v -0.51929999999999998 0.033500000000000002 0.037499999999999999
v -0.50349999999999995 0.033300000000000003 0.048000000000000001
v -0.4491 0.0332 0.073700000000000002
v -0.43980000000000002 0.033700000000000001 0.063899999999999998
v -0.4294 0.032899999999999999 0.074300000000000005
v -0.4229 0.031899999999999998 0.086300000000000002
v -0.42999999999999999 0.031199999999999999 0.095200000000000007
v -0.41670000000000001 0.031699999999999999 0.093399999999999997
v -0.42480000000000001 0.031 0.10580000000000001
v -0.4143 0.030800000000000001 0.1057
v -0.40050000000000002 0.031 0.1164
v -0.39340000000000003 0.034299999999999997 0.1074
v -0.3695 0.0309 0.1459
v -0.38279999999999997 0.029899999999999999 0.14779999999999999
v -0.38279999999999997 0.029600000000000001 0.1583
v -0.3826 0.0298 0.16850000000000001
v -0.39140000000000003 0.0304 0.1676
v -0.38740000000000002 0.033000000000000002 0.17580000000000001
v -0.39760000000000001 0.033700000000000001 0.16969999999999999
v -0.39550000000000002 0.039300000000000002 0.17660000000000001
v -0.4042 0.043099999999999999 0.1754
v -0.40460000000000002 0.047399999999999998 0.1835
v -0.41660000000000003 0.047199999999999999 0.17710000000000001
v -0.41139999999999999 0.048800000000000003 0.18990000000000001
v -0.52649999999999997 0.039100000000000003 0.20680000000000001
v -0.54079999999999995 0.034700000000000002 0.2079
v -0.54620000000000002 0.0332 0.1996
v -0.54949999999999999 0.032800000000000003 0.19009999999999999
v -0.54220000000000002 0.0349 0.18640000000000001
v -0.55079999999999996 0.032099999999999997 0.17960000000000001
v -0.5423 0.033399999999999999 0.1784
v -0.53500000000000003 0.031899999999999998 0.1638
v -0.5232 0.032800000000000003 0.16389999999999999
v -0.53500000000000003 0.031600000000000003 0.1532
v -0.52490000000000003 0.031300000000000001 0.15240000000000001
v -0.49630000000000002 0.032899999999999999 0.068000000000000005
v -0.49830000000000002 0.032500000000000001 0.058500000000000003
v -0.50880000000000003 0.033599999999999998 0.058700000000000002
v -0.50490000000000002 0.0441 0.18729999999999999
v -0.504 0.042500000000000003 0.1676
v -0.5151 0.039100000000000003 0.17330000000000001
v -0.51300000000000001 0.035499999999999997 0.16289999999999999
v -0.51290000000000002 0.032099999999999997 0.15329999999999999
v -0.44309999999999999 0.047199999999999999 0.1648
v -0.45369999999999999 0.045100000000000001 0.1605
v -0.44640000000000002 0.032199999999999999 0.14779999999999999
v -0.43530000000000002 0.031600000000000003 0.1472
v -0.45800000000000002 0.047500000000000001 0.16569999999999999
v -0.4602 0.0424 0.1573
v -0.46450000000000002 0.047300000000000002 0.16500000000000001
v -0.46639999999999998 0.0448 0.15920000000000001
v -0.4728 0.047600000000000003 0.1633
v -0.47120000000000001 0.0424 0.15559999999999999
v -0.47920000000000001 0.046399999999999997 0.15859999999999999
v -0.4819 0.041799999999999997 0.15509999999999999
v -0.48449999999999999 0.046199999999999998 0.16039999999999999
v -0.48970000000000002 0.042200000000000001 0.1595
v -0.49199999999999999 0.045900000000000003 0.1686
v -0.50019999999999998 0.039899999999999998 0.16159999999999999
v -0.48630000000000001 0.047800000000000002 0.17660000000000001
v -0.48180000000000001 0.048399999999999999 0.16830000000000001
v -0.47020000000000001 0.048800000000000003 0.17230000000000001
v -0.46229999999999999 0.048500000000000001 0.17100000000000001
v -0.45490000000000003 0.031399999999999997 0.14299999999999999
v -0.69259999999999999 0.042799999999999998 0.0253
v -0.69450000000000001 0.0407 0.028899999999999999
v -0.70089999999999997 0.043400000000000001 0.028899999999999999
v -0.69779999999999998 0.040099999999999997 0.037999999999999999
v -0.7056 0.042700000000000002 0.033599999999999998
v -0.70240000000000002 0.040000000000000001 0.043299999999999998
v -0.71020000000000005 0.0419 0.0395
v -0.70840000000000003 0.040399999999999998 0.048800000000000003
v -0.71519999999999995 0.044400000000000002 0.043099999999999999
v -0.71699999999999997 0.042900000000000001 0.049299999999999997
v -0.71999999999999997 0.048099999999999997 0.0458
v -0.72460000000000002 0.048399999999999999 0.052400000000000002
v -0.73009999999999997 0.054399999999999997 0.058700000000000002
v -0.73360000000000003 0.059900000000000002 0.066299999999999998
v -0.7349 0.067100000000000007 0.072300000000000003
v -0.7389 0.066400000000000001 0.081500000000000003
v -0.74690000000000001 0.067400000000000002 0.10009999999999999
v -0.74919999999999998 0.063500000000000001 0.10639999999999999
v -0.74960000000000004 0.071400000000000005 0.11
v -0.75119999999999998 0.066299999999999998 0.11600000000000001
v -0.74960000000000004 0.074300000000000005 0.13320000000000001
v -0.74680000000000002 0.084099999999999994 0.13950000000000001
v -0.75109999999999999 0.071199999999999999 0.14349999999999999
v -0.75 0.081600000000000006 0.14699999999999999
v -0.75319999999999998 0.072599999999999998 0.15559999999999999
v -0.75129999999999997 0.085900000000000004 0.1565
v -0.75160000000000005 0.079000000000000001 0.16789999999999999
v -0.74980000000000002 0.087999999999999995 0.1646
v -0.74590000000000001 0.081900000000000001 0.1777
v -0.70950000000000002 0.075800000000000006 0.21510000000000001
v -0.70420000000000005 0.084599999999999995 0.21479999999999999
v -0.70420000000000005 0.075600000000000001 0.22550000000000001
v -0.70050000000000001 0.085599999999999996 0.22140000000000001
v -0.69979999999999998 0.082799999999999999 0.22770000000000001
v -0.69379999999999997 0.0911 0.22819999999999999
v -0.68879999999999997 0.092499999999999999 0.23330000000000001
v -0.68300000000000005 0.091800000000000007 0.23830000000000001
v -0.68440000000000001 0.083299999999999999 0.2437
v -0.67649999999999999 0.085599999999999996 0.2485
v -0.66969999999999996 0.093899999999999997 0.2482
v -0.6694 0.082799999999999999 0.2545
v -0.65229999999999999 0.084699999999999998 0.26440000000000002
v -0.64729999999999999 0.0901 0.26519999999999999
v -0.63690000000000002 0.089300000000000004 0.27550000000000002
v -0.63670000000000004 0.083299999999999999 0.28010000000000002
v -0.63139999999999996 0.088599999999999998 0.28060000000000002
v -0.62909999999999999 0.081500000000000003 0.29330000000000001
v -0.62150000000000005 0.093700000000000006 0.28789999999999999
v -0.61980000000000002 0.091300000000000006 0.29630000000000001
v -0.61599999999999999 0.098799999999999999 0.28739999999999999
v -0.61499999999999999 0.095600000000000004 0.29730000000000001
v -0.61050000000000004 0.099900000000000003 0.29210000000000003
v -0.60809999999999997 0.1019 0.2989
v -0.60680000000000001 0.1046 0.2898
v -0.60050000000000003 0.1087 0.29809999999999998
v -0.73250000000000004 0.092299999999999993 0.0814
v -0.73129999999999995 0.084599999999999995 0.075999999999999998
v -0.72809999999999997 0.084400000000000003 0.070099999999999996
v -0.72109999999999996 0.088900000000000007 0.061600000000000002
v -0.72919999999999996 0.077700000000000005 0.066400000000000001
v -0.7399 0.088700000000000001 0.092100000000000001
v -0.73640000000000005 0.10050000000000001 0.13950000000000001
v -0.74119999999999997 0.093200000000000005 0.13869999999999999
v -0.74690000000000001 0.096199999999999994 0.15429999999999999
v -0.74719999999999998 0.081500000000000003 0.1137
v -0.61619999999999997 0.1042 0.27950000000000003
v -0.62619999999999998 0.1052 0.27150000000000002
v -0.62609999999999999 0.099500000000000005 0.2762
v -0.63129999999999997 0.094200000000000006 0.27579999999999999
v -0.64229999999999998 0.095399999999999999 0.26619999999999999
v -0.67369999999999997 0.10299999999999999 0.23980000000000001
v -0.73399999999999999 0.0533 0.066900000000000001
v -0.73570000000000002 0.048800000000000003 0.075999999999999998
v -0.7389 0.050700000000000002 0.083199999999999996
v -0.73140000000000005 0.042599999999999999 0.078899999999999998
v -0.73780000000000001 0.043799999999999999 0.1004
v -0.72999999999999998 0.040800000000000003 0.11119999999999999
v -0.74709999999999999 0.049500000000000002 0.1113
v -0.74970000000000003 0.056399999999999999 0.1128
v -0.75170000000000003 0.062300000000000001 0.1234
v -0.74780000000000002 0.054600000000000003 0.1046
v -0.7429 0.046699999999999998 0.1026
v -0.74099999999999999 0.047100000000000003 0.093899999999999997
v -0.69989999999999997 0.1016 0.0287
v -0.066799999999999998 0.036600000000000001 0.58160000000000001
v -0.072700000000000001 0.041300000000000003 0.58750000000000002
v -0.077600000000000002 0.035700000000000003 0.58260000000000001
v -0.082900000000000001 0.039399999999999998 0.58840000000000003
v -0.087499999999999994 0.032800000000000003 0.58040000000000003
v -0.093200000000000005 0.0356 0.58740000000000003
v -0.098900000000000002 0.030300000000000001 0.5786
v -0.10390000000000001 0.032599999999999997 0.58550000000000002
v -0.1091 0.029000000000000001 0.57589999999999997
v -0.1144 0.031399999999999997 0.58509999999999995
v -0.13500000000000001 0.030599999999999999 0.58840000000000003
v -0.15110000000000001 0.028199999999999999 0.56920000000000004
v -0.1721 0.028899999999999999 0.55869999999999997
v -0.19009999999999999 0.030099999999999998 0.55569999999999997
v -0.19700000000000001 0.030099999999999998 0.56130000000000002
v -0.1918 0.031800000000000002 0.54979999999999996
v -0.2031 0.031199999999999999 0.5554
v -0.20380000000000001 0.033300000000000003 0.54820000000000002
v -0.21260000000000001 0.030800000000000001 0.55649999999999999
v -0.21099999999999999 0.036299999999999999 0.54149999999999998
v -0.21890000000000001 0.033700000000000001 0.54610000000000003
v -0.32700000000000001 0.039600000000000003 0.46229999999999999
v -0.30320000000000003 0.066500000000000004 0.4148
v -0.29809999999999998 0.069500000000000006 0.4118
v -0.30680000000000002 0.067199999999999996 0.40560000000000002
v -0.30070000000000002 0.070300000000000001 0.40550000000000003
v -0.30399999999999999 0.068099999999999994 0.39479999999999998
v -0.16750000000000001 0.070199999999999999 0.3251
v -0.099299999999999999 0.070000000000000007 0.34089999999999998
v 0.026700000000000002 0.073700000000000002 0.41499999999999998
v 0.032300000000000002 0.074200000000000002 0.41999999999999998
v 0.039699999999999999 0.072900000000000006 0.41720000000000002
v 0.035099999999999999 0.071300000000000002 0.42559999999999998
v 0.042900000000000001 0.066900000000000001 0.42699999999999999
v 0.081199999999999994 0.052499999999999998 0.42749999999999999
v 0.11609999999999999 0.0344 0.42499999999999999
v 0.12909999999999999 0.034700000000000002 0.41010000000000002
v 0.1293 0.038899999999999997 0.40150000000000002
v 0.1235 0.048599999999999997 0.39750000000000002
v 0.12959999999999999 0.042200000000000001 0.38990000000000002
v 0.1245 0.048099999999999997 0.38569999999999999
v 0.1241 0.043799999999999999 0.36849999999999999
v 0.1182 0.051999999999999998 0.37130000000000002
v 0.1188 0.044299999999999999 0.36199999999999999
v 0.1084 0.050200000000000002 0.3569
v 0.066799999999999998 0.062899999999999998 0.33629999999999999
v 0.058799999999999998 0.064699999999999994 0.33129999999999998
v 0.058599999999999999 0.068099999999999994 0.3367
v 0.0482 0.068599999999999994 0.33129999999999998
v 0.053600000000000002 0.070300000000000001 0.34100000000000003
v 0.043099999999999999 0.070400000000000004 0.3357
v 0.021499999999999998 0.072099999999999997 0.36749999999999999
v 0.032599999999999997 0.069900000000000004 0.32540000000000002
v 0.043299999999999998 0.066900000000000001 0.32350000000000001
v 0.030099999999999998 0.068900000000000003 0.31840000000000002
v 0.037699999999999997 0.064899999999999999 0.315
v 0.032800000000000003 0.063299999999999995 0.30869999999999997
v 0.050700000000000002 0.044200000000000003 0.30370000000000003
v 0.070800000000000002 0.029700000000000001 0.29949999999999999
v 0.077299999999999994 0.031800000000000002 0.31
v 0.084500000000000006 0.029700000000000001 0.31130000000000002
v 0.089700000000000002 0.026100000000000002 0.30030000000000001
v 0.094899999999999998 0.027199999999999998 0.311
v 0.1009 0.025100000000000001 0.30020000000000002
v 0.1061 0.0253 0.31080000000000002
v 0.1212 0.024199999999999999 0.31069999999999998
v 0.23150000000000001 0.027199999999999998 0.34250000000000003
v 0.2387 0.027699999999999999 0.33139999999999997
v 0.24740000000000001 0.030300000000000001 0.33169999999999999
v 0.28520000000000001 0.056000000000000001 0.35570000000000002
v 0.2954 0.061400000000000003 0.35670000000000002
v 0.3004 0.066400000000000001 0.3619
v 0.27989999999999998 0.056000000000000001 0.36599999999999999
v 0.28000000000000003 0.059299999999999999 0.37709999999999999
v 0.2389 0.0332 0.38850000000000001
v 0.23169999999999999 0.0304 0.3952
v 0.2268 0.029100000000000001 0.40489999999999998
v 0.2276 0.030300000000000001 0.41660000000000003
v 0.22700000000000001 0.032399999999999998 0.43780000000000002
v 0.21149999999999999 0.026599999999999999 0.4466
v 0.20580000000000001 0.025600000000000001 0.45300000000000001
v 0.20849999999999999 0.027400000000000001 0.46239999999999998
v 0.1915 0.025700000000000001 0.47889999999999999
v 0.18920000000000001 0.027699999999999999 0.49059999999999998
v 0.18099999999999999 0.0241 0.48380000000000001
v 0.158 0.024799999999999999 0.50039999999999996
v 0.14810000000000001 0.024400000000000002 0.50560000000000005
v 0.13170000000000001 0.022100000000000002 0.50019999999999998
v 0.12709999999999999 0.022800000000000001 0.50560000000000005
v 0.1166 0.021899999999999999 0.50429999999999997
v 0.079200000000000007 0.021999999999999999 0.4844
v 0.047199999999999999 0.023699999999999999 0.48420000000000002
v 0.0287 0.0252 0.48830000000000001
v 0.016199999999999999 0.0246 0.49509999999999998
v 0.011599999999999999 0.024 0.50390000000000001
v 0.0011000000000000001 0.026599999999999999 0.54400000000000004
v -0.0044000000000000003 0.033700000000000001 0.55979999999999996
v -0.0077000000000000002 0.037999999999999999 0.56589999999999996
v -0.0146 0.036700000000000003 0.56679999999999997
v -0.0086999999999999994 0.046800000000000001 0.56889999999999996
v -0.019900000000000001 0.046800000000000001 0.57299999999999995
v 0.23680000000000001 0.029700000000000001 0.36399999999999999
v 0.23150000000000001 0.027300000000000001 0.35310000000000002
v 0.1948 0.024899999999999999 0.3528
v 0.1318 0.026599999999999999 0.34260000000000002
v 0.1245 0.027099999999999999 0.33860000000000001
v 0.1234 0.031199999999999999 0.34699999999999998
v 0.1166 0.0292 0.33739999999999998
v 0.11890000000000001 0.039699999999999999 0.35610000000000003
v 0.12429999999999999 0.039399999999999998 0.36130000000000001
v 0.12920000000000001 0.0385 0.36840000000000001
v 0.1346 0.036700000000000003 0.38950000000000001
v 0.1396 0.032300000000000002 0.37859999999999999
v 0.1401 0.031800000000000002 0.38900000000000001
v 0.1467 0.0287 0.38419999999999999
v 0.14549999999999999 0.0281 0.39400000000000002
v 0.1429 0.027199999999999998 0.40579999999999999
v 0.1489 0.023800000000000002 0.41599999999999998
v 0.21049999999999999 0.025499999999999998 0.43719999999999998
v 0.21110000000000001 0.025100000000000001 0.42670000000000002
v 0.2157 0.025700000000000001 0.42149999999999999
v 0.21640000000000001 0.0252 0.41089999999999999
v 0.2127 0.025399999999999999 0.40429999999999999
v 0.218 0.026100000000000002 0.39910000000000001
v 0.223 0.027300000000000001 0.39419999999999999
v 0.22950000000000001 0.027099999999999999 0.3649
v 0.18029999999999999 0.022800000000000001 0.43719999999999998
v 0.1842 0.023800000000000002 0.4002
v 0.14219999999999999 0.0269 0.35299999999999998
v 0.14960000000000001 0.027 0.37340000000000001
v 0.1429 0.0286 0.36380000000000001
v 0.13239999999999999 0.032899999999999999 0.36009999999999998
v 0.13159999999999999 0.030599999999999999 0.35349999999999998
v 0.13769999999999999 0.032399999999999998 0.36959999999999998
v 0.1346 0.0298 0.41010000000000002
v 0.12570000000000001 0.030700000000000002 0.42130000000000001
v 0.1376 0.026700000000000002 0.4163
v 0.13700000000000001 0.0247 0.42659999999999998
v 0.14849999999999999 0.0229 0.42649999999999999
v 0.16850000000000001 0.022499999999999999 0.47910000000000003
v 0.2873 0.073300000000000004 0.39789999999999998
v 0.28210000000000002 0.072400000000000006 0.4083
v 0.27639999999999998 0.063100000000000003 0.39739999999999998
v 0.26860000000000001 0.056500000000000002 0.39779999999999999
v 0.26650000000000001 0.056599999999999998 0.40679999999999999
v 0.23000000000000001 0.0356 0.44729999999999998
v 0.23419999999999999 0.042099999999999999 0.46110000000000001
v 0.2344 0.046399999999999997 0.46970000000000001
v 0.23469999999999999 0.050900000000000001 0.47749999999999998
v 0.22939999999999999 0.055199999999999999 0.4884
v 0.23469999999999999 0.060400000000000002 0.4889
v 0.22900000000000001 0.062600000000000003 0.49519999999999997
v 0.2346 0.068000000000000005 0.49580000000000002
v 0.22459999999999999 0.063500000000000001 0.5
v 0.23230000000000001 0.073899999999999993 0.49980000000000002
v 0.22900000000000001 0.092899999999999996 0.50729999999999997
v 0.13300000000000001 0.091800000000000007 0.53539999999999999
v 0.1173 0.0969 0.53700000000000003
v 0.1048 0.089599999999999999 0.53969999999999996
v 0.1009 0.083500000000000005 0.54010000000000002
v 0.090999999999999998 0.085999999999999993 0.54149999999999998
v 0.085099999999999995 0.091200000000000003 0.54249999999999998
v 0.043799999999999999 0.080000000000000002 0.55069999999999997
v 0.041799999999999997 0.046300000000000001 0.55210000000000004
v 0.043499999999999997 0.038699999999999998 0.55000000000000004
v 0.048399999999999999 0.033599999999999998 0.54520000000000002
v 0.040500000000000001 0.034099999999999998 0.54779999999999995
v 0.043099999999999999 0.029600000000000001 0.54079999999999995
v 0.032000000000000001 0.0292 0.5423
v 0.037900000000000003 0.0253 0.53139999999999998
v 0.0123 0.025600000000000001 0.53749999999999998
v 0.0064000000000000003 0.032899999999999999 0.55569999999999997
v 0.0011000000000000001 0.037900000000000003 0.56220000000000003
v -0.0016000000000000001 0.046199999999999998 0.56679999999999997
v -0.0033999999999999998 0.057599999999999998 0.56559999999999999
v 0.2162 0.034099999999999998 0.47510000000000002
v 0.20979999999999999 0.033700000000000001 0.48399999999999999
v 0.2011 0.032399999999999998 0.4904
v 0.19769999999999999 0.033500000000000002 0.49690000000000001
v 0.18970000000000001 0.032199999999999999 0.50109999999999999
v 0.1988 0.037699999999999997 0.50309999999999999
v 0.1888 0.037199999999999997 0.51019999999999999
v 0.20080000000000001 0.046399999999999997 0.50970000000000004
v 0.18940000000000001 0.0458 0.51580000000000004
v 0.18329999999999999 0.054199999999999998 0.52090000000000003
v 0.18990000000000001 0.066699999999999995 0.52080000000000004
v 0.1855 0.087400000000000005 0.52529999999999999
v 0.1739 0.097699999999999995 0.52880000000000005
v 0.16450000000000001 0.092299999999999993 0.53029999999999999
v 0.30009999999999998 0.070199999999999999 0.36969999999999997
v 0.31159999999999999 0.088900000000000007 0.38329999999999997
v 0.054199999999999998 0.063299999999999995 0.3261
v 0.061199999999999997 0.058200000000000002 0.32579999999999998
v 0.0722 0.048399999999999999 0.32440000000000002
v 0.077200000000000005 0.042700000000000002 0.32419999999999999
v 0.067900000000000002 0.0458 0.32000000000000001
v 0.046100000000000002 0.059999999999999998 0.31480000000000002
v 0.085800000000000001 0.032599999999999997 0.31830000000000003
v 0.082799999999999999 0.037900000000000003 0.32350000000000001
v 0.089899999999999994 0.034000000000000002 0.32419999999999999
v 0.085400000000000004 0.042000000000000003 0.32979999999999998
v 0.095600000000000004 0.028799999999999999 0.31900000000000001
v 0.1087 0.0286 0.32819999999999999
v 0.12590000000000001 0.025499999999999998 0.33200000000000002
v 0.0077000000000000002 0.070199999999999999 0.31430000000000002
v -0.0094000000000000004 0.068199999999999997 0.27229999999999999
v -0.0041999999999999997 0.064399999999999999 0.26169999999999999
v -0.013299999999999999 0.067900000000000002 0.26040000000000002
v -0.0097999999999999997 0.065000000000000002 0.25090000000000001
v -0.019900000000000001 0.068099999999999994 0.25119999999999998
v -0.0167 0.066100000000000006 0.23899999999999999
v -0.025100000000000001 0.068400000000000002 0.2354
v -0.1308 0.072300000000000003 0.15140000000000001
v -0.1255 0.073999999999999996 0.1305
v -0.27779999999999999 0.080600000000000005 -0.027
v -0.29880000000000001 0.083699999999999997 -0.063600000000000004
v -0.33029999999999998 0.0843 -0.079399999999999998
v -0.32440000000000002 0.084500000000000006 -0.089899999999999994
v -0.33460000000000001 0.082799999999999999 -0.091499999999999998
v -0.32450000000000001 0.080699999999999994 -0.1019
v -0.3347 0.079299999999999995 -0.0998
v -0.35620000000000002 0.067000000000000004 -0.0974
v -0.36399999999999999 0.053699999999999998 -0.1072
v -0.3695 0.053900000000000003 -0.1022
v -0.38129999999999997 0.043099999999999999 -0.1089
v -0.3866 0.045400000000000003 -0.098500000000000004
v -0.39000000000000001 0.040099999999999997 -0.1082
v -0.39700000000000002 0.040599999999999997 -0.098500000000000004
v -0.40839999999999999 0.035999999999999997 -0.11509999999999999
v -0.46010000000000001 0.035999999999999997 -0.1573
v -0.46010000000000001 0.037600000000000001 -0.16900000000000001
v -0.46829999999999999 0.040300000000000002 -0.1598
v -0.46650000000000003 0.042700000000000002 -0.16900000000000001
v -0.47199999999999998 0.049299999999999997 -0.1643
v -0.46760000000000002 0.050099999999999999 -0.17530000000000001
v -0.4733 0.060900000000000003 -0.1648
v -0.46870000000000001 0.059200000000000003 -0.17710000000000001
v -0.46960000000000002 0.066299999999999998 -0.1706
v -0.46650000000000003 0.066500000000000004 -0.18160000000000001
v -0.46450000000000002 0.077200000000000005 -0.1749
v -0.46189999999999998 0.077700000000000005 -0.18509999999999999
v -0.4577 0.088800000000000004 -0.17910000000000001
v -0.48070000000000002 0.093799999999999994 -0.12609999999999999
v -0.48449999999999999 0.085800000000000001 -0.1168
v -0.48909999999999998 0.0722 -0.11070000000000001
v -0.49280000000000002 0.073800000000000004 -0.10000000000000001
v -0.49459999999999998 0.066900000000000001 -0.098500000000000004
v -0.49590000000000001 0.070300000000000001 -0.090800000000000006
v -0.49590000000000001 0.058599999999999999 -0.093200000000000005
v -0.49569999999999997 0.050999999999999997 -0.088400000000000006
v -0.49840000000000001 0.049299999999999997 -0.080199999999999994
v -0.50160000000000005 0.055599999999999997 -0.074700000000000003
v -0.50409999999999999 0.047399999999999998 -0.069199999999999998
v -0.50449999999999995 0.058900000000000001 -0.067599999999999993
v -0.51019999999999999 0.055599999999999997 -0.061499999999999999
v -0.51019999999999999 0.064299999999999996 -0.0591
v -0.51959999999999995 0.058299999999999998 -0.054699999999999999
v -0.5161 0.070999999999999994 -0.0521
v -0.52339999999999998 0.068000000000000005 -0.050900000000000001
v -0.51770000000000005 0.075700000000000003 -0.0482
v -0.52559999999999996 0.074200000000000002 -0.047199999999999999
v -0.52349999999999997 0.082000000000000003 -0.042799999999999998
v -0.53369999999999995 0.078200000000000006 -0.043299999999999998
v -0.53459999999999996 0.086999999999999994 -0.040899999999999999
v -0.54400000000000004 0.079000000000000001 -0.0419
v -0.56730000000000003 0.080799999999999997 -0.035200000000000002
v -0.57369999999999999 0.083799999999999999 -0.032500000000000001
v -0.59740000000000004 0.086999999999999994 -0.021499999999999998
v -0.60729999999999995 0.069400000000000003 -0.0235
v -0.61580000000000001 0.079799999999999996 -0.016
v -0.61939999999999995 0.070400000000000004 -0.019
v -0.62490000000000001 0.080199999999999994 -0.0129
v -0.62939999999999996 0.070400000000000004 -0.014800000000000001
v -0.63929999999999998 0.067500000000000004 -0.0111
v -0.64200000000000002 0.071199999999999999 -0.0074999999999999997
v -0.64600000000000002 0.0596 -0.0082000000000000007
v -0.65569999999999995 0.061100000000000002 -0.0035000000000000001
v -0.68030000000000002 0.082100000000000006 0.0104
v -0.50319999999999998 0.089899999999999994 -0.045699999999999998
v -0.50970000000000004 0.087900000000000006 -0.045100000000000001
v -0.50519999999999998 0.083599999999999994 -0.050000000000000003
v -0.5121 0.079100000000000004 -0.048599999999999997
v -0.50439999999999996 0.077399999999999997 -0.056899999999999999
v -0.51049999999999995 0.073400000000000007 -0.053800000000000001
v -0.50619999999999998 0.069199999999999998 -0.060699999999999997
v -0.5252 0.091700000000000004 -0.039899999999999998
v -0.55010000000000003 0.098599999999999993 -0.035700000000000003
v -0.57740000000000002 0.10290000000000001 -0.023599999999999999
v -0.61770000000000003 0.091300000000000006 -0.0115
v -0.44359999999999999 0.073300000000000004 -0.21029999999999999
v -0.43149999999999999 0.081600000000000006 -0.2152
v -0.43280000000000002 0.072900000000000006 -0.21759999999999999
v -0.42470000000000002 0.082699999999999996 -0.219
v -0.42420000000000002 0.071800000000000003 -0.22409999999999999
v -0.41870000000000002 0.073200000000000001 -0.22770000000000001
v -0.42080000000000001 0.067100000000000007 -0.2271
v -0.42159999999999997 0.0562 -0.2233
v -0.42520000000000002 0.044200000000000003 -0.214
v -0.4279 0.041000000000000002 -0.2087
v -0.43280000000000002 0.0402 -0.2046
v -0.42480000000000001 0.036400000000000002 -0.19939999999999999
v -0.43469999999999998 0.037600000000000001 -0.19889999999999999
v -0.43990000000000001 0.0373 -0.19400000000000001
v -0.44579999999999997 0.036900000000000002 -0.1835
v -0.43530000000000002 0.035099999999999999 -0.17319999999999999
v -0.39850000000000002 0.035700000000000003 -0.13089999999999999
v -0.3821 0.035200000000000002 -0.1426
v -0.3715 0.039800000000000002 -0.12559999999999999
v -0.3604 0.040899999999999999 -0.13070000000000001
v -0.36049999999999999 0.044400000000000002 -0.1239
v -0.35570000000000002 0.049399999999999999 -0.11890000000000001
v -0.31979999999999997 0.063799999999999996 -0.11990000000000001
v -0.31929999999999997 0.069400000000000003 -0.1159
v -0.30930000000000002 0.073700000000000002 -0.1149
v -0.29880000000000001 0.069099999999999995 -0.12
v -0.29809999999999998 0.075499999999999998 -0.1159
v -0.28239999999999998 0.080799999999999997 -0.111
v -0.27189999999999998 0.080799999999999997 -0.1111
v -0.27710000000000001 0.083599999999999994 -0.068900000000000003
v -0.40379999999999999 0.035700000000000003 -0.12039999999999999
v -0.38200000000000001 0.038800000000000001 -0.12139999999999999
v -0.37119999999999997 0.044600000000000001 -0.1144
v -0.3639 0.047399999999999998 -0.11559999999999999
v -0.32829999999999998 0.071499999999999994 -0.1108
v -0.31929999999999997 0.075300000000000006 -0.1109
v -0.31390000000000001 0.080399999999999999 -0.10630000000000001
v -0.30320000000000003 0.080199999999999994 -0.1103
v -0.30199999999999999 0.084000000000000005 -0.1013
v -0.29289999999999999 0.0809 -0.111
v -0.29160000000000003 0.0843 -0.1016
v -0.30859999999999999 0.084699999999999998 -0.095000000000000001
v -0.31909999999999999 0.0843 -0.095299999999999996
v -0.42849999999999999 0.065600000000000006 -0.22109999999999999
v -0.43759999999999999 0.064699999999999994 -0.2142
v -0.44309999999999999 0.061400000000000003 -0.21010000000000001
v -0.4476 0.065600000000000006 -0.20760000000000001
v -0.44890000000000002 0.0453 -0.20080000000000001
v -0.44330000000000003 0.042500000000000003 -0.2026
v -0.44769999999999999 0.040000000000000001 -0.1978
v -0.44769999999999999 0.038699999999999998 -0.19259999999999999
v -0.45650000000000002 0.039800000000000002 -0.18440000000000001
v -0.45590000000000003 0.037900000000000003 -0.17799999999999999
v -0.46260000000000001 0.0448 -0.1812
v -0.46300000000000002 0.042099999999999999 -0.17560000000000001
v 0.022100000000000002 0.069699999999999998 0.31909999999999999
v 0.0247 0.067500000000000004 0.31040000000000001
v 0.015699999999999999 0.069400000000000003 0.31319999999999998
v 0.019800000000000002 0.066799999999999998 0.30230000000000001
v 0.011599999999999999 0.069199999999999998 0.30399999999999999
v 0.014500000000000001 0.067299999999999999 0.29709999999999998
v 0.0051000000000000004 0.068400000000000002 0.29270000000000002
v 0.0166 0.062100000000000002 0.28810000000000002
v 0.0057999999999999996 0.066000000000000003 0.28260000000000002
v 0.0088999999999999999 0.054899999999999997 0.2661
v 0.0089999999999999993 0.048500000000000001 0.25619999999999998
v 0.0086999999999999994 0.039399999999999998 0.23669999999999999
v 0.017000000000000001 0.0332 0.23799999999999999
v 0.0212 0.0298 0.2321
v 0.0161 0.031099999999999999 0.22170000000000001
v 0.0195 0.0286 0.20960000000000001
v 0.037900000000000003 0.023800000000000002 0.17899999999999999
v 0.042500000000000003 0.024500000000000001 0.1643
v 0.032300000000000002 0.025399999999999999 0.15279999999999999
v 0.022100000000000002 0.028299999999999999 0.15290000000000001
v 0.0264 0.027300000000000001 0.14230000000000001
v 0.017899999999999999 0.031199999999999999 0.13739999999999999
v 0.0089999999999999993 0.037600000000000001 0.13730000000000001
v -0.0070000000000000001 0.056399999999999999 0.13950000000000001
v -0.012699999999999999 0.063299999999999995 0.13880000000000001
v -0.0178 0.066000000000000003 0.14499999999999999
v -0.019099999999999999 0.0688 0.1353
v -0.031 0.071999999999999995 0.1409
v -0.1144 0.076399999999999996 0.067500000000000004
v -0.1249 0.076499999999999999 0.062199999999999998
v -0.13539999999999999 0.075600000000000001 0.067400000000000002
v 0.026700000000000002 0.063700000000000007 0.30299999999999999
v 0.021899999999999999 0.061800000000000001 0.2944
v 0.026599999999999999 0.054100000000000002 0.29049999999999998
v 0.0247 0.037400000000000003 0.2631
v 0.021399999999999999 0.033399999999999999 0.24840000000000001
v 0.028899999999999999 0.032199999999999999 0.25719999999999998
v 0.0247 0.030200000000000001 0.24399999999999999
v 0.041799999999999997 0.022599999999999999 0.1993
v 0.043299999999999998 0.0224 0.18940000000000001
v 0.21809999999999999 0.0356 0.24540000000000001
v 0.22359999999999999 0.031699999999999999 0.25850000000000001
v 0.2266 0.036200000000000003 0.24610000000000001
v 0.2326 0.028500000000000001 0.25819999999999999
v 0.23530000000000001 0.0344 0.247
v 0.24329999999999999 0.0246 0.25800000000000001
v 0.24560000000000001 0.0287 0.246
v 0.2505 0.023800000000000002 0.254
v 0.2505 0.024299999999999999 0.24879999999999999
v 0.25769999999999998 0.0235 0.25259999999999999
v 0.25380000000000003 0.025600000000000001 0.2422
v 0.2616 0.023599999999999999 0.24079999999999999
v 0.25190000000000001 0.031 0.23019999999999999
v 0.26440000000000002 0.023599999999999999 0.2316
v 0.25530000000000003 0.031099999999999999 0.22059999999999999
v 0.26469999999999999 0.024500000000000001 0.22109999999999999
v 0.25679999999999997 0.032899999999999999 0.21060000000000001
v 0.2702 0.024500000000000001 0.20999999999999999
v 0.25800000000000001 0.0332 0.20080000000000001
v 0.2702 0.0252 0.1983
v 0.2656 0.025999999999999999 0.1883
v 0.25790000000000002 0.029600000000000001 0.18390000000000001
v 0.27350000000000002 0.0212 0.1734
v 0.26019999999999999 0.027900000000000001 0.17269999999999999
v 0.25290000000000001 0.031399999999999997 0.16919999999999999
v 0.25169999999999998 0.032199999999999999 0.1764
v 0.24429999999999999 0.0332 0.16869999999999999
v 0.22620000000000001 0.0373 0.23769999999999999
v 0.23669999999999999 0.037199999999999997 0.23749999999999999
v 0.23849999999999999 0.037699999999999997 0.22720000000000001
v 0.24460000000000001 0.035099999999999999 0.23630000000000001
v 0.23760000000000001 0.032199999999999999 0.15770000000000001
v 0.098199999999999996 0.028500000000000001 0.096299999999999997
v 0.1051 0.0304 0.094100000000000003
v 0.1007 0.026200000000000001 0.086400000000000005
v 0.1115 0.027 0.086400000000000005
v 0.114 0.0247 0.080199999999999994
v 0.11070000000000001 0.023400000000000001 0.073499999999999996
v 0.1212 0.023099999999999999 0.068199999999999997
v 0.13170000000000001 0.024 0.078799999999999995
v 0.1429 0.023300000000000001 0.078700000000000006
v 0.1426 0.025899999999999999 0.086599999999999996
v 0.15329999999999999 0.026100000000000002 0.0843
v 0.15670000000000001 0.030700000000000002 0.091999999999999998
v 0.15740000000000001 0.032899999999999999 0.099500000000000005
v 0.14580000000000001 0.031399999999999997 0.1026
v 0.13750000000000001 0.031300000000000001 0.1071
v 0.1212 0.024 0.078799999999999995
v 0.115 0.029999999999999999 0.094100000000000003
v 0.12920000000000001 0.030599999999999999 0.1019
v 0.12570000000000001 0.031099999999999999 0.1072
v 0.1176 0.031199999999999999 0.1038
v 0.10970000000000001 0.031699999999999999 0.099400000000000002
v 0.16259999999999999 0.030300000000000001 0.087999999999999995
v 0.1593 0.025000000000000001 0.079500000000000001
v 0.14760000000000001 0.022599999999999999 0.073499999999999996
v 0.15440000000000001 0.022800000000000001 0.067100000000000007
v 0.14680000000000001 0.022499999999999999 0.061600000000000002
v 0.1744 0.023699999999999999 0.073499999999999996
v 0.1691 0.025999999999999999 0.079100000000000004
v 0.061899999999999997 0.024400000000000002 0.14680000000000001
v 0.067199999999999996 0.026100000000000002 0.13819999999999999
v 0.069599999999999995 0.0287 0.12609999999999999
v 0.064600000000000005 0.0276 0.1192
v 0.053100000000000001 0.024199999999999999 0.1157
v 0.057599999999999998 0.023900000000000001 0.1038
v 0.079200000000000007 0.024500000000000001 0.10100000000000001
v 0.084599999999999995 0.0286 0.11409999999999999
v 0.095699999999999993 0.029499999999999998 0.107
v 0.085900000000000004 0.029600000000000001 0.1229
v 0.0746 0.028799999999999999 0.11849999999999999
v 0.047100000000000003 0.024 0.24129999999999999
v 0.037999999999999999 0.027799999999999998 0.25829999999999997
v 0.068699999999999997 0.021600000000000001 0.2419
v 0.069099999999999995 0.022200000000000001 0.25119999999999998
v 0.053499999999999999 0.0276 0.27410000000000001
v 0.064100000000000004 0.026599999999999999 0.27950000000000003
v 0.052900000000000003 0.031 0.28499999999999998
v 0.063399999999999998 0.0287 0.29010000000000002
v 0.055 0.034000000000000002 0.2944
v 0.098199999999999996 0.024899999999999999 0.28889999999999999
v 0.11269999999999999 0.023699999999999999 0.28360000000000002
v 0.115 0.025999999999999999 0.27279999999999999
v 0.12189999999999999 0.0241 0.28960000000000002
v 0.19819999999999999 0.023599999999999999 0.2883
v 0.24790000000000001 0.027900000000000001 0.31640000000000001
v 0.25750000000000001 0.027900000000000001 0.30669999999999997
v 0.26879999999999998 0.036400000000000002 0.31690000000000002
v 0.29289999999999999 0.044900000000000002 0.31119999999999998
v 0.30099999999999999 0.0453 0.307
v 0.32490000000000002 0.067199999999999996 0.3392
v 0.34010000000000001 0.077799999999999994 0.34339999999999998
v 0.3478 0.077700000000000005 0.33839999999999998
v 0.38700000000000001 0.093299999999999994 0.34449999999999997
v 0.3785 0.1024 0.35220000000000001
v 0.3896 0.098799999999999999 0.34970000000000001
v 0.39939999999999998 0.1024 0.35249999999999998
v 0.50600000000000001 0.095399999999999999 0.20610000000000001
v 0.44169999999999998 0.064799999999999996 0.18240000000000001
v 0.36799999999999999 0.032500000000000001 0.1638
v 0.34699999999999998 0.0275 0.17399999999999999
v 0.34339999999999998 0.0286 0.19450000000000001
v 0.35239999999999999 0.032800000000000003 0.20599999999999999
v 0.3488 0.048000000000000001 0.28060000000000002
v 0.34739999999999999 0.068699999999999997 0.32650000000000001
v 0.26819999999999999 0.024299999999999999 0.25269999999999998
v 0.26979999999999998 0.0298 0.2954
v 0.26819999999999999 0.0275 0.28460000000000002
v 0.25779999999999997 0.0258 0.28439999999999999
v 0.2374 0.023599999999999999 0.27900000000000003
v 0.2321 0.023199999999999998 0.27110000000000001
v 0.22489999999999999 0.025899999999999999 0.26769999999999999
v 0.22950000000000001 0.026100000000000002 0.26369999999999999
v 0.23999999999999999 0.023599999999999999 0.26450000000000001
v 0.23469999999999999 0.023599999999999999 0.26450000000000001
v 0.29430000000000001 0.022200000000000001 0.19989999999999999
v 0.28989999999999999 0.022599999999999999 0.2051
v 0.33119999999999999 0.028000000000000001 0.2109
v 0.31669999999999998 0.032099999999999997 0.25340000000000001
v 0.36799999999999999 0.031899999999999998 0.17430000000000001
v 0.37430000000000002 0.037900000000000003 0.19689999999999999
v 0.43149999999999999 0.073400000000000007 0.27650000000000002
v 0.38519999999999999 0.039699999999999999 0.1905
v 0.48959999999999998 0.088599999999999998 0.22140000000000001
v 0.2361 0.11260000000000001 -0.072300000000000003
v 0.50960000000000005 0.10000000000000001 0.1275
v 0.46760000000000002 0.087499999999999994 0.089399999999999993
v 0.43640000000000001 0.071300000000000002 0.088200000000000001
v 0.40460000000000002 0.058999999999999997 0.087400000000000005
v 0.49059999999999998 0.086499999999999994 0.18890000000000001
v 0.36809999999999998 0.035900000000000001 0.14319999999999999
v 0.34050000000000002 0.082500000000000004 0.34889999999999999
v 0.30099999999999999 0.053600000000000002 0.32900000000000001
v 0.079200000000000007 0.023800000000000002 0.26850000000000002
v 0.091200000000000003 0.024400000000000002 0.25740000000000002
v 0.0814 0.022499999999999999 0.25619999999999998
v 0.050999999999999997 0.0247 0.25140000000000001
v 0.049099999999999998 0.0263 0.26440000000000002
v 0.046699999999999998 0.022800000000000001 0.1825
v 0.00040000000000000002 0.065100000000000005 0.27179999999999999
v 0.0035999999999999999 0.058400000000000001 0.2626
v -0.0011999999999999999 0.059499999999999997 0.25490000000000002
v 0.0038 0.053900000000000003 0.25629999999999997
v -0.0064999999999999997 0.060400000000000002 0.2445
v -0.067799999999999999 0.070400000000000004 0.22509999999999999
v -0.26069999999999999 0.073400000000000007 0.15679999999999999
v -0.27089999999999997 0.072499999999999995 0.15620000000000001
v -0.2727 0.073499999999999996 0.14630000000000001
v -0.27789999999999998 0.070199999999999999 0.15759999999999999
v -0.2833 0.070000000000000007 0.14940000000000001
v -0.34989999999999999 0.035999999999999997 0.15260000000000001
v -0.36109999999999998 0.030099999999999998 0.15820000000000001
v -0.1605 0.069900000000000004 0.31469999999999998
v -0.0258 0.069599999999999995 0.30930000000000002
v -0.056599999999999998 0.069800000000000001 0.29880000000000001
v -0.1045 0.069500000000000006 0.30930000000000002
v -0.1857 0.076399999999999996 0.47410000000000002
v -0.19570000000000001 0.077299999999999994 0.4667
v -0.19869999999999999 0.073999999999999996 0.47949999999999998
v -0.21479999999999999 0.076499999999999999 0.4627
v -0.22500000000000001 0.076499999999999999 0.46660000000000001
v -0.23130000000000001 0.075800000000000006 0.46879999999999999
v -0.27710000000000001 0.063600000000000004 0.45989999999999998
v -0.2631 0.0722 0.45269999999999999
v -0.26960000000000001 0.072499999999999995 0.44529999999999997
v -0.26790000000000003 0.0746 0.43490000000000001
v -0.27510000000000001 0.073599999999999999 0.42920000000000003
v -0.26729999999999998 0.074200000000000002 0.42559999999999998
v -0.27779999999999999 0.073400000000000007 0.42030000000000001
v -0.21479999999999999 0.070400000000000004 0.34100000000000003
v -0.1938 0.070499999999999993 0.3463
v -0.046100000000000002 0.074700000000000003 0.43909999999999999
v -0.058900000000000001 0.072099999999999997 0.45229999999999998
v -0.054600000000000003 0.0286 0.51270000000000004
v -0.063600000000000004 0.029899999999999999 0.51359999999999995
v -0.067199999999999996 0.0269 0.52149999999999996
v -0.072999999999999995 0.026100000000000002 0.54269999999999996
v -0.0625 0.0276 0.56299999999999994
v -0.073200000000000001 0.027199999999999998 0.56359999999999999
v -0.056599999999999998 0.035799999999999998 0.57750000000000001
v -0.046800000000000001 0.040800000000000003 0.57909999999999995
v -0.040899999999999999 0.047100000000000003 0.58009999999999995
v -0.038300000000000001 0.052499999999999998 0.57899999999999996
v -0.033000000000000002 0.060699999999999997 0.57579999999999998
v -0.035799999999999998 0.0419 0.57720000000000005
v -0.025700000000000001 0.041300000000000003 0.57330000000000003
v -0.0356 0.036299999999999999 0.57220000000000004
v -0.030200000000000001 0.032300000000000002 0.56589999999999996
v -0.039600000000000003 0.027400000000000001 0.55679999999999996
v -0.051999999999999998 0.0258 0.55320000000000003
v -0.073300000000000004 0.031699999999999999 0.51429999999999998
v -0.18859999999999999 0.073700000000000002 0.48110000000000003
v -0.17849999999999999 0.075600000000000001 0.47839999999999999
v -0.16339999999999999 0.031699999999999999 0.54390000000000005
v -0.14030000000000001 0.030700000000000002 0.53979999999999995
v -0.12989999999999999 0.027699999999999999 0.54310000000000003
v -0.1149 0.027300000000000001 0.54290000000000005
v -0.104 0.028000000000000001 0.5373
v -0.088099999999999998 0.032000000000000001 0.51900000000000002
v -0.084599999999999995 0.028799999999999999 0.52370000000000005
v -0.0935 0.029399999999999999 0.52529999999999999
v -0.1045 0.0269 0.54800000000000004
v -0.1045 0.0269 0.55859999999999999
v -0.088099999999999998 0.0287 0.5706
v -0.083500000000000005 0.027300000000000001 0.56359999999999999
v -0.1096 0.027799999999999998 0.56910000000000005
v -0.15029999999999999 0.029999999999999999 0.54500000000000004
v -0.15509999999999999 0.0286 0.55800000000000005
v -0.1459 0.027699999999999999 0.56479999999999997
v -0.13539999999999999 0.0276 0.56259999999999999
v 0.023 0.073099999999999998 0.42559999999999998
v 0.014999999999999999 0.072599999999999998 0.4279
v 0.018200000000000001 0.074200000000000002 0.41899999999999998
v 0.0097000000000000003 0.073999999999999996 0.42099999999999999
v -0.0091999999999999998 0.074200000000000002 0.42649999999999999
v -0.0146 0.074399999999999994 0.43090000000000001
v -0.0106 0.072499999999999995 0.43690000000000001
v -0.020400000000000001 0.070199999999999999 0.44409999999999999
v -0.033099999999999997 0.072999999999999995 0.44219999999999998
v -0.025100000000000001 0.074200000000000002 0.42559999999999998
v 0.0011000000000000001 0.074300000000000005 0.42559999999999998
v 0.0079000000000000008 0.072099999999999997 0.43159999999999998
v -0.002 0.073200000000000001 0.43240000000000001
v 0.0027000000000000001 0.063299999999999995 0.44619999999999999
v -0.037600000000000001 0.029100000000000001 0.50629999999999997
v -0.0258 0.027699999999999999 0.50390000000000001
v -0.020500000000000001 0.024400000000000002 0.51619999999999999
v -0.0011000000000000001 0.0253 0.50349999999999995
v 0.00080000000000000004 0.028299999999999999 0.49349999999999999
v 0.0085000000000000006 0.0264 0.49230000000000002
v 0.014800000000000001 0.028199999999999999 0.4854
v 0.023400000000000001 0.028299999999999999 0.48270000000000002
v 0.033599999999999998 0.031199999999999999 0.4738
v 0.051999999999999998 0.025600000000000001 0.47389999999999999
v 0.063200000000000006 0.025700000000000001 0.47010000000000002
v 0.073999999999999996 0.023300000000000001 0.47389999999999999
v 0.1376 0.021399999999999999 0.48959999999999998
v -0.0146 0.026499999999999999 0.50370000000000004
v -0.0095999999999999992 0.0287 0.498
v -0.0025999999999999999 0.031899999999999998 0.48930000000000001
v -0.0458 0.026700000000000002 0.51500000000000001
v -0.0402 0.024899999999999999 0.53720000000000001
v -0.26429999999999998 0.042599999999999999 0.51759999999999995
v -0.28249999999999997 0.036400000000000002 0.52159999999999995
v -0.35589999999999999 0.0339 0.52229999999999999
v -0.36180000000000001 0.033599999999999998 0.51170000000000004
v -0.36720000000000003 0.0356 0.52090000000000003
v -0.37230000000000002 0.0344 0.51180000000000003
v -0.37709999999999999 0.036799999999999999 0.51829999999999998
v -0.38279999999999997 0.035799999999999998 0.51229999999999998
v -0.38490000000000002 0.040000000000000001 0.52149999999999996
v -0.39319999999999999 0.036900000000000002 0.51170000000000004
v -0.39200000000000002 0.042900000000000001 0.52339999999999998
v -0.40250000000000002 0.042700000000000002 0.52329999999999999
v -0.3952 0.0516 0.52849999999999997
v -0.3952 0.059499999999999997 0.52790000000000004
v -0.4047 0.063700000000000007 0.53290000000000004
v -0.3952 0.067500000000000004 0.5272
v -0.40479999999999999 0.075300000000000006 0.53149999999999997
v -0.3952 0.075499999999999998 0.5262
v -0.40479999999999999 0.085699999999999998 0.52939999999999998
v -0.41620000000000001 0.10390000000000001 0.53249999999999997
v -0.29730000000000001 0.0385 0.502
v -0.30470000000000003 0.036400000000000002 0.50060000000000004
v -0.31290000000000001 0.034799999999999998 0.49769999999999998
v -0.31480000000000002 0.037400000000000003 0.48749999999999999
v -0.33429999999999999 0.033000000000000002 0.47949999999999998
v -0.34599999999999997 0.032099999999999997 0.49580000000000002
v -0.38150000000000001 0.033500000000000002 0.50119999999999998
v -0.39329999999999998 0.034599999999999999 0.50129999999999997
v -0.41889999999999999 0.037499999999999999 0.51180000000000003
v -0.42409999999999998 0.038199999999999998 0.51739999999999997
v -0.42480000000000001 0.035900000000000001 0.50660000000000005
v -0.43459999999999999 0.036700000000000003 0.51600000000000001
v -0.64939999999999998 0.0402 0.46960000000000002
v -0.65980000000000005 0.042200000000000001 0.45960000000000001
v -0.66700000000000004 0.043700000000000003 0.4486
v -0.66990000000000005 0.045900000000000003 0.46000000000000002
v -0.6784 0.054300000000000001 0.4607
v -0.67930000000000001 0.052299999999999999 0.44869999999999999
v -0.68049999999999999 0.060299999999999999 0.45739999999999997
v -0.68169999999999997 0.067599999999999993 0.44090000000000001
v -0.6794 0.075600000000000001 0.4521
v -0.67779999999999996 0.079000000000000001 0.44119999999999998
v -0.66900000000000004 0.076899999999999996 0.3715
v -0.66590000000000005 0.067699999999999996 0.36420000000000002
v -0.65990000000000004 0.065100000000000005 0.35420000000000001
v -0.67900000000000005 0.070900000000000005 0.4657
v -0.67989999999999995 0.062199999999999998 0.46539999999999998
v -0.67810000000000004 0.056399999999999999 0.47060000000000002
v -0.67410000000000003 0.054199999999999998 0.48049999999999998
v -0.67400000000000004 0.050700000000000002 0.47010000000000002
v -0.66100000000000003 0.042999999999999997 0.47039999999999998
v -0.66290000000000004 0.072099999999999997 0.50490000000000002
v -0.66800000000000004 0.067199999999999996 0.49909999999999999
v -0.66820000000000002 0.053800000000000001 0.49569999999999997
v -0.66349999999999998 0.0487 0.49580000000000002
v -0.65769999999999995 0.045499999999999999 0.49819999999999998
v -0.65580000000000005 0.042299999999999997 0.48080000000000001
v -0.67230000000000001 0.073800000000000004 0.48730000000000001
v -0.67559999999999998 0.063399999999999998 0.48259999999999997
v -0.67190000000000005 0.063899999999999998 0.49249999999999999
v -0.67310000000000003 0.055100000000000003 0.48749999999999999
v -0.66869999999999996 0.049599999999999998 0.48530000000000001
v -0.3493 0.032800000000000003 0.50590000000000002
v -0.3296 0.032500000000000001 0.505
v -0.32600000000000001 0.033099999999999997 0.49390000000000001
v -0.32040000000000002 0.0332 0.4985
v -0.31830000000000003 0.032300000000000002 0.51170000000000004
v -0.35060000000000002 0.033599999999999998 0.44700000000000001
v -0.33069999999999999 0.044200000000000003 0.43290000000000001
v -0.33879999999999999 0.040099999999999997 0.42349999999999999
v -0.3327 0.0441 0.42130000000000001
v -0.33629999999999999 0.041399999999999999 0.40610000000000002
v -0.32579999999999998 0.0504 0.40300000000000002
v -0.33260000000000001 0.042099999999999999 0.3957
v -0.3276 0.043299999999999998 0.38479999999999998
v -0.3216 0.047600000000000003 0.37969999999999998
v -0.31659999999999999 0.053900000000000003 0.38069999999999998
v -0.30609999999999998 0.062 0.37190000000000001
v -0.3029 0.061100000000000002 0.36120000000000002
v -0.30080000000000001 0.066100000000000006 0.37080000000000002
v -0.29580000000000001 0.066199999999999995 0.3604
v -0.35649999999999998 0.032500000000000001 0.47470000000000001
v -0.42480000000000001 0.0349 0.43280000000000002
v -0.47199999999999998 0.036700000000000003 0.41189999999999999
v -0.49630000000000002 0.036600000000000001 0.3952
v -0.62229999999999996 0.038399999999999997 0.43809999999999999
v -0.59279999999999999 0.0373 0.46460000000000001
v -0.58230000000000004 0.037600000000000001 0.46460000000000001
v -0.55600000000000005 0.037900000000000003 0.4385
v -0.56130000000000002 0.036799999999999999 0.4698
v -0.50880000000000003 0.036499999999999998 0.4909
v -0.44579999999999997 0.035400000000000001 0.42230000000000001
v -0.52249999999999996 0.036900000000000002 0.45190000000000002
v -0.53569999999999995 0.036999999999999998 0.44219999999999998
v -0.56059999999999999 0.0378 0.44879999999999998
v -0.39119999999999999 0.033700000000000001 0.48999999999999999
v -0.41189999999999999 0.034599999999999999 0.48370000000000002
v -0.42259999999999998 0.034200000000000001 0.48480000000000001
v -0.432 0.035000000000000003 0.48420000000000002
v -0.40379999999999999 0.034500000000000003 0.496
v -0.32200000000000001 0.053600000000000002 0.41220000000000001
v -0.31609999999999999 0.057700000000000001 0.3911
v -0.30819999999999997 0.064600000000000005 0.38919999999999999
v -0.31180000000000002 0.059700000000000003 0.38080000000000003
v -0.30659999999999998 0.064799999999999996 0.38129999999999997
v -0.29880000000000001 0.067799999999999999 0.38290000000000002
v -0.26319999999999999 0.0349 0.5373
v -0.26529999999999998 0.032199999999999999 0.55310000000000004
v -0.25679999999999997 0.032099999999999997 0.55900000000000005
v -0.27250000000000002 0.032000000000000001 0.59589999999999999
v -0.2666 0.032399999999999998 0.60640000000000005
v -0.25480000000000003 0.042500000000000003 0.63200000000000001
v -0.24560000000000001 0.042999999999999997 0.63439999999999996
v -0.25609999999999999 0.046899999999999997 0.6371
v -0.245 0.050999999999999997 0.64139999999999997
v -0.25569999999999998 0.055899999999999998 0.64200000000000002
v -0.25609999999999999 0.062799999999999995 0.64290000000000003
v -0.26529999999999998 0.071499999999999994 0.64129999999999998
v -0.26529999999999998 0.081500000000000003 0.64070000000000005
v -0.26019999999999999 0.091800000000000007 0.64019999999999999
v -0.27060000000000001 0.087099999999999997 0.63770000000000004
v -0.26979999999999998 0.0974 0.63470000000000004
v -0.27779999999999999 0.088700000000000001 0.63360000000000005
v -0.27989999999999998 0.095799999999999996 0.62919999999999998
v -0.28520000000000001 0.0872 0.62849999999999995
v -0.29010000000000002 0.088999999999999996 0.62309999999999999
v -0.2974 0.098100000000000007 0.61580000000000001
v -0.2979 0.10879999999999999 0.61260000000000003
v -0.059200000000000003 0.1021 0.58430000000000004
v 0.079899999999999999 0.0275 -0.1113
v 0.084500000000000006 0.028500000000000001 -0.10000000000000001
v 0.073999999999999996 0.030099999999999998 -0.099400000000000002
v 0.079699999999999993 0.031399999999999997 -0.0935
v 0.082500000000000004 0.034799999999999998 -0.086499999999999994
v 0.080299999999999996 0.040300000000000002 -0.081500000000000003
v 0.0877 0.0402 -0.076499999999999999
v 0.079899999999999999 0.046800000000000001 -0.076700000000000004
v 0.082900000000000001 0.0511 -0.070699999999999999
v 0.082799999999999999 0.055899999999999998 -0.065100000000000005
v 0.082400000000000001 0.063700000000000007 -0.0458
v 0.088200000000000001 0.058400000000000001 -0.035499999999999997
v 0.083400000000000002 0.064000000000000001 -0.035000000000000003
v 0.077899999999999997 0.0683 -0.029399999999999999
v 0.068500000000000005 0.073300000000000004 -0.0276
v 0.054899999999999997 0.074300000000000005 -0.050599999999999999
v 0.058400000000000001 0.071900000000000006 -0.059200000000000003
v 0.070699999999999999 0.067100000000000007 -0.061100000000000002
v 0.077700000000000005 0.065100000000000005 -0.0557
v 0.078200000000000006 0.060699999999999997 -0.064799999999999996
v 0.074800000000000005 0.0683 -0.048800000000000003
v 0.073200000000000001 0.070599999999999996 -0.039100000000000003
v 0.048500000000000001 0.074800000000000005 -0.059200000000000003
v 0.050900000000000001 0.0722 -0.0659
v 0.0562 0.066900000000000001 -0.071099999999999997
v 0.048500000000000001 0.067299999999999999 -0.074999999999999997
v 0.054300000000000001 0.059999999999999998 -0.078899999999999998
v 0.033300000000000003 0.050799999999999998 -0.0911
v 0.0223 0.045900000000000003 -0.097500000000000003
v 0.016899999999999998 0.040899999999999999 -0.1022
v 0.027900000000000001 0.037100000000000001 -0.1031
v 0.058900000000000001 0.040800000000000003 -0.0901
v 0.070800000000000002 0.0441 -0.083199999999999996
v 0.071900000000000006 0.0533 -0.076700000000000004
v 0.077799999999999994 0.0567 -0.070400000000000004
v 0.072800000000000004 0.060999999999999999 -0.069800000000000001
v 0.063600000000000004 0.066000000000000003 -0.069199999999999998
v 0.063399999999999998 0.031399999999999997 -0.10009999999999999
v 0.068699999999999997 0.0281 -0.1104
v 0.058200000000000002 0.029100000000000001 -0.1104
v 0.098000000000000004 0.040399999999999998 -0.020799999999999999
v 0.1075 0.033099999999999997 -0.021299999999999999
v 0.10630000000000001 0.035900000000000001 -0.030800000000000001
v 0.1172 0.0298 -0.031300000000000001
v 0.11700000000000001 0.028899999999999999 -0.0178
v 0.16320000000000001 0.027199999999999998 0.0053
v 0.1009 0.027199999999999998 -0.1053
v 0.090899999999999995 0.030700000000000002 -0.088999999999999996
v 0.099900000000000003 0.031600000000000003 -0.079200000000000007
v 0.091800000000000007 0.034599999999999999 -0.079799999999999996
v 0.092999999999999999 0.039699999999999999 -0.071300000000000002
v 0.1125 0.028899999999999999 -0.075200000000000003
v 0.1026 0.034099999999999998 -0.069500000000000006
v 0.098100000000000007 0.039199999999999999 -0.065799999999999997
v 0.092799999999999994 0.044299999999999999 -0.065100000000000005
v 0.097799999999999998 0.043400000000000001 -0.058200000000000002
v 0.1104 0.031699999999999999 -0.062799999999999995
v 0.10290000000000001 0.038100000000000002 -0.058299999999999998
v 0.070000000000000007 0.085199999999999998 -0.187
v 0.065699999999999995 0.073499999999999996 -0.189
v 0.070499999999999993 0.051400000000000001 -0.1845
v 0.060199999999999997 0.0533 -0.18679999999999999
v 0.045199999999999997 0.0286 -0.1404
v 0.032500000000000001 0.0286 -0.14169999999999999
v 0.0060000000000000001 0.028899999999999999 -0.12839999999999999
v -0.010699999999999999 0.0339 -0.1152
v -0.0086999999999999994 0.041599999999999998 -0.106
v 0.14940000000000001 0.098900000000000002 -0.18190000000000001
v 0.1166 0.088800000000000004 -0.18310000000000001
v 0.1074 0.089700000000000002 -0.1837
v 0.095600000000000004 0.091600000000000001 -0.18429999999999999
v 0.1925 0.094600000000000004 -0.15570000000000001
v 0.15579999999999999 0.069000000000000006 -0.1636
v 0.15090000000000001 0.060699999999999997 -0.16320000000000001
v 0.14230000000000001 0.047199999999999999 -0.1605
v 0.1353 0.047699999999999999 -0.1656
v 0.1323 0.0419 -0.16170000000000001
v 0.122 0.042299999999999997 -0.16650000000000001
v 0.070499999999999993 0.033099999999999997 -0.16370000000000001
v 0.077200000000000005 0.034000000000000002 -0.16669999999999999
v 0.084500000000000006 0.033000000000000002 -0.1613
v 0.080399999999999999 0.037900000000000003 -0.1714
v 0.090800000000000006 0.035700000000000003 -0.16589999999999999
v 0.1009 0.042099999999999999 -0.1729
v 0.091600000000000001 0.052699999999999997 -0.18210000000000001
v 0.1009 0.052699999999999997 -0.18060000000000001
v 0.1114 0.054199999999999998 -0.17879999999999999
v 0.12139999999999999 0.058099999999999999 -0.17699999999999999
v 0.1232 0.067299999999999999 -0.17780000000000001
v 0.13370000000000001 0.061100000000000002 -0.17280000000000001
v 0.13170000000000001 0.073700000000000002 -0.17599999999999999
v 0.14019999999999999 0.069400000000000003 -0.17199999999999999
v 0.1489 0.075800000000000006 -0.17019999999999999
v 0.13819999999999999 0.085999999999999993 -0.1779
v 0.1484 0.068900000000000003 -0.1678
v 0.14319999999999999 0.062600000000000003 -0.16880000000000001
v 0.1348 0.053699999999999998 -0.17000000000000001
v 0.12870000000000001 0.0511 -0.17130000000000001
v 0.1192 0.046899999999999997 -0.17230000000000001
v 0.1111 0.042799999999999998 -0.1714
v 0.10100000000000001 0.037199999999999997 -0.16669999999999999
v 0.12139999999999999 0.079399999999999998 -0.1799
v 0.114 0.080799999999999997 -0.18140000000000001
v 0.085800000000000001 0.079699999999999993 -0.18459999999999999
v 0.090399999999999994 0.059999999999999998 -0.1845
v 0.081600000000000006 0.057799999999999997 -0.1852
v 0.079899999999999999 0.048500000000000001 -0.1817
v 0.070499999999999993 0.036299999999999999 -0.1704
v -0.0304 0.049000000000000002 -0.1925
v -0.021299999999999999 0.045999999999999999 -0.19040000000000001
v -0.010699999999999999 0.046899999999999997 -0.19109999999999999
v -0.013299999999999999 0.040899999999999999 -0.18609999999999999
v -0.0041000000000000003 0.043299999999999998 -0.188
v -0.011900000000000001 0.037699999999999997 -0.1802
v 0.00029999999999999997 0.038899999999999997 -0.1827
v -0.0045999999999999999 0.035799999999999998 -0.17530000000000001
v 0.0028 0.0293 -0.14410000000000001
v 0.0224 0.029399999999999999 -0.1469
v 0.037600000000000001 0.0378 -0.17860000000000001
v 0.042799999999999998 0.043200000000000002 -0.18329999999999999
v 0.050000000000000003 0.052400000000000002 -0.18729999999999999
v 0.055199999999999999 0.063200000000000006 -0.19009999999999999
v -0.0080000000000000002 0.0293 -0.14449999999999999
v -0.020500000000000001 0.029600000000000001 -0.14099999999999999
v -0.0258 0.0309 -0.12609999999999999
v -0.029399999999999999 0.029600000000000001 -0.1386
v -0.039300000000000002 0.029999999999999999 -0.14269999999999999
v -0.041500000000000002 0.033500000000000002 -0.12130000000000001
v -0.0146 0.030599999999999999 -0.12479999999999999
v -0.063399999999999998 0.047199999999999999 -0.1905
v -0.051400000000000001 0.047100000000000003 -0.19259999999999999
v -0.0487 0.050299999999999997 -0.1943
v -0.050099999999999999 0.059200000000000003 -0.19719999999999999
v -0.065699999999999995 0.0304 -0.15459999999999999
v -0.070999999999999994 0.036700000000000003 -0.17219999999999999
v -0.085000000000000006 0.040099999999999997 -0.17899999999999999
v -0.089300000000000004 0.047699999999999999 -0.19109999999999999
v -0.0969 0.046899999999999997 -0.192
v -0.093399999999999997 0.054199999999999998 -0.1973
v -0.1048 0.051499999999999997 -0.19700000000000001
v -0.1555 0.1033 -0.214
v -0.1656 0.1081 -0.217
v -0.18720000000000001 0.104 -0.22170000000000001
v -0.13919999999999999 0.091700000000000004 -0.20899999999999999
v -0.14319999999999999 0.083099999999999993 -0.20830000000000001
v -0.1343 0.070400000000000004 -0.2051
v -0.1149 0.065500000000000003 -0.20200000000000001
v -0.1249 0.092299999999999993 -0.2082
v -0.13270000000000001 0.093600000000000003 -0.2079
v -0.1069 0.045400000000000003 -0.19139999999999999
v -0.1137 0.053600000000000002 -0.19900000000000001
v 0.043099999999999999 0.096000000000000002 -0.18970000000000001
v 0.012999999999999999 0.052200000000000003 -0.19220000000000001
v 0.0064000000000000003 0.0436 -0.18759999999999999
v 0.011599999999999999 0.080799999999999997 -0.19700000000000001
v 0.048399999999999999 0.1012 -0.189
v 0.039199999999999999 0.064000000000000001 -0.1925
v 0.027400000000000001 0.060699999999999997 -0.19350000000000001
v 0.033099999999999997 0.0511 -0.18940000000000001
v 0.023400000000000001 0.051799999999999999 -0.191
v 0.0275 0.044600000000000001 -0.18659999999999999
v 0.0172 0.042099999999999999 -0.18540000000000001
v 0.021499999999999998 0.037400000000000003 -0.17929999999999999
v 0.016299999999999999 0.034099999999999998 -0.17000000000000001
v 0.027699999999999999 0.036499999999999998 -0.17810000000000001
v 0.049000000000000002 0.069800000000000001 -0.19159999999999999
v 0.0448 0.058000000000000003 -0.1905
v -0.36120000000000002 0.065000000000000002 -0.2482
v -0.35849999999999999 0.060299999999999999 -0.24940000000000001
v -0.3538 0.058200000000000002 -0.24879999999999999
v -0.35580000000000001 0.053100000000000001 -0.2472
v -0.34960000000000002 0.0499 -0.24590000000000001
v -0.35339999999999999 0.048399999999999999 -0.24410000000000001
v -0.34920000000000001 0.042099999999999999 -0.23710000000000001
v -0.3266 0.037900000000000003 -0.22639999999999999
v -0.32329999999999998 0.036400000000000002 -0.22070000000000001
v -0.31780000000000003 0.0385 -0.2238
v -0.316 0.035799999999999998 -0.2152
v -0.30009999999999998 0.038800000000000001 -0.2215
v -0.29010000000000002 0.037699999999999997 -0.21790000000000001
v -0.28220000000000001 0.038600000000000002 -0.2185
v -0.28070000000000001 0.043799999999999999 -0.22750000000000001
v -0.27150000000000002 0.047399999999999998 -0.22950000000000001
v -0.26040000000000002 0.049500000000000002 -0.22819999999999999
v -0.25380000000000003 0.049399999999999999 -0.22720000000000001
v -0.34470000000000001 0.058799999999999998 -0.2475
v -0.33360000000000001 0.056500000000000002 -0.2432
v -0.32369999999999999 0.058299999999999998 -0.24149999999999999
v -0.29649999999999999 0.056599999999999998 -0.23769999999999999
v -0.28699999999999998 0.057799999999999997 -0.23630000000000001
v -0.29599999999999999 0.047899999999999998 -0.2354
v -0.2873 0.047100000000000003 -0.2341
v -0.2797 0.0482 -0.2316
v -0.27760000000000001 0.057599999999999998 -0.23400000000000001
v -0.26600000000000001 0.0574 -0.23139999999999999
v -0.30020000000000002 0.045499999999999999 -0.2329
v -0.30719999999999997 0.048800000000000003 -0.2366
v -0.30609999999999998 0.043499999999999997 -0.23089999999999999
v -0.315 0.046800000000000001 -0.2364
v -0.31719999999999998 0.041700000000000001 -0.23089999999999999
v -0.32450000000000001 0.043299999999999998 -0.23580000000000001
v -0.33400000000000002 0.041000000000000002 -0.23469999999999999
v -0.30790000000000001 0.040300000000000002 -0.22559999999999999
v -0.3296 0.047399999999999998 -0.24010000000000001
v -0.34000000000000002 0.047699999999999999 -0.24279999999999999
v -0.3453 0.050799999999999998 -0.24629999999999999
v -0.3725 0.062300000000000001 -0.24590000000000001
v -0.38019999999999998 0.064699999999999994 -0.24399999999999999
v -0.38190000000000002 0.0693 -0.2422
v -0.38940000000000002 0.065000000000000002 -0.24279999999999999
v -0.39000000000000001 0.070000000000000007 -0.23960000000000001
v -0.3952 0.064799999999999996 -0.2402
v -0.40250000000000002 0.064899999999999999 -0.2364
v -0.40899999999999997 0.073899999999999993 -0.2316
v -0.41370000000000001 0.054300000000000001 -0.22739999999999999
v -0.41970000000000002 0.050099999999999999 -0.22170000000000001
v -0.41360000000000002 0.082100000000000006 -0.22559999999999999
v -0.40339999999999998 0.0785 -0.23150000000000001
v -0.33950000000000002 0.10050000000000001 -0.2419
v -0.24299999999999999 0.053100000000000001 -0.22720000000000001
v -0.23960000000000001 0.050500000000000003 -0.22450000000000001
v -0.24679999999999999 0.048899999999999999 -0.22570000000000001
v -0.25169999999999998 0.044499999999999998 -0.22220000000000001
v -0.27410000000000001 0.035000000000000003 -0.20749999999999999
v -0.2868 0.035099999999999999 -0.2102
v -0.30209999999999998 0.032199999999999999 -0.1951
v -0.3125 0.033500000000000002 -0.20530000000000001
v -0.31919999999999998 0.033099999999999997 -0.17960000000000001
v -0.33879999999999999 0.036799999999999999 -0.14710000000000001
v -0.35060000000000002 0.035499999999999997 -0.1487
v -0.3599 0.036499999999999998 -0.14199999999999999
v -0.3755 0.034500000000000003 -0.1913
v -0.36699999999999999 0.0344 -0.1986
v -0.37169999999999997 0.035700000000000003 -0.22059999999999999
v -0.39129999999999998 0.035499999999999997 -0.21659999999999999
v -0.38379999999999997 0.039800000000000002 -0.2268
v -0.38900000000000001 0.041099999999999998 -0.2271
v -0.39589999999999997 0.053199999999999997 -0.2351
v -0.38840000000000002 0.060400000000000002 -0.24210000000000001
v -0.38190000000000002 0.0574 -0.24210000000000001
v -0.35299999999999998 0.035200000000000002 -0.21970000000000001
v -0.36180000000000001 0.0344 -0.21010000000000001
v -0.32290000000000002 0.0339 -0.20830000000000001
v -0.32840000000000003 0.034000000000000002 -0.21240000000000001
v -0.35759999999999997 0.045400000000000003 -0.23949999999999999
v -0.36570000000000003 0.056800000000000003 -0.2467
v -0.36459999999999998 0.061100000000000002 -0.24840000000000001
v -0.40389999999999998 0.054899999999999997 -0.23250000000000001
v -0.37230000000000002 0.035299999999999998 -0.14649999999999999
v -0.22989999999999999 0.056300000000000003 -0.22320000000000001
v -0.2077 0.051799999999999999 -0.21679999999999999
v -0.20349999999999999 0.047199999999999999 -0.2107
v -0.19539999999999999 0.045499999999999999 -0.20610000000000001
v -0.21429999999999999 0.034000000000000002 -0.18720000000000001
v -0.2107 0.032000000000000001 -0.1797
v -0.21740000000000001 0.0315 -0.17860000000000001
v -0.22459999999999999 0.031 -0.17349999999999999
v -0.2351 0.031300000000000001 -0.1595
v -0.24540000000000001 0.031699999999999999 -0.16320000000000001
v -0.25609999999999999 0.0332 -0.15620000000000001
v -0.2555 0.036700000000000003 -0.14630000000000001
v -0.26629999999999998 0.035700000000000003 -0.1487
v -0.25679999999999997 0.044400000000000002 -0.13789999999999999
v -0.2712 0.058500000000000003 -0.12790000000000001
v -0.27650000000000002 0.068900000000000003 -0.122
v -0.28239999999999998 0.044400000000000002 -0.1386
v -0.27710000000000001 0.035400000000000001 -0.14990000000000001
v -0.27710000000000001 0.033399999999999999 -0.15620000000000001
v -0.28110000000000002 0.032099999999999997 -0.18990000000000001
v -0.25580000000000003 0.032199999999999999 -0.1646
v -0.23899999999999999 0.031399999999999997 -0.18679999999999999
v -0.22869999999999999 0.031699999999999999 -0.1867
v -0.2253 0.0349 -0.1951
v -0.2331 0.046600000000000003 -0.21779999999999999
v -0.2414 0.032500000000000001 -0.19409999999999999
v -0.2223 0.032800000000000003 -0.1875
v -0.22270000000000001 0.046699999999999998 -0.2142
v -0.2263 0.050700000000000002 -0.21909999999999999
v -0.21629999999999999 0.050099999999999999 -0.2167
v -0.1852 0.052299999999999999 -0.21249999999999999
v -0.17999999999999999 0.050099999999999999 -0.2089
v -0.18840000000000001 0.046699999999999998 -0.20669999999999999
v -0.1817 0.036600000000000001 -0.18679999999999999
v -0.18609999999999999 0.032399999999999998 -0.1782
v -0.19539999999999999 0.032199999999999999 -0.1782
v -0.18790000000000001 0.030800000000000001 -0.16300000000000001
v -0.20330000000000001 0.0309 -0.17369999999999999
v -0.19339999999999999 0.031099999999999999 -0.15759999999999999
v -0.21410000000000001 0.032399999999999998 -0.151
v -0.22459999999999999 0.031399999999999997 -0.15890000000000001
v -0.22459999999999999 0.0332 -0.15090000000000001
v -0.24560000000000001 0.042900000000000001 -0.13800000000000001
v -0.088099999999999998 0.059700000000000003 -0.1983
v -0.077600000000000002 0.059700000000000003 -0.19769999999999999
v -0.081000000000000003 0.050900000000000001 -0.193
v -0.070699999999999999 0.050299999999999997 -0.19259999999999999
v -0.077399999999999997 0.046300000000000001 -0.18779999999999999
v -0.069599999999999995 0.042599999999999999 -0.18290000000000001
v -0.074700000000000003 0.039800000000000002 -0.17780000000000001
v -0.072400000000000006 0.083900000000000002 -0.2036
v -0.39700000000000002 0.0356 -0.20999999999999999
v -0.40160000000000001 0.037499999999999999 -0.2185
v -0.39419999999999999 0.038300000000000001 -0.223
v -0.41620000000000001 0.0373 -0.21379999999999999
v -0.42149999999999999 0.037699999999999997 -0.20849999999999999
v -0.41820000000000002 0.041000000000000002 -0.21679999999999999
v -0.15110000000000001 0.060600000000000001 -0.20680000000000001
v -0.1404 0.063 -0.2049
v -0.44940000000000002 0.072700000000000001 -0.20580000000000001
v -0.45750000000000002 0.065100000000000005 -0.19839999999999999
v -0.4597 0.053499999999999999 -0.19220000000000001
v -0.45400000000000001 0.0482 -0.1968
v -0.46060000000000001 0.047399999999999998 -0.18729999999999999
v -0.45329999999999998 0.043299999999999998 -0.19359999999999999
v -0.46560000000000001 0.056599999999999998 -0.1832
v -0.45619999999999999 0.079100000000000004 -0.19570000000000001
v -0.46310000000000001 0.070900000000000005 -0.1888
v -0.44790000000000002 0.087999999999999995 -0.1991
v -0.13009999999999999 0.060199999999999997 -0.20269999999999999
v -0.13100000000000001 0.050099999999999999 -0.1986
v -0.1222 0.059299999999999999 -0.2016
v -0.12280000000000001 0.049299999999999997 -0.19700000000000001
v -0.1172 0.041399999999999999 -0.188
v -0.1239 0.036400000000000002 -0.183
v -0.12640000000000001 0.042999999999999997 -0.19139999999999999
v -0.022499999999999999 0.106 -0.19869999999999999
v -0.29199999999999998 0.0327 -0.20180000000000001
v -0.2883 0.031899999999999998 -0.1787
v -0.29670000000000002 0.032399999999999998 -0.1734
v -0.30599999999999999 0.032199999999999999 -0.1774
v -0.30859999999999999 0.032599999999999997 -0.1678
v -0.30930000000000002 0.032800000000000003 -0.18390000000000001
v -0.28689999999999999 0.031899999999999998 -0.16769999999999999
v -0.29880000000000001 0.033000000000000002 -0.1628
v -0.3034 0.034099999999999998 -0.15740000000000001
v -0.32440000000000002 0.053699999999999998 -0.1275
v -0.3342 0.050000000000000003 -0.1285
v -0.33429999999999999 0.0453 -0.13420000000000001
v -0.32829999999999998 0.037199999999999997 -0.1472
v -0.32440000000000002 0.0332 -0.1628
v -0.2883 0.033700000000000001 -0.1575
v -0.29820000000000002 0.0356 -0.152
v -0.28720000000000001 0.035900000000000001 -0.15060000000000001
v -0.29289999999999999 0.039899999999999998 -0.14419999999999999
v -0.3034 0.050099999999999999 -0.13350000000000001
v -0.29289999999999999 0.044699999999999997 -0.13880000000000001
v -0.039600000000000003 0.046199999999999998 -0.1913
v -0.46000000000000002 0.089300000000000004 -0.17069999999999999
v -0.46820000000000001 0.077200000000000005 -0.16439999999999999
v -0.4733 0.068599999999999994 -0.16159999999999999
v -0.47389999999999999 0.076700000000000004 -0.15759999999999999
v -0.47949999999999998 0.065299999999999997 -0.15379999999999999
v -0.48010000000000003 0.074700000000000003 -0.1489
v -0.48280000000000001 0.066400000000000001 -0.1457
v -0.48309999999999997 0.075200000000000003 -0.14080000000000001
v -0.48530000000000001 0.062799999999999995 -0.13739999999999999
v -0.4874 0.067699999999999996 -0.12820000000000001
v -0.48770000000000002 0.059799999999999999 -0.12659999999999999
v -0.48949999999999999 0.057099999999999998 -0.11609999999999999
v -0.48949999999999999 0.042200000000000001 -0.0964
v -0.49330000000000002 0.043400000000000001 -0.085400000000000004
v -0.48759999999999998 0.038399999999999997 -0.088499999999999995
v -0.49070000000000003 0.039399999999999998 -0.082900000000000001
v -0.48970000000000002 0.036799999999999999 -0.076899999999999996
v -0.49619999999999997 0.0419 -0.076799999999999993
v -0.50260000000000005 0.042599999999999999 -0.068699999999999997
v -0.495 0.037600000000000001 -0.071499999999999994
v -0.50019999999999998 0.037900000000000003 -0.066199999999999995
v -0.49759999999999999 0.036200000000000003 -0.057099999999999998
v -0.4924 0.034700000000000002 -0.046699999999999998
v -0.48299999999999998 0.0339 -0.0047999999999999996
v -0.50770000000000004 0.045699999999999998 -0.063600000000000004
v -0.51190000000000002 0.0465 -0.0591
v -0.51590000000000003 0.051200000000000002 -0.056899999999999999
v -0.51570000000000005 0.042299999999999997 -0.052699999999999997
v -0.52439999999999998 0.050099999999999999 -0.051499999999999997
v -0.52159999999999995 0.042299999999999997 -0.049099999999999998
v -0.52790000000000004 0.0419 -0.046300000000000001
v -0.52590000000000003 0.038600000000000002 -0.0441
v -0.53500000000000003 0.037199999999999997 -0.039899999999999998
v -0.52249999999999996 0.035700000000000003 -0.036799999999999999
v -0.53500000000000003 0.035499999999999997 -0.0309
v -0.57640000000000002 0.034599999999999999 -0.0045999999999999999
v -0.58750000000000002 0.035000000000000003 -0.0045999999999999999
v -0.61380000000000001 0.035499999999999997 0.011299999999999999
v -0.62360000000000004 0.036700000000000003 0.0061000000000000004
v -0.61899999999999999 0.036799999999999999 0.00089999999999999998
v -0.625 0.040399999999999998 -0.0055999999999999999
v -0.61939999999999995 0.0419 -0.0095999999999999992
v -0.62749999999999995 0.052900000000000003 -0.0147
v -0.626 0.060699999999999997 -0.0183
v -0.61829999999999996 0.062799999999999995 -0.021600000000000001
v -0.61080000000000001 0.062399999999999997 -0.023
v -0.6018 0.066000000000000003 -0.025600000000000001
v -0.59470000000000001 0.063299999999999995 -0.0287
v -0.5907 0.070800000000000002 -0.029499999999999998
v -0.5867 0.063 -0.033099999999999997
v -0.58160000000000001 0.072099999999999997 -0.033399999999999999
v -0.57679999999999998 0.068199999999999997 -0.037199999999999997
v -0.57640000000000002 0.077299999999999994 -0.033300000000000003
v -0.56579999999999997 0.071199999999999999 -0.0395
v -0.5554 0.073200000000000001 -0.0419
v -0.61309999999999998 0.045100000000000001 -0.0149
v -0.60519999999999996 0.048000000000000001 -0.019900000000000001
v -0.60609999999999997 0.040599999999999997 -0.014200000000000001
v -0.59340000000000004 0.043700000000000003 -0.020799999999999999
v -0.59999999999999998 0.036600000000000001 -0.013599999999999999
v -0.59209999999999996 0.036200000000000003 -0.0137
v -0.63290000000000002 0.062700000000000006 -0.0155
v -0.63780000000000003 0.048599999999999997 -0.0080000000000000002
v -0.65010000000000001 0.0516 -0.0045999999999999999
v -0.64059999999999995 0.042099999999999999 -0.0025999999999999999
v -0.64470000000000005 0.039699999999999999 0.00089999999999999998
v -0.65890000000000004 0.053499999999999999 -0.0011000000000000001
v -0.66449999999999998 0.0608 0
v -0.66659999999999997 0.050500000000000003 0.0037000000000000002
v -0.67020000000000002 0.059499999999999997 0.0025999999999999999
v -0.67459999999999998 0.050900000000000001 0.0079000000000000008
v -0.6764 0.062799999999999995 0.0053
v -0.61170000000000002 0.038399999999999997 -0.0083000000000000001
v -0.60519999999999996 0.036299999999999999 -0.0083999999999999995
v -0.63380000000000003 0.041200000000000001 -0.0033
v -0.52639999999999998 0.059499999999999997 -0.0521
v -0.53259999999999996 0.053900000000000003 -0.049799999999999997
v -0.53410000000000002 0.065000000000000002 -0.049000000000000002
v -0.54200000000000004 0.054100000000000002 -0.048099999999999997
v -0.5494 0.0591 -0.047699999999999999
v -0.55640000000000001 0.0504 -0.042099999999999999
v -0.56120000000000003 0.058200000000000002 -0.042900000000000001
v -0.5696 0.062199999999999998 -0.039699999999999999
v -0.57830000000000004 0.062100000000000002 -0.036600000000000001
v -0.47649999999999998 0.0579 -0.15959999999999999
v -0.48070000000000002 0.056800000000000003 -0.15049999999999999
v -0.48570000000000002 0.052900000000000003 -0.12970000000000001
v -0.48530000000000001 0.0465 -0.1212
v -0.48949999999999999 0.050099999999999999 -0.1114
v -0.48409999999999997 0.037600000000000001 -0.1084
v -0.4753 0.035900000000000001 -0.10589999999999999
v -0.48099999999999998 0.036400000000000002 -0.1033
v -0.4773 0.035499999999999997 -0.094100000000000003
v -0.48530000000000001 0.037900000000000003 -0.098400000000000001
v -0.4844 0.036299999999999999 -0.092700000000000005
v -0.45950000000000002 0.035200000000000002 -0.084900000000000003
v -0.41820000000000002 0.037100000000000001 -0.088800000000000004
v -0.47199999999999998 0.035799999999999998 -0.11509999999999999
v -0.45950000000000002 0.0356 -0.14779999999999999
v -0.47470000000000001 0.047300000000000002 -0.15659999999999999
v -0.4763 0.045100000000000001 -0.14990000000000001
v -0.48080000000000001 0.050000000000000003 -0.14480000000000001
v -0.47839999999999999 0.044200000000000003 -0.1439
v -0.48299999999999998 0.048500000000000001 -0.13500000000000001
v -0.47460000000000002 0.038199999999999998 -0.13730000000000001
v -0.48230000000000001 0.044400000000000002 -0.13009999999999999
v -0.47970000000000002 0.039899999999999998 -0.1265
v -0.46999999999999997 0.035799999999999998 -0.1263
v -0.48959999999999998 0.045499999999999999 -0.1053
v -0.4874 0.040500000000000001 -0.10340000000000001
v -0.46760000000000002 0.0843 -0.16120000000000001
v -0.46329999999999999 0.089399999999999993 -0.1618
v -0.4622 0.094799999999999995 -0.16039999999999999
v -0.47499999999999998 0.086300000000000002 -0.1532
v -0.48020000000000002 0.085000000000000006 -0.14269999999999999
v -0.48599999999999999 0.076300000000000007 -0.1288
v -0.13930000000000001 0.031199999999999999 -0.1527
v -0.13519999999999999 0.034599999999999999 -0.13489999999999999
v -0.15670000000000001 0.039600000000000003 -0.12939999999999999
v -0.16689999999999999 0.042900000000000001 -0.12809999999999999
v -0.17469999999999999 0.043799999999999999 -0.1283
v -0.1885 0.058599999999999999 -0.1208
v -0.20100000000000001 0.048800000000000003 -0.12790000000000001
v -0.2082 0.053800000000000001 -0.12620000000000001
v -0.20300000000000001 0.043900000000000002 -0.13239999999999999
v -0.21149999999999999 0.044299999999999999 -0.1336
v -0.20760000000000001 0.035099999999999999 -0.1431
v -0.21410000000000001 0.039100000000000003 -0.13880000000000001
v -0.1938 0.032899999999999999 -0.14699999999999999
v -0.1774 0.034799999999999998 -0.13980000000000001
v -0.16750000000000001 0.037199999999999997 -0.1353
v -0.16159999999999999 0.032599999999999997 -0.1457
v -0.1933 0.039899999999999998 -0.1346
v -0.1721 0.031199999999999999 -0.1527
v -0.17080000000000001 0.030700000000000002 -0.1636
v -0.14549999999999999 0.031399999999999997 -0.17230000000000001
v -0.1545 0.032000000000000001 -0.17299999999999999
v -0.16800000000000001 0.031699999999999999 -0.17219999999999999
v -0.17510000000000001 0.033300000000000003 -0.17810000000000001
v -0.17319999999999999 0.050099999999999999 -0.20660000000000001
v -0.18060000000000001 0.031 -0.17000000000000001
v -0.10879999999999999 0.030599999999999999 -0.15870000000000001
v -0.088099999999999998 0.032099999999999997 -0.13519999999999999
v -0.090700000000000003 0.0304 -0.15640000000000001
v 0.1376 0.037600000000000001 -0.15190000000000001
v 0.13539999999999999 0.0327 -0.14230000000000001
v -0.4945 0.090899999999999995 -0.064299999999999996
v -0.496 0.0843 -0.074300000000000005
v -0.49780000000000002 0.085300000000000001 -0.064799999999999996
v -0.50019999999999998 0.074200000000000002 -0.0688
v -0.49630000000000002 0.078600000000000003 -0.0809
v -0.49880000000000002 0.0688 -0.080199999999999994
v -0.50160000000000005 0.066299999999999998 -0.074300000000000005
v -0.49930000000000002 0.086199999999999999 -0.055500000000000001
v -0.49740000000000001 0.092799999999999994 -0.047800000000000002
v -0.50019999999999998 0.095299999999999996 -0.043099999999999999
v -0.49630000000000002 0.097699999999999995 -0.043900000000000002
v -0.1203 0.031800000000000002 -0.14180000000000001
v -0.094 0.036200000000000003 -0.12479999999999999
v -0.10390000000000001 0.038300000000000001 -0.1234
v -0.10920000000000001 0.046199999999999998 -0.1166
v -0.098000000000000004 0.052400000000000002 -0.11070000000000001
v -0.1091 0.067699999999999996 -0.1038
v -0.099599999999999994 0.074999999999999997 -0.096100000000000005
v -0.1091 0.073400000000000007 -0.0998
v -0.11990000000000001 0.079600000000000004 -0.091700000000000004
v -0.1091 0.081500000000000003 -0.083599999999999994
v -0.1203 0.082100000000000006 -0.079200000000000007
v -0.10390000000000001 0.077499999999999999 0.044900000000000002
v -0.1308 0.081799999999999998 -0.0848
v -0.1196 0.0746 -0.10059999999999999
v -0.13109999999999999 0.075200000000000003 -0.1013
v -0.1206 0.067400000000000002 -0.106
v -0.12989999999999999 0.061499999999999999 -0.1106
v -0.1183 0.057299999999999997 -0.111
v -0.1196 0.047300000000000002 -0.1174
v -0.1242 0.042999999999999997 -0.1217
v -0.1147 0.038699999999999998 -0.12379999999999999
v -0.1236 0.034200000000000001 -0.1333
v -0.157 0.079500000000000001 0.0097999999999999997
v -0.23580000000000001 0.081900000000000001 -0.053199999999999997
v -0.082900000000000001 0.034500000000000003 -0.126
v -0.082699999999999996 0.039100000000000003 -0.1192
v -0.072400000000000006 0.037900000000000003 -0.11840000000000001
v -0.082199999999999995 0.047199999999999999 -0.1123
v -0.071900000000000006 0.047100000000000003 -0.1104
v -0.031 0.071800000000000003 -0.088400000000000006
v -0.0146 0.073899999999999993 -0.085300000000000001
v -0.0041000000000000003 0.072800000000000004 -0.084599999999999995
v 0.0063 0.072099999999999997 -0.084000000000000005
v 0.011599999999999999 0.074399999999999994 -0.079500000000000001
v 0.016400000000000001 0.078100000000000003 -0.0693
v 0.0025000000000000001 0.065699999999999995 -0.091200000000000003
v 0.0089999999999999993 0.066500000000000004 -0.089300000000000004
v 0.014200000000000001 0.068500000000000005 -0.085599999999999996
v -0.061899999999999997 0.042500000000000003 -0.11269999999999999
v -0.1459 0.048099999999999997 -0.1211
v -0.14319999999999999 0.0533 -0.1171
v -0.1414 0.062899999999999998 -0.112
v -0.14000000000000001 0.072400000000000006 -0.1056
v -0.14849999999999999 0.074099999999999999 -0.1052
v -0.1452 0.080000000000000002 -0.095299999999999996
v -0.15690000000000001 0.080699999999999994 -0.095500000000000002
v -0.17630000000000001 0.082900000000000001 -0.080000000000000002
v -0.17799999999999999 0.082299999999999998 -0.069000000000000006
v -0.15659999999999999 0.074399999999999994 -0.10539999999999999
v -0.16689999999999999 0.075700000000000003 -0.1062
v -0.16689999999999999 0.079500000000000001 -0.1003
v -0.1767 0.079399999999999998 -0.1013
v -0.1971 0.082600000000000007 -0.080299999999999996
v -0.23050000000000001 0.049000000000000002 -0.13220000000000001
v -0.21940000000000001 0.044600000000000001 -0.1338
v 0.1583 0.0349 -0.12570000000000001
v -0.23580000000000001 0.059200000000000003 -0.1265
v -0.21410000000000001 0.064000000000000001 -0.1207
v -0.20419999999999999 0.068500000000000005 -0.1167
v -0.14130000000000001 0.081799999999999998 -0.0848
v -0.157 0.082299999999999998 -0.069000000000000006
v -0.21510000000000001 0.076200000000000004 -0.1118
v -0.2036 0.075600000000000001 -0.1111
v -0.19320000000000001 0.0746 -0.1104
v -0.1978 0.080699999999999994 -0.1008
v -0.18720000000000001 0.080299999999999996 -0.10059999999999999
v -0.21479999999999999 0.082100000000000006 -0.095399999999999999
v -0.21940000000000001 0.082600000000000007 -0.089999999999999997
v -0.22459999999999999 0.082100000000000006 -0.10059999999999999
v -0.22989999999999999 0.082400000000000001 -0.095299999999999996
v -0.22989999999999999 0.080100000000000005 -0.1084
v -0.23910000000000001 0.080500000000000002 -0.10639999999999999
v -0.25609999999999999 0.076200000000000004 -0.11650000000000001
v -0.26140000000000002 0.080500000000000002 -0.11070000000000001
v -0.25069999999999998 0.081100000000000005 -0.1074
v -0.24690000000000001 0.083199999999999996 -0.085300000000000001
v -0.23050000000000001 0.082400000000000001 -0.074300000000000005
v -0.22459999999999999 0.074800000000000005 -0.11550000000000001
v -0.21940000000000001 0.080199999999999994 -0.10639999999999999
v -0.2089 0.079899999999999999 -0.1055
v -0.182 0.072800000000000004 -0.11070000000000001
v -0.1734 0.072400000000000006 -0.10979999999999999
v -0.090700000000000003 0.048099999999999997 -0.1125
v -0.090999999999999998 0.068500000000000005 -0.1004
v -0.088099999999999998 0.073999999999999996 -0.095299999999999996
v -0.088099999999999998 0.078399999999999997 -0.089399999999999993
v -0.083099999999999993 0.080000000000000002 -0.085000000000000006
v -0.082900000000000001 0.082400000000000001 -0.074999999999999997
v -0.072400000000000006 0.081299999999999997 -0.078299999999999995
v -0.073700000000000002 0.082000000000000003 -0.069400000000000003
v -0.061499999999999999 0.081799999999999998 -0.074300000000000005
v -0.0625 0.082299999999999998 -0.063700000000000007
v -0.051400000000000001 0.082199999999999995 -0.063700000000000007
v 0.010999999999999999 0.081000000000000003 -0.016400000000000001
v 0.042500000000000003 0.078899999999999998 -0.0061000000000000004
v 0.042500000000000003 0.077499999999999999 0.0044000000000000003
v 0.054199999999999998 0.073899999999999993 0.0041999999999999997
v 0.050999999999999997 0.073300000000000004 0.0106
v 0.0562 0.069599999999999995 0.0103
v 0.048300000000000003 0.070099999999999996 0.019900000000000001
v 0.050799999999999998 0.039399999999999998 0.053100000000000001
v 0.058900000000000001 0.029999999999999999 0.058200000000000002
v 0.0567 0.0286 0.067299999999999999
v 0.073999999999999996 0.024 0.089300000000000004
v 0.037900000000000003 0.029600000000000001 -0.1143
v 0.047699999999999999 0.030099999999999998 -0.1104
v 0.033000000000000002 0.032300000000000002 -0.1087
v 0.043099999999999999 0.032800000000000003 -0.1051
v 0.054100000000000002 0.031800000000000002 -0.10340000000000001
v 0.035200000000000002 0.0361 -0.1021
v 0.16270000000000001 0.030599999999999999 -0.1013
v 0.1527 0.029499999999999998 -0.089300000000000004
v -0.063200000000000006 0.070400000000000004 -0.095200000000000007
v -0.054100000000000002 0.068099999999999994 -0.095200000000000007
v -0.029700000000000001 0.079200000000000007 -0.079600000000000004
v -0.0212 0.082199999999999995 -0.069800000000000001
v -0.010200000000000001 0.0814 -0.0693
v -0.0041000000000000003 0.082000000000000003 -0.058500000000000003
v 0.032000000000000001 0.081000000000000003 -0.016400000000000001
v -0.031 0.082500000000000004 -0.069000000000000006
v -0.039600000000000003 0.081500000000000003 -0.075999999999999998
v -0.052400000000000002 0.081500000000000003 -0.075700000000000003
v -0.063200000000000006 0.078600000000000003 -0.085099999999999995
v -0.056599999999999998 0.074200000000000002 -0.090499999999999997
v -0.0356 0.082500000000000004 -0.063700000000000007
v -0.040899999999999999 0.081900000000000001 -0.058500000000000003
v -0.046600000000000003 0.082199999999999995 -0.069000000000000006
v -0.0717 0.079200000000000007 -0.084900000000000003
v 0.0023 0.0809 -0.064399999999999999
v 0.0089999999999999993 0.079600000000000004 -0.067900000000000002
v 0.012999999999999999 0.080199999999999994 -0.060499999999999998
v 0.016899999999999998 0.081100000000000005 -0.052999999999999999
v 0.061800000000000001 0.070599999999999996 0.0019
v 0.071800000000000003 0.059499999999999997 0.0020999999999999999
v 0.093100000000000002 0.033399999999999999 0.0041999999999999997
v 0.053400000000000003 0.035999999999999997 -0.097199999999999995
v -0.3695 0.058700000000000002 -0.096600000000000005
v -0.35859999999999997 0.073200000000000001 -0.089599999999999999
v -0.36399999999999999 0.073099999999999998 -0.084599999999999995
v -0.35849999999999999 0.079100000000000004 -0.081100000000000005
v -0.36380000000000001 0.077399999999999997 -0.078799999999999995
v -0.35589999999999999 0.082400000000000001 -0.0688
v -0.36409999999999998 0.081699999999999995 -0.069800000000000001
v -0.36620000000000003 0.082000000000000003 -0.061899999999999997
v -0.37019999999999997 0.081600000000000006 -0.0545
v -0.37230000000000002 0.082299999999999998 -0.042700000000000002
v -0.3775 0.079699999999999993 -0.0521
v -0.39000000000000001 0.074200000000000002 -0.039100000000000003
v -0.39429999999999998 0.062399999999999997 -0.054800000000000001
v -0.41060000000000002 0.047699999999999999 -0.047100000000000003
v -0.41289999999999999 0.043700000000000003 -0.0562
v -0.41849999999999998 0.042200000000000001 -0.045999999999999999
v -0.43459999999999999 0.035299999999999998 -0.072999999999999995
v -0.42809999999999998 0.035799999999999998 -0.078899999999999998
v -0.41949999999999998 0.037699999999999997 -0.078100000000000003
v -0.40760000000000002 0.042000000000000003 -0.077899999999999997
v -0.4073 0.044299999999999999 -0.068900000000000003
v -0.39929999999999999 0.046100000000000002 -0.079000000000000001
v -0.37109999999999999 0.076600000000000001 -0.069400000000000003
v -0.37459999999999999 0.076799999999999993 -0.063399999999999998
v -0.40279999999999999 0.041300000000000003 -0.087599999999999997
v -0.39229999999999998 0.046800000000000001 -0.087099999999999997
v -0.3952 0.042900000000000001 -0.092100000000000001
v -0.42899999999999999 0.040300000000000002 -0.0146
v -0.42670000000000002 0.042500000000000003 -0.0022000000000000001
v -0.41789999999999999 0.050000000000000003 -0.0058999999999999999
v -0.41620000000000001 0.050999999999999997 0.0067000000000000002
v -0.41120000000000001 0.056300000000000003 -0.0051999999999999998
v -0.4093 0.035200000000000002 0.086099999999999996
v -0.40770000000000001 0.033399999999999999 0.093299999999999994
v -0.44550000000000001 0.035700000000000003 0.0149
v -0.45040000000000002 0.034799999999999998 0.0218
v -0.43559999999999999 0.036799999999999999 0.042000000000000003
v -0.44400000000000001 0.034799999999999998 0.046100000000000002
v -0.43630000000000002 0.037499999999999999 0.0094000000000000004
v -0.43569999999999998 0.038600000000000002 0.0161
v -0.42749999999999999 0.042500000000000003 0.010800000000000001
v -0.4244 0.044299999999999999 0.021299999999999999
v -0.41049999999999998 0.053900000000000003 0.017000000000000001
v -0.4158 0.033500000000000002 0.085000000000000006
v -0.43459999999999999 0.037999999999999999 -0.030599999999999999
v -0.42430000000000001 0.041200000000000001 -0.035400000000000001
v -0.42230000000000001 0.043799999999999999 -0.025399999999999999
v -0.41599999999999998 0.050900000000000001 -0.0206
v -0.4103 0.055 -0.027900000000000001
v -0.4022 0.065299999999999997 -0.025000000000000001
v -0.39889999999999998 0.070199999999999999 -0.0212
v -0.39760000000000001 0.071800000000000003 -0.015100000000000001
v -0.39279999999999998 0.076399999999999996 -0.017899999999999999
v -0.38679999999999998 0.079000000000000001 -0.0118
v -0.38729999999999998 0.077399999999999997 -0.0054999999999999997
v -0.36480000000000001 0.080299999999999996 0.0166
v -0.4103 0.051700000000000003 -0.035700000000000003
v -0.4052 0.057200000000000001 -0.0356
v -0.35010000000000002 0.073800000000000004 -0.095100000000000004
v -0.34920000000000001 0.080100000000000005 -0.085900000000000004
v -0.3503 0.081900000000000001 -0.075899999999999995
v -0.3145 0.078600000000000003 0.062399999999999997
v -0.31440000000000001 0.077899999999999997 0.073999999999999996
v -0.3569 0.080600000000000005 0.021000000000000001
v -0.36180000000000001 0.082699999999999996 -0.042599999999999999
v -0.3775 0.081900000000000001 -0.032099999999999997
v -0.37230000000000002 0.081299999999999997 -0.021700000000000001
v -0.3821 0.081100000000000005 -0.0269
v -0.38179999999999997 0.081000000000000003 -0.017500000000000002
v -0.3901 0.078399999999999997 -0.0281
v -0.34010000000000001 0.083000000000000004 -0.084699999999999998
v -0.32500000000000001 0.084000000000000005 -0.058299999999999998
v -0.3145 0.083299999999999999 -0.047800000000000002
v -0.16750000000000001 0.074499999999999997 0.12
v 0.16120000000000001 0.029899999999999999 -0.0906
v 0.15890000000000001 0.0298 -0.079799999999999996
v -0.093399999999999997 0.082199999999999995 -0.074999999999999997
v -0.077600000000000002 0.082400000000000001 -0.063700000000000007
v 0.0117 0.079000000000000001 0.024199999999999999
v 0.021499999999999998 0.0785 0.020299999999999999
v 0.033500000000000002 0.0722 0.035400000000000001
v 0.038800000000000001 0.073200000000000001 0.025100000000000001
v 0.042999999999999997 0.075399999999999995 0.0137
v 0.032000000000000001 0.077899999999999997 0.0149
v -0.093399999999999997 0.081699999999999995 -0.058500000000000003
v -0.083500000000000005 0.080299999999999996 -0.0112
v -0.021100000000000001 0.0722 0.11849999999999999
v -0.019900000000000001 0.070999999999999994 0.12529999999999999
v -0.010800000000000001 0.068099999999999994 0.11749999999999999
v -0.0115 0.065199999999999994 0.12889999999999999
v 0.17080000000000001 0.031699999999999999 -0.085900000000000004
v 0.1893 0.0361 -0.035799999999999998
v 0.18770000000000001 0.033700000000000001 -0.0235
v 0.19350000000000001 0.0378 -0.026499999999999999
v 0.19120000000000001 0.0344 -0.015100000000000001
v -0.23769999999999999 0.082900000000000001 -0.075499999999999998
v -0.50170000000000003 0.0659 -0.069099999999999995
v 0.1192 0.0292 -0.053800000000000001
v 0.1124 0.031899999999999998 -0.052200000000000003
v 0.11360000000000001 0.031800000000000002 -0.042999999999999997
v 0.1074 0.0361 -0.042700000000000002
v 0.1023 0.0407 -0.036999999999999998
v 0.1212 0.029000000000000001 -0.0419
v 0.13700000000000001 0.027400000000000001 -0.021000000000000001
v -0.50349999999999995 0.035200000000000002 -0.046699999999999998
v -0.51000000000000001 0.041000000000000002 -0.057200000000000001
v -0.50470000000000004 0.039399999999999998 -0.062100000000000002
v -0.51600000000000001 0.036600000000000001 -0.045199999999999997
v -0.52980000000000005 0.034099999999999998 0.027
v -0.50290000000000001 0.034000000000000002 0.0058999999999999999
v -0.55789999999999995 0.061800000000000001 -0.044999999999999998
v -0.2404 0.080600000000000005 -0.037499999999999999
v -0.27779999999999999 0.077700000000000005 0.051799999999999999
v -0.17280000000000001 0.073999999999999996 0.14099999999999999
v -0.29349999999999998 0.078299999999999995 0.041300000000000003
v -0.30399999999999999 0.077399999999999997 0.083400000000000002
v -0.31259999999999999 0.075600000000000001 0.086400000000000005
v -0.30449999999999999 0.075899999999999995 0.093899999999999997
v -0.28639999999999999 0.070900000000000005 0.14030000000000001
v -0.27929999999999999 0.072599999999999998 0.14410000000000001
v -0.26750000000000002 0.0746 0.1358
v -0.29349999999999998 0.076899999999999996 0.088599999999999998
v -0.26200000000000001 0.076100000000000001 0.093799999999999994
v -0.26729999999999998 0.075700000000000003 0.1149
v -0.28810000000000002 0.074099999999999999 0.1198
v -0.2853 0.073400000000000007 0.13089999999999999
v -0.29310000000000003 0.071400000000000005 0.1278
v -0.2782 0.073899999999999993 0.13589999999999999
v -0.20430000000000001 0.074200000000000002 0.1305
v -0.19309999999999999 0.073700000000000002 0.1305
v -0.19900000000000001 0.074499999999999997 0.12
v -0.22 0.074300000000000005 0.1147
v -0.072999999999999995 0.080000000000000002 -0.0112
v -0.01 0.0785 0.0361
v 0.0001 0.076300000000000007 0.055599999999999997
v 0.0077999999999999996 0.076200000000000004 0.050900000000000001
v 0.011599999999999999 0.074499999999999997 0.056800000000000003
v 0.029899999999999999 0.070999999999999994 0.044499999999999998
v 0.035499999999999997 0.067100000000000007 0.043900000000000002
v 0.0453 0.038199999999999998 0.063100000000000003
v 0.042799999999999998 0.031099999999999999 0.079299999999999995
v 0.050999999999999997 0.028400000000000002 0.075200000000000003
v 0.053199999999999997 0.026100000000000002 0.084500000000000006
v 0.027099999999999999 0.066699999999999995 0.056300000000000003
v -0.54620000000000002 0.036999999999999998 -0.032000000000000001
v -0.55269999999999997 0.039399999999999998 -0.0349
v -0.56100000000000005 0.036799999999999999 -0.0253
v -0.57250000000000001 0.037400000000000003 -0.021299999999999999
v -0.56520000000000004 0.0356 -0.014999999999999999
v -0.58069999999999999 0.037400000000000003 -0.017399999999999999
v -0.58289999999999997 0.045100000000000001 -0.0253
v -0.5907 0.050700000000000002 -0.0258
v -0.60040000000000004 0.050999999999999997 -0.022800000000000001
v -0.57469999999999999 0.047899999999999998 -0.0315
v -0.57189999999999996 0.041599999999999998 -0.027699999999999999
v -0.56620000000000004 0.042799999999999998 -0.031800000000000002
v -0.56000000000000005 0.045499999999999999 -0.037499999999999999
v -0.54959999999999998 0.046600000000000003 -0.042999999999999997
v -0.54559999999999997 0.041099999999999998 -0.040099999999999997
v -0.54200000000000004 0.047500000000000001 -0.045900000000000003
v -0.54000000000000004 0.041799999999999997 -0.043200000000000002
v -0.53400000000000003 0.044900000000000002 -0.0465
v -0.39319999999999999 0.068000000000000005 0.010699999999999999
v 0.24540000000000001 0.082000000000000003 -0.0117
v 0.25290000000000001 0.083500000000000005 -0.0057000000000000002
v 0.25819999999999999 0.0751 0.0051000000000000004
v 0.26889999999999997 0.080399999999999999 0.0057999999999999996
v 0.26069999999999999 0.092499999999999999 -0.0083999999999999995
v 0.26889999999999997 0.091800000000000007 -0.0022000000000000001
v 0.33689999999999998 0.055399999999999998 0.050799999999999998
v 0.4456 0.097199999999999995 0.054399999999999997
v 0.35210000000000002 0.0659 0.040000000000000001
v 0.34239999999999998 0.095200000000000007 0.011900000000000001
v 0.39939999999999998 0.081699999999999995 0.0361
v 0.37409999999999999 0.070999999999999994 0.0395
v 0.4002 0.088900000000000007 0.027300000000000001
v 0.27400000000000002 0.1028 -0.0064000000000000003
v 0.27939999999999998 0.079100000000000004 0.01
v 0.28460000000000002 0.074499999999999997 0.016
v 0.29509999999999997 0.078600000000000003 0.0152
v 0.3054 0.074499999999999997 0.021899999999999999
v 0.31219999999999998 0.067199999999999996 0.029000000000000001
v 0.30819999999999997 0.063299999999999995 0.032000000000000001
v 0.31609999999999999 0.061899999999999997 0.0356
v 0.31030000000000002 0.057599999999999998 0.039699999999999999
v 0.29699999999999999 0.042000000000000003 0.064100000000000004
v 0.311 0.030099999999999998 0.10580000000000001
v 0.32140000000000002 0.029399999999999999 0.1159
v 0.33119999999999999 0.029700000000000001 0.12139999999999999
v 0.25309999999999999 0.022200000000000001 0.1208
v 0.24390000000000001 0.022599999999999999 0.1143
v 0.23569999999999999 0.024899999999999999 0.1197
v 0.2288 0.0281 0.1198
v 0.2382 0.025999999999999999 0.12920000000000001
v 0.24310000000000001 0.023 0.122
v 0.25359999999999999 0.021499999999999998 0.1421
v 0.24829999999999999 0.022100000000000002 0.12889999999999999
v 0.21640000000000001 0.046100000000000002 0.0060000000000000001
v 0.2223 0.046699999999999998 0.015299999999999999
v 0.1857 0.034200000000000001 -0.041700000000000001
v 0.18240000000000001 0.033000000000000002 -0.052900000000000003
v 0.17860000000000001 0.033599999999999998 -0.072900000000000006
v 0.17849999999999999 0.034599999999999999 -0.0809
v 0.1711 0.035900000000000001 -0.1094
v 0.1002 0.028899999999999999 0.010699999999999999
v -0.65529999999999999 0.041599999999999998 0.0043
v -0.66090000000000004 0.043999999999999997 0.0048999999999999998
v -0.65539999999999998 0.047399999999999998 -0.00059999999999999995
v -0.6694 0.043900000000000002 0.0091999999999999998
v 0.090899999999999995 0.030599999999999999 0.016299999999999999
v 0.1002 0.023400000000000001 0.068199999999999997
v 0.066600000000000006 0.052999999999999999 0.017500000000000002
v 0.066600000000000006 0.0356 0.036999999999999998
v 0.069500000000000006 0.029700000000000001 0.047899999999999998
v 0.068599999999999994 0.0275 0.058000000000000003
v 0.079200000000000007 0.026800000000000001 0.052699999999999997
v 0.089700000000000002 0.0247 0.063100000000000003
v 0.095600000000000004 0.023699999999999999 0.073499999999999996
v 0.070900000000000005 0.040800000000000003 0.023599999999999999
v 0.071900000000000006 0.034799999999999998 0.0309
v 0.075200000000000003 0.029499999999999998 0.042500000000000003
v -0.01 0.076200000000000004 0.067500000000000004
v -0.012 0.074499999999999997 0.087099999999999997
v -0.0057000000000000002 0.073200000000000001 0.086999999999999994
v -0.0099000000000000008 0.072800000000000004 0.097500000000000003
v -0.0015 0.071400000000000005 0.089499999999999996
v 0.0071000000000000004 0.068699999999999997 0.082600000000000007
v 0.014500000000000001 0.063899999999999998 0.080299999999999996
v 0.0247 0.058999999999999997 0.072599999999999998
v 0.029700000000000001 0.049799999999999997 0.073899999999999993
v 0.0060000000000000001 0.074800000000000005 0.063399999999999998
v -0.020500000000000001 0.074899999999999994 0.088400000000000006
v -0.020500000000000001 0.074300000000000005 0.098900000000000002
v -0.0143 0.071900000000000006 0.1079
v -0.0067999999999999996 0.071199999999999999 0.10000000000000001
v 0.019099999999999999 0.039899999999999998 0.10539999999999999
v 0.0146 0.039800000000000002 0.11559999999999999
v 0.014800000000000001 0.035900000000000001 0.12529999999999999
v 0.028000000000000001 0.0286 0.12
v 0.037199999999999997 0.026599999999999999 0.1106
v 0.032800000000000003 0.029899999999999999 0.1004
v 0.040500000000000001 0.027 0.098799999999999999
v 0.038300000000000001 0.029899999999999999 0.089800000000000005
v 0.048000000000000001 0.0264 0.089599999999999999
v 0.0292 0.035200000000000002 0.094200000000000006
v 0.0241 0.040500000000000001 0.094700000000000006
v 0.026800000000000001 0.028000000000000001 0.1305
v 0.037199999999999997 0.024500000000000001 0.1421
v 0.047699999999999999 0.023300000000000001 0.14199999999999999
v 0.042500000000000003 0.023800000000000002 0.15260000000000001
v 0.052499999999999998 0.0235 0.15160000000000001
v 0.047699999999999999 0.023900000000000001 0.13150000000000001
v 0.048399999999999999 0.024199999999999999 0.121
v 0.046800000000000001 0.0247 0.10920000000000001
v 0.048300000000000003 0.025100000000000001 0.098699999999999996
v 0.086499999999999994 0.029600000000000001 0.025399999999999999
v 0.079399999999999998 0.0304 0.032099999999999997
v -0.70499999999999996 0.076100000000000001 0.021299999999999999
v -0.70860000000000001 0.063399999999999998 0.024299999999999999
v -0.71489999999999998 0.0625 0.031
v -0.72030000000000005 0.069900000000000004 0.037400000000000003
v -0.71840000000000004 0.077899999999999997 0.0378
v -0.72260000000000002 0.071999999999999995 0.044299999999999999
v -0.70299999999999996 0.059999999999999998 0.020299999999999999
v -0.71040000000000003 0.058200000000000002 0.027300000000000001
v -0.70740000000000003 0.052699999999999997 0.0269
v -0.71509999999999996 0.053999999999999999 0.034200000000000001
v -0.71209999999999996 0.047 0.035200000000000002
v -0.71830000000000005 0.051200000000000002 0.0402
v -0.70569999999999999 0.047100000000000003 0.028899999999999999
v 0.32140000000000002 0.067199999999999996 0.030300000000000001
v -0.35110000000000002 0.080199999999999994 0.031699999999999999
v -0.33489999999999998 0.079899999999999999 0.041399999999999999
v -0.33360000000000001 0.079399999999999998 0.051200000000000002
v -0.58230000000000004 0.033099999999999997 0.1797
v -0.55579999999999996 0.033000000000000002 0.21879999999999999
v -0.51929999999999998 0.035700000000000003 0.37490000000000001
v -0.5081 0.034000000000000002 0.37369999999999998
v -0.50880000000000003 0.035999999999999997 0.38550000000000001
v -0.49759999999999999 0.0356 0.38540000000000002
v -0.59279999999999999 0.034099999999999998 0.12709999999999999
v -0.53979999999999995 0.032899999999999999 0.13089999999999999
v -0.52980000000000005 0.032199999999999999 0.12690000000000001
v -0.57179999999999997 0.033399999999999999 0.106
v -0.62280000000000002 0.034799999999999998 0.053199999999999997
v -0.62749999999999995 0.034500000000000003 0.041500000000000002
v -0.54669999999999996 0.0332 0.2097
v -0.67679999999999996 0.038100000000000002 0.032599999999999997
v -0.67149999999999999 0.036499999999999998 0.053499999999999999
v -0.69779999999999998 0.036799999999999999 0.0746
v -0.70850000000000002 0.038399999999999997 0.069500000000000006
v -0.67130000000000001 0.036799999999999999 0.1431
v -0.66100000000000003 0.035799999999999998 0.14829999999999999
v -0.55200000000000005 0.032500000000000001 0.30859999999999999
v -0.73380000000000001 0.041500000000000002 0.1225
v -0.73939999999999995 0.0441 0.128
v -0.73370000000000002 0.042299999999999997 0.13830000000000001
v -0.7429 0.047199999999999999 0.13739999999999999
v -0.74360000000000004 0.047699999999999999 0.14799999999999999
v -0.74890000000000001 0.054800000000000001 0.13919999999999999
v -0.74950000000000006 0.053900000000000003 0.15110000000000001
v -0.75190000000000001 0.057099999999999998 0.157
v -0.75370000000000004 0.061699999999999998 0.16639999999999999
v -0.75380000000000003 0.070099999999999996 0.1651
v -0.75249999999999995 0.065699999999999995 0.1749
v -0.74860000000000004 0.074499999999999997 0.17799999999999999
v -0.74639999999999995 0.068000000000000005 0.18329999999999999
v -0.7419 0.067299999999999999 0.1895
v -0.7369 0.066900000000000001 0.19489999999999999
v -0.73140000000000005 0.066000000000000003 0.19980000000000001
v -0.72309999999999997 0.067400000000000002 0.20610000000000001
v -0.71519999999999995 0.071400000000000005 0.2104
v -0.75109999999999999 0.064100000000000004 0.13830000000000001
v -0.75 0.0562 0.1298
v -0.73340000000000005 0.0424 0.1489
v -0.73909999999999998 0.045400000000000003 0.15570000000000001
v -0.747 0.050299999999999997 0.15609999999999999
v -0.74060000000000004 0.047699999999999999 0.1646
v -0.74609999999999999 0.051499999999999997 0.1668
v -0.74129999999999996 0.050500000000000003 0.17510000000000001
v -0.74719999999999998 0.055399999999999998 0.1744
v -0.7419 0.0545 0.18360000000000001
v -0.75080000000000002 0.060600000000000001 0.1757
v -0.75109999999999999 0.055800000000000002 0.16450000000000001
v -0.6663 0.0356 0.074499999999999997
v -0.67679999999999996 0.035099999999999999 0.095600000000000004
v -0.60240000000000005 0.034200000000000001 0.1789
v -0.68530000000000002 0.039699999999999999 0.029999999999999999
v -0.70860000000000001 0.039600000000000003 0.056399999999999999
v -0.72599999999999998 0.042999999999999997 0.060699999999999997
v -0.73050000000000004 0.0436 0.068599999999999994
v -0.72589999999999999 0.044900000000000002 0.057599999999999998
v -0.73150000000000004 0.046699999999999998 0.064699999999999994
v -0.72599999999999998 0.071999999999999995 0.047300000000000002
v -0.72650000000000003 0.076499999999999999 0.052999999999999999
v -0.051999999999999998 0.072499999999999995 0.1462
v -0.022599999999999999 0.066900000000000001 0.16500000000000001
v -0.022700000000000001 0.065799999999999997 0.1759
v -0.0023999999999999998 0.043499999999999997 0.17929999999999999
v -0.0020999999999999999 0.042999999999999997 0.1898
v 0.0028 0.040399999999999998 0.21590000000000001
v 0.0094999999999999998 0.0339 0.21079999999999999
v -0.016500000000000001 0.063299999999999995 0.15459999999999999
v -0.022200000000000001 0.068000000000000005 0.155
v -0.031 0.071199999999999999 0.15140000000000001
v -0.078299999999999995 0.074499999999999997 0.1042
v -0.0224 0.065100000000000005 0.18690000000000001
v -0.021600000000000001 0.064899999999999999 0.19689999999999999
v -0.029399999999999999 0.068400000000000002 0.20380000000000001
v -0.026499999999999999 0.0683 0.22409999999999999
v -0.019300000000000001 0.065799999999999997 0.22989999999999999
v -0.012500000000000001 0.060999999999999999 0.22850000000000001
v -0.011599999999999999 0.0625 0.2389
v -0.0067000000000000002 0.055899999999999998 0.23300000000000001
v -0.026200000000000001 0.067799999999999999 0.2132
v -0.020799999999999999 0.064699999999999994 0.20880000000000001
v -0.0167 0.062799999999999995 0.21759999999999999
v -0.0094999999999999998 0.056099999999999997 0.2218
v -0.041500000000000002 0.070999999999999994 0.1724
v 0.22620000000000001 0.024299999999999999 0.084099999999999994
v 0.2177 0.0235 0.093299999999999994
v 0.19939999999999999 0.034099999999999998 0.1108
v 0.19270000000000001 0.0356 0.1027
v 0.192 0.0361 0.113
v 0.18559999999999999 0.037400000000000003 0.1066
v 0.1802 0.037100000000000001 0.1099
v 0.17979999999999999 0.037400000000000003 0.10050000000000001
v 0.18609999999999999 0.037499999999999999 0.10009999999999999
v 0.24390000000000001 0.026700000000000002 0.078399999999999997
v 0.24049999999999999 0.0304 0.064500000000000002
v 0.2336 0.0332 0.054600000000000003
v 0.2535 0.027799999999999998 0.073400000000000007
v 0.22620000000000001 0.023199999999999998 0.094500000000000001
v -0.46610000000000001 0.032599999999999997 0.095399999999999999
v 0.32000000000000001 0.027699999999999999 0.12540000000000001
v -0.48780000000000001 0.0309 0.1321
v -0.48580000000000001 0.032199999999999999 0.14169999999999999
v -0.4753 0.031699999999999999 0.14069999999999999
v -0.48449999999999999 0.036600000000000001 0.1497
v -0.4773 0.030599999999999999 0.1215
v -0.46610000000000001 0.032000000000000001 0.14360000000000001
v 0.3155 0.025999999999999999 0.13689999999999999
v -0.4143 0.030200000000000001 0.13730000000000001
v -0.39329999999999998 0.029600000000000001 0.1583
v -0.3821 0.029999999999999999 0.13730000000000001
v -0.3831 0.031699999999999999 0.12670000000000001
v -0.39050000000000001 0.031 0.125
v -0.42480000000000001 0.030200000000000001 0.13730000000000001
v -0.42499999999999999 0.0309 0.14799999999999999
v -0.41310000000000002 0.0309 0.15260000000000001
v -0.42409999999999998 0.032099999999999997 0.1542
v -0.41360000000000002 0.033599999999999998 0.16059999999999999
v -0.4244 0.0361 0.15989999999999999
v -0.41789999999999999 0.040800000000000003 0.1668
v -0.42599999999999999 0.0465 0.17100000000000001
v -0.432 0.039899999999999998 0.16120000000000001
v -0.432 0.035099999999999999 0.156
v -0.40889999999999999 0.035400000000000001 0.1653
v -0.4249 0.048099999999999997 0.1774
v -0.70299999999999996 0.041000000000000002 0.19620000000000001
v -0.6925 0.040099999999999997 0.2014
v -0.70760000000000001 0.045499999999999999 0.20710000000000001
v -0.70230000000000004 0.047300000000000002 0.21779999999999999
v -0.70930000000000004 0.051799999999999999 0.21859999999999999
v -0.71519999999999995 0.055800000000000002 0.215
v -0.71020000000000005 0.057000000000000002 0.22059999999999999
v -0.71189999999999998 0.062 0.2185
v -0.70550000000000002 0.063399999999999998 0.22950000000000001
v -0.71140000000000003 0.067599999999999993 0.21790000000000001
v -0.72070000000000001 0.062799999999999995 0.2099
v -0.72670000000000001 0.058200000000000002 0.2049
v -0.72150000000000003 0.057799999999999997 0.2104
v -0.72540000000000004 0.0545 0.20330000000000001
v -0.71809999999999996 0.0487 0.20219999999999999
v -0.71350000000000002 0.042000000000000003 0.1857
v -0.72970000000000002 0.0528 0.19670000000000001
v -0.72330000000000005 0.043400000000000001 0.18060000000000001
v -0.71940000000000004 0.041500000000000002 0.17449999999999999
v -0.73709999999999998 0.053199999999999997 0.18870000000000001
v -0.74570000000000003 0.097100000000000006 0.16339999999999999
v -0.68730000000000002 0.0378 0.17480000000000001
v -0.67610000000000003 0.042099999999999999 0.23319999999999999
v -0.67669999999999997 0.0458 0.24399999999999999
v -0.66459999999999997 0.043099999999999999 0.25
v -0.66249999999999998 0.066400000000000001 0.26779999999999998
v -0.6522 0.078200000000000006 0.26889999999999997
v -0.69240000000000002 0.044900000000000002 0.2228
v -0.70620000000000005 0.056300000000000003 0.22739999999999999
v -0.68520000000000003 0.044699999999999997 0.23139999999999999
v -0.69350000000000001 0.055199999999999999 0.2399
v -0.68830000000000002 0.054800000000000001 0.2452
v -0.68889999999999996 0.062399999999999997 0.24640000000000001
v -0.6946 0.076700000000000004 0.23769999999999999
v -0.69879999999999998 0.072599999999999998 0.23469999999999999
v -0.69950000000000001 0.056500000000000002 0.23549999999999999
v -0.68279999999999996 0.054300000000000001 0.25009999999999999
v -0.68169999999999997 0.063399999999999998 0.25190000000000001
v -0.67589999999999995 0.073800000000000004 0.254
v -0.53959999999999997 0.032300000000000002 0.14280000000000001
v -0.5081 0.031600000000000003 0.14560000000000001
v -0.50419999999999998 0.035499999999999997 0.1573
v -0.73740000000000006 0.097500000000000003 0.17730000000000001
v -0.18329999999999999 0.071199999999999999 0.1988
v -0.17799999999999999 0.070099999999999996 0.24079999999999999
v -0.2515 0.069099999999999995 0.246
v -0.25559999999999999 0.068599999999999994 0.2525
v -0.25890000000000002 0.067299999999999999 0.24579999999999999
v -0.26729999999999998 0.065000000000000002 0.2611
v -0.2757 0.057700000000000001 0.2495
v -0.30149999999999999 0.0361 0.2525
v -0.3024 0.035900000000000001 0.2382
v -0.30980000000000002 0.031600000000000003 0.248
v -0.31440000000000001 0.029999999999999999 0.2424
v -0.32300000000000001 0.0287 0.24049999999999999
v -0.32900000000000001 0.028500000000000001 0.25309999999999999
v -0.33379999999999999 0.028500000000000001 0.24110000000000001
v -0.33879999999999999 0.027900000000000001 0.25269999999999998
v -0.34589999999999999 0.029100000000000001 0.24129999999999999
v -0.35310000000000002 0.033700000000000001 0.24690000000000001
v -0.35980000000000001 0.039300000000000002 0.2581
v -0.3508 0.032899999999999999 0.26669999999999999
v -0.35449999999999998 0.035299999999999998 0.2787
v -0.37169999999999997 0.041599999999999998 0.29330000000000001
v -0.37690000000000001 0.042700000000000002 0.29880000000000001
v -0.34670000000000001 0.031099999999999999 0.27829999999999999
v -0.34010000000000001 0.029000000000000001 0.30059999999999998
v -0.3493 0.0309 0.30990000000000001
v -0.34079999999999999 0.0292 0.31109999999999999
v -0.34599999999999997 0.0293 0.3216
v -0.34599999999999997 0.029600000000000001 0.3322
v -0.32900000000000001 0.034200000000000001 0.34849999999999998
v -0.32300000000000001 0.036499999999999998 0.34470000000000001
v -0.30570000000000003 0.0557 0.35399999999999998
v -0.29809999999999998 0.062399999999999997 0.3508
v -0.29520000000000002 0.0625 0.33900000000000002
v -0.29020000000000001 0.066500000000000004 0.34720000000000001
v -0.29020000000000001 0.066900000000000001 0.34200000000000003
v -0.28499999999999998 0.066699999999999995 0.34200000000000003
v -0.29020000000000001 0.066199999999999995 0.3367
v -0.28499999999999998 0.067000000000000004 0.33150000000000002
v -0.29020000000000001 0.064699999999999994 0.33129999999999998
v -0.28499999999999998 0.067000000000000004 0.32619999999999999
v -0.29420000000000002 0.0608 0.3296
v -0.28499999999999998 0.066900000000000001 0.32090000000000002
v -0.29089999999999999 0.0613 0.317
v -0.28129999999999999 0.062899999999999998 0.29980000000000001
v -0.31019999999999998 0.033500000000000002 0.2737
v -0.30470000000000003 0.035299999999999998 0.26719999999999999
v -0.313 0.0315 0.26840000000000003
v -0.31119999999999998 0.031199999999999999 0.25990000000000002
v -0.31269999999999998 0.041200000000000001 0.33139999999999997
v -0.30919999999999997 0.042200000000000001 0.32090000000000002
v -0.32069999999999999 0.034700000000000002 0.32669999999999999
v -0.31929999999999997 0.0339 0.31709999999999999
v -0.31819999999999998 0.032800000000000003 0.30330000000000001
v -0.31530000000000002 0.033300000000000003 0.29099999999999998
v -0.30959999999999999 0.035400000000000001 0.28070000000000001
v -0.31919999999999998 0.030499999999999999 0.2742
v -0.30609999999999998 0.041500000000000002 0.2994
v -0.32100000000000001 0.035900000000000001 0.33700000000000002
v -0.33029999999999998 0.029600000000000001 0.30590000000000001
v -0.32229999999999998 0.030700000000000002 0.29420000000000002
v -0.32269999999999999 0.030099999999999998 0.28270000000000001
v -0.33379999999999999 0.029000000000000001 0.29549999999999998
v -0.33550000000000002 0.028899999999999999 0.28470000000000001
v -0.33029999999999998 0.028299999999999999 0.2636
v -0.33029999999999998 0.028899999999999999 0.2742
v -0.35730000000000001 0.036600000000000001 0.30049999999999999
v -0.36549999999999999 0.040599999999999997 0.30880000000000002
v -0.39689999999999998 0.043700000000000003 0.31669999999999998
v -0.47970000000000002 0.032199999999999999 0.37640000000000001
v -0.49220000000000003 0.033599999999999998 0.38030000000000003
v -0.48780000000000001 0.035999999999999997 0.39069999999999999
v -0.46610000000000001 0.033300000000000003 0.38540000000000002
v -0.4556 0.033399999999999999 0.38540000000000002
v -0.35920000000000002 0.038199999999999998 0.31109999999999999
v -0.35370000000000001 0.032500000000000001 0.31530000000000002
v -0.36230000000000001 0.038399999999999997 0.31809999999999999
v -0.35449999999999998 0.030499999999999999 0.32629999999999998
v -0.36659999999999998 0.038600000000000002 0.32700000000000001
v -0.3614 0.032099999999999997 0.3337
v -0.37009999999999998 0.0395 0.3322
v -0.36899999999999999 0.033500000000000002 0.33910000000000001
v -0.37369999999999998 0.036499999999999998 0.34050000000000002
v -0.37419999999999998 0.0327 0.34429999999999999
v -0.37840000000000001 0.036499999999999998 0.34470000000000001
v -0.3795 0.0344 0.34870000000000001
v -0.38469999999999999 0.0402 0.34360000000000002
v -0.38500000000000001 0.0349 0.34949999999999998
v -0.38640000000000002 0.040899999999999999 0.34499999999999997
v -0.39279999999999998 0.036700000000000003 0.35199999999999998
v -0.40710000000000002 0.039100000000000003 0.34370000000000001
v -0.4103 0.040399999999999998 0.3362
v -0.45979999999999999 0.031199999999999999 0.37419999999999998
v -0.4496 0.032199999999999999 0.37969999999999998
v -0.43909999999999999 0.0315 0.37690000000000001
v -0.4294 0.032800000000000003 0.37909999999999999
v -0.42480000000000001 0.034299999999999997 0.3906
v -0.41699999999999998 0.032500000000000001 0.36670000000000003
v -0.40489999999999998 0.033000000000000002 0.36109999999999998
v -0.39900000000000002 0.032500000000000001 0.35999999999999999
v -0.3926 0.031600000000000003 0.36930000000000002
v -0.3952 0.031300000000000001 0.35999999999999999
v -0.38740000000000002 0.031600000000000003 0.36399999999999999
v -0.39000000000000001 0.032500000000000001 0.3548
v -0.3821 0.031600000000000003 0.35870000000000002
v -0.40379999999999999 0.032899999999999999 0.41149999999999998
v -0.43740000000000001 0.032000000000000001 0.36509999999999998
v -0.4274 0.032199999999999999 0.37069999999999997
v -0.35060000000000002 0.029899999999999999 0.33750000000000002
v -0.37690000000000001 0.031099999999999999 0.35339999999999999
v -0.37419999999999998 0.0424 0.32200000000000001
v -0.38350000000000001 0.043499999999999997 0.33289999999999997
v -0.39429999999999998 0.043299999999999998 0.3281
v -0.38669999999999999 0.042599999999999999 0.33989999999999998
v -0.38119999999999998 0.042299999999999997 0.33850000000000002
v -0.37419999999999998 0.041799999999999997 0.33550000000000002
v -0.16159999999999999 0.070099999999999996 0.26190000000000002
v -0.2581 0.069699999999999998 0.21210000000000001
v -0.26190000000000002 0.067400000000000002 0.2208
v -0.26379999999999998 0.067400000000000002 0.20910000000000001
v -0.28239999999999998 0.055399999999999998 0.20760000000000001
v -0.28299999999999997 0.059400000000000001 0.18509999999999999
v -0.26679999999999998 0.067100000000000007 0.18990000000000001
v -0.25659999999999999 0.070999999999999994 0.1812
v -0.25850000000000001 0.069599999999999995 0.19470000000000001
v -0.24629999999999999 0.071099999999999997 0.18820000000000001
v -0.25769999999999998 0.072300000000000003 0.1668
v -0.26540000000000002 0.070099999999999996 0.17430000000000001
v -0.26819999999999999 0.070800000000000002 0.1663
v -0.27439999999999998 0.067100000000000007 0.1726
v -0.33550000000000002 0.0281 0.2109
v -0.32440000000000002 0.028500000000000001 0.2215
v -0.31509999999999999 0.030499999999999999 0.22070000000000001
v -0.31680000000000003 0.029399999999999999 0.2301
v -0.30880000000000002 0.031899999999999998 0.2329
v -0.3019 0.036600000000000001 0.22950000000000001
v -0.25900000000000001 0.067500000000000004 0.2319
v -0.35320000000000001 0.029100000000000001 0.20699999999999999
v -0.35460000000000003 0.028500000000000001 0.1991
v -0.35830000000000001 0.032099999999999997 0.20699999999999999
v -0.36209999999999998 0.031899999999999998 0.20030000000000001
v -0.36330000000000001 0.038100000000000002 0.20730000000000001
v -0.371 0.044400000000000002 0.20730000000000001
v -0.37930000000000003 0.047899999999999998 0.21060000000000001
v -0.39040000000000002 0.048800000000000003 0.20680000000000001
v -0.39240000000000003 0.0436 0.1832
v -0.39369999999999999 0.047300000000000002 0.19170000000000001
v -0.38679999999999998 0.045699999999999998 0.19270000000000001
v -0.36509999999999998 0.029399999999999999 0.18859999999999999
v -0.35649999999999998 0.028400000000000002 0.1898
v -0.3528 0.028899999999999999 0.1782
v -0.33069999999999999 0.029100000000000001 0.20030000000000001
v -0.38159999999999999 0.033700000000000001 0.18140000000000001
v -0.37690000000000001 0.029899999999999999 0.1744
v -0.37419999999999998 0.030200000000000001 0.18079999999999999
v -0.36649999999999999 0.028899999999999999 0.17910000000000001
v -0.35370000000000001 0.034799999999999998 0.22600000000000001
v -0.35060000000000002 0.029999999999999999 0.21629999999999999
v -0.35809999999999997 0.036600000000000001 0.216
v -0.31219999999999998 0.033000000000000002 0.21529999999999999
v -0.30640000000000001 0.0356 0.21809999999999999
v -0.52259999999999995 0.039600000000000003 0.18049999999999999
v -0.53190000000000004 0.039 0.18429999999999999
v 0.27410000000000001 0.0229 0.18959999999999999
v -0.34599999999999997 0.0292 0.18459999999999999
v -0.34599999999999997 0.0298 0.17499999999999999
v -0.67149999999999999 0.0385 0.20649999999999999
v -0.64529999999999998 0.040000000000000001 0.2646
v -0.63349999999999995 0.037400000000000003 0.26440000000000002
v -0.64280000000000004 0.041500000000000002 0.2737
v -0.63759999999999994 0.041700000000000001 0.2848
v -0.62949999999999995 0.039300000000000002 0.29089999999999999
v -0.61850000000000005 0.036200000000000003 0.28560000000000002
v -0.62619999999999998 0.038300000000000001 0.2974
v -0.56040000000000001 0.032199999999999999 0.3216
v -0.5665 0.031899999999999998 0.29549999999999998
v -0.38179999999999997 0.038699999999999998 0.18709999999999999
v 0.39529999999999998 0.0448 0.19670000000000001
v 0.40160000000000001 0.049000000000000002 0.20680000000000001
v 0.45019999999999999 0.075200000000000003 0.25030000000000002
v -0.33679999999999999 0.029399999999999999 0.1885
v -0.33489999999999998 0.031600000000000003 0.1804
v -0.3392 0.031800000000000002 0.17449999999999999
v 0.24660000000000001 0.036900000000000002 0.19900000000000001
v 0.25080000000000002 0.0361 0.2074
v 0.24909999999999999 0.035200000000000002 0.21859999999999999
v -0.2555 0.070199999999999999 0.2041
v -0.26500000000000001 0.067100000000000007 0.19900000000000001
v -0.2747 0.062799999999999995 0.19189999999999999
v -0.37 0.046300000000000001 0.21329999999999999
v -0.3649 0.044299999999999999 0.21659999999999999
v -0.35749999999999998 0.040599999999999997 0.22639999999999999
v -0.35610000000000003 0.040300000000000002 0.23630000000000001
v -0.35320000000000001 0.034500000000000003 0.23630000000000001
v -0.35780000000000001 0.040099999999999997 0.2475
v 0.0043 0.041200000000000001 0.2263
v -0.0012999999999999999 0.047800000000000002 0.2283
v -0.65559999999999996 0.039699999999999999 0.24840000000000001
v -0.65710000000000002 0.057299999999999997 0.27700000000000002
v -0.65190000000000003 0.0516 0.28220000000000001
v -0.65149999999999997 0.063399999999999998 0.28139999999999998
v -0.6492 0.055399999999999998 0.28570000000000001
v -0.64329999999999998 0.065199999999999994 0.2878
v -0.64319999999999999 0.0591 0.2908
v -0.63880000000000003 0.0613 0.29920000000000002
v -0.63529999999999998 0.070800000000000002 0.30599999999999999
v -0.63790000000000002 0.064899999999999999 0.30959999999999999
v -0.63900000000000001 0.069699999999999998 0.31830000000000003
v -0.63990000000000002 0.059299999999999999 0.31340000000000001
v -0.64129999999999998 0.052400000000000002 0.31680000000000003
v -0.64319999999999999 0.045699999999999998 0.32390000000000002
v -0.63929999999999998 0.043200000000000002 0.32050000000000001
v -0.63280000000000003 0.039399999999999998 0.3271
v -0.6431 0.041399999999999999 0.33450000000000002
v -0.64539999999999997 0.045400000000000003 0.33040000000000003
v -0.64959999999999996 0.046300000000000001 0.3382
v -0.64870000000000005 0.052900000000000003 0.33329999999999999
v -0.65239999999999998 0.051900000000000002 0.3407
v -0.65239999999999998 0.065100000000000005 0.34210000000000002
v -0.64119999999999999 0.074999999999999997 0.3266
v -0.63470000000000004 0.0785 0.316
v -0.63129999999999997 0.080000000000000002 0.30930000000000002
v -0.62390000000000001 0.086999999999999994 0.29959999999999998
v -0.66180000000000005 0.057799999999999997 0.27160000000000001
v -0.65720000000000001 0.065699999999999995 0.27279999999999999
v -0.35780000000000001 0.045100000000000001 0.23469999999999999
v -0.3584 0.0436 0.23949999999999999
v -0.36220000000000002 0.046899999999999997 0.2331
v -0.3654 0.046300000000000001 0.24279999999999999
v -0.36830000000000002 0.048099999999999997 0.23449999999999999
v -0.36959999999999998 0.047800000000000002 0.22459999999999999
v -0.36230000000000001 0.045499999999999999 0.2276
v 0.4017 0.078799999999999995 0.31919999999999998
v 0.40479999999999999 0.084500000000000006 0.32779999999999998
v 0.41649999999999998 0.099000000000000005 0.34460000000000002
v 0.40010000000000001 0.089599999999999999 0.33739999999999998
v 0.3639 0.065199999999999994 0.31430000000000002
v 0.35880000000000001 0.071499999999999994 0.32600000000000001
v -0.67789999999999995 0.0591 0.25609999999999999
v -0.66849999999999998 0.075399999999999995 0.2586
v -0.64200000000000002 0.045199999999999997 0.28739999999999999
v -0.64490000000000003 0.050200000000000002 0.28799999999999998
v -0.63949999999999996 0.048500000000000001 0.29449999999999998
v -0.64119999999999999 0.054100000000000002 0.29449999999999998
v -0.63870000000000005 0.055800000000000002 0.30309999999999998
v -0.63859999999999995 0.052400000000000002 0.3075
v -0.6371 0.044900000000000002 0.3135
v -0.63260000000000005 0.040000000000000001 0.3155
v -0.62839999999999996 0.039 0.3054
v -0.63380000000000003 0.042599999999999999 0.2984
v -0.63690000000000002 0.043999999999999997 0.2928
v -0.63729999999999998 0.048099999999999997 0.30420000000000003
v -0.22 0.069400000000000003 0.27239999999999998
v -0.27029999999999998 0.064799999999999996 0.2717
v -0.28010000000000002 0.057799999999999997 0.27050000000000002
v -0.27589999999999998 0.062600000000000003 0.27879999999999999
v -0.27600000000000002 0.064299999999999996 0.28949999999999998
v -0.26640000000000003 0.067199999999999996 0.2883
v -0.27329999999999999 0.065699999999999995 0.29849999999999999
v -0.26140000000000002 0.067699999999999996 0.29859999999999998
v -0.27529999999999999 0.066500000000000004 0.30840000000000001
v -0.28089999999999998 0.067299999999999999 0.33939999999999998
v -0.31690000000000002 0.045199999999999997 0.36120000000000002
v -0.32979999999999998 0.037699999999999997 0.36880000000000002
v -0.32819999999999999 0.036200000000000003 0.35830000000000001
v -0.3296 0.039699999999999999 0.37659999999999999
v -0.35060000000000002 0.031699999999999999 0.36930000000000002
v -0.34510000000000002 0.0361 0.40129999999999999
v -0.35649999999999998 0.033000000000000002 0.40100000000000002
v -0.36180000000000001 0.032300000000000002 0.41149999999999998
v -0.26400000000000001 0.067699999999999996 0.27360000000000001
v -0.26140000000000002 0.067699999999999996 0.28310000000000002
v -0.6472 0.072900000000000006 0.27929999999999999
v -0.64200000000000002 0.078200000000000006 0.2797
v -0.6411 0.072099999999999997 0.28410000000000002
v -0.63680000000000003 0.077799999999999994 0.2853
v 0.21709999999999999 0.0286 0.2661
v 0.20749999999999999 0.025399999999999999 0.2762
v 0.217 0.031300000000000001 0.2601
v 0.029600000000000001 0.041099999999999998 0.27739999999999998
v 0.1225 0.025899999999999999 0.27739999999999998
v 0.2177 0.023599999999999999 0.28889999999999999
v 0.19650000000000001 0.026700000000000002 0.27339999999999998
v -0.63009999999999999 0.086699999999999999 0.31540000000000001
v -0.62429999999999997 0.089700000000000002 0.309
v -0.62749999999999995 0.084599999999999995 0.30659999999999998
v -0.61199999999999999 0.1011 0.30769999999999997
v -0.61780000000000002 0.094200000000000006 0.30449999999999999
v -0.60560000000000003 0.10780000000000001 0.30649999999999999
v -0.61080000000000001 0.1071 0.31359999999999999
v 0.26540000000000002 0.029000000000000001 0.3014
v -0.6744 0.087900000000000006 0.432
v -0.67869999999999997 0.079000000000000001 0.43120000000000003
v -0.68240000000000001 0.073599999999999999 0.42559999999999998
v -0.68320000000000003 0.068099999999999994 0.43009999999999998
v -0.6845 0.062700000000000006 0.41980000000000001
v -0.68379999999999996 0.058999999999999997 0.4279
v -0.68230000000000002 0.054100000000000002 0.42170000000000002
v -0.6804 0.051799999999999999 0.42770000000000002
v -0.6724 0.045499999999999999 0.42780000000000001
v -0.68200000000000005 0.053999999999999999 0.43840000000000001
v -0.68400000000000005 0.059400000000000001 0.43819999999999998
v -0.2727 0.068199999999999997 0.34089999999999998
v 0.26900000000000002 0.042799999999999998 0.33510000000000001
v -0.61309999999999998 0.037100000000000001 0.34339999999999998
v -0.63480000000000003 0.038899999999999997 0.3488
v -0.64470000000000005 0.040300000000000002 0.3493
v -0.6431 0.039300000000000002 0.35870000000000002
v -0.65249999999999997 0.042700000000000002 0.35049999999999998
v -0.65249999999999997 0.041500000000000002 0.35820000000000002
v -0.65769999999999995 0.045499999999999999 0.35439999999999999
v -0.65920000000000001 0.043999999999999997 0.36109999999999998
v -0.66000000000000003 0.0499 0.35460000000000003
v -0.6643 0.050900000000000001 0.36259999999999998
v -0.62429999999999997 0.0378 0.35920000000000002
v -0.63880000000000003 0.038300000000000001 0.38
v -0.64529999999999998 0.0395 0.39100000000000001
v -0.65580000000000005 0.041200000000000001 0.38059999999999999
v -0.66349999999999998 0.042200000000000001 0.38990000000000002
v -0.66820000000000002 0.0436 0.39529999999999998
v -0.67179999999999995 0.044900000000000002 0.40739999999999998
v -0.67420000000000002 0.047300000000000002 0.40150000000000002
v -0.67789999999999995 0.048599999999999997 0.40689999999999998
v -0.67889999999999995 0.0533 0.4032
v -0.68240000000000001 0.055100000000000003 0.41210000000000002
v -0.68189999999999995 0.061199999999999997 0.40560000000000002
v -0.68189999999999995 0.075899999999999995 0.41389999999999999
v -0.68000000000000005 0.050599999999999999 0.4163
v -0.67010000000000003 0.043999999999999997 0.4178
v -0.66300000000000003 0.041399999999999999 0.42149999999999999
v -0.62949999999999995 0.038300000000000001 0.41199999999999998
v -0.66420000000000001 0.043700000000000003 0.37930000000000003
v -0.66910000000000003 0.047800000000000002 0.38340000000000002
v -0.67379999999999995 0.051799999999999999 0.39179999999999998
v -0.67349999999999999 0.048500000000000001 0.39650000000000002
v -0.66259999999999997 0.044200000000000003 0.36849999999999999
v -0.66520000000000001 0.047699999999999999 0.36799999999999999
v -0.66959999999999997 0.061199999999999997 0.37169999999999997
v -0.67249999999999999 0.060100000000000001 0.37980000000000003
v -0.63480000000000003 0.0385 0.39090000000000003
v 0.082400000000000001 0.057000000000000002 0.34129999999999999
v 0.082500000000000004 0.061899999999999997 0.3468
v 0.082600000000000007 0.066699999999999995 0.35249999999999998
v 0.086699999999999999 0.068400000000000002 0.35970000000000002
v 0.079200000000000007 0.072800000000000004 0.37280000000000002
v 0.070699999999999999 0.073599999999999999 0.39810000000000001
v 0.058900000000000001 0.073400000000000007 0.40010000000000001
v 0.097199999999999995 0.066100000000000006 0.3659
v 0.090999999999999998 0.070099999999999996 0.36830000000000002
v 0.095200000000000007 0.070800000000000002 0.37759999999999999
v 0.085099999999999995 0.072499999999999995 0.378
v 0.095000000000000001 0.070699999999999999 0.38819999999999999
v 0.084500000000000006 0.072300000000000003 0.3886
v 0.092999999999999999 0.069900000000000004 0.39779999999999999
v 0.081299999999999997 0.072099999999999997 0.39929999999999999
v 0.086199999999999999 0.0688 0.4047
v 0.076300000000000007 0.070900000000000005 0.40579999999999999
v 0.11070000000000001 0.059700000000000003 0.37180000000000002
v 0.1086 0.064100000000000004 0.38069999999999998
v 0.10299999999999999 0.067900000000000002 0.38769999999999999
v 0.1138 0.054600000000000003 0.36780000000000002
v 0.1144 0.0596 0.38090000000000002
v 0.1105 0.062600000000000003 0.39100000000000001
v 0.10150000000000001 0.066799999999999998 0.39560000000000001
v 0.074399999999999994 0.062700000000000006 0.34150000000000003
v 0.074099999999999999 0.069000000000000006 0.35149999999999998
v 0.063500000000000001 0.069900000000000004 0.34620000000000001
v 0.043099999999999999 0.073700000000000002 0.40050000000000002
v 0.049599999999999998 0.071800000000000003 0.41320000000000001
v 0.050999999999999997 0.073700000000000002 0.4032
v 0.055599999999999997 0.072700000000000001 0.40870000000000001
v -0.39090000000000003 0.088900000000000007 0.52270000000000005
v -0.38740000000000002 0.088900000000000007 0.52300000000000002
v -0.38369999999999999 0.088599999999999998 0.52669999999999995
v -0.38469999999999999 0.093700000000000006 0.52329999999999999
v -0.30859999999999999 0.097100000000000006 0.61219999999999997
v -0.29859999999999998 0.0901 0.6169
v -0.29470000000000002 0.077799999999999994 0.62160000000000004
v -0.28960000000000002 0.077399999999999997 0.62670000000000003
v -0.28470000000000001 0.066500000000000004 0.63149999999999995
v -0.2903 0.056500000000000002 0.62570000000000003
v -0.2843 0.056000000000000001 0.63039999999999996
v -0.28789999999999999 0.0482 0.624
v -0.27710000000000001 0.049399999999999999 0.63190000000000002
v -0.27589999999999998 0.043099999999999999 0.62660000000000005
v -0.2661 0.042799999999999998 0.62990000000000002
v -0.2666 0.038800000000000001 0.62339999999999995
v -0.2661 0.051499999999999997 0.63749999999999996
v -0.27460000000000001 0.056099999999999997 0.63619999999999999
v -0.27679999999999999 0.062100000000000002 0.63660000000000005
v -0.28089999999999998 0.071499999999999994 0.63449999999999995
v -0.28299999999999997 0.079600000000000004 0.63219999999999998
v -0.26550000000000001 0.061699999999999998 0.64090000000000003
v -0.32679999999999998 0.1016 0.59760000000000002
v -0.32150000000000001 0.10100000000000001 0.6028
v -0.31809999999999999 0.094700000000000006 0.60750000000000004
v -0.3165 0.086699999999999999 0.61019999999999996
v -0.3044 0.074399999999999994 0.61580000000000001
v -0.2954 0.067799999999999999 0.62129999999999996
v -0.29520000000000002 0.051400000000000001 0.61980000000000002
v -0.28749999999999998 0.043400000000000001 0.61970000000000003
v -0.27689999999999998 0.038399999999999997 0.61909999999999998
v -0.2671 0.035400000000000001 0.61719999999999997
v -0.3372 0.0974 0.58579999999999999
v -0.33229999999999998 0.099000000000000005 0.5927
v -0.33239999999999997 0.0906 0.59509999999999996
v -0.32669999999999999 0.090200000000000002 0.60189999999999999
v -0.34229999999999999 0.087400000000000005 0.57950000000000002
v -0.33739999999999998 0.065600000000000006 0.58740000000000003
v -0.32729999999999998 0.0504 0.59379999999999999
v -0.32200000000000001 0.050500000000000003 0.59919999999999995
v -0.31530000000000002 0.039100000000000003 0.5907
v -0.30669999999999997 0.039800000000000002 0.60029999999999994
v -0.30430000000000001 0.0349 0.58940000000000003
v -0.29859999999999998 0.035299999999999998 0.59660000000000002
v -0.29349999999999998 0.033099999999999997 0.5907
v -0.28739999999999999 0.034200000000000001 0.6018
v -0.35349999999999998 0.072700000000000001 0.56410000000000005
v -0.33629999999999999 0.055800000000000002 0.58630000000000004
v -0.33239999999999997 0.051200000000000002 0.58850000000000002
v -0.315 0.035400000000000001 0.58050000000000002
v -0.30399999999999999 0.033500000000000002 0.58020000000000005
v -0.29349999999999998 0.033000000000000002 0.58009999999999995
v -0.29349999999999998 0.033399999999999999 0.56969999999999998
v -0.29349999999999998 0.032899999999999999 0.54330000000000001
v -0.28010000000000002 0.032899999999999999 0.5413
v -0.3846 0.081199999999999994 0.52749999999999997
v -0.37959999999999999 0.074700000000000003 0.53569999999999995
v -0.37369999999999998 0.074099999999999999 0.54220000000000002
v -0.35909999999999997 0.072700000000000001 0.55910000000000004
v -0.35210000000000002 0.061499999999999999 0.56589999999999996
v -0.34370000000000001 0.052900000000000003 0.57479999999999998
v -0.33279999999999998 0.045900000000000003 0.58299999999999996
v -0.32419999999999999 0.037100000000000001 0.57809999999999995
v -0.36359999999999998 0.084099999999999994 0.55410000000000004
v -0.35859999999999997 0.082900000000000001 0.5595
v -0.65110000000000001 0.043799999999999999 0.34499999999999997
v -0.65500000000000003 0.049599999999999998 0.34670000000000001
v -0.16750000000000001 0.073599999999999999 0.41499999999999998
v -0.14130000000000001 0.072900000000000006 0.39950000000000002
v -0.22 0.071999999999999995 0.39379999999999998
v -0.2036 0.072700000000000001 0.40329999999999999
v 0.2442 0.0349 0.3735
v 0.23730000000000001 0.031399999999999997 0.38009999999999999
v -0.25679999999999997 0.072300000000000003 0.40539999999999998
v -0.25679999999999997 0.074499999999999997 0.43090000000000001
v 0.1191 0.054800000000000001 0.39100000000000001
v 0.1154 0.0579 0.39550000000000002
v 0.1103 0.056000000000000001 0.40450000000000003
v 0.11609999999999999 0.048399999999999999 0.40899999999999997
v -0.66920000000000002 0.088200000000000001 0.37859999999999999
v -0.68059999999999998 0.067400000000000002 0.40060000000000001
v -0.67230000000000001 0.068500000000000005 0.37680000000000002
v -0.49940000000000001 0.0327 0.37090000000000001
v -0.088800000000000004 0.074399999999999994 0.42559999999999998
v -0.065799999999999997 0.074899999999999994 0.44350000000000001
v -0.071900000000000006 0.074999999999999997 0.44890000000000002
v -0.076700000000000004 0.074700000000000003 0.45269999999999999
v -0.122 0.074200000000000002 0.47070000000000001
v -0.1192 0.076200000000000004 0.4637
v -0.1343 0.076300000000000007 0.46650000000000003
v -0.14130000000000001 0.076100000000000001 0.4627
v -0.14630000000000001 0.075700000000000003 0.47560000000000002
v -0.15229999999999999 0.076999999999999999 0.47139999999999999
v -0.1489 0.073700000000000002 0.48060000000000003
v -0.1598 0.073400000000000007 0.48259999999999997
v -0.17030000000000001 0.074999999999999997 0.47989999999999999
v -0.16450000000000001 0.076700000000000004 0.47560000000000002
v -0.159 0.077399999999999997 0.47070000000000001
v -0.17799999999999999 0.073800000000000004 0.41499999999999998
v -0.67879999999999996 0.074800000000000005 0.39510000000000001
v -0.2351 0.072300000000000003 0.39510000000000001
v -0.21279999999999999 0.075300000000000006 0.44109999999999999
v -0.34899999999999998 0.0349 0.40970000000000001
v -0.34789999999999999 0.0356 0.42020000000000002
v -0.36180000000000001 0.032599999999999997 0.42199999999999999
v -0.35620000000000002 0.033099999999999997 0.42699999999999999
v -0.36280000000000001 0.032399999999999998 0.43120000000000003
v -0.2858 0.071999999999999995 0.41399999999999998
v 0.26740000000000003 0.071499999999999994 0.45190000000000002
v 0.25640000000000002 0.071099999999999997 0.4713
v 0.25580000000000003 0.062799999999999995 0.4602
v 0.2485 0.060600000000000001 0.47020000000000001
v 0.2399 0.051400000000000001 0.4698
v 0.23980000000000001 0.056300000000000003 0.47789999999999999
v 0.27760000000000001 0.082500000000000004 0.4476
v 0.27660000000000001 0.0964 0.46489999999999998
v 0.28289999999999998 0.087999999999999995 0.44290000000000002
v 0.25819999999999999 0.10639999999999999 0.48799999999999999
v 0.25600000000000001 0.094899999999999998 0.48680000000000001
v 0.26050000000000001 0.089899999999999994 0.48039999999999999
v 0.25459999999999999 0.084199999999999997 0.48409999999999997
v 0.254 0.074200000000000002 0.4793
v 0.25090000000000001 0.066299999999999998 0.47610000000000002
v 0.2452 0.061100000000000002 0.47849999999999998
v 0.1061 0.1021 0.53820000000000001
v -0.49890000000000001 0.036999999999999998 0.45860000000000001
v -0.50549999999999995 0.037600000000000001 0.45800000000000002
v 0.13239999999999999 0.024400000000000002 0.43190000000000001
v 0.1079 0.0309 0.43669999999999998
v 0.1167 0.025899999999999999 0.43790000000000001
v 0.11600000000000001 0.023699999999999999 0.4476
v 0.1265 0.023199999999999998 0.44230000000000003
v 0.14219999999999999 0.021000000000000001 0.48430000000000001
v 0.11070000000000001 0.022800000000000001 0.45810000000000001
v 0.1048 0.025700000000000001 0.44940000000000002
v 0.098599999999999993 0.0361 0.43719999999999998
v 0.1055 0.021999999999999999 0.46860000000000002
v 0.10199999999999999 0.023599999999999999 0.45789999999999997
v 0.085999999999999993 0.027699999999999999 0.45760000000000001
v 0.079600000000000004 0.025899999999999999 0.4632
v 0.069900000000000004 0.028199999999999999 0.46289999999999998
v 0.086499999999999994 0.0247 0.46350000000000002
v 0.044400000000000002 0.029399999999999999 0.47070000000000001
v 0.12180000000000001 0.0263 0.43290000000000001
v -0.22989999999999999 0.075399999999999995 0.44679999999999997
v -0.23469999999999999 0.076899999999999996 0.4622
v -0.2427 0.075600000000000001 0.46200000000000002
v -0.115 0.075999999999999998 0.4521
v -0.11119999999999999 0.076300000000000007 0.46029999999999999
v -0.11219999999999999 0.0746 0.46789999999999998
v -0.1026 0.074899999999999994 0.46160000000000001
v -0.1075 0.0717 0.47170000000000001
v -0.098400000000000001 0.072499999999999995 0.46750000000000003
v -0.088999999999999996 0.070599999999999996 0.46820000000000001
v -0.091499999999999998 0.075399999999999995 0.46060000000000001
v -0.083299999999999999 0.072800000000000004 0.46210000000000001
v -0.082699999999999996 0.075399999999999995 0.45090000000000002
v -0.1767 0.067699999999999996 0.63070000000000004
v -0.16800000000000001 0.060299999999999999 0.62670000000000003
v -0.15559999999999999 0.052999999999999999 0.61939999999999995
v -0.1464 0.0436 0.61399999999999999
v -0.13800000000000001 0.044499999999999998 0.61099999999999999
v -0.13850000000000001 0.039800000000000002 0.60819999999999996
v -0.13009999999999999 0.038899999999999997 0.60389999999999999
v -0.082500000000000004 0.108 0.59209999999999996
v -0.1421 0.10929999999999999 0.61580000000000001
v -0.26669999999999999 0.106 0.63160000000000005
v -0.27479999999999999 0.1011 0.62990000000000002
v -0.2802 0.1017 0.62509999999999999
v -0.18729999999999999 0.056899999999999999 0.63490000000000002
v -0.19339999999999999 0.048099999999999997 0.63429999999999997
v -0.1825 0.047 0.63029999999999997
v -0.19339999999999999 0.042599999999999999 0.62990000000000002
v -0.17999999999999999 0.041799999999999997 0.62549999999999994
v -0.1852 0.038699999999999998 0.62350000000000005
v -0.1774 0.037699999999999997 0.61970000000000003
v -0.1774 0.0304 0.60109999999999997
v -0.1774 0.056000000000000001 0.63080000000000003
v -0.16739999999999999 0.052400000000000002 0.62590000000000001
v -0.15629999999999999 0.043799999999999999 0.61819999999999997
v -0.17269999999999999 0.047199999999999999 0.62670000000000003
v -0.16569999999999999 0.041399999999999999 0.62
v -0.1565 0.038699999999999998 0.6139
v -0.1459 0.038600000000000002 0.60919999999999996
v -0.14449999999999999 0.029999999999999999 0.58950000000000002
v -0.16739999999999999 0.030700000000000002 0.60099999999999998
v -0.15509999999999999 0.030599999999999999 0.59509999999999996
v -0.16750000000000001 0.028799999999999999 0.57979999999999998
v -0.52880000000000005 0.048300000000000003 0.56689999999999996
v -0.51859999999999995 0.0441 0.55989999999999995
v -0.51859999999999995 0.050999999999999997 0.56850000000000001
v -0.5081 0.047699999999999999 0.56269999999999998
v -0.5081 0.052600000000000001 0.56810000000000005
v -0.50019999999999998 0.047899999999999998 0.56240000000000001
v -0.49180000000000001 0.048899999999999999 0.56159999999999999
v -0.4819 0.053400000000000003 0.5625
v -0.4783 0.048899999999999999 0.55669999999999997
v -0.46949999999999997 0.050000000000000003 0.55369999999999997
v -0.45950000000000002 0.055199999999999999 0.55430000000000001
v -0.45700000000000002 0.072499999999999995 0.5554
v -0.44650000000000001 0.072700000000000001 0.55049999999999999
v -0.4239 0.072099999999999997 0.54179999999999995
v -0.53410000000000002 0.036299999999999999 0.52780000000000005
v -0.50780000000000003 0.035999999999999997 0.52659999999999996
v -0.50349999999999995 0.036900000000000002 0.5383
v -0.4924 0.037699999999999997 0.53839999999999999
v -0.48780000000000001 0.036799999999999999 0.53310000000000002
v -0.48709999999999998 0.040000000000000001 0.54390000000000005
v -0.4778 0.040599999999999997 0.54290000000000005
v -0.47120000000000001 0.0448 0.54769999999999996
v -0.4924 0.044499999999999998 0.55469999999999997
v -0.51339999999999997 0.0395 0.54969999999999997
v -0.52329999999999999 0.040899999999999999 0.55449999999999999
v -0.52449999999999997 0.037400000000000003 0.54359999999999997
v -0.51400000000000001 0.037499999999999999 0.54369999999999996
v -0.48259999999999997 0.035999999999999997 0.52290000000000003
v -0.47139999999999999 0.036400000000000002 0.5212
v -0.4773 0.037499999999999999 0.53310000000000002
v -0.46550000000000002 0.039199999999999999 0.53369999999999995
v -0.46610000000000001 0.041399999999999999 0.53949999999999998
v -0.4556 0.043499999999999997 0.54079999999999995
v -0.46389999999999998 0.046300000000000001 0.5474
v -0.44800000000000001 0.055599999999999997 0.55020000000000002
v -0.4254 0.064000000000000001 0.54359999999999997
v -0.41549999999999998 0.057700000000000001 0.53800000000000003
v -0.40810000000000002 0.045600000000000002 0.52869999999999995
v -0.41449999999999998 0.045100000000000001 0.52859999999999996
v -0.42149999999999999 0.045100000000000001 0.53100000000000003
v -0.4264 0.048800000000000003 0.53739999999999999
v -0.43459999999999999 0.044699999999999997 0.53620000000000001
v -0.43669999999999998 0.0482 0.54149999999999998
v -0.44379999999999997 0.041599999999999998 0.53280000000000005
v -0.4446 0.047 0.5423
v -0.4546 0.039699999999999999 0.53269999999999995
v -0.43990000000000001 0.0385 0.52400000000000002
v 0.22109999999999999 0.0579 0.49940000000000001
v 0.2114 0.063799999999999996 0.50919999999999999
v 0.21360000000000001 0.0557 0.50419999999999998
v 0.20619999999999999 0.057500000000000002 0.51060000000000005
v 0.2089 0.047199999999999999 0.504
v 0.2056 0.041799999999999997 0.502
v 0.21149999999999999 0.039100000000000003 0.49199999999999999
v 0.214 0.046800000000000001 0.4985
v 0.19800000000000001 0.075999999999999998 0.51990000000000003
v 0.19570000000000001 0.086199999999999999 0.52239999999999998
v 0.1875 0.10440000000000001 0.52680000000000005
v 0.1888 0.1124 0.52549999999999997
v 0.19489999999999999 0.109 0.52470000000000006
v 0.20319999999999999 0.1021 0.52259999999999995
v 0.21490000000000001 0.082500000000000004 0.51380000000000003
v 0.2165 0.073200000000000001 0.50990000000000002
v 0.20610000000000001 0.072499999999999995 0.51539999999999997
v 0.2044 0.082000000000000003 0.51870000000000005
v -0.59770000000000001 0.039399999999999998 0.54379999999999995
v -0.59760000000000002 0.042799999999999998 0.55320000000000003
v -0.58550000000000002 0.043499999999999997 0.55840000000000001
v -0.58950000000000002 0.047100000000000003 0.56299999999999994
v -0.58099999999999996 0.052200000000000003 0.56910000000000005
v -0.59209999999999996 0.053100000000000001 0.56759999999999999
v -0.59140000000000004 0.062300000000000001 0.57250000000000001
v -0.60270000000000001 0.057299999999999997 0.56630000000000003
v -0.60160000000000002 0.067799999999999999 0.56989999999999996
v -0.61070000000000002 0.062100000000000002 0.56299999999999994
v -0.62639999999999996 0.078299999999999995 0.54859999999999998
v -0.63129999999999997 0.085099999999999995 0.54369999999999996
v -0.62690000000000001 0.095000000000000001 0.54520000000000002
v -0.62949999999999995 0.0395 0.51219999999999999
v -0.64790000000000003 0.050200000000000002 0.52580000000000005
v -0.64270000000000005 0.050700000000000002 0.53149999999999997
v -0.6472 0.059999999999999998 0.53110000000000002
v -0.64200000000000002 0.056099999999999997 0.53610000000000002
v -0.64200000000000002 0.063500000000000001 0.53669999999999995
v -0.63619999999999999 0.058400000000000001 0.54110000000000003
v -0.62680000000000002 0.067500000000000004 0.55020000000000002
v -0.65029999999999999 0.043099999999999999 0.50090000000000001
v -0.65500000000000003 0.046899999999999997 0.50780000000000003
v 0.2457 0.0654 0.4854
v 0.25059999999999999 0.074399999999999994 0.48499999999999999
v 0.24110000000000001 0.065000000000000002 0.48980000000000001
v 0.2457 0.073099999999999998 0.49059999999999998
v 0.25 0.094299999999999995 0.49149999999999999
v 0.23980000000000001 0.072300000000000003 0.49509999999999998
v 0.24099999999999999 0.083299999999999999 0.49690000000000001
v 0.2351 0.092899999999999996 0.50260000000000005
v -0.60540000000000005 0.0964 0.56079999999999997
v -0.59730000000000005 0.084599999999999995 0.5716
v -0.60140000000000005 0.076999999999999999 0.56999999999999995
v -0.59060000000000001 0.081900000000000001 0.57530000000000003
v -0.59119999999999995 0.072599999999999998 0.57489999999999997
v -0.58160000000000001 0.078899999999999998 0.57809999999999995
v -0.58030000000000004 0.0717 0.57740000000000002
v -0.57140000000000002 0.076200000000000004 0.57969999999999999
v -0.57040000000000002 0.067100000000000007 0.57789999999999997
v -0.53959999999999997 0.064199999999999993 0.57820000000000005
v -0.52839999999999998 0.067199999999999996 0.57709999999999995
v -0.52780000000000005 0.076999999999999999 0.57769999999999999
v -0.52000000000000002 0.070699999999999999 0.57509999999999994
v -0.50880000000000003 0.075499999999999998 0.57169999999999999
v -0.50419999999999998 0.087300000000000003 0.56699999999999995
v -0.51070000000000004 0.095500000000000002 0.56950000000000001
v -0.52000000000000002 0.097600000000000006 0.57289999999999996
v -0.52410000000000001 0.087599999999999997 0.57609999999999995
v -0.57110000000000005 0.094700000000000006 0.5786
v -0.56059999999999999 0.086599999999999996 0.58079999999999998
v -0.54010000000000002 0.080299999999999996 0.5806
v -0.53439999999999999 0.088099999999999998 0.57899999999999996
v -0.54100000000000004 0.0969 0.57809999999999995
v -0.57169999999999999 0.087900000000000006 0.5796
v -0.58030000000000004 0.086300000000000002 0.57809999999999995
v 0.053600000000000002 0.022499999999999999 0.50549999999999995
v 0.10630000000000001 0.025600000000000001 0.52300000000000002
v 0.1166 0.026100000000000002 0.52170000000000005
v 0.1173 0.030599999999999999 0.52849999999999997
v 0.12709999999999999 0.034000000000000002 0.52959999999999996
v 0.1164 0.035499999999999997 0.53339999999999999
v 0.12139999999999999 0.0448 0.53469999999999995
v 0.114 0.042999999999999997 0.53610000000000002
v 0.12189999999999999 0.023699999999999999 0.51219999999999999
v 0.1245 0.027 0.52059999999999995
v 0.13239999999999999 0.029999999999999999 0.52429999999999999
v 0.1353 0.0356 0.52900000000000003
v 0.1416 0.029899999999999999 0.52100000000000002
v 0.14319999999999999 0.037999999999999999 0.52759999999999996
v 0.1532 0.035999999999999997 0.52390000000000003
v 0.154 0.045100000000000001 0.52700000000000002
v 0.1633 0.0453 0.52510000000000001
v 0.16120000000000001 0.051799999999999999 0.52629999999999999
v 0.1792 0.045499999999999999 0.52029999999999998
v 0.1832 0.036799999999999999 0.51349999999999996
v 0.1802 0.032399999999999998 0.50749999999999995
v 0.1696 0.032099999999999997 0.51259999999999994
v 0.16389999999999999 0.035099999999999999 0.51919999999999999
v 0.1535 0.031199999999999999 0.51829999999999998
v 0.1716 0.039300000000000002 0.51990000000000003
v 0.17699999999999999 0.035700000000000003 0.51459999999999995
v 0.037199999999999997 0.023300000000000001 0.50549999999999995
v 0.058200000000000002 0.023300000000000001 0.5161
v 0.089700000000000002 0.023699999999999999 0.5161
v 0.037900000000000003 0.023599999999999999 0.52139999999999997
v 0.061499999999999999 0.0395 0.5464
v 0.068699999999999997 0.0436 0.54590000000000005
v 0.081199999999999994 0.053600000000000002 0.54300000000000004
v 0.088999999999999996 0.053100000000000001 0.54120000000000001
v 0.090999999999999998 0.075499999999999998 0.54090000000000005
v 0.070699999999999999 0.064100000000000004 0.54379999999999995
v 0.059499999999999997 0.064600000000000005 0.54569999999999996
v 0.1009 0.054600000000000003 0.53869999999999996
v 0.10680000000000001 0.044200000000000003 0.53759999999999997
v 0.1061 0.034299999999999997 0.53480000000000005
v 0.1061 0.029600000000000001 0.52939999999999998
v 0.0746 0.029100000000000001 0.53490000000000004
v 0.096100000000000005 0.038899999999999997 0.53969999999999996
v 0.085099999999999995 0.034500000000000003 0.53969999999999996
v 0.096299999999999997 0.049299999999999997 0.54039999999999999
v -0.57040000000000002 0.056800000000000003 0.57350000000000001
v -0.56000000000000005 0.056899999999999999 0.57479999999999998
v -0.52980000000000005 0.057099999999999998 0.57410000000000005
v -0.54949999999999999 0.040300000000000002 0.55449999999999999
v -0.55010000000000003 0.037499999999999999 0.54369999999999996
v -0.51249999999999996 0.060400000000000002 0.57299999999999995
v -0.5081 0.067500000000000004 0.57279999999999998
v -0.50549999999999995 0.058400000000000001 0.57189999999999996
v -0.50019999999999998 0.061199999999999997 0.56999999999999995
v -0.49170000000000003 0.062799999999999995 0.56689999999999996
v -0.48820000000000002 0.083699999999999997 0.5605
v -0.48330000000000001 0.087999999999999995 0.55689999999999995
v -0.46560000000000001 0.074200000000000002 0.55730000000000002
v -0.46960000000000002 0.060699999999999997 0.56000000000000005
v -0.47639999999999999 0.063100000000000003 0.56220000000000003
v -0.48449999999999999 0.064299999999999996 0.56479999999999997
v -0.48449999999999999 0.058999999999999997 0.56479999999999997
v -0.56000000000000005 0.038699999999999998 0.54930000000000001
v -0.65610000000000002 0.060199999999999997 0.51949999999999996
v -0.65290000000000004 0.0511 0.52029999999999998
v -0.65200000000000002 0.057099999999999998 0.52500000000000002
v -0.65859999999999996 0.065699999999999995 0.51480000000000004
v -0.65100000000000002 0.088200000000000001 0.51549999999999996
v -0.65249999999999997 0.065100000000000005 0.52439999999999998
v -0.62229999999999996 0.0395 0.52139999999999997
v -0.61370000000000002 0.040000000000000001 0.53320000000000001
v -0.62749999999999995 0.045600000000000002 0.53710000000000002
v -0.61719999999999997 0.043900000000000002 0.54239999999999999
v -0.62839999999999996 0.056500000000000002 0.54730000000000001
v -0.62309999999999999 0.059999999999999998 0.55320000000000003
v -0.63139999999999996 0.050700000000000002 0.54079999999999995
v -0.60840000000000005 0.041500000000000002 0.54400000000000004
v -0.60709999999999997 0.047199999999999999 0.55589999999999995
v -0.59719999999999995 0.0482 0.56220000000000003
v -0.60809999999999997 0.053400000000000003 0.56120000000000003
v -0.61619999999999997 0.057099999999999998 0.5575
v -0.63400000000000001 0.042999999999999997 0.52559999999999996
v -0.63729999999999998 0.050000000000000003 0.53600000000000003
v -0.3664 0.037400000000000003 0.52810000000000001
v -0.35659999999999997 0.035799999999999998 0.53310000000000002
v -0.36449999999999999 0.040099999999999997 0.53700000000000003
v -0.35639999999999999 0.038699999999999998 0.54359999999999997
v -0.35870000000000002 0.043999999999999997 0.55100000000000005
v -0.36399999999999999 0.0521 0.55179999999999996
v -0.34570000000000001 0.034500000000000003 0.53800000000000003
v -0.35310000000000002 0.039300000000000002 0.55030000000000001
v -0.34350000000000003 0.038300000000000001 0.55789999999999995
v -0.34849999999999998 0.050599999999999999 0.56779999999999997
v -0.33300000000000002 0.037400000000000003 0.56840000000000002
v -0.32500000000000001 0.035000000000000003 0.56979999999999997
v -0.32500000000000001 0.034200000000000001 0.55920000000000003
v -0.3145 0.0339 0.56969999999999998
v -0.33550000000000002 0.035700000000000003 0.55930000000000002
v -0.34300000000000003 0.042700000000000002 0.56720000000000004
v -0.3755 0.040300000000000002 0.52700000000000002
v -0.38919999999999999 0.072800000000000004 0.52659999999999996
v -0.39000000000000001 0.078200000000000006 0.52470000000000006
v -0.38400000000000001 0.069800000000000001 0.53100000000000003
v -0.38990000000000002 0.067299999999999999 0.52639999999999998
v -0.39000000000000001 0.062199999999999998 0.52729999999999999
v -0.39000000000000001 0.046399999999999997 0.52729999999999999
v -0.38450000000000001 0.047100000000000003 0.52990000000000004
v -0.3795 0.044699999999999997 0.53110000000000002
v -0.37940000000000002 0.0533 0.53580000000000005
v -0.37459999999999999 0.045400000000000003 0.53559999999999997
v -0.374 0.053100000000000001 0.54079999999999995
v -0.36880000000000002 0.052200000000000003 0.54600000000000004
v -0.38540000000000002 0.051400000000000001 0.53069999999999995
v -0.39000000000000001 0.054199999999999998 0.52859999999999996
v 0.1419 0.050000000000000003 0.53000000000000003
v 0.1278 0.055100000000000003 0.53290000000000004
v -0.29239999999999999 0.032500000000000001 0.53249999999999997
v 0.037900000000000003 0.090300000000000005 0.55249999999999999
v 0.035200000000000002 0.046699999999999998 0.5544
v 0.0275 0.046600000000000003 0.55630000000000002
v 0.031899999999999998 0.0378 0.55220000000000002
v 0.021999999999999999 0.038300000000000001 0.55579999999999996
v 0.022100000000000002 0.033000000000000002 0.55079999999999996
v 0.0138 0.033700000000000001 0.55510000000000004
v 0.080699999999999994 0.10440000000000001 0.54120000000000001
v -0.0094000000000000004 0.068099999999999994 0.56659999999999999
v 0.0070000000000000001 0.063299999999999995 0.5605
v 0.017299999999999999 0.063600000000000004 0.55700000000000005
v 0.0050000000000000001 0.050500000000000003 0.56330000000000002
v 0.016899999999999998 0.047600000000000003 0.55889999999999995
v 0.0037000000000000002 0.043299999999999998 0.56369999999999998
v 0.0746 0.033500000000000002 0.54039999999999999
v -0.61019999999999996 0.088900000000000007 0.55969999999999998
v -0.60850000000000004 0.080199999999999994 0.56379999999999997
v -0.58040000000000003 0.061600000000000002 0.57450000000000001
v -0.61550000000000005 0.089399999999999993 0.5544
v -0.42059999999999997 0.052999999999999999 0.53810000000000002
v -0.41399999999999998 0.049799999999999997 0.53310000000000002
v -0.029100000000000001 0.0287 0.5585
v -0.019800000000000002 0.029000000000000001 0.55579999999999996
v -0.24629999999999999 0.031699999999999999 0.55900000000000005
v -0.33210000000000001 0.080000000000000002 0.59589999999999999
v -0.32719999999999999 0.079600000000000004 0.60150000000000003
v -0.32150000000000001 0.084400000000000003 0.60670000000000002
v -0.32179999999999997 0.073599999999999999 0.60599999999999998
v -0.31269999999999998 0.064299999999999996 0.6109
v -0.30209999999999998 0.061800000000000001 0.61629999999999996
v -0.31109999999999999 0.0521 0.60919999999999996
v -0.30199999999999999 0.052499999999999998 0.61539999999999995
v -0.3034 0.043799999999999999 0.60960000000000003
v -0.29570000000000002 0.0441 0.61429999999999996
v -0.29680000000000001 0.038699999999999998 0.60589999999999999
v -0.28810000000000002 0.038800000000000001 0.61209999999999998
v -0.28110000000000002 0.0356 0.61070000000000002
v -0.27450000000000002 0.034200000000000001 0.61119999999999997
v -0.31869999999999998 0.054199999999999998 0.60470000000000002
v -0.32179999999999997 0.063799999999999996 0.60519999999999996
v -0.19839999999999999 0.030700000000000002 0.60099999999999998
v -0.24099999999999999 0.031399999999999997 0.60109999999999997
v -0.23050000000000001 0.031199999999999999 0.60629999999999995
v -0.224 0.038399999999999997 0.62790000000000001
v -0.23580000000000001 0.037900000000000003 0.62719999999999998
v -0.23580000000000001 0.051299999999999998 0.64200000000000002
v -0.22 0.031800000000000002 0.61170000000000002
v -0.214 0.033099999999999997 0.6169
v -0.21279999999999999 0.0385 0.62749999999999995
v -0.21410000000000001 0.045199999999999997 0.63649999999999995
v -0.20300000000000001 0.040300000000000002 0.62890000000000001
v -0.2036 0.046199999999999998 0.63580000000000003
v -0.22459999999999999 0.057599999999999998 0.6431
v -0.22600000000000001 0.064799999999999996 0.64319999999999999
v -0.2351 0.068000000000000005 0.64400000000000002
v -0.24560000000000001 0.076499999999999999 0.64290000000000003
v -0.26029999999999998 0.1019 0.6371
v -0.224 0.050799999999999998 0.64119999999999999
v -0.20949999999999999 0.031099999999999999 0.60629999999999995
v -0.20230000000000001 0.033700000000000001 0.61580000000000001
v -0.1918 0.0339 0.61570000000000003
v -0.19309999999999999 0.037900000000000003 0.62419999999999998
v -0.056599999999999998 0.031699999999999999 0.57140000000000002
v -0.088099999999999998 0.097299999999999998 0.5948
v -0.10390000000000001 0.074700000000000003 0.59960000000000002
v -0.092700000000000005 0.070900000000000005 0.59470000000000001
v -0.104 0.040599999999999997 0.59660000000000002
v -0.1144 0.039100000000000003 0.5988
v -0.12280000000000001 0.040599999999999997 0.60299999999999998
v -0.088099999999999998 0.076300000000000007 0.59319999999999995
v -0.082799999999999999 0.045999999999999999 0.59260000000000002
v -0.093399999999999997 0.040300000000000002 0.59289999999999998
v -0.1041 0.036200000000000003 0.5917
v -0.1144 0.035000000000000003 0.59289999999999998
v -0.14799999999999999 0.072999999999999995 0.61670000000000003
v -0.2757 0.068500000000000005 0.63780000000000003
v -0.2747 0.075899999999999995 0.63790000000000002
v -0.0385 0.033500000000000002 -0.1656
v -0.021399999999999999 0.040300000000000002 -0.18379999999999999
v -0.029700000000000001 0.042900000000000001 -0.18740000000000001
v 0.1704 0.0327 -0.094600000000000004
v -0.41089999999999999 0.039100000000000003 -0.21820000000000001
v -0.40410000000000001 0.046800000000000001 -0.22739999999999999
v 0.2039 0.046399999999999997 -0.027900000000000001
v 0.24809999999999999 0.0344 0.18440000000000001
v -0.36449999999999999 0.043299999999999998 0.25190000000000001
v -0.37359999999999999 0.047100000000000003 0.24729999999999999
v -0.38329999999999997 0.0453 0.27010000000000001
v -0.6472 0.042000000000000003 0.33989999999999998
v -0.1363 0.0722 0.47910000000000003
v -0.28120000000000001 0.071900000000000006 0.4284
v -0.28720000000000001 0.064399999999999999 0.44519999999999998
v -0.42479999999999979 0.030200000000000012 0.1267999999999998
v -0.59280448061584712 0.033600359526825635 0.074384980963089278
v -0.36030300424366046 0.039400456464573755 0.26361797281498822
v 0.13770770304308819 0.029599232950781949 0.097694171769149407
v 0.32149952705539325 0.026299006507774284 0.21089253061479318
v -0.44578539704567688 0.034799575870535032 0.49598344673648503
v 0.0042516132711004559 0.037441010403372187 0.20768533181389237
v -0.041396361718852512 0.066623122102148311 0.45646177998489018
v 0.17267968163220099 0.036344377964728336 0.10549269380764346
v 0.13692997646424876 0.028897192518528146 -0.11044849338382746
v 0.13304792540729451 0.044665925394562621 0.53187940392109434
v -0.31916889528872949 0.060539678003918761 0.12748624606217371
v 0.10841445894229071 0.030701470149123743 0.11608914078757597
v -0.53102031594416788 0.034099120914918582 -0.014340909457025826
v -0.13620437819493911 0.089436457686734527 0.61294827985741795
v -0.42013016481334903 0.035216509413795824 -0.15712219426411553
v 0.41447383306210228 0.08590627796537724 0.32537421638012992
v -0.037532408308281251 0.092098373128290195 0.57682718537840438
v 0.44338418269208052 0.068806600480031566 0.22586537896322731
v -0.39278155028346823 0.049507381317668131 0.21577346072545459
v -0.18272443788534423 0.075405237009887341 0.067421671498826441
v -0.41831568186463414 0.048825359547419865 0.18994510418661087
v 0.029525849297361861 0.057083627642082059 0.066284926675230671
v -0.057331520261284394 0.069294106682859125 0.25172861150316977
v -0.44623289451080811 0.048989411604910688 0.19978296131611373
v 0.18828516779115612 0.077238034416737877 -0.14212574983536697
v -0.31245290944120785 0.042904518319172663 0.18177417787001421
v -0.63510274132898803 0.038818809327061228 0.45995266023608178
v -0.37839597909373246 0.066593825930790551 -0.07414293824147615
v -0.09853833627395199 0.06940018998802773 0.26184052798885282
v 0.0077432534833980137 0.032260039072108684 0.48328801500403773
v -0.20365607423352269 0.08202370621352828 -0.095286276298865505
v -0.22546158769312499 0.070990700238414556 0.37238066487189453
v -0.68267427452926455 0.035617776485812276 0.10020063689117045
v -0.56654033568548678 0.037383522489822317 0.44362165197924475
v -0.59905197926289155 0.03556361637169838 0.33168976534754818
v -0.5774277500722369 0.036900055612823349 0.38619960138986409
v -0.31021474586254943 0.081161756994198489 -0.027210218467049015
v -0.058261902786296942 0.073979321316392871 0.1151757372179306
v 0.14808225359238486 0.030793114915509383 -0.12241874999691643
v -0.26138299199765502 0.062603669608114643 -0.2307969687045158
v -0.2379402951503562 0.035693257560544957 -0.14576374875994491
v 0.18309720469376375 0.023013721212278151 0.41342360837816655
v -0.073785981294748781 0.069848520801413683 0.30640699853870285
v 0.16689674407649549 0.085677514425060552 -0.1674578220504683
v -0.49186608290927403 0.05670840494682361 -0.10801314082155586
v 0.098923922548920365 0.060949260198977714 0.40734842307711433
v -0.21482370952491356 0.07642067546424347 0.067118491711227024
v -0.39003142243097016 0.085011619019563431 0.52271395218901939
v -0.28824015689856736 0.084097078368249187 -0.089199887846825726
v -0.073915421783297783 0.077597810028315992 0.047837103959904245
v -0.29059923932875226 0.07050771613027966 0.41857124421783348
v -0.5420038931107144 0.035806987085780409 -0.026620274770814061
v 0.2451253408920426 0.026352741804255252 0.30767848513830431
v 0.37812059531886388 0.044456625723327009 0.11469426699817457
v -0.41543565411136202 0.048379538622067911 0.25741451726193904
v 0.00037415231310667025 0.069502248434410469 0.30401045218273093
v -0.40780927190212607 0.043328091628428912 0.31609180964498407
v -0.53832356912736024 0.036699632255440227 0.39091733571854914
v -0.52793971649315541 0.035919042007017919 0.5211792636395467
v 0.50019517753581078 0.10014406041556285 0.25591344790243631
v -0.55005924517618199 0.037176722803522744 0.44652804061071694
v -0.37443855614161453 0.033089285780729311 0.18745966662921895
v 0.057019375008186962 0.022710527289913084 0.18713801333768137
v -0.26515731599408965 0.032337735754212352 0.56449724894928199
v -0.29150421920516523 0.03376841734076684 0.52238010058629769
v -0.47890192356987676 0.036291814842381365 0.45810071986403517
v -0.43696447688099677 0.045978732215752112 0.275410102625332
v -0.29399168651356217 0.08430193107297794 -0.078759089218899389
v -0.0037251055527735642 0.023786947320076194 0.52640648667585599
v 0.49245555994959361 0.092799385921324404 0.2389098914850564
v 0.092907796628206016 0.027372333548528607 0.45485420691969547
v -0.5718298853306194 0.033213053195264963 0.13996946939032381
v -0.59714824342237449 0.036296535081846701 0.37460360541683746
v 0.24488253955050321 0.044628990335018645 0.43236399568804967
v -0.21360606601251 0.05835565065846271 0.50329299761344182
v -0.030404922781670177 0.096954656942502909 -0.2008684220232721
v 0.2601704824129043 0.038954732045194465 0.3386419224136451
v 0.16841194269334267 0.030766297314391827 -0.073288667712265887
v 0.24257996707485896 0.034797475795150093 0.17981933429440694
v 0.1027040745634315 0.032303775778259852 0.33178090022311374
v -0.4009547805953198 0.034187467679052112 0.48437732921682825
v -0.52797585266759139 0.035524321635909975 0.28913496366710478
v -0.15348711181085717 0.074204108861194884 0.42551010504212261
v -0.19742555878111651 0.080233069654760875 -0.023773901134124784
v 0.27473871059114735 0.035111186552504885 0.30625568380861101
v -0.08959484808896144 0.074690173433500998 0.11040314955278081
v -0.46442342582947588 0.035069932386619769 -0.064523111704778383
v 0.24815891268912152 0.029092386059390837 0.069160842593396707
v 0.50829736696968852 0.10829001754434291 0.27163879437278576
v 0.37400059492133558 0.049327316136333448 0.090027479379834852
v 0.13517091184105809 0.026056998888225009 0.27591088814964032
v 0.048280589450067156 0.024687707502417715 0.17089193896179161
v -0.32136711022650577 0.037490950119187759 0.47903390775269383
v -0.23272526793557563 0.082867211505590122 -0.085619472009457867
v -0.48515422474048042 0.036852011284185179 0.43900480236083045
v -0.3809889078809241 0.043311946546213467 0.094651226351477144
v 0.21473328629829508 0.024934175930009982 0.33007713819521012
v -0.37988268263704245 0.070637733818303391 -0.065634496329283878
v -0.39095559741946023 0.051180482967950663 -0.081066915584009039
v -0.056592074627975102 0.079373487736693615 0.016211555653775266
v 0.080525779084369573 0.023596884873606144 0.19271431313146509
v 0.45870242888281337 0.072787664616945497 0.15089928940270164
v -0.24979071839135369 0.031835786047988139 0.60103134791693769
v -0.1643889559129203 0.069800002692151711 0.29268825555001066
v -0.31211634319911835 0.052334667117390432 0.44257233839845389
v 0.21478411197983954 0.036282636256616901 0.19358808027343116
v -0.46443153818774074 0.03329515159164486 0.35694071114015641
v -0.37765758801472493 0.033994883615658361 -0.19975812374704049
v -0.2812426553403643 0.076583949899525536 0.089809878360406326
v 0.13699833051727367 0.027204444599716569 -0.080005367547912251
v 0.21089207305609112 0.035065723083864277 0.24148798788086168
v -0.26468743594864741 0.049006422887910579 0.50295680360758521
v -0.51492088983125861 0.03575628793806452 0.31023243676895251
v -0.48793725343354488 0.036491815071931007 0.40118586390929079
v -0.39565196799611574 0.047303813203277423 0.067380972391908073
v -0.19875918085208716 0.069402066734664036 0.27726494855329498
v -0.20210879582731198 0.084499299918537996 -0.22192368633333193
v 0.33027332147402549 0.077607846052718657 0.35226706952443904
v -0.29890030349649888 0.084588188522343011 -0.090048508536746188
v -0.43006353793622615 0.040869359878044458 0.52766405510278003
v 0.38616182949308381 0.05480250603022227 0.27028933635404245
v 0.28847252879327412 0.032227385192141071 0.28346947487385554
v -0.16846127059601135 0.082387172682359747 -0.063090114751729612
v -0.18868456268372757 0.087495212634402367 0.6342310660353796
v 0.068818990809626265 0.022438825791947593 0.48406850120464445
v 0.43125627561077146 0.059331888441414661 0.18073606162272618
v -0.22362985650353695 0.076382419394500883 0.45664110921780443
v -0.27734481010892981 0.03188565778176447 -0.17811969687032339
v -0.14110226063050843 0.075488551061923093 0.062137455767876028
v -0.090823687435527489 0.070283897527736824 0.22541566749907771
v 0.092020808992833908 0.047799980726466067 0.34120295129074435
v -0.60998111470341698 0.034338851910065742 0.10938802767827781
v -0.078478767246974931 0.07438279180728842 0.11454696686502301
v -0.26258644269581577 0.03789259336181458 -0.21299525957905938
v -0.15733827542873655 0.081614901285665981 -0.049538177791031639
v -0.17368328058127935 0.094614839025211589 0.62857874708182215
v -0.48811383608310377 0.034730690684313822 0.34088181536590378
v -0.42984763461403691 0.048815732850871117 0.18562789930004001
v -0.48464604574538744 0.036515739841254252 0.41470555077849414
v -0.39366870367706608 0.035112647156455228 -0.15596529051552324
v 0.23614245540983206 0.03907666018652154 0.43956239952337112
v -0.39370915490147174 0.047475865722382736 0.26132926827032421
v -0.25618077936001754 0.064256365535805562 -0.12520056618931949
v -0.58246408015680229 0.034013028202725795 0.049029882640586088
v 0.26335335704917973 0.035235521979325148 0.063271720097844472
v -0.48256877484856942 0.0367921681291494 0.46972780700611638
v -0.22524842878069301 0.072580056396808063 0.17793440782946227
v 0.038750683342509973 0.046766277425995276 0.063318036526753663
v -0.65516164920750397 1.5676552056602922 -0.46373324796273285
v 0.50421011017695161 0.10824603849173942 0.27922262009827592
v -0.55147479583493109 0.036536488319121437 0.38713764863921513
v -0.41553237467880239 0.046784489629429458 0.27673571766528493
v -0.389440192145798 0.059773671635387805 -0.068294427982749567
v -0.26923382850350425 0.031752932729054772 -0.18953877127798924
v -0.09408109030327573 0.079665569315516174 -0.0077620209115159336
v -0.39743554397166986 0.037865451626398934 -0.11015974621073676
v -0.29226530666405465 0.044678386942453574 0.2284979324209794
v -0.15793099401377245 0.073897930704070289 0.12769082414542501
v -0.19814733593619266 0.074782928060112192 0.099628439417112011
v -0.26410121580598089 0.063939787687880015 0.47164133912229045
v -0.058321365550551396 0.070760701794897046 0.20041508437481184
v -0.41006636718268186 0.042955808843735475 0.059997394795151315
v -0.29752073396308509 0.061893032042974222 0.43694314008886653
v -0.17250049036364878 0.06983217765743284 0.48849176399725669
v -0.10344390676003065 0.079192335561198035 0.0095344684504115908
v -0.084802752103004128 0.079461364298289761 0.0036604703892956711
v -0.19955666987042464 0.036309486583508722 0.54135396387255852
v -0.43864768516888081 0.06291058947053095 0.54883101341808471
v -0.60479770222823037 0.034698356688322045 0.27844921174250364
v -0.16363815437857135 0.028440456281959303 0.56396894156717736
v 0.10877015585790736 0.055025265971375768 0.36241624813893852
v -0.23439499450065671 0.070480909942240294 0.21966824596732162
v -0.55610142995348788 0.036882150567827413 0.51204214541492288
v -0.25375302400767513 0.06755837384456595 0.47227429813660199
v -0.094887255874841245 0.070851111243352777 0.35220508220854801
v -0.60930367327016965 0.035836449470856083 0.31279902607577503
v 0.41929687300043256 0.069697346639080143 0.28102218847633065
v 0.13531317140747753 0.022926082234180297 0.067147402960554672
v 0.42953029437302176 0.087006749905003095 0.31615856940338982
v -0.21680424624248743 0.073452254757063018 0.14596023114818313
v -0.076919945092981959 0.072687331178781026 0.16027619966257128
v -0.31125696165102862 0.033541661750114013 0.54398023536490647
v 0.15323906227426431 0.066618404078368221 0.52867856207306851
v 0.10100609986124315 0.026554193734720316 0.033170901965055094
v 0.28718651279696827 0.033797091798410533 0.078883911723069952
v 0.10836171687415905 0.031354072012032212 -0.14899983577748374
v -0.07158243152137217 0.075645620442249345 0.085472808278409543
v -0.22954479467431341 0.073209202783774754 0.14634014517820224
v -0.1012122262976438 0.074656633096152683 0.10764453368232642
v -0.38712819617429761 0.049358997722330794 0.23690780071358139
v 0.45806382618335806 0.075364076957928433 0.11790610855955826
v 0.17276299986860735 0.07304994889298462 -0.15332487452243862
v 0.14168242927853811 0.027588073075788193 -0.069174032042329192
v 0.20473505720459986 0.024456460880726241 0.31923692429504341
v -0.59164094450318661 0.034219956133771268 0.29973452696125391
v 0.056703514250121344 0.063736422823524999 0.017608000609897805
v -0.05693870182047174 0.032504492554604553 0.50720874681953099
v -0.29873204216172705 0.064745695069284501 -0.23810239544807268
v -0.056876988511550867 0.075450878378932593 0.07914807011288176
v -0.19944050630630539 0.069972854809297408 0.29871983206238145
v -0.30075755019328637 0.039313227936504942 0.27107517415184951
v -0.35389155219166957 0.069017012346590759 0.061497881974632546
v -0.11612874106490342 0.10452362073207391 0.60497122831628736
v 0.10688820636976171 0.035671853358582313 0.3401808141273801
v -0.18237265234571776 0.070956722902844271 0.34735650539535845
v -0.62344984949409443 0.037567738817650555 0.38195923915703422
v 0.00064583603497625074 0.030803209597968187 -0.15431135215071967
v 0.25863545933523746 0.033831175853045944 0.32495086255701089
v -0.71910473029291389 0.038853672264956479 0.11259065046220942
v -0.52967747921283792 0.032199642618863766 0.13895565984767411
v 0.24785272128704083 0.038317696555622165 0.38178165401209413
v -0.49861971547764966 0.034177509886974169 -0.035007009108864437
v -0.28385890803907188 0.051472316268560844 0.25283406465532771
v -0.16708782193573452 0.070043536782369423 0.30760564810204016
v 0.26667551255274569 0.046304370511334868 0.35372414779854716
v 0.40784181830227334 0.081514108832345597 0.040866309577259466
v -0.18481592697934635 0.078019967701659546 0.63284127956583902
v -0.30214857153550323 0.08040073257042972 -0.014642505988168979
v 0.42228275385661146 0.08459429587450569 0.31668200612534131
v 0.25756431240207955 0.054785431677357312 0.43099169477270532
v -0.025463323223690045 0.073767870876518843 0.41090569610823696
v -0.31530758241744172 0.040805660243779553 0.47595689872003227
v 0.1868328827670408 0.023818618186741997 0.32080597726132043
v -0.62854300150895204 0.034836098310664643 0.15195740853839487
v -0.38958134716256365 0.044200945786759309 0.29731940349646424
v 0.25770298445172524 0.026646055376181338 0.29547811097414561
v -0.3702188443163989 0.030703112034268083 0.36193184622699981
v -0.60509800679725234 0.037980851267010042 0.49456121039121659
v -0.10567176372871451 0.07283794338132546 0.15364975114625951
v -0.47585315042169396 0.036579199464482785 0.40135482716268062
v -0.15006186443453212 0.057384419672793216 -0.1156397816163461
v -0.36987857307759159 0.037549644106061444 0.19865159690182185
v -0.48089494250790071 0.033097694389625121 0.052587359826332621
v -0.20901564914503767 0.077933391206902972 0.029175762597777533
v -0.27936534892642062 0.080160666842127734 -0.012669343200090534
v -0.23986743424144188 0.076526408751452044 0.069298210505076466
v 0.20479894284865757 0.025130628831467938 0.35152778160755282
v -0.32080993697488114 0.064681248478802314 0.11333478614566028
v -0.38943566264859475 0.032325155088831638 0.38940987846510017
v -0.59018752795405371 0.033858522102660556 0.039315588967939408
v 0.023918153818432632 0.045768981381467712 0.2764628934375073
v 0.015947677386367553 0.029240269648819605 0.17775960146425784
v -0.1202296552796383 0.07654929820888641 0.055824067298924369
v -0.059983388056574258 0.070933607577923358 0.36642670630360896
v 0.50828748290238746 0.095405909264751051 0.1718433070796089
v -0.46459574550439919 0.036341583258994704 0.44564584575010902
v -0.25527413347349848 0.050336319557949233 0.50532986727589035
v 0.38138296709919672 0.041611063919215471 0.13576329721929634
v -0.025897783254079907 0.068820994417251341 0.24607966251297697
v -0.62873570357491282 0.035442799951017651 0.21963498956151359
v -0.68885663710856404 0.038206509960804894 0.045588367950754931
v -0.15727409524318522 0.081255117265405893 -0.026464804389990937
v 0.147322614023845 0.02356258253984703 0.29857469052624397
v -0.19327876332867411 0.071605617688654644 0.18775359046952528
v 0.059214493147938509 0.029276289806545546 -0.14296913529913433
v -0.073429695718290014 0.081030321146431744 -0.022149409879658803
v 0.18854233142002932 0.024453975052786434 0.36515583241403576
v 0.18008802796555337 0.023605111071031318 0.47417040162345964
v 0.00084385891221966283 0.068303196852003048 0.094358787064777488
v -0.57295435943693207 0.03667588362355894 0.51700449953547911
v 0.0055742679562665303 0.072806561539720052 0.37859193202997721
v 0.31701576423182282 0.046168420396945131 0.29783186808951512
v -0.002408848351479712 0.045350245392675452 0.15943560916997626
v -0.62520854586599639 0.034747602861782953 0.18328971098949254
v 0.090369856597405776 0.023762493745313928 0.23861830450589552
v 0.45072312385915309 0.081716458287864766 0.27470684458899586
v -0.020470122850808986 0.078130140749817931 0.039258334553548636
v 0.22475155628780868 0.08153310067796754 -0.050066558309340772
v -0.18116596048090428 0.029079896904016161 0.58326088381957319
v -0.60456101897273296 0.037733385640572381 0.46609340710421043
v 0.23340434188618545 0.035156897896269149 0.17635951388628729
v 0.49431940229424837 0.099549204490546259 0.098702274471438187
v 0.37932420460093919 0.087485792133289303 0.33976942567699486
v -0.70046395589143973 0.03709752179579575 0.12928580301115716
v -0.087116773766052188 0.038814838870059085 0.50923687384784599
v 0.37859235289908644 0.088167440222918489 0.021285485712001905
v -0.52628268094875186 0.037407288878985867 0.46584598586881065
v -0.08169346824945227 0.070093806503906175 0.3475468712246027
v 0.19522579946945667 0.024078424368286205 0.40486245098615747
v -0.29435520745719429 0.05646196970108458 0.31282765038742244
v -0.59750423522740259 0.037690999278620296 0.501819267821072
v -0.34805757514045838 0.08378158911285688 -0.050848944524966619
v 0.16572751117448895 0.024074667049639824 0.34166887254016653
v 0.48116881861294836 0.089104884023252146 0.24698758090126238
v -0.17840836408180591 0.048826596767630591 0.5187257912932024
v -0.52111760809185448 0.034101916019996528 -0.0034647108877950607
v -0.24101917800085282 0.069437337405627311 0.2716691895328649
v -0.14224676160539695 0.080074084931643613 -0.011024592007674095
v 0.0029935066021374666 0.044242340161648561 0.13761783232939112
v -0.057595944263239329 0.069409309695281446 0.23058485394366188
v 0.40321794857028087 0.04654141653858445 0.16480669038969598
v 0.010458257905497153 0.080130917671782736 -0.0026858530228865661
v 0.17032756404717186 0.025785803063754401 0.2800500129568208
v -0.20985704706738126 0.030317036351982084 0.56954658171534178
v -0.52832431559798687 0.03395356629046923 0.32018353477131467
v -0.13861185852046073 0.035506832372752616 0.53122232602518504
v 0.23328314620607216 0.033950445121931072 0.41356378729637844
v -0.16768772888699729 0.069802927735685194 0.2729778638490748
v -0.18440862992863663 0.078041754058625887 0.033550145856034982
v -0.39441169760997258 0.063445900999331381 0.021293250016427585
v 0.37115410289564799 0.052367038421906473 0.07750145758594533
v -0.17975705140408305 0.062102923661337593 -0.11758879152724944
v -0.061889992171548655 0.072521989645505283 0.16077898499221763
v 0.33880216807128521 0.03964840861422194 0.091508056433511939
v -0.54090572856663632 0.033678513408613241 0.033775437763251405
v 0.12089466107904839 0.047928405307997531 0.40410983126469385
v 0.046737235941067566 0.072715671071958837 0.36233227359537334
v -0.45234861847897556 0.04190957890434082 0.30363991106127047
v -0.41078532654768463 0.035133842155814027 -0.19652827077210358
v 0.20557193686093214 0.023923999514756277 0.28251368050272313
v 0.40130670181817446 0.045652140602867368 0.17443575066254716
v 0.17524633068059964 0.023985540257767949 0.34894672125453235
v 0.042823402384124083 0.046160626959079215 0.29857988516446343
v -0.21811011713519432 0.030347498620803895 0.58636622013186313
v -0.087521894176475587 0.059881988579785092 0.48217852057444083
v -0.49784605948143762 0.031390469385559241 0.1385268724882269
v -0.32961928712069188 0.032959817193626326 -0.176913330197698
v 0.31152403238414489 0.02669844324264127 0.2298825256704162
v -0.00065583345652695749 0.078050481277176897 0.038000649515098635
v -0.11997226877005673 0.071839894484691844 0.17491690448816161
v -0.33082738516821436 0.028176546559180483 0.23191467624952056
v -0.0027065844499517969 0.046268200426143886 0.21595158696835767
v -0.6622618310358287 0.087040463950882233 0.4991833589298264
v 0.072443734444985905 0.054307350918299468 0.0070301417642809642
v -0.4905303189103507 0.033232336586158068 0.078776102551511601
v 0.10321667457549806 0.024129041497605828 0.0554975602729764
v 0.42896199742759111 0.058175010947494506 0.16921206133005579
v -0.26727940468354189 0.044456955115321703 -0.13777360957434101
v 0.030419494908630374 0.03986363839660919 0.085426847959444066
v -0.5292766444504835 0.099409582030962965 -0.037925980544149529
v -0.65142534166475163 0.078166331029941485 0.3451650840741875
v -0.39410163423021632 0.044227494970716284 0.30432292921006165
v -0.083351150114798753 0.077117009134710118 0.051929368753216694
v -0.15348807777231521 0.074993991205162119 0.4345708998090892
v 0.23018500607204156 0.083555828326343076 0.50403429471770422
v -0.24087703308821348 0.03866713645612966 -0.2085087238619657
v -0.18919037485324053 0.069888238335459776 0.27015849329085789
v -0.36376692528980908 0.03939389671828155 0.28152867468217058
v 0.46596005576987548 0.088652278582294644 0.27435968858204113
v -0.13046931859060207 0.079227680187484287 0.0098001765511595076
v -0.089639393149976501 0.049428655178267604 0.49632204457649182
v 0.27417264868839231 0.058080397695480818 0.3874965292001914
v 0.016706343202634838 0.073962685073273582 0.40890110845255678
v 0.098227673005112814 0.021740483716007095 0.49095280300000205
v -0.14272015185792569 0.070667804746198493 0.23896233798241281
v -0.25101505789416484 0.068981472600625926 0.30280574594477977
v -0.51152770418425664 0.033401197091772972 0.35153410135529778
v -0.077324897408004439 0.034560921638888728 -0.16834512269944113
v 0.4257859973184705 0.062116972331061802 0.10764054500352485
v -0.53623969279275807 0.036496826692472027 0.51600032343983726
v 0.5158641356070448 0.10058053320803104 0.19976942278877055
v 0.047055874639274776 0.06320440172852497 0.031878082606472728
v 0.21133629292518041 0.053289634598546895 -0.023591167404027127
v -0.50688262471467604 0.037831586511505845 0.29010562451510685
v -0.32122554882745497 0.032915488894086443 0.52376008436533272
v -0.23911008194264111 0.073543008960480799 0.41528401116112368
v -0.36165487459092732 0.08141389147364457 0.0099193905427226014
v -0.041969029115590965 0.077981697803887792 0.041071343985000418
v -0.094762744613642938 0.075434192195908717 0.081106579534973605
v -0.13903561742175474 0.030572033711893886 -0.16334196563023615
v -0.17591603055403049 0.070173673906362644 0.2538958896267699
v 0.14513389769201909 0.022048222789431478 0.44425696702567924
v -0.3969496919457115 0.045560551469977957 0.28589726645424168
v -0.27406033561476201 0.056719269954784254 0.47906572288600185
v -0.20681596486198589 0.075589495539466756 0.44840520747521961
v -0.070777711151664022 0.074396736511999073 0.43111312413218139
v -0.22295071135484437 0.07451733672305598 0.43451070261923785
v -0.24267228461738474 0.048660366189863455 -0.1335308766643446
v -0.27286872233413234 0.081758470695459981 -0.042476303634327535
v -0.40128671685242456 0.057997579013107904 -0.046019989700807618
v -0.46951055702812983 0.031712842660149565 0.37305415768151579
v 0.33337130951048322 0.033166457231593241 0.2406815331341747
v -0.6372756192748773 0.080669609318451477 0.53940583324376012
v 0.21444135709352871 0.03297388578767111 0.12474133646456438
v -0.06098877773347626 0.025480897354519815 0.53231598944381953
v -0.29275016182395869 0.067545817470217581 0.37083724131018997
v -0.091623824855431649 0.072886751848660294 0.40378864974341899
v -0.52086836563833006 0.036750893679441551 0.39508805714202105
v -0.32466601669918854 0.043390184878725875 0.45184405814564815
v -0.31182700152575915 0.072428483075361941 0.09987543709255961
v -0.26124044645179817 0.07653544441564672 0.082022124591359033
v 0.13739277845473213 0.024688699971669965 0.28564551273127187
v -0.60989424988291774 0.036872054441209674 0.36471556323563664
v -0.43480766339813509 0.035527228076223001 -0.14236489871797664
v 0.11169363460548826 0.025194981460785568 0.041081417879450681
v 0.013945502016206625 0.081695574615239644 -0.037287517684422171
v 0.45338465624383145 0.088191582786175754 0.29259948197123775
v -0.67353780502949645 0.087847311160882693 0.0089149585126534758
v 0.22771503267181728 0.036447435916412696 0.45918110892477798
v -0.36309316602185177 0.03595131013925619 0.13789854296601917
v -0.11149733838873567 0.078425978378309988 0.60316364095421093
v -0.57713239839991326 0.032316908553491779 0.29694399098812252
v -0.070605239062443273 0.073054220206778667 0.40329491817831031
v -0.52707751811029668 0.037264434096606118 0.44439789153670012
v -0.40561800849127994 0.033204604238804711 0.3998940868478934
v -0.26311546071549663 0.042723383008326628 -0.22238989480032539
v -0.66738027609633255 0.079269292682483436 0.49457851471831615
v -0.61982243254402147 0.034005089915308581 0.14516543937432225
v -0.63161353272698151 1.1347181425612527 0.026233925209030645
v -0.093934025712489752 0.072190406367136764 0.3868412596159862
v -0.45079259114707471 0.035305878249204135 -0.14503272144682666
v -0.076022284734428583 0.076053667699007343 0.072098179329848522
v 0.21872107849923761 0.067422974154474458 0.5053675162131499
v 0.17233574220402539 0.044826231051532481 -0.12612189791930339
v 0.21721846465668734 0.034454291857385168 0.15731121573003534
v -0.16323514389634719 0.075009276462343108 0.0853528752462685
v 0.13247368954343405 0.024288482923918497 0.04430301013503514
v 0.042563230299435421 0.02581531925196389 0.25219538377938028
v -0.047134256518789809 0.035571008873095118 -0.17262695626910696
v 0.11853861111829626 0.028803310746688026 0.15432494171357772
v 0.078841504874461371 0.023166424419656734 0.51595639620019884
v 0.29980415481516193 0.022307025190770567 0.18673586743552356
v -0.45600550296697739 0.034254376777513279 0.011707202574688307
v 0.021904480709451727 0.080913658381184403 -0.19562727928678561
v -0.53832643487507625 0.033432865261136813 0.052627309992764389
v 0.21052444869790352 0.064462117571704475 -0.059474270136244983
v -0.63598635028508588 0.03514792776526994 0.052145009654402538
v 0.0066197434163743542 0.081435509510438805 -0.035778022619384758
v 0.18724196987540151 0.025274330291345997 0.28142421557745578
v -0.30393795637503956 0.081501083305987196 0.61631469203166844
v -0.38010318362190415 0.033033816120977035 0.49091736899409066
v -0.58346339905624567 0.032466012797409502 0.24311954740386427
v -0.28353531629256618 0.081860386125236759 -0.04409777272922312
v -0.28941206419044885 0.05401249645011847 0.19160097097105241
v -0.43945440991763463 0.030469867277701481 0.12643637872246369
v 0.23445076478001373 0.10708024819336881 -0.062728127011756771
v -0.59789898286246368 0.037763489628967667 0.4113929540579529
v -0.50167158237464704 0.04362615859319835 0.55526874456268016
v -0.68245941413004285 0.058377236520222274 0.0090573979912560998
v -0.52325964894007826 0.036276888402059441 0.51245397247183078
v -0.20412905050488264 1.6049502035145482 -0.013340761346226571
v -0.56743307262625653 0.036665115655065743 0.53084256379423778
v 0.0081088644380237999 0.031910066996862899 -0.16013289792385729
v -0.58633306735599622 0.0367512768584351 0.38507875915418904
v -0.36947615050884475 0.053427737068420932 0.082089966927521893
v -0.073227792634630959 0.083161917833913024 0.58870548316345062
v 0.33753442375829007 0.08075107462824177 0.022064080821054273
v -0.66261534979484504 0.082231674539479035 0.003365655945641349
v -0.10547438949356937 0.082300336717225614 -0.063036307635365191
v 0.11026948815461476 0.021163626467769616 0.47997214130344423
v 0.18811396558301721 0.022850285328064587 0.44464972722178264
v 0.086897753206118533 0.029191684523429698 -0.14172978027856878
v -0.35174569854012716 0.034145690927106967 0.43518839585426272
v -0.28126133690004018 0.083119654529487594 -0.057370469081638453
v 0.41012097196775221 0.050310699411260845 0.18795141105832119
v -0.17367747860747718 0.029053799507598465 0.59094698414210511
v -0.33036446001677083 0.034213410675592713 0.54595885229096908
v -0.21466137264327947 0.048234957790381575 0.5199851246654803
v -0.41423971158459 0.041584179289790239 0.5223894174537359
v 0.093776855783161292 0.025394744597408737 0.050611258197735001
v -0.37706318427236579 0.031875954455408549 0.39528223944092156
v -0.076014280174845045 0.074080892477156712 0.42230259663088648
v 0.026441130854672097 0.081011253707877026 -0.038184825877646003
v -0.17353144986015459 0.07098338421313842 0.33735005171314092
v -0.027629560074361036 0.082416281768999164 -0.058709636436042878
v -0.5762528417256283 0.043562560139205161 0.55947468971267489
v -0.30771828459593997 0.040890604281666625 0.48496709241264885
v -0.37449732866070856 0.080392721894829072 0.0019248838814985591
v 0.37542429428030183 0.034664274387582537 0.18012122737523181
v -0.32466108526022069 0.053648856395605321 0.13866422346671831
v 0.12697178661812103 0.031112593204260942 0.11769456655356979
v 0.15921077720614493 0.029412085278486887 0.2500783000844265
v -0.11807298886527394 0.07236506825687325 0.14968723673440926
v -0.096443846898593796 1.6171604766189471 -0.2072777562088409
v -0.4096092245563161 0.034396472781443671 0.4505727320056544
v -0.26392347641385766 0.074237794154072251 0.14449096234655406
v -0.32270505089735479 0.033711006027658419 0.54195612397565651
v -0.18700605757329311 0.078790469327699397 0.011313705933017018
v 0.34557872658562949 0.043254291447442458 0.26890574206541268
v 0.2268697256354946 0.026697522914483691 0.35856548770645474
v -0.12000560561613602 0.070458261227109242 0.23568245872346294
v -0.21891715858236391 0.042212181857349138 0.53002109394977925
v -0.25389515100995796 0.075029357404225672 0.11195916933555232
v -0.44059533013296009 0.036449158778568497 0.0012963364130007392
v -0.49678169334691652 0.073418984551212679 0.56709407638799436
v 0.35413073781228172 0.05443843791280515 0.061791010056324133
v -0.31495605239820285 0.080367225662414069 0.0015574906489692246
v -0.15891842079593524 0.075994505498204259 0.050862177325004206
v -0.29813019632182058 0.049198832462330214 0.18937913353882016
v -0.26230645351117265 0.058191238722232398 0.48496425994945197
v -0.36503230394330732 0.040857481692433278 0.12159120336078766
v 0.051079207271356522 0.026248592284841388 0.53230621355755614
v -0.19350733224409641 0.069853076000382305 0.31100736568108778
v 0.29250376898612829 0.024691178124318931 0.23579179254094973
v 0.094163341443954954 0.050808607714917596 -0.035869515119852577
v 0.19333259046957793 0.034968205433825832 0.1593273379524264
v 0.48907632585744604 0.09308679572432027 0.11034446851093795
v 0.12733879577802829 0.091044599288505598 -0.18252184330304219
v -0.1673672875934179 0.11101301975840323 0.62615473779883224
v -0.25284794630093155 0.073356209411910414 0.41505933259645256
v -0.26203546564955793 0.074925079351210414 0.44194697444324177
v -0.16501093094471653 0.071248751705509275 0.35744479173784455
v 0.15879608279561436 0.022936443222248349 0.49026948450574293
v -0.11240992685847374 0.07015915064335107 0.33147080746745028
v -0.10952821721792463 0.072072967249415074 0.38483510763183054
v 0.43330786002975924 0.06811527933462945 0.094279176532203274
v -0.1244632531035932 0.029621766976187788 0.58253716976097669
v -0.078909987750458849 0.06305490092992927 0.47484587704531989
v -0.67662853213412499 1.604785829248107 -0.51944577418300608
v -0.35108236236859308 0.040956386147658883 0.14041767986365314
v 0.24743620562781413 0.041664773627874588 0.40319256047201846
v -0.1022055604647966 0.07803875326557172 0.030999965901788235
v -0.65651100891090808 0.073008534315302964 0.35103546479118086
v -0.69771022244904968 0.043192841224439345 0.21153662631825415
v -0.16444621784355809 0.075341434793752396 0.068652811820331311
v -0.092719968975987152 0.078298206678600171 -0.20368924568915825
v -0.42640612129414385 0.034719130159628651 0.4587735235620824
v 0.096623200741439055 0.055331090108731364 0.35192068209260541
v -0.29656827088703452 0.070291360375475564 0.4029089985691508
v -0.10973946853649358 0.030903289339067001 -0.14719873698839553
v -0.57092451919205278 0.031793776051387904 0.24774459959040251
v -0.16801128223062339 0.073527870855401731 0.62654549784375058
v -0.40255482956851957 0.035389928758482292 -0.15039965674598654
v -0.073376719420004427 0.081544591986238812 -0.044646280041870171
v 0.080901854532242162 0.028538380087293234 0.13229041193186206
v -0.34001968600409599 0.032976452772171296 0.5064974819530772
v 0.24197876070651145 0.043816430749465313 0.44063595449181869
v -0.0171461501437584 0.081081323550349665 -0.034990677433922694
v -0.33490934650891757 0.036908362750083822 0.46006733977378578
v 0.36319921903781621 0.059380006367188834 0.30194429702678249
v -0.00030935948878106276 0.081176817267443163 -0.01625235695516445
v 0.066826582665093448 0.07463822557364963 0.54467752717485984
v -0.65254641353500098 0.036077427301398804 0.17911067242811129
v -0.1465657274398737 0.028052073407691724 0.55715191329708791
v 0.19989467252338045 0.035642986879661394 0.20731766645413202
v -0.41036049755566506 0.045965324004686246 0.049336134004436004
v 0.19363121192188887 0.031587171554094441 0.25221104987903853
v 0.10606952985841132 0.074962949225864148 0.53833540685299974
v -0.35979168933533306 0.082960492369007724 -0.055354484473099021
v 0.2041769374495552 0.066424465116928816 -0.091819706692343531
v 0.016757797945185511 0.05245742001210256 0.27451748981674956
v 0.42127804112435491 0.056328825713955255 0.13819897228881126
v -0.010643405279026998 0.077369562425986721 0.04947579509977363
v 0.51566529007343342 0.10864133197506676 0.25991369655851687
v -0.69839902343239901 0.036736504952262695 0.095195980715345768
v -0.27296103424197748 0.032420758625665888 0.57872575115948521
v -0.062697663502268144 0.073041611847271107 0.14447159379168456
v -0.0018700357513258476 0.069314546574044275 0.43966950113302666
v -0.40504582006081857 0.040290449903007702 0.075299497679485877
v -0.14298414804431761 0.052879816347424419 0.61410270198798778
v -0.0088804336668565249 0.053595507841044346 0.1587334704837072
v -0.56059908381025514 0.036811794333780422 0.3957447449946257
v -0.37784835183296872 0.048574619735776856 0.24058766687243863
v 0.38000874407191237 0.054774879742694703 0.27778010818665511
v -0.60217408311276244 0.033995406239490392 0.22181421051158512
v -0.62765677660073538 0.034480868286466897 0.11887355967914026
v 0.27019151167750927 0.026296968253181525 0.27431770211321144
v -0.67938173428358573 0.037280940498526677 0.16364377537588423
v 0.48021823581273254 0.093605347089527904 0.091505117306796682
v -0.0094274490723327813 0.070679432915764548 0.3400888797619705
v -0.042243079618548063 0.070590949804467298 0.34433640362896456
v -0.48502136317287936 0.034399500289311852 -0.034583405793403008
v -0.4110863762452866 0.044754765326353717 0.30009729735863977
v -0.50325118887333409 0.037366632924917757 0.44048710676657893
v -0.56089463492160452 0.032129646132533649 0.24546467126015242
v -0.72385455314754854 0.040099186919902864 0.079544997683065777
v -0.34868910128915331 0.032866053319942592 0.45788319070317191
v -0.50925072030386709 0.032298576073833962 0.11310983435958542
v 0.093248325641039548 0.036491604240716825 0.33048978545257784
v 0.49461872074097846 0.088939585005170199 0.15026972654245435
v 0.17886422042353778 0.033447133861441304 0.21923846062306668
v 0.30919786748992606 0.037662572518445576 0.080398710441234658
v -0.041522015768603315 0.061801816909358535 0.5779867828894526
v -0.21756677480023684 0.069570386182053426 0.25689207611433745
v 0.084363691042761105 0.027565021165881515 0.14072778854748197
v -0.35401999023308928 0.048941919165122007 0.11322910241435201
v -0.090198938260983338 0.074948629553811097 0.098229492161109225
v 0.31639068317660773 0.037848360680042707 0.27486428726585543
v -0.67692909220070685 0.036780828370388499 0.066083922304755349
v 0.18348332914994905 0.072220339712239387 -0.14200836231487798
v 0.16069356055238554 0.081067157220733696 -0.1673473371474582
v -0.64022210197957719 0.09265087440350224 0.33582258151467831
v 0.25094252417536211 0.053570056360992435 0.44903368091157608
v -0.3825812308271071 0.061352550136618625 -0.075931585374030219
v -0.61668546766184151 0.037321990886334561 0.37513139782393284
v -0.68998431099556368 0.036526944971613254 0.12537800044565803
v 0.0649144247870201 0.024848917240193405 0.15909124969908184
v -0.63821078720079771 0.035962121596612988 0.19865169073261504
v 0.2231735568370076 0.02578547139031755 0.33516024116931969
v -0.069780113721085765 0.071204044360742624 0.18729996194575141
v 0.24528189971480874 0.02403806861852139 0.096780252717742488
v -0.61056830824165076 0.03397026714765481 0.13737155958912886
v 0.0016620077719888518 0.068696866166844034 0.56229297381483156
v -0.14665449445878109 1.645901057911314 -0.095036988972158634
v -0.25137384050408745 0.078867692530094832 -0.0021994981592479883
v -0.10755125716307733 0.069469341700817866 0.24012103258349277
v -0.29607159462684213 0.082920947818048929 -0.053882657042217945
v -0.070028836785041945 0.064160071481132189 0.58763263804612165
v 0.061372119978512045 0.045416916381886899 -0.085905322251040264
v 0.29147543403740833 0.08139735233652412 0.40444679414722806
v -0.16161426957162553 0.068832012987347688 0.48962887919315462
v -0.3401474884056484 0.038951375708740237 0.43466414913426149
v -0.17148114940989589 0.072832129325654027 0.40067111296273467
v -0.48457625489838713 0.034311528645025915 -0.013740666861458613
v -0.59003063974819392 0.037588817480771738 0.45203021577661689
v -0.41952686112302395 0.035870564716911184 0.070563679464166626
v 0.41587365875636845 0.054753395980965333 0.20786427354192796
v 0.088332306998995413 0.025455173540210718 0.098575058982173738
v 0.46861329293230353 0.082209368856614964 0.24166130336944824
v -0.22401873922219112 0.076285710191720604 0.06553279745964341
v 0.15333536981566592 0.025141260160434723 0.35421238194737359
v 0.21676587588736709 0.088830483569485141 -0.09302965744353929
v -0.43530194601409572 0.049146852518575021 0.19832346012893376
v -0.43251968179505429 0.051941753796033802 -0.21364319013749611
v 0.52224031314142405 0.10570795696487842 0.13772923629813599
v 0.2111182093970996 0.025433434168003932 0.37454154723260169
v 0.37738173046226775 0.035404476153075667 0.16988528350204585
v -0.15820628981640317 0.083696378130958288 0.62248943594163697
v -0.124750345652674 0.074228662823194791 0.10370862780417468
v -0.48550425640350814 0.033077195123321447 0.088449239849029554
v 0.010288602222852182 0.029563076365858688 -0.14782408718057433
v -0.71835569535012977 0.040170211826750894 0.16096640027245293
v 0.19621523199277899 0.064246910316148653 -0.11094722698368055
v -0.55053555843464841 0.047325155343473903 0.5676821355219045
v -0.40411024767762593 0.064194103625864363 -0.013547428115969491
v 0.21101490475554802 0.026352453759232147 0.063237726757567281
v 0.44139955047776996 0.07773299173352248 0.077545163774675574
v -0.19188546936015416 0.070337172558127062 0.24757653773074931
v -0.54970650218997963 0.033706271152185593 0.080825680051018395
v 0.13582141810234571 0.02857140507295353 0.23284848764324531
v 0.037177291737911303 0.025484088850463365 0.12384960689469666
v 0.087793959903390298 0.023412700987752017 0.21998707639692097
v 0.11023776477565439 0.052555451631103298 0.53643589238741851
v 0.15738172601379921 0.024114670992261208 0.044080082664794053
v -0.61600337865030352 0.037696811162560753 0.4714358227987806
v -0.37859886452243963 0.043030189298088897 0.30846513415256133
v -0.17930677126108219 0.075059193290234999 0.10481865020148358
v 0.21441754194743803 0.033447576650734979 0.25314702029401442
v 0.13108391425218069 0.027587540522309034 0.25662093417313947
v -0.32742015051957585 0.033164932741471365 -0.18679193416179682
v -0.30468929940681477 0.055991924058729478 0.15728152620180066
v -0.16501285918180869 0.073874889750376135 0.13224983644589627
v 0.18435326753663792 0.034794129236046703 0.14704617171235415
v -0.0072005399237107691 0.049402331593080634 0.18345754489280591
v 0.12325752408729812 0.022288929497305928 0.45651158091108851
v -0.36789113710448795 0.044226692113663965 0.10753755369560124
v 0.47710345441539065 0.080156294207300374 0.18184179713289922
v 0.21195172857684927 0.033922615195878518 0.13648100332829433
v 0.52428874959941596 0.10369921358128087 0.16896635253696102
v 0.046493281216873864 0.043715530251182799 0.054220974607029307
v 0.19049917775147435 0.023377098568463445 0.4580039857054849
v -0.58498233185314252 0.034005508190939809 0.064399943506546306
v -0.12037260358906257 0.074493120479898464 0.43468989573496519
v -0.044408768200628876 0.079035438682634643 0.014584271346494213
v -0.10542615229665186 0.073546544838481095 0.13437628507354857
v 0.021804350612229989 0.080340776608069875 -0.0039247232055435411
v 0.11103230172296659 0.026116708439863658 0.2127987644487635
v -0.047002587763202458 0.072125224138699887 0.38511598605304725
v -0.640302194116389 0.034610081462605309 0.10683706823780503
v -0.14132986830013153 0.071027089570687721 0.3583819816073015
v -0.63648468273017211 0.08785263693460714 0.53864949417395325
v 0.29801744025326637 0.081716449845712871 0.3932065001680341
v 0.20394551908118505 0.035799396349377677 0.21978599300817989
v 0.04408473533085485 0.058530690577370204 0.55047950736771056
v -0.43459653993419556 0.074233902717255371 0.54592889599644845
v 0.28143027169069396 0.068981986557416677 0.020383551814469787
v 0.35366850993573651 0.052509232022078731 0.29175149896838076
v 0.21322967859104863 0.042346040246686881 0.010518696409092379
v -0.24541237207118191 0.077078177073107532 0.056047034624223592
v -0.26189464929764211 0.083396565520138646 -0.071097424827016059
v 0.4437156616388564 0.076524897016101198 0.26751418150135375
v -0.6133017760700582 0.034639064167580162 0.25859013298094669
v -0.25100452123141609 0.069853044489325264 0.22399947248499705
v 0.34698549350282692 0.029618151218579108 0.1424406365174701
v 0.19519106441111495 0.023516194654005861 0.30215136795346498
v -0.47497885985343358 0.032036227256300474 0.1027176976744988
v -0.40297727833507957 0.05403504498398972 0.034732626644241281
v -0.44575264198154435 0.035197008469290046 -0.052800400302640584
v 0.21324164520500352 0.058743057322763727 -0.031768818536122033
v -0.28726356613935461 0.06619707209393827 0.1554171234331721
v 0.48712771107734387 0.08473252876025307 0.17795747901793274
v -0.1929963025487188 0.029597347538427302 0.57308480691544306
v -0.58698911014753075 0.036065883970756052 0.36181143662958448
v -0.27786383907407131 0.075137127176504823 0.12466019764524769
v 0.22729525263204203 0.056543299973280919 0.0049540463037405953
v -0.38551637129218291 0.038968252490724706 0.10149958253051615
v -0.46310583129988192 0.033666904737148812 0.02594728875029292
v -0.6091671176503245 0.083115269520629628 -0.017906075802957198
v -0.36286557563137961 0.040038448534556841 -0.23036852176749428
v 0.32631514976208859 0.063348574443239533 0.32973350514656918
v -0.36272675921555125 0.032714218165811805 0.49526903752447188
v -0.40368525330098881 0.042251580014475106 0.32986477222971156
v -0.28739847468994567 0.061155526757213419 0.30812296658801303
v 0.3956395793688392 0.085303012195201949 0.33258231262247162
v -0.392564406842766 0.041589991447958212 0.086425401109042468
v -0.18700575089583804 0.082323450999808409 -0.05922978316133401
v 0.11440195348869006 0.021173554899927893 0.49199748910203334
v -0.55822469639134875 0.033771991696146766 0.0064705621368275528
v -0.10134264981478788 0.069594758142005331 0.29520751856036886
v -0.29451045478148857 0.042119041376923412 0.23802703960482782
v -0.2914980981093791 0.080002199912597827 -0.0077377127122949434
v -0.42624075862157818 0.047854461191762329 0.25973884736290515
v -0.019738712059515235 0.072817358449504127 0.39171981594192251
v -0.242929707981972 0.079288299853484984 -0.0068060468571493954
v -0.51494652581209355 0.040064525247448822 0.23029835297896187
v 0.17055380811763005 0.060422736802916294 -0.14595600331744191
v 0.0042344620620385987 0.071200291001803126 0.35317377035850478
v 0.20323805822802218 0.096200662092883041 -0.14534328601613061
v -0.64388752354362944 0.040358874478666235 0.48232128056117962
v -0.11877136850518354 0.071537233763349362 0.37925826381043076
v -0.23613864058016948 0.061507919677332136 0.4922790383797423
v -0.1439471410990194 0.074355356635743441 0.11312117655345943
v -0.24476037161322525 0.071281820292560721 0.37685993142514274
v -0.22263218303744475 0.081605192659888026 -0.051691419266339002
v 0.22819704228833315 0.049916790307978846 0.4850463524271954
v 0.43608280080052608 0.066623223363838038 0.23483023431530226
v -0.22910153874819503 0.06693495986523175 -0.22474161227666103
v 0.32407712344845996 0.025599970718992827 0.19738447377011159
v -0.075757217962056159 0.07192726804820071 0.38574335362491563
v -0.26132556247763195 0.083717932276181004 -0.089391076872091815
v -0.43873582636983516 0.052873573834271263 0.54600927773215568
v -0.089923190431394087 0.069568731250690949 0.28333402091108711
v 0.33566151380027581 0.062108669036705047 0.32096546109499652
v -0.22687087465683825 0.079455200734240089 -0.011755914917969167
v 0.082714909290800262 0.062548282005746261 -0.024529042397199764
v 0.10186038997398399 0.032407270942360782 -0.15567748060537387
v 0.099133013302220366 0.027551597412499077 0.023209088733242952
v 0.37951070572308904 0.078497233158901877 0.031595958395336333
v -0.37025017059887749 0.074563950033497015 0.028782274284272647
v 0.28774297870552767 0.023099134263982461 0.21912205017182901
v -0.05805543768712175 0.074162917043087515 0.42349828249661325
v 0.40177706551311487 0.061965175718151057 0.27603590091142616
v -0.18972061893536366 0.031496177699921545 0.60700891844390115
v -0.016261916225235866 0.06072640595765029 0.56985537387395613
v -0.27097548868759158 0.07094343574345284 0.38083942261210851
v -0.083425471940492144 0.075725073491929251 0.078013466887415561
v 0.31833054793085297 0.072466286781159156 0.02536393129449865
v 0.38721246664476144 0.05737776508196555 0.07435039644698882
v 0.23536564153709574 0.026525715926586483 0.32364495353490536
v -0.72580141968545919 0.066749129534845797 0.050359254079597571
v -0.31626260628659569 0.044917221548271331 0.46116296480940638
v -0.65057222350311394 0.078588494243442941 0.52278375993105708
v 0.027031530844156233 0.05297411729048275 0.4497891752014932
v 0.019723060398564956 0.057425762617000435 0.081179393125237087
v 0.25918117187146178 0.050381003968374437 0.40102461007780849
v 0.13205424050356729 0.026378684996009042 0.0077549682005108997
v 0.050458130445255961 0.033252014912653977 0.46311068835752522
v -0.088221658178214868 0.078817901634062645 0.01986754652588487
v -0.15193357423817916 0.072532076171526225 0.1550789712462427
v 0.26326172128872755 0.02439389572914627 0.26412347247566192
v -0.44096054988270911 0.031566794677762293 0.0962811813832921
v -0.3338145411372746 0.084389608145058026 -0.065689332333807457
v 0.0070237619248905911 0.074747046161319358 -0.19746099455680366
v -0.72016137508254163 0.038865589489023099 0.092812102205094574
v 0.29724473429888487 0.027057510400993554 0.24983523173231995
v 0.013624860136337551 0.038439991870674331 0.24690336570674692
v -0.37250710176149021 0.042145963972736601 0.2815435399130895
v 0.28758284452552951 0.080814821096846429 0.41239970971039908
v -0.34442046952402761 0.02833783944321918 0.19611903359352992
v 0.2980548008316678 0.057603844955130878 0.34379748029763685
v -0.038712595117636861 0.071132994262207067 0.37028340608708765
v -0.66796917651415133 1.1807340781042346 0.016743054922473816
v -0.38663816621979746 0.065134173603524151 0.029886125000823754
v 0.049627551127981367 0.022887038837741111 0.49613532449933401
v -0.23129194781268622 0.034079205572401322 0.54420966175864305
v -0.39244729331691386 0.048566499054438342 0.24844811449488161
v -0.088389377848790696 0.070106379287813284 0.30896201051900851
v -0.062619380946799044 0.041296954300219443 0.5847468515098535
v -0.27345340697442899 0.037701948702538055 0.52436345811422214
v 0.1662580451675727 0.072266371131932877 0.52718255277596471
v 0.15308431437067624 0.026040127685387257 0.013906741675705828
v -0.21195009194261641 0.069915709771682322 0.2813506014405921
v -0.24818695060197493 0.070010034435662977 0.33167051490151711
v -0.20558332234646509 0.055848470551884723 0.50823829911092178
v -0.56733510244077412 0.037691457942981725 0.42741848505270469
v 0.10340871873160665 0.021950790846949453 0.50393945052113287
v -0.37225934950953665 0.071688806300814409 -0.075798532665106028
v 0.43674939839621596 0.085400316625378336 0.30614169018182452
v -0.65069264642209812 0.035410965694561897 0.042061020827534885
v -0.67855512012548458 0.039669977264826718 0.21518467127216789
v -0.36349855574163503 0.032836462147162175 0.50058984345431734
v -0.65839270564300245 0.086273000542592126 0.35844167586874887
v -0.22373566825087196 0.072764663469536334 -0.22427871917925929
v -0.62672274610806578 0.035654491278209702 0.020392127185605929
v -0.29423480361621496 0.035734637366175923 0.51235205417577456
v 0.14602567653388154 0.028338756227997482 0.25355811642054715
v -0.18261279141886708 0.039476247221709518 0.5334048173000534
v -0.4157692568966983 0.032858769931431914 0.37856842360120246
v -0.19335583404704601 0.076062701862102122 0.060191179805847331
v -0.24438451154537524 0.051502954915642503 0.50760394874888726
v -0.26054438403447067 0.032375920228211633 0.60692288001380112
v -0.1086683483223993 0.069807637293746894 0.32374934756379847
v -0.072912615529873465 0.070290999435957319 0.34708075310324266
v -0.49872268034714712 0.032281636104542426 0.10333894327305093
v -0.28312802661472897 0.058366274170287447 0.28411615025510178
v 0.45395273610228964 0.07182791821938754 0.12990309687582557
v 0.24633833138781566 0.042769445110507343 0.044997010458064736
v -0.38193758847871617 0.034341232341046447 -0.16018064802339332
v -0.55340178985112987 0.033061154359044005 0.24468959833672296
v 0.18660988496211847 0.02720501305711881 0.033583279434050949
v 0.34769017061179003 0.063413160215605932 0.31789189797283307
v -0.31803878394863311 0.032971376551943786 -0.16868660081136891
v -0.22506378045345091 0.036943063872788104 0.53892147544871905
v -0.16538946121672357 0.081528378313283897 -0.040783885287147513
v -0.26339885475496377 0.079699524786112474 -0.010353895181856603
v -0.047381369164308011 0.071948953119761558 0.57894433184719918
v -0.30226646145509883 0.053263861547044357 0.45592823161288232
v -0.23665431438718357 0.093266769866431162 -0.22948974341827588
v 0.034126581444901695 0.073789637909785391 0.39554761559619156
v -0.33515205701960987 0.06808258382934386 0.083956528144462
v -0.050624156121356241 0.031202744423255088 -0.15810840074588875
v 0.25147152648291932 0.036780228595715295 0.35490925616193414
v -0.11246083588493486 0.073917489746301704 0.12478317666129383
v 0.28537580513319338 0.095338481082445845 0.0010389982720749561
v -0.13432812970821745 0.082426088975807804 -0.074835698510587967
v -0.4990848718200277 0.037390671144557824 0.42821556879706579
v 0.31230591716322664 0.071359851219222378 0.35816177499655194
v -0.17757837761619308 0.076886641452209109 0.46795294908232465
v -0.21186178873673633 0.076307263226979755 0.6407450414857524
v -0.3009272852432015 0.054283220489058051 0.16782659080492382
v -0.2075929702336092 0.079590372615149979 -0.011830505614061758
v -0.086557232326304107 0.084913414980758189 -0.20478194956516682
v -0.14084026789476736 0.070230395241590582 0.31321465899949424
v 0.078144046179981386 0.025566783285859439 0.28894661046272768
v -0.035048258800056173 0.069162058505789645 0.23318320504385703
v -0.18626613434411116 0.070093389625757993 0.33184221137630682
v -0.48631437082052015 0.035922040219772695 0.49231463034532424
v 0.49350042543892908 0.088931563305133729 0.14289668395698818
v 0.13322538078512874 0.028588923631048608 0.21720504999727444
v 0.0097926418717769938 0.039575460363988804 0.12894880156271993
v -0.48420964221971979 0.05675651972510231 -0.1393558854556913
v -0.28407172978355849 0.083767093782770211 -0.075872964963183021
v 0.30292790228439881 0.074688377110394569 0.37402577428421391
v 0.10050178993508593 0.027632708778646296 0.14923450590187703
v -0.11619666331297233 0.072345613379694432 0.47309903109349544
v -0.25226140823705739 0.042732986194876234 0.52248698704700081
v 0.39501655540880254 0.058442974974852402 0.078532539682449512
v -0.23911780401186489 0.075713056941939666 0.098188581631032779
v -0.036827926278074269 0.030790491627996523 -0.15448466493489826
v -0.23373710387373348 0.031349012371927609 0.59192790559567132
v 0.071914939336631387 0.10065424235042664 0.54331634939589812
v -0.067177275276890269 0.071040195450061475 0.45743634635997527
v -0.83067410853622237 1.1888374685167358 0.12010551801147397
v -0.26005195746174931 0.080293675720619073 -0.026764437997105581
v -0.37281883676064642 0.078307907092948326 0.015030632017001192
v -0.041395023923015598 0.074228384947625556 0.43178909716347946
v -0.30278766871458074 0.041820565894863125 0.48798813842242372
v -0.054826621070220315 0.069984080289370684 0.32125293100839364
v 0.05277234337836853 0.030108417268472795 0.46623615815498159
v 0.11568227532628546 0.02911751811652322 -0.12721055803389372
v 0.024890529176131354 0.067771867601502472 0.55470982694891557
v 0.075538989019031957 0.028659895501354522 -0.13892626491002003
v -0.46365408845962303 0.035571385327877431 -0.14518697531849936
v -0.53310506406665548 0.033445692860801311 0.040940717796465555
v -0.27267438139875605 0.076681316104581621 0.091056276395511573
v 0.31408174245985376 0.076100819061555816 0.36354731923201189
v 0.027008751688730931 0.080089797712752944 -0.048392163990252965
v -0.67798685619422738 0.057728604989519663 0.39708095856105813
v -0.043739720022153122 0.07309215639392827 -0.089357847416063271
v -0.17736429965938119 0.081984585737609472 -0.056521554544244797
v 0.2199097636415922 0.027751324954211416 0.060395034313151276
v 0.42497537080673875 0.092331284197280553 0.32995715400043302
v -0.27936293218960068 0.078282443611976463 0.039055561883286384
v 0.20202647782158634 0.024563314167000208 0.36255034240111328
v 0.087692668596933268 0.027367392316242127 0.039999986305649479
v -0.23484160056181153 0.069778455298573669 0.3376671033323832
v -0.58355973008450379 0.031958251972959033 0.27025284329644267
v -0.59424024526892383 0.03397402043891444 0.09426679517074231
v -0.11686343520803487 0.078800522424708308 0.023299798798016164
v 0.0029044415442601897 0.034376496133037553 -0.17028560396975309
v -0.12431313323410352 0.070278489116567922 -0.20380125127168763
v -0.04098549495266475 0.069764469990460584 0.29081109407453193
v -0.36964202286639047 0.06527682517428525 -0.087528979716355398
v -0.055002430387799825 0.071882164212506316 0.37815719121852626
v -0.030024497257448008 0.074844206910956751 0.091459122636209436
v 0.19954048297199267 0.041398491272898595 -0.022152256799397196
v -0.29834006022126375 0.046101605279295556 0.28811414646201261
v -0.24682724234361236 0.070554448572940853 0.19978888590816293
v -0.71330935099796133 0.093202921240805578 0.045568697611260305
v -0.52376233104562508 0.038827124355000443 0.22082805151981741
v -0.5333162921610034 0.033228423331768099 0.32852136742665256
v 0.043351453939255144 0.054099483712341807 0.048119523069173879
v 0.27084654280921028 0.066249520097211509 0.42678456199564641
v -0.056354911695364357 0.077911425796651571 0.04580092388299177
v -0.40465879943462801 0.047406598268179286 0.26897431359696411
v 0.021484871844306919 0.060868438180351654 -0.089564614633328044
v -0.42209851082813171 0.034773003419886719 0.4433446083657766
v -0.21919791659939164 0.082231354916222132 -0.06435165257213378
v -0.30188616431460763 0.07433639736212963 0.10388914069206083
v -0.37813976794122484 1.4955936270566788 0.073432976868807509
v 0.36766058808640306 0.041834460536309515 0.23561441786998441
v 0.014352316613822386 0.073072504227091023 0.38449192579408753
v -0.5363410401817793 0.036417205263834788 0.49906749498212422
v 0.25478574430852807 0.046820359478836095 0.04262449288911449
v -0.13935954123925429 0.073694220992025605 0.41095003726352636
v -0.70707445615067732 0.0388236314747398 0.16258612338179609
v -0.30693560085060084 0.062056321381647794 0.13828713043802432
v -0.34684433388933661 0.058144299678419824 0.57188207537367908
v -0.34094332702080848 0.031374566816396693 0.3532898174469643
v 0.044952785643931598 0.023250793127408159 0.51442748757076229
v -0.57939839512599578 0.03255885063432843 0.20546336391008807
v -0.063705078829469519 0.058612823267327814 0.47457251176321358
v 0.023294864619212319 0.026956775015175023 0.19437840068690146
v -0.31387258812953273 0.061101501973166064 0.41002488274496118
v -0.35232837003859602 0.083293519834668442 -0.036090373166746965
v -0.46262589518134356 0.035508270083174802 -0.10762460136588307
v 0.022849012734720005 0.042068956245771533 0.26969920506205014
v -0.096070846508964497 0.07132318962270208 0.19002276408334079
v -0.30149638578815452 0.072005502968317189 0.11380468382705015
v -0.065582709974277661 0.072214831152340314 0.38748146029993241
v -0.1971523175173657 0.072134879492677273 0.38970530014588156
v -0.34658975939565506 0.033658277977877689 0.52671421451645484
v -0.083263671547931462 0.077679686201146042 0.038353627127078772
v -0.2839160474997165 0.065634093405452273 0.31598803342946719
v -0.42577487806182024 0.038303223348897658 0.050530260428613367
v -0.63464363939273305 0.081253709344745989 -0.0082288791537409849
v -0.67742622857752888 0.065119387249704702 0.39145545125392545
v -0.20817533740628749 0.069725265089392169 0.32809819483760128
v -0.44535764248497317 0.033281473829268798 0.35777273483543287
v -0.58162527851207013 0.037791546235321487 0.43718143298424911
v -0.16019572185722478 0.071103193549287125 0.34690003403024217
v -0.095245228485791283 0.070834322985644932 -0.20169702192644925
v -0.048460481311395437 0.074366011133363955 0.10876882155617558
v -0.56958068784599292 0.048137388743751855 0.56676288695636845
v -0.27432075630305691 0.061725936866880868 0.20014986843365357
v 0.20883829907381432 0.071263846807501058 -0.082770108432407563
v -0.53849334256567083 0.034663058505300687 0.2755197178201399
v 0.17300579253848192 0.057088208560036512 -0.13998936593729708
v -0.42228482913145882 0.094466755678205935 -0.21462328521719462
v -0.34567878128040441 0.076993726220660655 0.57465864829389157
v -0.38327016987703638 0.04618964510151357 -0.23326263417842349
v 0.030435576138953164 0.023097132599979833 0.51274907170671991
v 0.015017073832492844 0.058218079295316173 0.44808762806571661
v -0.37953138204631448 0.075838245001687302 -0.058295857837509985
v -0.046428020685652965 0.040703627286580023 0.49235883712686612
v -0.25035328890712805 0.069260137146972961 0.26211625579968811
v 0.29951249619362647 0.096866379563080335 0.41456508529797309
v 0.096345969209969462 0.041118221941780497 0.33830595112105577
v -0.56598398329776278 0.031577919845294095 0.26786927623607054
v -0.22375065928043314 1.491146759594246 -0.11548068875775207
v -0.65254692607482212 1.4976434874056348 -0.36462115075468482
v 0.36688436971647959 0.065121240016012771 0.045920357398104204
v -0.30298019383517871 0.078732762821442329 0.037625995175367348
v -0.51053915183977716 0.035252292725405546 -0.038484603946234534
v -0.39345893330660109 0.032771110771347818 0.41113695791902977
v 0.10308151793661027 0.064929098588634965 0.36907436580878134
v -0.40120164490085086 0.066030745694313692 -0.0043614367709047166
v -0.18692020429935094 0.070038166611365721 0.2813558567809849
v 0.22795094667333576 0.024627384905680384 0.3062130697526716
v -0.1841283291332329 0.075645225963252974 0.44610116436353797
v -0.33990575106308579 0.082521212657882995 -0.020068040084205381
v -0.32804652585818111 0.089082961873991548 -0.2406061220781758
v -0.28138791077294478 0.032857184095868179 0.57883671931998815
v -0.048775790312825557 0.10309328842691892 0.58061225308410069
v -0.069131869875144802 0.069956540693626945 0.23486789537529018
v -0.2034816783098343 0.076929314443062502 0.04212852353522871
v 0.10856720847834675 0.029798905048054658 -0.13904695080947987
v -0.33309824951689493 0.035821812635035873 0.17040782755583908
v -0.18623718225349428 0.073283971850592391 0.15068629349751908
v -0.11988890740863316 0.07239874333683459 0.39759994965940593
v -0.16272590731064843 0.079228143571947712 0.01830284980364703
v 0.079100535472040726 0.046452300798136101 0.0053723975235362691
v -0.18571025649892833 0.074981234663924271 0.11008281926408685
v -0.58897634147211375 0.03305963023593661 0.28330750973839308
v -0.38907359597610014 0.043728433572207508 0.32036144968205538
v -0.012212686066931136 0.088586740790674426 0.56818185677660316
v 0.19898227430751952 0.024573025897214152 0.39387637773516682
v -0.44403469779664922 0.035361678893385956 0.482454290348725
v -0.23149401626148441 0.080711911062149283 -0.034860807658004103
v 0.27567866863576784 0.049661165638943308 0.34813290322084939
v 0.11977729687597935 0.039858251424827761 0.41530179497202352
v -0.67605731352032439 0.035666772013500651 0.12172197871022762
v 0.058829277728621759 0.021522202045491243 0.20938104398603358
v -0.41670194953958595 0.049507357388101962 0.23837232781365159
v -0.064927799202789654 0.069551679594968885 0.29151663312732246
v -0.25802169986425327 0.078869802216402787 0.0043590347724677273
v -0.28426951075333301 0.05477510038539786 -0.1306758355598073
v 0.35389506101695622 0.073410413923437293 0.030861625462816532
v -0.62579632306466837 0.09415126260859466 0.28159510845455232
v -0.097710228091991078 0.042229643081465928 -0.18518548116000141
v -0.49752537177272876 0.03643857454904962 0.48516328665626879
v 0.427580561285891 0.058799408852492845 0.2018632382166371
v -0.083423559106197726 0.06405194479337066 0.59196597484483648
v -0.11111204800630738 0.074487445278124315 0.10559147758873477
v 0.13794410774371282 0.03162274432441612 0.11407249168560937
v 0.027192945942466202 0.067551731329927436 -0.19460559330258079
v -0.35717516904098656 0.032691342945993074 0.4837004885983831
v -0.060855331032814437 0.025340279325185268 0.54288962247069683
v 0.17072243635177992 0.022278283509094859 0.42295129570561518
v 0.25384005765056322 0.024368766544126969 0.27556877328013651
v 0.16706688090495744 0.99649009202113759 0.37245742206154669
v -0.9038001960088673 1.120810214637656 0.33907021032609708
v 0.32003070727857685 0.052858645466225596 0.3119754748656976
v -0.17083395550667063 0.075582631278912252 0.44896505030351708
v -0.54371495431707606 0.094100021028892186 -0.038290863832182061
v -0.51380866310324491 0.039248052876227395 0.25029553888309714
v 0.21440729381569359 0.035044672627314727 0.031988564354484036
v -0.1971892845120746 0.059783465225773415 -0.21702610368745831
v -0.30224921973395602 0.053317900577631895 -0.23804555247887213
v -0.3001363784413747 0.067939276224724024 0.12984936697221683
v 0.2461694801555028 0.083945291806179462 0.49305135871633277
v -0.16727638137631484 0.038612306051471021 0.53276013819193457
v 0.3576956304848698 0.030823157830256326 0.19055806732096259
v -0.36549041066253257 0.034219802806756128 -0.18231920688651793
v -0.45813939306146606 0.033760059339436231 0.045349340198171093
v -0.65644622878401115 0.036068249895673338 0.034223982657429534
v -0.16561906142382349 0.038821983642976718 -0.18811157747281229
v -0.086601349418458068 0.076215071278929514 0.064363179680874308
v -0.67459843097288685 0.053604939580467317 0.25893597431697368
v 0.1568341932701374 0.022134397026805593 0.48271646217881259
v 0.023777237177744263 0.073430806159325054 0.38439446776286673
v -0.039099684259640076 0.081171751895000713 -0.029762292816546201
v -0.25082304645466769 0.032241588707248622 0.57641220914525626
v 0.035486198702716784 0.024561026273938608 0.21668368074142877
v -0.19188344587998712 0.079494673968548479 -0.0025662735630040583
v 0.26922797964722495 0.047916613489467637 0.045935674898454959
v -0.27224639873528395 0.051104635236921367 0.49328764746468728
v -0.65488504597224872 0.039849528091405829 0.42594577056238336
v 0.07099583654108739 0.091263380512296766 0.54483506373526802
v 0.0070112150812375092 0.062148013390817818 0.095582176876247898
v -0.45900335683911886 0.047506595877269374 0.22814938037134599
v -0.28329045255081176 0.083988230739854619 -0.099961322231912217
v 0.11783941679226077 0.02399239445481921 0.29750811164095592
v -0.21270611850186208 0.030702024863124552 -0.17005838478464425
v -0.14816365988012922 0.071435664002701016 0.34891010341430995
v -0.31447968454069741 0.03886745872967394 0.1909821015703497
v -0.680640077043148 0.037924088255972599 0.17888168823843095
v -0.089327163215111777 0.073212109977349352 0.41275559453582727
v -0.15486251735363965 0.031660846942666569 -0.15296169201384266
v 0.089937283211817348 0.055959154569593418 -0.04599288209734826
v 0.0011743454402442447 0.048465707366396278 0.23791516293689974
v 0.064747911685448467 0.028225497550326897 -0.12980510832954428
v -0.052038281999345647 0.075343092679472284 0.090166172599641284
v 0.4531780695401087 0.079610708999880472 0.089040812901967831
v 0.17524940724900337 0.0234643933828898 0.40441287170284629
v -0.61509929582597989 0.03409130041958406 0.087986813859322208
v -0.0018178612326306435 0.070354190073484146 0.32543985402644388
v -0.21008451525057212 0.070464828067530863 0.24355064540316845
v -0.20962109979940161 0.069870308003680617 0.31512015489185485
v 0.49571409407196454 0.09207882872067287 0.12932610394271662
v 0.27962814377991835 0.021045321642741671 0.1574923211131877
v 0.19106164564757733 0.033117529568713423 0.2404766333760977
v -0.27476368481643776 0.069264620011654982 0.35615514173549989
v -0.019306332180625392 0.097042750961389992 -0.19948093436018718
v 0.013927811936447225 0.071479119173200045 0.34580046607431975
v -0.56126613451433494 0.10136495554330141 -0.03063128548406438
v 0.16253622346301347 0.034149159304462329 0.12065411085046657
v -0.28540141357341786 0.051431074723927828 0.21841692192856041
v 0.13980221207266616 0.029788861319986325 0.19203836725608323
v -0.22370096409953391 0.067171155364683682 -0.12043538211757251
v -0.72369683088154846 0.079799290754188817 0.055158453509572387
v 0.34764416346558036 0.037496524280384295 0.10927195910751594
v 0.18024593074923095 0.064156626424330662 -0.13739239022389371
v -0.051591137252055122 0.071279940303176942 0.182542464801807
v -0.68772189865834388 0.036842645838737524 0.074688984825185711
v 0.40531201306228404 0.051144242145092507 0.12898119583543624
v -0.24509495673555701 0.06938504140430081 0.29703661921195901
v -0.1737250908584943 0.032799284305185125 -0.14517283310057219
v 0.22272920345105421 0.026431666163309768 0.37748071562356461
v -0.010386603939102998 0.080856606879793694 -0.030416975050058945
v -0.36478413811459631 0.074132026390486591 0.55312647046313579
v -0.34482518350318947 0.048639281428215872 -0.12598240685570536
v -0.40107868512656891 0.034757565701548754 -0.1919035942293521
v -0.58064184809467612 0.032962209722954446 0.14554344558564206
v -0.39557616243713162 0.046505897329136986 0.52708741393054803
v -0.52256958866397352 0.0337834877627608 0.020215908757651561
v -0.61660185089104314 0.038580401890286706 0.51368326682156829
v 0.32304110407537112 0.090975044867148969 0.012187722646508721
v -0.0084576417035393345 0.024405600707300357 0.5155204150583409
v -0.47260469711890357 0.035895196075415262 0.50799821461326344
v 0.3096861631466632 0.027290577338815476 0.23734624865009127
v 0.1213451445481086 0.030721482422520881 0.12164068542250447
v -0.078995670154853398 0.075952538552370094 -0.20212070676578198
v -0.31815765709231519 0.079342807045812008 0.044839947221386033
v 0.1180616862126289 0.021766952694106136 0.47235276843500146
v 0.072160680807969863 0.022354005172801516 0.50406396917684282
v -0.15544588493219841 0.07202702509953475 0.1712308128888545
v 0.31450404567186496 0.024024007874157653 0.17629692788312862
v 0.0016142081679287139 0.05301682247235448 0.45987624466516075
v -0.41225607663701558 0.050205708890478512 0.02868942961020602
v -0.19304368784547393 0.060101928406708381 0.5023405930437066
v 0.053652679517141193 0.059136453692942431 0.32107229479730259
v -0.46397526108985093 0.034624827907326301 -0.028140132729093353
v 0.060660207189777049 0.026124848989310539 0.075227685564239408
v -0.37188991279813938 0.032526150643559841 0.13742146998999338
v -0.26262570121887968 0.077289979293994726 0.062534573483668365
v -0.26840937694496553 0.067225865679292396 -0.23194862114809833
v -0.58365950818297807 0.032704675947438047 0.16794515748811756
v 0.28504273311997053 0.021275936664328553 0.17989987978838118
v 0.08097248209139761 0.025834182959767627 0.15500575501118541
v 0.1250714588105144 0.028373963735384419 0.18087794735051063
v -0.25040611326746143 0.07642486453918923 0.07298397438949078
v -0.10664671105118875 0.070889868478722889 0.20987999797385051
v 0.38148378986951059 0.081603528936087494 0.3328973348510138
v -0.60082762595552697 0.035865279832512344 0.34338439636984608
v -0.58322805594445193 0.034040361070804555 0.10349888996999788
v -0.089843465964112593 0.088632723457647708 0.5951266537672224
v 0.0023477548113500306 0.039832719852578496 0.16151552526857096
v -0.035544187139819917 0.070155210749589345 0.30260581174476259
v 0.17101875145347159 0.024103431087026322 0.36984003015252187
v -0.0989924513354173 0.082377025256733141 -0.069418508656594144
v -0.31057862704357608 0.036695595354931915 0.20588058784611291
v 0.23421621486827962 0.037347699404959446 0.20087679585689794
v -0.33046937432953394 0.030150476310594296 0.31615387163580971
v 0.18925297200144461 0.096149751702469241 -0.16020085694082487
v -0.25330679612807516 0.06194109247611216 0.4834711772151174
v -0.2089404531385442 0.071594807281975092 0.36956511979223639
v -0.080363668663722215 0.058428954815210599 -0.10470771918103534
v -0.095523590204702136 0.055132610425976315 0.59670405794881376
v -0.28531206788085511 0.053018751273377476 0.2691089682392801
v -0.43381410537935855 0.035341203762399326 -0.18509555406608486
v 0.060749832101993868 0.072677046981297608 0.36057828223892185
v -0.33563409616578482 0.033262075325200396 -0.16774625607677271
v -0.19400413848549927 0.04553894526146985 0.52497728834558488
v -0.29528953757459997 0.067628414950582305 0.42283268555942427
v 0.15058100866575003 0.024005831679757103 0.33292160340113675
v -0.73600647537872443 0.077282633754402211 0.1910752087443561
v -0.38965811811435619 0.070153893817976098 -0.048149899558197623
v -0.30383863790744581 0.039592838617844121 0.28114079893616412
v 0.1905548887678753 0.023848289205247803 0.33168547744673293
v -0.38630719802009916 0.047458001378105859 0.25472161017578987
v -0.54055200014714855 0.0348703362705459 0.35688836596038842
v -0.51943111536200792 0.036952696432632312 0.48955434578022933
v -0.31415244724292452 0.039885924232494305 -0.14402921536797647
v -0.39670518315945114 0.036556825957393208 0.095881116045085271
v 0.25878902943360316 0.071289299709988971 0.010937542293367377
v -0.088037596300085022 0.072206761025963712 0.16467598773744757
v -0.28072329754851094 0.077372283089641503 0.069964138599373352
v -0.59693104816058351 0.03350191525415637 0.16589740266197819
v 0.030831902525900762 0.0695878645417181 0.42963138480302981
v -0.41084509694735005 0.04938029367716619 0.20361119264869695
v -0.2169659590053879 0.055537880462568155 -0.12613519336386536
v -0.570644039780005 0.040802161055790098 0.55456787955493236
v 0.1437676850076858 0.02264808533103484 0.49922651065107021
v 0.10369131837373169 0.025307132650027288 0.26505074506296711
v 0.22010996332721608 0.047781891855222733 0.49303190107844252
v -0.58813721693798804 0.093731127806903264 -0.022136561796551265
v 0.40442881296373001 0.095338628782988252 0.34399454205627494
v 0.089213150893104637 0.032340724258884644 0.44899928129349298
v -0.44954097872985438 0.033222498053519567 0.062314719907797821
v -0.55134729647551828 0.043698597184082991 0.56216375255006401
v 0.22905642412202565 0.03782481142350029 0.22744035846859031
v 0.02828239803731003 0.025678516888756824 0.1844868869673488
v 0.40143281852230417 0.058286332173103202 0.26139188543535619
v -0.79304397371729873 1.3874882823042562 -0.14858867187390098
v -0.73313891357017535 1.4960833379906335 -0.19754808500026419
v -0.48279689832186584 0.1122989238892672 -0.075089309769904564
v -0.20461051613494599 0.07544047426435331 0.07980785545323317
v 0.14866496614330291 0.023666541829622564 0.32218340744844853
v 0.3221338148283886 0.036131014571126642 0.092199051335799975
v 0.44735859080226076 0.091138762973550558 0.062782995932374644
v 0.37786976510208026 0.040587062590760913 0.20649538516744737
v -0.15413625232804598 0.070839165414556191 0.21800834287739887
v -0.15320341154649086 0.0752441186161798 0.088225621772978213
v 0.030818344837886761 0.030368100290281939 -0.15256269877940992
v -0.1519627083222671 0.075536844342602438 0.057133848117629969
v 0.0093687266508376502 0.082591729643119005 0.56046880513890962
v -0.0088120051258780089 0.069707678800220454 0.31360684438986502
v -0.41160756385357611 0.041808916929049159 0.32693000934101868
v 0.10235185940651745 0.025595183990441094 0.25420896838259727
v -0.38182023422364597 0.078450785096398024 0.0020301275352717974
v 0.22458233606225189 0.039713677482375268 0.47480688306197177
v 0.23092798957917365 0.040801472059749801 0.037452308227312103
v -0.42112754139422121 0.047107063750607206 0.0085830989094140119
v -0.19885812289634985 0.07339754367460595 0.41237158903634102
v -0.56172687334377758 0.031774494256016854 0.18920711017503145
v 0.095524911272811194 0.03038061448832054 0.53347055866315096
v 0.23604589408014146 0.054930164257141603 0.018083889182317417
v -0.11553668358990687 0.082203535857069063 -0.050777279457427091
v 0.47795584805614255 0.09221760594295364 0.26732716108356502
v -0.58339050938420167 0.034323830647119608 0.0045835636644774788
v 0.10894983360773247 0.045966258512110419 0.41771107252839162
v 0.043503933800811176 0.059458815803276333 0.43576657119684414
v 0.027089945220870344 0.095477544556419922 0.55458058189055282
v -0.28770480639827106 0.071348390165776973 0.4054136689662094
v -0.063378241539447946 0.035694706215488009 0.50505492054659651
v 0.24541952728274008 0.051769773105202026 0.4586190517815345
v 0.27839784837020409 0.024388907141544857 0.11701614492503716
v -0.22781791760711442 0.078564565881565712 0.0074403026353177465
v -0.015236932190921298 0.050755355392599795 -0.10070742502456166
v -0.45900239632487777 0.036417954956690313 0.41323233569072293
v 0.29671235326924444 0.10251526026867724 0.42974335703689109
v -0.59823770833116052 0.037772931911792269 0.42956043690676088
v -0.099153766422851689 0.06420242220415226 -0.20050597779081553
v -0.31729531126587235 0.036586537451352305 -0.1500833784239107
v -6.7662722473618952e-05 0.060768439282945376 0.11149852541068093
v -0.54083842407110594 0.033353539866624003 0.12046912088441548
v -0.10557335617587582 0.071135823344659163 0.36241525182731998
v 0.19859342021694834 0.05330997777975538 -0.080130481003435561
v -0.04967320405219184 0.078894971334094635 0.027169084321725868
v -0.6656992397569067 0.086305946418254315 0.36970143034284747
v -0.16116027546560777 0.075375959605915657 0.44526116250186376
v -0.54241687071781441 0.088655292394587304 0.58022446464575161
v 0.14725277283722951 0.027397085709090482 0.26499992247668569
v -0.32084967414582261 0.043552258848762543 0.36866630058351818
v -0.12958797179657711 0.94406979352548659 0.4272226887376725
v -0.69800133546862664 0.15138058176423799 0.10624687919190723
v -0.077067284436048156 1.0354327640847092 0.22240215399836868
v -0.21719150591113751 0.078088019491228344 -0.22379679178142495
v 0.138659542183108 0.027194577158232796 -0.036666647759175844
v -0.10558239035761122 0.034156064722732811 -0.13043865530367321
v 0.34767767310107728 0.028986741215404857 0.15407198133226502
v -0.69893322523780665 0.050685396181488901 0.22850752193045104
v -0.66628264423992078 0.035394555218093531 0.10647222876771864
v 0.069514517944530674 0.02207110938851866 0.20087943058653021
v -0.19565441173412282 0.041181910848032938 -0.19845691621775646
v -0.57326701056765605 0.037759081411963935 0.54409042456787016
v -0.70134587065398346 0.039268803159647252 0.18151073573952065
v -0.2808466758609795 0.039502862821895059 -0.14400533407906602
v -0.37704055560261779 0.039687427687040235 -0.2275561220632801
v -0.070866808243837912 0.069699552845911311 0.25541114594546999
v -0.71391027226354398 0.038763434316623484 0.14512390618554399
v -0.41566003022205866 0.03842046085781272 0.34289918263290792
v 0.049512718700212156 0.02267006760534996 0.22880035469946627
v -0.56045059087612537 0.037652725987629074 0.41031674847905936
v -0.42215534583595021 0.045523684964199194 -0.014219251441092947
v -0.29007994072074489 0.068287345919261125 0.37925710356030934
v -0.0088247199305630276 0.07278187862477023 0.39682010404511908
v -0.46228868609785878 0.036487244936363031 0.46940188002850081
v -0.45248243326122783 0.035498379706361535 0.51010142788436585
v -0.15629328451914157 0.0489343972272396 0.51583464301819959
v -0.51132996972882583 0.033598709135156106 0.039801398152133509
v -0.11980295617390514 0.027275183601482046 0.5683248152375564
v 0.24069612373197496 0.037659286106571183 0.20797796130534074
v 0.20246661968388832 0.086812774384732547 -0.1331206912250926
v -0.4902826687781246 0.046358296365197268 0.1901538162027604
v 0.012867995248852114 0.072087775955282263 0.36752312444450358
v 0.0068861011685242834 0.023975003448903576 0.51605178451845979
v -0.25493082215639512 0.07040007041692771 0.64295805285374141
v 0.16858529488274501 0.085134893583810281 0.52888800527576474
v -0.27016023207000622 0.061666320503527952 0.22553686951161592
v 0.51286573334896124 0.097800957654318676 0.1576615935870776
v 0.17328655504702772 0.022396318539165353 0.43982043124803594
v -0.15200317048495474 0.030963589892266451 -0.16407619126931708
v 0.017856565409548393 0.02993542705415312 0.14941277992362489
v 0.35925575327331971 0.044979349505718441 0.09148644308179249
v -0.13336957654653553 0.069643891243634778 0.29269272484248776
v 0.44777405306306228 0.072354355375386925 0.23936145753088622
v 0.21275189302280695 0.038310927996010116 0.021268666819204595
v 0.12619304960870742 0.027513841894773121 0.24704751877699507
v -0.37604981338416688 0.060689883760100295 -0.085539153313886507
v -0.12997352493596595 0.071918710758435853 0.18456471787759304
v 0.035866410170842293 0.063595201101088544 0.55226927355818756
v -0.12395082652495433 0.072693687013211383 0.60779165931588897
v -0.18731744989792165 0.082523791471989086 -0.079626995547715143
v 0.053558964436961301 0.051249762469392106 0.036709984146955928
v -0.073009287628526182 0.09631996835505327 0.58967036972397857
v 0.15580167985422214 0.097266189013659368 0.53189216108036197
v 0.19291251188247494 0.070992398959229736 -0.12818493234359182
v 0.2881777080774644 0.082383536105082172 0.010335302289298109
v -0.3336662444651522 0.033055302771461882 0.52425993028139961
v -0.1783923727455351 0.072020846868510069 0.48509065108538835
v 0.12636959494272254 0.027741014549000825 -0.026466967205872226
v -0.49500199163985975 0.046108415342211474 0.17461932536529276
v -0.25486860587879728 0.074555666864864409 0.12529414062832492
v -0.62007626044483977 0.034455314342580576 0.1138022095519029
v -0.46002351784126633 0.035601732850848465 -0.12708350709787664
v 0.2108683454481497 0.047660417875607618 -0.0092742547131005708
v 0.024558225275939174 0.0237423450531286 0.50137165381225612
v -0.4034541201935451 0.034901173664639448 -0.16093745893411823
v -0.26596199660147224 0.068579094182885422 0.32736519837915912
v 0.12744184503499162 0.024698229203916053 0.32060659263487573
v -0.19745288346309683 0.035114079381199231 -0.14184873145057578
v -0.13152058854186099 0.06985691293040372 0.27641861915604465
v 0.34332014944265943 0.059638853609063097 0.04622443598153677
v -0.13566083963943157 0.041790414309498522 -0.1910529461309648
v -0.14398154748925965 0.072361796920221738 0.3869304739276484
v 0.44689096283306545 0.068664409663750758 0.2125674318942046
v -0.72272150778352684 0.039197663073485926 0.12539483614436156
v -0.59290581918856045 0.03423373061818083 0.017626583455048608
v 0.42902968129618452 0.058949952656373525 0.1511473780240109
v 0.39518914586680376 0.073768725738726088 0.31389981606822448
v -0.55702203455326815 0.037165490262069868 0.5380371456981502
v -0.038017331296149141 0.069290748285027709 0.27520018142625524
v -0.17142257846116071 0.07293062592452379 0.1595017762138104
v -0.68555388213713864 0.099618509069847538 0.23069756787031143
v -0.058984471836706985 0.08113238957446911 -0.20278489339093936
v -0.20778766789972591 0.079170350650707363 0.0080880457210836375
v 0.45474293273413735 0.070905775576648497 0.17956351629862496
v 0.0099795855410825911 0.10037478436135487 -0.19410245781775437
v -0.45702376522625093 0.034824982646114583 0.3489980872385629
v 0.056752610253126085 0.045162817236873813 0.30986271563835849
v -0.086519079740438071 0.072690002005918478 0.15164899056751296
v -0.3894429496660119 0.033802411721442341 -0.17000547290356816
v -0.67011661707059667 0.058510656094011113 0.26402428467648464
v 0.14551697605362859 0.029800466611202791 0.095685110327086126
v -0.37709010036901591 0.052505172807566003 -0.24046807152527516
v -0.63299084341486112 0.036740154784387677 0.25364862443743391
v -0.42646053720850258 0.034681526656956355 0.066510620316455007
v -0.65030810898508395 0.070797671210975438 -0.0039431962172305065
v 0.042313733431214764 0.067772690473469621 0.031861048971805271
v 0.073096168826626104 0.024526631330759829 0.27272101252340308
v 0.33645419001897819 0.052041965538803796 0.30157526445152794
v 0.19595283958824974 0.025198477581506312 0.46868416515755268
v 0.019779958810836912 0.033154866072933151 0.47676709029105785
v -0.7441102271121236 0.076830362019683907 0.096359593064340568
v 0.10465059662402199 0.054457254961389277 0.4111558985899097
v 0.07632088345122949 0.99617776493982368 0.39017003244800236
v -0.4236009999397593 0.035235791563499257 -0.1728014421669683
v 0.33435876970189471 0.025760818235979227 0.17364297495151071
v -0.59383099536402673 0.034532978105590195 0.10730885414049718
v -0.067410085435777367 0.077263676269003254 0.057094263864971288
v -0.46695325921109149 0.034443971698200272 -0.0049079021362484739
v -0.04255111574198623 0.073211609613789086 0.13341826255046199
v -0.37635408941603965 0.034320106422912146 -0.20847874673433481
v 0.04098184968078309 0.03558060831756403 0.28248626163843893
v -0.29695683203639939 0.032647315319046681 -0.1843913067739891
v -0.32600052095511844 0.037342673355345891 0.17589283705774056
v 0.11254368072735564 0.027763097129628652 0.00055882807096837791
v 0.037235234433429729 0.061162237366267233 0.049564413009895884
v -0.06956334947460116 0.070032884424155575 0.24725672356563583
v -0.0032591468754922404 0.03976123734129014 0.47911175680853257
v 0.38064675871454295 0.070832581589463164 0.31666782875799143
v 0.033967869118498896 0.052902441516014045 0.29757009847195154
v 0.30737221884603416 0.023968199684119958 0.15044835376628701
v 0.073111652305914168 0.046119901481778372 0.43922094731105288
v -0.47680378367670101 0.034417491282194144 -0.043038607355058114
v -0.053173143518449581 0.03870527898531196 -0.17980373906040001
v 0.074017173512166273 0.02532370624706547 0.15643271687073629
v 0.049700467636990889 0.044506516979364072 -0.090439592286037887
v -0.096974969972829228 0.030845194254168522 -0.14757942688560644
v -0.39849187407491443 0.032233273828764182 0.37502025938607003
v -0.50790921755651219 0.042311272766259761 0.21368500669027374
v 0.27179443958875793 0.061406025675388415 0.40856500086908371
v 0.045513734526870013 0.030904039522567338 -0.1530645261410635
v 0.29915634019891801 0.033231131911138849 0.085675297454616425
v -0.33694447104479991 0.08106216247722213 0.014199164154226999
v -0.61640613001668232 0.077582273365694426 0.55773223373073411
v -0.65649063351900827 0.037276266062202169 0.021454852855259166
v -0.367050935407083 0.044869090759364696 0.54251056021200494
v -0.3152923881630636 0.045134516794623596 0.60076029227067906
v -0.14634610610575238 0.069772920915001743 0.27233128498107767
v -0.027379084596880734 0.077701601361655215 0.049814341630256283
v -0.46361746202265869 0.035569950208593777 0.5135132890057712
v 0.46815632578537947 0.078700350717678641 0.22263439643708569
v 0.14974843406179456 0.029393081888470427 0.24166060895646593
v 0.20618069779858025 0.035323048515243448 0.1712944779293622
v -0.31429058122891174 0.055652494131394711 0.42637198156379741
v -0.57690970132331199 0.033496196627795759 0.033899875931387817
v 0.051039726373363861 0.076457056705716411 -0.041238299527492132
v -0.6361345658312807 0.038618161498700079 0.40549078272720113
v -0.54864105941163743 0.037468130482301368 0.42115217347554379
v -0.44627052324256761 0.034728857687825569 0.035875454582888815
v -0.18262725066818714 0.071464339577083605 0.18302461718496979
v -0.50061050923272543 0.033127256030929642 0.081570466417231063
v -0.04405079324741365 0.025122806259670338 0.52525598550905117
v -0.54675663765402427 0.031884190677221945 0.3199398318467207
v -0.58171881873097708 0.035155601695406276 0.35111166371962305
v -0.11683449167976688 0.079777653191980366 -0.0020332706633489363
v -0.38787885087517715 0.97581680240709423 0.34730270444320371
v -0.019023052933960314 0.99718511796102494 0.39438867516480558
v 0.25058736978170132 0.98439046407504971 0.29899620253175246
v -0.45484724072876825 1.0209844918813058 0.042849558630068653
v -0.51480019627749896 1.124386081506354 0.39913506622579353
v 0.08699093049031402 0.039523389939683913 0.44050779301274495
v -0.49315392737791675 0.044932077511915532 0.20604390668670403
v 0.19962317042771963 0.035560379927847802 0.19373664515127637
v -0.20236958375112477 0.081667553552669539 -0.046126964143579169
v -0.20952816604572361 0.071575735960181075 0.19224353469448807
v 0.28558880796260389 0.034656797296419219 0.29309998177456015
v -0.25334083795788964 0.069193351190831559 0.31686557902153822
v 0.14756579355109459 0.027317175688107639 -0.030435589869098043
v -0.077143207906570574 0.050473347724668778 0.59121172168346725
v -0.331431982893652 0.081185529705965417 0.00019802379419555394
v 0.42411553360766663 0.073693050455326661 0.28807414534564435
v -0.41396332931918356 0.034531877833141364 0.42918670196612857
v -0.2389439791708351 0.077095425360266492 0.041619739041250478
v 0.045133061609616117 0.053100807936609311 0.30784803010044626
v -0.023426748119081992 0.068740793265379033 0.26455183693164769
v 0.50876855430157586 0.10165702047951337 0.24566791341575642
v -0.16669872069011707 0.077666269700290447 0.4696945962960688
v -0.43135535981987067 0.035048351767258623 0.40057942661080159
v -0.47608889253176079 0.047511655967933594 0.19595013642452855
v 0.38790747509124845 0.067898656973736857 0.30592252235033396
v -0.014198967620943328 0.068556076847265543 0.26783220938618651
v 0.020298672015263263 0.064690142539744644 0.071384323498847088
v -0.4010840635781065 0.032435135214992146 0.10583525778241298
v -0.10447924389468204 0.06251537239104886 -0.10612744613807433
v 0.25493413175090252 0.032920739091316806 0.18953670912634787
v -0.251409198111326 0.038892506083938815 -0.21261121322681634
v -0.49423390285629937 0.033904835458753557 0.00017894464516993863
v -0.58592001056687537 0.037538182625327925 0.50196065445790172
v 0.20021048983923162 0.037596707545595062 -0.0040448237165466965
v -0.10269289495276833 0.096416509394034386 0.59980000733582872
v -0.47409645558279856 0.079577536414613015 0.55799513018605507
v 0.13028824961832122 0.02751123655272553 -0.049574915756844445
v 0.30253973907467441 0.061724157484614094 0.033431899034803265
v 0.076377724463315241 0.03794392521745249 0.31846394511204501
v -0.44788507529891042 0.035810169997221475 -0.17139697219513902
v 0.23160592749659015 0.034200726412708986 0.16587785231770219
v -0.51131449678631558 0.031449857402383576 0.12581601120221839
v -0.41018370993843234 0.03850268209165781 -0.089471228709549072
v 0.41256653084946637 0.090681572900241439 0.33416737196808688
v -0.29061909463546703 0.079140856829095163 0.0061837748239237855
v 0.021853465700578129 0.071959437296880854 0.052281785675516036
v 0.2092071368730847 0.025504699995014493 0.39388220961686576
v -0.14097209029533445 0.072883573311525882 0.14886080362948081
v -0.48394038473624351 0.043129139594878317 0.25403452615614347
v -0.0047500315317685407 0.067582327892936889 0.10683999955806875
v 0.1980397032220679 0.035056504807322815 0.12601131590477258
v 0.32758986064470152 0.033787485714897779 0.25109420928075232
v 0.080391894733429739 0.067251859154602814 0.5423319467918325
v -0.66660273061869402 0.037298497153362503 0.033532709475343141
v 0.37383513340279323 0.0478246905106832 0.25706870592408271
v 0.090944326168333256 0.04741262383244628 -0.01630018969408643
v -0.26696202680127701 0.072763902286800686 0.40875365115012607
v -0.60367561527388303 0.034071290989499979 0.19532777960013009
v -0.72396549245540409 0.074329175737649578 0.2024429992052747
v 0.13738810149684924 0.97241736242757326 0.41513201340427874
v -0.030738224363053387 0.9896376501495926 -0.010889617918825274
v -0.25656697279995244 0.95134144174231594 0.34203632098330011
v 0.27512859532889183 0.19207665452788739 -0.1600521321618599
v -0.6118390682084871 1.1959406762192528 0.051760498410046901
v -0.41822254027210298 0.11970171642027964 0.52968297624185579
v -0.56011373985628554 0.035207612321734069 0.35022185927518706
v 0.30542377669526544 0.023342612788303588 0.16428984805886601
v 0.20514528543531851 0.079960419533685323 -0.11635669042024355
v -0.021714226280098711 0.070429353198757164 0.32733615380036196
v -0.45105948115482347 0.049060556432954212 0.17637111714653497
v 0.10936179825932769 0.076241337203419537 -0.18173879298259552
v 0.0012363964754708483 0.053288795461081187 0.12320636603185285
v -0.028230410572793997 0.042712811546379049 -0.10760472163213806
v 0.4059724785680292 0.067408044463245692 0.29017082167066732
v -0.11393691849427168 0.026900821429953255 0.55536768231702804
v -0.38016515708240234 0.04347508967475823 0.28627379296587158
v 0.1723397748284409 0.02212351562614313 0.4578320018296092
v 0.038571169378345621 0.023345734408879826 0.49485007012323923
v -0.027691591625345093 0.036533408455659951 -0.17498113269305085
v 0.096487935189528501 0.027461444718837921 -0.099718246255511581
v -0.37770888916901618 0.073650133738814308 0.021337271052710171
v 0.17483008165418362 0.027592468974458613 0.013116619276401257
v -0.010666968990974392 0.05787588562816056 0.14948719409362143
v -0.19935120221532671 0.081979474401090741 -0.063598874206068703
v 0.27856648372087134 0.071979892300653145 0.41784207563614528
v -0.27106069960853868 0.078031413198403968 0.025929215782672658
v 0.066129694440479614 0.041548248785804098 0.028807078196701107
v -0.29634086209768307 0.051268492306494565 0.3013139992794403
v -0.35640695628910263 0.054569580036865954 0.093878685484077268
v -0.41934091444201699 0.035434330808857439 -0.1883683387681544
v -0.15121367710722139 0.033011944383064817 0.53874435155980138
v 0.00139345283608342 0.079078668962157719 0.024228316246353441
v 0.13608898416698267 0.031281557786075706 0.13124559997735188
v 0.14741822011373637 0.023514316926430436 0.045243324284506468
v -0.21551222785966104 0.056488786261622903 0.64186751169304856
v -0.53455899973805054 0.032781730581464122 0.093388500246282896
v 0.18691271338520279 0.023675213914370857 0.29531861709406704
v -0.7196944131459021 0.084833568988938651 0.051667795052795423
v -0.29365774280540707 0.053687272597778946 -0.13106757417191323
v 0.36611988392255046 0.054162037829017171 0.06913581792055834
v 0.39671701787734104 0.067359061641079618 0.056685842298204295
v -0.57948490043796086 0.036843149801659009 0.39803641694223701
v -0.38162492530844655 0.053023253257014957 0.069204261151391985
v -0.4775016305230832 0.036877945866150515 0.42629448809812087
v -0.73638731663769141 0.043676274300173103 0.087093534031137509
v -0.30384515853919891 0.078226670818127092 0.070160935501869359
v -0.45569299657447221 0.035248920177418111 0.49302014075484618
v -0.408062808696318 0.036825443126585276 -0.10520761029163914
v -0.21900352777127477 0.075203697481090848 0.099165667090686832
v -0.62788362744436232 0.037864070228247566 0.4000549270375971
v -0.21670164820530857 0.07942723388876663 -0.015886111624845049
v 0.1892270575302521 0.041535212536076976 -0.076230322475228748
v 0.25427397518835765 0.040771917644874242 0.36935937121098505
v 0.074425377987034552 0.072450910943508903 0.36227141147471309
v 0.10236446572090595 0.041236853795663928 -0.047840560963898673
v -0.41211187620022816 0.046910680129118802 -0.224194143953622
v 0.0071139412555770659 0.023876752479454547 0.52713960148690409
v 0.1189116702733329 0.027360619185378406 0.19317248320329247
v 0.021455851088245961 0.045069352758748515 0.092823631587012748
v -0.1263463823597063 0.071075161461495492 0.2016767076517631
v -0.59284890564474546 0.033487190900317161 0.20286032538944984
v -0.4956973071528345 0.033860047073386176 -0.025908102005594371
v -0.26181921857724338 0.067945215036077991 0.31092352916874122
v 0.11443131800381888 0.024673946329205613 0.31307717163432403
v 0.20773731568695175 0.96877637763640045 0.020555200013728361
v -0.62705545193117529 0.97952038339595293 0.60666715845776986
v -0.46532002492750246 0.12521521714125133 -0.099863238171090482
v -0.65053693849923633 0.14171993051850321 0.41848135156286614
v 0.20680864891526968 0.087460584568618369 -0.12584975637206194
v -0.73730930986821119 0.091480154237274375 0.18091193933635194
v -0.65822612891528587 0.038651315048355415 0.23625904434304662
v 0.1124038090175413 0.026482667120756101 0.020241166090357209
v 0.06205550108871867 0.03123773544919297 -0.15467389716184352
v -0.44005914636102733 0.035882729841592138 0.15470203886844816
v 0.4257413534445102 0.067770440988523889 0.084525020842740564
v -0.14636308492463046 0.07155869995164986 0.36916444865804876
v -0.66647820296493732 0.037428426978561309 0.18779628531912729
v 0.20701215100806106 0.053685993314890879 -0.042492453339968921
v -0.41759931396489752 0.034329012171745957 0.47576012959962127
v -0.30102487103091957 0.033766077022598213 -0.20744487206431564
v -0.1794925502904049 0.034723902392171803 0.54075471613084358
v 0.2649597886571064 0.097627628099790961 -0.0085207593383327188
v -0.37562771922930999 0.049104185456614824 0.23028456960565408
v 0.42787200909062789 0.079084089113692205 0.29942693869099479
v -0.13430789096295431 0.075871378303088086 0.44805043299830416
v -0.070050520924088144 0.060905383328941846 -0.19807662655964864
v 0.31339750066254507 0.034368082068012756 0.26555394341586686
v -0.26016032394338229 0.077213836995222426 0.055236286889124783
v 0.28670158792254746 0.065378769975737994 0.38071234069928733
v -0.3648668513929344 0.031479713404717606 0.37860991934107074
v -0.22694098210503882 0.035448622294240263 -0.14535720471065114
v 0.16077909914745447 0.06555611606811805 -0.15855576845571442
v 0.1931239066740843 0.024594467098887695 0.37885598829070116
v 0.16225995294557646 0.02566754636198158 0.022105933657488266
v -0.1883284196067091 0.069858724442672479 0.32362770482204839
v 0.08039697734778771 0.023755110006187345 0.078242978844353869
v 0.042918335091117893 0.06279239937936322 -0.080699621262524973
v -0.39537206505742112 0.035449134886056027 -0.14150582217092669
v -0.17858580152124606 0.077583453987189854 0.04475359971216742
v -0.017148240205555922 0.061199439626001481 0.17286428583202854
v 0.32277043536476802 0.044229240032099985 0.28966739560190968
v 0.26081475662672848 0.080706308044089139 0.47374720193600495
v 0.090849799462152978 0.029767193313027719 0.11901067241324025
v -0.040462379206374403 0.080059325764815253 -0.0057220766613293632
v 0.42104473628525318 0.061607912415227471 0.23989203513041038
v -0.35827307959913174 0.032427717774946456 0.44610009997655192
v 0.084387310391054723 0.038103643585976919 0.0078471245166382847
v 0.18165035171708549 0.023104352664418924 0.068456437695967085
v -0.023516564400775611 0.036960150687817453 -0.11263053712993605
v 0.20539040413738557 0.034680301792470801 0.14489708712198079
v -0.10753747396464126 0.053567680398157014 0.49669485224436533
v -0.29580176109806733 0.06558508431802583 0.14375626453371643
v -0.038140679733248306 0.074772325796105571 0.10504637077485147
v 0.060552687891739621 0.02417976906207887 0.092385034144822131
v -0.093080459460142165 0.07020152245381725 0.31889254779265325
v -0.4022055186242085 0.030162396187453817 0.15574296297606913
v -0.48960797291928465 0.033679988890999171 0.036738133134059964
v -0.60495246094507948 0.03399805970485871 0.077391666118889674
v -0.016072267879178554 0.070709076824658379 0.35169310575711565
v 0.010397330081970821 0.98801831382169236 -0.0025623804249172615
v -0.085859935483488636 0.98948509778768579 0.0097582515559309271
v -0.20636605511361034 0.99987480647877314 0.1283143425612745
v -0.075148976871166853 1.0079839002835655 0.042750036040412595
v -0.32812622474724712 1.0058482873704528 0.27087325572182891
v -0.21408626807750172 0.80306629515735528 -0.15184171392364765
v -0.01326965336476638 0.80255636143123732 -0.15856047763321493
v -0.67431378283725241 0.1193529069469058 0.22626806111614706
v -0.41084332521750461 0.74275107097743098 -0.13569199615512645
v -0.026140186390363647 1.038814543674148 0.2732007383725707
v -0.6397896048794548 0.03686519558790851 0.22310500706702499
v -0.17777053333289133 0.07036403599837146 0.32120526834019081
v -0.14060443162512704 0.047477894741061552 -0.19802613863079277
v 0.074340676085487389 0.065635942787856852 0.41485858520674124
v 0.30973006240608247 0.047876370189971353 0.056384665182157019
v 0.11311831170507317 0.027221747001162026 -0.10782052857740498
v 0.054929492387513011 0.070285065812140238 0.54691753744993132
v -0.19392628293919115 0.097007764848615841 -0.22195176321835802
v -0.19313374450974777 0.070442890806144062 0.23751742600804387
v 0.20381077141489012 0.036210756772168978 0.011203370319998591
v -0.021837389247984049 0.056447835802868669 -0.19502805322180317
v -0.53003097777439445 0.04299966774656646 0.55918007833719674
v -0.31571868940613657 0.068696263758919254 0.10726743176730537
v -0.62007071113971834 0.035963262864536438 0.27446565826934333
v -0.39286313582987537 0.049805797497418418 0.22472809928000667
v 0.049849959420408388 0.023743986448382957 0.52201500174516124
v -0.41852192082636219 0.035489881209985266 -0.11289100377257442
v 0.25217679776010898 0.035818134176495063 0.34613461114019028
v -0.62312447076430799 0.037826056491483573 0.42616934744974483
v -0.29168208621098152 0.078780793838833088 0.032906697752959263
v -0.41285722289833066 0.034014035948166037 0.46259302792270829
v -0.38980258055641531 0.034072226194120779 -0.19207745423177081
v -0.62878458924837233 0.038796093709059204 0.49568555092547067
v -0.023588340563850473 0.0810208036331692 -0.043964262412703167
v -0.35710482717008496 0.07545447986431672 0.042722012283429846
v -0.23109865263481993 0.03171375788685362 0.55177841621727197
v -0.049412045001533622 0.051372865768208126 0.47925858538332022
v -0.15310089863703702 0.077934400181024141 0.034837308161550708
v 0.18651482774114447 0.035209291343698983 0.13416704874733359
v -0.5666189270462374 0.036856291542103514 0.50494492118124268
v -0.45580905218989487 0.03868466152142077 0.3257885199400895
v -0.074458032233013699 0.071622451272909643 0.37473053788263849
v 0.055810874644660537 0.034187193079471052 -0.16543270845351932
v 0.3135329831267436 0.067021120301560475 0.35018380028209251
v -0.41168272261611999 0.071070365999799101 0.53618605311590684
v -0.6254003951665047 0.035613373030869533 0.24104908424680047
v -0.32996686071031123 0.03222604697622157 0.33642009083298374
v -0.46596172609809228 0.030873962881792009 0.11693153031934109
v -0.54990581179778664 0.033526704156119226 0.019028752567351297
v -0.036431172310084421 0.070321699453861089 0.18634661276390532
v 0.0089142951622276888 0.03242106659469067 -0.11374617872910224
v 0.35821758644746454 0.084137664963882058 0.34066826984412379
v -0.30010294855044789 0.037282439980676041 0.25897623971406514
v -0.16501185442909516 0.081874371490249523 0.62503581454148249
v -0.1183925487506013 0.073222838404967308 0.13610461343848193
v -0.0880032578144644 0.026467730078621562 0.54276261074949161
v 0.096937287121453955 0.028292216426811977 -0.12059088815596949
v 0.29039644823596455 0.025963595243977431 0.11358810411261504
v -0.63477070042534811 0.035631299706586524 0.18717735928274634
v -0.64538258779044844 0.039079652441939151 0.44791704098856183
v -0.47637518045375055 0.033294179540179526 0.070777342463172202
v -0.02920414766208871 0.050634747226739184 -0.10206793110962949
v -0.053871207353638297 0.029811743816074772 -0.14911470324101386
v -0.12377569933409184 0.070267245125858552 0.33042819749357516
v -0.19288399775911597 0.051619162724459551 -0.21287057077514601
v -0.37111902524071533 0.061279673280067157 0.060931259290318472
v -0.111165337734475 0.063609977258792957 0.60287009426687721
v -0.63415803354602784 0.040815323165268792 0.51707943428393088
v -0.26686979464893668 0.0497242980527417 -0.13349678446817961
v -0.018810410403695365 1.0199212195925802 0.3557503855120247
v 0.15220570544357614 1.0175416761460139 0.069926144962648817
v -0.3242670733582419 0.16984782704194962 -0.20459668400499637
v -0.72387978141724929 1.0902280469674825 0.64419286180558499
v -0.61087777125392206 1.3791610386092232 -0.20201894722265337
v 0.14534425638725226 0.12157971303135774 -0.19482561405146415
v -0.69747443233903683 0.11515953738675683 0.034100504690357282
v 0.52656766604654692 0.22293917492656024 -0.0034157048060810334
v -0.53260423138095636 0.30410661454915094 0.37074952737014127
v 0.2163401283020083 0.94313738295954852 -0.010582985587832598
v -0.41695459197251811 0.049043106755921544 0.020754434248555123
v -0.20983488815591833 0.074170711894462588 0.42790279627186661
v 0.33988564260764531 0.032292502047667954 0.22815709229857725
v -0.18850329803853355 0.06442304428390544 0.63525755436396003
v -0.089963130982250422 0.070893297441477404 0.36479236583292296
v 0.050116432037463174 0.049624873980227295 0.30940394907834634
v -0.25543180755644751 0.038114185992850255 0.62513514688319272
v -0.21811193764118272 0.077227103904191491 0.032543959980221207
v 0.18575689920292571 0.024652361051355744 0.052750326524523938
v 0.17548437257649499 0.024553831665517414 0.28824555782925676
v -0.51642313308344656 0.03764777035233044 0.27401502135980815
v -0.16235566364126566 0.052332653371945502 -0.20618575302998135
v 0.25849408816917308 0.057703064101318251 0.44064766393592897
v -0.38664966044289301 0.073459286504457003 0.0081626869998703312
v 0.04634354403344814 0.077223623329440966 -0.037105881809855842
v -0.038346168255950608 0.073921065280538281 0.42491217649674362
v -0.36097868582260562 0.033867855114725641 -0.19195273236018442
v -0.17718807166257189 0.079538951012265907 -0.0023960300995408794
v -0.36552435536134142 0.081488954344308251 -0.024855478038118942
v -0.073371350868714436 0.07595430343065801 0.58803396011936115
v 0.26837769838149272 0.095828063961454241 0.47537940227952302
v -0.31002292425573519 0.079924430540814467 0.0059533986439406859
v -0.39671724838802519 0.069555905409977609 -0.23782914605877206
v 0.093238883264741904 0.065989266016323031 0.40503718555276147
v -0.2229248631497478 0.073130117675770892 0.1587686373274651
v -0.21108163689181009 0.074129585714559965 0.11210136262140018
v -0.41858639104942486 0.035493928176699711 -0.12925655579592008
v -0.66035801602258071 0.087502486734748891 0.25817419081270365
v 0.068554873010700762 0.07355979347150518 0.37309669163674314
v 0.20932449829949007 0.023726171083659899 0.29677005952822355
v 0.33288699652315745 0.050518794644558232 0.058748577677499254
v 0.024882114980912688 0.030275762517617235 0.11675447602259349
v 0.1832488001031265 0.028258586974287896 0.26664858216874709
v 0.49520262289839101 0.088414646995636476 0.16806979519655343
v -0.30184740109446173 0.047102103650168432 0.30746503016912258
v 0.058075439927365205 0.040687077693926973 0.041814165885673098
v 0.29516184171449816 0.048674864427563767 0.31949224597139891
v 0.074253545800854609 0.02612591237509574 0.1455255742511713
v -0.038074368548866117 0.070181200605703695 0.33387992182508291
v 0.012555521897973435 0.051192756667347801 0.45759313795290757
v -0.31712462141173181 0.034020904163206848 -0.15742217118201385
v 0.092692136328117986 0.023750671600236018 0.2804154164177059
v -0.061705036507890249 0.030933785012944717 -0.13145604475978875
v 0.42415942912071725 0.0646115739123687 0.093700215521953151
v 0.397975261146367 0.068420618412657966 0.29998762797848222
v 0.46615055075281403 0.084654950838327664 0.2596069097901334
v -0.30161359420470696 0.058161656603719636 0.34632491393722709
v -0.14998168893324981 0.070268915439255231 0.33429020571738527
v 0.23899595712126498 0.068822969875989834 0.00020540020246913795
v -0.049424597938488593 0.055225602372761307 0.58156500667327027
v -0.61394591703797108 0.037919512194184019 0.43226811036413221
v 0.26441471515812542 0.050795742676213305 0.38828607062809184
v 0.17225782536059925 0.024251138028342559 0.046026483660379647
v 0.12803418766785127 0.027045867343735427 -0.010439507079758862
v 0.19312305149502423 0.08894058180009172 -0.1490183647573865
v -0.089889928764413624 0.02624407009204173 0.55332987825295599
v -0.089301542748944363 0.070889797848948832 0.19705247871125905
v -0.43398015751773933 0.98869585980023389 -0.0087915924687227958
v -0.43608016189968074 0.99311652070266243 0.34589359930852198
v -0.53323289178431188 0.99578785884085963 0.022465539961962527
v -0.33943162550781331 0.99844181313565949 0.30100760534884541
v 0.14576228364037358 0.97266363774382369 -0.0085752171896552858
v -0.36380086698676412 0.97981961124316863 0.34779133736806966
v -0.40417747203313997 1.0182393577839775 0.26334770140981179
v -0.21289554376911604 0.98737696119999041 0.28715622259796358
v -0.091337510352750631 1.0119891557556484 0.066435541190939987
v -0.61723874661863232 0.96298319044193992 0.0051220774018050702
v 0.021118504041854804 1.0127690304751817 0.037285124279672885
v -0.75647510720649169 1.0147858433704751 0.019191641892930832
v -0.48021937985639612 1.2018113410796361 0.19924519320243284
v -0.66540134879427892 0.12475473266945715 0.45214680537969659
v 0.52731208380328176 0.10888812996485539 0.24403816899840447
v -0.47863982121569543 0.036681122030484903 0.14987937567891757
v -0.65580922101627992 0.0736389749020471 0.2684980644133077
v -0.099842022432208813 0.078777932723728683 -0.089923753503371034
v -0.091844758144018532 0.080886042526295068 -0.029715307823303134
v -0.61870902771354419 0.036810567300464885 0.30083704315765708
v 0.15756028444963985 0.027353891161436956 0.26752342425217984
v -0.32601975444218778 0.047691514969160256 0.39307665390335506
v -0.14059623498114787 0.082205693878649205 -0.051672472710536738
v -0.11280622909265565 0.075796177387515692 0.081328835535801586
v -0.38084518168239462 0.03141370586583684 0.37332269459395601
v 0.13973755013046618 0.021713753582207208 0.45434877515437361
v -0.24528487066806423 0.080537290980537968 -0.031800251722864374
v 0.32426702234316557 0.07324554680720062 0.35065018943247517
v -0.34178658920298766 0.054005937489679329 -0.12109052948914996
v 0.39086680517729955 0.084105521985147078 0.029579189369606528
v 0.17391315473193839 0.035265690484688784 -0.098793323296977931
v 0.42285822462594563 0.055292257956292827 0.1602387055566338
v -0.57791286185673563 0.031554424062042348 0.26620678610363502
v 0.42927440119166682 0.062404751603002864 0.11394058240761742
v 0.094812679137013897 0.070939348264271354 -0.18417509359248002
v 0.36422413030302153 0.039160325364817394 0.12210865038610913
v -0.37977575515047818 0.049173167628580081 0.22013134163265341
v -0.25926488628862104 0.070003186733348224 0.34261179626191401
v -0.2079648594805629 0.073360113742788613 0.15420511456100822
v -0.29455557542280209 0.080135422355914213 -0.020567659568106769
v -0.33313584670875596 0.035335906567492609 -0.22014432917962026
v 0.12187994101765649 0.029033356967470218 0.42709104229468986
v -0.25424381134224666 0.071610387921935789 0.39009458098285871
v 0.13599549945145648 0.031182613360694698 -0.1358287518309188
v -0.21337079412498372 0.030521301176209287 0.59716612059102525
v -0.055833577652808615 0.069677451375639646 0.30806035663313214
v 0.22595423887930202 0.046826582658261742 0.020206544168194951
v -0.31095713457689361 0.049046444707939632 0.3517498797896042
v 0.24418893944487166 0.036533724158856473 0.053999432759884669
v -0.21572378389694849 0.071361543555199594 0.35852787239380857
v -0.15819996535853106 0.047918956359970587 -0.12297469996922795
v -0.16411434234200173 0.08145257731545695 -0.2126577158751719
v -0.012750111400660515 0.056326237856506249 0.20330033774766174
v -0.63933037473583332 0.046032124292712584 0.52828936069598997
v -0.35213431651399268 0.032259438357135135 0.15983177390910489
v 0.11490049741729666 0.084421207765328646 0.53753276491963675
v -0.55607654840820653 0.032578850974658291 0.13823528210153882
v 0.19350504487013784 0.040101008294035401 -0.052776635659357092
v -0.36708797589539549 0.043622683058362789 -0.23421821835106041
v -0.34812728395204262 0.029798747729626492 0.2278240686184988
v 0.22016806297260719 0.069437173008119121 0.50572509050258607
v -0.42710687674631498 0.045288510690153799 0.28944607438381648
v -0.26816414822484941 0.062227733351583991 0.23924367104846117
v -0.24368130700445317 0.075948397502740198 -0.22805392031104776
v 0.020925539254303752 0.055513414520538963 0.55674642612735237
v -0.34315706333345319 0.078707123727248474 0.046196154850622839
v 0.14012264359494031 0.05948534859677912 0.53026760193558586
v 0.17934650555521264 0.031608007674824683 -0.042272676859663877
v -0.65522326067425829 0.042305591267794387 0.26036449952072438
v 0.30073872489472964 0.024730616051453776 0.13249340817905753
v -0.3273814440386501 0.070030509363941285 0.60057667526645397
v 0.114298413253606 0.026471953841681498 0.22932968451640451
v -0.015790513864346177 0.075265251255324475 0.079571249693362087
v -0.40713400939644256 0.037711280449323335 0.51142974233101124
v -0.50685842281279658 0.033928872732127698 -0.012697201751189711
v -0.080916098219407401 0.96044951751394836 -0.026152437715325962
v -0.10639035825819822 1.0243595265797827 0.27390724897943647
v -0.35058039294927884 1.0005079650154456 0.046295915979118536
v -0.40138804845580722 1.0082508215135655 0.28424459237940941
v -0.87884908554451435 0.96167300569495928 0.091283732319484459
v -0.20339102387038743 0.97916226112376714 0.045843762179799109
v -0.4261998279641489 1.0059517681342898 0.016835599950628447
v 0.0064280835261215259 1.0164318893344348 0.36498638558544738
v -0.2760458617396831 0.99635239649788376 0.21696759812427169
v -0.23933908496045875 0.98704148502495248 0.097615215230848179
v -0.48429570725206561 0.4685495581448787 0.54637404417430324
v -0.85198977253294184 0.48591444676419271 0.12661073073512297
v 0.042964982715385437 0.25803542669784196 -0.26041923534131556
v -0.49421519014860438 1.1850383376460156 0.10694389753177619
v -0.087766924640752489 0.11899327899932295 0.5921504836918865
v -0.86800611109913961 1.1653863331285061 0.5299262812258676
v -0.63686504328759741 1.4514560599688529 -0.30938624591152797
v -0.27733324078769261 1.5627755294119752 -0.024039514982777992
v -0.58073332271865752 0.11877565987626061 0.29389864939046545
v -0.71234142400453659 1.1934009932814194 0.58282325572918781
v -0.55053461007966942 0.11548970747354986 -0.02844315636343946
v 0.58775456581957619 0.31680232061246227 0.044508111583776863
v -0.12273816417858445 0.074693408748947129 0.088183867920343814
v -0.52080302517010257 0.03702508554042909 0.47743831266782744
v -0.45408832139197119 0.035092093942382989 -0.070043850947137193
v -0.13714903969663036 0.070911957174261214 0.22118184224528425
v -0.42096844052388066 0.04278717054233299 0.041197527189098734
v -0.24748050363842947 0.069129610492314655 0.28382825510362053
v -0.53458647649845048 0.033399845212184087 0.081686264831696484
v 0.086468829879819756 0.0488800650719406 0.3380921632657875
v -0.24081176320349351 0.046465883453035428 0.51844855627178033
v -0.25471101235886595 0.053734063135653258 -0.13107366169656023
v -0.56827592203781141 0.091117333817392676 -0.031877214900243894
v -0.43324757073430253 0.034857935171113665 0.05453330615718803
v -0.52892077147214789 0.03383689932154868 0.35843207757433143
v -0.30437754595457894 0.033310577729081248 0.51154801607858558
v -0.41822604888385206 0.038455709838751143 0.062857065485504848
v -0.54301948347107665 0.033728585632093591 0.015349934686312393
v -0.22466222506802566 0.061054823502385357 0.49657775079008937
v -0.17969848999045074 0.073878776063127774 0.42662924431746274
v -0.28322472042735719 0.054050716868493408 0.47687427466635002
v -0.51622810870015112 0.03364605799248508 0.36130775766485779
v 0.088322731132886384 0.023620863162373957 0.084954863601106226
v -0.48223855490953726 0.036035913248703144 -0.083252239014653104
v -0.18706626843478047 0.084939425573163918 -0.21890910483577161
v -0.057659423989558145 0.046677369516780365 0.5851631913998504
v -0.32873504848353419 0.063058096015255347 -0.11785651470583859
v -0.072312924966095857 0.06819505783658332 0.46450641431390244
v 0.025573458781533467 0.025774809094733477 0.53533632997908731
v -0.21782408861309538 0.10069149876014585 -0.22773380925826714
v -0.49183921488068633 0.036861216871146872 0.31915536583429832
v -0.3224844489522285 0.05112453472756797 0.42251567539533252
v 0.10230849439352667 0.060546297979613847 0.36301105732785705
v -0.22835177710974033 0.033211615923813692 0.61710766712028475
v -0.49158447837660957 0.036946729533897597 0.153558968274811
v -0.1180898730510882 0.030981191167796098 0.53257919091214012
v 0.011622215494063263 0.04355082635477861 0.5611228536943702
v -0.44349947049313021 0.030555285433106108 0.13769019828320869
v 0.46872065456819623 0.077895335106996838 0.21200020969837174
v -0.42670052482456772 0.038816038888086178 -0.046922629957213684
v 0.16246235975297571 0.031325409463012814 0.22803810953716422
v 0.28474837688317872 0.021346364589133301 0.1667294412710762
v 0.059003894430393174 0.034353866395358645 0.048745330389363538
v -0.52863405260654384 0.036460102400772229 0.41096007129479606
v -0.00046893402751859765 0.075467760523307156 0.066737414414667656
v -0.10591529520075617 0.068961912223125435 0.27837548312226967
v 0.16974367535923379 0.034901951573005706 0.12117152342482977
v -0.087321723051196093 0.069889593929475496 0.33984386966362851
v -0.31918953044365111 0.08099607838408919 -0.017561828517594167
v -0.38167528508368481 0.032526130272949094 0.40478969431549017
v 0.03320826224874137 0.072635286618964665 0.36875676429801052
v -0.0063451547373939467 0.028937926530077773 0.55261818475554991
v 0.18165994210632003 0.031174250348701023 -0.017575319069819507
v -0.14242869427017996 0.075036352838788747 0.078950604815186939
v -0.37703885280422972 0.045047967806607164 0.26207108796403905
v -0.34681354892079613 0.066940411089017743 0.5731038308801677
v -0.012348323895465906 0.08921053174917136 -0.1989681125731205
v -0.49010028006366896 0.036932219764930455 0.46409050159849741
v -0.4037121030666051 0.06118139427705134 0.0060451798322888719
v 0.33805497076128582 0.066613899610535598 0.034803577289557928
v 0.40587997912319607 0.09572912308086215 0.022779102427762283
v 0.23245819003546067 1.0032110620369477 0.21902791525784782
v -0.36480016257950376 0.99999483501111608 0.032071071783710242
v -0.3237296685293759 1.0130980286306157 0.21484043882409914
v 0.18479524665150651 0.99848644457818436 0.3568988345875036
v -0.096799562952792406 0.98168609994063916 0.0064831918123979355
v -0.3735042982277415 1.0211129149897975 0.23791756853514753
v -0.082108439612548351 0.98774553043084545 0.39018525149414296
v -0.41879156932584466 1.0187417210724909 0.052716660432965433
v -0.51001630988741398 1.0086165603890112 0.03032266291516033
v 0.12122509506777437 0.98785343098865808 -0.0001625858498539237
v -0.29514618046969066 0.96872366311196934 0.031796069306985815
v 0.11999551661438392 0.96606422860317132 0.42635974411540173
v -0.19094815623373576 1.0041719891336234 0.25245999925219648
v -0.61086419584403029 0.18557666011096693 0.095942119431174935
v 0.16363067050924818 0.20109744547520825 -0.21707858901575666
v 0.41798833543385966 0.18971892563860943 -0.021001711206002395
v 0.09366526163521989 1.0528839890609745 0.16908526316316744
v -0.37190694166966964 0.8047775156990723 -0.12544028452245579
v 0.10237327902381126 0.26520385801141177 -0.25265148149253902
v 0.0030902915365697515 0.11755582451822119 -0.19391893127063906
v 0.45456599589706759 0.12635827941473077 0.026591714920860786
v -0.675915813982925 0.1387672322149559 0.047158630773461808
v -0.72788064610897174 0.11638369181863312 0.090209695109820909
v -0.48552224662594762 0.1230017580926426 -0.039982216920277452
v -0.68433081244274518 0.12976007997735367 0.20358483242558176
v 0.43874469384441012 0.12372826727381742 0.3684510842889816
v -0.65621698574153597 0.13018982403238605 0.39732107658184129
v 0.20569299597963339 0.122626886855794 -0.17110899270480456
v 0.54072218388396143 0.13014452801036747 0.095022885302616572
v -0.62144965637219785 1.1009704357104231 0.50997229452204418
v -0.88909959354248502 0.93068458865347115 0.60006727389831815
v -0.88120666271767345 0.96178236059902444 0.092759539941282457
v -0.48753694892126487 1.1359853844941965 0.13316906163328199
v 0.17043430594413778 0.72925591847747906 0.56857067686825269
v -0.64660340429779428 1.0624373884155009 0.012984768308468253
v -0.0015098013956645789 0.63586147042581143 0.66351564812502506
v -0.54841729654833737 0.037260360908909079 0.46345326745870652
v -0.23992794830074196 0.037683399438472556 0.53591759777755577
v 0.42695157903266495 0.076934184136283251 0.063722788353432397
v 0.014647080794388959 0.029386625342531041 0.54732453798638103
v 0.033295776437740232 0.077844512656701989 -0.19377711527920402
v 0.19544165553208404 0.033673271502530348 0.0017704565472590485
v -0.48821987383535509 0.069177458525345986 -0.11917024943722823
v -0.49378116559409863 0.05267204029530393 -0.096921438679740915
v -0.21266923068013535 0.073756076347258448 0.1378756977826987
v -0.3510136053188862 0.043448478092347913 0.55890756337020386
v -0.30445834784918346 0.044667138628687007 -0.13842865831480586
v 0.33833189564270305 0.046523439262049368 0.072253632617963637
v 0.33167180786953659 0.039808810925796981 0.26959840544622343
v -0.039026644931876235 0.075634331586739684 0.082229137002696337
v -0.1669903367374061 0.077652688903157893 0.038108099412953282
v -0.46833383104667142 0.035383462422230672 0.49553565529978183
v -0.53864959141049484 0.036876562946630498 0.19377336092694128
v -0.17605993306636911 0.075111081083172049 0.087571513221576455
v -0.2508253917783877 0.078131882747132717 0.015865460487023156
v -0.024573391000869485 0.024326466339122214 0.52559763052289332
v -0.51610880022431393 0.036757759711327102 0.41693693354790645
v -0.51296872825236317 0.034517689892374928 0.33171214354635148
v 0.34248577539635128 0.054331717125214556 0.30298262814700821
v 0.042589685324326124 0.032488685002256532 0.27748393827306383
v -0.62533306245417997 0.037695962777207291 0.3415305895662617
v 0.15686518966578342 0.032197798158225363 0.16848524592445796
v -0.70764755711565241 0.037621924418945518 0.10320493884472616
v -0.33680770479364247 0.034263871841041786 0.46983037008346723
v -0.5450918236591028 0.03347398578389725 0.29291184563713146
v -0.46394244994524381 0.035603627329914227 -0.096485882035882112
v -0.02708989643741376 0.073493746434650453 0.11411793904448686
v -0.25290092036598621 0.035120437639053988 -0.20418066101888532
v 0.20327745094298014 0.068160473292990159 -0.098739864011456027
v -0.59024313499744263 0.034408662213753251 0.31208321513159532
v 0.16373701848031796 0.023793975068092169 0.39661835498521153
v -0.62489032294936031 0.086869482052790811 0.29307888079236288
v -0.24825693770279159 0.075918017972673099 0.45363613675742848
v -0.09575209074696571 0.027574909131411952 0.56660389751109785
v -0.283748477208148 0.042593873301339541 0.50391419853560437
v -0.067562811123927285 0.079352510359949502 0.0047216111894962621
v -0.24708394836298256 0.082795801764337679 -0.072268707712060398
v 0.034192023225375477 0.027125216306026663 0.48076611448583839
v -0.48870089439457637 0.031892986973860615 0.10500918286770262
v 0.32667562442684506 0.027184845507050338 0.1333134541928275
v -0.2140181784451117 0.08097771943243251 -0.03368907563421876
v -0.39437317464368776 0.033210895210206717 0.44613125812208498
v 0.31235713163778661 0.098962060344058703 0.0041452152654135018
v -0.39477492079522042 0.046032378432621382 -0.23021396495011387
v -0.016397772521746554 0.059641426991747362 0.18910699549798884
v 0.031527374742997334 0.024787909554788063 0.20064633907493659
v -0.0021420874972339376 0.094940129450223995 0.5644222874720094
v -0.58765048005659426 0.033451470244066535 0.21862127549730326
v -0.18879934017329941 0.072893816092976876 0.16550047461434059
v -0.27172014729464938 0.032740409200126164 0.54447230508272038
v -0.71499910647828802 0.07883900772970287 0.20643517160142949
v -0.11418427215281596 0.04658953689646074 0.602944711187687
v 0.24399221080857897 0.99724598509958007 0.18713964638349276
v -0.2030598565932816 0.97078707983593671 0.32972679958994877
v -0.16332172853091059 1.0133881934723121 0.25163033800383683
v -0.31066868493902261 0.9892050384031793 0.070930624618162602
v -0.21456990199420686 1.0031898417138592 0.20875085388103001
v -0.41391160472778338 0.971778201884829 0.34733395120716437
v -0.0015987292634910314 0.98875770222422965 0.40801581448604163
v 0.064651749235610526 0.98192962343977208 -0.014924210308299568
v -0.25687330713392098 0.992368853977877 0.13872492993288929
v -0.40151784190101591 0.97780924548026193 -0.017519133955253032
v -0.27946366831334324 0.99170412761974547 0.26504722592862989
v 0.19148948738190286 0.98088628774048681 0.031926448552165046
v -0.5922568833168268 0.96746599876413131 0.54631052148651482
v -0.51857394151187186 0.9877304775872392 0.0081388236604613157
v 0.037385115225649891 1.0158596242786777 0.36534351980834234
v -0.46014221082578288 0.97842506950824693 0.40436166925432154
v 0.10815805174087002 1.0142199956649647 0.040556086649283604
v -0.17570913643695535 0.98909923634312724 0.063638386040953898
v -0.62972280421605786 0.15690387825346938 0.48914897442123406
v -0.31815739893410372 0.14248129575571541 -0.22868251331424941
v -0.21810351216158469 0.15842220949438779 -0.21884058819949978
v 0.46173234500137872 0.18244012522542563 0.39341236324616236
v -0.4482323984002089 0.1653667084170351 -0.065018950800483283
v -0.4720408248809746 0.9151439098216857 0.42539054853992608
v -0.6751836339358368 1.0541597041182509 0.62274970234281246
v 0.13352792357158444 0.47414472625163184 -0.26230025938315821
v 0.36246277227543516 0.75678303902061184 -0.073060719298056548
v 0.56443087597816166 0.27778585422134838 0.36724957861370011
v -0.51796842053172176 1.0741532404735952 0.45123917161655658
v -0.52482088058005383 0.27905619633603079 0.31905244881350148
v 0.10431465507980009 1.0536193593772261 0.22436130300792564
v -0.020246087438927671 0.43296628292629097 0.68897441724995134
v 0.030691718746738341 0.25524246283626306 -0.26239222969761783
v -0.38612297964605735 1.0238015119275319 0.092311101391957764
v -0.66969272992549034 0.94288697316313763 0.66051417790319
v 0.28452965554411058 0.96723257302549492 0.30297176238385665
v -0.042270928686434672 1.0327205681942377 0.30709998379098513
v -0.5617890984420546 0.12888510988214691 0.29098748650986755
v -0.34604841613543708 0.1228479354257082 0.55871746937626765
v -0.53869721075794919 0.14423491314189227 -0.017467249193417439
v -0.52348034047009862 0.10953713468879273 0.56968490236462488
v -0.31667572686081652 0.084656035813686983 0.61918200559139758
v -0.45432196460180524 0.12855515897015118 -0.15212624226566929
v -0.69622256425229456 0.13991668703761068 0.08000265028042261
v -0.69627031906092718 1.0755282240056296 0.012013514364889115
v 0.24458030701582614 0.25628802352194141 0.5697776781083097
v 0.54726388395708359 0.11749140910042098 0.16562855462217721
v -0.10600573653576106 0.42369161492441937 -0.31838760036207131
v -0.69666013449435704 1.411666132089513 -0.042481230147895711
v -0.59645217650461324 0.94847680484463937 0.54767261269104917
v -0.43839888355652895 1.4080028295816882 0.011124132567375922
v -0.58935481828725567 0.32431259328242312 0.052333985290470252
v -0.037552076821514443 0.14234556675095794 0.5614815132650558
v -0.1868885444738855 0.14947933260071844 -0.21564977138795097
v 0.27474723723544242 0.57122926425128961 0.57844923498795031
v -0.25348242600422666 0.56030906657134349 -0.31963312712579939
v -0.068600313194915927 0.078669757373401414 0.025846489483138904
v -0.3575421949023051 0.052015834242194491 0.55788426328841878
v -0.11145293843280583 0.042057380856335744 0.51350218852967122
v -0.64489518225774389 0.072834449384210145 0.53295366455579807
v -0.042872624904328763 0.065822689809923965 -0.095272784755393233
v -0.47027837707684067 0.039706244598608997 0.30970058983186266
v 0.1070147315222585 0.063639768086123177 -0.18163606896500067
v -0.34467649594340666 0.080706209883515095 -0.24341751137060916
v -0.38474596680307221 0.079616853217569075 -0.037204565236044256
v -0.12884220265731638 0.07440906677031292 0.42813414069833544
v -0.61913335521742985 0.038198396234411409 0.49101396960172439
v 0.14583837892017748 0.023288720484088792 0.052728792608361191
v -0.56469000964190319 0.032066367489697184 0.17926474939522968
v 0.14024615909855059 0.099220668446130367 -0.18385848332144736
v 0.46837848512974423 0.083464011219748432 0.10584228094973168
v -0.5645793646745465 0.031866705296093395 0.284293584349537
v -0.26316253450767135 0.03295134765666663 -0.20004063370987546
v -0.013723909182504939 0.037122458222961181 0.48692091493387685
v 0.29871906617888877 0.10175930585077819 0.42403000775972738
v -0.018281017883012663 0.078014877944832348 -0.080537952797032186
v -0.16669614609253147 0.070579620110347158 0.24419329828524705
v -0.36670509157885456 0.040247468947605836 0.29116379828277555
v 0.3290874260704077 0.045093110621726475 0.072207382655600644
v 0.38673355688937305 0.049494611940643501 0.10302273867961534
v -0.44340811751764109 0.036053450458934065 -0.025408547147921665
v 0.12578769998541164 0.078092107829296584 0.53538605341466061
v -0.49939296731051336 0.041053994040258251 0.25507495786406714
v 0.092929851922700729 0.022093978320153956 0.48232243050357032
v -0.00058843672672399491 0.05280325556828315 -0.19323154220003974
v -0.046794946995366259 0.070562361666824669 0.19154569848151334
v -0.71618231980215452 0.038299268226206065 0.077421008046689582
v -0.29158806903429646 0.076144326591245967 0.10173436458865702
v -0.20355653290742334 0.076845889541349785 0.47027102675520349
v 0.43919964282391627 0.064127388797884807 0.13756501391503309
v -0.27244651593960745 0.076562602278490044 -0.11639114385007016
v 0.064520571150422965 0.092757340719878192 -0.18697007155619905
v -0.72264705131989548 0.084895149696732328 0.19731246575130876
v -0.21316739602666815 0.04416715551791469 -0.20856391112100858
v 0.065885525058364522 0.035668996623619817 0.5443232267134176
v -0.17667033532642815 0.10370886830956812 -0.21968260668639092
v 0.5024361657276174 0.094041212959997247 0.21575100256163723
v -0.20778109403004008 0.069850681293677677 0.25979113534172699
v -0.39865847685379902 0.05364668297247624 0.043861449139388407
v 0.25924432626730837 0.061181735075955791 0.44958010547184885
v -0.2113142380152126 0.0714392115337808 0.21120734697816021
v 0.11396840646504326 0.033806224489797067 -0.15600472558019807
v -0.097685257439211554 0.074454617655958441 0.43033168674930711
v -0.5214364563493421 0.033585695912831136 0.34205513036891699
v -0.74379207564399208 0.063462877917152605 0.091756360394065803
v -0.39393870310731782 0.073657320110936328 -0.0081867448054202679
v 0.066367252468034085 0.069470773739709932 0.41269792436876346
v 0.22685468157249436 0.023259380991842132 0.2792473787787913
v -0.14292307254391842 0.068411122871566005 0.61441202550056651
v 0.24316022396417339 0.023748825560711988 0.27484890437949383
v -0.010994119458645871 0.072189748654272634 0.56715347885063205
v -0.65330474925863313 0.034685087573642609 0.088905523414765972
v 0.26894874093529236 0.049567642472144811 0.36707572210928363
v -0.30719525367646844 0.03350611647873409 0.56871903194780415
v 0.2175092947031288 0.076058948676382743 -0.060856362463781039
v -0.58077437281943822 0.034275215139255626 0.081166929841880245
v 0.16277424873022978 0.024079593560290175 0.29456495543356598
v 0.21781201046762455 1.0042388074617281 0.2800533315781833
v -0.25777313411155611 0.9605243156434119 0.32459602495309758
v 0.060182314622370073 0.98990833527882449 0.40424352878647701
v -0.25924900348604707 0.98675232442922423 0.26942525832744257
v -0.51456337665235419 0.9983843560555512 0.019661124317948475
v -0.28316333331041504 0.97819575521249247 0.305117361293399
v -0.18921802118225289 1.0058369828025995 0.14129366754200273
v -0.27568942689842452 0.98955218406485079 0.11381703760640091
v 0.17106117988142097 0.99018600800725864 0.030587453134192741
v -0.17389346528484417 0.96854601347513947 0.012494562036725138
v 0.26318884905145301 0.98663107965059804 0.20211602431661552
v -0.071435112037740695 0.99754676039330614 0.3759280270515854
v -0.42134776938844754 0.98428746517577637 0.33295869617025858
v -0.58791228729670242 0.96252478971874578 0.0032613720082629786
v -0.11612068822081188 1.0128385426432334 0.31451643457611916
v -0.029199445840497253 1.0145056117071334 0.037020951291476097
v -0.84497403607414168 0.99055747082985401 0.62521959511228964
v 0.20656069412821168 0.99660842126170068 0.33587143104584311
v -0.28811707558514471 0.97599009533077397 0.053401728669325688
v -0.3222459383091304 1.0094568443425285 0.13238198120665617
v 0.073562483396776082 1.0048793527983291 0.018881183228281657
v -0.37058788993156144 0.20366712367656165 -0.043795075636572471
v -0.37570826210807817 0.17261463510371786 -0.17793668815678731
v -0.26682705924024402 0.19075451576785829 0.54982786507070891
v -0.024359668983514438 0.16132632408128106 0.58527183861087739
v 0.11359436531745369 0.15867434867560049 -0.20808332693127324
v 0.092833039544557239 0.89978924785973846 -0.10393737187837114
v -0.88923400428711563 1.0543254143541381 0.56408305788713564
v -0.78744313349403239 0.68251572433394359 -0.036486126521953571
v -0.54169058276326487 1.2883011387772347 0.081009147341679619
v -0.032434883477415181 0.25357850811405602 -0.26933048579420371
v -0.15000102510457811 0.78655673067345244 -0.15656167762664161
v -0.27049730639415082 0.2357489115494594 0.45409087939388904
v -0.12583422635362629 0.3064077265225279 0.63105508118229792
v -0.60607583151931554 1.1204938483562754 0.4858282842818753
v -0.50906979030657618 0.5740132893963884 0.57089448203766913
v 0.22489815288909559 0.10006468286202226 -0.091556415894781487
v -0.47766460545773121 0.095843532243027232 -0.13637355549873861
v -0.34225683528001882 0.19633286283411649 0.48328641067723588
v -0.012320848347821775 0.12801549006042776 -0.19775852450116382
v 0.30859591079638254 0.12239408657414343 0.43469349095396953
v 0.14238221540323243 0.13007745711773036 0.52830392509699153
v -0.9347968475022812 0.93749044469087095 0.20262619222814557
v -0.3154002467218821 0.12758561926562267 -0.23653763552994822
v -0.48387963187071337 0.95118502697016494 0.4469115788086081
v 0.40558392479734018 0.12254782931589536 0.0021852965151393615
v -0.45857652104497698 1.0352485936948115 0.38678182116652615
v 0.20215932687878485 0.92078353435032223 0.43419836908527393
v -0.14936875844929337 1.5579600100498325 -0.09576410458980146
v 0.16518290733177768 0.92342504805303349 -0.070175665958291555
v -0.95030322810911727 1.0299367905457755 0.33535080732504619
v -0.94806939407435864 0.914295825081474 0.27904443050435507
v -0.75161447759656586 1.4255733548112199 -0.085919398334053362
v -0.5932729027916771 1.1013804650212806 0.029160083584727891
v -0.12000117204612366 0.93753349694500843 0.44500125966068282
v -0.27207746916478531 0.92969200454847478 0.38187903974635834
v -0.31633024947608029 0.11358230554084708 0.60455146002174209
v -0.090371057440531533 0.72802318992674353 -0.17925061255475738
v -0.61549221482948735 1.4844750280168424 -0.54465707081147385
v -0.48980850520209718 1.2556701629315026 0.23683071364398312
v 0.1631367319627427 0.12422261632477767 -0.19810781965462829
v -0.21313253113827019 0.55070582591951012 0.65850167216923239
v -0.10642068855336217 0.57815621494420588 -0.32916484935671836
v -0.52167023266260371 0.33026665135612426 -0.032012092971234481
v -0.14495521866642611 0.57541117071967007 0.68195431290762498
v -0.6135141902645741 1.3003338191944154 -0.11087318751467071
v -0.35885925713473921 0.84282889605185174 0.46801970986033459
v -0.8302066332043917 0.47980242875444523 0.32662765527540211
v -0.07091214499247625 1.3978655947077674 -0.073824691450061361
v -0.18901831642936659 0.36186072626828653 -0.32134023476191986
v -0.6025555999075386 0.53908219935303936 -0.12609162443904179
v -0.61423025743475979 1.1206424522521043 0.49675315368554052
v -0.7979395611239235 1.3766942026500564 -0.12152527513707607
v -0.34543233182404937 0.58055096223956781 -0.17453679950609299
v -0.43517460704377514 1.329402389335834 0.17755862603519798
v -0.76884766770319246 0.79934818527897999 0.46862627876096552
v 0.079748598090007075 0.56101497579525328 0.67070166651348628
v -0.25748654882256961 0.069123403952328355 -0.1221210489405357
v 0.023278869307533819 0.076634958222560334 0.030504191744313576
v -0.47772047748468593 0.04240182113675757 0.27435165991663479
v 0.091042338268806922 0.023704809619920112 0.2745111718805866
v -0.23965732884137714 0.081799385005839248 -0.064687438108378709
v 0.03059119569095909 0.038426791287338877 0.46545884583905106
v -0.43032587745902418 0.049394008892966197 0.22546837251462792
v 0.022314046951379243 0.027171338418966278 0.16877422876138451
v -0.43322260353981462 0.048738196295334754 0.17732748876453661
v -0.23081182232506439 0.07420899471149435 0.4261994860295289
v -0.28275882932685653 0.051804776422130466 0.24399157360409901
v -0.061663696969422373 0.075515825270889056 0.094828697079940946
v 0.2151912437260293 0.082156761107061951 -0.082764510753291762
v -0.3081690701355963 0.036313872641283107 -0.21584224365037191
v -0.031052806664778655 0.072503260618351523 0.57388521763427214
v -0.56115015598266871 0.033457629811787348 0.11850932808972234
v -0.37315481183472471 0.03273129213332409 0.44640203805099549
v -0.37204459413017549 0.083152111706003951 0.54340916442555143
v 0.39705382753239954 0.10140833159516861 0.015523006641409706
v -0.59180585730135105 0.037511963205516655 0.48118719096224316
v -0.28169388637307491 0.038827780424354141 0.51509006411703318
v -0.40409448348910443 0.036960569317491553 0.35099708986133255
v 0.086348176474907418 0.044553646787791605 -0.0039174102889320299
v -0.12917057046694688 0.034678334271529991 0.59630978336078388
v 0.029339742450682431 0.071030095101680818 0.33966081258771952
v -0.13370169307512503 0.043416608245655332 -0.12344708271995278
v 0.35289682594806493 0.073961150702475886 0.33110946562118265
v 0.29584995714350959 0.05250790883497488 0.045155468797167683
v -0.61274730631258711 0.037307956685171909 0.41223382575876899
v 0.31021870391764739 0.025282502154730706 0.21621594810030922
v 0.30613169801777929 0.084976370993567252 0.012177308589806103
v -0.19971967217300995 0.070558341840785924 0.33670017679436404
v 0.3629363020910486 0.047694814217968118 0.26925781171049878
v -0.11081670816086613 0.072914336703190946 0.39910639462701131
v -0.078910634422564213 0.067335075583368542 -0.099406249297203195
v 0.024680558355679335 0.051364864646288991 0.28486347447712218
v -0.5206587324043126 0.032149745624264994 0.11008065693027962
v -0.5384990989843178 0.034258700540854933 -0.011344214701256088
v 0.0035492868638129201 0.088457238695483859 -0.19691804599988155
v -0.017470708946169929 0.064649434529657698 0.45157551874651453
v 0.29461121346286079 0.03045615382951334 0.27121663328531181
v -0.68238772032317163 0.099758358894401031 0.2341727802060391
v -0.64334624516650685 0.036343786621221508 0.21014734913483527
v -0.20822564000326993 0.075733058549733348 0.47426158763706106
v -0.51578882908640911 0.042225706043205247 0.19336229070898553
v 0.51271853523503352 0.10022274569975163 0.23003753507640309
v -0.30976555940176986 0.068601858803606433 -0.23942141811788159
v -0.60338883210443262 0.038038699674487225 0.43881550254244311
v -0.16783874663029108 0.070854275111115861 0.23165842858570757
v -0.41332619197314474 0.030652043336943685 0.11655168135438179
v -0.68890890514028669 0.03633909675493583 0.088257094011214579
v 0.14786646924947358 0.054869482799652522 -0.1623563671351462
v -0.14041016715414487 0.054272209696356113 0.50526637354178738
v -0.0052168653315593193 0.068550474666864925 0.28324322636745991
v 0.029482811702254037 0.098243700446051158 -0.1909978680924434
v -0.24369058110285335 0.072940224625156203 0.16020907351486496
v -0.19279891722661316 0.071514475966092436 0.19928728363161904
v 0.013936546455188508 0.067912830619582087 0.43649045672593884
v -0.1393727535398413 0.96983631449390606 0.014456730584486667
v 0.10373394529334859 0.96431509693244588 -0.032895759903561007
v -0.29257061430672004 0.98865920781863526 0.10005428272652571
v -0.36008581985727472 1.021366168531102 0.12843294447954834
v -0.30116115984519137 0.95513261226520718 0.0063998006360824512
v -0.2280438046503265 0.98559845379181577 0.081178040455047243
v -0.23116180242036796 0.99587662486883111 0.13865977642340524
v -0.4081368801444884 0.995480319666597 0.0031358377924989873
v -0.68648147549812555 0.98041550738955252 0.66310019206019177
v -0.37289212524509352 0.96936235182681385 0.36512146702093007
v -0.1138412153891539 1.0249927796027931 0.1581604737232126
v -0.26185341335445211 0.99122811576765701 0.25044752800253062
v -0.4216669341324723 0.99994831014600527 0.30425367395167219
v -0.13870956832769435 0.9955486733746014 0.060702275508992674
v -0.33744781847565603 1.0167511841243211 0.14440252279100363
v 0.20356779010465059 0.9885621736491701 0.35845156275344453
v -0.16595342650900022 1.0087049731711895 0.12566131077556669
v -0.40291459375926947 0.99042739697211801 0.31862815610175416
v 0.12607010403666727 1.0104378650198425 0.36535233601649325
v -0.95547455831474271 0.9686551930255235 0.32318900861224864
v -0.1446805196644394 1.0171372277619599 0.25425704067706673
v -0.54875526448026768 0.99110572200001856 0.021430117145561516
v 0.043441382975206749 1.0082824764293439 0.031767572546605068
v -0.28825800316025246 1.0004420594385601 0.21316852340167802
v -0.59149989586245644 1.0062454102106102 0.53901636126511188
v -0.52542405310291473 1.0130173674388481 0.037241629985799017
v 0.19831068313220448 1.0088347733065433 0.3069307553537059
v 0.12083365018330142 0.97937738710701105 0.4103393120714291
v 0.10415695319547449 1.0232468473554022 0.058680833164433524
v -0.33756120745368617 0.98054172245053695 0.33939754355006396
v -0.44291620754581679 0.98785205416948096 0.36206411290509183
v -0.30882858726191087 0.97994618745672957 0.048549035455055838
v -0.15674420825525168 0.183766112755367 0.56802103415378491
v -0.27499581997347361 0.17930477273966414 -0.20234704654137878
v -0.52836678936939585 0.16769404423156853 0.29441253672748152
v -0.41880750645763404 0.15858082328170525 -0.15762563292555082
v -0.52138689377703151 0.15901835147921933 0.53384108031122723
v -0.6333107835921723 0.16228340586028209 0.057589780017059451
v -0.32610335778705529 0.19172362280247501 0.49262763597097264
v -0.56667369228606868 0.18031423304507482 0.39250322430325801
v -0.52456324615050842 0.16771810079956923 0.26442263115730802
v 0.365426222096214 0.8888047228091156 0.08675993465836275
v -0.87718390721666639 0.84711941522455447 0.19356728365230688
v -0.59680583835621004 0.89980170190791908 0.50913150246011973
v 0.26656292000697818 0.89820162194834352 -0.033836130400406457
v -0.30389390045645237 0.90132733544787313 0.42332396847313319
v 0.020535555813058114 0.89799472136724479 0.49517099959011834
v -0.0057760635326890089 0.91229310537035979 -0.08034432342854271
v 0.5924886011606243 0.4180635605663397 0.24827332923231976
v 0.44327133872205926 0.67278628883400438 0.38774914159777074
v -0.68357121551782363 0.91533539868912661 0.0088614132760168086
v -0.47903912474935012 0.2366755212940001 0.46825517864626909
v -0.62110611729837084 0.41182767651214763 -0.053790262128057896
v 0.29783080734199702 0.34526043598763712 -0.16388872430005832
v -0.80473743829498456 0.45610977315384715 0.051394689508447403
v -0.092287571551365702 0.23171511817162216 -0.27611407432014295
v -0.47204771102499143 0.45687309191170355 0.5312652524104079
v -0.24982464862624773 0.5969266296066762 -0.32745687670611484
v 0.21560758572028457 0.10181685969566946 -0.13105888183544298
v -0.73217778808749201 1.0099314227720115 0.66227164321090171
v -0.24546471737439246 0.14402951556599883 0.61018405423568278
v 0.017295030552477872 0.097757373309506193 0.55708395011515932
v 0.19625299888857592 1.0215729160380058 0.17019171090313528
v -0.23031175715692542 0.17355450903439865 -0.21997731959084435
v -0.79335912951162302 0.96809229738926228 0.63848879625265675
v 0.46454261114163192 0.17827169227262712 0.39653129552316879
v 0.093579381478859233 0.11972458882152411 0.54151941848095775
v -0.62685139296105286 0.12826264383444885 0.53308722078751591
v -0.70551926626096872 0.92673028236047827 0.6683697129704097
v -0.91918971652783954 1.0391220119876212 0.44602858359172814
v -0.2152709440259403 1.4763111317681779 -0.032668746532198728
v -0.15233636519017968 1.5475861659237644 -0.16676305705838237
v -0.44401451707180961 0.23902463009774361 -0.03310146788755941
v -0.93295651066247565 0.96698050369307043 0.42002261489677645
v 0.23740483170922597 0.33164886281982775 -0.21189041767350369
v 0.065280480179174011 0.83131577917277688 0.5218025047824485
v 0.04893033101874518 0.56277473421147772 -0.28720939259485123
v 0.45667401743639757 0.7207553022673916 0.04365756830178058
v 0.17203142213907296 0.57878041873353414 -0.24435393400097927
v -0.6325660251266263 0.76120359958017558 0.53448023816787216
v -0.46926694560039889 0.65944826948070268 -0.1407064904031915
v -0.91706954677192232 0.65353366229239673 0.31473211056658401
v 0.57035312358227674 0.24374367062548019 0.36583750708838875
v 0.52702217182151145 0.28083560008848496 -0.0074438996604748757
v 0.26243005120563362 0.70580400653540198 0.54986356866508257
v -0.63567058370540286 1.2181940587623319 0.5308771830674921
v -0.46174730328432068 0.6930440558103742 0.55568803428714109
v 0.032260444727398578 0.21912502224717012 0.64148898006587829
v -0.39783250253734592 0.97778523321747157 0.35303883268861491
v -0.60396146052158983 0.97441668895055611 0.59271104183783818
v 0.062743692189554071 0.42950070579088823 0.66134162109437034
v -0.32778669018405249 0.60553415872814154 -0.19919357950006722
v -0.08494928442693099 0.73270359347454372 0.54070608744289672
v -0.77129115112660118 1.3666040737929002 -0.16107182258132535
v -0.87688657296499262 0.51945174241957426 0.26128644312330307
v 0.030836667605644144 0.025070056564470453 0.171067280816634
v 0.27326368549098773 0.036190595208813181 0.067453668467035321
v 0.16096632574862021 0.028944158038723945 -0.05796286168612557
v 0.38631189276726119 0.042240720474071458 0.14339889990484556
v -0.6233509500019474 0.035037430040283209 0.19954841568371579
v 0.24961561609515306 0.023664896221947476 0.26774227353722008
v 0.11275125006233903 0.047165624914433872 0.35837041978033607
v -0.59790786392514661 0.038449073984850306 0.53757512820488551
v 0.057742025941309019 0.074109173987236501 -0.1904784825477629
v 0.24344569234440053 0.039474739671346015 0.40964116407878542
v -0.21294180699627233 0.073353904183639601 0.40505003118487587
v -0.56391183175653059 0.033486583343502414 0.080227525151811294
v 0.42365064462827928 0.071757112873141057 0.070101296267802565
v 0.17446142657010585 0.079270229630141326 -0.15749405006773573
v 0.10784848141458384 0.023721347967890483 0.51649531479752009
v -0.61664072799508063 0.035021273034460093 0.041514715865059865
v -0.60117600011074268 0.090701040275078568 0.56704169867590526
v -0.32642219189292415 0.041173842459979286 -0.14088799445228728
v 0.10688650967555091 0.031351547327172012 0.10701618961651369
v 0.014167351253232905 0.04877303817479766 0.10163697617149832
v 0.070139567768889563 0.024591726661727497 0.10585647995511487
v -0.16962429451894051 0.07072663171218066 0.21275902999198332
v 0.43209540407509051 0.088871421716779864 0.05077982616137084
v 0.38362560267577073 0.072239584593771847 0.04077368293506272
v -0.27902293642280962 0.070036102483818918 0.37601704430885796
v -0.49690025811535887 0.03363137569678043 0.34958793468788957
v 0.040797032926197643 0.084629551640601833 -0.19141961333254945
v -0.1839928430425575 0.029409047033283956 0.55900621815860718
v -0.096147544485299913 0.081565572943930492 -0.050672460874027957
v -0.17533203759856281 0.045215171434808049 -0.20114536337605346
v 0.15568703099704839 0.031521199805649061 0.1962122393787496
v -0.47614110129524784 0.048580482234757583 0.17932311060522352
v 0.035094579882584208 0.035934790265884919 0.27578309249090704
v -0.1755169280767315 0.067262618578637731 -0.21301402155001331
v 0.3098188176463173 0.052342641448820192 0.048004828760340533
v 0.071467813820420209 0.073580996301492077 0.38601005128231675
v -0.41085303961215552 0.033453137267242805 0.3906186352037877
v -0.72873552468666947 0.048657439678286563 0.19078667381227579
v 0.22626822088456242 0.029437696323030626 0.058899329074280471
v -0.3458541028222718 0.033251228135403404 -0.16832911409972084
v -0.34822550021982362 0.030118837124711455 0.25163967118361802
v 0.26964857498395511 0.10755611384117979 -0.012626658546663691
v -0.67428519030100265 0.037113797908092029 0.15371210488815587
v 0.019110629015425106 0.071161031965691374 0.33261775110490749
v -0.54678720641741307 0.056258795104783495 0.57477277366829682
v -0.17969514203208076 0.072807893688616329 0.39802104817882
v -0.60808911571111834 0.034046005423666141 0.15186172223728037
v -0.14675587350875405 0.032753978953256553 -0.14112227719001572
v -0.56924080734536853 0.032819711997125869 0.31524876864649215
v -0.61516346208498807 0.034994397361048778 0.23902517562309897
v -0.39955984770899555 0.050467516809703621 -0.068048600442674634
v -0.16592527670278681 0.056502649250064436 0.50669091681341771
v 0.078474596207959241 0.022522863453150528 0.208501137003366
v -0.2882018348265718 0.078121330222101021 0.061087410814589883
v -0.023912935616767241 0.030517610123876188 -0.153094904864714
v -0.31635460771454066 0.084621637564740004 -0.082335272298930756
v -0.42658236644858244 0.035951169077532291 -0.097210711362789318
v 0.18256276513798217 0.068328575727120144 0.52304502949772513
v -0.34015393581430575 0.034221307336773407 -0.21049084848634692
v -0.53734370104949469 0.037302766789839313 0.45208302986298188
v -0.46020327077475148 0.99165679018943964 -0.0048958301445246382
v -0.2599074061435741 0.98584753950385307 0.10122818135438671
v -0.36019644426649094 1.0244690774266529 0.18900657085886494
v 0.021923181879414309 0.96851023654456803 0.42817397879200769
v -0.17225596149065742 1.0124469613331448 0.23578758089590879
v -0.11646340605990751 1.0218824105540836 0.13224334199440188
v -0.052179115338563703 1.0129999876492422 0.35909650468985083
v -0.42171426825132341 1.0130771936216476 0.034698302466660773
v -0.70856715791580416 0.99859681236673892 0.66242324715393397
v -0.14210647315064698 0.9556874297378507 0.40610086428939063
v -0.19722095119844679 0.97096683312841514 0.020817241676323216
v -0.25610344477173075 0.99481870363050706 0.21901369751421518
v -0.53183194875371642 0.97603789664546614 0.50483119643184438
v -0.49640466698264907 1.0194194765834215 0.043120082956062324
v -0.083144581017546793 1.0175823859827104 0.32812724553956174
v -0.011042531954596202 1.026598989754649 0.33987836125007975
v 0.18359677155601573 1.0060998571764368 0.068904601816939304
v -0.12150820720572163 1.0091445799901888 0.083724612444399132
v -0.26993874999371531 0.97607567259553984 0.061323767249298645
v -0.42901547665159556 0.98865276655221679 0.33734047940878709
v -0.32395461873282555 1.0078440521151246 0.12084948922170703
v -0.071969134578730415 0.9782429273625477 -0.012043974973353437
v -0.42917359004038436 0.96395934050593113 0.35922793585400448
v 0.1208745758730863 0.96922653441463824 -0.022645380961152421
v -0.37987253664879883 0.98032172916510041 -0.0075290854249206469
v -0.27922826023263386 0.98512734296085513 0.28628599249799969
v -0.77908505112813864 0.97804745590729047 0.65072607073501454
v -0.062346606892749332 1.0174873491386334 0.063156363267061588
v 0.18364970519942794 0.98166691574022369 0.38600201098058362
v 0.16709158898708371 0.97486475761551383 0.0053641128424520628
v 0.14815124505809826 1.0138881518953864 0.34994718358415039
v -0.34873995464044438 1.0122749078505215 0.088877404514012312
v -0.13302565575353162 0.99222065584915975 0.34737826121853849
v 0.2827111186216788 0.97374663915966553 0.17811721773632719
v 0.27406219497959361 0.97104040457737817 0.11733994407212441
v -0.19562995957378082 0.99250530964844919 0.087765497042499419
v -0.41318269219081721 1.0129435169053744 0.28236140311274582
v -0.37090171937947169 1.01311019544155 0.065114812172248085
v -0.32480447488956821 1.0111406463013259 0.24247084899958349
v 0.27036229538245382 0.9786763062049666 0.2824351840813617
v -0.19470836724188909 0.97369709139245986 0.32912442763450428
v -0.18460910617555829 0.99419028602903037 0.29663951588773058
v -0.15047382507556495 0.98784606012952636 0.047913826178378707
v -0.5838923943653771 0.98388214812493424 0.53883129335538227
v 0.4656676512890528 0.16526430630420258 -0.0075712264890433765
v -0.58824266344548048 0.16902420500940801 0.20974624010196344
v 0.08139353954113894 0.19607197588224637 0.62094558758379725
v -0.32656981775468907 0.19935327827141597 -0.13148470262750436
v -0.12715189410358926 0.13985454727049729 -0.21092138876821015
v -0.13795791605709934 0.14806783115236263 0.5995713739289118
v -0.17209184508396852 0.18329528084175351 0.56943853720733728
v 0.073935841448925052 0.17269783861565405 -0.22375439186094159
v -0.6131297837051688 0.15959801592256162 0.51358145069161565
v -0.36898069891561747 0.19106951027996164 -0.10034736549759682
v -0.28609974880071254 0.16763291242079323 -0.20919686961417916
v -0.4019331883184446 0.17121014971632206 0.50429527337551805
v -0.3434269167024892 0.21186814572033666 -0.039959369560206993
v -0.049413409458503255 0.15888251983718238 0.57506187420472921
v 0.0042594355428735488 0.16087708617460494 -0.23520320834532316
v -0.46764534896091836 0.16840985251998589 0.50539082377510902
v -0.53021829412744348 0.18888127507904076 0.47957727549758639
v -0.13553058525866932 0.17451468233904568 0.57293497083582823
v -0.54836277825913626 0.14744933078795794 0.30573964129692577
v -0.54989389744813555 0.18964561432932139 0.39077842814394481
v 0.28693716838402444 0.16448673566437708 -0.11885679424924618
v -0.040093954166277229 0.18010879065437602 -0.25081675579678486
v -0.19547963182830022 0.19861271939164432 0.55044783903144356
v -0.89813720008248277 0.87171111939357471 0.46227084617604808
v -0.5909202072326063 0.17953784423892064 0.43336786585104564
v -0.85395085846505403 0.85864866512449467 0.4052747798427232
v -0.61270803549927322 0.17963040102914959 0.16755538910060486
v -0.23182719034660987 0.18364305149538504 0.58378390232425059
v -0.3448954444147273 0.17959205954939439 -0.18229990182921912
v -0.037810305678154681 0.14352043371811285 -0.22042910549141975
v -0.51967881262326021 0.86792657170387089 0.46634607479147361
v -0.019358394885234945 0.8839335581066915 0.49636723075845229
v -0.83970782456818338 0.8748078635197396 0.59962777354499319
v -0.15921639561347911 0.90615851126059066 -0.076839924108700372
v 0.11082148447057145 0.89632469169463147 0.47540084580199721
v -0.71597011765445639 0.3716671797184099 0.35009897808598911
v 0.55090449685201504 0.4270382560413698 0.19697865588030275
v 0.26907041076157567 0.93277943290064691 0.39616725225661759
v -0.76560403691000756 1.273405978392024 -0.13998684410285189
v -0.18221444829199054 0.92649437833130299 -0.042787947872830565
v -0.098861524306165766 0.38112153728603099 0.64333812659999667
v -0.3218640685700831 1.283952959899062 0.098429400487570609
v -0.69051015762244206 1.264764849240545 -0.30718506116338529
v -0.76682752445758851 0.89142931506140177 0.04212357137403392
v 0.624206985474698 0.280814904666773 0.067391449257524424
v -0.58602493174030945 0.25979211341427333 0.087257668958742512
v -0.61846867768331937 1.2817453629633448 0.47930455564541369
v -0.58604983508074027 1.3024097400327699 0.11569350723183486
v -0.50999901846825302 0.25476839202470936 0.2536509667553245
v -0.27591664336305988 0.60490134548171448 0.5456084249085662
v -0.29296145294707937 0.79393533078426437 -0.14743760831041583
v -0.82555206803865655 0.48150235347721937 0.076111932212712091
v -0.73876389591113689 0.80648592256222995 0.49121416824024294
v 0.18791003233331657 0.76011388024737814 -0.15116824099918713
v -0.48713749611034385 0.079070632667259083 -0.11026061207046695
v -0.092611747614657805 0.09730951619875236 -0.20625758658445875
v 0.23723035696426548 0.10619404875268887 -0.053058526816380208
v -0.2997988082009031 0.084907381634952386 -0.23492999437267337
v -0.67157863853094069 0.097108098468273771 0.39183693880399784
v -0.34564688893505535 0.09722873855747588 0.56944504344819513
v -0.93325037841216341 0.96821805235999381 0.48499112311914638
v 0.14269703738611278 1.0270917688868322 0.31515679219952197
v -0.49691940778694715 0.96958909900308687 -0.023488875260973773
v -0.18454264726063313 0.9600989771415227 -0.003006452764144549
v -0.77095075422761306 1.0164541102620575 0.66868610863684463
v -0.32005195193847336 0.20040883812182569 0.481297416454049
v 0.0201490268761047 0.12437355287846749 0.55008638890130124
v 0.069225230848132313 1.0364098730584004 0.084120302193069971
v 0.34425216430305411 0.12941775233610889 0.38418296313053313
v -0.83747621181065979 0.85426497634411747 0.57048806324186285
v -0.62570241891912248 0.12367710550169075 0.25294268838944078
v -0.20448666498898554 0.14648740209818881 0.63031938168656643
v 0.41149815029081477 0.088515524948739488 0.33950936986695618
v -0.41309303334289066 0.13076336155423696 -0.19490705122075722
v -0.83836518447655872 0.92948247467233291 0.62698157339575578
v -0.62610672713360926 0.94439504087232307 0.004075308783036879
v -0.83789089813871709 0.8363460417233729 0.49997223322173484
v -0.92131644073468622 1.0828988908181758 0.20311814613243825
v -0.30164527847019357 0.93228635332489751 -0.023642329689539297
v 0.36747836675951467 0.89697493546351426 0.3049593204148025
v 0.31293067357897864 0.39008351855448914 0.51223307433677123
v 0.17483184218155845 0.93175037365598457 0.44654607431014426
v 0.2929720398562598 0.13163576424769091 -0.015253605022969586
v -0.20032448808176939 0.12368995435177757 -0.22424047164887881
v -0.21643848471209692 1.5615298533686213 -0.10922584831709176
v -0.30724268047565989 0.21569112431992407 -0.14728861467454477
v -0.094755424234529845 0.93065806565241393 0.46046600524100251
v -0.12262052931200926 0.34489734788594656 0.63923742964275587
v -0.25284954429900819 1.5658986751281418 0.030525777308348379
v -0.18395499106841245 0.23054047141956718 -0.26695865204506908
v -0.24639614723539627 0.72921722615510076 0.54405906356381251
v -0.61602737283958708 1.5281591609878973 -0.50125985934845063
v 0.39505678399978567 0.5632089150172872 -0.12419067826058484
v -0.94768301817798384 0.91153609588938644 0.32456413657238065
v -0.51858988501600256 1.191650282112916 0.37836806361644987
v -0.30733796188955309 0.36909041460410064 -0.21583787102812774
v 0.50436744135403611 0.62037565096860359 0.10787314033657369
v 0.1791429991358465 0.86750335290955327 0.47055932526741573
v -0.89767106206223901 0.94156711915697811 0.11935142761456137
v -0.69987636165878675 0.40868992981619012 0.017902996046878249
v -0.52385528589432717 0.66538039848016461 0.55988270596143241
v -0.42972301065409357 1.2388577658722715 0.060133635074677241
v -0.34335229865064121 0.27678496485976306 -0.033025700775603364
v 0.16294197224151058 0.5940903308819061 0.63889934374301793
v -0.75725332786228905 1.0298492640677734 0.016335775563924571
v -0.082911351799552765 0.88365038840607935 0.49368004544083749
v 0.43041552573694009 0.80719482468416726 0.2995766728639902
v 0.39102467260574153 0.60299783295826082 0.49744069641595978
v -0.7320517409522066 1.4605050979137892 -0.37674876516767475
v -0.42545808188794487 0.21744421198557662 0.49838541498106503
v -0.38400784507404812 1.3709046990065807 -0.028601026213084649
v -0.00052845840863227677 0.36689898653102165 0.66561010436874402
v -0.61792770668334118 0.73631711967311031 -0.10048427047825612
v -0.16868345579092042 1.3547248354740937 0.048609421301303309
v -0.37718104086035381 0.54241928718816257 -0.13781418761306294
v -0.82259913722275901 1.0503980770911727 0.65813120653131563
v -0.064635250251238743 1.4832349129034978 -0.2074391708227985
v -0.84708764960824545 0.65754614740137785 0.029600050683714324
v -0.36765172886525405 0.36141132657775443 0.52530813503945528
v -0.66335866635398866 1.3430906730946572 -0.46774105124651749
v -0.50584496953645541 1.2922073915578762 0.23585970796290159
v -0.62897859653233257 0.53003211630263314 -0.11628685736129044
v 0.33924837974775912 0.18268141174007868 -0.031789748128751565
v 0.32848375339738106 0.77112003530473849 0.4679887550758699
v 0.074188446000616776 0.74844926887935392 0.53687483844195827
v -0.14237907697557109 0.071687931439605987 0.18825035825519718
v 0.15762012405565784 0.028203651524598604 -0.048049964336158268
v 0.41620538477461194 0.056830004520779832 0.11690374683673489
v -0.11120068002976453 0.081001744756876132 -0.029803038587904354
v -0.0285759008034637 0.032636092164514546 -0.12049892861253886
v -0.50931689487246035 0.033386975546765188 0.085691641163529619
v -0.0044917286106702023 0.059114367109511699 0.124903208059294
v -0.076606123189830441 0.026662024496460612 0.52922505098121309
v -0.29648874797003233 0.044545865542358232 0.21143050382218598
v -0.15438584716186765 0.07177701294121204 0.36591038121015262
v 0.0044412518023741968 0.081765748140882596 -0.052692160322988686
v -0.21841296912975883 0.071425785130664984 0.48094135486687239
v -0.18733768987741004 0.076392259358020631 0.46222611299565669
v -0.064111919187522792 0.060623205835809518 -0.10163548958016688
v -0.15607466099537073 0.07020782360167574 0.27347890442615042
v 0.024207653996267973 0.034102776984833175 -0.17120400765899496
v -0.24592392283412692 0.073580249733719585 0.14228108685907598
v 0.056472541056469205 0.03826030168761417 0.45507889430415172
v -0.72699863620113758 0.040124129759811319 0.099032301712084242
v 0.01962603792105613 0.075010446135937034 0.043654077498515291
v 0.17117723574236962 0.022624067043991572 0.47010255690830138
v -0.094262570094159656 0.069737360756587943 0.27285432289738565
v -0.22175797002897538 0.070027036795644912 0.24536337520992274
v -0.33602417540492585 0.062643118665483291 0.09791784565291832
v -0.28221277578603521 0.053858433303434719 0.25938467585056763
v -0.31386133530254257 0.062643935012109117 0.40089098836468418
v 0.0004990585016243519 0.080381481050828554 0.00098721040570056199
v -0.66557537976353853 0.061378966637974201 0.50411923965102234
v -0.48961736889077784 0.097598325507555594 -0.077105317726360312
v -0.17325930479545035 0.031875004837146052 0.54533960558735561
v 0.090303738588186314 0.10620184809185769 0.53982798424998835
v 0.12852928628108864 0.029885004051776402 -0.13035236495817049
v -0.43793627771921745 0.035655054707436899 -0.12885914806301424
v 0.28458144614466541 0.029544257728472932 0.089061039538636602
v 0.14877097558223018 0.024444169434207449 0.035524227680816665
v -0.24981928380605659 0.070477141983677549 0.35279303222316827
v 0.22089082068382104 0.057255918261987282 -0.0065758789536573704
v -0.32360907811259204 0.045649768607985405 0.59305695056318453
v -0.57727154313448215 0.031902433893329696 0.22858376639574546
v -0.20145193344479634 0.070726488719484434 0.35487740678480834
v 0.1898962527000306 0.034848589263152714 0.16995984927790889
v -0.6590961711429667 0.052359897492556366 0.27356773709694882
v -0.48919439810085957 0.035725697855238235 0.51188987271344111
v 0.087772385437527287 0.060315542677735673 0.35024430223165881
v -0.05644239722013647 0.069106302473886369 0.2750495235309986
v -0.58653119046784352 0.037424452815967013 0.53231882729335167
v 0.071758394146012525 0.045243941161115513 0.017748874747772498
v 0.19097037895765276 0.098828226573894576 0.52568632582394026
v -0.01688151307644942 0.070379740296822355 -0.089021364307513007
v 0.20501561302101529 0.034965775007125589 0.1582197208220085
v 0.40088093051621687 0.051029477831484774 0.22334550173781983
v -0.069230209217370442 0.070006491904185245 0.33160691025568118
v 0.096205861971014273 0.02592963706930955 0.17126306676864872
v 0.062730488730197348 0.044426993499095804 -0.18136089467814179
v -0.31712905060618918 0.033493338800195997 0.20390942023363054
v 0.0031591752754541471 0.03748447296010856 0.18195291774745076
v -0.21531062025477715 0.039755408662544171 -0.20089943029199361
v 0.23901143549838835 0.097129727079773659 -0.03583257907813673
v -0.012853004881343836 0.026085379834935165 0.54599209091105072
v -0.45320970031975299 0.035949251241704568 0.40158640642392207
v -0.075280072329228648 0.070667642042193043 0.21351203218649714
v -0.29170526066920027 0.99510047199579987 0.12199295071167182
v -0.4879258005352638 0.98746325919606937 -0.0042647401689749143
v -0.24127728373625992 0.99698550806457553 0.19293839423125753
v -0.23263916667441886 0.96946654523298037 0.034547958549460557
v -0.27255056916524767 0.99538388094903385 0.19278322253579314
v -0.26066716483235558 0.97187648293664497 0.30463935267062936
v -0.35927703814407941 0.97582059935011722 0.0027797352683960942
v -0.07209059180643923 1.0308406722800816 0.12833686413184098
v -0.32611081981098294 1.0145672919563349 0.18690466495109431
v -0.35472208640737457 0.98922173143742476 0.019082266967603245
v 0.22290262613796344 0.99628242833166136 0.091928928305063426
v -0.86006416272073738 0.98184419746328511 0.074056885402197001
v -0.49622429140515939 0.97619536612365632 0.46090810142783806
v -0.35054587165091045 0.965710317447938 0.37035874133328506
v 0.099166894583459592 0.98815225487169533 0.40131740427774726
v 0.16865386577171415 1.0183321300119244 0.31609564434236542
v -0.45941882849485266 0.99510733096481652 0.4039238964153215
v -0.18073987297771169 1.0116323746604046 0.21024653388214817
v -0.32523617153415435 1.0032904465631056 0.090840031937782603
v 0.012765016750882754 1.0022481657883595 0.39104351742586574
v -0.16394713464879684 0.97126817214976213 0.36136147627023663
v 0.072786654184016419 0.96399497905623566 -0.035024967355846363
v 0.14377686840797488 1.0099256185528267 0.048260751719233802
v 0.28476308465095967 0.96471588438962186 0.30667469197859321
v -0.80240917015595337 0.98079984295263212 0.64777214578571241
v -0.16780142454760608 1.0124867378121005 0.15576990097052842
v -0.67025809311960372 0.96639619383104747 0.65953240331976615
v -0.29637925148440225 0.9979816839047001 0.26227139760627272
v 0.26836395277214287 0.98029140678112536 0.15326317274652482
v -0.016967856112295673 0.99874482448729873 0.0026980289493950711
v -0.3098715700365412 0.95881409814646068 0.011226303102304299
v -0.32257362739889056 0.98660043660131569 0.050015843444065733
v -0.35284824643951312 0.99630371412737329 0.31351670348186611
v -0.045654722064259953 0.96696289705390781 0.43159187562778789
v -0.222338359456694 0.99524763897239132 0.25258208985368108
v -0.12659800682467706 0.9834507662251124 0.028913592140930668
v -0.82674825391346052 0.97151186564288305 0.62826450226489894
v -0.24774088552764367 0.98607758354353403 0.27304910446441749
v 0.2094316756906659 1.014372778503362 0.17106072656434257
v 0.18621058049303665 1.0145375489762749 0.093058919822050834
v -0.36383522540553809 1.0223866909450263 0.21991650746263894
v -0.10755977206513442 0.96543319230087554 0.4147892080609204
v -0.74780085832600862 0.9871920870680726 0.020747498236954827
v 0.092904683809711175 1.0010709741223531 0.011084134722272354
v -0.4521164564172821 1.0059410328772478 0.012648850439091027
v 0.23750845474809607 0.99748687745060283 0.26653756136101475
v -0.41210116507778266 0.99937636569662236 0.30136549851909888
v -0.10864298934919425 1.0062604929362637 0.33870052707818249
v -0.94921654743628392 1.0095102833068019 0.28352267606588366
v -0.030468591604498781 1.0079394263062573 0.37583384108632456
v -0.60094853915674362 0.96037438900922301 0.0024105948757997425
v 0.038162817898531785 0.98351029217094166 0.41441990728264028
v -0.47960418937654625 0.98496636640067603 0.43584458985717717
v -0.53882910969694453 1.01604719705333 0.037329448810557865
v -0.8797501680842662 1.0065618788970909 0.09310471861784364
v -0.38436771328815261 1.0131323824947309 0.26983305781975259
v -0.34355106741375158 0.96080598182158616 -0.002597847370190599
v -0.18853395416268776 0.15320657294292112 -0.22060707883969266
v -0.40133271190801806 0.16547849328172756 -0.16356718925346472
v -0.29537384670183442 0.19005387076581359 -0.18398412881539961
v -0.084935384041822562 0.1524972853505735 0.57235216087954022
v -0.11916291733419634 0.1711017426839016 0.57574798046967013
v -0.18552748556948831 0.19056609503710187 0.56103178442524948
v -0.64412530559809478 0.17783009134255373 0.11802919539600815
v -0.51456724719853175 0.18198758550711125 0.27329938284299021
v -0.55264862295123152 0.17798237316624926 0.51136938806650545
v -0.01558233259034008 0.13821175680509068 -0.20621681434237757
v -0.0021715164307391632 0.18673004509640959 -0.25406721629918388
v 0.037062323145109842 0.17653611497520921 0.60718548441773246
v -0.37365775610253965 0.19741566902921948 -0.056690231860136817
v -0.54164443538805263 0.14645668382876348 0.27996692053016115
v -0.36089315626438806 0.18889979401699167 -0.11954180841764886
v -0.61295892880068237 0.15598634709702819 0.38566806969775808
v -0.43583165411147018 0.16348158438288019 -0.098823233884684197
v -0.026637229984920695 0.1441841099638923 0.56446046894895974
v -0.60163426009065124 0.1776636048686725 0.47082997166852869
v -0.367940787251054 0.16184185503414453 0.49960611917831499
v -0.057658151691209018 0.1752570533553931 0.59636033545065892
v -0.32187862558095875 0.17156716389916837 0.53502774065230008
v -0.51645280200020627 0.19684691367039195 0.46596572263095415
v -0.25294639046009848 0.19626316966698662 0.54868728618922358
v -0.084752431864196162 0.15564871063151017 -0.24109039895618323
v -0.42012808419144571 0.13403478837066721 -0.17123581161723525
v -0.36311148020217421 0.14966178171843544 0.50681515098756968
v 0.32446820457302489 0.16076022405014095 -0.021011319454772068
v -0.018516296216961284 0.87606201610766676 -0.10840943287714482
v 0.19657989355061534 0.15354356676118028 0.5146320770676821
v -0.498517515428133 0.89249876617878143 0.44819710672363522
v -0.6884285184970359 0.16195465422123229 0.1546357738379541
v 0.59720799545442815 0.17022471014636956 0.12204783209700762
v -0.33904132455326341 0.88290468093528762 0.43281907247336054
v -0.65198297877089884 0.86740651146238135 0.57808512391012845
v 0.23198880498116548 0.14521293591606024 -0.13494019658871401
v -0.44705391977357384 0.13065526735480026 0.53748182671907174
v 0.047183318167146535 0.87006140317152081 -0.1332821687940883
v -0.073360440501328575 0.12579978379196255 -0.20367333270808022
v -0.79578515050639853 0.86497919939661039 0.075942297014820956
v -0.37414567440831353 0.13724811388626296 -0.22609284825161322
v -0.86816461802498124 0.84151139793236795 0.17449010126206119
v -0.51728758163798871 0.1375341366701732 0.55568491907583861
v -0.70177331293514411 1.3295403697947796 0.24971956900343661
v -0.34455623405763375 0.86722392182491381 -0.099162192914759528
v -0.76654750216677681 1.2566617125421833 0.017930022106306426
v -0.89718608814099976 1.2881191556204856 0.26654397238494221
v -0.21432555964782007 0.67472757815666706 0.55008475252763767
v -0.14886438579292871 0.28989625268654534 0.61895847370329149
v -0.41458184300175283 1.303217184241602 0.17983201873411181
v 0.22518645514219082 0.2392325635157852 -0.22473689563596436
v 0.093508978124761916 0.43337351822592912 -0.28472057801583972
v -0.58687236194977155 0.2866666403003611 0.14352835683682952
v -0.15310218928286407 0.089402337582916241 -0.21202545448084589
v 0.30041146170229871 0.0860805873343191 0.39614184929916846
v -0.64537100455000584 0.098254534810944635 0.26089730727628668
v -0.074396718782136842 0.095818833509392284 -0.20517093046493362
v -0.72837227791296555 0.10508000086498974 0.18174383261512297
v 0.21047467150078727 0.084603124402646057 -0.10914994562492732
v -0.4735983357183689 0.095114819325938418 -0.1508969494657153
v -0.36712456446344638 0.10092258220449496 0.54567090519170414
v -0.67702572608333744 0.087961578226358111 0.41105354785540621
v -0.61811921511365042 0.10153178822521547 0.31544005258833524
v 0.17334185809245989 0.097717777739198694 -0.1724333862064617
v -0.30912016644542961 0.97421510420763224 0.33095972019782494
v -0.69837055652171209 0.1048132331099304 0.20626244768240631
v -0.40298856756383944 0.97576327937521667 -0.020795330938053441
v 0.49071867073341741 0.16674674033540954 0.37733599323494055
v 0.19280748563552266 1.0194366388993641 0.27207979176454888
v 0.25834752971311309 0.97460845239755989 0.085184765673887552
v -0.029379816889050819 0.97948486457474004 -0.023594341792986862
v -0.69055912778281325 0.99799624397247844 0.008827219882558782
v 0.056405956412014034 0.11989008708571622 -0.19289116314629154
v -0.83916097136626489 0.95977648419503858 0.066688603829996071
v 0.060032724691584716 0.15464616518203897 0.58933751333535633
v -0.42327057086738251 0.19213276034727153 -0.041896571267209394
v 0.13690037498883323 1.0352747312001227 0.10941544937172064
v -0.69130626787771365 0.85187954719443792 0.59194275764581583
v 0.17695275807542146 0.95127627077658428 -0.03237673886606237
v 0.024451964880773041 0.97414048688576937 -0.016177282991726299
v -0.17097578785075224 0.87429517843206916 -0.11200413502658713
v 0.44245747308585714 0.12919414164618259 0.010829978044259617
v 0.3620663661329987 0.89775980485150009 0.3120053842984532
v -0.28878131430489568 0.86820139508304883 -0.096119787831363476
v -0.57488877415550721 0.11635341868118772 0.57094457076263716
v -0.14183480837797174 0.93627873766003433 -0.027909718632095824
v -0.21584280091948718 0.12778701716197585 0.64000926501751754
v -0.55296797883466475 0.93625353113090037 0.5149525650887119
v -0.588071907005837 0.90517762063013518 -0.049676936591505849
v -0.38765405148293941 0.13871300305649784 0.51277754474619741
v -0.65593592381420518 0.97152547559793956 0.65247205814171327
v 0.098569104681366509 0.38995378873200598 -0.26555847639763008
v -0.2990628462137071 1.5040868684251412 -0.065233763651679183
v -0.33292703230373089 0.92805456268702302 -0.031683977452147974
v -0.71235476761949434 0.33083457468478011 0.28259710865943777
v -0.41644388630562379 1.0305962018604791 0.25688280997117302
v -0.54143069312280179 0.22796992232564367 0.011976336278649982
v -0.92141635264256272 0.90579546137435496 0.4329495591261312
v -0.57006976689058331 1.1646612258485101 0.45260280942225128
v -0.61031522836735885 1.5056379480509072 -0.54376963369615283
v -0.25199324785831845 0.8089398932847397 0.49790911070064947
v -0.63534546444706597 1.2561457446480915 -0.16907521897534547
v -0.27025361660448971 0.44546820779892027 0.50899873472200796
v -0.30889854378736598 1.501696264871879 0.087354813484916208
v -0.27747845685007499 0.28712144629030401 -0.23147591155639349
v 0.29550208429201291 0.19607600832814889 -0.14200590046952033
v -0.62224287159671554 0.18591523871788032 0.14542664928098467
v 0.10878655174447723 0.84177719326232725 -0.13760574554802213
v 0.081001348804168372 0.91945182570325468 0.47102507831495199
v -0.51963761652700002 0.22416131760972932 0.40924567179402421
v 0.027528179509308151 0.20261898679677232 -0.25466066516047681
v -0.02249679107394735 0.86253860250122738 -0.12705426704442058
v 0.2746664256107107 0.58394728999947088 -0.18815036994221607
v -0.44397032211785953 0.90657560091945222 0.42451836643808899
v 0.27468262945845862 0.8663017324814376 0.43748868498619248
v -0.35930897781883359 0.44864391641830098 -0.11406933831435996
v 0.2253708594276051 0.47119013567840917 0.6227590886435902
v 0.38449199671536793 0.28808451127171386 0.47051102677472184
v 0.46129522239985038 0.59729926803406652 -0.033554036522528086
v -0.70601475682436488 1.3270159869444274 0.12109791394094266
v -0.22737472492992883 0.43885108084486074 -0.33200196543278399
v 0.14144085368050482 0.33965110697656647 0.63999593237071317
v -0.89299001469616079 1.1094035715135153 0.15032354735312756
v -0.40020651733038648 0.44369842250048247 -0.099513056115943216
v -0.10244976732212241 0.62890517269210011 0.67007787335823554
v -0.77915182026425689 0.88971698184819958 0.63226441564809099
v -0.57904021379971582 0.51119282022313395 -0.12046415049330467
v -0.7374220264584086 0.77690202656763863 -0.032061972531270036
v 0.3614096342882217 0.84088525227271071 -0.0049218657169304639
v -0.69318704663092578 1.3710794312882477 -0.4780044027873056
v -0.64758049408571672 0.57054270034020249 0.56769769451890606
v -0.057229913662575349 0.48005225270295271 -0.31990983699929998
v 0.060331517177506101 0.69304105175722608 0.61670136053435598
v -0.48944798945788293 1.0996703077351853 0.38918932932589223
v -0.84667894032894653 0.5469146961568756 0.40443995788335729
v -0.49885581299748777 0.35574072409166058 0.46566136148341725
v 0.37000152279406145 0.4394058220473735 -0.11101297820775811
v -0.72248695469449586 1.5592077973113441 -0.37269311993771048
v -0.15278756651350053 1.3924019234972 -0.084767837486381503
v -0.36400831541730899 0.53272456712780869 0.54331652866449187
v -0.80535801094176207 0.40601727258828779 0.19788658407156981
v 0.23585676646417938 0.62618969881631281 0.57461747875091884
v -0.9029110400744037 1.2040370221027121 0.41798591080641023
v 0.43807002845700277 0.27434412330657454 0.38160562396687142
v -0.33397327479088879 1.3654054988900162 0.10189861035720578
v 0.48176079959565044 0.59670570529226508 0.35414059114975077
v -0.26962905303203993 0.67671709091899768 -0.2016286830617996
v -0.53847923127616781 0.78204761300337933 0.52650144577433233
v 0.075024730713359133 0.72725162904300289 -0.15998378878596947
v -0.5818070306361538 1.3244312036820347 0.20092351574743794
v -0.62833968975735055 1.364285018062203 -0.057478141314485413
v 0.49611185590664947 0.39892999407830942 0.074507926708182737
v -0.88378051258831059 0.81116182683851401 0.32456354926566799
v -0.90390729627234789 0.5841792635400197 0.14989615259543748
v -0.33649515024965121 0.038155486662877151 0.38900698203892914
v 0.0046090929555783564 0.10480136058363272 -0.19444912098577491
v 0.055443265619549209 0.024997376218428704 0.16348292604165679
v 0.027555065252125088 0.023601044927266276 0.525429469220973
v -0.011888188227180097 0.061150113032036345 -0.095417456160376043
v -0.45834637456597882 0.032978258363708997 0.086628704287887437
v -0.53966238025841673 0.033650767620352739 0.34339717093886812
v -0.14989227174167988 0.08809160341967151 0.61880385371546842
v -0.06822159286012644 0.10821314139114797 0.58746994023793508
v -0.20787148067130634 0.074903491673818018 0.093971685155270018
v -0.59312144789040799 0.033302826807475261 0.1880501268158335
v -0.10905759976419595 0.074324568589641177 0.42747453014166192
v -0.18419306570557117 0.046903067996793418 -0.12744779103941731
v 0.14664010541533062 0.081181708120850862 0.53226024616204026
v 0.3348417687373999 0.091688899418473857 0.013555472086137343
v -0.13301293510522305 0.078758933650683594 -0.096285681193653647
v 0.30777313010549306 0.067015587487673514 0.35532640009989952
v -0.13055595064703446 0.082334234817301233 -0.05691067450793507
v -0.35661578581438219 0.034346849651590045 -0.15504417905078405
v 0.030729238327126915 0.082649622719995139 0.55416041301661123
v -0.1208984529551726 0.07041650792718597 0.22037423442109946
v -0.41652054138495143 0.047688351191477234 -0.02993544292881788
v -0.23543928573134829 0.075170540393425508 -0.11582417643117647
v -0.2219542973838651 0.069561119516045572 0.33162285675391007
v -0.47900395228646048 0.034840129173948929 -0.060257131177569714
v 0.32320460901369058 0.051688676206309098 0.052842933448329472
v -0.36301768665605194 0.081357254009289087 -0.003808691399066812
v -0.058098464576078097 0.074930321741414618 0.43975398791266929
v 0.053882097204789918 0.052723269178682169 0.54842374840656272
v 0.29818314012199948 0.027477718460062649 0.10812226425351822
v -0.57411585034434387 0.033800072895180056 0.32841783643253747
v -0.60289566138251061 0.034042612369930531 0.056163932600037332
v -0.33481746552252833 0.04721233095646183 0.14305264788003039
v -0.5865195710424399 0.033050939494356966 0.13886068819132361
v -0.17924487661376864 0.031568093089698268 -0.15277124835800004
v -0.34381734673019798 0.068458334998527132 -0.10594774466551771
v -0.096448426380936994 0.048741118804750773 0.59711182643776728
v -0.13645727323049442 0.070633925378846704 0.3316307120510526
v -0.69777229627946602 0.037052781273521067 0.063878775369935636
v 0.03817805238722121 0.059184663836625268 0.30827216053134154
v -0.16535901347900042 0.082403192048623328 -0.080234156011503771
v -0.37783586060105478 0.035891834194808958 0.11878086278570714
v -0.61147718347984115 0.038325191147538955 0.52372815383245364
v -0.10385713210660401 0.032344494397190691 -0.13620249894621603
v -0.62237162667295975 0.037570718038492532 0.3169698336008584
v -0.32232500980764078 0.074439777887400999 0.080138970421082992
v -0.16156278098984511 0.035827993688257995 -0.18167656860427644
v 0.0081212686676314875 0.035491837785168054 0.1535994412741378
v -0.67576626780414828 0.072095129711585285 0.38586920151297577
v -0.62014218324047443 0.03504575450204369 0.027013580087600114
v -0.39819226600337193 0.03352367429808429 0.45929295625467942
v -0.59104230353171028 0.033209220103613594 0.23212282683587462
v 0.059336088809523298 0.024819453860114016 0.2655144728473377
v 0.2375133440397495 0.036319468629137604 0.18911890536309026
v -0.31630996743613343 0.043220948207275386 0.34958083118226613
v -0.0091504481294463272 0.072077238466274507 0.37952769558664379
v -0.10954255289067107 0.03818525937034261 -0.18144806916071271
v -0.059258647847877634 0.070595440796169293 0.35415074431748422
v -0.1765033946411117 0.078581739449915852 0.022898376398755176
v -0.04409432988504372 0.032113445834000359 0.56806883712515255
v -0.17918452426922721 0.069936151666281393 0.30130807176419877
v -0.64355698012432183 0.062356608234778052 0.32445665480646302
v -0.22919939690933921 0.99846012675763707 0.1719012445206545
v -0.089622941782212806 1.0215321730258569 0.1004973604228707
v -0.24527637134594363 0.97985088090318462 0.073735440147271014
v -0.28993590387194224 0.99866630486279417 0.16586955863806843
v -0.34061938814029696 0.98479989890057151 0.022675864872894479
v -0.30765213679147668 1.0077146127137169 0.2173815228431393
v -0.23590572683910724 0.99606968272492713 0.23093908981995306
v 0.13544199774331245 0.99739518277800043 0.019794384963167308
v 0.0027883133596432216 1.0080727992571203 0.022132390678048581
v -0.30506998312546496 0.99091927060277496 0.29537355664753562
v -0.26956800206226045 0.95816767081371812 0.32878276442927667
v -0.35297822086226649 1.0107229535043805 0.27278739398811386
v -0.049811285272993833 1.001198612818083 0.011612219280908458
v -0.041605103611540378 0.98538898274677167 0.40338318441439475
v -0.77833968342706261 1.0021807798717537 0.66389062162997425
v -0.37566031484773821 0.99660378165131625 0.31538568751207413
v -0.11065598558086559 0.99426499287328907 0.36244377270628131
v -0.049123229751797379 0.98552602638011821 -0.014833836102873832
v -0.14423157822247978 1.012384277692683 0.28552735237465099
v -0.19285218366854184 0.95616360539482559 0.37634280568591694
v -0.35613811141847962 1.0168947699762922 0.099478123142166558
v -0.55410427525180661 0.96909799942256403 0.0026176445531619933
v -0.038136603981116998 1.0273172415760339 0.32914482047637134
v -0.28377840515878328 0.98317929532743809 0.087054509169537816
v 0.078335052576380376 0.97602653392947547 0.42002185849922785
v -0.38359746117443949 1.0019516438354306 0.023723523812712581
v -0.92730389208301134 0.99988302710411769 0.51793397074411684
v 0.13812535320355476 0.99178744663214691 0.39027077204950494
v 0.21010825508586278 0.99070310778252946 0.062579270798948719
v -0.1606245003037606 0.99386735195221643 0.32237165314972271
v -0.4671728550839383 1.006468882722019 0.016668400882543
v -0.41771295916308426 1.0082629415947353 0.29271207520501169
v -0.15846872317997934 0.97866737717317231 0.028650574221602429
v 0.27199553304230839 0.98079832901282693 0.24229010066892903
v -0.47185148537115895 0.97533934152525059 -0.021539668936076149
v 0.032730122126825238 0.99830699361157171 0.015850333654652365
v -0.14529380289960359 0.96329351462526347 0.39232025793856679
v -0.11998479336719473 0.96498418443483425 0.003791186584904997
v -0.26838226812328775 0.99311313774154542 0.14919522881322975
v 0.23117083997556362 0.99870719022586341 0.12633005134281838
v 0.096742058055485927 0.98849402453716273 -0.0051831024804019276
v -0.8897869726243689 0.96989394139498453 0.10298128015587542
v -0.0028188005932168626 0.97647600606439489 0.42149107968088506
v -0.54817435799039826 0.98308929257440347 0.51924944761618042
v -0.15567039698518212 1.0172223682442021 0.20273572547569726
v -0.12091881151008906 1.0259690837643913 0.22776951446147956
v -0.44091723959507939 0.96919606628484845 0.36399268041886879
v -0.23889334703193887 0.98165079650478215 0.28605771867436197
v -0.5079403634579589 0.95891017942771561 0.47555221841581474
v 0.23562771072084807 0.98199367006559002 0.32336991940893128
v -0.25396675161286425 0.9629783046292365 0.019628494322994232
v -0.56004476417330951 0.99419016682924766 0.023162617791875426
v 0.064538112064160047 1.015078502445407 0.36422821746386841
v -0.32103960523934816 0.95940078449883937 0.0058215515925868922
v -0.14907892251421917 1.0088337792785618 0.1077720991173826
v -0.095150714371960918 0.99925416151212254 0.034282355482799787
v -0.81141013806126905 0.99273581634648134 0.6510585433164866
v 0.094771148661644586 0.95017706357091303 -0.058855918492197873
v 0.22078606622534891 0.97380065679418193 0.36115935858531906
v -0.6039533464806649 0.98748020648766888 0.55992885165556805
v -0.31005283036495496 0.19685996156850166 -0.16325356732424209
v -0.16026665060116607 0.14279660647209283 -0.21572806451145182
v -0.12348590309149683 0.16241137326922911 0.57776346665678191
v 0.036455290164089327 0.17064542359549106 -0.23899224676193673
v -0.036790707782941641 0.14206956934931264 0.56412182624113105
v -0.47811444678437615 0.14083879763703852 0.53420327973766046
v -0.24585596212774216 0.15886403742444896 -0.21853055441690356
v -0.64355923856920438 0.15440128738170772 0.43786333518209219
v -0.30213843705049065 0.16306613671218562 0.55155057839021582
v -0.54505163629107334 0.15577308656744612 0.25815888862722725
v -0.54618547702161646 0.17399991532209066 0.34401364939884893
v -0.35132976559428636 0.16978700699487714 0.49576643367036188
v -0.17624116411693774 0.19903982794646197 0.56237823931589759
v 0.011637813820779188 0.19736573376329755 0.63112502514227808
v -0.41886162122786325 0.16795001830362025 -0.1366527051435569
v 0.22137438627964556 0.157087982382629 -0.15784054375499423
v -0.66109980070733498 0.15667725261244897 0.069694629299257599
v -0.42809232029085548 0.17850939384426803 0.50178346071679381
v -0.42968626850785696 0.18203759810055309 -0.055404683404422277
v -0.29957480138263559 0.20599676664779168 0.49302151126007132
v 0.15848502236316861 0.17043287586059078 -0.20122646910164582
v -0.031942174577674003 0.16431848533626445 -0.2414309684668553
v -0.49039622058406784 0.17842700720021606 0.49621589386356191
v 0.49243875009109633 0.16191342091026092 0.0032707548714734557
v 0.35520944040411784 0.17995004549808988 -0.016167214717412299
v -0.57298402431318962 0.17525205026677715 0.51101949003967839
v -0.38389092603774433 0.14631251637625939 -0.21102400387911355
v 0.15438793616020444 0.14071511662958877 0.52987884369797433
v -0.61390422236303499 0.187787324300632 0.13226555335536452
v -0.022875591394891016 0.9075422474004694 -0.083094177101477304
v 0.55309983934118589 0.15734781824630564 0.30846679724937925
v -0.59787720553662482 0.17577488785090564 0.047845479567485465
v -0.68425453121180235 0.15530777592751721 0.1769497655703387
v 0.26504322596973567 0.1563787731027243 0.4774294870282596
v -0.11274076907608667 0.17060644483473469 0.57930051547996464
v -0.87583353307730349 0.86348815973676996 0.55588625375033907
v 0.044813166999529988 0.90204939225717651 -0.10801548403872842
v 0.13257918757452461 0.17784641735167631 -0.22369030910397619
v 0.0019243052207695761 0.16313077403620937 0.58911243106255795
v -0.88409048841799742 0.88692792843806367 0.14979881933441538
v -0.28113887796015274 0.20007173174110801 -0.19323393306890482
v -0.20258262757074638 0.15999474071918596 0.62016266866489778
v -0.14300165668823253 0.89179176700681606 -0.090277082309918003
v -0.2767577008238517 0.90807098696123212 -0.06093620582150451
v -0.6136656736667756 0.87894373356130451 0.50676939086286121
v -0.40826709841495912 0.86169085016762403 0.46366260209256344
v -0.45937241946757568 0.16737083729129654 -0.03478139755406795
v -0.69069460812408101 0.87908645655561035 0.64154106005780653
v -0.89522513666469605 0.89026445608602611 0.40327578061345415
v 0.45248153284426373 0.1408684196703783 0.38189870040247365
v 0.29282426870298867 0.9246225624022737 0.028588807969611312
v -0.56258972594005352 0.86907541420110601 0.47356986625648056
v -0.79547519162954039 0.88966574134245724 0.60835870848332385
v -0.63927378561404991 0.12691172713252977 0.36365347978692358
v -0.77178308374483862 0.8923142003188953 0.047507808518209765
v -0.24751716583633596 0.92279159569993618 0.40162208539143546
v 0.23986616442262537 0.1292906007043341 -0.10198260121561216
v 0.14293154240644856 0.85098067902156382 -0.11952860720444324
v 0.36382221207643656 0.1406406499466302 0.37432976053402822
v 0.19067841932457372 0.90252202029820716 0.4486023683075302
v -0.088253406637566062 0.8798336439921195 0.49404555110189308
v 0.20518356861986334 0.18337002429498181 0.53712746507681097
v -0.64505020997907703 0.37690643211802505 0.43975058320131621
v 0.61517925228693793 0.17956587387810688 0.24204789581029676
v -0.76938583501751689 0.38803181850301122 0.27525034111829527
v 0.35865605427654845 0.85453858688560158 0.38528723387500674
v -0.40411517331431962 0.91820049120921299 -0.061034946644815409
v -0.71895939379896046 0.14034320080426985 0.15517926340550015
v -0.75946118394683426 1.3283879831254655 0.33809599612959851
v -0.52759569493790071 0.3949811968730208 -0.047250772693394574
v -0.51903569422808071 0.89111719322136984 -0.079955964111063232
v -0.55364101881623617 1.3038712144801776 0.39351837028647141
v -0.48200263795616088 1.0406328196503385 0.071104456986494466
v -0.76283432831479991 1.3052589466480471 0.10321675112758782
v 0.30242439244707503 0.2659736060860648 0.51788310867987186
v -0.41243925459538427 0.60883901419901632 0.54289090357686864
v -0.069085845723652103 0.72840284011999701 -0.19367905700503785
v -0.20992771794116633 0.08822461203177466 0.64124259170446063
v -0.10916332704671959 0.092429497968466209 -0.20713846995162941
v 0.28363099827385607 0.095056921820464976 0.45065534916718125
v 0.33961301598484339 0.089512257682163685 0.35611420461495136
v -0.65675282162298465 0.10732986633321537 0.2477577126941603
v -0.75086649307376196 0.072101298656029045 0.11884743300574165
v 0.24515097473163874 0.10697983083066288 -0.038024663990668998
v -0.49313171419947188 0.082616623913714562 -0.090201332564850509
v -0.039167857990152141 0.08637091445253732 -0.20175694586487569
v -0.45493994100024315 0.099032551970296576 -0.16778692274245033
v 0.055935130850185519 0.10420756366405989 0.54584331985952539
v -0.35351262422331831 0.092201807044552192 0.56283017011735437
v -0.6342491265840331 0.098971205235163145 0.33215879063647485
v -0.26574718445273765 0.079861183332757255 -0.23097984709552144
v -0.65383975019283969 0.10543604714759841 0.36126071713913355
v 0.20316719184169899 0.10713272785227911 -0.15993974351036688
v 0.42542592498193488 0.098630118822210164 0.030519995387026756
v 0.15702051793100358 0.97448657366034896 0.40474559080486111
v -0.36488734073501661 1.0255335438319582 0.15687305469287541
v -0.24044594122218454 0.96025358739348088 0.016990799125204299
v -0.44994570524286431 0.095048836755287427 0.54604437740818657
v -0.71306190990786522 0.10319914655016231 0.065097172449858964
v -0.23689785384378201 0.96229393520972561 0.33234911301243097
v -0.4935450141676459 0.099732096792655253 -0.043203697600411171
v -0.85687467331473333 0.9820182548560078 0.61940407361418948
v -0.92946715618507347 0.97473052603073462 0.4240028886935851
v -0.55674739429492504 0.18929563967530977 0.42842537136748432
v -0.73828520630099004 1.0006248406528464 0.66398325607473763
v 0.21753245412242297 0.95788273645850874 0.0090669258235011995
v -0.22201019406110101 0.20680503838161218 0.52645666994473539
v 0.059684210786192994 0.14266431299693003 -0.20411331753056977
v -0.60702507042385179 0.97649410435856054 0.0070812632096810026
v -0.38362044330281131 0.11531963056238935 0.51559585903981553
v -0.84063215564603844 0.8865686855353363 0.095118279383469659
v -0.26257667931926748 0.1685337530280408 0.59248276593533244
v -0.66047357413036623 0.12001691777757729 0.015766743167769062
v 0.58462921864689055 0.18473845728793828 0.29823543563654997
v -0.48159962915182608 1.0027843416883191 0.44031691118962207
v -0.13734056462505256 0.16199163295065036 -0.23751671176836781
v 0.39337869818744159 0.16168661702693726 -0.01617368813036197
v 0.25447367609267318 0.97123687238364032 0.33687071457359413
v -0.58521661222657051 0.15303250048759343 0.54448713372332591
v 0.078390846220434698 1.0326885648925164 0.32754076858030995
v -0.21638070276475824 0.89164429146027968 -0.076314907482292846
v -0.75325134725253229 0.85130535645145455 0.59881256085947832
v -0.89926037396367331 1.0090092972898914 0.13614228660179595
v -0.77440909034492011 0.94125855535670122 0.029324044906114694
v -0.017850402300471767 0.96671296245535887 0.43739902854399693
v -0.19566509436551408 0.88281783515229406 0.46146813235220724
v 0.23507043512142223 0.16475683709231606 -0.16036717943238296
v 0.24811488975537915 0.17591791830892708 0.49204869299684384
v -0.017431344691768245 1.0382621807498209 0.11141531495375886
v 0.50988648943140114 0.13011031085078745 0.050778601101466224
v -0.53694045384982014 0.88802403839012167 0.47003922305072526
v 0.21389699452196265 0.11372551254824932 0.52033210106475281
v -0.95363862440273817 0.9681404210003699 0.26100046445800151
v -0.65030283426595992 0.88420530850373513 0.61175461014392651
v -0.53724505407480461 0.17029113746917857 -0.0052281884981255997
v 0.11621705923537126 0.15042604706801593 0.5755234299523585
v -0.06253704331765042 0.9423811116595302 -0.05701631088119196
v 0.5688310290308215 0.22027089887295181 0.025790271685003405
v -0.93390423077272278 0.93323087313477704 0.53913577434184023
v -0.91879212299262447 1.0093156540465615 0.55383810028770819
v -0.46863179566646218 0.92358819771419809 0.41679064918463837
v 0.096294979734644306 0.93403860595370647 -0.076357087868591522
v -0.66700525025635793 1.066077915482178 0.60497293855218703
v -0.45638366583635936 0.84749623330239243 -0.094086539681013298
v -0.31132684801195304 1.3611379254798759 -0.046819230496707401
v -0.094276059750741686 1.5092910945138474 -0.1307282854574896
v -0.36035801071799506 0.15130928120506898 -0.22953411507105806
v -0.66721465185475415 0.093172246536003298 0.49963064748127001
v 0.55696090786526786 0.14696331061841783 0.29845796647623518
v -0.65715040810467118 0.83845074304157452 0.4999254317252379
v -0.50929386708272417 0.19021097244836505 0.25388668424785477
v -0.66451856721179381 1.5291107610111181 -0.52901339305238837
v -0.54745219134193102 1.1098788097614956 0.054416636028387637
v -0.31452213589360217 1.426027830399909 0.053303304605225706
v -0.58806508334261887 0.98807665041131798 0.55000397560991332
v 0.17785107286541038 0.35946703274434438 -0.24897657585611774
v -0.47199873642011336 0.34504940170635928 -0.054693067818062657
v -0.086181723875833366 0.81044600491214092 -0.1594011349546918
v 0.59945057888364195 0.39199858504170809 0.087642440778227665
v -0.13798880715752496 0.21668957103546976 0.60101407815338714
v -0.79130989183661204 1.5705164836066308 -0.41313954254247665
v -0.054583511443905615 1.5409386703239898 -0.22365498510815446
v -0.15734535685577181 0.78208966690251369 0.52874880382112199
v -0.68147314390690383 0.35173242034445318 0.059040948378457768
v -0.33227821629461757 0.2203158489450181 -0.030432917647149602
v -0.45270671665577239 1.0834916957679177 0.21380450444702717
v -0.086290847286964706 0.47078291791563237 0.67616970594496795
v -0.29864008115051888 0.51616808881543375 0.51845258159846275
v -0.62777498719421898 1.3819161881569846 -0.35722905355002327
v 0.21312494010926564 0.80816683602980932 0.4925892806155277
v 0.039939681988051486 0.49591351220683949 0.6781183763216605
v 0.031415201054719205 0.37054844763763251 -0.28561221654763191
v -0.79673403569277668 1.0553112270912364 0.67556014415202648
v -0.71565847384715231 0.32417491743033811 0.21484874593238826
v 0.41778186897673347 0.27285211761663308 -0.014399725660904566
v -0.46016344606177034 0.55168248422123611 -0.13159996160403689
v 0.45211703566022382 0.33153311497710508 0.384141723395445
v 0.33757772192674079 0.65174878343532294 0.52237421861551825
v 0.1444242916191088 0.45617435930389855 0.65180406441528427
v -0.67782826741521052 0.75222412543072414 -0.075570770082267924
v -0.64415435787332453 1.2965644396930371 0.081848482191984734
v 0.29838920876532588 0.82681407175234578 -0.067639624508409837
v -0.85431839720230585 1.2029587553952426 0.17480471524436064
v -0.42648102949450073 1.4711017783768228 0.034362025521213722
v -0.5847572663902898 0.47643523097424123 0.54565035767271031
v 0.46495435305273503 0.47971343872797234 -0.0062147632004742985
v 0.17254589668792494 0.67447897102188192 -0.18724908939328389
v -0.14212250506473983 0.67809124148647337 0.62437875321926872
v -0.20457712209880302 0.47055532226146835 0.64089200602370722
v -0.15328476032576335 0.31487072868803301 -0.30791632359815641
v -0.8472235425803919 1.0716671667998408 0.082853629595959391
v -0.72755601804684122 1.1850678906265917 0.022542466737940629
v 0.38305883727750728 0.66077593557032777 -0.086640200333652426
v -0.3206494831913087 0.47240784907785599 -0.26831945688726783
v -0.73764615157261471 0.43281939060031466 0.44598516506883318
v -0.81707561436177767 0.85984275339507366 0.078637904465291383
v -0.85574681550040443 0.84858553730151653 0.37770082344560901
v -0.10069334306728803 1.3697590736843837 -0.034081577472516632
v -0.53607690232295768 1.2796859245755159 0.42904038380551363
v -0.73820613715159444 1.2696072215019836 -0.31548168287268891
v -0.66174803108812785 0.68985001430149018 0.55354759089987182
v -0.73045853070157019 0.52030583964725641 -0.076679719926274453
v 0.027249226508931634 0.63361252968634951 -0.29131778323729696
v -0.2953671654687251 0.66444755523313026 0.55777540729815278
v -0.36918851724194868 0.77537879453536551 0.51414901293583959
v -0.79910547525606612 1.2759959717142506 0.48556810334348433
v 0.27960546928986857 0.39751148407008613 0.56704119245247542
v 0.52260651767853938 0.48394572044680573 0.20056691760876777
v -0.3967382259660141 0.23548864515364187 0.49994198223773428
v 0.072149622605064509 0.27244755123674641 0.65691356085440944
v -0.49786483357963884 0.68955741215642929 -0.14362103347800437
v 0.67901289707492918 0.36381563951231288 0.22517140598119212
v -0.069474504855170913 0.07133574319467266 0.36137866683097669
v 0.3186202124742008 0.056783701762115904 0.042647493438318307
v -0.11646938398775335 0.069893603839604468 0.30866307571573787
v -0.061930061376109735 0.071391099931973553 0.1767649842913592
v -0.11816260502213904 0.073860991822082459 0.11576430419574731
v 0.13857686561224697 0.023549924612611749 0.30133305435652402
v -0.54108616086011774 0.073085394552866556 0.58062173838973241
v -0.62714170722655449 0.03494201470252175 0.20955352783047421
v -0.65466591406595143 0.059159975417924809 0.34477422904995464
v 0.18455031664284818 0.087699502890491374 -0.15609333529833405
v 0.054668468442434372 0.071525038282614084 0.34880866804134186
v -0.066377261875352478 0.052285786127943219 -0.10637316918360032
v -0.18505627864123009 0.07410240090864019 0.12781918422577629
v -0.46175421141724027 0.034521532178957363 -0.013597073989383228
v -0.40180591072435345 0.044391536443659875 0.30406412572818758
v -0.30639234248400066 0.033859216311720737 0.22533871613842321
v 0.12330131565575186 0.029813380966120993 0.096253759732731425
v -0.15234854603765921 0.073714151763182412 0.41621432067856867
v 0.001472609318677689 0.052696981497580925 0.24702912602152341
v -0.49695656122008308 0.03616060445381377 0.52693040457006812
v -0.2908502408009897 0.080951465455107605 -0.035417487750496822
v 0.14688960437544671 0.026576190973887869 -0.010198490288257516
v 0.23730806168695467 0.04211271327733869 0.45116574528679398
v 0.17655394957368506 0.028847152242516626 0.50236988613384537
v 0.52043223115104209 0.10729357271772383 0.24662524696171767
v -0.22692188420074846 0.073118983474046273 0.40379198965042057
v -0.32715525332609796 0.059417224516542272 0.59863853068279016
v 0.42217801087741946 0.067796699212166883 0.26958169025253492
v 0.25948257776852296 0.031189504688472137 0.31658090967617908
v -0.68758385786599818 0.040775365669199898 0.21252695126707058
v -0.49017783266986975 0.036525779390167074 0.44827962584001668
v 0.18820844311926341 0.022685162578958473 0.42727669465283341
v -0.01161922062996823 0.080669524540536261 -0.0073953345103063145
v 0.08594240091286301 0.022947554394545905 0.47262412642426238
v -0.412937524451439 0.035185605711534645 0.35464726309396793
v -0.044334831982664649 0.041805700363881752 -0.18699272170622952
v -0.13275215497829271 0.053139897319786897 -0.11617989716046168
v -0.40488615583568338 0.049227405930045785 -0.059320707725537783
v -0.37658739134785751 0.043541376898671623 0.1999302571186152
v -0.094687748649185569 0.10356524644202633 0.59665685074817543
v -0.59016778585821805 0.037563872424731179 0.43498620103195801
v 0.17603243736344368 0.066711236413821873 -0.14441919852224666
v -0.304143239243506 0.06058637030745951 0.42998761424890769
v 0.12986475668545924 0.021636072118837592 0.47021414195947908
v -0.25786733973985365 0.075942651405571271 0.10154312110983606
v -0.46356529303676558 0.036280143111183646 0.42594620627603963
v 0.13882817965659999 0.022504095792486311 0.43975324491715506
v -0.31932872681458196 0.077265713615137441 -0.23987763288885516
v -0.37361752412945431 0.049044350896261357 -0.10475570171199373
v 0.08532044433157461 0.043118972420690772 -0.1771398536436897
v 0.39574536749474964 0.054444824664743763 0.092778429292402612
v 0.016344990470269521 0.028745619075972218 -0.13422884035067709
v -0.00050553379181404354 0.030734681278746227 -0.11995293207758956
v -0.17408047245652558 0.053296471374014935 -0.12168541944689112
v -0.60783844376746432 0.034282777064467737 0.12567000347001578
v -0.17889685760699522 0.039004481974076681 -0.13349526795040573
v 0.094419554968374134 0.097210867331056439 0.54056865016782363
v -0.28111440853010455 0.05333173877420392 0.23060542032294978
v -0.098438923764049502 0.081592710203767682 0.59763985807818998
v 0.39727314515673517 0.073223353247831344 0.047074482293594719
v -0.70928266874168955 0.037077112008544709 0.081689211986035848
v 0.11691073980591862 0.023435449272378495 0.061404673529450185
v 0.13726390193456806 0.031480428340973386 0.40031513249510758
v 0.038459549663444371 0.035808109726555279 0.076944788708686998
v 0.10467609783992658 0.024106161594517589 0.078593211195871482
v -0.2618606939275675 0.032559014902803864 0.58009514769559356
v -0.21003023908025742 0.082451170367400906 -0.078230441266600212
v 0.24357262953440198 0.048155437971630889 0.03485124640032157
v -0.26626863630915582 0.083148819760745327 -0.06522811433942885
v 0.12349460899627653 0.026949342198490236 0.26747692652338512
v -0.32304709044570246 0.070645493481650265 0.091033475250776555
v 0.010090526352666232 0.07124718182249698 0.071113357646626268
v -0.26989700191898547 0.067353318098986134 0.18046838523736042
v -0.010928562812824784 0.054170431075728741 0.17494806798934279
v 0.0075444965186726495 0.034004262992846326 0.17424928128284414
v -0.40005636853478582 0.048392377201437839 0.19169874701220416
v 0.21954655906834525 0.024621886038629748 0.31139882189137613
v 0.15868314183196558 0.075698726317119158 -0.16520255913914408
v -0.56700823588802185 0.051051876425672812 -0.037131766242219609
v -0.57079238191890169 0.034879282449941186 -0.010110880507198354
v 0.032260876069603206 0.07983522950074845 0.00074297051572131388
v -0.64413270184342142 0.087678680672968676 0.3386700775066796
v 0.13292889590010029 0.081271015891302256 -0.17766369454340428
v 0.076136085118254773 0.056939989886200783 0.54371081796654674
v -0.61576243454099189 0.036851501421579509 0.32463978902975588
v -0.47012116256452385 0.035829041762363831 -0.083387121485240009
v 0.33407934875449108 0.031152169812065103 0.23039772293287572
v -0.26679469834681219 0.083193677624013571 -0.10162986884565244
v 0.13879157239220385 0.026835798900757872 -0.055893757663378882
v -0.65817700862858908 0.071871879292209617 0.51250257089418283
v 0.1021198303999198 0.081933560795806382 -0.18309512940625416
v -0.28147709779829505 0.033563247639085192 -0.20299679110970872
v -0.28736998762803095 0.060820356426431091 0.17138884468845506
v -0.028952539905810714 0.085068695617635096 0.57356795556035356
v -0.63800923730098014 0.038479007622199191 0.36747641223559974
v -0.41539246925368228 0.062117559851726817 -0.22966121099655076
v 0.20079783261914738 0.023959508633639819 0.43999474815528788
v -0.22090474006925581 0.030493814034369713 0.56728234834904667
v -0.67747929681641517 0.09601397237591934 0.24088066023480906
v -0.25717690278225763 0.072758694636367527 0.45779777260488314
v -0.73543488925293365 0.057479760503848558 0.19555107116138837
v -0.093466184841984823 0.073486761940177669 0.13167753088024639
v -0.11699030707597241 0.069522187632964652 0.26058697522774699
v -0.34388323000997728 0.044473037933986874 -0.13279396143467037
v 0.19926397651532562 0.030331731221033567 0.25994159635942748
v -0.31026373358564346 0.061316408769170723 -0.12436172837914053
v -0.060973155284833519 0.033074915948050523 -0.16462023445162208
v 0.28860146029432421 0.03917818626904182 0.30203477132051421
v -0.3225307321467914 0.034451517889179918 0.48989131239037631
v -0.60290408826524255 0.034457614715742907 0.021912620436080443
v 0.19771911737859199 0.057721310898075702 -0.095108959632162954
v -0.49848570755771399 0.037412711680459579 0.30716438885697378
v -0.46479694986986547 0.048863764904578992 0.17988696409464144
v 0.38806747118989748 0.043406137089837669 0.2041925131162988
v 0.26502678100473015 0.072751034068034001 0.45925334518789901
v -0.31332979085587115 0.084414764846643384 -0.065338129860026947
v -0.18285066787831844 0.056217461695977848 0.50802231512863527
v 0.10040090306381878 0.033398854605024432 -0.0078480293232360207
v -0.41146187122549122 0.056301526091165413 -0.016743619780815351
v 0.10440337597023042 0.066249693186024985 0.37537545143046946
v -0.098765862905876953 0.042937412789837592 -0.11776609873189457
v 0.1152729168016112 0.026674594594719003 0.26568635717903444
v -0.57637727972976194 0.037079788507578211 0.48208258854469405
v 0.21843806479017913 0.035819904073587192 0.18179912252524941
v -0.25138087799977127 0.069115482076817253 0.2353724397239044
v -0.37652870819858369 0.042901430692645126 0.32771822971792414
v -0.11139796211021745 0.078194749404978059 0.037065681258120979
v -0.059060462881440082 0.088606548360891241 0.5838307504642174
v -0.63081792034741169 0.078111552234645248 0.30073302667003027
v 0.18466793591822012 0.033358270449590659 0.23116854295573352
v -0.48867068250349227 0.036120554255744397 -0.064121008661017484
v -0.48778686191285198 0.03373418004390917 0.011586617766306288
v -0.27725167346372709 0.075553225877821303 0.11289333490100985
v 0.010732692121044702 0.03727347734132605 -0.1789176335502993
v -0.5057214112601669 0.036730429553063056 -0.055576652733804091
v 0.39385495816390903 0.092238192353255588 0.34266769726514745
v -0.0066946355948767529 0.029469734799810108 -0.13245074161445036
v 0.19864749504216614 0.063127795347435706 0.51677914133925373
v -0.22797681328573835 0.039619942131736786 -0.13969062453343684
v -0.22478831887736819 0.042413019852674962 0.63489726217220044
v -0.053585229622903609 0.079650901831480339 0.0043843987882471423
v -0.30969734842483621 0.037324110898725699 0.29262176704325144
v -0.10253211256832495 0.076622237569844043 0.06363898276767424
v 0.056050189678875782 0.025053469555894485 0.16978483239872319
v -0.37246718060490563 0.063517932528785848 0.54379560412806605
v -0.64259760353984408 0.08937709143194815 0.27168924984137416
v -0.38955726806897489 0.065472771065510402 -0.058893637100071707
v -0.22230434003850183 0.069377400254217764 0.31301380374996313
v -0.623752068841395 0.086348604000502385 0.54870849365044372
v 0.18579324655195739 0.026416031322935681 0.080879982051560453
v -0.37453415863787237 0.037043300278489927 -0.13416750614730222
v -0.51173082499292655 0.0334164899605284 0.069440143739944754
v 0.11106453012244692 0.040552506610710665 0.34970574194924497
v -0.082468465523512932 0.031183049488661588 -0.1418474880939162
v -0.37404432873485904 0.032306932967599067 0.42014167629120952
v -0.011887973048804961 0.030962103886676175 0.49478317857875243
v -0.6661066026991489 0.039890322237585714 0.23505078932226287
v -0.66499574498591041 0.078762517425664147 0.36492559808251152
v -0.3118188475146374 0.054636598826079165 0.37154031048551883
v -0.44977925249262884 0.031238113583336231 0.10498066608612915
v 0.13121845201224255 0.063915932697592368 0.53245013281321518
v -0.19792775138411786 0.0418118961625202 0.53127690730140364
v 0.18393457917300438 0.035911745211131128 -0.068701967847512604
v -0.49022098665498814 0.033151980205201222 0.050344417982876762
v -0.3848152212773695 0.059649727545881374 0.53101395834259812
v -0.3156241161194166 0.032950396726751582 -0.19831584730489285
v 0.20463832248933386 0.050102003120333964 -0.041619107101090139
v 0.052063275992280493 0.090615046908975025 -0.1889409377749679
v -0.63480019240862395 0.038144727378549965 0.0024111429254783869
v 0.15966272268671722 0.05677807840374581 0.52676071976369698
v -0.112102102453977 0.081237180607569362 -0.20533997444242499
v 0.35616071399730537 0.033294183082625085 0.13415414760463346
v -0.16542116201456872 0.02930124701884829 0.55116573036100347
v 0.086703877388818254 0.026892893036776135 0.10750792885781447
v 0.017685056079008447 0.043385684665407973 0.26387669058408092
v 0.2915173660490622 0.090889604306507388 0.42136658908078656
v -0.473109079028466 0.033521766010727289 0.03049521606429853
v -0.61519260228944617 0.034272746654075426 0.17049281053401188
v -0.15411507366086394 0.067953934561248874 -0.11011174747494201
v -0.15724620724189931 0.028976616059319709 0.58556590435007461
v 0.18344304058909494 0.059933774341397662 -0.12879206895745643
v 0.0082345113431773476 0.070556246578825935 0.32838952467188864
v -0.27287420700051324 0.060959775188771617 0.25834328465949358
v 0.21666074082565578 0.02601962950655913 0.3491762088370467
v 0.011348743951566346 0.057259410111830576 0.095279027529613217
v 0.50935864656569907 0.096446383085308118 0.18997875560556304
v -0.21074518946191109 0.072323939216142871 0.17654370308619996
v -0.1653205395047864 0.044228780825613552 -0.1973705140489467
v -0.32191031352517507 0.039568867638902397 0.3542164520613495
v -0.042972404135084692 0.071514638763367042 0.4494207244470444
v -0.4612183718783382 0.066533781656164248 -0.19382196086273404
v 0.1768568192430581 0.029466785804970287 -0.0044717598620676235
v 0.14750249928181555 0.091140665933611753 0.53305922020016616
v 0.0092646933953046129 0.035213897046396117 0.22127679545673726
v 0.042869533815368864 0.07216156539964716 -0.070397713331893069
v 0.13131063019667982 0.027079631219467163 -0.079355611928824649
v -0.25441697141194958 0.034145146140045206 0.61703736278128274
v -0.32798259999375212 0.048181388838284003 0.41445139580846851
v -0.26817014890019231 0.032152982043235426 -0.16408959420631722
v -0.20273172942073558 0.069729512804366109 0.48653690646956321
v -0.49211890459890328 0.03219480410493071 0.36841238520049074
v 0.096387176658965748 0.045890821034424774 -0.028066160289902241
v -0.37172594270423731 0.03180794181224314 0.40417257484199653
v -0.41355620893528439 0.035416353688258892 0.50044057900117489
v -0.094331275693628369 0.072322795746391749 0.15800926738551382
v -0.6411566518138192 0.069642880882767932 0.53743952254382854
v 0.0095247410556775509 0.03892365258773705 0.56048338957798949
v 0.24236829807825683 0.030432560239055145 0.34578030451697633
v -0.37222934426020254 0.034052078199204222 -0.16528063194001871
v -0.18286552258474131 0.034130437252789199 0.61431610981175711
v 0.20730721226226537 0.024831050890236756 0.41427993320039663
v 0.23106566302101075 0.028256583498947854 0.37601017825159555
v -0.45519613580952989 0.035422814201085208 0.15095902038848355
v -0.37701060058138497 0.081393960709864627 -0.0074953666332647087
v -0.47344647318609362 0.045800588761606531 0.23246164900243185
v -0.23152047861608302 0.072256188624373399 0.47606967055707933
v -0.63854906640781595 0.038310058130355235 0.43592913971732905
v -0.25889765398992381 0.038614552345265785 0.52915936366589245
v -0.194290242865646 0.067719095572248575 -0.11578708045905084
v -0.19660112402044658 0.076914264227990303 0.046474461329649316
v -0.40254748011094466 0.033478702775172911 0.42753508698513587
v -0.40289088345598595 0.041017011512637647 -0.22292325989305556
v -0.16706682632409972 0.1049012269202001 0.62634791667978629
v -0.16454047249338663 0.035526931405321371 0.61175289053221205
v -0.3249802036521442 0.079402219298213741 0.056501307443297628
v -0.29051007805580958 0.056389780461112649 0.30054808575843173
v 0.11610185556695467 0.035433220666975879 -0.15878507764236544
v -0.19622959016779012 0.07628231433688501 0.45682497799941674
v -0.15326140409078018 0.070075898104132159 0.31092576254801951
v 0.45500266749024942 0.07603051916031707 0.10571467060652077
v 0.15731352370220641 0.028032176101097206 0.51112139820873759
v -0.29471783233785243 0.033312839657376796 0.55717213572403013
v -0.12408963232027082 0.032542010280709133 -0.17719250667036432
v 0.051944105577945987 0.090209894048679476 0.54879366972425037
v 0.20671068467692563 0.04217147372520326 -0.0030555977610019396
v -0.13163287665856105 0.072087866527394628 0.1633223624056715
v -0.42473008883086855 0.061633810451290648 -0.22308726956753222
v -0.68565892295866659 0.037101563891548749 0.056679111221246394
v -0.066035657815816579 0.081882222219536754 -0.055036966726229222
v 0.099808004098390857 0.025731041057649093 0.18346585494309881
v -0.50973734942816695 0.042797270686428163 0.18134601783945292
v 0.0072189225196447864 0.077791589585007925 -0.074522623744138261
v 0.46339269899207741 0.075150866730551283 0.13949733974084438
v -0.51415785837346684 0.031489254787473962 0.14082105387468344
v 0.38946076795897083 0.04691226057020436 0.11875381466264065
v 0.084670570309177462 0.022952083311441031 0.24843606929242862
v -0.62139598306801125 0.051308278891543081 0.5502809223293893
v 0.22993298626250669 0.045230736114705558 0.028031636355152378
v -0.64170557049948462 0.042671006219956488 0.32482580576226494
v -0.19862073720654508 0.077848863364029131 0.63777340793572979
v -0.57776816356567984 0.03385700159632838 0.11984191851692311
v -0.29755680499705039 0.046669187288132623 0.20026011565087998
v 0.3823759998350873 0.060060299394623262 0.063520024999321592
v 0.1070259797763341 0.062109000683796843 0.39865514446712597
v -0.10994653764640572 0.031799560849420469 -0.16633571530714186
v 0.048579919428748036 0.028057929516910704 -0.12381326689226237
v 0.078510762260706371 0.03566998119850729 0.020474017339623545
v 0.086284783104830634 0.056742788177555264 -0.056182082131830686
v 0.50247897571920641 0.096334856958171053 0.23183356565891783
v -0.052931074538346432 0.076482863916551277 0.064798202176293535
v -0.74132299107171806 0.079175675010288604 0.18462157381605929
v 0.009605774767893387 0.043968894205241561 0.11987002984203501
v -0.53444685682039383 0.036556735026959102 0.37441004738413447
v -0.68722660257777235 0.073093918317731113 0.24582907576089788
v 0.088151985156002199 0.02729234039768904 -0.11137888317137569
v 0.22076238735549539 0.063990180985462039 -0.019968974956752088
v 0.13170381797405864 0.025927047240251123 0.022062371836402656
v -0.16106300990050962 0.073013321645122378 0.39849802582806437
v -0.18330446038282236 0.076514226182151771 0.056178319229701207
v -0.72533490245470766 0.073592212419323733 0.053435792087246525
v 0.010395072077208554 0.077478529844157901 0.037313232474820997
v 0.10258963102582734 0.064946294399976012 0.53812669332924634
v 0.44382477061415759 0.084531874889087019 0.29492104895530646
v 0.096169576800701304 0.045853707856774062 0.42691654037946392
v 0.11011631552547295 0.027793576935966711 -0.084854251687353263
v 0.52722038812150396 0.1067032032567635 0.15532699970195815
v 0.22442534004416387 0.037302905897663753 0.21248521640175536
v 0.4628936025742636 0.089007096805804237 0.28120394954163974
v -0.28724064462430582 0.099848704725531548 0.62039301174992778
v 0.04042778331827665 0.034280998031373695 -0.16891424544643449
v -0.1278792505400223 0.076126405044627296 0.46576727341740681
v 0.095076015989180529 0.026832257320836796 0.52685421973279656
v -0.65861161977451921 0.044477894103493253 0.49034434453974696
v 0.12371953111889233 0.021379972598368057 0.49456414163328094
v -0.45423394929094446 0.043372660850066955 0.28880737181787425
v 0.38846764477108842 0.039676847627972217 0.18092381550155931
v 0.17598939223393489 0.041107332872617641 -0.11383604295830738
v -0.51740889588802796 0.034654473153003185 -0.027725144339019774
v 0.34804255057488981 0.083336231360999463 0.34432172097193053
v 0.10440595379669255 0.023960262253691033 0.28552104185975269
v -0.38379605838277892 0.03315155694792337 0.47446698056143305
v 0.024750917631807114 0.081280026107873382 -0.022489477653415725
v 0.20629922213482105 0.023345469695569214 0.078659015131732082
v 0.044157899050777188 0.039819502452195177 0.29254804561876979
v -0.11667470282920082 0.069253948280773817 0.28089892924975285
v 0.000744788227870762 0.043814740825664299 0.14766888535635062
v 0.33654983635651747 0.02614166302591751 0.18528815367443138
v -0.51926468993310759 0.035865278607241667 0.53225238639964034
v -0.069116669247288348 0.026043567121699727 0.55351695952222968
v 0.15341671942477178 0.025433238646851083 0.36349350948935966
v 0.43342205190818439 0.06235799257434238 0.21142126365156533
v -0.63108915278640276 0.038623535981172595 0.27893026263032755
v 0.044040100883736007 0.028719016414834493 0.26973048949569239
v 0.1826361177096443 0.02403998184483342 0.34256699118837836
v -0.63711162203685923 0.083329609487053813 0.32451109088699825
v -0.11518538523857048 0.080215412624318944 -0.014651248060642049
v -0.3196236492522892 0.029501706607816293 0.25906949936534129
v 0.080845407090852944 0.059267174358284068 0.4196778391446897
v -0.38812375565294477 0.044561971006870024 0.28816355958014028
v -0.71511164689484807 0.075693936651129168 0.03185391911444703
v -0.33375306761994605 0.042101262538643457 0.5769744071344155
v -0.22634312908369875 0.074451163768142384 0.12646492231354339
v -0.53894020387574382 0.033693563952731556 0.30612740880429135
v -0.29538218185667114 0.052002606917251996 0.46899881856112141
v 0.23197265991072022 0.024411041522910754 0.2912366731378474
v -0.3805104155625571 0.083888693891746746 0.53327139568657544
v -0.31252443477381658 0.079515352135155884 0.61259732890838225
v 0.16649330632094841 0.045415604774807071 -0.1350175548343405
v -0.70640183486265795 0.10089756854067639 0.036647229106883054
v -0.63198866220796923 0.035165917827179441 0.16545419932737504
v 0.23405532930090817 0.027341564086690615 0.072149552766421723
v -0.32007442846724549 0.050165947165978761 -0.13129411348931169
v -0.39321554465794145 0.041143899754008006 0.34378950870200037
v -0.067438471287781285 0.04660973623740744 0.49209942554617203
v -0.48437209429808731 0.083229689810738472 -0.12857240228283526
v 0.076705391291960634 0.069635112969212376 -0.18681817269567474
v 0.054624265447591865 0.043395761417399419 0.54833166692100188
v 0.12413445434008807 0.02700249409197409 -0.095104391502033481
v 0.21593214483849055 0.068187714037842323 -0.046679103721244265
v -0.30546885887568698 0.032822460234441138 0.53299508540549867
v -0.2069988771335797 0.069680453677384485 0.29228334378574339
v 0.2879510203029696 0.061078467261280314 0.36709719278075165
v -0.40230347558976298 0.059997472459985941 0.015153604204922363
v -0.22562926832667352 0.078884713817259228 0.64244838085684097
v -0.092284365028002566 0.037121506333805614 -0.17476107910531805
v -0.18553192598504795 0.081293115065279031 -0.036594282352283486
v -0.27748933438288509 0.069663911664104086 0.44391521996265837
v -0.47318556527789041 0.036397597903794099 0.46818567481935985
v -0.40548863274837926 0.049089051752592108 0.24738904820484522
v -0.45307409903576518 0.049366282971328258 0.54734614827459216
v -0.2610771829883799 0.067676879164603743 0.26868684789301939
v 0.18722066257091205 0.03567216303990034 -0.053487662388189521
v 0.012802852632003234 0.057487094860443351 0.27586769466521616
v 0.053111275565893991 0.021921798694795408 0.22348279943464225
v 0.28740660872746987 0.088437732763709906 0.0053605951327804994
v -0.38611156301881616 0.033149115732110622 0.11900329984308686
v -0.33665391733569305 0.03722682041876136 -0.2273847260587436
v -0.53228815029099952 0.032901860862268754 0.11233377685624181
v -0.66157118139873428 0.036382901974646352 0.16270513270394582
v -0.026559733439957982 0.073932714159833518 0.43500906974492193
v 0.14137600192612132 0.031136147883418799 0.1496796290932185
v -0.48482731722972283 0.04770055247520049 0.55755762073246828
v 0.08387545408871383 0.043162311394516303 0.54255988787479092
v -0.26149784637494611 0.065990890053492374 0.23976190941931835
v -0.3125342635022208 0.037883924479937381 0.31572846396453003
v -0.1075360199951348 0.0712664333478885 0.18640199396509002
v -0.58284648249290361 0.037179234252098708 0.51356575000987015
v -0.056763626750348406 0.025932490241034077 0.52217548597699803
v -0.31040127012707558 0.079815801453709617 0.018554862493335066
v 0.19653587987698479 0.028249890397136108 0.037733073859521321
v 0.23971403182761172 0.075203696663805275 -0.0088303582329646337
v 0.28095830747382955 0.068007304359109066 0.39968872720687765
v 0.022801519177937202 0.071673503171547207 0.35177688137752972
v -0.044090035691422023 0.031276525901570103 0.50501336389022133
v -0.015778021102991098 0.052635410765455692 0.46736936712417454
v -0.052881489115798271 0.069782267222068595 0.22160725761833144
v -0.1047112594549352 0.075597899509088989 0.4512062020321343
v -0.62542302395332261 0.034615492999360398 0.079641820875197292
v -0.67272381872004039 0.067109834043116129 0.25900322697319017
v -0.14427958154327467 0.075506348943183546 0.4518437237842185
v -0.58700716698204347 0.056076397044399789 -0.030404560122012602
v -0.50522939377547349 0.036389713091882152 0.47271734103602231
v -0.22363206675029521 0.071224416383931233 0.20588688892491666
v -0.14835750390654395 0.04031695500801543 0.52655883815288884
v -0.073819510849814612 0.072689484060984175 -0.094559593034026709
v 0.17945462884049299 0.03148707380290703 -0.035412467075017655
v -0.070515309235173448 0.0696616501426464 0.2765949619408713
v -0.3670063168501585 0.050349611355233512 -0.2416572761837151
v -0.61539882864406559 0.068592833821647561 0.56022420688354357
v 0.1710244652775906 0.023007161344593709 0.062156239277055859
v -0.19734073202041877 0.078496406220410334 0.02571000523384652
v -0.32350307264806444 0.041090164337734686 0.58684320062219864
v -0.30593617311895732 0.046794402342686441 0.32715869580496953
v -0.53330795601820447 0.038569029888802814 0.54784378693451463
v 0.023725499322923997 0.034236527455431799 0.1065669298899871
v -0.098920396866323743 0.067088777014163048 0.47609489030446783
v 0.35571545331588544 0.059450474548732264 0.05170209692487749
v -0.27828304289599498 0.071936191710291073 0.40226730778070519
v 0.25930344695651741 0.056057422997790339 0.030920334608877938
v -0.41626276447301563 0.049727897777985725 0.2180231568719426
v -0.29573195154846055 0.060293126773162731 0.62124647323468163
v -0.55951434356480956 0.032267192035684233 0.30328182276094101
v -0.068510134561771546 0.073499845018650922 0.13685693377059729
v 0.13377025543021198 0.025429087562910496 0.51450704644352419
v 0.20479002510259692 0.092225465838873116 0.52094761815262558
v -0.15078141998612649 0.034688368437851981 -0.13567020804763558
v -0.39366140126205695 0.030202243270585839 0.13897565168751858
v 0.16919536961210149 0.023447867477424601 0.38531394128669683
v -0.36753041128619746 0.042647303724561172 0.26092380201628523
v 0.36546725109609446 0.077750480913565401 0.33202898497301475
v -0.31529732400783073 0.052943530316198611 0.15112799330980306
v 0.2606441157263672 0.085404558962120278 -0.0021022027458307436
v -0.29339217817224156 0.042043731377610999 -0.22812205575748112
v 0.31149336486585727 0.027280828787971161 0.1248033795548079
v 0.43437481627263702 0.092739713190910497 0.32420392469148585
v -0.56292246437091797 0.036180230852158046 0.37485077151375035
v -0.19460631437489298 0.073188149137101949 0.14657138427354263
v -0.727932469233598 0.092930135528147828 0.18826362893384244
v 0.33900391566571558 0.071310955637944651 0.33498280654898233
v 0.23189511751344796 0.085079564054759485 -0.039413988302344612
v -0.39545184263130484 0.071972407169590774 -0.02992824340763886
v -0.35638120729353251 0.033906208879369952 -0.18046867860748639
v -0.28648430019915255 0.075986243439268117 -0.11641826220293362
v 0.028301642104900805 0.028557667149754232 0.24305553268358937
v 0.23962965817869386 0.037542066051101268 0.21686145144252369
v -0.28747458357643485 0.0670274251597065 0.3563987130967578
v 0.30286193639203668 0.022773406430569181 0.19528838912315172
v -0.17606445827092448 0.07205177521418113 0.37445525123138557
v -0.10056442636930524 0.033903990261834181 0.52106991628938071
v -0.4456660719324621 0.031250696492905114 0.36795264611576672
v -0.32147841021788309 0.077680066481163934 0.069946870837105296
v -0.66204147260605273 0.035949313661723187 0.13554376485829434
v -0.51721967452390849 0.083518947093764132 -0.043817315196051768
v 0.18432673269065775 0.036028556349425721 0.12078591585729986
v 0.22174252538887079 0.033339884844956869 0.14748738542177242
v 0.081591178454775343 0.030439867602667727 -0.15254271016615029
v 0.086491794289779503 0.047304950016904941 -0.07036483501010718
v -0.63938830816676695 0.034962486585185207 0.12925772325197835
v 0.43462278718687375 0.069354056563307981 0.25328696945377049
v -0.73872338625539702 0.043340421915934305 0.1171264816820083
v 0.0089827608910404526 0.062226050412194284 -0.19526309707193051
v -0.67279005969824457 0.048580722064169544 0.25414475086670185
v 0.037098601775206699 0.073662544888197304 0.40754468430277474
v -0.70486026311496808 0.039142257717793734 0.17240545863856807
v 0.25648077303758871 0.022857572879328877 0.11402320235082669
v 0.20463278629765058 0.052990290109761959 -0.054109696079933933
v -0.65403380073692863 0.041171175664818253 0.37067037549244924
v -0.27687191705025949 0.066688512287592108 0.32026704088345287
v -0.31791863532017001 0.030390103644729244 0.21535114497244506
v -0.077016060868377464 0.07514013171835951 0.44020419447373238
v 0.076623310934889347 0.053254914313506756 0.33331507929419624
v -0.18608440444146537 0.081962255689184221 -0.089495917910725906
v 0.38387218607393703 0.077762299677848326 0.32667392683340318
v -0.15093384635658766 0.081606562678350161 -0.037232933467179534
v -0.52990559341331889 0.033561348138346485 0.054908129376268884
v 0.050486467673742014 0.032809881916439673 0.064415162472788154
v -0.0031943904094926955 0.073271741810265315 0.40750867803167018
v -0.20463219928736959 0.031682778495123201 -0.15252062858800475
v -0.15294928055886833 0.070367542194998439 0.23841551878903927
v -0.46880426296549937 0.037605713129720837 -0.1505705445421692
v -0.64303625188466951 0.042958617079932919 0.515721530640321
v -0.20912630402179402 0.061502267312348105 -0.22058348868381153
v -0.26068797630962354 0.070404157583817892 0.35697522536857013
v -0.39597461736086775 0.082455786939241354 0.52484223036780098
v 0.392050240548804 0.095150454467656742 0.018661145761542413
v -0.57197629264750249 0.034257518660343246 0.085634789128891248
v 0.01230785849984367 0.090841725252235189 0.5593213430834223
v -0.68423840756723131 0.038475227812788608 0.19367725337689537
v 0.4927702971643585 0.093030610513733694 0.11872755923315527
v -0.52260125097994092 0.036356898498296139 0.50489473768075654
v -0.0024614222775330621 0.046410753056484129 -0.10124224108042294
v -0.027015231468200701 0.024346572617802421 0.53709231137256208
v 0.2138754509176963 0.036337486641642817 0.22916107879879399
v -0.63340655664977719 0.041540944000475248 0.3075297574342904
v -0.6081663434616712 0.036549092413047615 0.35308758524929856
v -0.22773714311070661 0.070629249393065918 0.23028448157242234
v -0.36324059115649104 0.067347713112143368 -0.092022763819734787
v -0.62235698651631655 0.041242525008988777 0.53123392784129275
v -0.16504381472353524 0.079800777858561447 -0.0010105418639539683
v -0.58045557622380772 0.087131626293820083 -0.028589629110235094
v -0.013201203264477403 0.082191826402730747 -0.056511466911033037
v 0.28915514616566618 0.05367251846594899 0.3427501525142731
v 0.082865950145418588 0.02232494932077677 0.50560159569390029
v -0.046239828343964742 0.077360344706755027 -0.20105318060219504
v -0.40430453130991695 0.034700503553082816 -0.17223119530990594
v -0.27640551783711159 0.034543294661574374 0.53311384240168536
v -0.38352951298455973 0.059271259372707413 0.050202551761751875
v -0.32444920775812841 0.046442738920182539 0.43899998502186199
v -0.69436054777937917 0.10867332736722858 0.028543971922685176
v 0.41888860690955332 0.054504911244488703 0.19077378361726013
v 0.016920741846177572 0.079146124606012572 0.015659948334516012
v -0.16465242644238179 0.082200977759552721 -0.090335434368272544
v -0.48568477268284677 0.070152525260553336 0.56397014013560987
v -0.1703558164082597 0.091028312694056424 -0.21643325967894353
v -0.18244890851034848 0.07115073463045482 0.21582053316101035
v 0.034346355167306976 0.071524880337355379 0.55242442944718784
v -0.3195227002465959 0.082409181136276169 -0.037864324614758235
v -0.66878069040526134 0.050706837776521324 0.37655466138889265
v -0.43040892022474642 0.04357970420690134 0.30337281156966339
v 0.13737631538334047 0.024537793015958723 0.33216136743790359
v -0.27848165923216334 0.032585681306210403 0.60053309328583193
v -0.32756506280398862 0.033196368252804795 0.18686205595702254
v -0.49566601611267885 0.037128611014753815 0.42432750793873408
v 0.15159753081640834 0.033013870429594291 0.11272772312055573
v -0.55900259088918824 0.033634479916693598 0.024090739172785723
v -0.41488759142144521 0.045206182943613157 0.17168497488063483
v -0.020111212205419608 0.033106504864059645 0.56431435296920507
v -0.43812573133392518 0.046693710910152945 -0.20759979921791666
v 0.027366390908448491 0.07875671109105406 -0.058121343374442372
v -0.00413942018060625 0.069521083916986082 0.29738777623042234
v 0.1140964400861703 0.026330875328547082 0.32479198535710557
v -0.40221048366427486 0.053666077451614044 0.5305893392651535
v -0.11236860298272291 0.070560430445249789 0.22547316499727924
v 0.055664508869876478 0.037762394298671287 -0.17394781307065996
v 0.054165390295918131 0.067320802462790486 0.41996250780626454
v -0.62159784385939498 0.038238661511190847 0.4505890440525912
v -0.053901381463336867 0.0427442033202904 -0.18749378519263676
v -0.16077914644345437 0.060486287726077836 -0.20857670874060974
v -0.048214739872952155 0.02803688217732625 0.56127210090873825
v 0.027008933410301639 0.026722138784162037 0.22444818564436736
v -0.36348379463851577 0.077937519634380087 0.027082594288803542
v 0.15178450800989784 0.02527720142499747 0.39963219033241554
v 0.12322765014838784 0.048830104551327941 0.37785312579151076
v -0.16134754125265061 0.072804510414671883 0.15526473096609819
v -0.04202776804677797 0.071973946548438111 0.15669017794436726
v -0.42001062026119407 0.039579900673077685 -0.061512910288719191
v -0.59953803449247134 0.05684295357145612 -0.024920846359447277
v 0.058330630755515839 0.039127455537548539 0.30465473830135731
v -0.15186250120054395 0.067524386819734258 0.48999232884158223
v -0.43549059680760271 0.037727837907511941 -0.015264319416168157
v 0.28247733831026151 0.022042577177123247 0.19181778452443146
v -0.004639109498279512 0.02423014629340545 0.53612292561721442
v -0.33896663124735288 0.080421542632531831 0.030888325101040278
v -0.6335670781043149 0.099786583011790636 0.27149241810955033
v 0.012134141121278384 0.031492125917516725 0.19680234988516448
v 0.074394222198284662 0.026975804281321843 0.29372130334927016
v -0.74457852472628916 0.059561717470822798 0.18560789544745693
v -0.15877602202391444 0.066718146887277341 0.62181055745645408
v 0.25617779310666733 0.051100538501109037 0.41422407552038915
v -0.56462409167947147 0.032227765349570364 0.23177342655019353
v -0.37217906678533569 0.02958720748893175 0.16272646955104483
v -0.55256484386649229 0.06534169405044743 0.57869862541610828
v -0.19824752822765881 0.055967958631304639 0.63817714071076681
v 0.27419596964179266 0.08460653476388981 0.45771089518490027
v -0.067811821836059299 0.049542881430290918 0.58851778129525445
v 0.22008624060704293 0.03066665906287501 0.45167496994516865
v 0.11344563571130466 0.048900361833354909 -0.17555243529917786
v -0.16336223023998389 0.070679295000959236 0.33466913703155693
v -0.36403065907932497 0.030689961272307706 0.34580953684841753
v -0.090615556594066282 0.075946639820520356 0.45646521606113027
v -0.029654083967039765 0.051601202204208343 0.57611914357431793
v -0.61538699099727223 0.055672132735222972 -0.02022272654339461
v -0.66376959022314808 0.035322857652778782 0.064275199883393183
v -0.56228712802445291 0.034366902829700237 0.34013550883535537
v -0.11649117218180009 0.073868037266853967 0.41537955428542683
v -0.09836433179598579 0.081236614129617954 -0.08128966874937095
v 0.058698335695230315 0.029420431422528009 0.53814370822953772
v 0.22231868670801053 0.0284992158691573 0.42719129087259317
v 0.30610580171532703 0.079999593027569246 0.37842254401289954
v -0.074654128547980148 0.031537398466584141 0.57473835035984155
v -0.57739036613976524 0.03941470644668664 0.550761611814651
v -0.73942358834608957 0.058022936891104139 0.081101975900873716
v 0.41234690025990306 0.078675636302429741 0.31219359243830347
v -0.63787941536086978 0.058473655404174325 -0.012126411794875619
v 0.23780434122838004 0.037743571731012809 0.42460760753732141
v -0.001612316686255419 0.043226241034156475 0.20450640858143854
v -0.66314336305521537 0.042125608560317336 0.43465986227575992
v -0.68246368743273567 0.050860799477480061 0.01224213405253885
v -0.56721546146314106 0.037473881813601298 0.45562387921671221
v 0.13229876508962329 0.038997859872117263 0.37940570289628966
v -0.35673461017339214 0.031785145118900307 0.46277585319000969
v 0.2060850044269476 0.026595268522049621 0.094812443369386323
v -0.02270217814289708 0.065416632881922426 -0.19741971137796291
v 0.10857040103107921 0.029266595602936384 0.13333432111306912
v -0.60282093262786351 0.034177792048772519 0.26129306320221241
v -0.43446211520810746 0.04599435170763478 0.16586104543584196
v 0.32964565773728077 0.026227844237450025 0.15889821373627588
v -0.60134936992083121 0.034542390126827645 0.29462518131707693
v 0.20405721692857345 0.032873250762874749 0.02408725213047231
v -0.089856904311938934 0.069258556978743183 0.25439551990111242
v -0.20782754586850666 0.071851917427103673 0.38401731447232368
v -0.72761566329644767 0.040556854030671739 0.1367509874888691
v -0.18484530799774679 0.069525143981504806 0.30739933362940997
v -0.18874726586219404 0.073683532134390356 0.42095486987554404
v -0.38233322345920012 0.052281269676702408 -0.090540961703856726
v 0.040693605900840688 0.040394407232282444 -0.096392945660080998
v 0.35629848904537303 0.063224637731392794 0.31444120883535481
v 0.12398116966669395 0.035753385790534886 0.35531221988895634
v -0.1158961809277879 0.059611186900565424 0.60489922471303337
v -0.42563923664899811 0.042753567601082128 0.030045944761120356
v -0.72054927773830368 0.042084592302057279 0.055060484173754788
v 0.49190904969211385 0.097760347630026362 0.26065581790634018
v -0.19683455643784167 0.030204219441832658 0.59394897185078688
v -0.35918105111127058 0.037121134772307107 0.28822655165330752
v -0.35609340142049017 0.032465293621562322 0.38623395050685733
v -0.55216798848261051 0.05488414605251403 -0.046050754112953778
v -0.4354730060335737 0.034935358343653619 0.46794978455594344
v -0.69235100812183359 0.084613373454169485 0.23563797888963706
v -0.061053253269776252 0.05972737633947036 -0.19731134639591108
v -0.60913576519934332 0.033943504081708264 0.065209888105666899
v -0.53633165017130335 0.03619919925449535 0.21777340610562002
v -0.20125924959397914 0.034508639053037714 -0.18551183069675053
v -0.40857159178570102 0.036113631231255855 -0.20969048453704456
v -0.47228752396250773 0.055145425267930537 0.55899325503239861
v -0.74680654845288208 0.049922249188254407 0.1241239608859641
v 0.30114250461783365 0.06958456814084614 0.024857930934209026
v -0.47395263285314942 0.032229486897970415 0.36444804364907457
v -0.35871648758786295 0.076134861530306727 -0.2449018511633278
v -0.4296772096637636 0.034056372178916675 0.35839109309831679
v -0.59665914931347908 0.076234963119216362 -0.025570633439077874
v -0.12232837490471658 0.096576753076896005 0.60761530043448952
v 0.32241362025304693 0.078375598921547537 0.021326259765042613
v 0.35777322003520751 0.031034313820653074 0.15195798230861646
v 0.4020874304194747 0.10620378315292828 0.013132960613652231
v -0.46197745395928003 0.04816904319641848 0.2058263094609559
v -0.62376797122818084 0.047006600486624348 -0.012365160104476415
v -0.043265506155098506 0.077859776532335917 -0.083994699474258319
v 0.33046481613826206 0.054836786990365594 0.31064246473564022
v 0.41213758856719657 0.090695718047412721 0.031402149572153794
v -0.74318897302456388 0.092191762815727926 0.17300156974745659
v -0.17154007899354559 0.071951568911987202 0.18306742535923967
v -0.43434109887367628 0.03559290925371085 -0.10150092746606196
v -0.34856321985755401 0.075345041974285418 0.051575639753968248
v -0.083337162163643022 0.08231887752650148 -0.057451419716603697
v -0.51133460853450796 0.036640168544052942 0.3956819744688202
v -0.057907702982722985 0.072623558924797646 0.39970437084546323
v -0.36319138833252262 0.063266766434189617 0.55447636358621255
v -0.059878863756033809 0.066106199732430274 0.46246234770581246
v -0.15157033360484623 0.069777853605779191 0.25878411815537189
v 0.22720303951181842 0.043810841634465969 0.47884390715209191
v -0.49778543372285794 0.040525201519883078 0.54820981472103414
v -0.39336590344562139 0.036501094357565024 -0.12484959483584271
v -0.66223710434135585 0.076996961626503588 0.26267916531212721
v -0.66683792904570727 0.0458242947291213 0.47434788668365074
v -0.35969797255066721 0.036815868396115663 -0.22462704000765038
v -0.63830563215060743 0.066116166822289615 0.29463175704270178
v 0.23553158402658014 0.054957125028975047 0.48104536002028947
v -0.4610343669410672 0.063808476320485433 0.55812455752649059
v -0.51051921248371124 0.033462947823112967 0.02082176456555335
v -0.62782500407463915 0.038555414922497873 0.47608722683724625
v 0.51594218250215584 0.10113913747960683 0.14140786528978161
v -0.059341469343347289 0.080455632961963119 -0.018704776065059672
v -0.1095002052174671 0.070714047847946382 0.34859094112998446
v -0.14874129345206613 0.040981560853397277 -0.19042922018047276
v -0.35903899495419012 0.029239818856948079 0.17301999673733334
v -0.06598583314540829 0.030083710561155837 -0.13903472669419256
v -0.58162167065472747 0.03691719671617192 0.41246107785600777
v -0.66006328629612387 0.041055993285405712 0.39748733825003518
v 0.29292879405799116 0.058354033695533283 0.035836802562773898
v 0.19507473093434738 0.047544683737241154 -0.076850941497247596
v -0.60650103059258997 0.035319122324879923 0.00081084868428801923
v 0.22572598133358837 0.091438559197938404 -0.06438667029663793
v 0.33792741190837761 0.032120946962647397 0.11748672285143731
v -0.45772181767602971 0.033797529762947531 0.054737117603218435
v 0.23986153291209389 0.09129998721009637 -0.027409170525635938
v 0.22009311615353647 0.03210543628018786 0.12606480714000087
v 0.38267129341963851 0.045167576636361978 0.22499298898077669
v -0.45150894600013775 0.054164368344011359 -0.20224811708890994
v 0.25728821708229027 0.045149565287095558 0.38426402291998868
v 0.48974675094530912 0.08711416197514979 0.20683862924027938
v -0.53092900441636859 0.039516999253966768 0.19419671363047936
v 0.35879367961505876 0.083793595482604649 0.021696227824076365
v 0.20781330028366635 0.029072930066693019 0.47261909543127806
v 0.31047918530281782 0.093697894295342463 0.0071639219257969749
v 0.30008490141359456 0.028890673655304566 0.25916800725570355
v -0.6570670718381435 0.094140085065750417 0.50304162453485735
v -0.53083586978473796 0.037134580914193062 0.43091611775706323
v 0.33524458107738764 0.041651779934731327 0.083116578895044799
v -0.66904901814828999 0.071705418991271003 0.0032819764894970963
v -0.47235144551740582 0.035323934762419892 0.39156573265672173
v -0.73457817232416822 0.046995019635969401 0.17797513133675061
v 0.40887777422899235 0.049730537043329331 0.15242925132874285
v -0.67821987487996915 0.065125392130501045 0.47458380798966282
v 0.41724184207319798 0.057994770941982979 0.22587180312356081
v -0.67240348922146742 0.035441023843859207 0.088642758522766651
v -0.68437478820296227 0.049267202663849763 0.24334763213915314
v -0.71388799307111617 0.05142344191698546 0.21243471717922871
v -0.60458373998456638 0.037471427289099003 0.40034265658787599
v -0.49522733969010052 0.031598238404274906 0.12235775680250685
v -0.51574099239201454 0.081398186024113514 0.57341231159926853
v -0.69969055002099811 0.037495117924003347 0.13775708859745023
v 0.33332987763933503 0.042511118256565242 0.27790705511543501
v -0.49504896197494036 0.032082688266382289 0.14560065395738947
v -0.47678981461625347 0.036310555309898317 0.33298406322387231
v 0.31435079841993585 0.031949997650586925 0.099717160236384703
v -0.68597555678753175 0.099761921506749437 0.018764497113430811
v -0.64200891798112669 0.040034014688196222 0.34291110482395298
v 0.2803486999506915 0.039538902037292649 0.063952411518113025
v 0.29293227992669141 0.023897138485278215 0.13872757942607256
v -0.47442693442922712 0.031066466295923165 0.13518622239376643
v -0.56190518662759148 0.031854366751008091 0.20478995516739651
v -0.67477464614814675 0.047200295156113979 0.4468787267958933
v -0.49542222152457821 0.053153379619368307 0.56647453214882459
v -0.72041837045915957 0.061660240070451157 0.038422396854400763
v -0.6385852305028572 0.035668711747479688 0.023004557054781775
v -0.52751714304130781 0.033403540765130302 0.34999325315675905
v 0.45819419595236199 0.072873925646289389 0.1936912774305117
v -0.51267811476744796 0.037320459104230132 0.45645517196078017
v 0.36437974871150847 0.036844693373427169 0.20859722621044549
v -0.4981799119371591 0.060322506684198134 -0.085161206809905576
v -0.48037075019126924 0.037418806276852096 -0.11455772797421636
v 0.27272437583036363 0.022428772458320381 0.22976321887665496
v -0.73492797933356102 0.078127362489565824 0.078545702520223568
v -0.67960967216380275 0.076737329034798976 0.40065108595144933
v 0.30801425048919884 0.039176034042219338 0.2856673595457746
v -0.52970568615773117 0.034377654741897537 0.17236959068500335
v -0.55958248158226065 0.031826709332053581 0.16051717874859095
v -0.55780016609433403 0.036327534124742079 0.51930299786142586
v -0.56862957765046029 0.033570391017101367 0.064306978780226121
v 0.40441138110030778 0.056591759306483913 0.24870050134617694
v -0.68234962951531786 0.058426233574205538 0.44888205260204955
v -0.69929706588553986 0.049539925767507882 0.02283339552519131
v -0.69854787629998061 0.062611160353172754 0.23786619095658459
v 0.42925587071372168 0.061291873857167799 0.1208899219779367
v 0.37868981817733671 0.051764069716851248 0.26627951212113987
v -0.7444688891080069 0.094977057289237804 0.14768794458340326
v -0.72576597926945219 0.074900774425513447 0.050641676740099548
v -0.74671076849307461 0.057893027664158624 0.099434087758415834
v 0.44115191338878945 0.089947653789327994 0.057827352172205825
v 0.27962452828908702 0.078403257241492039 0.43038312932576112
v -0.7442655055323103 0.086039927928700119 0.10091238681202414
v -0.66055416435972936 0.05514507934376147 0.35415613123961887
v -0.72037537970224597 0.04542981946883598 0.19117837492836495
v 0.29060529651703704 0.070719642187567641 0.38577790297520426
v -0.6757789507108064 0.078862198404770975 0.38816494680350838
v -0.72864444296058206 0.042712459327849658 0.16448713018402572
v -0.65903869942810633 0.053288645101707027 0.51239162620495493
v 0.28146467794050439 0.025951659840952799 0.10291519742547947
v 0.45613417571784548 0.085057268934042057 0.077988692507719462
v 0.39148568683720086 0.063745461134764966 0.29279146176065457
v 0.3888681522844189 0.040187834341499258 0.16270997364202824
v 0.31224525792034163 0.05610818819824101 0.32573163641854208
v 0.35128827976583393 0.02803135195526205 0.18109214149595459
v -0.75241145928407627 0.063125527311617052 0.15058160152283284
v 0.45482590538383405 0.078272681901424723 0.2532943255219357
v 0.34278256809283231 0.074538431902874541 0.027802051156656054
v 0.41092090890673427 0.066411889441270675 0.07208961118828347
v 0.28913741753541672 0.097777243344401243 0.44011866262528759
v 0.42272174919437455 0.078237073320019737 0.05678260182831614
v 0.31584559185006744 0.044684931685558121 0.066698853268377656
v 0.3532138791493864 0.038264520995752269 0.23751126460695432
v 0.44979583610607804 0.068780591747917577 0.15594854632792632
v 0.33607838766965464 0.028504704841644433 0.20570340823189473
v 0.32036747171204871 0.083620075964099067 0.36786572016425217
v 0.45385501545414747 0.10492695109984113 0.052561328733671787
v -0.76721898077188877 0.97878681830153591 0.65421849786178654
v -0.93246428662899816 0.97150443991804558 0.51720966929305989
v -0.90383748739419334 0.95913764915400057 0.13428798499201594
v -0.80948411533077935 1.0166883920995571 0.65823006462120459
v -0.95019967235337877 0.97639085424980199 0.25820307078052096
v -0.87474179790525231 0.980398031142107 0.085019148645857856
v -0.77856742732365047 0.9846632596697058 0.030394052379016386
v -0.95186094768402052 0.99977121169010985 0.35674830620683301
v 0.32691410523788972 0.17787432335077102 -0.034130335172506104
v -0.81949783969816303 1.0037463388088745 0.054054182812415495
v 0.28453006954518895 0.11784349384490952 -0.011057563136724697
v -0.91686068866961346 0.89167023301029102 0.18780342732470309
v 0.5591912192576376 0.15853398117551412 0.067057635200509655
v -0.76383032124141514 0.87822401246933934 0.62934448692891898
v -0.89363048376987309 0.99391455669926121 0.59073854201156284
v 0.31177550465570197 0.14696169896022376 0.44206920992636106
v 0.32374956613140893 0.9427500716176157 0.15197416870473079
v -0.91806363580400041 0.86938572322443153 0.27391901594224544
v -0.88239909764874269 0.85838275272025888 0.55342630158147854
v -0.9125914136031118 1.0452524199232163 0.1689938293898858
v 0.6330329606221804 0.40867564960394115 0.18881721194307313
v -0.8056743008563757 1.5028607712939273 -0.34558957005701252
v 0.41284096616684252 0.44404608987670596 0.46006487024259979
v 0.64926748649007315 0.24047151235118042 0.16473023757779287
v -0.87228368829308678 1.1520208194899495 0.54310833851799678
v 0.5101090017218417 0.44602712133765665 0.11444159353708695
v 0.31502210667587521 0.46160116350491748 -0.1746227406129591
v -0.774623813073958 1.2748602962017432 0.071894449004002187
v 0.33428494984221557 0.29469798433005495 -0.13325892636138859
v -0.91309556084526089 1.1509520462088456 0.29461039160411245
v 0.43241002550681179 0.81920010836197499 0.12080594453271902
v -0.80580863457057872 0.6117451816159899 0.4863974654110792
v -0.90964242809471552 0.67766502226277359 0.15850314574859684
v 0.55730153744986122 0.45728191661347084 0.2386470395387055
v -0.34624972494468376 0.033720051982872409 0.38406228943676779
v -0.4441848608373074 0.032968065838126358 0.079663944063144629
v -0.23865789364316176 0.031933393099517544 0.61118043971549429
v -0.33861696385271728 0.083918281311522097 -0.047696339768475565
v -0.23367045427608873 0.033127826435262381 -0.19472407351416945
v 0.17452544307267051 0.025613923516859771 0.031881742281973838
v -0.23518783302023835 0.06846752754596297 -0.1210698977005851
v -0.044703073187912057 0.081316120948881854 -0.052321837175834184
v -0.42415252479179827 0.038165716821871538 0.34117217226376551
v -0.13407488118583946 0.035243431886337967 -0.18249021574473176
v 0.16965044024305653 0.050837853110769687 0.52409362808060445
v -0.3415575347946242 0.038111893706658607 0.41273458241604344
v 0.17615001835320346 0.10821856191521403 0.52795473728587805
v -0.22631933960167835 0.071808071194354617 0.38606463229356774
v 0.48248903430429557 0.08697684857229479 0.23016285862518493
v -0.023548524238263018 0.033286330592889622 -0.16477710270091175
v -0.13187222498808068 0.071890365576395346 0.38723685228760779
v 0.27005810847977596 0.085097892328193175 0.46472209773513823
v 0.066957692700555765 0.065893931328768723 0.0019742982927974328
v 0.27596032976918289 0.044032611756582456 0.3278799137004445
v -0.64667170583128541 0.083257835296074389 0.27217823333478908
v -0.14957714877000852 0.10372911354229042 0.61917437453955815
v -0.2476888956646745 0.081980100803061548 -0.05583725090237477
v -0.55845211573552456 0.033672746408329783 0.041575164726114174
v -0.25714015222107783 0.077095804393672418 0.046827415785839217
v -0.23831236015641616 0.044477150722324527 -0.21732115405684937
v -0.34269318575386359 0.069442153812696597 0.072285887022019574
v -0.2300058246055314 0.070628072014669113 0.35854923924291232
v -0.63956627316538472 0.089349644956711577 0.53471811298749428
v 0.37193039193636201 0.034664945993140982 0.15500754246090032
v 0.37047048328187066 0.045436491311975004 0.10054131708281605
v -0.12873594050579742 0.080981360259763061 -0.024607125697929746
v 0.065152987001577525 0.07158706254880183 -0.052128878454777358
v -0.1322677125621359 0.077165516583969335 0.046692523387200348
v 0.16681501529101928 0.050739235985793975 -0.1415505883827754
v -0.14295206072947816 0.033779907818008138 0.59972991598025993
v 0.064168681054565496 0.060342325015471397 -0.075444967138331667
v -0.024103265909946051 0.081222197995131959 -0.020444743923085474
v -0.033875271752237222 0.038708955384252397 -0.18038661755293189
v -0.55304876845999384 0.032238118022971364 0.20690454897174015
v 0.17906315149759025 0.025167814914636641 0.49131958301734452
v -0.34312559905121193 0.049085523592042782 0.12915037583290012
v -0.24419703050381297 0.082893604997543446 -0.09588785782463348
v -0.24470701600402434 0.076442412392362866 0.088507074587323736
v -0.13451485352421857 0.071135867770365957 0.3497152909961499
v -0.13994326458411777 0.07140312368896426 0.21089319015593849
v -0.13032662923698038 0.086183343895046352 -0.20747183367488989
v 0.47420319562891383 0.079110328937038316 0.16094470247169398
v -0.028423129176465427 0.061042200215101136 0.46016063990336775
v -0.45366409300542337 0.045729871115543087 0.26368471217956269
v -0.14091199420302991 0.073900415935390318 0.13063576799803439
v 0.072404942701880817 0.02181988102178559 0.49371930807514769
v -0.027808396178870039 0.068361014438070702 0.18540633694547087
v -0.33592716268313261 0.031973395278411768 0.49288044852599677
v -0.2417478691675789 0.075245847003662006 0.11847704841605131
v -0.43704573974487032 0.040267308511877389 0.3248802963011802
v 0.37166759325648185 0.039874726389034096 0.21649890169220554
v -0.34052391419394201 0.035729219771226076 0.16242007326088187
v -0.6545485888990914 0.040497447530244549 0.44614995614571429
v -0.025589876985241705 0.068898635260040073 0.27867851675356781
v 0.47345096377883522 0.080849171951681009 0.13019525880429159
v -0.4474792781827423 0.048345895952058612 0.1660405692667454
v 0.16480214619684391 0.032664412715478756 -0.10914673665594768
v -0.34748297717214299 0.081798305401851956 0.0066571688276363204
v -0.54492320664410965 0.034695991666697332 0.22288184259864741
v -0.4364054973439816 0.038273697230116484 0.026247075742589703
v 0.066571882995579729 0.033565048992205665 0.3037737969995396
v -0.24392893745036273 0.075637182936475159 0.43660746371376269
v -0.24390040484844078 0.082893644083202211 -0.22890486974920754
v 0.27551773881902336 0.043662529417961914 0.054828975223560165
v 0.17895103323738712 0.09389340056867275 -0.16613498735073554
v -0.44258296409357578 0.035599938557800595 -0.087153867556128209
v 0.075939602832744604 0.032707038997640762 0.45452315783352309
v -0.23232708497787308 0.069652149383274936 0.31072736182796518
v 0.17596481027340155 0.036032968766688295 0.094675566280954873
v 0.35694401186190466 0.089160352936743376 0.017368262856790235
v 0.26518595655672528 0.059247628295533837 0.42078293125991928
v -0.039295244742820742 0.069997538026569925 0.31186300697527608
v -0.2377827319883338 0.074756281308567984 0.46874002048702174
v -0.034910292060858675 0.033132267652103017 0.49861302784235739
v 0.065401884790418183 0.034223828213996554 -0.16615577111775046
v -0.23608482553904606 0.070570673149513152 0.2005099326448877
v 0.072345839110408774 0.082619990390056491 0.54443984115450572
v -0.24180135727924695 0.072110624419373798 0.17475597744206636
v -0.55333952556524424 0.031576637961437191 0.32187190672169463
v -0.65528179163986611 0.09402988664980122 0.25760608283546754
v 0.16508019376160776 0.023698413349534177 0.31305223790090281
v -0.1505694896681152 0.078852974284026697 0.01938572601911985
v -0.65192804619760714 0.047162894683863255 0.51590537732096853
v -0.5394463338872395 0.036774943383941598 0.53789951977738293
v -0.2340256221630489 0.07952468882409397 0.64264018716393123
v -0.34699434629621284 0.082613102183294818 -0.02156000283443224
v -0.6442108819792447 0.083032383341541768 -0.0032591222111981993
v -0.45339810869279434 0.030384489362624532 0.12807918261031542
v 0.17143132368485758 0.0337345892100867 0.15627246027028505
v -0.64948574979621843 0.041992826293876018 0.49334480902297267
v -0.14203801358922877 0.075151374672698737 0.09845395519743011
v -0.031505820644906715 0.025735194913001799 0.51587343676681141
v -0.1361622223377911 0.027484632109466989 0.54959495762907284
v 0.16677926798035139 0.07481810158513863 -0.15942318299553179
v 0.36429304275234359 0.072584679670247024 0.034340132637893026
v 0.15049989619573845 0.087432098594857829 -0.17522476418748856
v 0.071116105336832686 0.024432150211385926 0.17535878203841421
v -0.64859521290675537 0.091500844396259245 0.34673113163772612
v 0.37442515991441522 0.062897706081254015 0.30369988532881015
v -0.64601623245901996 0.071852601748863459 0.33370374395074787
v -0.55483916712738257 0.036844435413016817 0.48097803292617608
v -0.55413685015797509 0.032447560489629476 0.27316259118794195
v -0.41604142651094611 0.080448513742100922 0.5361541042626663
v -0.33970289472931547 0.030530565134436558 0.3409537560160793
v -0.55829992594279998 0.096087581439637415 0.57937423647781616
v 0.2704385746344885 0.071718860781006769 0.44386823720483404
v -0.55223916423421149 0.084369487412565239 -0.039186899498920381
v -0.44740418522277775 0.036119486045676184 0.44626068498479782
v 0.26914695456237731 0.022899113504933791 0.23707249171765324
v 0.26109660800731455 0.10621414400954154 -0.017862319062593203
v 0.36867057099143752 0.032858787435565438 0.18461002975641755
v -0.033431025631156831 0.07285410750997369 0.39616707223794029
v 0.079767638786052086 0.090980965470523839 -0.18541427801995103
v -0.3365938802183478 0.084959655873104195 0.59029043604000797
v 0.059505635227608149 0.052257356269436804 0.028025274245199381
v -0.030019160194864523 0.070867412919616096 0.36570668812775553
v -0.1396898679774935 0.039167748400871998 -0.12806846417425183
v 0.072234722656879399 0.064992307723662684 -0.1874387849418814
v 0.16894517314625049 0.029493495872785054 0.25527547405743634
v 0.48259370380556305 0.098933483143336207 0.282574222969599
v -0.55330787435435314 0.032512652612032629 0.1316842934965112
v -0.63149739474270472 0.034319744546580239 0.092216964454069975
v -0.35423873273849582 0.030638686148352717 0.3547145728669483
v 0.067577423942796117 0.027739681325168995 -0.12093282597808573
v -0.3436776149054534 0.078585440266546791 -0.095193106515008272
v -0.25184235186390569 0.091682750502364324 0.64174544241426867
v -0.44957142197651945 0.035527467537083295 -0.15857696990365844
v -0.64859203831366552 0.039271283699962765 0.41555830640668034
v 0.066288242777371859 0.055102145991075921 0.32692206068845642
v -0.44865241495283098 0.035112827252094241 -0.0028363445196943489
v 0.059357933814873393 0.076487826074880486 -0.028755655762537715
v -0.038356940751506953 0.069562188620859222 0.20367134536736714
v 0.057975764308564076 0.023230751555398443 0.2511176601348043
v -0.22763926269002624 0.069488363191782837 0.28420244577012849
v 0.049057121775706231 0.073772305732405813 0.38853024088586002
v -0.34197708646864572 0.046243555915987951 0.57343503510383276
v -0.041450928842278204 0.030813984122931008 -0.1312826244437712
v -0.036915948660727539 0.076640228032824692 0.066998984711957477
v -0.33571249793363139 0.076214147855200684 0.061566275510968702
v -0.43609218015278439 0.048150613772457829 0.24840221419927661
v -0.13020161735631341 0.049264264242792233 0.60915983946286256
v 0.27292186157566684 0.060974321546689636 0.027864887161231585
v -0.45041999409035788 0.037090498801983403 0.52198006849740897
v 0.26834534413033106 0.022864374790903856 0.17934250539969224
v -0.54750999416951385 0.037400019478142511 0.43594639750310893
v 0.38409273674615735 0.049110990651937657 0.24599462105829825
v 0.46819736776206206 0.077150726064472888 0.19811232579940424
v -0.24388007921070001 0.072564897960213842 0.39241233632830802
v -0.42930387525112174 0.036447353171303626 -0.06286634570642062
v -0.34192473507662119 0.035091439451274291 0.54825593757295699
v -0.14535428444206183 0.082576325273994972 -0.080351929254869531
v -0.54136439400795988 0.036661870937021633 0.40588689372674985
v -0.032121083104930136 0.072777354808520586 0.12962497467249498
v 0.27291258247068223 0.026641771920237294 0.090772004455224584
v -0.14785012118104554 0.073285320416943037 -0.20822839935808082
v 0.26922799310684303 0.10472709282714807 0.47889956948613327
v -0.34751633093823286 0.030820461338783415 0.29251297944804039
v -0.34736331020510092 0.040923109380805116 -0.13714555312589524
v -0.23667082626783634 0.061461665749217353 0.64427050563679666
v -0.033866657198403947 0.079011043255512448 0.029338950970719195
v -0.34251615546273062 0.033691080625512473 -0.19419191408820424
v -0.031128416840827091 0.069961560836716702 0.16797432562930012
v 0.34477193003318779 0.038928905732746155 0.25406748688416353
v -0.3391108295374427 0.034224227115441923 0.3714312642131794
v -0.23459503112404426 0.076332607981072456 0.061579427897886077
v 0.058022667786132805 0.025336521506583026 0.12717213056063617
v -0.43839780934755701 0.03468116378231445 0.39091208183049719
v 0.072440561988725491 0.024550189878265346 0.074246932435689333
v -0.55731000492861571 0.077294604542540432 0.5807686397594497
v -0.24913959445216646 0.031573714217177605 -0.19109130437767516
v -0.23612068665117558 0.030985911956600706 -0.16605397153602255
v 0.36805675032005308 0.086458701982526295 0.34027713287000344
v -0.45188224020428047 0.092379102938509025 -0.18862544258209885
v -0.026099440156985645 0.079456413160880202 0.014093272826852314
v -0.24129945160092223 0.031603601647595181 0.57596503764800044
v -0.23049713773823086 0.048953038503039455 0.51623122635767271
v -0.032235488741996617 0.060793270288879486 -0.09654521771783868
v 0.2710515930672554 0.088981355740149481 0.00040161395039282205
v 0.15738039507595364 0.027642336914416515 -0.016833314307865454
v -0.34294674674085712 0.035995447795638312 0.44730437615483443
v -0.12923381726583266 0.069758271371600539 0.30904304954086304
v 0.15981669093739148 0.024610332776048544 0.38233693282043241
v -0.64227754824802086 0.035565582545819957 0.15351000179887628
v -0.23606201126778309 0.032923219953001077 -0.15115292105069053
v 0.28177027538396393 0.029175111101708614 0.27967534918484871
v -0.11879060233222957 0.035677305603947641 0.52517425716100763
v -0.032708764179421757 0.025513286764680995 0.54753086559495645
v -0.3456019919126761 0.02829221229754042 0.21119249481567909
v -0.13083399799622733 0.032164467994205664 -0.14381885947738729
v -0.64435330120684264 0.037639735143226279 0.24940674321684417
v 0.3654374783201475 0.053773924410779682 0.28600479109177807
v 0.054230584956488179 0.058858071285728279 0.43158024097773284
v 0.28728657580461631 0.026729343138538714 0.25919744447647769
v 0.28041810560031916 0.02280879608815015 0.20200342969257171
v -0.340330513338095 0.029061353584411153 0.27108330897848837
v -0.44344402727064142 0.050218789918448838 -0.20664851385224672
v -0.65784344804903416 0.035646405135357627 0.05108547415320315
v 0.36888030139069605 0.070939473798105154 0.32248995475905839
v -0.14093711718643007 0.028008815702265034 0.57540041241155626
v -0.33554141868342879 0.073053623170807352 -0.1062830096952524
v -0.34696044215247712 0.088408774397592996 0.5704835195914183
v -0.24325769689089835 0.078572901068570289 0.010568438471301485
v -0.55248365871415395 0.034416729939751894 -0.01214393870136481
v -0.12938375184523737 0.069439632974420629 0.48142902123901105
v -0.2410756165096086 0.070405082091760565 0.24423048939810482
v 0.15861869864898201 0.051461222691660181 -0.15192374493348501
v -0.24468228101716952 0.033416882371858164 0.54524443523663024
v 0.17323800998398486 0.030554761638717412 -0.059706519657002126
v -0.25092044406778402 0.058355061440778004 0.49152790877219027
v 0.074352588543466339 0.022106286409416195 0.22884729394073802
v -0.34210782065654821 0.033970078938994529 -0.15797577445930377
v 0.067428770154070922 0.042249054535922752 -0.17848858210319377
v -0.45284094166240524 0.034787740827497755 -0.042598629909278471
v -0.35155255093429516 0.055615299342811418 -0.11369609504286737
v 0.38195789884862869 0.064472840065652501 0.053263594174690412
v -0.34471844624002401 0.044584713079603482 -0.2412855559281511
v 0.06798006172592308 0.025339094810004924 0.52671094031232435
v -0.33849229889385413 0.028096483704403954 0.23444666105941084
v -0.13151785526633475 0.074650619332725959 0.07866428588334029
v 0.46769043581244907 0.09139075698840865 0.078893460853568298
v 0.15648998436884859 0.021448701730765705 0.45966337636331889
v -0.44822370007812135 0.036161353110702184 0.43275848699579778
v -0.54655076371664335 0.035546437260177845 0.36351538843319242
v -0.13585006448406692 0.080120171699250314 -0.0033815114180730408
v -0.13800307512553922 0.069918448142798711 0.25126373011986552
v 0.15752459808578503 0.022261272419549085 0.42603438856166409
v -0.64982170780862691 0.046680027108276942 0.27709228308119377
v -0.14474228083649063 0.074803290901046468 0.43883732371328016
v -0.55226237553833391 0.066832558015254673 -0.046176661229004219
v -0.045823154164248384 0.069405157120531025 0.25261752462520504
v -0.13750913893205002 0.05401503198074372 -0.20212705277198997
v -0.42767291891869885 0.034675271953392366 0.49961530819008521
v 0.17757182937128019 0.033900976742479168 0.18699716236729336
v 0.06310567172336029 0.073309058211394981 0.40566965134127914
v -0.34342134417764708 0.08394680485443605 -0.067193133385868728
v -0.14316211118969618 0.069356077295747678 0.30098843999579816
v 0.069386859942680165 0.035973842531345092 -0.09104405704353169
v -0.53743714538314102 0.035536133587962093 0.24919530308934112
v 0.16565658278345524 0.038305246572369889 -0.12500739640110414
v -0.015153448145785698 0.07475800432335733 -0.19896230901132661
v 0.16273174816008459 0.022946006062384075 0.066502175222622403
v -0.14239783309425072 0.072432872433866688 0.16420890554981529
v 0.26362540861469436 0.021732789170932021 0.1374878071358962
v -0.5580249058747816 0.033315493955611605 0.10256505693436951
v -0.3469943469156701 0.032203929912944323 0.47484935394333866
v 0.066271811878055656 0.025836196143347343 0.11336073167076829
v -0.6600597200066679 0.037946350048074826 0.22085892770757917
v -0.54534805627153149 0.032229528740651353 0.16770878674105449
v -0.039632278250313881 0.063392502428723671 -0.19780213151925008
v -0.41686864663858741 0.033966082011780772 0.41713370918236059
v -0.16098316090843515 0.074504683461203994 0.1062472784579515
v -0.1492524282304051 0.072554314615051269 0.39938787856216934
v -0.63480391131627578 0.090781694229057908 0.32670908546696675
f 1 1337 6110
f 1 1338 1337
f 1 6110 1338
f 2 3 1306
f 2 1288 6773
f 2 1289 1288
f 2 1290 1289
f 2 1306 1290
f 2 5057 3
f 2 6773 5057
f 3 4 5
f 3 5 1307
f 3 1307 1306
f 3 5057 4
f 4 4033 6223
f 4 5057 6110
f 4 6110 4033
f 4 6223 5
f 5 1308 1307
f 5 5234 1308
f 5 6223 5234
f 6 7 1314
f 6 1310 3289
f 6 1314 1310
f 6 3289 5502
f 6 5502 6054
f 6 6054 7
f 7 4168 1314
f 7 6054 4168
f 8 9 1340
f 8 1305 3131
f 8 1340 1342
f 8 1342 1305
f 8 3131 4809
f 8 4809 9
f 9 1341 1340
f 9 1370 1341
f 9 3798 1370
f 9 4809 3798
f 10 1370 3798
f 10 1398 1370
f 10 1399 1398
f 10 3798 3864
f 10 3864 4280
f 10 4280 6627
f 10 6627 1399
f 11 12 1400
f 11 1400 4674
f 11 4079 5374
f 11 4674 4079
f 11 5374 12
f 12 13 1607
f 12 1401 1400
f 12 1607 1401
f 12 5374 13
f 13 4700 1607
f 13 5374 6683
f 13 6683 4700
f 14 15 6363
f 14 1607 4700
f 14 4700 15
f 14 5370 1607
f 14 6363 5370
f 15 16 6363
f 15 4622 16
f 15 4700 7181
f 15 7181 4622
f 16 4347 6809
f 16 4622 4347
f 16 6809 6363
f 17 18 1603
f 17 1603 1604
f 17 1604 5888
f 17 5888 6809
f 17 6809 6954
f 17 6954 18
f 18 19 3451
f 18 3451 1603
f 18 6954 19
f 19 20 3451
f 19 6408 20
f 19 6954 6408
f 20 1609 3601
f 20 3601 7139
f 20 6408 6430
f 20 6430 1609
f 20 7139 3451
f 21 5898 6510
f 21 6408 5898
f 21 6430 6408
f 21 6510 6430
f 22 23 1611
f 22 1609 6430
f 22 1611 4402
f 22 4402 1609
f 22 6430 6510
f 22 6510 23
f 23 24 1611
f 23 3439 24
f 23 6510 3439
f 24 25 26
f 24 26 1611
f 24 3439 25
f 25 27 26
f 25 1254 27
f 25 1255 6282
f 25 3439 1255
f 25 6282 1254
f 26 27 6329
f 26 4402 1611
f 26 6329 4402
f 27 1254 6811
f 27 6811 6329
f 28 29 1649
f 28 1610 6329
f 28 1649 1610
f 28 4731 29
f 28 6329 6811
f 28 6811 4731
f 29 30 31
f 29 31 1651
f 29 1651 1649
f 29 4731 30
f 30 32 31
f 30 4731 32
f 31 32 33
f 31 33 1663
f 31 1663 1651
f 32 34 33
f 32 1248 34
f 32 4731 7087
f 32 7087 1248
f 33 34 35
f 33 35 6187
f 33 6187 1663
f 34 1248 5574
f 34 4503 35
f 34 4599 4503
f 34 5574 4599
f 35 4503 4671
f 35 4671 7127
f 35 7127 6187
f 36 37 179
f 36 178 1660
f 36 179 178
f 36 1660 5846
f 36 5846 6636
f 36 6636 37
f 37 38 39
f 37 39 1150
f 37 1150 179
f 37 6636 38
f 38 1186 4660
f 38 1187 1186
f 38 4660 39
f 38 6636 1187
f 39 40 1150
f 39 4660 40
f 40 41 42
f 40 42 1731
f 40 1151 1150
f 40 1731 1151
f 40 4660 41
f 41 43 42
f 41 1185 6227
f 41 4660 6228
f 41 6227 43
f 41 6228 1185
f 42 43 44
f 42 44 1729
f 42 1729 1731
f 43 45 44
f 43 6227 45
f 44 45 6431
f 44 6431 1729
f 45 46 6431
f 45 1183 46
f 45 1184 1183
f 45 6227 1184
f 46 1183 4113
f 46 4113 6431
f 47 48 49
f 47 49 90
f 47 90 3130
f 47 91 5601
f 47 3130 91
f 47 4789 48
f 47 5601 4789
f 48 50 49
f 48 1612 50
f 48 1613 1612
f 48 4789 1613
f 49 50 51
f 49 51 89
f 49 89 90
f 50 52 51
f 50 1195 52
f 50 1612 1195
f 51 52 53
f 51 53 6493
f 51 6493 89
f 52 1195 5239
f 52 5239 7156
f 52 7156 53
f 53 7156 6493
f 54 3283 6217
f 54 3787 7156
f 54 4582 7044
f 54 6217 3787
f 54 7044 3283
f 54 7156 4582
f 55 3116 6185
f 55 4306 4330
f 55 4330 3116
f 55 4743 4306
f 55 6185 4743
f 56 1192 6056
f 56 3789 4743
f 56 4743 1192
f 56 6056 3789
f 57 3789 6056
f 57 4306 3789
f 57 4559 4306
f 57 5304 4559
f 57 6056 5304
f 58 59 5057
f 58 60 59
f 58 5057 6773
f 58 6110 60
f 58 6773 6110
f 59 60 6110
f 59 1339 5057
f 59 6110 1339
f 61 3131 4168
f 61 4168 6054
f 61 4809 3131
f 61 6054 7013
f 61 7013 4809
f 62 63 4625
f 62 3931 63
f 62 4625 4666
f 62 4666 3931
f 63 94 4625
f 63 3931 5601
f 63 5601 94
f 64 65 4510
f 64 1167 4625
f 64 4510 1167
f 64 4625 6503
f 64 6503 65
f 65 66 6450
f 65 6371 66
f 65 6450 4510
f 65 6503 6371
f 66 67 1172
f 66 1172 6450
f 66 6371 67
f 67 68 4467
f 67 1177 1172
f 67 1858 1177
f 67 4467 1858
f 67 6371 68
f 68 3284 6264
f 68 6264 4467
f 68 6371 3284
f 69 1852 1853
f 69 1853 4893
f 69 4893 6551
f 69 6551 1852
f 70 71 6367
f 70 1855 4464
f 70 4464 4943
f 70 4893 1855
f 70 4943 71
f 70 6367 4893
f 71 72 6367
f 71 73 72
f 71 4943 73
f 72 73 74
f 72 74 3881
f 72 3881 6950
f 72 4512 6367
f 72 6950 4512
f 73 4629 6744
f 73 4943 4629
f 73 6744 74
f 74 75 6535
f 74 6535 3881
f 74 6744 75
f 75 152 6535
f 75 4078 152
f 75 6744 4078
f 76 137 4249
f 76 188 137
f 76 3766 4737
f 76 4249 3766
f 76 4737 188
f 77 3444 6441
f 77 4339 3444
f 77 5606 4339
f 77 6441 5606
f 78 79 6342
f 78 1852 4803
f 78 1854 1852
f 78 3082 3957
f 78 3957 1854
f 78 4803 79
f 78 6342 3082
f 79 80 6611
f 79 4803 80
f 79 6611 6342
f 80 81 6611
f 80 4803 81
f 81 82 6815
f 81 4803 82
f 81 6815 6611
f 82 4542 6815
f 82 4803 6517
f 82 6338 4542
f 82 6517 6338
f 83 84 85
f 83 85 6286
f 83 4270 6815
f 83 4542 84
f 83 6286 4270
f 83 6815 4542
f 84 86 85
f 84 1851 4776
f 84 1963 1851
f 84 4542 1963
f 84 4776 86
f 85 86 87
f 85 87 6286
f 86 4776 6462
f 86 6462 87
f 87 88 96
f 87 96 3704
f 87 3704 6286
f 87 6462 88
f 88 95 96
f 88 3495 95
f 88 6462 3495
f 89 6493 90
f 90 1680 3130
f 90 6493 1680
f 91 92 3100
f 91 3100 5601
f 91 3130 92
f 92 93 3100
f 92 1735 93
f 92 3130 7007
f 92 7007 1735
f 93 1735 1736
f 93 1736 3201
f 93 3201 3100
f 94 3100 6503
f 94 5601 3100
f 94 6503 4625
f 95 3495 4009
f 95 4009 6356
f 95 6356 96
f 96 192 3704
f 96 6356 192
f 97 3507 4270
f 97 3621 4007
f 97 4007 3507
f 97 4270 6286
f 97 6286 3621
f 98 99 100
f 98 100 185
f 98 185 3760
f 98 3760 6504
f 98 6504 99
f 99 101 100
f 99 3359 6585
f 99 6504 3359
f 99 6585 101
f 100 101 102
f 100 102 186
f 100 186 185
f 101 103 102
f 101 6585 103
f 102 103 104
f 102 104 190
f 102 190 186
f 103 6585 6820
f 103 6820 104
f 104 105 1924
f 104 1924 6536
f 104 6536 190
f 104 6820 105
f 105 106 107
f 105 107 4572
f 105 1925 1924
f 105 1928 1925
f 105 4572 1928
f 105 6820 106
f 106 108 107
f 106 5627 6047
f 106 6047 108
f 106 6820 5627
f 107 108 7060
f 107 7060 4572
f 108 6020 6921
f 108 6047 6020
f 108 6921 7060
f 109 110 4232
f 109 4232 6910
f 109 6093 7170
f 109 6910 6093
f 109 7170 110
f 110 6894 4232
f 110 7170 6894
f 111 3918 6428
f 111 4531 6902
f 111 6428 4531
f 111 6902 3918
f 112 113 6818
f 112 3755 113
f 112 6347 3755
f 112 6818 6347
f 113 1949 6818
f 113 3755 4981
f 113 4981 1949
f 114 115 4122
f 114 116 115
f 114 772 7094
f 114 4122 4882
f 114 4882 772
f 114 7094 116
f 115 116 117
f 115 117 7193
f 115 7193 4122
f 116 118 117
f 116 773 774
f 116 774 118
f 116 7094 773
f 117 118 119
f 117 119 1956
f 117 1956 7193
f 118 120 119
f 118 774 776
f 118 776 120
f 119 120 121
f 119 121 1956
f 120 122 121
f 120 776 781
f 120 781 122
f 121 122 123
f 121 123 1954
f 121 1954 1957
f 121 1957 1956
f 122 781 6600
f 122 6600 123
f 123 1953 1954
f 123 6600 6821
f 123 6821 1953
f 124 125 3465
f 124 126 125
f 124 2122 6737
f 124 3465 3729
f 124 3729 4481
f 124 4481 2122
f 124 6737 126
f 125 126 127
f 125 127 1953
f 125 1953 6821
f 125 6821 3465
f 126 128 127
f 126 2121 2133
f 126 2133 128
f 126 6737 2121
f 127 128 129
f 127 129 1951
f 127 1951 1952
f 127 1952 1953
f 128 130 129
f 128 2133 130
f 129 130 3672
f 129 3672 6610
f 129 6610 1951
f 130 2120 6496
f 130 2133 2120
f 130 6496 3672
f 131 132 6610
f 131 133 132
f 131 2129 2132
f 131 2132 133
f 131 3672 2129
f 131 6610 3672
f 132 133 134
f 132 134 7104
f 132 7104 6610
f 133 140 3236
f 133 2132 140
f 133 3236 5342
f 133 5342 134
f 134 3276 5603
f 134 5342 6853
f 134 5603 7104
f 134 6853 3276
f 135 136 137
f 135 137 189
f 135 189 6564
f 135 6243 136
f 135 6564 6243
f 136 138 6423
f 136 4249 137
f 136 6243 138
f 136 6423 4249
f 137 188 4207
f 137 4207 189
f 138 4244 6423
f 138 6243 4244
f 139 141 4244
f 139 2131 141
f 139 3878 4794
f 139 4244 6243
f 139 4794 2131
f 139 6243 3878
f 140 2130 4794
f 140 2132 3179
f 140 3179 2130
f 140 4794 3236
f 141 142 4078
f 141 2131 5379
f 141 4078 4244
f 141 5379 142
f 142 152 4078
f 142 180 152
f 142 3942 180
f 142 5379 3942
f 143 144 6468
f 143 2120 144
f 143 3707 3942
f 143 3942 6496
f 143 6468 3707
f 143 6496 2120
f 144 145 6468
f 144 2120 2121
f 144 2121 145
f 145 146 6468
f 145 147 146
f 145 2121 6737
f 145 6737 147
f 146 147 148
f 146 148 6325
f 146 182 6468
f 146 6325 182
f 147 149 148
f 147 2123 2128
f 147 2128 149
f 147 6737 2123
f 148 149 150
f 148 150 6325
f 149 2127 7019
f 149 2128 2127
f 149 7019 150
f 150 803 809
f 150 809 6325
f 150 7019 803
f 151 794 7019
f 151 3099 4128
f 151 4128 6669
f 151 6669 794
f 151 7019 3099
f 152 180 6535
f 153 3852 4584
f 153 4584 5604
f 153 5604 6442
f 153 6442 3852
f 154 155 1165
f 154 1165 4742
f 154 3827 4390
f 154 4390 155
f 154 4742 3827
f 155 156 6293
f 155 1162 1165
f 155 4390 156
f 155 6293 1162
f 156 184 1965
f 156 1759 6293
f 156 1965 1759
f 156 4390 184
f 157 158 4486
f 157 1161 1162
f 157 1162 6293
f 157 4486 1161
f 157 6293 158
f 158 1759 4597
f 158 4597 5210
f 158 5210 4486
f 158 6293 1759
f 159 160 161
f 159 161 3806
f 159 3806 4486
f 159 4486 5210
f 159 5210 160
f 160 162 161
f 160 1758 162
f 160 3415 1758
f 160 5210 3415
f 161 162 163
f 161 163 1135
f 161 1134 3806
f 161 1135 1134
f 162 164 163
f 162 1758 6963
f 162 6963 164
f 163 164 165
f 163 165 7081
f 163 7081 1135
f 164 166 165
f 164 1757 166
f 164 6963 1757
f 165 166 167
f 165 167 7081
f 166 168 167
f 166 1719 168
f 166 1721 1719
f 166 1757 1721
f 167 168 169
f 167 169 7081
f 168 170 169
f 168 1719 1743
f 168 1743 170
f 169 170 4703
f 169 4421 7081
f 169 4703 4421
f 170 1743 6467
f 170 3544 4703
f 170 6467 3544
f 171 172 1143
f 171 1136 4421
f 171 1143 1136
f 171 3938 6674
f 171 4421 3938
f 171 6674 172
f 172 173 6370
f 172 6370 1143
f 172 6674 173
f 173 174 6370
f 173 1659 174
f 173 6674 1659
f 174 175 6370
f 174 176 175
f 174 1658 1662
f 174 1659 1658
f 174 1662 176
f 175 176 177
f 175 177 4587
f 175 4587 6370
f 176 1662 3967
f 176 3967 177
f 177 1148 4587
f 177 3967 1148
f 178 179 3967
f 178 1661 1660
f 178 1662 1661
f 178 3967 1662
f 179 1149 3967
f 179 1150 1149
f 180 3707 6535
f 180 3942 3707
f 181 182 4598
f 181 3707 6468
f 181 4598 4697
f 181 4697 3707
f 181 6468 182
f 182 183 4598
f 182 6325 183
f 183 808 4598
f 183 6325 808
f 184 4390 6442
f 184 4562 1965
f 184 6442 4562
f 185 186 6441
f 185 6441 3760
f 186 190 6441
f 187 190 6536
f 187 3766 5606
f 187 4737 3766
f 187 5606 6441
f 187 6441 190
f 187 6536 4737
f 188 191 1926
f 188 1926 4207
f 188 4737 191
f 189 4207 7092
f 189 7092 6564
f 191 1924 1925
f 191 1925 6577
f 191 4737 6536
f 191 6536 1924
f 191 6577 1926
f 192 194 3704
f 192 4330 194
f 192 6356 4330
f 193 3359 6817
f 193 3517 5501
f 193 5501 5627
f 193 5627 6585
f 193 6585 3359
f 193 6817 3517
f 194 4306 4559
f 194 4330 4306
f 194 4498 3704
f 194 4559 4498
f 195 196 4685
f 195 4685 6654
f 195 6654 196
f 196 365 6494
f 196 6494 4685
f 196 6654 365
f 197 198 199
f 197 199 6485
f 197 2022 4132
f 197 3960 198
f 197 4132 4528
f 197 4528 3960
f 197 6485 2022
f 198 200 199
f 198 365 200
f 198 3960 6494
f 198 6494 365
f 199 200 201
f 199 201 2018
f 199 2018 6485
f 200 202 201
f 200 365 202
f 201 202 203
f 201 203 2018
f 202 204 203
f 202 365 6654
f 202 6654 6851
f 202 6851 204
f 203 204 205
f 203 205 2018
f 204 206 205
f 204 643 206
f 204 6851 643
f 205 206 207
f 205 207 2019
f 205 2019 2018
f 206 643 6834
f 206 1539 3520
f 206 3520 207
f 206 6834 1539
f 207 208 2024
f 207 2024 2019
f 207 3520 208
f 208 209 210
f 208 210 282
f 208 282 6877
f 208 3520 6733
f 208 6733 209
f 208 6877 2024
f 209 6733 210
f 210 211 212
f 210 212 2088
f 210 2088 282
f 210 6733 211
f 211 213 212
f 211 1538 1969
f 211 1969 213
f 211 6733 1538
f 212 213 214
f 212 214 4484
f 212 2048 2088
f 212 4484 2048
f 213 215 214
f 213 1969 215
f 214 215 4410
f 214 4087 4484
f 214 4410 4087
f 215 216 4410
f 215 1967 216
f 215 1969 1967
f 216 217 4410
f 216 1966 217
f 216 1967 1966
f 217 1533 6344
f 217 1966 1533
f 217 6344 6860
f 217 6860 4410
f 218 1869 4147
f 218 3935 1869
f 218 4147 4303
f 218 4303 6620
f 218 6620 3935
f 219 254 255
f 219 255 4303
f 219 4303 4607
f 219 4607 6339
f 219 6339 254
f 220 221 6946
f 220 4221 221
f 220 5847 6819
f 220 6819 4221
f 220 6946 5847
f 221 222 6946
f 221 4221 4854
f 221 4370 222
f 221 4854 4370
f 222 223 6946
f 222 4370 223
f 223 224 6946
f 223 225 224
f 223 1804 225
f 223 4370 1804
f 224 225 226
f 224 226 3832
f 224 3832 6946
f 225 227 226
f 225 1793 1794
f 225 1794 227
f 225 1804 1793
f 226 227 5237
f 226 3091 3832
f 226 5237 3091
f 227 1794 4458
f 227 4458 5237
f 228 229 6521
f 228 2147 5237
f 228 4458 229
f 228 5237 4458
f 228 6521 2147
f 229 3767 6521
f 229 4206 3767
f 229 4458 4206
f 230 231 4166
f 230 901 6706
f 230 3481 4800
f 230 4166 3481
f 230 4800 901
f 230 6706 231
f 231 232 6572
f 231 2145 4166
f 231 6572 2145
f 231 6706 232
f 232 233 234
f 232 234 2144
f 232 2144 6572
f 232 6706 233
f 233 235 234
f 233 2355 235
f 233 6706 2355
f 234 235 236
f 234 236 2144
f 235 237 236
f 235 2347 237
f 235 2354 2347
f 235 2355 2354
f 236 237 238
f 236 238 6671
f 236 2158 4606
f 236 4606 2144
f 236 6671 2158
f 237 239 238
f 237 2347 239
f 238 239 240
f 238 240 6671
f 239 241 240
f 239 2347 6251
f 239 6251 241
f 240 241 3112
f 240 2155 6671
f 240 2159 2155
f 240 3112 2159
f 241 4212 3112
f 241 6251 4212
f 242 243 4954
f 242 3961 6766
f 242 4954 6826
f 242 6766 243
f 242 6826 3961
f 243 244 4954
f 243 2047 244
f 243 6766 2047
f 244 245 4954
f 244 2047 6984
f 244 6984 245
f 245 246 4954
f 245 247 246
f 245 4247 247
f 245 6856 4247
f 245 6984 6856
f 246 247 248
f 246 248 2364
f 246 2364 4954
f 247 4247 5062
f 247 5062 6872
f 247 6872 7198
f 247 7198 248
f 248 6871 2364
f 248 7198 6871
f 249 250 6871
f 249 251 250
f 249 6871 7198
f 249 7198 251
f 250 251 252
f 250 252 260
f 250 258 6871
f 250 259 258
f 250 260 259
f 251 2199 3301
f 251 3301 252
f 251 7198 2199
f 252 3301 6419
f 252 6419 260
f 253 254 6339
f 253 3416 4426
f 253 4426 6327
f 253 6327 254
f 253 6339 3416
f 254 6327 255
f 255 6327 4303
f 256 4307 5232
f 256 4335 4307
f 256 5232 6416
f 256 6416 4335
f 257 258 259
f 257 259 276
f 257 275 4335
f 257 276 275
f 257 4335 6416
f 257 6416 258
f 258 2363 6871
f 258 6416 2363
f 259 260 2201
f 259 2201 276
f 260 2200 2201
f 260 6419 2200
f 261 262 4564
f 261 4564 6741
f 261 6741 7006
f 261 7006 262
f 262 265 266
f 262 266 6388
f 262 4500 265
f 262 6388 4564
f 262 7006 4500
f 263 264 4564
f 263 281 4878
f 263 4564 6388
f 263 4878 264
f 263 6388 281
f 264 2148 2149
f 264 2149 2157
f 264 2157 4564
f 264 4878 2148
f 265 267 266
f 265 280 267
f 265 4500 280
f 266 267 268
f 266 268 270
f 266 270 6388
f 267 269 268
f 267 279 269
f 267 280 279
f 268 269 270
f 269 271 270
f 269 278 271
f 269 279 278
f 270 271 272
f 270 272 4761
f 270 4761 6388
f 271 273 272
f 271 278 273
f 272 273 274
f 272 274 4875
f 272 2139 4761
f 272 4875 2139
f 273 275 274
f 273 278 275
f 274 275 276
f 274 276 4875
f 275 277 4335
f 275 278 277
f 276 2201 4875
f 277 278 5372
f 277 4307 4335
f 277 5372 4307
f 278 279 5372
f 279 280 6288
f 279 6288 5372
f 280 4500 6288
f 281 2141 6855
f 281 6388 2141
f 281 6855 7038
f 281 7038 4878
f 282 283 6877
f 282 2088 283
f 283 284 6877
f 283 285 284
f 283 2088 3342
f 283 3342 285
f 284 285 286
f 284 286 2030
f 284 2030 6877
f 285 287 286
f 285 3342 287
f 286 287 288
f 286 288 2028
f 286 2028 2030
f 287 289 288
f 287 3342 5880
f 287 5880 289
f 288 289 290
f 288 290 2028
f 289 291 290
f 289 2089 291
f 289 5880 2089
f 290 291 292
f 290 292 2029
f 290 2029 2028
f 291 293 292
f 291 2089 6756
f 291 6756 293
f 292 293 6859
f 292 6859 2029
f 293 294 6859
f 293 2092 294
f 293 6756 2092
f 294 295 3821
f 294 353 295
f 294 2092 2093
f 294 2093 353
f 294 3821 6859
f 295 296 6445
f 295 353 6727
f 295 6445 3821
f 295 6727 296
f 296 297 6868
f 296 341 6445
f 296 6727 297
f 296 6868 341
f 297 4377 6868
f 297 5098 4377
f 297 6727 5098
f 298 299 300
f 298 300 4377
f 298 4377 5098
f 298 5098 6883
f 298 6883 299
f 299 301 300
f 299 360 301
f 299 362 360
f 299 6883 362
f 300 301 6046
f 300 346 6886
f 300 6046 346
f 300 6886 4377
f 301 360 361
f 301 361 6046
f 302 303 6031
f 302 304 303
f 302 2073 304
f 302 6031 6046
f 302 6046 2073
f 303 304 305
f 303 305 6881
f 303 344 6031
f 303 6881 344
f 304 306 305
f 304 2073 6899
f 304 6899 306
f 305 306 307
f 305 307 6881
f 306 308 307
f 306 2064 308
f 306 6899 2064
f 307 308 309
f 307 309 345
f 307 345 6881
f 308 310 309
f 308 2064 2066
f 308 2066 310
f 309 310 6785
f 309 2180 345
f 309 6785 2180
f 310 2066 6436
f 310 4560 6785
f 310 6436 4560
f 311 312 4992
f 311 313 312
f 311 2072 2169
f 311 2169 313
f 311 4992 2072
f 312 313 314
f 312 314 5753
f 312 5753 4992
f 313 315 314
f 313 2168 2194
f 313 2169 2168
f 313 2194 315
f 314 315 316
f 314 316 5753
f 315 2193 6763
f 315 2194 2193
f 315 6763 316
f 316 317 4357
f 316 4357 5753
f 316 6763 317
f 317 318 5229
f 317 5229 4357
f 317 6763 318
f 318 319 6274
f 318 6274 5229
f 318 6763 319
f 319 320 6274
f 319 6439 320
f 319 6763 6439
f 320 321 6274
f 320 322 321
f 320 2198 322
f 320 6439 2198
f 321 322 4716
f 321 352 6274
f 321 4716 7030
f 321 7030 352
f 322 2198 2441
f 322 2441 4716
f 323 324 7030
f 323 2186 6965
f 323 4716 6798
f 323 6798 2186
f 323 6965 324
f 323 7030 4716
f 324 351 5743
f 324 5743 7030
f 324 6321 351
f 324 6965 6321
f 325 326 327
f 325 327 350
f 325 350 6699
f 325 6321 326
f 325 6699 6321
f 326 328 327
f 326 2475 2477
f 326 2477 328
f 326 6321 2475
f 327 328 4973
f 327 4060 350
f 327 4973 4060
f 328 2424 4973
f 328 2477 6801
f 328 6304 2424
f 328 6801 6304
f 329 330 331
f 329 331 4060
f 329 4060 4973
f 329 4973 330
f 330 332 331
f 330 2424 2489
f 330 2489 332
f 330 4973 2424
f 331 332 333
f 331 333 335
f 331 335 347
f 331 347 4060
f 332 334 333
f 332 2488 334
f 332 2489 2488
f 333 334 335
f 334 336 335
f 334 2488 2490
f 334 2490 336
f 335 336 4839
f 335 4839 347
f 336 2490 4839
f 337 338 6868
f 337 342 4924
f 337 4924 6062
f 337 6062 338
f 337 6868 342
f 338 339 6868
f 338 6062 339
f 339 340 341
f 339 341 6868
f 339 6062 340
f 340 4132 341
f 340 4528 4132
f 340 6062 4528
f 341 4132 6445
f 342 4377 6886
f 342 6868 4377
f 342 6886 4924
f 343 344 6881
f 343 6031 344
f 343 6881 6031
f 345 2180 6031
f 345 6031 6881
f 346 6031 6886
f 346 6046 6031
f 347 348 349
f 347 349 4060
f 347 4839 348
f 348 4839 5515
f 348 5515 6699
f 348 6699 349
f 349 350 4060
f 349 6699 350
f 351 6321 6699
f 351 6699 5743
f 352 4617 5229
f 352 5229 6274
f 352 6045 4617
f 352 7030 6045
f 353 354 6727
f 353 2093 354
f 354 355 6727
f 354 356 355
f 354 2091 356
f 354 2093 2091
f 355 356 4535
f 355 364 6883
f 355 4535 364
f 355 6883 6727
f 356 2091 3647
f 356 3647 5588
f 356 5588 4535
f 357 358 6605
f 357 363 364
f 357 364 4535
f 357 4535 5588
f 357 5588 358
f 357 6605 363
f 358 2055 6605
f 358 3300 4350
f 358 4350 2055
f 358 5588 3300
f 359 360 362
f 359 362 363
f 359 363 6605
f 359 6605 6770
f 359 6770 360
f 360 6770 361
f 361 2073 6046
f 361 2074 2073
f 361 6770 2074
f 362 6883 363
f 363 6883 364
f 366 367 368
f 366 368 6725
f 366 929 3849
f 366 3849 367
f 366 6725 929
f 367 369 368
f 367 3069 369
f 367 3849 6710
f 367 4444 3069
f 367 6710 4444
f 368 369 370
f 368 370 6725
f 369 371 370
f 369 3069 3070
f 369 3070 371
f 370 371 372
f 370 372 953
f 370 953 6725
f 371 373 372
f 371 3070 3071
f 371 3071 373
f 372 373 374
f 372 374 4975
f 372 4975 953
f 373 375 374
f 373 3071 375
f 374 375 3588
f 374 955 4975
f 374 3588 4304
f 374 4304 955
f 375 3071 3072
f 375 3072 5211
f 375 5211 3588
f 376 2757 7149
f 376 3588 5211
f 376 5211 6980
f 376 6980 2757
f 376 7149 3588
f 377 957 958
f 377 958 7149
f 377 3261 957
f 377 6355 3261
f 377 7149 6355
f 378 3261 5368
f 378 5368 5599
f 378 5599 6348
f 378 6348 3261
f 379 380 381
f 379 381 5599
f 379 5368 380
f 379 5599 5368
f 380 382 381
f 380 3385 382
f 380 3763 3385
f 380 5368 3763
f 381 382 383
f 381 383 3258
f 381 3258 4571
f 381 4571 5599
f 382 384 383
f 382 3385 384
f 383 384 385
f 383 385 3258
f 384 386 385
f 384 3385 6273
f 384 4645 386
f 384 6273 4645
f 385 386 3884
f 385 3563 6337
f 385 3884 3563
f 385 6337 3258
f 386 3846 3884
f 386 4645 3846
f 387 3184 3610
f 387 3313 3184
f 387 3470 3822
f 387 3610 3470
f 387 3822 3313
f 388 389 4196
f 388 390 389
f 388 3985 390
f 388 4196 6218
f 388 4419 3985
f 388 6218 4419
f 389 390 391
f 389 391 3600
f 389 2680 3142
f 389 3142 4196
f 389 3600 4256
f 389 4256 2680
f 390 392 391
f 390 3985 5595
f 390 5595 392
f 391 392 3600
f 392 1094 1097
f 392 1097 3600
f 392 5595 1094
f 393 902 6713
f 393 3305 902
f 393 3545 4621
f 393 4621 3305
f 393 6713 3545
f 394 3266 6808
f 394 3585 3873
f 394 3873 4888
f 394 4888 3266
f 394 6808 3585
f 395 396 960
f 395 960 962
f 395 962 3434
f 395 3434 6608
f 395 6608 396
f 396 397 398
f 396 398 960
f 396 6608 397
f 397 399 398
f 397 2570 6680
f 397 6608 2570
f 397 6680 399
f 398 399 4254
f 398 4211 960
f 398 4254 4211
f 399 6680 7142
f 399 7142 4254
f 400 4397 6483
f 400 4436 4397
f 400 6449 4436
f 400 6483 6449
f 401 501 4787
f 401 2701 2708
f 401 2708 6449
f 401 4052 501
f 401 4253 4052
f 401 4787 2701
f 401 6449 4253
f 402 403 6238
f 402 500 501
f 402 501 4052
f 402 3397 403
f 402 4052 3397
f 402 6238 500
f 403 404 405
f 403 405 6238
f 403 3397 404
f 404 406 405
f 404 2648 406
f 404 2649 2648
f 404 3397 2649
f 405 406 6735
f 405 477 6238
f 405 6735 477
f 406 2648 6688
f 406 6688 6735
f 407 408 409
f 407 409 475
f 407 475 476
f 407 476 6735
f 407 6688 408
f 407 6735 6688
f 408 2559 2562
f 408 2562 5347
f 408 2563 2559
f 408 5347 409
f 408 6688 2563
f 409 474 475
f 409 5347 474
f 410 3262 3599
f 410 3599 6328
f 410 5347 3262
f 410 6328 5347
f 411 412 7079
f 411 413 412
f 411 2566 2568
f 411 2568 413
f 411 7079 2566
f 412 413 414
f 412 414 557
f 412 557 558
f 412 558 7079
f 413 415 414
f 413 2568 415
f 414 415 416
f 414 416 419
f 414 419 557
f 415 2568 6186
f 415 6186 416
f 416 418 419
f 416 5212 418
f 416 6186 5212
f 417 4092 4308
f 417 4308 6538
f 417 4891 4092
f 417 6538 4891
f 418 420 419
f 418 5212 5384
f 418 5384 420
f 419 420 421
f 419 421 562
f 419 562 4163
f 419 4163 557
f 420 422 421
f 420 710 711
f 420 711 422
f 420 5384 710
f 421 422 5881
f 421 5881 562
f 422 711 741
f 422 741 4395
f 422 4395 5881
f 423 3404 6469
f 423 4363 4694
f 423 4449 3404
f 423 4694 4449
f 423 6469 6693
f 423 6693 4363
f 424 425 7011
f 424 828 6701
f 424 6701 425
f 424 7011 828
f 425 426 4469
f 425 4469 7011
f 425 6701 426
f 426 427 428
f 426 428 563
f 426 563 4469
f 426 6701 427
f 427 429 428
f 427 830 429
f 427 3905 4730
f 427 4730 830
f 427 6701 3905
f 428 429 430
f 428 430 567
f 428 567 563
f 429 830 6465
f 429 4554 430
f 429 6465 4554
f 430 4554 6676
f 430 6676 567
f 431 4104 4343
f 431 4343 4554
f 431 4554 4104
f 432 433 6383
f 432 468 6359
f 432 3670 433
f 432 6359 3670
f 432 6383 468
f 433 434 6383
f 433 835 434
f 433 3670 3820
f 433 3820 835
f 434 835 3299
f 434 3168 4637
f 434 3299 3168
f 434 4637 6383
f 435 436 6507
f 435 438 4051
f 435 4051 6647
f 435 6507 438
f 435 6647 436
f 436 437 6507
f 436 3841 5858
f 436 5858 437
f 436 6647 3841
f 437 555 6507
f 437 3898 555
f 437 5858 3898
f 438 439 5106
f 438 3306 4051
f 438 5106 3306
f 438 6507 439
f 439 3433 5106
f 439 4579 3433
f 439 6507 4579
f 440 441 6387
f 440 2645 3302
f 440 3302 5350
f 440 5350 441
f 440 6387 2645
f 441 442 490
f 441 490 6387
f 441 3388 442
f 441 5350 3388
f 442 443 487
f 442 487 488
f 442 488 489
f 442 489 490
f 442 3388 443
f 443 486 487
f 443 3388 6730
f 443 6723 486
f 443 6730 6723
f 444 511 6711
f 444 3232 511
f 444 6711 6723
f 444 6723 6730
f 444 6730 3232
f 445 446 6272
f 445 484 6723
f 445 6272 484
f 445 6711 446
f 445 6723 6711
f 446 447 4375
f 446 3732 6272
f 446 4375 3732
f 446 6711 447
f 447 6711 6828
f 447 6828 4375
f 448 449 450
f 448 450 3349
f 448 3349 4375
f 448 4375 6828
f 448 6828 449
f 449 543 544
f 449 544 545
f 449 545 6199
f 449 6199 6985
f 449 6828 543
f 449 6985 450
f 450 505 3349
f 450 3584 505
f 450 6985 3584
f 451 452 4215
f 451 3584 6985
f 451 4215 3584
f 451 6199 6406
f 451 6406 452
f 451 6985 6199
f 452 6406 6569
f 452 6569 4215
f 453 454 6459
f 453 986 4215
f 453 4215 6569
f 453 6459 986
f 453 6569 454
f 454 455 6459
f 454 2890 455
f 454 6569 2890
f 455 2890 5355
f 455 3778 6459
f 455 3857 3778
f 455 5355 3857
f 456 985 6209
f 456 3216 985
f 456 5077 6648
f 456 6209 5077
f 456 6648 6996
f 456 6996 3216
f 457 983 3216
f 457 3216 3845
f 457 3845 4508
f 457 4508 4979
f 457 4979 983
f 458 459 981
f 458 981 4979
f 458 4340 459
f 458 4508 4340
f 458 4979 4508
f 459 460 979
f 459 979 980
f 459 980 981
f 459 4340 460
f 460 977 978
f 460 978 979
f 460 4309 977
f 460 4340 4309
f 461 536 4941
f 461 4892 5628
f 461 4941 4892
f 461 5628 6697
f 461 6697 536
f 462 463 6672
f 462 537 538
f 462 538 463
f 462 4892 537
f 462 6672 4892
f 463 464 6672
f 463 465 464
f 463 538 539
f 463 539 465
f 464 465 466
f 464 466 935
f 464 935 6672
f 465 539 540
f 465 540 6716
f 465 6716 466
f 466 6716 935
f 467 468 6383
f 467 491 3561
f 467 2644 6387
f 467 3561 468
f 467 4543 2644
f 467 6383 4543
f 467 6387 491
f 468 3561 6359
f 469 3328 3945
f 469 3348 6479
f 469 3945 3348
f 469 6479 3328
f 470 471 6665
f 470 472 471
f 470 494 498
f 470 498 472
f 470 6665 494
f 471 472 473
f 471 473 569
f 471 569 6665
f 472 498 6753
f 472 3295 473
f 472 6753 3295
f 473 568 6676
f 473 3171 568
f 473 3295 3171
f 473 6676 569
f 474 5347 6328
f 474 6328 6753
f 474 6753 475
f 475 497 476
f 475 6753 497
f 476 497 499
f 476 499 6735
f 477 478 479
f 477 479 6238
f 477 6735 478
f 478 480 479
f 478 495 480
f 478 499 495
f 478 6735 499
f 479 480 481
f 479 481 6238
f 480 495 7132
f 480 6687 481
f 480 7132 6687
f 481 482 6238
f 481 6687 482
f 482 483 502
f 482 500 6238
f 482 502 500
f 482 6687 483
f 483 504 502
f 483 6687 7176
f 483 7176 504
f 484 485 6723
f 484 6272 485
f 485 486 6723
f 485 6272 6386
f 485 6386 486
f 486 6386 487
f 487 6386 488
f 488 4477 489
f 488 6386 4477
f 489 4477 490
f 490 4140 6387
f 490 4477 4140
f 491 4140 3561
f 491 6387 4140
f 492 3532 4314
f 492 4314 6207
f 492 6207 3532
f 493 3133 4116
f 493 3370 3133
f 493 4048 3370
f 493 4116 6573
f 493 6573 4048
f 494 496 497
f 494 497 498
f 494 3692 6475
f 494 6475 496
f 494 6665 3692
f 495 496 6475
f 495 499 496
f 495 6475 7132
f 496 499 497
f 497 6753 498
f 500 502 501
f 501 502 503
f 501 503 2700
f 501 2700 4787
f 502 504 503
f 503 504 6222
f 503 6222 2700
f 504 3453 6222
f 504 7176 3453
f 505 3584 4091
f 505 4091 5590
f 505 5590 3349
f 506 507 6537
f 506 3681 3839
f 506 3839 507
f 506 6537 6889
f 506 6889 3681
f 507 3839 4515
f 507 4515 6537
f 508 509 3433
f 508 3433 4579
f 508 4405 509
f 508 4579 6537
f 508 6537 4405
f 509 510 3826
f 509 3826 4740
f 509 4405 510
f 509 4740 3433
f 510 4405 7021
f 510 6704 3826
f 510 7021 6704
f 511 3232 6198
f 511 3480 6711
f 511 6198 3480
f 512 513 4243
f 512 3480 6198
f 512 4243 3480
f 512 4258 513
f 512 6198 4258
f 513 514 6795
f 513 2685 514
f 513 4258 2685
f 513 6795 4243
f 514 2685 2686
f 514 2686 6802
f 514 3796 6795
f 514 6802 3796
f 515 516 517
f 515 517 4217
f 515 3796 6802
f 515 4217 3796
f 515 6802 516
f 516 518 517
f 516 2851 518
f 516 6802 2851
f 517 518 519
f 517 519 2808
f 517 2808 4217
f 518 520 519
f 518 2851 2854
f 518 2854 520
f 519 520 4806
f 519 3494 2808
f 519 4806 3494
f 520 2854 2855
f 520 2855 3426
f 520 3426 4806
f 521 2856 6095
f 521 3426 2856
f 521 6095 3426
f 522 4801 5075
f 522 5075 5855
f 522 5855 6368
f 522 6095 4801
f 522 6368 6095
f 523 524 4801
f 523 2697 524
f 523 4801 6095
f 523 6095 2697
f 524 525 4801
f 524 2697 6232
f 524 6232 525
f 525 526 2916
f 525 2916 3619
f 525 3619 4801
f 525 6232 526
f 526 527 7027
f 526 6232 527
f 526 7027 2916
f 527 3922 4100
f 527 4100 7027
f 527 6232 3922
f 528 2999 5861
f 528 4626 6409
f 528 5861 6661
f 528 6409 2999
f 528 6661 4626
f 529 530 6502
f 529 3000 3002
f 529 3002 530
f 529 3745 3000
f 529 5870 3745
f 529 6502 5870
f 530 531 6502
f 530 532 531
f 530 3002 532
f 531 532 533
f 531 533 6722
f 531 5088 6502
f 531 6722 5088
f 532 534 533
f 532 3002 534
f 533 534 535
f 533 535 3573
f 533 3573 6722
f 534 3002 3004
f 534 3004 4941
f 534 4869 535
f 534 4941 4869
f 535 2911 4635
f 535 4635 3573
f 535 4869 5845
f 535 5845 2911
f 536 4547 5845
f 536 4869 4941
f 536 5845 4869
f 536 6697 4547
f 537 3005 6382
f 537 4892 4941
f 537 4941 3005
f 537 6382 538
f 538 3012 539
f 538 6382 3012
f 539 3010 540
f 539 3012 3010
f 540 3007 3815
f 540 3008 3674
f 540 3010 3008
f 540 3674 3007
f 540 3815 6716
f 541 542 6828
f 541 3480 4243
f 541 4243 6795
f 541 6795 542
f 541 6828 3480
f 542 543 6828
f 542 2814 543
f 542 6795 2814
f 543 2813 544
f 543 2814 2813
f 544 546 545
f 544 2813 546
f 545 546 547
f 545 547 2902
f 545 2902 6199
f 546 548 547
f 546 2813 548
f 547 548 549
f 547 549 2901
f 547 2901 2902
f 548 2811 6313
f 548 2812 2811
f 548 2813 2812
f 548 6313 549
f 549 550 2900
f 549 2900 2901
f 549 6313 550
f 550 551 5398
f 550 5398 6955
f 550 6313 551
f 550 6955 2900
f 551 2816 5398
f 551 6313 2816
f 552 553 4311
f 552 2817 5617
f 552 4311 5398
f 552 5398 2817
f 552 5617 553
f 553 554 4311
f 553 2818 6957
f 553 4329 554
f 553 5617 2818
f 553 6957 4329
f 554 4329 6368
f 554 6368 4311
f 555 3898 3914
f 555 3914 6889
f 555 6889 6507
f 556 5513 5742
f 556 5742 6724
f 556 6724 6909
f 556 6909 5513
f 557 4163 558
f 558 4163 7079
f 559 560 6616
f 559 561 560
f 559 6616 7079
f 559 7079 561
f 560 561 4469
f 560 564 566
f 560 566 6616
f 560 4469 564
f 561 4163 4363
f 561 4363 4469
f 561 7079 4163
f 562 4449 4694
f 562 4694 4163
f 562 5881 4449
f 563 564 4469
f 563 565 564
f 563 567 565
f 564 565 566
f 565 567 3171
f 565 3171 3650
f 565 3650 566
f 566 3650 4019
f 566 4019 4850
f 566 4850 6616
f 567 568 3171
f 567 6676 568
f 569 4343 6665
f 569 6676 4343
f 570 712 6357
f 570 714 712
f 570 3147 714
f 570 4118 3147
f 570 6357 4118
f 571 572 889
f 571 889 5241
f 571 4456 572
f 571 5241 4456
f 572 573 574
f 572 574 891
f 572 890 889
f 572 891 890
f 572 4456 573
f 573 575 574
f 573 4450 575
f 573 4456 4450
f 574 575 576
f 574 576 2113
f 574 893 891
f 574 2113 893
f 575 3340 576
f 575 4450 3340
f 576 577 2111
f 576 2111 2112
f 576 2112 2113
f 576 3340 577
f 577 2110 2111
f 577 3340 3906
f 577 3906 2110
f 578 3554 6411
f 578 4478 4664
f 578 4664 3554
f 578 6411 7192
f 578 7192 4478
f 579 3894 4664
f 579 4478 6995
f 579 4664 4478
f 579 6180 3894
f 579 6995 6180
f 580 3326 4785
f 580 3460 3925
f 580 3514 3460
f 580 3886 3326
f 580 3925 3886
f 580 4785 6196
f 580 6196 3514
f 581 3159 3913
f 581 3535 3678
f 581 3678 6291
f 581 3913 3535
f 581 5396 3159
f 581 6291 5396
f 582 583 5396
f 582 584 583
f 582 1831 584
f 582 3833 7185
f 582 5396 6291
f 582 6291 3833
f 582 7185 1831
f 583 584 585
f 583 585 697
f 583 697 5396
f 584 586 585
f 584 1831 7075
f 584 7075 586
f 585 586 7150
f 585 689 690
f 585 690 691
f 585 691 697
f 585 7150 689
f 586 7075 7150
f 587 1762 6642
f 587 1819 1762
f 587 5877 7075
f 587 6642 7164
f 587 7075 1819
f 587 7164 5877
f 588 589 6224
f 588 688 7164
f 588 6224 688
f 588 6642 589
f 588 7164 6642
f 589 1761 6750
f 589 6642 1761
f 589 6750 6224
f 590 591 592
f 590 592 686
f 590 686 687
f 590 687 6224
f 590 6224 591
f 591 593 592
f 591 1786 1787
f 591 1787 593
f 591 6224 6750
f 591 6750 1786
f 592 593 3247
f 592 3247 686
f 593 1785 4473
f 593 1787 1785
f 593 4473 4538
f 593 4538 3247
f 594 685 3247
f 594 3247 4538
f 594 4538 4636
f 594 4636 4715
f 594 4715 685
f 595 596 7077
f 595 597 596
f 595 1566 6625
f 595 3492 1566
f 595 6625 597
f 595 7077 3492
f 596 597 598
f 596 598 709
f 596 707 4470
f 596 709 707
f 596 4470 7077
f 597 599 598
f 597 1567 599
f 597 6625 1567
f 598 599 600
f 598 600 709
f 599 601 600
f 599 1552 601
f 599 1567 1552
f 600 601 602
f 600 602 1435
f 600 708 709
f 600 1435 708
f 601 603 602
f 601 1470 603
f 601 1552 1470
f 602 603 604
f 602 604 1435
f 603 605 604
f 603 1469 605
f 603 1470 1469
f 604 605 606
f 604 606 1437
f 604 1437 6366
f 604 6366 1435
f 605 607 606
f 605 1468 607
f 605 1469 1468
f 606 607 7123
f 606 1436 1437
f 606 7123 1436
f 607 1468 6050
f 607 6050 7123
f 608 609 5036
f 608 5036 5148
f 608 5148 6500
f 608 6500 609
f 609 4944 5499
f 609 5499 5036
f 609 6500 4944
f 610 611 5499
f 610 612 611
f 610 1479 3136
f 610 3136 612
f 610 4944 1479
f 610 5499 4944
f 611 612 613
f 611 613 6048
f 611 6048 5499
f 612 614 613
f 612 3136 614
f 613 614 6865
f 613 1618 6048
f 613 1619 1618
f 613 6865 1619
f 614 615 6865
f 614 3136 4945
f 614 4945 615
f 615 616 6865
f 615 1480 1481
f 615 1481 616
f 615 4945 1480
f 616 617 6865
f 616 618 617
f 616 1481 1485
f 616 1485 1486
f 616 1486 618
f 617 618 619
f 617 619 1857
f 617 1620 6865
f 617 1857 1620
f 618 620 619
f 618 1486 1492
f 618 1492 620
f 619 620 621
f 619 621 650
f 619 650 1857
f 620 622 621
f 620 1492 1493
f 620 1493 1494
f 620 1494 622
f 621 622 623
f 621 623 649
f 621 649 650
f 622 624 623
f 622 1494 1496
f 622 1496 1543
f 622 1543 624
f 623 624 625
f 623 625 649
f 624 626 625
f 624 1543 1545
f 624 1545 626
f 625 626 627
f 625 627 6598
f 625 647 649
f 625 6598 647
f 626 628 627
f 626 1545 628
f 627 628 629
f 627 629 651
f 627 651 6598
f 628 630 629
f 628 1545 7179
f 628 7179 630
f 629 630 7057
f 629 3421 651
f 629 4076 3421
f 629 7057 4076
f 630 1522 7057
f 630 7179 1522
f 631 632 4853
f 631 1520 632
f 631 1521 1520
f 631 1522 1521
f 631 4853 7057
f 631 7057 1522
f 632 1520 6645
f 632 6645 4853
f 633 3769 4841
f 633 4218 6775
f 633 4841 4218
f 633 6775 3769
f 634 635 3769
f 634 636 635
f 634 1513 636
f 634 1514 1513
f 634 3769 6775
f 634 6775 1514
f 635 636 637
f 635 637 654
f 635 654 3769
f 636 638 637
f 636 1511 638
f 636 1512 1511
f 636 1513 1512
f 637 638 3997
f 637 3997 6076
f 637 6076 654
f 638 639 3997
f 638 1511 1529
f 638 1529 639
f 639 640 3997
f 639 641 640
f 639 1529 6729
f 639 6729 641
f 640 641 4371
f 640 4371 7037
f 640 7037 3997
f 641 642 4371
f 641 1530 1531
f 641 1531 642
f 641 6729 1530
f 642 1531 1534
f 642 1534 1535
f 642 1535 6834
f 642 3529 4371
f 642 6834 3529
f 643 3479 6834
f 643 6851 3479
f 644 645 6064
f 644 646 645
f 644 1621 646
f 644 1622 1621
f 644 1623 1622
f 644 6064 1623
f 645 646 647
f 645 647 6598
f 645 6598 6064
f 646 648 647
f 646 1621 648
f 647 648 649
f 648 650 649
f 648 1616 1617
f 648 1617 650
f 648 1621 1616
f 650 1617 1857
f 651 3421 4841
f 651 4841 6064
f 651 6064 6598
f 652 4076 7057
f 652 4127 4841
f 652 4841 4076
f 652 4853 4127
f 652 7057 4853
f 653 4127 4853
f 653 4218 4841
f 653 4841 4127
f 653 4853 6645
f 653 6645 4218
f 654 4841 3769
f 654 6076 4841
f 655 656 657
f 655 657 699
f 655 699 700
f 655 700 701
f 655 701 1429
f 655 1429 6110
f 655 6110 656
f 656 658 657
f 656 4010 658
f 656 6110 4010
f 657 658 659
f 657 659 698
f 657 698 699
f 658 660 659
f 658 1337 660
f 658 4010 6110
f 658 6110 1337
f 659 660 661
f 659 661 6412
f 659 6412 698
f 660 1334 6271
f 660 1337 1334
f 660 6271 661
f 661 6271 6412
f 662 1335 1336
f 662 1336 3695
f 662 3695 6412
f 662 6271 1335
f 662 6412 6271
f 663 664 6673
f 663 1336 1426
f 663 1425 664
f 663 1426 1425
f 663 3695 1336
f 663 6673 3695
f 664 665 6673
f 664 666 665
f 664 1425 666
f 665 666 667
f 665 667 703
f 665 703 6673
f 666 1425 6768
f 666 3400 4520
f 666 4192 667
f 666 4520 4192
f 666 6768 3400
f 667 668 703
f 667 4192 668
f 668 669 705
f 668 704 703
f 668 705 704
f 668 4192 669
f 669 670 4470
f 669 706 705
f 669 707 706
f 669 4192 670
f 669 4470 707
f 670 4192 4380
f 670 4380 7077
f 670 7077 4470
f 671 685 4715
f 671 4588 6797
f 671 4715 4588
f 671 6797 685
f 672 1369 6326
f 672 3231 3879
f 672 3879 1369
f 672 4588 3231
f 672 6326 6797
f 672 6797 4588
f 673 674 675
f 673 675 688
f 673 686 6326
f 673 687 686
f 673 688 687
f 673 6326 674
f 674 1351 7108
f 674 6279 675
f 674 6326 1351
f 674 7108 6279
f 675 676 688
f 675 6279 676
f 676 4143 7164
f 676 6279 4143
f 676 7164 688
f 677 678 4867
f 677 1456 6281
f 677 4867 1456
f 677 6281 678
f 678 679 690
f 678 689 4867
f 678 690 689
f 678 6281 679
f 679 680 681
f 679 681 692
f 679 691 690
f 679 692 691
f 679 6281 680
f 680 4529 6588
f 680 6281 4529
f 680 6588 681
f 681 694 692
f 681 6588 694
f 682 683 4103
f 682 694 6588
f 682 695 694
f 682 4103 695
f 682 5084 683
f 682 6588 5084
f 683 1698 6263
f 683 5084 1698
f 683 6263 4103
f 684 3535 3913
f 684 3913 6244
f 684 6244 3535
f 685 6797 3247
f 686 3247 6797
f 686 6797 6326
f 687 688 6224
f 689 7150 4867
f 691 692 693
f 691 693 696
f 691 696 697
f 692 694 693
f 693 694 695
f 693 695 3210
f 693 3210 696
f 695 3140 3210
f 695 4103 3140
f 696 3210 5396
f 696 5396 697
f 698 6412 699
f 699 3695 700
f 699 6412 3695
f 700 3695 7146
f 700 7146 701
f 701 1430 1429
f 701 6823 1430
f 701 7146 6823
f 702 703 704
f 702 704 1434
f 702 1432 6823
f 702 1434 1432
f 702 6823 7146
f 702 7146 703
f 703 7146 6673
f 704 705 1434
f 705 706 1434
f 706 707 708
f 706 708 1433
f 706 1433 1434
f 707 709 708
f 708 1435 1433
f 710 712 711
f 710 5384 6357
f 710 6357 712
f 711 712 713
f 711 713 741
f 712 714 713
f 713 714 715
f 713 715 742
f 713 742 741
f 714 716 715
f 714 3147 716
f 715 716 717
f 715 717 742
f 716 718 717
f 716 3147 6675
f 716 5241 718
f 716 6675 5241
f 717 718 6518
f 717 743 742
f 717 5223 743
f 717 6518 5223
f 718 889 6518
f 718 5241 889
f 719 720 6350
f 719 889 890
f 719 890 892
f 719 892 720
f 719 3622 6518
f 719 6350 3622
f 719 6518 889
f 720 892 6194
f 720 3837 6350
f 720 6194 3837
f 721 722 3837
f 721 2397 6369
f 721 3837 4112
f 721 4112 2397
f 721 6369 722
f 722 723 6589
f 722 745 3837
f 722 747 745
f 722 6369 723
f 722 6589 747
f 723 724 6685
f 723 6369 724
f 723 6685 6589
f 724 725 6685
f 724 2102 725
f 724 6369 2102
f 725 2102 6700
f 725 3984 4987
f 725 4987 6685
f 725 6700 3984
f 726 727 3183
f 726 749 4224
f 726 888 749
f 726 3183 888
f 726 4224 5341
f 726 5341 727
f 727 728 2010
f 727 2010 5844
f 727 5341 728
f 727 5844 3183
f 728 729 730
f 728 730 2008
f 728 2008 2010
f 728 5341 729
f 729 4316 730
f 729 5195 4316
f 729 5341 5195
f 730 731 2007
f 730 2007 3712
f 730 3712 2008
f 730 4316 731
f 731 732 3911
f 731 1998 2007
f 731 3911 1998
f 731 4316 5889
f 731 5889 732
f 732 3380 3911
f 732 5889 6471
f 732 6471 3380
f 733 734 5576
f 733 3380 4513
f 733 4502 3380
f 733 4513 734
f 733 5576 4502
f 734 735 736
f 734 736 1850
f 734 1850 5576
f 734 4513 735
f 735 737 736
f 735 2103 2104
f 735 2104 2105
f 735 2105 737
f 735 4513 2103
f 736 737 7103
f 736 1848 1850
f 736 7103 1848
f 737 2105 4385
f 737 4385 7103
f 738 739 3334
f 738 3334 6318
f 738 4769 7169
f 738 6318 4769
f 738 7169 739
f 739 740 6978
f 739 6978 3334
f 739 7169 740
f 740 3220 6978
f 740 4894 3220
f 740 7169 4894
f 741 742 4395
f 742 743 4395
f 743 5223 4395
f 744 745 746
f 744 746 5373
f 744 3988 6350
f 744 5373 3988
f 744 6350 745
f 745 747 746
f 745 6350 3837
f 746 747 6589
f 746 822 5373
f 746 6589 822
f 748 749 4054
f 748 4054 6519
f 748 4095 4987
f 748 4224 749
f 748 4987 4224
f 748 6519 4095
f 749 888 3154
f 749 3154 4054
f 750 751 3719
f 750 752 751
f 750 777 752
f 750 3202 6638
f 750 3719 3202
f 750 6638 777
f 751 752 753
f 751 753 862
f 751 861 2478
f 751 862 861
f 751 2478 2480
f 751 2480 3719
f 752 754 753
f 752 777 778
f 752 778 754
f 753 754 755
f 753 755 863
f 753 863 864
f 753 864 862
f 754 756 755
f 754 778 756
f 755 756 757
f 755 757 5346
f 755 5346 863
f 756 758 757
f 756 760 758
f 756 778 780
f 756 780 760
f 757 758 759
f 757 759 5346
f 758 760 759
f 759 760 761
f 759 761 855
f 759 855 3831
f 759 3831 5346
f 760 762 761
f 760 780 762
f 761 762 763
f 761 763 7059
f 761 7059 855
f 762 764 763
f 762 779 2387
f 762 780 779
f 762 2387 764
f 763 764 765
f 763 765 7059
f 764 766 765
f 764 2387 766
f 765 766 767
f 765 767 6867
f 765 6867 7059
f 766 768 767
f 766 2386 768
f 766 2387 2386
f 767 768 769
f 767 769 7144
f 767 7144 6867
f 768 2385 4460
f 768 2386 2385
f 768 4460 769
f 769 770 2365
f 769 2365 7144
f 769 4460 770
f 770 771 7094
f 770 4460 771
f 770 7094 2365
f 771 773 7094
f 771 775 773
f 771 3083 775
f 771 4460 3083
f 772 4170 6696
f 772 4882 4170
f 772 6696 7094
f 773 775 774
f 774 775 776
f 775 3083 3170
f 775 3170 776
f 776 3170 4471
f 776 4471 781
f 777 4223 778
f 777 6638 4223
f 778 779 780
f 778 4223 779
f 779 4223 6590
f 779 6590 2387
f 781 4471 6600
f 782 783 5359
f 782 784 783
f 782 818 3689
f 782 3689 784
f 782 5359 818
f 783 784 785
f 783 785 798
f 783 798 802
f 783 802 5359
f 784 3689 4863
f 784 4863 6240
f 784 6240 785
f 785 786 797
f 785 797 798
f 785 6240 786
f 786 787 788
f 786 788 797
f 786 6240 787
f 787 1971 6237
f 787 6237 788
f 787 6240 1971
f 788 789 797
f 788 3269 789
f 788 6237 3269
f 789 790 791
f 789 791 3094
f 789 3094 6192
f 789 3269 790
f 789 6192 797
f 790 792 791
f 790 805 792
f 790 3269 805
f 791 792 4367
f 791 4367 3094
f 792 793 4367
f 792 803 793
f 792 804 803
f 792 805 804
f 793 794 4367
f 793 803 7019
f 793 7019 794
f 794 795 4367
f 794 6669 795
f 795 796 3094
f 795 3094 4367
f 795 6669 796
f 796 799 3094
f 796 4066 799
f 796 6669 4066
f 797 6192 798
f 798 801 802
f 798 6192 801
f 799 800 6192
f 799 4066 800
f 799 6192 3094
f 800 801 6192
f 800 3552 801
f 800 4066 3552
f 801 3103 5359
f 801 3552 4153
f 801 4153 3103
f 801 5359 802
f 803 804 809
f 804 805 806
f 804 806 7191
f 804 7191 809
f 805 807 806
f 805 3269 807
f 806 807 7191
f 807 3269 5061
f 807 5061 7191
f 808 809 7191
f 808 6325 809
f 808 6555 4598
f 808 7191 6555
f 810 811 4726
f 810 2009 7116
f 810 2011 2009
f 810 3668 2011
f 810 4400 3668
f 810 4726 4400
f 810 7116 811
f 811 812 4726
f 811 7116 812
f 812 813 820
f 812 820 3606
f 812 3606 4726
f 812 7116 813
f 813 814 7196
f 813 7116 814
f 813 7196 820
f 814 815 7196
f 814 2013 2014
f 814 2014 815
f 814 7116 2013
f 815 2014 2015
f 815 2015 4604
f 815 4604 5361
f 815 5361 7196
f 816 1728 4863
f 816 3689 6349
f 816 4863 3689
f 816 5361 1728
f 816 6349 7196
f 816 7196 5361
f 817 819 820
f 817 820 7196
f 817 4593 819
f 817 6349 4593
f 817 7196 6349
f 818 4593 6349
f 818 5359 4593
f 818 6349 3689
f 819 3606 820
f 819 4593 3606
f 821 886 3499
f 821 3499 4295
f 821 4295 6519
f 821 6519 7083
f 821 7083 886
f 822 887 6478
f 822 3499 887
f 822 6478 5373
f 822 6589 3499
f 823 824 7083
f 823 6421 824
f 823 6519 7160
f 823 7083 6519
f 823 7160 6421
f 824 885 4373
f 824 4373 7083
f 824 6421 885
f 825 826 827
f 825 827 4961
f 825 887 5894
f 825 4961 6478
f 825 5894 826
f 825 6478 887
f 826 828 827
f 826 3905 6701
f 826 4373 3905
f 826 5894 4373
f 826 6701 828
f 827 828 829
f 827 829 4387
f 827 4387 4961
f 828 7011 829
f 829 6469 4387
f 829 6693 6469
f 829 7011 6693
f 830 4730 6465
f 831 832 2482
f 831 833 4104
f 831 2482 833
f 831 4104 6465
f 831 4216 832
f 831 5191 4216
f 831 6465 5191
f 832 4216 6297
f 832 6245 2482
f 832 6297 6245
f 833 2482 3182
f 833 3182 3473
f 833 3473 6181
f 833 6181 4104
f 834 3401 4718
f 834 3510 3401
f 834 3756 4527
f 834 4527 3510
f 834 4718 3756
f 835 836 6204
f 835 3144 836
f 835 3820 3144
f 835 6204 3299
f 836 2492 6204
f 836 3144 3317
f 836 3317 2492
f 837 3176 6964
f 837 3299 6204
f 837 6204 3176
f 837 6964 3299
f 838 839 4725
f 838 4725 6964
f 838 6283 839
f 838 6964 6283
f 839 3353 4725
f 839 6283 6870
f 839 6870 3353
f 840 3771 6584
f 840 4653 6897
f 840 4773 4653
f 840 6584 4773
f 840 6897 3771
f 841 842 6464
f 841 881 3209
f 841 3209 4773
f 841 4773 6584
f 841 6464 881
f 841 6584 842
f 842 4661 6464
f 842 5214 6575
f 842 6575 4661
f 842 6584 5214
f 843 844 3364
f 843 845 844
f 843 3364 6311
f 843 6311 845
f 844 845 5517
f 844 5517 6022
f 844 6022 7122
f 844 7122 3364
f 845 846 5517
f 845 6311 846
f 846 4219 5517
f 846 6311 4219
f 847 3442 4760
f 847 4760 5090
f 847 5090 6825
f 847 6361 3442
f 847 6825 6361
f 848 3217 6907
f 848 4063 3217
f 848 4360 6476
f 848 6476 4063
f 848 6907 4360
f 849 869 6898
f 849 3698 869
f 849 6778 6974
f 849 6898 6778
f 849 6974 3698
f 850 4283 6898
f 850 4381 4283
f 850 6472 4381
f 850 6898 6472
f 851 852 6908
f 851 4084 852
f 851 6472 6898
f 851 6898 4084
f 851 6908 6472
f 852 4084 6864
f 852 6864 6908
f 853 3560 5220
f 853 3748 6847
f 853 5220 7141
f 853 6847 3560
f 853 7141 3748
f 854 2439 5214
f 854 3804 3882
f 854 3882 2439
f 854 5214 6584
f 854 6584 3804
f 855 6867 7143
f 855 7059 6867
f 855 7143 3831
f 856 857 7135
f 856 2492 3317
f 856 3176 2492
f 856 3317 857
f 856 4441 3176
f 856 7135 4441
f 857 858 3638
f 857 3317 858
f 857 3638 7135
f 858 3317 5103
f 858 4071 3638
f 858 5103 4071
f 859 860 5103
f 859 5101 860
f 859 5103 6490
f 859 6490 5101
f 860 861 862
f 860 862 864
f 860 864 5103
f 860 5101 861
f 861 5101 2478
f 863 5103 864
f 863 5346 5103
f 865 866 6696
f 865 4170 6592
f 865 5217 866
f 865 6592 5217
f 865 6696 4170
f 866 3811 7144
f 866 5217 3811
f 866 7144 6696
f 867 3095 3799
f 867 3799 6908
f 867 5217 3095
f 867 6262 5217
f 867 6908 6262
f 868 3463 4482
f 868 4152 3463
f 868 4482 4577
f 868 4577 6830
f 868 6830 4152
f 869 3550 7061
f 869 3698 3550
f 869 7061 6898
f 870 872 6289
f 870 4233 6864
f 870 6289 4233
f 870 6864 7061
f 870 7061 872
f 871 3268 6203
f 871 3357 6448
f 871 3752 3357
f 871 4446 3268
f 871 6203 3752
f 871 6448 4446
f 872 2379 6289
f 872 3550 6461
f 872 6461 2379
f 872 7061 3550
f 873 5090 6434
f 873 6434 6959
f 873 6825 5090
f 873 6959 6825
f 874 3517 6817
f 874 6020 3517
f 874 6817 6020
f 875 3696 6806
f 875 4121 6634
f 875 5040 3696
f 875 6634 5040
f 875 6806 4121
f 876 3640 5064
f 876 4115 6894
f 876 5064 4115
f 876 6894 7170
f 876 7170 3640
f 877 3587 4565
f 877 3708 4115
f 877 4115 3587
f 877 4565 3708
f 878 3918 6902
f 878 4565 4732
f 878 4732 6226
f 878 6226 3918
f 878 6902 4565
f 879 3728 3762
f 879 3762 6361
f 879 6361 6825
f 879 6825 3728
f 880 3339 6974
f 880 4781 3339
f 880 6347 4781
f 880 6778 6347
f 880 6974 6778
f 881 6044 6909
f 881 6464 6044
f 881 6909 3209
f 882 3841 6647
f 882 4725 6897
f 882 6647 4725
f 882 6897 3841
f 883 884 5191
f 883 885 884
f 883 4373 885
f 883 4730 4373
f 883 5191 4730
f 884 885 6421
f 884 4216 5191
f 884 4241 4216
f 884 6421 4241
f 886 887 3499
f 886 5894 887
f 886 7083 5894
f 888 3183 3154
f 890 891 892
f 891 893 6194
f 891 6194 892
f 893 2113 2114
f 893 2114 4112
f 893 4112 6194
f 894 3381 4036
f 894 4036 5630
f 894 5630 6541
f 894 6541 3381
f 895 896 3557
f 895 2328 2330
f 895 2330 896
f 895 3557 5243
f 895 5243 2328
f 896 897 3557
f 896 898 897
f 896 2330 898
f 897 898 899
f 897 899 1880
f 897 1880 1881
f 897 1881 3557
f 898 2330 2331
f 898 2331 3761
f 898 3761 899
f 899 1879 1880
f 899 3761 4602
f 899 4602 1879
f 900 3481 3591
f 900 3591 7002
f 900 4800 3481
f 900 7002 4800
f 901 4800 6810
f 901 6810 6706
f 902 3305 6404
f 902 6404 6713
f 903 4180 6675
f 903 4239 4499
f 903 4499 7022
f 903 6675 4239
f 903 7022 4180
f 904 4056 5614
f 904 4791 4056
f 904 5614 7022
f 904 7022 4791
f 905 3780 3848
f 905 3848 4605
f 905 3873 6178
f 905 4605 3873
f 905 6178 3780
f 906 907 5582
f 906 908 907
f 906 941 908
f 906 942 941
f 906 3899 942
f 906 5582 3899
f 907 908 5082
f 907 5082 6403
f 907 6403 5582
f 908 941 6375
f 908 5231 5082
f 908 6375 5231
f 909 910 3218
f 909 3218 3456
f 909 3456 5082
f 909 5082 5231
f 909 5231 910
f 910 911 2718
f 910 2718 3218
f 910 5231 6391
f 910 6391 911
f 911 6391 7023
f 911 7023 2718
f 912 913 6275
f 912 3251 4861
f 912 4861 6489
f 912 6275 3251
f 912 6489 6512
f 912 6512 913
f 913 914 3582
f 913 3582 4974
f 913 4974 6275
f 913 6512 914
f 914 915 3582
f 914 6512 915
f 915 916 917
f 915 917 2647
f 915 2647 3582
f 915 6512 916
f 916 918 917
f 916 3089 918
f 916 6512 3089
f 917 918 4487
f 917 3581 2647
f 917 4487 3581
f 918 2680 6563
f 918 3089 3142
f 918 3142 2680
f 918 6563 4487
f 919 3999 5219
f 919 4795 6972
f 919 5219 5609
f 919 5609 4795
f 919 5865 3999
f 919 6972 5865
f 920 3296 5609
f 920 3907 3296
f 920 5219 3907
f 920 5609 5219
f 921 968 6365
f 921 3927 968
f 921 5869 3927
f 921 6365 5869
f 922 2657 5869
f 922 2658 2657
f 922 3923 2658
f 922 5869 6365
f 922 6365 6793
f 922 6793 3923
f 923 924 3288
f 923 990 6533
f 923 3288 6539
f 923 6533 924
f 923 6539 990
f 924 925 940
f 924 940 4257
f 924 4257 3288
f 924 6533 925
f 925 3466 5577
f 925 5577 940
f 925 6533 3466
f 926 3466 4069
f 926 4069 6474
f 926 4665 5577
f 926 5577 3466
f 926 6474 4665
f 927 928 6474
f 927 939 6684
f 927 3061 6725
f 927 6474 939
f 927 6684 3061
f 927 6725 928
f 928 954 4744
f 928 4744 6474
f 928 6725 954
f 929 930 3849
f 929 3061 5901
f 929 5901 930
f 929 6725 3061
f 930 931 4866
f 930 934 931
f 930 936 934
f 930 4866 3849
f 930 5901 936
f 931 932 4738
f 931 934 932
f 931 4738 4866
f 932 933 3654
f 932 934 6716
f 932 3654 4738
f 932 6716 933
f 933 3815 5202
f 933 5202 3654
f 933 6716 3815
f 934 935 6716
f 934 936 935
f 935 936 937
f 935 937 6672
f 936 5901 937
f 937 938 3020
f 937 3020 6672
f 937 5901 938
f 938 5901 6684
f 938 6684 7137
f 938 7137 3020
f 939 4069 7137
f 939 6474 4069
f 939 7137 6684
f 940 948 3366
f 940 949 948
f 940 3366 4257
f 940 5577 949
f 941 942 4333
f 941 4333 6375
f 942 2668 4333
f 942 3899 2668
f 943 4083 4521
f 943 4521 6348
f 943 5599 4083
f 943 6348 5599
f 944 945 7043
f 944 956 4521
f 944 3387 945
f 944 4521 3387
f 944 7043 956
f 945 946 7043
f 945 3387 4876
f 945 4876 946
f 946 947 951
f 946 951 4505
f 946 4505 7043
f 946 4876 947
f 947 950 5577
f 947 4665 951
f 947 4876 6594
f 947 5577 4665
f 947 6594 950
f 948 949 950
f 948 950 6594
f 948 5052 3366
f 948 6594 5052
f 949 5577 950
f 951 952 4505
f 951 4665 4744
f 951 4744 952
f 952 955 4505
f 952 4744 4975
f 952 4975 955
f 953 954 6725
f 953 4975 954
f 954 4975 4744
f 955 4304 4505
f 956 957 6348
f 956 3615 957
f 956 6348 4521
f 956 7043 3615
f 957 3261 6348
f 957 3615 958
f 958 959 7149
f 958 3615 959
f 959 3615 7043
f 959 4304 7149
f 959 7043 4304
f 960 961 962
f 960 4211 5245
f 960 5245 961
f 961 963 962
f 961 971 963
f 961 5245 971
f 962 963 3434
f 963 970 6622
f 963 971 970
f 963 6622 3434
f 964 965 3312
f 964 966 965
f 964 970 972
f 964 972 966
f 964 3312 6622
f 964 6622 970
f 965 966 6525
f 965 969 3312
f 965 6525 969
f 966 967 6525
f 966 972 3629
f 966 3629 5227
f 966 5227 967
f 967 968 6525
f 967 5227 968
f 968 3927 6525
f 968 5227 6993
f 968 6993 6365
f 969 4704 3312
f 969 6525 4704
f 970 971 972
f 971 3629 972
f 971 5245 3629
f 973 3629 5245
f 973 4014 4160
f 973 4160 5227
f 973 5227 3629
f 973 5245 4014
f 974 975 7042
f 974 990 6539
f 974 6539 7024
f 974 7024 975
f 974 7042 990
f 975 976 7042
f 975 987 976
f 975 6331 987
f 975 7024 6331
f 976 987 4150
f 976 4150 4957
f 976 4957 7042
f 977 987 988
f 977 988 978
f 977 4150 987
f 977 4309 4150
f 978 988 989
f 978 989 3121
f 978 3121 979
f 979 3121 980
f 980 3121 4376
f 980 4376 981
f 981 982 4979
f 981 4376 982
f 982 2715 4979
f 982 4376 5193
f 982 5193 2715
f 983 984 3216
f 983 2715 3930
f 983 3930 984
f 983 4979 2715
f 984 985 3216
f 984 2713 985
f 984 3930 2713
f 985 2712 6209
f 985 2713 2712
f 986 2705 4215
f 986 6219 2705
f 986 6459 6219
f 987 6331 988
f 988 6331 989
f 989 4393 3121
f 989 5067 4393
f 989 6331 5067
f 990 4427 6533
f 990 7042 4427
f 991 4069 6533
f 991 4427 6637
f 991 6533 4427
f 991 6637 7137
f 991 7137 4069
f 992 3203 3338
f 992 3338 3917
f 992 3850 5208
f 992 3917 6393
f 992 5208 3203
f 992 6393 3850
f 993 3156 3866
f 993 3850 6651
f 993 3866 5208
f 993 5208 3850
f 993 6651 3156
f 994 995 3993
f 994 996 995
f 994 2965 996
f 994 2966 2965
f 994 3993 2966
f 995 996 997
f 995 997 3862
f 995 1054 3993
f 995 3862 1054
f 996 998 997
f 996 2965 2981
f 996 2981 998
f 997 998 999
f 997 999 1018
f 997 1018 3862
f 998 1000 999
f 998 2981 1000
f 999 1000 1001
f 999 1001 1019
f 999 1019 1018
f 1000 1002 1001
f 1000 2981 2989
f 1000 2987 1002
f 1000 2988 2987
f 1000 2989 2988
f 1001 1002 1003
f 1001 1003 4819
f 1001 4819 1019
f 1002 2987 4146
f 1002 4146 1003
f 1003 2798 3540
f 1003 3540 4819
f 1003 4146 2798
f 1004 1005 6677
f 1004 2987 2995
f 1004 2995 1005
f 1004 4146 2987
f 1004 6677 4146
f 1005 1006 6677
f 1005 1007 1006
f 1005 2986 1007
f 1005 2995 2986
f 1006 1007 1008
f 1006 1008 4654
f 1006 2797 6677
f 1006 4654 2797
f 1007 1009 1008
f 1007 2982 1009
f 1007 2985 2982
f 1007 2986 2985
f 1008 1009 6629
f 1008 1010 4654
f 1008 6629 1010
f 1009 2982 2983
f 1009 2983 6629
f 1010 6073 7053
f 1010 6629 6073
f 1010 7053 4654
f 1011 4495 6061
f 1011 6061 6073
f 1011 6073 4495
f 1012 1013 3928
f 1012 3866 4856
f 1012 3928 4976
f 1012 4856 1013
f 1012 4976 5208
f 1012 5208 3866
f 1013 1014 3548
f 1013 1058 1014
f 1013 3548 3928
f 1013 4856 1058
f 1014 1015 3548
f 1014 1057 6284
f 1014 1058 1057
f 1014 6284 1015
f 1015 3184 3313
f 1015 3313 3548
f 1015 6284 3184
f 1016 3184 6284
f 1016 4965 3184
f 1016 6284 6998
f 1016 6998 7195
f 1016 7195 4965
f 1017 1054 3772
f 1017 3607 1054
f 1017 3772 4068
f 1017 4068 7195
f 1017 6998 3607
f 1017 7195 6998
f 1018 1019 1087
f 1018 1087 3512
f 1018 3512 3862
f 1019 1091 1087
f 1019 4819 1091
f 1020 1021 1022
f 1020 1022 6379
f 1020 3540 1021
f 1020 4819 3540
f 1020 6379 4819
f 1021 1023 1022
f 1021 3211 1023
f 1021 3540 3211
f 1022 1023 7182
f 1022 7182 6379
f 1023 2807 7093
f 1023 3211 2807
f 1023 7093 7182
f 1024 1025 7003
f 1024 1042 1025
f 1024 1048 1042
f 1024 3118 6805
f 1024 3790 1048
f 1024 4669 3118
f 1024 6805 3790
f 1024 7003 4669
f 1025 1026 7003
f 1025 1027 1026
f 1025 1042 6799
f 1025 6799 1027
f 1026 1027 6857
f 1026 6732 7003
f 1026 6857 6732
f 1027 1028 6857
f 1027 1041 1028
f 1027 6799 1041
f 1028 1029 6857
f 1028 1030 1029
f 1028 1038 1030
f 1028 1039 1038
f 1028 1041 1039
f 1029 1030 6876
f 1029 2502 6857
f 1029 6876 2502
f 1030 1037 6876
f 1030 1038 1037
f 1031 1032 1033
f 1031 1033 2494
f 1031 2494 2496
f 1031 2496 2503
f 1031 2503 6876
f 1031 6876 1032
f 1032 1037 6111
f 1032 6111 1033
f 1032 6876 1037
f 1033 2493 2494
f 1033 6111 2493
f 1034 1035 2654
f 1034 2652 4272
f 1034 2654 6890
f 1034 4272 6333
f 1034 6333 1035
f 1034 6890 2652
f 1035 1036 6887
f 1035 2539 2654
f 1035 6333 1036
f 1035 6887 2539
f 1036 2420 6184
f 1036 3594 2420
f 1036 6184 6887
f 1036 6333 3594
f 1037 1038 6838
f 1037 6838 6111
f 1038 1039 6838
f 1039 1040 6838
f 1039 1041 1040
f 1040 1041 6799
f 1040 1050 6838
f 1040 1052 1050
f 1040 1053 1052
f 1040 6799 1053
f 1042 1048 6799
f 1043 1044 5597
f 1043 2948 6265
f 1043 3414 3488
f 1043 3488 1044
f 1043 5597 2948
f 1043 6265 3414
f 1044 1045 5597
f 1044 1049 1051
f 1044 1051 1045
f 1044 3488 1049
f 1045 1046 6892
f 1045 1051 1052
f 1045 1052 1053
f 1045 1053 1046
f 1045 6892 5597
f 1046 1047 6892
f 1046 1053 6458
f 1046 6458 1047
f 1047 2847 2848
f 1047 2848 6892
f 1047 6458 7040
f 1047 7040 2847
f 1048 3790 7040
f 1048 6458 6799
f 1048 7040 6458
f 1049 1050 1051
f 1049 3488 6111
f 1049 6111 6838
f 1049 6838 1050
f 1050 1052 1051
f 1053 6799 6458
f 1054 3607 3993
f 1054 3862 3772
f 1055 1056 1057
f 1055 1057 1058
f 1055 1058 4332
f 1055 3607 6998
f 1055 4332 3607
f 1055 6998 1056
f 1056 6284 1057
f 1056 6998 6284
f 1058 3446 4332
f 1058 4856 3446
f 1059 3534 7130
f 1059 3648 4596
f 1059 4596 3534
f 1059 7130 3648
f 1060 1061 1062
f 1060 1062 4872
f 1060 3683 1061
f 1060 4872 6653
f 1060 6653 3683
f 1061 2676 6956
f 1061 3683 2676
f 1061 6956 1062
f 1062 6373 4872
f 1062 6956 6373
f 1063 1064 6373
f 1063 1065 1064
f 1063 2469 5842
f 1063 5842 1065
f 1063 6373 6956
f 1063 6956 2469
f 1064 1065 4767
f 1064 1092 6373
f 1064 4767 5595
f 1064 5595 1092
f 1065 1066 4767
f 1065 5842 1066
f 1066 1067 4767
f 1066 2467 1067
f 1066 5842 2467
f 1067 1068 4767
f 1067 2467 4276
f 1067 4276 1068
f 1068 1093 4767
f 1068 1095 1093
f 1068 4276 6334
f 1068 6334 1095
f 1069 1070 1071
f 1069 1071 1096
f 1069 1095 6334
f 1069 1096 1095
f 1069 6334 1070
f 1070 1072 1071
f 1070 2233 2234
f 1070 2234 1072
f 1070 6334 2233
f 1071 1072 3467
f 1071 1097 1096
f 1071 3467 1097
f 1072 2234 6591
f 1072 6591 3467
f 1073 4068 6736
f 1073 6736 7195
f 1073 7195 4068
f 1074 3968 7172
f 1074 4447 3968
f 1074 7172 7200
f 1074 7200 4447
f 1075 3230 3321
f 1075 3321 4262
f 1075 4262 6221
f 1075 4534 3230
f 1075 6221 4534
f 1076 2040 2273
f 1076 2273 3205
f 1076 3205 6790
f 1076 6790 2040
f 1077 4638 4739
f 1077 4739 6681
f 1077 6392 4638
f 1077 6681 6392
f 1078 1079 5207
f 1078 3361 3686
f 1078 3686 1079
f 1078 5207 3361
f 1079 3686 6734
f 1079 6298 5207
f 1079 6734 6298
f 1080 1086 3125
f 1080 3125 3856
f 1080 3152 1086
f 1080 3856 7095
f 1080 7095 3152
f 1081 4938 7051
f 1081 6298 6734
f 1081 6734 4938
f 1081 7051 6298
f 1082 4062 5612
f 1082 4204 6547
f 1082 5612 6635
f 1082 6547 4062
f 1082 6635 4204
f 1083 4262 5629
f 1083 5629 7200
f 1083 7172 4262
f 1083 7200 7172
f 1084 3368 5400
f 1084 3485 6863
f 1084 5400 3485
f 1084 6863 3368
f 1085 3485 5400
f 1085 5400 7095
f 1085 6832 3485
f 1085 7095 6832
f 1086 3152 4938
f 1086 4938 6734
f 1086 6734 3125
f 1087 1091 3172
f 1087 3172 6466
f 1087 6466 3512
f 1088 1089 4569
f 1088 1091 6379
f 1088 3172 1091
f 1088 4569 3172
f 1088 6379 1089
f 1089 1090 6762
f 1089 6379 7182
f 1089 6762 4569
f 1089 7182 1090
f 1090 4049 6762
f 1090 7182 4049
f 1091 4819 6379
f 1092 3985 4872
f 1092 4872 6373
f 1092 5595 3985
f 1093 1094 5595
f 1093 1095 1094
f 1093 5595 4767
f 1094 1095 1096
f 1094 1096 1097
f 1097 3467 4298
f 1097 4298 3600
f 1098 1099 4991
f 1098 4991 6651
f 1098 6393 7157
f 1098 6651 6393
f 1098 7157 1099
f 1099 1100 3155
f 1099 3155 4991
f 1099 7157 1100
f 1100 3022 4094
f 1100 4094 6241
f 1100 6241 3155
f 1100 7157 3022
f 1101 1102 6666
f 1101 3627 6241
f 1101 3872 1102
f 1101 4034 3627
f 1101 6241 3872
f 1101 6666 4034
f 1102 2604 3036
f 1102 3036 6666
f 1102 3872 6372
f 1102 6372 2604
f 1103 1104 1105
f 1103 1105 2589
f 1103 2587 4695
f 1103 2589 2587
f 1103 4695 1104
f 1104 1106 1105
f 1104 3043 6315
f 1104 4695 3043
f 1104 6315 1106
f 1105 1106 1107
f 1105 1107 2589
f 1106 3044 7109
f 1106 6315 3044
f 1106 7109 1107
f 1107 1108 2594
f 1107 2594 2589
f 1107 7109 1108
f 1108 1109 2594
f 1108 4310 1109
f 1108 7109 4310
f 1109 1110 3075
f 1109 3074 2594
f 1109 3075 3074
f 1109 4310 7076
f 1109 7076 1110
f 1110 1111 1112
f 1110 1112 3075
f 1110 7076 1111
f 1111 1113 1112
f 1111 3055 1113
f 1111 7076 3055
f 1112 1113 1114
f 1112 1114 3075
f 1113 1115 1114
f 1113 2739 2740
f 1113 2740 1115
f 1113 3055 2739
f 1114 1115 1116
f 1114 1116 2593
f 1114 2593 3075
f 1115 2740 2741
f 1115 2741 6454
f 1115 6454 1116
f 1116 1117 2580
f 1116 2580 2593
f 1116 6454 1117
f 1117 1118 2578
f 1117 2578 2579
f 1117 2579 2580
f 1117 6454 1118
f 1118 1119 5035
f 1118 2577 2578
f 1118 5035 2577
f 1118 6454 1119
f 1119 6454 5035
f 1120 4035 4835
f 1120 4328 6303
f 1120 4835 5850
f 1120 5850 4328
f 1120 6303 4035
f 1121 1122 1123
f 1121 1123 1159
f 1121 1159 7074
f 1121 6440 1122
f 1121 7074 6440
f 1122 1124 1123
f 1122 1168 1124
f 1122 4510 1168
f 1122 6440 4510
f 1123 1124 7187
f 1123 1158 1159
f 1123 7187 1158
f 1124 1125 7187
f 1124 1168 1125
f 1125 1126 7187
f 1125 1127 1126
f 1125 1168 1170
f 1125 1170 1127
f 1126 1127 1128
f 1126 1128 1153
f 1126 1153 7187
f 1127 1170 1171
f 1127 1171 6602
f 1127 6602 1128
f 1128 1129 1154
f 1128 1154 1153
f 1128 6602 1129
f 1129 1130 1155
f 1129 1155 1154
f 1129 6602 1130
f 1130 1140 1155
f 1130 6433 1140
f 1130 6602 6433
f 1131 1132 1133
f 1131 1133 1142
f 1131 1139 6433
f 1131 1141 1139
f 1131 1142 1141
f 1131 4111 1132
f 1131 6433 4111
f 1132 3576 3806
f 1132 3806 1133
f 1132 4111 3576
f 1133 1134 1142
f 1133 3806 1134
f 1134 1135 1142
f 1135 7081 1142
f 1136 1137 6977
f 1136 1143 1137
f 1136 6977 7081
f 1136 7081 4421
f 1137 1138 6977
f 1137 1143 1144
f 1137 1144 1145
f 1137 1145 1157
f 1137 1157 1138
f 1138 1139 6977
f 1138 1140 1139
f 1138 1156 1140
f 1138 1157 1156
f 1139 1140 6433
f 1139 1141 6977
f 1140 1156 1155
f 1141 1142 6977
f 1142 7081 6977
f 1143 6370 1144
f 1144 1146 1145
f 1144 6370 1146
f 1145 1146 1147
f 1145 1147 6981
f 1145 6981 1157
f 1146 4587 1147
f 1146 6370 4587
f 1147 3680 6981
f 1147 4587 3680
f 1148 1149 6751
f 1148 3967 1149
f 1148 4401 4587
f 1148 6751 4401
f 1149 1150 1151
f 1149 1151 6751
f 1151 1731 1734
f 1151 1734 6751
f 1152 1760 7187
f 1152 3680 4401
f 1152 4401 1760
f 1152 7187 3680
f 1153 1154 6981
f 1153 3680 7187
f 1153 6981 3680
f 1154 1155 1156
f 1154 1156 6981
f 1156 1157 6981
f 1158 1160 1159
f 1158 1733 1160
f 1158 1760 1733
f 1158 7187 1760
f 1159 1160 7074
f 1160 1730 6431
f 1160 1733 1730
f 1160 6431 7074
f 1161 1163 1162
f 1161 4486 6377
f 1161 6377 1163
f 1162 1163 1164
f 1162 1164 1165
f 1163 1860 1164
f 1163 1861 1860
f 1163 1862 1861
f 1163 6377 1862
f 1164 1860 1863
f 1164 1863 4334
f 1164 4334 1165
f 1165 4334 4742
f 1166 3852 7129
f 1166 4512 4584
f 1166 4584 3852
f 1166 6367 4512
f 1166 7129 6367
f 1167 4510 6440
f 1167 4666 4625
f 1167 6440 4666
f 1168 1169 1170
f 1168 4510 6450
f 1168 6450 1169
f 1169 1171 1170
f 1169 1172 1173
f 1169 1173 1171
f 1169 6450 1172
f 1171 1173 1174
f 1171 1174 1175
f 1171 1175 6602
f 1172 1177 1173
f 1173 1177 1178
f 1173 1178 1174
f 1174 1176 1175
f 1174 1178 1176
f 1175 1176 6433
f 1175 6433 6602
f 1176 1178 4545
f 1176 4545 6433
f 1177 1858 1859
f 1177 1859 1178
f 1178 1859 4545
f 1179 1180 6343
f 1179 5085 7063
f 1179 6343 5085
f 1179 6501 1180
f 1179 7063 6501
f 1180 5349 6343
f 1180 6501 7068
f 1180 7068 5349
f 1181 1182 7068
f 1181 1226 1227
f 1181 1227 7162
f 1181 5623 1182
f 1181 7068 1226
f 1181 7162 5623
f 1182 1241 1242
f 1182 1242 7068
f 1182 5623 1241
f 1183 1184 4236
f 1183 3346 4113
f 1183 4236 4406
f 1183 4406 3346
f 1184 1238 4236
f 1184 6227 1238
f 1185 1237 6227
f 1185 6228 6312
f 1185 6312 1237
f 1186 1187 4599
f 1186 1249 6228
f 1186 4599 5574
f 1186 5574 1249
f 1186 6228 4660
f 1187 4261 4503
f 1187 4503 4599
f 1187 6636 4261
f 1188 4684 5751
f 1188 5063 4684
f 1188 5751 7046
f 1188 7046 5063
f 1189 1190 4684
f 1189 1222 1223
f 1189 1223 1190
f 1189 3579 1222
f 1189 4684 3579
f 1190 1191 5760
f 1190 1223 6266
f 1190 5760 4684
f 1190 6266 1191
f 1191 6266 7063
f 1191 7063 5760
f 1192 4186 6056
f 1192 4743 6185
f 1192 6185 4186
f 1193 1194 1215
f 1193 1215 6253
f 1193 4582 1194
f 1193 6253 4582
f 1194 1216 1215
f 1194 4582 5239
f 1194 5239 1216
f 1195 1196 5239
f 1195 1197 1196
f 1195 1612 1197
f 1196 1197 1198
f 1196 1198 1218
f 1196 1217 5239
f 1196 1218 1217
f 1197 1612 6402
f 1197 6402 1198
f 1198 1219 1218
f 1198 1220 1219
f 1198 6402 1220
f 1199 1200 6601
f 1199 1228 1200
f 1199 4563 7025
f 1199 6601 4563
f 1199 7025 1228
f 1200 1201 6601
f 1200 1202 1201
f 1200 1228 1202
f 1201 1202 1203
f 1201 1203 3807
f 1201 3807 6601
f 1202 1228 7162
f 1202 6225 1203
f 1202 7162 6225
f 1203 1204 1221
f 1203 1221 3807
f 1203 6225 1204
f 1204 1205 1206
f 1204 1206 6712
f 1204 1220 1221
f 1204 6225 1205
f 1204 6712 1220
f 1205 1225 5056
f 1205 1226 1225
f 1205 1227 1226
f 1205 5056 1206
f 1205 6225 1227
f 1206 1207 6712
f 1206 5056 1207
f 1207 1208 6712
f 1207 5056 1208
f 1208 1209 1210
f 1208 1210 1218
f 1208 1218 1219
f 1208 1219 6712
f 1208 5056 1209
f 1209 1211 1210
f 1209 1222 1211
f 1209 4501 1222
f 1209 5056 4501
f 1210 1211 1212
f 1210 1212 1216
f 1210 1216 1217
f 1210 1217 1218
f 1211 1222 6258
f 1211 6258 1212
f 1212 1213 1215
f 1212 1215 1216
f 1212 6258 1213
f 1213 1214 7046
f 1213 6253 1215
f 1213 6258 1214
f 1213 7046 6253
f 1214 3579 5063
f 1214 5063 7046
f 1214 6258 3579
f 1216 5239 1217
f 1219 1220 6712
f 1220 6402 1221
f 1221 6402 3807
f 1222 3579 6258
f 1222 4501 1223
f 1223 4501 6266
f 1224 4780 6501
f 1224 6266 4780
f 1224 6501 7063
f 1224 7063 6266
f 1225 1226 6501
f 1225 4780 5056
f 1225 6501 4780
f 1226 7068 6501
f 1227 6225 7162
f 1228 7025 7162
f 1229 1230 3078
f 1229 1467 7199
f 1229 3078 1467
f 1229 4630 1230
f 1229 7199 4630
f 1230 1231 1232
f 1230 1232 3077
f 1230 3077 3078
f 1230 4630 1231
f 1231 1233 1232
f 1231 4630 5078
f 1231 5078 1233
f 1232 1233 1234
f 1232 1234 3077
f 1233 1235 1234
f 1233 1274 1235
f 1233 5078 1274
f 1234 1235 1236
f 1234 1236 6960
f 1234 4509 3077
f 1234 6960 4509
f 1235 1274 6309
f 1235 3951 1236
f 1235 6309 3951
f 1236 3951 5395
f 1236 5395 6960
f 1237 1243 3298
f 1237 3298 3702
f 1237 3702 6227
f 1237 6312 1243
f 1238 3702 4236
f 1238 6227 3702
f 1239 1240 6679
f 1239 1281 1240
f 1239 1285 1281
f 1239 6455 1285
f 1239 6679 6455
f 1240 1241 5623
f 1240 1279 1241
f 1240 1281 1279
f 1240 5623 6679
f 1241 1279 1287
f 1241 1287 1242
f 1242 1286 5349
f 1242 1287 1286
f 1242 5349 7068
f 1243 1244 5395
f 1243 5395 3298
f 1243 6312 1244
f 1244 1245 1246
f 1244 1246 5395
f 1244 6312 1245
f 1245 1249 5574
f 1245 5574 7087
f 1245 6312 1249
f 1245 7087 1246
f 1246 1247 3920
f 1246 3920 5395
f 1246 7087 1247
f 1247 4672 3920
f 1247 6811 4672
f 1247 7087 6811
f 1248 7087 5574
f 1249 6312 6228
f 1250 1251 6682
f 1250 1416 6764
f 1250 1418 1416
f 1250 6682 1418
f 1250 6764 1251
f 1251 1252 1467
f 1251 1467 6211
f 1251 6211 6682
f 1251 6764 1252
f 1252 1253 7199
f 1252 6764 1253
f 1252 7199 1467
f 1253 6764 7199
f 1254 3892 4672
f 1254 4672 6811
f 1254 6282 3892
f 1255 1418 6682
f 1255 1419 1418
f 1255 3439 1419
f 1255 4399 6282
f 1255 6682 4399
f 1256 1257 1417
f 1256 1417 1419
f 1256 1419 3439
f 1256 3439 6510
f 1256 4061 1257
f 1256 6510 4061
f 1257 1258 1259
f 1257 1259 1415
f 1257 1415 1417
f 1257 4061 1258
f 1258 1260 1259
f 1258 1270 1260
f 1258 4061 1270
f 1259 1260 4265
f 1259 1413 1415
f 1259 4265 1413
f 1260 1270 1271
f 1260 1271 4265
f 1261 1262 5528
f 1261 5089 1262
f 1261 5528 5741
f 1261 5741 6659
f 1261 6659 5089
f 1262 5089 5528
f 1263 4627 5528
f 1263 4865 4627
f 1263 5089 4865
f 1263 5528 5089
f 1264 1265 5741
f 1264 1269 6991
f 1264 5528 1269
f 1264 5741 5528
f 1264 6991 1265
f 1265 6991 7105
f 1265 7105 5741
f 1266 1428 7105
f 1266 1439 1428
f 1266 3952 1439
f 1266 6991 3952
f 1266 7105 6991
f 1267 1271 1441
f 1267 1441 3952
f 1267 3952 4003
f 1267 4003 4265
f 1267 4265 1271
f 1268 1269 5528
f 1268 5528 6042
f 1268 6042 6346
f 1268 6346 6991
f 1268 6991 1269
f 1270 1443 1271
f 1270 4061 5898
f 1270 5898 1443
f 1271 1442 1441
f 1271 1443 1442
f 1272 1276 6343
f 1272 4921 1276
f 1272 5242 4921
f 1272 5367 5242
f 1272 6343 5367
f 1273 1274 5078
f 1273 1280 1282
f 1273 1282 1274
f 1273 5078 6606
f 1273 6606 1280
f 1274 1282 6309
f 1275 3505 4067
f 1275 3834 5226
f 1275 4067 3834
f 1275 5226 3505
f 1276 4921 5085
f 1276 5085 6343
f 1277 1278 4067
f 1277 1279 1278
f 1277 1286 1287
f 1277 1287 1279
f 1277 4067 4942
f 1277 4942 1286
f 1278 1279 1280
f 1278 1280 6606
f 1278 6606 4067
f 1279 1281 1280
f 1280 1281 1282
f 1281 1283 1282
f 1281 1285 1283
f 1282 1283 6309
f 1283 1284 6309
f 1283 1285 5585
f 1283 5585 1284
f 1284 3524 3951
f 1284 3951 6309
f 1284 5585 3524
f 1285 6455 5585
f 1286 4942 5367
f 1286 5367 5349
f 1288 1289 1367
f 1288 1327 6110
f 1288 1367 1327
f 1288 6110 6773
f 1289 1290 1291
f 1289 1291 1366
f 1289 1366 1367
f 1290 1292 1291
f 1290 1306 1292
f 1291 1292 1293
f 1291 1293 6553
f 1291 6553 1366
f 1292 1306 1326
f 1292 1326 7166
f 1292 7166 1293
f 1293 1294 1365
f 1293 1365 6553
f 1293 7166 1294
f 1294 3770 1365
f 1294 6522 6800
f 1294 6800 3770
f 1294 7166 6522
f 1295 1296 4786
f 1295 1297 1296
f 1295 1320 1297
f 1295 1321 1320
f 1295 1322 1321
f 1295 4786 6522
f 1295 6522 1322
f 1296 1297 1298
f 1296 1298 1363
f 1296 1363 1364
f 1296 1364 4786
f 1297 1320 1323
f 1297 1323 5201
f 1297 5201 1298
f 1298 1347 1363
f 1298 5201 1347
f 1299 1300 5201
f 1299 1316 6578
f 1299 1318 1316
f 1299 1323 1318
f 1299 5201 1323
f 1299 6578 1300
f 1300 1301 1345
f 1300 1345 4570
f 1300 4570 5201
f 1300 6578 1301
f 1301 1302 3487
f 1301 1344 1345
f 1301 3225 1344
f 1301 3487 3225
f 1301 6578 1302
f 1302 1303 3487
f 1302 1312 1313
f 1302 1313 1303
f 1302 6578 1312
f 1303 1304 3487
f 1303 1313 1314
f 1303 1314 1315
f 1303 1315 1304
f 1304 1305 3487
f 1304 1315 3131
f 1304 3131 1305
f 1305 1342 1343
f 1305 1343 3487
f 1306 1307 1326
f 1307 1308 1324
f 1307 1324 1325
f 1307 1325 1326
f 1308 1319 1321
f 1308 1321 1324
f 1308 4080 1319
f 1308 5234 4080
f 1309 1310 1311
f 1309 1311 4080
f 1309 3289 1310
f 1309 4080 3289
f 1310 1312 1311
f 1310 1313 1312
f 1310 1314 1313
f 1311 1312 6578
f 1311 1316 4080
f 1311 6578 1316
f 1314 4168 1315
f 1315 4168 3131
f 1316 1317 4080
f 1316 1318 1317
f 1317 1318 1319
f 1317 1319 4080
f 1318 1320 1319
f 1318 1323 1320
f 1319 1320 1321
f 1321 1322 1324
f 1322 6522 7166
f 1322 7166 1324
f 1324 7166 1325
f 1325 7166 1326
f 1327 1328 6110
f 1327 1360 1328
f 1327 1366 4368
f 1327 1367 1366
f 1327 4368 1360
f 1328 1329 6110
f 1328 1330 1329
f 1328 1359 1330
f 1328 1360 1359
f 1329 1330 1331
f 1329 1331 6110
f 1330 1332 1331
f 1330 1359 1332
f 1331 1332 4711
f 1331 4711 6110
f 1332 1333 4711
f 1332 1358 1333
f 1332 1359 1358
f 1333 1334 4711
f 1333 1358 1368
f 1333 1368 6271
f 1333 6271 1334
f 1334 1337 1338
f 1334 1338 4711
f 1335 1368 4546
f 1335 4546 1336
f 1335 6271 1368
f 1336 4546 1426
f 1338 6110 4711
f 1339 6110 5057
f 1340 1341 1342
f 1341 1370 1394
f 1341 1394 6970
f 1341 6970 1342
f 1342 6970 1343
f 1343 4461 3487
f 1343 6970 4461
f 1344 3225 5066
f 1344 5066 6267
f 1344 6267 1345
f 1345 1447 4570
f 1345 6267 1447
f 1346 1347 4570
f 1346 1447 4388
f 1346 1452 6341
f 1346 4388 1452
f 1346 4570 1447
f 1346 6341 1347
f 1347 5201 4570
f 1347 6341 1363
f 1348 1452 3883
f 1348 3408 3721
f 1348 3721 1452
f 1348 3883 3408
f 1349 1350 7161
f 1349 1459 5358
f 1349 5358 7108
f 1349 7108 1350
f 1349 7161 1459
f 1350 1351 5860
f 1350 5860 7161
f 1350 7108 1351
f 1351 1369 5860
f 1351 6326 1369
f 1352 1353 4705
f 1352 3199 1353
f 1352 4085 6384
f 1352 4641 3199
f 1352 4705 4085
f 1352 6384 4641
f 1353 1362 4705
f 1353 3199 4386
f 1353 4386 1362
f 1354 1355 1356
f 1354 1356 4291
f 1354 1362 4386
f 1354 4291 6800
f 1354 4386 1355
f 1354 6800 1362
f 1355 1357 1356
f 1355 1421 1422
f 1355 1422 1423
f 1355 1423 1357
f 1355 3199 1421
f 1355 4386 3199
f 1356 1357 4012
f 1356 4012 4291
f 1357 1423 4985
f 1357 4985 4012
f 1358 1359 4368
f 1358 3081 1368
f 1358 4368 4985
f 1358 4985 3081
f 1359 1360 4368
f 1361 1362 6800
f 1361 4786 5399
f 1361 5399 1362
f 1361 6800 4786
f 1362 5399 4705
f 1363 6341 7111
f 1363 7111 1364
f 1364 5399 4786
f 1364 7111 5399
f 1365 3770 4804
f 1365 4804 6553
f 1366 6553 4368
f 1368 3081 4546
f 1369 3879 6384
f 1369 6384 5860
f 1370 1398 1394
f 1371 1372 5087
f 1371 1399 6627
f 1371 4079 4674
f 1371 4674 1372
f 1371 5087 1399
f 1371 6627 4079
f 1372 1373 5087
f 1372 4674 1373
f 1373 1402 4287
f 1373 4287 5087
f 1373 4674 1402
f 1374 1375 1376
f 1374 1376 1396
f 1374 1396 5626
f 1374 5626 6767
f 1374 6767 1375
f 1375 1407 4105
f 1375 4105 1376
f 1375 6767 1407
f 1376 1377 1396
f 1376 4105 1377
f 1377 1392 1396
f 1377 4105 7121
f 1377 7121 1392
f 1378 1379 7121
f 1378 1410 7134
f 1378 7121 1410
f 1378 7134 1379
f 1379 1380 1390
f 1379 1390 7120
f 1379 7120 7121
f 1379 7134 1380
f 1380 1381 1382
f 1380 1382 6374
f 1380 6374 1390
f 1380 7134 1381
f 1381 1383 1382
f 1381 1412 1383
f 1381 3132 1412
f 1381 7134 3132
f 1382 1383 3419
f 1382 1387 1388
f 1382 1388 6374
f 1382 3419 4290
f 1382 4290 1387
f 1383 1412 3459
f 1383 3459 4852
f 1383 4852 3419
f 1384 1385 4058
f 1384 3234 5188
f 1384 4058 4678
f 1384 4678 3234
f 1384 5188 1385
f 1385 5084 6588
f 1385 5188 5084
f 1385 6588 4058
f 1386 1464 4290
f 1386 1466 1464
f 1386 3419 4678
f 1386 4058 4529
f 1386 4290 3419
f 1386 4529 1466
f 1386 4678 4058
f 1387 1463 1388
f 1387 4290 1463
f 1388 1461 6374
f 1388 1463 1461
f 1389 1447 6267
f 1389 1448 4388
f 1389 3219 1448
f 1389 3245 3219
f 1389 4388 1447
f 1389 6267 3245
f 1390 6374 7120
f 1391 1392 7121
f 1391 1395 6949
f 1391 6949 1392
f 1391 7120 1395
f 1391 7121 7120
f 1392 1393 1396
f 1392 6949 1393
f 1393 3427 5626
f 1393 5626 1396
f 1393 6949 3427
f 1394 1397 6970
f 1394 1398 1397
f 1395 4969 6949
f 1395 7120 4969
f 1397 1398 1399
f 1397 1399 5087
f 1397 5087 5626
f 1397 5626 6970
f 1400 1401 1402
f 1400 1402 4674
f 1401 1607 5370
f 1401 5370 1402
f 1402 5370 4287
f 1403 1404 6767
f 1403 1606 1404
f 1403 4088 1606
f 1403 4287 5370
f 1403 5370 6363
f 1403 6363 4088
f 1403 6767 4287
f 1404 1405 6767
f 1404 1406 1405
f 1404 1606 1608
f 1404 1608 1406
f 1405 1406 1407
f 1405 1407 6767
f 1406 1408 1407
f 1406 1608 5876
f 1406 5876 1408
f 1407 1408 4105
f 1408 1596 6623
f 1408 5876 1596
f 1408 6623 4105
f 1409 1410 6623
f 1409 1411 1410
f 1409 1594 4581
f 1409 4581 1411
f 1409 6623 1594
f 1410 1411 7134
f 1410 7121 6623
f 1411 4581 7134
f 1412 3132 6314
f 1412 6314 3459
f 1413 1414 1415
f 1413 4003 4154
f 1413 4154 1414
f 1413 4265 4003
f 1414 1416 1415
f 1414 4154 4576
f 1414 4576 1416
f 1415 1416 1417
f 1416 1418 1417
f 1416 4576 6764
f 1417 1418 1419
f 1420 3903 5744
f 1420 4154 3903
f 1420 4358 4154
f 1420 5726 4358
f 1420 5744 5726
f 1421 3199 4144
f 1421 3400 6768
f 1421 4144 3400
f 1421 6768 1422
f 1422 3080 6397
f 1422 6397 1423
f 1422 6768 3080
f 1423 6397 4985
f 1424 1425 1426
f 1424 1426 3080
f 1424 3080 6768
f 1424 6768 1425
f 1426 4546 3080
f 1427 1428 7181
f 1427 4700 6683
f 1427 6683 7105
f 1427 7105 1428
f 1427 7181 4700
f 1428 1439 7181
f 1429 1430 1436
f 1429 1436 1438
f 1429 1438 6110
f 1430 1431 6366
f 1430 6366 1436
f 1430 6823 1431
f 1431 1432 1433
f 1431 1433 1435
f 1431 1435 6366
f 1431 6823 1432
f 1432 1434 1433
f 1436 6366 1437
f 1436 7123 1438
f 1438 7123 6110
f 1439 1440 7181
f 1439 1441 1440
f 1439 3952 1441
f 1440 1441 1442
f 1440 1442 1445
f 1440 1445 4622
f 1440 4622 7181
f 1442 1443 1445
f 1443 1444 1445
f 1443 5898 1444
f 1444 4347 1445
f 1444 5898 6408
f 1444 6408 6954
f 1444 6954 4347
f 1445 4347 4622
f 1446 3167 4921
f 1446 4125 3167
f 1446 4921 4125
f 1448 1449 4388
f 1448 1453 1449
f 1448 3219 1453
f 1449 1450 4388
f 1449 1451 1450
f 1449 1453 1454
f 1449 1454 1451
f 1450 1451 3883
f 1450 1452 4388
f 1450 3883 1452
f 1451 1454 1455
f 1451 1455 4729
f 1451 4729 3883
f 1452 3721 6341
f 1453 1461 1454
f 1453 3219 6374
f 1453 6374 1461
f 1454 1461 1462
f 1454 1462 1455
f 1455 1462 4266
f 1455 4266 4729
f 1456 1457 1458
f 1456 1458 6497
f 1456 4867 1457
f 1456 6497 6281
f 1457 4143 6279
f 1457 4774 4143
f 1457 4867 4774
f 1457 6279 1458
f 1458 5358 6497
f 1458 6279 7108
f 1458 7108 5358
f 1459 4266 5358
f 1459 4729 4266
f 1459 7161 4729
f 1460 3408 3883
f 1460 3883 4729
f 1460 4194 3408
f 1460 4729 7161
f 1460 7161 4194
f 1461 1463 1462
f 1462 1463 1464
f 1462 1464 4205
f 1462 4205 4266
f 1463 4290 1464
f 1464 1466 4948
f 1464 4948 4205
f 1465 1466 4529
f 1465 4529 6281
f 1465 4948 1466
f 1465 6281 6497
f 1465 6497 4948
f 1467 3078 6211
f 1468 1469 1578
f 1468 1578 1579
f 1468 1579 1580
f 1468 1580 6050
f 1469 1470 1471
f 1469 1471 1578
f 1470 1472 1471
f 1470 1552 1472
f 1471 1472 1473
f 1471 1473 1581
f 1471 1581 1578
f 1472 1474 1473
f 1472 1552 1553
f 1472 1553 1474
f 1473 1474 1475
f 1473 1475 1582
f 1473 1582 1581
f 1474 1476 1475
f 1474 1553 3912
f 1474 3912 1476
f 1475 1476 1477
f 1475 1477 1583
f 1475 1583 6500
f 1475 6500 1582
f 1476 1478 1477
f 1476 3912 1478
f 1477 1478 4944
f 1477 4944 1583
f 1478 1479 4944
f 1478 1554 1479
f 1478 3912 1554
f 1479 1554 1555
f 1479 1555 1556
f 1479 1556 3136
f 1480 1482 1481
f 1480 1561 1562
f 1480 1562 1482
f 1480 1576 1577
f 1480 1577 1561
f 1480 4945 1576
f 1481 1482 1483
f 1481 1483 1485
f 1482 1562 4864
f 1482 4864 1483
f 1483 1484 1485
f 1483 4864 1484
f 1484 1487 1485
f 1484 4864 6306
f 1484 6306 1487
f 1485 1487 1486
f 1486 1487 1488
f 1486 1488 1867
f 1486 1867 1492
f 1487 6306 1488
f 1488 1489 1867
f 1488 6306 1489
f 1489 1490 1865
f 1489 1865 6310
f 1489 5866 1490
f 1489 6306 5866
f 1489 6310 1867
f 1490 3303 1865
f 1490 3643 3303
f 1490 4398 3643
f 1490 5866 4398
f 1491 3685 4384
f 1491 4384 6307
f 1491 4462 3685
f 1491 6307 4462
f 1492 1866 1493
f 1492 1867 1866
f 1493 1495 1494
f 1493 1866 1495
f 1494 1495 1496
f 1495 1497 1496
f 1495 1866 6310
f 1495 1868 1497
f 1495 6310 1868
f 1496 1497 1498
f 1496 1498 1922
f 1496 1544 1543
f 1496 1922 1544
f 1497 1499 1498
f 1497 1868 1499
f 1498 1499 1500
f 1498 1500 1922
f 1499 1501 1500
f 1499 1868 1501
f 1500 1501 1502
f 1500 1502 1905
f 1500 1905 1919
f 1500 1919 1921
f 1500 1921 1922
f 1501 1868 4025
f 1501 4025 6463
f 1501 6463 1502
f 1502 3143 1905
f 1502 5225 3143
f 1502 6463 5225
f 1503 1504 1910
f 1503 1910 6255
f 1503 3779 4252
f 1503 4252 1504
f 1503 6255 3779
f 1504 1528 1910
f 1504 4252 6816
f 1504 6816 1528
f 1505 1506 1507
f 1505 1507 6816
f 1505 3865 1506
f 1505 5891 3865
f 1505 6285 5891
f 1505 6816 6285
f 1506 1508 1507
f 1506 3865 6344
f 1506 6344 1508
f 1507 1508 1509
f 1507 1509 1540
f 1507 1540 6816
f 1508 1542 6781
f 1508 6344 1542
f 1508 6781 1509
f 1509 1523 1540
f 1509 6781 1523
f 1510 1511 6717
f 1510 1530 6729
f 1510 6717 6781
f 1510 6729 1511
f 1510 6781 1530
f 1511 1512 6717
f 1511 6729 1529
f 1512 1513 6717
f 1513 1514 6692
f 1513 6692 6717
f 1514 1515 6692
f 1514 6775 1515
f 1515 1516 1517
f 1515 1517 6546
f 1515 6546 6692
f 1515 6775 1516
f 1516 1518 1517
f 1516 6645 1518
f 1516 6775 6645
f 1517 1518 1519
f 1517 1519 1551
f 1517 1551 6546
f 1518 1520 1519
f 1518 6645 1520
f 1519 1520 1521
f 1519 1521 1550
f 1519 1550 1551
f 1521 1522 1871
f 1521 1549 1550
f 1521 1871 1549
f 1522 7179 1871
f 1523 1524 1525
f 1523 1525 1540
f 1523 6717 1524
f 1523 6781 6717
f 1524 1526 1525
f 1524 1913 1526
f 1524 6717 1913
f 1525 1526 1527
f 1525 1527 1541
f 1525 1541 1540
f 1526 1528 1527
f 1526 1910 1528
f 1526 1911 1910
f 1526 1912 1911
f 1526 1913 1912
f 1527 1528 6816
f 1527 6816 1541
f 1530 1532 1531
f 1530 1542 1532
f 1530 6781 1542
f 1531 1532 1533
f 1531 1533 1968
f 1531 1968 1534
f 1532 1542 6344
f 1532 6344 1533
f 1533 1966 1968
f 1534 1536 1535
f 1534 1967 1536
f 1534 1968 1967
f 1535 1536 1537
f 1535 1537 6834
f 1536 1538 1537
f 1536 1967 1969
f 1536 1969 1538
f 1537 1538 1539
f 1537 1539 6834
f 1538 3520 1539
f 1538 6733 3520
f 1540 1541 6816
f 1543 1544 1545
f 1544 1546 1545
f 1544 1920 1546
f 1544 1922 1920
f 1545 1546 1547
f 1545 1547 7179
f 1546 1920 6761
f 1546 6761 1547
f 1547 1871 7179
f 1547 6761 1871
f 1548 1549 6761
f 1548 1917 6254
f 1548 1918 1917
f 1548 6254 1549
f 1548 6761 1918
f 1549 1871 6761
f 1549 6254 1550
f 1550 6254 1551
f 1551 6254 6546
f 1552 1567 1553
f 1553 1567 1568
f 1553 1568 1569
f 1553 1569 3912
f 1554 1571 1573
f 1554 1573 1555
f 1554 3912 1571
f 1555 1573 1574
f 1555 1574 6866
f 1555 6866 1556
f 1556 1557 1576
f 1556 1576 4945
f 1556 4945 3136
f 1556 6866 1557
f 1557 1558 1559
f 1557 1559 1577
f 1557 1577 1576
f 1557 6866 1558
f 1558 1560 1559
f 1558 1565 3987
f 1558 3987 1560
f 1558 6866 1565
f 1559 1560 1561
f 1559 1561 1577
f 1560 1562 1561
f 1560 3987 4967
f 1560 4864 1562
f 1560 4967 6261
f 1560 6261 4864
f 1563 4845 6261
f 1563 4967 7016
f 1563 6261 4967
f 1563 7016 4845
f 1564 1778 5397
f 1564 1779 1778
f 1564 4473 1779
f 1564 4538 4473
f 1564 5397 4538
f 1565 1575 3987
f 1565 6866 1575
f 1566 3492 4338
f 1566 3934 6625
f 1566 4338 3934
f 1567 6625 1568
f 1568 1570 1569
f 1568 6625 1570
f 1569 1570 1571
f 1569 1571 3912
f 1570 1572 1571
f 1570 6625 1572
f 1571 1572 1573
f 1572 1574 1573
f 1572 1575 1574
f 1572 3934 1575
f 1572 6625 3934
f 1574 1575 6866
f 1575 3934 4338
f 1575 4338 3987
f 1578 1581 5747
f 1578 5747 1579
f 1579 5747 1580
f 1580 5036 5518
f 1580 5518 6050
f 1580 5747 5036
f 1581 1582 5747
f 1582 5148 5747
f 1582 6500 5148
f 1583 4944 6500
f 1584 3451 7139
f 1584 4110 4315
f 1584 4315 3451
f 1584 5388 4110
f 1584 7139 5388
f 1585 1646 7067
f 1585 5388 7139
f 1585 6571 5388
f 1585 7067 6571
f 1585 7139 1646
f 1586 1587 1598
f 1586 1598 6571
f 1586 4796 1587
f 1586 6571 7067
f 1586 7067 4796
f 1587 1588 6231
f 1587 4796 1588
f 1587 6231 1598
f 1588 4796 6229
f 1588 5854 6231
f 1588 6229 5854
f 1589 3393 6394
f 1589 5854 6229
f 1589 6229 3393
f 1589 6394 5854
f 1590 1591 1592
f 1590 1592 5854
f 1590 5854 6394
f 1590 6394 1591
f 1591 1593 1592
f 1591 4213 1593
f 1591 6394 4213
f 1592 1593 1594
f 1592 1594 4344
f 1592 1600 5854
f 1592 4344 1600
f 1593 1595 1594
f 1593 1679 1595
f 1593 4213 1679
f 1594 1595 4581
f 1594 6623 4344
f 1595 1679 6314
f 1595 6314 4581
f 1596 4139 4344
f 1596 4344 6623
f 1596 5876 4139
f 1597 1598 6231
f 1597 4139 1598
f 1597 4344 4139
f 1597 6231 4344
f 1598 1599 6571
f 1598 4139 1599
f 1599 1601 4110
f 1599 4110 5388
f 1599 4139 1601
f 1599 5388 6571
f 1600 4344 6231
f 1600 6231 5854
f 1601 1602 4110
f 1601 4139 5876
f 1601 5876 1602
f 1602 1605 4315
f 1602 1608 1605
f 1602 4315 4110
f 1602 5876 1608
f 1603 3451 4315
f 1603 4315 1604
f 1604 1605 5888
f 1604 4315 1605
f 1605 1606 5888
f 1605 1608 1606
f 1606 4088 5888
f 1609 4402 3601
f 1610 1626 5885
f 1610 1649 1626
f 1610 5885 6329
f 1612 1613 5095
f 1612 5095 6402
f 1613 4789 5095
f 1614 1615 1616
f 1614 1616 1621
f 1614 1621 6064
f 1614 5598 1615
f 1614 6064 5598
f 1615 1617 1616
f 1615 1618 1617
f 1615 5598 6048
f 1615 6048 1618
f 1617 1618 1619
f 1617 1619 1620
f 1617 1620 1857
f 1619 6865 1620
f 1621 1622 6064
f 1622 1623 1624
f 1622 1624 6064
f 1623 6064 1624
f 1625 1646 7139
f 1625 3601 5885
f 1625 4282 1646
f 1625 5885 4282
f 1625 7139 3601
f 1626 1627 4282
f 1626 1649 1650
f 1626 1650 6296
f 1626 4282 5885
f 1626 6296 1627
f 1627 1628 1645
f 1627 1645 4282
f 1627 6296 1628
f 1628 1629 4459
f 1628 1642 1643
f 1628 1643 1645
f 1628 4459 1642
f 1628 6296 1629
f 1629 1707 4189
f 1629 4189 4459
f 1629 6296 1707
f 1630 1631 1632
f 1630 1632 1638
f 1630 1638 1640
f 1630 1640 1642
f 1630 1642 4459
f 1630 4459 1631
f 1631 1708 1709
f 1631 1709 4763
f 1631 4459 1708
f 1631 4763 1632
f 1632 1633 1638
f 1632 4763 1633
f 1633 1634 1635
f 1633 1635 1637
f 1633 1637 5857
f 1633 4763 1634
f 1633 5857 1638
f 1634 4182 1635
f 1634 4763 6721
f 1634 6721 4182
f 1635 3530 3896
f 1635 3896 1637
f 1635 4182 3530
f 1636 3334 6302
f 1636 3424 6318
f 1636 3593 3994
f 1636 3994 3424
f 1636 6302 3593
f 1636 6318 3334
f 1637 1684 5857
f 1637 3896 1684
f 1638 1639 1640
f 1638 5857 1639
f 1639 1641 1640
f 1639 1667 1641
f 1639 5857 1667
f 1640 1641 1642
f 1641 1666 6212
f 1641 1667 1666
f 1641 6212 1642
f 1642 6212 1643
f 1643 1644 1645
f 1643 6212 1644
f 1644 1646 1645
f 1644 5213 1646
f 1644 6212 5213
f 1645 1646 4282
f 1646 5213 7067
f 1647 4042 6644
f 1647 6644 7174
f 1647 7032 4042
f 1647 7174 7032
f 1648 3795 4050
f 1648 4050 6967
f 1648 5192 3795
f 1648 6967 5192
f 1649 1651 1650
f 1650 1651 1652
f 1650 1652 1707
f 1650 1707 6296
f 1651 1653 1652
f 1651 1663 1653
f 1652 1653 4189
f 1652 4189 1707
f 1653 1663 6187
f 1653 6187 4189
f 1654 1739 3940
f 1654 3940 5054
f 1654 5054 7127
f 1654 5069 1739
f 1654 5618 5069
f 1654 7127 5618
f 1655 1656 5069
f 1655 5069 5618
f 1655 5618 1656
f 1656 1657 6417
f 1656 1660 1657
f 1656 5618 1660
f 1656 6417 5069
f 1657 1658 6417
f 1657 1660 1661
f 1657 1661 1662
f 1657 1662 1658
f 1658 1659 6417
f 1659 1754 6417
f 1659 1755 1754
f 1659 6674 1755
f 1660 5618 5846
f 1664 1665 3322
f 1664 3322 4796
f 1664 4796 7067
f 1664 5213 1665
f 1664 7067 5213
f 1665 1666 3322
f 1665 5213 6212
f 1665 6212 1666
f 1666 1667 6354
f 1666 6354 3322
f 1667 1668 6354
f 1667 1669 1668
f 1667 5857 1669
f 1668 1669 1670
f 1668 1670 1673
f 1668 1673 6354
f 1669 1684 7101
f 1669 5857 1684
f 1669 7101 1670
f 1670 1675 1673
f 1670 6657 1675
f 1670 7101 6657
f 1671 1672 4326
f 1671 4326 6617
f 1671 5882 1672
f 1671 6617 6657
f 1671 6657 5882
f 1672 3214 3941
f 1672 3777 4326
f 1672 3941 3777
f 1672 5882 3214
f 1673 1674 6354
f 1673 1675 1674
f 1674 1675 1676
f 1674 1676 1706
f 1674 1706 6354
f 1675 6657 1676
f 1676 1690 1705
f 1676 1705 1706
f 1676 6617 1690
f 1676 6657 6617
f 1677 3122 6617
f 1677 4326 4514
f 1677 4514 6242
f 1677 6242 3122
f 1677 6617 4326
f 1678 1679 4213
f 1678 1681 3459
f 1678 3459 6314
f 1678 4131 1681
f 1678 4213 4131
f 1678 6314 1679
f 1680 6493 7189
f 1680 7007 3130
f 1680 7189 7007
f 1681 4131 6951
f 1681 4852 3459
f 1681 6951 4852
f 1682 1683 1686
f 1682 1686 4131
f 1682 4131 4213
f 1682 4213 1683
f 1683 1687 1686
f 1683 1688 1687
f 1683 4213 6394
f 1683 6394 1688
f 1684 3896 7101
f 1685 3214 5882
f 1685 3226 3214
f 1685 4768 3226
f 1685 5882 7101
f 1685 7101 4768
f 1686 1687 1704
f 1686 1702 4131
f 1686 1703 1702
f 1686 1704 1703
f 1687 1688 1689
f 1687 1689 1704
f 1688 1690 1689
f 1688 1705 1690
f 1688 6394 1705
f 1689 1690 6617
f 1689 3122 1704
f 1689 6617 3122
f 1691 1692 1693
f 1691 1693 1703
f 1691 1703 1704
f 1691 1704 3122
f 1691 3122 6242
f 1691 6242 1692
f 1692 1694 1693
f 1692 3185 1694
f 1692 6242 3185
f 1693 1694 1695
f 1693 1695 1703
f 1694 1696 1695
f 1694 3185 6987
f 1694 6987 1696
f 1695 1696 5864
f 1695 1702 1703
f 1695 5864 1702
f 1696 1699 5864
f 1696 6987 1699
f 1697 1698 5084
f 1697 1699 1698
f 1697 5084 5188
f 1697 5188 5864
f 1697 5864 1699
f 1698 1699 6263
f 1699 6987 6263
f 1700 1856 4978
f 1700 3185 1856
f 1700 3751 3801
f 1700 3801 6987
f 1700 4978 3751
f 1700 6987 3185
f 1701 1856 3185
f 1701 3185 6242
f 1701 3969 5192
f 1701 5192 1856
f 1701 6242 3969
f 1702 5864 6951
f 1702 6951 4131
f 1705 3393 1706
f 1705 6394 3393
f 1706 3393 6354
f 1708 4459 5222
f 1708 5222 1709
f 1709 1710 4763
f 1709 5222 6550
f 1709 6550 1710
f 1710 1711 6721
f 1710 6550 1711
f 1710 6721 4763
f 1711 1712 6721
f 1711 1713 1712
f 1711 1752 1713
f 1711 6550 1752
f 1712 1713 1714
f 1712 1714 1838
f 1712 1837 6721
f 1712 1838 6789
f 1712 6789 1837
f 1713 1715 1714
f 1713 1747 1715
f 1713 1752 1747
f 1714 1715 1716
f 1714 1716 6414
f 1714 6414 1838
f 1715 1717 1716
f 1715 1746 1717
f 1715 1747 1746
f 1716 1717 6414
f 1717 1746 1751
f 1717 1750 6952
f 1717 1751 1750
f 1717 6952 6414
f 1718 3383 3612
f 1718 3509 6467
f 1718 3612 3509
f 1718 3737 3383
f 1718 6467 3737
f 1719 1720 6256
f 1719 1721 1720
f 1719 6256 1743
f 1720 1721 1722
f 1720 1722 1843
f 1720 1843 1844
f 1720 1844 6256
f 1721 1723 1722
f 1721 1757 1723
f 1722 1723 1724
f 1722 1724 1843
f 1723 1757 6963
f 1723 3287 1724
f 1723 6963 3287
f 1724 1842 1843
f 1724 3287 3443
f 1724 3443 4372
f 1724 4372 1842
f 1725 1900 3731
f 1725 3731 4724
f 1725 4724 4883
f 1725 4883 6621
f 1725 6621 1900
f 1726 1727 6621
f 1726 1975 4165
f 1726 4165 1727
f 1726 4883 1975
f 1726 6621 4883
f 1727 1902 6621
f 1727 4165 1902
f 1728 4586 4863
f 1728 4604 7118
f 1728 5361 4604
f 1728 7118 4586
f 1729 1730 1732
f 1729 1732 1731
f 1729 6431 1730
f 1730 1733 1732
f 1731 1732 1734
f 1732 1733 1760
f 1732 1760 6751
f 1732 6751 1734
f 1735 1835 1736
f 1735 3079 1835
f 1735 4776 3079
f 1735 7007 4776
f 1736 1835 1836
f 1736 1836 3284
f 1736 3284 3201
f 1737 1738 1748
f 1737 1747 6550
f 1737 1748 1747
f 1737 5222 5583
f 1737 5583 1738
f 1737 6550 5222
f 1738 3940 1748
f 1738 5054 3940
f 1738 5583 5054
f 1739 1740 1744
f 1739 1744 1745
f 1739 1745 6782
f 1739 5069 1740
f 1739 6782 3940
f 1740 1741 6646
f 1740 3546 1744
f 1740 5069 1741
f 1740 6646 3546
f 1741 1742 6646
f 1741 1753 1742
f 1741 5069 6417
f 1741 6417 1753
f 1742 1753 5580
f 1742 5580 6646
f 1743 3737 6467
f 1743 6256 3737
f 1744 1749 1745
f 1744 3546 1749
f 1745 1746 6782
f 1745 1749 1751
f 1745 1751 1746
f 1746 1747 6782
f 1747 1748 6782
f 1747 1752 6550
f 1748 3940 6782
f 1749 1750 1751
f 1749 3546 1750
f 1750 3546 6952
f 1753 1754 1755
f 1753 1755 5580
f 1753 6417 1754
f 1755 1756 5580
f 1755 6674 1756
f 1756 3477 5580
f 1756 3544 3477
f 1756 3938 3544
f 1756 6674 3938
f 1758 3415 6963
f 1759 1965 1970
f 1759 1970 4597
f 1760 4401 6751
f 1761 3954 4322
f 1761 4322 6750
f 1761 6642 3954
f 1762 1763 6642
f 1762 1764 1763
f 1762 1819 1820
f 1762 1820 1764
f 1763 1764 1765
f 1763 1765 3858
f 1763 3858 3954
f 1763 3954 6642
f 1764 1766 1765
f 1764 1820 1821
f 1764 1821 1766
f 1765 1766 1767
f 1765 1767 1783
f 1765 1783 3858
f 1766 1821 7185
f 1766 3620 1767
f 1766 7185 3620
f 1767 1768 1783
f 1767 3620 1768
f 1768 1769 1784
f 1768 1784 1783
f 1768 3620 1769
f 1769 1770 1771
f 1769 1771 4015
f 1769 3620 1770
f 1769 4015 1784
f 1770 1825 4707
f 1770 1826 5058
f 1770 3620 1825
f 1770 4707 1826
f 1770 5058 1771
f 1771 5058 4015
f 1772 1830 6586
f 1772 4015 5058
f 1772 4199 4015
f 1772 5058 1830
f 1772 6586 4199
f 1773 3244 6322
f 1773 3461 6213
f 1773 4199 3461
f 1773 5391 3244
f 1773 6213 5391
f 1773 6322 4199
f 1774 1775 6213
f 1774 1776 1775
f 1774 1817 5863
f 1774 3461 1817
f 1774 5863 1776
f 1774 6213 3461
f 1775 1776 6691
f 1775 1781 6213
f 1775 6691 1781
f 1776 1806 4880
f 1776 4880 6691
f 1776 5863 1806
f 1777 1778 7099
f 1777 3759 4845
f 1777 4845 7016
f 1777 7016 1778
f 1777 7099 3759
f 1778 1779 7099
f 1778 7016 5397
f 1779 1780 6691
f 1779 4473 1780
f 1779 6691 7099
f 1780 1781 6691
f 1780 1782 1781
f 1780 1785 1782
f 1780 4473 1785
f 1781 1782 5391
f 1781 5391 6213
f 1782 1785 1786
f 1782 1786 3190
f 1782 3190 5391
f 1783 1784 3189
f 1783 3189 3858
f 1784 4015 3189
f 1785 1787 1786
f 1786 6750 3190
f 1788 1789 6695
f 1788 1807 4297
f 1788 4297 1789
f 1788 6695 1807
f 1789 1799 3565
f 1789 1801 1799
f 1789 3565 6695
f 1789 4245 1801
f 1789 4297 4245
f 1790 1791 4245
f 1790 1792 1791
f 1790 4245 4297
f 1790 4297 6294
f 1790 6294 1792
f 1791 1792 4899
f 1791 1803 4689
f 1791 4689 4245
f 1791 4899 1803
f 1792 3706 4028
f 1792 4028 4899
f 1792 6294 3706
f 1793 1804 3687
f 1793 3630 3776
f 1793 3687 3630
f 1793 3776 4206
f 1793 4206 1794
f 1794 4206 4458
f 1795 1796 3504
f 1795 1799 1800
f 1795 1800 7010
f 1795 3504 7080
f 1795 3565 1799
f 1795 7010 1796
f 1795 7080 3565
f 1796 3768 3504
f 1796 4424 3768
f 1796 7010 4424
f 1797 1798 4424
f 1797 3996 4854
f 1797 4424 7010
f 1797 4847 3996
f 1797 4854 1798
f 1797 6755 4847
f 1797 7010 6755
f 1798 4086 4424
f 1798 4221 6819
f 1798 4854 4221
f 1798 6819 4086
f 1799 1801 1800
f 1800 1801 1802
f 1800 1802 6755
f 1800 6755 7010
f 1801 4245 1802
f 1802 4245 4689
f 1802 4689 6755
f 1803 4161 4689
f 1803 4899 6508
f 1803 6508 4161
f 1804 4370 3687
f 1805 1806 1807
f 1805 1807 6695
f 1805 4880 1806
f 1805 5074 4880
f 1805 6695 5074
f 1806 5863 1807
f 1807 1808 4297
f 1807 5863 1808
f 1808 1809 6294
f 1808 5863 1809
f 1808 6294 4297
f 1809 1810 6294
f 1809 1817 1818
f 1809 1818 1810
f 1809 5863 1817
f 1810 1811 3706
f 1810 1818 6586
f 1810 3706 6294
f 1810 6586 1811
f 1811 1812 3706
f 1811 1813 1812
f 1811 6586 1813
f 1812 1813 5099
f 1812 4028 3706
f 1812 5099 4028
f 1813 1814 5099
f 1813 1828 1829
f 1813 1829 1814
f 1813 1830 1828
f 1813 6586 1830
f 1814 1815 5099
f 1814 1829 6389
f 1814 6389 1815
f 1815 4242 4702
f 1815 4702 5099
f 1815 6389 4242
f 1816 1824 6686
f 1816 3448 1824
f 1816 3549 3448
f 1816 3926 3549
f 1816 6686 3926
f 1817 3461 1818
f 1818 3461 6586
f 1819 7075 1820
f 1820 1831 1821
f 1820 7075 1831
f 1821 1831 7185
f 1822 1823 6596
f 1822 4155 4536
f 1822 4536 1823
f 1822 6400 4155
f 1822 6596 6400
f 1823 1876 1877
f 1823 1877 5887
f 1823 4536 1876
f 1823 5887 6596
f 1824 2032 6686
f 1824 3448 7008
f 1824 6698 2032
f 1824 7008 6698
f 1825 3373 3986
f 1825 3620 3373
f 1825 3986 4707
f 1826 1827 1828
f 1826 1828 5058
f 1826 4707 1827
f 1827 1829 1828
f 1827 4707 6389
f 1827 6389 1829
f 1828 1830 5058
f 1832 1833 6662
f 1832 3833 6291
f 1832 6291 1833
f 1832 6662 6948
f 1832 6948 3833
f 1833 3678 6662
f 1833 6291 3678
f 1834 3249 3723
f 1834 3718 7201
f 1834 3723 6188
f 1834 6188 3718
f 1834 7201 3249
f 1835 1851 1836
f 1835 3079 1851
f 1836 1851 3169
f 1836 3169 5343
f 1836 5343 3284
f 1837 4182 6721
f 1837 6789 4182
f 1838 3605 6789
f 1838 6414 3605
f 1839 1840 5189
f 1839 4522 6656
f 1839 5189 6446
f 1839 6446 4522
f 1839 6656 1840
f 1840 1844 5189
f 1840 6656 1844
f 1841 1842 4372
f 1841 1898 5589
f 1841 1899 1898
f 1841 4372 1899
f 1841 5189 1842
f 1841 5589 5189
f 1842 1844 1843
f 1842 5189 1844
f 1844 6656 6256
f 1845 3530 4182
f 1845 4182 6789
f 1845 5369 3530
f 1845 6789 5369
f 1846 1893 4977
f 1846 3246 4764
f 1846 3257 3246
f 1846 3347 1893
f 1846 4764 3347
f 1846 4977 3257
f 1847 1848 4968
f 1847 1849 1848
f 1847 1994 1849
f 1847 4968 1994
f 1848 1849 1850
f 1848 7103 4968
f 1849 1994 4480
f 1849 4267 5576
f 1849 4480 4267
f 1849 5576 1850
f 1851 1963 3169
f 1851 3079 4776
f 1852 1854 1853
f 1852 1960 4803
f 1852 6551 1960
f 1853 1854 1855
f 1853 1855 4893
f 1854 3957 1855
f 1855 3957 4464
f 1856 5192 4978
f 1858 1860 1859
f 1858 1863 1860
f 1858 4467 1863
f 1859 1860 1861
f 1859 1861 4545
f 1861 1862 4545
f 1862 3576 4545
f 1862 6377 3576
f 1863 4467 4334
f 1864 4281 4443
f 1864 4334 4281
f 1864 4443 6197
f 1864 4742 4334
f 1864 6197 4742
f 1865 3303 4025
f 1865 4025 6310
f 1866 1867 6310
f 1868 6310 4025
f 1869 3396 4858
f 1869 3935 3396
f 1869 4858 4147
f 1870 4462 6307
f 1870 4820 4462
f 1870 6307 6804
f 1870 6804 4820
f 1872 4050 4772
f 1872 4772 6967
f 1872 6967 4050
f 1873 3944 4578
f 1873 4167 5394
f 1873 4578 4167
f 1873 5394 3944
f 1874 3723 6689
f 1874 4040 6188
f 1874 4356 4040
f 1874 6188 3723
f 1874 6689 4356
f 1875 3944 5394
f 1875 4024 4639
f 1875 4639 3944
f 1875 5394 4024
f 1876 1878 1877
f 1876 1882 1878
f 1876 4209 1882
f 1876 4536 4209
f 1877 1878 3471
f 1877 3471 6246
f 1877 6246 5887
f 1878 1882 5081
f 1878 3970 3471
f 1878 5081 3970
f 1879 1886 1888
f 1879 1887 1886
f 1879 1888 1880
f 1879 4081 1887
f 1879 4602 4081
f 1880 1888 1881
f 1881 1888 3765
f 1881 3765 5586
f 1881 5586 3557
f 1882 3200 5081
f 1882 4209 3200
f 1883 3472 6988
f 1883 3936 3472
f 1883 6220 3936
f 1883 6988 6220
f 1884 3564 4336
f 1884 3765 6308
f 1884 4336 3765
f 1884 6220 3564
f 1884 6308 6220
f 1885 1886 1887
f 1885 1887 3990
f 1885 3765 1886
f 1885 3970 5081
f 1885 3990 3970
f 1885 5081 6308
f 1885 6308 3765
f 1886 3765 1888
f 1887 4081 3990
f 1889 1890 6582
f 1889 1891 1890
f 1889 4714 1891
f 1889 4946 4714
f 1889 6582 4946
f 1890 1891 6188
f 1890 6188 6582
f 1891 3250 4044
f 1891 4044 6188
f 1891 4714 3250
f 1892 3919 4539
f 1892 4539 4714
f 1892 4714 6487
f 1892 6487 3919
f 1893 3347 6807
f 1893 6316 4977
f 1893 6807 6316
f 1894 3358 4522
f 1894 3410 3624
f 1894 3624 3358
f 1894 4522 3410
f 1895 1896 1897
f 1895 1897 1991
f 1895 1991 4885
f 1895 3410 1896
f 1895 3624 3410
f 1895 4885 3624
f 1896 3410 6446
f 1896 5589 1897
f 1896 6446 5589
f 1897 4476 1991
f 1897 5589 4476
f 1898 1899 1904
f 1898 1904 4476
f 1898 4476 5589
f 1899 4372 4391
f 1899 4391 1904
f 1900 3239 3731
f 1900 6239 3239
f 1900 6621 6239
f 1901 1902 1903
f 1901 1903 2004
f 1901 2003 6239
f 1901 2004 2003
f 1901 6239 6621
f 1901 6621 1902
f 1902 4165 1903
f 1903 4165 4604
f 1903 4604 2004
f 1904 3113 4457
f 1904 4391 3113
f 1904 4457 4476
f 1905 1906 1919
f 1905 1907 1906
f 1905 3143 1907
f 1906 1907 1916
f 1906 1916 1917
f 1906 1917 1918
f 1906 1918 1919
f 1907 1908 1915
f 1907 1909 1908
f 1907 1915 1916
f 1907 3143 7153
f 1907 7153 1909
f 1908 1909 6255
f 1908 1910 1911
f 1908 1911 1915
f 1908 6255 1910
f 1909 7153 6255
f 1911 1912 6546
f 1911 1914 1915
f 1911 6546 1914
f 1912 1913 6692
f 1912 6692 6546
f 1913 6717 6692
f 1914 1916 1915
f 1914 6254 1916
f 1914 6546 6254
f 1916 6254 1917
f 1918 1920 1919
f 1918 6761 1920
f 1919 1920 1921
f 1920 1922 1921
f 1923 3391 6508
f 1923 4702 3391
f 1923 4899 5099
f 1923 5099 4702
f 1923 6508 4899
f 1925 1928 6577
f 1926 1927 4207
f 1926 6577 1927
f 1927 1938 4207
f 1927 6520 1938
f 1927 6577 7128
f 1927 7128 6520
f 1928 1929 6577
f 1928 4572 1929
f 1929 4572 6921
f 1929 6921 7128
f 1929 7128 6577
f 1930 4346 6562
f 1930 4719 5867
f 1930 5867 4346
f 1930 6562 4719
f 1931 4232 6884
f 1931 6884 6910
f 1931 6910 4232
f 1932 4023 6562
f 1932 4059 7045
f 1932 4346 4900
f 1932 4900 4059
f 1932 6562 4346
f 1932 7045 4023
f 1933 5156 7020
f 1933 5856 5156
f 1933 7020 5856
f 1934 1936 6784
f 1934 3307 6235
f 1934 4775 1936
f 1934 5364 4775
f 1934 6235 5364
f 1934 6784 3307
f 1935 3809 5364
f 1935 4023 7045
f 1935 5364 4023
f 1935 7045 3809
f 1936 4775 6630
f 1936 4901 6784
f 1936 6630 4901
f 1937 4572 5382
f 1937 5382 6921
f 1937 6921 4572
f 1938 1939 3747
f 1938 3747 4207
f 1938 4331 1939
f 1938 6520 4331
f 1939 1940 6771
f 1939 4331 1940
f 1939 6771 3747
f 1940 1941 6771
f 1940 4331 5218
f 1940 5218 1941
f 1941 1942 6771
f 1941 3818 1942
f 1941 5218 3818
f 1942 1943 6771
f 1942 1944 1943
f 1942 2031 1944
f 1942 3818 2031
f 1943 1944 1945
f 1943 1945 4468
f 1943 4468 6771
f 1944 2031 6177
f 1944 6177 1945
f 1945 5215 4468
f 1945 5375 5215
f 1945 6177 5375
f 1946 3276 6853
f 1946 3653 3276
f 1946 4624 6905
f 1946 6853 4624
f 1946 6905 3653
f 1947 1948 6579
f 1947 5871 6850
f 1947 6579 5871
f 1947 6850 1948
f 1948 1949 2135
f 1948 2135 6579
f 1948 6818 1949
f 1948 6850 6818
f 1949 4981 2135
f 1950 1951 6610
f 1950 1955 1951
f 1950 1957 1955
f 1950 6610 7193
f 1950 7193 1957
f 1951 1955 1952
f 1952 1954 1953
f 1952 1955 1954
f 1954 1955 1957
f 1956 1957 7193
f 1958 1959 3749
f 1958 3749 6410
f 1958 3766 1959
f 1958 4339 5606
f 1958 5606 3766
f 1958 6410 4339
f 1959 3766 4249
f 1959 4249 4792
f 1959 4792 3749
f 1960 4813 6517
f 1960 6517 4803
f 1960 6551 4813
f 1961 4813 7158
f 1961 6338 6517
f 1961 6517 4813
f 1961 7158 6338
f 1962 1963 4542
f 1962 3169 1963
f 1962 4542 6338
f 1962 6338 7158
f 1962 7158 3169
f 1964 4776 7007
f 1964 6462 4776
f 1964 7007 7189
f 1964 7189 6462
f 1965 3808 1970
f 1965 4562 3808
f 1966 1967 1968
f 1970 2016 6432
f 1970 3808 2016
f 1970 6432 4597
f 1971 1977 3417
f 1971 1978 1977
f 1971 3417 6237
f 1971 6240 1978
f 1972 3415 5616
f 1972 4517 7065
f 1972 5616 4517
f 1972 6963 3415
f 1972 7065 6963
f 1973 1974 4883
f 1973 1980 1981
f 1973 1981 1974
f 1973 4517 1980
f 1973 4724 4517
f 1973 4883 4724
f 1974 1975 4883
f 1974 1976 1975
f 1974 1981 1976
f 1975 1976 7118
f 1975 7118 4165
f 1976 1977 7118
f 1976 1981 3946
f 1976 3541 1977
f 1976 3946 3541
f 1977 1978 4586
f 1977 3541 3417
f 1977 4586 7118
f 1978 4863 4586
f 1978 6240 4863
f 1979 1980 4517
f 1979 4517 5616
f 1979 5616 6432
f 1979 6432 1980
f 1980 2017 1981
f 1980 6432 2017
f 1981 2017 3946
f 1982 3624 4885
f 1982 4818 7088
f 1982 4885 4818
f 1982 7088 3624
f 1983 1984 1985
f 1983 1985 1992
f 1983 1992 4818
f 1983 4818 4885
f 1983 4885 1984
f 1984 1986 1985
f 1984 1987 1986
f 1984 4885 6247
f 1984 6247 1987
f 1985 1986 3350
f 1985 1993 1992
f 1985 1994 1993
f 1985 1995 1994
f 1985 3350 1995
f 1986 1987 3350
f 1987 1988 4101
f 1987 4101 3350
f 1987 6247 1988
f 1988 3825 6360
f 1988 4457 3825
f 1988 6247 4457
f 1988 6360 4101
f 1989 1990 3825
f 1989 3113 1990
f 1989 3825 4457
f 1989 4457 3113
f 1990 3113 3239
f 1990 3239 3420
f 1990 3420 4549
f 1990 4549 3825
f 1991 4476 6247
f 1991 6247 4885
f 1992 1993 3956
f 1992 3956 4818
f 1993 1994 4968
f 1993 4968 3956
f 1994 1995 4480
f 1995 3350 4480
f 1996 1997 5360
f 1996 2006 6560
f 1996 4549 2006
f 1996 5360 4549
f 1996 6560 1997
f 1997 1998 6437
f 1997 6437 5360
f 1997 6560 1998
f 1998 1999 2007
f 1998 3911 6437
f 1998 4720 1999
f 1998 6560 4720
f 1999 2000 3712
f 1999 3712 2007
f 1999 4720 2000
f 2000 2001 2002
f 2000 2002 2014
f 2000 2013 3712
f 2000 2014 2013
f 2000 4720 2001
f 2001 2003 2002
f 2001 2005 2003
f 2001 4720 6560
f 2001 6560 2005
f 2002 2003 2004
f 2002 2004 2015
f 2002 2015 2014
f 2003 2005 3420
f 2003 3420 6239
f 2004 4604 2015
f 2005 2006 3420
f 2005 6560 2006
f 2006 4549 3420
f 2008 2009 2010
f 2008 3712 2009
f 2009 2011 2010
f 2009 2012 7116
f 2009 3712 2012
f 2010 2011 5844
f 2011 3668 5844
f 2012 2013 7116
f 2012 3712 2013
f 2016 2017 6432
f 2016 3808 3946
f 2016 3946 2017
f 2018 2019 6485
f 2019 2020 6485
f 2019 2024 2025
f 2019 2025 2020
f 2020 2021 6485
f 2020 2025 2027
f 2020 2027 6859
f 2020 6859 2021
f 2021 2022 6485
f 2021 2023 2022
f 2021 6859 2023
f 2022 2023 4132
f 2023 3821 6445
f 2023 6445 4132
f 2023 6859 3821
f 2024 2026 2025
f 2024 6877 2026
f 2025 2026 2027
f 2026 2028 2027
f 2026 2030 2028
f 2026 6877 2030
f 2027 2028 2029
f 2027 2029 6859
f 2031 3818 6901
f 2031 4900 6177
f 2031 6901 4900
f 2032 4644 6686
f 2032 4811 4644
f 2032 6698 4811
f 2033 2034 4811
f 2033 4811 6698
f 2033 6400 2034
f 2033 6698 6400
f 2034 6400 7089
f 2034 7089 4811
f 2035 4169 5062
f 2035 4247 5852
f 2035 5062 4247
f 2035 5852 4169
f 2036 6705 6856
f 2036 6856 6984
f 2036 6984 7009
f 2036 7009 6705
f 2037 2038 2039
f 2037 2039 6790
f 2037 4855 4862
f 2037 4862 2038
f 2037 6438 4855
f 2037 6790 6438
f 2038 2040 2039
f 2038 2655 2040
f 2038 4862 2655
f 2039 2040 6790
f 2040 2272 2273
f 2040 2655 2272
f 2041 4382 6426
f 2041 5875 6230
f 2041 6230 4382
f 2041 6426 5875
f 2042 2043 3301
f 2042 2199 7071
f 2042 3301 2199
f 2042 4268 2043
f 2042 7071 4268
f 2043 4268 6523
f 2043 4472 3301
f 2043 6523 4472
f 2044 4177 6631
f 2044 5203 6426
f 2044 6426 4177
f 2044 6631 7194
f 2044 7194 5203
f 2045 2046 5356
f 2045 3508 2046
f 2045 5356 6765
f 2045 6765 3508
f 2046 3508 6860
f 2046 5891 5356
f 2046 6860 5891
f 2047 6766 7009
f 2047 7009 6984
f 2048 3342 2088
f 2048 4484 6413
f 2048 6413 3342
f 2049 3660 6413
f 2049 4484 7147
f 2049 6413 4484
f 2049 6718 3660
f 2049 7147 6718
f 2050 2051 5880
f 2050 4136 5238
f 2050 5238 6236
f 2050 5880 4136
f 2050 6236 2051
f 2051 2089 5880
f 2051 5080 2089
f 2051 6236 5080
f 2052 2053 5383
f 2052 5383 6846
f 2052 6597 2053
f 2052 6846 6597
f 2053 6524 5383
f 2053 6597 7133
f 2053 7133 6524
f 2054 2376 6567
f 2054 4428 7029
f 2054 6488 4428
f 2054 6567 6488
f 2054 7029 2376
f 2055 2056 6605
f 2055 4350 6747
f 2055 6747 2056
f 2056 2057 2058
f 2056 2058 6770
f 2056 6747 2057
f 2056 6770 6605
f 2057 2059 2058
f 2057 2075 2059
f 2057 6747 2075
f 2058 2059 2060
f 2058 2060 6770
f 2059 2061 2060
f 2059 2075 2076
f 2059 2076 2077
f 2059 2077 2061
f 2060 2061 6899
f 2060 2073 2074
f 2060 2074 6770
f 2060 6899 2073
f 2061 2062 6899
f 2061 2077 2062
f 2062 2063 6899
f 2062 2077 2084
f 2062 2084 2063
f 2063 2064 6899
f 2063 2065 2064
f 2063 2083 2065
f 2063 2084 2083
f 2064 2065 2066
f 2065 2067 2066
f 2065 2083 2067
f 2066 2067 6436
f 2067 2068 6436
f 2067 2083 6702
f 2067 6702 2068
f 2068 2069 4198
f 2068 4198 6436
f 2068 6702 2069
f 2069 2070 4489
f 2069 4489 4198
f 2069 6276 2070
f 2069 6702 6276
f 2070 2071 4489
f 2070 2171 2071
f 2070 6276 2171
f 2071 2072 4489
f 2071 2170 2072
f 2071 2171 2170
f 2072 2170 2169
f 2072 4992 4489
f 2075 3703 6891
f 2075 6747 3703
f 2075 6891 2076
f 2076 2078 2077
f 2076 6891 2078
f 2077 2078 2079
f 2077 2079 2084
f 2078 2080 2079
f 2078 6836 2080
f 2078 6891 6836
f 2079 2080 2081
f 2079 2081 2084
f 2080 2082 2081
f 2080 6836 2082
f 2081 2082 6702
f 2081 2083 2084
f 2081 6702 2083
f 2082 2179 6702
f 2082 6836 2179
f 2085 3660 6718
f 2085 5105 6840
f 2085 6718 5105
f 2085 6840 3660
f 2086 3124 5238
f 2086 4285 3124
f 2086 5238 6840
f 2086 6840 4285
f 2087 4210 5852
f 2087 4488 6353
f 2087 5852 4488
f 2087 6353 4210
f 2089 5080 6756
f 2090 2091 2093
f 2090 2092 6756
f 2090 2093 2092
f 2090 3647 2091
f 2090 6756 3647
f 2094 2095 6882
f 2094 6882 2095
f 2096 3628 6568
f 2096 4385 6690
f 2096 6568 4385
f 2096 6690 3628
f 2097 2098 7112
f 2097 2103 4590
f 2097 2104 2103
f 2097 4590 2098
f 2097 7112 2104
f 2098 2107 6997
f 2098 4590 4986
f 2098 4986 2107
f 2098 6997 7112
f 2099 2100 3725
f 2099 3354 4179
f 2099 3725 6249
f 2099 4179 5625
f 2099 5625 2100
f 2099 6249 3354
f 2100 3097 6731
f 2100 5625 3097
f 2100 6731 3725
f 2101 2102 6369
f 2101 2397 3413
f 2101 3097 2102
f 2101 3413 6731
f 2101 6369 2397
f 2101 6731 3097
f 2102 3097 6700
f 2103 3632 4590
f 2103 4513 3632
f 2104 7112 2105
f 2105 6690 4385
f 2105 7112 6690
f 2106 3177 3658
f 2106 3224 3177
f 2106 3278 5199
f 2106 3658 3278
f 2106 5199 3224
f 2107 2108 6997
f 2107 4986 2108
f 2108 2109 6997
f 2108 2116 2109
f 2108 4986 2116
f 2109 2115 7082
f 2109 2116 2115
f 2109 4659 6997
f 2109 7082 4659
f 2110 2115 2117
f 2110 2117 2111
f 2110 3906 7082
f 2110 7082 2115
f 2111 2117 2112
f 2112 2114 2113
f 2112 2117 2118
f 2112 2118 2114
f 2114 2118 2398
f 2114 2398 4112
f 2115 2116 2117
f 2116 4798 2117
f 2116 4986 4798
f 2117 4798 2118
f 2118 3413 2398
f 2118 4798 3413
f 2119 4135 6690
f 2119 4659 5079
f 2119 5079 4135
f 2119 6690 7112
f 2119 7112 4659
f 2120 2133 2121
f 2122 2123 6737
f 2122 2124 2123
f 2122 4481 2124
f 2123 2124 2125
f 2123 2125 2128
f 2124 2126 2125
f 2124 4481 6599
f 2124 6599 2126
f 2125 2126 2127
f 2125 2127 2128
f 2126 3099 2127
f 2126 4887 3099
f 2126 6599 4887
f 2127 3099 7019
f 2129 3179 2132
f 2129 3672 6496
f 2129 6496 3179
f 2130 2131 4794
f 2130 3179 6496
f 2130 5379 2131
f 2130 6496 5379
f 2134 3701 4670
f 2134 3757 3701
f 2134 4670 5847
f 2134 5847 6335
f 2134 6335 3757
f 2135 2142 6579
f 2135 4981 2142
f 2136 2137 6848
f 2136 3407 6844
f 2136 6844 6855
f 2136 6848 3407
f 2136 6855 2137
f 2137 2138 4761
f 2137 2139 6848
f 2137 4761 2139
f 2137 6855 2138
f 2138 2141 4761
f 2138 6855 2141
f 2139 4875 6848
f 2140 4657 6855
f 2140 4980 4657
f 2140 6844 4980
f 2140 6855 6844
f 2141 6388 4761
f 2142 4396 4815
f 2142 4815 6579
f 2142 4981 4396
f 2143 2148 5237
f 2143 2149 2148
f 2143 2150 2149
f 2143 4606 2150
f 2143 5237 6572
f 2143 6572 4606
f 2144 4606 6572
f 2145 2146 4166
f 2145 6572 2146
f 2146 2147 6521
f 2146 5883 4166
f 2146 6521 5883
f 2146 6572 2147
f 2147 6572 5237
f 2148 3091 5237
f 2148 3516 3091
f 2148 4878 3516
f 2149 2150 2151
f 2149 2151 2157
f 2150 2152 2151
f 2150 4606 2152
f 2151 2152 2153
f 2151 2153 2157
f 2152 2154 2153
f 2152 2158 2154
f 2152 4606 2158
f 2153 2154 6741
f 2153 2156 2157
f 2153 6741 2156
f 2154 2155 6741
f 2154 2158 6671
f 2154 6671 2155
f 2155 2159 5196
f 2155 5196 6741
f 2156 4564 2157
f 2156 6741 4564
f 2159 3112 3229
f 2159 3229 5196
f 2160 2161 3595
f 2160 2162 6888
f 2160 2175 4289
f 2160 3595 2162
f 2160 4289 6633
f 2160 6633 2161
f 2160 6888 2175
f 2161 3861 6205
f 2161 6205 3595
f 2161 6633 3861
f 2162 2163 6842
f 2162 2174 6888
f 2162 3595 2163
f 2162 6842 2174
f 2163 2164 6842
f 2163 2187 4284
f 2163 3595 2187
f 2163 4284 2164
f 2164 2165 6842
f 2164 2166 2165
f 2164 2188 2166
f 2164 4284 2188
f 2165 2166 2167
f 2165 2167 2170
f 2165 2170 2172
f 2165 2172 6842
f 2166 2168 2167
f 2166 2188 2168
f 2167 2168 2169
f 2167 2169 2170
f 2168 2188 2195
f 2168 2195 6878
f 2168 6878 2194
f 2170 2171 2172
f 2171 2173 2172
f 2171 6276 2173
f 2172 2173 6842
f 2173 2174 6842
f 2173 2176 2174
f 2173 6276 2176
f 2174 2176 5378
f 2174 5378 6888
f 2175 2177 2178
f 2175 2178 6609
f 2175 6609 4289
f 2175 6888 2177
f 2176 2179 5378
f 2176 6276 2179
f 2177 5378 6836
f 2177 6836 6891
f 2177 6888 5378
f 2177 6891 2178
f 2178 3703 3977
f 2178 3977 6609
f 2178 6891 3703
f 2179 6276 6702
f 2179 6836 5378
f 2180 6785 6031
f 2181 3639 4108
f 2181 4108 4289
f 2181 4289 6609
f 2181 6609 3639
f 2182 2183 6841
f 2182 2189 6205
f 2182 6205 6332
f 2182 6332 2183
f 2182 6841 2189
f 2183 2184 6607
f 2183 6332 2184
f 2183 6607 6841
f 2184 2399 4814
f 2184 4561 2399
f 2184 4814 6607
f 2184 6332 4561
f 2185 2425 2426
f 2185 2426 4762
f 2185 4366 2425
f 2185 4762 6798
f 2185 6544 4366
f 2185 6798 6544
f 2186 4762 6965
f 2186 6798 4762
f 2187 2189 4284
f 2187 3595 6205
f 2187 6205 2189
f 2188 4284 2195
f 2189 6841 4284
f 2190 2191 6878
f 2190 2195 4284
f 2190 4284 6841
f 2190 6841 2191
f 2190 6878 2195
f 2191 2192 6878
f 2191 2196 2192
f 2191 6841 2196
f 2192 2196 2197
f 2192 2197 6439
f 2192 6439 6878
f 2193 2194 6439
f 2193 6439 6763
f 2194 6878 6439
f 2196 2440 2197
f 2196 4090 2440
f 2196 6607 4090
f 2196 6841 6607
f 2197 2198 6439
f 2197 2440 6544
f 2197 6544 2198
f 2198 6544 2441
f 2199 7198 7071
f 2200 3407 6848
f 2200 6419 3407
f 2200 6848 2201
f 2201 6848 4875
f 2202 4560 5745
f 2202 5745 6031
f 2202 6031 6785
f 2202 6785 4560
f 2203 3345 4425
f 2203 4425 6786
f 2203 5244 3345
f 2203 5362 6660
f 2203 6660 5244
f 2203 6786 5362
f 2204 3452 3709
f 2204 3709 4628
f 2204 4628 6660
f 2204 5070 3452
f 2204 5236 5070
f 2204 6660 5236
f 2205 2206 2207
f 2205 2207 6300
f 2205 6300 7155
f 2205 7155 2206
f 2206 2208 2207
f 2206 4017 2208
f 2206 7155 4017
f 2207 2208 6529
f 2207 6529 6300
f 2208 2455 6358
f 2208 4017 6516
f 2208 6358 6529
f 2208 6516 2455
f 2209 3304 5198
f 2209 4808 6358
f 2209 5198 4808
f 2209 5594 3304
f 2209 6358 5594
f 2210 2211 3781
f 2210 2212 2211
f 2210 2250 2212
f 2210 3781 4662
f 2210 4662 2250
f 2211 2212 2213
f 2211 2213 2336
f 2211 2336 2337
f 2211 2337 3781
f 2212 2250 6482
f 2212 6482 2213
f 2213 2214 2335
f 2213 2335 2336
f 2213 6482 2214
f 2214 2215 2216
f 2214 2216 3412
f 2214 3412 2335
f 2214 6482 2215
f 2215 2217 2216
f 2215 2266 2217
f 2215 6482 2266
f 2216 2217 2218
f 2216 2218 7168
f 2216 7168 3412
f 2217 2266 7145
f 2217 5381 2218
f 2217 7145 5381
f 2218 2219 2395
f 2218 2395 4805
f 2218 4805 7168
f 2218 5381 2219
f 2219 2220 2396
f 2219 2396 2395
f 2219 5381 2220
f 2220 2221 3093
f 2220 3084 2396
f 2220 3093 6574
f 2220 5381 2221
f 2220 6574 3084
f 2221 2222 3093
f 2221 2225 2222
f 2221 5381 7145
f 2221 7145 2225
f 2222 2225 6759
f 2222 3429 3093
f 2222 6759 3429
f 2223 2224 4506
f 2223 3838 5071
f 2223 4506 3838
f 2223 5071 2224
f 2224 2269 3717
f 2224 3316 6484
f 2224 3717 3316
f 2224 5071 2269
f 2224 6484 4506
f 2225 2265 7107
f 2225 7107 6759
f 2225 7145 2265
f 2226 2227 7107
f 2226 2228 2227
f 2226 2261 2228
f 2226 2264 2261
f 2226 7107 2264
f 2227 2228 2229
f 2227 2229 2277
f 2227 2268 7107
f 2227 2276 2268
f 2227 2277 2276
f 2228 2261 4185
f 2228 4185 2229
f 2229 2230 2279
f 2229 2279 2277
f 2229 4185 2230
f 2230 2310 2279
f 2230 4185 7054
f 2230 7054 2310
f 2231 2232 6364
f 2231 2466 3980
f 2231 3980 7054
f 2231 4656 2232
f 2231 6364 2466
f 2231 7054 4656
f 2232 2260 5896
f 2232 4656 2260
f 2232 5896 6364
f 2233 4735 2234
f 2233 4793 4735
f 2233 6334 4793
f 2234 2235 2236
f 2234 2236 6591
f 2234 4735 2235
f 2235 2237 2236
f 2235 2239 2237
f 2235 2241 2239
f 2235 2243 2241
f 2235 4735 2243
f 2236 2237 2238
f 2236 2238 6591
f 2237 2239 2238
f 2238 2239 2240
f 2238 2240 2463
f 2238 2463 6591
f 2239 2241 2240
f 2240 2241 2242
f 2240 2242 6613
f 2240 6613 2463
f 2241 2243 2242
f 2242 2243 2244
f 2242 2244 6613
f 2243 2245 2244
f 2243 3371 2245
f 2243 4735 6558
f 2243 6558 3371
f 2244 2245 3995
f 2244 3995 6613
f 2245 3371 3774
f 2245 3774 3995
f 2246 2458 2460
f 2246 2460 2462
f 2246 2462 3995
f 2246 3774 6401
f 2246 3876 2458
f 2246 3995 3774
f 2246 6401 3876
f 2247 2248 3292
f 2247 2249 2248
f 2247 2257 2258
f 2247 2258 2249
f 2247 3292 4200
f 2247 4200 2257
f 2248 2249 2250
f 2248 2250 4662
f 2248 4662 5594
f 2248 5594 3292
f 2249 2258 6482
f 2249 6482 2250
f 2251 2252 6558
f 2251 2253 2252
f 2251 2260 2253
f 2251 4793 5896
f 2251 5896 2260
f 2251 6558 4793
f 2252 2253 6530
f 2252 4723 6558
f 2252 6530 4723
f 2253 2254 6530
f 2253 2260 4656
f 2253 4185 2254
f 2253 4656 4185
f 2254 2255 6530
f 2254 2261 2255
f 2254 4185 2261
f 2255 2256 6317
f 2255 2261 2262
f 2255 2262 2256
f 2255 6317 6530
f 2256 2257 6317
f 2256 2262 2263
f 2256 2263 2257
f 2257 2263 2258
f 2257 4200 6317
f 2258 2263 2267
f 2258 2267 6482
f 2259 3958 4518
f 2259 4518 4723
f 2259 4723 6530
f 2259 6317 3958
f 2259 6530 6317
f 2261 2264 2262
f 2262 2264 2265
f 2262 2265 2263
f 2263 2265 2267
f 2264 7107 2265
f 2265 7145 2267
f 2266 2267 7145
f 2266 6482 2267
f 2268 2269 5071
f 2268 2276 2269
f 2268 5071 6759
f 2268 6759 7107
f 2269 2276 2278
f 2269 2278 3717
f 2270 2314 3773
f 2270 3148 6190
f 2270 3423 4046
f 2270 3773 3148
f 2270 4046 2314
f 2270 6190 3423
f 2271 2272 6376
f 2271 2273 2272
f 2271 2274 6835
f 2271 3462 2274
f 2271 6376 3462
f 2271 6835 2273
f 2272 2655 6376
f 2273 6835 3205
f 2274 2275 6835
f 2274 2294 2275
f 2274 3462 2294
f 2275 2294 2295
f 2275 2295 7117
f 2275 5629 6835
f 2275 7117 5629
f 2276 2277 2278
f 2277 2279 2278
f 2278 2279 2280
f 2278 2280 2312
f 2278 2312 3717
f 2279 2281 2280
f 2279 2310 2281
f 2280 2281 2282
f 2280 2282 6301
f 2280 6301 2312
f 2281 2283 2282
f 2281 2310 6714
f 2281 6714 2283
f 2282 2283 2284
f 2282 2284 2317
f 2282 2317 6301
f 2283 2285 2284
f 2283 6714 2285
f 2284 2285 2286
f 2284 2286 2316
f 2284 2316 2317
f 2285 2287 2286
f 2285 2311 2287
f 2285 6714 2311
f 2286 2287 2288
f 2286 2288 2316
f 2287 2289 2288
f 2287 2306 2289
f 2287 2311 2306
f 2288 2289 2290
f 2288 2290 2315
f 2288 2315 2316
f 2289 2291 2290
f 2289 2305 2291
f 2289 2306 2305
f 2290 2291 6498
f 2290 6498 2315
f 2291 2301 5209
f 2291 2303 2301
f 2291 2305 2303
f 2291 5209 6498
f 2292 2293 6498
f 2292 4294 2293
f 2292 5209 6210
f 2292 6210 4294
f 2292 6498 5209
f 2293 3773 6498
f 2293 4240 3773
f 2293 4294 6953
f 2293 6953 4240
f 2294 3462 6772
f 2294 6595 2295
f 2294 6772 6595
f 2295 2296 7117
f 2295 6595 2296
f 2296 2297 7117
f 2296 2308 2309
f 2296 2309 2297
f 2296 6595 2308
f 2297 2298 7117
f 2297 2309 3869
f 2297 3869 2298
f 2298 3486 4453
f 2298 3869 5377
f 2298 4453 7117
f 2298 5377 3486
f 2299 2300 4403
f 2299 2309 6774
f 2299 3869 2309
f 2299 4403 3869
f 2299 6210 2300
f 2299 6774 6210
f 2300 2301 4403
f 2300 5209 2301
f 2300 6210 5209
f 2301 2302 4403
f 2301 2303 2302
f 2302 2303 2304
f 2302 2304 4770
f 2302 4770 4403
f 2303 2305 2304
f 2304 2305 2306
f 2304 2306 4770
f 2306 2311 3318
f 2306 3318 4770
f 2307 3486 4026
f 2307 4026 6396
f 2307 4447 7200
f 2307 6396 4447
f 2307 7200 3486
f 2308 4000 6774
f 2308 6595 4000
f 2308 6774 2309
f 2310 7054 7073
f 2310 7073 6714
f 2311 6714 3318
f 2312 6301 3717
f 2313 2314 4046
f 2313 2315 2314
f 2313 2316 2315
f 2313 2317 2316
f 2313 4046 6301
f 2313 6301 2317
f 2314 2315 6498
f 2314 6498 3773
f 2318 3389 3452
f 2318 3452 5070
f 2318 4413 5584
f 2318 5070 6794
f 2318 5584 3389
f 2318 6794 4413
f 2319 2320 2321
f 2319 2321 2388
f 2319 2388 3959
f 2319 3754 2320
f 2319 3959 3754
f 2320 2338 4312
f 2320 3754 2338
f 2320 4312 2321
f 2321 2389 2388
f 2321 4006 2389
f 2321 4312 4006
f 2322 4006 4312
f 2322 4129 5578
f 2322 4312 4129
f 2322 5578 6427
f 2322 6427 4006
f 2323 2390 3515
f 2323 3515 6268
f 2323 6248 2390
f 2323 6268 6248
f 2324 2325 2326
f 2324 2326 2389
f 2324 2389 2390
f 2324 2390 6248
f 2324 6248 2325
f 2325 2327 2326
f 2325 2328 7028
f 2325 2329 2328
f 2325 6248 2329
f 2325 7028 2327
f 2326 2327 3959
f 2326 2388 2389
f 2326 3959 2388
f 2327 7026 3959
f 2327 7028 7026
f 2328 2329 2330
f 2328 5243 7028
f 2329 2331 2330
f 2329 6248 2331
f 2331 6248 6268
f 2331 6268 3761
f 2332 2333 3412
f 2332 2353 5624
f 2332 3412 7138
f 2332 3840 2353
f 2332 5624 6614
f 2332 6614 2333
f 2332 7138 3840
f 2333 2334 2335
f 2333 2335 3412
f 2333 6614 2334
f 2334 2361 2362
f 2334 2362 6191
f 2334 6191 2335
f 2334 6614 2361
f 2335 6191 2336
f 2336 6191 2337
f 2337 3248 3781
f 2337 6191 3248
f 2338 3754 6300
f 2338 4808 4312
f 2338 6300 6529
f 2338 6529 4808
f 2339 2340 7138
f 2339 2341 2340
f 2339 2359 2341
f 2339 7138 2359
f 2340 2341 2342
f 2340 2342 2351
f 2340 2351 3840
f 2340 3840 7138
f 2341 2343 2342
f 2341 2359 2360
f 2341 2360 2343
f 2342 2343 3323
f 2342 2350 2351
f 2342 3153 2350
f 2342 3323 3153
f 2343 2344 3323
f 2343 2360 2392
f 2343 2391 2344
f 2343 2392 2391
f 2344 2345 6214
f 2344 2391 2345
f 2344 6214 3323
f 2345 2346 6214
f 2345 2391 4782
f 2345 3110 2346
f 2345 4782 3110
f 2346 2348 2349
f 2346 2349 6214
f 2346 3110 6251
f 2346 6251 2348
f 2347 2348 6251
f 2347 2349 2348
f 2347 2354 2378
f 2347 2378 2349
f 2349 2378 6214
f 2350 2356 2357
f 2350 2357 6810
f 2350 3153 2356
f 2350 6810 2351
f 2351 2352 2366
f 2351 2366 3840
f 2351 6810 2352
f 2352 2367 2366
f 2352 4800 2367
f 2352 6810 4800
f 2353 2382 6667
f 2353 3840 2382
f 2353 6667 5624
f 2354 2355 2356
f 2354 2356 3153
f 2354 3153 2378
f 2355 2357 2356
f 2355 6706 2357
f 2357 6706 6810
f 2358 2359 4805
f 2358 2360 2359
f 2358 2393 2360
f 2358 2394 2393
f 2358 2395 2394
f 2358 4805 2395
f 2359 7138 4805
f 2360 2393 2392
f 2361 4183 2362
f 2361 6614 4183
f 2362 4183 5578
f 2362 5578 6191
f 2363 2364 6871
f 2363 5232 2364
f 2363 6416 5232
f 2364 5232 6826
f 2364 6826 4954
f 2365 6696 7144
f 2365 7094 6696
f 2366 2367 2384
f 2366 2382 3840
f 2366 2383 2382
f 2366 2384 2383
f 2367 4800 7002
f 2367 7002 2384
f 2368 3861 6633
f 2368 4567 7197
f 2368 6633 4567
f 2368 7197 3861
f 2369 2370 2371
f 2369 2371 4814
f 2369 4369 2370
f 2369 4814 7140
f 2369 7140 4369
f 2370 4369 4633
f 2370 4633 6477
f 2370 6477 2371
f 2371 2372 2442
f 2371 2442 7177
f 2371 6477 2372
f 2371 7177 4814
f 2372 2373 2452
f 2372 2452 2442
f 2372 6477 2373
f 2373 2374 2375
f 2373 2375 2451
f 2373 2451 2452
f 2373 6477 2374
f 2374 3260 6743
f 2374 4633 3260
f 2374 4765 2375
f 2374 6477 4633
f 2374 6743 4765
f 2375 2450 2451
f 2375 4765 2450
f 2376 5389 6567
f 2376 5872 5389
f 2376 6719 5872
f 2376 7029 6719
f 2377 3483 5065
f 2377 5065 6567
f 2377 5389 3483
f 2377 6567 5389
f 2378 3153 3323
f 2378 3323 6214
f 2379 2380 6289
f 2379 3536 2380
f 2379 6461 3536
f 2380 3536 3688
f 2380 3688 6839
f 2380 5620 6289
f 2380 6839 5620
f 2381 4319 6900
f 2381 6604 4319
f 2381 6900 6604
f 2382 2383 6667
f 2383 2384 4039
f 2383 4039 4389
f 2383 4389 6667
f 2384 7002 4039
f 2385 2386 4305
f 2385 3083 4460
f 2385 4184 5895
f 2385 4305 4184
f 2385 5895 3083
f 2386 2387 6590
f 2386 6590 4305
f 2389 4006 2390
f 2390 4006 3515
f 2391 2392 2432
f 2391 2432 4782
f 2392 2393 2433
f 2392 2433 2432
f 2393 2394 2427
f 2393 2427 2433
f 2394 2395 2396
f 2394 2396 2428
f 2394 2428 2427
f 2396 2430 2428
f 2396 3084 2430
f 2397 2398 3413
f 2397 4112 2398
f 2399 4561 7140
f 2399 7140 4814
f 2400 2401 2402
f 2400 2402 2426
f 2400 2425 5611
f 2400 2426 2425
f 2400 5611 2401
f 2401 2403 2402
f 2401 2443 2403
f 2401 5611 7177
f 2401 7177 2443
f 2402 2403 2404
f 2402 2404 2476
f 2402 2474 4762
f 2402 2476 2474
f 2402 4762 2426
f 2403 2405 2404
f 2403 2443 2405
f 2404 2405 6801
f 2404 6801 2476
f 2405 2406 6801
f 2405 2443 2445
f 2405 2445 2406
f 2406 2407 6801
f 2406 2408 2407
f 2406 2445 2446
f 2406 2446 2408
f 2407 2408 2409
f 2407 2409 2422
f 2407 2422 2423
f 2407 2423 6304
f 2407 6304 6801
f 2408 2410 2409
f 2408 2446 2410
f 2409 2410 5903
f 2409 2421 6480
f 2409 5903 2421
f 2409 6480 2422
f 2410 2411 5903
f 2410 2446 2447
f 2410 2447 2411
f 2411 2412 5903
f 2411 2413 2412
f 2411 2447 2448
f 2411 2448 2413
f 2412 2413 6424
f 2412 2416 2418
f 2412 2418 5903
f 2412 6424 2416
f 2413 2414 6424
f 2413 2448 2449
f 2413 2449 2414
f 2414 2415 6424
f 2414 2449 5886
f 2414 4962 6852
f 2414 5886 4962
f 2414 6852 2415
f 2415 2416 6424
f 2415 2417 2416
f 2415 3087 2417
f 2415 6852 3087
f 2416 2417 2418
f 2417 2419 2418
f 2417 2638 2419
f 2417 3087 2638
f 2418 2419 6184
f 2418 6184 5903
f 2419 2638 2639
f 2419 2639 6184
f 2420 3422 7050
f 2420 3594 3422
f 2420 7050 6184
f 2421 5903 7050
f 2421 7050 6480
f 2422 2485 2423
f 2422 6480 2485
f 2423 2485 2487
f 2423 2487 6304
f 2424 2486 2489
f 2424 2487 2486
f 2424 6304 2487
f 2425 4090 5611
f 2425 4366 4090
f 2427 2428 2429
f 2427 2429 2433
f 2428 2430 2429
f 2429 2430 2431
f 2429 2431 2433
f 2430 3084 3085
f 2430 3085 3634
f 2430 3634 2431
f 2431 2432 2433
f 2431 3634 4573
f 2431 4573 2432
f 2432 4573 4782
f 2434 2435 3775
f 2434 3107 2435
f 2434 3775 6618
f 2434 4353 6728
f 2434 6618 4353
f 2434 6728 3107
f 2435 2437 3775
f 2435 3107 4474
f 2435 4474 2437
f 2436 4219 4474
f 2436 4474 5517
f 2436 5517 4219
f 2437 4219 6311
f 2437 4474 4219
f 2437 6311 3775
f 2438 2439 6752
f 2438 3611 7049
f 2438 6752 3611
f 2438 7049 7148
f 2438 7148 2439
f 2439 3882 6752
f 2439 6575 5214
f 2439 7148 6575
f 2440 4090 4366
f 2440 4366 6544
f 2441 6544 6798
f 2441 6798 4716
f 2442 2443 7177
f 2442 2444 2443
f 2442 2452 2444
f 2443 2444 2445
f 2444 2446 2445
f 2444 2451 2453
f 2444 2452 2451
f 2444 2453 2446
f 2446 2453 2447
f 2447 2453 2448
f 2448 2453 6639
f 2448 6639 2449
f 2449 6639 5886
f 2450 4765 5886
f 2450 5886 6639
f 2450 6639 2451
f 2451 6639 2453
f 2454 3655 5091
f 2454 3853 7084
f 2454 5091 3853
f 2454 7084 7155
f 2454 7155 3655
f 2455 2456 6358
f 2455 2457 2456
f 2455 2472 2457
f 2455 6516 2472
f 2456 2457 3876
f 2456 3876 4191
f 2456 4191 5594
f 2456 5594 6358
f 2457 2458 3876
f 2457 2459 2458
f 2457 2472 2473
f 2457 2473 2459
f 2458 2459 2460
f 2459 2461 2460
f 2459 2473 3437
f 2459 3437 2461
f 2460 2461 4553
f 2460 4553 2462
f 2461 3437 4553
f 2462 4553 6613
f 2462 6613 3995
f 2463 2504 6591
f 2463 6613 2504
f 2464 4276 6364
f 2464 4793 6334
f 2464 5896 4793
f 2464 6334 4276
f 2464 6364 5896
f 2465 2466 6364
f 2465 2467 7114
f 2465 4276 2467
f 2465 6364 4276
f 2465 7114 2466
f 2466 7114 3980
f 2467 5842 7114
f 2468 3980 7114
f 2468 6760 7073
f 2468 6945 6760
f 2468 7073 3980
f 2468 7114 6945
f 2469 2470 6760
f 2469 2675 2470
f 2469 6760 6945
f 2469 6945 5842
f 2469 6956 2675
f 2470 2471 6378
f 2470 2675 2471
f 2470 6378 6760
f 2471 2675 2676
f 2471 2676 2677
f 2471 2677 6330
f 2471 6330 6378
f 2472 6516 2473
f 2473 4848 3437
f 2473 6516 4848
f 2474 2475 6965
f 2474 2476 2475
f 2474 6965 4762
f 2475 2476 2477
f 2475 6321 6965
f 2476 6801 2477
f 2478 2479 6280
f 2478 5101 2479
f 2478 6280 2480
f 2479 2483 3401
f 2479 2484 6280
f 2479 3401 2484
f 2479 5101 2483
f 2480 6280 3719
f 2481 3332 3988
f 2481 3988 5373
f 2481 5223 3332
f 2481 5373 6469
f 2481 6469 5223
f 2482 6245 3182
f 2483 4030 4718
f 2483 4718 3401
f 2483 5101 4030
f 2484 3401 3510
f 2484 3510 4721
f 2484 4721 6280
f 2485 2486 2487
f 2485 5750 2486
f 2485 6053 5750
f 2485 6480 7203
f 2485 7203 6053
f 2486 5750 2489
f 2488 2489 5750
f 2488 2491 2490
f 2488 5750 2491
f 2490 2491 4839
f 2491 5750 4839
f 2492 3176 6204
f 2493 5749 2494
f 2493 6111 5749
f 2494 2495 2496
f 2494 5749 2495
f 2495 2497 2496
f 2495 2528 2497
f 2495 5749 2528
f 2496 2497 2498
f 2496 2498 2503
f 2497 2499 2498
f 2497 2526 2499
f 2497 2527 2526
f 2497 2528 2527
f 2498 2499 2500
f 2498 2500 2502
f 2498 2502 2503
f 2499 2501 2500
f 2499 2526 2529
f 2499 2529 2501
f 2500 2501 6857
f 2500 6857 2502
f 2501 2529 2530
f 2501 2530 2531
f 2501 2531 6732
f 2501 6732 6857
f 2502 6876 2503
f 2504 4124 6591
f 2504 4342 4783
f 2504 4783 4124
f 2504 6613 4342
f 2505 3168 3299
f 2505 3299 6964
f 2505 4051 3168
f 2505 6964 4051
f 2506 4176 6640
f 2506 4962 6260
f 2506 6260 4176
f 2506 6640 4962
f 2507 2508 6852
f 2507 2509 2508
f 2507 2516 6270
f 2507 4962 2516
f 2507 6270 2509
f 2507 6852 4962
f 2508 2509 2510
f 2508 2510 2638
f 2508 2638 6852
f 2509 2511 2510
f 2509 6270 6612
f 2509 6612 2511
f 2510 2511 2512
f 2510 2512 2639
f 2510 2639 2638
f 2511 2513 2512
f 2511 6612 2513
f 2512 2513 2514
f 2512 2514 2639
f 2513 2515 2514
f 2513 2537 2515
f 2513 6612 2537
f 2514 2515 6887
f 2514 6887 2639
f 2515 2537 2538
f 2515 2538 2539
f 2515 2539 6887
f 2516 3474 3666
f 2516 3666 6270
f 2516 4962 6640
f 2516 6640 3474
f 2517 2518 6612
f 2517 2541 2518
f 2517 3297 2541
f 2517 6270 3297
f 2517 6612 6270
f 2518 2519 6612
f 2518 2541 4422
f 2518 4422 7078
f 2518 6813 2519
f 2518 7078 6813
f 2519 2520 2533
f 2519 2533 6612
f 2519 6813 2520
f 2520 2521 2534
f 2520 2534 2533
f 2520 6813 2521
f 2521 2522 2523
f 2521 2523 2536
f 2521 2535 2534
f 2521 2536 2535
f 2521 6813 2522
f 2522 2524 2523
f 2522 2529 2524
f 2522 2530 2529
f 2522 6813 2530
f 2523 2524 2525
f 2523 2525 2536
f 2524 2526 2525
f 2524 2529 2526
f 2525 2526 2527
f 2525 2527 3939
f 2525 3939 2536
f 2527 2528 6869
f 2527 2653 3939
f 2527 6869 2653
f 2528 5749 6869
f 2530 6813 2531
f 2531 4099 6732
f 2531 6813 4099
f 2532 4422 4540
f 2532 4540 5216
f 2532 4638 7078
f 2532 5216 4638
f 2532 7078 4422
f 2533 2534 6663
f 2533 2537 6612
f 2533 2538 2537
f 2533 6663 2538
f 2534 2535 6663
f 2535 2536 3939
f 2535 2540 6663
f 2535 3939 2540
f 2538 6663 2539
f 2539 2540 2654
f 2539 6663 2540
f 2540 3939 3998
f 2540 3998 2654
f 2541 3297 4540
f 2541 4540 4422
f 2542 2543 2566
f 2542 2566 6616
f 2542 4850 5613
f 2542 5613 2543
f 2542 6616 4850
f 2543 2544 2567
f 2543 2567 2566
f 2543 5613 2544
f 2544 2545 4544
f 2544 4544 2567
f 2544 5613 2545
f 2545 2546 4544
f 2545 2549 2550
f 2545 2550 2546
f 2545 4873 2549
f 2545 5613 4873
f 2546 2550 2552
f 2546 2552 5376
f 2546 4717 4544
f 2546 5376 4717
f 2547 2548 7085
f 2547 2556 2558
f 2547 2558 7184
f 2547 5376 2556
f 2547 7085 5376
f 2547 7184 2548
f 2548 2571 7085
f 2548 2572 2571
f 2548 7184 2572
f 2549 2551 2550
f 2549 4027 2551
f 2549 4873 4027
f 2550 2551 2552
f 2551 2553 2552
f 2551 2561 2553
f 2551 4027 6295
f 2551 6295 2561
f 2552 2553 2554
f 2552 2554 5376
f 2553 2555 2554
f 2553 2561 2565
f 2553 2565 2555
f 2554 2555 2556
f 2554 2556 5376
f 2555 2557 2556
f 2555 2565 6429
f 2555 4712 2557
f 2555 6429 4712
f 2556 2557 2558
f 2557 4623 2558
f 2557 4712 6483
f 2557 6483 4623
f 2558 4623 5100
f 2558 5100 7184
f 2559 2560 6295
f 2559 2563 2560
f 2559 3262 2562
f 2559 4027 4873
f 2559 4873 3262
f 2559 6295 4027
f 2560 2561 6295
f 2560 2563 2564
f 2560 2564 2561
f 2561 2564 2565
f 2562 3262 5347
f 2563 2648 2649
f 2563 2649 2564
f 2563 6688 2648
f 2564 2649 6429
f 2564 6429 2565
f 2566 2567 2568
f 2566 7079 6616
f 2567 4544 2568
f 2568 4544 6186
f 2569 2570 6608
f 2569 2571 2570
f 2569 3890 7085
f 2569 6608 3890
f 2569 7085 2571
f 2570 2571 2572
f 2570 2572 5100
f 2570 5100 6680
f 2572 7184 5100
f 2573 2574 6073
f 2573 3139 2574
f 2573 6073 3139
f 2574 2575 2576
f 2574 2576 6073
f 2574 3139 2575
f 2575 2628 6491
f 2575 3139 2628
f 2575 6491 2576
f 2576 6491 6073
f 2577 2597 2598
f 2577 2598 3511
f 2577 3511 2578
f 2577 5035 2597
f 2578 3511 2579
f 2579 2599 2600
f 2579 2600 6566
f 2579 3511 2599
f 2579 6566 2580
f 2580 2581 2592
f 2580 2592 2593
f 2580 6566 2581
f 2581 2582 2583
f 2581 2583 2591
f 2581 2591 2592
f 2581 6566 2582
f 2582 2584 2583
f 2582 2601 2584
f 2582 6566 2601
f 2583 2584 2585
f 2583 2585 2590
f 2583 2590 2591
f 2584 2586 2585
f 2584 2601 2602
f 2584 2602 2586
f 2585 2586 2587
f 2585 2587 2589
f 2585 2589 2590
f 2586 2588 2587
f 2586 2602 2603
f 2586 2603 2588
f 2587 2588 4695
f 2588 2603 2604
f 2588 2604 6372
f 2588 6372 4695
f 2589 2594 2590
f 2590 2594 2591
f 2591 2594 3074
f 2591 3074 2592
f 2592 3074 3075
f 2592 3075 2593
f 2595 2596 5035
f 2595 2606 2607
f 2595 2607 2608
f 2595 2608 2596
f 2595 5035 2606
f 2596 2597 5035
f 2596 2608 2597
f 2597 2608 3025
f 2597 3025 2598
f 2598 3025 6492
f 2598 6492 3511
f 2599 3027 3028
f 2599 3028 2600
f 2599 3511 6492
f 2599 6492 3027
f 2600 3028 6566
f 2601 3030 3032
f 2601 3032 2602
f 2601 6566 3030
f 2602 3032 3034
f 2602 3034 2603
f 2603 3034 3035
f 2603 3035 3036
f 2603 3036 2604
f 2605 2606 5035
f 2605 2607 2606
f 2605 2609 7064
f 2605 5035 5504
f 2605 5504 2609
f 2605 7064 2607
f 2607 3023 2608
f 2607 7064 3023
f 2608 3023 3024
f 2608 3024 3025
f 2609 4011 7064
f 2609 5504 7151
f 2609 7151 4011
f 2610 2620 6202
f 2610 3979 2620
f 2610 4816 7064
f 2610 4896 3979
f 2610 6202 4816
f 2610 7064 4896
f 2611 2612 6202
f 2611 2621 5607
f 2611 5607 2612
f 2611 6202 2621
f 2612 3037 6202
f 2612 4412 3037
f 2612 5607 4412
f 2613 2614 4412
f 2613 2615 2614
f 2613 2622 2615
f 2613 4412 5607
f 2613 5607 6557
f 2613 6557 2622
f 2614 2615 2616
f 2614 2616 3033
f 2614 3031 4412
f 2614 3033 3031
f 2615 2617 2616
f 2615 2622 2623
f 2615 2623 2624
f 2615 2624 2617
f 2616 2617 2618
f 2616 2618 3033
f 2617 2624 4034
f 2617 4034 6666
f 2617 6666 2618
f 2618 3034 3033
f 2618 3035 3034
f 2618 6666 3035
f 2619 2631 6792
f 2619 2632 4896
f 2619 2637 2631
f 2619 4011 7151
f 2619 4896 4011
f 2619 6052 2637
f 2619 6792 2632
f 2619 7151 6052
f 2620 2621 6202
f 2620 2633 7086
f 2620 2634 2621
f 2620 3979 2633
f 2620 7086 2634
f 2621 2634 5607
f 2622 2635 2978
f 2622 2978 2623
f 2622 6557 2635
f 2623 2978 5107
f 2623 5107 2624
f 2624 2625 4034
f 2624 5107 2625
f 2625 5107 6407
f 2625 6407 4034
f 2626 2627 4991
f 2626 2998 2627
f 2626 3273 6505
f 2626 4991 6407
f 2626 6407 3273
f 2626 6505 2998
f 2627 2998 6651
f 2627 6651 4991
f 2628 2629 6491
f 2628 2982 2984
f 2628 2983 2982
f 2628 2984 2629
f 2628 3139 2983
f 2629 2630 5205
f 2629 2984 6340
f 2629 5205 6491
f 2629 6340 2630
f 2630 4142 5205
f 2630 6320 4142
f 2630 6340 6320
f 2631 2637 4142
f 2631 4142 6792
f 2632 2974 3979
f 2632 3979 4896
f 2632 5051 2974
f 2632 6792 5051
f 2633 2974 7086
f 2633 3979 2974
f 2634 6486 6557
f 2634 6557 5607
f 2634 7086 6486
f 2635 2976 2978
f 2635 6486 2976
f 2635 6557 6486
f 2636 2637 6052
f 2636 4142 2637
f 2636 5205 4142
f 2636 5748 5205
f 2636 6052 5748
f 2638 3087 6852
f 2639 6887 6184
f 2640 2671 3684
f 2640 3174 4860
f 2640 3684 6443
f 2640 4860 2671
f 2640 6193 3174
f 2640 6443 6193
f 2641 3976 7202
f 2641 4348 6961
f 2641 6961 3976
f 2641 7202 4348
f 2642 5351 6201
f 2642 6201 6958
f 2642 6746 5351
f 2642 6958 6746
f 2643 3992 4246
f 2643 4246 5351
f 2643 5351 6746
f 2643 6746 3992
f 2644 2645 6387
f 2644 3302 2645
f 2644 4543 3302
f 2646 3581 4487
f 2646 4487 4788
f 2646 4788 7098
f 2646 7098 3581
f 2647 3581 7012
f 2647 7012 3582
f 2649 2650 6429
f 2649 3397 2650
f 2650 2651 4378
f 2650 3137 6429
f 2650 3397 2651
f 2650 4378 3137
f 2651 3397 4052
f 2651 4052 4253
f 2651 4253 4378
f 2652 5503 6055
f 2652 6055 4272
f 2652 6890 5503
f 2653 2672 3998
f 2653 3998 3939
f 2653 6869 2672
f 2654 3998 5890
f 2654 5890 6890
f 2655 4862 6376
f 2656 3543 6615
f 2656 4109 3543
f 2656 5096 4109
f 2656 6615 5096
f 2657 2658 6615
f 2657 3457 5869
f 2657 6615 3457
f 2658 2659 6615
f 2658 3923 2659
f 2659 2728 2729
f 2659 2729 6615
f 2659 3923 4868
f 2659 4868 2728
f 2660 2661 3916
f 2660 3916 7154
f 2660 6456 2661
f 2660 7154 6456
f 2661 2720 2721
f 2661 2721 2722
f 2661 2722 3916
f 2661 4575 2720
f 2661 6456 4575
f 2662 2663 6456
f 2662 2664 2663
f 2662 3088 2664
f 2662 6456 3088
f 2663 2664 2665
f 2663 2665 6545
f 2663 6545 6456
f 2664 2666 2665
f 2664 3088 2666
f 2665 2666 2667
f 2665 2667 2670
f 2665 2670 6545
f 2666 3088 7154
f 2666 6694 2667
f 2666 7154 6694
f 2667 2668 2669
f 2667 2669 2670
f 2667 3255 2668
f 2667 3682 3255
f 2667 6694 3682
f 2668 3255 4333
f 2668 3899 4452
f 2668 4452 2669
f 2669 4452 2670
f 2670 4452 6545
f 2671 4860 6749
f 2671 5386 3684
f 2671 6749 5386
f 2672 5890 3998
f 2672 6869 6890
f 2672 6890 5890
f 2673 6201 7098
f 2673 6958 6201
f 2673 7098 6958
f 2674 3218 3458
f 2674 3456 3218
f 2674 3458 4690
f 2674 4690 3456
f 2675 6956 2676
f 2676 2678 2677
f 2676 3534 2678
f 2676 3683 3534
f 2677 2678 2679
f 2677 2679 6330
f 2678 3534 2679
f 2679 3534 4596
f 2679 4596 5204
f 2679 5204 6330
f 2680 4256 6563
f 2681 5093 7056
f 2681 6290 5093
f 2681 6709 6290
f 2681 7056 6709
f 2682 2683 6290
f 2682 2684 2683
f 2682 2694 2695
f 2682 2695 2684
f 2682 4592 2694
f 2682 6290 6962
f 2682 6962 4592
f 2683 2684 3664
f 2683 3664 5093
f 2683 5093 6290
f 2684 2685 4258
f 2684 2686 2685
f 2684 2695 2696
f 2684 2696 2686
f 2684 4258 3664
f 2686 2696 6802
f 2687 2689 6043
f 2687 6043 6709
f 2687 6709 7056
f 2687 6885 2689
f 2687 7056 6885
f 2688 4709 6962
f 2688 6043 6926
f 2688 6709 6043
f 2688 6926 4709
f 2688 6962 6709
f 2689 6885 6903
f 2689 6903 6043
f 2690 2691 7106
f 2690 6095 2691
f 2690 6926 6095
f 2690 7106 6926
f 2691 2692 7106
f 2691 2693 2692
f 2691 2853 2693
f 2691 6095 2853
f 2692 2693 4592
f 2692 4592 4709
f 2692 4709 7106
f 2693 2694 4592
f 2693 2850 2694
f 2693 2853 4082
f 2693 4082 2850
f 2694 2850 2695
f 2695 2849 2696
f 2695 2850 2849
f 2696 2849 6802
f 2697 5312 5600
f 2697 5600 6232
f 2697 6095 5312
f 2698 2699 3645
f 2698 3645 6206
f 2698 4898 6547
f 2698 6206 4898
f 2698 6547 2699
f 2699 6547 6863
f 2699 6863 3645
f 2700 2704 2716
f 2700 2716 4787
f 2700 6222 2704
f 2701 2702 2703
f 2701 2703 2707
f 2701 2707 2708
f 2701 4787 2702
f 2702 2704 2703
f 2702 2716 2704
f 2702 4787 2716
f 2703 2704 3726
f 2703 2706 2707
f 2703 3726 2706
f 2704 4771 3726
f 2704 6222 4771
f 2705 4091 4215
f 2705 6219 7171
f 2705 7171 4091
f 2706 2709 2710
f 2706 2710 2707
f 2706 3726 4156
f 2706 4156 2709
f 2707 2710 3162
f 2707 3162 4220
f 2707 4220 2708
f 2708 4220 4436
f 2708 4436 6449
f 2709 3531 5077
f 2709 4156 3531
f 2709 5077 6209
f 2709 6209 2710
f 2710 2714 3162
f 2710 6209 2714
f 2711 2712 7017
f 2711 2714 2712
f 2711 3162 2714
f 2711 4220 3162
f 2711 7017 4220
f 2712 2713 7017
f 2712 2714 6209
f 2713 3930 5587
f 2713 5587 7017
f 2715 3828 3930
f 2715 5193 3828
f 2717 2718 7012
f 2717 3218 2718
f 2717 3458 3218
f 2717 7012 3458
f 2718 2719 4974
f 2718 4974 7012
f 2718 7023 2719
f 2719 6275 4974
f 2719 7023 6275
f 2720 3734 6542
f 2720 4575 3734
f 2720 6542 2721
f 2721 2723 2722
f 2721 6542 2723
f 2722 2723 2724
f 2722 2724 3916
f 2723 2725 2724
f 2723 2727 2725
f 2723 6542 6715
f 2723 6715 2727
f 2724 2725 6561
f 2724 6561 3916
f 2725 2726 6561
f 2725 2727 2726
f 2726 2727 2728
f 2726 2728 3589
f 2726 3406 6561
f 2726 3589 3406
f 2727 6715 2728
f 2728 4868 3589
f 2728 6715 2729
f 2729 6715 6615
f 2730 2731 3603
f 2730 2750 2731
f 2730 3308 4692
f 2730 3603 3308
f 2730 4692 2750
f 2731 2732 6703
f 2731 2750 2751
f 2731 2751 2732
f 2731 6703 3603
f 2732 2751 2752
f 2732 2752 3631
f 2732 3631 5102
f 2732 5102 6703
f 2733 2734 3631
f 2733 2735 2734
f 2733 2752 2755
f 2733 2755 2756
f 2733 2756 2735
f 2733 3631 2752
f 2734 2735 2736
f 2734 2736 7091
f 2734 7091 3631
f 2735 2756 6980
f 2735 6980 2736
f 2736 3067 7091
f 2736 5211 3067
f 2736 6980 5211
f 2737 3062 4328
f 2737 4328 5850
f 2737 4835 6215
f 2737 5850 4835
f 2737 6215 3062
f 2738 4835 6966
f 2738 6776 4835
f 2738 6966 6776
f 2739 3055 5035
f 2739 5035 2740
f 2740 5035 2741
f 2741 5035 6454
f 2742 2743 2744
f 2742 2744 2750
f 2742 2750 4692
f 2742 4692 6708
f 2742 6708 2743
f 2743 2745 2744
f 2743 3050 2745
f 2743 6708 3050
f 2744 2745 2746
f 2744 2746 2753
f 2744 2753 2750
f 2745 2747 2746
f 2745 3049 3060
f 2745 3050 3049
f 2745 3060 2747
f 2746 2747 2748
f 2746 2748 2753
f 2747 3060 6385
f 2747 6385 2748
f 2748 2754 2753
f 2748 6385 6399
f 2748 6399 2754
f 2749 2758 6385
f 2749 3537 2758
f 2749 3814 3537
f 2749 6385 3814
f 2750 2753 2751
f 2751 2753 2754
f 2751 2754 2752
f 2752 2754 2755
f 2754 6399 2755
f 2755 6399 2756
f 2756 6399 6980
f 2757 2759 6355
f 2757 6355 7149
f 2757 6980 2759
f 2758 2759 6399
f 2758 3537 6355
f 2758 6355 2759
f 2758 6399 6385
f 2759 6980 6399
f 2760 3261 6355
f 2760 3360 5368
f 2760 3537 3360
f 2760 5368 3261
f 2760 6355 3537
f 2761 2762 2763
f 2761 2763 2929
f 2761 2929 3705
f 2761 3705 4631
f 2761 4631 2762
f 2762 2764 2763
f 2762 2784 3519
f 2762 2785 2784
f 2762 3519 2764
f 2762 4631 2785
f 2763 2764 2765
f 2763 2765 2932
f 2763 2932 2929
f 2764 2766 2765
f 2764 3519 2766
f 2765 2766 6858
f 2765 2934 2932
f 2765 6858 2934
f 2766 2767 6858
f 2766 2783 2767
f 2766 3519 2783
f 2767 2783 6527
f 2767 6527 6858
f 2768 2769 6769
f 2768 2941 2943
f 2768 2943 6858
f 2768 6527 2769
f 2768 6769 2941
f 2768 6858 6527
f 2769 2770 6769
f 2769 2782 2770
f 2769 6527 2782
f 2770 2771 6769
f 2770 2782 2794
f 2770 2794 2771
f 2771 2794 6515
f 2771 2795 6803
f 2771 6515 2795
f 2771 6803 6769
f 2772 2773 6061
f 2772 2939 6803
f 2772 6061 2939
f 2772 6803 2773
f 2773 3259 3746
f 2773 3746 6061
f 2773 6803 3259
f 2774 2796 4654
f 2774 3746 2796
f 2774 4654 7053
f 2774 6061 3746
f 2774 7053 6061
f 2775 3150 6473
f 2775 3441 3150
f 2775 6473 7034
f 2775 6873 3441
f 2775 7034 6873
f 2776 2777 6473
f 2776 3150 3521
f 2776 3521 6195
f 2776 6195 2777
f 2776 6473 3150
f 2777 2778 6796
f 2777 2787 6473
f 2777 6195 2778
f 2777 6796 2787
f 2778 2779 2780
f 2778 2780 6796
f 2778 6195 2779
f 2779 2781 2780
f 2779 2788 2790
f 2779 2790 2781
f 2779 6195 2788
f 2780 2781 6527
f 2780 2783 6796
f 2780 6527 2783
f 2781 2782 6527
f 2781 2790 2792
f 2781 2792 2782
f 2782 2792 2794
f 2783 3519 6796
f 2784 2785 2786
f 2784 2786 2787
f 2784 2787 6796
f 2784 6796 3519
f 2785 4631 6559
f 2785 6559 2786
f 2786 6473 2787
f 2786 6559 7034
f 2786 7034 6473
f 2788 2789 2790
f 2788 5612 2789
f 2788 6195 5612
f 2789 2791 2790
f 2789 4151 4415
f 2789 4415 7093
f 2789 5612 4151
f 2789 7093 2791
f 2790 2791 2792
f 2791 2793 2792
f 2791 2806 2793
f 2791 7093 2806
f 2792 2793 2794
f 2793 2805 6515
f 2793 2806 2805
f 2793 6515 2794
f 2795 3259 6803
f 2795 3802 3259
f 2795 6515 3802
f 2796 2797 4654
f 2796 3018 2797
f 2796 3259 3802
f 2796 3746 3259
f 2796 3802 3018
f 2797 3018 3019
f 2797 3019 6677
f 2798 2799 3540
f 2798 3019 2799
f 2798 4146 6677
f 2798 6677 3019
f 2799 2800 3540
f 2799 3019 2800
f 2800 2801 3211
f 2800 3018 2801
f 2800 3019 3018
f 2800 3211 3540
f 2801 2802 3211
f 2801 2803 2802
f 2801 3018 3802
f 2801 3802 2803
f 2802 2803 2804
f 2802 2804 3211
f 2803 2805 2804
f 2803 3802 2805
f 2804 2805 2806
f 2804 2806 7093
f 2804 2807 3211
f 2804 7093 2807
f 2805 3802 6515
f 2808 2810 2815
f 2808 2815 4217
f 2808 3494 2810
f 2809 2810 3494
f 2809 2811 2810
f 2809 2823 2824
f 2809 2824 6313
f 2809 3494 4806
f 2809 4806 2823
f 2809 6313 2811
f 2810 2811 2812
f 2810 2812 2815
f 2812 2813 2815
f 2813 2814 2815
f 2814 4217 2815
f 2814 6795 4217
f 2816 2817 5398
f 2816 2824 2825
f 2816 2825 2817
f 2816 6313 2824
f 2817 2825 6570
f 2817 6570 5617
f 2818 2819 6957
f 2818 2820 2819
f 2818 5617 2820
f 2819 2820 6095
f 2819 6095 6957
f 2820 2821 6095
f 2820 5617 2821
f 2821 5617 6570
f 2821 6570 6095
f 2822 2823 3426
f 2822 2824 2823
f 2822 2825 2824
f 2822 3426 6095
f 2822 6095 6570
f 2822 6570 2825
f 2823 4806 3426
f 2826 2827 2958
f 2826 2958 5348
f 2826 5348 6726
f 2826 6726 2827
f 2827 2828 2829
f 2827 2829 2960
f 2827 2959 2958
f 2827 2960 2959
f 2827 6726 2828
f 2828 2830 2829
f 2828 3547 2830
f 2828 6726 3547
f 2829 2830 2831
f 2829 2831 2960
f 2830 2832 2831
f 2830 2927 3016
f 2830 3016 2832
f 2830 3547 4005
f 2830 4005 2927
f 2831 2832 2833
f 2831 2833 2960
f 2832 2834 2833
f 2832 2861 2834
f 2832 2863 2861
f 2832 3016 2863
f 2833 2834 2835
f 2833 2835 2961
f 2833 2961 2960
f 2834 2859 6554
f 2834 2861 2859
f 2834 6554 2835
f 2835 2962 2961
f 2835 6554 2962
f 2836 2837 3464
f 2836 2846 4409
f 2836 3464 2846
f 2836 4409 6324
f 2836 6324 2837
f 2837 2838 3742
f 2837 3742 3464
f 2837 6324 2838
f 2838 6111 3742
f 2838 6324 6111
f 2839 2951 4677
f 2839 4148 2951
f 2839 4642 4148
f 2839 4677 4642
f 2840 2841 2842
f 2840 2842 2947
f 2840 2946 7033
f 2840 2947 2946
f 2840 4799 2841
f 2840 7033 4799
f 2841 2843 2842
f 2841 2964 2843
f 2841 4799 2964
f 2842 2843 2844
f 2842 2844 5053
f 2842 2950 2947
f 2842 5053 2950
f 2843 2845 2844
f 2843 2964 2845
f 2844 2845 6381
f 2844 6381 5053
f 2845 2846 6381
f 2845 2955 2846
f 2845 2957 2955
f 2845 2964 2957
f 2846 2955 2956
f 2846 2956 6554
f 2846 3464 6381
f 2846 6554 4409
f 2847 4677 6626
f 2847 6626 2848
f 2847 7040 4677
f 2848 6626 7033
f 2848 7033 6892
f 2849 2850 2852
f 2849 2851 6802
f 2849 2852 2851
f 2850 4082 2852
f 2851 2852 2854
f 2852 2855 2854
f 2852 4082 2855
f 2853 6095 4082
f 2855 2856 3426
f 2855 4082 2856
f 2856 4082 6095
f 2857 3014 5357
f 2857 5357 5772
f 2857 5772 6111
f 2857 6111 3014
f 2858 2859 2860
f 2858 2860 5772
f 2858 5357 2859
f 2858 5772 5357
f 2859 2861 2860
f 2859 3015 6554
f 2859 5357 3015
f 2860 2861 2862
f 2860 2862 2881
f 2860 2881 5772
f 2861 2863 2862
f 2862 2863 2864
f 2862 2864 2881
f 2863 2865 2864
f 2863 3016 2865
f 2864 2865 7119
f 2864 2876 2880
f 2864 2880 2881
f 2864 7119 2876
f 2865 2927 2928
f 2865 2928 6707
f 2865 3016 2927
f 2865 6707 7119
f 2866 2867 6182
f 2866 2929 2867
f 2866 5385 2929
f 2866 6182 6707
f 2866 6707 5385
f 2867 2868 6182
f 2867 2869 2868
f 2867 2929 2932
f 2867 2932 2869
f 2868 2869 6845
f 2868 2874 2878
f 2868 2877 6182
f 2868 2878 2877
f 2868 6845 2874
f 2869 2870 6845
f 2869 2932 2933
f 2869 2933 2870
f 2870 2871 6845
f 2870 2933 3566
f 2870 3566 2871
f 2871 2872 6845
f 2871 3566 5034
f 2871 5034 2872
f 2872 2873 6845
f 2872 5034 2873
f 2873 2874 6845
f 2873 5034 2874
f 2874 5034 2878
f 2875 2876 7055
f 2875 2880 2876
f 2875 2881 2880
f 2875 5034 5772
f 2875 5772 2881
f 2875 7055 5034
f 2876 4274 7055
f 2876 7119 4274
f 2877 2878 4274
f 2877 4274 7119
f 2877 7119 6182
f 2878 2879 4274
f 2878 5034 2879
f 2879 5034 7055
f 2879 7055 4274
f 2882 2909 3981
f 2882 3845 6996
f 2882 3981 3845
f 2882 4157 2909
f 2882 6996 4157
f 2883 2884 2885
f 2883 2885 2922
f 2883 2922 6457
f 2883 5355 2884
f 2883 6457 5355
f 2884 2886 2885
f 2884 2890 2891
f 2884 2891 2886
f 2884 5355 2890
f 2885 2886 2887
f 2885 2887 2922
f 2886 2888 2887
f 2886 2891 2892
f 2886 2892 2893
f 2886 2893 3101
f 2886 3101 2888
f 2887 2888 2889
f 2887 2889 2921
f 2887 2921 2922
f 2888 2997 3714
f 2888 3101 2997
f 2888 3714 2889
f 2889 2920 2921
f 2889 3714 2920
f 2890 6569 2891
f 2891 6569 2892
f 2892 2894 2893
f 2892 6569 2894
f 2893 2894 2895
f 2893 2895 3101
f 2894 2896 2895
f 2894 2905 2896
f 2894 6406 2905
f 2894 6569 6406
f 2895 2896 2897
f 2895 2897 2996
f 2895 2996 3101
f 2896 2898 2897
f 2896 2904 2898
f 2896 2905 2904
f 2897 2898 2899
f 2897 2899 6345
f 2897 6345 2996
f 2898 2904 2906
f 2898 2906 6955
f 2898 6955 2899
f 2899 6955 6345
f 2900 2906 2907
f 2900 2907 2901
f 2900 6955 2906
f 2901 2907 2902
f 2902 2903 6199
f 2902 2907 2903
f 2903 2904 6406
f 2903 2906 2904
f 2903 2907 2906
f 2903 6406 6199
f 2904 2905 6406
f 2908 3845 3981
f 2908 3981 4013
f 2908 4013 4340
f 2908 4340 4508
f 2908 4508 3845
f 2909 3502 7167
f 2909 4157 3502
f 2909 4635 3981
f 2909 7167 4635
f 2910 3502 6648
f 2910 3857 5355
f 2910 5355 6457
f 2910 6457 3502
f 2910 6648 3857
f 2911 3981 4635
f 2911 4013 3981
f 2911 5845 4013
f 2912 2913 6502
f 2912 5088 2913
f 2912 6502 5088
f 2913 3013 6528
f 2913 5088 3013
f 2913 6259 6502
f 2913 6528 6259
f 2914 2915 4483
f 2914 4483 6259
f 2914 6259 6528
f 2914 6528 2915
f 2915 2919 6447
f 2915 2926 2919
f 2915 6447 4483
f 2915 6528 2926
f 2916 4483 6447
f 2916 6447 3619
f 2916 7027 4483
f 2917 2918 6259
f 2917 3613 2918
f 2917 4483 3613
f 2917 6259 4483
f 2918 3613 4626
f 2918 3745 5870
f 2918 4626 3745
f 2918 5870 6259
f 2919 2920 3714
f 2919 2926 2920
f 2919 3714 6447
f 2920 2924 2921
f 2920 2926 2924
f 2921 2924 4248
f 2921 4248 2922
f 2922 4248 6457
f 2923 2925 3013
f 2923 3013 6722
f 2923 4248 2925
f 2923 6722 7167
f 2923 7167 4248
f 2924 2925 4248
f 2924 2926 6528
f 2924 6528 2925
f 2925 6528 3013
f 2927 4005 2928
f 2928 3705 5385
f 2928 4005 3705
f 2928 5385 6707
f 2929 5385 3705
f 2930 2931 6559
f 2930 2944 2931
f 2930 4214 2944
f 2930 4222 4214
f 2930 4631 4222
f 2930 6559 4631
f 2931 2944 4354
f 2931 4354 7034
f 2931 7034 6559
f 2932 2934 2933
f 2933 2934 2935
f 2933 2935 3566
f 2934 6858 2935
f 2935 2936 3566
f 2935 6858 2936
f 2936 2942 6658
f 2936 2943 2942
f 2936 6658 3566
f 2936 6858 2943
f 2937 2938 5034
f 2937 4466 2938
f 2937 5034 6658
f 2937 6658 4466
f 2938 4466 6061
f 2938 6061 5034
f 2939 2940 6803
f 2939 2941 2940
f 2939 4466 6658
f 2939 6061 4466
f 2939 6658 2941
f 2940 2941 6769
f 2940 6769 6803
f 2941 2942 2943
f 2941 6658 2942
f 2944 4214 4288
f 2944 4288 4354
f 2945 2946 2947
f 2945 2947 2950
f 2945 2948 5597
f 2945 2950 2948
f 2945 5597 6892
f 2945 6892 2946
f 2946 6892 7033
f 2948 2950 6265
f 2949 3823 6111
f 2949 6111 6831
f 2949 6265 3823
f 2949 6831 6265
f 2950 3823 6265
f 2950 5053 3823
f 2951 2963 4677
f 2951 4148 5884
f 2951 5884 6643
f 2951 6643 2963
f 2952 2954 6643
f 2952 2958 2954
f 2952 5348 2958
f 2952 5884 5348
f 2952 6643 5884
f 2953 2954 6422
f 2953 2957 2964
f 2953 2963 6643
f 2953 2964 4799
f 2953 4799 2963
f 2953 6422 2957
f 2953 6643 2954
f 2954 2958 2959
f 2954 2959 6422
f 2955 2957 6422
f 2955 6422 2956
f 2956 2962 6554
f 2956 6422 2962
f 2959 2960 2961
f 2959 2961 2962
f 2959 2962 6422
f 2963 4799 6626
f 2963 6626 4677
f 2965 2966 2967
f 2965 2967 2991
f 2965 2991 2981
f 2966 2968 2967
f 2966 2971 2968
f 2966 3993 2971
f 2967 2968 4411
f 2967 4411 2991
f 2968 2969 4411
f 2968 2971 7100
f 2968 2972 2969
f 2968 7100 2972
f 2969 2970 4411
f 2969 2972 4947
f 2969 4947 5051
f 2969 5051 2970
f 2970 2993 4411
f 2970 5051 6792
f 2970 6320 2993
f 2970 6792 6320
f 2971 3538 7100
f 2971 3993 4332
f 2971 4332 3538
f 2972 2973 4947
f 2972 7100 2973
f 2973 2979 2980
f 2973 2980 4947
f 2973 7100 2979
f 2974 2980 7086
f 2974 4947 2980
f 2974 5051 4947
f 2975 2976 6486
f 2975 2977 2976
f 2975 2979 2977
f 2975 2980 2979
f 2975 6486 2980
f 2976 2977 2978
f 2977 2979 3538
f 2977 3538 3558
f 2977 3558 5107
f 2977 5107 2978
f 2979 7100 3538
f 2980 6486 7086
f 2981 2991 2989
f 2982 2985 2984
f 2983 3139 6629
f 2984 2985 2986
f 2984 2986 6340
f 2986 2995 6340
f 2987 2988 2994
f 2987 2994 2995
f 2988 2989 2990
f 2988 2990 2994
f 2989 2991 2990
f 2990 2991 2992
f 2990 2992 6340
f 2990 6340 2994
f 2991 4411 2992
f 2992 2993 6320
f 2992 4411 2993
f 2992 6320 6340
f 2994 6340 2995
f 2996 4812 3101
f 2996 6345 4812
f 2997 3101 4812
f 2997 4812 6336
f 2997 6336 3714
f 2998 3156 6651
f 2998 6505 3156
f 2999 4255 5861
f 2999 6051 4255
f 2999 6409 6051
f 3000 3001 3002
f 3000 3745 4324
f 3000 4324 3001
f 3001 3003 3002
f 3001 3011 3003
f 3001 4324 4810
f 3001 4810 3011
f 3002 3003 3004
f 3003 3005 3004
f 3003 3011 4877
f 3003 4877 6382
f 3003 6382 3005
f 3004 3005 4941
f 3006 3922 6232
f 3006 5312 3922
f 3006 5600 5312
f 3006 6232 5600
f 3007 3674 5104
f 3007 5104 3815
f 3008 3009 3932
f 3008 3010 4810
f 3008 3932 3674
f 3008 4810 3009
f 3009 4810 3932
f 3010 3011 4810
f 3010 3012 4877
f 3010 4877 3011
f 3012 6382 4877
f 3013 5088 6722
f 3014 3015 5357
f 3014 3017 4409
f 3014 4409 3015
f 3014 6111 3017
f 3015 4409 6554
f 3017 6111 6324
f 3017 6324 4409
f 3020 3021 6672
f 3020 7137 3021
f 3021 4892 6672
f 3021 5628 4892
f 3021 7137 5628
f 3022 4645 7125
f 3022 7125 4094
f 3022 7157 4645
f 3023 4816 3024
f 3023 7064 4816
f 3024 3026 3025
f 3024 4816 3026
f 3025 3026 6492
f 3026 3027 6492
f 3026 3038 3027
f 3026 4816 3038
f 3027 3029 3028
f 3027 3037 3029
f 3027 3038 3037
f 3028 3029 3030
f 3028 3030 6566
f 3029 3031 3030
f 3029 3037 4412
f 3029 4412 3031
f 3030 3031 3032
f 3031 3033 3032
f 3032 3033 3034
f 3035 6666 3036
f 3037 3038 6202
f 3038 4816 6202
f 3039 3057 4790
f 3039 3814 3057
f 3039 4790 6758
f 3039 6758 3814
f 3040 3041 6947
f 3040 3194 7125
f 3040 3921 3041
f 3040 6947 3194
f 3040 7125 3921
f 3041 3045 4874
f 3041 3921 4790
f 3041 4790 3045
f 3041 4874 6947
f 3042 3043 4874
f 3042 3046 3047
f 3042 3047 3048
f 3042 3048 6315
f 3042 4874 3046
f 3042 6315 3043
f 3043 4695 6372
f 3043 6372 4874
f 3044 3051 7109
f 3044 3056 3051
f 3044 6315 3056
f 3045 3046 4874
f 3045 3057 3046
f 3045 4790 3057
f 3046 3057 3058
f 3046 3058 3047
f 3047 3049 3048
f 3047 3058 3049
f 3048 3049 3050
f 3048 3050 4525
f 3048 3056 6315
f 3048 4525 3056
f 3049 3058 3060
f 3050 6708 4525
f 3051 3052 7109
f 3051 3056 4525
f 3051 4525 3052
f 3052 3053 7109
f 3052 4525 6509
f 3052 6509 7035
f 3052 7035 3053
f 3053 3054 4310
f 3053 4310 7109
f 3053 7035 3054
f 3054 5774 7076
f 3054 7035 5774
f 3054 7076 4310
f 3055 7076 5035
f 3057 3814 3058
f 3058 3059 3060
f 3058 3814 3059
f 3059 3814 6385
f 3059 6385 3060
f 3061 6684 5901
f 3062 4178 4328
f 3062 4465 4178
f 3062 6215 4465
f 3063 3064 6234
f 3063 3482 4676
f 3063 4676 3064
f 3063 6234 3482
f 3064 3068 6234
f 3064 4064 3068
f 3064 4190 4064
f 3064 4676 4190
f 3065 3066 3072
f 3065 3070 5878
f 3065 3071 3070
f 3065 3072 3071
f 3065 4993 3066
f 3065 5878 4993
f 3066 3067 5211
f 3066 4993 3067
f 3066 5211 3072
f 3067 4993 7091
f 3068 4064 4708
f 3068 4178 6234
f 3068 4708 4178
f 3069 4190 5878
f 3069 4444 4190
f 3069 5878 3070
f 3073 3699 6703
f 3073 5102 5849
f 3073 5849 3699
f 3073 6703 5102
f 3076 3500 4509
f 3076 3892 3500
f 3076 3920 3892
f 3076 4509 6960
f 3076 6960 3920
f 3077 4509 6983
f 3077 6983 3078
f 3078 6983 6211
f 3080 4546 6397
f 3081 4985 6397
f 3081 6397 4546
f 3082 3444 4339
f 3082 4339 3957
f 3082 6342 3444
f 3083 5895 3170
f 3084 6574 3085
f 3085 4202 3634
f 3085 4895 4202
f 3085 6574 4895
f 3086 3233 4202
f 3086 4202 4895
f 3086 4506 6484
f 3086 4895 4506
f 3086 6484 3233
f 3088 6456 7154
f 3089 3090 4196
f 3089 4196 3142
f 3089 6512 3090
f 3090 3254 4196
f 3090 3888 3254
f 3090 6512 3888
f 3091 3516 3832
f 3092 3733 5109
f 3092 3949 4608
f 3092 4608 5873
f 3092 5109 3949
f 3092 5873 3733
f 3093 3429 6574
f 3095 5217 6592
f 3095 6592 3799
f 3096 4049 7182
f 3096 4300 4049
f 3096 4301 4537
f 3096 4537 4300
f 3096 7182 4301
f 3097 5625 6700
f 3098 6365 6993
f 3098 6793 6365
f 3098 6993 6793
f 3099 4887 4128
f 3100 3201 6503
f 3102 3329 4081
f 3102 3551 6986
f 3102 3978 3551
f 3102 4081 3978
f 3102 6986 3329
f 3103 4153 6739
f 3103 4593 5359
f 3103 6739 4593
f 3104 3377 5225
f 3104 4820 3377
f 3104 5225 6463
f 3104 6463 4820
f 3105 4325 6776
f 3105 5102 4325
f 3105 5849 5102
f 3105 6776 6966
f 3105 6966 5849
f 3106 3475 4380
f 3106 3604 4588
f 3106 4341 3604
f 3106 4380 6650
f 3106 4588 4715
f 3106 4715 3475
f 3106 6650 4341
f 3107 3310 3943
f 3107 3943 4474
f 3107 6728 3310
f 3108 4035 6303
f 3108 5307 4035
f 3108 6269 5307
f 3108 6303 6269
f 3109 3797 6476
f 3109 4319 3797
f 3109 4349 4319
f 3109 6476 4349
f 3110 4212 6251
f 3110 4634 4212
f 3110 4782 4634
f 3111 3596 4955
f 3111 3870 6444
f 3111 4229 3870
f 3111 4955 4229
f 3111 6444 3596
f 3112 3694 3229
f 3112 4212 6565
f 3112 6565 3694
f 3113 3963 3239
f 3113 4391 3963
f 3114 3381 7180
f 3114 4292 4392
f 3114 4392 3381
f 3114 5614 6552
f 3114 6552 4292
f 3114 7180 5614
f 3115 3694 5194
f 3115 4500 3694
f 3115 5194 6780
f 3115 6288 4500
f 3115 6780 6288
f 3116 3283 5354
f 3116 3661 3283
f 3116 4330 3661
f 3116 5354 6185
f 3117 3570 4107
f 3117 3901 3570
f 3117 4107 6667
f 3117 4389 3901
f 3117 6667 4389
f 3118 4669 6681
f 3118 6681 6805
f 3119 3189 3665
f 3119 3665 4322
f 3119 3858 3189
f 3119 3954 3858
f 3119 4322 3954
f 3120 3677 6745
f 3120 4886 6278
f 3120 5591 4886
f 3120 6278 3677
f 3120 6745 5591
f 3121 4393 4376
f 3123 3794 6628
f 3123 4188 6958
f 3123 4795 4188
f 3123 5605 6972
f 3123 6628 5605
f 3123 6958 3794
f 3123 6972 4795
f 3124 3626 5238
f 3124 3667 4964
f 3124 4053 3667
f 3124 4285 4053
f 3124 4964 3626
f 3125 4001 3856
f 3125 6734 4001
f 3126 3267 4971
f 3126 4176 6260
f 3126 4971 5872
f 3126 5872 4176
f 3126 6260 3267
f 3127 3164 3764
f 3127 3525 3164
f 3127 3764 6581
f 3127 4532 3525
f 3127 6581 4532
f 3128 3309 4889
f 3128 4785 3309
f 3128 4889 6662
f 3128 6196 4785
f 3128 6662 6196
f 3129 3224 5199
f 3129 4004 4385
f 3129 4385 6568
f 3129 5199 4004
f 3129 6568 3224
f 3132 4581 6314
f 3132 7134 4581
f 3133 3370 6207
f 3133 4070 4116
f 3133 6207 4070
f 3134 3848 6552
f 3134 4056 4791
f 3134 4791 5621
f 3134 5621 3848
f 3134 6552 4056
f 3135 3662 5751
f 3135 5751 7015
f 3135 7015 7044
f 3135 7044 3662
f 3137 4378 6449
f 3137 4712 6429
f 3137 6449 4712
f 3138 3691 7115
f 3138 3870 4229
f 3138 4037 6395
f 3138 4229 3691
f 3138 6395 3870
f 3138 7115 4037
f 3139 6073 6629
f 3140 3159 3210
f 3140 3751 6244
f 3140 3801 3751
f 3140 3913 3159
f 3140 4103 3801
f 3140 6244 3913
f 3141 3424 3994
f 3141 3965 4383
f 3141 3994 5050
f 3141 4089 3424
f 3141 4383 4089
f 3141 5050 3965
f 3143 5225 7153
f 3144 3820 4030
f 3144 4030 6490
f 3144 6490 3317
f 3145 4781 6975
f 3145 5073 6420
f 3145 6420 4781
f 3145 6975 5073
f 3146 3783 6514
f 3146 3966 3783
f 3146 6514 3966
f 3147 4118 4239
f 3147 4239 6675
f 3148 3644 6190
f 3148 3773 4240
f 3148 4240 6664
f 3148 6664 3644
f 3149 3242 6438
f 3149 3469 7102
f 3149 6438 6790
f 3149 6790 3469
f 3149 7102 3242
f 3150 3441 3521
f 3151 3180 6757
f 3151 3625 3180
f 3151 4451 3625
f 3151 6757 4451
f 3152 5400 4938
f 3152 7095 5400
f 3154 3183 6319
f 3154 4286 4054
f 3154 6319 7047
f 3154 7047 4286
f 3155 3627 6407
f 3155 6241 3627
f 3155 6407 4991
f 3156 4856 3866
f 3156 6505 4856
f 3157 3237 4898
f 3157 3337 4300
f 3157 4300 6513
f 3157 4898 6206
f 3157 6206 3337
f 3157 6513 3237
f 3158 3783 4807
f 3158 4807 6460
f 3158 6460 6994
f 3158 6994 7090
f 3158 7090 3783
f 3159 5396 3210
f 3160 4150 4309
f 3160 4309 4547
f 3160 4547 6697
f 3160 4957 4150
f 3160 6697 4957
f 3161 3375 6959
f 3161 4451 3375
f 3161 6434 4451
f 3161 6959 6434
f 3163 4145 5875
f 3163 4802 6872
f 3163 5203 4802
f 3163 5875 6426
f 3163 6426 5203
f 3163 6872 4145
f 3164 3474 3764
f 3164 3525 6843
f 3164 3666 3474
f 3164 6843 3666
f 3165 3232 6730
f 3165 3311 4701
f 3165 3608 3232
f 3165 4701 3608
f 3165 6704 3311
f 3165 6730 6704
f 3166 3539 7126
f 3166 3855 3539
f 3166 4859 5581
f 3166 5581 6375
f 3166 6375 3855
f 3166 7126 4859
f 3167 4125 6049
f 3167 5726 4921
f 3167 6049 5726
f 3168 3306 4637
f 3168 4051 3306
f 3169 7158 5343
f 3170 3362 4471
f 3170 5895 3362
f 3171 3295 3650
f 3172 4569 5892
f 3172 5892 6466
f 3173 3445 6488
f 3173 4008 4699
f 3173 4699 3445
f 3173 4966 4008
f 3173 6488 4966
f 3174 3425 4860
f 3174 6193 7178
f 3174 7178 3425
f 3175 3902 4982
f 3175 4096 3902
f 3175 4982 6511
f 3175 6511 4096
f 3176 4441 6283
f 3176 6283 6964
f 3177 3224 6277
f 3177 3280 3658
f 3177 3894 3280
f 3177 6277 3894
f 3178 3759 7163
f 3178 4398 5866
f 3178 4845 3759
f 3178 5866 6261
f 3178 6261 4845
f 3178 7163 4398
f 3180 3241 6757
f 3180 3625 4760
f 3180 4760 3241
f 3181 3392 3819
f 3181 3819 6226
f 3181 4317 3392
f 3181 5073 6975
f 3181 6226 5073
f 3181 6975 4317
f 3182 4275 3473
f 3182 6245 4275
f 3183 5844 6319
f 3184 4965 3610
f 3186 3337 6206
f 3186 3645 3897
f 3186 3897 6668
f 3186 4534 3337
f 3186 6206 3645
f 3186 6668 4534
f 3187 3526 4519
f 3187 3727 3767
f 3187 3767 3776
f 3187 3776 4533
f 3187 4519 3727
f 3187 4533 3526
f 3188 3285 6252
f 3188 3670 6359
f 3188 3820 3670
f 3188 4201 3285
f 3188 6252 3820
f 3188 6359 4201
f 3189 3244 3665
f 3189 4015 6322
f 3189 6322 3244
f 3190 3244 5391
f 3190 3665 3244
f 3190 6750 3665
f 3191 3735 4271
f 3191 4271 5050
f 3191 4977 6316
f 3191 5050 4977
f 3191 6316 3735
f 3192 4286 7047
f 3192 5393 4286
f 3192 5622 6415
f 3192 6415 5393
f 3192 7047 5622
f 3193 3877 6418
f 3193 4360 6907
f 3193 6418 6992
f 3193 6907 3877
f 3193 6992 4360
f 3194 3872 6241
f 3194 4094 7125
f 3194 6241 4094
f 3194 6947 3872
f 3195 3305 5902
f 3195 3389 5584
f 3195 4029 3389
f 3195 5584 7186
f 3195 5902 4029
f 3195 6404 3305
f 3195 7186 6404
f 3196 3254 3888
f 3196 3470 6653
f 3196 3822 3470
f 3196 3888 3822
f 3196 6218 3254
f 3196 6653 6218
f 3197 4418 6299
f 3197 4438 4418
f 3197 6299 6452
f 3197 6452 4438
f 3198 4362 6595
f 3198 6595 6772
f 3198 6772 6849
f 3198 6849 4362
f 3199 4641 4144
f 3200 3936 6308
f 3200 4209 3936
f 3200 6308 5081
f 3201 3284 6371
f 3201 6371 6503
f 3202 3618 4123
f 3202 3719 3618
f 3202 4123 6305
f 3202 6305 6638
f 3203 4098 7159
f 3203 4976 4098
f 3203 5208 4976
f 3203 7159 3338
f 3204 3386 6488
f 3204 3445 6287
f 3204 4959 3386
f 3204 6287 4959
f 3204 6488 3445
f 3205 3230 6668
f 3205 3321 3230
f 3205 6668 6790
f 3205 6835 3321
f 3206 3253 5092
f 3206 3630 4857
f 3206 4533 3630
f 3206 4857 3253
f 3206 5092 6652
f 3206 6652 4533
f 3207 3428 4029
f 3207 3853 5091
f 3207 4029 6506
f 3207 5091 3428
f 3207 6506 3853
f 3208 4280 4870
f 3208 4627 4865
f 3208 4865 6627
f 3208 4870 4627
f 3208 6627 4280
f 3209 3937 4773
f 3209 6909 3937
f 3212 3635 6880
f 3212 3813 3635
f 3212 4225 3813
f 3212 6880 4225
f 3213 4441 7135
f 3213 5228 6870
f 3213 6283 4441
f 3213 6870 6283
f 3213 7135 5228
f 3214 3226 3885
f 3214 3885 3941
f 3215 3227 5774
f 3215 3308 4663
f 3215 4663 3227
f 3215 5774 6425
f 3215 6425 3308
f 3216 6996 3845
f 3217 3418 6907
f 3217 4063 6655
f 3217 6655 3418
f 3219 3245 7120
f 3219 7120 6374
f 3220 4237 6978
f 3220 4894 4237
f 3221 3677 6678
f 3221 4036 6745
f 3221 4174 4745
f 3221 4745 5630
f 3221 5630 4036
f 3221 6678 4174
f 3221 6745 3677
f 3222 3599 5613
f 3222 4019 6328
f 3222 4850 4019
f 3222 5613 4850
f 3222 6328 3599
f 3223 3949 4382
f 3223 4337 3949
f 3223 4382 6230
f 3223 6230 4337
f 3224 6568 6277
f 3225 3487 4461
f 3225 4461 4969
f 3225 4969 5066
f 3226 4768 6619
f 3226 6619 3885
f 3227 3699 6398
f 3227 4663 3699
f 3227 6398 5774
f 3228 4871 6849
f 3228 5366 4871
f 3228 6772 5366
f 3228 6849 6772
f 3229 3694 4500
f 3229 4500 5196
f 3230 4534 6668
f 3231 3604 4341
f 3231 4341 4365
f 3231 4365 3879
f 3231 4588 3604
f 3232 3608 6198
f 3233 3454 3966
f 3233 3847 4202
f 3233 3966 6514
f 3233 6484 3454
f 3233 6514 3847
f 3234 4678 4852
f 3234 4852 6951
f 3234 6951 5188
f 3235 3331 4420
f 3235 3733 5873
f 3235 4420 6874
f 3235 5873 3331
f 3235 6874 3733
f 3236 3878 3975
f 3236 3975 4097
f 3236 4097 7014
f 3236 4794 3878
f 3236 7014 5342
f 3237 3908 4898
f 3237 4953 3908
f 3237 6513 4953
f 3238 4440 6548
f 3238 4713 6362
f 3238 6362 4440
f 3238 6548 7026
f 3238 7026 7028
f 3238 7028 4713
f 3239 3963 3731
f 3239 6239 3420
f 3240 3590 5825
f 3240 4022 3590
f 3240 5825 4022
f 3241 4760 5517
f 3241 5517 7070
f 3241 7070 6757
f 3242 3633 6581
f 3242 6581 7173
f 3242 7102 3633
f 3242 7173 6438
f 3243 3644 4807
f 3243 3783 3966
f 3243 3966 6190
f 3243 4807 3783
f 3243 6190 3644
f 3245 5066 7120
f 3245 6267 5066
f 3246 3256 4430
f 3246 3257 3256
f 3246 4430 6481
f 3246 5573 4764
f 3246 6481 5573
f 3248 4129 6233
f 3248 6191 4129
f 3248 6233 3781
f 3249 3830 3723
f 3249 6995 3830
f 3249 7201 6995
f 3250 4714 5851
f 3250 4955 4044
f 3250 5851 4955
f 3251 3265 3571
f 3251 3455 4861
f 3251 3571 3455
f 3251 6275 3265
f 3252 3671 4135
f 3252 4135 5079
f 3252 5079 7082
f 3252 5630 3671
f 3252 6541 5630
f 3252 7082 6541
f 3253 3617 5092
f 3253 3996 3617
f 3253 4857 3996
f 3254 6218 4196
f 3255 3682 6292
f 3255 6292 4333
f 3256 3257 3829
f 3256 3593 3950
f 3256 3829 3593
f 3256 3950 4430
f 3257 4977 3829
f 3258 3868 4571
f 3258 6337 3868
f 3260 3753 6740
f 3260 4045 6743
f 3260 4633 3753
f 3260 6740 4045
f 3262 4873 3599
f 3263 3754 7026
f 3263 5094 6641
f 3263 6300 3754
f 3263 6548 5094
f 3263 6641 6300
f 3263 7026 6548
f 3264 3441 6873
f 3264 3974 6635
f 3264 4649 3974
f 3264 6635 3441
f 3264 6873 4649
f 3265 4187 3571
f 3265 6275 7023
f 3265 7023 4187
f 3266 3369 4693
f 3266 4269 6808
f 3266 4693 4269
f 3266 4888 3369
f 3267 4765 6743
f 3267 5886 4765
f 3267 6260 5886
f 3267 6743 4971
f 3268 3813 6203
f 3268 4446 4504
f 3268 4504 3813
f 3269 6237 5061
f 3270 3310 4574
f 3270 3859 6580
f 3270 4574 3859
f 3270 6580 3310
f 3271 3279 6487
f 3271 4713 3279
f 3271 4784 4713
f 3271 4946 4784
f 3271 6487 4946
f 3272 3394 6179
f 3272 3628 3394
f 3272 4208 4364
f 3272 4364 3628
f 3272 6179 4208
f 3273 3558 6505
f 3273 5107 3558
f 3273 6407 5107
f 3274 3851 5855
f 3274 4812 6345
f 3274 5855 6336
f 3274 6336 4812
f 3274 6345 3851
f 3275 3417 3541
f 3275 3476 3417
f 3275 3541 3946
f 3275 3808 4562
f 3275 3946 3808
f 3275 4562 3476
f 3276 3653 4407
f 3276 4407 5603
f 3277 3807 5095
f 3277 4038 6601
f 3277 4789 4038
f 3277 5095 4789
f 3277 6601 3807
f 3278 3290 5199
f 3278 3493 3290
f 3278 3658 3817
f 3278 3817 3493
f 3279 4713 5243
f 3279 5243 5586
f 3279 5586 6487
f 3280 3894 6180
f 3280 4065 3658
f 3280 6180 4065
f 3281 3634 3847
f 3281 3847 6514
f 3281 4573 3634
f 3281 4634 4573
f 3281 6514 4634
f 3282 3877 6879
f 3282 5064 7005
f 3282 6405 5064
f 3282 6879 6405
f 3282 7005 3877
f 3283 3661 6217
f 3283 7044 5354
f 3284 5343 6264
f 3285 3314 3756
f 3285 3756 6252
f 3285 4201 3314
f 3286 3483 4971
f 3286 4045 3483
f 3286 4971 6743
f 3286 6743 4045
f 3287 4327 3443
f 3287 6963 7065
f 3287 7065 4327
f 3288 4016 6539
f 3288 4257 4016
f 3289 4080 5234
f 3289 5234 6223
f 3289 6223 5502
f 3290 3493 6435
f 3290 4114 5199
f 3290 4951 4114
f 3290 6435 4951
f 3291 3574 4120
f 3291 4029 6748
f 3291 4120 6506
f 3291 6506 4029
f 3291 6748 3574
f 3292 3958 4200
f 3292 4191 3958
f 3292 5594 4191
f 3293 3526 4675
f 3293 4644 6788
f 3293 4675 4644
f 3293 6788 6971
f 3293 6971 3526
f 3294 4835 6776
f 3294 6215 4835
f 3294 6776 6215
f 3295 4019 3650
f 3295 6328 4019
f 3295 6753 6328
f 3296 3545 3583
f 3296 3583 6593
f 3296 3907 3545
f 3296 6593 5609
f 3297 3666 6843
f 3297 6270 3666
f 3297 6843 4540
f 3298 3524 3702
f 3298 5395 3524
f 3300 3365 4350
f 3300 3835 4964
f 3300 4964 3365
f 3300 5588 3835
f 3301 4472 6419
f 3302 3592 5350
f 3302 4543 6824
f 3302 6824 3592
f 3303 3643 4552
f 3303 4552 6463
f 3303 6463 4025
f 3304 4662 5198
f 3304 5594 4662
f 3305 4621 5902
f 3306 3893 4637
f 3306 4543 3893
f 3306 5106 4543
f 3307 6057 6904
f 3307 6784 6057
f 3307 6904 6235
f 3308 3603 4663
f 3308 6425 4692
f 3309 3568 4889
f 3309 3782 4475
f 3309 4475 4710
f 3309 4710 3568
f 3309 4785 3782
f 3310 6580 3943
f 3310 6728 4574
f 3311 6704 7021
f 3311 7021 4701
f 3312 3784 4299
f 3312 4299 6622
f 3312 4704 7062
f 3312 7062 3784
f 3313 3822 6489
f 3313 3928 3548
f 3313 6489 3928
f 3314 4201 6479
f 3314 6479 7031
f 3314 7031 3756
f 3315 3489 6353
f 3315 6353 6495
f 3315 6495 7133
f 3315 6603 3489
f 3315 7133 6603
f 3316 3423 6190
f 3316 3454 6484
f 3316 3717 3423
f 3316 6190 3454
f 3317 6490 5103
f 3318 4580 4770
f 3318 6714 7073
f 3318 7073 4580
f 3319 3372 4148
f 3319 4148 5060
f 3319 5060 5207
f 3319 5207 3372
f 3320 3411 6411
f 3320 3554 3736
f 3320 3736 6380
f 3320 6380 3411
f 3320 6411 3554
f 3321 5629 4262
f 3321 6835 5629
f 3322 6229 4796
f 3322 6354 6229
f 3324 4086 4670
f 3324 4607 6352
f 3324 4670 6339
f 3324 6339 4607
f 3324 6352 4086
f 3325 4037 4696
f 3325 4260 4359
f 3325 4359 6556
f 3325 4696 4260
f 3325 6556 4037
f 3326 3782 4785
f 3326 3886 4057
f 3326 4057 3782
f 3327 3750 7115
f 3327 4173 3750
f 3327 6988 4173
f 3327 7115 6988
f 3328 4201 6359
f 3328 6359 3945
f 3328 6479 4201
f 3329 4632 4081
f 3329 5593 4632
f 3329 6986 5593
f 3330 3486 5377
f 3330 3542 4890
f 3330 4026 3486
f 3330 4770 3542
f 3330 4890 4026
f 3330 5377 4770
f 3331 5356 6285
f 3331 5873 5356
f 3331 6285 4420
f 3332 3622 6350
f 3332 5223 3622
f 3332 6350 3988
f 3333 3984 6700
f 3333 4224 3984
f 3333 4316 5195
f 3333 5195 4224
f 3333 6250 4316
f 3333 6700 6250
f 3334 6978 6302
f 3335 3842 3955
f 3335 3955 4651
f 3335 4651 6176
f 3335 5899 3842
f 3335 6176 5899
f 3336 3730 4760
f 3336 4313 3730
f 3336 4722 4313
f 3336 4760 6361
f 3336 6361 4722
f 3337 4534 6221
f 3337 6221 7058
f 3337 7058 4300
f 3338 3871 3917
f 3338 7159 3871
f 3339 4781 6420
f 3339 5344 6974
f 3339 6420 5344
f 3340 4450 7180
f 3340 7180 3906
f 3341 4620 5230
f 3341 4655 4620
f 3341 5230 6183
f 3341 5390 4655
f 3341 6183 5390
f 3342 6413 5880
f 3343 3379 6644
f 3343 3885 6619
f 3343 4706 3885
f 3343 6619 3379
f 3343 6644 4706
f 3344 3473 5110
f 3344 5110 7031
f 3344 6181 3473
f 3344 7031 6181
f 3345 4440 6362
f 3345 4990 4425
f 3345 5244 4440
f 3345 6362 4990
f 3346 3933 4113
f 3346 4406 4563
f 3346 4563 6601
f 3346 6601 3933
f 3347 3605 6807
f 3347 4764 3605
f 3348 3403 6479
f 3348 3945 4583
f 3348 4181 3403
f 3348 4583 6573
f 3348 6573 4181
f 3349 3732 4375
f 3349 4507 3732
f 3349 5590 4507
f 3350 4101 4480
f 3351 3523 5615
f 3351 4649 6873
f 3351 5615 6532
f 3351 6532 4649
f 3351 6873 3523
f 3352 3973 6622
f 3352 4308 3973
f 3352 5897 4308
f 3352 6622 5897
f 3353 4074 4725
f 3353 4591 6783
f 3353 6783 4074
f 3353 6870 4591
f 3354 3632 4513
f 3354 4513 6471
f 3354 6249 3632
f 3354 6471 4179
f 3355 4488 5345
f 3355 4668 6495
f 3355 5345 4668
f 3355 6353 4488
f 3355 6495 6353
f 3356 3713 3738
f 3356 3738 4817
f 3356 4241 6421
f 3356 4817 4241
f 3356 6421 7160
f 3356 7160 3713
f 3357 3430 6453
f 3357 3752 6900
f 3357 6453 6448
f 3357 6900 3430
f 3358 3624 4414
f 3358 4414 7110
f 3358 7110 7124
f 3358 7124 4522
f 3359 5108 6817
f 3359 6504 5108
f 3360 3537 6758
f 3360 3763 5368
f 3360 6758 3763
f 3361 3716 6681
f 3361 5207 3716
f 3361 5235 3686
f 3361 6681 5235
f 3362 5895 6299
f 3362 6299 4471
f 3363 3578 3640
f 3363 3640 6093
f 3363 5040 6634
f 3363 6093 5040
f 3363 6634 3578
f 3364 4175 6311
f 3364 7122 4175
f 3365 3667 6846
f 3365 4293 4350
f 3365 4964 3667
f 3365 6846 4293
f 3366 3432 4257
f 3366 5052 3432
f 3367 3809 7045
f 3367 4775 3809
f 3367 5156 6630
f 3367 6630 4775
f 3367 6827 7020
f 3367 7020 5156
f 3367 7045 6827
f 3368 4844 4938
f 3368 4938 5400
f 3368 6863 4844
f 3369 3874 6176
f 3369 4888 5621
f 3369 5621 3874
f 3369 6176 4693
f 3370 4048 6386
f 3370 6386 6207
f 3371 4723 6401
f 3371 6401 3774
f 3371 6558 4723
f 3372 4463 6532
f 3372 5207 4463
f 3372 5884 4148
f 3372 6532 5884
f 3373 3620 7185
f 3373 6948 3986
f 3373 7185 6948
f 3374 3403 3692
f 3374 3692 4197
f 3374 4197 4230
f 3374 4230 7031
f 3374 6479 3403
f 3374 7031 6479
f 3375 3690 6959
f 3375 4251 4734
f 3375 4451 6757
f 3375 4734 3690
f 3375 6757 4251
f 3376 3868 4195
f 3376 4083 3868
f 3376 4195 6292
f 3376 4302 4083
f 3376 5392 4302
f 3376 6292 5392
f 3377 4147 4858
f 3377 4820 6804
f 3377 4858 5225
f 3377 6804 4147
f 3378 4017 7155
f 3378 4848 4017
f 3378 7084 4848
f 3378 7155 7084
f 3379 6619 6976
f 3379 6976 7174
f 3379 7174 6644
f 3380 4502 3911
f 3380 6471 4513
f 3381 4392 4036
f 3381 6541 7180
f 3382 3402 6896
f 3382 4777 3402
f 3382 6837 4777
f 3382 6896 6837
f 3383 3737 6656
f 3383 5596 3612
f 3383 6656 5596
f 3384 3510 4698
f 3384 4698 5110
f 3384 4721 3510
f 3384 4766 7069
f 3384 5110 4766
f 3384 7069 4721
f 3385 3405 6273
f 3385 3763 6758
f 3385 6758 3405
f 3386 3962 4428
f 3386 4428 6488
f 3386 4959 3962
f 3387 4521 6549
f 3387 6549 7136
f 3387 7136 4876
f 3388 5350 6730
f 3389 3428 3709
f 3389 3709 3452
f 3389 4029 3428
f 3390 4037 6556
f 3390 4589 6395
f 3390 5900 4589
f 3390 6395 4037
f 3390 6556 5900
f 3391 3758 6508
f 3391 3844 3758
f 3391 4511 3844
f 3391 4702 4511
f 3392 4317 6833
f 3392 4530 6428
f 3392 6428 3819
f 3392 6833 4530
f 3393 6229 6354
f 3394 3628 6690
f 3394 4135 6179
f 3394 6690 4135
f 3395 4133 6818
f 3395 4231 6833
f 3395 4317 4133
f 3395 6818 6850
f 3395 6833 4317
f 3395 6850 4231
f 3396 3506 6968
f 3396 3935 3506
f 3396 4658 4858
f 3396 6968 4658
f 3398 4193 7085
f 3398 4891 6538
f 3398 5212 6186
f 3398 6186 4193
f 3398 6538 5212
f 3398 7085 4891
f 3399 4650 5055
f 3399 5055 6460
f 3399 6460 6664
f 3399 6664 7000
f 3399 7000 4650
f 3400 4144 4520
f 3402 3418 6655
f 3402 4777 3418
f 3402 6461 6896
f 3402 6655 6461
f 3403 4181 6475
f 3403 6475 3692
f 3404 4395 6469
f 3404 4449 5881
f 3404 5881 4395
f 3405 3921 6273
f 3405 4790 3921
f 3405 6758 4790
f 3406 3432 4601
f 3406 3589 6499
f 3406 4601 6561
f 3406 6499 3432
f 3407 4472 6844
f 3407 6419 4472
f 3408 4194 7111
f 3408 7111 3721
f 3409 3575 5217
f 3409 4152 3575
f 3409 5217 6262
f 3409 6262 4152
f 3410 4522 6446
f 3411 4323 6411
f 3411 6380 6531
f 3411 6531 4323
f 3412 7168 7138
f 3413 4798 6731
f 3414 6111 3488
f 3414 6265 6831
f 3414 6831 6111
f 3415 4043 5616
f 3415 5210 4043
f 3416 3701 4426
f 3416 4670 3701
f 3416 6339 4670
f 3417 3476 6237
f 3418 4352 6907
f 3418 4777 4352
f 3419 4852 4678
f 3421 4076 4841
f 3422 3594 3863
f 3422 3863 7048
f 3422 7048 7050
f 3423 3717 4046
f 3424 4089 6318
f 3425 4075 4860
f 3425 4273 4075
f 3425 7178 4273
f 3427 4461 6970
f 3427 4969 4461
f 3427 6949 4969
f 3427 6970 5626
f 3428 5091 3709
f 3429 3838 6574
f 3429 5071 3838
f 3429 6759 5071
f 3430 4251 6453
f 3430 4734 4251
f 3430 6900 4734
f 3431 3950 7032
f 3431 4430 3950
f 3431 7032 7174
f 3431 7174 4430
f 3432 5052 4601
f 3432 6499 4257
f 3433 4740 6824
f 3433 6824 5106
f 3434 3973 6608
f 3434 6622 3973
f 3435 3531 3778
f 3435 3778 3857
f 3435 3857 6648
f 3435 5077 3531
f 3435 6648 5077
f 3436 3562 7175
f 3436 4846 3562
f 3436 6624 4846
f 3436 7175 6624
f 3437 4138 7018
f 3437 4442 4553
f 3437 4848 4138
f 3437 7018 4442
f 3438 4862 6861
f 3438 5097 5366
f 3438 5366 6376
f 3438 6376 4862
f 3438 6861 5097
f 3440 3587 4779
f 3440 4732 3587
f 3440 4779 5572
f 3440 5572 4732
f 3441 6635 3521
f 3442 6361 4760
f 3443 3963 4391
f 3443 4327 3963
f 3443 4391 4372
f 3444 3760 6441
f 3444 4568 3760
f 3444 6342 4568
f 3445 4699 5190
f 3445 5190 6287
f 3446 3558 4332
f 3446 4856 6505
f 3446 6505 3558
f 3447 3581 7098
f 3447 5197 7012
f 3447 6201 5197
f 3447 7012 3581
f 3447 7098 6201
f 3448 3549 5868
f 3448 5868 7036
f 3448 7036 7008
f 3449 3965 4271
f 3449 4271 7110
f 3449 4414 7088
f 3449 7088 3965
f 3449 7110 4414
f 3450 3658 4769
f 3450 3817 3658
f 3450 4769 6318
f 3450 6318 3817
f 3453 4771 6222
f 3453 7171 4771
f 3453 7176 7171
f 3454 6190 3966
f 3455 3571 4098
f 3455 4098 4861
f 3456 4031 6403
f 3456 4690 4031
f 3456 6403 5082
f 3457 3543 3812
f 3457 3812 5869
f 3457 6615 3543
f 3458 5197 4690
f 3458 7012 5197
f 3460 3514 3535
f 3460 3535 6244
f 3460 6244 3925
f 3461 4199 6586
f 3462 6376 6772
f 3463 4152 6262
f 3463 4691 7113
f 3463 6262 4691
f 3463 7113 4482
f 3464 3742 6973
f 3464 5053 6381
f 3464 6973 5053
f 3465 6821 3729
f 3466 6533 4069
f 3467 4124 5365
f 3467 5365 4298
f 3467 6591 4124
f 3468 3484 4109
f 3468 3491 3800
f 3468 3586 3491
f 3468 3800 3484
f 3468 4109 6720
f 3468 5221 3586
f 3468 6720 5221
f 3469 4884 7102
f 3469 6790 4884
f 3470 3610 7130
f 3470 7130 6653
f 3471 3970 3990
f 3471 3990 4632
f 3471 4632 6246
f 3472 3936 4209
f 3472 4167 4173
f 3472 4173 6988
f 3472 4209 4167
f 3473 4275 4766
f 3473 4766 5110
f 3474 6640 3764
f 3475 3492 7077
f 3475 4715 5602
f 3475 5602 3492
f 3475 7077 4380
f 3476 3498 6237
f 3476 4562 6442
f 3476 6442 3498
f 3477 3509 5580
f 3477 3544 6467
f 3477 6467 3509
f 3478 5517 6448
f 3478 6448 6453
f 3478 6453 5517
f 3479 3529 6834
f 3479 6076 3529
f 3479 6851 6076
f 3480 6828 6711
f 3481 3572 3591
f 3481 4166 5883
f 3481 5883 3572
f 3482 4325 4676
f 3482 4465 6776
f 3482 6234 4465
f 3482 6776 4325
f 3483 4045 5065
f 3483 5389 4971
f 3484 3543 4109
f 3484 3800 3991
f 3484 3812 3543
f 3484 3991 6791
f 3484 6791 3812
f 3485 6832 6863
f 3486 7200 4453
f 3489 3637 3673
f 3489 3673 5387
f 3489 5387 6353
f 3489 6603 3637
f 3490 4494 5164
f 3490 4936 4494
f 3490 5164 4936
f 3491 3586 4269
f 3491 4269 4693
f 3491 4651 3800
f 3491 4693 4651
f 3492 5602 4338
f 3493 3817 4089
f 3493 4089 4383
f 3493 4383 6435
f 3495 6462 7189
f 3495 6493 6979
f 3495 6979 4009
f 3495 7189 6493
f 3496 3729 6600
f 3496 4471 6299
f 3496 4600 3729
f 3496 5619 4600
f 3496 6299 5619
f 3496 6600 4471
f 3497 3596 4894
f 3497 4235 7201
f 3497 4894 4235
f 3497 4955 3596
f 3497 7201 4955
f 3498 4524 6237
f 3498 5604 4524
f 3498 6442 5604
f 3499 6589 6685
f 3499 6685 4295
f 3500 3892 6282
f 3500 4399 6983
f 3500 6282 4399
f 3500 6983 4509
f 3501 3915 6739
f 3501 4172 6415
f 3501 4523 6526
f 3501 5622 3915
f 3501 6415 5622
f 3501 6526 4172
f 3501 6739 4523
f 3502 4157 6648
f 3502 6457 7167
f 3503 4159 6592
f 3503 4170 4882
f 3503 4497 4159
f 3503 4882 4497
f 3503 6592 4170
f 3504 3768 6352
f 3504 4384 7080
f 3504 6307 4384
f 3504 6352 6307
f 3505 4361 5242
f 3505 4942 4067
f 3505 5226 4361
f 3505 5242 4942
f 3506 3935 6620
f 3506 6620 6874
f 3506 6874 6968
f 3507 4007 5108
f 3507 4568 6611
f 3507 5108 6504
f 3507 6504 4568
f 3507 6611 4270
f 3508 3860 6860
f 3508 6543 7147
f 3508 6765 6543
f 3508 7147 3860
f 3509 3612 4141
f 3509 4141 5580
f 3510 4527 4698
f 3512 3772 3862
f 3512 4068 3772
f 3512 6466 4068
f 3513 3602 4778
f 3513 3948 6740
f 3513 4778 3948
f 3513 5608 3602
f 3513 5893 5608
f 3513 6740 5893
f 3514 3678 3535
f 3514 6196 3678
f 3515 3570 6268
f 3515 4006 6427
f 3515 6427 3570
f 3516 4878 7038
f 3516 6335 3832
f 3516 7038 6335
f 3517 6020 5501
f 3518 4264 5216
f 3518 4532 6812
f 3518 5216 6843
f 3518 6812 4264
f 3518 6843 4532
f 3521 5612 6195
f 3521 6635 5612
f 3522 3675 4838
f 3522 4838 6147
f 3522 5533 6117
f 3522 6117 3675
f 3522 6147 5533
f 3523 4288 5615
f 3523 4354 4288
f 3523 6873 4354
f 3524 4236 3702
f 3524 5395 3951
f 3524 5585 4236
f 3525 4532 6843
f 3526 4533 4675
f 3526 6971 4519
f 3527 4178 4708
f 3527 4328 4178
f 3527 4708 6303
f 3527 6303 4328
f 3528 5856 7020
f 3528 6777 5856
f 3528 6827 6901
f 3528 6901 6777
f 3528 7020 6827
f 3529 6076 4371
f 3530 4250 5859
f 3530 5369 4250
f 3530 5859 3896
f 3531 4156 3778
f 3532 3732 4507
f 3532 4507 4314
f 3532 6207 6272
f 3532 6272 3732
f 3533 3931 4666
f 3533 3933 6601
f 3533 4038 3931
f 3533 4666 3933
f 3533 6601 4038
f 3534 3683 7130
f 3536 6461 6655
f 3536 6655 3688
f 3537 3814 6758
f 3538 4332 3558
f 3539 3563 7126
f 3539 3855 6337
f 3539 6337 3563
f 3542 4580 6378
f 3542 4770 4580
f 3542 6378 4890
f 3544 3938 4703
f 3545 3907 4621
f 3545 4002 3583
f 3545 6713 4002
f 3546 4643 6952
f 3546 6646 4643
f 3547 4214 4222
f 3547 4222 4005
f 3547 6726 4214
f 3549 3926 4242
f 3549 4242 6389
f 3549 6389 5868
f 3550 3698 6461
f 3551 3978 6576
f 3551 5874 6986
f 3551 6576 5874
f 3552 4066 4523
f 3552 4523 4153
f 3553 3867 4417
f 3553 4417 4881
f 3553 4766 3867
f 3553 4881 6305
f 3553 6305 7069
f 3553 7069 4766
f 3554 4664 3736
f 3555 3675 5179
f 3555 4021 5529
f 3555 5179 6125
f 3555 5317 4021
f 3555 5529 3675
f 3555 5561 5317
f 3555 6125 5561
f 3556 3968 6396
f 3556 4640 3968
f 3556 4983 5892
f 3556 5892 4640
f 3556 6396 4983
f 3557 5586 5243
f 3559 4096 4706
f 3559 4359 4096
f 3559 4706 5900
f 3559 5900 6556
f 3559 6556 4359
f 3560 4950 7113
f 3560 6847 4950
f 3560 7113 5220
f 3561 3697 3945
f 3561 3945 6359
f 3561 4140 3697
f 3562 3677 7175
f 3562 4846 5862
f 3562 5862 6678
f 3562 6678 3677
f 3563 3884 7126
f 3564 3919 6999
f 3564 6220 3919
f 3564 6999 4336
f 3565 7080 6695
f 3566 6658 5034
f 3567 4530 4949
f 3567 4719 6562
f 3567 4949 4719
f 3567 6562 7165
f 3567 7165 4530
f 3568 4408 4445
f 3568 4445 4889
f 3568 4710 6534
f 3568 6534 4408
f 3569 3596 6444
f 3569 4237 3596
f 3569 4647 4237
f 3569 4952 4647
f 3569 6444 4952
f 3570 3901 6268
f 3570 6427 4107
f 3571 4187 7159
f 3571 7159 4098
f 3572 3657 6986
f 3572 3727 3657
f 3572 5883 3727
f 3572 6986 3591
f 3573 4635 7167
f 3573 7167 6722
f 3574 3999 4120
f 3574 4585 3999
f 3574 6748 4585
f 3575 3811 5217
f 3575 3836 7143
f 3575 4152 3836
f 3575 6867 3811
f 3575 7143 6867
f 3576 4111 4545
f 3576 6377 3806
f 3577 3724 4648
f 3577 4418 5610
f 3577 4648 5619
f 3577 5610 3724
f 3577 5619 4418
f 3578 5064 3640
f 3578 6634 7005
f 3578 7005 5064
f 3579 4684 5063
f 3580 4835 5774
f 3580 5774 6398
f 3580 6398 4835
f 3582 7012 4974
f 3583 4002 4106
f 3583 4106 5579
f 3583 5579 6593
f 3584 4215 4091
f 3585 4673 6178
f 3585 6178 3873
f 3585 6808 4673
f 3586 3791 4269
f 3586 4041 3791
f 3586 5221 4041
f 3587 4115 6405
f 3587 4732 4565
f 3587 6405 4779
f 3588 7149 4304
f 3589 3983 6499
f 3589 4868 3983
f 3590 4022 5536
f 3590 5169 6115
f 3590 5536 5787
f 3590 5553 6124
f 3590 5787 5169
f 3590 6115 5553
f 3590 6124 5825
f 3591 5874 7002
f 3591 6986 5874
f 3592 3826 6704
f 3592 6704 5350
f 3592 6824 3826
f 3593 3829 3994
f 3593 6302 3950
f 3594 6333 3863
f 3596 4237 4894
f 3597 3903 4154
f 3597 4003 6346
f 3597 4154 4003
f 3597 6042 3903
f 3597 6346 6042
f 3598 3968 4640
f 3598 4569 6762
f 3598 4640 4569
f 3598 6762 7058
f 3598 7058 3968
f 3599 4873 5613
f 3600 4298 4256
f 3601 4402 5885
f 3602 3646 4020
f 3602 4020 4778
f 3602 5608 6705
f 3602 6705 3646
f 3603 6703 4663
f 3605 4764 6789
f 3605 6414 6807
f 3606 3656 4726
f 3606 4593 6739
f 3606 6739 3656
f 3607 4332 3993
f 3608 3664 6198
f 3608 4701 3664
f 3609 4093 4643
f 3609 4141 6982
f 3609 4643 6646
f 3609 6646 4141
f 3609 6982 4093
f 3610 4965 7130
f 3611 3748 7141
f 3611 4960 3748
f 3611 6752 4960
f 3611 7141 7049
f 3612 5596 6208
f 3612 6208 4141
f 3613 4483 7027
f 3613 7027 4626
f 3614 4567 6524
f 3614 4668 4567
f 3614 6524 4668
f 3616 3652 7183
f 3616 3744 3652
f 3616 4438 6452
f 3616 6452 3744
f 3616 7183 4438
f 3617 3758 5092
f 3617 3996 4847
f 3617 4847 3758
f 3618 3719 6280
f 3618 4721 7069
f 3618 6280 4721
f 3618 7069 4123
f 3619 5075 4801
f 3619 6447 5075
f 3621 3693 5200
f 3621 4970 5746
f 3621 5200 4007
f 3621 5746 3693
f 3621 6286 4970
f 3622 5223 6518
f 3623 4137 6879
f 3623 4352 6837
f 3623 5083 4352
f 3623 6837 4137
f 3623 6879 5083
f 3624 7088 4414
f 3625 4451 6200
f 3625 6200 4760
f 3626 4964 6236
f 3626 6236 5238
f 3627 4034 6407
f 3628 4364 6568
f 3630 3687 4857
f 3630 4533 3776
f 3631 7091 5102
f 3632 6249 4590
f 3633 4296 6812
f 3633 4532 6581
f 3633 6812 4532
f 3633 7102 4296
f 3634 4202 3847
f 3635 3813 6895
f 3635 6895 7141
f 3635 7141 6880
f 3636 4551 4989
f 3636 4989 5893
f 3636 5390 6183
f 3636 5893 5390
f 3636 6183 4551
f 3637 3740 4337
f 3637 4337 6230
f 3637 6230 3673
f 3637 6603 3740
f 3638 3831 7143
f 3638 4071 3831
f 3638 7143 7135
f 3639 5383 6524
f 3639 6524 4108
f 3639 6609 6846
f 3639 6846 5383
f 3640 7170 6093
f 3641 3788 4609
f 3641 4118 6357
f 3641 4499 4118
f 3641 4609 7066
f 3641 4727 4499
f 3641 6357 3788
f 3641 7066 4727
f 3642 3842 5899
f 3642 4727 7066
f 3642 5899 4727
f 3642 7066 3842
f 3643 3685 4552
f 3643 4164 3685
f 3643 4398 4164
f 3644 6664 4807
f 3645 6863 3897
f 3646 3880 7052
f 3646 6705 3880
f 3646 7052 4020
f 3647 3835 5588
f 3647 5080 3835
f 3647 6756 5080
f 3648 4965 7195
f 3648 6736 4596
f 3648 7130 4965
f 3648 7195 6736
f 3649 3875 6844
f 3649 4472 5224
f 3649 5224 5575
f 3649 5575 3875
f 3649 6844 4472
f 3651 3909 6806
f 3651 4313 4722
f 3651 4722 6992
f 3651 6418 3909
f 3651 6806 4313
f 3651 6992 6418
f 3652 3744 6305
f 3652 4881 5371
f 3652 5371 7183
f 3652 6305 4881
f 3653 4231 4407
f 3653 5072 4231
f 3653 6905 5072
f 3654 3679 4738
f 3654 3887 3679
f 3654 5202 3887
f 3655 4119 5091
f 3655 5592 4119
f 3655 7155 5592
f 3656 3915 4171
f 3656 4171 4726
f 3656 6739 3915
f 3657 3727 4519
f 3657 4519 5593
f 3657 5593 6986
f 3658 4065 4769
f 3659 4577 4950
f 3659 4591 6870
f 3659 4950 4591
f 3659 5228 4577
f 3659 6870 5228
f 3660 4136 6413
f 3660 6840 4136
f 3661 4134 6217
f 3661 4330 6356
f 3661 6356 4134
f 3662 6253 7046
f 3662 7044 6253
f 3662 7046 5751
f 3663 6053 7203
f 3663 6257 6053
f 3663 6480 6257
f 3663 7203 6480
f 3664 4258 6198
f 3664 4701 5093
f 3665 6750 4322
f 3667 4053 6846
f 3668 4400 7047
f 3668 7047 5844
f 3669 4668 5345
f 3669 5230 4668
f 3669 5345 6183
f 3669 6183 5230
f 3671 4208 6179
f 3671 4745 4208
f 3671 5630 4745
f 3671 6179 4135
f 3673 5875 5387
f 3673 6230 5875
f 3674 3932 4238
f 3674 4238 5104
f 3675 5159 5832
f 3675 5316 5159
f 3675 5529 5780
f 3675 5780 6147
f 3675 5832 6109
f 3675 6109 5179
f 3675 6117 5316
f 3675 6147 4838
f 3676 3785 7152
f 3676 3886 3925
f 3676 3925 3785
f 3676 4057 3886
f 3676 7152 4057
f 3677 6278 7175
f 3678 6196 6662
f 3679 3887 4708
f 3679 4064 4444
f 3679 4444 6710
f 3679 4708 4064
f 3679 6710 4738
f 3680 4587 4401
f 3681 3743 5742
f 3681 4018 6351
f 3681 5742 4018
f 3681 6351 3839
f 3681 6889 3743
f 3682 5392 6292
f 3682 6694 5392
f 3683 6653 7130
f 3684 5386 6593
f 3684 6593 6443
f 3685 4164 4384
f 3685 4462 4820
f 3685 4820 4552
f 3686 4001 6734
f 3686 5235 6216
f 3686 6216 4001
f 3687 4370 4857
f 3688 4063 6476
f 3688 6476 6839
f 3688 6655 4063
f 3690 4319 4416
f 3690 4416 6959
f 3690 4734 6900
f 3690 6900 4319
f 3691 4229 5851
f 3691 5851 7115
f 3692 6665 4197
f 3693 5147 5200
f 3693 5746 6020
f 3693 6020 5147
f 3694 6565 5194
f 3695 6673 7146
f 3696 5040 6451
f 3696 6451 6806
f 3697 4140 4477
f 3697 4477 4583
f 3697 4583 3945
f 3698 6896 6461
f 3698 6974 6896
f 3699 4663 6703
f 3699 5849 6398
f 3700 4065 6180
f 3700 4843 4065
f 3700 6180 7041
f 3700 7041 7169
f 3700 7169 4843
f 3701 3757 4980
f 3701 3875 4426
f 3701 4980 3875
f 3703 4293 3977
f 3703 6747 4293
f 3704 4498 4970
f 3704 4970 6286
f 3705 4005 4222
f 3705 4222 4631
f 3707 4697 6535
f 3708 4565 5353
f 3708 4940 6894
f 3708 5353 4940
f 3708 6894 4115
f 3709 4119 4628
f 3709 5091 4119
f 3710 4526 7194
f 3710 4849 4526
f 3710 5352 6874
f 3710 6620 4849
f 3710 6874 6620
f 3710 7194 5352
f 3711 3910 4881
f 3711 4321 4817
f 3711 4417 4321
f 3711 4817 3910
f 3711 4881 4417
f 3713 5393 3738
f 3713 7160 5393
f 3714 6336 6447
f 3715 4524 5604
f 3715 4584 6950
f 3715 4741 7191
f 3715 5061 4524
f 3715 5604 4584
f 3715 6950 4741
f 3715 7191 5061
f 3716 5060 6805
f 3716 5207 5060
f 3716 6805 6681
f 3717 6301 4046
f 3718 4044 4955
f 3718 4955 7201
f 3718 6188 4044
f 3720 3867 4275
f 3720 4275 6245
f 3720 4321 3867
f 3720 6245 6297
f 3720 6297 4321
f 3721 7111 6341
f 3722 3761 6268
f 3722 3901 4389
f 3722 4389 6576
f 3722 4602 3761
f 3722 6268 3901
f 3722 6576 4602
f 3723 3830 6689
f 3724 4887 4648
f 3724 5610 7039
f 3724 7039 4887
f 3725 4986 6249
f 3725 6731 4986
f 3726 4771 6219
f 3726 6219 4156
f 3727 5883 3767
f 3728 4360 6992
f 3728 6825 6862
f 3728 6862 4360
f 3728 6992 3762
f 3729 4600 6599
f 3729 6599 4481
f 3729 6821 6600
f 3730 4313 6451
f 3730 6451 4760
f 3731 3963 4327
f 3731 4327 4724
f 3733 5352 5109
f 3733 6874 5352
f 3734 4575 5059
f 3734 5059 5853
f 3734 5853 6542
f 3735 4594 7124
f 3735 6316 4594
f 3735 7110 4271
f 3735 7124 7110
f 3736 3894 6277
f 3736 4664 3894
f 3736 6277 6380
f 3737 6256 6656
f 3738 3910 4817
f 3738 4130 3910
f 3738 4548 4130
f 3738 5393 6415
f 3738 6415 4548
f 3739 3842 7066
f 3739 3955 3842
f 3739 3991 3955
f 3739 6791 3991
f 3739 7062 6791
f 3739 7066 7062
f 3740 4285 5105
f 3740 5105 7072
f 3740 6603 4285
f 3740 7072 4337
f 3741 4106 6989
f 3741 4566 4106
f 3741 6961 4566
f 3741 6989 6961
f 3742 6111 6973
f 3743 6724 5742
f 3743 6889 6724
f 3744 6452 6638
f 3744 6638 6305
f 3745 4626 6661
f 3745 6661 4324
f 3747 4468 6814
f 3747 6771 4468
f 3747 6814 7092
f 3747 7092 4207
f 3748 4374 6847
f 3748 4960 4374
f 3749 4320 4629
f 3749 4629 6410
f 3749 4792 4320
f 3750 4173 4578
f 3750 4448 7115
f 3750 4578 6969
f 3750 6969 4448
f 3751 4978 6967
f 3751 6967 6244
f 3752 6203 6604
f 3752 6604 6900
f 3753 4369 4655
f 3753 4633 4369
f 3753 4655 5390
f 3753 5390 5893
f 3753 5893 6740
f 3754 3959 7026
f 3755 4283 6742
f 3755 6347 6778
f 3755 6742 4981
f 3755 6778 4283
f 3756 4718 6252
f 3756 7031 4527
f 3757 4657 4980
f 3757 6335 4657
f 3758 3844 5092
f 3758 4161 6508
f 3758 4847 4161
f 3759 5074 7163
f 3759 7099 5074
f 3760 4568 6504
f 3762 4722 6361
f 3762 6992 4722
f 3764 4176 4429
f 3764 4429 6581
f 3764 6640 4176
f 3765 4336 5586
f 3767 4206 3776
f 3767 5883 6521
f 3768 4086 6352
f 3768 4424 4086
f 3770 4291 4804
f 3770 6800 4291
f 3771 3804 6584
f 3771 4074 6783
f 3771 6783 3804
f 3771 6897 4074
f 3775 4175 6618
f 3775 6311 4175
f 3777 3941 6511
f 3777 4439 4514
f 3777 4514 4326
f 3777 6511 4439
f 3778 4156 6459
f 3779 4658 6670
f 3779 4858 4658
f 3779 6255 7153
f 3779 6670 4252
f 3779 7153 4858
f 3780 3803 6552
f 3780 4886 3803
f 3780 6178 6470
f 3780 6470 4886
f 3780 6552 3848
f 3781 5198 4662
f 3781 6233 5198
f 3782 4057 4475
f 3783 4055 6514
f 3783 7090 4055
f 3784 5897 4299
f 3784 7062 7066
f 3784 7066 5897
f 3785 3805 4260
f 3785 3925 4772
f 3785 4260 7152
f 3785 4772 3805
f 3786 3961 4404
f 3786 4077 7188
f 3786 4404 5076
f 3786 5076 4077
f 3786 7188 3961
f 3787 4009 6979
f 3787 4134 4009
f 3787 6217 4134
f 3787 6979 7156
f 3788 4126 6538
f 3788 4308 5897
f 3788 5897 4609
f 3788 6357 4126
f 3788 6538 4308
f 3789 4306 4743
f 3790 4642 7040
f 3790 6805 4642
f 3791 4041 6961
f 3791 6961 6989
f 3791 6989 4269
f 3792 3871 7159
f 3792 4859 7126
f 3792 6391 4859
f 3792 7126 3871
f 3792 7159 6391
f 3793 6180 6995
f 3793 6995 7201
f 3793 7041 6180
f 3793 7201 7041
f 3794 4788 6628
f 3794 6958 7098
f 3794 7098 4788
f 3795 3969 4439
f 3795 4439 4982
f 3795 4982 4050
f 3795 5192 3969
f 3796 4217 6795
f 3797 4319 6604
f 3797 4595 6839
f 3797 6604 4595
f 3797 6839 6476
f 3798 4809 7013
f 3798 7013 3864
f 3799 6472 6908
f 3799 6592 6472
f 3800 3955 3991
f 3800 4651 3955
f 3801 4103 6263
f 3801 6263 6987
f 3803 4886 5591
f 3803 5591 6552
f 3804 4960 3882
f 3804 6783 4960
f 3805 4050 4541
f 3805 4359 4260
f 3805 4541 4359
f 3805 4772 4050
f 3806 6377 4486
f 3807 6402 5095
f 3809 4775 5364
f 3810 3926 6686
f 3810 4511 3926
f 3810 4644 4675
f 3810 4675 6652
f 3810 6652 4511
f 3810 6686 4644
f 3811 6867 7144
f 3812 3927 5869
f 3812 6791 3927
f 3813 4225 6203
f 3813 4504 6895
f 3815 5104 5202
f 3816 4487 6563
f 3816 4788 4487
f 3816 5365 6628
f 3816 6563 5365
f 3816 6628 4788
f 3817 6318 4089
f 3818 5218 6777
f 3818 6777 6901
f 3819 3918 6226
f 3819 6428 3918
f 3820 6252 4030
f 3822 3888 6489
f 3823 5053 6973
f 3823 6973 6111
f 3824 3828 5193
f 3824 4014 4211
f 3824 4211 4254
f 3824 4254 5587
f 3824 4728 4014
f 3824 5193 4728
f 3824 5587 3828
f 3825 4549 5360
f 3825 5360 6360
f 3826 6824 4740
f 3827 3852 6442
f 3827 4742 6197
f 3827 6197 3852
f 3827 6442 4390
f 3828 5587 3930
f 3829 4977 5050
f 3829 5050 3994
f 3830 4158 6689
f 3830 4478 7192
f 3830 6995 4478
f 3830 7192 4158
f 3831 4071 5346
f 3832 5847 6946
f 3832 6335 5847
f 3833 6948 7185
f 3834 4067 6606
f 3834 4897 5226
f 3834 6606 7190
f 3834 7190 4897
f 3835 5080 6236
f 3835 6236 4964
f 3836 4152 6830
f 3836 6830 7143
f 3837 6194 4112
f 3838 4506 4895
f 3838 4895 6574
f 3839 6351 6885
f 3839 6885 4515
f 3841 4653 5858
f 3841 6897 4653
f 3843 4494 4936
f 3843 4936 6155
f 3843 5789 4494
f 3843 6155 5789
f 3844 4511 6652
f 3844 6652 5092
f 3846 4645 7157
f 3846 4939 3884
f 3846 7157 4939
f 3848 5621 4605
f 3849 4866 6710
f 3850 6393 6651
f 3851 4311 5855
f 3851 5398 4311
f 3851 6345 5398
f 3852 6197 7129
f 3853 6506 7084
f 3854 3947 4783
f 3854 4342 4442
f 3854 4442 7018
f 3854 4783 4342
f 3854 7018 3947
f 3855 4162 4195
f 3855 4195 6337
f 3855 6375 4162
f 3856 4001 6216
f 3856 4296 7095
f 3856 6216 6812
f 3856 6812 4296
f 3859 4574 6448
f 3859 5517 6580
f 3859 6448 5517
f 3860 4087 6860
f 3860 7147 4087
f 3861 6332 6205
f 3861 7197 6332
f 3863 4272 6055
f 3863 6055 7048
f 3863 6333 4272
f 3864 4870 4280
f 3864 7013 4870
f 3865 5891 6860
f 3865 6860 6344
f 3867 4321 4417
f 3867 4766 4275
f 3868 4083 4571
f 3868 6337 4195
f 3869 4403 5377
f 3870 6395 6444
f 3871 4851 3917
f 3871 7126 4851
f 3872 6947 6372
f 3873 4605 4888
f 3874 3929 5899
f 3874 5621 3929
f 3874 5899 6176
f 3875 4980 6844
f 3875 5575 4426
f 3876 4518 4191
f 3876 6401 4518
f 3877 5083 6879
f 3877 6907 5083
f 3877 7005 6418
f 3878 6243 3975
f 3879 4365 6384
f 3880 6705 7009
f 3880 7009 7188
f 3880 7188 7052
f 3881 4697 4741
f 3881 4741 6950
f 3881 6535 4697
f 3882 4960 6752
f 3884 4939 7126
f 3885 4096 6511
f 3885 4706 4096
f 3885 6511 3941
f 3887 5202 6269
f 3887 6269 6303
f 3887 6303 4708
f 3888 6512 6489
f 3889 4870 7013
f 3889 5528 4870
f 3889 6054 5528
f 3889 7013 6054
f 3890 3973 4092
f 3890 4092 4891
f 3890 4891 7085
f 3890 6608 3973
f 3891 5593 6971
f 3891 5887 6246
f 3891 6246 5593
f 3891 6971 5887
f 3892 3920 4672
f 3893 4543 6383
f 3893 6383 4637
f 3895 4984 6829
f 3895 6520 7128
f 3895 6829 6520
f 3895 6921 4984
f 3895 7128 6921
f 3896 5859 7101
f 3897 4958 6668
f 3897 6832 4958
f 3897 6863 6832
f 3898 3937 3914
f 3898 4653 4773
f 3898 4773 3937
f 3898 5858 4653
f 3899 4075 4273
f 3899 4273 4452
f 3899 5582 4075
f 3900 4525 6708
f 3900 6041 6509
f 3900 6425 6041
f 3900 6509 4525
f 3900 6708 6425
f 3902 4096 4359
f 3902 4359 4541
f 3902 4541 4982
f 3903 5500 5744
f 3903 6042 5500
f 3904 4736 6404
f 3904 5879 4736
f 3904 6404 7186
f 3904 7131 5879
f 3904 7186 7131
f 3905 4373 4730
f 3906 6541 7082
f 3906 7180 6541
f 3907 4585 4621
f 3907 5219 4585
f 3908 4062 4898
f 3908 4151 5612
f 3908 4953 4151
f 3908 5612 4062
f 3909 4121 6806
f 3909 6418 7005
f 3909 7005 4121
f 3910 4130 5371
f 3910 5371 4881
f 3911 4502 6437
f 3914 3937 6909
f 3914 6724 6889
f 3914 6909 6724
f 3915 5622 4171
f 3916 6561 7154
f 3917 4851 4939
f 3917 4939 6393
f 3919 6220 6988
f 3919 6487 6999
f 3919 6988 4539
f 3920 6960 5395
f 3921 7125 6273
f 3922 5312 6051
f 3922 6051 4100
f 3923 6793 4868
f 3924 5810 6146
f 3924 6146 6938
f 3924 6154 5810
f 3924 6155 6154
f 3924 6938 6155
f 3925 6244 4772
f 3926 4511 4702
f 3926 4702 4242
f 3927 4704 6525
f 3927 6791 4704
f 3928 4861 4976
f 3928 6489 4861
f 3929 4727 5899
f 3929 4791 7022
f 3929 5621 4791
f 3929 7022 4727
f 3931 4038 5601
f 3932 4324 6661
f 3932 4810 4324
f 3932 5861 4238
f 3932 6661 5861
f 3933 4666 6440
f 3933 6440 7074
f 3933 7074 4113
f 3936 6220 6308
f 3938 4421 4703
f 3942 5379 6496
f 3943 5517 4474
f 3943 6580 5517
f 3944 4516 6969
f 3944 4639 4516
f 3944 6969 4578
f 3947 5605 4783
f 3947 5865 6972
f 3947 6972 5605
f 3947 7018 5865
f 3948 4045 6740
f 3948 4778 5065
f 3948 5065 4045
f 3949 4117 4608
f 3949 4177 4382
f 3949 4337 4117
f 3949 5109 4177
f 3950 6302 6978
f 3950 6978 7032
f 3952 6346 4003
f 3952 6991 6346
f 3953 4180 7022
f 3953 4355 7004
f 3953 5614 4355
f 3953 7004 4180
f 3953 7022 5614
f 3956 4603 4951
f 3956 4951 4818
f 3956 4968 4603
f 3957 4339 6410
f 3957 6410 4464
f 3958 4191 4518
f 3958 6317 4200
f 3960 4528 6062
f 3960 6062 6494
f 3961 6826 4404
f 3961 7188 6766
f 3962 4959 5097
f 3962 5097 6861
f 3962 5848 4428
f 3962 6861 5848
f 3964 4405 4515
f 3964 4515 6885
f 3964 4701 7021
f 3964 6885 7056
f 3964 7021 4405
f 3964 7056 4701
f 3965 5050 4271
f 3965 6435 4383
f 3965 7088 6435
f 3968 4447 6396
f 3968 7058 7172
f 3969 4514 4439
f 3969 6242 4514
f 3971 5533 6147
f 3971 5791 5533
f 3971 5837 5791
f 3971 6147 5837
f 3972 6822 7096
f 3972 6864 7001
f 3972 6906 6864
f 3972 7001 6822
f 3972 7096 6906
f 3973 4308 4092
f 3974 4204 6635
f 3974 4649 7051
f 3974 7051 4204
f 3975 6243 6564
f 3975 6564 4097
f 3976 5059 6193
f 3976 6193 7202
f 3976 6720 5059
f 3976 6961 6720
f 3977 4293 6846
f 3977 6846 6609
f 3978 4081 4602
f 3978 4602 6576
f 3980 7073 7054
f 3982 4247 6856
f 3982 4551 5852
f 3982 4989 4551
f 3982 5608 4989
f 3982 5852 4247
f 3982 6856 5608
f 3983 4016 6499
f 3983 4646 4016
f 3983 4868 6793
f 3983 6793 4646
f 3984 4224 4987
f 3985 4419 4872
f 3986 6948 7036
f 3986 7036 4707
f 3987 4338 6787
f 3987 6787 7016
f 3987 7016 4967
f 3989 4174 6531
f 3989 4208 4745
f 3989 4745 4174
f 3989 6380 4208
f 3989 6531 6380
f 3990 4081 4632
f 3992 4188 5609
f 3992 5386 4246
f 3992 5609 6593
f 3992 6593 5386
f 3992 6746 4188
f 3996 4857 4854
f 3997 7037 6076
f 3999 4585 5219
f 3999 5865 4120
f 4000 4362 6953
f 4000 6595 4362
f 4000 6953 6774
f 4002 4736 4106
f 4002 6713 4736
f 4004 4114 4603
f 4004 4603 7103
f 4004 5199 4114
f 4004 7103 4385
f 4007 5200 5108
f 4008 4966 7052
f 4008 7052 7188
f 4008 7188 4699
f 4009 4134 6356
f 4011 4896 7064
f 4012 4368 6553
f 4012 4804 4291
f 4012 4985 4368
f 4012 6553 4804
f 4013 4309 4340
f 4013 5845 4309
f 4014 4728 4160
f 4014 5245 4211
f 4015 4199 6322
f 4016 4257 6499
f 4016 4646 7024
f 4016 7024 6539
f 4017 4848 6516
f 4018 5068 6351
f 4018 5513 5068
f 4018 5742 5513
f 4020 5065 4778
f 4020 7052 5065
f 4021 5317 5561
f 4021 5555 5780
f 4021 5561 5826
f 4021 5780 5529
f 4021 5826 6108
f 4021 6108 5555
f 4022 4227 4837
f 4022 4683 6132
f 4022 4837 4683
f 4022 5787 5536
f 4022 5825 4227
f 4022 6132 5787
f 4023 5364 7165
f 4023 7165 6562
f 4024 4155 6534
f 4024 4536 4155
f 4024 5394 4536
f 4024 6534 4639
f 4026 4890 6330
f 4026 6330 6396
f 4028 5099 4899
f 4029 5902 6748
f 4030 5101 6490
f 4030 6252 4718
f 4031 4075 5582
f 4031 4690 6749
f 4031 4860 4075
f 4031 5582 6403
f 4031 6749 4860
f 4032 4445 7008
f 4032 4889 4445
f 4032 6948 4889
f 4032 7008 7036
f 4032 7036 6948
f 4033 5154 5502
f 4033 5502 6223
f 4033 6110 5154
f 4035 5307 4835
f 4036 4392 6745
f 4037 7115 4696
f 4038 4789 5601
f 4039 6576 4389
f 4039 7002 6576
f 4040 4356 4990
f 4040 4990 6582
f 4040 6582 6188
f 4041 5221 6720
f 4041 6720 6961
f 4042 4647 4952
f 4042 4952 5900
f 4042 5900 6644
f 4042 7032 4647
f 4043 4597 5616
f 4043 5210 4597
f 4047 4988 5307
f 4047 5104 4988
f 4047 5307 6269
f 4047 6269 5104
f 4048 4477 6386
f 4048 4583 4477
f 4048 6573 4583
f 4049 4300 7058
f 4049 7058 6762
f 4050 4982 4541
f 4051 6964 6647
f 4053 4285 6597
f 4053 6597 6846
f 4054 4286 5393
f 4054 5393 7160
f 4054 7160 6519
f 4055 4634 6514
f 4055 5194 6565
f 4055 6565 4634
f 4055 7090 5194
f 4056 6552 5614
f 4057 4516 4475
f 4057 4956 4516
f 4057 7152 4956
f 4058 6588 4529
f 4059 4900 6901
f 4059 6827 7045
f 4059 6901 6827
f 4061 6510 5898
f 4062 6547 4898
f 4064 4190 4444
f 4065 4843 4769
f 4066 6669 4523
f 4068 6466 6736
f 4070 4314 7176
f 4070 4972 4116
f 4070 6207 4314
f 4070 7176 4972
f 4071 5103 5346
f 4072 4905 5431
f 4072 5264 5931
f 4072 5429 4905
f 4072 5431 5264
f 4072 5931 5429
f 4073 5161 5315
f 4073 5315 6103
f 4073 5522 5161
f 4073 5830 6940
f 4073 6103 6935
f 4073 6146 5522
f 4073 6935 5830
f 4073 6940 6146
f 4074 6897 4725
f 4077 4699 7188
f 4077 5076 4699
f 4078 4320 6423
f 4078 6423 4244
f 4078 6744 4320
f 4079 4865 5374
f 4079 6627 4865
f 4083 4302 6549
f 4083 5599 4571
f 4083 6549 4521
f 4084 6898 7061
f 4084 7061 6864
f 4085 4705 6587
f 4085 5380 6384
f 4085 6587 5380
f 4086 6819 4670
f 4087 4410 6860
f 4087 7147 4484
f 4088 6363 6809
f 4088 6809 5888
f 4090 6607 5611
f 4091 7171 5590
f 4093 4594 6807
f 4093 6414 6952
f 4093 6807 6414
f 4093 6952 4643
f 4093 6982 4594
f 4095 4295 6685
f 4095 6519 4295
f 4095 6685 4987
f 4097 6564 7092
f 4097 6814 7014
f 4097 7092 6814
f 4098 4976 4861
f 4099 4669 7003
f 4099 6392 4669
f 4099 6813 7078
f 4099 7003 6732
f 4099 7078 6392
f 4100 6051 6409
f 4100 6409 7027
f 4101 4267 4480
f 4101 6360 4267
f 4102 5194 7090
f 4102 6390 6780
f 4102 6780 5194
f 4102 6994 6390
f 4102 7090 6994
f 4104 4554 6465
f 4104 6181 4343
f 4105 6623 7121
f 4106 4566 5579
f 4106 4736 5879
f 4106 5879 6989
f 4107 4183 5624
f 4107 5624 6667
f 4107 6427 4183
f 4108 4567 6633
f 4108 6524 4567
f 4108 6633 4289
f 4109 5096 6720
f 4111 6433 4545
f 4113 7074 6431
f 4114 4951 4603
f 4115 5064 6405
f 4116 4972 6573
f 4117 4337 7072
f 4117 6543 6765
f 4117 6765 4608
f 4117 7072 6543
f 4118 4499 4239
f 4119 5094 4628
f 4119 5592 6641
f 4119 6641 5094
f 4120 5865 6323
f 4120 6323 7084
f 4120 7084 6506
f 4121 7005 6634
f 4122 6854 4882
f 4122 7193 6854
f 4123 7069 6305
f 4124 4783 6628
f 4124 6628 5365
f 4125 4897 6049
f 4125 4921 5843
f 4125 5226 4897
f 4125 5843 5226
f 4126 5384 6538
f 4126 6357 5384
f 4128 4887 7039
f 4128 6526 6669
f 4128 7039 6526
f 4129 4312 6233
f 4129 6191 5578
f 4130 4172 4963
f 4130 4548 4172
f 4130 4963 5371
f 4133 4317 6975
f 4133 4781 6818
f 4133 6975 4781
f 4136 5880 6413
f 4136 6840 5238
f 4137 5344 6420
f 4137 5572 6879
f 4137 6420 5572
f 4137 6837 5344
f 4138 4848 7084
f 4138 7084 7018
f 4141 6208 6982
f 4141 6646 5580
f 4142 6320 6792
f 4143 4774 7164
f 4144 4641 6650
f 4144 6650 4520
f 4145 4210 5387
f 4145 5387 5875
f 4145 6872 4210
f 4147 6804 4303
f 4148 4642 5060
f 4149 5156 5856
f 4149 5856 6777
f 4149 6777 6829
f 4149 6829 6921
f 4149 6921 5156
f 4151 4953 4415
f 4153 4523 6739
f 4154 4358 4576
f 4155 6400 6698
f 4155 6698 6534
f 4156 6219 6459
f 4157 6996 6648
f 4158 4356 6689
f 4158 4990 4356
f 4158 5570 6786
f 4158 6786 4990
f 4158 7192 5570
f 4159 4381 6472
f 4159 4497 6742
f 4159 6472 6592
f 4159 6742 4381
f 4160 4393 5067
f 4160 4728 4393
f 4160 5067 6540
f 4160 6540 5227
f 4161 4847 6755
f 4161 6755 4689
f 4162 4333 6292
f 4162 6292 4195
f 4162 6375 4333
f 4163 4694 4363
f 4164 4398 7163
f 4164 6189 4384
f 4164 7163 6189
f 4165 7118 4604
f 4167 4209 5394
f 4167 4578 4173
f 4169 4210 6872
f 4169 5852 4210
f 4169 6872 5062
f 4171 4400 4726
f 4171 5622 4400
f 4172 4548 6415
f 4172 6526 4963
f 4174 4550 6531
f 4174 5862 4550
f 4174 6678 5862
f 4175 6575 7148
f 4175 7122 6575
f 4175 7148 6618
f 4176 5872 4429
f 4177 5109 6631
f 4177 6426 4382
f 4178 4465 6234
f 4179 5889 6250
f 4179 6250 5625
f 4179 6471 5889
f 4180 7004 6675
f 4181 6573 7132
f 4181 7132 6475
f 4183 6427 5578
f 4183 6614 5624
f 4184 4305 6452
f 4184 6299 5895
f 4184 6452 6299
f 4185 4656 7054
f 4186 5751 6056
f 4186 6185 7015
f 4186 7015 5751
f 4187 7023 7159
f 4188 4795 5609
f 4188 6746 6958
f 4189 5222 4459
f 4189 5583 5222
f 4189 6187 5583
f 4190 4676 6754
f 4190 6754 5878
f 4192 4520 4380
f 4193 4544 4717
f 4193 4717 7085
f 4193 6186 4544
f 4194 5380 7111
f 4194 7161 5380
f 4197 6665 4230
f 4198 4489 5086
f 4198 5086 6583
f 4198 6583 6436
f 4203 4496 6719
f 4203 4855 7173
f 4203 5848 4855
f 4203 6719 5848
f 4203 7173 4496
f 4204 4844 6547
f 4204 7051 4844
f 4205 4948 5358
f 4205 5358 4266
f 4208 6380 4364
f 4209 4536 5394
f 4210 6353 5387
f 4212 4634 6565
f 4214 6726 4288
f 4216 4241 6297
f 4218 6645 6775
f 4220 7017 4436
f 4223 6452 6590
f 4223 6638 6452
f 4224 5195 5341
f 4225 6875 6203
f 4225 6880 7096
f 4225 7096 6875
f 4226 4227 5339
f 4226 5183 4227
f 4226 5339 5183
f 4227 4683 4837
f 4227 5042 5838
f 4227 5163 5807
f 4227 5183 6037
f 4227 5807 5042
f 4227 5825 6124
f 4227 5838 4683
f 4227 6037 5163
f 4227 6124 6932
f 4227 6932 5339
f 4228 4557 5036
f 4228 4925 4557
f 4228 5036 6048
f 4228 5598 6064
f 4228 6048 5598
f 4228 6064 4925
f 4229 4955 5851
f 4230 6181 7031
f 4230 6665 6181
f 4231 5072 6833
f 4231 6850 4407
f 4232 6894 6884
f 4233 6289 6822
f 4233 6822 7001
f 4233 7001 6864
f 4234 4846 6624
f 4234 5236 5362
f 4234 5362 5570
f 4234 5570 6990
f 4234 6624 5236
f 4234 6990 4846
f 4235 4894 7041
f 4235 7041 7201
f 4236 5585 4406
f 4237 4647 6978
f 4238 4988 5104
f 4238 5861 6632
f 4238 6632 4988
f 4240 6953 7000
f 4240 7000 6664
f 4241 4321 6297
f 4241 4817 4321
f 4246 4690 5351
f 4246 5386 6749
f 4246 6749 4690
f 4248 7167 6457
f 4249 6423 4792
f 4250 5369 5573
f 4250 5573 5859
f 4251 6757 7070
f 4251 7070 6453
f 4252 4351 6816
f 4252 6670 4351
f 4253 6449 4378
f 4254 7142 5587
f 4255 5307 6632
f 4255 6051 5307
f 4255 6632 5861
f 4256 4298 6563
f 4259 4667 6854
f 4259 6610 7104
f 4259 6854 7193
f 4259 6893 4667
f 4259 7104 6893
f 4259 7193 6610
f 4260 4696 7152
f 4261 4671 4503
f 4261 5846 7127
f 4261 6636 5846
f 4261 7127 4671
f 4262 7172 6221
f 4263 5068 5151
f 4263 5151 6903
f 4263 6351 5068
f 4263 6903 6351
f 4264 4739 5216
f 4264 5235 4739
f 4264 6216 5235
f 4264 6812 6216
f 4267 4502 5576
f 4267 6360 6437
f 4267 6437 4502
f 4268 5203 7194
f 4268 7071 5203
f 4268 7194 6523
f 4269 6989 6808
f 4270 6611 6815
f 4273 6545 4452
f 4273 7178 6545
f 4277 5165 5672
f 4277 5410 5165
f 4277 5672 5410
f 4278 5037 6031
f 4278 5980 5037
f 4278 6031 5980
f 4279 4619 5024
f 4279 5024 6092
f 4279 5030 4619
f 4279 5256 5949
f 4279 5949 5030
f 4279 6092 5256
f 4281 4334 4467
f 4281 4467 6264
f 4281 5571 4443
f 4281 6264 5571
f 4283 4381 6742
f 4283 6778 6898
f 4285 6603 6597
f 4285 6840 5105
f 4287 5626 5087
f 4287 6767 5626
f 4288 5348 5615
f 4288 6726 5348
f 4292 6552 6745
f 4292 6745 4392
f 4293 6747 4350
f 4294 6210 6774
f 4294 6774 6953
f 4296 4423 7095
f 4296 7102 4423
f 4298 5365 6563
f 4299 5897 6622
f 4300 4537 6513
f 4301 4415 4537
f 4301 7093 4415
f 4301 7182 7093
f 4302 5240 6549
f 4302 5392 6694
f 4302 6694 5240
f 4303 6327 6620
f 4303 6804 4607
f 4304 7043 4505
f 4305 6590 6452
f 4307 4437 5232
f 4307 4454 4437
f 4307 5372 4454
f 4309 5845 4547
f 4311 6368 5855
f 4312 4808 6233
f 4313 6806 6451
f 4314 4507 7176
f 4316 6250 5889
f 4318 4345 6470
f 4318 6470 7131
f 4318 7131 7186
f 4318 7186 4345
f 4319 4349 4416
f 4320 4792 6423
f 4320 6744 4629
f 4323 4550 5570
f 4323 5570 7192
f 4323 6531 4550
f 4323 7192 6411
f 4325 5102 7091
f 4325 6754 4676
f 4325 7091 6754
f 4327 7065 4724
f 4329 6095 6368
f 4329 6957 6095
f 4331 6520 6829
f 4331 6829 5218
f 4336 6999 5586
f 4338 5602 6787
f 4341 6650 4365
f 4342 4553 4442
f 4342 6613 4553
f 4343 6181 6665
f 4343 6676 4554
f 4345 4413 6794
f 4345 6278 6470
f 4345 6794 7175
f 4345 7175 6278
f 4345 7186 4413
f 4346 5867 6177
f 4346 6177 4900
f 4347 6954 6809
f 4348 4566 6961
f 4348 5579 4566
f 4348 7202 5579
f 4349 4879 4416
f 4349 6476 6862
f 4349 6862 4879
f 4351 4420 6285
f 4351 6285 6816
f 4351 6670 4420
f 4352 4777 6837
f 4352 5083 6907
f 4353 4394 4455
f 4353 4455 4733
f 4353 4733 6728
f 4353 6618 4394
f 4354 6873 7034
f 4355 4450 7004
f 4355 5614 7180
f 4355 7180 4450
f 4357 4617 5753
f 4357 5229 4617
f 4358 5726 6049
f 4358 6049 6649
f 4358 6649 6764
f 4358 6764 4576
f 4360 6862 6476
f 4361 4921 5242
f 4361 5226 5843
f 4361 5843 4921
f 4362 4650 7000
f 4362 6849 4650
f 4362 7000 6953
f 4363 6693 4469
f 4364 6277 6568
f 4364 6380 6277
f 4365 4641 6384
f 4365 6650 4641
f 4369 7140 4655
f 4370 4854 4857
f 4371 6076 7037
f 4373 5894 7083
f 4374 4591 6847
f 4374 4960 6783
f 4374 6783 4591
f 4376 4393 4728
f 4376 4728 5193
f 4379 5113 5645
f 4379 5645 5956
f 4379 5956 5113
f 4380 4520 6650
f 4384 6189 7080
f 4387 5373 4961
f 4387 6469 5373
f 4394 6618 7148
f 4394 7049 4455
f 4394 7148 7049
f 4395 5223 6469
f 4396 4497 6854
f 4396 4981 6742
f 4396 6742 4497
f 4396 6854 4815
f 4397 4436 7017
f 4397 5587 7142
f 4397 7017 5587
f 4397 7142 6483
f 4399 6211 6983
f 4399 6682 6211
f 4400 5622 7047
f 4402 6329 5885
f 4403 4770 5377
f 4404 4437 5076
f 4404 5232 4437
f 4404 6826 5232
f 4405 6537 4515
f 4406 4652 4563
f 4406 5585 6455
f 4406 6455 4652
f 4407 6850 5603
f 4408 6534 6698
f 4408 6698 7008
f 4408 7008 4445
f 4413 7186 5584
f 4415 4953 4537
f 4416 4879 6959
f 4418 4438 5610
f 4418 5619 6299
f 4419 6218 6653
f 4419 6653 4872
f 4420 6670 6874
f 4423 4884 6832
f 4423 6832 7095
f 4423 7102 4884
f 4425 4990 6786
f 4426 5575 6327
f 4427 4957 6637
f 4427 7042 4957
f 4428 5848 7029
f 4429 4496 6581
f 4429 5872 6719
f 4429 6719 4496
f 4430 7174 6481
f 4431 4999 5255
f 4431 5255 5919
f 4431 5263 4999
f 4431 5919 5263
f 4432 5000 5650
f 4432 5650 5680
f 4432 5680 5917
f 4432 5917 5946
f 4432 5946 5000
f 4433 5440 5676
f 4433 5676 5953
f 4433 5953 6081
f 4433 6081 5440
f 4434 5408 5675
f 4434 5675 5934
f 4434 5934 6036
f 4434 6036 5408
f 4435 5022 5821
f 4435 5539 5022
f 4435 5821 5539
f 4437 4454 6390
f 4437 4479 5076
f 4437 6390 4479
f 4438 7183 5610
f 4439 6511 4982
f 4440 5094 6548
f 4440 5244 5094
f 4443 5571 7129
f 4443 7129 6197
f 4446 4574 4504
f 4446 6448 4574
f 4448 4956 7152
f 4448 6969 4956
f 4448 7152 7115
f 4450 4456 7004
f 4451 5233 6200
f 4451 6434 5233
f 4453 5629 7117
f 4453 7200 5629
f 4454 5372 6780
f 4454 6780 6390
f 4455 6895 4733
f 4455 7049 6895
f 4456 5241 7004
f 4457 6247 4476
f 4463 4649 6532
f 4463 5207 6298
f 4463 6298 4649
f 4464 4629 4943
f 4464 6410 4629
f 4465 6215 6776
f 4468 5215 6814
f 4469 6693 7011
f 4472 6523 5224
f 4475 4516 6534
f 4475 6534 4710
f 4479 5190 5076
f 4479 6390 5190
f 4482 4950 4577
f 4482 7113 4950
f 4485 5220 7113
f 4485 6880 5220
f 4485 6906 7096
f 4485 7096 6880
f 4485 7113 6906
f 4488 4551 5345
f 4488 5852 4551
f 4489 4992 5086
f 4490 4913 5526
f 4490 5273 4913
f 4490 5526 6058
f 4490 5931 5273
f 4490 6058 5931
f 4491 5660 5758
f 4491 5758 5921
f 4491 5916 5660
f 4491 5921 5916
f 4492 5112 5914
f 4492 5166 6063
f 4492 5914 5166
f 4492 6063 5112
f 4493 5465 6090
f 4493 5793 5465
f 4493 6090 5793
f 4494 4834 6116
f 4494 5176 5838
f 4494 5492 4834
f 4494 5789 5176
f 4494 5838 6144
f 4494 6116 5164
f 4494 6144 5492
f 4495 5724 6061
f 4495 5777 5724
f 4495 6073 5777
f 4496 7173 6581
f 4497 4882 6854
f 4498 4559 5746
f 4498 5746 4970
f 4499 4727 7022
f 4500 7006 5196
f 4501 4780 6266
f 4501 5056 4780
f 4504 4574 6728
f 4504 4733 6895
f 4504 6728 4733
f 4507 5590 7171
f 4507 7171 7176
f 4512 6950 4584
f 4516 4639 6534
f 4516 4956 6969
f 4517 4724 7065
f 4518 6401 4723
f 4519 6971 5593
f 4522 5596 6656
f 4522 7124 5596
f 4523 6669 6526
f 4524 5061 6237
f 4526 4849 5575
f 4526 5224 6523
f 4526 5575 5224
f 4526 6523 7194
f 4527 5110 4698
f 4527 7031 5110
f 4530 6833 4949
f 4530 7165 6428
f 4531 6235 6904
f 4531 6428 7165
f 4531 6904 6902
f 4531 7165 6235
f 4533 6652 4675
f 4537 4953 6513
f 4538 5397 4636
f 4539 5851 4714
f 4539 6988 5851
f 4540 6843 5216
f 4543 5106 6824
f 4550 5862 6990
f 4550 6990 5570
f 4551 6183 5345
f 4552 4820 6463
f 4555 5005 6069
f 4555 5430 5005
f 4555 6069 5430
f 4556 5778 5963
f 4556 5963 6118
f 4556 6118 5778
f 4557 4925 6010
f 4557 5016 5704
f 4557 5704 5036
f 4557 6010 5016
f 4558 4759 5971
f 4558 4928 4759
f 4558 5971 6017
f 4558 6017 4928
f 4559 5304 5746
f 4560 6436 6583
f 4560 6583 5745
f 4561 6332 7197
f 4561 7197 7140
f 4563 4652 7025
f 4565 6902 5353
f 4567 4668 5230
f 4567 5230 7197
f 4568 6342 6611
f 4569 4640 5892
f 4572 7060 5382
f 4573 4634 4782
f 4575 6456 6545
f 4575 6545 7178
f 4575 7178 5059
f 4577 5228 6830
f 4579 6507 6889
f 4579 6889 6537
f 4580 6760 6378
f 4580 7073 6760
f 4582 6253 7044
f 4582 7156 5239
f 4585 6748 4621
f 4589 4952 6444
f 4589 5900 4952
f 4589 6444 6395
f 4590 6249 4986
f 4591 4950 6847
f 4592 6962 4709
f 4594 6316 6807
f 4594 6982 7124
f 4595 6203 6875
f 4595 6604 6203
f 4595 6875 6839
f 4596 6736 5204
f 4597 6432 5616
f 4598 6555 4697
f 4600 4648 6599
f 4600 5619 4648
f 4601 5052 7136
f 4601 5240 7154
f 4601 7136 5240
f 4601 7154 6561
f 4603 4968 7103
f 4605 5621 4888
f 4607 6307 6352
f 4607 6804 6307
f 4608 6765 5873
f 4609 5897 7066
f 4610 5660 5939
f 4610 5758 5660
f 4610 5767 5758
f 4610 5939 5767
f 4611 4906 5959
f 4611 5422 4906
f 4611 5916 5921
f 4611 5921 5422
f 4611 5959 5916
f 4612 5117 5262
f 4612 5251 5252
f 4612 5252 5117
f 4612 5262 5436
f 4612 5436 5251
f 4613 4754 5428
f 4613 5428 5916
f 4613 5916 5959
f 4613 5959 4754
f 4614 4749 5913
f 4614 5439 5915
f 4614 5658 5439
f 4614 5913 5658
f 4614 5915 4749
f 4615 5142 6040
f 4615 5495 5142
f 4615 6040 5495
f 4616 5799 5836
f 4616 5836 6121
f 4616 6121 5799
f 4617 4926 5753
f 4617 5515 5996
f 4617 5996 4926
f 4617 6045 5515
f 4618 4919 5495
f 4618 5495 6174
f 4618 6174 4919
f 4619 5030 5024
f 4620 4655 7140
f 4620 7140 7197
f 4620 7197 5230
f 4621 6748 5902
f 4623 6483 7142
f 4623 6680 5100
f 4623 7142 6680
f 4624 5375 5867
f 4624 5867 6905
f 4624 6853 5375
f 4626 7027 6409
f 4627 4870 5528
f 4628 5094 5244
f 4628 5244 6660
f 4630 6738 5078
f 4630 7199 6738
f 4632 5593 6246
f 4636 5397 6787
f 4636 5602 4715
f 4636 6787 5602
f 4638 5216 4739
f 4638 6392 7078
f 4642 4677 7040
f 4642 6805 5060
f 4644 4811 6788
f 4645 6273 7125
f 4646 6540 7024
f 4646 6793 6993
f 4646 6993 6540
f 4647 7032 6978
f 4648 4887 6599
f 4649 6298 7051
f 4650 6849 5055
f 4651 4693 6176
f 4652 6455 6679
f 4652 6679 7025
f 4657 6335 7038
f 4657 7038 6855
f 4658 6968 6670
f 4659 7082 5079
f 4659 7112 6997
f 4661 6022 6464
f 4661 6575 7122
f 4661 7122 6022
f 4665 6474 4744
f 4667 4815 6854
f 4667 5871 4815
f 4667 6893 5871
f 4668 6524 6495
f 4669 6392 6681
f 4670 6819 5847
f 4673 5879 7131
f 4673 6808 6989
f 4673 6989 5879
f 4673 7131 6178
f 4679 4828 5416
f 4679 5407 5680
f 4679 5416 5926
f 4679 5680 4828
f 4679 5926 5407
f 4680 5417 5653
f 4680 5653 5764
f 4680 5670 5417
f 4680 5764 5670
f 4681 5455 5728
f 4681 5473 5964
f 4681 5690 5455
f 4681 5728 5473
f 4681 5964 5690
f 4682 5018 5331
f 4682 5331 6136
f 4682 6136 5018
f 4683 5176 5789
f 4683 5789 6132
f 4683 5838 5176
f 4684 4929 5751
f 4684 5171 4929
f 4684 5760 5171
f 4685 4923 6076
f 4685 5037 4923
f 4685 6062 5037
f 4685 6076 6851
f 4685 6494 6062
f 4685 6851 6654
f 4686 5329 5489
f 4686 5489 6101
f 4686 5567 5329
f 4686 5987 5567
f 4686 6101 5987
f 4687 5023 5797
f 4687 5797 5823
f 4687 5823 5023
f 4688 5160 5766
f 4688 5290 5160
f 4688 5766 6069
f 4688 6014 5290
f 4688 6069 6014
f 4690 5197 5351
f 4691 6262 6908
f 4691 6906 7113
f 4691 6908 6906
f 4692 6425 6708
f 4696 7115 7152
f 4697 6555 4741
f 4699 5076 5190
f 4701 7056 5093
f 4704 6791 7062
f 4705 5399 7111
f 4705 7111 6587
f 4706 6644 5900
f 4707 5868 6389
f 4707 7036 5868
f 4709 6926 7106
f 4712 6449 6483
f 4713 4784 6362
f 4713 7028 5243
f 4714 4946 6487
f 4717 5376 7085
f 4719 4949 6905
f 4719 6905 5867
f 4725 6647 6964
f 4730 5191 6465
f 4731 6811 7087
f 4732 5572 6226
f 4735 4793 6558
f 4736 6713 6404
f 4738 6710 4866
f 4739 5235 6681
f 4741 6555 7191
f 4746 5003 5754
f 4746 5253 5003
f 4746 5401 5675
f 4746 5675 5253
f 4746 5754 5938
f 4746 5938 5401
f 4747 5157 5276
f 4747 5276 5950
f 4747 5420 5783
f 4747 5783 5157
f 4747 5950 5420
f 4748 4910 5115
f 4748 5007 5925
f 4748 5115 5007
f 4748 5267 5271
f 4748 5271 4910
f 4748 5925 5267
f 4749 5663 5913
f 4749 5915 5663
f 4750 4911 5430
f 4750 5424 4911
f 4750 5430 5766
f 4750 5766 5424
f 4751 5255 5644
f 4751 5275 5663
f 4751 5644 5275
f 4751 5663 5919
f 4751 5919 5255
f 4752 4824 5686
f 4752 5437 4824
f 4752 5686 5783
f 4752 5783 5437
f 4753 4995 5441
f 4753 5441 5442
f 4753 5442 5665
f 4753 5665 5951
f 4753 5951 4995
f 4754 5418 5905
f 4754 5905 5428
f 4754 5959 5418
f 4755 5520 6072
f 4755 5681 5520
f 4755 6072 5681
f 4756 5268 5939
f 4756 5512 5268
f 4756 5912 5512
f 4756 5939 5912
f 4757 5549 5673
f 4757 5673 6917
f 4757 6917 5549
f 4758 4834 5486
f 4758 5170 6162
f 4758 5486 5737
f 4758 5539 5821
f 4758 5737 5170
f 4758 5821 6129
f 4758 6129 4834
f 4758 6162 5539
f 4759 4928 6111
f 4759 5012 5971
f 4759 5313 5012
f 4759 6111 5313
f 4760 5040 6112
f 4760 5233 5090
f 4760 6112 5517
f 4760 6200 5233
f 4760 6451 5040
f 4764 5369 6789
f 4764 5573 5369
f 4768 5859 6976
f 4768 6976 6619
f 4768 7101 5859
f 4769 4843 7169
f 4771 7171 6219
f 4772 6244 6967
f 4774 4867 7150
f 4774 7150 7164
f 4779 6405 6879
f 4779 6879 5572
f 4781 6347 6818
f 4783 5605 6628
f 4784 4946 6582
f 4784 4990 6362
f 4784 6582 4990
f 4786 6800 6522
f 4797 5374 6659
f 4797 5741 7105
f 4797 6659 5741
f 4797 6683 5374
f 4797 7105 6683
f 4798 4986 6731
f 4799 7033 6626
f 4802 5203 7071
f 4802 7071 7198
f 4802 7198 6872
f 4805 7138 7168
f 4807 6664 6460
f 4808 5198 6233
f 4808 6529 6358
f 4811 7089 6788
f 4813 5343 7158
f 4813 5571 5343
f 4813 6551 5571
f 4814 7177 6607
f 4815 5871 6579
f 4818 4951 7088
f 4821 5422 5773
f 4821 5773 5941
f 4821 5941 5422
f 4822 5030 5949
f 4822 5266 5922
f 4822 5415 5030
f 4822 5922 5415
f 4822 5949 5266
f 4823 4903 5438
f 4823 5432 5649
f 4823 5438 5432
f 4823 5640 4903
f 4823 5649 5662
f 4823 5662 5908
f 4823 5908 5640
f 4824 5263 5919
f 4824 5437 5677
f 4824 5677 5263
f 4824 5919 5686
f 4825 4933 5945
f 4825 5761 4933
f 4825 5945 6916
f 4825 6916 5761
f 4826 5011 5443
f 4826 5251 5011
f 4826 5411 5634
f 4826 5443 5936
f 4826 5634 5906
f 4826 5906 5251
f 4826 5936 5411
f 4827 5253 5675
f 4827 5408 5929
f 4827 5675 5408
f 4827 5929 5253
f 4828 5650 6083
f 4828 5680 5650
f 4828 6083 5416
f 4829 5004 5257
f 4829 5257 5412
f 4829 5269 5004
f 4829 5412 5635
f 4829 5635 5269
f 4830 5002 5252
f 4830 5251 5906
f 4830 5252 5251
f 4830 5402 5002
f 4830 5906 5402
f 4831 5146 5302
f 4831 5302 6039
f 4831 6039 5146
f 4832 5340 5841
f 4832 5496 5828
f 4832 5828 5340
f 4832 5841 5496
f 4833 4920 5798
f 4833 5026 6135
f 4833 5798 5026
f 4833 6135 4920
f 4834 4934 6036
f 4834 5140 5555
f 4834 5492 5140
f 4834 5546 6161
f 4834 5555 5546
f 4834 6036 6116
f 4834 6129 4934
f 4834 6161 5486
f 4835 5046 5774
f 4835 5307 5511
f 4835 5511 5046
f 4835 6398 6966
f 4836 5138 5560
f 4836 5560 6935
f 4836 6935 5138
f 4839 5031 5515
f 4839 5750 6017
f 4839 6017 5031
f 4840 5331 5491
f 4840 5491 6169
f 4840 6136 5331
f 4840 6169 6136
f 4841 4925 6064
f 4841 5033 4925
f 4841 6076 5033
f 4842 5329 6175
f 4842 5489 5329
f 4842 6175 5489
f 4844 6863 6547
f 4844 7051 4938
f 4846 6990 5862
f 4849 6327 5575
f 4849 6620 6327
f 4851 7126 4939
f 4855 5848 6861
f 4855 6438 7173
f 4855 6861 4862
f 4858 7153 5225
f 4859 6391 5581
f 4864 5866 6306
f 4864 6261 5866
f 4865 5089 6659
f 4865 6659 5374
f 4871 4959 6287
f 4871 5055 6849
f 4871 5366 4959
f 4871 6287 5055
f 4874 6372 6947
f 4876 7136 6594
f 4879 6825 6959
f 4879 6862 7097
f 4879 7097 6825
f 4880 5074 7099
f 4880 7099 6691
f 4884 4958 6832
f 4884 6790 4958
f 4886 6470 6278
f 4889 6948 6662
f 4890 6378 6330
f 4893 6367 7129
f 4893 7129 6551
f 4894 7169 7041
f 4897 7190 6049
f 4901 5206 6779
f 4901 6057 6784
f 4901 6630 5206
f 4901 6779 6057
f 4902 4994 5669
f 4902 5121 4994
f 4902 5308 5756
f 4902 5669 5308
f 4902 5676 5937
f 4902 5756 5676
f 4902 5937 5121
f 4903 5640 5929
f 4903 5929 5438
f 4904 5403 5671
f 4904 5439 5909
f 4904 5639 5403
f 4904 5671 5439
f 4904 5909 5639
f 4905 5128 5646
f 4905 5261 5128
f 4905 5429 5261
f 4905 5646 5431
f 4906 5422 5941
f 4906 5666 5959
f 4906 5941 5666
f 4907 5671 5783
f 4907 5686 5915
f 4907 5783 5686
f 4907 5915 5671
f 4908 5122 5920
f 4908 5664 5917
f 4908 5672 5664
f 4908 5917 5122
f 4908 5920 5672
f 4909 5027 5929
f 4909 5408 6036
f 4909 5929 5408
f 4909 6036 5027
f 4910 5271 5414
f 4910 5414 5934
f 4910 5632 5115
f 4910 5934 5632
f 4911 5424 5944
f 4911 5674 5911
f 4911 5911 5430
f 4911 5944 5674
f 4912 5129 5419
f 4912 5250 5661
f 4912 5277 5129
f 4912 5419 5954
f 4912 5661 5277
f 4912 5781 5250
f 4912 5954 5781
f 4913 5273 5928
f 4913 5928 5526
f 4914 4996 5405
f 4914 5405 5665
f 4914 5442 5922
f 4914 5665 5442
f 4914 5922 4996
f 4915 5694 5992
f 4915 5794 5995
f 4915 5992 5794
f 4915 5995 5694
f 4916 5738 5984
f 4916 5798 5738
f 4916 5984 6001
f 4916 6001 5798
f 4917 5567 6080
f 4917 5988 5567
f 4917 6080 5988
f 4918 5024 5308
f 4918 5308 5764
f 4918 5512 6092
f 4918 5764 5512
f 4918 6092 5024
f 4919 5732 5495
f 4919 6034 6107
f 4919 6107 5732
f 4919 6174 6034
f 4920 5738 5798
f 4920 6119 5738
f 4920 6135 6119
f 4921 5150 5760
f 4921 5726 5150
f 4921 5760 5085
f 4922 5156 5769
f 4922 5769 6093
f 4922 6057 5156
f 4922 6093 6910
f 4922 6910 6057
f 4923 5037 5980
f 4923 5283 6076
f 4923 5980 5283
f 4924 5037 6062
f 4924 6031 5037
f 4924 6886 6031
f 4925 5033 6010
f 4926 5996 6031
f 4926 6031 5753
f 4927 5517 6112
f 4927 6013 6022
f 4927 6022 5517
f 4927 6112 6013
f 4928 5503 5749
f 4928 5749 6111
f 4928 6017 6055
f 4928 6055 5503
f 4929 5171 5723
f 4929 5723 6020
f 4929 6020 6056
f 4929 6056 5751
f 4930 5040 6093
f 4930 5720 5040
f 4930 6093 6923
f 4930 6923 5720
f 4931 5145 5331
f 4931 5331 6106
f 4931 6106 5145
f 4932 5477 5519
f 4932 5519 6925
f 4932 6102 6929
f 4932 6925 6102
f 4932 6929 5477
f 4933 5153 6913
f 4933 5488 5543
f 4933 5543 5153
f 4933 5761 5488
f 4933 6913 5945
f 4934 6129 6036
f 4935 5330 6133
f 4935 5569 5829
f 4935 5829 5330
f 4935 6133 5569
f 4936 5038 6155
f 4936 5164 6036
f 4936 5549 5038
f 4936 6036 6072
f 4936 6072 5549
f 4937 5187 5548
f 4937 5548 5820
f 4937 5812 5187
f 4937 5820 5812
f 4939 7157 6393
f 4940 5353 6904
f 4940 5363 6884
f 4940 6884 6894
f 4940 6904 5363
f 4942 5242 5367
f 4948 6497 5358
f 4949 5072 6905
f 4949 6833 5072
f 4951 6435 7088
f 4957 6697 6637
f 4958 6790 6668
f 4959 5366 5097
f 4961 5373 6478
f 4962 5886 6260
f 4963 6526 7039
f 4963 7039 7183
f 4963 7183 5371
f 4966 5065 7052
f 4966 6488 6567
f 4966 6567 5065
f 4969 7120 5066
f 4971 5389 5872
f 4972 6687 7132
f 4972 7132 6573
f 4972 7176 6687
f 4978 5192 6967
f 4983 5204 5892
f 4983 6396 5204
f 4984 6921 6829
f 4988 6632 5307
f 4989 5608 5893
f 4992 5753 5086
f 4993 5878 6754
f 4993 6754 7091
f 4994 5121 5434
f 4994 5434 5659
f 4994 5659 5943
f 4994 5943 5669
f 4995 5951 6063
f 4995 6063 5441
f 4996 5266 5405
f 4996 5922 5266
f 4997 5248 5927
f 4997 5277 5662
f 4997 5649 5248
f 4997 5662 5649
f 4997 5927 5277
f 4998 5405 5648
f 4998 5633 5910
f 4998 5648 5656
f 4998 5656 5904
f 4998 5904 5633
f 4998 5910 5405
f 4999 5123 5423
f 4999 5263 5677
f 4999 5334 5255
f 4999 5423 5334
f 4999 5677 5123
f 5000 5682 5650
f 5000 5946 5682
f 5001 5131 5674
f 5001 5652 5767
f 5001 5674 5944
f 5001 5767 5939
f 5001 5939 5131
f 5001 5944 5652
f 5002 5402 5942
f 5002 5904 5252
f 5002 5942 5904
f 5003 5253 5425
f 5003 5425 5754
f 5004 5114 5257
f 5004 5269 5658
f 5004 5426 5114
f 5004 5658 5426
f 5005 5119 5932
f 5005 5430 5119
f 5005 5932 6069
f 5006 5043 5775
f 5006 5444 5963
f 5006 5775 5444
f 5006 5963 5043
f 5007 5115 5632
f 5007 5507 5925
f 5007 5632 5507
f 5008 5650 5682
f 5008 5682 5956
f 5008 5956 6083
f 5008 6083 5650
f 5009 5155 6104
f 5009 5647 6078
f 5009 5683 5155
f 5009 6078 5683
f 5009 6104 5647
f 5010 5274 5653
f 5010 5512 5274
f 5010 5653 5911
f 5010 5674 5512
f 5010 5911 5674
f 5011 5251 5436
f 5011 5259 5443
f 5011 5436 5259
f 5012 5313 5453
f 5012 5453 5706
f 5012 5706 5971
f 5013 5047 5154
f 5013 5154 5728
f 5013 5455 5970
f 5013 5728 5455
f 5013 5970 5047
f 5014 5047 5970
f 5014 5309 5047
f 5014 5970 5309
f 5015 5311 6013
f 5015 5328 5311
f 5015 6013 5328
f 5016 5982 5704
f 5016 6010 5982
f 5017 5801 6104
f 5017 6094 5801
f 5017 6104 6094
f 5018 5778 6106
f 5018 6106 5331
f 5018 6136 5778
f 5019 5324 5739
f 5019 5739 6166
f 5019 6166 5324
f 5020 5816 6156
f 5020 6145 5816
f 5020 6156 6145
f 5021 5311 5328
f 5021 5328 6175
f 5021 5831 5311
f 5021 6175 6944
f 5021 6944 5831
f 5022 5145 6118
f 5022 5157 5821
f 5022 5539 5145
f 5022 6078 5157
f 5022 6118 6078
f 5023 5493 6114
f 5023 5823 5493
f 5023 6114 5797
f 5024 5030 6083
f 5024 5506 5756
f 5024 5756 5308
f 5024 6083 5506
f 5025 5187 6130
f 5025 5336 6134
f 5025 5556 5336
f 5025 6130 5556
f 5025 6134 5187
f 5026 5141 6153
f 5026 5301 5141
f 5026 5798 5301
f 5026 6153 6135
f 5027 5249 5924
f 5027 5438 5929
f 5027 5924 5438
f 5027 6036 5249
f 5028 5254 5314
f 5028 5314 5335
f 5028 5335 5778
f 5028 5657 5254
f 5028 5778 5657
f 5029 5440 5654
f 5029 5482 5524
f 5029 5524 6927
f 5029 5654 6081
f 5029 5937 5440
f 5029 6081 5482
f 5029 6927 5937
f 5030 5415 5926
f 5030 5416 6083
f 5030 5926 5416
f 5031 5463 5701
f 5031 5701 5973
f 5031 5973 5515
f 5031 5974 5463
f 5031 6017 5974
f 5032 5035 5167
f 5032 5167 5972
f 5032 5504 5035
f 5032 5709 5714
f 5032 5714 6073
f 5032 5748 6052
f 5032 5972 5709
f 5032 6052 5504
f 5032 6073 5748
f 5033 5995 6098
f 5033 6076 5995
f 5033 6098 6010
f 5034 5724 5730
f 5034 5730 5772
f 5034 6061 5724
f 5035 5774 5167
f 5035 7076 5774
f 5036 5281 5713
f 5036 5499 6048
f 5036 5704 5978
f 5036 5713 5518
f 5036 5747 5148
f 5036 5978 5281
f 5038 5549 6155
f 5039 6025 6038
f 5039 6038 6170
f 5039 6170 6025
f 5040 5720 6027
f 5040 6027 6112
f 5041 5808 5819
f 5041 5819 6153
f 5041 6153 5808
f 5042 5807 6144
f 5042 6144 5838
f 5043 5335 5775
f 5043 5778 5335
f 5043 5963 5778
f 5044 5140 5492
f 5044 5492 6147
f 5044 5555 5140
f 5044 6147 5555
f 5045 5174 5490
f 5045 5490 5740
f 5045 5740 6127
f 5045 6033 5174
f 5045 6127 6033
f 5046 5312 5762
f 5046 5450 5516
f 5046 5511 5312
f 5046 5516 5774
f 5046 5691 5450
f 5046 5705 5968
f 5046 5762 6002
f 5046 5968 5691
f 5046 6002 5705
f 5047 5309 5688
f 5047 5449 5726
f 5047 5528 5154
f 5047 5688 5965
f 5047 5726 5528
f 5047 5965 5449
f 5048 5330 5829
f 5048 5804 6170
f 5048 5829 5804
f 5048 6141 5330
f 5048 6170 6141
f 5049 5303 5808
f 5049 5808 6157
f 5049 6157 5303
f 5052 6594 7136
f 5054 5583 7127
f 5055 6287 6460
f 5059 6720 5853
f 5059 7178 6193
f 5067 6331 7024
f 5067 7024 6540
f 5068 5513 5151
f 5070 5236 6624
f 5070 6624 6794
f 5073 6226 6420
f 5074 6189 7163
f 5074 6695 7080
f 5074 7080 6189
f 5075 6336 5855
f 5075 6447 6336
f 5078 6738 6606
f 5085 5760 7063
f 5086 5753 6583
f 5090 5233 6434
f 5096 5853 6720
f 5096 6542 5853
f 5096 6615 6715
f 5096 6715 6542
f 5098 6727 6883
f 5104 6269 5202
f 5105 6718 7147
f 5105 7147 7072
f 5108 5200 6817
f 5109 5352 6631
f 5111 5272 5953
f 5111 5676 5756
f 5111 5756 5272
f 5111 5953 5676
f 5112 5636 5914
f 5112 5951 5636
f 5112 6063 5951
f 5113 5682 5928
f 5113 5928 5645
f 5113 5956 5682
f 5114 5426 5636
f 5114 5636 5668
f 5114 5668 5257
f 5116 5426 5913
f 5116 5636 5426
f 5116 5752 5914
f 5116 5913 5752
f 5116 5914 5636
f 5117 5252 5904
f 5117 5656 5262
f 5117 5904 5656
f 5118 5248 5631
f 5118 5402 5927
f 5118 5631 5942
f 5118 5927 5248
f 5118 5942 5402
f 5119 5417 5932
f 5119 5430 5911
f 5119 5653 5417
f 5119 5911 5653
f 5120 5411 5936
f 5120 5508 5411
f 5120 5936 5508
f 5121 5937 6927
f 5121 6927 5434
f 5122 5407 5920
f 5122 5680 5407
f 5122 5917 5680
f 5123 5258 5420
f 5123 5420 5423
f 5123 5677 5258
f 5124 5520 5681
f 5124 5681 5955
f 5124 5925 5520
f 5124 5955 5925
f 5125 5415 5922
f 5125 5678 5415
f 5125 5922 5933
f 5125 5933 5678
f 5126 5428 6092
f 5126 5660 5916
f 5126 5912 5660
f 5126 5916 5428
f 5126 6092 5912
f 5127 5667 5960
f 5127 5960 6136
f 5127 6065 5667
f 5127 6136 6925
f 5127 6925 6065
f 5128 5261 5962
f 5128 5272 5646
f 5128 5953 5272
f 5128 5962 5953
f 5129 5277 5927
f 5129 5927 5419
f 5130 5260 5907
f 5130 5421 5260
f 5130 5631 5421
f 5130 5907 5631
f 5131 5268 5512
f 5131 5512 5674
f 5131 5939 5268
f 5132 5457 5700
f 5132 5700 5763
f 5132 5763 6128
f 5132 6128 5457
f 5133 5473 5728
f 5133 5689 5978
f 5133 5728 5990
f 5133 5978 5473
f 5133 5990 5689
f 5134 5472 5711
f 5134 5711 5972
f 5134 5972 6075
f 5134 6075 5472
f 5135 5458 5705
f 5135 5705 6002
f 5135 5708 5458
f 5135 6002 6123
f 5135 6123 5708
f 5136 5171 6071
f 5136 5452 6001
f 5136 5984 5171
f 5136 6001 5984
f 5136 6071 5452
f 5137 5725 6000
f 5137 6000 6105
f 5137 6021 5725
f 5137 6105 6021
f 5138 6103 6136
f 5138 6136 5560
f 5138 6935 6103
f 5139 5562 6159
f 5139 5815 6143
f 5139 6143 6165
f 5139 6159 5815
f 5139 6165 5562
f 5141 5301 6153
f 5142 5168 6040
f 5142 5495 5768
f 5142 5768 6006
f 5142 5799 6121
f 5142 6006 5799
f 5142 6121 5168
f 5143 5149 5510
f 5143 5467 6123
f 5143 5510 5983
f 5143 5554 5149
f 5143 5736 5790
f 5143 5790 6131
f 5143 5983 6070
f 5143 6070 5467
f 5143 6123 5736
f 5143 6131 6172
f 5143 6172 5554
f 5144 5333 6173
f 5144 5485 5532
f 5144 5532 6152
f 5144 5736 6123
f 5144 6123 5333
f 5144 6152 5736
f 5144 6173 5485
f 5145 5182 5331
f 5145 5539 6162
f 5145 5786 5182
f 5145 6106 6118
f 5145 6162 5786
f 5146 5545 6164
f 5146 5818 6148
f 5146 6039 5545
f 5146 6148 5302
f 5146 6164 5818
f 5147 6020 6817
f 5147 6817 5200
f 5149 5284 5510
f 5149 5554 5707
f 5149 5707 5975
f 5149 5975 5284
f 5150 5474 5697
f 5150 5697 5760
f 5150 5726 5474
f 5151 5513 6926
f 5151 6043 6903
f 5151 6926 6043
f 5152 5312 6095
f 5152 5717 5991
f 5152 5991 6099
f 5152 6095 5717
f 5152 6099 5312
f 5153 5162 5538
f 5153 5538 6096
f 5153 5543 5162
f 5153 6086 6913
f 5153 6096 6930
f 5153 6930 6086
f 5154 5528 6054
f 5154 6054 5502
f 5154 6110 5728
f 5155 5643 5952
f 5155 5683 5643
f 5155 5775 6104
f 5155 5952 5775
f 5156 5206 6630
f 5156 5527 6080
f 5156 6057 6779
f 5156 6080 5769
f 5156 6779 5206
f 5156 6921 5527
f 5157 5647 5276
f 5157 5783 5821
f 5157 6078 5647
f 5158 5479 6023
f 5158 5482 5526
f 5158 5526 5796
f 5158 5796 5479
f 5158 5802 5482
f 5158 6023 5802
f 5159 5316 5832
f 5160 5290 6145
f 5160 5795 6105
f 5160 6105 5766
f 5160 6145 5795
f 5161 5522 5679
f 5161 5679 6096
f 5161 6096 6918
f 5161 6918 5315
f 5162 5543 6922
f 5162 6922 6928
f 5162 6928 5538
f 5163 6037 5807
f 5164 6116 6036
f 5165 5166 6019
f 5165 5410 5940
f 5165 5531 6088
f 5165 5664 5672
f 5165 5923 5166
f 5165 5940 5923
f 5165 6019 5531
f 5165 6088 5664
f 5166 5275 5644
f 5166 5291 6019
f 5166 5334 5801
f 5166 5441 6063
f 5166 5644 5334
f 5166 5752 5275
f 5166 5801 5291
f 5166 5914 5752
f 5166 5923 5441
f 5167 5306 6075
f 5167 5516 5306
f 5167 5774 5516
f 5167 6075 5972
f 5168 5836 6040
f 5168 6121 5836
f 5169 5564 5817
f 5169 5787 5564
f 5169 5817 6115
f 5170 5565 6162
f 5170 5737 5565
f 5171 5760 6071
f 5171 5979 5723
f 5171 5984 5979
f 5172 5175 6151
f 5172 5494 6152
f 5172 6151 5494
f 5172 6152 5175
f 5173 5303 6166
f 5173 5819 5303
f 5173 6166 5819
f 5174 5318 5784
f 5174 5784 5490
f 5174 6033 6120
f 5174 6120 5318
f 5175 5812 6151
f 5175 6130 5812
f 5175 6152 6130
f 5177 5475 5835
f 5177 5718 5475
f 5177 5721 6009
f 5177 5788 5721
f 5177 5835 6168
f 5177 6009 5718
f 5177 6168 5788
f 5178 5340 5828
f 5178 5822 5841
f 5178 5828 6158
f 5178 5841 5340
f 5178 6158 5822
f 5179 5558 6161
f 5179 6109 5558
f 5179 6161 6125
f 5180 5534 5792
f 5180 5540 6157
f 5180 5792 5540
f 5180 5808 6153
f 5180 6153 5534
f 5180 6157 5808
f 5181 5557 6174
f 5181 5566 5557
f 5181 5814 5566
f 5181 6139 5814
f 5181 6174 6139
f 5182 5491 5331
f 5182 5786 6162
f 5182 6162 5491
f 5183 5339 6938
f 5183 6938 6037
f 5184 5326 6174
f 5184 5337 6157
f 5184 5559 5326
f 5184 6157 5559
f 5184 6174 5337
f 5185 5316 6117
f 5185 5565 5737
f 5185 5737 5832
f 5185 5791 5837
f 5185 5832 5316
f 5185 5837 5565
f 5185 6117 5791
f 5186 5497 6160
f 5186 5840 6942
f 5186 6160 5840
f 5186 6164 5497
f 5186 6942 6164
f 5187 5336 6142
f 5187 5812 6130
f 5187 6134 5336
f 5187 6142 5548
f 5188 6951 5864
f 5189 5589 6446
f 5190 6390 6994
f 5190 6460 6287
f 5190 6994 6460
f 5196 7006 6741
f 5197 6201 5351
f 5204 6396 6330
f 5204 6466 5892
f 5204 6736 6466
f 5205 5748 6491
f 5212 6538 5384
f 5215 5375 6853
f 5215 6853 7014
f 5215 7014 6814
f 5218 6829 6777
f 5220 6880 7141
f 5227 6540 6993
f 5228 7135 7143
f 5228 7143 6830
f 5231 5581 6391
f 5231 6375 5581
f 5236 6660 5362
f 5240 6694 7154
f 5240 7136 6549
f 5241 6675 7004
f 5246 5508 5936
f 5246 5666 5941
f 5246 5773 5508
f 5246 5936 5666
f 5246 5941 5773
f 5247 5424 5961
f 5247 5652 5944
f 5247 5944 5424
f 5247 5961 5652
f 5248 5421 5631
f 5248 5649 5421
f 5249 5260 5421
f 5249 5421 5924
f 5249 6036 6059
f 5249 6059 5260
f 5250 5781 5661
f 5253 5929 5425
f 5254 5409 6068
f 5254 5657 5778
f 5254 5778 5409
f 5254 6068 5314
f 5255 5334 5644
f 5256 5406 5656
f 5256 5638 5406
f 5256 5656 5948
f 5256 5948 5949
f 5256 6092 5638
f 5257 5668 5910
f 5257 5910 5412
f 5258 5677 5935
f 5258 5783 5420
f 5258 5935 5783
f 5259 5418 5959
f 5259 5436 5958
f 5259 5666 5443
f 5259 5958 5418
f 5259 5959 5666
f 5260 5639 5907
f 5260 6059 5639
f 5261 5429 5962
f 5262 5406 5958
f 5262 5656 5406
f 5262 5958 5436
f 5264 5431 6083
f 5264 5956 5931
f 5264 6083 5956
f 5265 5319 6096
f 5265 5538 5319
f 5265 6096 5538
f 5266 5949 5405
f 5267 5684 5271
f 5267 5925 5955
f 5267 5955 5684
f 5269 5635 5907
f 5269 5907 5909
f 5269 5909 5658
f 5270 5444 6118
f 5270 5963 5444
f 5270 6118 5963
f 5271 5684 6036
f 5271 6036 5414
f 5272 5756 5646
f 5273 5645 5928
f 5273 5931 5645
f 5274 5512 5764
f 5274 5764 5653
f 5275 5752 5913
f 5275 5913 5663
f 5276 5647 6104
f 5276 6104 5950
f 5277 5661 5957
f 5277 5957 5662
f 5278 5451 5966
f 5278 5462 5976
f 5278 5966 5462
f 5278 5976 5451
f 5279 5309 5970
f 5279 5455 5690
f 5279 5690 6004
f 5279 5970 5455
f 5279 6004 5309
f 5280 5286 5701
f 5280 5463 5974
f 5280 5695 5286
f 5280 5701 5463
f 5280 5974 6114
f 5280 6114 5695
f 5281 5689 5713
f 5281 5978 5689
f 5282 5696 5730
f 5282 5730 5969
f 5282 5969 5986
f 5282 5986 5696
f 5283 5694 5995
f 5283 5980 5694
f 5283 5995 6076
f 5284 5709 5983
f 5284 5975 5709
f 5284 5983 5510
f 5285 5464 5974
f 5285 5469 6067
f 5285 5703 5469
f 5285 5974 6017
f 5285 6017 5703
f 5285 6067 5464
f 5286 5695 6114
f 5286 5973 5701
f 5286 6114 5973
f 5287 5816 6014
f 5287 6014 6941
f 5287 6941 5816
f 5288 5729 6160
f 5288 6003 5729
f 5288 6160 6928
f 5288 6922 6003
f 5288 6928 6922
f 5289 5335 6008
f 5289 5775 5335
f 5289 6008 6113
f 5289 6015 5775
f 5289 6113 6015
f 5290 6014 6145
f 5291 5721 5788
f 5291 5788 6019
f 5291 5801 6009
f 5291 6009 5721
f 5292 5321 5542
f 5292 5476 5550
f 5292 5531 5476
f 5292 5542 5796
f 5292 5550 5321
f 5292 5796 5531
f 5293 5716 5993
f 5293 5725 5716
f 5293 5767 6105
f 5293 5993 6100
f 5293 6000 5725
f 5293 6100 5767
f 5293 6105 6000
f 5294 5481 6944
f 5294 6175 6931
f 5294 6931 5481
f 5294 6944 6175
f 5295 5551 6029
f 5295 5552 5833
f 5295 5568 5552
f 5295 5833 5551
f 5295 6029 5568
f 5296 5488 6087
f 5296 5520 5776
f 5296 5759 5520
f 5296 5776 6143
f 5296 6087 5759
f 5296 6143 5488
f 5297 5554 6172
f 5297 5797 5554
f 5297 6172 5797
f 5298 5544 6165
f 5298 5566 6033
f 5298 6033 6127
f 5298 6127 5544
f 5298 6165 5566
f 5299 5320 6937
f 5299 5738 5320
f 5299 5824 6939
f 5299 6937 5824
f 5299 6939 5738
f 5300 5496 5841
f 5300 5544 5496
f 5300 5562 6165
f 5300 5841 5562
f 5300 6165 5544
f 5301 5534 6153
f 5301 5798 5534
f 5302 5563 5827
f 5302 5823 5563
f 5302 5827 6039
f 5302 6148 5823
f 5303 5337 5834
f 5303 5819 5808
f 5303 5834 6040
f 5303 6040 6166
f 5303 6157 5337
f 5304 6020 5746
f 5304 6056 6020
f 5305 5409 5778
f 5305 5509 6068
f 5305 5778 6136
f 5305 6068 5409
f 5305 6136 5509
f 5306 5516 6005
f 5306 6005 6075
f 5307 6051 5511
f 5308 5669 5943
f 5308 5670 5764
f 5308 5943 5670
f 5309 5534 6079
f 5309 6004 5534
f 5309 6079 5688
f 5310 5314 6068
f 5310 5427 5655
f 5310 5519 5813
f 5310 5655 5667
f 5310 5667 5519
f 5310 5813 5314
f 5310 6068 6911
f 5310 6911 5427
f 5311 5831 6022
f 5311 6022 6013
f 5312 5511 6051
f 5312 6099 5762
f 5313 5772 6082
f 5313 6082 5453
f 5313 6111 5772
f 5314 5813 6011
f 5314 6011 5335
f 5315 5505 5930
f 5315 5930 6103
f 5315 6066 5505
f 5315 6918 6066
f 5318 5547 6128
f 5318 5763 6010
f 5318 6010 5784
f 5318 6120 5547
f 5318 6128 5763
f 5319 5505 6066
f 5319 5538 5785
f 5319 5785 6102
f 5319 6066 6918
f 5319 6102 5505
f 5319 6918 6096
f 5320 5738 6119
f 5320 6119 6937
f 5321 5550 5569
f 5321 5569 5542
f 5322 5739 5819
f 5322 5819 6166
f 5322 6166 5739
f 5323 5541 5806
f 5323 5806 6156
f 5323 6156 6941
f 5323 6941 5541
f 5324 5800 5739
f 5324 6150 5800
f 5324 6166 6150
f 5325 5497 6164
f 5325 5835 5497
f 5325 6164 5835
f 5326 5559 6139
f 5326 6139 6174
f 5327 5822 6942
f 5327 5840 6943
f 5327 5841 5822
f 5327 6942 5840
f 5327 6943 5841
f 5328 5755 6112
f 5328 5994 6077
f 5328 6013 5755
f 5328 6027 6175
f 5328 6077 6027
f 5328 6112 5994
f 5329 5567 5839
f 5329 5839 6122
f 5329 6122 6175
f 5330 5568 6133
f 5330 6141 5568
f 5332 5545 6039
f 5332 5835 5545
f 5332 6039 6168
f 5332 6168 5835
f 5333 5447 6099
f 5333 5699 5447
f 5333 5977 5699
f 5333 6099 6173
f 5333 6123 5977
f 5334 5423 5950
f 5334 5950 6104
f 5334 6104 5801
f 5335 6011 6097
f 5335 6097 6008
f 5336 5556 5809
f 5336 5809 6142
f 5337 6174 5834
f 5338 5550 6126
f 5338 5569 5550
f 5338 5735 6151
f 5338 5820 5569
f 5338 6126 5735
f 5338 6151 5820
f 5339 5553 6938
f 5339 6932 5553
f 5342 7014 6853
f 5343 5571 6264
f 5344 6837 6896
f 5344 6896 6974
f 5348 5884 5615
f 5349 5367 6343
f 5350 6704 6730
f 5352 7194 6631
f 5353 6902 6904
f 5354 7015 6185
f 5354 7044 7015
f 5356 5873 6765
f 5356 5891 6285
f 5360 6437 6360
f 5362 6786 5570
f 5363 6057 6910
f 5363 6904 6057
f 5363 6910 6884
f 5364 6235 7165
f 5366 6772 6376
f 5372 6288 6780
f 5375 6177 5867
f 5380 5860 6384
f 5380 6587 7111
f 5380 7161 5860
f 5382 7060 6921
f 5397 7016 6787
f 5398 6345 6955
f 5401 5632 5934
f 5401 5934 5675
f 5401 5938 5632
f 5402 5419 5927
f 5402 5906 5419
f 5403 5639 6059
f 5403 5783 5671
f 5403 6059 5783
f 5404 5682 5946
f 5404 5946 6088
f 5404 6088 5682
f 5405 5910 5665
f 5405 5948 5648
f 5405 5949 5948
f 5406 5638 5905
f 5406 5905 5958
f 5407 5415 5678
f 5407 5678 5920
f 5407 5926 5415
f 5410 5672 5940
f 5411 5508 5634
f 5412 5633 5635
f 5412 5910 5633
f 5413 5643 6078
f 5413 5775 5952
f 5413 5947 5775
f 5413 5952 5643
f 5413 6078 6118
f 5413 6118 5947
f 5414 6036 5934
f 5417 5670 5932
f 5418 5958 5905
f 5419 5906 5954
f 5420 5950 5423
f 5421 5432 5924
f 5421 5649 5432
f 5422 5758 5773
f 5422 5921 5758
f 5424 5766 5961
f 5425 5637 5781
f 5425 5640 5637
f 5425 5781 5754
f 5425 5929 5640
f 5426 5658 5913
f 5427 5918 5655
f 5427 6911 5918
f 5428 5905 6092
f 5429 5526 5962
f 5429 5931 6058
f 5429 6058 5526
f 5430 6069 5766
f 5431 5506 6083
f 5431 5646 5506
f 5432 5438 5924
f 5433 5651 5940
f 5433 5678 5933
f 5433 5920 5678
f 5433 5933 5651
f 5433 5940 5920
f 5434 6927 5659
f 5435 5659 6927
f 5435 5757 5943
f 5435 5943 5659
f 5435 6927 5757
f 5437 5783 5935
f 5437 5935 5677
f 5439 5658 5909
f 5439 5671 5915
f 5440 5937 5676
f 5440 6081 5654
f 5441 5651 5933
f 5441 5923 5651
f 5441 5933 5442
f 5442 5933 5922
f 5443 5666 5936
f 5444 5775 5947
f 5444 5947 6118
f 5445 5567 5987
f 5445 5769 6080
f 5445 5987 5769
f 5445 6080 5567
f 5446 5471 5996
f 5446 5515 5973
f 5446 5794 5471
f 5446 5973 6114
f 5446 5996 5515
f 5446 6114 5794
f 5447 5699 5762
f 5447 5762 6099
f 5448 5473 5702
f 5448 5530 5964
f 5448 5702 5530
f 5448 5964 5473
f 5449 5712 5726
f 5449 5965 6079
f 5449 6079 5712
f 5450 5691 5966
f 5450 5966 6005
f 5450 6005 5516
f 5451 5472 6005
f 5451 5693 5472
f 5451 5976 5693
f 5451 6005 5966
f 5452 5798 6001
f 5452 5967 5798
f 5452 6071 5967
f 5453 5989 5706
f 5453 6082 5989
f 5454 5700 6128
f 5454 5702 5982
f 5454 5982 5700
f 5454 6128 5702
f 5456 5707 5981
f 5456 5777 5707
f 5456 5981 5777
f 5457 6128 5700
f 5458 5708 5998
f 5458 5968 5705
f 5458 5998 5968
f 5459 5697 5985
f 5459 5698 5967
f 5459 5967 6071
f 5459 5985 5698
f 5459 6071 5697
f 5460 5554 5986
f 5460 5724 5981
f 5460 5969 5724
f 5460 5981 5554
f 5460 5986 5969
f 5461 5696 5986
f 5461 5706 5989
f 5461 5710 6067
f 5461 5986 5710
f 5461 5989 5696
f 5461 6067 5706
f 5462 5692 6123
f 5462 5966 5692
f 5462 6123 5976
f 5464 5797 6114
f 5464 6067 5797
f 5464 6114 5974
f 5465 5527 6020
f 5465 5567 5527
f 5465 5793 5567
f 5465 6020 6090
f 5466 5698 5985
f 5466 5712 5798
f 5466 5798 5698
f 5466 5985 5712
f 5467 5693 5976
f 5467 5976 6123
f 5467 6070 5693
f 5468 5521 6929
f 5468 5785 6012
f 5468 6012 5521
f 5468 6929 5785
f 5469 5703 5971
f 5469 5706 6067
f 5469 5971 5706
f 5470 5521 6012
f 5470 6012 6160
f 5470 6160 5521
f 5471 5794 5992
f 5471 5992 5996
f 5472 5693 6070
f 5472 6070 5711
f 5472 6075 6005
f 5473 5978 5702
f 5474 5712 5985
f 5474 5726 5712
f 5474 5985 5697
f 5475 5718 6094
f 5475 6015 5835
f 5475 6094 6015
f 5476 5531 6024
f 5476 6024 5550
f 5477 5514 6016
f 5477 5999 5514
f 5477 6016 5519
f 5477 6929 5999
f 5478 5484 6100
f 5478 5768 6084
f 5478 6006 5768
f 5478 6084 5484
f 5478 6100 6006
f 5479 5542 6023
f 5479 5796 5542
f 5480 5782 6026
f 5480 6026 6158
f 5480 6028 5782
f 5480 6158 6028
f 5481 6122 6944
f 5481 6931 6122
f 5482 5770 5524
f 5482 5802 6029
f 5482 6029 5770
f 5482 6081 5526
f 5483 5733 6938
f 5483 6163 5733
f 5483 6938 6163
f 5484 5508 5773
f 5484 5523 5781
f 5484 5773 6100
f 5484 5781 5508
f 5484 6007 5523
f 5484 6084 6007
f 5485 5556 6130
f 5485 6130 5532
f 5485 6173 5556
f 5486 5558 5737
f 5486 6161 5558
f 5487 5564 6132
f 5487 5789 6163
f 5487 6132 5789
f 5487 6163 5564
f 5488 5727 5543
f 5488 5761 6087
f 5488 5815 6018
f 5488 6018 5727
f 5488 6143 5815
f 5489 6175 6934
f 5489 6934 6101
f 5490 5784 5794
f 5490 5794 5740
f 5491 6032 6169
f 5491 6035 6032
f 5491 6162 6035
f 5492 5837 6147
f 5492 6144 5837
f 5493 5740 6114
f 5493 5782 6137
f 5493 5823 5782
f 5493 6137 5740
f 5494 5735 6167
f 5494 5790 6152
f 5494 6151 5735
f 5494 6167 5790
f 5495 5732 5771
f 5495 5771 6007
f 5495 5834 6174
f 5495 6007 6084
f 5495 6040 5834
f 5495 6084 5768
f 5496 5544 5828
f 5497 5514 5521
f 5497 5521 6160
f 5497 5765 6085
f 5497 5835 6113
f 5497 6085 5514
f 5497 6113 5765
f 5498 5795 6145
f 5498 5800 6150
f 5498 5836 5795
f 5498 6145 6156
f 5498 6150 5836
f 5498 6156 5800
f 5500 5528 5726
f 5500 5726 5744
f 5500 6042 5528
f 5501 6020 6047
f 5501 6047 5627
f 5503 6869 5749
f 5503 6890 6869
f 5504 6052 7151
f 5505 6102 6912
f 5505 6912 5930
f 5506 5646 5756
f 5507 5520 5925
f 5507 5632 5938
f 5507 5938 6030
f 5507 6030 6034
f 5507 6034 5520
f 5508 5781 6060
f 5508 6060 5634
f 5509 5918 6911
f 5509 5960 5918
f 5509 6136 6914
f 5509 6911 6068
f 5509 6914 5960
f 5512 5912 6092
f 5513 6022 6926
f 5513 6044 6022
f 5513 6909 6044
f 5514 5999 5521
f 5514 6085 6016
f 5515 5743 6699
f 5515 6045 7030
f 5515 7030 5743
f 5517 6453 7070
f 5518 5689 5990
f 5518 5713 5689
f 5518 5728 6110
f 5518 5990 5728
f 5518 6110 6050
f 5519 5667 6065
f 5519 6016 5813
f 5519 6065 6925
f 5520 5759 6072
f 5520 6034 5776
f 5521 5999 6929
f 5522 5810 6930
f 5522 6146 5810
f 5522 6915 5679
f 5522 6930 6915
f 5523 5732 5781
f 5523 6007 5732
f 5524 5551 6941
f 5524 5770 5551
f 5524 6941 6927
f 5525 5805 6933
f 5525 6038 5805
f 5525 6170 6038
f 5525 6933 6170
f 5526 5928 6088
f 5526 6081 5962
f 5526 6088 5796
f 5527 5567 6919
f 5527 5715 5988
f 5527 5988 6080
f 5527 6919 5715
f 5527 6921 6020
f 5530 5547 5803
f 5530 5702 6128
f 5530 5792 6004
f 5530 5803 5792
f 5530 6004 5964
f 5530 6128 5547
f 5531 5796 6088
f 5531 6019 6089
f 5531 6089 6024
f 5532 6130 6152
f 5533 5791 6117
f 5534 5798 6079
f 5534 6004 5792
f 5535 5735 6126
f 5535 5788 6167
f 5535 6126 5788
f 5535 6167 5735
f 5537 5800 6156
f 5537 5806 5824
f 5537 5824 6937
f 5537 6156 5806
f 5537 6937 5800
f 5538 6012 5785
f 5538 6160 6012
f 5538 6928 6160
f 5540 5792 5803
f 5540 5803 6157
f 5541 6149 5806
f 5541 6171 6936
f 5541 6936 6149
f 5541 6941 6171
f 5542 5568 5802
f 5542 5569 6133
f 5542 5802 6023
f 5542 6133 5568
f 5543 5727 6074
f 5543 6003 6922
f 5543 6074 6003
f 5544 6127 5828
f 5545 5835 6164
f 5546 5555 6108
f 5546 5826 6161
f 5546 6108 5826
f 5547 5811 5803
f 5547 6120 5811
f 5548 5569 5820
f 5548 5829 5569
f 5548 6142 5829
f 5549 5759 5673
f 5549 6072 5759
f 5549 6154 6155
f 5549 6917 6920
f 5549 6920 6154
f 5550 5788 6126
f 5550 6024 6089
f 5550 6089 5788
f 5551 5770 6029
f 5551 5833 6171
f 5551 6171 6941
f 5552 5568 6141
f 5552 6141 6170
f 5552 6170 6933
f 5552 6933 5833
f 5553 5817 6938
f 5553 6115 5817
f 5553 6932 6124
f 5554 5710 5986
f 5554 5797 5710
f 5554 5981 5707
f 5555 6147 5780
f 5556 6173 5809
f 5557 5566 6143
f 5557 6143 6174
f 5558 5832 5737
f 5558 6109 5832
f 5559 5803 5811
f 5559 5811 6139
f 5559 6157 5803
f 5560 6136 6169
f 5560 6169 6935
f 5561 6125 6161
f 5561 6161 5826
f 5562 5841 6943
f 5562 6943 6159
f 5563 5823 6172
f 5563 6131 5827
f 5563 6172 6131
f 5564 5787 6132
f 5564 6163 5817
f 5565 5837 6035
f 5565 6035 6162
f 5566 5814 6033
f 5566 6165 6143
f 5567 5793 6939
f 5567 5988 6919
f 5567 6138 5839
f 5567 6939 6138
f 5568 6029 5802
f 5571 6551 7129
f 5572 6420 6226
f 5573 6481 6976
f 5573 6976 5859
f 5579 7202 6593
f 5583 6187 7127
f 5586 6999 6487
f 5591 6745 6552
f 5592 7155 6641
f 5596 7124 6208
f 5603 5871 6893
f 5603 6850 5871
f 5603 6893 7104
f 5608 6856 6705
f 5610 7183 7039
f 5611 6607 7177
f 5615 5884 6532
f 5618 7127 5846
f 5620 6822 6289
f 5620 6839 6875
f 5620 6875 7096
f 5620 7096 6822
f 5623 7162 6679
f 5625 6250 6700
f 5627 6820 6585
f 5628 6637 6697
f 5628 7137 6637
f 5631 5907 5942
f 5633 5904 5942
f 5633 5942 5635
f 5634 5954 5906
f 5634 6060 5954
f 5635 5942 5907
f 5636 5951 5668
f 5637 5640 5957
f 5637 5687 5781
f 5637 5957 5687
f 5638 6092 5905
f 5639 5909 5907
f 5640 5908 5957
f 5641 5670 5943
f 5641 5757 5932
f 5641 5932 5670
f 5641 5943 5757
f 5642 5761 6916
f 5642 6916 6920
f 5642 6920 5761
f 5643 5683 6078
f 5645 5931 5956
f 5648 5948 5656
f 5651 5923 5940
f 5652 5961 6105
f 5652 6105 5767
f 5655 5918 5960
f 5655 5960 5667
f 5660 5912 5939
f 5661 5687 5957
f 5661 5781 5687
f 5662 5957 5908
f 5663 5686 5919
f 5663 5915 5686
f 5664 5946 5917
f 5664 6088 5946
f 5665 5668 5951
f 5665 5910 5668
f 5672 5920 5940
f 5673 5759 6087
f 5673 6087 6917
f 5679 6915 6096
f 5681 6072 5955
f 5682 6088 5928
f 5684 5955 6036
f 5685 5945 6086
f 5685 6086 6154
f 5685 6154 6916
f 5685 6916 5945
f 5688 6079 5965
f 5690 5964 6004
f 5691 5968 5998
f 5691 5998 5966
f 5692 5966 5998
f 5692 5998 6123
f 5694 5719 5992
f 5694 5980 6031
f 5694 6031 5719
f 5696 5989 6082
f 5696 6082 5730
f 5697 6071 5760
f 5698 5798 5967
f 5699 5977 6002
f 5699 6002 5762
f 5700 5982 5763
f 5702 5978 5982
f 5703 6017 5971
f 5704 5982 5978
f 5707 5714 5975
f 5707 5777 5714
f 5708 6123 5998
f 5709 5711 5983
f 5709 5972 5711
f 5709 5975 5714
f 5710 5797 6067
f 5711 6070 5983
f 5712 6079 5798
f 5714 5777 6073
f 5715 6919 5988
f 5716 5725 5799
f 5716 5799 5993
f 5717 5997 6091
f 5717 6025 6099
f 5717 6091 6025
f 5717 6095 5997
f 5717 6099 5991
f 5718 5801 6094
f 5718 6009 5801
f 5719 5996 5992
f 5719 6031 5996
f 5720 6923 6934
f 5720 6934 6027
f 5722 5765 6113
f 5722 6008 6097
f 5722 6097 5765
f 5722 6113 6008
f 5723 5979 6090
f 5723 6090 6020
f 5724 5777 5981
f 5724 5969 5730
f 5725 5795 5799
f 5725 6021 5795
f 5727 5815 6159
f 5727 6018 5815
f 5727 6159 6074
f 5729 5840 6160
f 5729 6003 6159
f 5729 6159 6943
f 5729 6943 5840
f 5730 6082 5772
f 5731 5734 6032
f 5731 5807 6037
f 5731 5837 6144
f 5731 6032 6035
f 5731 6035 5837
f 5731 6037 5734
f 5731 6144 5807
f 5732 6007 5771
f 5732 6030 5781
f 5732 6107 6030
f 5733 6155 6938
f 5733 6163 6155
f 5734 5830 6169
f 5734 6037 6938
f 5734 6146 6940
f 5734 6169 6032
f 5734 6938 6146
f 5734 6940 5830
f 5736 6152 5790
f 5738 5793 6090
f 5738 6090 5984
f 5738 6939 5793
f 5739 5779 6135
f 5739 5800 6937
f 5739 6119 5779
f 5739 6135 5819
f 5739 6937 6119
f 5740 5794 6114
f 5740 6137 6127
f 5745 5753 6031
f 5745 6583 5753
f 5748 6073 6491
f 5750 6053 6017
f 5754 5781 6030
f 5754 6030 5938
f 5755 6013 6112
f 5757 6014 6069
f 5757 6069 5932
f 5757 6927 6014
f 5758 5767 6100
f 5758 6100 5773
f 5761 6920 6087
f 5763 5982 6010
f 5765 6011 6085
f 5765 6097 6011
f 5766 6105 5961
f 5769 5987 6093
f 5774 6041 6425
f 5774 6509 6041
f 5774 7035 6509
f 5775 6015 6094
f 5775 6094 6104
f 5776 6034 6143
f 5778 6118 6106
f 5779 6119 6135
f 5781 5954 6060
f 5782 5823 6026
f 5782 6028 6137
f 5783 6036 6129
f 5783 6059 6036
f 5783 6129 5821
f 5784 5995 5794
f 5784 6010 6098
f 5784 6098 5995
f 5785 6929 6102
f 5788 6089 6019
f 5788 6168 6167
f 5789 6155 6163
f 5790 6167 6131
f 5795 5836 5799
f 5795 6021 6105
f 5797 6172 5823
f 5799 6006 5993
f 5804 5809 6170
f 5804 5829 6142
f 5804 6142 5809
f 5805 5831 6140
f 5805 6022 5831
f 5805 6038 6926
f 5805 6140 6933
f 5805 6926 6022
f 5806 6149 5824
f 5809 6173 6170
f 5810 6154 6930
f 5811 6120 6139
f 5812 5820 6151
f 5813 6016 6924
f 5813 6924 6011
f 5814 6139 6033
f 5816 6145 6014
f 5816 6941 6156
f 5817 6163 6938
f 5818 6158 6148
f 5818 6164 6942
f 5818 6942 6158
f 5819 6135 6153
f 5822 6158 6942
f 5823 6148 6026
f 5824 6149 6939
f 5827 6131 6167
f 5827 6167 6168
f 5827 6168 6039
f 5828 6028 6158
f 5828 6127 6137
f 5828 6137 6028
f 5830 6935 6169
f 5831 6944 6140
f 5833 6140 6171
f 5833 6933 6140
f 5835 6015 6113
f 5836 6150 6040
f 5839 6138 6149
f 5839 6149 6936
f 5839 6936 6944
f 5839 6944 6122
f 5842 6945 7114
f 5844 7047 6319
f 5848 6719 7029
f 5849 6966 6398
f 5851 6988 7115
f 5865 7018 6323
f 5870 6502 6259
f 5874 6576 7002
f 5877 7150 7075
f 5877 7164 7150
f 5882 6657 7101
f 5887 6971 7089
f 5887 7089 6596
f 5903 6184 7050
f 5930 6102 6103
f 5930 6912 6102
f 5945 6913 6086
f 5953 5962 6081
f 5955 6072 6036
f 5960 6914 6136
f 5977 6123 6002
f 5979 5984 6090
f 5987 6101 6093
f 5993 6006 6100
f 5994 6112 6077
f 5997 6095 6926
f 5997 6926 6091
f 6003 6074 6159
f 6011 6924 6085
f 6014 6927 6941
f 6016 6085 6924
f 6017 6053 6055
f 6022 6044 6464
f 6025 6091 6038
f 6025 6170 6173
f 6025 6173 6099
f 6026 6148 6158
f 6027 6077 6112
f 6027 6934 6175
f 6030 6107 6034
f 6033 6139 6120
f 6034 6174 6143
f 6038 6091 6926
f 6040 6150 6166
f 6049 7190 6649
f 6050 6110 7123
f 6053 6257 6055
f 6055 6257 7048
f 6061 7053 6073
f 6086 6930 6154
f 6087 6920 6917
f 6093 6101 6923
f 6096 6915 6930
f 6101 6934 6923
f 6102 6925 6103
f 6103 6925 6136
f 6122 6931 6175
f 6138 6939 6149
f 6140 6944 6171
f 6154 6920 6916
f 6171 6944 6936
f 6178 7131 6470
f 6182 7119 6707
f 6193 6443 7202
f 6207 6386 6272
f 6208 7124 6982
f 6221 7172 7058
f 6257 6480 7050
f 6257 7050 7048
f 6290 6709 6962
f 6300 6641 7155
f 6323 7018 7084
f 6351 6903 6885
f 6391 7159 7023
f 6400 6596 7089
f 6443 6593 7202
f 6481 7174 6976
f 6493 7156 6979
f 6495 6524 7133
f 6543 7072 7147
f 6597 6603 7133
f 6606 6738 7190
f 6624 7175 6794
f 6649 7190 7199
f 6649 7199 6764
f 6670 6968 6874
f 6679 7162 7025
f 6738 7199 7190
f 6766 7188 7009
f 6788 7089 6971
f 6825 7097 6862
f 6864 6906 6908
f 6895 7049 7141
