kind,scope,name,numeric_value,text_value
metadata,run,mode,,"partitioned_batch"
metadata,run,input_path,,"/afs/andrew.cmu.edu/usr20/eugenel/private/15418/mesh-simplification/bunny.obj"
metadata,run,output_path,,"./qes_batch/partitioned_batch/bunny_r0p5_t4.obj"
metadata,run,target_vertex_fraction,0.005,
metadata,run,threads,4,
metadata,run,partitions,4,
metadata,run,batch_size,64,
metadata,run,repartition_every,0,
phase,total,mesh_load_seconds,0.112825,
phase,total,"half_edge_build_seconds",0.247144,
phase,total,"initial_quadrics_seconds",0.0857638,
phase,total,"initial_queue_build_seconds",0.268774,
phase,total,"partition_build_seconds",3.93852,
phase,total,"local_selection_seconds",1.08448,
phase,total,"boundary_repair_seconds",3.82578,
phase,total,"queue_refresh_seconds",36.4628,
phase,total,mesh_write_seconds,0.00365439,
phase,total,total_seconds,55.4127,
metric,summary,"initial_vertex_count",72027,
metric,summary,"initial_face_count",144046,
metric,summary,"target_vertex_count",361,
metric,summary,"final_vertex_count",361,
metric,summary,"final_face_count",714,
metric,summary,"requested_threads",4,
metric,summary,"requested_partitions",4,
metric,summary,"accepted_collapses",71666,
metric,summary,"accepted_local_collapses",59405,
metric,summary,"accepted_boundary_collapses",12261,
metric,summary,"skipped_boundary_edges",0,
metric,summary,"rejected_conflicts",130048,
metric,summary,"repartition_count",245,
metric,summary,"queue_refresh_count",244,
metric,summary,"round_count",245,
metric,summary,"interior_edge_fraction_avg",0.975811,
metric,summary,"boundary_edge_fraction_avg",0.0241885,
metric,summary,"local_queue_size_avg",102045,
metric,summary,"boundary_queue_size_avg",1335.21,
metric,summary,"partition_load_imbalance_avg",89.8309,
metric,summary,"partition_load_imbalance_max",3944.27,
metric,"round_0",interior_edge_fraction,0.981552,
metric,"round_0",boundary_edge_fraction,0.0184478,
metric,"round_0",partition_load_imbalance,2.49507,
metric,"round_0",local_queue_size,212083,
metric,"round_0",boundary_queue_size,3986,
metric,"round_0",accepted_local_collapses,256,
metric,"round_0",accepted_boundary_collapses,64,
metric,"round_0",skipped_boundary_edges,0,
metric,"round_0",rejected_conflicts,293,
metric,"round_0",repartitioned,1,
metric,"round_1",interior_edge_fraction,0.981628,
metric,"round_1",boundary_edge_fraction,0.0183721,
metric,"round_1",partition_load_imbalance,2.50384,
metric,"round_1",local_queue_size,211157,
metric,"round_1",boundary_queue_size,3952,
metric,"round_1",accepted_local_collapses,256,
metric,"round_1",accepted_boundary_collapses,64,
metric,"round_1",skipped_boundary_edges,0,
metric,"round_1",rejected_conflicts,171,
metric,"round_1",repartitioned,1,
metric,"round_2",interior_edge_fraction,0.981816,
metric,"round_2",boundary_edge_fraction,0.0181836,
metric,"round_2",partition_load_imbalance,2.51256,
metric,"round_2",local_queue_size,210255,
metric,"round_2",boundary_queue_size,3894,
metric,"round_2",accepted_local_collapses,256,
metric,"round_2",accepted_boundary_collapses,64,
metric,"round_2",skipped_boundary_edges,0,
metric,"round_2",rejected_conflicts,109,
metric,"round_2",repartitioned,1,
metric,"round_3",interior_edge_fraction,0.982053,
metric,"round_3",boundary_edge_fraction,0.0179465,
metric,"round_3",partition_load_imbalance,2.52177,
metric,"round_3",local_queue_size,209363,
metric,"round_3",boundary_queue_size,3826,
metric,"round_3",accepted_local_collapses,256,
metric,"round_3",accepted_boundary_collapses,64,
metric,"round_3",skipped_boundary_edges,0,
metric,"round_3",rejected_conflicts,67,
metric,"round_3",repartitioned,1,
metric,"round_4",interior_edge_fraction,0.982302,
metric,"round_4",boundary_edge_fraction,0.0176979,
metric,"round_4",partition_load_imbalance,2.53126,
metric,"round_4",local_queue_size,208473,
metric,"round_4",boundary_queue_size,3756,
metric,"round_4",accepted_local_collapses,256,
metric,"round_4",accepted_boundary_collapses,64,
metric,"round_4",skipped_boundary_edges,0,
metric,"round_4",rejected_conflicts,72,
metric,"round_4",repartitioned,1,
metric,"round_5",interior_edge_fraction,0.982458,
metric,"round_5",boundary_edge_fraction,0.0175416,
metric,"round_5",partition_load_imbalance,2.54046,
metric,"round_5",local_queue_size,207563,
metric,"round_5",boundary_queue_size,3706,
metric,"round_5",accepted_local_collapses,256,
metric,"round_5",accepted_boundary_collapses,64,
metric,"round_5",skipped_boundary_edges,0,
metric,"round_5",rejected_conflicts,61,
metric,"round_5",repartitioned,1,
metric,"round_6",interior_edge_fraction,0.982692,
metric,"round_6",boundary_edge_fraction,0.0173079,
metric,"round_6",partition_load_imbalance,2.5504,
metric,"round_6",local_queue_size,206669,
metric,"round_6",boundary_queue_size,3640,
metric,"round_6",accepted_local_collapses,256,
metric,"round_6",accepted_boundary_collapses,64,
metric,"round_6",skipped_boundary_edges,0,
metric,"round_6",rejected_conflicts,50,
metric,"round_6",repartitioned,1,
metric,"round_7",interior_edge_fraction,0.983014,
metric,"round_7",boundary_edge_fraction,0.016986,
metric,"round_7",partition_load_imbalance,2.5596,
metric,"round_7",local_queue_size,205793,
metric,"round_7",boundary_queue_size,3556,
metric,"round_7",accepted_local_collapses,256,
metric,"round_7",accepted_boundary_collapses,64,
metric,"round_7",skipped_boundary_edges,0,
metric,"round_7",rejected_conflicts,50,
metric,"round_7",repartitioned,1,
metric,"round_8",interior_edge_fraction,0.983272,
metric,"round_8",boundary_edge_fraction,0.0167283,
metric,"round_8",partition_load_imbalance,2.57047,
metric,"round_8",local_queue_size,204903,
metric,"round_8",boundary_queue_size,3486,
metric,"round_8",accepted_local_collapses,256,
metric,"round_8",accepted_boundary_collapses,64,
metric,"round_8",skipped_boundary_edges,0,
metric,"round_8",rejected_conflicts,46,
metric,"round_8",repartitioned,1,
metric,"round_9",interior_edge_fraction,0.983541,
metric,"round_9",boundary_edge_fraction,0.0164586,
metric,"round_9",partition_load_imbalance,2.57962,
metric,"round_9",local_queue_size,204015,
metric,"round_9",boundary_queue_size,3414,
metric,"round_9",accepted_local_collapses,256,
metric,"round_9",accepted_boundary_collapses,64,
metric,"round_9",skipped_boundary_edges,0,
metric,"round_9",rejected_conflicts,34,
metric,"round_9",repartitioned,1,
metric,"round_10",interior_edge_fraction,0.983833,
metric,"round_10",boundary_edge_fraction,0.0161671,
metric,"round_10",partition_load_imbalance,2.58963,
metric,"round_10",local_queue_size,203131,
metric,"round_10",boundary_queue_size,3338,
metric,"round_10",accepted_local_collapses,256,
metric,"round_10",accepted_boundary_collapses,64,
metric,"round_10",skipped_boundary_edges,0,
metric,"round_10",rejected_conflicts,38,
metric,"round_10",repartitioned,1,
metric,"round_11",interior_edge_fraction,0.984049,
metric,"round_11",boundary_edge_fraction,0.0159506,
metric,"round_11",partition_load_imbalance,2.59884,
metric,"round_11",local_queue_size,202231,
metric,"round_11",boundary_queue_size,3278,
metric,"round_11",accepted_local_collapses,256,
metric,"round_11",accepted_boundary_collapses,64,
metric,"round_11",skipped_boundary_edges,0,
metric,"round_11",rejected_conflicts,50,
metric,"round_11",repartitioned,1,
metric,"round_12",interior_edge_fraction,0.984326,
metric,"round_12",boundary_edge_fraction,0.0156735,
metric,"round_12",partition_load_imbalance,2.60861,
metric,"round_12",local_queue_size,201343,
metric,"round_12",boundary_queue_size,3206,
metric,"round_12",accepted_local_collapses,256,
metric,"round_12",accepted_boundary_collapses,64,
metric,"round_12",skipped_boundary_edges,0,
metric,"round_12",rejected_conflicts,46,
metric,"round_12",repartitioned,1,
metric,"round_13",interior_edge_fraction,0.98442,
metric,"round_13",boundary_edge_fraction,0.0155804,
metric,"round_13",partition_load_imbalance,2.6188,
metric,"round_13",local_queue_size,200417,
metric,"round_13",boundary_queue_size,3172,
metric,"round_13",accepted_local_collapses,256,
metric,"round_13",accepted_boundary_collapses,64,
metric,"round_13",skipped_boundary_edges,0,
metric,"round_13",rejected_conflicts,39,
metric,"round_13",repartitioned,1,
metric,"round_14",interior_edge_fraction,0.984681,
metric,"round_14",boundary_edge_fraction,0.0153186,
metric,"round_14",partition_load_imbalance,2.62842,
metric,"round_14",local_queue_size,199525,
metric,"round_14",boundary_queue_size,3104,
metric,"round_14",accepted_local_collapses,256,
metric,"round_14",accepted_boundary_collapses,64,
metric,"round_14",skipped_boundary_edges,0,
metric,"round_14",rejected_conflicts,45,
metric,"round_14",repartitioned,1,
metric,"round_15",interior_edge_fraction,0.984941,
metric,"round_15",boundary_edge_fraction,0.0150593,
metric,"round_15",partition_load_imbalance,2.63872,
metric,"round_15",local_queue_size,198632,
metric,"round_15",boundary_queue_size,3037,
metric,"round_15",accepted_local_collapses,256,
metric,"round_15",accepted_boundary_collapses,64,
metric,"round_15",skipped_boundary_edges,0,
metric,"round_15",rejected_conflicts,40,
metric,"round_15",repartitioned,1,
metric,"round_16",interior_edge_fraction,0.985188,
metric,"round_16",boundary_edge_fraction,0.0148125,
metric,"round_16",partition_load_imbalance,2.6498,
metric,"round_16",local_queue_size,197736,
metric,"round_16",boundary_queue_size,2973,
metric,"round_16",accepted_local_collapses,256,
metric,"round_16",accepted_boundary_collapses,64,
metric,"round_16",skipped_boundary_edges,0,
metric,"round_16",rejected_conflicts,50,
metric,"round_16",repartitioned,1,
metric,"round_17",interior_edge_fraction,0.985487,
metric,"round_17",boundary_edge_fraction,0.0145132,
metric,"round_17",partition_load_imbalance,2.6596,
metric,"round_17",local_queue_size,196850,
metric,"round_17",boundary_queue_size,2899,
metric,"round_17",accepted_local_collapses,256,
metric,"round_17",accepted_boundary_collapses,64,
metric,"round_17",skipped_boundary_edges,0,
metric,"round_17",rejected_conflicts,37,
metric,"round_17",repartitioned,1,
metric,"round_18",interior_edge_fraction,0.985698,
metric,"round_18",boundary_edge_fraction,0.0143016,
metric,"round_18",partition_load_imbalance,2.67097,
metric,"round_18",local_queue_size,195946,
metric,"round_18",boundary_queue_size,2843,
metric,"round_18",accepted_local_collapses,256,
metric,"round_18",accepted_boundary_collapses,64,
metric,"round_18",skipped_boundary_edges,0,
metric,"round_18",rejected_conflicts,46,
metric,"round_18",repartitioned,1,
metric,"round_19",interior_edge_fraction,0.986044,
metric,"round_19",boundary_edge_fraction,0.0139565,
metric,"round_19",partition_load_imbalance,2.68266,
metric,"round_19",local_queue_size,195068,
metric,"round_19",boundary_queue_size,2761,
metric,"round_19",accepted_local_collapses,256,
metric,"round_19",accepted_boundary_collapses,64,
metric,"round_19",skipped_boundary_edges,0,
metric,"round_19",rejected_conflicts,49,
metric,"round_19",repartitioned,1,
metric,"round_20",interior_edge_fraction,0.986361,
metric,"round_20",boundary_edge_fraction,0.0136385,
metric,"round_20",partition_load_imbalance,2.69512,
metric,"round_20",local_queue_size,194184,
metric,"round_20",boundary_queue_size,2685,
metric,"round_20",accepted_local_collapses,256,
metric,"round_20",accepted_boundary_collapses,64,
metric,"round_20",skipped_boundary_edges,0,
metric,"round_20",rejected_conflicts,28,
metric,"round_20",repartitioned,1,
metric,"round_21",interior_edge_fraction,0.986535,
metric,"round_21",boundary_edge_fraction,0.0134654,
metric,"round_21",partition_load_imbalance,2.70699,
metric,"round_21",local_queue_size,193271,
metric,"round_21",boundary_queue_size,2638,
metric,"round_21",accepted_local_collapses,256,
metric,"round_21",accepted_boundary_collapses,64,
metric,"round_21",skipped_boundary_edges,0,
metric,"round_21",rejected_conflicts,45,
metric,"round_21",repartitioned,1,
metric,"round_22",interior_edge_fraction,0.986817,
metric,"round_22",boundary_edge_fraction,0.0131829,
metric,"round_22",partition_load_imbalance,2.72027,
metric,"round_22",local_queue_size,192379,
metric,"round_22",boundary_queue_size,2570,
metric,"round_22",accepted_local_collapses,256,
metric,"round_22",accepted_boundary_collapses,64,
metric,"round_22",skipped_boundary_edges,0,
metric,"round_22",rejected_conflicts,47,
metric,"round_22",repartitioned,1,
metric,"round_23",interior_edge_fraction,0.987082,
metric,"round_23",boundary_edge_fraction,0.0129183,
metric,"round_23",partition_load_imbalance,2.73227,
metric,"round_23",local_queue_size,191483,
metric,"round_23",boundary_queue_size,2506,
metric,"round_23",accepted_local_collapses,256,
metric,"round_23",accepted_boundary_collapses,64,
metric,"round_23",skipped_boundary_edges,0,
metric,"round_23",rejected_conflicts,50,
metric,"round_23",repartitioned,1,
metric,"round_24",interior_edge_fraction,0.98722,
metric,"round_24",boundary_edge_fraction,0.0127805,
metric,"round_24",partition_load_imbalance,2.74442,
metric,"round_24",local_queue_size,190562,
metric,"round_24",boundary_queue_size,2467,
metric,"round_24",accepted_local_collapses,256,
metric,"round_24",accepted_boundary_collapses,64,
metric,"round_24",skipped_boundary_edges,0,
metric,"round_24",rejected_conflicts,58,
metric,"round_24",repartitioned,1,
metric,"round_25",interior_edge_fraction,0.987614,
metric,"round_25",boundary_edge_fraction,0.0123862,
metric,"round_25",partition_load_imbalance,2.75639,
metric,"round_25",local_queue_size,189690,
metric,"round_25",boundary_queue_size,2379,
metric,"round_25",accepted_local_collapses,256,
metric,"round_25",accepted_boundary_collapses,64,
metric,"round_25",skipped_boundary_edges,0,
metric,"round_25",rejected_conflicts,44,
metric,"round_25",repartitioned,1,
metric,"round_26",interior_edge_fraction,0.987709,
metric,"round_26",boundary_edge_fraction,0.0122914,
metric,"round_26",partition_load_imbalance,2.76948,
metric,"round_26",local_queue_size,188760,
metric,"round_26",boundary_queue_size,2349,
metric,"round_26",accepted_local_collapses,256,
metric,"round_26",accepted_boundary_collapses,64,
metric,"round_26",skipped_boundary_edges,0,
metric,"round_26",rejected_conflicts,55,
metric,"round_26",repartitioned,1,
metric,"round_27",interior_edge_fraction,0.988004,
metric,"round_27",boundary_edge_fraction,0.0119959,
metric,"round_27",partition_load_imbalance,2.78241,
metric,"round_27",local_queue_size,187868,
metric,"round_27",boundary_queue_size,2281,
metric,"round_27",accepted_local_collapses,256,
metric,"round_27",accepted_boundary_collapses,64,
metric,"round_27",skipped_boundary_edges,0,
metric,"round_27",rejected_conflicts,43,
metric,"round_27",repartitioned,1,
metric,"round_28",interior_edge_fraction,0.988017,
metric,"round_28",boundary_edge_fraction,0.0119827,
metric,"round_28",partition_load_imbalance,2.79707,
metric,"round_28",local_queue_size,186922,
metric,"round_28",boundary_queue_size,2267,
metric,"round_28",accepted_local_collapses,256,
metric,"round_28",accepted_boundary_collapses,64,
metric,"round_28",skipped_boundary_edges,0,
metric,"round_28",rejected_conflicts,61,
metric,"round_28",repartitioned,1,
metric,"round_29",interior_edge_fraction,0.988371,
metric,"round_29",boundary_edge_fraction,0.0116295,
metric,"round_29",partition_load_imbalance,2.80971,
metric,"round_29",local_queue_size,186040,
metric,"round_29",boundary_queue_size,2189,
metric,"round_29",accepted_local_collapses,256,
metric,"round_29",accepted_boundary_collapses,64,
metric,"round_29",skipped_boundary_edges,0,
metric,"round_29",rejected_conflicts,47,
metric,"round_29",repartitioned,1,
metric,"round_30",interior_edge_fraction,0.988658,
metric,"round_30",boundary_edge_fraction,0.011342,
metric,"round_30",partition_load_imbalance,2.82301,
metric,"round_30",local_queue_size,185145,
metric,"round_30",boundary_queue_size,2124,
metric,"round_30",accepted_local_collapses,256,
metric,"round_30",accepted_boundary_collapses,64,
metric,"round_30",skipped_boundary_edges,0,
metric,"round_30",rejected_conflicts,49,
metric,"round_30",repartitioned,1,
metric,"round_31",interior_edge_fraction,0.988825,
metric,"round_31",boundary_edge_fraction,0.011175,
metric,"round_31",partition_load_imbalance,2.83538,
metric,"round_31",local_queue_size,184227,
metric,"round_31",boundary_queue_size,2082,
metric,"round_31",accepted_local_collapses,256,
metric,"round_31",accepted_boundary_collapses,64,
metric,"round_31",skipped_boundary_edges,0,
metric,"round_31",rejected_conflicts,65,
metric,"round_31",repartitioned,1,
metric,"round_32",interior_edge_fraction,0.989134,
metric,"round_32",boundary_edge_fraction,0.010866,
metric,"round_32",partition_load_imbalance,2.84897,
metric,"round_32",local_queue_size,183335,
metric,"round_32",boundary_queue_size,2014,
metric,"round_32",accepted_local_collapses,256,
metric,"round_32",accepted_boundary_collapses,64,
metric,"round_32",skipped_boundary_edges,0,
metric,"round_32",rejected_conflicts,60,
metric,"round_32",repartitioned,1,
metric,"round_33",interior_edge_fraction,0.989338,
metric,"round_33",boundary_edge_fraction,0.0106622,
metric,"round_33",partition_load_imbalance,2.86266,
metric,"round_33",local_queue_size,182423,
metric,"round_33",boundary_queue_size,1966,
metric,"round_33",accepted_local_collapses,256,
metric,"round_33",accepted_boundary_collapses,64,
metric,"round_33",skipped_boundary_edges,0,
metric,"round_33",rejected_conflicts,79,
metric,"round_33",repartitioned,1,
metric,"round_34",interior_edge_fraction,0.989522,
metric,"round_34",boundary_edge_fraction,0.0104782,
metric,"round_34",partition_load_imbalance,2.87656,
metric,"round_34",local_queue_size,181507,
metric,"round_34",boundary_queue_size,1922,
metric,"round_34",accepted_local_collapses,256,
metric,"round_34",accepted_boundary_collapses,64,
metric,"round_34",skipped_boundary_edges,0,
metric,"round_34",rejected_conflicts,67,
metric,"round_34",repartitioned,1,
metric,"round_35",interior_edge_fraction,0.989489,
metric,"round_35",boundary_edge_fraction,0.0105114,
metric,"round_35",partition_load_imbalance,2.89044,
metric,"round_35",local_queue_size,180551,
metric,"round_35",boundary_queue_size,1918,
metric,"round_35",accepted_local_collapses,256,
metric,"round_35",accepted_boundary_collapses,64,
metric,"round_35",skipped_boundary_edges,0,
metric,"round_35",rejected_conflicts,102,
metric,"round_35",repartitioned,1,
metric,"round_36",interior_edge_fraction,0.989543,
metric,"round_36",boundary_edge_fraction,0.0104568,
metric,"round_36",partition_load_imbalance,2.90654,
metric,"round_36",local_queue_size,179611,
metric,"round_36",boundary_queue_size,1898,
metric,"round_36",accepted_local_collapses,256,
metric,"round_36",accepted_boundary_collapses,64,
metric,"round_36",skipped_boundary_edges,0,
metric,"round_36",rejected_conflicts,87,
metric,"round_36",repartitioned,1,
metric,"round_37",interior_edge_fraction,0.989842,
metric,"round_37",boundary_edge_fraction,0.0101579,
metric,"round_37",partition_load_imbalance,2.9203,
metric,"round_37",local_queue_size,178715,
metric,"round_37",boundary_queue_size,1834,
metric,"round_37",accepted_local_collapses,256,
metric,"round_37",accepted_boundary_collapses,64,
metric,"round_37",skipped_boundary_edges,0,
metric,"round_37",rejected_conflicts,90,
metric,"round_37",repartitioned,1,
metric,"round_38",interior_edge_fraction,0.990144,
metric,"round_38",boundary_edge_fraction,0.00985584,
metric,"round_38",partition_load_imbalance,2.93648,
metric,"round_38",local_queue_size,177819,
metric,"round_38",boundary_queue_size,1770,
metric,"round_38",accepted_local_collapses,256,
metric,"round_38",accepted_boundary_collapses,64,
metric,"round_38",skipped_boundary_edges,0,
metric,"round_38",rejected_conflicts,70,
metric,"round_38",repartitioned,1,
metric,"round_39",interior_edge_fraction,0.99036,
metric,"round_39",boundary_edge_fraction,0.00964009,
metric,"round_39",partition_load_imbalance,2.9506,
metric,"round_39",local_queue_size,176907,
metric,"round_39",boundary_queue_size,1722,
metric,"round_39",accepted_local_collapses,256,
metric,"round_39",accepted_boundary_collapses,64,
metric,"round_39",skipped_boundary_edges,0,
metric,"round_39",rejected_conflicts,86,
metric,"round_39",repartitioned,1,
metric,"round_40",interior_edge_fraction,0.99046,
metric,"round_40",boundary_edge_fraction,0.00954021,
metric,"round_40",partition_load_imbalance,2.96468,
metric,"round_40",local_queue_size,175974,
metric,"round_40",boundary_queue_size,1695,
metric,"round_40",accepted_local_collapses,256,
metric,"round_40",accepted_boundary_collapses,64,
metric,"round_40",skipped_boundary_edges,0,
metric,"round_40",rejected_conflicts,88,
metric,"round_40",repartitioned,1,
metric,"round_41",interior_edge_fraction,0.990691,
metric,"round_41",boundary_edge_fraction,0.00930909,
metric,"round_41",partition_load_imbalance,2.97893,
metric,"round_41",local_queue_size,175064,
metric,"round_41",boundary_queue_size,1645,
metric,"round_41",accepted_local_collapses,256,
metric,"round_41",accepted_boundary_collapses,64,
metric,"round_41",skipped_boundary_edges,0,
metric,"round_41",rejected_conflicts,88,
metric,"round_41",repartitioned,1,
metric,"round_42",interior_edge_fraction,0.99093,
metric,"round_42",boundary_edge_fraction,0.00906975,
metric,"round_42",partition_load_imbalance,2.99299,
metric,"round_42",local_queue_size,174155,
metric,"round_42",boundary_queue_size,1594,
metric,"round_42",accepted_local_collapses,256,
metric,"round_42",accepted_boundary_collapses,64,
metric,"round_42",skipped_boundary_edges,0,
metric,"round_42",rejected_conflicts,78,
metric,"round_42",repartitioned,1,
metric,"round_43",interior_edge_fraction,0.991023,
metric,"round_43",boundary_edge_fraction,0.00897654,
metric,"round_43",partition_load_imbalance,3.01068,
metric,"round_43",local_queue_size,173220,
metric,"round_43",boundary_queue_size,1569,
metric,"round_43",accepted_local_collapses,256,
metric,"round_43",accepted_boundary_collapses,64,
metric,"round_43",skipped_boundary_edges,0,
metric,"round_43",rejected_conflicts,86,
metric,"round_43",repartitioned,1,
metric,"round_44",interior_edge_fraction,0.991308,
metric,"round_44",boundary_edge_fraction,0.00869245,
metric,"round_44",partition_load_imbalance,3.02779,
metric,"round_44",local_queue_size,172318,
metric,"round_44",boundary_queue_size,1511,
metric,"round_44",accepted_local_collapses,256,
metric,"round_44",accepted_boundary_collapses,64,
metric,"round_44",skipped_boundary_edges,0,
metric,"round_44",rejected_conflicts,96,
metric,"round_44",repartitioned,1,
metric,"round_45",interior_edge_fraction,0.991363,
metric,"round_45",boundary_edge_fraction,0.0086366,
metric,"round_45",partition_load_imbalance,3.04551,
metric,"round_45",local_queue_size,171376,
metric,"round_45",boundary_queue_size,1493,
metric,"round_45",accepted_local_collapses,256,
metric,"round_45",accepted_boundary_collapses,64,
metric,"round_45",skipped_boundary_edges,0,
metric,"round_45",rejected_conflicts,118,
metric,"round_45",repartitioned,1,
metric,"round_46",interior_edge_fraction,0.991577,
metric,"round_46",boundary_edge_fraction,0.00842306,
metric,"round_46",partition_load_imbalance,3.06283,
metric,"round_46",local_queue_size,170461,
metric,"round_46",boundary_queue_size,1448,
metric,"round_46",accepted_local_collapses,256,
metric,"round_46",accepted_boundary_collapses,64,
metric,"round_46",skipped_boundary_edges,0,
metric,"round_46",rejected_conflicts,133,
metric,"round_46",repartitioned,1,
metric,"round_47",interior_edge_fraction,0.991717,
metric,"round_47",boundary_edge_fraction,0.00828317,
metric,"round_47",partition_load_imbalance,3.08153,
metric,"round_47",local_queue_size,169533,
metric,"round_47",boundary_queue_size,1416,
metric,"round_47",accepted_local_collapses,256,
metric,"round_47",accepted_boundary_collapses,64,
metric,"round_47",skipped_boundary_edges,0,
metric,"round_47",rejected_conflicts,142,
metric,"round_47",repartitioned,1,
metric,"round_48",interior_edge_fraction,0.991705,
metric,"round_48",boundary_edge_fraction,0.00829465,
metric,"round_48",partition_load_imbalance,3.10002,
metric,"round_48",local_queue_size,168579,
metric,"round_48",boundary_queue_size,1410,
metric,"round_48",accepted_local_collapses,256,
metric,"round_48",accepted_boundary_collapses,64,
metric,"round_48",skipped_boundary_edges,0,
metric,"round_48",rejected_conflicts,144,
metric,"round_48",repartitioned,1,
metric,"round_49",interior_edge_fraction,0.991907,
metric,"round_49",boundary_edge_fraction,0.00809329,
metric,"round_49",partition_load_imbalance,3.12198,
metric,"round_49",local_queue_size,167661,
metric,"round_49",boundary_queue_size,1368,
metric,"round_49",accepted_local_collapses,256,
metric,"round_49",accepted_boundary_collapses,64,
metric,"round_49",skipped_boundary_edges,0,
metric,"round_49",rejected_conflicts,116,
metric,"round_49",repartitioned,1,
metric,"round_50",interior_edge_fraction,0.992134,
metric,"round_50",boundary_edge_fraction,0.00786582,
metric,"round_50",partition_load_imbalance,3.13973,
metric,"round_50",local_queue_size,166747,
metric,"round_50",boundary_queue_size,1322,
metric,"round_50",accepted_local_collapses,256,
metric,"round_50",accepted_boundary_collapses,64,
metric,"round_50",skipped_boundary_edges,0,
metric,"round_50",rejected_conflicts,156,
metric,"round_50",repartitioned,1,
metric,"round_51",interior_edge_fraction,0.992041,
metric,"round_51",boundary_edge_fraction,0.00795888,
metric,"round_51",partition_load_imbalance,3.15881,
metric,"round_51",local_queue_size,165779,
metric,"round_51",boundary_queue_size,1330,
metric,"round_51",accepted_local_collapses,256,
metric,"round_51",accepted_boundary_collapses,64,
metric,"round_51",skipped_boundary_edges,0,
metric,"round_51",rejected_conflicts,189,
metric,"round_51",repartitioned,1,
metric,"round_52",interior_edge_fraction,0.991929,
metric,"round_52",boundary_edge_fraction,0.00807107,
metric,"round_52",partition_load_imbalance,3.17741,
metric,"round_52",local_queue_size,164808,
metric,"round_52",boundary_queue_size,1341,
metric,"round_52",accepted_local_collapses,256,
metric,"round_52",accepted_boundary_collapses,64,
metric,"round_52",skipped_boundary_edges,0,
metric,"round_52",rejected_conflicts,182,
metric,"round_52",repartitioned,1,
metric,"round_53",interior_edge_fraction,0.992221,
metric,"round_53",boundary_edge_fraction,0.00777897,
metric,"round_53",partition_load_imbalance,3.1982,
metric,"round_53",local_queue_size,163904,
metric,"round_53",boundary_queue_size,1285,
metric,"round_53",accepted_local_collapses,256,
metric,"round_53",accepted_boundary_collapses,64,
metric,"round_53",skipped_boundary_edges,0,
metric,"round_53",rejected_conflicts,174,
metric,"round_53",repartitioned,1,
metric,"round_54",interior_edge_fraction,0.992383,
metric,"round_54",boundary_edge_fraction,0.00761741,
metric,"round_54",partition_load_imbalance,3.2155,
metric,"round_54",local_queue_size,162978,
metric,"round_54",boundary_queue_size,1251,
metric,"round_54",accepted_local_collapses,256,
metric,"round_54",accepted_boundary_collapses,64,
metric,"round_54",skipped_boundary_edges,0,
metric,"round_54",rejected_conflicts,184,
metric,"round_54",repartitioned,1,
metric,"round_55",interior_edge_fraction,0.992607,
metric,"round_55",boundary_edge_fraction,0.00739271,
metric,"round_55",partition_load_imbalance,3.23862,
metric,"round_55",local_queue_size,162062,
metric,"round_55",boundary_queue_size,1207,
metric,"round_55",accepted_local_collapses,256,
metric,"round_55",accepted_boundary_collapses,64,
metric,"round_55",skipped_boundary_edges,0,
metric,"round_55",rejected_conflicts,185,
metric,"round_55",repartitioned,1,
metric,"round_56",interior_edge_fraction,0.992194,
metric,"round_56",boundary_edge_fraction,0.0078061,
metric,"round_56",partition_load_imbalance,3.25764,
metric,"round_56",local_queue_size,161042,
metric,"round_56",boundary_queue_size,1267,
metric,"round_56",accepted_local_collapses,256,
metric,"round_56",accepted_boundary_collapses,64,
metric,"round_56",skipped_boundary_edges,0,
metric,"round_56",rejected_conflicts,238,
metric,"round_56",repartitioned,1,
metric,"round_57",interior_edge_fraction,0.992519,
metric,"round_57",boundary_edge_fraction,0.00748068,
metric,"round_57",partition_load_imbalance,3.27665,
metric,"round_57",local_queue_size,160142,
metric,"round_57",boundary_queue_size,1207,
metric,"round_57",accepted_local_collapses,256,
metric,"round_57",accepted_boundary_collapses,64,
metric,"round_57",skipped_boundary_edges,0,
metric,"round_57",rejected_conflicts,183,
metric,"round_57",repartitioned,1,
metric,"round_58",interior_edge_fraction,0.992624,
metric,"round_58",boundary_edge_fraction,0.00737582,
metric,"round_58",partition_load_imbalance,3.29865,
metric,"round_58",local_queue_size,159206,
metric,"round_58",boundary_queue_size,1183,
metric,"round_58",accepted_local_collapses,256,
metric,"round_58",accepted_boundary_collapses,64,
metric,"round_58",skipped_boundary_edges,0,
metric,"round_58",rejected_conflicts,208,
metric,"round_58",repartitioned,1,
metric,"round_59",interior_edge_fraction,0.992693,
metric,"round_59",boundary_edge_fraction,0.00730733,
metric,"round_59",partition_load_imbalance,3.31831,
metric,"round_59",local_queue_size,158264,
metric,"round_59",boundary_queue_size,1165,
metric,"round_59",accepted_local_collapses,256,
metric,"round_59",accepted_boundary_collapses,64,
metric,"round_59",skipped_boundary_edges,0,
metric,"round_59",rejected_conflicts,220,
metric,"round_59",repartitioned,1,
metric,"round_60",interior_edge_fraction,0.992819,
metric,"round_60",boundary_edge_fraction,0.00718122,
metric,"round_60",partition_load_imbalance,3.33849,
metric,"round_60",local_queue_size,157331,
metric,"round_60",boundary_queue_size,1138,
metric,"round_60",accepted_local_collapses,256,
metric,"round_60",accepted_boundary_collapses,64,
metric,"round_60",skipped_boundary_edges,0,
metric,"round_60",rejected_conflicts,212,
metric,"round_60",repartitioned,1,
metric,"round_61",interior_edge_fraction,0.993321,
metric,"round_61",boundary_edge_fraction,0.00667898,
metric,"round_61",partition_load_imbalance,3.36266,
metric,"round_61",local_queue_size,156457,
metric,"round_61",boundary_queue_size,1052,
metric,"round_61",accepted_local_collapses,256,
metric,"round_61",accepted_boundary_collapses,64,
metric,"round_61",skipped_boundary_edges,0,
metric,"round_61",rejected_conflicts,183,
metric,"round_61",repartitioned,1,
metric,"round_62",interior_edge_fraction,0.99298,
metric,"round_62",boundary_edge_fraction,0.00702017,
metric,"round_62",partition_load_imbalance,3.38898,
metric,"round_62",local_queue_size,155450,
metric,"round_62",boundary_queue_size,1099,
metric,"round_62",accepted_local_collapses,256,
metric,"round_62",accepted_boundary_collapses,64,
metric,"round_62",skipped_boundary_edges,0,
metric,"round_62",rejected_conflicts,224,
metric,"round_62",repartitioned,1,
metric,"round_63",interior_edge_fraction,0.992859,
metric,"round_63",boundary_edge_fraction,0.00714061,
metric,"round_63",partition_load_imbalance,3.41392,
metric,"round_63",local_queue_size,154478,
metric,"round_63",boundary_queue_size,1111,
metric,"round_63",accepted_local_collapses,256,
metric,"round_63",accepted_boundary_collapses,64,
metric,"round_63",skipped_boundary_edges,0,
metric,"round_63",rejected_conflicts,279,
metric,"round_63",repartitioned,1,
metric,"round_64",interior_edge_fraction,0.993061,
metric,"round_64",boundary_edge_fraction,0.00693919,
metric,"round_64",partition_load_imbalance,3.44096,
metric,"round_64",local_queue_size,153556,
metric,"round_64",boundary_queue_size,1073,
metric,"round_64",accepted_local_collapses,256,
metric,"round_64",accepted_boundary_collapses,64,
metric,"round_64",skipped_boundary_edges,0,
metric,"round_64",rejected_conflicts,262,
metric,"round_64",repartitioned,1,
metric,"round_65",interior_edge_fraction,0.993252,
metric,"round_65",boundary_edge_fraction,0.00674827,
metric,"round_65",partition_load_imbalance,3.46585,
metric,"round_65",local_queue_size,152632,
metric,"round_65",boundary_queue_size,1037,
metric,"round_65",accepted_local_collapses,256,
metric,"round_65",accepted_boundary_collapses,64,
metric,"round_65",skipped_boundary_edges,0,
metric,"round_65",rejected_conflicts,253,
metric,"round_65",repartitioned,1,
metric,"round_66",interior_edge_fraction,0.993294,
metric,"round_66",boundary_edge_fraction,0.00670556,
metric,"round_66",partition_load_imbalance,3.49163,
metric,"round_66",local_queue_size,151685,
metric,"round_66",boundary_queue_size,1024,
metric,"round_66",accepted_local_collapses,256,
metric,"round_66",accepted_boundary_collapses,64,
metric,"round_66",skipped_boundary_edges,0,
metric,"round_66",rejected_conflicts,237,
metric,"round_66",repartitioned,1,
metric,"round_67",interior_edge_fraction,0.992975,
metric,"round_67",boundary_edge_fraction,0.00702476,
metric,"round_67",partition_load_imbalance,3.51929,
metric,"round_67",local_queue_size,150683,
metric,"round_67",boundary_queue_size,1066,
metric,"round_67",accepted_local_collapses,256,
metric,"round_67",accepted_boundary_collapses,64,
metric,"round_67",skipped_boundary_edges,0,
metric,"round_67",rejected_conflicts,292,
metric,"round_67",repartitioned,1,
metric,"round_68",interior_edge_fraction,0.992705,
metric,"round_68",boundary_edge_fraction,0.00729496,
metric,"round_68",partition_load_imbalance,3.54605,
metric,"round_68",local_queue_size,149689,
metric,"round_68",boundary_queue_size,1100,
metric,"round_68",accepted_local_collapses,256,
metric,"round_68",accepted_boundary_collapses,64,
metric,"round_68",skipped_boundary_edges,0,
metric,"round_68",rejected_conflicts,361,
metric,"round_68",repartitioned,1,
metric,"round_69",interior_edge_fraction,0.992778,
metric,"round_69",boundary_edge_fraction,0.00722157,
metric,"round_69",partition_load_imbalance,3.57523,
metric,"round_69",local_queue_size,148747,
metric,"round_69",boundary_queue_size,1082,
metric,"round_69",accepted_local_collapses,256,
metric,"round_69",accepted_boundary_collapses,64,
metric,"round_69",skipped_boundary_edges,0,
metric,"round_69",rejected_conflicts,384,
metric,"round_69",repartitioned,1,
metric,"round_70",interior_edge_fraction,0.992819,
metric,"round_70",boundary_edge_fraction,0.00718081,
metric,"round_70",partition_load_imbalance,3.60414,
metric,"round_70",local_queue_size,147800,
metric,"round_70",boundary_queue_size,1069,
metric,"round_70",accepted_local_collapses,256,
metric,"round_70",accepted_boundary_collapses,64,
metric,"round_70",skipped_boundary_edges,0,
metric,"round_70",rejected_conflicts,416,
metric,"round_70",repartitioned,1,
metric,"round_71",interior_edge_fraction,0.993165,
metric,"round_71",boundary_edge_fraction,0.00683528,
metric,"round_71",partition_load_imbalance,3.63265,
metric,"round_71",local_queue_size,146898,
metric,"round_71",boundary_queue_size,1011,
metric,"round_71",accepted_local_collapses,256,
metric,"round_71",accepted_boundary_collapses,64,
metric,"round_71",skipped_boundary_edges,0,
metric,"round_71",rejected_conflicts,378,
metric,"round_71",repartitioned,1,
metric,"round_72",interior_edge_fraction,0.99314,
metric,"round_72",boundary_edge_fraction,0.00685952,
metric,"round_72",partition_load_imbalance,3.66549,
metric,"round_72",local_queue_size,145941,
metric,"round_72",boundary_queue_size,1008,
metric,"round_72",accepted_local_collapses,256,
metric,"round_72",accepted_boundary_collapses,64,
metric,"round_72",skipped_boundary_edges,0,
metric,"round_72",rejected_conflicts,388,
metric,"round_72",repartitioned,1,
metric,"round_73",interior_edge_fraction,0.993095,
metric,"round_73",boundary_edge_fraction,0.00690463,
metric,"round_73",partition_load_imbalance,3.6925,
metric,"round_73",local_queue_size,144981,
metric,"round_73",boundary_queue_size,1008,
metric,"round_73",accepted_local_collapses,256,
metric,"round_73",accepted_boundary_collapses,64,
metric,"round_73",skipped_boundary_edges,0,
metric,"round_73",rejected_conflicts,411,
metric,"round_73",repartitioned,1,
metric,"round_74",interior_edge_fraction,0.99276,
metric,"round_74",boundary_edge_fraction,0.00723993,
metric,"round_74",partition_load_imbalance,3.72428,
metric,"round_74",local_queue_size,143979,
metric,"round_74",boundary_queue_size,1050,
metric,"round_74",accepted_local_collapses,256,
metric,"round_74",accepted_boundary_collapses,64,
metric,"round_74",skipped_boundary_edges,0,
metric,"round_74",rejected_conflicts,438,
metric,"round_74",repartitioned,1,
metric,"round_75",interior_edge_fraction,0.992962,
metric,"round_75",boundary_edge_fraction,0.00703829,
metric,"round_75",partition_load_imbalance,3.75687,
metric,"round_75",local_queue_size,143055,
metric,"round_75",boundary_queue_size,1014,
metric,"round_75",accepted_local_collapses,256,
metric,"round_75",accepted_boundary_collapses,64,
metric,"round_75",skipped_boundary_edges,0,
metric,"round_75",rejected_conflicts,430,
metric,"round_75",repartitioned,1,
metric,"round_76",interior_edge_fraction,0.993089,
metric,"round_76",boundary_edge_fraction,0.00691082,
metric,"round_76",partition_load_imbalance,3.78963,
metric,"round_76",local_queue_size,142120,
metric,"round_76",boundary_queue_size,989,
metric,"round_76",accepted_local_collapses,256,
metric,"round_76",accepted_boundary_collapses,64,
metric,"round_76",skipped_boundary_edges,0,
metric,"round_76",rejected_conflicts,394,
metric,"round_76",repartitioned,1,
metric,"round_77",interior_edge_fraction,0.993028,
metric,"round_77",boundary_edge_fraction,0.00697156,
metric,"round_77",partition_load_imbalance,3.82588,
metric,"round_77",local_queue_size,141158,
metric,"round_77",boundary_queue_size,991,
metric,"round_77",accepted_local_collapses,256,
metric,"round_77",accepted_boundary_collapses,64,
metric,"round_77",skipped_boundary_edges,0,
metric,"round_77",rejected_conflicts,431,
metric,"round_77",repartitioned,1,
metric,"round_78",interior_edge_fraction,0.993172,
metric,"round_78",boundary_edge_fraction,0.00682773,
metric,"round_78",partition_load_imbalance,3.8651,
metric,"round_78",local_queue_size,140225,
metric,"round_78",boundary_queue_size,964,
metric,"round_78",accepted_local_collapses,256,
metric,"round_78",accepted_boundary_collapses,64,
metric,"round_78",skipped_boundary_edges,0,
metric,"round_78",rejected_conflicts,441,
metric,"round_78",repartitioned,1,
metric,"round_79",interior_edge_fraction,0.993268,
metric,"round_79",boundary_edge_fraction,0.00673185,
metric,"round_79",partition_load_imbalance,3.89867,
metric,"round_79",local_queue_size,139285,
metric,"round_79",boundary_queue_size,944,
metric,"round_79",accepted_local_collapses,256,
metric,"round_79",accepted_boundary_collapses,64,
metric,"round_79",skipped_boundary_edges,0,
metric,"round_79",rejected_conflicts,460,
metric,"round_79",repartitioned,1,
metric,"round_80",interior_edge_fraction,0.993042,
metric,"round_80",boundary_edge_fraction,0.00695776,
metric,"round_80",partition_load_imbalance,3.9382,
metric,"round_80",local_queue_size,138300,
metric,"round_80",boundary_queue_size,969,
metric,"round_80",accepted_local_collapses,256,
metric,"round_80",accepted_boundary_collapses,64,
metric,"round_80",skipped_boundary_edges,0,
metric,"round_80",rejected_conflicts,508,
metric,"round_80",repartitioned,1,
metric,"round_81",interior_edge_fraction,0.993486,
metric,"round_81",boundary_edge_fraction,0.0065144,
metric,"round_81",partition_load_imbalance,3.97664,
metric,"round_81",local_queue_size,137408,
metric,"round_81",boundary_queue_size,901,
metric,"round_81",accepted_local_collapses,256,
metric,"round_81",accepted_boundary_collapses,64,
metric,"round_81",skipped_boundary_edges,0,
metric,"round_81",rejected_conflicts,478,
metric,"round_81",repartitioned,1,
metric,"round_82",interior_edge_fraction,0.992901,
metric,"round_82",boundary_edge_fraction,0.0070987,
metric,"round_82",partition_load_imbalance,4.01009,
metric,"round_82",local_queue_size,136374,
metric,"round_82",boundary_queue_size,975,
metric,"round_82",accepted_local_collapses,256,
metric,"round_82",accepted_boundary_collapses,64,
metric,"round_82",skipped_boundary_edges,0,
metric,"round_82",rejected_conflicts,562,
metric,"round_82",repartitioned,1,
metric,"round_83",interior_edge_fraction,0.992895,
metric,"round_83",boundary_edge_fraction,0.00710468,
metric,"round_83",partition_load_imbalance,4.05807,
metric,"round_83",local_queue_size,135420,
metric,"round_83",boundary_queue_size,969,
metric,"round_83",accepted_local_collapses,256,
metric,"round_83",accepted_boundary_collapses,64,
metric,"round_83",skipped_boundary_edges,0,
metric,"round_83",rejected_conflicts,593,
metric,"round_83",repartitioned,1,
metric,"round_84",interior_edge_fraction,0.992867,
metric,"round_84",boundary_edge_fraction,0.00713289,
metric,"round_84",partition_load_imbalance,4.1072,
metric,"round_84",local_queue_size,134463,
metric,"round_84",boundary_queue_size,966,
metric,"round_84",accepted_local_collapses,256,
metric,"round_84",accepted_boundary_collapses,64,
metric,"round_84",skipped_boundary_edges,0,
metric,"round_84",rejected_conflicts,654,
metric,"round_84",repartitioned,1,
metric,"round_85",interior_edge_fraction,0.992325,
metric,"round_85",boundary_edge_fraction,0.00767463,
metric,"round_85",partition_load_imbalance,4.1455,
metric,"round_85",local_queue_size,133437,
metric,"round_85",boundary_queue_size,1032,
metric,"round_85",accepted_local_collapses,256,
metric,"round_85",accepted_boundary_collapses,64,
metric,"round_85",skipped_boundary_edges,0,
metric,"round_85",rejected_conflicts,717,
metric,"round_85",repartitioned,1,
metric,"round_86",interior_edge_fraction,0.992472,
metric,"round_86",boundary_edge_fraction,0.00752758,
metric,"round_86",partition_load_imbalance,4.18875,
metric,"round_86",local_queue_size,132504,
metric,"round_86",boundary_queue_size,1005,
metric,"round_86",accepted_local_collapses,256,
metric,"round_86",accepted_boundary_collapses,64,
metric,"round_86",skipped_boundary_edges,0,
metric,"round_86",rejected_conflicts,741,
metric,"round_86",repartitioned,1,
metric,"round_87",interior_edge_fraction,0.991912,
metric,"round_87",boundary_edge_fraction,0.00808758,
metric,"round_87",partition_load_imbalance,4.23252,
metric,"round_87",local_queue_size,131477,
metric,"round_87",boundary_queue_size,1072,
metric,"round_87",accepted_local_collapses,256,
metric,"round_87",accepted_boundary_collapses,64,
metric,"round_87",skipped_boundary_edges,0,
metric,"round_87",rejected_conflicts,813,
metric,"round_87",repartitioned,1,
metric,"round_88",interior_edge_fraction,0.991975,
metric,"round_88",boundary_edge_fraction,0.00802499,
metric,"round_88",partition_load_imbalance,4.27682,
metric,"round_88",local_queue_size,130533,
metric,"round_88",boundary_queue_size,1056,
metric,"round_88",accepted_local_collapses,256,
metric,"round_88",accepted_boundary_collapses,64,
metric,"round_88",skipped_boundary_edges,0,
metric,"round_88",rejected_conflicts,819,
metric,"round_88",repartitioned,1,
metric,"round_89",interior_edge_fraction,0.991954,
metric,"round_89",boundary_edge_fraction,0.00804569,
metric,"round_89",partition_load_imbalance,4.32934,
metric,"round_89",local_queue_size,129578,
metric,"round_89",boundary_queue_size,1051,
metric,"round_89",accepted_local_collapses,256,
metric,"round_89",accepted_boundary_collapses,64,
metric,"round_89",skipped_boundary_edges,0,
metric,"round_89",rejected_conflicts,854,
metric,"round_89",repartitioned,1,
metric,"round_90",interior_edge_fraction,0.991872,
metric,"round_90",boundary_edge_fraction,0.00812839,
metric,"round_90",partition_load_imbalance,4.37677,
metric,"round_90",local_queue_size,128615,
metric,"round_90",boundary_queue_size,1054,
metric,"round_90",accepted_local_collapses,256,
metric,"round_90",accepted_boundary_collapses,62,
metric,"round_90",skipped_boundary_edges,0,
metric,"round_90",rejected_conflicts,947,
metric,"round_90",repartitioned,1,
metric,"round_91",interior_edge_fraction,0.991881,
metric,"round_91",boundary_edge_fraction,0.00811871,
metric,"round_91",partition_load_imbalance,4.42371,
metric,"round_91",local_queue_size,127670,
metric,"round_91",boundary_queue_size,1045,
metric,"round_91",accepted_local_collapses,256,
metric,"round_91",accepted_boundary_collapses,62,
metric,"round_91",skipped_boundary_edges,0,
metric,"round_91",rejected_conflicts,954,
metric,"round_91",repartitioned,1,
metric,"round_92",interior_edge_fraction,0.991852,
metric,"round_92",boundary_edge_fraction,0.00814803,
metric,"round_92",partition_load_imbalance,4.472,
metric,"round_92",local_queue_size,126720,
metric,"round_92",boundary_queue_size,1041,
metric,"round_92",accepted_local_collapses,256,
metric,"round_92",accepted_boundary_collapses,59,
metric,"round_92",skipped_boundary_edges,0,
metric,"round_92",rejected_conflicts,957,
metric,"round_92",repartitioned,1,
metric,"round_93",interior_edge_fraction,0.991728,
metric,"round_93",boundary_edge_fraction,0.00827183,
metric,"round_93",partition_load_imbalance,4.51789,
metric,"round_93",local_queue_size,125767,
metric,"round_93",boundary_queue_size,1049,
metric,"round_93",accepted_local_collapses,256,
metric,"round_93",accepted_boundary_collapses,56,
metric,"round_93",skipped_boundary_edges,0,
metric,"round_93",rejected_conflicts,961,
metric,"round_93",repartitioned,1,
metric,"round_94",interior_edge_fraction,0.991246,
metric,"round_94",boundary_edge_fraction,0.00875437,
metric,"round_94",partition_load_imbalance,4.56832,
metric,"round_94",local_queue_size,124778,
metric,"round_94",boundary_queue_size,1102,
metric,"round_94",accepted_local_collapses,256,
metric,"round_94",accepted_boundary_collapses,56,
metric,"round_94",skipped_boundary_edges,0,
metric,"round_94",rejected_conflicts,1003,
metric,"round_94",repartitioned,1,
metric,"round_95",interior_edge_fraction,0.990932,
metric,"round_95",boundary_edge_fraction,0.00906806,
metric,"round_95",partition_load_imbalance,4.6362,
metric,"round_95",local_queue_size,123811,
metric,"round_95",boundary_queue_size,1133,
metric,"round_95",accepted_local_collapses,256,
metric,"round_95",accepted_boundary_collapses,56,
metric,"round_95",skipped_boundary_edges,0,
metric,"round_95",rejected_conflicts,1033,
metric,"round_95",repartitioned,1,
metric,"round_96",interior_edge_fraction,0.990364,
metric,"round_96",boundary_edge_fraction,0.00963648,
metric,"round_96",partition_load_imbalance,4.70845,
metric,"round_96",local_queue_size,122813,
metric,"round_96",boundary_queue_size,1195,
metric,"round_96",accepted_local_collapses,256,
metric,"round_96",accepted_boundary_collapses,56,
metric,"round_96",skipped_boundary_edges,0,
metric,"round_96",rejected_conflicts,1093,
metric,"round_96",repartitioned,1,
metric,"round_97",interior_edge_fraction,0.990632,
metric,"round_97",boundary_edge_fraction,0.0093685,
metric,"round_97",partition_load_imbalance,4.77651,
metric,"round_97",local_queue_size,121919,
metric,"round_97",boundary_queue_size,1153,
metric,"round_97",accepted_local_collapses,256,
metric,"round_97",accepted_boundary_collapses,54,
metric,"round_97",skipped_boundary_edges,0,
metric,"round_97",rejected_conflicts,1066,
metric,"round_97",repartitioned,1,
metric,"round_98",interior_edge_fraction,0.991182,
metric,"round_98",boundary_edge_fraction,0.00881761,
metric,"round_98",partition_load_imbalance,4.83886,
metric,"round_98",local_queue_size,121065,
metric,"round_98",boundary_queue_size,1077,
metric,"round_98",accepted_local_collapses,256,
metric,"round_98",accepted_boundary_collapses,54,
metric,"round_98",skipped_boundary_edges,0,
metric,"round_98",rejected_conflicts,1007,
metric,"round_98",repartitioned,1,
metric,"round_99",interior_edge_fraction,0.99156,
metric,"round_99",boundary_edge_fraction,0.00843976,
metric,"round_99",partition_load_imbalance,4.92012,
metric,"round_99",local_queue_size,120189,
metric,"round_99",boundary_queue_size,1023,
metric,"round_99",accepted_local_collapses,256,
metric,"round_99",accepted_boundary_collapses,51,
metric,"round_99",skipped_boundary_edges,0,
metric,"round_99",rejected_conflicts,955,
metric,"round_99",repartitioned,1,
metric,"round_100",interior_edge_fraction,0.992011,
metric,"round_100",boundary_edge_fraction,0.00798896,
metric,"round_100",partition_load_imbalance,4.98538,
metric,"round_100",local_queue_size,119330,
metric,"round_100",boundary_queue_size,961,
metric,"round_100",accepted_local_collapses,256,
metric,"round_100",accepted_boundary_collapses,49,
metric,"round_100",skipped_boundary_edges,0,
metric,"round_100",rejected_conflicts,901,
metric,"round_100",repartitioned,1,
metric,"round_101",interior_edge_fraction,0.992444,
metric,"round_101",boundary_edge_fraction,0.00755596,
metric,"round_101",partition_load_imbalance,5.05458,
metric,"round_101",local_queue_size,118474,
metric,"round_101",boundary_queue_size,902,
metric,"round_101",accepted_local_collapses,256,
metric,"round_101",accepted_boundary_collapses,48,
metric,"round_101",skipped_boundary_edges,0,
metric,"round_101",rejected_conflicts,836,
metric,"round_101",repartitioned,1,
metric,"round_102",interior_edge_fraction,0.992555,
metric,"round_102",boundary_edge_fraction,0.0074453,
metric,"round_102",partition_load_imbalance,5.12578,
metric,"round_102",local_queue_size,117582,
metric,"round_102",boundary_queue_size,882,
metric,"round_102",accepted_local_collapses,256,
metric,"round_102",accepted_boundary_collapses,47,
metric,"round_102",skipped_boundary_edges,0,
metric,"round_102",rejected_conflicts,818,
metric,"round_102",repartitioned,1,
metric,"round_103",interior_edge_fraction,0.992829,
metric,"round_103",boundary_edge_fraction,0.00717111,
metric,"round_103",partition_load_imbalance,5.19654,
metric,"round_103",local_queue_size,116712,
metric,"round_103",boundary_queue_size,843,
metric,"round_103",accepted_local_collapses,256,
metric,"round_103",accepted_boundary_collapses,45,
metric,"round_103",skipped_boundary_edges,0,
metric,"round_103",rejected_conflicts,785,
metric,"round_103",repartitioned,1,
metric,"round_104",interior_edge_fraction,0.993288,
metric,"round_104",boundary_edge_fraction,0.00671227,
metric,"round_104",partition_load_imbalance,5.27205,
metric,"round_104",local_queue_size,115869,
metric,"round_104",boundary_queue_size,783,
metric,"round_104",accepted_local_collapses,256,
metric,"round_104",accepted_boundary_collapses,45,
metric,"round_104",skipped_boundary_edges,0,
metric,"round_104",rejected_conflicts,721,
metric,"round_104",repartitioned,1,
metric,"round_105",interior_edge_fraction,0.993287,
metric,"round_105",boundary_edge_fraction,0.0067128,
metric,"round_105",partition_load_imbalance,5.37321,
metric,"round_105",local_queue_size,114972,
metric,"round_105",boundary_queue_size,777,
metric,"round_105",accepted_local_collapses,256,
metric,"round_105",accepted_boundary_collapses,43,
metric,"round_105",skipped_boundary_edges,0,
metric,"round_105",rejected_conflicts,699,
metric,"round_105",repartitioned,1,
metric,"round_106",interior_edge_fraction,0.992486,
metric,"round_106",boundary_edge_fraction,0.00751402,
metric,"round_106",partition_load_imbalance,5.48645,
metric,"round_106",local_queue_size,113989,
metric,"round_106",boundary_queue_size,863,
metric,"round_106",accepted_local_collapses,256,
metric,"round_106",accepted_boundary_collapses,43,
metric,"round_106",skipped_boundary_edges,0,
metric,"round_106",rejected_conflicts,774,
metric,"round_106",repartitioned,1,
metric,"round_107",interior_edge_fraction,0.991541,
metric,"round_107",boundary_edge_fraction,0.00845948,
metric,"round_107",partition_load_imbalance,5.56119,
metric,"round_107",local_queue_size,112991,
metric,"round_107",boundary_queue_size,964,
metric,"round_107",accepted_local_collapses,256,
metric,"round_107",accepted_boundary_collapses,45,
metric,"round_107",skipped_boundary_edges,0,
metric,"round_107",rejected_conflicts,867,
metric,"round_107",repartitioned,1,
metric,"round_108",interior_edge_fraction,0.99065,
metric,"round_108",boundary_edge_fraction,0.00934968,
metric,"round_108",partition_load_imbalance,5.65143,
metric,"round_108",local_queue_size,111995,
metric,"round_108",boundary_queue_size,1057,
metric,"round_108",accepted_local_collapses,256,
metric,"round_108",accepted_boundary_collapses,44,
metric,"round_108",skipped_boundary_edges,0,
metric,"round_108",rejected_conflicts,963,
metric,"round_108",repartitioned,1,
metric,"round_109",interior_edge_fraction,0.989996,
metric,"round_109",boundary_edge_fraction,0.0100043,
metric,"round_109",partition_load_imbalance,5.7396,
metric,"round_109",local_queue_size,111030,
metric,"round_109",boundary_queue_size,1122,
metric,"round_109",accepted_local_collapses,256,
metric,"round_109",accepted_boundary_collapses,43,
metric,"round_109",skipped_boundary_edges,0,
metric,"round_109",rejected_conflicts,1013,
metric,"round_109",repartitioned,1,
metric,"round_110",interior_edge_fraction,0.989978,
metric,"round_110",boundary_edge_fraction,0.010022,
metric,"round_110",partition_load_imbalance,5.87139,
metric,"round_110",local_queue_size,110140,
metric,"round_110",boundary_queue_size,1115,
metric,"round_110",accepted_local_collapses,256,
metric,"round_110",accepted_boundary_collapses,41,
metric,"round_110",skipped_boundary_edges,0,
metric,"round_110",rejected_conflicts,1009,
metric,"round_110",repartitioned,1,
metric,"round_111",interior_edge_fraction,0.99006,
metric,"round_111",boundary_edge_fraction,0.00993984,
metric,"round_111",partition_load_imbalance,5.97374,
metric,"round_111",local_queue_size,109267,
metric,"round_111",boundary_queue_size,1097,
metric,"round_111",accepted_local_collapses,256,
metric,"round_111",accepted_boundary_collapses,41,
metric,"round_111",skipped_boundary_edges,0,
metric,"round_111",rejected_conflicts,990,
metric,"round_111",repartitioned,1,
metric,"round_112",interior_edge_fraction,0.990427,
metric,"round_112",boundary_edge_fraction,0.00957314,
metric,"round_112",partition_load_imbalance,6.07731,
metric,"round_112",local_queue_size,108425,
metric,"round_112",boundary_queue_size,1048,
metric,"round_112",accepted_local_collapses,256,
metric,"round_112",accepted_boundary_collapses,40,
metric,"round_112",skipped_boundary_edges,0,
metric,"round_112",rejected_conflicts,956,
metric,"round_112",repartitioned,1,
metric,"round_113",interior_edge_fraction,0.990367,
metric,"round_113",boundary_edge_fraction,0.00963301,
metric,"round_113",partition_load_imbalance,6.19849,
metric,"round_113",local_queue_size,107539,
metric,"round_113",boundary_queue_size,1046,
metric,"round_113",accepted_local_collapses,256,
metric,"round_113",accepted_boundary_collapses,40,
metric,"round_113",skipped_boundary_edges,0,
metric,"round_113",rejected_conflicts,969,
metric,"round_113",repartitioned,1,
metric,"round_114",interior_edge_fraction,0.989573,
metric,"round_114",boundary_edge_fraction,0.0104274,
metric,"round_114",partition_load_imbalance,6.31133,
metric,"round_114",local_queue_size,106574,
metric,"round_114",boundary_queue_size,1123,
metric,"round_114",accepted_local_collapses,256,
metric,"round_114",accepted_boundary_collapses,38,
metric,"round_114",skipped_boundary_edges,0,
metric,"round_114",rejected_conflicts,1034,
metric,"round_114",repartitioned,1,
metric,"round_115",interior_edge_fraction,0.98988,
metric,"round_115",boundary_edge_fraction,0.0101203,
metric,"round_115",partition_load_imbalance,6.43497,
metric,"round_115",local_queue_size,105734,
metric,"round_115",boundary_queue_size,1081,
metric,"round_115",accepted_local_collapses,256,
metric,"round_115",accepted_boundary_collapses,38,
metric,"round_115",skipped_boundary_edges,0,
metric,"round_115",rejected_conflicts,1008,
metric,"round_115",repartitioned,1,
metric,"round_116",interior_edge_fraction,0.98972,
metric,"round_116",boundary_edge_fraction,0.0102801,
metric,"round_116",partition_load_imbalance,6.5852,
metric,"round_116",local_queue_size,104844,
metric,"round_116",boundary_queue_size,1089,
metric,"round_116",accepted_local_collapses,256,
metric,"round_116",accepted_boundary_collapses,37,
metric,"round_116",skipped_boundary_edges,0,
metric,"round_116",rejected_conflicts,1017,
metric,"round_116",repartitioned,1,
metric,"round_117",interior_edge_fraction,0.990091,
metric,"round_117",boundary_edge_fraction,0.00990919,
metric,"round_117",partition_load_imbalance,6.7223,
metric,"round_117",local_queue_size,104013,
metric,"round_117",boundary_queue_size,1041,
metric,"round_117",accepted_local_collapses,256,
metric,"round_117",accepted_boundary_collapses,38,
metric,"round_117",skipped_boundary_edges,0,
metric,"round_117",rejected_conflicts,969,
metric,"round_117",repartitioned,1,
metric,"round_118",interior_edge_fraction,0.990736,
metric,"round_118",boundary_edge_fraction,0.00926353,
metric,"round_118",partition_load_imbalance,6.86617,
metric,"round_118",local_queue_size,103207,
metric,"round_118",boundary_queue_size,965,
metric,"round_118",accepted_local_collapses,256,
metric,"round_118",accepted_boundary_collapses,38,
metric,"round_118",skipped_boundary_edges,0,
metric,"round_118",rejected_conflicts,889,
metric,"round_118",repartitioned,1,
metric,"round_119",interior_edge_fraction,0.990715,
metric,"round_119",boundary_edge_fraction,0.00928454,
metric,"round_119",partition_load_imbalance,7.01513,
metric,"round_119",local_queue_size,102331,
metric,"round_119",boundary_queue_size,959,
metric,"round_119",accepted_local_collapses,256,
metric,"round_119",accepted_boundary_collapses,36,
metric,"round_119",skipped_boundary_edges,0,
metric,"round_119",rejected_conflicts,894,
metric,"round_119",repartitioned,1,
metric,"round_120",interior_edge_fraction,0.990988,
metric,"round_120",boundary_edge_fraction,0.00901244,
metric,"round_120",partition_load_imbalance,7.17256,
metric,"round_120",local_queue_size,101491,
metric,"round_120",boundary_queue_size,923,
metric,"round_120",accepted_local_collapses,256,
metric,"round_120",accepted_boundary_collapses,36,
metric,"round_120",skipped_boundary_edges,0,
metric,"round_120",rejected_conflicts,870,
metric,"round_120",repartitioned,1,
metric,"round_121",interior_edge_fraction,0.991619,
metric,"round_121",boundary_edge_fraction,0.0083811,
metric,"round_121",partition_load_imbalance,7.33847,
metric,"round_121",local_queue_size,100687,
metric,"round_121",boundary_queue_size,851,
metric,"round_121",accepted_local_collapses,256,
metric,"round_121",accepted_boundary_collapses,35,
metric,"round_121",skipped_boundary_edges,0,
metric,"round_121",rejected_conflicts,813,
metric,"round_121",repartitioned,1,
metric,"round_122",interior_edge_fraction,0.99095,
metric,"round_122",boundary_edge_fraction,0.00904982,
metric,"round_122",partition_load_imbalance,7.51377,
metric,"round_122",local_queue_size,99754,
metric,"round_122",boundary_queue_size,911,
metric,"round_122",accepted_local_collapses,256,
metric,"round_122",accepted_boundary_collapses,34,
metric,"round_122",skipped_boundary_edges,0,
metric,"round_122",rejected_conflicts,866,
metric,"round_122",repartitioned,1,
metric,"round_123",interior_edge_fraction,0.991182,
metric,"round_123",boundary_edge_fraction,0.00881808,
metric,"round_123",partition_load_imbalance,7.71017,
metric,"round_123",local_queue_size,98915,
metric,"round_123",boundary_queue_size,880,
metric,"round_123",accepted_local_collapses,256,
metric,"round_123",accepted_boundary_collapses,32,
metric,"round_123",skipped_boundary_edges,0,
metric,"round_123",rejected_conflicts,843,
metric,"round_123",repartitioned,1,
metric,"round_124",interior_edge_fraction,0.990438,
metric,"round_124",boundary_edge_fraction,0.00956222,
metric,"round_124",partition_load_imbalance,7.90774,
metric,"round_124",local_queue_size,97985,
metric,"round_124",boundary_queue_size,946,
metric,"round_124",accepted_local_collapses,256,
metric,"round_124",accepted_boundary_collapses,34,
metric,"round_124",skipped_boundary_edges,0,
metric,"round_124",rejected_conflicts,886,
metric,"round_124",repartitioned,1,
metric,"round_125",interior_edge_fraction,0.989812,
metric,"round_125",boundary_edge_fraction,0.0101875,
metric,"round_125",partition_load_imbalance,8.17431,
metric,"round_125",local_queue_size,97062,
metric,"round_125",boundary_queue_size,999,
metric,"round_125",accepted_local_collapses,256,
metric,"round_125",accepted_boundary_collapses,34,
metric,"round_125",skipped_boundary_edges,0,
metric,"round_125",rejected_conflicts,941,
metric,"round_125",repartitioned,1,
metric,"round_126",interior_edge_fraction,0.990153,
metric,"round_126",boundary_edge_fraction,0.00984659,
metric,"round_126",partition_load_imbalance,8.40103,
metric,"round_126",local_queue_size,96234,
metric,"round_126",boundary_queue_size,957,
metric,"round_126",accepted_local_collapses,256,
metric,"round_126",accepted_boundary_collapses,34,
metric,"round_126",skipped_boundary_edges,0,
metric,"round_126",rejected_conflicts,914,
metric,"round_126",repartitioned,1,
metric,"round_127",interior_edge_fraction,0.990563,
metric,"round_127",boundary_edge_fraction,0.00943719,
metric,"round_127",partition_load_imbalance,8.64237,
metric,"round_127",local_queue_size,95412,
metric,"round_127",boundary_queue_size,909,
metric,"round_127",accepted_local_collapses,256,
metric,"round_127",accepted_boundary_collapses,34,
metric,"round_127",skipped_boundary_edges,0,
metric,"round_127",rejected_conflicts,860,
metric,"round_127",repartitioned,1,
metric,"round_128",interior_edge_fraction,0.991137,
metric,"round_128",boundary_edge_fraction,0.00886319,
metric,"round_128",partition_load_imbalance,8.91221,
metric,"round_128",local_queue_size,94605,
metric,"round_128",boundary_queue_size,846,
metric,"round_128",accepted_local_collapses,256,
metric,"round_128",accepted_boundary_collapses,33,
metric,"round_128",skipped_boundary_edges,0,
metric,"round_128",rejected_conflicts,804,
metric,"round_128",repartitioned,1,
metric,"round_129",interior_edge_fraction,0.991309,
metric,"round_129",boundary_edge_fraction,0.00869069,
metric,"round_129",partition_load_imbalance,9.18864,
metric,"round_129",local_queue_size,93762,
metric,"round_129",boundary_queue_size,822,
metric,"round_129",accepted_local_collapses,256,
metric,"round_129",accepted_boundary_collapses,34,
metric,"round_129",skipped_boundary_edges,0,
metric,"round_129",rejected_conflicts,783,
metric,"round_129",repartitioned,1,
metric,"round_130",interior_edge_fraction,0.990204,
metric,"round_130",boundary_edge_fraction,0.00979576,
metric,"round_130",partition_load_imbalance,9.57527,
metric,"round_130",local_queue_size,92796,
metric,"round_130",boundary_queue_size,918,
metric,"round_130",accepted_local_collapses,256,
metric,"round_130",accepted_boundary_collapses,33,
metric,"round_130",skipped_boundary_edges,0,
metric,"round_130",rejected_conflicts,875,
metric,"round_130",repartitioned,1,
metric,"round_131",interior_edge_fraction,0.990587,
metric,"round_131",boundary_edge_fraction,0.00941334,
metric,"round_131",partition_load_imbalance,9.90058,
metric,"round_131",local_queue_size,91973,
metric,"round_131",boundary_queue_size,874,
metric,"round_131",accepted_local_collapses,256,
metric,"round_131",accepted_boundary_collapses,32,
metric,"round_131",skipped_boundary_edges,0,
metric,"round_131",rejected_conflicts,818,
metric,"round_131",repartitioned,1,
metric,"round_132",interior_edge_fraction,0.98828,
metric,"round_132",boundary_edge_fraction,0.0117196,
metric,"round_132",partition_load_imbalance,10.2222,
metric,"round_132",local_queue_size,90905,
metric,"round_132",boundary_queue_size,1078,
metric,"round_132",accepted_local_collapses,256,
metric,"round_132",accepted_boundary_collapses,33,
metric,"round_132",skipped_boundary_edges,0,
metric,"round_132",rejected_conflicts,1003,
metric,"round_132",repartitioned,1,
metric,"round_133",interior_edge_fraction,0.98841,
metric,"round_133",boundary_edge_fraction,0.0115896,
metric,"round_133",partition_load_imbalance,10.5965,
metric,"round_133",local_queue_size,90060,
metric,"round_133",boundary_queue_size,1056,
metric,"round_133",accepted_local_collapses,256,
metric,"round_133",accepted_boundary_collapses,31,
metric,"round_133",skipped_boundary_edges,0,
metric,"round_133",rejected_conflicts,988,
metric,"round_133",repartitioned,1,
metric,"round_134",interior_edge_fraction,0.988488,
metric,"round_134",boundary_edge_fraction,0.0115118,
metric,"round_134",partition_load_imbalance,11.0048,
metric,"round_134",local_queue_size,89216,
metric,"round_134",boundary_queue_size,1039,
metric,"round_134",accepted_local_collapses,256,
metric,"round_134",accepted_boundary_collapses,32,
metric,"round_134",skipped_boundary_edges,0,
metric,"round_134",rejected_conflicts,978,
metric,"round_134",repartitioned,1,
metric,"round_135",interior_edge_fraction,0.989093,
metric,"round_135",boundary_edge_fraction,0.0109071,
metric,"round_135",partition_load_imbalance,11.4494,
metric,"round_135",local_queue_size,88416,
metric,"round_135",boundary_queue_size,975,
metric,"round_135",accepted_local_collapses,256,
metric,"round_135",accepted_boundary_collapses,30,
metric,"round_135",skipped_boundary_edges,0,
metric,"round_135",rejected_conflicts,922,
metric,"round_135",repartitioned,1,
metric,"round_136",interior_edge_fraction,0.988276,
metric,"round_136",boundary_edge_fraction,0.0117244,
metric,"round_136",partition_load_imbalance,12.1214,
metric,"round_136",local_queue_size,87495,
metric,"round_136",boundary_queue_size,1038,
metric,"round_136",accepted_local_collapses,256,
metric,"round_136",accepted_boundary_collapses,28,
metric,"round_136",skipped_boundary_edges,0,
metric,"round_136",rejected_conflicts,971,
metric,"round_136",repartitioned,1,
metric,"round_137",interior_edge_fraction,0.988778,
metric,"round_137",boundary_edge_fraction,0.0112225,
metric,"round_137",partition_load_imbalance,12.6734,
metric,"round_137",local_queue_size,86697,
metric,"round_137",boundary_queue_size,984,
metric,"round_137",accepted_local_collapses,256,
metric,"round_137",accepted_boundary_collapses,29,
metric,"round_137",skipped_boundary_edges,0,
metric,"round_137",rejected_conflicts,930,
metric,"round_137",repartitioned,1,
metric,"round_138",interior_edge_fraction,0.988356,
metric,"round_138",boundary_edge_fraction,0.011644,
metric,"round_138",partition_load_imbalance,13.2829,
metric,"round_138",local_queue_size,85815,
metric,"round_138",boundary_queue_size,1011,
metric,"round_138",accepted_local_collapses,256,
metric,"round_138",accepted_boundary_collapses,29,
metric,"round_138",skipped_boundary_edges,0,
metric,"round_138",rejected_conflicts,962,
metric,"round_138",repartitioned,1,
metric,"round_139",interior_edge_fraction,0.988403,
metric,"round_139",boundary_edge_fraction,0.0115969,
metric,"round_139",partition_load_imbalance,13.9592,
metric,"round_139",local_queue_size,84974,
metric,"round_139",boundary_queue_size,997,
metric,"round_139",accepted_local_collapses,256,
metric,"round_139",accepted_boundary_collapses,28,
metric,"round_139",skipped_boundary_edges,0,
metric,"round_139",rejected_conflicts,957,
metric,"round_139",repartitioned,1,
metric,"round_140",interior_edge_fraction,0.988263,
metric,"round_140",boundary_edge_fraction,0.0117365,
metric,"round_140",partition_load_imbalance,14.7163,
metric,"round_140",local_queue_size,84120,
metric,"round_140",boundary_queue_size,999,
metric,"round_140",accepted_local_collapses,256,
metric,"round_140",accepted_boundary_collapses,28,
metric,"round_140",skipped_boundary_edges,0,
metric,"round_140",rejected_conflicts,971,
metric,"round_140",repartitioned,1,
metric,"round_141",interior_edge_fraction,0.988809,
metric,"round_141",boundary_edge_fraction,0.0111906,
metric,"round_141",partition_load_imbalance,15.5659,
metric,"round_141",local_queue_size,83324,
metric,"round_141",boundary_queue_size,943,
metric,"round_141",accepted_local_collapses,256,
metric,"round_141",accepted_boundary_collapses,26,
metric,"round_141",skipped_boundary_edges,0,
metric,"round_141",rejected_conflicts,927,
metric,"round_141",repartitioned,1,
metric,"round_142",interior_edge_fraction,0.989319,
metric,"round_142",boundary_edge_fraction,0.0106808,
metric,"round_142",partition_load_imbalance,16.5281,
metric,"round_142",local_queue_size,82530,
metric,"round_142",boundary_queue_size,891,
metric,"round_142",accepted_local_collapses,256,
metric,"round_142",accepted_boundary_collapses,26,
metric,"round_142",skipped_boundary_edges,0,
metric,"round_142",rejected_conflicts,860,
metric,"round_142",repartitioned,1,
metric,"round_143",interior_edge_fraction,0.989597,
metric,"round_143",boundary_edge_fraction,0.0104027,
metric,"round_143",partition_load_imbalance,17.6178,
metric,"round_143",local_queue_size,81716,
metric,"round_143",boundary_queue_size,859,
metric,"round_143",accepted_local_collapses,256,
metric,"round_143",accepted_boundary_collapses,26,
metric,"round_143",skipped_boundary_edges,0,
metric,"round_143",rejected_conflicts,849,
metric,"round_143",repartitioned,1,
metric,"round_144",interior_edge_fraction,0.98971,
metric,"round_144",boundary_edge_fraction,0.0102901,
metric,"round_144",partition_load_imbalance,18.8823,
metric,"round_144",local_queue_size,80888,
metric,"round_144",boundary_queue_size,841,
metric,"round_144",accepted_local_collapses,256,
metric,"round_144",accepted_boundary_collapses,25,
metric,"round_144",skipped_boundary_edges,0,
metric,"round_144",rejected_conflicts,841,
metric,"round_144",repartitioned,1,
metric,"round_145",interior_edge_fraction,0.990221,
metric,"round_145",boundary_edge_fraction,0.0097792,
metric,"round_145",partition_load_imbalance,20.3552,
metric,"round_145",local_queue_size,80095,
metric,"round_145",boundary_queue_size,791,
metric,"round_145",accepted_local_collapses,256,
metric,"round_145",accepted_boundary_collapses,25,
metric,"round_145",skipped_boundary_edges,0,
metric,"round_145",rejected_conflicts,792,
metric,"round_145",repartitioned,1,
metric,"round_146",interior_edge_fraction,0.990168,
metric,"round_146",boundary_edge_fraction,0.00983222,
metric,"round_146",partition_load_imbalance,22.0925,
metric,"round_146",local_queue_size,79256,
metric,"round_146",boundary_queue_size,787,
metric,"round_146",accepted_local_collapses,256,
metric,"round_146",accepted_boundary_collapses,25,
metric,"round_146",skipped_boundary_edges,0,
metric,"round_146",rejected_conflicts,787,
metric,"round_146",repartitioned,1,
metric,"round_147",interior_edge_fraction,0.990265,
metric,"round_147",boundary_edge_fraction,0.00973485,
metric,"round_147",partition_load_imbalance,24.606,
metric,"round_147",local_queue_size,78429,
metric,"round_147",boundary_queue_size,771,
metric,"round_147",accepted_local_collapses,256,
metric,"round_147",accepted_boundary_collapses,26,
metric,"round_147",skipped_boundary_edges,0,
metric,"round_147",rejected_conflicts,774,
metric,"round_147",repartitioned,1,
metric,"round_148",interior_edge_fraction,0.990811,
metric,"round_148",boundary_edge_fraction,0.00918907,
metric,"round_148",partition_load_imbalance,27.2403,
metric,"round_148",local_queue_size,77634,
metric,"round_148",boundary_queue_size,720,
metric,"round_148",accepted_local_collapses,256,
metric,"round_148",accepted_boundary_collapses,25,
metric,"round_148",skipped_boundary_edges,0,
metric,"round_148",rejected_conflicts,749,
metric,"round_148",repartitioned,1,
metric,"round_149",interior_edge_fraction,0.991356,
metric,"round_149",boundary_edge_fraction,0.00864393,
metric,"round_149",partition_load_imbalance,30.5365,
metric,"round_149",local_queue_size,76841,
metric,"round_149",boundary_queue_size,670,
metric,"round_149",accepted_local_collapses,256,
metric,"round_149",accepted_boundary_collapses,25,
metric,"round_149",skipped_boundary_edges,0,
metric,"round_149",rejected_conflicts,774,
metric,"round_149",repartitioned,1,
metric,"round_150",interior_edge_fraction,0.991848,
metric,"round_150",boundary_edge_fraction,0.00815203,
metric,"round_150",partition_load_imbalance,34.7546,
metric,"round_150",local_queue_size,76043,
metric,"round_150",boundary_queue_size,625,
metric,"round_150",accepted_local_collapses,256,
metric,"round_150",accepted_boundary_collapses,24,
metric,"round_150",skipped_boundary_edges,0,
metric,"round_150",rejected_conflicts,724,
metric,"round_150",repartitioned,1,
metric,"round_151",interior_edge_fraction,0.992404,
metric,"round_151",boundary_edge_fraction,0.00759614,
metric,"round_151",partition_load_imbalance,40.4132,
metric,"round_151",local_queue_size,75252,
metric,"round_151",boundary_queue_size,576,
metric,"round_151",accepted_local_collapses,256,
metric,"round_151",accepted_boundary_collapses,24,
metric,"round_151",skipped_boundary_edges,0,
metric,"round_151",rejected_conflicts,870,
metric,"round_151",repartitioned,1,
metric,"round_152",interior_edge_fraction,0.992479,
metric,"round_152",boundary_edge_fraction,0.0075212,
metric,"round_152",partition_load_imbalance,48.3018,
metric,"round_152",local_queue_size,74424,
metric,"round_152",boundary_queue_size,564,
metric,"round_152",accepted_local_collapses,256,
metric,"round_152",accepted_boundary_collapses,24,
metric,"round_152",skipped_boundary_edges,0,
metric,"round_152",rejected_conflicts,1315,
metric,"round_152",repartitioned,1,
metric,"round_153",interior_edge_fraction,0.992785,
metric,"round_153",boundary_edge_fraction,0.0072153,
metric,"round_153",partition_load_imbalance,62.2165,
metric,"round_153",local_queue_size,73613,
metric,"round_153",boundary_queue_size,535,
metric,"round_153",accepted_local_collapses,241,
metric,"round_153",accepted_boundary_collapses,23,
metric,"round_153",skipped_boundary_edges,0,
metric,"round_153",rejected_conflicts,1190,
metric,"round_153",repartitioned,1,
metric,"round_154",interior_edge_fraction,0.992898,
metric,"round_154",boundary_edge_fraction,0.00710235,
metric,"round_154",partition_load_imbalance,77.3665,
metric,"round_154",local_queue_size,72835,
metric,"round_154",boundary_queue_size,521,
metric,"round_154",accepted_local_collapses,232,
metric,"round_154",accepted_boundary_collapses,21,
metric,"round_154",skipped_boundary_edges,0,
metric,"round_154",rejected_conflicts,1031,
metric,"round_154",repartitioned,1,
metric,"round_155",interior_edge_fraction,0.992686,
metric,"round_155",boundary_edge_fraction,0.00731435,
metric,"round_155",partition_load_imbalance,96.5821,
metric,"round_155",local_queue_size,72066,
metric,"round_155",boundary_queue_size,531,
metric,"round_155",accepted_local_collapses,224,
metric,"round_155",accepted_boundary_collapses,20,
metric,"round_155",skipped_boundary_edges,0,
metric,"round_155",rejected_conflicts,917,
metric,"round_155",repartitioned,1,
metric,"round_156",interior_edge_fraction,0.99282,
metric,"round_156",boundary_edge_fraction,0.00718013,
metric,"round_156",partition_load_imbalance,122.373,
metric,"round_156",local_queue_size,71349,
metric,"round_156",boundary_queue_size,516,
metric,"round_156",accepted_local_collapses,218,
metric,"round_156",accepted_boundary_collapses,20,
metric,"round_156",skipped_boundary_edges,0,
metric,"round_156",rejected_conflicts,792,
metric,"round_156",repartitioned,1,
metric,"round_157",interior_edge_fraction,0.99085,
metric,"round_157",boundary_edge_fraction,0.00914956,
metric,"round_157",partition_load_imbalance,153.36,
metric,"round_157",local_queue_size,70500,
metric,"round_157",boundary_queue_size,651,
metric,"round_157",accepted_local_collapses,211,
metric,"round_157",accepted_boundary_collapses,20,
metric,"round_157",skipped_boundary_edges,0,
metric,"round_157",rejected_conflicts,864,
metric,"round_157",repartitioned,1,
metric,"round_158",interior_edge_fraction,0.990022,
metric,"round_158",boundary_edge_fraction,0.00997758,
metric,"round_158",partition_load_imbalance,211.12,
metric,"round_158",local_queue_size,69755,
metric,"round_158",boundary_queue_size,703,
metric,"round_158",accepted_local_collapses,209,
metric,"round_158",accepted_boundary_collapses,20,
metric,"round_158",skipped_boundary_edges,0,
metric,"round_158",rejected_conflicts,835,
metric,"round_158",repartitioned,1,
metric,"round_159",interior_edge_fraction,0.990497,
metric,"round_159",boundary_edge_fraction,0.00950252,
metric,"round_159",partition_load_imbalance,279.859,
metric,"round_159",local_queue_size,69108,
metric,"round_159",boundary_queue_size,663,
metric,"round_159",accepted_local_collapses,206,
metric,"round_159",accepted_boundary_collapses,20,
metric,"round_159",skipped_boundary_edges,0,
metric,"round_159",rejected_conflicts,725,
metric,"round_159",repartitioned,1,
metric,"round_160",interior_edge_fraction,0.988103,
metric,"round_160",boundary_edge_fraction,0.011897,
metric,"round_160",partition_load_imbalance,381.471,
metric,"round_160",local_queue_size,68271,
metric,"round_160",boundary_queue_size,822,
metric,"round_160",accepted_local_collapses,201,
metric,"round_160",accepted_boundary_collapses,24,
metric,"round_160",skipped_boundary_edges,0,
metric,"round_160",rejected_conflicts,841,
metric,"round_160",repartitioned,1,
metric,"round_161",interior_edge_fraction,0.987708,
metric,"round_161",boundary_edge_fraction,0.0122921,
metric,"round_161",partition_load_imbalance,507.876,
metric,"round_161",local_queue_size,67577,
metric,"round_161",boundary_queue_size,841,
metric,"round_161",accepted_local_collapses,198,
metric,"round_161",accepted_boundary_collapses,22,
metric,"round_161",skipped_boundary_edges,0,
metric,"round_161",rejected_conflicts,849,
metric,"round_161",repartitioned,1,
metric,"round_162",interior_edge_fraction,0.988238,
metric,"round_162",boundary_edge_fraction,0.0117624,
metric,"round_162",partition_load_imbalance,652.261,
metric,"round_162",local_queue_size,66961,
metric,"round_162",boundary_queue_size,797,
metric,"round_162",accepted_local_collapses,199,
metric,"round_162",accepted_boundary_collapses,22,
metric,"round_162",skipped_boundary_edges,0,
metric,"round_162",rejected_conflicts,766,
metric,"round_162",repartitioned,1,
metric,"round_163",interior_edge_fraction,0.988762,
metric,"round_163",boundary_edge_fraction,0.0112378,
metric,"round_163",partition_load_imbalance,914.51,
metric,"round_163",local_queue_size,66341,
metric,"round_163",boundary_queue_size,754,
metric,"round_163",accepted_local_collapses,197,
metric,"round_163",accepted_boundary_collapses,21,
metric,"round_163",skipped_boundary_edges,0,
metric,"round_163",rejected_conflicts,720,
metric,"round_163",repartitioned,1,
metric,"round_164",interior_edge_fraction,0.988456,
metric,"round_164",boundary_edge_fraction,0.0115441,
metric,"round_164",partition_load_imbalance,892.32,
metric,"round_164",local_queue_size,65674,
metric,"round_164",boundary_queue_size,767,
metric,"round_164",accepted_local_collapses,196,
metric,"round_164",accepted_boundary_collapses,21,
metric,"round_164",skipped_boundary_edges,0,
metric,"round_164",rejected_conflicts,709,
metric,"round_164",repartitioned,1,
metric,"round_165",interior_edge_fraction,0.98898,
metric,"round_165",boundary_edge_fraction,0.0110199,
metric,"round_165",partition_load_imbalance,1168.97,
metric,"round_165",local_queue_size,65065,
metric,"round_165",boundary_queue_size,725,
metric,"round_165",accepted_local_collapses,194,
metric,"round_165",accepted_boundary_collapses,20,
metric,"round_165",skipped_boundary_edges,0,
metric,"round_165",rejected_conflicts,689,
metric,"round_165",repartitioned,1,
metric,"round_166",interior_edge_fraction,0.989762,
metric,"round_166",boundary_edge_fraction,0.0102382,
metric,"round_166",partition_load_imbalance,1380.22,
metric,"round_166",local_queue_size,64481,
metric,"round_166",boundary_queue_size,667,
metric,"round_166",accepted_local_collapses,194,
metric,"round_166",accepted_boundary_collapses,20,
metric,"round_166",skipped_boundary_edges,0,
metric,"round_166",rejected_conflicts,625,
metric,"round_166",repartitioned,1,
metric,"round_167",interior_edge_fraction,0.989784,
metric,"round_167",boundary_edge_fraction,0.0102161,
metric,"round_167",partition_load_imbalance,1691.23,
metric,"round_167",local_queue_size,63847,
metric,"round_167",boundary_queue_size,659,
metric,"round_167",accepted_local_collapses,194,
metric,"round_167",accepted_boundary_collapses,18,
metric,"round_167",skipped_boundary_edges,0,
metric,"round_167",rejected_conflicts,628,
metric,"round_167",repartitioned,1,
metric,"round_168",interior_edge_fraction,0.99059,
metric,"round_168",boundary_edge_fraction,0.00940974,
metric,"round_168",partition_load_imbalance,2188.85,
metric,"round_168",local_queue_size,63269,
metric,"round_168",boundary_queue_size,601,
metric,"round_168",accepted_local_collapses,194,
metric,"round_168",accepted_boundary_collapses,16,
metric,"round_168",skipped_boundary_edges,0,
metric,"round_168",rejected_conflicts,566,
metric,"round_168",repartitioned,1,
metric,"round_169",interior_edge_fraction,0.990323,
metric,"round_169",boundary_edge_fraction,0.00967742,
metric,"round_169",partition_load_imbalance,3113,
metric,"round_169",local_queue_size,62628,
metric,"round_169",boundary_queue_size,612,
metric,"round_169",accepted_local_collapses,193,
metric,"round_169",accepted_boundary_collapses,17,
metric,"round_169",skipped_boundary_edges,0,
metric,"round_169",rejected_conflicts,577,
metric,"round_169",repartitioned,1,
metric,"round_170",interior_edge_fraction,0.990704,
metric,"round_170",boundary_edge_fraction,0.00929564,
metric,"round_170",partition_load_imbalance,3944.27,
metric,"round_170",local_queue_size,62028,
metric,"round_170",boundary_queue_size,582,
metric,"round_170",accepted_local_collapses,193,
metric,"round_170",accepted_boundary_collapses,17,
metric,"round_170",skipped_boundary_edges,0,
metric,"round_170",rejected_conflicts,571,
metric,"round_170",repartitioned,1,
metric,"round_171",interior_edge_fraction,0.95163,
metric,"round_171",boundary_edge_fraction,0.0483704,
metric,"round_171",partition_load_imbalance,1.71381,
metric,"round_171",local_queue_size,58982,
metric,"round_171",boundary_queue_size,2998,
metric,"round_171",accepted_local_collapses,256,
metric,"round_171",accepted_boundary_collapses,64,
metric,"round_171",skipped_boundary_edges,0,
metric,"round_171",rejected_conflicts,75,
metric,"round_171",repartitioned,1,
metric,"round_172",interior_edge_fraction,0.952393,
metric,"round_172",boundary_edge_fraction,0.0476073,
metric,"round_172",partition_load_imbalance,1.72537,
metric,"round_172",local_queue_size,58115,
metric,"round_172",boundary_queue_size,2905,
metric,"round_172",accepted_local_collapses,256,
metric,"round_172",accepted_boundary_collapses,64,
metric,"round_172",skipped_boundary_edges,0,
metric,"round_172",rejected_conflicts,62,
metric,"round_172",repartitioned,1,
metric,"round_173",interior_edge_fraction,0.953247,
metric,"round_173",boundary_edge_fraction,0.0467532,
metric,"round_173",partition_load_imbalance,1.73953,
metric,"round_173",local_queue_size,57252,
metric,"round_173",boundary_queue_size,2808,
metric,"round_173",accepted_local_collapses,256,
metric,"round_173",accepted_boundary_collapses,64,
metric,"round_173",skipped_boundary_edges,0,
metric,"round_173",rejected_conflicts,69,
metric,"round_173",repartitioned,1,
metric,"round_174",interior_edge_fraction,0.953926,
metric,"round_174",boundary_edge_fraction,0.0460745,
metric,"round_174",partition_load_imbalance,1.75389,
metric,"round_174",local_queue_size,56377,
metric,"round_174",boundary_queue_size,2723,
metric,"round_174",accepted_local_collapses,256,
metric,"round_174",accepted_boundary_collapses,64,
metric,"round_174",skipped_boundary_edges,0,
metric,"round_174",rejected_conflicts,80,
metric,"round_174",repartitioned,1,
metric,"round_175",interior_edge_fraction,0.954885,
metric,"round_175",boundary_edge_fraction,0.0451152,
metric,"round_175",partition_load_imbalance,1.76611,
metric,"round_175",local_queue_size,55517,
metric,"round_175",boundary_queue_size,2623,
metric,"round_175",accepted_local_collapses,256,
metric,"round_175",accepted_boundary_collapses,64,
metric,"round_175",skipped_boundary_edges,0,
metric,"round_175",rejected_conflicts,76,
metric,"round_175",repartitioned,1,
metric,"round_176",interior_edge_fraction,0.955317,
metric,"round_176",boundary_edge_fraction,0.0446835,
metric,"round_176",partition_load_imbalance,1.77851,
metric,"round_176",local_queue_size,54625,
metric,"round_176",boundary_queue_size,2555,
metric,"round_176",accepted_local_collapses,256,
metric,"round_176",accepted_boundary_collapses,64,
metric,"round_176",skipped_boundary_edges,0,
metric,"round_176",rejected_conflicts,74,
metric,"round_176",repartitioned,1,
metric,"round_177",interior_edge_fraction,0.956137,
metric,"round_177",boundary_edge_fraction,0.0438634,
metric,"round_177",partition_load_imbalance,1.7928,
metric,"round_177",local_queue_size,53754,
metric,"round_177",boundary_queue_size,2466,
metric,"round_177",accepted_local_collapses,256,
metric,"round_177",accepted_boundary_collapses,64,
metric,"round_177",skipped_boundary_edges,0,
metric,"round_177",rejected_conflicts,87,
metric,"round_177",repartitioned,1,
metric,"round_178",interior_edge_fraction,0.956985,
metric,"round_178",boundary_edge_fraction,0.0430148,
metric,"round_178",partition_load_imbalance,1.80621,
metric,"round_178",local_queue_size,52883,
metric,"round_178",boundary_queue_size,2377,
metric,"round_178",accepted_local_collapses,256,
metric,"round_178",accepted_boundary_collapses,64,
metric,"round_178",skipped_boundary_edges,0,
metric,"round_178",rejected_conflicts,94,
metric,"round_178",repartitioned,1,
metric,"round_179",interior_edge_fraction,0.957422,
metric,"round_179",boundary_edge_fraction,0.0425783,
metric,"round_179",partition_load_imbalance,1.82228,
metric,"round_179",local_queue_size,51988,
metric,"round_179",boundary_queue_size,2312,
metric,"round_179",accepted_local_collapses,256,
metric,"round_179",accepted_boundary_collapses,64,
metric,"round_179",skipped_boundary_edges,0,
metric,"round_179",rejected_conflicts,91,
metric,"round_179",repartitioned,1,
metric,"round_180",interior_edge_fraction,0.95793,
metric,"round_180",boundary_edge_fraction,0.0420697,
metric,"round_180",partition_load_imbalance,1.83847,
metric,"round_180",local_queue_size,51096,
metric,"round_180",boundary_queue_size,2244,
metric,"round_180",accepted_local_collapses,256,
metric,"round_180",accepted_boundary_collapses,64,
metric,"round_180",skipped_boundary_edges,0,
metric,"round_180",rejected_conflicts,101,
metric,"round_180",repartitioned,1,
metric,"round_181",interior_edge_fraction,0.95903,
metric,"round_181",boundary_edge_fraction,0.0409698,
metric,"round_181",partition_load_imbalance,1.85672,
metric,"round_181",local_queue_size,50234,
metric,"round_181",boundary_queue_size,2146,
metric,"round_181",accepted_local_collapses,256,
metric,"round_181",accepted_boundary_collapses,64,
metric,"round_181",skipped_boundary_edges,0,
metric,"round_181",rejected_conflicts,93,
metric,"round_181",repartitioned,1,
metric,"round_182",interior_edge_fraction,0.959938,
metric,"round_182",boundary_edge_fraction,0.0400622,
metric,"round_182",partition_load_imbalance,1.87378,
metric,"round_182",local_queue_size,49360,
metric,"round_182",boundary_queue_size,2060,
metric,"round_182",accepted_local_collapses,256,
metric,"round_182",accepted_boundary_collapses,64,
metric,"round_182",skipped_boundary_edges,0,
metric,"round_182",rejected_conflicts,75,
metric,"round_182",repartitioned,1,
metric,"round_183",interior_edge_fraction,0.960305,
metric,"round_183",boundary_edge_fraction,0.0396948,
metric,"round_183",partition_load_imbalance,1.89093,
metric,"round_183",local_queue_size,48457,
metric,"round_183",boundary_queue_size,2003,
metric,"round_183",accepted_local_collapses,256,
metric,"round_183",accepted_boundary_collapses,64,
metric,"round_183",skipped_boundary_edges,0,
metric,"round_183",rejected_conflicts,76,
metric,"round_183",repartitioned,1,
metric,"round_184",interior_edge_fraction,0.960505,
metric,"round_184",boundary_edge_fraction,0.0394949,
metric,"round_184",partition_load_imbalance,1.90498,
metric,"round_184",local_queue_size,47545,
metric,"round_184",boundary_queue_size,1955,
metric,"round_184",accepted_local_collapses,256,
metric,"round_184",accepted_boundary_collapses,64,
metric,"round_184",skipped_boundary_edges,0,
metric,"round_184",rejected_conflicts,84,
metric,"round_184",repartitioned,1,
metric,"round_185",interior_edge_fraction,0.960878,
metric,"round_185",boundary_edge_fraction,0.0391224,
metric,"round_185",partition_load_imbalance,1.92163,
metric,"round_185",local_queue_size,46641,
metric,"round_185",boundary_queue_size,1899,
metric,"round_185",accepted_local_collapses,256,
metric,"round_185",accepted_boundary_collapses,64,
metric,"round_185",skipped_boundary_edges,0,
metric,"round_185",rejected_conflicts,109,
metric,"round_185",repartitioned,1,
metric,"round_186",interior_edge_fraction,0.961602,
metric,"round_186",boundary_edge_fraction,0.0383985,
metric,"round_186",partition_load_imbalance,1.94185,
metric,"round_186",local_queue_size,45753,
metric,"round_186",boundary_queue_size,1827,
metric,"round_186",accepted_local_collapses,256,
metric,"round_186",accepted_boundary_collapses,64,
metric,"round_186",skipped_boundary_edges,0,
metric,"round_186",rejected_conflicts,96,
metric,"round_186",repartitioned,1,
metric,"round_187",interior_edge_fraction,0.962613,
metric,"round_187",boundary_edge_fraction,0.0373874,
metric,"round_187",partition_load_imbalance,1.96504,
metric,"round_187",local_queue_size,44877,
metric,"round_187",boundary_queue_size,1743,
metric,"round_187",accepted_local_collapses,256,
metric,"round_187",accepted_boundary_collapses,64,
metric,"round_187",skipped_boundary_edges,0,
metric,"round_187",rejected_conflicts,107,
metric,"round_187",repartitioned,1,
metric,"round_188",interior_edge_fraction,0.963163,
metric,"round_188",boundary_edge_fraction,0.0368375,
metric,"round_188",partition_load_imbalance,1.98803,
metric,"round_188",local_queue_size,43978,
metric,"round_188",boundary_queue_size,1682,
metric,"round_188",accepted_local_collapses,256,
metric,"round_188",accepted_boundary_collapses,64,
metric,"round_188",skipped_boundary_edges,0,
metric,"round_188",rejected_conflicts,111,
metric,"round_188",repartitioned,1,
metric,"round_189",interior_edge_fraction,0.963557,
metric,"round_189",boundary_edge_fraction,0.036443,
metric,"round_189",partition_load_imbalance,2.01626,
metric,"round_189",local_queue_size,43071,
metric,"round_189",boundary_queue_size,1629,
metric,"round_189",accepted_local_collapses,256,
metric,"round_189",accepted_boundary_collapses,64,
metric,"round_189",skipped_boundary_edges,0,
metric,"round_189",rejected_conflicts,123,
metric,"round_189",repartitioned,1,
metric,"round_190",interior_edge_fraction,0.964243,
metric,"round_190",boundary_edge_fraction,0.0357567,
metric,"round_190",partition_load_imbalance,2.04405,
metric,"round_190",local_queue_size,42176,
metric,"round_190",boundary_queue_size,1564,
metric,"round_190",accepted_local_collapses,256,
metric,"round_190",accepted_boundary_collapses,64,
metric,"round_190",skipped_boundary_edges,0,
metric,"round_190",rejected_conflicts,114,
metric,"round_190",repartitioned,1,
metric,"round_191",interior_edge_fraction,0.965217,
metric,"round_191",boundary_edge_fraction,0.0347826,
metric,"round_191",partition_load_imbalance,2.07207,
metric,"round_191",local_queue_size,41292,
metric,"round_191",boundary_queue_size,1488,
metric,"round_191",accepted_local_collapses,256,
metric,"round_191",accepted_boundary_collapses,64,
metric,"round_191",skipped_boundary_edges,0,
metric,"round_191",rejected_conflicts,130,
metric,"round_191",repartitioned,1,
metric,"round_192",interior_edge_fraction,0.965806,
metric,"round_192",boundary_edge_fraction,0.0341942,
metric,"round_192",partition_load_imbalance,2.09885,
metric,"round_192",local_queue_size,40390,
metric,"round_192",boundary_queue_size,1430,
metric,"round_192",accepted_local_collapses,256,
metric,"round_192",accepted_boundary_collapses,64,
metric,"round_192",skipped_boundary_edges,0,
metric,"round_192",rejected_conflicts,147,
metric,"round_192",repartitioned,1,
metric,"round_193",interior_edge_fraction,0.96466,
metric,"round_193",boundary_edge_fraction,0.0353402,
metric,"round_193",partition_load_imbalance,2.13041,
metric,"round_193",local_queue_size,39416,
metric,"round_193",boundary_queue_size,1444,
metric,"round_193",accepted_local_collapses,256,
metric,"round_193",accepted_boundary_collapses,64,
metric,"round_193",skipped_boundary_edges,0,
metric,"round_193",rejected_conflicts,157,
metric,"round_193",repartitioned,1,
metric,"round_194",interior_edge_fraction,0.964737,
metric,"round_194",boundary_edge_fraction,0.0352632,
metric,"round_194",partition_load_imbalance,2.16225,
metric,"round_194",local_queue_size,38493,
metric,"round_194",boundary_queue_size,1407,
metric,"round_194",accepted_local_collapses,256,
metric,"round_194",accepted_boundary_collapses,64,
metric,"round_194",skipped_boundary_edges,0,
metric,"round_194",rejected_conflicts,158,
metric,"round_194",repartitioned,1,
metric,"round_195",interior_edge_fraction,0.966025,
metric,"round_195",boundary_edge_fraction,0.0339753,
metric,"round_195",partition_load_imbalance,2.20334,
metric,"round_195",local_queue_size,37617,
metric,"round_195",boundary_queue_size,1323,
metric,"round_195",accepted_local_collapses,256,
metric,"round_195",accepted_boundary_collapses,64,
metric,"round_195",skipped_boundary_edges,0,
metric,"round_195",rejected_conflicts,153,
metric,"round_195",repartitioned,1,
metric,"round_196",interior_edge_fraction,0.966667,
metric,"round_196",boundary_edge_fraction,0.0333333,
metric,"round_196",partition_load_imbalance,2.24747,
metric,"round_196",local_queue_size,36714,
metric,"round_196",boundary_queue_size,1266,
metric,"round_196",accepted_local_collapses,256,
metric,"round_196",accepted_boundary_collapses,64,
metric,"round_196",skipped_boundary_edges,0,
metric,"round_196",rejected_conflicts,141,
metric,"round_196",repartitioned,1,
metric,"round_197",interior_edge_fraction,0.966586,
metric,"round_197",boundary_edge_fraction,0.0334144,
metric,"round_197",partition_load_imbalance,2.28485,
metric,"round_197",local_queue_size,35783,
metric,"round_197",boundary_queue_size,1237,
metric,"round_197",accepted_local_collapses,256,
metric,"round_197",accepted_boundary_collapses,64,
metric,"round_197",skipped_boundary_edges,0,
metric,"round_197",rejected_conflicts,174,
metric,"round_197",repartitioned,1,
metric,"round_198",interior_edge_fraction,0.967693,
metric,"round_198",boundary_edge_fraction,0.0323073,
metric,"round_198",partition_load_imbalance,2.32443,
metric,"round_198",local_queue_size,34895,
metric,"round_198",boundary_queue_size,1165,
metric,"round_198",accepted_local_collapses,256,
metric,"round_198",accepted_boundary_collapses,64,
metric,"round_198",skipped_boundary_edges,0,
metric,"round_198",rejected_conflicts,195,
metric,"round_198",repartitioned,1,
metric,"round_199",interior_edge_fraction,0.967892,
metric,"round_199",boundary_edge_fraction,0.0321083,
metric,"round_199",partition_load_imbalance,2.36423,
metric,"round_199",local_queue_size,33973,
metric,"round_199",boundary_queue_size,1127,
metric,"round_199",accepted_local_collapses,256,
metric,"round_199",accepted_boundary_collapses,64,
metric,"round_199",skipped_boundary_edges,0,
metric,"round_199",rejected_conflicts,227,
metric,"round_199",repartitioned,1,
metric,"round_200",interior_edge_fraction,0.967165,
metric,"round_200",boundary_edge_fraction,0.0328354,
metric,"round_200",partition_load_imbalance,2.4168,
metric,"round_200",local_queue_size,33019,
metric,"round_200",boundary_queue_size,1121,
metric,"round_200",accepted_local_collapses,256,
metric,"round_200",accepted_boundary_collapses,64,
metric,"round_200",skipped_boundary_edges,0,
metric,"round_200",rejected_conflicts,230,
metric,"round_200",repartitioned,1,
metric,"round_201",interior_edge_fraction,0.966998,
metric,"round_201",boundary_edge_fraction,0.0330018,
metric,"round_201",partition_load_imbalance,2.47668,
metric,"round_201",local_queue_size,32085,
metric,"round_201",boundary_queue_size,1095,
metric,"round_201",accepted_local_collapses,256,
metric,"round_201",accepted_boundary_collapses,64,
metric,"round_201",skipped_boundary_edges,0,
metric,"round_201",rejected_conflicts,241,
metric,"round_201",repartitioned,1,
metric,"round_202",interior_edge_fraction,0.967381,
metric,"round_202",boundary_edge_fraction,0.0326195,
metric,"round_202",partition_load_imbalance,2.5368,
metric,"round_202",local_queue_size,31169,
metric,"round_202",boundary_queue_size,1051,
metric,"round_202",accepted_local_collapses,256,
metric,"round_202",accepted_boundary_collapses,64,
metric,"round_202",skipped_boundary_edges,0,
metric,"round_202",rejected_conflicts,227,
metric,"round_202",repartitioned,1,
metric,"round_203",interior_edge_fraction,0.967466,
metric,"round_203",boundary_edge_fraction,0.0325336,
metric,"round_203",partition_load_imbalance,2.60917,
metric,"round_203",local_queue_size,30243,
metric,"round_203",boundary_queue_size,1017,
metric,"round_203",accepted_local_collapses,256,
metric,"round_203",accepted_boundary_collapses,64,
metric,"round_203",skipped_boundary_edges,0,
metric,"round_203",rejected_conflicts,226,
metric,"round_203",repartitioned,1,
metric,"round_204",interior_edge_fraction,0.967723,
metric,"round_204",boundary_edge_fraction,0.0322772,
metric,"round_204",partition_load_imbalance,2.69231,
metric,"round_204",local_queue_size,29322,
metric,"round_204",boundary_queue_size,978,
metric,"round_204",accepted_local_collapses,256,
metric,"round_204",accepted_boundary_collapses,64,
metric,"round_204",skipped_boundary_edges,0,
metric,"round_204",rejected_conflicts,236,
metric,"round_204",repartitioned,1,
metric,"round_205",interior_edge_fraction,0.967962,
metric,"round_205",boundary_edge_fraction,0.0320382,
metric,"round_205",partition_load_imbalance,2.78211,
metric,"round_205",local_queue_size,28400,
metric,"round_205",boundary_queue_size,940,
metric,"round_205",accepted_local_collapses,256,
metric,"round_205",accepted_boundary_collapses,64,
metric,"round_205",skipped_boundary_edges,0,
metric,"round_205",rejected_conflicts,293,
metric,"round_205",repartitioned,1,
metric,"round_206",interior_edge_fraction,0.967794,
metric,"round_206",boundary_edge_fraction,0.0322058,
metric,"round_206",partition_load_imbalance,2.86392,
metric,"round_206",local_queue_size,27466,
metric,"round_206",boundary_queue_size,914,
metric,"round_206",accepted_local_collapses,256,
metric,"round_206",accepted_boundary_collapses,64,
metric,"round_206",skipped_boundary_edges,0,
metric,"round_206",rejected_conflicts,339,
metric,"round_206",repartitioned,1,
metric,"round_207",interior_edge_fraction,0.966813,
metric,"round_207",boundary_edge_fraction,0.0331875,
metric,"round_207",partition_load_imbalance,2.97052,
metric,"round_207",local_queue_size,26510,
metric,"round_207",boundary_queue_size,910,
metric,"round_207",accepted_local_collapses,256,
metric,"round_207",accepted_boundary_collapses,64,
metric,"round_207",skipped_boundary_edges,0,
metric,"round_207",rejected_conflicts,362,
metric,"round_207",repartitioned,1,
metric,"round_208",interior_edge_fraction,0.967423,
metric,"round_208",boundary_edge_fraction,0.0325775,
metric,"round_208",partition_load_imbalance,3.09768,
metric,"round_208",local_queue_size,25598,
metric,"round_208",boundary_queue_size,862,
metric,"round_208",accepted_local_collapses,256,
metric,"round_208",accepted_boundary_collapses,64,
metric,"round_208",skipped_boundary_edges,0,
metric,"round_208",rejected_conflicts,387,
metric,"round_208",repartitioned,1,
metric,"round_209",interior_edge_fraction,0.966118,
metric,"round_209",boundary_edge_fraction,0.0338824,
metric,"round_209",partition_load_imbalance,3.23678,
metric,"round_209",local_queue_size,24636,
metric,"round_209",boundary_queue_size,864,
metric,"round_209",accepted_local_collapses,256,
metric,"round_209",accepted_boundary_collapses,64,
metric,"round_209",skipped_boundary_edges,0,
metric,"round_209",rejected_conflicts,414,
metric,"round_209",repartitioned,1,
metric,"round_210",interior_edge_fraction,0.964996,
metric,"round_210",boundary_edge_fraction,0.0350041,
metric,"round_210",partition_load_imbalance,3.3903,
metric,"round_210",local_queue_size,23681,
metric,"round_210",boundary_queue_size,859,
metric,"round_210",accepted_local_collapses,256,
metric,"round_210",accepted_boundary_collapses,64,
metric,"round_210",skipped_boundary_edges,0,
metric,"round_210",rejected_conflicts,491,
metric,"round_210",repartitioned,1,
metric,"round_211",interior_edge_fraction,0.964716,
metric,"round_211",boundary_edge_fraction,0.0352841,
metric,"round_211",partition_load_imbalance,3.57553,
metric,"round_211",local_queue_size,22748,
metric,"round_211",boundary_queue_size,832,
metric,"round_211",accepted_local_collapses,256,
metric,"round_211",accepted_boundary_collapses,64,
metric,"round_211",skipped_boundary_edges,0,
metric,"round_211",rejected_conflicts,567,
metric,"round_211",repartitioned,1,
metric,"round_212",interior_edge_fraction,0.963395,
metric,"round_212",boundary_edge_fraction,0.0366048,
metric,"round_212",partition_load_imbalance,3.78732,
metric,"round_212",local_queue_size,21792,
metric,"round_212",boundary_queue_size,828,
metric,"round_212",accepted_local_collapses,256,
metric,"round_212",accepted_boundary_collapses,64,
metric,"round_212",skipped_boundary_edges,0,
metric,"round_212",rejected_conflicts,595,
metric,"round_212",repartitioned,1,
metric,"round_213",interior_edge_fraction,0.961542,
metric,"round_213",boundary_edge_fraction,0.038458,
metric,"round_213",partition_load_imbalance,4.03196,
metric,"round_213",local_queue_size,20827,
metric,"round_213",boundary_queue_size,833,
metric,"round_213",accepted_local_collapses,256,
metric,"round_213",accepted_boundary_collapses,64,
metric,"round_213",skipped_boundary_edges,0,
metric,"round_213",rejected_conflicts,693,
metric,"round_213",repartitioned,1,
metric,"round_214",interior_edge_fraction,0.962657,
metric,"round_214",boundary_edge_fraction,0.037343,
metric,"round_214",partition_load_imbalance,4.32492,
metric,"round_214",local_queue_size,19927,
metric,"round_214",boundary_queue_size,773,
metric,"round_214",accepted_local_collapses,256,
metric,"round_214",accepted_boundary_collapses,64,
metric,"round_214",skipped_boundary_edges,0,
metric,"round_214",rejected_conflicts,676,
metric,"round_214",repartitioned,1,
metric,"round_215",interior_edge_fraction,0.961854,
metric,"round_215",boundary_edge_fraction,0.0381459,
metric,"round_215",partition_load_imbalance,4.67592,
metric,"round_215",local_queue_size,18987,
metric,"round_215",boundary_queue_size,753,
metric,"round_215",accepted_local_collapses,256,
metric,"round_215",accepted_boundary_collapses,60,
metric,"round_215",skipped_boundary_edges,0,
metric,"round_215",rejected_conflicts,810,
metric,"round_215",repartitioned,1,
metric,"round_216",interior_edge_fraction,0.959291,
metric,"round_216",boundary_edge_fraction,0.0407088,
metric,"round_216",partition_load_imbalance,5.19903,
metric,"round_216",local_queue_size,18027,
metric,"round_216",boundary_queue_size,765,
metric,"round_216",accepted_local_collapses,256,
metric,"round_216",accepted_boundary_collapses,60,
metric,"round_216",skipped_boundary_edges,0,
metric,"round_216",rejected_conflicts,836,
metric,"round_216",repartitioned,1,
metric,"round_217",interior_edge_fraction,0.960603,
metric,"round_217",boundary_edge_fraction,0.039397,
metric,"round_217",partition_load_imbalance,5.94861,
metric,"round_217",local_queue_size,17141,
metric,"round_217",boundary_queue_size,703,
metric,"round_217",accepted_local_collapses,256,
metric,"round_217",accepted_boundary_collapses,53,
metric,"round_217",skipped_boundary_edges,0,
metric,"round_217",rejected_conflicts,962,
metric,"round_217",repartitioned,1,
metric,"round_218",interior_edge_fraction,0.958976,
metric,"round_218",boundary_edge_fraction,0.0410238,
metric,"round_218",partition_load_imbalance,6.90029,
metric,"round_218",local_queue_size,16223,
metric,"round_218",boundary_queue_size,694,
metric,"round_218",accepted_local_collapses,256,
metric,"round_218",accepted_boundary_collapses,53,
metric,"round_218",skipped_boundary_edges,0,
metric,"round_218",rejected_conflicts,1090,
metric,"round_218",repartitioned,1,
metric,"round_219",interior_edge_fraction,0.958662,
metric,"round_219",boundary_edge_fraction,0.0413383,
metric,"round_219",partition_load_imbalance,8.29146,
metric,"round_219",local_queue_size,15329,
metric,"round_219",boundary_queue_size,661,
metric,"round_219",accepted_local_collapses,245,
metric,"round_219",accepted_boundary_collapses,48,
metric,"round_219",skipped_boundary_edges,0,
metric,"round_219",rejected_conflicts,1354,
metric,"round_219",repartitioned,1,
metric,"round_220",interior_edge_fraction,0.955661,
metric,"round_220",boundary_edge_fraction,0.0443386,
metric,"round_220",partition_load_imbalance,10.1157,
metric,"round_220",local_queue_size,14441,
metric,"round_220",boundary_queue_size,670,
metric,"round_220",accepted_local_collapses,233,
metric,"round_220",accepted_boundary_collapses,45,
metric,"round_220",skipped_boundary_edges,0,
metric,"round_220",rejected_conflicts,1205,
metric,"round_220",repartitioned,1,
metric,"round_221",interior_edge_fraction,0.955663,
metric,"round_221",boundary_edge_fraction,0.044337,
metric,"round_221",partition_load_imbalance,12.1712,
metric,"round_221",local_queue_size,13644,
metric,"round_221",boundary_queue_size,633,
metric,"round_221",accepted_local_collapses,226,
metric,"round_221",accepted_boundary_collapses,43,
metric,"round_221",skipped_boundary_edges,0,
metric,"round_221",rejected_conflicts,1085,
metric,"round_221",repartitioned,1,
metric,"round_222",interior_edge_fraction,0.956941,
metric,"round_222",boundary_edge_fraction,0.0430586,
metric,"round_222",partition_load_imbalance,14.6619,
metric,"round_222",local_queue_size,12890,
metric,"round_222",boundary_queue_size,580,
metric,"round_222",accepted_local_collapses,221,
metric,"round_222",accepted_boundary_collapses,40,
metric,"round_222",skipped_boundary_edges,0,
metric,"round_222",rejected_conflicts,950,
metric,"round_222",repartitioned,1,
metric,"round_223",interior_edge_fraction,0.952707,
metric,"round_223",boundary_edge_fraction,0.0472925,
metric,"round_223",partition_load_imbalance,17.7364,
metric,"round_223",local_queue_size,12087,
metric,"round_223",boundary_queue_size,600,
metric,"round_223",accepted_local_collapses,212,
metric,"round_223",accepted_boundary_collapses,40,
metric,"round_223",skipped_boundary_edges,0,
metric,"round_223",rejected_conflicts,886,
metric,"round_223",repartitioned,1,
metric,"round_224",interior_edge_fraction,0.9508,
metric,"round_224",boundary_edge_fraction,0.0491996,
metric,"round_224",partition_load_imbalance,21.346,
metric,"round_224",local_queue_size,11344,
metric,"round_224",boundary_queue_size,587,
metric,"round_224",accepted_local_collapses,209,
metric,"round_224",accepted_boundary_collapses,36,
metric,"round_224",skipped_boundary_edges,0,
metric,"round_224",rejected_conflicts,884,
metric,"round_224",repartitioned,1,
metric,"round_225",interior_edge_fraction,0.950071,
metric,"round_225",boundary_edge_fraction,0.0499285,
metric,"round_225",partition_load_imbalance,25.3897,
metric,"round_225",local_queue_size,10637,
metric,"round_225",boundary_queue_size,559,
metric,"round_225",accepted_local_collapses,202,
metric,"round_225",accepted_boundary_collapses,35,
metric,"round_225",skipped_boundary_edges,0,
metric,"round_225",rejected_conflicts,908,
metric,"round_225",repartitioned,1,
metric,"round_226",interior_edge_fraction,0.942108,
metric,"round_226",boundary_edge_fraction,0.0578922,
metric,"round_226",partition_load_imbalance,27.837,
metric,"round_226",local_queue_size,9878,
metric,"round_226",boundary_queue_size,607,
metric,"round_226",accepted_local_collapses,203,
metric,"round_226",accepted_boundary_collapses,32,
metric,"round_226",skipped_boundary_edges,0,
metric,"round_226",rejected_conflicts,1157,
metric,"round_226",repartitioned,1,
metric,"round_227",interior_edge_fraction,0.944376,
metric,"round_227",boundary_edge_fraction,0.0556237,
metric,"round_227",partition_load_imbalance,33.1622,
metric,"round_227",local_queue_size,9236,
metric,"round_227",boundary_queue_size,544,
metric,"round_227",accepted_local_collapses,190,
metric,"round_227",accepted_boundary_collapses,34,
metric,"round_227",skipped_boundary_edges,0,
metric,"round_227",rejected_conflicts,1334,
metric,"round_227",repartitioned,1,
metric,"round_228",interior_edge_fraction,0.927975,
metric,"round_228",boundary_edge_fraction,0.0720246,
metric,"round_228",partition_load_imbalance,41.2703,
metric,"round_228",local_queue_size,8452,
metric,"round_228",boundary_queue_size,656,
metric,"round_228",accepted_local_collapses,176,
metric,"round_228",accepted_boundary_collapses,34,
metric,"round_228",skipped_boundary_edges,0,
metric,"round_228",rejected_conflicts,1249,
metric,"round_228",repartitioned,1,
metric,"round_229",interior_edge_fraction,0.928285,
metric,"round_229",boundary_edge_fraction,0.071715,
metric,"round_229",partition_load_imbalance,41.6571,
metric,"round_229",local_queue_size,7870,
metric,"round_229",boundary_queue_size,608,
metric,"round_229",accepted_local_collapses,167,
metric,"round_229",accepted_boundary_collapses,30,
metric,"round_229",skipped_boundary_edges,0,
metric,"round_229",rejected_conflicts,1080,
metric,"round_229",repartitioned,1,
metric,"round_230",interior_edge_fraction,0.950171,
metric,"round_230",boundary_edge_fraction,0.0498288,
metric,"round_230",partition_load_imbalance,709.667,
metric,"round_230",local_queue_size,7494,
metric,"round_230",boundary_queue_size,393,
metric,"round_230",accepted_local_collapses,193,
metric,"round_230",accepted_boundary_collapses,16,
metric,"round_230",skipped_boundary_edges,0,
metric,"round_230",rejected_conflicts,891,
metric,"round_230",repartitioned,1,
metric,"round_231",interior_edge_fraction,0.950964,
metric,"round_231",boundary_edge_fraction,0.0490358,
metric,"round_231",partition_load_imbalance,1016.25,
metric,"round_231",local_queue_size,6904,
metric,"round_231",boundary_queue_size,356,
metric,"round_231",accepted_local_collapses,193,
metric,"round_231",accepted_boundary_collapses,14,
metric,"round_231",skipped_boundary_edges,0,
metric,"round_231",rejected_conflicts,1170,
metric,"round_231",repartitioned,1,
metric,"round_232",interior_edge_fraction,0.917307,
metric,"round_232",boundary_edge_fraction,0.0826932,
metric,"round_232",partition_load_imbalance,40.2949,
metric,"round_232",local_queue_size,6090,
metric,"round_232",boundary_queue_size,549,
metric,"round_232",accepted_local_collapses,156,
metric,"round_232",accepted_boundary_collapses,30,
metric,"round_232",skipped_boundary_edges,0,
metric,"round_232",rejected_conflicts,955,
metric,"round_232",repartitioned,1,
metric,"round_233",interior_edge_fraction,0.944581,
metric,"round_233",boundary_edge_fraction,0.0554185,
metric,"round_233",partition_load_imbalance,576,
metric,"round_233",local_queue_size,5744,
metric,"round_233",boundary_queue_size,337,
metric,"round_233",accepted_local_collapses,186,
metric,"round_233",accepted_boundary_collapses,15,
metric,"round_233",skipped_boundary_edges,0,
metric,"round_233",rejected_conflicts,1474,
metric,"round_233",repartitioned,1,
metric,"round_234",interior_edge_fraction,0.915663,
metric,"round_234",boundary_edge_fraction,0.0843373,
metric,"round_234",partition_load_imbalance,45.2807,
metric,"round_234",local_queue_size,5016,
metric,"round_234",boundary_queue_size,462,
metric,"round_234",accepted_local_collapses,151,
metric,"round_234",accepted_boundary_collapses,29,
metric,"round_234",skipped_boundary_edges,0,
metric,"round_234",rejected_conflicts,852,
metric,"round_234",repartitioned,1,
metric,"round_235",interior_edge_fraction,0.916768,
metric,"round_235",boundary_edge_fraction,0.0832321,
metric,"round_235",partition_load_imbalance,49.3333,
metric,"round_235",local_queue_size,4527,
metric,"round_235",boundary_queue_size,411,
metric,"round_235",accepted_local_collapses,146,
metric,"round_235",accepted_boundary_collapses,23,
metric,"round_235",skipped_boundary_edges,0,
metric,"round_235",rejected_conflicts,708,
metric,"round_235",repartitioned,1,
metric,"round_236",interior_edge_fraction,0.908373,
metric,"round_236",boundary_edge_fraction,0.0916272,
metric,"round_236",partition_load_imbalance,50.7381,
metric,"round_236",local_queue_size,4025,
metric,"round_236",boundary_queue_size,406,
metric,"round_236",accepted_local_collapses,141,
metric,"round_236",accepted_boundary_collapses,24,
metric,"round_236",skipped_boundary_edges,0,
metric,"round_236",rejected_conflicts,683,
metric,"round_236",repartitioned,1,
metric,"round_237",interior_edge_fraction,0.894817,
metric,"round_237",boundary_edge_fraction,0.105183,
metric,"round_237",partition_load_imbalance,48.4359,
metric,"round_237",local_queue_size,3522,
metric,"round_237",boundary_queue_size,414,
metric,"round_237",accepted_local_collapses,138,
metric,"round_237",accepted_boundary_collapses,25,
metric,"round_237",skipped_boundary_edges,0,
metric,"round_237",rejected_conflicts,705,
metric,"round_237",repartitioned,1,
metric,"round_238",interior_edge_fraction,0.894691,
metric,"round_238",boundary_edge_fraction,0.105309,
metric,"round_238",partition_load_imbalance,46.75,
metric,"round_238",local_queue_size,3084,
metric,"round_238",boundary_queue_size,363,
metric,"round_238",accepted_local_collapses,138,
metric,"round_238",accepted_boundary_collapses,21,
metric,"round_238",skipped_boundary_edges,0,
metric,"round_238",rejected_conflicts,768,
metric,"round_238",repartitioned,1,
metric,"round_239",interior_edge_fraction,0.884175,
metric,"round_239",boundary_edge_fraction,0.115825,
metric,"round_239",partition_load_imbalance,44.8788,
metric,"round_239",local_queue_size,2626,
metric,"round_239",boundary_queue_size,344,
metric,"round_239",accepted_local_collapses,135,
metric,"round_239",accepted_boundary_collapses,23,
metric,"round_239",skipped_boundary_edges,0,
metric,"round_239",rejected_conflicts,1119,
metric,"round_239",repartitioned,1,
metric,"round_240",interior_edge_fraction,0.85617,
metric,"round_240",boundary_edge_fraction,0.14383,
metric,"round_240",partition_load_imbalance,41.5,
metric,"round_240",local_queue_size,2137,
metric,"round_240",boundary_queue_size,359,
metric,"round_240",accepted_local_collapses,118,
metric,"round_240",accepted_boundary_collapses,22,
metric,"round_240",skipped_boundary_edges,0,
metric,"round_240",rejected_conflicts,1231,
metric,"round_240",repartitioned,1,
metric,"round_241",interior_edge_fraction,0.83526,
metric,"round_241",boundary_edge_fraction,0.16474,
metric,"round_241",partition_load_imbalance,42.5833,
metric,"round_241",local_queue_size,1734,
metric,"round_241",boundary_queue_size,342,
metric,"round_241",accepted_local_collapses,107,
metric,"round_241",accepted_boundary_collapses,22,
metric,"round_241",skipped_boundary_edges,0,
metric,"round_241",rejected_conflicts,1188,
metric,"round_241",repartitioned,1,
metric,"round_242",interior_edge_fraction,0.818828,
metric,"round_242",boundary_edge_fraction,0.181172,
metric,"round_242",partition_load_imbalance,39.0476,
metric,"round_242",local_queue_size,1383,
metric,"round_242",boundary_queue_size,306,
metric,"round_242",accepted_local_collapses,86,
metric,"round_242",accepted_boundary_collapses,20,
metric,"round_242",skipped_boundary_edges,0,
metric,"round_242",rejected_conflicts,1273,
metric,"round_242",repartitioned,1,
metric,"round_243",interior_edge_fraction,0.751276,
metric,"round_243",boundary_edge_fraction,0.248724,
metric,"round_243",partition_load_imbalance,34,
metric,"round_243",local_queue_size,1030,
metric,"round_243",boundary_queue_size,341,
metric,"round_243",accepted_local_collapses,65,
metric,"round_243",accepted_boundary_collapses,17,
metric,"round_243",skipped_boundary_edges,0,
metric,"round_243",rejected_conflicts,968,
metric,"round_243",repartitioned,1,
metric,"round_244",interior_edge_fraction,0.723556,
metric,"round_244",boundary_edge_fraction,0.276444,
metric,"round_244",partition_load_imbalance,30.6667,
metric,"round_244",local_queue_size,814,
metric,"round_244",boundary_queue_size,311,
metric,"round_244",accepted_local_collapses,18,
metric,"round_244",accepted_boundary_collapses,0,
metric,"round_244",skipped_boundary_edges,0,
metric,"round_244",rejected_conflicts,570,
metric,"round_244",repartitioned,1,
