kind,scope,name,numeric_value,text_value
metadata,run,mode,,"partitioned_batch"
metadata,run,input_path,,"/afs/andrew.cmu.edu/usr20/eugenel/private/15418/mesh-simplification/bunny.obj"
metadata,run,output_path,,"./qes_batch/partitioned_batch/bunny_r0p5_t1.obj"
metadata,run,target_vertex_fraction,0.005,
metadata,run,threads,1,
metadata,run,partitions,1,
metadata,run,batch_size,64,
metadata,run,repartition_every,0,
phase,total,mesh_load_seconds,0.114316,
phase,total,"half_edge_build_seconds",0.24596,
phase,total,"initial_quadrics_seconds",0.0811812,
phase,total,"initial_queue_build_seconds",0.267188,
phase,total,"partition_build_seconds",4.61586,
phase,total,"local_selection_seconds",0.973616,
phase,total,"boundary_repair_seconds",0.609408,
phase,total,"queue_refresh_seconds",214.462,
phase,total,mesh_write_seconds,0.00333146,
phase,total,total_seconds,273.599,
metric,summary,"initial_vertex_count",72027,
metric,summary,"initial_face_count",144046,
metric,summary,"target_vertex_count",361,
metric,summary,"final_vertex_count",361,
metric,summary,"final_face_count",714,
metric,summary,"requested_threads",1,
metric,summary,"requested_partitions",1,
metric,summary,"accepted_collapses",71666,
metric,summary,"accepted_local_collapses",60290,
metric,summary,"accepted_boundary_collapses",11376,
metric,summary,"skipped_boundary_edges",0,
metric,summary,"rejected_conflicts",4994,
metric,summary,"repartition_count",231,
metric,summary,"queue_refresh_count",942,
metric,summary,"round_count",943,
metric,summary,"interior_edge_fraction_avg",0.970149,
metric,summary,"boundary_edge_fraction_avg",0.0298513,
metric,summary,"local_queue_size_avg",106891,
metric,summary,"boundary_queue_size_avg",1487.96,
metric,summary,"partition_load_imbalance_avg",1,
metric,summary,"partition_load_imbalance_max",1,
metric,"round_0",interior_edge_fraction,1,
metric,"round_0",boundary_edge_fraction,0,
metric,"round_0",partition_load_imbalance,1,
metric,"round_0",local_queue_size,216069,
metric,"round_0",boundary_queue_size,0,
metric,"round_0",accepted_local_collapses,64,
metric,"round_0",accepted_boundary_collapses,0,
metric,"round_0",skipped_boundary_edges,0,
metric,"round_0",rejected_conflicts,50,
metric,"round_0",repartitioned,1,
metric,"round_1",interior_edge_fraction,0.995761,
metric,"round_1",boundary_edge_fraction,0.00423852,
metric,"round_1",partition_load_imbalance,1,
metric,"round_1",local_queue_size,214962,
metric,"round_1",boundary_queue_size,915,
metric,"round_1",accepted_local_collapses,64,
metric,"round_1",accepted_boundary_collapses,16,
metric,"round_1",skipped_boundary_edges,0,
metric,"round_1",rejected_conflicts,55,
metric,"round_1",repartitioned,0,
metric,"round_2",interior_edge_fraction,0.99143,
metric,"round_2",boundary_edge_fraction,0.00856996,
metric,"round_2",partition_load_imbalance,1,
metric,"round_2",local_queue_size,213789,
metric,"round_2",boundary_queue_size,1848,
metric,"round_2",accepted_local_collapses,64,
metric,"round_2",accepted_boundary_collapses,16,
metric,"round_2",skipped_boundary_edges,0,
metric,"round_2",rejected_conflicts,25,
metric,"round_2",repartitioned,0,
metric,"round_3",interior_edge_fraction,0.987061,
metric,"round_3",boundary_edge_fraction,0.0129389,
metric,"round_3",partition_load_imbalance,1,
metric,"round_3",local_queue_size,212610,
metric,"round_3",boundary_queue_size,2787,
metric,"round_3",accepted_local_collapses,64,
metric,"round_3",accepted_boundary_collapses,16,
metric,"round_3",skipped_boundary_edges,0,
metric,"round_3",rejected_conflicts,16,
metric,"round_3",repartitioned,0,
metric,"round_4",interior_edge_fraction,0.982576,
metric,"round_4",boundary_edge_fraction,0.0174245,
metric,"round_4",partition_load_imbalance,1,
metric,"round_4",local_queue_size,211408,
metric,"round_4",boundary_queue_size,3749,
metric,"round_4",accepted_local_collapses,64,
metric,"round_4",accepted_boundary_collapses,16,
metric,"round_4",skipped_boundary_edges,0,
metric,"round_4",rejected_conflicts,16,
metric,"round_4",repartitioned,0,
metric,"round_5",interior_edge_fraction,1,
metric,"round_5",boundary_edge_fraction,0,
metric,"round_5",partition_load_imbalance,1,
metric,"round_5",local_queue_size,214917,
metric,"round_5",boundary_queue_size,0,
metric,"round_5",accepted_local_collapses,64,
metric,"round_5",accepted_boundary_collapses,0,
metric,"round_5",skipped_boundary_edges,0,
metric,"round_5",rejected_conflicts,8,
metric,"round_5",repartitioned,1,
metric,"round_6",interior_edge_fraction,0.995729,
metric,"round_6",boundary_edge_fraction,0.00427058,
metric,"round_6",partition_load_imbalance,1,
metric,"round_6",local_queue_size,213808,
metric,"round_6",boundary_queue_size,917,
metric,"round_6",accepted_local_collapses,64,
metric,"round_6",accepted_boundary_collapses,16,
metric,"round_6",skipped_boundary_edges,0,
metric,"round_6",rejected_conflicts,4,
metric,"round_6",repartitioned,0,
metric,"round_7",interior_edge_fraction,0.991048,
metric,"round_7",boundary_edge_fraction,0.00895167,
metric,"round_7",partition_load_imbalance,1,
metric,"round_7",local_queue_size,212565,
metric,"round_7",boundary_queue_size,1920,
metric,"round_7",accepted_local_collapses,64,
metric,"round_7",accepted_boundary_collapses,16,
metric,"round_7",skipped_boundary_edges,0,
metric,"round_7",rejected_conflicts,13,
metric,"round_7",repartitioned,0,
metric,"round_8",interior_edge_fraction,0.986282,
metric,"round_8",boundary_edge_fraction,0.0137179,
metric,"round_8",partition_load_imbalance,1,
metric,"round_8",local_queue_size,211306,
metric,"round_8",boundary_queue_size,2939,
metric,"round_8",accepted_local_collapses,64,
metric,"round_8",accepted_boundary_collapses,16,
metric,"round_8",skipped_boundary_edges,0,
metric,"round_8",rejected_conflicts,10,
metric,"round_8",repartitioned,0,
metric,"round_9",interior_edge_fraction,0.981566,
metric,"round_9",boundary_edge_fraction,0.0184341,
metric,"round_9",partition_load_imbalance,1,
metric,"round_9",local_queue_size,210060,
metric,"round_9",boundary_queue_size,3945,
metric,"round_9",accepted_local_collapses,64,
metric,"round_9",accepted_boundary_collapses,16,
metric,"round_9",skipped_boundary_edges,0,
metric,"round_9",rejected_conflicts,4,
metric,"round_9",repartitioned,0,
metric,"round_10",interior_edge_fraction,1,
metric,"round_10",boundary_edge_fraction,0,
metric,"round_10",partition_load_imbalance,1,
metric,"round_10",local_queue_size,213765,
metric,"round_10",boundary_queue_size,0,
metric,"round_10",accepted_local_collapses,64,
metric,"round_10",accepted_boundary_collapses,0,
metric,"round_10",skipped_boundary_edges,0,
metric,"round_10",rejected_conflicts,6,
metric,"round_10",repartitioned,1,
metric,"round_11",interior_edge_fraction,0.995594,
metric,"round_11",boundary_edge_fraction,0.00440599,
metric,"round_11",partition_load_imbalance,1,
metric,"round_11",local_queue_size,212632,
metric,"round_11",boundary_queue_size,941,
metric,"round_11",accepted_local_collapses,64,
metric,"round_11",accepted_boundary_collapses,16,
metric,"round_11",skipped_boundary_edges,0,
metric,"round_11",rejected_conflicts,8,
metric,"round_11",repartitioned,0,
metric,"round_12",interior_edge_fraction,0.990827,
metric,"round_12",boundary_edge_fraction,0.00917345,
metric,"round_12",partition_load_imbalance,1,
metric,"round_12",local_queue_size,211376,
metric,"round_12",boundary_queue_size,1957,
metric,"round_12",accepted_local_collapses,64,
metric,"round_12",accepted_boundary_collapses,16,
metric,"round_12",skipped_boundary_edges,0,
metric,"round_12",rejected_conflicts,12,
metric,"round_12",repartitioned,0,
metric,"round_13",interior_edge_fraction,0.986119,
metric,"round_13",boundary_edge_fraction,0.0138813,
metric,"round_13",partition_load_imbalance,1,
metric,"round_13",local_queue_size,210135,
metric,"round_13",boundary_queue_size,2958,
metric,"round_13",accepted_local_collapses,64,
metric,"round_13",accepted_boundary_collapses,16,
metric,"round_13",skipped_boundary_edges,0,
metric,"round_13",rejected_conflicts,6,
metric,"round_13",repartitioned,0,
metric,"round_14",interior_edge_fraction,0.981226,
metric,"round_14",boundary_edge_fraction,0.0187735,
metric,"round_14",partition_load_imbalance,1,
metric,"round_14",local_queue_size,208857,
metric,"round_14",boundary_queue_size,3996,
metric,"round_14",accepted_local_collapses,64,
metric,"round_14",accepted_boundary_collapses,16,
metric,"round_14",skipped_boundary_edges,0,
metric,"round_14",rejected_conflicts,5,
metric,"round_14",repartitioned,0,
metric,"round_15",interior_edge_fraction,1,
metric,"round_15",boundary_edge_fraction,0,
metric,"round_15",partition_load_imbalance,1,
metric,"round_15",local_queue_size,212613,
metric,"round_15",boundary_queue_size,0,
metric,"round_15",accepted_local_collapses,64,
metric,"round_15",accepted_boundary_collapses,0,
metric,"round_15",skipped_boundary_edges,0,
metric,"round_15",rejected_conflicts,2,
metric,"round_15",repartitioned,1,
metric,"round_16",interior_edge_fraction,0.995551,
metric,"round_16",boundary_edge_fraction,0.00444871,
metric,"round_16",partition_load_imbalance,1,
metric,"round_16",local_queue_size,211476,
metric,"round_16",boundary_queue_size,945,
metric,"round_16",accepted_local_collapses,64,
metric,"round_16",accepted_boundary_collapses,16,
metric,"round_16",skipped_boundary_edges,0,
metric,"round_16",rejected_conflicts,8,
metric,"round_16",repartitioned,0,
metric,"round_17",interior_edge_fraction,0.990565,
metric,"round_17",boundary_edge_fraction,0.00943534,
metric,"round_17",partition_load_imbalance,1,
metric,"round_17",local_queue_size,210179,
metric,"round_17",boundary_queue_size,2002,
metric,"round_17",accepted_local_collapses,64,
metric,"round_17",accepted_boundary_collapses,16,
metric,"round_17",skipped_boundary_edges,0,
metric,"round_17",rejected_conflicts,4,
metric,"round_17",repartitioned,0,
metric,"round_18",interior_edge_fraction,0.985609,
metric,"round_18",boundary_edge_fraction,0.0143908,
metric,"round_18",partition_load_imbalance,1,
metric,"round_18",local_queue_size,208891,
metric,"round_18",boundary_queue_size,3050,
metric,"round_18",accepted_local_collapses,64,
metric,"round_18",accepted_boundary_collapses,16,
metric,"round_18",skipped_boundary_edges,0,
metric,"round_18",rejected_conflicts,8,
metric,"round_18",repartitioned,0,
metric,"round_19",interior_edge_fraction,0.980657,
metric,"round_19",boundary_edge_fraction,0.0193433,
metric,"round_19",partition_load_imbalance,1,
metric,"round_19",local_queue_size,207606,
metric,"round_19",boundary_queue_size,4095,
metric,"round_19",accepted_local_collapses,64,
metric,"round_19",accepted_boundary_collapses,16,
metric,"round_19",skipped_boundary_edges,0,
metric,"round_19",rejected_conflicts,6,
metric,"round_19",repartitioned,0,
metric,"round_20",interior_edge_fraction,1,
metric,"round_20",boundary_edge_fraction,0,
metric,"round_20",partition_load_imbalance,1,
metric,"round_20",local_queue_size,211461,
metric,"round_20",boundary_queue_size,0,
metric,"round_20",accepted_local_collapses,64,
metric,"round_20",accepted_boundary_collapses,0,
metric,"round_20",skipped_boundary_edges,0,
metric,"round_20",rejected_conflicts,3,
metric,"round_20",repartitioned,1,
metric,"round_21",interior_edge_fraction,0.995418,
metric,"round_21",boundary_edge_fraction,0.00458184,
metric,"round_21",partition_load_imbalance,1,
metric,"round_21",local_queue_size,210301,
metric,"round_21",boundary_queue_size,968,
metric,"round_21",accepted_local_collapses,64,
metric,"round_21",accepted_boundary_collapses,16,
metric,"round_21",skipped_boundary_edges,0,
metric,"round_21",rejected_conflicts,10,
metric,"round_21",repartitioned,0,
metric,"round_22",interior_edge_fraction,0.990399,
metric,"round_22",boundary_edge_fraction,0.00960058,
metric,"round_22",partition_load_imbalance,1,
metric,"round_22",local_queue_size,209003,
metric,"round_22",boundary_queue_size,2026,
metric,"round_22",accepted_local_collapses,64,
metric,"round_22",accepted_boundary_collapses,16,
metric,"round_22",skipped_boundary_edges,0,
metric,"round_22",rejected_conflicts,6,
metric,"round_22",repartitioned,0,
metric,"round_23",interior_edge_fraction,0.985507,
metric,"round_23",boundary_edge_fraction,0.0144932,
metric,"round_23",partition_load_imbalance,1,
metric,"round_23",local_queue_size,207734,
metric,"round_23",boundary_queue_size,3055,
metric,"round_23",accepted_local_collapses,64,
metric,"round_23",accepted_boundary_collapses,16,
metric,"round_23",skipped_boundary_edges,0,
metric,"round_23",rejected_conflicts,5,
metric,"round_23",repartitioned,0,
metric,"round_24",interior_edge_fraction,0.980575,
metric,"round_24",boundary_edge_fraction,0.0194254,
metric,"round_24",partition_load_imbalance,1,
metric,"round_24",local_queue_size,206459,
metric,"round_24",boundary_queue_size,4090,
metric,"round_24",accepted_local_collapses,64,
metric,"round_24",accepted_boundary_collapses,16,
metric,"round_24",skipped_boundary_edges,0,
metric,"round_24",rejected_conflicts,2,
metric,"round_24",repartitioned,0,
metric,"round_25",interior_edge_fraction,1,
metric,"round_25",boundary_edge_fraction,0,
metric,"round_25",partition_load_imbalance,1,
metric,"round_25",local_queue_size,210309,
metric,"round_25",boundary_queue_size,0,
metric,"round_25",accepted_local_collapses,64,
metric,"round_25",accepted_boundary_collapses,0,
metric,"round_25",skipped_boundary_edges,0,
metric,"round_25",rejected_conflicts,1,
metric,"round_25",repartitioned,1,
metric,"round_26",interior_edge_fraction,0.995588,
metric,"round_26",boundary_edge_fraction,0.00441183,
metric,"round_26",partition_load_imbalance,1,
metric,"round_26",local_queue_size,209190,
metric,"round_26",boundary_queue_size,927,
metric,"round_26",accepted_local_collapses,64,
metric,"round_26",accepted_boundary_collapses,16,
metric,"round_26",skipped_boundary_edges,0,
metric,"round_26",rejected_conflicts,5,
metric,"round_26",repartitioned,0,
metric,"round_27",interior_edge_fraction,0.990571,
metric,"round_27",boundary_edge_fraction,0.00942933,
metric,"round_27",partition_load_imbalance,1,
metric,"round_27",local_queue_size,207898,
metric,"round_27",boundary_queue_size,1979,
metric,"round_27",accepted_local_collapses,64,
metric,"round_27",accepted_boundary_collapses,16,
metric,"round_27",skipped_boundary_edges,0,
metric,"round_27",rejected_conflicts,4,
metric,"round_27",repartitioned,0,
metric,"round_28",interior_edge_fraction,0.985451,
metric,"round_28",boundary_edge_fraction,0.014549,
metric,"round_28",partition_load_imbalance,1,
metric,"round_28",local_queue_size,206587,
metric,"round_28",boundary_queue_size,3050,
metric,"round_28",accepted_local_collapses,64,
metric,"round_28",accepted_boundary_collapses,16,
metric,"round_28",skipped_boundary_edges,0,
metric,"round_28",rejected_conflicts,6,
metric,"round_28",repartitioned,0,
metric,"round_29",interior_edge_fraction,0.980592,
metric,"round_29",boundary_edge_fraction,0.0194081,
metric,"round_29",partition_load_imbalance,1,
metric,"round_29",local_queue_size,205333,
metric,"round_29",boundary_queue_size,4064,
metric,"round_29",accepted_local_collapses,64,
metric,"round_29",accepted_boundary_collapses,16,
metric,"round_29",skipped_boundary_edges,0,
metric,"round_29",rejected_conflicts,4,
metric,"round_29",repartitioned,0,
metric,"round_30",interior_edge_fraction,1,
metric,"round_30",boundary_edge_fraction,0,
metric,"round_30",partition_load_imbalance,1,
metric,"round_30",local_queue_size,209157,
metric,"round_30",boundary_queue_size,0,
metric,"round_30",accepted_local_collapses,64,
metric,"round_30",accepted_boundary_collapses,0,
metric,"round_30",skipped_boundary_edges,0,
metric,"round_30",rejected_conflicts,1,
metric,"round_30",repartitioned,1,
metric,"round_31",interior_edge_fraction,0.99553,
metric,"round_31",boundary_edge_fraction,0.00446965,
metric,"round_31",partition_load_imbalance,1,
metric,"round_31",local_queue_size,208031,
metric,"round_31",boundary_queue_size,934,
metric,"round_31",accepted_local_collapses,64,
metric,"round_31",accepted_boundary_collapses,16,
metric,"round_31",skipped_boundary_edges,0,
metric,"round_31",rejected_conflicts,6,
metric,"round_31",repartitioned,0,
metric,"round_32",interior_edge_fraction,0.990428,
metric,"round_32",boundary_edge_fraction,0.0095724,
metric,"round_32",partition_load_imbalance,1,
metric,"round_32",local_queue_size,206727,
metric,"round_32",boundary_queue_size,1998,
metric,"round_32",accepted_local_collapses,64,
metric,"round_32",accepted_boundary_collapses,16,
metric,"round_32",skipped_boundary_edges,0,
metric,"round_32",rejected_conflicts,9,
metric,"round_32",repartitioned,0,
metric,"round_33",interior_edge_fraction,0.985366,
metric,"round_33",boundary_edge_fraction,0.0146341,
metric,"round_33",partition_load_imbalance,1,
metric,"round_33",local_queue_size,205434,
metric,"round_33",boundary_queue_size,3051,
metric,"round_33",accepted_local_collapses,64,
metric,"round_33",accepted_boundary_collapses,16,
metric,"round_33",skipped_boundary_edges,0,
metric,"round_33",rejected_conflicts,4,
metric,"round_33",repartitioned,0,
metric,"round_34",interior_edge_fraction,0.980336,
metric,"round_34",boundary_edge_fraction,0.0196643,
metric,"round_34",partition_load_imbalance,1,
metric,"round_34",local_queue_size,204150,
metric,"round_34",boundary_queue_size,4095,
metric,"round_34",accepted_local_collapses,64,
metric,"round_34",accepted_boundary_collapses,16,
metric,"round_34",skipped_boundary_edges,0,
metric,"round_34",rejected_conflicts,6,
metric,"round_34",repartitioned,0,
metric,"round_35",interior_edge_fraction,1,
metric,"round_35",boundary_edge_fraction,0,
metric,"round_35",partition_load_imbalance,1,
metric,"round_35",local_queue_size,208005,
metric,"round_35",boundary_queue_size,0,
metric,"round_35",accepted_local_collapses,64,
metric,"round_35",accepted_boundary_collapses,0,
metric,"round_35",skipped_boundary_edges,0,
metric,"round_35",rejected_conflicts,4,
metric,"round_35",repartitioned,1,
metric,"round_36",interior_edge_fraction,0.995467,
metric,"round_36",boundary_edge_fraction,0.00453292,
metric,"round_36",partition_load_imbalance,1,
metric,"round_36",local_queue_size,206871,
metric,"round_36",boundary_queue_size,942,
metric,"round_36",accepted_local_collapses,64,
metric,"round_36",accepted_boundary_collapses,16,
metric,"round_36",skipped_boundary_edges,0,
metric,"round_36",rejected_conflicts,5,
metric,"round_36",repartitioned,0,
metric,"round_37",interior_edge_fraction,0.990379,
metric,"round_37",boundary_edge_fraction,0.00962071,
metric,"round_37",partition_load_imbalance,1,
metric,"round_37",local_queue_size,205576,
metric,"round_37",boundary_queue_size,1997,
metric,"round_37",accepted_local_collapses,64,
metric,"round_37",accepted_boundary_collapses,16,
metric,"round_37",skipped_boundary_edges,0,
metric,"round_37",rejected_conflicts,0,
metric,"round_37",repartitioned,0,
metric,"round_38",interior_edge_fraction,0.985502,
metric,"round_38",boundary_edge_fraction,0.0144984,
metric,"round_38",partition_load_imbalance,1,
metric,"round_38",local_queue_size,204327,
metric,"round_38",boundary_queue_size,3006,
metric,"round_38",accepted_local_collapses,64,
metric,"round_38",accepted_boundary_collapses,16,
metric,"round_38",skipped_boundary_edges,0,
metric,"round_38",rejected_conflicts,5,
metric,"round_38",repartitioned,0,
metric,"round_39",interior_edge_fraction,0.980564,
metric,"round_39",boundary_edge_fraction,0.0194357,
metric,"round_39",partition_load_imbalance,1,
metric,"round_39",local_queue_size,203068,
metric,"round_39",boundary_queue_size,4025,
metric,"round_39",accepted_local_collapses,64,
metric,"round_39",accepted_boundary_collapses,16,
metric,"round_39",skipped_boundary_edges,0,
metric,"round_39",rejected_conflicts,5,
metric,"round_39",repartitioned,0,
metric,"round_40",interior_edge_fraction,1,
metric,"round_40",boundary_edge_fraction,0,
metric,"round_40",partition_load_imbalance,1,
metric,"round_40",local_queue_size,206853,
metric,"round_40",boundary_queue_size,0,
metric,"round_40",accepted_local_collapses,64,
metric,"round_40",accepted_boundary_collapses,0,
metric,"round_40",skipped_boundary_edges,0,
metric,"round_40",rejected_conflicts,0,
metric,"round_40",repartitioned,1,
metric,"round_41",interior_edge_fraction,0.99551,
metric,"round_41",boundary_edge_fraction,0.00449045,
metric,"round_41",partition_load_imbalance,1,
metric,"round_41",local_queue_size,205733,
metric,"round_41",boundary_queue_size,928,
metric,"round_41",accepted_local_collapses,64,
metric,"round_41",accepted_boundary_collapses,16,
metric,"round_41",skipped_boundary_edges,0,
metric,"round_41",rejected_conflicts,0,
metric,"round_41",repartitioned,0,
metric,"round_42",interior_edge_fraction,0.990345,
metric,"round_42",boundary_edge_fraction,0.00965503,
metric,"round_42",partition_load_imbalance,1,
metric,"round_42",local_queue_size,204428,
metric,"round_42",boundary_queue_size,1993,
metric,"round_42",accepted_local_collapses,64,
metric,"round_42",accepted_boundary_collapses,16,
metric,"round_42",skipped_boundary_edges,0,
metric,"round_42",rejected_conflicts,7,
metric,"round_42",repartitioned,0,
metric,"round_43",interior_edge_fraction,0.985406,
metric,"round_43",boundary_edge_fraction,0.014594,
metric,"round_43",partition_load_imbalance,1,
metric,"round_43",local_queue_size,203172,
metric,"round_43",boundary_queue_size,3009,
metric,"round_43",accepted_local_collapses,64,
metric,"round_43",accepted_boundary_collapses,16,
metric,"round_43",skipped_boundary_edges,0,
metric,"round_43",rejected_conflicts,3,
metric,"round_43",repartitioned,0,
metric,"round_44",interior_edge_fraction,0.9803,
metric,"round_44",boundary_edge_fraction,0.0196998,
metric,"round_44",partition_load_imbalance,1,
metric,"round_44",local_queue_size,201884,
metric,"round_44",boundary_queue_size,4057,
metric,"round_44",accepted_local_collapses,64,
metric,"round_44",accepted_boundary_collapses,16,
metric,"round_44",skipped_boundary_edges,0,
metric,"round_44",rejected_conflicts,2,
metric,"round_44",repartitioned,0,
metric,"round_45",interior_edge_fraction,1,
metric,"round_45",boundary_edge_fraction,0,
metric,"round_45",partition_load_imbalance,1,
metric,"round_45",local_queue_size,205701,
metric,"round_45",boundary_queue_size,0,
metric,"round_45",accepted_local_collapses,64,
metric,"round_45",accepted_boundary_collapses,0,
metric,"round_45",skipped_boundary_edges,0,
metric,"round_45",rejected_conflicts,1,
metric,"round_45",repartitioned,1,
metric,"round_46",interior_edge_fraction,0.995543,
metric,"round_46",boundary_edge_fraction,0.00445723,
metric,"round_46",partition_load_imbalance,1,
metric,"round_46",local_queue_size,204593,
metric,"round_46",boundary_queue_size,916,
metric,"round_46",accepted_local_collapses,64,
metric,"round_46",accepted_boundary_collapses,16,
metric,"round_46",skipped_boundary_edges,0,
metric,"round_46",rejected_conflicts,8,
metric,"round_46",repartitioned,0,
metric,"round_47",interior_edge_fraction,0.99051,
metric,"round_47",boundary_edge_fraction,0.00948999,
metric,"round_47",partition_load_imbalance,1,
metric,"round_47",local_queue_size,203321,
metric,"round_47",boundary_queue_size,1948,
metric,"round_47",accepted_local_collapses,64,
metric,"round_47",accepted_boundary_collapses,16,
metric,"round_47",skipped_boundary_edges,0,
metric,"round_47",rejected_conflicts,6,
metric,"round_47",repartitioned,0,
metric,"round_48",interior_edge_fraction,0.985524,
metric,"round_48",boundary_edge_fraction,0.014476,
metric,"round_48",partition_load_imbalance,1,
metric,"round_48",local_queue_size,202061,
metric,"round_48",boundary_queue_size,2968,
metric,"round_48",accepted_local_collapses,64,
metric,"round_48",accepted_boundary_collapses,16,
metric,"round_48",skipped_boundary_edges,0,
metric,"round_48",rejected_conflicts,4,
metric,"round_48",repartitioned,0,
metric,"round_49",interior_edge_fraction,0.980399,
metric,"round_49",boundary_edge_fraction,0.0196007,
metric,"round_49",partition_load_imbalance,1,
metric,"round_49",local_queue_size,200775,
metric,"round_49",boundary_queue_size,4014,
metric,"round_49",accepted_local_collapses,64,
metric,"round_49",accepted_boundary_collapses,16,
metric,"round_49",skipped_boundary_edges,0,
metric,"round_49",rejected_conflicts,2,
metric,"round_49",repartitioned,0,
metric,"round_50",interior_edge_fraction,1,
metric,"round_50",boundary_edge_fraction,0,
metric,"round_50",partition_load_imbalance,1,
metric,"round_50",local_queue_size,204549,
metric,"round_50",boundary_queue_size,0,
metric,"round_50",accepted_local_collapses,64,
metric,"round_50",accepted_boundary_collapses,0,
metric,"round_50",skipped_boundary_edges,0,
metric,"round_50",rejected_conflicts,0,
metric,"round_50",repartitioned,1,
metric,"round_51",interior_edge_fraction,0.995332,
metric,"round_51",boundary_edge_fraction,0.0046683,
metric,"round_51",partition_load_imbalance,1,
metric,"round_51",local_queue_size,203403,
metric,"round_51",boundary_queue_size,954,
metric,"round_51",accepted_local_collapses,64,
metric,"round_51",accepted_boundary_collapses,16,
metric,"round_51",skipped_boundary_edges,0,
metric,"round_51",rejected_conflicts,3,
metric,"round_51",repartitioned,0,
metric,"round_52",interior_edge_fraction,0.99027,
metric,"round_52",boundary_edge_fraction,0.00972971,
metric,"round_52",partition_load_imbalance,1,
metric,"round_52",local_queue_size,202131,
metric,"round_52",boundary_queue_size,1986,
metric,"round_52",accepted_local_collapses,64,
metric,"round_52",accepted_boundary_collapses,16,
metric,"round_52",skipped_boundary_edges,0,
metric,"round_52",rejected_conflicts,4,
metric,"round_52",repartitioned,0,
metric,"round_53",interior_edge_fraction,0.985172,
metric,"round_53",boundary_edge_fraction,0.0148276,
metric,"round_53",partition_load_imbalance,1,
metric,"round_53",local_queue_size,200854,
metric,"round_53",boundary_queue_size,3023,
metric,"round_53",accepted_local_collapses,64,
metric,"round_53",accepted_boundary_collapses,16,
metric,"round_53",skipped_boundary_edges,0,
metric,"round_53",rejected_conflicts,3,
metric,"round_53",repartitioned,0,
metric,"round_54",interior_edge_fraction,0.980185,
metric,"round_54",boundary_edge_fraction,0.0198147,
metric,"round_54",partition_load_imbalance,1,
metric,"round_54",local_queue_size,199602,
metric,"round_54",boundary_queue_size,4035,
metric,"round_54",accepted_local_collapses,64,
metric,"round_54",accepted_boundary_collapses,16,
metric,"round_54",skipped_boundary_edges,0,
metric,"round_54",rejected_conflicts,3,
metric,"round_54",repartitioned,0,
metric,"round_55",interior_edge_fraction,1,
metric,"round_55",boundary_edge_fraction,0,
metric,"round_55",partition_load_imbalance,1,
metric,"round_55",local_queue_size,203397,
metric,"round_55",boundary_queue_size,0,
metric,"round_55",accepted_local_collapses,64,
metric,"round_55",accepted_boundary_collapses,0,
metric,"round_55",skipped_boundary_edges,0,
metric,"round_55",rejected_conflicts,1,
metric,"round_55",repartitioned,1,
metric,"round_56",interior_edge_fraction,0.995305,
metric,"round_56",boundary_edge_fraction,0.00469477,
metric,"round_56",partition_load_imbalance,1,
metric,"round_56",local_queue_size,202251,
metric,"round_56",boundary_queue_size,954,
metric,"round_56",accepted_local_collapses,64,
metric,"round_56",accepted_boundary_collapses,16,
metric,"round_56",skipped_boundary_edges,0,
metric,"round_56",rejected_conflicts,0,
metric,"round_56",repartitioned,0,
metric,"round_57",interior_edge_fraction,0.990102,
metric,"round_57",boundary_edge_fraction,0.00989826,
metric,"round_57",partition_load_imbalance,1,
metric,"round_57",local_queue_size,200956,
metric,"round_57",boundary_queue_size,2009,
metric,"round_57",accepted_local_collapses,64,
metric,"round_57",accepted_boundary_collapses,16,
metric,"round_57",skipped_boundary_edges,0,
metric,"round_57",rejected_conflicts,3,
metric,"round_57",repartitioned,0,
metric,"round_58",interior_edge_fraction,0.984881,
metric,"round_58",boundary_edge_fraction,0.015119,
metric,"round_58",partition_load_imbalance,1,
metric,"round_58",local_queue_size,199660,
metric,"round_58",boundary_queue_size,3065,
metric,"round_58",accepted_local_collapses,64,
metric,"round_58",accepted_boundary_collapses,16,
metric,"round_58",skipped_boundary_edges,0,
metric,"round_58",rejected_conflicts,4,
metric,"round_58",repartitioned,0,
metric,"round_59",interior_edge_fraction,0.97989,
metric,"round_59",boundary_edge_fraction,0.0201101,
metric,"round_59",partition_load_imbalance,1,
metric,"round_59",local_queue_size,198413,
metric,"round_59",boundary_queue_size,4072,
metric,"round_59",accepted_local_collapses,64,
metric,"round_59",accepted_boundary_collapses,16,
metric,"round_59",skipped_boundary_edges,0,
metric,"round_59",rejected_conflicts,0,
metric,"round_59",repartitioned,0,
metric,"round_60",interior_edge_fraction,1,
metric,"round_60",boundary_edge_fraction,0,
metric,"round_60",partition_load_imbalance,1,
metric,"round_60",local_queue_size,202245,
metric,"round_60",boundary_queue_size,0,
metric,"round_60",accepted_local_collapses,64,
metric,"round_60",accepted_boundary_collapses,0,
metric,"round_60",skipped_boundary_edges,0,
metric,"round_60",rejected_conflicts,0,
metric,"round_60",repartitioned,1,
metric,"round_61",interior_edge_fraction,0.995353,
metric,"round_61",boundary_edge_fraction,0.0046473,
metric,"round_61",partition_load_imbalance,1,
metric,"round_61",local_queue_size,201114,
metric,"round_61",boundary_queue_size,939,
metric,"round_61",accepted_local_collapses,64,
metric,"round_61",accepted_boundary_collapses,16,
metric,"round_61",skipped_boundary_edges,0,
metric,"round_61",rejected_conflicts,6,
metric,"round_61",repartitioned,0,
metric,"round_62",interior_edge_fraction,0.990055,
metric,"round_62",boundary_edge_fraction,0.00994485,
metric,"round_62",partition_load_imbalance,1,
metric,"round_62",local_queue_size,199806,
metric,"round_62",boundary_queue_size,2007,
metric,"round_62",accepted_local_collapses,64,
metric,"round_62",accepted_boundary_collapses,16,
metric,"round_62",skipped_boundary_edges,0,
metric,"round_62",rejected_conflicts,9,
metric,"round_62",repartitioned,0,
metric,"round_63",interior_edge_fraction,0.984943,
metric,"round_63",boundary_edge_fraction,0.0150566,
metric,"round_63",partition_load_imbalance,1,
metric,"round_63",local_queue_size,198538,
metric,"round_63",boundary_queue_size,3035,
metric,"round_63",accepted_local_collapses,64,
metric,"round_63",accepted_boundary_collapses,16,
metric,"round_63",skipped_boundary_edges,0,
metric,"round_63",rejected_conflicts,2,
metric,"round_63",repartitioned,0,
metric,"round_64",interior_edge_fraction,0.979735,
metric,"round_64",boundary_edge_fraction,0.0202649,
metric,"round_64",partition_load_imbalance,1,
metric,"round_64",local_queue_size,197253,
metric,"round_64",boundary_queue_size,4080,
metric,"round_64",accepted_local_collapses,64,
metric,"round_64",accepted_boundary_collapses,16,
metric,"round_64",skipped_boundary_edges,0,
metric,"round_64",rejected_conflicts,2,
metric,"round_64",repartitioned,0,
metric,"round_65",interior_edge_fraction,1,
metric,"round_65",boundary_edge_fraction,0,
metric,"round_65",partition_load_imbalance,1,
metric,"round_65",local_queue_size,201093,
metric,"round_65",boundary_queue_size,0,
metric,"round_65",accepted_local_collapses,64,
metric,"round_65",accepted_boundary_collapses,0,
metric,"round_65",skipped_boundary_edges,0,
metric,"round_65",rejected_conflicts,2,
metric,"round_65",repartitioned,1,
metric,"round_66",interior_edge_fraction,0.995381,
metric,"round_66",boundary_edge_fraction,0.00461919,
metric,"round_66",partition_load_imbalance,1,
metric,"round_66",local_queue_size,199973,
metric,"round_66",boundary_queue_size,928,
metric,"round_66",accepted_local_collapses,64,
metric,"round_66",accepted_boundary_collapses,16,
metric,"round_66",skipped_boundary_edges,0,
metric,"round_66",rejected_conflicts,9,
metric,"round_66",repartitioned,0,
metric,"round_67",interior_edge_fraction,0.990148,
metric,"round_67",boundary_edge_fraction,0.00985244,
metric,"round_67",partition_load_imbalance,1,
metric,"round_67",local_queue_size,198684,
metric,"round_67",boundary_queue_size,1977,
metric,"round_67",accepted_local_collapses,64,
metric,"round_67",accepted_boundary_collapses,16,
metric,"round_67",skipped_boundary_edges,0,
metric,"round_67",rejected_conflicts,6,
metric,"round_67",repartitioned,0,
metric,"round_68",interior_edge_fraction,0.985156,
metric,"round_68",boundary_edge_fraction,0.0148438,
metric,"round_68",partition_load_imbalance,1,
metric,"round_68",local_queue_size,197446,
metric,"round_68",boundary_queue_size,2975,
metric,"round_68",accepted_local_collapses,64,
metric,"round_68",accepted_boundary_collapses,16,
metric,"round_68",skipped_boundary_edges,0,
metric,"round_68",rejected_conflicts,2,
metric,"round_68",repartitioned,0,
metric,"round_69",interior_edge_fraction,0.979878,
metric,"round_69",boundary_edge_fraction,0.0201218,
metric,"round_69",partition_load_imbalance,1,
metric,"round_69",local_queue_size,196153,
metric,"round_69",boundary_queue_size,4028,
metric,"round_69",accepted_local_collapses,64,
metric,"round_69",accepted_boundary_collapses,16,
metric,"round_69",skipped_boundary_edges,0,
metric,"round_69",rejected_conflicts,1,
metric,"round_69",repartitioned,0,
metric,"round_70",interior_edge_fraction,1,
metric,"round_70",boundary_edge_fraction,0,
metric,"round_70",partition_load_imbalance,1,
metric,"round_70",local_queue_size,199941,
metric,"round_70",boundary_queue_size,0,
metric,"round_70",accepted_local_collapses,64,
metric,"round_70",accepted_boundary_collapses,0,
metric,"round_70",skipped_boundary_edges,0,
metric,"round_70",rejected_conflicts,2,
metric,"round_70",repartitioned,1,
metric,"round_71",interior_edge_fraction,0.995319,
metric,"round_71",boundary_edge_fraction,0.00468087,
metric,"round_71",partition_load_imbalance,1,
metric,"round_71",local_queue_size,198814,
metric,"round_71",boundary_queue_size,935,
metric,"round_71",accepted_local_collapses,64,
metric,"round_71",accepted_boundary_collapses,16,
metric,"round_71",skipped_boundary_edges,0,
metric,"round_71",rejected_conflicts,3,
metric,"round_71",repartitioned,0,
metric,"round_72",interior_edge_fraction,0.990126,
metric,"round_72",boundary_edge_fraction,0.00987424,
metric,"round_72",partition_load_imbalance,1,
metric,"round_72",local_queue_size,197539,
metric,"round_72",boundary_queue_size,1970,
metric,"round_72",accepted_local_collapses,64,
metric,"round_72",accepted_boundary_collapses,16,
metric,"round_72",skipped_boundary_edges,0,
metric,"round_72",rejected_conflicts,4,
metric,"round_72",repartitioned,0,
metric,"round_73",interior_edge_fraction,0.984905,
metric,"round_73",boundary_edge_fraction,0.0150952,
metric,"round_73",partition_load_imbalance,1,
metric,"round_73",local_queue_size,196261,
metric,"round_73",boundary_queue_size,3008,
metric,"round_73",accepted_local_collapses,64,
metric,"round_73",accepted_boundary_collapses,16,
metric,"round_73",skipped_boundary_edges,0,
metric,"round_73",rejected_conflicts,2,
metric,"round_73",repartitioned,0,
metric,"round_74",interior_edge_fraction,0.979556,
metric,"round_74",boundary_edge_fraction,0.0204443,
metric,"round_74",partition_load_imbalance,1,
metric,"round_74",local_queue_size,194960,
metric,"round_74",boundary_queue_size,4069,
metric,"round_74",accepted_local_collapses,64,
metric,"round_74",accepted_boundary_collapses,16,
metric,"round_74",skipped_boundary_edges,0,
metric,"round_74",rejected_conflicts,5,
metric,"round_74",repartitioned,0,
metric,"round_75",interior_edge_fraction,1,
metric,"round_75",boundary_edge_fraction,0,
metric,"round_75",partition_load_imbalance,1,
metric,"round_75",local_queue_size,198789,
metric,"round_75",boundary_queue_size,0,
metric,"round_75",accepted_local_collapses,64,
metric,"round_75",accepted_boundary_collapses,0,
metric,"round_75",skipped_boundary_edges,0,
metric,"round_75",rejected_conflicts,0,
metric,"round_75",repartitioned,1,
metric,"round_76",interior_edge_fraction,0.995458,
metric,"round_76",boundary_edge_fraction,0.00454186,
metric,"round_76",partition_load_imbalance,1,
metric,"round_76",local_queue_size,197695,
metric,"round_76",boundary_queue_size,902,
metric,"round_76",accepted_local_collapses,64,
metric,"round_76",accepted_boundary_collapses,16,
metric,"round_76",skipped_boundary_edges,0,
metric,"round_76",rejected_conflicts,6,
metric,"round_76",repartitioned,0,
metric,"round_77",interior_edge_fraction,0.990154,
metric,"round_77",boundary_edge_fraction,0.00984588,
metric,"round_77",partition_load_imbalance,1,
metric,"round_77",local_queue_size,196404,
metric,"round_77",boundary_queue_size,1953,
metric,"round_77",accepted_local_collapses,64,
metric,"round_77",accepted_boundary_collapses,16,
metric,"round_77",skipped_boundary_edges,0,
metric,"round_77",rejected_conflicts,6,
metric,"round_77",repartitioned,0,
metric,"round_78",interior_edge_fraction,0.984974,
metric,"round_78",boundary_edge_fraction,0.0150265,
metric,"round_78",partition_load_imbalance,1,
metric,"round_78",local_queue_size,195140,
metric,"round_78",boundary_queue_size,2977,
metric,"round_78",accepted_local_collapses,64,
metric,"round_78",accepted_boundary_collapses,16,
metric,"round_78",skipped_boundary_edges,0,
metric,"round_78",rejected_conflicts,1,
metric,"round_78",repartitioned,0,
metric,"round_79",interior_edge_fraction,0.979725,
metric,"round_79",boundary_edge_fraction,0.0202752,
metric,"round_79",partition_load_imbalance,1,
metric,"round_79",local_queue_size,193865,
metric,"round_79",boundary_queue_size,4012,
metric,"round_79",accepted_local_collapses,64,
metric,"round_79",accepted_boundary_collapses,16,
metric,"round_79",skipped_boundary_edges,0,
metric,"round_79",rejected_conflicts,5,
metric,"round_79",repartitioned,0,
metric,"round_80",interior_edge_fraction,1,
metric,"round_80",boundary_edge_fraction,0,
metric,"round_80",partition_load_imbalance,1,
metric,"round_80",local_queue_size,197637,
metric,"round_80",boundary_queue_size,0,
metric,"round_80",accepted_local_collapses,64,
metric,"round_80",accepted_boundary_collapses,0,
metric,"round_80",skipped_boundary_edges,0,
metric,"round_80",rejected_conflicts,1,
metric,"round_80",repartitioned,1,
metric,"round_81",interior_edge_fraction,0.995361,
metric,"round_81",boundary_edge_fraction,0.00463927,
metric,"round_81",partition_load_imbalance,1,
metric,"round_81",local_queue_size,196529,
metric,"round_81",boundary_queue_size,916,
metric,"round_81",accepted_local_collapses,64,
metric,"round_81",accepted_boundary_collapses,16,
metric,"round_81",skipped_boundary_edges,0,
metric,"round_81",rejected_conflicts,7,
metric,"round_81",repartitioned,0,
metric,"round_82",interior_edge_fraction,0.990127,
metric,"round_82",boundary_edge_fraction,0.00987297,
metric,"round_82",partition_load_imbalance,1,
metric,"round_82",local_queue_size,195258,
metric,"round_82",boundary_queue_size,1947,
metric,"round_82",accepted_local_collapses,64,
metric,"round_82",accepted_boundary_collapses,16,
metric,"round_82",skipped_boundary_edges,0,
metric,"round_82",rejected_conflicts,2,
metric,"round_82",repartitioned,0,
metric,"round_83",interior_edge_fraction,0.984911,
metric,"round_83",boundary_edge_fraction,0.015089,
metric,"round_83",partition_load_imbalance,1,
metric,"round_83",local_queue_size,193993,
metric,"round_83",boundary_queue_size,2972,
metric,"round_83",accepted_local_collapses,64,
metric,"round_83",accepted_boundary_collapses,16,
metric,"round_83",skipped_boundary_edges,0,
metric,"round_83",rejected_conflicts,5,
metric,"round_83",repartitioned,0,
metric,"round_84",interior_edge_fraction,0.97952,
metric,"round_84",boundary_edge_fraction,0.0204804,
metric,"round_84",partition_load_imbalance,1,
metric,"round_84",local_queue_size,192696,
metric,"round_84",boundary_queue_size,4029,
metric,"round_84",accepted_local_collapses,64,
metric,"round_84",accepted_boundary_collapses,16,
metric,"round_84",skipped_boundary_edges,0,
metric,"round_84",rejected_conflicts,2,
metric,"round_84",repartitioned,0,
metric,"round_85",interior_edge_fraction,1,
metric,"round_85",boundary_edge_fraction,0,
metric,"round_85",partition_load_imbalance,1,
metric,"round_85",local_queue_size,196485,
metric,"round_85",boundary_queue_size,0,
metric,"round_85",accepted_local_collapses,64,
metric,"round_85",accepted_boundary_collapses,0,
metric,"round_85",skipped_boundary_edges,0,
metric,"round_85",rejected_conflicts,1,
metric,"round_85",repartitioned,1,
metric,"round_86",interior_edge_fraction,0.995206,
metric,"round_86",boundary_edge_fraction,0.00479385,
metric,"round_86",partition_load_imbalance,1,
metric,"round_86",local_queue_size,195352,
metric,"round_86",boundary_queue_size,941,
metric,"round_86",accepted_local_collapses,64,
metric,"round_86",accepted_boundary_collapses,16,
metric,"round_86",skipped_boundary_edges,0,
metric,"round_86",rejected_conflicts,2,
metric,"round_86",repartitioned,0,
metric,"round_87",interior_edge_fraction,0.989931,
metric,"round_87",boundary_edge_fraction,0.0100687,
metric,"round_87",partition_load_imbalance,1,
metric,"round_87",local_queue_size,194079,
metric,"round_87",boundary_queue_size,1974,
metric,"round_87",accepted_local_collapses,64,
metric,"round_87",accepted_boundary_collapses,16,
metric,"round_87",skipped_boundary_edges,0,
metric,"round_87",rejected_conflicts,3,
metric,"round_87",repartitioned,0,
metric,"round_88",interior_edge_fraction,0.984577,
metric,"round_88",boundary_edge_fraction,0.0154229,
metric,"round_88",partition_load_imbalance,1,
metric,"round_88",local_queue_size,192793,
metric,"round_88",boundary_queue_size,3020,
metric,"round_88",accepted_local_collapses,64,
metric,"round_88",accepted_boundary_collapses,16,
metric,"round_88",skipped_boundary_edges,0,
metric,"round_88",rejected_conflicts,1,
metric,"round_88",repartitioned,0,
metric,"round_89",interior_edge_fraction,0.979312,
metric,"round_89",boundary_edge_fraction,0.0206879,
metric,"round_89",partition_load_imbalance,1,
metric,"round_89",local_queue_size,191527,
metric,"round_89",boundary_queue_size,4046,
metric,"round_89",accepted_local_collapses,64,
metric,"round_89",accepted_boundary_collapses,16,
metric,"round_89",skipped_boundary_edges,0,
metric,"round_89",rejected_conflicts,3,
metric,"round_89",repartitioned,0,
metric,"round_90",interior_edge_fraction,1,
metric,"round_90",boundary_edge_fraction,0,
metric,"round_90",partition_load_imbalance,1,
metric,"round_90",local_queue_size,195333,
metric,"round_90",boundary_queue_size,0,
metric,"round_90",accepted_local_collapses,64,
metric,"round_90",accepted_boundary_collapses,0,
metric,"round_90",skipped_boundary_edges,0,
metric,"round_90",rejected_conflicts,0,
metric,"round_90",repartitioned,1,
metric,"round_91",interior_edge_fraction,0.995255,
metric,"round_91",boundary_edge_fraction,0.00474529,
metric,"round_91",partition_load_imbalance,1,
metric,"round_91",local_queue_size,194215,
metric,"round_91",boundary_queue_size,926,
metric,"round_91",accepted_local_collapses,64,
metric,"round_91",accepted_boundary_collapses,16,
metric,"round_91",skipped_boundary_edges,0,
metric,"round_91",rejected_conflicts,4,
metric,"round_91",repartitioned,0,
metric,"round_92",interior_edge_fraction,0.989933,
metric,"round_92",boundary_edge_fraction,0.0100666,
metric,"round_92",partition_load_imbalance,1,
metric,"round_92",local_queue_size,192939,
metric,"round_92",boundary_queue_size,1962,
metric,"round_92",accepted_local_collapses,64,
metric,"round_92",accepted_boundary_collapses,16,
metric,"round_92",skipped_boundary_edges,0,
metric,"round_92",rejected_conflicts,2,
metric,"round_92",repartitioned,0,
metric,"round_93",interior_edge_fraction,0.984599,
metric,"round_93",boundary_edge_fraction,0.0154011,
metric,"round_93",partition_load_imbalance,1,
metric,"round_93",local_queue_size,191663,
metric,"round_93",boundary_queue_size,2998,
metric,"round_93",accepted_local_collapses,64,
metric,"round_93",accepted_boundary_collapses,16,
metric,"round_93",skipped_boundary_edges,0,
metric,"round_93",rejected_conflicts,4,
metric,"round_93",repartitioned,0,
metric,"round_94",interior_edge_fraction,0.979349,
metric,"round_94",boundary_edge_fraction,0.0206511,
metric,"round_94",partition_load_imbalance,1,
metric,"round_94",local_queue_size,190406,
metric,"round_94",boundary_queue_size,4015,
metric,"round_94",accepted_local_collapses,64,
metric,"round_94",accepted_boundary_collapses,16,
metric,"round_94",skipped_boundary_edges,0,
metric,"round_94",rejected_conflicts,4,
metric,"round_94",repartitioned,0,
metric,"round_95",interior_edge_fraction,1,
metric,"round_95",boundary_edge_fraction,0,
metric,"round_95",partition_load_imbalance,1,
metric,"round_95",local_queue_size,194181,
metric,"round_95",boundary_queue_size,0,
metric,"round_95",accepted_local_collapses,64,
metric,"round_95",accepted_boundary_collapses,0,
metric,"round_95",skipped_boundary_edges,0,
metric,"round_95",rejected_conflicts,1,
metric,"round_95",repartitioned,1,
metric,"round_96",interior_edge_fraction,0.995144,
metric,"round_96",boundary_edge_fraction,0.00485595,
metric,"round_96",partition_load_imbalance,1,
metric,"round_96",local_queue_size,193047,
metric,"round_96",boundary_queue_size,942,
metric,"round_96",accepted_local_collapses,64,
metric,"round_96",accepted_boundary_collapses,16,
metric,"round_96",skipped_boundary_edges,0,
metric,"round_96",rejected_conflicts,8,
metric,"round_96",repartitioned,0,
metric,"round_97",interior_edge_fraction,0.989796,
metric,"round_97",boundary_edge_fraction,0.0102039,
metric,"round_97",partition_load_imbalance,1,
metric,"round_97",local_queue_size,191772,
metric,"round_97",boundary_queue_size,1977,
metric,"round_97",accepted_local_collapses,64,
metric,"round_97",accepted_boundary_collapses,16,
metric,"round_97",skipped_boundary_edges,0,
metric,"round_97",rejected_conflicts,4,
metric,"round_97",repartitioned,0,
metric,"round_98",interior_edge_fraction,0.984419,
metric,"round_98",boundary_edge_fraction,0.0155807,
metric,"round_98",partition_load_imbalance,1,
metric,"round_98",local_queue_size,190494,
metric,"round_98",boundary_queue_size,3015,
metric,"round_98",accepted_local_collapses,64,
metric,"round_98",accepted_boundary_collapses,16,
metric,"round_98",skipped_boundary_edges,0,
metric,"round_98",rejected_conflicts,2,
metric,"round_98",repartitioned,0,
metric,"round_99",interior_edge_fraction,0.979091,
metric,"round_99",boundary_edge_fraction,0.0209087,
metric,"round_99",partition_load_imbalance,1,
metric,"round_99",local_queue_size,189228,
metric,"round_99",boundary_queue_size,4041,
metric,"round_99",accepted_local_collapses,64,
metric,"round_99",accepted_boundary_collapses,16,
metric,"round_99",skipped_boundary_edges,0,
metric,"round_99",rejected_conflicts,5,
metric,"round_99",repartitioned,0,
metric,"round_100",interior_edge_fraction,1,
metric,"round_100",boundary_edge_fraction,0,
metric,"round_100",partition_load_imbalance,1,
metric,"round_100",local_queue_size,193029,
metric,"round_100",boundary_queue_size,0,
metric,"round_100",accepted_local_collapses,64,
metric,"round_100",accepted_boundary_collapses,0,
metric,"round_100",skipped_boundary_edges,0,
metric,"round_100",rejected_conflicts,1,
metric,"round_100",repartitioned,1,
metric,"round_101",interior_edge_fraction,0.99524,
metric,"round_101",boundary_edge_fraction,0.0047605,
metric,"round_101",partition_load_imbalance,1,
metric,"round_101",local_queue_size,191919,
metric,"round_101",boundary_queue_size,918,
metric,"round_101",accepted_local_collapses,64,
metric,"round_101",accepted_boundary_collapses,16,
metric,"round_101",skipped_boundary_edges,0,
metric,"round_101",rejected_conflicts,2,
metric,"round_101",repartitioned,0,
metric,"round_102",interior_edge_fraction,0.989725,
metric,"round_102",boundary_edge_fraction,0.0102753,
metric,"round_102",partition_load_imbalance,1,
metric,"round_102",local_queue_size,190618,
metric,"round_102",boundary_queue_size,1979,
metric,"round_102",accepted_local_collapses,64,
metric,"round_102",accepted_boundary_collapses,16,
metric,"round_102",skipped_boundary_edges,0,
metric,"round_102",rejected_conflicts,3,
metric,"round_102",repartitioned,0,
metric,"round_103",interior_edge_fraction,0.984222,
metric,"round_103",boundary_edge_fraction,0.015778,
metric,"round_103",partition_load_imbalance,1,
metric,"round_103",local_queue_size,189322,
metric,"round_103",boundary_queue_size,3035,
metric,"round_103",accepted_local_collapses,64,
metric,"round_103",accepted_boundary_collapses,16,
metric,"round_103",skipped_boundary_edges,0,
metric,"round_103",rejected_conflicts,3,
metric,"round_103",repartitioned,0,
metric,"round_104",interior_edge_fraction,0.97893,
metric,"round_104",boundary_edge_fraction,0.0210705,
metric,"round_104",partition_load_imbalance,1,
metric,"round_104",local_queue_size,188069,
metric,"round_104",boundary_queue_size,4048,
metric,"round_104",accepted_local_collapses,64,
metric,"round_104",accepted_boundary_collapses,16,
metric,"round_104",skipped_boundary_edges,0,
metric,"round_104",rejected_conflicts,2,
metric,"round_104",repartitioned,0,
metric,"round_105",interior_edge_fraction,1,
metric,"round_105",boundary_edge_fraction,0,
metric,"round_105",partition_load_imbalance,1,
metric,"round_105",local_queue_size,191877,
metric,"round_105",boundary_queue_size,0,
metric,"round_105",accepted_local_collapses,64,
metric,"round_105",accepted_boundary_collapses,0,
metric,"round_105",skipped_boundary_edges,0,
metric,"round_105",rejected_conflicts,0,
metric,"round_105",repartitioned,1,
metric,"round_106",interior_edge_fraction,0.995018,
metric,"round_106",boundary_edge_fraction,0.00498213,
metric,"round_106",partition_load_imbalance,1,
metric,"round_106",local_queue_size,190730,
metric,"round_106",boundary_queue_size,955,
metric,"round_106",accepted_local_collapses,64,
metric,"round_106",accepted_boundary_collapses,16,
metric,"round_106",skipped_boundary_edges,0,
metric,"round_106",rejected_conflicts,2,
metric,"round_106",repartitioned,0,
metric,"round_107",interior_edge_fraction,0.989626,
metric,"round_107",boundary_edge_fraction,0.0103737,
metric,"round_107",partition_load_imbalance,1,
metric,"round_107",local_queue_size,189459,
metric,"round_107",boundary_queue_size,1986,
metric,"round_107",accepted_local_collapses,64,
metric,"round_107",accepted_boundary_collapses,16,
metric,"round_107",skipped_boundary_edges,0,
metric,"round_107",rejected_conflicts,5,
metric,"round_107",repartitioned,0,
metric,"round_108",interior_edge_fraction,0.984216,
metric,"round_108",boundary_edge_fraction,0.0157841,
metric,"round_108",partition_load_imbalance,1,
metric,"round_108",local_queue_size,188187,
metric,"round_108",boundary_queue_size,3018,
metric,"round_108",accepted_local_collapses,64,
metric,"round_108",accepted_boundary_collapses,16,
metric,"round_108",skipped_boundary_edges,0,
metric,"round_108",rejected_conflicts,4,
metric,"round_108",repartitioned,0,
metric,"round_109",interior_edge_fraction,0.978776,
metric,"round_109",boundary_edge_fraction,0.0212238,
metric,"round_109",partition_load_imbalance,1,
metric,"round_109",local_queue_size,186912,
metric,"round_109",boundary_queue_size,4053,
metric,"round_109",accepted_local_collapses,64,
metric,"round_109",accepted_boundary_collapses,16,
metric,"round_109",skipped_boundary_edges,0,
metric,"round_109",rejected_conflicts,1,
metric,"round_109",repartitioned,0,
metric,"round_110",interior_edge_fraction,1,
metric,"round_110",boundary_edge_fraction,0,
metric,"round_110",partition_load_imbalance,1,
metric,"round_110",local_queue_size,190725,
metric,"round_110",boundary_queue_size,0,
metric,"round_110",accepted_local_collapses,64,
metric,"round_110",accepted_boundary_collapses,0,
metric,"round_110",skipped_boundary_edges,0,
metric,"round_110",rejected_conflicts,1,
metric,"round_110",repartitioned,1,
metric,"round_111",interior_edge_fraction,0.995108,
metric,"round_111",boundary_edge_fraction,0.00489154,
metric,"round_111",partition_load_imbalance,1,
metric,"round_111",local_queue_size,189601,
metric,"round_111",boundary_queue_size,932,
metric,"round_111",accepted_local_collapses,64,
metric,"round_111",accepted_boundary_collapses,16,
metric,"round_111",skipped_boundary_edges,0,
metric,"round_111",rejected_conflicts,2,
metric,"round_111",repartitioned,0,
metric,"round_112",interior_edge_fraction,0.989737,
metric,"round_112",boundary_edge_fraction,0.0102631,
metric,"round_112",partition_load_imbalance,1,
metric,"round_112",local_queue_size,188340,
metric,"round_112",boundary_queue_size,1953,
metric,"round_112",accepted_local_collapses,64,
metric,"round_112",accepted_boundary_collapses,16,
metric,"round_112",skipped_boundary_edges,0,
metric,"round_112",rejected_conflicts,2,
metric,"round_112",repartitioned,0,
metric,"round_113",interior_edge_fraction,0.984336,
metric,"round_113",boundary_edge_fraction,0.0156641,
metric,"round_113",partition_load_imbalance,1,
metric,"round_113",local_queue_size,187076,
metric,"round_113",boundary_queue_size,2977,
metric,"round_113",accepted_local_collapses,64,
metric,"round_113",accepted_boundary_collapses,16,
metric,"round_113",skipped_boundary_edges,0,
metric,"round_113",rejected_conflicts,3,
metric,"round_113",repartitioned,0,
metric,"round_114",interior_edge_fraction,0.978958,
metric,"round_114",boundary_edge_fraction,0.0210418,
metric,"round_114",partition_load_imbalance,1,
metric,"round_114",local_queue_size,185819,
metric,"round_114",boundary_queue_size,3994,
metric,"round_114",accepted_local_collapses,64,
metric,"round_114",accepted_boundary_collapses,16,
metric,"round_114",skipped_boundary_edges,0,
metric,"round_114",rejected_conflicts,3,
metric,"round_114",repartitioned,0,
metric,"round_115",interior_edge_fraction,1,
metric,"round_115",boundary_edge_fraction,0,
metric,"round_115",partition_load_imbalance,1,
metric,"round_115",local_queue_size,189573,
metric,"round_115",boundary_queue_size,0,
metric,"round_115",accepted_local_collapses,64,
metric,"round_115",accepted_boundary_collapses,0,
metric,"round_115",skipped_boundary_edges,0,
metric,"round_115",rejected_conflicts,0,
metric,"round_115",repartitioned,1,
metric,"round_116",interior_edge_fraction,0.995295,
metric,"round_116",boundary_edge_fraction,0.0047048,
metric,"round_116",partition_load_imbalance,1,
metric,"round_116",local_queue_size,188490,
metric,"round_116",boundary_queue_size,891,
metric,"round_116",accepted_local_collapses,64,
metric,"round_116",accepted_boundary_collapses,16,
metric,"round_116",skipped_boundary_edges,0,
metric,"round_116",rejected_conflicts,2,
metric,"round_116",repartitioned,0,
metric,"round_117",interior_edge_fraction,0.989896,
metric,"round_117",boundary_edge_fraction,0.0101036,
metric,"round_117",partition_load_imbalance,1,
metric,"round_117",local_queue_size,187230,
metric,"round_117",boundary_queue_size,1911,
metric,"round_117",accepted_local_collapses,64,
metric,"round_117",accepted_boundary_collapses,16,
metric,"round_117",skipped_boundary_edges,0,
metric,"round_117",rejected_conflicts,1,
metric,"round_117",repartitioned,0,
metric,"round_118",interior_edge_fraction,0.984442,
metric,"round_118",boundary_edge_fraction,0.0155584,
metric,"round_118",partition_load_imbalance,1,
metric,"round_118",local_queue_size,185962,
metric,"round_118",boundary_queue_size,2939,
metric,"round_118",accepted_local_collapses,64,
metric,"round_118",accepted_boundary_collapses,16,
metric,"round_118",skipped_boundary_edges,0,
metric,"round_118",rejected_conflicts,3,
metric,"round_118",repartitioned,0,
metric,"round_119",interior_edge_fraction,0.978989,
metric,"round_119",boundary_edge_fraction,0.0210112,
metric,"round_119",partition_load_imbalance,1,
metric,"round_119",local_queue_size,184697,
metric,"round_119",boundary_queue_size,3964,
metric,"round_119",accepted_local_collapses,64,
metric,"round_119",accepted_boundary_collapses,16,
metric,"round_119",skipped_boundary_edges,0,
metric,"round_119",rejected_conflicts,1,
metric,"round_119",repartitioned,0,
metric,"round_120",interior_edge_fraction,1,
metric,"round_120",boundary_edge_fraction,0,
metric,"round_120",partition_load_imbalance,1,
metric,"round_120",local_queue_size,188421,
metric,"round_120",boundary_queue_size,0,
metric,"round_120",accepted_local_collapses,64,
metric,"round_120",accepted_boundary_collapses,0,
metric,"round_120",skipped_boundary_edges,0,
metric,"round_120",rejected_conflicts,0,
metric,"round_120",repartitioned,1,
metric,"round_121",interior_edge_fraction,0.995038,
metric,"round_121",boundary_edge_fraction,0.00496204,
metric,"round_121",partition_load_imbalance,1,
metric,"round_121",local_queue_size,187295,
metric,"round_121",boundary_queue_size,934,
metric,"round_121",accepted_local_collapses,64,
metric,"round_121",accepted_boundary_collapses,16,
metric,"round_121",skipped_boundary_edges,0,
metric,"round_121",rejected_conflicts,7,
metric,"round_121",repartitioned,0,
metric,"round_122",interior_edge_fraction,0.989638,
metric,"round_122",boundary_edge_fraction,0.0103623,
metric,"round_122",partition_load_imbalance,1,
metric,"round_122",local_queue_size,186041,
metric,"round_122",boundary_queue_size,1948,
metric,"round_122",accepted_local_collapses,64,
metric,"round_122",accepted_boundary_collapses,16,
metric,"round_122",skipped_boundary_edges,0,
metric,"round_122",rejected_conflicts,0,
metric,"round_122",repartitioned,0,
metric,"round_123",interior_edge_fraction,0.98425,
metric,"round_123",boundary_edge_fraction,0.0157498,
metric,"round_123",partition_load_imbalance,1,
metric,"round_123",local_queue_size,184792,
metric,"round_123",boundary_queue_size,2957,
metric,"round_123",accepted_local_collapses,64,
metric,"round_123",accepted_boundary_collapses,16,
metric,"round_123",skipped_boundary_edges,0,
metric,"round_123",rejected_conflicts,3,
metric,"round_123",repartitioned,0,
metric,"round_124",interior_edge_fraction,0.97894,
metric,"round_124",boundary_edge_fraction,0.0210603,
metric,"round_124",partition_load_imbalance,1,
metric,"round_124",local_queue_size,183560,
metric,"round_124",boundary_queue_size,3949,
metric,"round_124",accepted_local_collapses,64,
metric,"round_124",accepted_boundary_collapses,16,
metric,"round_124",skipped_boundary_edges,0,
metric,"round_124",rejected_conflicts,1,
metric,"round_124",repartitioned,0,
metric,"round_125",interior_edge_fraction,1,
metric,"round_125",boundary_edge_fraction,0,
metric,"round_125",partition_load_imbalance,1,
metric,"round_125",local_queue_size,187269,
metric,"round_125",boundary_queue_size,0,
metric,"round_125",accepted_local_collapses,64,
metric,"round_125",accepted_boundary_collapses,0,
metric,"round_125",skipped_boundary_edges,0,
metric,"round_125",rejected_conflicts,2,
metric,"round_125",repartitioned,1,
metric,"round_126",interior_edge_fraction,0.995023,
metric,"round_126",boundary_edge_fraction,0.00497656,
metric,"round_126",partition_load_imbalance,1,
metric,"round_126",local_queue_size,186146,
metric,"round_126",boundary_queue_size,931,
metric,"round_126",accepted_local_collapses,64,
metric,"round_126",accepted_boundary_collapses,16,
metric,"round_126",skipped_boundary_edges,0,
metric,"round_126",rejected_conflicts,3,
metric,"round_126",repartitioned,0,
metric,"round_127",interior_edge_fraction,0.98951,
metric,"round_127",boundary_edge_fraction,0.0104904,
metric,"round_127",partition_load_imbalance,1,
metric,"round_127",local_queue_size,184877,
metric,"round_127",boundary_queue_size,1960,
metric,"round_127",accepted_local_collapses,64,
metric,"round_127",accepted_boundary_collapses,16,
metric,"round_127",skipped_boundary_edges,0,
metric,"round_127",rejected_conflicts,3,
metric,"round_127",repartitioned,0,
metric,"round_128",interior_edge_fraction,0.983901,
metric,"round_128",boundary_edge_fraction,0.0160989,
metric,"round_128",partition_load_imbalance,1,
metric,"round_128",local_queue_size,183593,
metric,"round_128",boundary_queue_size,3004,
metric,"round_128",accepted_local_collapses,64,
metric,"round_128",accepted_boundary_collapses,16,
metric,"round_128",skipped_boundary_edges,0,
metric,"round_128",rejected_conflicts,6,
metric,"round_128",repartitioned,0,
metric,"round_129",interior_edge_fraction,0.978573,
metric,"round_129",boundary_edge_fraction,0.0214266,
metric,"round_129",partition_load_imbalance,1,
metric,"round_129",local_queue_size,182364,
metric,"round_129",boundary_queue_size,3993,
metric,"round_129",accepted_local_collapses,64,
metric,"round_129",accepted_boundary_collapses,16,
metric,"round_129",skipped_boundary_edges,0,
metric,"round_129",rejected_conflicts,0,
metric,"round_129",repartitioned,0,
metric,"round_130",interior_edge_fraction,1,
metric,"round_130",boundary_edge_fraction,0,
metric,"round_130",partition_load_imbalance,1,
metric,"round_130",local_queue_size,186117,
metric,"round_130",boundary_queue_size,0,
metric,"round_130",accepted_local_collapses,64,
metric,"round_130",accepted_boundary_collapses,0,
metric,"round_130",skipped_boundary_edges,0,
metric,"round_130",rejected_conflicts,0,
metric,"round_130",repartitioned,1,
metric,"round_131",interior_edge_fraction,0.994987,
metric,"round_131",boundary_edge_fraction,0.00501277,
metric,"round_131",partition_load_imbalance,1,
metric,"round_131",local_queue_size,184993,
metric,"round_131",boundary_queue_size,932,
metric,"round_131",accepted_local_collapses,64,
metric,"round_131",accepted_boundary_collapses,16,
metric,"round_131",skipped_boundary_edges,0,
metric,"round_131",rejected_conflicts,9,
metric,"round_131",repartitioned,0,
metric,"round_132",interior_edge_fraction,0.989369,
metric,"round_132",boundary_edge_fraction,0.0106309,
metric,"round_132",partition_load_imbalance,1,
metric,"round_132",local_queue_size,183711,
metric,"round_132",boundary_queue_size,1974,
metric,"round_132",accepted_local_collapses,64,
metric,"round_132",accepted_boundary_collapses,16,
metric,"round_132",skipped_boundary_edges,0,
metric,"round_132",rejected_conflicts,3,
metric,"round_132",repartitioned,0,
metric,"round_133",interior_edge_fraction,0.983882,
metric,"round_133",boundary_edge_fraction,0.016118,
metric,"round_133",partition_load_imbalance,1,
metric,"round_133",local_queue_size,182456,
metric,"round_133",boundary_queue_size,2989,
metric,"round_133",accepted_local_collapses,64,
metric,"round_133",accepted_boundary_collapses,16,
metric,"round_133",skipped_boundary_edges,0,
metric,"round_133",rejected_conflicts,0,
metric,"round_133",repartitioned,0,
metric,"round_134",interior_edge_fraction,0.978446,
metric,"round_134",boundary_edge_fraction,0.0215545,
metric,"round_134",partition_load_imbalance,1,
metric,"round_134",local_queue_size,181213,
metric,"round_134",boundary_queue_size,3992,
metric,"round_134",accepted_local_collapses,64,
metric,"round_134",accepted_boundary_collapses,16,
metric,"round_134",skipped_boundary_edges,0,
metric,"round_134",rejected_conflicts,2,
metric,"round_134",repartitioned,0,
metric,"round_135",interior_edge_fraction,1,
metric,"round_135",boundary_edge_fraction,0,
metric,"round_135",partition_load_imbalance,1,
metric,"round_135",local_queue_size,184965,
metric,"round_135",boundary_queue_size,0,
metric,"round_135",accepted_local_collapses,64,
metric,"round_135",accepted_boundary_collapses,0,
metric,"round_135",skipped_boundary_edges,0,
metric,"round_135",rejected_conflicts,1,
metric,"round_135",repartitioned,1,
metric,"round_136",interior_edge_fraction,0.994902,
metric,"round_136",boundary_edge_fraction,0.00509815,
metric,"round_136",partition_load_imbalance,1,
metric,"round_136",local_queue_size,183831,
metric,"round_136",boundary_queue_size,942,
metric,"round_136",accepted_local_collapses,64,
metric,"round_136",accepted_boundary_collapses,16,
metric,"round_136",skipped_boundary_edges,0,
metric,"round_136",rejected_conflicts,3,
metric,"round_136",repartitioned,0,
metric,"round_137",interior_edge_fraction,0.989601,
metric,"round_137",boundary_edge_fraction,0.0103992,
metric,"round_137",partition_load_imbalance,1,
metric,"round_137",local_queue_size,182614,
metric,"round_137",boundary_queue_size,1919,
metric,"round_137",accepted_local_collapses,64,
metric,"round_137",accepted_boundary_collapses,16,
metric,"round_137",skipped_boundary_edges,0,
metric,"round_137",rejected_conflicts,3,
metric,"round_137",repartitioned,0,
metric,"round_138",interior_edge_fraction,0.984025,
metric,"round_138",boundary_edge_fraction,0.0159746,
metric,"round_138",partition_load_imbalance,1,
metric,"round_138",local_queue_size,181349,
metric,"round_138",boundary_queue_size,2944,
metric,"round_138",accepted_local_collapses,64,
metric,"round_138",accepted_boundary_collapses,16,
metric,"round_138",skipped_boundary_edges,0,
metric,"round_138",rejected_conflicts,2,
metric,"round_138",repartitioned,0,
metric,"round_139",interior_edge_fraction,0.978512,
metric,"round_139",boundary_edge_fraction,0.0214884,
metric,"round_139",partition_load_imbalance,1,
metric,"round_139",local_queue_size,180098,
metric,"round_139",boundary_queue_size,3955,
metric,"round_139",accepted_local_collapses,64,
metric,"round_139",accepted_boundary_collapses,16,
metric,"round_139",skipped_boundary_edges,0,
metric,"round_139",rejected_conflicts,0,
metric,"round_139",repartitioned,0,
metric,"round_140",interior_edge_fraction,1,
metric,"round_140",boundary_edge_fraction,0,
metric,"round_140",partition_load_imbalance,1,
metric,"round_140",local_queue_size,183813,
metric,"round_140",boundary_queue_size,0,
metric,"round_140",accepted_local_collapses,64,
metric,"round_140",accepted_boundary_collapses,0,
metric,"round_140",skipped_boundary_edges,0,
metric,"round_140",rejected_conflicts,1,
metric,"round_140",repartitioned,1,
metric,"round_141",interior_edge_fraction,0.994979,
metric,"round_141",boundary_edge_fraction,0.00502121,
metric,"round_141",partition_load_imbalance,1,
metric,"round_141",local_queue_size,182699,
metric,"round_141",boundary_queue_size,922,
metric,"round_141",accepted_local_collapses,64,
metric,"round_141",accepted_boundary_collapses,16,
metric,"round_141",skipped_boundary_edges,0,
metric,"round_141",rejected_conflicts,9,
metric,"round_141",repartitioned,0,
metric,"round_142",interior_edge_fraction,0.989432,
metric,"round_142",boundary_edge_fraction,0.0105682,
metric,"round_142",partition_load_imbalance,1,
metric,"round_142",local_queue_size,181443,
metric,"round_142",boundary_queue_size,1938,
metric,"round_142",accepted_local_collapses,64,
metric,"round_142",accepted_boundary_collapses,16,
metric,"round_142",skipped_boundary_edges,0,
metric,"round_142",rejected_conflicts,2,
metric,"round_142",repartitioned,0,
metric,"round_143",interior_edge_fraction,0.983767,
metric,"round_143",boundary_edge_fraction,0.0162334,
metric,"round_143",partition_load_imbalance,1,
metric,"round_143",local_queue_size,180168,
metric,"round_143",boundary_queue_size,2973,
metric,"round_143",accepted_local_collapses,64,
metric,"round_143",accepted_boundary_collapses,16,
metric,"round_143",skipped_boundary_edges,0,
metric,"round_143",rejected_conflicts,2,
metric,"round_143",repartitioned,0,
metric,"round_144",interior_edge_fraction,0.97801,
metric,"round_144",boundary_edge_fraction,0.02199,
metric,"round_144",partition_load_imbalance,1,
metric,"round_144",local_queue_size,178879,
metric,"round_144",boundary_queue_size,4022,
metric,"round_144",accepted_local_collapses,64,
metric,"round_144",accepted_boundary_collapses,16,
metric,"round_144",skipped_boundary_edges,0,
metric,"round_144",rejected_conflicts,1,
metric,"round_144",repartitioned,0,
metric,"round_145",interior_edge_fraction,1,
metric,"round_145",boundary_edge_fraction,0,
metric,"round_145",partition_load_imbalance,1,
metric,"round_145",local_queue_size,182661,
metric,"round_145",boundary_queue_size,0,
metric,"round_145",accepted_local_collapses,64,
metric,"round_145",accepted_boundary_collapses,0,
metric,"round_145",skipped_boundary_edges,0,
metric,"round_145",rejected_conflicts,1,
metric,"round_145",repartitioned,1,
metric,"round_146",interior_edge_fraction,0.994816,
metric,"round_146",boundary_edge_fraction,0.00518444,
metric,"round_146",partition_load_imbalance,1,
metric,"round_146",local_queue_size,181523,
metric,"round_146",boundary_queue_size,946,
metric,"round_146",accepted_local_collapses,64,
metric,"round_146",accepted_boundary_collapses,16,
metric,"round_146",skipped_boundary_edges,0,
metric,"round_146",rejected_conflicts,9,
metric,"round_146",repartitioned,0,
metric,"round_147",interior_edge_fraction,0.989036,
metric,"round_147",boundary_edge_fraction,0.0109642,
metric,"round_147",partition_load_imbalance,1,
metric,"round_147",local_queue_size,180231,
metric,"round_147",boundary_queue_size,1998,
metric,"round_147",accepted_local_collapses,64,
metric,"round_147",accepted_boundary_collapses,16,
metric,"round_147",skipped_boundary_edges,0,
metric,"round_147",rejected_conflicts,6,
metric,"round_147",repartitioned,0,
metric,"round_148",interior_edge_fraction,0.983345,
metric,"round_148",boundary_edge_fraction,0.0166549,
metric,"round_148",partition_load_imbalance,1,
metric,"round_148",local_queue_size,178958,
metric,"round_148",boundary_queue_size,3031,
metric,"round_148",accepted_local_collapses,64,
metric,"round_148",accepted_boundary_collapses,16,
metric,"round_148",skipped_boundary_edges,0,
metric,"round_148",rejected_conflicts,1,
metric,"round_148",repartitioned,0,
metric,"round_149",interior_edge_fraction,1,
metric,"round_149",boundary_edge_fraction,0,
metric,"round_149",partition_load_imbalance,1,
metric,"round_149",local_queue_size,181749,
metric,"round_149",boundary_queue_size,0,
metric,"round_149",accepted_local_collapses,64,
metric,"round_149",accepted_boundary_collapses,0,
metric,"round_149",skipped_boundary_edges,0,
metric,"round_149",rejected_conflicts,0,
metric,"round_149",repartitioned,1,
metric,"round_150",interior_edge_fraction,0.994999,
metric,"round_150",boundary_edge_fraction,0.00500118,
metric,"round_150",partition_load_imbalance,1,
metric,"round_150",local_queue_size,180649,
metric,"round_150",boundary_queue_size,908,
metric,"round_150",accepted_local_collapses,64,
metric,"round_150",accepted_boundary_collapses,16,
metric,"round_150",skipped_boundary_edges,0,
metric,"round_150",rejected_conflicts,3,
metric,"round_150",repartitioned,0,
metric,"round_151",interior_edge_fraction,0.989289,
metric,"round_151",boundary_edge_fraction,0.0107105,
metric,"round_151",partition_load_imbalance,1,
metric,"round_151",local_queue_size,179375,
metric,"round_151",boundary_queue_size,1942,
metric,"round_151",accepted_local_collapses,64,
metric,"round_151",accepted_boundary_collapses,16,
metric,"round_151",skipped_boundary_edges,0,
metric,"round_151",rejected_conflicts,4,
metric,"round_151",repartitioned,0,
metric,"round_152",interior_edge_fraction,0.983593,
metric,"round_152",boundary_edge_fraction,0.0164074,
metric,"round_152",partition_load_imbalance,1,
metric,"round_152",local_queue_size,178106,
metric,"round_152",boundary_queue_size,2971,
metric,"round_152",accepted_local_collapses,64,
metric,"round_152",accepted_boundary_collapses,16,
metric,"round_152",skipped_boundary_edges,0,
metric,"round_152",rejected_conflicts,4,
metric,"round_152",repartitioned,0,
metric,"round_153",interior_edge_fraction,1,
metric,"round_153",boundary_edge_fraction,0,
metric,"round_153",partition_load_imbalance,1,
metric,"round_153",local_queue_size,180837,
metric,"round_153",boundary_queue_size,0,
metric,"round_153",accepted_local_collapses,64,
metric,"round_153",accepted_boundary_collapses,0,
metric,"round_153",skipped_boundary_edges,0,
metric,"round_153",rejected_conflicts,1,
metric,"round_153",repartitioned,1,
metric,"round_154",interior_edge_fraction,0.994985,
metric,"round_154",boundary_edge_fraction,0.00501536,
metric,"round_154",partition_load_imbalance,1,
metric,"round_154",local_queue_size,179739,
metric,"round_154",boundary_queue_size,906,
metric,"round_154",accepted_local_collapses,64,
metric,"round_154",accepted_boundary_collapses,16,
metric,"round_154",skipped_boundary_edges,0,
metric,"round_154",rejected_conflicts,2,
metric,"round_154",repartitioned,0,
metric,"round_155",interior_edge_fraction,0.989113,
metric,"round_155",boundary_edge_fraction,0.0108866,
metric,"round_155",partition_load_imbalance,1,
metric,"round_155",local_queue_size,178441,
metric,"round_155",boundary_queue_size,1964,
metric,"round_155",accepted_local_collapses,64,
metric,"round_155",accepted_boundary_collapses,16,
metric,"round_155",skipped_boundary_edges,0,
metric,"round_155",rejected_conflicts,1,
metric,"round_155",repartitioned,0,
metric,"round_156",interior_edge_fraction,0.983609,
metric,"round_156",boundary_edge_fraction,0.0163905,
metric,"round_156",partition_load_imbalance,1,
metric,"round_156",local_queue_size,177212,
metric,"round_156",boundary_queue_size,2953,
metric,"round_156",accepted_local_collapses,64,
metric,"round_156",accepted_boundary_collapses,16,
metric,"round_156",skipped_boundary_edges,0,
metric,"round_156",rejected_conflicts,2,
metric,"round_156",repartitioned,0,
metric,"round_157",interior_edge_fraction,1,
metric,"round_157",boundary_edge_fraction,0,
metric,"round_157",partition_load_imbalance,1,
metric,"round_157",local_queue_size,179925,
metric,"round_157",boundary_queue_size,0,
metric,"round_157",accepted_local_collapses,64,
metric,"round_157",accepted_boundary_collapses,0,
metric,"round_157",skipped_boundary_edges,0,
metric,"round_157",rejected_conflicts,0,
metric,"round_157",repartitioned,1,
metric,"round_158",interior_edge_fraction,0.994881,
metric,"round_158",boundary_edge_fraction,0.0051187,
metric,"round_158",partition_load_imbalance,1,
metric,"round_158",local_queue_size,178813,
metric,"round_158",boundary_queue_size,920,
metric,"round_158",accepted_local_collapses,64,
metric,"round_158",accepted_boundary_collapses,16,
metric,"round_158",skipped_boundary_edges,0,
metric,"round_158",rejected_conflicts,5,
metric,"round_158",repartitioned,0,
metric,"round_159",interior_edge_fraction,0.989203,
metric,"round_159",boundary_edge_fraction,0.0107971,
metric,"round_159",partition_load_imbalance,1,
metric,"round_159",local_queue_size,177555,
metric,"round_159",boundary_queue_size,1938,
metric,"round_159",accepted_local_collapses,64,
metric,"round_159",accepted_boundary_collapses,16,
metric,"round_159",skipped_boundary_edges,0,
metric,"round_159",rejected_conflicts,4,
metric,"round_159",repartitioned,0,
metric,"round_160",interior_edge_fraction,0.983403,
metric,"round_160",boundary_edge_fraction,0.0165967,
metric,"round_160",partition_load_imbalance,1,
metric,"round_160",local_queue_size,176278,
metric,"round_160",boundary_queue_size,2975,
metric,"round_160",accepted_local_collapses,64,
metric,"round_160",accepted_boundary_collapses,16,
metric,"round_160",skipped_boundary_edges,0,
metric,"round_160",rejected_conflicts,5,
metric,"round_160",repartitioned,0,
metric,"round_161",interior_edge_fraction,1,
metric,"round_161",boundary_edge_fraction,0,
metric,"round_161",partition_load_imbalance,1,
metric,"round_161",local_queue_size,179013,
metric,"round_161",boundary_queue_size,0,
metric,"round_161",accepted_local_collapses,64,
metric,"round_161",accepted_boundary_collapses,0,
metric,"round_161",skipped_boundary_edges,0,
metric,"round_161",rejected_conflicts,1,
metric,"round_161",repartitioned,1,
metric,"round_162",interior_edge_fraction,0.994777,
metric,"round_162",boundary_edge_fraction,0.0052231,
metric,"round_162",partition_load_imbalance,1,
metric,"round_162",local_queue_size,177887,
metric,"round_162",boundary_queue_size,934,
metric,"round_162",accepted_local_collapses,64,
metric,"round_162",accepted_boundary_collapses,16,
metric,"round_162",skipped_boundary_edges,0,
metric,"round_162",rejected_conflicts,9,
metric,"round_162",repartitioned,0,
metric,"round_163",interior_edge_fraction,0.989232,
metric,"round_163",boundary_edge_fraction,0.0107682,
metric,"round_163",partition_load_imbalance,1,
metric,"round_163",local_queue_size,176658,
metric,"round_163",boundary_queue_size,1923,
metric,"round_163",accepted_local_collapses,64,
metric,"round_163",accepted_boundary_collapses,16,
metric,"round_163",skipped_boundary_edges,0,
metric,"round_163",rejected_conflicts,1,
metric,"round_163",repartitioned,0,
metric,"round_164",interior_edge_fraction,0.983694,
metric,"round_164",boundary_edge_fraction,0.0163058,
metric,"round_164",partition_load_imbalance,1,
metric,"round_164",local_queue_size,175433,
metric,"round_164",boundary_queue_size,2908,
metric,"round_164",accepted_local_collapses,64,
metric,"round_164",accepted_boundary_collapses,16,
metric,"round_164",skipped_boundary_edges,0,
metric,"round_164",rejected_conflicts,5,
metric,"round_164",repartitioned,0,
metric,"round_165",interior_edge_fraction,1,
metric,"round_165",boundary_edge_fraction,0,
metric,"round_165",partition_load_imbalance,1,
metric,"round_165",local_queue_size,178101,
metric,"round_165",boundary_queue_size,0,
metric,"round_165",accepted_local_collapses,64,
metric,"round_165",accepted_boundary_collapses,0,
metric,"round_165",skipped_boundary_edges,0,
metric,"round_165",rejected_conflicts,2,
metric,"round_165",repartitioned,1,
metric,"round_166",interior_edge_fraction,0.994728,
metric,"round_166",boundary_edge_fraction,0.00527236,
metric,"round_166",partition_load_imbalance,1,
metric,"round_166",local_queue_size,176971,
metric,"round_166",boundary_queue_size,938,
metric,"round_166",accepted_local_collapses,64,
metric,"round_166",accepted_boundary_collapses,16,
metric,"round_166",skipped_boundary_edges,0,
metric,"round_166",rejected_conflicts,10,
metric,"round_166",repartitioned,0,
metric,"round_167",interior_edge_fraction,0.988963,
metric,"round_167",boundary_edge_fraction,0.0110374,
metric,"round_167",partition_load_imbalance,1,
metric,"round_167",local_queue_size,175708,
metric,"round_167",boundary_queue_size,1961,
metric,"round_167",accepted_local_collapses,64,
metric,"round_167",accepted_boundary_collapses,16,
metric,"round_167",skipped_boundary_edges,0,
metric,"round_167",rejected_conflicts,3,
metric,"round_167",repartitioned,0,
metric,"round_168",interior_edge_fraction,0.983255,
metric,"round_168",boundary_edge_fraction,0.0167447,
metric,"round_168",partition_load_imbalance,1,
metric,"round_168",local_queue_size,174458,
metric,"round_168",boundary_queue_size,2971,
metric,"round_168",accepted_local_collapses,64,
metric,"round_168",accepted_boundary_collapses,16,
metric,"round_168",skipped_boundary_edges,0,
metric,"round_168",rejected_conflicts,5,
metric,"round_168",repartitioned,0,
metric,"round_169",interior_edge_fraction,1,
metric,"round_169",boundary_edge_fraction,0,
metric,"round_169",partition_load_imbalance,1,
metric,"round_169",local_queue_size,177189,
metric,"round_169",boundary_queue_size,0,
metric,"round_169",accepted_local_collapses,64,
metric,"round_169",accepted_boundary_collapses,0,
metric,"round_169",skipped_boundary_edges,0,
metric,"round_169",rejected_conflicts,2,
metric,"round_169",repartitioned,1,
metric,"round_170",interior_edge_fraction,0.994893,
metric,"round_170",boundary_edge_fraction,0.00510743,
metric,"round_170",partition_load_imbalance,1,
metric,"round_170",local_queue_size,176093,
metric,"round_170",boundary_queue_size,904,
metric,"round_170",accepted_local_collapses,64,
metric,"round_170",accepted_boundary_collapses,16,
metric,"round_170",skipped_boundary_edges,0,
metric,"round_170",rejected_conflicts,2,
metric,"round_170",repartitioned,0,
metric,"round_171",interior_edge_fraction,0.988979,
metric,"round_171",boundary_edge_fraction,0.0110208,
metric,"round_171",partition_load_imbalance,1,
metric,"round_171",local_queue_size,174809,
metric,"round_171",boundary_queue_size,1948,
metric,"round_171",accepted_local_collapses,64,
metric,"round_171",accepted_boundary_collapses,16,
metric,"round_171",skipped_boundary_edges,0,
metric,"round_171",rejected_conflicts,5,
metric,"round_171",repartitioned,0,
metric,"round_172",interior_edge_fraction,0.983356,
metric,"round_172",boundary_edge_fraction,0.0166443,
metric,"round_172",partition_load_imbalance,1,
metric,"round_172",local_queue_size,173579,
metric,"round_172",boundary_queue_size,2938,
metric,"round_172",accepted_local_collapses,64,
metric,"round_172",accepted_boundary_collapses,16,
metric,"round_172",skipped_boundary_edges,0,
metric,"round_172",rejected_conflicts,4,
metric,"round_172",repartitioned,0,
metric,"round_173",interior_edge_fraction,1,
metric,"round_173",boundary_edge_fraction,0,
metric,"round_173",partition_load_imbalance,1,
metric,"round_173",local_queue_size,176277,
metric,"round_173",boundary_queue_size,0,
metric,"round_173",accepted_local_collapses,64,
metric,"round_173",accepted_boundary_collapses,0,
metric,"round_173",skipped_boundary_edges,0,
metric,"round_173",rejected_conflicts,1,
metric,"round_173",repartitioned,1,
metric,"round_174",interior_edge_fraction,0.994787,
metric,"round_174",boundary_edge_fraction,0.00521339,
metric,"round_174",partition_load_imbalance,1,
metric,"round_174",local_queue_size,175167,
metric,"round_174",boundary_queue_size,918,
metric,"round_174",accepted_local_collapses,64,
metric,"round_174",accepted_boundary_collapses,16,
metric,"round_174",skipped_boundary_edges,0,
metric,"round_174",rejected_conflicts,3,
metric,"round_174",repartitioned,0,
metric,"round_175",interior_edge_fraction,0.988968,
metric,"round_175",boundary_edge_fraction,0.0110324,
metric,"round_175",partition_load_imbalance,1,
metric,"round_175",local_queue_size,173905,
metric,"round_175",boundary_queue_size,1940,
metric,"round_175",accepted_local_collapses,64,
metric,"round_175",accepted_boundary_collapses,16,
metric,"round_175",skipped_boundary_edges,0,
metric,"round_175",rejected_conflicts,1,
metric,"round_175",repartitioned,0,
metric,"round_176",interior_edge_fraction,0.983229,
metric,"round_176",boundary_edge_fraction,0.0167706,
metric,"round_176",partition_load_imbalance,1,
metric,"round_176",local_queue_size,172660,
metric,"round_176",boundary_queue_size,2945,
metric,"round_176",accepted_local_collapses,64,
metric,"round_176",accepted_boundary_collapses,16,
metric,"round_176",skipped_boundary_edges,0,
metric,"round_176",rejected_conflicts,2,
metric,"round_176",repartitioned,0,
metric,"round_177",interior_edge_fraction,1,
metric,"round_177",boundary_edge_fraction,0,
metric,"round_177",partition_load_imbalance,1,
metric,"round_177",local_queue_size,175365,
metric,"round_177",boundary_queue_size,0,
metric,"round_177",accepted_local_collapses,64,
metric,"round_177",accepted_boundary_collapses,0,
metric,"round_177",skipped_boundary_edges,0,
metric,"round_177",rejected_conflicts,1,
metric,"round_177",repartitioned,1,
metric,"round_178",interior_edge_fraction,0.99468,
metric,"round_178",boundary_edge_fraction,0.00532045,
metric,"round_178",partition_load_imbalance,1,
metric,"round_178",local_queue_size,174241,
metric,"round_178",boundary_queue_size,932,
metric,"round_178",accepted_local_collapses,64,
metric,"round_178",accepted_boundary_collapses,16,
metric,"round_178",skipped_boundary_edges,0,
metric,"round_178",rejected_conflicts,5,
metric,"round_178",repartitioned,0,
metric,"round_179",interior_edge_fraction,0.988819,
metric,"round_179",boundary_edge_fraction,0.0111814,
metric,"round_179",partition_load_imbalance,1,
metric,"round_179",local_queue_size,172977,
metric,"round_179",boundary_queue_size,1956,
metric,"round_179",accepted_local_collapses,64,
metric,"round_179",accepted_boundary_collapses,16,
metric,"round_179",skipped_boundary_edges,0,
metric,"round_179",rejected_conflicts,4,
metric,"round_179",repartitioned,0,
metric,"round_180",interior_edge_fraction,0.983062,
metric,"round_180",boundary_edge_fraction,0.0169383,
metric,"round_180",partition_load_imbalance,1,
metric,"round_180",local_queue_size,171734,
metric,"round_180",boundary_queue_size,2959,
metric,"round_180",accepted_local_collapses,64,
metric,"round_180",accepted_boundary_collapses,16,
metric,"round_180",skipped_boundary_edges,0,
metric,"round_180",rejected_conflicts,3,
metric,"round_180",repartitioned,0,
metric,"round_181",interior_edge_fraction,1,
metric,"round_181",boundary_edge_fraction,0,
metric,"round_181",partition_load_imbalance,1,
metric,"round_181",local_queue_size,174453,
metric,"round_181",boundary_queue_size,0,
metric,"round_181",accepted_local_collapses,64,
metric,"round_181",accepted_boundary_collapses,0,
metric,"round_181",skipped_boundary_edges,0,
metric,"round_181",rejected_conflicts,0,
metric,"round_181",repartitioned,1,
metric,"round_182",interior_edge_fraction,0.994766,
metric,"round_182",boundary_edge_fraction,0.00523353,
metric,"round_182",partition_load_imbalance,1,
metric,"round_182",local_queue_size,173349,
metric,"round_182",boundary_queue_size,912,
metric,"round_182",accepted_local_collapses,64,
metric,"round_182",accepted_boundary_collapses,16,
metric,"round_182",skipped_boundary_edges,0,
metric,"round_182",rejected_conflicts,3,
metric,"round_182",repartitioned,0,
metric,"round_183",interior_edge_fraction,0.988846,
metric,"round_183",boundary_edge_fraction,0.0111538,
metric,"round_183",partition_load_imbalance,1,
metric,"round_183",local_queue_size,172080,
metric,"round_183",boundary_queue_size,1941,
metric,"round_183",accepted_local_collapses,64,
metric,"round_183",accepted_boundary_collapses,16,
metric,"round_183",skipped_boundary_edges,0,
metric,"round_183",rejected_conflicts,5,
metric,"round_183",repartitioned,0,
metric,"round_184",interior_edge_fraction,0.982996,
metric,"round_184",boundary_edge_fraction,0.0170042,
metric,"round_184",partition_load_imbalance,1,
metric,"round_184",local_queue_size,170826,
metric,"round_184",boundary_queue_size,2955,
metric,"round_184",accepted_local_collapses,64,
metric,"round_184",accepted_boundary_collapses,16,
metric,"round_184",skipped_boundary_edges,0,
metric,"round_184",rejected_conflicts,3,
metric,"round_184",repartitioned,0,
metric,"round_185",interior_edge_fraction,1,
metric,"round_185",boundary_edge_fraction,0,
metric,"round_185",partition_load_imbalance,1,
metric,"round_185",local_queue_size,173541,
metric,"round_185",boundary_queue_size,0,
metric,"round_185",accepted_local_collapses,64,
metric,"round_185",accepted_boundary_collapses,0,
metric,"round_185",skipped_boundary_edges,0,
metric,"round_185",rejected_conflicts,2,
metric,"round_185",repartitioned,1,
metric,"round_186",interior_edge_fraction,0.994785,
metric,"round_186",boundary_edge_fraction,0.00521491,
metric,"round_186",partition_load_imbalance,1,
metric,"round_186",local_queue_size,172445,
metric,"round_186",boundary_queue_size,904,
metric,"round_186",accepted_local_collapses,64,
metric,"round_186",accepted_boundary_collapses,16,
metric,"round_186",skipped_boundary_edges,0,
metric,"round_186",rejected_conflicts,3,
metric,"round_186",repartitioned,0,
metric,"round_187",interior_edge_fraction,0.988914,
metric,"round_187",boundary_edge_fraction,0.0110855,
metric,"round_187",partition_load_imbalance,1,
metric,"round_187",local_queue_size,171190,
metric,"round_187",boundary_queue_size,1919,
metric,"round_187",accepted_local_collapses,64,
metric,"round_187",accepted_boundary_collapses,16,
metric,"round_187",skipped_boundary_edges,0,
metric,"round_187",rejected_conflicts,4,
metric,"round_187",repartitioned,0,
metric,"round_188",interior_edge_fraction,0.982842,
metric,"round_188",boundary_edge_fraction,0.0171575,
metric,"round_188",partition_load_imbalance,1,
metric,"round_188",local_queue_size,169903,
metric,"round_188",boundary_queue_size,2966,
metric,"round_188",accepted_local_collapses,64,
metric,"round_188",accepted_boundary_collapses,16,
metric,"round_188",skipped_boundary_edges,0,
metric,"round_188",rejected_conflicts,4,
metric,"round_188",repartitioned,0,
metric,"round_189",interior_edge_fraction,1,
metric,"round_189",boundary_edge_fraction,0,
metric,"round_189",partition_load_imbalance,1,
metric,"round_189",local_queue_size,172629,
metric,"round_189",boundary_queue_size,0,
metric,"round_189",accepted_local_collapses,64,
metric,"round_189",accepted_boundary_collapses,0,
metric,"round_189",skipped_boundary_edges,0,
metric,"round_189",rejected_conflicts,1,
metric,"round_189",repartitioned,1,
metric,"round_190",interior_edge_fraction,0.9947,
metric,"round_190",boundary_edge_fraction,0.00530049,
metric,"round_190",partition_load_imbalance,1,
metric,"round_190",local_queue_size,171523,
metric,"round_190",boundary_queue_size,914,
metric,"round_190",accepted_local_collapses,64,
metric,"round_190",accepted_boundary_collapses,16,
metric,"round_190",skipped_boundary_edges,0,
metric,"round_190",rejected_conflicts,5,
metric,"round_190",repartitioned,0,
metric,"round_191",interior_edge_fraction,0.988716,
metric,"round_191",boundary_edge_fraction,0.0112836,
metric,"round_191",partition_load_imbalance,1,
metric,"round_191",local_queue_size,170254,
metric,"round_191",boundary_queue_size,1943,
metric,"round_191",accepted_local_collapses,64,
metric,"round_191",accepted_boundary_collapses,16,
metric,"round_191",skipped_boundary_edges,0,
metric,"round_191",rejected_conflicts,4,
metric,"round_191",repartitioned,0,
metric,"round_192",interior_edge_fraction,0.982903,
metric,"round_192",boundary_edge_fraction,0.0170973,
metric,"round_192",partition_load_imbalance,1,
metric,"round_192",local_queue_size,169017,
metric,"round_192",boundary_queue_size,2940,
metric,"round_192",accepted_local_collapses,64,
metric,"round_192",accepted_boundary_collapses,16,
metric,"round_192",skipped_boundary_edges,0,
metric,"round_192",rejected_conflicts,2,
metric,"round_192",repartitioned,0,
metric,"round_193",interior_edge_fraction,1,
metric,"round_193",boundary_edge_fraction,0,
metric,"round_193",partition_load_imbalance,1,
metric,"round_193",local_queue_size,171717,
metric,"round_193",boundary_queue_size,0,
metric,"round_193",accepted_local_collapses,64,
metric,"round_193",accepted_boundary_collapses,0,
metric,"round_193",skipped_boundary_edges,0,
metric,"round_193",rejected_conflicts,0,
metric,"round_193",repartitioned,1,
metric,"round_194",interior_edge_fraction,0.994782,
metric,"round_194",boundary_edge_fraction,0.0052179,
metric,"round_194",partition_load_imbalance,1,
metric,"round_194",local_queue_size,170630,
metric,"round_194",boundary_queue_size,895,
metric,"round_194",accepted_local_collapses,64,
metric,"round_194",accepted_boundary_collapses,16,
metric,"round_194",skipped_boundary_edges,0,
metric,"round_194",rejected_conflicts,7,
metric,"round_194",repartitioned,0,
metric,"round_195",interior_edge_fraction,0.988884,
metric,"round_195",boundary_edge_fraction,0.011116,
metric,"round_195",partition_load_imbalance,1,
metric,"round_195",local_queue_size,169381,
metric,"round_195",boundary_queue_size,1904,
metric,"round_195",accepted_local_collapses,64,
metric,"round_195",accepted_boundary_collapses,16,
metric,"round_195",skipped_boundary_edges,0,
metric,"round_195",rejected_conflicts,2,
metric,"round_195",repartitioned,0,
metric,"round_196",interior_edge_fraction,0.982934,
metric,"round_196",boundary_edge_fraction,0.0170657,
metric,"round_196",partition_load_imbalance,1,
metric,"round_196",local_queue_size,168126,
metric,"round_196",boundary_queue_size,2919,
metric,"round_196",accepted_local_collapses,64,
metric,"round_196",accepted_boundary_collapses,16,
metric,"round_196",skipped_boundary_edges,0,
metric,"round_196",rejected_conflicts,4,
metric,"round_196",repartitioned,0,
metric,"round_197",interior_edge_fraction,1,
metric,"round_197",boundary_edge_fraction,0,
metric,"round_197",partition_load_imbalance,1,
metric,"round_197",local_queue_size,170805,
metric,"round_197",boundary_queue_size,0,
metric,"round_197",accepted_local_collapses,64,
metric,"round_197",accepted_boundary_collapses,0,
metric,"round_197",skipped_boundary_edges,0,
metric,"round_197",rejected_conflicts,1,
metric,"round_197",repartitioned,1,
metric,"round_198",interior_edge_fraction,0.994614,
metric,"round_198",boundary_edge_fraction,0.00538646,
metric,"round_198",partition_load_imbalance,1,
metric,"round_198",local_queue_size,169694,
metric,"round_198",boundary_queue_size,919,
metric,"round_198",accepted_local_collapses,64,
metric,"round_198",accepted_boundary_collapses,16,
metric,"round_198",skipped_boundary_edges,0,
metric,"round_198",rejected_conflicts,4,
metric,"round_198",repartitioned,0,
metric,"round_199",interior_edge_fraction,0.98849,
metric,"round_199",boundary_edge_fraction,0.01151,
metric,"round_199",partition_load_imbalance,1,
metric,"round_199",local_queue_size,168412,
metric,"round_199",boundary_queue_size,1961,
metric,"round_199",accepted_local_collapses,64,
metric,"round_199",accepted_boundary_collapses,16,
metric,"round_199",skipped_boundary_edges,0,
metric,"round_199",rejected_conflicts,1,
metric,"round_199",repartitioned,0,
metric,"round_200",interior_edge_fraction,0.982608,
metric,"round_200",boundary_edge_fraction,0.0173923,
metric,"round_200",partition_load_imbalance,1,
metric,"round_200",local_queue_size,167174,
metric,"round_200",boundary_queue_size,2959,
metric,"round_200",accepted_local_collapses,64,
metric,"round_200",accepted_boundary_collapses,16,
metric,"round_200",skipped_boundary_edges,0,
metric,"round_200",rejected_conflicts,3,
metric,"round_200",repartitioned,0,
metric,"round_201",interior_edge_fraction,1,
metric,"round_201",boundary_edge_fraction,0,
metric,"round_201",partition_load_imbalance,1,
metric,"round_201",local_queue_size,169893,
metric,"round_201",boundary_queue_size,0,
metric,"round_201",accepted_local_collapses,64,
metric,"round_201",accepted_boundary_collapses,0,
metric,"round_201",skipped_boundary_edges,0,
metric,"round_201",rejected_conflicts,0,
metric,"round_201",repartitioned,1,
metric,"round_202",interior_edge_fraction,0.994602,
metric,"round_202",boundary_edge_fraction,0.00539773,
metric,"round_202",partition_load_imbalance,1,
metric,"round_202",local_queue_size,168785,
metric,"round_202",boundary_queue_size,916,
metric,"round_202",accepted_local_collapses,64,
metric,"round_202",accepted_boundary_collapses,16,
metric,"round_202",skipped_boundary_edges,0,
metric,"round_202",rejected_conflicts,3,
metric,"round_202",repartitioned,0,
metric,"round_203",interior_edge_fraction,0.988699,
metric,"round_203",boundary_edge_fraction,0.0113005,
metric,"round_203",partition_load_imbalance,1,
metric,"round_203",local_queue_size,167546,
metric,"round_203",boundary_queue_size,1915,
metric,"round_203",accepted_local_collapses,64,
metric,"round_203",accepted_boundary_collapses,16,
metric,"round_203",skipped_boundary_edges,0,
metric,"round_203",rejected_conflicts,4,
metric,"round_203",repartitioned,0,
metric,"round_204",interior_edge_fraction,0.982555,
metric,"round_204",boundary_edge_fraction,0.0174446,
metric,"round_204",partition_load_imbalance,1,
metric,"round_204",local_queue_size,166269,
metric,"round_204",boundary_queue_size,2952,
metric,"round_204",accepted_local_collapses,64,
metric,"round_204",accepted_boundary_collapses,16,
metric,"round_204",skipped_boundary_edges,0,
metric,"round_204",rejected_conflicts,3,
metric,"round_204",repartitioned,0,
metric,"round_205",interior_edge_fraction,1,
metric,"round_205",boundary_edge_fraction,0,
metric,"round_205",partition_load_imbalance,1,
metric,"round_205",local_queue_size,168981,
metric,"round_205",boundary_queue_size,0,
metric,"round_205",accepted_local_collapses,64,
metric,"round_205",accepted_boundary_collapses,0,
metric,"round_205",skipped_boundary_edges,0,
metric,"round_205",rejected_conflicts,0,
metric,"round_205",repartitioned,1,
metric,"round_206",interior_edge_fraction,0.994526,
metric,"round_206",boundary_edge_fraction,0.00547429,
metric,"round_206",partition_load_imbalance,1,
metric,"round_206",local_queue_size,167865,
metric,"round_206",boundary_queue_size,924,
metric,"round_206",accepted_local_collapses,64,
metric,"round_206",accepted_boundary_collapses,16,
metric,"round_206",skipped_boundary_edges,0,
metric,"round_206",rejected_conflicts,0,
metric,"round_206",repartitioned,0,
metric,"round_207",interior_edge_fraction,0.988543,
metric,"round_207",boundary_edge_fraction,0.0114566,
metric,"round_207",partition_load_imbalance,1,
metric,"round_207",local_queue_size,166618,
metric,"round_207",boundary_queue_size,1931,
metric,"round_207",accepted_local_collapses,64,
metric,"round_207",accepted_boundary_collapses,16,
metric,"round_207",skipped_boundary_edges,0,
metric,"round_207",rejected_conflicts,1,
metric,"round_207",repartitioned,0,
metric,"round_208",interior_edge_fraction,0.982651,
metric,"round_208",boundary_edge_fraction,0.017349,
metric,"round_208",partition_load_imbalance,1,
metric,"round_208",local_queue_size,165389,
metric,"round_208",boundary_queue_size,2920,
metric,"round_208",accepted_local_collapses,64,
metric,"round_208",accepted_boundary_collapses,16,
metric,"round_208",skipped_boundary_edges,0,
metric,"round_208",rejected_conflicts,2,
metric,"round_208",repartitioned,0,
metric,"round_209",interior_edge_fraction,1,
metric,"round_209",boundary_edge_fraction,0,
metric,"round_209",partition_load_imbalance,1,
metric,"round_209",local_queue_size,168069,
metric,"round_209",boundary_queue_size,0,
metric,"round_209",accepted_local_collapses,64,
metric,"round_209",accepted_boundary_collapses,0,
metric,"round_209",skipped_boundary_edges,0,
metric,"round_209",rejected_conflicts,1,
metric,"round_209",repartitioned,1,
metric,"round_210",interior_edge_fraction,0.994556,
metric,"round_210",boundary_edge_fraction,0.00544446,
metric,"round_210",partition_load_imbalance,1,
metric,"round_210",local_queue_size,166963,
metric,"round_210",boundary_queue_size,914,
metric,"round_210",accepted_local_collapses,64,
metric,"round_210",accepted_boundary_collapses,16,
metric,"round_210",skipped_boundary_edges,0,
metric,"round_210",rejected_conflicts,3,
metric,"round_210",repartitioned,0,
metric,"round_211",interior_edge_fraction,0.988529,
metric,"round_211",boundary_edge_fraction,0.0114712,
metric,"round_211",partition_load_imbalance,1,
metric,"round_211",local_queue_size,165714,
metric,"round_211",boundary_queue_size,1923,
metric,"round_211",accepted_local_collapses,64,
metric,"round_211",accepted_boundary_collapses,16,
metric,"round_211",skipped_boundary_edges,0,
metric,"round_211",rejected_conflicts,1,
metric,"round_211",repartitioned,0,
metric,"round_212",interior_edge_fraction,0.982568,
metric,"round_212",boundary_edge_fraction,0.0174316,
metric,"round_212",partition_load_imbalance,1,
metric,"round_212",local_queue_size,164479,
metric,"round_212",boundary_queue_size,2918,
metric,"round_212",accepted_local_collapses,64,
metric,"round_212",accepted_boundary_collapses,16,
metric,"round_212",skipped_boundary_edges,0,
metric,"round_212",rejected_conflicts,3,
metric,"round_212",repartitioned,0,
metric,"round_213",interior_edge_fraction,1,
metric,"round_213",boundary_edge_fraction,0,
metric,"round_213",partition_load_imbalance,1,
metric,"round_213",local_queue_size,167157,
metric,"round_213",boundary_queue_size,0,
metric,"round_213",accepted_local_collapses,64,
metric,"round_213",accepted_boundary_collapses,0,
metric,"round_213",skipped_boundary_edges,0,
metric,"round_213",rejected_conflicts,2,
metric,"round_213",repartitioned,1,
metric,"round_214",interior_edge_fraction,0.994556,
metric,"round_214",boundary_edge_fraction,0.00544425,
metric,"round_214",partition_load_imbalance,1,
metric,"round_214",local_queue_size,166056,
metric,"round_214",boundary_queue_size,909,
metric,"round_214",accepted_local_collapses,64,
metric,"round_214",accepted_boundary_collapses,16,
metric,"round_214",skipped_boundary_edges,0,
metric,"round_214",rejected_conflicts,9,
metric,"round_214",repartitioned,0,
metric,"round_215",interior_edge_fraction,0.988292,
metric,"round_215",boundary_edge_fraction,0.0117079,
metric,"round_215",partition_load_imbalance,1,
metric,"round_215",local_queue_size,164773,
metric,"round_215",boundary_queue_size,1952,
metric,"round_215",accepted_local_collapses,64,
metric,"round_215",accepted_boundary_collapses,16,
metric,"round_215",skipped_boundary_edges,0,
metric,"round_215",rejected_conflicts,1,
metric,"round_215",repartitioned,0,
metric,"round_216",interior_edge_fraction,0.982245,
metric,"round_216",boundary_edge_fraction,0.0177554,
metric,"round_216",partition_load_imbalance,1,
metric,"round_216",local_queue_size,163529,
metric,"round_216",boundary_queue_size,2956,
metric,"round_216",accepted_local_collapses,64,
metric,"round_216",accepted_boundary_collapses,16,
metric,"round_216",skipped_boundary_edges,0,
metric,"round_216",rejected_conflicts,0,
metric,"round_216",repartitioned,0,
metric,"round_217",interior_edge_fraction,1,
metric,"round_217",boundary_edge_fraction,0,
metric,"round_217",partition_load_imbalance,1,
metric,"round_217",local_queue_size,166245,
metric,"round_217",boundary_queue_size,0,
metric,"round_217",accepted_local_collapses,64,
metric,"round_217",accepted_boundary_collapses,0,
metric,"round_217",skipped_boundary_edges,0,
metric,"round_217",rejected_conflicts,2,
metric,"round_217",repartitioned,1,
metric,"round_218",interior_edge_fraction,0.994532,
metric,"round_218",boundary_edge_fraction,0.00546813,
metric,"round_218",partition_load_imbalance,1,
metric,"round_218",local_queue_size,165145,
metric,"round_218",boundary_queue_size,908,
metric,"round_218",accepted_local_collapses,64,
metric,"round_218",accepted_boundary_collapses,16,
metric,"round_218",skipped_boundary_edges,0,
metric,"round_218",rejected_conflicts,5,
metric,"round_218",repartitioned,0,
metric,"round_219",interior_edge_fraction,0.988348,
metric,"round_219",boundary_edge_fraction,0.0116517,
metric,"round_219",partition_load_imbalance,1,
metric,"round_219",local_queue_size,163881,
metric,"round_219",boundary_queue_size,1932,
metric,"round_219",accepted_local_collapses,64,
metric,"round_219",accepted_boundary_collapses,16,
metric,"round_219",skipped_boundary_edges,0,
metric,"round_219",rejected_conflicts,5,
metric,"round_219",repartitioned,0,
metric,"round_220",interior_edge_fraction,0.982237,
metric,"round_220",boundary_edge_fraction,0.0177626,
metric,"round_220",partition_load_imbalance,1,
metric,"round_220",local_queue_size,162632,
metric,"round_220",boundary_queue_size,2941,
metric,"round_220",accepted_local_collapses,64,
metric,"round_220",accepted_boundary_collapses,16,
metric,"round_220",skipped_boundary_edges,0,
metric,"round_220",rejected_conflicts,0,
metric,"round_220",repartitioned,0,
metric,"round_221",interior_edge_fraction,1,
metric,"round_221",boundary_edge_fraction,0,
metric,"round_221",partition_load_imbalance,1,
metric,"round_221",local_queue_size,165333,
metric,"round_221",boundary_queue_size,0,
metric,"round_221",accepted_local_collapses,64,
metric,"round_221",accepted_boundary_collapses,0,
metric,"round_221",skipped_boundary_edges,0,
metric,"round_221",rejected_conflicts,0,
metric,"round_221",repartitioned,1,
metric,"round_222",interior_edge_fraction,0.994568,
metric,"round_222",boundary_edge_fraction,0.00543172,
metric,"round_222",partition_load_imbalance,1,
metric,"round_222",local_queue_size,164244,
metric,"round_222",boundary_queue_size,897,
metric,"round_222",accepted_local_collapses,64,
metric,"round_222",accepted_boundary_collapses,16,
metric,"round_222",skipped_boundary_edges,0,
metric,"round_222",rejected_conflicts,7,
metric,"round_222",repartitioned,0,
metric,"round_223",interior_edge_fraction,0.988332,
metric,"round_223",boundary_edge_fraction,0.0116676,
metric,"round_223",partition_load_imbalance,1,
metric,"round_223",local_queue_size,162977,
metric,"round_223",boundary_queue_size,1924,
metric,"round_223",accepted_local_collapses,64,
metric,"round_223",accepted_boundary_collapses,16,
metric,"round_223",skipped_boundary_edges,0,
metric,"round_223",rejected_conflicts,4,
metric,"round_223",repartitioned,0,
metric,"round_224",interior_edge_fraction,0.982151,
metric,"round_224",boundary_edge_fraction,0.0178488,
metric,"round_224",partition_load_imbalance,1,
metric,"round_224",local_queue_size,161722,
metric,"round_224",boundary_queue_size,2939,
metric,"round_224",accepted_local_collapses,64,
metric,"round_224",accepted_boundary_collapses,16,
metric,"round_224",skipped_boundary_edges,0,
metric,"round_224",rejected_conflicts,3,
metric,"round_224",repartitioned,0,
metric,"round_225",interior_edge_fraction,1,
metric,"round_225",boundary_edge_fraction,0,
metric,"round_225",partition_load_imbalance,1,
metric,"round_225",local_queue_size,164421,
metric,"round_225",boundary_queue_size,0,
metric,"round_225",accepted_local_collapses,64,
metric,"round_225",accepted_boundary_collapses,0,
metric,"round_225",skipped_boundary_edges,0,
metric,"round_225",rejected_conflicts,0,
metric,"round_225",repartitioned,1,
metric,"round_226",interior_edge_fraction,0.994495,
metric,"round_226",boundary_edge_fraction,0.00550451,
metric,"round_226",partition_load_imbalance,1,
metric,"round_226",local_queue_size,163325,
metric,"round_226",boundary_queue_size,904,
metric,"round_226",accepted_local_collapses,64,
metric,"round_226",accepted_boundary_collapses,16,
metric,"round_226",skipped_boundary_edges,0,
metric,"round_226",rejected_conflicts,3,
metric,"round_226",repartitioned,0,
metric,"round_227",interior_edge_fraction,0.988341,
metric,"round_227",boundary_edge_fraction,0.0116593,
metric,"round_227",partition_load_imbalance,1,
metric,"round_227",local_queue_size,162077,
metric,"round_227",boundary_queue_size,1912,
metric,"round_227",accepted_local_collapses,64,
metric,"round_227",accepted_boundary_collapses,16,
metric,"round_227",skipped_boundary_edges,0,
metric,"round_227",rejected_conflicts,2,
metric,"round_227",repartitioned,0,
metric,"round_228",interior_edge_fraction,0.982192,
metric,"round_228",boundary_edge_fraction,0.0178077,
metric,"round_228",partition_load_imbalance,1,
metric,"round_228",local_queue_size,160833,
metric,"round_228",boundary_queue_size,2916,
metric,"round_228",accepted_local_collapses,64,
metric,"round_228",accepted_boundary_collapses,16,
metric,"round_228",skipped_boundary_edges,0,
metric,"round_228",rejected_conflicts,4,
metric,"round_228",repartitioned,0,
metric,"round_229",interior_edge_fraction,1,
metric,"round_229",boundary_edge_fraction,0,
metric,"round_229",partition_load_imbalance,1,
metric,"round_229",local_queue_size,163509,
metric,"round_229",boundary_queue_size,0,
metric,"round_229",accepted_local_collapses,64,
metric,"round_229",accepted_boundary_collapses,0,
metric,"round_229",skipped_boundary_edges,0,
metric,"round_229",rejected_conflicts,0,
metric,"round_229",repartitioned,1,
metric,"round_230",interior_edge_fraction,0.994593,
metric,"round_230",boundary_edge_fraction,0.00540666,
metric,"round_230",partition_load_imbalance,1,
metric,"round_230",local_queue_size,162434,
metric,"round_230",boundary_queue_size,883,
metric,"round_230",accepted_local_collapses,64,
metric,"round_230",accepted_boundary_collapses,16,
metric,"round_230",skipped_boundary_edges,0,
metric,"round_230",rejected_conflicts,4,
metric,"round_230",repartitioned,0,
metric,"round_231",interior_edge_fraction,0.988275,
metric,"round_231",boundary_edge_fraction,0.0117245,
metric,"round_231",partition_load_imbalance,1,
metric,"round_231",local_queue_size,161165,
metric,"round_231",boundary_queue_size,1912,
metric,"round_231",accepted_local_collapses,64,
metric,"round_231",accepted_boundary_collapses,16,
metric,"round_231",skipped_boundary_edges,0,
metric,"round_231",rejected_conflicts,0,
metric,"round_231",repartitioned,0,
metric,"round_232",interior_edge_fraction,0.982043,
metric,"round_232",boundary_edge_fraction,0.0179566,
metric,"round_232",partition_load_imbalance,1,
metric,"round_232",local_queue_size,159913,
metric,"round_232",boundary_queue_size,2924,
metric,"round_232",accepted_local_collapses,64,
metric,"round_232",accepted_boundary_collapses,16,
metric,"round_232",skipped_boundary_edges,0,
metric,"round_232",rejected_conflicts,5,
metric,"round_232",repartitioned,0,
metric,"round_233",interior_edge_fraction,1,
metric,"round_233",boundary_edge_fraction,0,
metric,"round_233",partition_load_imbalance,1,
metric,"round_233",local_queue_size,162597,
metric,"round_233",boundary_queue_size,0,
metric,"round_233",accepted_local_collapses,64,
metric,"round_233",accepted_boundary_collapses,0,
metric,"round_233",skipped_boundary_edges,0,
metric,"round_233",rejected_conflicts,0,
metric,"round_233",repartitioned,1,
metric,"round_234",interior_edge_fraction,0.994458,
metric,"round_234",boundary_edge_fraction,0.0055417,
metric,"round_234",partition_load_imbalance,1,
metric,"round_234",local_queue_size,161505,
metric,"round_234",boundary_queue_size,900,
metric,"round_234",accepted_local_collapses,64,
metric,"round_234",accepted_boundary_collapses,16,
metric,"round_234",skipped_boundary_edges,0,
metric,"round_234",rejected_conflicts,3,
metric,"round_234",repartitioned,0,
metric,"round_235",interior_edge_fraction,0.988228,
metric,"round_235",boundary_edge_fraction,0.011772,
metric,"round_235",partition_load_imbalance,1,
metric,"round_235",local_queue_size,160256,
metric,"round_235",boundary_queue_size,1909,
metric,"round_235",accepted_local_collapses,64,
metric,"round_235",accepted_boundary_collapses,16,
metric,"round_235",skipped_boundary_edges,0,
metric,"round_235",rejected_conflicts,4,
metric,"round_235",repartitioned,0,
metric,"round_236",interior_edge_fraction,0.981992,
metric,"round_236",boundary_edge_fraction,0.0180083,
metric,"round_236",partition_load_imbalance,1,
metric,"round_236",local_queue_size,159009,
metric,"round_236",boundary_queue_size,2916,
metric,"round_236",accepted_local_collapses,64,
metric,"round_236",accepted_boundary_collapses,16,
metric,"round_236",skipped_boundary_edges,0,
metric,"round_236",rejected_conflicts,2,
metric,"round_236",repartitioned,0,
metric,"round_237",interior_edge_fraction,1,
metric,"round_237",boundary_edge_fraction,0,
metric,"round_237",partition_load_imbalance,1,
metric,"round_237",local_queue_size,161685,
metric,"round_237",boundary_queue_size,0,
metric,"round_237",accepted_local_collapses,64,
metric,"round_237",accepted_boundary_collapses,0,
metric,"round_237",skipped_boundary_edges,0,
metric,"round_237",rejected_conflicts,1,
metric,"round_237",repartitioned,1,
metric,"round_238",interior_edge_fraction,0.994316,
metric,"round_238",boundary_edge_fraction,0.00568446,
metric,"round_238",partition_load_imbalance,1,
metric,"round_238",local_queue_size,160575,
metric,"round_238",boundary_queue_size,918,
metric,"round_238",accepted_local_collapses,64,
metric,"round_238",accepted_boundary_collapses,16,
metric,"round_238",skipped_boundary_edges,0,
metric,"round_238",rejected_conflicts,4,
metric,"round_238",repartitioned,0,
metric,"round_239",interior_edge_fraction,0.98813,
metric,"round_239",boundary_edge_fraction,0.0118695,
metric,"round_239",partition_load_imbalance,1,
metric,"round_239",local_queue_size,159339,
metric,"round_239",boundary_queue_size,1914,
metric,"round_239",accepted_local_collapses,64,
metric,"round_239",accepted_boundary_collapses,16,
metric,"round_239",skipped_boundary_edges,0,
metric,"round_239",rejected_conflicts,2,
metric,"round_239",repartitioned,0,
metric,"round_240",interior_edge_fraction,0.981834,
metric,"round_240",boundary_edge_fraction,0.0181662,
metric,"round_240",partition_load_imbalance,1,
metric,"round_240",local_queue_size,158088,
metric,"round_240",boundary_queue_size,2925,
metric,"round_240",accepted_local_collapses,64,
metric,"round_240",accepted_boundary_collapses,16,
metric,"round_240",skipped_boundary_edges,0,
metric,"round_240",rejected_conflicts,3,
metric,"round_240",repartitioned,0,
metric,"round_241",interior_edge_fraction,1,
metric,"round_241",boundary_edge_fraction,0,
metric,"round_241",partition_load_imbalance,1,
metric,"round_241",local_queue_size,160773,
metric,"round_241",boundary_queue_size,0,
metric,"round_241",accepted_local_collapses,64,
metric,"round_241",accepted_boundary_collapses,0,
metric,"round_241",skipped_boundary_edges,0,
metric,"round_241",rejected_conflicts,0,
metric,"round_241",repartitioned,1,
metric,"round_242",interior_edge_fraction,0.994308,
metric,"round_242",boundary_edge_fraction,0.00569183,
metric,"round_242",partition_load_imbalance,1,
metric,"round_242",local_queue_size,159667,
metric,"round_242",boundary_queue_size,914,
metric,"round_242",accepted_local_collapses,64,
metric,"round_242",accepted_boundary_collapses,16,
metric,"round_242",skipped_boundary_edges,0,
metric,"round_242",rejected_conflicts,2,
metric,"round_242",repartitioned,0,
metric,"round_243",interior_edge_fraction,0.9881,
metric,"round_243",boundary_edge_fraction,0.0118996,
metric,"round_243",partition_load_imbalance,1,
metric,"round_243",local_queue_size,158433,
metric,"round_243",boundary_queue_size,1908,
metric,"round_243",accepted_local_collapses,64,
metric,"round_243",accepted_boundary_collapses,16,
metric,"round_243",skipped_boundary_edges,0,
metric,"round_243",rejected_conflicts,2,
metric,"round_243",repartitioned,0,
metric,"round_244",interior_edge_fraction,0.981774,
metric,"round_244",boundary_edge_fraction,0.018226,
metric,"round_244",partition_load_imbalance,1,
metric,"round_244",local_queue_size,157183,
metric,"round_244",boundary_queue_size,2918,
metric,"round_244",accepted_local_collapses,64,
metric,"round_244",accepted_boundary_collapses,16,
metric,"round_244",skipped_boundary_edges,0,
metric,"round_244",rejected_conflicts,3,
metric,"round_244",repartitioned,0,
metric,"round_245",interior_edge_fraction,1,
metric,"round_245",boundary_edge_fraction,0,
metric,"round_245",partition_load_imbalance,1,
metric,"round_245",local_queue_size,159861,
metric,"round_245",boundary_queue_size,0,
metric,"round_245",accepted_local_collapses,64,
metric,"round_245",accepted_boundary_collapses,0,
metric,"round_245",skipped_boundary_edges,0,
metric,"round_245",rejected_conflicts,1,
metric,"round_245",repartitioned,1,
metric,"round_246",interior_edge_fraction,0.994338,
metric,"round_246",boundary_edge_fraction,0.00566171,
metric,"round_246",partition_load_imbalance,1,
metric,"round_246",local_queue_size,158765,
metric,"round_246",boundary_queue_size,904,
metric,"round_246",accepted_local_collapses,64,
metric,"round_246",accepted_boundary_collapses,16,
metric,"round_246",skipped_boundary_edges,0,
metric,"round_246",rejected_conflicts,6,
metric,"round_246",repartitioned,0,
metric,"round_247",interior_edge_fraction,0.987706,
metric,"round_247",boundary_edge_fraction,0.0122939,
metric,"round_247",partition_load_imbalance,1,
metric,"round_247",local_queue_size,157469,
metric,"round_247",boundary_queue_size,1960,
metric,"round_247",accepted_local_collapses,64,
metric,"round_247",accepted_boundary_collapses,16,
metric,"round_247",skipped_boundary_edges,0,
metric,"round_247",rejected_conflicts,5,
metric,"round_247",repartitioned,0,
metric,"round_248",interior_edge_fraction,0.981544,
metric,"round_248",boundary_edge_fraction,0.018456,
metric,"round_248",partition_load_imbalance,1,
metric,"round_248",local_queue_size,156251,
metric,"round_248",boundary_queue_size,2938,
metric,"round_248",accepted_local_collapses,64,
metric,"round_248",accepted_boundary_collapses,16,
metric,"round_248",skipped_boundary_edges,0,
metric,"round_248",rejected_conflicts,7,
metric,"round_248",repartitioned,0,
metric,"round_249",interior_edge_fraction,1,
metric,"round_249",boundary_edge_fraction,0,
metric,"round_249",partition_load_imbalance,1,
metric,"round_249",local_queue_size,158949,
metric,"round_249",boundary_queue_size,0,
metric,"round_249",accepted_local_collapses,64,
metric,"round_249",accepted_boundary_collapses,0,
metric,"round_249",skipped_boundary_edges,0,
metric,"round_249",rejected_conflicts,0,
metric,"round_249",repartitioned,1,
metric,"round_250",interior_edge_fraction,0.994318,
metric,"round_250",boundary_edge_fraction,0.00568164,
metric,"round_250",partition_load_imbalance,1,
metric,"round_250",local_queue_size,157855,
metric,"round_250",boundary_queue_size,902,
metric,"round_250",accepted_local_collapses,64,
metric,"round_250",accepted_boundary_collapses,16,
metric,"round_250",skipped_boundary_edges,0,
metric,"round_250",rejected_conflicts,3,
metric,"round_250",repartitioned,0,
metric,"round_251",interior_edge_fraction,0.988014,
metric,"round_251",boundary_edge_fraction,0.0119861,
metric,"round_251",partition_load_imbalance,1,
metric,"round_251",local_queue_size,156617,
metric,"round_251",boundary_queue_size,1900,
metric,"round_251",accepted_local_collapses,64,
metric,"round_251",accepted_boundary_collapses,16,
metric,"round_251",skipped_boundary_edges,0,
metric,"round_251",rejected_conflicts,1,
metric,"round_251",repartitioned,0,
metric,"round_252",interior_edge_fraction,0.981583,
metric,"round_252",boundary_edge_fraction,0.0184171,
metric,"round_252",partition_load_imbalance,1,
metric,"round_252",local_queue_size,155362,
metric,"round_252",boundary_queue_size,2915,
metric,"round_252",accepted_local_collapses,64,
metric,"round_252",accepted_boundary_collapses,16,
metric,"round_252",skipped_boundary_edges,0,
metric,"round_252",rejected_conflicts,3,
metric,"round_252",repartitioned,0,
metric,"round_253",interior_edge_fraction,1,
metric,"round_253",boundary_edge_fraction,0,
metric,"round_253",partition_load_imbalance,1,
metric,"round_253",local_queue_size,158037,
metric,"round_253",boundary_queue_size,0,
metric,"round_253",accepted_local_collapses,64,
metric,"round_253",accepted_boundary_collapses,0,
metric,"round_253",skipped_boundary_edges,0,
metric,"round_253",rejected_conflicts,0,
metric,"round_253",repartitioned,1,
metric,"round_254",interior_edge_fraction,0.994349,
metric,"round_254",boundary_edge_fraction,0.00565111,
metric,"round_254",partition_load_imbalance,1,
metric,"round_254",local_queue_size,156953,
metric,"round_254",boundary_queue_size,892,
metric,"round_254",accepted_local_collapses,64,
metric,"round_254",accepted_boundary_collapses,16,
metric,"round_254",skipped_boundary_edges,0,
metric,"round_254",rejected_conflicts,9,
metric,"round_254",repartitioned,0,
metric,"round_255",interior_edge_fraction,0.9879,
metric,"round_255",boundary_edge_fraction,0.0120999,
metric,"round_255",partition_load_imbalance,1,
metric,"round_255",local_queue_size,155698,
metric,"round_255",boundary_queue_size,1907,
metric,"round_255",accepted_local_collapses,64,
metric,"round_255",accepted_boundary_collapses,16,
metric,"round_255",skipped_boundary_edges,0,
metric,"round_255",rejected_conflicts,1,
metric,"round_255",repartitioned,0,
metric,"round_256",interior_edge_fraction,0.98161,
metric,"round_256",boundary_edge_fraction,0.0183904,
metric,"round_256",partition_load_imbalance,1,
metric,"round_256",local_queue_size,154471,
metric,"round_256",boundary_queue_size,2894,
metric,"round_256",accepted_local_collapses,64,
metric,"round_256",accepted_boundary_collapses,16,
metric,"round_256",skipped_boundary_edges,0,
metric,"round_256",rejected_conflicts,7,
metric,"round_256",repartitioned,0,
metric,"round_257",interior_edge_fraction,1,
metric,"round_257",boundary_edge_fraction,0,
metric,"round_257",partition_load_imbalance,1,
metric,"round_257",local_queue_size,157125,
metric,"round_257",boundary_queue_size,0,
metric,"round_257",accepted_local_collapses,64,
metric,"round_257",accepted_boundary_collapses,0,
metric,"round_257",skipped_boundary_edges,0,
metric,"round_257",rejected_conflicts,0,
metric,"round_257",repartitioned,1,
metric,"round_258",interior_edge_fraction,0.994265,
metric,"round_258",boundary_edge_fraction,0.00573493,
metric,"round_258",partition_load_imbalance,1,
metric,"round_258",local_queue_size,156033,
metric,"round_258",boundary_queue_size,900,
metric,"round_258",accepted_local_collapses,64,
metric,"round_258",accepted_boundary_collapses,16,
metric,"round_258",skipped_boundary_edges,0,
metric,"round_258",rejected_conflicts,5,
metric,"round_258",repartitioned,0,
metric,"round_259",interior_edge_fraction,0.98774,
metric,"round_259",boundary_edge_fraction,0.0122596,
metric,"round_259",partition_load_imbalance,1,
metric,"round_259",local_queue_size,154772,
metric,"round_259",boundary_queue_size,1921,
metric,"round_259",accepted_local_collapses,64,
metric,"round_259",accepted_boundary_collapses,16,
metric,"round_259",skipped_boundary_edges,0,
metric,"round_259",rejected_conflicts,4,
metric,"round_259",repartitioned,0,
metric,"round_260",interior_edge_fraction,0.981202,
metric,"round_260",boundary_edge_fraction,0.018798,
metric,"round_260",partition_load_imbalance,1,
metric,"round_260",local_queue_size,153512,
metric,"round_260",boundary_queue_size,2941,
metric,"round_260",accepted_local_collapses,64,
metric,"round_260",accepted_boundary_collapses,16,
metric,"round_260",skipped_boundary_edges,0,
metric,"round_260",rejected_conflicts,4,
metric,"round_260",repartitioned,0,
metric,"round_261",interior_edge_fraction,1,
metric,"round_261",boundary_edge_fraction,0,
metric,"round_261",partition_load_imbalance,1,
metric,"round_261",local_queue_size,156213,
metric,"round_261",boundary_queue_size,0,
metric,"round_261",accepted_local_collapses,64,
metric,"round_261",accepted_boundary_collapses,0,
metric,"round_261",skipped_boundary_edges,0,
metric,"round_261",rejected_conflicts,1,
metric,"round_261",repartitioned,1,
metric,"round_262",interior_edge_fraction,0.994161,
metric,"round_262",boundary_edge_fraction,0.00583896,
metric,"round_262",partition_load_imbalance,1,
metric,"round_262",local_queue_size,155110,
metric,"round_262",boundary_queue_size,911,
metric,"round_262",accepted_local_collapses,64,
metric,"round_262",accepted_boundary_collapses,16,
metric,"round_262",skipped_boundary_edges,0,
metric,"round_262",rejected_conflicts,8,
metric,"round_262",repartitioned,0,
metric,"round_263",interior_edge_fraction,0.987502,
metric,"round_263",boundary_edge_fraction,0.0124983,
metric,"round_263",partition_load_imbalance,1,
metric,"round_263",local_queue_size,153834,
metric,"round_263",boundary_queue_size,1947,
metric,"round_263",accepted_local_collapses,64,
metric,"round_263",accepted_boundary_collapses,16,
metric,"round_263",skipped_boundary_edges,0,
metric,"round_263",rejected_conflicts,4,
metric,"round_263",repartitioned,0,
metric,"round_264",interior_edge_fraction,0.981105,
metric,"round_264",boundary_edge_fraction,0.0188953,
metric,"round_264",partition_load_imbalance,1,
metric,"round_264",local_queue_size,152602,
metric,"round_264",boundary_queue_size,2939,
metric,"round_264",accepted_local_collapses,64,
metric,"round_264",accepted_boundary_collapses,16,
metric,"round_264",skipped_boundary_edges,0,
metric,"round_264",rejected_conflicts,2,
metric,"round_264",repartitioned,0,
metric,"round_265",interior_edge_fraction,1,
metric,"round_265",boundary_edge_fraction,0,
metric,"round_265",partition_load_imbalance,1,
metric,"round_265",local_queue_size,155301,
metric,"round_265",boundary_queue_size,0,
metric,"round_265",accepted_local_collapses,64,
metric,"round_265",accepted_boundary_collapses,0,
metric,"round_265",skipped_boundary_edges,0,
metric,"round_265",rejected_conflicts,0,
metric,"round_265",repartitioned,1,
metric,"round_266",interior_edge_fraction,0.994043,
metric,"round_266",boundary_edge_fraction,0.0059571,
metric,"round_266",partition_load_imbalance,1,
metric,"round_266",local_queue_size,154185,
metric,"round_266",boundary_queue_size,924,
metric,"round_266",accepted_local_collapses,64,
metric,"round_266",accepted_boundary_collapses,16,
metric,"round_266",skipped_boundary_edges,0,
metric,"round_266",rejected_conflicts,2,
metric,"round_266",repartitioned,0,
metric,"round_267",interior_edge_fraction,0.987415,
metric,"round_267",boundary_edge_fraction,0.0125848,
metric,"round_267",partition_load_imbalance,1,
metric,"round_267",local_queue_size,152920,
metric,"round_267",boundary_queue_size,1949,
metric,"round_267",accepted_local_collapses,64,
metric,"round_267",accepted_boundary_collapses,16,
metric,"round_267",skipped_boundary_edges,0,
metric,"round_267",rejected_conflicts,2,
metric,"round_267",repartitioned,0,
metric,"round_268",interior_edge_fraction,0.980638,
metric,"round_268",boundary_edge_fraction,0.0193625,
metric,"round_268",partition_load_imbalance,1,
metric,"round_268",local_queue_size,151635,
metric,"round_268",boundary_queue_size,2994,
metric,"round_268",accepted_local_collapses,64,
metric,"round_268",accepted_boundary_collapses,16,
metric,"round_268",skipped_boundary_edges,0,
metric,"round_268",rejected_conflicts,3,
metric,"round_268",repartitioned,0,
metric,"round_269",interior_edge_fraction,1,
metric,"round_269",boundary_edge_fraction,0,
metric,"round_269",partition_load_imbalance,1,
metric,"round_269",local_queue_size,154389,
metric,"round_269",boundary_queue_size,0,
metric,"round_269",accepted_local_collapses,64,
metric,"round_269",accepted_boundary_collapses,0,
metric,"round_269",skipped_boundary_edges,0,
metric,"round_269",rejected_conflicts,0,
metric,"round_269",repartitioned,1,
metric,"round_270",interior_edge_fraction,0.994098,
metric,"round_270",boundary_edge_fraction,0.00590154,
metric,"round_270",partition_load_imbalance,1,
metric,"round_270",local_queue_size,153287,
metric,"round_270",boundary_queue_size,910,
metric,"round_270",accepted_local_collapses,64,
metric,"round_270",accepted_boundary_collapses,16,
metric,"round_270",skipped_boundary_edges,0,
metric,"round_270",rejected_conflicts,7,
metric,"round_270",repartitioned,0,
metric,"round_271",interior_edge_fraction,0.987451,
metric,"round_271",boundary_edge_fraction,0.012549,
metric,"round_271",partition_load_imbalance,1,
metric,"round_271",local_queue_size,152025,
metric,"round_271",boundary_queue_size,1932,
metric,"round_271",accepted_local_collapses,64,
metric,"round_271",accepted_boundary_collapses,16,
metric,"round_271",skipped_boundary_edges,0,
metric,"round_271",rejected_conflicts,3,
metric,"round_271",repartitioned,0,
metric,"round_272",interior_edge_fraction,0.980861,
metric,"round_272",boundary_edge_fraction,0.0191391,
metric,"round_272",partition_load_imbalance,1,
metric,"round_272",local_queue_size,150775,
metric,"round_272",boundary_queue_size,2942,
metric,"round_272",accepted_local_collapses,64,
metric,"round_272",accepted_boundary_collapses,16,
metric,"round_272",skipped_boundary_edges,0,
metric,"round_272",rejected_conflicts,4,
metric,"round_272",repartitioned,0,
metric,"round_273",interior_edge_fraction,1,
metric,"round_273",boundary_edge_fraction,0,
metric,"round_273",partition_load_imbalance,1,
metric,"round_273",local_queue_size,153477,
metric,"round_273",boundary_queue_size,0,
metric,"round_273",accepted_local_collapses,64,
metric,"round_273",accepted_boundary_collapses,0,
metric,"round_273",skipped_boundary_edges,0,
metric,"round_273",rejected_conflicts,0,
metric,"round_273",repartitioned,1,
metric,"round_274",interior_edge_fraction,0.994129,
metric,"round_274",boundary_edge_fraction,0.00587142,
metric,"round_274",partition_load_imbalance,1,
metric,"round_274",local_queue_size,152385,
metric,"round_274",boundary_queue_size,900,
metric,"round_274",accepted_local_collapses,64,
metric,"round_274",accepted_boundary_collapses,16,
metric,"round_274",skipped_boundary_edges,0,
metric,"round_274",rejected_conflicts,4,
metric,"round_274",repartitioned,0,
metric,"round_275",interior_edge_fraction,0.987474,
metric,"round_275",boundary_edge_fraction,0.0125257,
metric,"round_275",partition_load_imbalance,1,
metric,"round_275",local_queue_size,151128,
metric,"round_275",boundary_queue_size,1917,
metric,"round_275",accepted_local_collapses,64,
metric,"round_275",accepted_boundary_collapses,16,
metric,"round_275",skipped_boundary_edges,0,
metric,"round_275",rejected_conflicts,2,
metric,"round_275",repartitioned,0,
metric,"round_276",interior_edge_fraction,0.980923,
metric,"round_276",boundary_edge_fraction,0.0190766,
metric,"round_276",partition_load_imbalance,1,
metric,"round_276",local_queue_size,149890,
metric,"round_276",boundary_queue_size,2915,
metric,"round_276",accepted_local_collapses,64,
metric,"round_276",accepted_boundary_collapses,16,
metric,"round_276",skipped_boundary_edges,0,
metric,"round_276",rejected_conflicts,1,
metric,"round_276",repartitioned,0,
metric,"round_277",interior_edge_fraction,1,
metric,"round_277",boundary_edge_fraction,0,
metric,"round_277",partition_load_imbalance,1,
metric,"round_277",local_queue_size,152565,
metric,"round_277",boundary_queue_size,0,
metric,"round_277",accepted_local_collapses,64,
metric,"round_277",accepted_boundary_collapses,0,
metric,"round_277",skipped_boundary_edges,0,
metric,"round_277",rejected_conflicts,2,
metric,"round_277",repartitioned,1,
metric,"round_278",interior_edge_fraction,0.993949,
metric,"round_278",boundary_edge_fraction,0.00605094,
metric,"round_278",partition_load_imbalance,1,
metric,"round_278",local_queue_size,151451,
metric,"round_278",boundary_queue_size,922,
metric,"round_278",accepted_local_collapses,64,
metric,"round_278",accepted_boundary_collapses,16,
metric,"round_278",skipped_boundary_edges,0,
metric,"round_278",rejected_conflicts,4,
metric,"round_278",repartitioned,0,
metric,"round_279",interior_edge_fraction,0.987386,
metric,"round_279",boundary_edge_fraction,0.012614,
metric,"round_279",partition_load_imbalance,1,
metric,"round_279",local_queue_size,150214,
metric,"round_279",boundary_queue_size,1919,
metric,"round_279",accepted_local_collapses,64,
metric,"round_279",accepted_boundary_collapses,16,
metric,"round_279",skipped_boundary_edges,0,
metric,"round_279",rejected_conflicts,4,
metric,"round_279",repartitioned,0,
metric,"round_280",interior_edge_fraction,0.980756,
metric,"round_280",boundary_edge_fraction,0.0192438,
metric,"round_280",partition_load_imbalance,1,
metric,"round_280",local_queue_size,148970,
metric,"round_280",boundary_queue_size,2923,
metric,"round_280",accepted_local_collapses,64,
metric,"round_280",accepted_boundary_collapses,16,
metric,"round_280",skipped_boundary_edges,0,
metric,"round_280",rejected_conflicts,1,
metric,"round_280",repartitioned,0,
metric,"round_281",interior_edge_fraction,1,
metric,"round_281",boundary_edge_fraction,0,
metric,"round_281",partition_load_imbalance,1,
metric,"round_281",local_queue_size,151653,
metric,"round_281",boundary_queue_size,0,
metric,"round_281",accepted_local_collapses,64,
metric,"round_281",accepted_boundary_collapses,0,
metric,"round_281",skipped_boundary_edges,0,
metric,"round_281",rejected_conflicts,0,
metric,"round_281",repartitioned,1,
metric,"round_282",interior_edge_fraction,0.993998,
metric,"round_282",boundary_edge_fraction,0.00600154,
metric,"round_282",partition_load_imbalance,1,
metric,"round_282",local_queue_size,150552,
metric,"round_282",boundary_queue_size,909,
metric,"round_282",accepted_local_collapses,64,
metric,"round_282",accepted_boundary_collapses,16,
metric,"round_282",skipped_boundary_edges,0,
metric,"round_282",rejected_conflicts,5,
metric,"round_282",repartitioned,0,
metric,"round_283",interior_edge_fraction,0.987198,
metric,"round_283",boundary_edge_fraction,0.0128025,
metric,"round_283",partition_load_imbalance,1,
metric,"round_283",local_queue_size,149285,
metric,"round_283",boundary_queue_size,1936,
metric,"round_283",accepted_local_collapses,64,
metric,"round_283",accepted_boundary_collapses,16,
metric,"round_283",skipped_boundary_edges,0,
metric,"round_283",rejected_conflicts,2,
metric,"round_283",repartitioned,0,
metric,"round_284",interior_edge_fraction,0.980653,
metric,"round_284",boundary_edge_fraction,0.0193468,
metric,"round_284",partition_load_imbalance,1,
metric,"round_284",local_queue_size,148060,
metric,"round_284",boundary_queue_size,2921,
metric,"round_284",accepted_local_collapses,64,
metric,"round_284",accepted_boundary_collapses,16,
metric,"round_284",skipped_boundary_edges,0,
metric,"round_284",rejected_conflicts,2,
metric,"round_284",repartitioned,0,
metric,"round_285",interior_edge_fraction,1,
metric,"round_285",boundary_edge_fraction,0,
metric,"round_285",partition_load_imbalance,1,
metric,"round_285",local_queue_size,150741,
metric,"round_285",boundary_queue_size,0,
metric,"round_285",accepted_local_collapses,64,
metric,"round_285",accepted_boundary_collapses,0,
metric,"round_285",skipped_boundary_edges,0,
metric,"round_285",rejected_conflicts,0,
metric,"round_285",repartitioned,1,
metric,"round_286",interior_edge_fraction,0.994155,
metric,"round_286",boundary_edge_fraction,0.00584527,
metric,"round_286",partition_load_imbalance,1,
metric,"round_286",local_queue_size,149669,
metric,"round_286",boundary_queue_size,880,
metric,"round_286",accepted_local_collapses,64,
metric,"round_286",accepted_boundary_collapses,16,
metric,"round_286",skipped_boundary_edges,0,
metric,"round_286",rejected_conflicts,5,
metric,"round_286",repartitioned,0,
metric,"round_287",interior_edge_fraction,0.987453,
metric,"round_287",boundary_edge_fraction,0.0125475,
metric,"round_287",partition_load_imbalance,1,
metric,"round_287",local_queue_size,148423,
metric,"round_287",boundary_queue_size,1886,
metric,"round_287",accepted_local_collapses,64,
metric,"round_287",accepted_boundary_collapses,16,
metric,"round_287",skipped_boundary_edges,0,
metric,"round_287",rejected_conflicts,1,
metric,"round_287",repartitioned,0,
metric,"round_288",interior_edge_fraction,0.980895,
metric,"round_288",boundary_edge_fraction,0.0191045,
metric,"round_288",partition_load_imbalance,1,
metric,"round_288",local_queue_size,147202,
metric,"round_288",boundary_queue_size,2867,
metric,"round_288",accepted_local_collapses,64,
metric,"round_288",accepted_boundary_collapses,16,
metric,"round_288",skipped_boundary_edges,0,
metric,"round_288",rejected_conflicts,0,
metric,"round_288",repartitioned,0,
metric,"round_289",interior_edge_fraction,1,
metric,"round_289",boundary_edge_fraction,0,
metric,"round_289",partition_load_imbalance,1,
metric,"round_289",local_queue_size,149829,
metric,"round_289",boundary_queue_size,0,
metric,"round_289",accepted_local_collapses,64,
metric,"round_289",accepted_boundary_collapses,0,
metric,"round_289",skipped_boundary_edges,0,
metric,"round_289",rejected_conflicts,0,
metric,"round_289",repartitioned,1,
metric,"round_290",interior_edge_fraction,0.993905,
metric,"round_290",boundary_edge_fraction,0.00609475,
metric,"round_290",partition_load_imbalance,1,
metric,"round_290",local_queue_size,148725,
metric,"round_290",boundary_queue_size,912,
metric,"round_290",accepted_local_collapses,64,
metric,"round_290",accepted_boundary_collapses,16,
metric,"round_290",skipped_boundary_edges,0,
metric,"round_290",rejected_conflicts,7,
metric,"round_290",repartitioned,0,
metric,"round_291",interior_edge_fraction,0.987068,
metric,"round_291",boundary_edge_fraction,0.012932,
metric,"round_291",partition_load_imbalance,1,
metric,"round_291",local_queue_size,147465,
metric,"round_291",boundary_queue_size,1932,
metric,"round_291",accepted_local_collapses,64,
metric,"round_291",accepted_boundary_collapses,16,
metric,"round_291",skipped_boundary_edges,0,
metric,"round_291",rejected_conflicts,3,
metric,"round_291",repartitioned,0,
metric,"round_292",interior_edge_fraction,0.980283,
metric,"round_292",boundary_edge_fraction,0.0197175,
metric,"round_292",partition_load_imbalance,1,
metric,"round_292",local_queue_size,146216,
metric,"round_292",boundary_queue_size,2941,
metric,"round_292",accepted_local_collapses,64,
metric,"round_292",accepted_boundary_collapses,16,
metric,"round_292",skipped_boundary_edges,0,
metric,"round_292",rejected_conflicts,0,
metric,"round_292",repartitioned,0,
metric,"round_293",interior_edge_fraction,1,
metric,"round_293",boundary_edge_fraction,0,
metric,"round_293",partition_load_imbalance,1,
metric,"round_293",local_queue_size,148917,
metric,"round_293",boundary_queue_size,0,
metric,"round_293",accepted_local_collapses,64,
metric,"round_293",accepted_boundary_collapses,0,
metric,"round_293",skipped_boundary_edges,0,
metric,"round_293",rejected_conflicts,0,
metric,"round_293",repartitioned,1,
metric,"round_294",interior_edge_fraction,0.993969,
metric,"round_294",boundary_edge_fraction,0.00603127,
metric,"round_294",partition_load_imbalance,1,
metric,"round_294",local_queue_size,147828,
metric,"round_294",boundary_queue_size,897,
metric,"round_294",accepted_local_collapses,64,
metric,"round_294",accepted_boundary_collapses,16,
metric,"round_294",skipped_boundary_edges,0,
metric,"round_294",rejected_conflicts,3,
metric,"round_294",repartitioned,0,
metric,"round_295",interior_edge_fraction,0.987157,
metric,"round_295",boundary_edge_fraction,0.012843,
metric,"round_295",partition_load_imbalance,1,
metric,"round_295",local_queue_size,146578,
metric,"round_295",boundary_queue_size,1907,
metric,"round_295",accepted_local_collapses,64,
metric,"round_295",accepted_boundary_collapses,16,
metric,"round_295",skipped_boundary_edges,0,
metric,"round_295",rejected_conflicts,6,
metric,"round_295",repartitioned,0,
metric,"round_296",interior_edge_fraction,0.980289,
metric,"round_296",boundary_edge_fraction,0.0197106,
metric,"round_296",partition_load_imbalance,1,
metric,"round_296",local_queue_size,145323,
metric,"round_296",boundary_queue_size,2922,
metric,"round_296",accepted_local_collapses,64,
metric,"round_296",accepted_boundary_collapses,16,
metric,"round_296",skipped_boundary_edges,0,
metric,"round_296",rejected_conflicts,2,
metric,"round_296",repartitioned,0,
metric,"round_297",interior_edge_fraction,1,
metric,"round_297",boundary_edge_fraction,0,
metric,"round_297",partition_load_imbalance,1,
metric,"round_297",local_queue_size,148005,
metric,"round_297",boundary_queue_size,0,
metric,"round_297",accepted_local_collapses,64,
metric,"round_297",accepted_boundary_collapses,0,
metric,"round_297",skipped_boundary_edges,0,
metric,"round_297",rejected_conflicts,0,
metric,"round_297",repartitioned,1,
metric,"round_298",interior_edge_fraction,0.993904,
metric,"round_298",boundary_edge_fraction,0.00609554,
metric,"round_298",partition_load_imbalance,1,
metric,"round_298",local_queue_size,146912,
metric,"round_298",boundary_queue_size,901,
metric,"round_298",accepted_local_collapses,64,
metric,"round_298",accepted_boundary_collapses,16,
metric,"round_298",skipped_boundary_edges,0,
metric,"round_298",rejected_conflicts,3,
metric,"round_298",repartitioned,0,
metric,"round_299",interior_edge_fraction,0.986854,
metric,"round_299",boundary_edge_fraction,0.013146,
metric,"round_299",partition_load_imbalance,1,
metric,"round_299",local_queue_size,145633,
metric,"round_299",boundary_queue_size,1940,
metric,"round_299",accepted_local_collapses,64,
metric,"round_299",accepted_boundary_collapses,16,
metric,"round_299",skipped_boundary_edges,0,
metric,"round_299",rejected_conflicts,4,
metric,"round_299",repartitioned,0,
metric,"round_300",interior_edge_fraction,0.98014,
metric,"round_300",boundary_edge_fraction,0.0198598,
metric,"round_300",partition_load_imbalance,1,
metric,"round_300",local_queue_size,144407,
metric,"round_300",boundary_queue_size,2926,
metric,"round_300",accepted_local_collapses,64,
metric,"round_300",accepted_boundary_collapses,16,
metric,"round_300",skipped_boundary_edges,0,
metric,"round_300",rejected_conflicts,0,
metric,"round_300",repartitioned,0,
metric,"round_301",interior_edge_fraction,1,
metric,"round_301",boundary_edge_fraction,0,
metric,"round_301",partition_load_imbalance,1,
metric,"round_301",local_queue_size,147093,
metric,"round_301",boundary_queue_size,0,
metric,"round_301",accepted_local_collapses,64,
metric,"round_301",accepted_boundary_collapses,0,
metric,"round_301",skipped_boundary_edges,0,
metric,"round_301",rejected_conflicts,0,
metric,"round_301",repartitioned,1,
metric,"round_302",interior_edge_fraction,0.993846,
metric,"round_302",boundary_edge_fraction,0.0061538,
metric,"round_302",partition_load_imbalance,1,
metric,"round_302",local_queue_size,145997,
metric,"round_302",boundary_queue_size,904,
metric,"round_302",accepted_local_collapses,64,
metric,"round_302",accepted_boundary_collapses,16,
metric,"round_302",skipped_boundary_edges,0,
metric,"round_302",rejected_conflicts,4,
metric,"round_302",repartitioned,0,
metric,"round_303",interior_edge_fraction,0.98699,
metric,"round_303",boundary_edge_fraction,0.0130096,
metric,"round_303",partition_load_imbalance,1,
metric,"round_303",local_queue_size,144753,
metric,"round_303",boundary_queue_size,1908,
metric,"round_303",accepted_local_collapses,64,
metric,"round_303",accepted_boundary_collapses,16,
metric,"round_303",skipped_boundary_edges,0,
metric,"round_303",rejected_conflicts,2,
metric,"round_303",repartitioned,0,
metric,"round_304",interior_edge_fraction,0.980092,
metric,"round_304",boundary_edge_fraction,0.0199083,
metric,"round_304",partition_load_imbalance,1,
metric,"round_304",local_queue_size,143506,
metric,"round_304",boundary_queue_size,2915,
metric,"round_304",accepted_local_collapses,64,
metric,"round_304",accepted_boundary_collapses,16,
metric,"round_304",skipped_boundary_edges,0,
metric,"round_304",rejected_conflicts,6,
metric,"round_304",repartitioned,0,
metric,"round_305",interior_edge_fraction,1,
metric,"round_305",boundary_edge_fraction,0,
metric,"round_305",partition_load_imbalance,1,
metric,"round_305",local_queue_size,146181,
metric,"round_305",boundary_queue_size,0,
metric,"round_305",accepted_local_collapses,64,
metric,"round_305",accepted_boundary_collapses,0,
metric,"round_305",skipped_boundary_edges,0,
metric,"round_305",rejected_conflicts,0,
metric,"round_305",repartitioned,1,
metric,"round_306",interior_edge_fraction,0.993876,
metric,"round_306",boundary_edge_fraction,0.00612375,
metric,"round_306",partition_load_imbalance,1,
metric,"round_306",local_queue_size,145095,
metric,"round_306",boundary_queue_size,894,
metric,"round_306",accepted_local_collapses,64,
metric,"round_306",accepted_boundary_collapses,16,
metric,"round_306",skipped_boundary_edges,0,
metric,"round_306",rejected_conflicts,0,
metric,"round_306",repartitioned,0,
metric,"round_307",interior_edge_fraction,0.986902,
metric,"round_307",boundary_edge_fraction,0.0130979,
metric,"round_307",partition_load_imbalance,1,
metric,"round_307",local_queue_size,143840,
metric,"round_307",boundary_queue_size,1909,
metric,"round_307",accepted_local_collapses,64,
metric,"round_307",accepted_boundary_collapses,16,
metric,"round_307",skipped_boundary_edges,0,
metric,"round_307",rejected_conflicts,0,
metric,"round_307",repartitioned,0,
metric,"round_308",interior_edge_fraction,0.980125,
metric,"round_308",boundary_edge_fraction,0.0198751,
metric,"round_308",partition_load_imbalance,1,
metric,"round_308",local_queue_size,142617,
metric,"round_308",boundary_queue_size,2892,
metric,"round_308",accepted_local_collapses,64,
metric,"round_308",accepted_boundary_collapses,16,
metric,"round_308",skipped_boundary_edges,0,
metric,"round_308",rejected_conflicts,2,
metric,"round_308",repartitioned,0,
metric,"round_309",interior_edge_fraction,1,
metric,"round_309",boundary_edge_fraction,0,
metric,"round_309",partition_load_imbalance,1,
metric,"round_309",local_queue_size,145269,
metric,"round_309",boundary_queue_size,0,
metric,"round_309",accepted_local_collapses,64,
metric,"round_309",accepted_boundary_collapses,0,
metric,"round_309",skipped_boundary_edges,0,
metric,"round_309",rejected_conflicts,1,
metric,"round_309",repartitioned,1,
metric,"round_310",interior_edge_fraction,0.993727,
metric,"round_310",boundary_edge_fraction,0.00627253,
metric,"round_310",partition_load_imbalance,1,
metric,"round_310",local_queue_size,144167,
metric,"round_310",boundary_queue_size,910,
metric,"round_310",accepted_local_collapses,64,
metric,"round_310",accepted_boundary_collapses,16,
metric,"round_310",skipped_boundary_edges,0,
metric,"round_310",rejected_conflicts,2,
metric,"round_310",repartitioned,0,
metric,"round_311",interior_edge_fraction,0.986668,
metric,"round_311",boundary_edge_fraction,0.0133322,
metric,"round_311",partition_load_imbalance,1,
metric,"round_311",local_queue_size,142906,
metric,"round_311",boundary_queue_size,1931,
metric,"round_311",accepted_local_collapses,64,
metric,"round_311",accepted_boundary_collapses,16,
metric,"round_311",skipped_boundary_edges,0,
metric,"round_311",rejected_conflicts,7,
metric,"round_311",repartitioned,0,
metric,"round_312",interior_edge_fraction,0.979854,
metric,"round_312",boundary_edge_fraction,0.0201456,
metric,"round_312",partition_load_imbalance,1,
metric,"round_312",local_queue_size,141684,
metric,"round_312",boundary_queue_size,2913,
metric,"round_312",accepted_local_collapses,64,
metric,"round_312",accepted_boundary_collapses,16,
metric,"round_312",skipped_boundary_edges,0,
metric,"round_312",rejected_conflicts,4,
metric,"round_312",repartitioned,0,
metric,"round_313",interior_edge_fraction,1,
metric,"round_313",boundary_edge_fraction,0,
metric,"round_313",partition_load_imbalance,1,
metric,"round_313",local_queue_size,144357,
metric,"round_313",boundary_queue_size,0,
metric,"round_313",accepted_local_collapses,64,
metric,"round_313",accepted_boundary_collapses,0,
metric,"round_313",skipped_boundary_edges,0,
metric,"round_313",rejected_conflicts,0,
metric,"round_313",repartitioned,1,
metric,"round_314",interior_edge_fraction,0.993702,
metric,"round_314",boundary_edge_fraction,0.00629834,
metric,"round_314",partition_load_imbalance,1,
metric,"round_314",local_queue_size,143257,
metric,"round_314",boundary_queue_size,908,
metric,"round_314",accepted_local_collapses,64,
metric,"round_314",accepted_boundary_collapses,16,
metric,"round_314",skipped_boundary_edges,0,
metric,"round_314",rejected_conflicts,1,
metric,"round_314",repartitioned,0,
metric,"round_315",interior_edge_fraction,0.986611,
metric,"round_315",boundary_edge_fraction,0.0133889,
metric,"round_315",partition_load_imbalance,1,
metric,"round_315",local_queue_size,141998,
metric,"round_315",boundary_queue_size,1927,
metric,"round_315",accepted_local_collapses,64,
metric,"round_315",accepted_boundary_collapses,16,
metric,"round_315",skipped_boundary_edges,0,
metric,"round_315",rejected_conflicts,1,
metric,"round_315",repartitioned,0,
metric,"round_316",interior_edge_fraction,0.979462,
metric,"round_316",boundary_edge_fraction,0.020538,
metric,"round_316",partition_load_imbalance,1,
metric,"round_316",local_queue_size,140734,
metric,"round_316",boundary_queue_size,2951,
metric,"round_316",accepted_local_collapses,64,
metric,"round_316",accepted_boundary_collapses,16,
metric,"round_316",skipped_boundary_edges,0,
metric,"round_316",rejected_conflicts,6,
metric,"round_316",repartitioned,0,
metric,"round_317",interior_edge_fraction,1,
metric,"round_317",boundary_edge_fraction,0,
metric,"round_317",partition_load_imbalance,1,
metric,"round_317",local_queue_size,143445,
metric,"round_317",boundary_queue_size,0,
metric,"round_317",accepted_local_collapses,64,
metric,"round_317",accepted_boundary_collapses,0,
metric,"round_317",skipped_boundary_edges,0,
metric,"round_317",rejected_conflicts,0,
metric,"round_317",repartitioned,1,
metric,"round_318",interior_edge_fraction,0.993669,
metric,"round_318",boundary_edge_fraction,0.00633146,
metric,"round_318",partition_load_imbalance,1,
metric,"round_318",local_queue_size,142346,
metric,"round_318",boundary_queue_size,907,
metric,"round_318",accepted_local_collapses,64,
metric,"round_318",accepted_boundary_collapses,16,
metric,"round_318",skipped_boundary_edges,0,
metric,"round_318",rejected_conflicts,5,
metric,"round_318",repartitioned,0,
metric,"round_319",interior_edge_fraction,0.986756,
metric,"round_319",boundary_edge_fraction,0.0132436,
metric,"round_319",partition_load_imbalance,1,
metric,"round_319",local_queue_size,141119,
metric,"round_319",boundary_queue_size,1894,
metric,"round_319",accepted_local_collapses,64,
metric,"round_319",accepted_boundary_collapses,16,
metric,"round_319",skipped_boundary_edges,0,
metric,"round_319",rejected_conflicts,2,
metric,"round_319",repartitioned,0,
metric,"round_320",interior_edge_fraction,0.979632,
metric,"round_320",boundary_edge_fraction,0.020368,
metric,"round_320",partition_load_imbalance,1,
metric,"round_320",local_queue_size,139865,
metric,"round_320",boundary_queue_size,2908,
metric,"round_320",accepted_local_collapses,64,
metric,"round_320",accepted_boundary_collapses,16,
metric,"round_320",skipped_boundary_edges,0,
metric,"round_320",rejected_conflicts,6,
metric,"round_320",repartitioned,0,
metric,"round_321",interior_edge_fraction,1,
metric,"round_321",boundary_edge_fraction,0,
metric,"round_321",partition_load_imbalance,1,
metric,"round_321",local_queue_size,142533,
metric,"round_321",boundary_queue_size,0,
metric,"round_321",accepted_local_collapses,64,
metric,"round_321",accepted_boundary_collapses,0,
metric,"round_321",skipped_boundary_edges,0,
metric,"round_321",rejected_conflicts,0,
metric,"round_321",repartitioned,1,
metric,"round_322",interior_edge_fraction,0.993712,
metric,"round_322",boundary_edge_fraction,0.00628772,
metric,"round_322",partition_load_imbalance,1,
metric,"round_322",local_queue_size,141446,
metric,"round_322",boundary_queue_size,895,
metric,"round_322",accepted_local_collapses,64,
metric,"round_322",accepted_boundary_collapses,16,
metric,"round_322",skipped_boundary_edges,0,
metric,"round_322",rejected_conflicts,3,
metric,"round_322",repartitioned,0,
metric,"round_323",interior_edge_fraction,0.986714,
metric,"round_323",boundary_edge_fraction,0.0132863,
metric,"round_323",partition_load_imbalance,1,
metric,"round_323",local_queue_size,140213,
metric,"round_323",boundary_queue_size,1888,
metric,"round_323",accepted_local_collapses,64,
metric,"round_323",accepted_boundary_collapses,16,
metric,"round_323",skipped_boundary_edges,0,
metric,"round_323",rejected_conflicts,3,
metric,"round_323",repartitioned,0,
metric,"round_324",interior_edge_fraction,0.979586,
metric,"round_324",boundary_edge_fraction,0.0204143,
metric,"round_324",partition_load_imbalance,1,
metric,"round_324",local_queue_size,138965,
metric,"round_324",boundary_queue_size,2896,
metric,"round_324",accepted_local_collapses,64,
metric,"round_324",accepted_boundary_collapses,16,
metric,"round_324",skipped_boundary_edges,0,
metric,"round_324",rejected_conflicts,3,
metric,"round_324",repartitioned,0,
metric,"round_325",interior_edge_fraction,1,
metric,"round_325",boundary_edge_fraction,0,
metric,"round_325",partition_load_imbalance,1,
metric,"round_325",local_queue_size,141621,
metric,"round_325",boundary_queue_size,0,
metric,"round_325",accepted_local_collapses,64,
metric,"round_325",accepted_boundary_collapses,0,
metric,"round_325",skipped_boundary_edges,0,
metric,"round_325",rejected_conflicts,2,
metric,"round_325",repartitioned,1,
metric,"round_326",interior_edge_fraction,0.993509,
metric,"round_326",boundary_edge_fraction,0.00649089,
metric,"round_326",partition_load_imbalance,1,
metric,"round_326",local_queue_size,140511,
metric,"round_326",boundary_queue_size,918,
metric,"round_326",accepted_local_collapses,64,
metric,"round_326",accepted_boundary_collapses,16,
metric,"round_326",skipped_boundary_edges,0,
metric,"round_326",rejected_conflicts,5,
metric,"round_326",repartitioned,0,
metric,"round_327",interior_edge_fraction,0.986366,
metric,"round_327",boundary_edge_fraction,0.0136342,
metric,"round_327",partition_load_imbalance,1,
metric,"round_327",local_queue_size,139264,
metric,"round_327",boundary_queue_size,1925,
metric,"round_327",accepted_local_collapses,64,
metric,"round_327",accepted_boundary_collapses,16,
metric,"round_327",skipped_boundary_edges,0,
metric,"round_327",rejected_conflicts,2,
metric,"round_327",repartitioned,0,
metric,"round_328",interior_edge_fraction,0.979184,
metric,"round_328",boundary_edge_fraction,0.020816,
metric,"round_328",partition_load_imbalance,1,
metric,"round_328",local_queue_size,138015,
metric,"round_328",boundary_queue_size,2934,
metric,"round_328",accepted_local_collapses,64,
metric,"round_328",accepted_boundary_collapses,16,
metric,"round_328",skipped_boundary_edges,0,
metric,"round_328",rejected_conflicts,1,
metric,"round_328",repartitioned,0,
metric,"round_329",interior_edge_fraction,1,
metric,"round_329",boundary_edge_fraction,0,
metric,"round_329",partition_load_imbalance,1,
metric,"round_329",local_queue_size,140709,
metric,"round_329",boundary_queue_size,0,
metric,"round_329",accepted_local_collapses,64,
metric,"round_329",accepted_boundary_collapses,0,
metric,"round_329",skipped_boundary_edges,0,
metric,"round_329",rejected_conflicts,0,
metric,"round_329",repartitioned,1,
metric,"round_330",interior_edge_fraction,0.993567,
metric,"round_330",boundary_edge_fraction,0.00643339,
metric,"round_330",partition_load_imbalance,1,
metric,"round_330",local_queue_size,139613,
metric,"round_330",boundary_queue_size,904,
metric,"round_330",accepted_local_collapses,64,
metric,"round_330",accepted_boundary_collapses,16,
metric,"round_330",skipped_boundary_edges,0,
metric,"round_330",rejected_conflicts,3,
metric,"round_330",repartitioned,0,
metric,"round_331",interior_edge_fraction,0.986455,
metric,"round_331",boundary_edge_fraction,0.0135446,
metric,"round_331",partition_load_imbalance,1,
metric,"round_331",local_queue_size,138377,
metric,"round_331",boundary_queue_size,1900,
metric,"round_331",accepted_local_collapses,64,
metric,"round_331",accepted_boundary_collapses,16,
metric,"round_331",skipped_boundary_edges,0,
metric,"round_331",rejected_conflicts,4,
metric,"round_331",repartitioned,0,
metric,"round_332",interior_edge_fraction,0.979298,
metric,"round_332",boundary_edge_fraction,0.0207017,
metric,"round_332",partition_load_imbalance,1,
metric,"round_332",local_queue_size,137138,
metric,"round_332",boundary_queue_size,2899,
metric,"round_332",accepted_local_collapses,64,
metric,"round_332",accepted_boundary_collapses,16,
metric,"round_332",skipped_boundary_edges,0,
metric,"round_332",rejected_conflicts,5,
metric,"round_332",repartitioned,0,
metric,"round_333",interior_edge_fraction,1,
metric,"round_333",boundary_edge_fraction,0,
metric,"round_333",partition_load_imbalance,1,
metric,"round_333",local_queue_size,139797,
metric,"round_333",boundary_queue_size,0,
metric,"round_333",accepted_local_collapses,64,
metric,"round_333",accepted_boundary_collapses,0,
metric,"round_333",skipped_boundary_edges,0,
metric,"round_333",rejected_conflicts,0,
metric,"round_333",repartitioned,1,
metric,"round_334",interior_edge_fraction,0.993611,
metric,"round_334",boundary_edge_fraction,0.00638946,
metric,"round_334",partition_load_imbalance,1,
metric,"round_334",local_queue_size,138713,
metric,"round_334",boundary_queue_size,892,
metric,"round_334",accepted_local_collapses,64,
metric,"round_334",accepted_boundary_collapses,16,
metric,"round_334",skipped_boundary_edges,0,
metric,"round_334",rejected_conflicts,5,
metric,"round_334",repartitioned,0,
metric,"round_335",interior_edge_fraction,0.986223,
metric,"round_335",boundary_edge_fraction,0.0137768,
metric,"round_335",partition_load_imbalance,1,
metric,"round_335",local_queue_size,137445,
metric,"round_335",boundary_queue_size,1920,
metric,"round_335",accepted_local_collapses,64,
metric,"round_335",accepted_boundary_collapses,16,
metric,"round_335",skipped_boundary_edges,0,
metric,"round_335",rejected_conflicts,5,
metric,"round_335",repartitioned,0,
metric,"round_336",interior_edge_fraction,0.978925,
metric,"round_336",boundary_edge_fraction,0.0210746,
metric,"round_336",partition_load_imbalance,1,
metric,"round_336",local_queue_size,136193,
metric,"round_336",boundary_queue_size,2932,
metric,"round_336",accepted_local_collapses,64,
metric,"round_336",accepted_boundary_collapses,16,
metric,"round_336",skipped_boundary_edges,0,
metric,"round_336",rejected_conflicts,0,
metric,"round_336",repartitioned,0,
metric,"round_337",interior_edge_fraction,1,
metric,"round_337",boundary_edge_fraction,0,
metric,"round_337",partition_load_imbalance,1,
metric,"round_337",local_queue_size,138885,
metric,"round_337",boundary_queue_size,0,
metric,"round_337",accepted_local_collapses,64,
metric,"round_337",accepted_boundary_collapses,0,
metric,"round_337",skipped_boundary_edges,0,
metric,"round_337",rejected_conflicts,1,
metric,"round_337",repartitioned,1,
metric,"round_338",interior_edge_fraction,0.99354,
metric,"round_338",boundary_edge_fraction,0.00646031,
metric,"round_338",partition_load_imbalance,1,
metric,"round_338",local_queue_size,137797,
metric,"round_338",boundary_queue_size,896,
metric,"round_338",accepted_local_collapses,64,
metric,"round_338",accepted_boundary_collapses,16,
metric,"round_338",skipped_boundary_edges,0,
metric,"round_338",rejected_conflicts,2,
metric,"round_338",repartitioned,0,
metric,"round_339",interior_edge_fraction,0.986284,
metric,"round_339",boundary_edge_fraction,0.0137158,
metric,"round_339",partition_load_imbalance,1,
metric,"round_339",local_queue_size,136554,
metric,"round_339",boundary_queue_size,1899,
metric,"round_339",accepted_local_collapses,64,
metric,"round_339",accepted_boundary_collapses,16,
metric,"round_339",skipped_boundary_edges,0,
metric,"round_339",rejected_conflicts,4,
metric,"round_339",repartitioned,0,
metric,"round_340",interior_edge_fraction,0.979134,
metric,"round_340",boundary_edge_fraction,0.0208663,
metric,"round_340",partition_load_imbalance,1,
metric,"round_340",local_queue_size,135329,
metric,"round_340",boundary_queue_size,2884,
metric,"round_340",accepted_local_collapses,64,
metric,"round_340",accepted_boundary_collapses,16,
metric,"round_340",skipped_boundary_edges,0,
metric,"round_340",rejected_conflicts,1,
metric,"round_340",repartitioned,0,
metric,"round_341",interior_edge_fraction,1,
metric,"round_341",boundary_edge_fraction,0,
metric,"round_341",partition_load_imbalance,1,
metric,"round_341",local_queue_size,137973,
metric,"round_341",boundary_queue_size,0,
metric,"round_341",accepted_local_collapses,64,
metric,"round_341",accepted_boundary_collapses,0,
metric,"round_341",skipped_boundary_edges,0,
metric,"round_341",rejected_conflicts,0,
metric,"round_341",repartitioned,1,
metric,"round_342",interior_edge_fraction,0.993678,
metric,"round_342",boundary_edge_fraction,0.00632163,
metric,"round_342",partition_load_imbalance,1,
metric,"round_342",local_queue_size,136910,
metric,"round_342",boundary_queue_size,871,
metric,"round_342",accepted_local_collapses,64,
metric,"round_342",accepted_boundary_collapses,16,
metric,"round_342",skipped_boundary_edges,0,
metric,"round_342",rejected_conflicts,3,
metric,"round_342",repartitioned,0,
metric,"round_343",interior_edge_fraction,0.986535,
metric,"round_343",boundary_edge_fraction,0.0134651,
metric,"round_343",partition_load_imbalance,1,
metric,"round_343",local_queue_size,135689,
metric,"round_343",boundary_queue_size,1852,
metric,"round_343",accepted_local_collapses,64,
metric,"round_343",accepted_boundary_collapses,16,
metric,"round_343",skipped_boundary_edges,0,
metric,"round_343",rejected_conflicts,0,
metric,"round_343",repartitioned,0,
metric,"round_344",interior_edge_fraction,0.979265,
metric,"round_344",boundary_edge_fraction,0.0207355,
metric,"round_344",partition_load_imbalance,1,
metric,"round_344",local_queue_size,134454,
metric,"round_344",boundary_queue_size,2847,
metric,"round_344",accepted_local_collapses,64,
metric,"round_344",accepted_boundary_collapses,16,
metric,"round_344",skipped_boundary_edges,0,
metric,"round_344",rejected_conflicts,4,
metric,"round_344",repartitioned,0,
metric,"round_345",interior_edge_fraction,1,
metric,"round_345",boundary_edge_fraction,0,
metric,"round_345",partition_load_imbalance,1,
metric,"round_345",local_queue_size,137061,
metric,"round_345",boundary_queue_size,0,
metric,"round_345",accepted_local_collapses,64,
metric,"round_345",accepted_boundary_collapses,0,
metric,"round_345",skipped_boundary_edges,0,
metric,"round_345",rejected_conflicts,1,
metric,"round_345",repartitioned,1,
metric,"round_346",interior_edge_fraction,0.993351,
metric,"round_346",boundary_edge_fraction,0.00664869,
metric,"round_346",partition_load_imbalance,1,
metric,"round_346",local_queue_size,135959,
metric,"round_346",boundary_queue_size,910,
metric,"round_346",accepted_local_collapses,64,
metric,"round_346",accepted_boundary_collapses,16,
metric,"round_346",skipped_boundary_edges,0,
metric,"round_346",rejected_conflicts,3,
metric,"round_346",repartitioned,0,
metric,"round_347",interior_edge_fraction,0.986094,
metric,"round_347",boundary_edge_fraction,0.0139063,
metric,"round_347",partition_load_imbalance,1,
metric,"round_347",local_queue_size,134729,
metric,"round_347",boundary_queue_size,1900,
metric,"round_347",accepted_local_collapses,64,
metric,"round_347",accepted_boundary_collapses,16,
metric,"round_347",skipped_boundary_edges,0,
metric,"round_347",rejected_conflicts,4,
metric,"round_347",repartitioned,0,
metric,"round_348",interior_edge_fraction,0.97851,
metric,"round_348",boundary_edge_fraction,0.02149,
metric,"round_348",partition_load_imbalance,1,
metric,"round_348",local_queue_size,133458,
metric,"round_348",boundary_queue_size,2931,
metric,"round_348",accepted_local_collapses,64,
metric,"round_348",accepted_boundary_collapses,16,
metric,"round_348",skipped_boundary_edges,0,
metric,"round_348",rejected_conflicts,2,
metric,"round_348",repartitioned,0,
metric,"round_349",interior_edge_fraction,1,
metric,"round_349",boundary_edge_fraction,0,
metric,"round_349",partition_load_imbalance,1,
metric,"round_349",local_queue_size,136149,
metric,"round_349",boundary_queue_size,0,
metric,"round_349",accepted_local_collapses,64,
metric,"round_349",accepted_boundary_collapses,0,
metric,"round_349",skipped_boundary_edges,0,
metric,"round_349",rejected_conflicts,2,
metric,"round_349",repartitioned,1,
metric,"round_350",interior_edge_fraction,0.99338,
metric,"round_350",boundary_edge_fraction,0.00661974,
metric,"round_350",partition_load_imbalance,1,
metric,"round_350",local_queue_size,135057,
metric,"round_350",boundary_queue_size,900,
metric,"round_350",accepted_local_collapses,64,
metric,"round_350",accepted_boundary_collapses,16,
metric,"round_350",skipped_boundary_edges,0,
metric,"round_350",rejected_conflicts,7,
metric,"round_350",repartitioned,0,
metric,"round_351",interior_edge_fraction,0.985853,
metric,"round_351",boundary_edge_fraction,0.0141471,
metric,"round_351",partition_load_imbalance,1,
metric,"round_351",local_queue_size,133797,
metric,"round_351",boundary_queue_size,1920,
metric,"round_351",accepted_local_collapses,64,
metric,"round_351",accepted_boundary_collapses,16,
metric,"round_351",skipped_boundary_edges,0,
metric,"round_351",rejected_conflicts,2,
metric,"round_351",repartitioned,0,
metric,"round_352",interior_edge_fraction,0.978491,
metric,"round_352",boundary_edge_fraction,0.0215092,
metric,"round_352",partition_load_imbalance,1,
metric,"round_352",local_queue_size,132563,
metric,"round_352",boundary_queue_size,2914,
metric,"round_352",accepted_local_collapses,64,
metric,"round_352",accepted_boundary_collapses,16,
metric,"round_352",skipped_boundary_edges,0,
metric,"round_352",rejected_conflicts,3,
metric,"round_352",repartitioned,0,
metric,"round_353",interior_edge_fraction,1,
metric,"round_353",boundary_edge_fraction,0,
metric,"round_353",partition_load_imbalance,1,
metric,"round_353",local_queue_size,135237,
metric,"round_353",boundary_queue_size,0,
metric,"round_353",accepted_local_collapses,64,
metric,"round_353",accepted_boundary_collapses,0,
metric,"round_353",skipped_boundary_edges,0,
metric,"round_353",rejected_conflicts,2,
metric,"round_353",repartitioned,1,
metric,"round_354",interior_edge_fraction,0.99338,
metric,"round_354",boundary_edge_fraction,0.00662002,
metric,"round_354",partition_load_imbalance,1,
metric,"round_354",local_queue_size,134151,
metric,"round_354",boundary_queue_size,894,
metric,"round_354",accepted_local_collapses,64,
metric,"round_354",accepted_boundary_collapses,16,
metric,"round_354",skipped_boundary_edges,0,
metric,"round_354",rejected_conflicts,6,
metric,"round_354",repartitioned,0,
metric,"round_355",interior_edge_fraction,0.985868,
metric,"round_355",boundary_edge_fraction,0.0141315,
metric,"round_355",partition_load_imbalance,1,
metric,"round_355",local_queue_size,132900,
metric,"round_355",boundary_queue_size,1905,
metric,"round_355",accepted_local_collapses,64,
metric,"round_355",accepted_boundary_collapses,16,
metric,"round_355",skipped_boundary_edges,0,
metric,"round_355",rejected_conflicts,2,
metric,"round_355",repartitioned,0,
metric,"round_356",interior_edge_fraction,0.978546,
metric,"round_356",boundary_edge_fraction,0.0214543,
metric,"round_356",partition_load_imbalance,1,
metric,"round_356",local_queue_size,131678,
metric,"round_356",boundary_queue_size,2887,
metric,"round_356",accepted_local_collapses,64,
metric,"round_356",accepted_boundary_collapses,16,
metric,"round_356",skipped_boundary_edges,0,
metric,"round_356",rejected_conflicts,3,
metric,"round_356",repartitioned,0,
metric,"round_357",interior_edge_fraction,1,
metric,"round_357",boundary_edge_fraction,0,
metric,"round_357",partition_load_imbalance,1,
metric,"round_357",local_queue_size,134325,
metric,"round_357",boundary_queue_size,0,
metric,"round_357",accepted_local_collapses,64,
metric,"round_357",accepted_boundary_collapses,0,
metric,"round_357",skipped_boundary_edges,0,
metric,"round_357",rejected_conflicts,3,
metric,"round_357",repartitioned,1,
metric,"round_358",interior_edge_fraction,0.993201,
metric,"round_358",boundary_edge_fraction,0.00679922,
metric,"round_358",partition_load_imbalance,1,
metric,"round_358",local_queue_size,133221,
metric,"round_358",boundary_queue_size,912,
metric,"round_358",accepted_local_collapses,64,
metric,"round_358",accepted_boundary_collapses,16,
metric,"round_358",skipped_boundary_edges,0,
metric,"round_358",rejected_conflicts,10,
metric,"round_358",repartitioned,0,
metric,"round_359",interior_edge_fraction,0.98572,
metric,"round_359",boundary_edge_fraction,0.0142801,
metric,"round_359",partition_load_imbalance,1,
metric,"round_359",local_queue_size,131981,
metric,"round_359",boundary_queue_size,1912,
metric,"round_359",accepted_local_collapses,64,
metric,"round_359",accepted_boundary_collapses,16,
metric,"round_359",skipped_boundary_edges,0,
metric,"round_359",rejected_conflicts,2,
metric,"round_359",repartitioned,0,
metric,"round_360",interior_edge_fraction,0.97807,
metric,"round_360",boundary_edge_fraction,0.0219299,
metric,"round_360",partition_load_imbalance,1,
metric,"round_360",local_queue_size,130722,
metric,"round_360",boundary_queue_size,2931,
metric,"round_360",accepted_local_collapses,64,
metric,"round_360",accepted_boundary_collapses,16,
metric,"round_360",skipped_boundary_edges,0,
metric,"round_360",rejected_conflicts,3,
metric,"round_360",repartitioned,0,
metric,"round_361",interior_edge_fraction,1,
metric,"round_361",boundary_edge_fraction,0,
metric,"round_361",partition_load_imbalance,1,
metric,"round_361",local_queue_size,133413,
metric,"round_361",boundary_queue_size,0,
metric,"round_361",accepted_local_collapses,64,
metric,"round_361",accepted_boundary_collapses,0,
metric,"round_361",skipped_boundary_edges,0,
metric,"round_361",rejected_conflicts,0,
metric,"round_361",repartitioned,1,
metric,"round_362",interior_edge_fraction,0.993394,
metric,"round_362",boundary_edge_fraction,0.00660557,
metric,"round_362",partition_load_imbalance,1,
metric,"round_362",local_queue_size,132341,
metric,"round_362",boundary_queue_size,880,
metric,"round_362",accepted_local_collapses,64,
metric,"round_362",accepted_boundary_collapses,16,
metric,"round_362",skipped_boundary_edges,0,
metric,"round_362",rejected_conflicts,3,
metric,"round_362",repartitioned,0,
metric,"round_363",interior_edge_fraction,0.98596,
metric,"round_363",boundary_edge_fraction,0.0140396,
metric,"round_363",partition_load_imbalance,1,
metric,"round_363",local_queue_size,131114,
metric,"round_363",boundary_queue_size,1867,
metric,"round_363",accepted_local_collapses,64,
metric,"round_363",accepted_boundary_collapses,16,
metric,"round_363",skipped_boundary_edges,0,
metric,"round_363",rejected_conflicts,7,
metric,"round_363",repartitioned,0,
metric,"round_364",interior_edge_fraction,0.978462,
metric,"round_364",boundary_edge_fraction,0.0215382,
metric,"round_364",partition_load_imbalance,1,
metric,"round_364",local_queue_size,129882,
metric,"round_364",boundary_queue_size,2859,
metric,"round_364",accepted_local_collapses,64,
metric,"round_364",accepted_boundary_collapses,16,
metric,"round_364",skipped_boundary_edges,0,
metric,"round_364",rejected_conflicts,5,
metric,"round_364",repartitioned,0,
metric,"round_365",interior_edge_fraction,1,
metric,"round_365",boundary_edge_fraction,0,
metric,"round_365",partition_load_imbalance,1,
metric,"round_365",local_queue_size,132501,
metric,"round_365",boundary_queue_size,0,
metric,"round_365",accepted_local_collapses,64,
metric,"round_365",accepted_boundary_collapses,0,
metric,"round_365",skipped_boundary_edges,0,
metric,"round_365",rejected_conflicts,0,
metric,"round_365",repartitioned,1,
metric,"round_366",interior_edge_fraction,0.993198,
metric,"round_366",boundary_edge_fraction,0.00680226,
metric,"round_366",partition_load_imbalance,1,
metric,"round_366",local_queue_size,131409,
metric,"round_366",boundary_queue_size,900,
metric,"round_366",accepted_local_collapses,64,
metric,"round_366",accepted_boundary_collapses,16,
metric,"round_366",skipped_boundary_edges,0,
metric,"round_366",rejected_conflicts,4,
metric,"round_366",repartitioned,0,
metric,"round_367",interior_edge_fraction,0.985735,
metric,"round_367",boundary_edge_fraction,0.0142653,
metric,"round_367",partition_load_imbalance,1,
metric,"round_367",local_queue_size,130185,
metric,"round_367",boundary_queue_size,1884,
metric,"round_367",accepted_local_collapses,64,
metric,"round_367",accepted_boundary_collapses,16,
metric,"round_367",skipped_boundary_edges,0,
metric,"round_367",rejected_conflicts,9,
metric,"round_367",repartitioned,0,
metric,"round_368",interior_edge_fraction,0.978169,
metric,"round_368",boundary_edge_fraction,0.0218313,
metric,"round_368",partition_load_imbalance,1,
metric,"round_368",local_queue_size,128951,
metric,"round_368",boundary_queue_size,2878,
metric,"round_368",accepted_local_collapses,64,
metric,"round_368",accepted_boundary_collapses,16,
metric,"round_368",skipped_boundary_edges,0,
metric,"round_368",rejected_conflicts,3,
metric,"round_368",repartitioned,0,
metric,"round_369",interior_edge_fraction,1,
metric,"round_369",boundary_edge_fraction,0,
metric,"round_369",partition_load_imbalance,1,
metric,"round_369",local_queue_size,131589,
metric,"round_369",boundary_queue_size,0,
metric,"round_369",accepted_local_collapses,64,
metric,"round_369",accepted_boundary_collapses,0,
metric,"round_369",skipped_boundary_edges,0,
metric,"round_369",rejected_conflicts,0,
metric,"round_369",repartitioned,1,
metric,"round_370",interior_edge_fraction,0.993097,
metric,"round_370",boundary_edge_fraction,0.00690275,
metric,"round_370",partition_load_imbalance,1,
metric,"round_370",local_queue_size,130490,
metric,"round_370",boundary_queue_size,907,
metric,"round_370",accepted_local_collapses,64,
metric,"round_370",accepted_boundary_collapses,16,
metric,"round_370",skipped_boundary_edges,0,
metric,"round_370",rejected_conflicts,6,
metric,"round_370",repartitioned,0,
metric,"round_371",interior_edge_fraction,0.985552,
metric,"round_371",boundary_edge_fraction,0.0144483,
metric,"round_371",partition_load_imbalance,1,
metric,"round_371",local_queue_size,129262,
metric,"round_371",boundary_queue_size,1895,
metric,"round_371",accepted_local_collapses,64,
metric,"round_371",accepted_boundary_collapses,16,
metric,"round_371",skipped_boundary_edges,0,
metric,"round_371",rejected_conflicts,2,
metric,"round_371",repartitioned,0,
metric,"round_372",interior_edge_fraction,0.97781,
metric,"round_372",boundary_edge_fraction,0.0221896,
metric,"round_372",partition_load_imbalance,1,
metric,"round_372",local_queue_size,128012,
metric,"round_372",boundary_queue_size,2905,
metric,"round_372",accepted_local_collapses,64,
metric,"round_372",accepted_boundary_collapses,16,
metric,"round_372",skipped_boundary_edges,0,
metric,"round_372",rejected_conflicts,4,
metric,"round_372",repartitioned,0,
metric,"round_373",interior_edge_fraction,1,
metric,"round_373",boundary_edge_fraction,0,
metric,"round_373",partition_load_imbalance,1,
metric,"round_373",local_queue_size,130677,
metric,"round_373",boundary_queue_size,0,
metric,"round_373",accepted_local_collapses,64,
metric,"round_373",accepted_boundary_collapses,0,
metric,"round_373",skipped_boundary_edges,0,
metric,"round_373",rejected_conflicts,1,
metric,"round_373",repartitioned,1,
metric,"round_374",interior_edge_fraction,0.992949,
metric,"round_374",boundary_edge_fraction,0.00705062,
metric,"round_374",partition_load_imbalance,1,
metric,"round_374",local_queue_size,129565,
metric,"round_374",boundary_queue_size,920,
metric,"round_374",accepted_local_collapses,64,
metric,"round_374",accepted_boundary_collapses,16,
metric,"round_374",skipped_boundary_edges,0,
metric,"round_374",rejected_conflicts,2,
metric,"round_374",repartitioned,0,
metric,"round_375",interior_edge_fraction,0.985274,
metric,"round_375",boundary_edge_fraction,0.0147261,
metric,"round_375",partition_load_imbalance,1,
metric,"round_375",local_queue_size,128327,
metric,"round_375",boundary_queue_size,1918,
metric,"round_375",accepted_local_collapses,64,
metric,"round_375",accepted_boundary_collapses,16,
metric,"round_375",skipped_boundary_edges,0,
metric,"round_375",rejected_conflicts,2,
metric,"round_375",repartitioned,0,
metric,"round_376",interior_edge_fraction,0.977593,
metric,"round_376",boundary_edge_fraction,0.0224068,
metric,"round_376",partition_load_imbalance,1,
metric,"round_376",local_queue_size,127092,
metric,"round_376",boundary_queue_size,2913,
metric,"round_376",accepted_local_collapses,64,
metric,"round_376",accepted_boundary_collapses,16,
metric,"round_376",skipped_boundary_edges,0,
metric,"round_376",rejected_conflicts,5,
metric,"round_376",repartitioned,0,
metric,"round_377",interior_edge_fraction,1,
metric,"round_377",boundary_edge_fraction,0,
metric,"round_377",partition_load_imbalance,1,
metric,"round_377",local_queue_size,129765,
metric,"round_377",boundary_queue_size,0,
metric,"round_377",accepted_local_collapses,64,
metric,"round_377",accepted_boundary_collapses,0,
metric,"round_377",skipped_boundary_edges,0,
metric,"round_377",rejected_conflicts,1,
metric,"round_377",repartitioned,1,
metric,"round_378",interior_edge_fraction,0.993301,
metric,"round_378",boundary_edge_fraction,0.00669893,
metric,"round_378",partition_load_imbalance,1,
metric,"round_378",local_queue_size,128705,
metric,"round_378",boundary_queue_size,868,
metric,"round_378",accepted_local_collapses,64,
metric,"round_378",accepted_boundary_collapses,16,
metric,"round_378",skipped_boundary_edges,0,
metric,"round_378",rejected_conflicts,0,
metric,"round_378",repartitioned,0,
metric,"round_379",interior_edge_fraction,0.985649,
metric,"round_379",boundary_edge_fraction,0.0143506,
metric,"round_379",partition_load_imbalance,1,
metric,"round_379",local_queue_size,127477,
metric,"round_379",boundary_queue_size,1856,
metric,"round_379",accepted_local_collapses,64,
metric,"round_379",accepted_boundary_collapses,16,
metric,"round_379",skipped_boundary_edges,0,
metric,"round_379",rejected_conflicts,5,
metric,"round_379",repartitioned,0,
metric,"round_380",interior_edge_fraction,0.978124,
metric,"round_380",boundary_edge_fraction,0.0218757,
metric,"round_380",partition_load_imbalance,1,
metric,"round_380",local_queue_size,126269,
metric,"round_380",boundary_queue_size,2824,
metric,"round_380",accepted_local_collapses,64,
metric,"round_380",accepted_boundary_collapses,16,
metric,"round_380",skipped_boundary_edges,0,
metric,"round_380",rejected_conflicts,4,
metric,"round_380",repartitioned,0,
metric,"round_381",interior_edge_fraction,1,
metric,"round_381",boundary_edge_fraction,0,
metric,"round_381",partition_load_imbalance,1,
metric,"round_381",local_queue_size,128853,
metric,"round_381",boundary_queue_size,0,
metric,"round_381",accepted_local_collapses,64,
metric,"round_381",accepted_boundary_collapses,0,
metric,"round_381",skipped_boundary_edges,0,
metric,"round_381",rejected_conflicts,0,
metric,"round_381",repartitioned,1,
metric,"round_382",interior_edge_fraction,0.993067,
metric,"round_382",boundary_edge_fraction,0.00693295,
metric,"round_382",partition_load_imbalance,1,
metric,"round_382",local_queue_size,127769,
metric,"round_382",boundary_queue_size,892,
metric,"round_382",accepted_local_collapses,64,
metric,"round_382",accepted_boundary_collapses,16,
metric,"round_382",skipped_boundary_edges,0,
metric,"round_382",rejected_conflicts,2,
metric,"round_382",repartitioned,0,
metric,"round_383",interior_edge_fraction,0.985189,
metric,"round_383",boundary_edge_fraction,0.0148107,
metric,"round_383",partition_load_imbalance,1,
metric,"round_383",local_queue_size,126519,
metric,"round_383",boundary_queue_size,1902,
metric,"round_383",accepted_local_collapses,64,
metric,"round_383",accepted_boundary_collapses,16,
metric,"round_383",skipped_boundary_edges,0,
metric,"round_383",rejected_conflicts,4,
metric,"round_383",repartitioned,0,
metric,"round_384",interior_edge_fraction,0.977048,
metric,"round_384",boundary_edge_fraction,0.0229519,
metric,"round_384",partition_load_imbalance,1,
metric,"round_384",local_queue_size,125239,
metric,"round_384",boundary_queue_size,2942,
metric,"round_384",accepted_local_collapses,64,
metric,"round_384",accepted_boundary_collapses,16,
metric,"round_384",skipped_boundary_edges,0,
metric,"round_384",rejected_conflicts,4,
metric,"round_384",repartitioned,0,
metric,"round_385",interior_edge_fraction,1,
metric,"round_385",boundary_edge_fraction,0,
metric,"round_385",partition_load_imbalance,1,
metric,"round_385",local_queue_size,127941,
metric,"round_385",boundary_queue_size,0,
metric,"round_385",accepted_local_collapses,64,
metric,"round_385",accepted_boundary_collapses,0,
metric,"round_385",skipped_boundary_edges,0,
metric,"round_385",rejected_conflicts,0,
metric,"round_385",repartitioned,1,
metric,"round_386",interior_edge_fraction,0.993065,
metric,"round_386",boundary_edge_fraction,0.00693548,
metric,"round_386",partition_load_imbalance,1,
metric,"round_386",local_queue_size,126863,
metric,"round_386",boundary_queue_size,886,
metric,"round_386",accepted_local_collapses,64,
metric,"round_386",accepted_boundary_collapses,16,
metric,"round_386",skipped_boundary_edges,0,
metric,"round_386",rejected_conflicts,2,
metric,"round_386",repartitioned,0,
metric,"round_387",interior_edge_fraction,0.984919,
metric,"round_387",boundary_edge_fraction,0.0150813,
metric,"round_387",partition_load_imbalance,1,
metric,"round_387",local_queue_size,125586,
metric,"round_387",boundary_queue_size,1923,
metric,"round_387",accepted_local_collapses,64,
metric,"round_387",accepted_boundary_collapses,16,
metric,"round_387",skipped_boundary_edges,0,
metric,"round_387",rejected_conflicts,5,
metric,"round_387",repartitioned,0,
metric,"round_388",interior_edge_fraction,0.976868,
metric,"round_388",boundary_edge_fraction,0.0231321,
metric,"round_388",partition_load_imbalance,1,
metric,"round_388",local_queue_size,124325,
metric,"round_388",boundary_queue_size,2944,
metric,"round_388",accepted_local_collapses,64,
metric,"round_388",accepted_boundary_collapses,16,
metric,"round_388",skipped_boundary_edges,0,
metric,"round_388",rejected_conflicts,4,
metric,"round_388",repartitioned,0,
metric,"round_389",interior_edge_fraction,1,
metric,"round_389",boundary_edge_fraction,0,
metric,"round_389",partition_load_imbalance,1,
metric,"round_389",local_queue_size,127029,
metric,"round_389",boundary_queue_size,0,
metric,"round_389",accepted_local_collapses,64,
metric,"round_389",accepted_boundary_collapses,0,
metric,"round_389",skipped_boundary_edges,0,
metric,"round_389",rejected_conflicts,2,
metric,"round_389",repartitioned,1,
metric,"round_390",interior_edge_fraction,0.993109,
metric,"round_390",boundary_edge_fraction,0.00689073,
metric,"round_390",partition_load_imbalance,1,
metric,"round_390",local_queue_size,125963,
metric,"round_390",boundary_queue_size,874,
metric,"round_390",accepted_local_collapses,64,
metric,"round_390",accepted_boundary_collapses,16,
metric,"round_390",skipped_boundary_edges,0,
metric,"round_390",rejected_conflicts,3,
metric,"round_390",repartitioned,0,
metric,"round_391",interior_edge_fraction,0.985142,
metric,"round_391",boundary_edge_fraction,0.0148582,
metric,"round_391",partition_load_imbalance,1,
metric,"round_391",local_queue_size,124716,
metric,"round_391",boundary_queue_size,1881,
metric,"round_391",accepted_local_collapses,64,
metric,"round_391",accepted_boundary_collapses,16,
metric,"round_391",skipped_boundary_edges,0,
metric,"round_391",rejected_conflicts,4,
metric,"round_391",repartitioned,0,
metric,"round_392",interior_edge_fraction,0.977128,
metric,"round_392",boundary_edge_fraction,0.0228717,
metric,"round_392",partition_load_imbalance,1,
metric,"round_392",local_queue_size,123467,
metric,"round_392",boundary_queue_size,2890,
metric,"round_392",accepted_local_collapses,64,
metric,"round_392",accepted_boundary_collapses,16,
metric,"round_392",skipped_boundary_edges,0,
metric,"round_392",rejected_conflicts,4,
metric,"round_392",repartitioned,0,
metric,"round_393",interior_edge_fraction,1,
metric,"round_393",boundary_edge_fraction,0,
metric,"round_393",partition_load_imbalance,1,
metric,"round_393",local_queue_size,126117,
metric,"round_393",boundary_queue_size,0,
metric,"round_393",accepted_local_collapses,64,
metric,"round_393",accepted_boundary_collapses,0,
metric,"round_393",skipped_boundary_edges,0,
metric,"round_393",rejected_conflicts,2,
metric,"round_393",repartitioned,1,
metric,"round_394",interior_edge_fraction,0.992734,
metric,"round_394",boundary_edge_fraction,0.00726623,
metric,"round_394",partition_load_imbalance,1,
metric,"round_394",local_queue_size,125010,
metric,"round_394",boundary_queue_size,915,
metric,"round_394",accepted_local_collapses,64,
metric,"round_394",accepted_boundary_collapses,16,
metric,"round_394",skipped_boundary_edges,0,
metric,"round_394",rejected_conflicts,5,
metric,"round_394",repartitioned,0,
metric,"round_395",interior_edge_fraction,0.984931,
metric,"round_395",boundary_edge_fraction,0.0150694,
metric,"round_395",partition_load_imbalance,1,
metric,"round_395",local_queue_size,123791,
metric,"round_395",boundary_queue_size,1894,
metric,"round_395",accepted_local_collapses,64,
metric,"round_395",accepted_boundary_collapses,16,
metric,"round_395",skipped_boundary_edges,0,
metric,"round_395",rejected_conflicts,2,
metric,"round_395",repartitioned,0,
metric,"round_396",interior_edge_fraction,0.97685,
metric,"round_396",boundary_edge_fraction,0.0231496,
metric,"round_396",partition_load_imbalance,1,
metric,"round_396",local_queue_size,122541,
metric,"round_396",boundary_queue_size,2904,
metric,"round_396",accepted_local_collapses,64,
metric,"round_396",accepted_boundary_collapses,16,
metric,"round_396",skipped_boundary_edges,0,
metric,"round_396",rejected_conflicts,0,
metric,"round_396",repartitioned,0,
metric,"round_397",interior_edge_fraction,1,
metric,"round_397",boundary_edge_fraction,0,
metric,"round_397",partition_load_imbalance,1,
metric,"round_397",local_queue_size,125205,
metric,"round_397",boundary_queue_size,0,
metric,"round_397",accepted_local_collapses,64,
metric,"round_397",accepted_boundary_collapses,0,
metric,"round_397",skipped_boundary_edges,0,
metric,"round_397",rejected_conflicts,0,
metric,"round_397",repartitioned,1,
metric,"round_398",interior_edge_fraction,0.992833,
metric,"round_398",boundary_edge_fraction,0.00716725,
metric,"round_398",partition_load_imbalance,1,
metric,"round_398",local_queue_size,124117,
metric,"round_398",boundary_queue_size,896,
metric,"round_398",accepted_local_collapses,64,
metric,"round_398",accepted_boundary_collapses,16,
metric,"round_398",skipped_boundary_edges,0,
metric,"round_398",rejected_conflicts,5,
metric,"round_398",repartitioned,0,
metric,"round_399",interior_edge_fraction,0.984612,
metric,"round_399",boundary_edge_fraction,0.0153879,
metric,"round_399",partition_load_imbalance,1,
metric,"round_399",local_queue_size,122853,
metric,"round_399",boundary_queue_size,1920,
metric,"round_399",accepted_local_collapses,64,
metric,"round_399",accepted_boundary_collapses,16,
metric,"round_399",skipped_boundary_edges,0,
metric,"round_399",rejected_conflicts,0,
metric,"round_399",repartitioned,0,
metric,"round_400",interior_edge_fraction,0.976713,
metric,"round_400",boundary_edge_fraction,0.023287,
metric,"round_400",partition_load_imbalance,1,
metric,"round_400",local_queue_size,121633,
metric,"round_400",boundary_queue_size,2900,
metric,"round_400",accepted_local_collapses,64,
metric,"round_400",accepted_boundary_collapses,16,
metric,"round_400",skipped_boundary_edges,0,
metric,"round_400",rejected_conflicts,6,
metric,"round_400",repartitioned,0,
metric,"round_401",interior_edge_fraction,1,
metric,"round_401",boundary_edge_fraction,0,
metric,"round_401",partition_load_imbalance,1,
metric,"round_401",local_queue_size,124293,
metric,"round_401",boundary_queue_size,0,
metric,"round_401",accepted_local_collapses,64,
metric,"round_401",accepted_boundary_collapses,0,
metric,"round_401",skipped_boundary_edges,0,
metric,"round_401",rejected_conflicts,0,
metric,"round_401",repartitioned,1,
metric,"round_402",interior_edge_fraction,0.992764,
metric,"round_402",boundary_edge_fraction,0.00723604,
metric,"round_402",partition_load_imbalance,1,
metric,"round_402",local_queue_size,123203,
metric,"round_402",boundary_queue_size,898,
metric,"round_402",accepted_local_collapses,64,
metric,"round_402",accepted_boundary_collapses,16,
metric,"round_402",skipped_boundary_edges,0,
metric,"round_402",rejected_conflicts,0,
metric,"round_402",repartitioned,0,
metric,"round_403",interior_edge_fraction,0.984765,
metric,"round_403",boundary_edge_fraction,0.0152348,
metric,"round_403",partition_load_imbalance,1,
metric,"round_403",local_queue_size,121974,
metric,"round_403",boundary_queue_size,1887,
metric,"round_403",accepted_local_collapses,64,
metric,"round_403",accepted_boundary_collapses,16,
metric,"round_403",skipped_boundary_edges,0,
metric,"round_403",rejected_conflicts,3,
metric,"round_403",repartitioned,0,
metric,"round_404",interior_edge_fraction,0.976671,
metric,"round_404",boundary_edge_fraction,0.0233294,
metric,"round_404",partition_load_imbalance,1,
metric,"round_404",local_queue_size,120737,
metric,"round_404",boundary_queue_size,2884,
metric,"round_404",accepted_local_collapses,64,
metric,"round_404",accepted_boundary_collapses,16,
metric,"round_404",skipped_boundary_edges,0,
metric,"round_404",rejected_conflicts,1,
metric,"round_404",repartitioned,0,
metric,"round_405",interior_edge_fraction,1,
metric,"round_405",boundary_edge_fraction,0,
metric,"round_405",partition_load_imbalance,1,
metric,"round_405",local_queue_size,123381,
metric,"round_405",boundary_queue_size,0,
metric,"round_405",accepted_local_collapses,64,
metric,"round_405",accepted_boundary_collapses,0,
metric,"round_405",skipped_boundary_edges,0,
metric,"round_405",rejected_conflicts,1,
metric,"round_405",repartitioned,1,
metric,"round_406",interior_edge_fraction,0.992386,
metric,"round_406",boundary_edge_fraction,0.00761432,
metric,"round_406",partition_load_imbalance,1,
metric,"round_406",local_queue_size,122251,
metric,"round_406",boundary_queue_size,938,
metric,"round_406",accepted_local_collapses,64,
metric,"round_406",accepted_boundary_collapses,16,
metric,"round_406",skipped_boundary_edges,0,
metric,"round_406",rejected_conflicts,11,
metric,"round_406",repartitioned,0,
metric,"round_407",interior_edge_fraction,0.984156,
metric,"round_407",boundary_edge_fraction,0.015844,
metric,"round_407",partition_load_imbalance,1,
metric,"round_407",local_queue_size,121001,
metric,"round_407",boundary_queue_size,1948,
metric,"round_407",accepted_local_collapses,64,
metric,"round_407",accepted_boundary_collapses,16,
metric,"round_407",skipped_boundary_edges,0,
metric,"round_407",rejected_conflicts,1,
metric,"round_407",repartitioned,0,
metric,"round_408",interior_edge_fraction,0.976,
metric,"round_408",boundary_edge_fraction,0.0239999,
metric,"round_408",partition_load_imbalance,1,
metric,"round_408",local_queue_size,119764,
metric,"round_408",boundary_queue_size,2945,
metric,"round_408",accepted_local_collapses,64,
metric,"round_408",accepted_boundary_collapses,16,
metric,"round_408",skipped_boundary_edges,0,
metric,"round_408",rejected_conflicts,4,
metric,"round_408",repartitioned,0,
metric,"round_409",interior_edge_fraction,1,
metric,"round_409",boundary_edge_fraction,0,
metric,"round_409",partition_load_imbalance,1,
metric,"round_409",local_queue_size,122469,
metric,"round_409",boundary_queue_size,0,
metric,"round_409",accepted_local_collapses,64,
metric,"round_409",accepted_boundary_collapses,0,
metric,"round_409",skipped_boundary_edges,0,
metric,"round_409",rejected_conflicts,0,
metric,"round_409",repartitioned,1,
metric,"round_410",interior_edge_fraction,0.992607,
metric,"round_410",boundary_edge_fraction,0.00739305,
metric,"round_410",partition_load_imbalance,1,
metric,"round_410",local_queue_size,121373,
metric,"round_410",boundary_queue_size,904,
metric,"round_410",accepted_local_collapses,64,
metric,"round_410",accepted_boundary_collapses,16,
metric,"round_410",skipped_boundary_edges,0,
metric,"round_410",rejected_conflicts,6,
metric,"round_410",repartitioned,0,
metric,"round_411",interior_edge_fraction,0.984267,
metric,"round_411",boundary_edge_fraction,0.0157329,
metric,"round_411",partition_load_imbalance,1,
metric,"round_411",local_queue_size,120117,
metric,"round_411",boundary_queue_size,1920,
metric,"round_411",accepted_local_collapses,64,
metric,"round_411",accepted_boundary_collapses,16,
metric,"round_411",skipped_boundary_edges,0,
metric,"round_411",rejected_conflicts,1,
metric,"round_411",repartitioned,0,
metric,"round_412",interior_edge_fraction,0.976338,
metric,"round_412",boundary_edge_fraction,0.0236623,
metric,"round_412",partition_load_imbalance,1,
metric,"round_412",local_queue_size,118915,
metric,"round_412",boundary_queue_size,2882,
metric,"round_412",accepted_local_collapses,64,
metric,"round_412",accepted_boundary_collapses,16,
metric,"round_412",skipped_boundary_edges,0,
metric,"round_412",rejected_conflicts,0,
metric,"round_412",repartitioned,0,
metric,"round_413",interior_edge_fraction,1,
metric,"round_413",boundary_edge_fraction,0,
metric,"round_413",partition_load_imbalance,1,
metric,"round_413",local_queue_size,121557,
metric,"round_413",boundary_queue_size,0,
metric,"round_413",accepted_local_collapses,64,
metric,"round_413",accepted_boundary_collapses,0,
metric,"round_413",skipped_boundary_edges,0,
metric,"round_413",rejected_conflicts,0,
metric,"round_413",repartitioned,1,
metric,"round_414",interior_edge_fraction,0.992691,
metric,"round_414",boundary_edge_fraction,0.00730853,
metric,"round_414",partition_load_imbalance,1,
metric,"round_414",local_queue_size,120478,
metric,"round_414",boundary_queue_size,887,
metric,"round_414",accepted_local_collapses,64,
metric,"round_414",accepted_boundary_collapses,16,
metric,"round_414",skipped_boundary_edges,0,
metric,"round_414",rejected_conflicts,5,
metric,"round_414",repartitioned,0,
metric,"round_415",interior_edge_fraction,0.984479,
metric,"round_415",boundary_edge_fraction,0.0155212,
metric,"round_415",partition_load_imbalance,1,
metric,"round_415",local_queue_size,119245,
metric,"round_415",boundary_queue_size,1880,
metric,"round_415",accepted_local_collapses,64,
metric,"round_415",accepted_boundary_collapses,16,
metric,"round_415",skipped_boundary_edges,0,
metric,"round_415",rejected_conflicts,3,
metric,"round_415",repartitioned,0,
metric,"round_416",interior_edge_fraction,0.97649,
metric,"round_416",boundary_edge_fraction,0.0235099,
metric,"round_416",partition_load_imbalance,1,
metric,"round_416",local_queue_size,118043,
metric,"round_416",boundary_queue_size,2842,
metric,"round_416",accepted_local_collapses,64,
metric,"round_416",accepted_boundary_collapses,16,
metric,"round_416",skipped_boundary_edges,0,
metric,"round_416",rejected_conflicts,4,
metric,"round_416",repartitioned,0,
metric,"round_417",interior_edge_fraction,1,
metric,"round_417",boundary_edge_fraction,0,
metric,"round_417",partition_load_imbalance,1,
metric,"round_417",local_queue_size,120645,
metric,"round_417",boundary_queue_size,0,
metric,"round_417",accepted_local_collapses,64,
metric,"round_417",accepted_boundary_collapses,0,
metric,"round_417",skipped_boundary_edges,0,
metric,"round_417",rejected_conflicts,1,
metric,"round_417",repartitioned,1,
metric,"round_418",interior_edge_fraction,0.992561,
metric,"round_418",boundary_edge_fraction,0.00743859,
metric,"round_418",partition_load_imbalance,1,
metric,"round_418",local_queue_size,119557,
metric,"round_418",boundary_queue_size,896,
metric,"round_418",accepted_local_collapses,64,
metric,"round_418",accepted_boundary_collapses,16,
metric,"round_418",skipped_boundary_edges,0,
metric,"round_418",rejected_conflicts,4,
metric,"round_418",repartitioned,0,
metric,"round_419",interior_edge_fraction,0.984295,
metric,"round_419",boundary_edge_fraction,0.0157055,
metric,"round_419",partition_load_imbalance,1,
metric,"round_419",local_queue_size,118325,
metric,"round_419",boundary_queue_size,1888,
metric,"round_419",accepted_local_collapses,64,
metric,"round_419",accepted_boundary_collapses,16,
metric,"round_419",skipped_boundary_edges,0,
metric,"round_419",rejected_conflicts,1,
metric,"round_419",repartitioned,0,
metric,"round_420",interior_edge_fraction,0.97587,
metric,"round_420",boundary_edge_fraction,0.0241304,
metric,"round_420",partition_load_imbalance,1,
metric,"round_420",local_queue_size,117078,
metric,"round_420",boundary_queue_size,2895,
metric,"round_420",accepted_local_collapses,64,
metric,"round_420",accepted_boundary_collapses,16,
metric,"round_420",skipped_boundary_edges,0,
metric,"round_420",rejected_conflicts,4,
metric,"round_420",repartitioned,0,
metric,"round_421",interior_edge_fraction,1,
metric,"round_421",boundary_edge_fraction,0,
metric,"round_421",partition_load_imbalance,1,
metric,"round_421",local_queue_size,119733,
metric,"round_421",boundary_queue_size,0,
metric,"round_421",accepted_local_collapses,64,
metric,"round_421",accepted_boundary_collapses,0,
metric,"round_421",skipped_boundary_edges,0,
metric,"round_421",rejected_conflicts,0,
metric,"round_421",repartitioned,1,
metric,"round_422",interior_edge_fraction,0.992446,
metric,"round_422",boundary_edge_fraction,0.00755389,
metric,"round_422",partition_load_imbalance,1,
metric,"round_422",local_queue_size,118638,
metric,"round_422",boundary_queue_size,903,
metric,"round_422",accepted_local_collapses,64,
metric,"round_422",accepted_boundary_collapses,16,
metric,"round_422",skipped_boundary_edges,0,
metric,"round_422",rejected_conflicts,5,
metric,"round_422",repartitioned,0,
metric,"round_423",interior_edge_fraction,0.984099,
metric,"round_423",boundary_edge_fraction,0.015901,
metric,"round_423",partition_load_imbalance,1,
metric,"round_423",local_queue_size,117404,
metric,"round_423",boundary_queue_size,1897,
metric,"round_423",accepted_local_collapses,64,
metric,"round_423",accepted_boundary_collapses,16,
metric,"round_423",skipped_boundary_edges,0,
metric,"round_423",rejected_conflicts,4,
metric,"round_423",repartitioned,0,
metric,"round_424",interior_edge_fraction,0.975634,
metric,"round_424",boundary_edge_fraction,0.0243657,
metric,"round_424",partition_load_imbalance,1,
metric,"round_424",local_queue_size,116160,
metric,"round_424",boundary_queue_size,2901,
metric,"round_424",accepted_local_collapses,64,
metric,"round_424",accepted_boundary_collapses,16,
metric,"round_424",skipped_boundary_edges,0,
metric,"round_424",rejected_conflicts,1,
metric,"round_424",repartitioned,0,
metric,"round_425",interior_edge_fraction,1,
metric,"round_425",boundary_edge_fraction,0,
metric,"round_425",partition_load_imbalance,1,
metric,"round_425",local_queue_size,118821,
metric,"round_425",boundary_queue_size,0,
metric,"round_425",accepted_local_collapses,64,
metric,"round_425",accepted_boundary_collapses,0,
metric,"round_425",skipped_boundary_edges,0,
metric,"round_425",rejected_conflicts,0,
metric,"round_425",repartitioned,1,
metric,"round_426",interior_edge_fraction,0.992447,
metric,"round_426",boundary_edge_fraction,0.00755296,
metric,"round_426",partition_load_imbalance,1,
metric,"round_426",local_queue_size,117733,
metric,"round_426",boundary_queue_size,896,
metric,"round_426",accepted_local_collapses,64,
metric,"round_426",accepted_boundary_collapses,16,
metric,"round_426",skipped_boundary_edges,0,
metric,"round_426",rejected_conflicts,2,
metric,"round_426",repartitioned,0,
metric,"round_427",interior_edge_fraction,0.984044,
metric,"round_427",boundary_edge_fraction,0.0159559,
metric,"round_427",partition_load_imbalance,1,
metric,"round_427",local_queue_size,116500,
metric,"round_427",boundary_queue_size,1889,
metric,"round_427",accepted_local_collapses,64,
metric,"round_427",accepted_boundary_collapses,16,
metric,"round_427",skipped_boundary_edges,0,
metric,"round_427",rejected_conflicts,6,
metric,"round_427",repartitioned,0,
metric,"round_428",interior_edge_fraction,0.975311,
metric,"round_428",boundary_edge_fraction,0.0246892,
metric,"round_428",partition_load_imbalance,1,
metric,"round_428",local_queue_size,115232,
metric,"round_428",boundary_queue_size,2917,
metric,"round_428",accepted_local_collapses,64,
metric,"round_428",accepted_boundary_collapses,16,
metric,"round_428",skipped_boundary_edges,0,
metric,"round_428",rejected_conflicts,4,
metric,"round_428",repartitioned,0,
metric,"round_429",interior_edge_fraction,1,
metric,"round_429",boundary_edge_fraction,0,
metric,"round_429",partition_load_imbalance,1,
metric,"round_429",local_queue_size,117909,
metric,"round_429",boundary_queue_size,0,
metric,"round_429",accepted_local_collapses,64,
metric,"round_429",accepted_boundary_collapses,0,
metric,"round_429",skipped_boundary_edges,0,
metric,"round_429",rejected_conflicts,0,
metric,"round_429",repartitioned,1,
metric,"round_430",interior_edge_fraction,0.99238,
metric,"round_430",boundary_edge_fraction,0.00761997,
metric,"round_430",partition_load_imbalance,1,
metric,"round_430",local_queue_size,116820,
metric,"round_430",boundary_queue_size,897,
metric,"round_430",accepted_local_collapses,64,
metric,"round_430",accepted_boundary_collapses,16,
metric,"round_430",skipped_boundary_edges,0,
metric,"round_430",rejected_conflicts,4,
metric,"round_430",repartitioned,0,
metric,"round_431",interior_edge_fraction,0.983929,
metric,"round_431",boundary_edge_fraction,0.0160712,
metric,"round_431",partition_load_imbalance,1,
metric,"round_431",local_queue_size,115589,
metric,"round_431",boundary_queue_size,1888,
metric,"round_431",accepted_local_collapses,64,
metric,"round_431",accepted_boundary_collapses,16,
metric,"round_431",skipped_boundary_edges,0,
metric,"round_431",rejected_conflicts,5,
metric,"round_431",repartitioned,0,
metric,"round_432",interior_edge_fraction,0.975383,
metric,"round_432",boundary_edge_fraction,0.0246168,
metric,"round_432",partition_load_imbalance,1,
metric,"round_432",local_queue_size,114351,
metric,"round_432",boundary_queue_size,2886,
metric,"round_432",accepted_local_collapses,64,
metric,"round_432",accepted_boundary_collapses,16,
metric,"round_432",skipped_boundary_edges,0,
metric,"round_432",rejected_conflicts,3,
metric,"round_432",repartitioned,0,
metric,"round_433",interior_edge_fraction,1,
metric,"round_433",boundary_edge_fraction,0,
metric,"round_433",partition_load_imbalance,1,
metric,"round_433",local_queue_size,116997,
metric,"round_433",boundary_queue_size,0,
metric,"round_433",accepted_local_collapses,64,
metric,"round_433",accepted_boundary_collapses,0,
metric,"round_433",skipped_boundary_edges,0,
metric,"round_433",rejected_conflicts,2,
metric,"round_433",repartitioned,1,
metric,"round_434",interior_edge_fraction,0.991978,
metric,"round_434",boundary_edge_fraction,0.00802192,
metric,"round_434",partition_load_imbalance,1,
metric,"round_434",local_queue_size,115868,
metric,"round_434",boundary_queue_size,937,
metric,"round_434",accepted_local_collapses,64,
metric,"round_434",accepted_boundary_collapses,16,
metric,"round_434",skipped_boundary_edges,0,
metric,"round_434",rejected_conflicts,3,
metric,"round_434",repartitioned,0,
metric,"round_435",interior_edge_fraction,0.983657,
metric,"round_435",boundary_edge_fraction,0.0163428,
metric,"round_435",partition_load_imbalance,1,
metric,"round_435",local_queue_size,114660,
metric,"round_435",boundary_queue_size,1905,
metric,"round_435",accepted_local_collapses,64,
metric,"round_435",accepted_boundary_collapses,16,
metric,"round_435",skipped_boundary_edges,0,
metric,"round_435",rejected_conflicts,2,
metric,"round_435",repartitioned,0,
metric,"round_436",interior_edge_fraction,0.975302,
metric,"round_436",boundary_edge_fraction,0.024698,
metric,"round_436",partition_load_imbalance,1,
metric,"round_436",local_queue_size,113452,
metric,"round_436",boundary_queue_size,2873,
metric,"round_436",accepted_local_collapses,64,
metric,"round_436",accepted_boundary_collapses,16,
metric,"round_436",skipped_boundary_edges,0,
metric,"round_436",rejected_conflicts,4,
metric,"round_436",repartitioned,0,
metric,"round_437",interior_edge_fraction,1,
metric,"round_437",boundary_edge_fraction,0,
metric,"round_437",partition_load_imbalance,1,
metric,"round_437",local_queue_size,116085,
metric,"round_437",boundary_queue_size,0,
metric,"round_437",accepted_local_collapses,64,
metric,"round_437",accepted_boundary_collapses,0,
metric,"round_437",skipped_boundary_edges,0,
metric,"round_437",rejected_conflicts,1,
metric,"round_437",repartitioned,1,
metric,"round_438",interior_edge_fraction,0.99201,
metric,"round_438",boundary_edge_fraction,0.00799013,
metric,"round_438",partition_load_imbalance,1,
metric,"round_438",local_queue_size,114967,
metric,"round_438",boundary_queue_size,926,
metric,"round_438",accepted_local_collapses,64,
metric,"round_438",accepted_boundary_collapses,16,
metric,"round_438",skipped_boundary_edges,0,
metric,"round_438",rejected_conflicts,3,
metric,"round_438",repartitioned,0,
metric,"round_439",interior_edge_fraction,0.983157,
metric,"round_439",boundary_edge_fraction,0.0168435,
metric,"round_439",partition_load_imbalance,1,
metric,"round_439",local_queue_size,113705,
metric,"round_439",boundary_queue_size,1948,
metric,"round_439",accepted_local_collapses,64,
metric,"round_439",accepted_boundary_collapses,16,
metric,"round_439",skipped_boundary_edges,0,
metric,"round_439",rejected_conflicts,2,
metric,"round_439",repartitioned,0,
metric,"round_440",interior_edge_fraction,0.974492,
metric,"round_440",boundary_edge_fraction,0.0255084,
metric,"round_440",partition_load_imbalance,1,
metric,"round_440",local_queue_size,112469,
metric,"round_440",boundary_queue_size,2944,
metric,"round_440",accepted_local_collapses,64,
metric,"round_440",accepted_boundary_collapses,16,
metric,"round_440",skipped_boundary_edges,0,
metric,"round_440",rejected_conflicts,1,
metric,"round_440",repartitioned,0,
metric,"round_441",interior_edge_fraction,1,
metric,"round_441",boundary_edge_fraction,0,
metric,"round_441",partition_load_imbalance,1,
metric,"round_441",local_queue_size,115173,
metric,"round_441",boundary_queue_size,0,
metric,"round_441",accepted_local_collapses,64,
metric,"round_441",accepted_boundary_collapses,0,
metric,"round_441",skipped_boundary_edges,0,
metric,"round_441",rejected_conflicts,0,
metric,"round_441",repartitioned,1,
metric,"round_442",interior_edge_fraction,0.991999,
metric,"round_442",boundary_edge_fraction,0.00800132,
metric,"round_442",partition_load_imbalance,1,
metric,"round_442",local_queue_size,114061,
metric,"round_442",boundary_queue_size,920,
metric,"round_442",accepted_local_collapses,64,
metric,"round_442",accepted_boundary_collapses,16,
metric,"round_442",skipped_boundary_edges,0,
metric,"round_442",rejected_conflicts,1,
metric,"round_442",repartitioned,0,
metric,"round_443",interior_edge_fraction,0.983171,
metric,"round_443",boundary_edge_fraction,0.0168292,
metric,"round_443",partition_load_imbalance,1,
metric,"round_443",local_queue_size,112810,
metric,"round_443",boundary_queue_size,1931,
metric,"round_443",accepted_local_collapses,64,
metric,"round_443",accepted_boundary_collapses,16,
metric,"round_443",skipped_boundary_edges,0,
metric,"round_443",rejected_conflicts,3,
metric,"round_443",repartitioned,0,
metric,"round_444",interior_edge_fraction,0.974533,
metric,"round_444",boundary_edge_fraction,0.025467,
metric,"round_444",partition_load_imbalance,1,
metric,"round_444",local_queue_size,111585,
metric,"round_444",boundary_queue_size,2916,
metric,"round_444",accepted_local_collapses,64,
metric,"round_444",accepted_boundary_collapses,16,
metric,"round_444",skipped_boundary_edges,0,
metric,"round_444",rejected_conflicts,4,
metric,"round_444",repartitioned,0,
metric,"round_445",interior_edge_fraction,1,
metric,"round_445",boundary_edge_fraction,0,
metric,"round_445",partition_load_imbalance,1,
metric,"round_445",local_queue_size,114261,
metric,"round_445",boundary_queue_size,0,
metric,"round_445",accepted_local_collapses,64,
metric,"round_445",accepted_boundary_collapses,0,
metric,"round_445",skipped_boundary_edges,0,
metric,"round_445",rejected_conflicts,2,
metric,"round_445",repartitioned,1,
metric,"round_446",interior_edge_fraction,0.992128,
metric,"round_446",boundary_edge_fraction,0.00787243,
metric,"round_446",partition_load_imbalance,1,
metric,"round_446",local_queue_size,113171,
metric,"round_446",boundary_queue_size,898,
metric,"round_446",accepted_local_collapses,64,
metric,"round_446",accepted_boundary_collapses,16,
metric,"round_446",skipped_boundary_edges,0,
metric,"round_446",rejected_conflicts,5,
metric,"round_446",repartitioned,0,
metric,"round_447",interior_edge_fraction,0.983475,
metric,"round_447",boundary_edge_fraction,0.0165248,
metric,"round_447",partition_load_imbalance,1,
metric,"round_447",local_queue_size,111948,
metric,"round_447",boundary_queue_size,1881,
metric,"round_447",accepted_local_collapses,64,
metric,"round_447",accepted_boundary_collapses,16,
metric,"round_447",skipped_boundary_edges,0,
metric,"round_447",rejected_conflicts,1,
metric,"round_447",repartitioned,0,
metric,"round_448",interior_edge_fraction,0.974769,
metric,"round_448",boundary_edge_fraction,0.0252313,
metric,"round_448",partition_load_imbalance,1,
metric,"round_448",local_queue_size,110723,
metric,"round_448",boundary_queue_size,2866,
metric,"round_448",accepted_local_collapses,64,
metric,"round_448",accepted_boundary_collapses,16,
metric,"round_448",skipped_boundary_edges,0,
metric,"round_448",rejected_conflicts,2,
metric,"round_448",repartitioned,0,
metric,"round_449",interior_edge_fraction,1,
metric,"round_449",boundary_edge_fraction,0,
metric,"round_449",partition_load_imbalance,1,
metric,"round_449",local_queue_size,113349,
metric,"round_449",boundary_queue_size,0,
metric,"round_449",accepted_local_collapses,64,
metric,"round_449",accepted_boundary_collapses,0,
metric,"round_449",skipped_boundary_edges,0,
metric,"round_449",rejected_conflicts,0,
metric,"round_449",repartitioned,1,
metric,"round_450",interior_edge_fraction,0.992099,
metric,"round_450",boundary_edge_fraction,0.00790053,
metric,"round_450",partition_load_imbalance,1,
metric,"round_450",local_queue_size,112263,
metric,"round_450",boundary_queue_size,894,
metric,"round_450",accepted_local_collapses,64,
metric,"round_450",accepted_boundary_collapses,16,
metric,"round_450",skipped_boundary_edges,0,
metric,"round_450",rejected_conflicts,3,
metric,"round_450",repartitioned,0,
metric,"round_451",interior_edge_fraction,0.983156,
metric,"round_451",boundary_edge_fraction,0.0168442,
metric,"round_451",partition_load_imbalance,1,
metric,"round_451",local_queue_size,111015,
metric,"round_451",boundary_queue_size,1902,
metric,"round_451",accepted_local_collapses,64,
metric,"round_451",accepted_boundary_collapses,16,
metric,"round_451",skipped_boundary_edges,0,
metric,"round_451",rejected_conflicts,4,
metric,"round_451",repartitioned,0,
metric,"round_452",interior_edge_fraction,0.974218,
metric,"round_452",boundary_edge_fraction,0.0257817,
metric,"round_452",partition_load_imbalance,1,
metric,"round_452",local_queue_size,109772,
metric,"round_452",boundary_queue_size,2905,
metric,"round_452",accepted_local_collapses,64,
metric,"round_452",accepted_boundary_collapses,16,
metric,"round_452",skipped_boundary_edges,0,
metric,"round_452",rejected_conflicts,3,
metric,"round_452",repartitioned,0,
metric,"round_453",interior_edge_fraction,1,
metric,"round_453",boundary_edge_fraction,0,
metric,"round_453",partition_load_imbalance,1,
metric,"round_453",local_queue_size,112437,
metric,"round_453",boundary_queue_size,0,
metric,"round_453",accepted_local_collapses,64,
metric,"round_453",accepted_boundary_collapses,0,
metric,"round_453",skipped_boundary_edges,0,
metric,"round_453",rejected_conflicts,2,
metric,"round_453",repartitioned,1,
metric,"round_454",interior_edge_fraction,0.992017,
metric,"round_454",boundary_edge_fraction,0.00798254,
metric,"round_454",partition_load_imbalance,1,
metric,"round_454",local_queue_size,111349,
metric,"round_454",boundary_queue_size,896,
metric,"round_454",accepted_local_collapses,64,
metric,"round_454",accepted_boundary_collapses,16,
metric,"round_454",skipped_boundary_edges,0,
metric,"round_454",rejected_conflicts,5,
metric,"round_454",repartitioned,0,
metric,"round_455",interior_edge_fraction,0.983233,
metric,"round_455",boundary_edge_fraction,0.0167671,
metric,"round_455",partition_load_imbalance,1,
metric,"round_455",local_queue_size,110127,
metric,"round_455",boundary_queue_size,1878,
metric,"round_455",accepted_local_collapses,64,
metric,"round_455",accepted_boundary_collapses,16,
metric,"round_455",skipped_boundary_edges,0,
metric,"round_455",rejected_conflicts,4,
metric,"round_455",repartitioned,0,
metric,"round_456",interior_edge_fraction,0.974294,
metric,"round_456",boundary_edge_fraction,0.0257057,
metric,"round_456",partition_load_imbalance,1,
metric,"round_456",local_queue_size,108892,
metric,"round_456",boundary_queue_size,2873,
metric,"round_456",accepted_local_collapses,64,
metric,"round_456",accepted_boundary_collapses,16,
metric,"round_456",skipped_boundary_edges,0,
metric,"round_456",rejected_conflicts,5,
metric,"round_456",repartitioned,0,
metric,"round_457",interior_edge_fraction,1,
metric,"round_457",boundary_edge_fraction,0,
metric,"round_457",partition_load_imbalance,1,
metric,"round_457",local_queue_size,111525,
metric,"round_457",boundary_queue_size,0,
metric,"round_457",accepted_local_collapses,64,
metric,"round_457",accepted_boundary_collapses,0,
metric,"round_457",skipped_boundary_edges,0,
metric,"round_457",rejected_conflicts,2,
metric,"round_457",repartitioned,1,
metric,"round_458",interior_edge_fraction,0.991898,
metric,"round_458",boundary_edge_fraction,0.00810182,
metric,"round_458",partition_load_imbalance,1,
metric,"round_458",local_queue_size,110431,
metric,"round_458",boundary_queue_size,902,
metric,"round_458",accepted_local_collapses,64,
metric,"round_458",accepted_boundary_collapses,16,
metric,"round_458",skipped_boundary_edges,0,
metric,"round_458",rejected_conflicts,4,
metric,"round_458",repartitioned,0,
metric,"round_459",interior_edge_fraction,0.982915,
metric,"round_459",boundary_edge_fraction,0.0170848,
metric,"round_459",partition_load_imbalance,1,
metric,"round_459",local_queue_size,109195,
metric,"round_459",boundary_queue_size,1898,
metric,"round_459",accepted_local_collapses,64,
metric,"round_459",accepted_boundary_collapses,16,
metric,"round_459",skipped_boundary_edges,0,
metric,"round_459",rejected_conflicts,3,
metric,"round_459",repartitioned,0,
metric,"round_460",interior_edge_fraction,0.973857,
metric,"round_460",boundary_edge_fraction,0.0261427,
metric,"round_460",partition_load_imbalance,1,
metric,"round_460",local_queue_size,107955,
metric,"round_460",boundary_queue_size,2898,
metric,"round_460",accepted_local_collapses,64,
metric,"round_460",accepted_boundary_collapses,16,
metric,"round_460",skipped_boundary_edges,0,
metric,"round_460",rejected_conflicts,1,
metric,"round_460",repartitioned,0,
metric,"round_461",interior_edge_fraction,1,
metric,"round_461",boundary_edge_fraction,0,
metric,"round_461",partition_load_imbalance,1,
metric,"round_461",local_queue_size,110613,
metric,"round_461",boundary_queue_size,0,
metric,"round_461",accepted_local_collapses,64,
metric,"round_461",accepted_boundary_collapses,0,
metric,"round_461",skipped_boundary_edges,0,
metric,"round_461",rejected_conflicts,1,
metric,"round_461",repartitioned,1,
metric,"round_462",interior_edge_fraction,0.991877,
metric,"round_462",boundary_edge_fraction,0.00812345,
metric,"round_462",partition_load_imbalance,1,
metric,"round_462",local_queue_size,109524,
metric,"round_462",boundary_queue_size,897,
metric,"round_462",accepted_local_collapses,64,
metric,"round_462",accepted_boundary_collapses,16,
metric,"round_462",skipped_boundary_edges,0,
metric,"round_462",rejected_conflicts,8,
metric,"round_462",repartitioned,0,
metric,"round_463",interior_edge_fraction,0.982737,
metric,"round_463",boundary_edge_fraction,0.0172625,
metric,"round_463",partition_load_imbalance,1,
metric,"round_463",local_queue_size,108279,
metric,"round_463",boundary_queue_size,1902,
metric,"round_463",accepted_local_collapses,64,
metric,"round_463",accepted_boundary_collapses,16,
metric,"round_463",skipped_boundary_edges,0,
metric,"round_463",rejected_conflicts,5,
metric,"round_463",repartitioned,0,
metric,"round_464",interior_edge_fraction,0.97374,
metric,"round_464",boundary_edge_fraction,0.0262595,
metric,"round_464",partition_load_imbalance,1,
metric,"round_464",local_queue_size,107054,
metric,"round_464",boundary_queue_size,2887,
metric,"round_464",accepted_local_collapses,64,
metric,"round_464",accepted_boundary_collapses,16,
metric,"round_464",skipped_boundary_edges,0,
metric,"round_464",rejected_conflicts,8,
metric,"round_464",repartitioned,0,
metric,"round_465",interior_edge_fraction,1,
metric,"round_465",boundary_edge_fraction,0,
metric,"round_465",partition_load_imbalance,1,
metric,"round_465",local_queue_size,109701,
metric,"round_465",boundary_queue_size,0,
metric,"round_465",accepted_local_collapses,64,
metric,"round_465",accepted_boundary_collapses,0,
metric,"round_465",skipped_boundary_edges,0,
metric,"round_465",rejected_conflicts,0,
metric,"round_465",repartitioned,1,
metric,"round_466",interior_edge_fraction,0.991818,
metric,"round_466",boundary_edge_fraction,0.00818198,
metric,"round_466",partition_load_imbalance,1,
metric,"round_466",local_queue_size,108613,
metric,"round_466",boundary_queue_size,896,
metric,"round_466",accepted_local_collapses,64,
metric,"round_466",accepted_boundary_collapses,16,
metric,"round_466",skipped_boundary_edges,0,
metric,"round_466",rejected_conflicts,2,
metric,"round_466",repartitioned,0,
metric,"round_467",interior_edge_fraction,0.98252,
metric,"round_467",boundary_edge_fraction,0.0174798,
metric,"round_467",partition_load_imbalance,1,
metric,"round_467",local_queue_size,107359,
metric,"round_467",boundary_queue_size,1910,
metric,"round_467",accepted_local_collapses,64,
metric,"round_467",accepted_boundary_collapses,16,
metric,"round_467",skipped_boundary_edges,0,
metric,"round_467",rejected_conflicts,0,
metric,"round_467",repartitioned,0,
metric,"round_468",interior_edge_fraction,0.973328,
metric,"round_468",boundary_edge_fraction,0.0266718,
metric,"round_468",partition_load_imbalance,1,
metric,"round_468",local_queue_size,106121,
metric,"round_468",boundary_queue_size,2908,
metric,"round_468",accepted_local_collapses,64,
metric,"round_468",accepted_boundary_collapses,16,
metric,"round_468",skipped_boundary_edges,0,
metric,"round_468",rejected_conflicts,1,
metric,"round_468",repartitioned,0,
metric,"round_469",interior_edge_fraction,1,
metric,"round_469",boundary_edge_fraction,0,
metric,"round_469",partition_load_imbalance,1,
metric,"round_469",local_queue_size,108789,
metric,"round_469",boundary_queue_size,0,
metric,"round_469",accepted_local_collapses,64,
metric,"round_469",accepted_boundary_collapses,0,
metric,"round_469",skipped_boundary_edges,0,
metric,"round_469",rejected_conflicts,0,
metric,"round_469",repartitioned,1,
metric,"round_470",interior_edge_fraction,0.991749,
metric,"round_470",boundary_edge_fraction,0.00825069,
metric,"round_470",partition_load_imbalance,1,
metric,"round_470",local_queue_size,107701,
metric,"round_470",boundary_queue_size,896,
metric,"round_470",accepted_local_collapses,64,
metric,"round_470",accepted_boundary_collapses,16,
metric,"round_470",skipped_boundary_edges,0,
metric,"round_470",rejected_conflicts,7,
metric,"round_470",repartitioned,0,
metric,"round_471",interior_edge_fraction,0.982401,
metric,"round_471",boundary_edge_fraction,0.0175992,
metric,"round_471",partition_load_imbalance,1,
metric,"round_471",local_queue_size,106450,
metric,"round_471",boundary_queue_size,1907,
metric,"round_471",accepted_local_collapses,64,
metric,"round_471",accepted_boundary_collapses,16,
metric,"round_471",skipped_boundary_edges,0,
metric,"round_471",rejected_conflicts,3,
metric,"round_471",repartitioned,0,
metric,"round_472",interior_edge_fraction,0.973122,
metric,"round_472",boundary_edge_fraction,0.0268783,
metric,"round_472",partition_load_imbalance,1,
metric,"round_472",local_queue_size,105211,
metric,"round_472",boundary_queue_size,2906,
metric,"round_472",accepted_local_collapses,64,
metric,"round_472",accepted_boundary_collapses,16,
metric,"round_472",skipped_boundary_edges,0,
metric,"round_472",rejected_conflicts,2,
metric,"round_472",repartitioned,0,
metric,"round_473",interior_edge_fraction,1,
metric,"round_473",boundary_edge_fraction,0,
metric,"round_473",partition_load_imbalance,1,
metric,"round_473",local_queue_size,107877,
metric,"round_473",boundary_queue_size,0,
metric,"round_473",accepted_local_collapses,64,
metric,"round_473",accepted_boundary_collapses,0,
metric,"round_473",skipped_boundary_edges,0,
metric,"round_473",rejected_conflicts,0,
metric,"round_473",repartitioned,1,
metric,"round_474",interior_edge_fraction,0.991707,
metric,"round_474",boundary_edge_fraction,0.00829271,
metric,"round_474",partition_load_imbalance,1,
metric,"round_474",local_queue_size,106792,
metric,"round_474",boundary_queue_size,893,
metric,"round_474",accepted_local_collapses,64,
metric,"round_474",accepted_boundary_collapses,16,
metric,"round_474",skipped_boundary_edges,0,
metric,"round_474",rejected_conflicts,4,
metric,"round_474",repartitioned,0,
metric,"round_475",interior_edge_fraction,0.982521,
metric,"round_475",boundary_edge_fraction,0.0174787,
metric,"round_475",partition_load_imbalance,1,
metric,"round_475",local_queue_size,105567,
metric,"round_475",boundary_queue_size,1878,
metric,"round_475",accepted_local_collapses,64,
metric,"round_475",accepted_boundary_collapses,16,
metric,"round_475",skipped_boundary_edges,0,
metric,"round_475",rejected_conflicts,5,
metric,"round_475",repartitioned,0,
metric,"round_476",interior_edge_fraction,0.973658,
metric,"round_476",boundary_edge_fraction,0.0263421,
metric,"round_476",partition_load_imbalance,1,
metric,"round_476",local_queue_size,104381,
metric,"round_476",boundary_queue_size,2824,
metric,"round_476",accepted_local_collapses,64,
metric,"round_476",accepted_boundary_collapses,16,
metric,"round_476",skipped_boundary_edges,0,
metric,"round_476",rejected_conflicts,3,
metric,"round_476",repartitioned,0,
metric,"round_477",interior_edge_fraction,1,
metric,"round_477",boundary_edge_fraction,0,
metric,"round_477",partition_load_imbalance,1,
metric,"round_477",local_queue_size,106965,
metric,"round_477",boundary_queue_size,0,
metric,"round_477",accepted_local_collapses,64,
metric,"round_477",accepted_boundary_collapses,0,
metric,"round_477",skipped_boundary_edges,0,
metric,"round_477",rejected_conflicts,1,
metric,"round_477",repartitioned,1,
metric,"round_478",interior_edge_fraction,0.991899,
metric,"round_478",boundary_edge_fraction,0.0081013,
metric,"round_478",partition_load_imbalance,1,
metric,"round_478",local_queue_size,105908,
metric,"round_478",boundary_queue_size,865,
metric,"round_478",accepted_local_collapses,64,
metric,"round_478",accepted_boundary_collapses,16,
metric,"round_478",skipped_boundary_edges,0,
metric,"round_478",rejected_conflicts,4,
metric,"round_478",repartitioned,0,
metric,"round_479",interior_edge_fraction,0.982475,
metric,"round_479",boundary_edge_fraction,0.0175251,
metric,"round_479",partition_load_imbalance,1,
metric,"round_479",local_queue_size,104666,
metric,"round_479",boundary_queue_size,1867,
metric,"round_479",accepted_local_collapses,64,
metric,"round_479",accepted_boundary_collapses,16,
metric,"round_479",skipped_boundary_edges,0,
metric,"round_479",rejected_conflicts,2,
metric,"round_479",repartitioned,0,
metric,"round_480",interior_edge_fraction,0.972867,
metric,"round_480",boundary_edge_fraction,0.0271325,
metric,"round_480",partition_load_imbalance,1,
metric,"round_480",local_queue_size,103409,
metric,"round_480",boundary_queue_size,2884,
metric,"round_480",accepted_local_collapses,64,
metric,"round_480",accepted_boundary_collapses,16,
metric,"round_480",skipped_boundary_edges,0,
metric,"round_480",rejected_conflicts,0,
metric,"round_480",repartitioned,0,
metric,"round_481",interior_edge_fraction,1,
metric,"round_481",boundary_edge_fraction,0,
metric,"round_481",partition_load_imbalance,1,
metric,"round_481",local_queue_size,106053,
metric,"round_481",boundary_queue_size,0,
metric,"round_481",accepted_local_collapses,64,
metric,"round_481",accepted_boundary_collapses,0,
metric,"round_481",skipped_boundary_edges,0,
metric,"round_481",rejected_conflicts,0,
metric,"round_481",repartitioned,1,
metric,"round_482",interior_edge_fraction,0.991612,
metric,"round_482",boundary_edge_fraction,0.00838836,
metric,"round_482",partition_load_imbalance,1,
metric,"round_482",local_queue_size,104973,
metric,"round_482",boundary_queue_size,888,
metric,"round_482",accepted_local_collapses,64,
metric,"round_482",accepted_boundary_collapses,16,
metric,"round_482",skipped_boundary_edges,0,
metric,"round_482",rejected_conflicts,4,
metric,"round_482",repartitioned,0,
metric,"round_483",interior_edge_fraction,0.982286,
metric,"round_483",boundary_edge_fraction,0.0177143,
metric,"round_483",partition_load_imbalance,1,
metric,"round_483",local_queue_size,103750,
metric,"round_483",boundary_queue_size,1871,
metric,"round_483",accepted_local_collapses,64,
metric,"round_483",accepted_boundary_collapses,16,
metric,"round_483",skipped_boundary_edges,0,
metric,"round_483",rejected_conflicts,2,
metric,"round_483",repartitioned,0,
metric,"round_484",interior_edge_fraction,0.973174,
metric,"round_484",boundary_edge_fraction,0.0268265,
metric,"round_484",partition_load_imbalance,1,
metric,"round_484",local_queue_size,102554,
metric,"round_484",boundary_queue_size,2827,
metric,"round_484",accepted_local_collapses,64,
metric,"round_484",accepted_boundary_collapses,16,
metric,"round_484",skipped_boundary_edges,0,
metric,"round_484",rejected_conflicts,2,
metric,"round_484",repartitioned,0,
metric,"round_485",interior_edge_fraction,1,
metric,"round_485",boundary_edge_fraction,0,
metric,"round_485",partition_load_imbalance,1,
metric,"round_485",local_queue_size,105141,
metric,"round_485",boundary_queue_size,0,
metric,"round_485",accepted_local_collapses,64,
metric,"round_485",accepted_boundary_collapses,0,
metric,"round_485",skipped_boundary_edges,0,
metric,"round_485",rejected_conflicts,1,
metric,"round_485",repartitioned,1,
metric,"round_486",interior_edge_fraction,0.991443,
metric,"round_486",boundary_edge_fraction,0.00855654,
metric,"round_486",partition_load_imbalance,1,
metric,"round_486",local_queue_size,104051,
metric,"round_486",boundary_queue_size,898,
metric,"round_486",accepted_local_collapses,64,
metric,"round_486",accepted_boundary_collapses,16,
metric,"round_486",skipped_boundary_edges,0,
metric,"round_486",rejected_conflicts,10,
metric,"round_486",repartitioned,0,
metric,"round_487",interior_edge_fraction,0.981988,
metric,"round_487",boundary_edge_fraction,0.0180118,
metric,"round_487",partition_load_imbalance,1,
metric,"round_487",local_queue_size,102823,
metric,"round_487",boundary_queue_size,1886,
metric,"round_487",accepted_local_collapses,64,
metric,"round_487",accepted_boundary_collapses,16,
metric,"round_487",skipped_boundary_edges,0,
metric,"round_487",rejected_conflicts,2,
metric,"round_487",repartitioned,0,
metric,"round_488",interior_edge_fraction,0.97226,
metric,"round_488",boundary_edge_fraction,0.0277403,
metric,"round_488",partition_load_imbalance,1,
metric,"round_488",local_queue_size,101571,
metric,"round_488",boundary_queue_size,2898,
metric,"round_488",accepted_local_collapses,64,
metric,"round_488",accepted_boundary_collapses,16,
metric,"round_488",skipped_boundary_edges,0,
metric,"round_488",rejected_conflicts,7,
metric,"round_488",repartitioned,0,
metric,"round_489",interior_edge_fraction,1,
metric,"round_489",boundary_edge_fraction,0,
metric,"round_489",partition_load_imbalance,1,
metric,"round_489",local_queue_size,104229,
metric,"round_489",boundary_queue_size,0,
metric,"round_489",accepted_local_collapses,64,
metric,"round_489",accepted_boundary_collapses,0,
metric,"round_489",skipped_boundary_edges,0,
metric,"round_489",rejected_conflicts,0,
metric,"round_489",repartitioned,1,
metric,"round_490",interior_edge_fraction,0.991522,
metric,"round_490",boundary_edge_fraction,0.00847775,
metric,"round_490",partition_load_imbalance,1,
metric,"round_490",local_queue_size,103155,
metric,"round_490",boundary_queue_size,882,
metric,"round_490",accepted_local_collapses,64,
metric,"round_490",accepted_boundary_collapses,16,
metric,"round_490",skipped_boundary_edges,0,
metric,"round_490",rejected_conflicts,7,
metric,"round_490",repartitioned,0,
metric,"round_491",interior_edge_fraction,0.981926,
metric,"round_491",boundary_edge_fraction,0.0180737,
metric,"round_491",partition_load_imbalance,1,
metric,"round_491",local_queue_size,101921,
metric,"round_491",boundary_queue_size,1876,
metric,"round_491",accepted_local_collapses,64,
metric,"round_491",accepted_boundary_collapses,16,
metric,"round_491",skipped_boundary_edges,0,
metric,"round_491",rejected_conflicts,3,
metric,"round_491",repartitioned,0,
metric,"round_492",interior_edge_fraction,0.972131,
metric,"round_492",boundary_edge_fraction,0.0278687,
metric,"round_492",partition_load_imbalance,1,
metric,"round_492",local_queue_size,100671,
metric,"round_492",boundary_queue_size,2886,
metric,"round_492",accepted_local_collapses,64,
metric,"round_492",accepted_boundary_collapses,16,
metric,"round_492",skipped_boundary_edges,0,
metric,"round_492",rejected_conflicts,2,
metric,"round_492",repartitioned,0,
metric,"round_493",interior_edge_fraction,1,
metric,"round_493",boundary_edge_fraction,0,
metric,"round_493",partition_load_imbalance,1,
metric,"round_493",local_queue_size,103317,
metric,"round_493",boundary_queue_size,0,
metric,"round_493",accepted_local_collapses,64,
metric,"round_493",accepted_boundary_collapses,0,
metric,"round_493",skipped_boundary_edges,0,
metric,"round_493",rejected_conflicts,1,
metric,"round_493",repartitioned,1,
metric,"round_494",interior_edge_fraction,0.991525,
metric,"round_494",boundary_edge_fraction,0.00847515,
metric,"round_494",partition_load_imbalance,1,
metric,"round_494",local_queue_size,102251,
metric,"round_494",boundary_queue_size,874,
metric,"round_494",accepted_local_collapses,64,
metric,"round_494",accepted_boundary_collapses,16,
metric,"round_494",skipped_boundary_edges,0,
metric,"round_494",rejected_conflicts,4,
metric,"round_494",repartitioned,0,
metric,"round_495",interior_edge_fraction,0.981581,
metric,"round_495",boundary_edge_fraction,0.0184186,
metric,"round_495",partition_load_imbalance,1,
metric,"round_495",local_queue_size,100990,
metric,"round_495",boundary_queue_size,1895,
metric,"round_495",accepted_local_collapses,64,
metric,"round_495",accepted_boundary_collapses,16,
metric,"round_495",skipped_boundary_edges,0,
metric,"round_495",rejected_conflicts,3,
metric,"round_495",repartitioned,0,
metric,"round_496",interior_edge_fraction,0.972127,
metric,"round_496",boundary_edge_fraction,0.0278728,
metric,"round_496",partition_load_imbalance,1,
metric,"round_496",local_queue_size,99784,
metric,"round_496",boundary_queue_size,2861,
metric,"round_496",accepted_local_collapses,64,
metric,"round_496",accepted_boundary_collapses,16,
metric,"round_496",skipped_boundary_edges,0,
metric,"round_496",rejected_conflicts,2,
metric,"round_496",repartitioned,0,
metric,"round_497",interior_edge_fraction,1,
metric,"round_497",boundary_edge_fraction,0,
metric,"round_497",partition_load_imbalance,1,
metric,"round_497",local_queue_size,102405,
metric,"round_497",boundary_queue_size,0,
metric,"round_497",accepted_local_collapses,64,
metric,"round_497",accepted_boundary_collapses,0,
metric,"round_497",skipped_boundary_edges,0,
metric,"round_497",rejected_conflicts,0,
metric,"round_497",repartitioned,1,
metric,"round_498",interior_edge_fraction,0.991185,
metric,"round_498",boundary_edge_fraction,0.00881493,
metric,"round_498",partition_load_imbalance,1,
metric,"round_498",local_queue_size,101312,
metric,"round_498",boundary_queue_size,901,
metric,"round_498",accepted_local_collapses,64,
metric,"round_498",accepted_boundary_collapses,16,
metric,"round_498",skipped_boundary_edges,0,
metric,"round_498",rejected_conflicts,4,
metric,"round_498",repartitioned,0,
metric,"round_499",interior_edge_fraction,0.981122,
metric,"round_499",boundary_edge_fraction,0.0188775,
metric,"round_499",partition_load_imbalance,1,
metric,"round_499",local_queue_size,100048,
metric,"round_499",boundary_queue_size,1925,
metric,"round_499",accepted_local_collapses,64,
metric,"round_499",accepted_boundary_collapses,16,
metric,"round_499",skipped_boundary_edges,0,
metric,"round_499",rejected_conflicts,2,
metric,"round_499",repartitioned,0,
metric,"round_500",interior_edge_fraction,0.971297,
metric,"round_500",boundary_edge_fraction,0.0287026,
metric,"round_500",partition_load_imbalance,1,
metric,"round_500",local_queue_size,98813,
metric,"round_500",boundary_queue_size,2920,
metric,"round_500",accepted_local_collapses,64,
metric,"round_500",accepted_boundary_collapses,16,
metric,"round_500",skipped_boundary_edges,0,
metric,"round_500",rejected_conflicts,4,
metric,"round_500",repartitioned,0,
metric,"round_501",interior_edge_fraction,1,
metric,"round_501",boundary_edge_fraction,0,
metric,"round_501",partition_load_imbalance,1,
metric,"round_501",local_queue_size,101493,
metric,"round_501",boundary_queue_size,0,
metric,"round_501",accepted_local_collapses,64,
metric,"round_501",accepted_boundary_collapses,0,
metric,"round_501",skipped_boundary_edges,0,
metric,"round_501",rejected_conflicts,1,
metric,"round_501",repartitioned,1,
metric,"round_502",interior_edge_fraction,0.99153,
metric,"round_502",boundary_edge_fraction,0.00846981,
metric,"round_502",partition_load_imbalance,1,
metric,"round_502",local_queue_size,100443,
metric,"round_502",boundary_queue_size,858,
metric,"round_502",accepted_local_collapses,64,
metric,"round_502",accepted_boundary_collapses,16,
metric,"round_502",skipped_boundary_edges,0,
metric,"round_502",rejected_conflicts,3,
metric,"round_502",repartitioned,0,
metric,"round_503",interior_edge_fraction,0.981437,
metric,"round_503",boundary_edge_fraction,0.018563,
metric,"round_503",partition_load_imbalance,1,
metric,"round_503",local_queue_size,99185,
metric,"round_503",boundary_queue_size,1876,
metric,"round_503",accepted_local_collapses,64,
metric,"round_503",accepted_boundary_collapses,16,
metric,"round_503",skipped_boundary_edges,0,
metric,"round_503",rejected_conflicts,1,
metric,"round_503",repartitioned,0,
metric,"round_504",interior_edge_fraction,0.971692,
metric,"round_504",boundary_edge_fraction,0.0283076,
metric,"round_504",partition_load_imbalance,1,
metric,"round_504",local_queue_size,97967,
metric,"round_504",boundary_queue_size,2854,
metric,"round_504",accepted_local_collapses,64,
metric,"round_504",accepted_boundary_collapses,16,
metric,"round_504",skipped_boundary_edges,0,
metric,"round_504",rejected_conflicts,0,
metric,"round_504",repartitioned,0,
metric,"round_505",interior_edge_fraction,1,
metric,"round_505",boundary_edge_fraction,0,
metric,"round_505",partition_load_imbalance,1,
metric,"round_505",local_queue_size,100581,
metric,"round_505",boundary_queue_size,0,
metric,"round_505",accepted_local_collapses,64,
metric,"round_505",accepted_boundary_collapses,0,
metric,"round_505",skipped_boundary_edges,0,
metric,"round_505",rejected_conflicts,0,
metric,"round_505",repartitioned,1,
metric,"round_506",interior_edge_fraction,0.990816,
metric,"round_506",boundary_edge_fraction,0.00918427,
metric,"round_506",partition_load_imbalance,1,
metric,"round_506",local_queue_size,99467,
metric,"round_506",boundary_queue_size,922,
metric,"round_506",accepted_local_collapses,64,
metric,"round_506",accepted_boundary_collapses,16,
metric,"round_506",skipped_boundary_edges,0,
metric,"round_506",rejected_conflicts,8,
metric,"round_506",repartitioned,0,
metric,"round_507",interior_edge_fraction,0.980789,
metric,"round_507",boundary_edge_fraction,0.0192114,
metric,"round_507",partition_load_imbalance,1,
metric,"round_507",local_queue_size,98225,
metric,"round_507",boundary_queue_size,1924,
metric,"round_507",accepted_local_collapses,64,
metric,"round_507",accepted_boundary_collapses,16,
metric,"round_507",skipped_boundary_edges,0,
metric,"round_507",rejected_conflicts,4,
metric,"round_507",repartitioned,0,
metric,"round_508",interior_edge_fraction,0.970723,
metric,"round_508",boundary_edge_fraction,0.0292766,
metric,"round_508",partition_load_imbalance,1,
metric,"round_508",local_queue_size,96984,
metric,"round_508",boundary_queue_size,2925,
metric,"round_508",accepted_local_collapses,64,
metric,"round_508",accepted_boundary_collapses,16,
metric,"round_508",skipped_boundary_edges,0,
metric,"round_508",rejected_conflicts,2,
metric,"round_508",repartitioned,0,
metric,"round_509",interior_edge_fraction,1,
metric,"round_509",boundary_edge_fraction,0,
metric,"round_509",partition_load_imbalance,1,
metric,"round_509",local_queue_size,99669,
metric,"round_509",boundary_queue_size,0,
metric,"round_509",accepted_local_collapses,64,
metric,"round_509",accepted_boundary_collapses,0,
metric,"round_509",skipped_boundary_edges,0,
metric,"round_509",rejected_conflicts,0,
metric,"round_509",repartitioned,1,
metric,"round_510",interior_edge_fraction,0.990802,
metric,"round_510",boundary_edge_fraction,0.00919811,
metric,"round_510",partition_load_imbalance,1,
metric,"round_510",local_queue_size,98562,
metric,"round_510",boundary_queue_size,915,
metric,"round_510",accepted_local_collapses,64,
metric,"round_510",accepted_boundary_collapses,16,
metric,"round_510",skipped_boundary_edges,0,
metric,"round_510",rejected_conflicts,4,
metric,"round_510",repartitioned,0,
metric,"round_511",interior_edge_fraction,0.980602,
metric,"round_511",boundary_edge_fraction,0.019398,
metric,"round_511",partition_load_imbalance,1,
metric,"round_511",local_queue_size,97312,
metric,"round_511",boundary_queue_size,1925,
metric,"round_511",accepted_local_collapses,64,
metric,"round_511",accepted_boundary_collapses,16,
metric,"round_511",skipped_boundary_edges,0,
metric,"round_511",rejected_conflicts,3,
metric,"round_511",repartitioned,0,
metric,"round_512",interior_edge_fraction,0.970575,
metric,"round_512",boundary_edge_fraction,0.0294251,
metric,"round_512",partition_load_imbalance,1,
metric,"round_512",local_queue_size,96084,
metric,"round_512",boundary_queue_size,2913,
metric,"round_512",accepted_local_collapses,64,
metric,"round_512",accepted_boundary_collapses,16,
metric,"round_512",skipped_boundary_edges,0,
metric,"round_512",rejected_conflicts,3,
metric,"round_512",repartitioned,0,
metric,"round_513",interior_edge_fraction,1,
metric,"round_513",boundary_edge_fraction,0,
metric,"round_513",partition_load_imbalance,1,
metric,"round_513",local_queue_size,98757,
metric,"round_513",boundary_queue_size,0,
metric,"round_513",accepted_local_collapses,64,
metric,"round_513",accepted_boundary_collapses,0,
metric,"round_513",skipped_boundary_edges,0,
metric,"round_513",rejected_conflicts,1,
metric,"round_513",repartitioned,1,
metric,"round_514",interior_edge_fraction,0.991092,
metric,"round_514",boundary_edge_fraction,0.00890783,
metric,"round_514",partition_load_imbalance,1,
metric,"round_514",local_queue_size,97687,
metric,"round_514",boundary_queue_size,878,
metric,"round_514",accepted_local_collapses,64,
metric,"round_514",accepted_boundary_collapses,16,
metric,"round_514",skipped_boundary_edges,0,
metric,"round_514",rejected_conflicts,6,
metric,"round_514",repartitioned,0,
metric,"round_515",interior_edge_fraction,0.980717,
metric,"round_515",boundary_edge_fraction,0.019283,
metric,"round_515",partition_load_imbalance,1,
metric,"round_515",local_queue_size,96429,
metric,"round_515",boundary_queue_size,1896,
metric,"round_515",accepted_local_collapses,64,
metric,"round_515",accepted_boundary_collapses,16,
metric,"round_515",skipped_boundary_edges,0,
metric,"round_515",rejected_conflicts,6,
metric,"round_515",repartitioned,0,
metric,"round_516",interior_edge_fraction,0.970811,
metric,"round_516",boundary_edge_fraction,0.029189,
metric,"round_516",partition_load_imbalance,1,
metric,"round_516",local_queue_size,95222,
metric,"round_516",boundary_queue_size,2863,
metric,"round_516",accepted_local_collapses,64,
metric,"round_516",accepted_boundary_collapses,16,
metric,"round_516",skipped_boundary_edges,0,
metric,"round_516",rejected_conflicts,6,
metric,"round_516",repartitioned,0,
metric,"round_517",interior_edge_fraction,1,
metric,"round_517",boundary_edge_fraction,0,
metric,"round_517",partition_load_imbalance,1,
metric,"round_517",local_queue_size,97845,
metric,"round_517",boundary_queue_size,0,
metric,"round_517",accepted_local_collapses,64,
metric,"round_517",accepted_boundary_collapses,0,
metric,"round_517",skipped_boundary_edges,0,
metric,"round_517",rejected_conflicts,1,
metric,"round_517",repartitioned,1,
metric,"round_518",interior_edge_fraction,0.990978,
metric,"round_518",boundary_edge_fraction,0.00902174,
metric,"round_518",partition_load_imbalance,1,
metric,"round_518",local_queue_size,96772,
metric,"round_518",boundary_queue_size,881,
metric,"round_518",accepted_local_collapses,64,
metric,"round_518",accepted_boundary_collapses,16,
metric,"round_518",skipped_boundary_edges,0,
metric,"round_518",rejected_conflicts,2,
metric,"round_518",repartitioned,0,
metric,"round_519",interior_edge_fraction,0.980834,
metric,"round_519",boundary_edge_fraction,0.0191658,
metric,"round_519",partition_load_imbalance,1,
metric,"round_519",local_queue_size,95546,
metric,"round_519",boundary_queue_size,1867,
metric,"round_519",accepted_local_collapses,64,
metric,"round_519",accepted_boundary_collapses,16,
metric,"round_519",skipped_boundary_edges,0,
metric,"round_519",rejected_conflicts,2,
metric,"round_519",repartitioned,0,
metric,"round_520",interior_edge_fraction,0.970496,
metric,"round_520",boundary_edge_fraction,0.0295041,
metric,"round_520",partition_load_imbalance,1,
metric,"round_520",local_queue_size,94306,
metric,"round_520",boundary_queue_size,2867,
metric,"round_520",accepted_local_collapses,64,
metric,"round_520",accepted_boundary_collapses,16,
metric,"round_520",skipped_boundary_edges,0,
metric,"round_520",rejected_conflicts,1,
metric,"round_520",repartitioned,0,
metric,"round_521",interior_edge_fraction,1,
metric,"round_521",boundary_edge_fraction,0,
metric,"round_521",partition_load_imbalance,1,
metric,"round_521",local_queue_size,96933,
metric,"round_521",boundary_queue_size,0,
metric,"round_521",accepted_local_collapses,64,
metric,"round_521",accepted_boundary_collapses,0,
metric,"round_521",skipped_boundary_edges,0,
metric,"round_521",rejected_conflicts,0,
metric,"round_521",repartitioned,1,
metric,"round_522",interior_edge_fraction,0.991038,
metric,"round_522",boundary_edge_fraction,0.00896207,
metric,"round_522",partition_load_imbalance,1,
metric,"round_522",local_queue_size,95874,
metric,"round_522",boundary_queue_size,867,
metric,"round_522",accepted_local_collapses,64,
metric,"round_522",accepted_boundary_collapses,16,
metric,"round_522",skipped_boundary_edges,0,
metric,"round_522",rejected_conflicts,9,
metric,"round_522",repartitioned,0,
metric,"round_523",interior_edge_fraction,0.980539,
metric,"round_523",boundary_edge_fraction,0.0194609,
metric,"round_523",partition_load_imbalance,1,
metric,"round_523",local_queue_size,94623,
metric,"round_523",boundary_queue_size,1878,
metric,"round_523",accepted_local_collapses,64,
metric,"round_523",accepted_boundary_collapses,16,
metric,"round_523",skipped_boundary_edges,0,
metric,"round_523",rejected_conflicts,1,
metric,"round_523",repartitioned,0,
metric,"round_524",interior_edge_fraction,0.970279,
metric,"round_524",boundary_edge_fraction,0.0297213,
metric,"round_524",partition_load_imbalance,1,
metric,"round_524",local_queue_size,93400,
metric,"round_524",boundary_queue_size,2861,
metric,"round_524",accepted_local_collapses,64,
metric,"round_524",accepted_boundary_collapses,16,
metric,"round_524",skipped_boundary_edges,0,
metric,"round_524",rejected_conflicts,4,
metric,"round_524",repartitioned,0,
metric,"round_525",interior_edge_fraction,1,
metric,"round_525",boundary_edge_fraction,0,
metric,"round_525",partition_load_imbalance,1,
metric,"round_525",local_queue_size,96021,
metric,"round_525",boundary_queue_size,0,
metric,"round_525",accepted_local_collapses,64,
metric,"round_525",accepted_boundary_collapses,0,
metric,"round_525",skipped_boundary_edges,0,
metric,"round_525",rejected_conflicts,0,
metric,"round_525",repartitioned,1,
metric,"round_526",interior_edge_fraction,0.990337,
metric,"round_526",boundary_edge_fraction,0.00966305,
metric,"round_526",partition_load_imbalance,1,
metric,"round_526",local_queue_size,94903,
metric,"round_526",boundary_queue_size,926,
metric,"round_526",accepted_local_collapses,64,
metric,"round_526",accepted_boundary_collapses,16,
metric,"round_526",skipped_boundary_edges,0,
metric,"round_526",rejected_conflicts,7,
metric,"round_526",repartitioned,0,
metric,"round_527",interior_edge_fraction,0.980134,
metric,"round_527",boundary_edge_fraction,0.0198663,
metric,"round_527",partition_load_imbalance,1,
metric,"round_527",local_queue_size,93690,
metric,"round_527",boundary_queue_size,1899,
metric,"round_527",accepted_local_collapses,64,
metric,"round_527",accepted_boundary_collapses,16,
metric,"round_527",skipped_boundary_edges,0,
metric,"round_527",rejected_conflicts,2,
metric,"round_527",repartitioned,0,
metric,"round_528",interior_edge_fraction,0.96968,
metric,"round_528",boundary_edge_fraction,0.0303202,
metric,"round_528",partition_load_imbalance,1,
metric,"round_528",local_queue_size,92458,
metric,"round_528",boundary_queue_size,2891,
metric,"round_528",accepted_local_collapses,64,
metric,"round_528",accepted_boundary_collapses,16,
metric,"round_528",skipped_boundary_edges,0,
metric,"round_528",rejected_conflicts,1,
metric,"round_528",repartitioned,0,
metric,"round_529",interior_edge_fraction,1,
metric,"round_529",boundary_edge_fraction,0,
metric,"round_529",partition_load_imbalance,1,
metric,"round_529",local_queue_size,95109,
metric,"round_529",boundary_queue_size,0,
metric,"round_529",accepted_local_collapses,64,
metric,"round_529",accepted_boundary_collapses,0,
metric,"round_529",skipped_boundary_edges,0,
metric,"round_529",rejected_conflicts,1,
metric,"round_529",repartitioned,1,
metric,"round_530",interior_edge_fraction,0.990497,
metric,"round_530",boundary_edge_fraction,0.00950304,
metric,"round_530",partition_load_imbalance,1,
metric,"round_530",local_queue_size,94015,
metric,"round_530",boundary_queue_size,902,
metric,"round_530",accepted_local_collapses,64,
metric,"round_530",accepted_boundary_collapses,16,
metric,"round_530",skipped_boundary_edges,0,
metric,"round_530",rejected_conflicts,4,
metric,"round_530",repartitioned,0,
metric,"round_531",interior_edge_fraction,0.979383,
metric,"round_531",boundary_edge_fraction,0.0206175,
metric,"round_531",partition_load_imbalance,1,
metric,"round_531",local_queue_size,92725,
metric,"round_531",boundary_queue_size,1952,
metric,"round_531",accepted_local_collapses,64,
metric,"round_531",accepted_boundary_collapses,16,
metric,"round_531",skipped_boundary_edges,0,
metric,"round_531",rejected_conflicts,1,
metric,"round_531",repartitioned,0,
metric,"round_532",interior_edge_fraction,0.968667,
metric,"round_532",boundary_edge_fraction,0.0313331,
metric,"round_532",partition_load_imbalance,1,
metric,"round_532",local_queue_size,91478,
metric,"round_532",boundary_queue_size,2959,
metric,"round_532",accepted_local_collapses,64,
metric,"round_532",accepted_boundary_collapses,16,
metric,"round_532",skipped_boundary_edges,0,
metric,"round_532",rejected_conflicts,3,
metric,"round_532",repartitioned,0,
metric,"round_533",interior_edge_fraction,1,
metric,"round_533",boundary_edge_fraction,0,
metric,"round_533",partition_load_imbalance,1,
metric,"round_533",local_queue_size,94197,
metric,"round_533",boundary_queue_size,0,
metric,"round_533",accepted_local_collapses,64,
metric,"round_533",accepted_boundary_collapses,0,
metric,"round_533",skipped_boundary_edges,0,
metric,"round_533",rejected_conflicts,1,
metric,"round_533",repartitioned,1,
metric,"round_534",interior_edge_fraction,0.990235,
metric,"round_534",boundary_edge_fraction,0.00976544,
metric,"round_534",partition_load_imbalance,1,
metric,"round_534",local_queue_size,93087,
metric,"round_534",boundary_queue_size,918,
metric,"round_534",accepted_local_collapses,64,
metric,"round_534",accepted_boundary_collapses,16,
metric,"round_534",skipped_boundary_edges,0,
metric,"round_534",rejected_conflicts,5,
metric,"round_534",repartitioned,0,
metric,"round_535",interior_edge_fraction,0.979385,
metric,"round_535",boundary_edge_fraction,0.0206154,
metric,"round_535",partition_load_imbalance,1,
metric,"round_535",local_queue_size,91832,
metric,"round_535",boundary_queue_size,1933,
metric,"round_535",accepted_local_collapses,64,
metric,"round_535",accepted_boundary_collapses,16,
metric,"round_535",skipped_boundary_edges,0,
metric,"round_535",rejected_conflicts,3,
metric,"round_535",repartitioned,0,
metric,"round_536",interior_edge_fraction,0.968586,
metric,"round_536",boundary_edge_fraction,0.0314141,
metric,"round_536",partition_load_imbalance,1,
metric,"round_536",local_queue_size,90587,
metric,"round_536",boundary_queue_size,2938,
metric,"round_536",accepted_local_collapses,64,
metric,"round_536",accepted_boundary_collapses,16,
metric,"round_536",skipped_boundary_edges,0,
metric,"round_536",rejected_conflicts,0,
metric,"round_536",repartitioned,0,
metric,"round_537",interior_edge_fraction,1,
metric,"round_537",boundary_edge_fraction,0,
metric,"round_537",partition_load_imbalance,1,
metric,"round_537",local_queue_size,93285,
metric,"round_537",boundary_queue_size,0,
metric,"round_537",accepted_local_collapses,64,
metric,"round_537",accepted_boundary_collapses,0,
metric,"round_537",skipped_boundary_edges,0,
metric,"round_537",rejected_conflicts,4,
metric,"round_537",repartitioned,1,
metric,"round_538",interior_edge_fraction,0.990364,
metric,"round_538",boundary_edge_fraction,0.00963553,
metric,"round_538",partition_load_imbalance,1,
metric,"round_538",local_queue_size,92196,
metric,"round_538",boundary_queue_size,897,
metric,"round_538",accepted_local_collapses,64,
metric,"round_538",accepted_boundary_collapses,16,
metric,"round_538",skipped_boundary_edges,0,
metric,"round_538",rejected_conflicts,0,
metric,"round_538",repartitioned,0,
metric,"round_539",interior_edge_fraction,0.979591,
metric,"round_539",boundary_edge_fraction,0.0204086,
metric,"round_539",partition_load_imbalance,1,
metric,"round_539",local_queue_size,90958,
metric,"round_539",boundary_queue_size,1895,
metric,"round_539",accepted_local_collapses,64,
metric,"round_539",accepted_boundary_collapses,16,
metric,"round_539",skipped_boundary_edges,0,
metric,"round_539",rejected_conflicts,4,
metric,"round_539",repartitioned,0,
metric,"round_540",interior_edge_fraction,0.968946,
metric,"round_540",boundary_edge_fraction,0.031054,
metric,"round_540",partition_load_imbalance,1,
metric,"round_540",local_queue_size,89737,
metric,"round_540",boundary_queue_size,2876,
metric,"round_540",accepted_local_collapses,64,
metric,"round_540",accepted_boundary_collapses,16,
metric,"round_540",skipped_boundary_edges,0,
metric,"round_540",rejected_conflicts,1,
metric,"round_540",repartitioned,0,
metric,"round_541",interior_edge_fraction,1,
metric,"round_541",boundary_edge_fraction,0,
metric,"round_541",partition_load_imbalance,1,
metric,"round_541",local_queue_size,92373,
metric,"round_541",boundary_queue_size,0,
metric,"round_541",accepted_local_collapses,64,
metric,"round_541",accepted_boundary_collapses,0,
metric,"round_541",skipped_boundary_edges,0,
metric,"round_541",rejected_conflicts,1,
metric,"round_541",repartitioned,1,
metric,"round_542",interior_edge_fraction,0.990302,
metric,"round_542",boundary_edge_fraction,0.00969831,
metric,"round_542",partition_load_imbalance,1,
metric,"round_542",local_queue_size,91287,
metric,"round_542",boundary_queue_size,894,
metric,"round_542",accepted_local_collapses,64,
metric,"round_542",accepted_boundary_collapses,16,
metric,"round_542",skipped_boundary_edges,0,
metric,"round_542",rejected_conflicts,2,
metric,"round_542",repartitioned,0,
metric,"round_543",interior_edge_fraction,0.979313,
metric,"round_543",boundary_edge_fraction,0.0206872,
metric,"round_543",partition_load_imbalance,1,
metric,"round_543",local_queue_size,90039,
metric,"round_543",boundary_queue_size,1902,
metric,"round_543",accepted_local_collapses,64,
metric,"round_543",accepted_boundary_collapses,16,
metric,"round_543",skipped_boundary_edges,0,
metric,"round_543",rejected_conflicts,0,
metric,"round_543",repartitioned,0,
metric,"round_544",interior_edge_fraction,0.968692,
metric,"round_544",boundary_edge_fraction,0.0313083,
metric,"round_544",partition_load_imbalance,1,
metric,"round_544",local_queue_size,88830,
metric,"round_544",boundary_queue_size,2871,
metric,"round_544",accepted_local_collapses,64,
metric,"round_544",accepted_boundary_collapses,16,
metric,"round_544",skipped_boundary_edges,0,
metric,"round_544",rejected_conflicts,2,
metric,"round_544",repartitioned,0,
metric,"round_545",interior_edge_fraction,1,
metric,"round_545",boundary_edge_fraction,0,
metric,"round_545",partition_load_imbalance,1,
metric,"round_545",local_queue_size,91461,
metric,"round_545",boundary_queue_size,0,
metric,"round_545",accepted_local_collapses,64,
metric,"round_545",accepted_boundary_collapses,0,
metric,"round_545",skipped_boundary_edges,0,
metric,"round_545",rejected_conflicts,1,
metric,"round_545",repartitioned,1,
metric,"round_546",interior_edge_fraction,0.989942,
metric,"round_546",boundary_edge_fraction,0.0100582,
metric,"round_546",partition_load_imbalance,1,
metric,"round_546",local_queue_size,90351,
metric,"round_546",boundary_queue_size,918,
metric,"round_546",accepted_local_collapses,64,
metric,"round_546",accepted_boundary_collapses,16,
metric,"round_546",skipped_boundary_edges,0,
metric,"round_546",rejected_conflicts,4,
metric,"round_546",repartitioned,0,
metric,"round_547",interior_edge_fraction,0.979248,
metric,"round_547",boundary_edge_fraction,0.0207516,
metric,"round_547",partition_load_imbalance,1,
metric,"round_547",local_queue_size,89140,
metric,"round_547",boundary_queue_size,1889,
metric,"round_547",accepted_local_collapses,64,
metric,"round_547",accepted_boundary_collapses,16,
metric,"round_547",skipped_boundary_edges,0,
metric,"round_547",rejected_conflicts,2,
metric,"round_547",repartitioned,0,
metric,"round_548",interior_edge_fraction,0.968344,
metric,"round_548",boundary_edge_fraction,0.0316558,
metric,"round_548",partition_load_imbalance,1,
metric,"round_548",local_queue_size,87915,
metric,"round_548",boundary_queue_size,2874,
metric,"round_548",accepted_local_collapses,64,
metric,"round_548",accepted_boundary_collapses,16,
metric,"round_548",skipped_boundary_edges,0,
metric,"round_548",rejected_conflicts,5,
metric,"round_548",repartitioned,0,
metric,"round_549",interior_edge_fraction,1,
metric,"round_549",boundary_edge_fraction,0,
metric,"round_549",partition_load_imbalance,1,
metric,"round_549",local_queue_size,90549,
metric,"round_549",boundary_queue_size,0,
metric,"round_549",accepted_local_collapses,64,
metric,"round_549",accepted_boundary_collapses,0,
metric,"round_549",skipped_boundary_edges,0,
metric,"round_549",rejected_conflicts,0,
metric,"round_549",repartitioned,1,
metric,"round_550",interior_edge_fraction,0.990327,
metric,"round_550",boundary_edge_fraction,0.00967274,
metric,"round_550",partition_load_imbalance,1,
metric,"round_550",local_queue_size,89483,
metric,"round_550",boundary_queue_size,874,
metric,"round_550",accepted_local_collapses,64,
metric,"round_550",accepted_boundary_collapses,16,
metric,"round_550",skipped_boundary_edges,0,
metric,"round_550",rejected_conflicts,7,
metric,"round_550",repartitioned,0,
metric,"round_551",interior_edge_fraction,0.979449,
metric,"round_551",boundary_edge_fraction,0.0205511,
metric,"round_551",partition_load_imbalance,1,
metric,"round_551",local_queue_size,88265,
metric,"round_551",boundary_queue_size,1852,
metric,"round_551",accepted_local_collapses,64,
metric,"round_551",accepted_boundary_collapses,16,
metric,"round_551",skipped_boundary_edges,0,
metric,"round_551",rejected_conflicts,3,
metric,"round_551",repartitioned,0,
metric,"round_552",interior_edge_fraction,0.967912,
metric,"round_552",boundary_edge_fraction,0.0320883,
metric,"round_552",partition_load_imbalance,1,
metric,"round_552",local_queue_size,86993,
metric,"round_552",boundary_queue_size,2884,
metric,"round_552",accepted_local_collapses,64,
metric,"round_552",accepted_boundary_collapses,16,
metric,"round_552",skipped_boundary_edges,0,
metric,"round_552",rejected_conflicts,5,
metric,"round_552",repartitioned,0,
metric,"round_553",interior_edge_fraction,1,
metric,"round_553",boundary_edge_fraction,0,
metric,"round_553",partition_load_imbalance,1,
metric,"round_553",local_queue_size,89637,
metric,"round_553",boundary_queue_size,0,
metric,"round_553",accepted_local_collapses,64,
metric,"round_553",accepted_boundary_collapses,0,
metric,"round_553",skipped_boundary_edges,0,
metric,"round_553",rejected_conflicts,3,
metric,"round_553",repartitioned,1,
metric,"round_554",interior_edge_fraction,0.98977,
metric,"round_554",boundary_edge_fraction,0.0102298,
metric,"round_554",partition_load_imbalance,1,
metric,"round_554",local_queue_size,88530,
metric,"round_554",boundary_queue_size,915,
metric,"round_554",accepted_local_collapses,64,
metric,"round_554",accepted_boundary_collapses,16,
metric,"round_554",skipped_boundary_edges,0,
metric,"round_554",rejected_conflicts,7,
metric,"round_554",repartitioned,0,
metric,"round_555",interior_edge_fraction,0.978622,
metric,"round_555",boundary_edge_fraction,0.0213777,
metric,"round_555",partition_load_imbalance,1,
metric,"round_555",local_queue_size,87298,
metric,"round_555",boundary_queue_size,1907,
metric,"round_555",accepted_local_collapses,64,
metric,"round_555",accepted_boundary_collapses,16,
metric,"round_555",skipped_boundary_edges,0,
metric,"round_555",rejected_conflicts,0,
metric,"round_555",repartitioned,0,
metric,"round_556",interior_edge_fraction,0.967358,
metric,"round_556",boundary_edge_fraction,0.0326421,
metric,"round_556",partition_load_imbalance,1,
metric,"round_556",local_queue_size,86061,
metric,"round_556",boundary_queue_size,2904,
metric,"round_556",accepted_local_collapses,64,
metric,"round_556",accepted_boundary_collapses,16,
metric,"round_556",skipped_boundary_edges,0,
metric,"round_556",rejected_conflicts,5,
metric,"round_556",repartitioned,0,
metric,"round_557",interior_edge_fraction,1,
metric,"round_557",boundary_edge_fraction,0,
metric,"round_557",partition_load_imbalance,1,
metric,"round_557",local_queue_size,88725,
metric,"round_557",boundary_queue_size,0,
metric,"round_557",accepted_local_collapses,64,
metric,"round_557",accepted_boundary_collapses,0,
metric,"round_557",skipped_boundary_edges,0,
metric,"round_557",rejected_conflicts,0,
metric,"round_557",repartitioned,1,
metric,"round_558",interior_edge_fraction,0.989834,
metric,"round_558",boundary_edge_fraction,0.0101657,
metric,"round_558",partition_load_imbalance,1,
metric,"round_558",local_queue_size,87633,
metric,"round_558",boundary_queue_size,900,
metric,"round_558",accepted_local_collapses,64,
metric,"round_558",accepted_boundary_collapses,16,
metric,"round_558",skipped_boundary_edges,0,
metric,"round_558",rejected_conflicts,3,
metric,"round_558",repartitioned,0,
metric,"round_559",interior_edge_fraction,0.978447,
metric,"round_559",boundary_edge_fraction,0.0215532,
metric,"round_559",partition_load_imbalance,1,
metric,"round_559",local_queue_size,86390,
metric,"round_559",boundary_queue_size,1903,
metric,"round_559",accepted_local_collapses,64,
metric,"round_559",accepted_boundary_collapses,16,
metric,"round_559",skipped_boundary_edges,0,
metric,"round_559",rejected_conflicts,4,
metric,"round_559",repartitioned,0,
metric,"round_560",interior_edge_fraction,0.967281,
metric,"round_560",boundary_edge_fraction,0.0327189,
metric,"round_560",partition_load_imbalance,1,
metric,"round_560",local_queue_size,85172,
metric,"round_560",boundary_queue_size,2881,
metric,"round_560",accepted_local_collapses,64,
metric,"round_560",accepted_boundary_collapses,16,
metric,"round_560",skipped_boundary_edges,0,
metric,"round_560",rejected_conflicts,4,
metric,"round_560",repartitioned,0,
metric,"round_561",interior_edge_fraction,1,
metric,"round_561",boundary_edge_fraction,0,
metric,"round_561",partition_load_imbalance,1,
metric,"round_561",local_queue_size,87813,
metric,"round_561",boundary_queue_size,0,
metric,"round_561",accepted_local_collapses,64,
metric,"round_561",accepted_boundary_collapses,0,
metric,"round_561",skipped_boundary_edges,0,
metric,"round_561",rejected_conflicts,1,
metric,"round_561",repartitioned,1,
metric,"round_562",interior_edge_fraction,0.989683,
metric,"round_562",boundary_edge_fraction,0.0103172,
metric,"round_562",partition_load_imbalance,1,
metric,"round_562",local_queue_size,86717,
metric,"round_562",boundary_queue_size,904,
metric,"round_562",accepted_local_collapses,64,
metric,"round_562",accepted_boundary_collapses,16,
metric,"round_562",skipped_boundary_edges,0,
metric,"round_562",rejected_conflicts,3,
metric,"round_562",repartitioned,0,
metric,"round_563",interior_edge_fraction,0.978153,
metric,"round_563",boundary_edge_fraction,0.0218469,
metric,"round_563",partition_load_imbalance,1,
metric,"round_563",local_queue_size,85472,
metric,"round_563",boundary_queue_size,1909,
metric,"round_563",accepted_local_collapses,64,
metric,"round_563",accepted_boundary_collapses,16,
metric,"round_563",skipped_boundary_edges,0,
metric,"round_563",rejected_conflicts,2,
metric,"round_563",repartitioned,0,
metric,"round_564",interior_edge_fraction,0.966537,
metric,"round_564",boundary_edge_fraction,0.033463,
metric,"round_564",partition_load_imbalance,1,
metric,"round_564",local_queue_size,84225,
metric,"round_564",boundary_queue_size,2916,
metric,"round_564",accepted_local_collapses,64,
metric,"round_564",accepted_boundary_collapses,16,
metric,"round_564",skipped_boundary_edges,0,
metric,"round_564",rejected_conflicts,2,
metric,"round_564",repartitioned,0,
metric,"round_565",interior_edge_fraction,1,
metric,"round_565",boundary_edge_fraction,0,
metric,"round_565",partition_load_imbalance,1,
metric,"round_565",local_queue_size,86901,
metric,"round_565",boundary_queue_size,0,
metric,"round_565",accepted_local_collapses,64,
metric,"round_565",accepted_boundary_collapses,0,
metric,"round_565",skipped_boundary_edges,0,
metric,"round_565",rejected_conflicts,2,
metric,"round_565",repartitioned,1,
metric,"round_566",interior_edge_fraction,0.98939,
metric,"round_566",boundary_edge_fraction,0.0106102,
metric,"round_566",partition_load_imbalance,1,
metric,"round_566",local_queue_size,85789,
metric,"round_566",boundary_queue_size,920,
metric,"round_566",accepted_local_collapses,64,
metric,"round_566",accepted_boundary_collapses,16,
metric,"round_566",skipped_boundary_edges,0,
metric,"round_566",rejected_conflicts,3,
metric,"round_566",repartitioned,0,
metric,"round_567",interior_edge_fraction,0.978212,
metric,"round_567",boundary_edge_fraction,0.0217882,
metric,"round_567",partition_load_imbalance,1,
metric,"round_567",local_queue_size,84585,
metric,"round_567",boundary_queue_size,1884,
metric,"round_567",accepted_local_collapses,64,
metric,"round_567",accepted_boundary_collapses,16,
metric,"round_567",skipped_boundary_edges,0,
metric,"round_567",rejected_conflicts,5,
metric,"round_567",repartitioned,0,
metric,"round_568",interior_edge_fraction,0.966496,
metric,"round_568",boundary_edge_fraction,0.0335038,
metric,"round_568",partition_load_imbalance,1,
metric,"round_568",local_queue_size,83340,
metric,"round_568",boundary_queue_size,2889,
metric,"round_568",accepted_local_collapses,64,
metric,"round_568",accepted_boundary_collapses,16,
metric,"round_568",skipped_boundary_edges,0,
metric,"round_568",rejected_conflicts,2,
metric,"round_568",repartitioned,0,
metric,"round_569",interior_edge_fraction,1,
metric,"round_569",boundary_edge_fraction,0,
metric,"round_569",partition_load_imbalance,1,
metric,"round_569",local_queue_size,85989,
metric,"round_569",boundary_queue_size,0,
metric,"round_569",accepted_local_collapses,64,
metric,"round_569",accepted_boundary_collapses,0,
metric,"round_569",skipped_boundary_edges,0,
metric,"round_569",rejected_conflicts,1,
metric,"round_569",repartitioned,1,
metric,"round_570",interior_edge_fraction,0.989557,
metric,"round_570",boundary_edge_fraction,0.0104433,
metric,"round_570",partition_load_imbalance,1,
metric,"round_570",local_queue_size,84901,
metric,"round_570",boundary_queue_size,896,
metric,"round_570",accepted_local_collapses,64,
metric,"round_570",accepted_boundary_collapses,16,
metric,"round_570",skipped_boundary_edges,0,
metric,"round_570",rejected_conflicts,2,
metric,"round_570",repartitioned,0,
metric,"round_571",interior_edge_fraction,0.977547,
metric,"round_571",boundary_edge_fraction,0.0224529,
metric,"round_571",partition_load_imbalance,1,
metric,"round_571",local_queue_size,83636,
metric,"round_571",boundary_queue_size,1921,
metric,"round_571",accepted_local_collapses,64,
metric,"round_571",accepted_boundary_collapses,16,
metric,"round_571",skipped_boundary_edges,0,
metric,"round_571",rejected_conflicts,0,
metric,"round_571",repartitioned,0,
metric,"round_572",interior_edge_fraction,0.965845,
metric,"round_572",boundary_edge_fraction,0.034155,
metric,"round_572",partition_load_imbalance,1,
metric,"round_572",local_queue_size,82403,
metric,"round_572",boundary_queue_size,2914,
metric,"round_572",accepted_local_collapses,64,
metric,"round_572",accepted_boundary_collapses,16,
metric,"round_572",skipped_boundary_edges,0,
metric,"round_572",rejected_conflicts,3,
metric,"round_572",repartitioned,0,
metric,"round_573",interior_edge_fraction,1,
metric,"round_573",boundary_edge_fraction,0,
metric,"round_573",partition_load_imbalance,1,
metric,"round_573",local_queue_size,85077,
metric,"round_573",boundary_queue_size,0,
metric,"round_573",accepted_local_collapses,64,
metric,"round_573",accepted_boundary_collapses,0,
metric,"round_573",skipped_boundary_edges,0,
metric,"round_573",rejected_conflicts,1,
metric,"round_573",repartitioned,1,
metric,"round_574",interior_edge_fraction,0.989256,
metric,"round_574",boundary_edge_fraction,0.0107439,
metric,"round_574",partition_load_imbalance,1,
metric,"round_574",local_queue_size,83973,
metric,"round_574",boundary_queue_size,912,
metric,"round_574",accepted_local_collapses,64,
metric,"round_574",accepted_boundary_collapses,16,
metric,"round_574",skipped_boundary_edges,0,
metric,"round_574",rejected_conflicts,7,
metric,"round_574",repartitioned,0,
metric,"round_575",interior_edge_fraction,0.97766,
metric,"round_575",boundary_edge_fraction,0.0223404,
metric,"round_575",partition_load_imbalance,1,
metric,"round_575",local_queue_size,82754,
metric,"round_575",boundary_queue_size,1891,
metric,"round_575",accepted_local_collapses,64,
metric,"round_575",accepted_boundary_collapses,16,
metric,"round_575",skipped_boundary_edges,0,
metric,"round_575",rejected_conflicts,2,
metric,"round_575",repartitioned,0,
metric,"round_576",interior_edge_fraction,0.966128,
metric,"round_576",boundary_edge_fraction,0.0338724,
metric,"round_576",partition_load_imbalance,1,
metric,"round_576",local_queue_size,81546,
metric,"round_576",boundary_queue_size,2859,
metric,"round_576",accepted_local_collapses,64,
metric,"round_576",accepted_boundary_collapses,16,
metric,"round_576",skipped_boundary_edges,0,
metric,"round_576",rejected_conflicts,7,
metric,"round_576",repartitioned,0,
metric,"round_577",interior_edge_fraction,1,
metric,"round_577",boundary_edge_fraction,0,
metric,"round_577",partition_load_imbalance,1,
metric,"round_577",local_queue_size,84165,
metric,"round_577",boundary_queue_size,0,
metric,"round_577",accepted_local_collapses,64,
metric,"round_577",accepted_boundary_collapses,0,
metric,"round_577",skipped_boundary_edges,0,
metric,"round_577",rejected_conflicts,1,
metric,"round_577",repartitioned,1,
metric,"round_578",interior_edge_fraction,0.989497,
metric,"round_578",boundary_edge_fraction,0.0105034,
metric,"round_578",partition_load_imbalance,1,
metric,"round_578",local_queue_size,83091,
metric,"round_578",boundary_queue_size,882,
metric,"round_578",accepted_local_collapses,64,
metric,"round_578",accepted_boundary_collapses,16,
metric,"round_578",skipped_boundary_edges,0,
metric,"round_578",rejected_conflicts,6,
metric,"round_578",repartitioned,0,
metric,"round_579",interior_edge_fraction,0.977954,
metric,"round_579",boundary_edge_fraction,0.0220463,
metric,"round_579",partition_load_imbalance,1,
metric,"round_579",local_queue_size,81887,
metric,"round_579",boundary_queue_size,1846,
metric,"round_579",accepted_local_collapses,64,
metric,"round_579",accepted_boundary_collapses,16,
metric,"round_579",skipped_boundary_edges,0,
metric,"round_579",rejected_conflicts,3,
metric,"round_579",repartitioned,0,
metric,"round_580",interior_edge_fraction,0.966213,
metric,"round_580",boundary_edge_fraction,0.0337873,
metric,"round_580",partition_load_imbalance,1,
metric,"round_580",local_queue_size,80672,
metric,"round_580",boundary_queue_size,2821,
metric,"round_580",accepted_local_collapses,64,
metric,"round_580",accepted_boundary_collapses,16,
metric,"round_580",skipped_boundary_edges,0,
metric,"round_580",rejected_conflicts,2,
metric,"round_580",repartitioned,0,
metric,"round_581",interior_edge_fraction,1,
metric,"round_581",boundary_edge_fraction,0,
metric,"round_581",partition_load_imbalance,1,
metric,"round_581",local_queue_size,83253,
metric,"round_581",boundary_queue_size,0,
metric,"round_581",accepted_local_collapses,64,
metric,"round_581",accepted_boundary_collapses,0,
metric,"round_581",skipped_boundary_edges,0,
metric,"round_581",rejected_conflicts,2,
metric,"round_581",repartitioned,1,
metric,"round_582",interior_edge_fraction,0.988972,
metric,"round_582",boundary_edge_fraction,0.011028,
metric,"round_582",partition_load_imbalance,1,
metric,"round_582",local_queue_size,82145,
metric,"round_582",boundary_queue_size,916,
metric,"round_582",accepted_local_collapses,64,
metric,"round_582",accepted_boundary_collapses,16,
metric,"round_582",skipped_boundary_edges,0,
metric,"round_582",rejected_conflicts,1,
metric,"round_582",repartitioned,0,
metric,"round_583",interior_edge_fraction,0.976781,
metric,"round_583",boundary_edge_fraction,0.0232187,
metric,"round_583",partition_load_imbalance,1,
metric,"round_583",local_queue_size,80898,
metric,"round_583",boundary_queue_size,1923,
metric,"round_583",accepted_local_collapses,64,
metric,"round_583",accepted_boundary_collapses,16,
metric,"round_583",skipped_boundary_edges,0,
metric,"round_583",rejected_conflicts,7,
metric,"round_583",repartitioned,0,
metric,"round_584",interior_edge_fraction,0.964568,
metric,"round_584",boundary_edge_fraction,0.0354319,
metric,"round_584",partition_load_imbalance,1,
metric,"round_584",local_queue_size,79655,
metric,"round_584",boundary_queue_size,2926,
metric,"round_584",accepted_local_collapses,64,
metric,"round_584",accepted_boundary_collapses,16,
metric,"round_584",skipped_boundary_edges,0,
metric,"round_584",rejected_conflicts,0,
metric,"round_584",repartitioned,0,
metric,"round_585",interior_edge_fraction,1,
metric,"round_585",boundary_edge_fraction,0,
metric,"round_585",partition_load_imbalance,1,
metric,"round_585",local_queue_size,82341,
metric,"round_585",boundary_queue_size,0,
metric,"round_585",accepted_local_collapses,64,
metric,"round_585",accepted_boundary_collapses,0,
metric,"round_585",skipped_boundary_edges,0,
metric,"round_585",rejected_conflicts,3,
metric,"round_585",repartitioned,1,
metric,"round_586",interior_edge_fraction,0.989349,
metric,"round_586",boundary_edge_fraction,0.0106514,
metric,"round_586",partition_load_imbalance,1,
metric,"round_586",local_queue_size,81274,
metric,"round_586",boundary_queue_size,875,
metric,"round_586",accepted_local_collapses,64,
metric,"round_586",accepted_boundary_collapses,16,
metric,"round_586",skipped_boundary_edges,0,
metric,"round_586",rejected_conflicts,0,
metric,"round_586",repartitioned,0,
metric,"round_587",interior_edge_fraction,0.976926,
metric,"round_587",boundary_edge_fraction,0.0230744,
metric,"round_587",partition_load_imbalance,1,
metric,"round_587",local_queue_size,80019,
metric,"round_587",boundary_queue_size,1890,
metric,"round_587",accepted_local_collapses,64,
metric,"round_587",accepted_boundary_collapses,16,
metric,"round_587",skipped_boundary_edges,0,
metric,"round_587",rejected_conflicts,6,
metric,"round_587",repartitioned,0,
metric,"round_588",interior_edge_fraction,0.964711,
metric,"round_588",boundary_edge_fraction,0.0352888,
metric,"round_588",partition_load_imbalance,1,
metric,"round_588",local_queue_size,78787,
metric,"round_588",boundary_queue_size,2882,
metric,"round_588",accepted_local_collapses,64,
metric,"round_588",accepted_boundary_collapses,16,
metric,"round_588",skipped_boundary_edges,0,
metric,"round_588",rejected_conflicts,4,
metric,"round_588",repartitioned,0,
metric,"round_589",interior_edge_fraction,1,
metric,"round_589",boundary_edge_fraction,0,
metric,"round_589",partition_load_imbalance,1,
metric,"round_589",local_queue_size,81429,
metric,"round_589",boundary_queue_size,0,
metric,"round_589",accepted_local_collapses,64,
metric,"round_589",accepted_boundary_collapses,0,
metric,"round_589",skipped_boundary_edges,0,
metric,"round_589",rejected_conflicts,0,
metric,"round_589",repartitioned,1,
metric,"round_590",interior_edge_fraction,0.988946,
metric,"round_590",boundary_edge_fraction,0.0110541,
metric,"round_590",partition_load_imbalance,1,
metric,"round_590",local_queue_size,80339,
metric,"round_590",boundary_queue_size,898,
metric,"round_590",accepted_local_collapses,64,
metric,"round_590",accepted_boundary_collapses,16,
metric,"round_590",skipped_boundary_edges,0,
metric,"round_590",rejected_conflicts,5,
metric,"round_590",repartitioned,0,
metric,"round_591",interior_edge_fraction,0.976604,
metric,"round_591",boundary_edge_fraction,0.0233959,
metric,"round_591",partition_load_imbalance,1,
metric,"round_591",local_queue_size,79102,
metric,"round_591",boundary_queue_size,1895,
metric,"round_591",accepted_local_collapses,64,
metric,"round_591",accepted_boundary_collapses,16,
metric,"round_591",skipped_boundary_edges,0,
metric,"round_591",rejected_conflicts,5,
metric,"round_591",repartitioned,0,
metric,"round_592",interior_edge_fraction,0.964226,
metric,"round_592",boundary_edge_fraction,0.035774,
metric,"round_592",partition_load_imbalance,1,
metric,"round_592",local_queue_size,77868,
metric,"round_592",boundary_queue_size,2889,
metric,"round_592",accepted_local_collapses,64,
metric,"round_592",accepted_boundary_collapses,16,
metric,"round_592",skipped_boundary_edges,0,
metric,"round_592",rejected_conflicts,1,
metric,"round_592",repartitioned,0,
metric,"round_593",interior_edge_fraction,1,
metric,"round_593",boundary_edge_fraction,0,
metric,"round_593",partition_load_imbalance,1,
metric,"round_593",local_queue_size,80517,
metric,"round_593",boundary_queue_size,0,
metric,"round_593",accepted_local_collapses,64,
metric,"round_593",accepted_boundary_collapses,0,
metric,"round_593",skipped_boundary_edges,0,
metric,"round_593",rejected_conflicts,2,
metric,"round_593",repartitioned,1,
metric,"round_594",interior_edge_fraction,0.988808,
metric,"round_594",boundary_edge_fraction,0.011192,
metric,"round_594",partition_load_imbalance,1,
metric,"round_594",local_queue_size,79426,
metric,"round_594",boundary_queue_size,899,
metric,"round_594",accepted_local_collapses,64,
metric,"round_594",accepted_boundary_collapses,16,
metric,"round_594",skipped_boundary_edges,0,
metric,"round_594",rejected_conflicts,1,
metric,"round_594",repartitioned,0,
metric,"round_595",interior_edge_fraction,0.97615,
metric,"round_595",boundary_edge_fraction,0.0238497,
metric,"round_595",partition_load_imbalance,1,
metric,"round_595",local_queue_size,78175,
metric,"round_595",boundary_queue_size,1910,
metric,"round_595",accepted_local_collapses,64,
metric,"round_595",accepted_boundary_collapses,16,
metric,"round_595",skipped_boundary_edges,0,
metric,"round_595",rejected_conflicts,2,
metric,"round_595",repartitioned,0,
metric,"round_596",interior_edge_fraction,0.963467,
metric,"round_596",boundary_edge_fraction,0.0365333,
metric,"round_596",partition_load_imbalance,1,
metric,"round_596",local_queue_size,76928,
metric,"round_596",boundary_queue_size,2917,
metric,"round_596",accepted_local_collapses,64,
metric,"round_596",accepted_boundary_collapses,16,
metric,"round_596",skipped_boundary_edges,0,
metric,"round_596",rejected_conflicts,3,
metric,"round_596",repartitioned,0,
metric,"round_597",interior_edge_fraction,1,
metric,"round_597",boundary_edge_fraction,0,
metric,"round_597",partition_load_imbalance,1,
metric,"round_597",local_queue_size,79605,
metric,"round_597",boundary_queue_size,0,
metric,"round_597",accepted_local_collapses,64,
metric,"round_597",accepted_boundary_collapses,0,
metric,"round_597",skipped_boundary_edges,0,
metric,"round_597",rejected_conflicts,1,
metric,"round_597",repartitioned,1,
metric,"round_598",interior_edge_fraction,0.988667,
metric,"round_598",boundary_edge_fraction,0.0113332,
metric,"round_598",partition_load_imbalance,1,
metric,"round_598",local_queue_size,78513,
metric,"round_598",boundary_queue_size,900,
metric,"round_598",accepted_local_collapses,64,
metric,"round_598",accepted_boundary_collapses,16,
metric,"round_598",skipped_boundary_edges,0,
metric,"round_598",rejected_conflicts,6,
metric,"round_598",repartitioned,0,
metric,"round_599",interior_edge_fraction,0.975989,
metric,"round_599",boundary_edge_fraction,0.0240107,
metric,"round_599",partition_load_imbalance,1,
metric,"round_599",local_queue_size,77272,
metric,"round_599",boundary_queue_size,1901,
metric,"round_599",accepted_local_collapses,64,
metric,"round_599",accepted_boundary_collapses,16,
metric,"round_599",skipped_boundary_edges,0,
metric,"round_599",rejected_conflicts,2,
metric,"round_599",repartitioned,0,
metric,"round_600",interior_edge_fraction,0.963691,
metric,"round_600",boundary_edge_fraction,0.0363093,
metric,"round_600",partition_load_imbalance,1,
metric,"round_600",local_queue_size,76067,
metric,"round_600",boundary_queue_size,2866,
metric,"round_600",accepted_local_collapses,64,
metric,"round_600",accepted_boundary_collapses,16,
metric,"round_600",skipped_boundary_edges,0,
metric,"round_600",rejected_conflicts,1,
metric,"round_600",repartitioned,0,
metric,"round_601",interior_edge_fraction,1,
metric,"round_601",boundary_edge_fraction,0,
metric,"round_601",partition_load_imbalance,1,
metric,"round_601",local_queue_size,78693,
metric,"round_601",boundary_queue_size,0,
metric,"round_601",accepted_local_collapses,64,
metric,"round_601",accepted_boundary_collapses,0,
metric,"round_601",skipped_boundary_edges,0,
metric,"round_601",rejected_conflicts,2,
metric,"round_601",repartitioned,1,
metric,"round_602",interior_edge_fraction,0.988561,
metric,"round_602",boundary_edge_fraction,0.0114393,
metric,"round_602",partition_load_imbalance,1,
metric,"round_602",local_queue_size,77603,
metric,"round_602",boundary_queue_size,898,
metric,"round_602",accepted_local_collapses,64,
metric,"round_602",accepted_boundary_collapses,16,
metric,"round_602",skipped_boundary_edges,0,
metric,"round_602",rejected_conflicts,5,
metric,"round_602",repartitioned,0,
metric,"round_603",interior_edge_fraction,0.975594,
metric,"round_603",boundary_edge_fraction,0.0244055,
metric,"round_603",partition_load_imbalance,1,
metric,"round_603",local_queue_size,76351,
metric,"round_603",boundary_queue_size,1910,
metric,"round_603",accepted_local_collapses,64,
metric,"round_603",accepted_boundary_collapses,16,
metric,"round_603",skipped_boundary_edges,0,
metric,"round_603",rejected_conflicts,2,
metric,"round_603",repartitioned,0,
metric,"round_604",interior_edge_fraction,0.962946,
metric,"round_604",boundary_edge_fraction,0.0370541,
metric,"round_604",partition_load_imbalance,1,
metric,"round_604",local_queue_size,75130,
metric,"round_604",boundary_queue_size,2891,
metric,"round_604",accepted_local_collapses,64,
metric,"round_604",accepted_boundary_collapses,16,
metric,"round_604",skipped_boundary_edges,0,
metric,"round_604",rejected_conflicts,3,
metric,"round_604",repartitioned,0,
metric,"round_605",interior_edge_fraction,1,
metric,"round_605",boundary_edge_fraction,0,
metric,"round_605",partition_load_imbalance,1,
metric,"round_605",local_queue_size,77781,
metric,"round_605",boundary_queue_size,0,
metric,"round_605",accepted_local_collapses,64,
metric,"round_605",accepted_boundary_collapses,0,
metric,"round_605",skipped_boundary_edges,0,
metric,"round_605",rejected_conflicts,2,
metric,"round_605",repartitioned,1,
metric,"round_606",interior_edge_fraction,0.988826,
metric,"round_606",boundary_edge_fraction,0.0111743,
metric,"round_606",partition_load_imbalance,1,
metric,"round_606",local_queue_size,76722,
metric,"round_606",boundary_queue_size,867,
metric,"round_606",accepted_local_collapses,64,
metric,"round_606",accepted_boundary_collapses,16,
metric,"round_606",skipped_boundary_edges,0,
metric,"round_606",rejected_conflicts,2,
metric,"round_606",repartitioned,0,
metric,"round_607",interior_edge_fraction,0.975656,
metric,"round_607",boundary_edge_fraction,0.0243442,
metric,"round_607",partition_load_imbalance,1,
metric,"round_607",local_queue_size,75466,
metric,"round_607",boundary_queue_size,1883,
metric,"round_607",accepted_local_collapses,64,
metric,"round_607",accepted_boundary_collapses,16,
metric,"round_607",skipped_boundary_edges,0,
metric,"round_607",rejected_conflicts,4,
metric,"round_607",repartitioned,0,
metric,"round_608",interior_edge_fraction,0.962456,
metric,"round_608",boundary_edge_fraction,0.0375443,
metric,"round_608",partition_load_imbalance,1,
metric,"round_608",local_queue_size,74214,
metric,"round_608",boundary_queue_size,2895,
metric,"round_608",accepted_local_collapses,64,
metric,"round_608",accepted_boundary_collapses,16,
metric,"round_608",skipped_boundary_edges,0,
metric,"round_608",rejected_conflicts,5,
metric,"round_608",repartitioned,0,
metric,"round_609",interior_edge_fraction,1,
metric,"round_609",boundary_edge_fraction,0,
metric,"round_609",partition_load_imbalance,1,
metric,"round_609",local_queue_size,76869,
metric,"round_609",boundary_queue_size,0,
metric,"round_609",accepted_local_collapses,64,
metric,"round_609",accepted_boundary_collapses,0,
metric,"round_609",skipped_boundary_edges,0,
metric,"round_609",rejected_conflicts,2,
metric,"round_609",repartitioned,1,
metric,"round_610",interior_edge_fraction,0.988002,
metric,"round_610",boundary_edge_fraction,0.0119984,
metric,"round_610",partition_load_imbalance,1,
metric,"round_610",local_queue_size,75757,
metric,"round_610",boundary_queue_size,920,
metric,"round_610",accepted_local_collapses,64,
metric,"round_610",accepted_boundary_collapses,16,
metric,"round_610",skipped_boundary_edges,0,
metric,"round_610",rejected_conflicts,1,
metric,"round_610",repartitioned,0,
metric,"round_611",interior_edge_fraction,0.975038,
metric,"round_611",boundary_edge_fraction,0.0249617,
metric,"round_611",partition_load_imbalance,1,
metric,"round_611",local_queue_size,74529,
metric,"round_611",boundary_queue_size,1908,
metric,"round_611",accepted_local_collapses,64,
metric,"round_611",accepted_boundary_collapses,16,
metric,"round_611",skipped_boundary_edges,0,
metric,"round_611",rejected_conflicts,7,
metric,"round_611",repartitioned,0,
metric,"round_612",interior_edge_fraction,0.961652,
metric,"round_612",boundary_edge_fraction,0.038348,
metric,"round_612",partition_load_imbalance,1,
metric,"round_612",local_queue_size,73275,
metric,"round_612",boundary_queue_size,2922,
metric,"round_612",accepted_local_collapses,64,
metric,"round_612",accepted_boundary_collapses,16,
metric,"round_612",skipped_boundary_edges,0,
metric,"round_612",rejected_conflicts,3,
metric,"round_612",repartitioned,0,
metric,"round_613",interior_edge_fraction,1,
metric,"round_613",boundary_edge_fraction,0,
metric,"round_613",partition_load_imbalance,1,
metric,"round_613",local_queue_size,75957,
metric,"round_613",boundary_queue_size,0,
metric,"round_613",accepted_local_collapses,64,
metric,"round_613",accepted_boundary_collapses,0,
metric,"round_613",skipped_boundary_edges,0,
metric,"round_613",rejected_conflicts,0,
metric,"round_613",repartitioned,1,
metric,"round_614",interior_edge_fraction,0.987976,
metric,"round_614",boundary_edge_fraction,0.012024,
metric,"round_614",partition_load_imbalance,1,
metric,"round_614",local_queue_size,74854,
metric,"round_614",boundary_queue_size,911,
metric,"round_614",accepted_local_collapses,64,
metric,"round_614",accepted_boundary_collapses,16,
metric,"round_614",skipped_boundary_edges,0,
metric,"round_614",rejected_conflicts,3,
metric,"round_614",repartitioned,0,
metric,"round_615",interior_edge_fraction,0.974949,
metric,"round_615",boundary_edge_fraction,0.0250513,
metric,"round_615",partition_load_imbalance,1,
metric,"round_615",local_queue_size,73633,
metric,"round_615",boundary_queue_size,1892,
metric,"round_615",accepted_local_collapses,64,
metric,"round_615",accepted_boundary_collapses,16,
metric,"round_615",skipped_boundary_edges,0,
metric,"round_615",rejected_conflicts,4,
metric,"round_615",repartitioned,0,
metric,"round_616",interior_edge_fraction,0.961825,
metric,"round_616",boundary_edge_fraction,0.0381749,
metric,"round_616",partition_load_imbalance,1,
metric,"round_616",local_queue_size,72411,
metric,"round_616",boundary_queue_size,2874,
metric,"round_616",accepted_local_collapses,64,
metric,"round_616",accepted_boundary_collapses,16,
metric,"round_616",skipped_boundary_edges,0,
metric,"round_616",rejected_conflicts,3,
metric,"round_616",repartitioned,0,
metric,"round_617",interior_edge_fraction,1,
metric,"round_617",boundary_edge_fraction,0,
metric,"round_617",partition_load_imbalance,1,
metric,"round_617",local_queue_size,75045,
metric,"round_617",boundary_queue_size,0,
metric,"round_617",accepted_local_collapses,64,
metric,"round_617",accepted_boundary_collapses,0,
metric,"round_617",skipped_boundary_edges,0,
metric,"round_617",rejected_conflicts,3,
metric,"round_617",repartitioned,1,
metric,"round_618",interior_edge_fraction,0.988217,
metric,"round_618",boundary_edge_fraction,0.0117831,
metric,"round_618",partition_load_imbalance,1,
metric,"round_618",local_queue_size,73971,
metric,"round_618",boundary_queue_size,882,
metric,"round_618",accepted_local_collapses,64,
metric,"round_618",accepted_boundary_collapses,16,
metric,"round_618",skipped_boundary_edges,0,
metric,"round_618",rejected_conflicts,5,
metric,"round_618",repartitioned,0,
metric,"round_619",interior_edge_fraction,0.974415,
metric,"round_619",boundary_edge_fraction,0.0255854,
metric,"round_619",partition_load_imbalance,1,
metric,"round_619",local_queue_size,72704,
metric,"round_619",boundary_queue_size,1909,
metric,"round_619",accepted_local_collapses,64,
metric,"round_619",accepted_boundary_collapses,16,
metric,"round_619",skipped_boundary_edges,0,
metric,"round_619",rejected_conflicts,4,
metric,"round_619",repartitioned,0,
metric,"round_620",interior_edge_fraction,0.960954,
metric,"round_620",boundary_edge_fraction,0.0390464,
metric,"round_620",partition_load_imbalance,1,
metric,"round_620",local_queue_size,71469,
metric,"round_620",boundary_queue_size,2904,
metric,"round_620",accepted_local_collapses,64,
metric,"round_620",accepted_boundary_collapses,16,
metric,"round_620",skipped_boundary_edges,0,
metric,"round_620",rejected_conflicts,2,
metric,"round_620",repartitioned,0,
metric,"round_621",interior_edge_fraction,1,
metric,"round_621",boundary_edge_fraction,0,
metric,"round_621",partition_load_imbalance,1,
metric,"round_621",local_queue_size,74133,
metric,"round_621",boundary_queue_size,0,
metric,"round_621",accepted_local_collapses,64,
metric,"round_621",accepted_boundary_collapses,0,
metric,"round_621",skipped_boundary_edges,0,
metric,"round_621",rejected_conflicts,0,
metric,"round_621",repartitioned,1,
metric,"round_622",interior_edge_fraction,0.98749,
metric,"round_622",boundary_edge_fraction,0.01251,
metric,"round_622",partition_load_imbalance,1,
metric,"round_622",local_queue_size,73016,
metric,"round_622",boundary_queue_size,925,
metric,"round_622",accepted_local_collapses,64,
metric,"round_622",accepted_boundary_collapses,16,
metric,"round_622",skipped_boundary_edges,0,
metric,"round_622",rejected_conflicts,7,
metric,"round_622",repartitioned,0,
metric,"round_623",interior_edge_fraction,0.974152,
metric,"round_623",boundary_edge_fraction,0.0258477,
metric,"round_623",partition_load_imbalance,1,
metric,"round_623",local_queue_size,71796,
metric,"round_623",boundary_queue_size,1905,
metric,"round_623",accepted_local_collapses,64,
metric,"round_623",accepted_boundary_collapses,16,
metric,"round_623",skipped_boundary_edges,0,
metric,"round_623",rejected_conflicts,4,
metric,"round_623",repartitioned,0,
metric,"round_624",interior_edge_fraction,0.960374,
metric,"round_624",boundary_edge_fraction,0.0396265,
metric,"round_624",partition_load_imbalance,1,
metric,"round_624",local_queue_size,70550,
metric,"round_624",boundary_queue_size,2911,
metric,"round_624",accepted_local_collapses,64,
metric,"round_624",accepted_boundary_collapses,16,
metric,"round_624",skipped_boundary_edges,0,
metric,"round_624",rejected_conflicts,3,
metric,"round_624",repartitioned,0,
metric,"round_625",interior_edge_fraction,1,
metric,"round_625",boundary_edge_fraction,0,
metric,"round_625",partition_load_imbalance,1,
metric,"round_625",local_queue_size,73221,
metric,"round_625",boundary_queue_size,0,
metric,"round_625",accepted_local_collapses,64,
metric,"round_625",accepted_boundary_collapses,0,
metric,"round_625",skipped_boundary_edges,0,
metric,"round_625",rejected_conflicts,1,
metric,"round_625",repartitioned,1,
metric,"round_626",interior_edge_fraction,0.987772,
metric,"round_626",boundary_edge_fraction,0.012228,
metric,"round_626",partition_load_imbalance,1,
metric,"round_626",local_queue_size,72136,
metric,"round_626",boundary_queue_size,893,
metric,"round_626",accepted_local_collapses,64,
metric,"round_626",accepted_boundary_collapses,16,
metric,"round_626",skipped_boundary_edges,0,
metric,"round_626",rejected_conflicts,6,
metric,"round_626",repartitioned,0,
metric,"round_627",interior_edge_fraction,0.973925,
metric,"round_627",boundary_edge_fraction,0.0260754,
metric,"round_627",partition_load_imbalance,1,
metric,"round_627",local_queue_size,70891,
metric,"round_627",boundary_queue_size,1898,
metric,"round_627",accepted_local_collapses,64,
metric,"round_627",accepted_boundary_collapses,16,
metric,"round_627",skipped_boundary_edges,0,
metric,"round_627",rejected_conflicts,3,
metric,"round_627",repartitioned,0,
metric,"round_628",interior_edge_fraction,0.960206,
metric,"round_628",boundary_edge_fraction,0.0397938,
metric,"round_628",partition_load_imbalance,1,
metric,"round_628",local_queue_size,69662,
metric,"round_628",boundary_queue_size,2887,
metric,"round_628",accepted_local_collapses,64,
metric,"round_628",accepted_boundary_collapses,16,
metric,"round_628",skipped_boundary_edges,0,
metric,"round_628",rejected_conflicts,1,
metric,"round_628",repartitioned,0,
metric,"round_629",interior_edge_fraction,1,
metric,"round_629",boundary_edge_fraction,0,
metric,"round_629",partition_load_imbalance,1,
metric,"round_629",local_queue_size,72309,
metric,"round_629",boundary_queue_size,0,
metric,"round_629",accepted_local_collapses,64,
metric,"round_629",accepted_boundary_collapses,0,
metric,"round_629",skipped_boundary_edges,0,
metric,"round_629",rejected_conflicts,3,
metric,"round_629",repartitioned,1,
metric,"round_630",interior_edge_fraction,0.98759,
metric,"round_630",boundary_edge_fraction,0.0124104,
metric,"round_630",partition_load_imbalance,1,
metric,"round_630",local_queue_size,71222,
metric,"round_630",boundary_queue_size,895,
metric,"round_630",accepted_local_collapses,64,
metric,"round_630",accepted_boundary_collapses,16,
metric,"round_630",skipped_boundary_edges,0,
metric,"round_630",rejected_conflicts,4,
metric,"round_630",repartitioned,0,
metric,"round_631",interior_edge_fraction,0.973844,
metric,"round_631",boundary_edge_fraction,0.0261558,
metric,"round_631",partition_load_imbalance,1,
metric,"round_631",local_queue_size,69997,
metric,"round_631",boundary_queue_size,1880,
metric,"round_631",accepted_local_collapses,64,
metric,"round_631",accepted_boundary_collapses,16,
metric,"round_631",skipped_boundary_edges,0,
metric,"round_631",rejected_conflicts,2,
metric,"round_631",repartitioned,0,
metric,"round_632",interior_edge_fraction,0.960425,
metric,"round_632",boundary_edge_fraction,0.0395745,
metric,"round_632",partition_load_imbalance,1,
metric,"round_632",local_queue_size,68802,
metric,"round_632",boundary_queue_size,2835,
metric,"round_632",accepted_local_collapses,64,
metric,"round_632",accepted_boundary_collapses,16,
metric,"round_632",skipped_boundary_edges,0,
metric,"round_632",rejected_conflicts,1,
metric,"round_632",repartitioned,0,
metric,"round_633",interior_edge_fraction,1,
metric,"round_633",boundary_edge_fraction,0,
metric,"round_633",partition_load_imbalance,1,
metric,"round_633",local_queue_size,71397,
metric,"round_633",boundary_queue_size,0,
metric,"round_633",accepted_local_collapses,64,
metric,"round_633",accepted_boundary_collapses,0,
metric,"round_633",skipped_boundary_edges,0,
metric,"round_633",rejected_conflicts,1,
metric,"round_633",repartitioned,1,
metric,"round_634",interior_edge_fraction,0.987473,
metric,"round_634",boundary_edge_fraction,0.0125272,
metric,"round_634",partition_load_imbalance,1,
metric,"round_634",local_queue_size,70313,
metric,"round_634",boundary_queue_size,892,
metric,"round_634",accepted_local_collapses,64,
metric,"round_634",accepted_boundary_collapses,16,
metric,"round_634",skipped_boundary_edges,0,
metric,"round_634",rejected_conflicts,5,
metric,"round_634",repartitioned,0,
metric,"round_635",interior_edge_fraction,0.973508,
metric,"round_635",boundary_edge_fraction,0.0264919,
metric,"round_635",partition_load_imbalance,1,
metric,"round_635",local_queue_size,69085,
metric,"round_635",boundary_queue_size,1880,
metric,"round_635",accepted_local_collapses,64,
metric,"round_635",accepted_boundary_collapses,16,
metric,"round_635",skipped_boundary_edges,0,
metric,"round_635",rejected_conflicts,3,
metric,"round_635",repartitioned,0,
metric,"round_636",interior_edge_fraction,0.959774,
metric,"round_636",boundary_edge_fraction,0.0402262,
metric,"round_636",partition_load_imbalance,1,
metric,"round_636",local_queue_size,67880,
metric,"round_636",boundary_queue_size,2845,
metric,"round_636",accepted_local_collapses,64,
metric,"round_636",accepted_boundary_collapses,16,
metric,"round_636",skipped_boundary_edges,0,
metric,"round_636",rejected_conflicts,2,
metric,"round_636",repartitioned,0,
metric,"round_637",interior_edge_fraction,1,
metric,"round_637",boundary_edge_fraction,0,
metric,"round_637",partition_load_imbalance,1,
metric,"round_637",local_queue_size,70485,
metric,"round_637",boundary_queue_size,0,
metric,"round_637",accepted_local_collapses,64,
metric,"round_637",accepted_boundary_collapses,0,
metric,"round_637",skipped_boundary_edges,0,
metric,"round_637",rejected_conflicts,0,
metric,"round_637",repartitioned,1,
metric,"round_638",interior_edge_fraction,0.98714,
metric,"round_638",boundary_edge_fraction,0.0128605,
metric,"round_638",partition_load_imbalance,1,
metric,"round_638",local_queue_size,69389,
metric,"round_638",boundary_queue_size,904,
metric,"round_638",accepted_local_collapses,64,
metric,"round_638",accepted_boundary_collapses,16,
metric,"round_638",skipped_boundary_edges,0,
metric,"round_638",rejected_conflicts,7,
metric,"round_638",repartitioned,0,
metric,"round_639",interior_edge_fraction,0.972664,
metric,"round_639",boundary_edge_fraction,0.0273364,
metric,"round_639",partition_load_imbalance,1,
metric,"round_639",local_queue_size,68138,
metric,"round_639",boundary_queue_size,1915,
metric,"round_639",accepted_local_collapses,64,
metric,"round_639",accepted_boundary_collapses,16,
metric,"round_639",skipped_boundary_edges,0,
metric,"round_639",rejected_conflicts,2,
metric,"round_639",repartitioned,0,
metric,"round_640",interior_edge_fraction,0.958804,
metric,"round_640",boundary_edge_fraction,0.0411958,
metric,"round_640",partition_load_imbalance,1,
metric,"round_640",local_queue_size,66937,
metric,"round_640",boundary_queue_size,2876,
metric,"round_640",accepted_local_collapses,64,
metric,"round_640",accepted_boundary_collapses,16,
metric,"round_640",skipped_boundary_edges,0,
metric,"round_640",rejected_conflicts,3,
metric,"round_640",repartitioned,0,
metric,"round_641",interior_edge_fraction,1,
metric,"round_641",boundary_edge_fraction,0,
metric,"round_641",partition_load_imbalance,1,
metric,"round_641",local_queue_size,69573,
metric,"round_641",boundary_queue_size,0,
metric,"round_641",accepted_local_collapses,64,
metric,"round_641",accepted_boundary_collapses,0,
metric,"round_641",skipped_boundary_edges,0,
metric,"round_641",rejected_conflicts,1,
metric,"round_641",repartitioned,1,
metric,"round_642",interior_edge_fraction,0.986927,
metric,"round_642",boundary_edge_fraction,0.0130727,
metric,"round_642",partition_load_imbalance,1,
metric,"round_642",local_queue_size,68474,
metric,"round_642",boundary_queue_size,907,
metric,"round_642",accepted_local_collapses,64,
metric,"round_642",accepted_boundary_collapses,16,
metric,"round_642",skipped_boundary_edges,0,
metric,"round_642",rejected_conflicts,5,
metric,"round_642",repartitioned,0,
metric,"round_643",interior_edge_fraction,0.97278,
metric,"round_643",boundary_edge_fraction,0.0272197,
metric,"round_643",partition_load_imbalance,1,
metric,"round_643",local_queue_size,67259,
metric,"round_643",boundary_queue_size,1882,
metric,"round_643",accepted_local_collapses,64,
metric,"round_643",accepted_boundary_collapses,16,
metric,"round_643",skipped_boundary_edges,0,
metric,"round_643",rejected_conflicts,5,
metric,"round_643",repartitioned,0,
metric,"round_644",interior_edge_fraction,0.958332,
metric,"round_644",boundary_edge_fraction,0.0416685,
metric,"round_644",partition_load_imbalance,1,
metric,"round_644",local_queue_size,66030,
metric,"round_644",boundary_queue_size,2871,
metric,"round_644",accepted_local_collapses,64,
metric,"round_644",accepted_boundary_collapses,16,
metric,"round_644",skipped_boundary_edges,0,
metric,"round_644",rejected_conflicts,5,
metric,"round_644",repartitioned,0,
metric,"round_645",interior_edge_fraction,1,
metric,"round_645",boundary_edge_fraction,0,
metric,"round_645",partition_load_imbalance,1,
metric,"round_645",local_queue_size,68661,
metric,"round_645",boundary_queue_size,0,
metric,"round_645",accepted_local_collapses,64,
metric,"round_645",accepted_boundary_collapses,0,
metric,"round_645",skipped_boundary_edges,0,
metric,"round_645",rejected_conflicts,1,
metric,"round_645",repartitioned,1,
metric,"round_646",interior_edge_fraction,0.986899,
metric,"round_646",boundary_edge_fraction,0.0131008,
metric,"round_646",partition_load_imbalance,1,
metric,"round_646",local_queue_size,67572,
metric,"round_646",boundary_queue_size,897,
metric,"round_646",accepted_local_collapses,64,
metric,"round_646",accepted_boundary_collapses,16,
metric,"round_646",skipped_boundary_edges,0,
metric,"round_646",rejected_conflicts,7,
metric,"round_646",repartitioned,0,
metric,"round_647",interior_edge_fraction,0.97271,
metric,"round_647",boundary_edge_fraction,0.0272904,
metric,"round_647",partition_load_imbalance,1,
metric,"round_647",local_queue_size,66367,
metric,"round_647",boundary_queue_size,1862,
metric,"round_647",accepted_local_collapses,64,
metric,"round_647",accepted_boundary_collapses,16,
metric,"round_647",skipped_boundary_edges,0,
metric,"round_647",rejected_conflicts,3,
metric,"round_647",repartitioned,0,
metric,"round_648",interior_edge_fraction,0.958155,
metric,"round_648",boundary_edge_fraction,0.041845,
metric,"round_648",partition_load_imbalance,1,
metric,"round_648",local_queue_size,65144,
metric,"round_648",boundary_queue_size,2845,
metric,"round_648",accepted_local_collapses,64,
metric,"round_648",accepted_boundary_collapses,16,
metric,"round_648",skipped_boundary_edges,0,
metric,"round_648",rejected_conflicts,6,
metric,"round_648",repartitioned,0,
metric,"round_649",interior_edge_fraction,1,
metric,"round_649",boundary_edge_fraction,0,
metric,"round_649",partition_load_imbalance,1,
metric,"round_649",local_queue_size,67749,
metric,"round_649",boundary_queue_size,0,
metric,"round_649",accepted_local_collapses,64,
metric,"round_649",accepted_boundary_collapses,0,
metric,"round_649",skipped_boundary_edges,0,
metric,"round_649",rejected_conflicts,2,
metric,"round_649",repartitioned,1,
metric,"round_650",interior_edge_fraction,0.986782,
metric,"round_650",boundary_edge_fraction,0.0132185,
metric,"round_650",partition_load_imbalance,1,
metric,"round_650",local_queue_size,66664,
metric,"round_650",boundary_queue_size,893,
metric,"round_650",accepted_local_collapses,64,
metric,"round_650",accepted_boundary_collapses,16,
metric,"round_650",skipped_boundary_edges,0,
metric,"round_650",rejected_conflicts,6,
metric,"round_650",repartitioned,0,
metric,"round_651",interior_edge_fraction,0.97176,
metric,"round_651",boundary_edge_fraction,0.0282395,
metric,"round_651",partition_load_imbalance,1,
metric,"round_651",local_queue_size,65416,
metric,"round_651",boundary_queue_size,1901,
metric,"round_651",accepted_local_collapses,64,
metric,"round_651",accepted_boundary_collapses,16,
metric,"round_651",skipped_boundary_edges,0,
metric,"round_651",rejected_conflicts,4,
metric,"round_651",repartitioned,0,
metric,"round_652",interior_edge_fraction,0.957154,
metric,"round_652",boundary_edge_fraction,0.0428463,
metric,"round_652",partition_load_imbalance,1,
metric,"round_652",local_queue_size,64203,
metric,"round_652",boundary_queue_size,2874,
metric,"round_652",accepted_local_collapses,64,
metric,"round_652",accepted_boundary_collapses,16,
metric,"round_652",skipped_boundary_edges,0,
metric,"round_652",rejected_conflicts,2,
metric,"round_652",repartitioned,0,
metric,"round_653",interior_edge_fraction,1,
metric,"round_653",boundary_edge_fraction,0,
metric,"round_653",partition_load_imbalance,1,
metric,"round_653",local_queue_size,66837,
metric,"round_653",boundary_queue_size,0,
metric,"round_653",accepted_local_collapses,64,
metric,"round_653",accepted_boundary_collapses,0,
metric,"round_653",skipped_boundary_edges,0,
metric,"round_653",rejected_conflicts,2,
metric,"round_653",repartitioned,1,
metric,"round_654",interior_edge_fraction,0.986526,
metric,"round_654",boundary_edge_fraction,0.0134744,
metric,"round_654",partition_load_imbalance,1,
metric,"round_654",local_queue_size,65747,
metric,"round_654",boundary_queue_size,898,
metric,"round_654",accepted_local_collapses,64,
metric,"round_654",accepted_boundary_collapses,16,
metric,"round_654",skipped_boundary_edges,0,
metric,"round_654",rejected_conflicts,5,
metric,"round_654",repartitioned,0,
metric,"round_655",interior_edge_fraction,0.971855,
metric,"round_655",boundary_edge_fraction,0.0281455,
metric,"round_655",partition_load_imbalance,1,
metric,"round_655",local_queue_size,64536,
metric,"round_655",boundary_queue_size,1869,
metric,"round_655",accepted_local_collapses,64,
metric,"round_655",accepted_boundary_collapses,16,
metric,"round_655",skipped_boundary_edges,0,
metric,"round_655",rejected_conflicts,5,
metric,"round_655",repartitioned,0,
metric,"round_656",interior_edge_fraction,0.957153,
metric,"round_656",boundary_edge_fraction,0.0428474,
metric,"round_656",partition_load_imbalance,1,
metric,"round_656",local_queue_size,63330,
metric,"round_656",boundary_queue_size,2835,
metric,"round_656",accepted_local_collapses,64,
metric,"round_656",accepted_boundary_collapses,16,
metric,"round_656",skipped_boundary_edges,0,
metric,"round_656",rejected_conflicts,2,
metric,"round_656",repartitioned,0,
metric,"round_657",interior_edge_fraction,1,
metric,"round_657",boundary_edge_fraction,0,
metric,"round_657",partition_load_imbalance,1,
metric,"round_657",local_queue_size,65925,
metric,"round_657",boundary_queue_size,0,
metric,"round_657",accepted_local_collapses,64,
metric,"round_657",accepted_boundary_collapses,0,
metric,"round_657",skipped_boundary_edges,0,
metric,"round_657",rejected_conflicts,1,
metric,"round_657",repartitioned,1,
metric,"round_658",interior_edge_fraction,0.986293,
metric,"round_658",boundary_edge_fraction,0.013707,
metric,"round_658",partition_load_imbalance,1,
metric,"round_658",local_queue_size,64832,
metric,"round_658",boundary_queue_size,901,
metric,"round_658",accepted_local_collapses,64,
metric,"round_658",accepted_boundary_collapses,16,
metric,"round_658",skipped_boundary_edges,0,
metric,"round_658",rejected_conflicts,5,
metric,"round_658",repartitioned,0,
metric,"round_659",interior_edge_fraction,0.970898,
metric,"round_659",boundary_edge_fraction,0.0291023,
metric,"round_659",partition_load_imbalance,1,
metric,"round_659",local_queue_size,63587,
metric,"round_659",boundary_queue_size,1906,
metric,"round_659",accepted_local_collapses,64,
metric,"round_659",accepted_boundary_collapses,16,
metric,"round_659",skipped_boundary_edges,0,
metric,"round_659",rejected_conflicts,4,
metric,"round_659",repartitioned,0,
metric,"round_660",interior_edge_fraction,0.956201,
metric,"round_660",boundary_edge_fraction,0.0437988,
metric,"round_660",partition_load_imbalance,1,
metric,"round_660",local_queue_size,62395,
metric,"round_660",boundary_queue_size,2858,
metric,"round_660",accepted_local_collapses,64,
metric,"round_660",accepted_boundary_collapses,16,
metric,"round_660",skipped_boundary_edges,0,
metric,"round_660",rejected_conflicts,3,
metric,"round_660",repartitioned,0,
metric,"round_661",interior_edge_fraction,1,
metric,"round_661",boundary_edge_fraction,0,
metric,"round_661",partition_load_imbalance,1,
metric,"round_661",local_queue_size,65013,
metric,"round_661",boundary_queue_size,0,
metric,"round_661",accepted_local_collapses,64,
metric,"round_661",accepted_boundary_collapses,0,
metric,"round_661",skipped_boundary_edges,0,
metric,"round_661",rejected_conflicts,1,
metric,"round_661",repartitioned,1,
metric,"round_662",interior_edge_fraction,0.986285,
metric,"round_662",boundary_edge_fraction,0.0137147,
metric,"round_662",partition_load_imbalance,1,
metric,"round_662",local_queue_size,63932,
metric,"round_662",boundary_queue_size,889,
metric,"round_662",accepted_local_collapses,64,
metric,"round_662",accepted_boundary_collapses,16,
metric,"round_662",skipped_boundary_edges,0,
metric,"round_662",rejected_conflicts,4,
metric,"round_662",repartitioned,0,
metric,"round_663",interior_edge_fraction,0.970564,
metric,"round_663",boundary_edge_fraction,0.0294359,
metric,"round_663",partition_load_imbalance,1,
metric,"round_663",local_queue_size,62680,
metric,"round_663",boundary_queue_size,1901,
metric,"round_663",accepted_local_collapses,64,
metric,"round_663",accepted_boundary_collapses,16,
metric,"round_663",skipped_boundary_edges,0,
metric,"round_663",rejected_conflicts,2,
metric,"round_663",repartitioned,0,
metric,"round_664",interior_edge_fraction,0.955534,
metric,"round_664",boundary_edge_fraction,0.0444662,
metric,"round_664",partition_load_imbalance,1,
metric,"round_664",local_queue_size,61480,
metric,"round_664",boundary_queue_size,2861,
metric,"round_664",accepted_local_collapses,64,
metric,"round_664",accepted_boundary_collapses,16,
metric,"round_664",skipped_boundary_edges,0,
metric,"round_664",rejected_conflicts,2,
metric,"round_664",repartitioned,0,
metric,"round_665",interior_edge_fraction,1,
metric,"round_665",boundary_edge_fraction,0,
metric,"round_665",partition_load_imbalance,1,
metric,"round_665",local_queue_size,64101,
metric,"round_665",boundary_queue_size,0,
metric,"round_665",accepted_local_collapses,64,
metric,"round_665",accepted_boundary_collapses,0,
metric,"round_665",skipped_boundary_edges,0,
metric,"round_665",rejected_conflicts,3,
metric,"round_665",repartitioned,1,
metric,"round_666",interior_edge_fraction,0.985824,
metric,"round_666",boundary_edge_fraction,0.0141764,
metric,"round_666",partition_load_imbalance,1,
metric,"round_666",local_queue_size,63003,
metric,"round_666",boundary_queue_size,906,
metric,"round_666",accepted_local_collapses,64,
metric,"round_666",accepted_boundary_collapses,16,
metric,"round_666",skipped_boundary_edges,0,
metric,"round_666",rejected_conflicts,2,
metric,"round_666",repartitioned,0,
metric,"round_667",interior_edge_fraction,0.970268,
metric,"round_667",boundary_edge_fraction,0.0297319,
metric,"round_667",partition_load_imbalance,1,
metric,"round_667",local_queue_size,61776,
metric,"round_667",boundary_queue_size,1893,
metric,"round_667",accepted_local_collapses,64,
metric,"round_667",accepted_boundary_collapses,16,
metric,"round_667",skipped_boundary_edges,0,
metric,"round_667",rejected_conflicts,5,
metric,"round_667",repartitioned,0,
metric,"round_668",interior_edge_fraction,0.954816,
metric,"round_668",boundary_edge_fraction,0.0451844,
metric,"round_668",partition_load_imbalance,1,
metric,"round_668",local_queue_size,60563,
metric,"round_668",boundary_queue_size,2866,
metric,"round_668",accepted_local_collapses,64,
metric,"round_668",accepted_boundary_collapses,16,
metric,"round_668",skipped_boundary_edges,0,
metric,"round_668",rejected_conflicts,3,
metric,"round_668",repartitioned,0,
metric,"round_669",interior_edge_fraction,1,
metric,"round_669",boundary_edge_fraction,0,
metric,"round_669",partition_load_imbalance,1,
metric,"round_669",local_queue_size,63189,
metric,"round_669",boundary_queue_size,0,
metric,"round_669",accepted_local_collapses,64,
metric,"round_669",accepted_boundary_collapses,0,
metric,"round_669",skipped_boundary_edges,0,
metric,"round_669",rejected_conflicts,1,
metric,"round_669",repartitioned,1,
metric,"round_670",interior_edge_fraction,0.985841,
metric,"round_670",boundary_edge_fraction,0.0141594,
metric,"round_670",partition_load_imbalance,1,
metric,"round_670",local_queue_size,62105,
metric,"round_670",boundary_queue_size,892,
metric,"round_670",accepted_local_collapses,64,
metric,"round_670",accepted_boundary_collapses,16,
metric,"round_670",skipped_boundary_edges,0,
metric,"round_670",rejected_conflicts,4,
metric,"round_670",repartitioned,0,
metric,"round_671",interior_edge_fraction,0.969916,
metric,"round_671",boundary_edge_fraction,0.0300843,
metric,"round_671",partition_load_imbalance,1,
metric,"round_671",local_queue_size,60869,
metric,"round_671",boundary_queue_size,1888,
metric,"round_671",accepted_local_collapses,64,
metric,"round_671",accepted_boundary_collapses,16,
metric,"round_671",skipped_boundary_edges,0,
metric,"round_671",rejected_conflicts,4,
metric,"round_671",repartitioned,0,
metric,"round_672",interior_edge_fraction,0.954508,
metric,"round_672",boundary_edge_fraction,0.0454916,
metric,"round_672",partition_load_imbalance,1,
metric,"round_672",local_queue_size,59673,
metric,"round_672",boundary_queue_size,2844,
metric,"round_672",accepted_local_collapses,64,
metric,"round_672",accepted_boundary_collapses,16,
metric,"round_672",skipped_boundary_edges,0,
metric,"round_672",rejected_conflicts,2,
metric,"round_672",repartitioned,0,
metric,"round_673",interior_edge_fraction,1,
metric,"round_673",boundary_edge_fraction,0,
metric,"round_673",partition_load_imbalance,1,
metric,"round_673",local_queue_size,62277,
metric,"round_673",boundary_queue_size,0,
metric,"round_673",accepted_local_collapses,64,
metric,"round_673",accepted_boundary_collapses,0,
metric,"round_673",skipped_boundary_edges,0,
metric,"round_673",rejected_conflicts,2,
metric,"round_673",repartitioned,1,
metric,"round_674",interior_edge_fraction,0.985665,
metric,"round_674",boundary_edge_fraction,0.0143352,
metric,"round_674",partition_load_imbalance,1,
metric,"round_674",local_queue_size,61195,
metric,"round_674",boundary_queue_size,890,
metric,"round_674",accepted_local_collapses,64,
metric,"round_674",accepted_boundary_collapses,16,
metric,"round_674",skipped_boundary_edges,0,
metric,"round_674",rejected_conflicts,3,
metric,"round_674",repartitioned,0,
metric,"round_675",interior_edge_fraction,0.969876,
metric,"round_675",boundary_edge_fraction,0.0301237,
metric,"round_675",partition_load_imbalance,1,
metric,"round_675",local_queue_size,59982,
metric,"round_675",boundary_queue_size,1863,
metric,"round_675",accepted_local_collapses,64,
metric,"round_675",accepted_boundary_collapses,16,
metric,"round_675",skipped_boundary_edges,0,
metric,"round_675",rejected_conflicts,4,
metric,"round_675",repartitioned,0,
metric,"round_676",interior_edge_fraction,0.953397,
metric,"round_676",boundary_edge_fraction,0.0466034,
metric,"round_676",partition_load_imbalance,1,
metric,"round_676",local_queue_size,58734,
metric,"round_676",boundary_queue_size,2871,
metric,"round_676",accepted_local_collapses,64,
metric,"round_676",accepted_boundary_collapses,16,
metric,"round_676",skipped_boundary_edges,0,
metric,"round_676",rejected_conflicts,5,
metric,"round_676",repartitioned,0,
metric,"round_677",interior_edge_fraction,1,
metric,"round_677",boundary_edge_fraction,0,
metric,"round_677",partition_load_imbalance,1,
metric,"round_677",local_queue_size,61365,
metric,"round_677",boundary_queue_size,0,
metric,"round_677",accepted_local_collapses,64,
metric,"round_677",accepted_boundary_collapses,0,
metric,"round_677",skipped_boundary_edges,0,
metric,"round_677",rejected_conflicts,1,
metric,"round_677",repartitioned,1,
metric,"round_678",interior_edge_fraction,0.985288,
metric,"round_678",boundary_edge_fraction,0.0147124,
metric,"round_678",partition_load_imbalance,1,
metric,"round_678",local_queue_size,60273,
metric,"round_678",boundary_queue_size,900,
metric,"round_678",accepted_local_collapses,64,
metric,"round_678",accepted_boundary_collapses,16,
metric,"round_678",skipped_boundary_edges,0,
metric,"round_678",rejected_conflicts,5,
metric,"round_678",repartitioned,0,
metric,"round_679",interior_edge_fraction,0.969064,
metric,"round_679",boundary_edge_fraction,0.0309356,
metric,"round_679",partition_load_imbalance,1,
metric,"round_679",local_queue_size,59048,
metric,"round_679",boundary_queue_size,1885,
metric,"round_679",accepted_local_collapses,64,
metric,"round_679",accepted_boundary_collapses,16,
metric,"round_679",skipped_boundary_edges,0,
metric,"round_679",rejected_conflicts,9,
metric,"round_679",repartitioned,0,
metric,"round_680",interior_edge_fraction,0.952713,
metric,"round_680",boundary_edge_fraction,0.0472872,
metric,"round_680",partition_load_imbalance,1,
metric,"round_680",local_queue_size,57823,
metric,"round_680",boundary_queue_size,2870,
metric,"round_680",accepted_local_collapses,64,
metric,"round_680",accepted_boundary_collapses,16,
metric,"round_680",skipped_boundary_edges,0,
metric,"round_680",rejected_conflicts,3,
metric,"round_680",repartitioned,0,
metric,"round_681",interior_edge_fraction,1,
metric,"round_681",boundary_edge_fraction,0,
metric,"round_681",partition_load_imbalance,1,
metric,"round_681",local_queue_size,60453,
metric,"round_681",boundary_queue_size,0,
metric,"round_681",accepted_local_collapses,64,
metric,"round_681",accepted_boundary_collapses,0,
metric,"round_681",skipped_boundary_edges,0,
metric,"round_681",rejected_conflicts,1,
metric,"round_681",repartitioned,1,
metric,"round_682",interior_edge_fraction,0.984916,
metric,"round_682",boundary_edge_fraction,0.0150844,
metric,"round_682",partition_load_imbalance,1,
metric,"round_682",local_queue_size,59352,
metric,"round_682",boundary_queue_size,909,
metric,"round_682",accepted_local_collapses,64,
metric,"round_682",accepted_boundary_collapses,16,
metric,"round_682",skipped_boundary_edges,0,
metric,"round_682",rejected_conflicts,4,
metric,"round_682",repartitioned,0,
metric,"round_683",interior_edge_fraction,0.968744,
metric,"round_683",boundary_edge_fraction,0.0312557,
metric,"round_683",partition_load_imbalance,1,
metric,"round_683",local_queue_size,58145,
metric,"round_683",boundary_queue_size,1876,
metric,"round_683",accepted_local_collapses,64,
metric,"round_683",accepted_boundary_collapses,16,
metric,"round_683",skipped_boundary_edges,0,
metric,"round_683",rejected_conflicts,3,
metric,"round_683",repartitioned,0,
metric,"round_684",interior_edge_fraction,0.951975,
metric,"round_684",boundary_edge_fraction,0.0480253,
metric,"round_684",partition_load_imbalance,1,
metric,"round_684",local_queue_size,56910,
metric,"round_684",boundary_queue_size,2871,
metric,"round_684",accepted_local_collapses,64,
metric,"round_684",accepted_boundary_collapses,16,
metric,"round_684",skipped_boundary_edges,0,
metric,"round_684",rejected_conflicts,3,
metric,"round_684",repartitioned,0,
metric,"round_685",interior_edge_fraction,1,
metric,"round_685",boundary_edge_fraction,0,
metric,"round_685",partition_load_imbalance,1,
metric,"round_685",local_queue_size,59541,
metric,"round_685",boundary_queue_size,0,
metric,"round_685",accepted_local_collapses,64,
metric,"round_685",accepted_boundary_collapses,0,
metric,"round_685",skipped_boundary_edges,0,
metric,"round_685",rejected_conflicts,1,
metric,"round_685",repartitioned,1,
metric,"round_686",interior_edge_fraction,0.9846,
metric,"round_686",boundary_edge_fraction,0.0154004,
metric,"round_686",partition_load_imbalance,1,
metric,"round_686",local_queue_size,58435,
metric,"round_686",boundary_queue_size,914,
metric,"round_686",accepted_local_collapses,64,
metric,"round_686",accepted_boundary_collapses,16,
metric,"round_686",skipped_boundary_edges,0,
metric,"round_686",rejected_conflicts,3,
metric,"round_686",repartitioned,0,
metric,"round_687",interior_edge_fraction,0.967687,
metric,"round_687",boundary_edge_fraction,0.0323132,
metric,"round_687",partition_load_imbalance,1,
metric,"round_687",local_queue_size,57199,
metric,"round_687",boundary_queue_size,1910,
metric,"round_687",accepted_local_collapses,64,
metric,"round_687",accepted_boundary_collapses,16,
metric,"round_687",skipped_boundary_edges,0,
metric,"round_687",rejected_conflicts,4,
metric,"round_687",repartitioned,0,
metric,"round_688",interior_edge_fraction,0.950789,
metric,"round_688",boundary_edge_fraction,0.049211,
metric,"round_688",partition_load_imbalance,1,
metric,"round_688",local_queue_size,55972,
metric,"round_688",boundary_queue_size,2897,
metric,"round_688",accepted_local_collapses,64,
metric,"round_688",accepted_boundary_collapses,16,
metric,"round_688",skipped_boundary_edges,0,
metric,"round_688",rejected_conflicts,8,
metric,"round_688",repartitioned,0,
metric,"round_689",interior_edge_fraction,1,
metric,"round_689",boundary_edge_fraction,0,
metric,"round_689",partition_load_imbalance,1,
metric,"round_689",local_queue_size,58629,
metric,"round_689",boundary_queue_size,0,
metric,"round_689",accepted_local_collapses,64,
metric,"round_689",accepted_boundary_collapses,0,
metric,"round_689",skipped_boundary_edges,0,
metric,"round_689",rejected_conflicts,1,
metric,"round_689",repartitioned,1,
metric,"round_690",interior_edge_fraction,0.985027,
metric,"round_690",boundary_edge_fraction,0.0149734,
metric,"round_690",partition_load_imbalance,1,
metric,"round_690",local_queue_size,57562,
metric,"round_690",boundary_queue_size,875,
metric,"round_690",accepted_local_collapses,64,
metric,"round_690",accepted_boundary_collapses,16,
metric,"round_690",skipped_boundary_edges,0,
metric,"round_690",rejected_conflicts,7,
metric,"round_690",repartitioned,0,
metric,"round_691",interior_edge_fraction,0.968126,
metric,"round_691",boundary_edge_fraction,0.0318745,
metric,"round_691",partition_load_imbalance,1,
metric,"round_691",local_queue_size,56342,
metric,"round_691",boundary_queue_size,1855,
metric,"round_691",accepted_local_collapses,64,
metric,"round_691",accepted_boundary_collapses,16,
metric,"round_691",skipped_boundary_edges,0,
metric,"round_691",rejected_conflicts,5,
metric,"round_691",repartitioned,0,
metric,"round_692",interior_edge_fraction,0.951809,
metric,"round_692",boundary_edge_fraction,0.0481909,
metric,"round_692",partition_load_imbalance,1,
metric,"round_692",local_queue_size,55164,
metric,"round_692",boundary_queue_size,2793,
metric,"round_692",accepted_local_collapses,64,
metric,"round_692",accepted_boundary_collapses,16,
metric,"round_692",skipped_boundary_edges,0,
metric,"round_692",rejected_conflicts,4,
metric,"round_692",repartitioned,0,
metric,"round_693",interior_edge_fraction,1,
metric,"round_693",boundary_edge_fraction,0,
metric,"round_693",partition_load_imbalance,1,
metric,"round_693",local_queue_size,57717,
metric,"round_693",boundary_queue_size,0,
metric,"round_693",accepted_local_collapses,64,
metric,"round_693",accepted_boundary_collapses,0,
metric,"round_693",skipped_boundary_edges,0,
metric,"round_693",rejected_conflicts,1,
metric,"round_693",repartitioned,1,
metric,"round_694",interior_edge_fraction,0.984389,
metric,"round_694",boundary_edge_fraction,0.0156106,
metric,"round_694",partition_load_imbalance,1,
metric,"round_694",local_queue_size,56627,
metric,"round_694",boundary_queue_size,898,
metric,"round_694",accepted_local_collapses,64,
metric,"round_694",accepted_boundary_collapses,16,
metric,"round_694",skipped_boundary_edges,0,
metric,"round_694",rejected_conflicts,4,
metric,"round_694",repartitioned,0,
metric,"round_695",interior_edge_fraction,0.967199,
metric,"round_695",boundary_edge_fraction,0.0328009,
metric,"round_695",partition_load_imbalance,1,
metric,"round_695",local_queue_size,55406,
metric,"round_695",boundary_queue_size,1879,
metric,"round_695",accepted_local_collapses,64,
metric,"round_695",accepted_boundary_collapses,16,
metric,"round_695",skipped_boundary_edges,0,
metric,"round_695",rejected_conflicts,2,
metric,"round_695",repartitioned,0,
metric,"round_696",interior_edge_fraction,0.94918,
metric,"round_696",boundary_edge_fraction,0.0508195,
metric,"round_696",partition_load_imbalance,1,
metric,"round_696",local_queue_size,54146,
metric,"round_696",boundary_queue_size,2899,
metric,"round_696",accepted_local_collapses,64,
metric,"round_696",accepted_boundary_collapses,16,
metric,"round_696",skipped_boundary_edges,0,
metric,"round_696",rejected_conflicts,5,
metric,"round_696",repartitioned,0,
metric,"round_697",interior_edge_fraction,1,
metric,"round_697",boundary_edge_fraction,0,
metric,"round_697",partition_load_imbalance,1,
metric,"round_697",local_queue_size,56805,
metric,"round_697",boundary_queue_size,0,
metric,"round_697",accepted_local_collapses,64,
metric,"round_697",accepted_boundary_collapses,0,
metric,"round_697",skipped_boundary_edges,0,
metric,"round_697",rejected_conflicts,3,
metric,"round_697",repartitioned,1,
metric,"round_698",interior_edge_fraction,0.984456,
metric,"round_698",boundary_edge_fraction,0.0155441,
metric,"round_698",partition_load_imbalance,1,
metric,"round_698",local_queue_size,55733,
metric,"round_698",boundary_queue_size,880,
metric,"round_698",accepted_local_collapses,64,
metric,"round_698",accepted_boundary_collapses,16,
metric,"round_698",skipped_boundary_edges,0,
metric,"round_698",rejected_conflicts,3,
metric,"round_698",repartitioned,0,
metric,"round_699",interior_edge_fraction,0.96713,
metric,"round_699",boundary_edge_fraction,0.0328703,
metric,"round_699",partition_load_imbalance,1,
metric,"round_699",local_queue_size,54520,
metric,"round_699",boundary_queue_size,1853,
metric,"round_699",accepted_local_collapses,64,
metric,"round_699",accepted_boundary_collapses,16,
metric,"round_699",skipped_boundary_edges,0,
metric,"round_699",rejected_conflicts,7,
metric,"round_699",repartitioned,0,
metric,"round_700",interior_edge_fraction,0.949352,
metric,"round_700",boundary_edge_fraction,0.0506476,
metric,"round_700",partition_load_imbalance,1,
metric,"round_700",local_queue_size,53290,
metric,"round_700",boundary_queue_size,2843,
metric,"round_700",accepted_local_collapses,64,
metric,"round_700",accepted_boundary_collapses,16,
metric,"round_700",skipped_boundary_edges,0,
metric,"round_700",rejected_conflicts,3,
metric,"round_700",repartitioned,0,
metric,"round_701",interior_edge_fraction,1,
metric,"round_701",boundary_edge_fraction,0,
metric,"round_701",partition_load_imbalance,1,
metric,"round_701",local_queue_size,55893,
metric,"round_701",boundary_queue_size,0,
metric,"round_701",accepted_local_collapses,64,
metric,"round_701",accepted_boundary_collapses,0,
metric,"round_701",skipped_boundary_edges,0,
metric,"round_701",rejected_conflicts,4,
metric,"round_701",repartitioned,1,
metric,"round_702",interior_edge_fraction,0.983824,
metric,"round_702",boundary_edge_fraction,0.0161757,
metric,"round_702",partition_load_imbalance,1,
metric,"round_702",local_queue_size,54800,
metric,"round_702",boundary_queue_size,901,
metric,"round_702",accepted_local_collapses,64,
metric,"round_702",accepted_boundary_collapses,16,
metric,"round_702",skipped_boundary_edges,0,
metric,"round_702",rejected_conflicts,2,
metric,"round_702",repartitioned,0,
metric,"round_703",interior_edge_fraction,0.966138,
metric,"round_703",boundary_edge_fraction,0.0338616,
metric,"round_703",partition_load_imbalance,1,
metric,"round_703",local_queue_size,53583,
metric,"round_703",boundary_queue_size,1878,
metric,"round_703",accepted_local_collapses,64,
metric,"round_703",accepted_boundary_collapses,16,
metric,"round_703",skipped_boundary_edges,0,
metric,"round_703",rejected_conflicts,4,
metric,"round_703",repartitioned,0,
metric,"round_704",interior_edge_fraction,0.948299,
metric,"round_704",boundary_edge_fraction,0.0517013,
metric,"round_704",partition_load_imbalance,1,
metric,"round_704",local_queue_size,52366,
metric,"round_704",boundary_queue_size,2855,
metric,"round_704",accepted_local_collapses,64,
metric,"round_704",accepted_boundary_collapses,16,
metric,"round_704",skipped_boundary_edges,0,
metric,"round_704",rejected_conflicts,1,
metric,"round_704",repartitioned,0,
metric,"round_705",interior_edge_fraction,1,
metric,"round_705",boundary_edge_fraction,0,
metric,"round_705",partition_load_imbalance,1,
metric,"round_705",local_queue_size,54981,
metric,"round_705",boundary_queue_size,0,
metric,"round_705",accepted_local_collapses,64,
metric,"round_705",accepted_boundary_collapses,0,
metric,"round_705",skipped_boundary_edges,0,
metric,"round_705",rejected_conflicts,0,
metric,"round_705",repartitioned,1,
metric,"round_706",interior_edge_fraction,0.984212,
metric,"round_706",boundary_edge_fraction,0.0157878,
metric,"round_706",partition_load_imbalance,1,
metric,"round_706",local_queue_size,53924,
metric,"round_706",boundary_queue_size,865,
metric,"round_706",accepted_local_collapses,64,
metric,"round_706",accepted_boundary_collapses,16,
metric,"round_706",skipped_boundary_edges,0,
metric,"round_706",rejected_conflicts,3,
metric,"round_706",repartitioned,0,
metric,"round_707",interior_edge_fraction,0.965609,
metric,"round_707",boundary_edge_fraction,0.0343911,
metric,"round_707",partition_load_imbalance,1,
metric,"round_707",local_queue_size,52673,
metric,"round_707",boundary_queue_size,1876,
metric,"round_707",accepted_local_collapses,64,
metric,"round_707",accepted_boundary_collapses,16,
metric,"round_707",skipped_boundary_edges,0,
metric,"round_707",rejected_conflicts,9,
metric,"round_707",repartitioned,0,
metric,"round_708",interior_edge_fraction,0.948001,
metric,"round_708",boundary_edge_fraction,0.0519987,
metric,"round_708",partition_load_imbalance,1,
metric,"round_708",local_queue_size,51485,
metric,"round_708",boundary_queue_size,2824,
metric,"round_708",accepted_local_collapses,64,
metric,"round_708",accepted_boundary_collapses,16,
metric,"round_708",skipped_boundary_edges,0,
metric,"round_708",rejected_conflicts,3,
metric,"round_708",repartitioned,0,
metric,"round_709",interior_edge_fraction,1,
metric,"round_709",boundary_edge_fraction,0,
metric,"round_709",partition_load_imbalance,1,
metric,"round_709",local_queue_size,54069,
metric,"round_709",boundary_queue_size,0,
metric,"round_709",accepted_local_collapses,64,
metric,"round_709",accepted_boundary_collapses,0,
metric,"round_709",skipped_boundary_edges,0,
metric,"round_709",rejected_conflicts,1,
metric,"round_709",repartitioned,1,
metric,"round_710",interior_edge_fraction,0.983704,
metric,"round_710",boundary_edge_fraction,0.0162964,
metric,"round_710",partition_load_imbalance,1,
metric,"round_710",local_queue_size,52999,
metric,"round_710",boundary_queue_size,878,
metric,"round_710",accepted_local_collapses,64,
metric,"round_710",accepted_boundary_collapses,16,
metric,"round_710",skipped_boundary_edges,0,
metric,"round_710",rejected_conflicts,3,
metric,"round_710",repartitioned,0,
metric,"round_711",interior_edge_fraction,0.965472,
metric,"round_711",boundary_edge_fraction,0.0345284,
metric,"round_711",partition_load_imbalance,1,
metric,"round_711",local_queue_size,51785,
metric,"round_711",boundary_queue_size,1852,
metric,"round_711",accepted_local_collapses,64,
metric,"round_711",accepted_boundary_collapses,16,
metric,"round_711",skipped_boundary_edges,0,
metric,"round_711",rejected_conflicts,1,
metric,"round_711",repartitioned,0,
metric,"round_712",interior_edge_fraction,0.946664,
metric,"round_712",boundary_edge_fraction,0.0533363,
metric,"round_712",partition_load_imbalance,1,
metric,"round_712",local_queue_size,50549,
metric,"round_712",boundary_queue_size,2848,
metric,"round_712",accepted_local_collapses,64,
metric,"round_712",accepted_boundary_collapses,16,
metric,"round_712",skipped_boundary_edges,0,
metric,"round_712",rejected_conflicts,3,
metric,"round_712",repartitioned,0,
metric,"round_713",interior_edge_fraction,1,
metric,"round_713",boundary_edge_fraction,0,
metric,"round_713",partition_load_imbalance,1,
metric,"round_713",local_queue_size,53157,
metric,"round_713",boundary_queue_size,0,
metric,"round_713",accepted_local_collapses,64,
metric,"round_713",accepted_boundary_collapses,0,
metric,"round_713",skipped_boundary_edges,0,
metric,"round_713",rejected_conflicts,2,
metric,"round_713",repartitioned,1,
metric,"round_714",interior_edge_fraction,0.983215,
metric,"round_714",boundary_edge_fraction,0.0167847,
metric,"round_714",partition_load_imbalance,1,
metric,"round_714",local_queue_size,52076,
metric,"round_714",boundary_queue_size,889,
metric,"round_714",accepted_local_collapses,64,
metric,"round_714",accepted_boundary_collapses,16,
metric,"round_714",skipped_boundary_edges,0,
metric,"round_714",rejected_conflicts,1,
metric,"round_714",repartitioned,0,
metric,"round_715",interior_edge_fraction,0.964609,
metric,"round_715",boundary_edge_fraction,0.0353912,
metric,"round_715",partition_load_imbalance,1,
metric,"round_715",local_queue_size,50859,
metric,"round_715",boundary_queue_size,1866,
metric,"round_715",accepted_local_collapses,64,
metric,"round_715",accepted_boundary_collapses,16,
metric,"round_715",skipped_boundary_edges,0,
metric,"round_715",rejected_conflicts,3,
metric,"round_715",repartitioned,0,
metric,"round_716",interior_edge_fraction,0.945889,
metric,"round_716",boundary_edge_fraction,0.0541107,
metric,"round_716",partition_load_imbalance,1,
metric,"round_716",local_queue_size,49645,
metric,"round_716",boundary_queue_size,2840,
metric,"round_716",accepted_local_collapses,64,
metric,"round_716",accepted_boundary_collapses,16,
metric,"round_716",skipped_boundary_edges,0,
metric,"round_716",rejected_conflicts,3,
metric,"round_716",repartitioned,0,
metric,"round_717",interior_edge_fraction,1,
metric,"round_717",boundary_edge_fraction,0,
metric,"round_717",partition_load_imbalance,1,
metric,"round_717",local_queue_size,52245,
metric,"round_717",boundary_queue_size,0,
metric,"round_717",accepted_local_collapses,64,
metric,"round_717",accepted_boundary_collapses,0,
metric,"round_717",skipped_boundary_edges,0,
metric,"round_717",rejected_conflicts,5,
metric,"round_717",repartitioned,1,
metric,"round_718",interior_edge_fraction,0.982249,
metric,"round_718",boundary_edge_fraction,0.0177511,
metric,"round_718",partition_load_imbalance,1,
metric,"round_718",local_queue_size,51129,
metric,"round_718",boundary_queue_size,924,
metric,"round_718",accepted_local_collapses,64,
metric,"round_718",accepted_boundary_collapses,16,
metric,"round_718",skipped_boundary_edges,0,
metric,"round_718",rejected_conflicts,2,
metric,"round_718",repartitioned,0,
metric,"round_719",interior_edge_fraction,0.963947,
metric,"round_719",boundary_edge_fraction,0.0360527,
metric,"round_719",partition_load_imbalance,1,
metric,"round_719",local_queue_size,49945,
metric,"round_719",boundary_queue_size,1868,
metric,"round_719",accepted_local_collapses,64,
metric,"round_719",accepted_boundary_collapses,16,
metric,"round_719",skipped_boundary_edges,0,
metric,"round_719",rejected_conflicts,2,
metric,"round_719",repartitioned,0,
metric,"round_720",interior_edge_fraction,0.944855,
metric,"round_720",boundary_edge_fraction,0.0551451,
metric,"round_720",partition_load_imbalance,1,
metric,"round_720",local_queue_size,48729,
metric,"round_720",boundary_queue_size,2844,
metric,"round_720",accepted_local_collapses,64,
metric,"round_720",accepted_boundary_collapses,16,
metric,"round_720",skipped_boundary_edges,0,
metric,"round_720",rejected_conflicts,3,
metric,"round_720",repartitioned,0,
metric,"round_721",interior_edge_fraction,1,
metric,"round_721",boundary_edge_fraction,0,
metric,"round_721",partition_load_imbalance,1,
metric,"round_721",local_queue_size,51333,
metric,"round_721",boundary_queue_size,0,
metric,"round_721",accepted_local_collapses,64,
metric,"round_721",accepted_boundary_collapses,0,
metric,"round_721",skipped_boundary_edges,0,
metric,"round_721",rejected_conflicts,2,
metric,"round_721",repartitioned,1,
metric,"round_722",interior_edge_fraction,0.982793,
metric,"round_722",boundary_edge_fraction,0.0172073,
metric,"round_722",partition_load_imbalance,1,
metric,"round_722",local_queue_size,50261,
metric,"round_722",boundary_queue_size,880,
metric,"round_722",accepted_local_collapses,64,
metric,"round_722",accepted_boundary_collapses,16,
metric,"round_722",skipped_boundary_edges,0,
metric,"round_722",rejected_conflicts,1,
metric,"round_722",repartitioned,0,
metric,"round_723",interior_edge_fraction,0.963164,
metric,"round_723",boundary_edge_fraction,0.0368362,
metric,"round_723",partition_load_imbalance,1,
metric,"round_723",local_queue_size,49026,
metric,"round_723",boundary_queue_size,1875,
metric,"round_723",accepted_local_collapses,64,
metric,"round_723",accepted_boundary_collapses,16,
metric,"round_723",skipped_boundary_edges,0,
metric,"round_723",rejected_conflicts,6,
metric,"round_723",repartitioned,0,
metric,"round_724",interior_edge_fraction,0.943724,
metric,"round_724",boundary_edge_fraction,0.056276,
metric,"round_724",partition_load_imbalance,1,
metric,"round_724",local_queue_size,47810,
metric,"round_724",boundary_queue_size,2851,
metric,"round_724",accepted_local_collapses,64,
metric,"round_724",accepted_boundary_collapses,16,
metric,"round_724",skipped_boundary_edges,0,
metric,"round_724",rejected_conflicts,4,
metric,"round_724",repartitioned,0,
metric,"round_725",interior_edge_fraction,1,
metric,"round_725",boundary_edge_fraction,0,
metric,"round_725",partition_load_imbalance,1,
metric,"round_725",local_queue_size,50421,
metric,"round_725",boundary_queue_size,0,
metric,"round_725",accepted_local_collapses,64,
metric,"round_725",accepted_boundary_collapses,0,
metric,"round_725",skipped_boundary_edges,0,
metric,"round_725",rejected_conflicts,1,
metric,"round_725",repartitioned,1,
metric,"round_726",interior_edge_fraction,0.982142,
metric,"round_726",boundary_edge_fraction,0.0178582,
metric,"round_726",partition_load_imbalance,1,
metric,"round_726",local_queue_size,49332,
metric,"round_726",boundary_queue_size,897,
metric,"round_726",accepted_local_collapses,64,
metric,"round_726",accepted_boundary_collapses,16,
metric,"round_726",skipped_boundary_edges,0,
metric,"round_726",rejected_conflicts,7,
metric,"round_726",repartitioned,0,
metric,"round_727",interior_edge_fraction,0.962692,
metric,"round_727",boundary_edge_fraction,0.0373082,
metric,"round_727",partition_load_imbalance,1,
metric,"round_727",local_queue_size,48124,
metric,"round_727",boundary_queue_size,1865,
metric,"round_727",accepted_local_collapses,64,
metric,"round_727",accepted_boundary_collapses,16,
metric,"round_727",skipped_boundary_edges,0,
metric,"round_727",rejected_conflicts,6,
metric,"round_727",repartitioned,0,
metric,"round_728",interior_edge_fraction,0.943738,
metric,"round_728",boundary_edge_fraction,0.0562624,
metric,"round_728",partition_load_imbalance,1,
metric,"round_728",local_queue_size,46950,
metric,"round_728",boundary_queue_size,2799,
metric,"round_728",accepted_local_collapses,64,
metric,"round_728",accepted_boundary_collapses,16,
metric,"round_728",skipped_boundary_edges,0,
metric,"round_728",rejected_conflicts,3,
metric,"round_728",repartitioned,0,
metric,"round_729",interior_edge_fraction,1,
metric,"round_729",boundary_edge_fraction,0,
metric,"round_729",partition_load_imbalance,1,
metric,"round_729",local_queue_size,49509,
metric,"round_729",boundary_queue_size,0,
metric,"round_729",accepted_local_collapses,64,
metric,"round_729",accepted_boundary_collapses,0,
metric,"round_729",skipped_boundary_edges,0,
metric,"round_729",rejected_conflicts,5,
metric,"round_729",repartitioned,1,
metric,"round_730",interior_edge_fraction,0.981872,
metric,"round_730",boundary_edge_fraction,0.0181276,
metric,"round_730",partition_load_imbalance,1,
metric,"round_730",local_queue_size,48423,
metric,"round_730",boundary_queue_size,894,
metric,"round_730",accepted_local_collapses,64,
metric,"round_730",accepted_boundary_collapses,16,
metric,"round_730",skipped_boundary_edges,0,
metric,"round_730",rejected_conflicts,4,
metric,"round_730",repartitioned,0,
metric,"round_731",interior_edge_fraction,0.96155,
metric,"round_731",boundary_edge_fraction,0.0384498,
metric,"round_731",partition_load_imbalance,1,
metric,"round_731",local_queue_size,47190,
metric,"round_731",boundary_queue_size,1887,
metric,"round_731",accepted_local_collapses,64,
metric,"round_731",accepted_boundary_collapses,16,
metric,"round_731",skipped_boundary_edges,0,
metric,"round_731",rejected_conflicts,3,
metric,"round_731",repartitioned,0,
metric,"round_732",interior_edge_fraction,0.941827,
metric,"round_732",boundary_edge_fraction,0.0581731,
metric,"round_732",partition_load_imbalance,1,
metric,"round_732",local_queue_size,45996,
metric,"round_732",boundary_queue_size,2841,
metric,"round_732",accepted_local_collapses,64,
metric,"round_732",accepted_boundary_collapses,16,
metric,"round_732",skipped_boundary_edges,0,
metric,"round_732",rejected_conflicts,7,
metric,"round_732",repartitioned,0,
metric,"round_733",interior_edge_fraction,1,
metric,"round_733",boundary_edge_fraction,0,
metric,"round_733",partition_load_imbalance,1,
metric,"round_733",local_queue_size,48597,
metric,"round_733",boundary_queue_size,0,
metric,"round_733",accepted_local_collapses,64,
metric,"round_733",accepted_boundary_collapses,0,
metric,"round_733",skipped_boundary_edges,0,
metric,"round_733",rejected_conflicts,1,
metric,"round_733",repartitioned,1,
metric,"round_734",interior_edge_fraction,0.982564,
metric,"round_734",boundary_edge_fraction,0.0174362,
metric,"round_734",partition_load_imbalance,1,
metric,"round_734",local_queue_size,47561,
metric,"round_734",boundary_queue_size,844,
metric,"round_734",accepted_local_collapses,64,
metric,"round_734",accepted_boundary_collapses,16,
metric,"round_734",skipped_boundary_edges,0,
metric,"round_734",rejected_conflicts,7,
metric,"round_734",repartitioned,0,
metric,"round_735",interior_edge_fraction,0.962359,
metric,"round_735",boundary_edge_fraction,0.0376414,
metric,"round_735",partition_load_imbalance,1,
metric,"round_735",local_queue_size,46352,
metric,"round_735",boundary_queue_size,1813,
metric,"round_735",accepted_local_collapses,64,
metric,"round_735",accepted_boundary_collapses,16,
metric,"round_735",skipped_boundary_edges,0,
metric,"round_735",rejected_conflicts,2,
metric,"round_735",repartitioned,0,
metric,"round_736",interior_edge_fraction,0.941408,
metric,"round_736",boundary_edge_fraction,0.0585915,
metric,"round_736",partition_load_imbalance,1,
metric,"round_736",local_queue_size,45117,
metric,"round_736",boundary_queue_size,2808,
metric,"round_736",accepted_local_collapses,64,
metric,"round_736",accepted_boundary_collapses,16,
metric,"round_736",skipped_boundary_edges,0,
metric,"round_736",rejected_conflicts,4,
metric,"round_736",repartitioned,0,
metric,"round_737",interior_edge_fraction,1,
metric,"round_737",boundary_edge_fraction,0,
metric,"round_737",partition_load_imbalance,1,
metric,"round_737",local_queue_size,47685,
metric,"round_737",boundary_queue_size,0,
metric,"round_737",accepted_local_collapses,64,
metric,"round_737",accepted_boundary_collapses,0,
metric,"round_737",skipped_boundary_edges,0,
metric,"round_737",rejected_conflicts,3,
metric,"round_737",repartitioned,1,
metric,"round_738",interior_edge_fraction,0.981281,
metric,"round_738",boundary_edge_fraction,0.0187185,
metric,"round_738",partition_load_imbalance,1,
metric,"round_738",local_queue_size,46604,
metric,"round_738",boundary_queue_size,889,
metric,"round_738",accepted_local_collapses,64,
metric,"round_738",accepted_boundary_collapses,16,
metric,"round_738",skipped_boundary_edges,0,
metric,"round_738",rejected_conflicts,8,
metric,"round_738",repartitioned,0,
metric,"round_739",interior_edge_fraction,0.960024,
metric,"round_739",boundary_edge_fraction,0.0399763,
metric,"round_739",partition_load_imbalance,1,
metric,"round_739",local_queue_size,45364,
metric,"round_739",boundary_queue_size,1889,
metric,"round_739",accepted_local_collapses,64,
metric,"round_739",accepted_boundary_collapses,16,
metric,"round_739",skipped_boundary_edges,0,
metric,"round_739",rejected_conflicts,4,
metric,"round_739",repartitioned,0,
metric,"round_740",interior_edge_fraction,0.938847,
metric,"round_740",boundary_edge_fraction,0.0611533,
metric,"round_740",partition_load_imbalance,1,
metric,"round_740",local_queue_size,44138,
metric,"round_740",boundary_queue_size,2875,
metric,"round_740",accepted_local_collapses,64,
metric,"round_740",accepted_boundary_collapses,16,
metric,"round_740",skipped_boundary_edges,0,
metric,"round_740",rejected_conflicts,1,
metric,"round_740",repartitioned,0,
metric,"round_741",interior_edge_fraction,1,
metric,"round_741",boundary_edge_fraction,0,
metric,"round_741",partition_load_imbalance,1,
metric,"round_741",local_queue_size,46773,
metric,"round_741",boundary_queue_size,0,
metric,"round_741",accepted_local_collapses,64,
metric,"round_741",accepted_boundary_collapses,0,
metric,"round_741",skipped_boundary_edges,0,
metric,"round_741",rejected_conflicts,2,
metric,"round_741",repartitioned,1,
metric,"round_742",interior_edge_fraction,0.981108,
metric,"round_742",boundary_edge_fraction,0.0188918,
metric,"round_742",partition_load_imbalance,1,
metric,"round_742",local_queue_size,45701,
metric,"round_742",boundary_queue_size,880,
metric,"round_742",accepted_local_collapses,64,
metric,"round_742",accepted_boundary_collapses,16,
metric,"round_742",skipped_boundary_edges,0,
metric,"round_742",rejected_conflicts,4,
metric,"round_742",repartitioned,0,
metric,"round_743",interior_edge_fraction,0.95982,
metric,"round_743",boundary_edge_fraction,0.0401804,
metric,"round_743",partition_load_imbalance,1,
metric,"round_743",local_queue_size,44479,
metric,"round_743",boundary_queue_size,1862,
metric,"round_743",accepted_local_collapses,64,
metric,"round_743",accepted_boundary_collapses,16,
metric,"round_743",skipped_boundary_edges,0,
metric,"round_743",rejected_conflicts,4,
metric,"round_743",repartitioned,0,
metric,"round_744",interior_edge_fraction,0.93883,
metric,"round_744",boundary_edge_fraction,0.06117,
metric,"round_744",partition_load_imbalance,1,
metric,"round_744",local_queue_size,43281,
metric,"round_744",boundary_queue_size,2820,
metric,"round_744",accepted_local_collapses,64,
metric,"round_744",accepted_boundary_collapses,16,
metric,"round_744",skipped_boundary_edges,0,
metric,"round_744",rejected_conflicts,6,
metric,"round_744",repartitioned,0,
metric,"round_745",interior_edge_fraction,1,
metric,"round_745",boundary_edge_fraction,0,
metric,"round_745",partition_load_imbalance,1,
metric,"round_745",local_queue_size,45861,
metric,"round_745",boundary_queue_size,0,
metric,"round_745",accepted_local_collapses,64,
metric,"round_745",accepted_boundary_collapses,0,
metric,"round_745",skipped_boundary_edges,0,
metric,"round_745",rejected_conflicts,1,
metric,"round_745",repartitioned,1,
metric,"round_746",interior_edge_fraction,0.980556,
metric,"round_746",boundary_edge_fraction,0.0194443,
metric,"round_746",partition_load_imbalance,1,
metric,"round_746",local_queue_size,44781,
metric,"round_746",boundary_queue_size,888,
metric,"round_746",accepted_local_collapses,64,
metric,"round_746",accepted_boundary_collapses,16,
metric,"round_746",skipped_boundary_edges,0,
metric,"round_746",rejected_conflicts,6,
metric,"round_746",repartitioned,0,
metric,"round_747",interior_edge_fraction,0.958463,
metric,"round_747",boundary_edge_fraction,0.0415373,
metric,"round_747",partition_load_imbalance,1,
metric,"round_747",local_queue_size,43542,
metric,"round_747",boundary_queue_size,1887,
metric,"round_747",accepted_local_collapses,64,
metric,"round_747",accepted_boundary_collapses,16,
metric,"round_747",skipped_boundary_edges,0,
metric,"round_747",rejected_conflicts,5,
metric,"round_747",repartitioned,0,
metric,"round_748",interior_edge_fraction,0.936843,
metric,"round_748",boundary_edge_fraction,0.063157,
metric,"round_748",partition_load_imbalance,1,
metric,"round_748",local_queue_size,42335,
metric,"round_748",boundary_queue_size,2854,
metric,"round_748",accepted_local_collapses,64,
metric,"round_748",accepted_boundary_collapses,16,
metric,"round_748",skipped_boundary_edges,0,
metric,"round_748",rejected_conflicts,3,
metric,"round_748",repartitioned,0,
metric,"round_749",interior_edge_fraction,1,
metric,"round_749",boundary_edge_fraction,0,
metric,"round_749",partition_load_imbalance,1,
metric,"round_749",local_queue_size,44949,
metric,"round_749",boundary_queue_size,0,
metric,"round_749",accepted_local_collapses,64,
metric,"round_749",accepted_boundary_collapses,0,
metric,"round_749",skipped_boundary_edges,0,
metric,"round_749",rejected_conflicts,1,
metric,"round_749",repartitioned,1,
metric,"round_750",interior_edge_fraction,0.980271,
metric,"round_750",boundary_edge_fraction,0.0197288,
metric,"round_750",partition_load_imbalance,1,
metric,"round_750",local_queue_size,43874,
metric,"round_750",boundary_queue_size,883,
metric,"round_750",accepted_local_collapses,64,
metric,"round_750",accepted_boundary_collapses,16,
metric,"round_750",skipped_boundary_edges,0,
metric,"round_750",rejected_conflicts,2,
metric,"round_750",repartitioned,0,
metric,"round_751",interior_edge_fraction,0.95851,
metric,"round_751",boundary_edge_fraction,0.0414898,
metric,"round_751",partition_load_imbalance,1,
metric,"round_751",local_queue_size,42670,
metric,"round_751",boundary_queue_size,1847,
metric,"round_751",accepted_local_collapses,64,
metric,"round_751",accepted_boundary_collapses,16,
metric,"round_751",skipped_boundary_edges,0,
metric,"round_751",rejected_conflicts,3,
metric,"round_751",repartitioned,0,
metric,"round_752",interior_edge_fraction,0.936513,
metric,"round_752",boundary_edge_fraction,0.0634867,
metric,"round_752",partition_load_imbalance,1,
metric,"round_752",local_queue_size,41466,
metric,"round_752",boundary_queue_size,2811,
metric,"round_752",accepted_local_collapses,64,
metric,"round_752",accepted_boundary_collapses,16,
metric,"round_752",skipped_boundary_edges,0,
metric,"round_752",rejected_conflicts,5,
metric,"round_752",repartitioned,0,
metric,"round_753",interior_edge_fraction,1,
metric,"round_753",boundary_edge_fraction,0,
metric,"round_753",partition_load_imbalance,1,
metric,"round_753",local_queue_size,44037,
metric,"round_753",boundary_queue_size,0,
metric,"round_753",accepted_local_collapses,64,
metric,"round_753",accepted_boundary_collapses,0,
metric,"round_753",skipped_boundary_edges,0,
metric,"round_753",rejected_conflicts,1,
metric,"round_753",repartitioned,1,
metric,"round_754",interior_edge_fraction,0.979313,
metric,"round_754",boundary_edge_fraction,0.0206865,
metric,"round_754",partition_load_imbalance,1,
metric,"round_754",local_queue_size,42938,
metric,"round_754",boundary_queue_size,907,
metric,"round_754",accepted_local_collapses,64,
metric,"round_754",accepted_boundary_collapses,16,
metric,"round_754",skipped_boundary_edges,0,
metric,"round_754",rejected_conflicts,3,
metric,"round_754",repartitioned,0,
metric,"round_755",interior_edge_fraction,0.956679,
metric,"round_755",boundary_edge_fraction,0.0433207,
metric,"round_755",partition_load_imbalance,1,
metric,"round_755",local_queue_size,41716,
metric,"round_755",boundary_queue_size,1889,
metric,"round_755",accepted_local_collapses,64,
metric,"round_755",accepted_boundary_collapses,16,
metric,"round_755",skipped_boundary_edges,0,
metric,"round_755",rejected_conflicts,2,
metric,"round_755",repartitioned,0,
metric,"round_756",interior_edge_fraction,0.933403,
metric,"round_756",boundary_edge_fraction,0.0665975,
metric,"round_756",partition_load_imbalance,1,
metric,"round_756",local_queue_size,40477,
metric,"round_756",boundary_queue_size,2888,
metric,"round_756",accepted_local_collapses,64,
metric,"round_756",accepted_boundary_collapses,16,
metric,"round_756",skipped_boundary_edges,0,
metric,"round_756",rejected_conflicts,5,
metric,"round_756",repartitioned,0,
metric,"round_757",interior_edge_fraction,1,
metric,"round_757",boundary_edge_fraction,0,
metric,"round_757",partition_load_imbalance,1,
metric,"round_757",local_queue_size,43125,
metric,"round_757",boundary_queue_size,0,
metric,"round_757",accepted_local_collapses,64,
metric,"round_757",accepted_boundary_collapses,0,
metric,"round_757",skipped_boundary_edges,0,
metric,"round_757",rejected_conflicts,2,
metric,"round_757",repartitioned,1,
metric,"round_758",interior_edge_fraction,0.978897,
metric,"round_758",boundary_edge_fraction,0.0211026,
metric,"round_758",partition_load_imbalance,1,
metric,"round_758",local_queue_size,42027,
metric,"round_758",boundary_queue_size,906,
metric,"round_758",accepted_local_collapses,64,
metric,"round_758",accepted_boundary_collapses,16,
metric,"round_758",skipped_boundary_edges,0,
metric,"round_758",rejected_conflicts,6,
metric,"round_758",repartitioned,0,
metric,"round_759",interior_edge_fraction,0.954887,
metric,"round_759",boundary_edge_fraction,0.0451128,
metric,"round_759",partition_load_imbalance,1,
metric,"round_759",local_queue_size,40767,
metric,"round_759",boundary_queue_size,1926,
metric,"round_759",accepted_local_collapses,64,
metric,"round_759",accepted_boundary_collapses,16,
metric,"round_759",skipped_boundary_edges,0,
metric,"round_759",rejected_conflicts,4,
metric,"round_759",repartitioned,0,
metric,"round_760",interior_edge_fraction,0.931642,
metric,"round_760",boundary_edge_fraction,0.0683579,
metric,"round_760",partition_load_imbalance,1,
metric,"round_760",local_queue_size,39551,
metric,"round_760",boundary_queue_size,2902,
metric,"round_760",accepted_local_collapses,64,
metric,"round_760",accepted_boundary_collapses,16,
metric,"round_760",skipped_boundary_edges,0,
metric,"round_760",rejected_conflicts,2,
metric,"round_760",repartitioned,0,
metric,"round_761",interior_edge_fraction,1,
metric,"round_761",boundary_edge_fraction,0,
metric,"round_761",partition_load_imbalance,1,
metric,"round_761",local_queue_size,42213,
metric,"round_761",boundary_queue_size,0,
metric,"round_761",accepted_local_collapses,64,
metric,"round_761",accepted_boundary_collapses,0,
metric,"round_761",skipped_boundary_edges,0,
metric,"round_761",rejected_conflicts,3,
metric,"round_761",repartitioned,1,
metric,"round_762",interior_edge_fraction,0.97901,
metric,"round_762",boundary_edge_fraction,0.0209895,
metric,"round_762",partition_load_imbalance,1,
metric,"round_762",local_queue_size,41139,
metric,"round_762",boundary_queue_size,882,
metric,"round_762",accepted_local_collapses,64,
metric,"round_762",accepted_boundary_collapses,16,
metric,"round_762",skipped_boundary_edges,0,
metric,"round_762",rejected_conflicts,4,
metric,"round_762",repartitioned,0,
metric,"round_763",interior_edge_fraction,0.954764,
metric,"round_763",boundary_edge_fraction,0.0452359,
metric,"round_763",partition_load_imbalance,1,
metric,"round_763",local_queue_size,39891,
metric,"round_763",boundary_queue_size,1890,
metric,"round_763",accepted_local_collapses,64,
metric,"round_763",accepted_boundary_collapses,16,
metric,"round_763",skipped_boundary_edges,0,
metric,"round_763",rejected_conflicts,5,
metric,"round_763",repartitioned,0,
metric,"round_764",interior_edge_fraction,0.930936,
metric,"round_764",boundary_edge_fraction,0.0690643,
metric,"round_764",partition_load_imbalance,1,
metric,"round_764",local_queue_size,38672,
metric,"round_764",boundary_queue_size,2869,
metric,"round_764",accepted_local_collapses,64,
metric,"round_764",accepted_boundary_collapses,16,
metric,"round_764",skipped_boundary_edges,0,
metric,"round_764",rejected_conflicts,4,
metric,"round_764",repartitioned,0,
metric,"round_765",interior_edge_fraction,1,
metric,"round_765",boundary_edge_fraction,0,
metric,"round_765",partition_load_imbalance,1,
metric,"round_765",local_queue_size,41301,
metric,"round_765",boundary_queue_size,0,
metric,"round_765",accepted_local_collapses,64,
metric,"round_765",accepted_boundary_collapses,0,
metric,"round_765",skipped_boundary_edges,0,
metric,"round_765",rejected_conflicts,2,
metric,"round_765",repartitioned,1,
metric,"round_766",interior_edge_fraction,0.978423,
metric,"round_766",boundary_edge_fraction,0.0215768,
metric,"round_766",partition_load_imbalance,1,
metric,"round_766",local_queue_size,40222,
metric,"round_766",boundary_queue_size,887,
metric,"round_766",accepted_local_collapses,64,
metric,"round_766",accepted_boundary_collapses,16,
metric,"round_766",skipped_boundary_edges,0,
metric,"round_766",rejected_conflicts,5,
metric,"round_766",repartitioned,0,
metric,"round_767",interior_edge_fraction,0.954415,
metric,"round_767",boundary_edge_fraction,0.0455847,
metric,"round_767",partition_load_imbalance,1,
metric,"round_767",local_queue_size,39006,
metric,"round_767",boundary_queue_size,1863,
metric,"round_767",accepted_local_collapses,64,
metric,"round_767",accepted_boundary_collapses,16,
metric,"round_767",skipped_boundary_edges,0,
metric,"round_767",rejected_conflicts,5,
metric,"round_767",repartitioned,0,
metric,"round_768",interior_edge_fraction,0.929804,
metric,"round_768",boundary_edge_fraction,0.0701962,
metric,"round_768",partition_load_imbalance,1,
metric,"round_768",local_queue_size,37777,
metric,"round_768",boundary_queue_size,2852,
metric,"round_768",accepted_local_collapses,64,
metric,"round_768",accepted_boundary_collapses,16,
metric,"round_768",skipped_boundary_edges,0,
metric,"round_768",rejected_conflicts,1,
metric,"round_768",repartitioned,0,
metric,"round_769",interior_edge_fraction,1,
metric,"round_769",boundary_edge_fraction,0,
metric,"round_769",partition_load_imbalance,1,
metric,"round_769",local_queue_size,40389,
metric,"round_769",boundary_queue_size,0,
metric,"round_769",accepted_local_collapses,64,
metric,"round_769",accepted_boundary_collapses,0,
metric,"round_769",skipped_boundary_edges,0,
metric,"round_769",rejected_conflicts,2,
metric,"round_769",repartitioned,1,
metric,"round_770",interior_edge_fraction,0.977411,
metric,"round_770",boundary_edge_fraction,0.0225888,
metric,"round_770",partition_load_imbalance,1,
metric,"round_770",local_queue_size,39289,
metric,"round_770",boundary_queue_size,908,
metric,"round_770",accepted_local_collapses,64,
metric,"round_770",accepted_boundary_collapses,16,
metric,"round_770",skipped_boundary_edges,0,
metric,"round_770",rejected_conflicts,5,
metric,"round_770",repartitioned,0,
metric,"round_771",interior_edge_fraction,0.95315,
metric,"round_771",boundary_edge_fraction,0.0468504,
metric,"round_771",partition_load_imbalance,1,
metric,"round_771",local_queue_size,38085,
metric,"round_771",boundary_queue_size,1872,
metric,"round_771",accepted_local_collapses,64,
metric,"round_771",accepted_boundary_collapses,16,
metric,"round_771",skipped_boundary_edges,0,
metric,"round_771",rejected_conflicts,3,
metric,"round_771",repartitioned,0,
metric,"round_772",interior_edge_fraction,0.929249,
metric,"round_772",boundary_edge_fraction,0.0707506,
metric,"round_772",partition_load_imbalance,1,
metric,"round_772",local_queue_size,36907,
metric,"round_772",boundary_queue_size,2810,
metric,"round_772",accepted_local_collapses,64,
metric,"round_772",accepted_boundary_collapses,16,
metric,"round_772",skipped_boundary_edges,0,
metric,"round_772",rejected_conflicts,3,
metric,"round_772",repartitioned,0,
metric,"round_773",interior_edge_fraction,1,
metric,"round_773",boundary_edge_fraction,0,
metric,"round_773",partition_load_imbalance,1,
metric,"round_773",local_queue_size,39477,
metric,"round_773",boundary_queue_size,0,
metric,"round_773",accepted_local_collapses,64,
metric,"round_773",accepted_boundary_collapses,0,
metric,"round_773",skipped_boundary_edges,0,
metric,"round_773",rejected_conflicts,0,
metric,"round_773",repartitioned,1,
metric,"round_774",interior_edge_fraction,0.977294,
metric,"round_774",boundary_edge_fraction,0.0227059,
metric,"round_774",partition_load_imbalance,1,
metric,"round_774",local_queue_size,38393,
metric,"round_774",boundary_queue_size,892,
metric,"round_774",accepted_local_collapses,64,
metric,"round_774",accepted_boundary_collapses,16,
metric,"round_774",skipped_boundary_edges,0,
metric,"round_774",rejected_conflicts,6,
metric,"round_774",repartitioned,0,
metric,"round_775",interior_edge_fraction,0.950263,
metric,"round_775",boundary_edge_fraction,0.0497375,
metric,"round_775",partition_load_imbalance,1,
metric,"round_775",local_queue_size,37103,
metric,"round_775",boundary_queue_size,1942,
metric,"round_775",accepted_local_collapses,64,
metric,"round_775",accepted_boundary_collapses,16,
metric,"round_775",skipped_boundary_edges,0,
metric,"round_775",rejected_conflicts,5,
metric,"round_775",repartitioned,0,
metric,"round_776",interior_edge_fraction,0.924804,
metric,"round_776",boundary_edge_fraction,0.0751965,
metric,"round_776",partition_load_imbalance,1,
metric,"round_776",local_queue_size,35887,
metric,"round_776",boundary_queue_size,2918,
metric,"round_776",accepted_local_collapses,64,
metric,"round_776",accepted_boundary_collapses,16,
metric,"round_776",skipped_boundary_edges,0,
metric,"round_776",rejected_conflicts,7,
metric,"round_776",repartitioned,0,
metric,"round_777",interior_edge_fraction,1,
metric,"round_777",boundary_edge_fraction,0,
metric,"round_777",partition_load_imbalance,1,
metric,"round_777",local_queue_size,38565,
metric,"round_777",boundary_queue_size,0,
metric,"round_777",accepted_local_collapses,64,
metric,"round_777",accepted_boundary_collapses,0,
metric,"round_777",skipped_boundary_edges,0,
metric,"round_777",rejected_conflicts,0,
metric,"round_777",repartitioned,1,
metric,"round_778",interior_edge_fraction,0.976364,
metric,"round_778",boundary_edge_fraction,0.0236364,
metric,"round_778",partition_load_imbalance,1,
metric,"round_778",local_queue_size,37466,
metric,"round_778",boundary_queue_size,907,
metric,"round_778",accepted_local_collapses,64,
metric,"round_778",accepted_boundary_collapses,16,
metric,"round_778",skipped_boundary_edges,0,
metric,"round_778",rejected_conflicts,6,
metric,"round_778",repartitioned,0,
metric,"round_779",interior_edge_fraction,0.950358,
metric,"round_779",boundary_edge_fraction,0.049642,
metric,"round_779",partition_load_imbalance,1,
metric,"round_779",local_queue_size,36240,
metric,"round_779",boundary_queue_size,1893,
metric,"round_779",accepted_local_collapses,64,
metric,"round_779",accepted_boundary_collapses,16,
metric,"round_779",skipped_boundary_edges,0,
metric,"round_779",rejected_conflicts,4,
metric,"round_779",repartitioned,0,
metric,"round_780",interior_edge_fraction,0.925342,
metric,"round_780",boundary_edge_fraction,0.0746576,
metric,"round_780",partition_load_imbalance,1,
metric,"round_780",local_queue_size,35064,
metric,"round_780",boundary_queue_size,2829,
metric,"round_780",accepted_local_collapses,64,
metric,"round_780",accepted_boundary_collapses,16,
metric,"round_780",skipped_boundary_edges,0,
metric,"round_780",rejected_conflicts,6,
metric,"round_780",repartitioned,0,
metric,"round_781",interior_edge_fraction,1,
metric,"round_781",boundary_edge_fraction,0,
metric,"round_781",partition_load_imbalance,1,
metric,"round_781",local_queue_size,37653,
metric,"round_781",boundary_queue_size,0,
metric,"round_781",accepted_local_collapses,64,
metric,"round_781",accepted_boundary_collapses,0,
metric,"round_781",skipped_boundary_edges,0,
metric,"round_781",rejected_conflicts,4,
metric,"round_781",repartitioned,1,
metric,"round_782",interior_edge_fraction,0.976295,
metric,"round_782",boundary_edge_fraction,0.0237047,
metric,"round_782",partition_load_imbalance,1,
metric,"round_782",local_queue_size,36573,
metric,"round_782",boundary_queue_size,888,
metric,"round_782",accepted_local_collapses,64,
metric,"round_782",accepted_boundary_collapses,16,
metric,"round_782",skipped_boundary_edges,0,
metric,"round_782",rejected_conflicts,1,
metric,"round_782",repartitioned,0,
metric,"round_783",interior_edge_fraction,0.95027,
metric,"round_783",boundary_edge_fraction,0.04973,
metric,"round_783",partition_load_imbalance,1,
metric,"round_783",local_queue_size,35370,
metric,"round_783",boundary_queue_size,1851,
metric,"round_783",accepted_local_collapses,64,
metric,"round_783",accepted_boundary_collapses,16,
metric,"round_783",skipped_boundary_edges,0,
metric,"round_783",rejected_conflicts,8,
metric,"round_783",repartitioned,0,
metric,"round_784",interior_edge_fraction,0.924664,
metric,"round_784",boundary_edge_fraction,0.075336,
metric,"round_784",partition_load_imbalance,1,
metric,"round_784",local_queue_size,34195,
metric,"round_784",boundary_queue_size,2786,
metric,"round_784",accepted_local_collapses,64,
metric,"round_784",accepted_boundary_collapses,16,
metric,"round_784",skipped_boundary_edges,0,
metric,"round_784",rejected_conflicts,4,
metric,"round_784",repartitioned,0,
metric,"round_785",interior_edge_fraction,1,
metric,"round_785",boundary_edge_fraction,0,
metric,"round_785",partition_load_imbalance,1,
metric,"round_785",local_queue_size,36741,
metric,"round_785",boundary_queue_size,0,
metric,"round_785",accepted_local_collapses,64,
metric,"round_785",accepted_boundary_collapses,0,
metric,"round_785",skipped_boundary_edges,0,
metric,"round_785",rejected_conflicts,2,
metric,"round_785",repartitioned,1,
metric,"round_786",interior_edge_fraction,0.975239,
metric,"round_786",boundary_edge_fraction,0.0247613,
metric,"round_786",partition_load_imbalance,1,
metric,"round_786",local_queue_size,35644,
metric,"round_786",boundary_queue_size,905,
metric,"round_786",accepted_local_collapses,64,
metric,"round_786",accepted_boundary_collapses,16,
metric,"round_786",skipped_boundary_edges,0,
metric,"round_786",rejected_conflicts,8,
metric,"round_786",repartitioned,0,
metric,"round_787",interior_edge_fraction,0.948222,
metric,"round_787",boundary_edge_fraction,0.0517778,
metric,"round_787",partition_load_imbalance,1,
metric,"round_787",local_queue_size,34429,
metric,"round_787",boundary_queue_size,1880,
metric,"round_787",accepted_local_collapses,64,
metric,"round_787",accepted_boundary_collapses,16,
metric,"round_787",skipped_boundary_edges,0,
metric,"round_787",rejected_conflicts,1,
metric,"round_787",repartitioned,0,
metric,"round_788",interior_edge_fraction,0.922316,
metric,"round_788",boundary_edge_fraction,0.0776844,
metric,"round_788",partition_load_imbalance,1,
metric,"round_788",local_queue_size,33267,
metric,"round_788",boundary_queue_size,2802,
metric,"round_788",accepted_local_collapses,64,
metric,"round_788",accepted_boundary_collapses,16,
metric,"round_788",skipped_boundary_edges,0,
metric,"round_788",rejected_conflicts,2,
metric,"round_788",repartitioned,0,
metric,"round_789",interior_edge_fraction,1,
metric,"round_789",boundary_edge_fraction,0,
metric,"round_789",partition_load_imbalance,1,
metric,"round_789",local_queue_size,35829,
metric,"round_789",boundary_queue_size,0,
metric,"round_789",accepted_local_collapses,64,
metric,"round_789",accepted_boundary_collapses,0,
metric,"round_789",skipped_boundary_edges,0,
metric,"round_789",rejected_conflicts,3,
metric,"round_789",repartitioned,1,
metric,"round_790",interior_edge_fraction,0.974689,
metric,"round_790",boundary_edge_fraction,0.0253108,
metric,"round_790",partition_load_imbalance,1,
metric,"round_790",local_queue_size,34735,
metric,"round_790",boundary_queue_size,902,
metric,"round_790",accepted_local_collapses,64,
metric,"round_790",accepted_boundary_collapses,16,
metric,"round_790",skipped_boundary_edges,0,
metric,"round_790",rejected_conflicts,15,
metric,"round_790",repartitioned,0,
metric,"round_791",interior_edge_fraction,0.945871,
metric,"round_791",boundary_edge_fraction,0.0541289,
metric,"round_791",partition_load_imbalance,1,
metric,"round_791",local_queue_size,33481,
metric,"round_791",boundary_queue_size,1916,
metric,"round_791",accepted_local_collapses,64,
metric,"round_791",accepted_boundary_collapses,16,
metric,"round_791",skipped_boundary_edges,0,
metric,"round_791",rejected_conflicts,4,
metric,"round_791",repartitioned,0,
metric,"round_792",interior_edge_fraction,0.918452,
metric,"round_792",boundary_edge_fraction,0.0815485,
metric,"round_792",partition_load_imbalance,1,
metric,"round_792",local_queue_size,32290,
metric,"round_792",boundary_queue_size,2867,
metric,"round_792",accepted_local_collapses,64,
metric,"round_792",accepted_boundary_collapses,16,
metric,"round_792",skipped_boundary_edges,0,
metric,"round_792",rejected_conflicts,6,
metric,"round_792",repartitioned,0,
metric,"round_793",interior_edge_fraction,1,
metric,"round_793",boundary_edge_fraction,0,
metric,"round_793",partition_load_imbalance,1,
metric,"round_793",local_queue_size,34917,
metric,"round_793",boundary_queue_size,0,
metric,"round_793",accepted_local_collapses,64,
metric,"round_793",accepted_boundary_collapses,0,
metric,"round_793",skipped_boundary_edges,0,
metric,"round_793",rejected_conflicts,1,
metric,"round_793",repartitioned,1,
metric,"round_794",interior_edge_fraction,0.974485,
metric,"round_794",boundary_edge_fraction,0.0255148,
metric,"round_794",partition_load_imbalance,1,
metric,"round_794",local_queue_size,33839,
metric,"round_794",boundary_queue_size,886,
metric,"round_794",accepted_local_collapses,64,
metric,"round_794",accepted_boundary_collapses,16,
metric,"round_794",skipped_boundary_edges,0,
metric,"round_794",rejected_conflicts,8,
metric,"round_794",repartitioned,0,
metric,"round_795",interior_edge_fraction,0.945397,
metric,"round_795",boundary_edge_fraction,0.0546035,
metric,"round_795",partition_load_imbalance,1,
metric,"round_795",local_queue_size,32602,
metric,"round_795",boundary_queue_size,1883,
metric,"round_795",accepted_local_collapses,64,
metric,"round_795",accepted_boundary_collapses,16,
metric,"round_795",skipped_boundary_edges,0,
metric,"round_795",rejected_conflicts,8,
metric,"round_795",repartitioned,0,
metric,"round_796",interior_edge_fraction,0.917652,
metric,"round_796",boundary_edge_fraction,0.0823478,
metric,"round_796",partition_load_imbalance,1,
metric,"round_796",local_queue_size,31425,
metric,"round_796",boundary_queue_size,2820,
metric,"round_796",accepted_local_collapses,64,
metric,"round_796",accepted_boundary_collapses,16,
metric,"round_796",skipped_boundary_edges,0,
metric,"round_796",rejected_conflicts,5,
metric,"round_796",repartitioned,0,
metric,"round_797",interior_edge_fraction,1,
metric,"round_797",boundary_edge_fraction,0,
metric,"round_797",partition_load_imbalance,1,
metric,"round_797",local_queue_size,34005,
metric,"round_797",boundary_queue_size,0,
metric,"round_797",accepted_local_collapses,64,
metric,"round_797",accepted_boundary_collapses,0,
metric,"round_797",skipped_boundary_edges,0,
metric,"round_797",rejected_conflicts,3,
metric,"round_797",repartitioned,1,
metric,"round_798",interior_edge_fraction,0.973472,
metric,"round_798",boundary_edge_fraction,0.0265283,
metric,"round_798",partition_load_imbalance,1,
metric,"round_798",local_queue_size,32916,
metric,"round_798",boundary_queue_size,897,
metric,"round_798",accepted_local_collapses,64,
metric,"round_798",accepted_boundary_collapses,16,
metric,"round_798",skipped_boundary_edges,0,
metric,"round_798",rejected_conflicts,8,
metric,"round_798",repartitioned,0,
metric,"round_799",interior_edge_fraction,0.944181,
metric,"round_799",boundary_edge_fraction,0.0558187,
metric,"round_799",partition_load_imbalance,1,
metric,"round_799",local_queue_size,31699,
metric,"round_799",boundary_queue_size,1874,
metric,"round_799",accepted_local_collapses,64,
metric,"round_799",accepted_boundary_collapses,16,
metric,"round_799",skipped_boundary_edges,0,
metric,"round_799",rejected_conflicts,8,
metric,"round_799",repartitioned,0,
metric,"round_800",interior_edge_fraction,0.913749,
metric,"round_800",boundary_edge_fraction,0.0862509,
metric,"round_800",partition_load_imbalance,1,
metric,"round_800",local_queue_size,30458,
metric,"round_800",boundary_queue_size,2875,
metric,"round_800",accepted_local_collapses,64,
metric,"round_800",accepted_boundary_collapses,16,
metric,"round_800",skipped_boundary_edges,0,
metric,"round_800",rejected_conflicts,5,
metric,"round_800",repartitioned,0,
metric,"round_801",interior_edge_fraction,1,
metric,"round_801",boundary_edge_fraction,0,
metric,"round_801",partition_load_imbalance,1,
metric,"round_801",local_queue_size,33093,
metric,"round_801",boundary_queue_size,0,
metric,"round_801",accepted_local_collapses,64,
metric,"round_801",accepted_boundary_collapses,0,
metric,"round_801",skipped_boundary_edges,0,
metric,"round_801",rejected_conflicts,1,
metric,"round_801",repartitioned,1,
metric,"round_802",interior_edge_fraction,0.972524,
metric,"round_802",boundary_edge_fraction,0.0274764,
metric,"round_802",partition_load_imbalance,1,
metric,"round_802",local_queue_size,31997,
metric,"round_802",boundary_queue_size,904,
metric,"round_802",accepted_local_collapses,64,
metric,"round_802",accepted_boundary_collapses,16,
metric,"round_802",skipped_boundary_edges,0,
metric,"round_802",rejected_conflicts,12,
metric,"round_802",repartitioned,0,
metric,"round_803",interior_edge_fraction,0.942715,
metric,"round_803",boundary_edge_fraction,0.0572854,
metric,"round_803",partition_load_imbalance,1,
metric,"round_803",local_queue_size,30790,
metric,"round_803",boundary_queue_size,1871,
metric,"round_803",accepted_local_collapses,64,
metric,"round_803",accepted_boundary_collapses,16,
metric,"round_803",skipped_boundary_edges,0,
metric,"round_803",rejected_conflicts,6,
metric,"round_803",repartitioned,0,
metric,"round_804",interior_edge_fraction,0.91379,
metric,"round_804",boundary_edge_fraction,0.0862096,
metric,"round_804",partition_load_imbalance,1,
metric,"round_804",local_queue_size,29626,
metric,"round_804",boundary_queue_size,2795,
metric,"round_804",accepted_local_collapses,64,
metric,"round_804",accepted_boundary_collapses,16,
metric,"round_804",skipped_boundary_edges,0,
metric,"round_804",rejected_conflicts,3,
metric,"round_804",repartitioned,0,
metric,"round_805",interior_edge_fraction,1,
metric,"round_805",boundary_edge_fraction,0,
metric,"round_805",partition_load_imbalance,1,
metric,"round_805",local_queue_size,32181,
metric,"round_805",boundary_queue_size,0,
metric,"round_805",accepted_local_collapses,64,
metric,"round_805",accepted_boundary_collapses,0,
metric,"round_805",skipped_boundary_edges,0,
metric,"round_805",rejected_conflicts,2,
metric,"round_805",repartitioned,1,
metric,"round_806",interior_edge_fraction,0.973241,
metric,"round_806",boundary_edge_fraction,0.0267592,
metric,"round_806",partition_load_imbalance,1,
metric,"round_806",local_queue_size,31133,
metric,"round_806",boundary_queue_size,856,
metric,"round_806",accepted_local_collapses,64,
metric,"round_806",accepted_boundary_collapses,16,
metric,"round_806",skipped_boundary_edges,0,
metric,"round_806",rejected_conflicts,6,
metric,"round_806",repartitioned,0,
metric,"round_807",interior_edge_fraction,0.942707,
metric,"round_807",boundary_edge_fraction,0.0572931,
metric,"round_807",partition_load_imbalance,1,
metric,"round_807",local_queue_size,29930,
metric,"round_807",boundary_queue_size,1819,
metric,"round_807",accepted_local_collapses,64,
metric,"round_807",accepted_boundary_collapses,16,
metric,"round_807",skipped_boundary_edges,0,
metric,"round_807",rejected_conflicts,6,
metric,"round_807",repartitioned,0,
metric,"round_808",interior_edge_fraction,0.911581,
metric,"round_808",boundary_edge_fraction,0.0884192,
metric,"round_808",partition_load_imbalance,1,
metric,"round_808",local_queue_size,28723,
metric,"round_808",boundary_queue_size,2786,
metric,"round_808",accepted_local_collapses,64,
metric,"round_808",accepted_boundary_collapses,16,
metric,"round_808",skipped_boundary_edges,0,
metric,"round_808",rejected_conflicts,5,
metric,"round_808",repartitioned,0,
metric,"round_809",interior_edge_fraction,1,
metric,"round_809",boundary_edge_fraction,0,
metric,"round_809",partition_load_imbalance,1,
metric,"round_809",local_queue_size,31269,
metric,"round_809",boundary_queue_size,0,
metric,"round_809",accepted_local_collapses,64,
metric,"round_809",accepted_boundary_collapses,0,
metric,"round_809",skipped_boundary_edges,0,
metric,"round_809",rejected_conflicts,2,
metric,"round_809",repartitioned,1,
metric,"round_810",interior_edge_fraction,0.971844,
metric,"round_810",boundary_edge_fraction,0.0281559,
metric,"round_810",partition_load_imbalance,1,
metric,"round_810",local_queue_size,30202,
metric,"round_810",boundary_queue_size,875,
metric,"round_810",accepted_local_collapses,64,
metric,"round_810",accepted_boundary_collapses,16,
metric,"round_810",skipped_boundary_edges,0,
metric,"round_810",rejected_conflicts,9,
metric,"round_810",repartitioned,0,
metric,"round_811",interior_edge_fraction,0.939586,
metric,"round_811",boundary_edge_fraction,0.0604144,
metric,"round_811",partition_load_imbalance,1,
metric,"round_811",local_queue_size,28974,
metric,"round_811",boundary_queue_size,1863,
metric,"round_811",accepted_local_collapses,64,
metric,"round_811",accepted_boundary_collapses,16,
metric,"round_811",skipped_boundary_edges,0,
metric,"round_811",rejected_conflicts,1,
metric,"round_811",repartitioned,0,
metric,"round_812",interior_edge_fraction,0.906756,
metric,"round_812",boundary_edge_fraction,0.0932444,
metric,"round_812",partition_load_imbalance,1,
metric,"round_812",local_queue_size,27744,
metric,"round_812",boundary_queue_size,2853,
metric,"round_812",accepted_local_collapses,64,
metric,"round_812",accepted_boundary_collapses,16,
metric,"round_812",skipped_boundary_edges,0,
metric,"round_812",rejected_conflicts,3,
metric,"round_812",repartitioned,0,
metric,"round_813",interior_edge_fraction,1,
metric,"round_813",boundary_edge_fraction,0,
metric,"round_813",partition_load_imbalance,1,
metric,"round_813",local_queue_size,30357,
metric,"round_813",boundary_queue_size,0,
metric,"round_813",accepted_local_collapses,64,
metric,"round_813",accepted_boundary_collapses,0,
metric,"round_813",skipped_boundary_edges,0,
metric,"round_813",rejected_conflicts,4,
metric,"round_813",repartitioned,1,
metric,"round_814",interior_edge_fraction,0.970661,
metric,"round_814",boundary_edge_fraction,0.0293386,
metric,"round_814",partition_load_imbalance,1,
metric,"round_814",local_queue_size,29280,
metric,"round_814",boundary_queue_size,885,
metric,"round_814",accepted_local_collapses,64,
metric,"round_814",accepted_boundary_collapses,16,
metric,"round_814",skipped_boundary_edges,0,
metric,"round_814",rejected_conflicts,7,
metric,"round_814",repartitioned,0,
metric,"round_815",interior_edge_fraction,0.93858,
metric,"round_815",boundary_edge_fraction,0.0614202,
metric,"round_815",partition_load_imbalance,1,
metric,"round_815",local_queue_size,28087,
metric,"round_815",boundary_queue_size,1838,
metric,"round_815",accepted_local_collapses,64,
metric,"round_815",accepted_boundary_collapses,16,
metric,"round_815",skipped_boundary_edges,0,
metric,"round_815",rejected_conflicts,8,
metric,"round_815",repartitioned,0,
metric,"round_816",interior_edge_fraction,0.906485,
metric,"round_816",boundary_edge_fraction,0.0935152,
metric,"round_816",partition_load_imbalance,1,
metric,"round_816",local_queue_size,26909,
metric,"round_816",boundary_queue_size,2776,
metric,"round_816",accepted_local_collapses,64,
metric,"round_816",accepted_boundary_collapses,16,
metric,"round_816",skipped_boundary_edges,0,
metric,"round_816",rejected_conflicts,5,
metric,"round_816",repartitioned,0,
metric,"round_817",interior_edge_fraction,1,
metric,"round_817",boundary_edge_fraction,0,
metric,"round_817",partition_load_imbalance,1,
metric,"round_817",local_queue_size,29445,
metric,"round_817",boundary_queue_size,0,
metric,"round_817",accepted_local_collapses,64,
metric,"round_817",accepted_boundary_collapses,0,
metric,"round_817",skipped_boundary_edges,0,
metric,"round_817",rejected_conflicts,3,
metric,"round_817",repartitioned,1,
metric,"round_818",interior_edge_fraction,0.969849,
metric,"round_818",boundary_edge_fraction,0.0301508,
metric,"round_818",partition_load_imbalance,1,
metric,"round_818",local_queue_size,28371,
metric,"round_818",boundary_queue_size,882,
metric,"round_818",accepted_local_collapses,64,
metric,"round_818",accepted_boundary_collapses,16,
metric,"round_818",skipped_boundary_edges,0,
metric,"round_818",rejected_conflicts,5,
metric,"round_818",repartitioned,0,
metric,"round_819",interior_edge_fraction,0.935098,
metric,"round_819",boundary_edge_fraction,0.0649019,
metric,"round_819",partition_load_imbalance,1,
metric,"round_819",local_queue_size,27130,
metric,"round_819",boundary_queue_size,1883,
metric,"round_819",accepted_local_collapses,64,
metric,"round_819",accepted_boundary_collapses,16,
metric,"round_819",skipped_boundary_edges,0,
metric,"round_819",rejected_conflicts,8,
metric,"round_819",repartitioned,0,
metric,"round_820",interior_edge_fraction,0.901227,
metric,"round_820",boundary_edge_fraction,0.0987732,
metric,"round_820",partition_load_imbalance,1,
metric,"round_820",local_queue_size,25931,
metric,"round_820",boundary_queue_size,2842,
metric,"round_820",accepted_local_collapses,64,
metric,"round_820",accepted_boundary_collapses,16,
metric,"round_820",skipped_boundary_edges,0,
metric,"round_820",rejected_conflicts,9,
metric,"round_820",repartitioned,0,
metric,"round_821",interior_edge_fraction,1,
metric,"round_821",boundary_edge_fraction,0,
metric,"round_821",partition_load_imbalance,1,
metric,"round_821",local_queue_size,28533,
metric,"round_821",boundary_queue_size,0,
metric,"round_821",accepted_local_collapses,64,
metric,"round_821",accepted_boundary_collapses,0,
metric,"round_821",skipped_boundary_edges,0,
metric,"round_821",rejected_conflicts,5,
metric,"round_821",repartitioned,1,
metric,"round_822",interior_edge_fraction,0.968314,
metric,"round_822",boundary_edge_fraction,0.0316855,
metric,"round_822",partition_load_imbalance,1,
metric,"round_822",local_queue_size,27443,
metric,"round_822",boundary_queue_size,898,
metric,"round_822",accepted_local_collapses,64,
metric,"round_822",accepted_boundary_collapses,16,
metric,"round_822",skipped_boundary_edges,0,
metric,"round_822",rejected_conflicts,5,
metric,"round_822",repartitioned,0,
metric,"round_823",interior_edge_fraction,0.933846,
metric,"round_823",boundary_edge_fraction,0.0661542,
metric,"round_823",partition_load_imbalance,1,
metric,"round_823",local_queue_size,26242,
metric,"round_823",boundary_queue_size,1859,
metric,"round_823",accepted_local_collapses,64,
metric,"round_823",accepted_boundary_collapses,16,
metric,"round_823",skipped_boundary_edges,0,
metric,"round_823",rejected_conflicts,7,
metric,"round_823",repartitioned,0,
metric,"round_824",interior_edge_fraction,0.899142,
metric,"round_824",boundary_edge_fraction,0.100858,
metric,"round_824",partition_load_imbalance,1,
metric,"round_824",local_queue_size,25051,
metric,"round_824",boundary_queue_size,2810,
metric,"round_824",accepted_local_collapses,64,
metric,"round_824",accepted_boundary_collapses,16,
metric,"round_824",skipped_boundary_edges,0,
metric,"round_824",rejected_conflicts,5,
metric,"round_824",repartitioned,0,
metric,"round_825",interior_edge_fraction,1,
metric,"round_825",boundary_edge_fraction,0,
metric,"round_825",partition_load_imbalance,1,
metric,"round_825",local_queue_size,27621,
metric,"round_825",boundary_queue_size,0,
metric,"round_825",accepted_local_collapses,64,
metric,"round_825",accepted_boundary_collapses,0,
metric,"round_825",skipped_boundary_edges,0,
metric,"round_825",rejected_conflicts,1,
metric,"round_825",repartitioned,1,
metric,"round_826",interior_edge_fraction,0.966605,
metric,"round_826",boundary_edge_fraction,0.0333953,
metric,"round_826",partition_load_imbalance,1,
metric,"round_826",local_queue_size,26513,
metric,"round_826",boundary_queue_size,916,
metric,"round_826",accepted_local_collapses,64,
metric,"round_826",accepted_boundary_collapses,16,
metric,"round_826",skipped_boundary_edges,0,
metric,"round_826",rejected_conflicts,7,
metric,"round_826",repartitioned,0,
metric,"round_827",interior_edge_fraction,0.930634,
metric,"round_827",boundary_edge_fraction,0.0693663,
metric,"round_827",partition_load_imbalance,1,
metric,"round_827",local_queue_size,25303,
metric,"round_827",boundary_queue_size,1886,
metric,"round_827",accepted_local_collapses,64,
metric,"round_827",accepted_boundary_collapses,16,
metric,"round_827",skipped_boundary_edges,0,
metric,"round_827",rejected_conflicts,5,
metric,"round_827",repartitioned,0,
metric,"round_828",interior_edge_fraction,0.894876,
metric,"round_828",boundary_edge_fraction,0.105124,
metric,"round_828",partition_load_imbalance,1,
metric,"round_828",local_queue_size,24116,
metric,"round_828",boundary_queue_size,2833,
metric,"round_828",accepted_local_collapses,64,
metric,"round_828",accepted_boundary_collapses,16,
metric,"round_828",skipped_boundary_edges,0,
metric,"round_828",rejected_conflicts,1,
metric,"round_828",repartitioned,0,
metric,"round_829",interior_edge_fraction,1,
metric,"round_829",boundary_edge_fraction,0,
metric,"round_829",partition_load_imbalance,1,
metric,"round_829",local_queue_size,26709,
metric,"round_829",boundary_queue_size,0,
metric,"round_829",accepted_local_collapses,64,
metric,"round_829",accepted_boundary_collapses,0,
metric,"round_829",skipped_boundary_edges,0,
metric,"round_829",rejected_conflicts,3,
metric,"round_829",repartitioned,1,
metric,"round_830",interior_edge_fraction,0.966927,
metric,"round_830",boundary_edge_fraction,0.0330731,
metric,"round_830",partition_load_imbalance,1,
metric,"round_830",local_queue_size,25640,
metric,"round_830",boundary_queue_size,877,
metric,"round_830",accepted_local_collapses,64,
metric,"round_830",accepted_boundary_collapses,16,
metric,"round_830",skipped_boundary_edges,0,
metric,"round_830",rejected_conflicts,4,
metric,"round_830",repartitioned,0,
metric,"round_831",interior_edge_fraction,0.930091,
metric,"round_831",boundary_edge_fraction,0.069909,
metric,"round_831",partition_load_imbalance,1,
metric,"round_831",local_queue_size,24440,
metric,"round_831",boundary_queue_size,1837,
metric,"round_831",accepted_local_collapses,64,
metric,"round_831",accepted_boundary_collapses,16,
metric,"round_831",skipped_boundary_edges,0,
metric,"round_831",rejected_conflicts,8,
metric,"round_831",repartitioned,0,
metric,"round_832",interior_edge_fraction,0.893306,
metric,"round_832",boundary_edge_fraction,0.106694,
metric,"round_832",partition_load_imbalance,1,
metric,"round_832",local_queue_size,23259,
metric,"round_832",boundary_queue_size,2778,
metric,"round_832",accepted_local_collapses,64,
metric,"round_832",accepted_boundary_collapses,16,
metric,"round_832",skipped_boundary_edges,0,
metric,"round_832",rejected_conflicts,2,
metric,"round_832",repartitioned,0,
metric,"round_833",interior_edge_fraction,1,
metric,"round_833",boundary_edge_fraction,0,
metric,"round_833",partition_load_imbalance,1,
metric,"round_833",local_queue_size,25797,
metric,"round_833",boundary_queue_size,0,
metric,"round_833",accepted_local_collapses,64,
metric,"round_833",accepted_boundary_collapses,0,
metric,"round_833",skipped_boundary_edges,0,
metric,"round_833",rejected_conflicts,3,
metric,"round_833",repartitioned,1,
metric,"round_834",interior_edge_fraction,0.963679,
metric,"round_834",boundary_edge_fraction,0.036321,
metric,"round_834",partition_load_imbalance,1,
metric,"round_834",local_queue_size,24675,
metric,"round_834",boundary_queue_size,930,
metric,"round_834",accepted_local_collapses,64,
metric,"round_834",accepted_boundary_collapses,16,
metric,"round_834",skipped_boundary_edges,0,
metric,"round_834",rejected_conflicts,8,
metric,"round_834",repartitioned,0,
metric,"round_835",interior_edge_fraction,0.92537,
metric,"round_835",boundary_edge_fraction,0.0746304,
metric,"round_835",partition_load_imbalance,1,
metric,"round_835",local_queue_size,23472,
metric,"round_835",boundary_queue_size,1893,
metric,"round_835",accepted_local_collapses,64,
metric,"round_835",accepted_boundary_collapses,16,
metric,"round_835",skipped_boundary_edges,0,
metric,"round_835",rejected_conflicts,2,
metric,"round_835",repartitioned,0,
metric,"round_836",interior_edge_fraction,0.887721,
metric,"round_836",boundary_edge_fraction,0.112279,
metric,"round_836",partition_load_imbalance,1,
metric,"round_836",local_queue_size,22304,
metric,"round_836",boundary_queue_size,2821,
metric,"round_836",accepted_local_collapses,64,
metric,"round_836",accepted_boundary_collapses,16,
metric,"round_836",skipped_boundary_edges,0,
metric,"round_836",rejected_conflicts,8,
metric,"round_836",repartitioned,0,
metric,"round_837",interior_edge_fraction,1,
metric,"round_837",boundary_edge_fraction,0,
metric,"round_837",partition_load_imbalance,1,
metric,"round_837",local_queue_size,24885,
metric,"round_837",boundary_queue_size,0,
metric,"round_837",accepted_local_collapses,64,
metric,"round_837",accepted_boundary_collapses,0,
metric,"round_837",skipped_boundary_edges,0,
metric,"round_837",rejected_conflicts,5,
metric,"round_837",repartitioned,1,
metric,"round_838",interior_edge_fraction,0.963593,
metric,"round_838",boundary_edge_fraction,0.0364071,
metric,"round_838",partition_load_imbalance,1,
metric,"round_838",local_queue_size,23794,
metric,"round_838",boundary_queue_size,899,
metric,"round_838",accepted_local_collapses,64,
metric,"round_838",accepted_boundary_collapses,16,
metric,"round_838",skipped_boundary_edges,0,
metric,"round_838",rejected_conflicts,9,
metric,"round_838",repartitioned,0,
metric,"round_839",interior_edge_fraction,0.923241,
metric,"round_839",boundary_edge_fraction,0.0767595,
metric,"round_839",partition_load_imbalance,1,
metric,"round_839",local_queue_size,22576,
metric,"round_839",boundary_queue_size,1877,
metric,"round_839",accepted_local_collapses,64,
metric,"round_839",accepted_boundary_collapses,16,
metric,"round_839",skipped_boundary_edges,0,
metric,"round_839",rejected_conflicts,7,
metric,"round_839",repartitioned,0,
metric,"round_840",interior_edge_fraction,0.883699,
metric,"round_840",boundary_edge_fraction,0.116301,
metric,"round_840",partition_load_imbalance,1,
metric,"round_840",local_queue_size,21397,
metric,"round_840",boundary_queue_size,2816,
metric,"round_840",accepted_local_collapses,64,
metric,"round_840",accepted_boundary_collapses,16,
metric,"round_840",skipped_boundary_edges,0,
metric,"round_840",rejected_conflicts,5,
metric,"round_840",repartitioned,0,
metric,"round_841",interior_edge_fraction,1,
metric,"round_841",boundary_edge_fraction,0,
metric,"round_841",partition_load_imbalance,1,
metric,"round_841",local_queue_size,23973,
metric,"round_841",boundary_queue_size,0,
metric,"round_841",accepted_local_collapses,64,
metric,"round_841",accepted_boundary_collapses,0,
metric,"round_841",skipped_boundary_edges,0,
metric,"round_841",rejected_conflicts,3,
metric,"round_841",repartitioned,1,
metric,"round_842",interior_edge_fraction,0.962323,
metric,"round_842",boundary_edge_fraction,0.0376771,
metric,"round_842",partition_load_imbalance,1,
metric,"round_842",local_queue_size,22885,
metric,"round_842",boundary_queue_size,896,
metric,"round_842",accepted_local_collapses,64,
metric,"round_842",accepted_boundary_collapses,16,
metric,"round_842",skipped_boundary_edges,0,
metric,"round_842",rejected_conflicts,2,
metric,"round_842",repartitioned,0,
metric,"round_843",interior_edge_fraction,0.921329,
metric,"round_843",boundary_edge_fraction,0.0786713,
metric,"round_843",partition_load_imbalance,1,
metric,"round_843",local_queue_size,21689,
metric,"round_843",boundary_queue_size,1852,
metric,"round_843",accepted_local_collapses,64,
metric,"round_843",accepted_boundary_collapses,16,
metric,"round_843",skipped_boundary_edges,0,
metric,"round_843",rejected_conflicts,10,
metric,"round_843",repartitioned,0,
metric,"round_844",interior_edge_fraction,0.879061,
metric,"round_844",boundary_edge_fraction,0.120939,
metric,"round_844",partition_load_imbalance,1,
metric,"round_844",local_queue_size,20483,
metric,"round_844",boundary_queue_size,2818,
metric,"round_844",accepted_local_collapses,64,
metric,"round_844",accepted_boundary_collapses,16,
metric,"round_844",skipped_boundary_edges,0,
metric,"round_844",rejected_conflicts,5,
metric,"round_844",repartitioned,0,
metric,"round_845",interior_edge_fraction,1,
metric,"round_845",boundary_edge_fraction,0,
metric,"round_845",partition_load_imbalance,1,
metric,"round_845",local_queue_size,23061,
metric,"round_845",boundary_queue_size,0,
metric,"round_845",accepted_local_collapses,64,
metric,"round_845",accepted_boundary_collapses,0,
metric,"round_845",skipped_boundary_edges,0,
metric,"round_845",rejected_conflicts,4,
metric,"round_845",repartitioned,1,
metric,"round_846",interior_edge_fraction,0.96082,
metric,"round_846",boundary_edge_fraction,0.0391797,
metric,"round_846",partition_load_imbalance,1,
metric,"round_846",local_queue_size,21973,
metric,"round_846",boundary_queue_size,896,
metric,"round_846",accepted_local_collapses,64,
metric,"round_846",accepted_boundary_collapses,16,
metric,"round_846",skipped_boundary_edges,0,
metric,"round_846",rejected_conflicts,8,
metric,"round_846",repartitioned,0,
metric,"round_847",interior_edge_fraction,0.917849,
metric,"round_847",boundary_edge_fraction,0.0821512,
metric,"round_847",partition_load_imbalance,1,
metric,"round_847",local_queue_size,20770,
metric,"round_847",boundary_queue_size,1859,
metric,"round_847",accepted_local_collapses,64,
metric,"round_847",accepted_boundary_collapses,16,
metric,"round_847",skipped_boundary_edges,0,
metric,"round_847",rejected_conflicts,6,
metric,"round_847",repartitioned,0,
metric,"round_848",interior_edge_fraction,0.874135,
metric,"round_848",boundary_edge_fraction,0.125865,
metric,"round_848",partition_load_imbalance,1,
metric,"round_848",local_queue_size,19571,
metric,"round_848",boundary_queue_size,2818,
metric,"round_848",accepted_local_collapses,64,
metric,"round_848",accepted_boundary_collapses,16,
metric,"round_848",skipped_boundary_edges,0,
metric,"round_848",rejected_conflicts,0,
metric,"round_848",repartitioned,0,
metric,"round_849",interior_edge_fraction,1,
metric,"round_849",boundary_edge_fraction,0,
metric,"round_849",partition_load_imbalance,1,
metric,"round_849",local_queue_size,22149,
metric,"round_849",boundary_queue_size,0,
metric,"round_849",accepted_local_collapses,64,
metric,"round_849",accepted_boundary_collapses,0,
metric,"round_849",skipped_boundary_edges,0,
metric,"round_849",rejected_conflicts,8,
metric,"round_849",repartitioned,1,
metric,"round_850",interior_edge_fraction,0.95892,
metric,"round_850",boundary_edge_fraction,0.0410803,
metric,"round_850",partition_load_imbalance,1,
metric,"round_850",local_queue_size,21055,
metric,"round_850",boundary_queue_size,902,
metric,"round_850",accepted_local_collapses,64,
metric,"round_850",accepted_boundary_collapses,16,
metric,"round_850",skipped_boundary_edges,0,
metric,"round_850",rejected_conflicts,2,
metric,"round_850",repartitioned,0,
metric,"round_851",interior_edge_fraction,0.913892,
metric,"round_851",boundary_edge_fraction,0.0861077,
metric,"round_851",partition_load_imbalance,1,
metric,"round_851",local_queue_size,19847,
metric,"round_851",boundary_queue_size,1870,
metric,"round_851",accepted_local_collapses,64,
metric,"round_851",accepted_boundary_collapses,16,
metric,"round_851",skipped_boundary_edges,0,
metric,"round_851",rejected_conflicts,8,
metric,"round_851",repartitioned,0,
metric,"round_852",interior_edge_fraction,0.86893,
metric,"round_852",boundary_edge_fraction,0.13107,
metric,"round_852",partition_load_imbalance,1,
metric,"round_852",local_queue_size,18662,
metric,"round_852",boundary_queue_size,2815,
metric,"round_852",accepted_local_collapses,64,
metric,"round_852",accepted_boundary_collapses,16,
metric,"round_852",skipped_boundary_edges,0,
metric,"round_852",rejected_conflicts,6,
metric,"round_852",repartitioned,0,
metric,"round_853",interior_edge_fraction,1,
metric,"round_853",boundary_edge_fraction,0,
metric,"round_853",partition_load_imbalance,1,
metric,"round_853",local_queue_size,21237,
metric,"round_853",boundary_queue_size,0,
metric,"round_853",accepted_local_collapses,64,
metric,"round_853",accepted_boundary_collapses,0,
metric,"round_853",skipped_boundary_edges,0,
metric,"round_853",rejected_conflicts,4,
metric,"round_853",repartitioned,1,
metric,"round_854",interior_edge_fraction,0.958042,
metric,"round_854",boundary_edge_fraction,0.0419577,
metric,"round_854",partition_load_imbalance,1,
metric,"round_854",local_queue_size,20162,
metric,"round_854",boundary_queue_size,883,
metric,"round_854",accepted_local_collapses,64,
metric,"round_854",accepted_boundary_collapses,16,
metric,"round_854",skipped_boundary_edges,0,
metric,"round_854",rejected_conflicts,4,
metric,"round_854",repartitioned,0,
metric,"round_855",interior_edge_fraction,0.909781,
metric,"round_855",boundary_edge_fraction,0.0902187,
metric,"round_855",partition_load_imbalance,1,
metric,"round_855",local_queue_size,18928,
metric,"round_855",boundary_queue_size,1877,
metric,"round_855",accepted_local_collapses,64,
metric,"round_855",accepted_boundary_collapses,16,
metric,"round_855",skipped_boundary_edges,0,
metric,"round_855",rejected_conflicts,10,
metric,"round_855",repartitioned,0,
metric,"round_856",interior_edge_fraction,0.863652,
metric,"round_856",boundary_edge_fraction,0.136348,
metric,"round_856",partition_load_imbalance,1,
metric,"round_856",local_queue_size,17761,
metric,"round_856",boundary_queue_size,2804,
metric,"round_856",accepted_local_collapses,64,
metric,"round_856",accepted_boundary_collapses,16,
metric,"round_856",skipped_boundary_edges,0,
metric,"round_856",rejected_conflicts,4,
metric,"round_856",repartitioned,0,
metric,"round_857",interior_edge_fraction,1,
metric,"round_857",boundary_edge_fraction,0,
metric,"round_857",partition_load_imbalance,1,
metric,"round_857",local_queue_size,20325,
metric,"round_857",boundary_queue_size,0,
metric,"round_857",accepted_local_collapses,64,
metric,"round_857",accepted_boundary_collapses,0,
metric,"round_857",skipped_boundary_edges,0,
metric,"round_857",rejected_conflicts,7,
metric,"round_857",repartitioned,1,
metric,"round_858",interior_edge_fraction,0.955297,
metric,"round_858",boundary_edge_fraction,0.0447027,
metric,"round_858",partition_load_imbalance,1,
metric,"round_858",local_queue_size,19233,
metric,"round_858",boundary_queue_size,900,
metric,"round_858",accepted_local_collapses,64,
metric,"round_858",accepted_boundary_collapses,16,
metric,"round_858",skipped_boundary_edges,0,
metric,"round_858",rejected_conflicts,9,
metric,"round_858",repartitioned,0,
metric,"round_859",interior_edge_fraction,0.905695,
metric,"round_859",boundary_edge_fraction,0.0943045,
metric,"round_859",partition_load_imbalance,1,
metric,"round_859",local_queue_size,18017,
metric,"round_859",boundary_queue_size,1876,
metric,"round_859",accepted_local_collapses,64,
metric,"round_859",accepted_boundary_collapses,16,
metric,"round_859",skipped_boundary_edges,0,
metric,"round_859",rejected_conflicts,6,
metric,"round_859",repartitioned,0,
metric,"round_860",interior_edge_fraction,0.857528,
metric,"round_860",boundary_edge_fraction,0.142472,
metric,"round_860",partition_load_imbalance,1,
metric,"round_860",local_queue_size,16853,
metric,"round_860",boundary_queue_size,2800,
metric,"round_860",accepted_local_collapses,64,
metric,"round_860",accepted_boundary_collapses,16,
metric,"round_860",skipped_boundary_edges,0,
metric,"round_860",rejected_conflicts,6,
metric,"round_860",repartitioned,0,
metric,"round_861",interior_edge_fraction,1,
metric,"round_861",boundary_edge_fraction,0,
metric,"round_861",partition_load_imbalance,1,
metric,"round_861",local_queue_size,19413,
metric,"round_861",boundary_queue_size,0,
metric,"round_861",accepted_local_collapses,64,
metric,"round_861",accepted_boundary_collapses,0,
metric,"round_861",skipped_boundary_edges,0,
metric,"round_861",rejected_conflicts,3,
metric,"round_861",repartitioned,1,
metric,"round_862",interior_edge_fraction,0.952344,
metric,"round_862",boundary_edge_fraction,0.0476562,
metric,"round_862",partition_load_imbalance,1,
metric,"round_862",local_queue_size,18305,
metric,"round_862",boundary_queue_size,916,
metric,"round_862",accepted_local_collapses,64,
metric,"round_862",accepted_boundary_collapses,16,
metric,"round_862",skipped_boundary_edges,0,
metric,"round_862",rejected_conflicts,11,
metric,"round_862",repartitioned,0,
metric,"round_863",interior_edge_fraction,0.901164,
metric,"round_863",boundary_edge_fraction,0.0988357,
metric,"round_863",partition_load_imbalance,1,
metric,"round_863",local_queue_size,17105,
metric,"round_863",boundary_queue_size,1876,
metric,"round_863",accepted_local_collapses,64,
metric,"round_863",accepted_boundary_collapses,16,
metric,"round_863",skipped_boundary_edges,0,
metric,"round_863",rejected_conflicts,8,
metric,"round_863",repartitioned,0,
metric,"round_864",interior_edge_fraction,0.848514,
metric,"round_864",boundary_edge_fraction,0.151486,
metric,"round_864",partition_load_imbalance,1,
metric,"round_864",local_queue_size,15902,
metric,"round_864",boundary_queue_size,2839,
metric,"round_864",accepted_local_collapses,64,
metric,"round_864",accepted_boundary_collapses,16,
metric,"round_864",skipped_boundary_edges,0,
metric,"round_864",rejected_conflicts,10,
metric,"round_864",repartitioned,0,
metric,"round_865",interior_edge_fraction,1,
metric,"round_865",boundary_edge_fraction,0,
metric,"round_865",partition_load_imbalance,1,
metric,"round_865",local_queue_size,18501,
metric,"round_865",boundary_queue_size,0,
metric,"round_865",accepted_local_collapses,64,
metric,"round_865",accepted_boundary_collapses,0,
metric,"round_865",skipped_boundary_edges,0,
metric,"round_865",rejected_conflicts,2,
metric,"round_865",repartitioned,1,
metric,"round_866",interior_edge_fraction,0.950571,
metric,"round_866",boundary_edge_fraction,0.0494292,
metric,"round_866",partition_load_imbalance,1,
metric,"round_866",local_queue_size,17404,
metric,"round_866",boundary_queue_size,905,
metric,"round_866",accepted_local_collapses,64,
metric,"round_866",accepted_boundary_collapses,16,
metric,"round_866",skipped_boundary_edges,0,
metric,"round_866",rejected_conflicts,4,
metric,"round_866",repartitioned,0,
metric,"round_867",interior_edge_fraction,0.898998,
metric,"round_867",boundary_edge_fraction,0.101002,
metric,"round_867",partition_load_imbalance,1,
metric,"round_867",local_queue_size,16244,
metric,"round_867",boundary_queue_size,1825,
metric,"round_867",accepted_local_collapses,64,
metric,"round_867",accepted_boundary_collapses,16,
metric,"round_867",skipped_boundary_edges,0,
metric,"round_867",rejected_conflicts,7,
metric,"round_867",repartitioned,0,
metric,"round_868",interior_edge_fraction,0.846318,
metric,"round_868",boundary_edge_fraction,0.153682,
metric,"round_868",partition_load_imbalance,1,
metric,"round_868",local_queue_size,15089,
metric,"round_868",boundary_queue_size,2740,
metric,"round_868",accepted_local_collapses,64,
metric,"round_868",accepted_boundary_collapses,16,
metric,"round_868",skipped_boundary_edges,0,
metric,"round_868",rejected_conflicts,10,
metric,"round_868",repartitioned,0,
metric,"round_869",interior_edge_fraction,1,
metric,"round_869",boundary_edge_fraction,0,
metric,"round_869",partition_load_imbalance,1,
metric,"round_869",local_queue_size,17589,
metric,"round_869",boundary_queue_size,0,
metric,"round_869",accepted_local_collapses,64,
metric,"round_869",accepted_boundary_collapses,0,
metric,"round_869",skipped_boundary_edges,0,
metric,"round_869",rejected_conflicts,6,
metric,"round_869",repartitioned,1,
metric,"round_870",interior_edge_fraction,0.950681,
metric,"round_870",boundary_edge_fraction,0.0493188,
metric,"round_870",partition_load_imbalance,1,
metric,"round_870",local_queue_size,16539,
metric,"round_870",boundary_queue_size,858,
metric,"round_870",accepted_local_collapses,64,
metric,"round_870",accepted_boundary_collapses,16,
metric,"round_870",skipped_boundary_edges,0,
metric,"round_870",rejected_conflicts,7,
metric,"round_870",repartitioned,0,
metric,"round_871",interior_edge_fraction,0.894271,
metric,"round_871",boundary_edge_fraction,0.105729,
metric,"round_871",partition_load_imbalance,1,
metric,"round_871",local_queue_size,15343,
metric,"round_871",boundary_queue_size,1814,
metric,"round_871",accepted_local_collapses,64,
metric,"round_871",accepted_boundary_collapses,16,
metric,"round_871",skipped_boundary_edges,0,
metric,"round_871",rejected_conflicts,3,
metric,"round_871",repartitioned,0,
metric,"round_872",interior_edge_fraction,0.838447,
metric,"round_872",boundary_edge_fraction,0.161553,
metric,"round_872",partition_load_imbalance,1,
metric,"round_872",local_queue_size,14184,
metric,"round_872",boundary_queue_size,2733,
metric,"round_872",accepted_local_collapses,64,
metric,"round_872",accepted_boundary_collapses,16,
metric,"round_872",skipped_boundary_edges,0,
metric,"round_872",rejected_conflicts,7,
metric,"round_872",repartitioned,0,
metric,"round_873",interior_edge_fraction,1,
metric,"round_873",boundary_edge_fraction,0,
metric,"round_873",partition_load_imbalance,1,
metric,"round_873",local_queue_size,16677,
metric,"round_873",boundary_queue_size,0,
metric,"round_873",accepted_local_collapses,64,
metric,"round_873",accepted_boundary_collapses,0,
metric,"round_873",skipped_boundary_edges,0,
metric,"round_873",rejected_conflicts,6,
metric,"round_873",repartitioned,1,
metric,"round_874",interior_edge_fraction,0.946618,
metric,"round_874",boundary_edge_fraction,0.0533819,
metric,"round_874",partition_load_imbalance,1,
metric,"round_874",local_queue_size,15605,
metric,"round_874",boundary_queue_size,880,
metric,"round_874",accepted_local_collapses,64,
metric,"round_874",accepted_boundary_collapses,16,
metric,"round_874",skipped_boundary_edges,0,
metric,"round_874",rejected_conflicts,6,
metric,"round_874",repartitioned,0,
metric,"round_875",interior_edge_fraction,0.887473,
metric,"round_875",boundary_edge_fraction,0.112527,
metric,"round_875",partition_load_imbalance,1,
metric,"round_875",local_queue_size,14417,
metric,"round_875",boundary_queue_size,1828,
metric,"round_875",accepted_local_collapses,64,
metric,"round_875",accepted_boundary_collapses,16,
metric,"round_875",skipped_boundary_edges,0,
metric,"round_875",rejected_conflicts,5,
metric,"round_875",repartitioned,0,
metric,"round_876",interior_edge_fraction,0.826992,
metric,"round_876",boundary_edge_fraction,0.173008,
metric,"round_876",partition_load_imbalance,1,
metric,"round_876",local_queue_size,13236,
metric,"round_876",boundary_queue_size,2769,
metric,"round_876",accepted_local_collapses,64,
metric,"round_876",accepted_boundary_collapses,16,
metric,"round_876",skipped_boundary_edges,0,
metric,"round_876",rejected_conflicts,5,
metric,"round_876",repartitioned,0,
metric,"round_877",interior_edge_fraction,1,
metric,"round_877",boundary_edge_fraction,0,
metric,"round_877",partition_load_imbalance,1,
metric,"round_877",local_queue_size,15765,
metric,"round_877",boundary_queue_size,0,
metric,"round_877",accepted_local_collapses,64,
metric,"round_877",accepted_boundary_collapses,0,
metric,"round_877",skipped_boundary_edges,0,
metric,"round_877",rejected_conflicts,6,
metric,"round_877",repartitioned,1,
metric,"round_878",interior_edge_fraction,0.94362,
metric,"round_878",boundary_edge_fraction,0.0563796,
metric,"round_878",partition_load_imbalance,1,
metric,"round_878",local_queue_size,14695,
metric,"round_878",boundary_queue_size,878,
metric,"round_878",accepted_local_collapses,64,
metric,"round_878",accepted_boundary_collapses,16,
metric,"round_878",skipped_boundary_edges,0,
metric,"round_878",rejected_conflicts,6,
metric,"round_878",repartitioned,0,
metric,"round_879",interior_edge_fraction,0.878823,
metric,"round_879",boundary_edge_fraction,0.121177,
metric,"round_879",partition_load_imbalance,1,
metric,"round_879",local_queue_size,13475,
metric,"round_879",boundary_queue_size,1858,
metric,"round_879",accepted_local_collapses,64,
metric,"round_879",accepted_boundary_collapses,16,
metric,"round_879",skipped_boundary_edges,0,
metric,"round_879",rejected_conflicts,9,
metric,"round_879",repartitioned,0,
metric,"round_880",interior_edge_fraction,0.817863,
metric,"round_880",boundary_edge_fraction,0.182137,
metric,"round_880",partition_load_imbalance,1,
metric,"round_880",local_queue_size,12344,
metric,"round_880",boundary_queue_size,2749,
metric,"round_880",accepted_local_collapses,64,
metric,"round_880",accepted_boundary_collapses,16,
metric,"round_880",skipped_boundary_edges,0,
metric,"round_880",rejected_conflicts,11,
metric,"round_880",repartitioned,0,
metric,"round_881",interior_edge_fraction,1,
metric,"round_881",boundary_edge_fraction,0,
metric,"round_881",partition_load_imbalance,1,
metric,"round_881",local_queue_size,14853,
metric,"round_881",boundary_queue_size,0,
metric,"round_881",accepted_local_collapses,64,
metric,"round_881",accepted_boundary_collapses,0,
metric,"round_881",skipped_boundary_edges,0,
metric,"round_881",rejected_conflicts,7,
metric,"round_881",repartitioned,1,
metric,"round_882",interior_edge_fraction,0.940181,
metric,"round_882",boundary_edge_fraction,0.0598186,
metric,"round_882",partition_load_imbalance,1,
metric,"round_882",local_queue_size,13784,
metric,"round_882",boundary_queue_size,877,
metric,"round_882",accepted_local_collapses,64,
metric,"round_882",accepted_boundary_collapses,16,
metric,"round_882",skipped_boundary_edges,0,
metric,"round_882",rejected_conflicts,11,
metric,"round_882",repartitioned,0,
metric,"round_883",interior_edge_fraction,0.872894,
metric,"round_883",boundary_edge_fraction,0.127106,
metric,"round_883",partition_load_imbalance,1,
metric,"round_883",local_queue_size,12588,
metric,"round_883",boundary_queue_size,1833,
metric,"round_883",accepted_local_collapses,64,
metric,"round_883",accepted_boundary_collapses,16,
metric,"round_883",skipped_boundary_edges,0,
metric,"round_883",rejected_conflicts,8,
metric,"round_883",repartitioned,0,
metric,"round_884",interior_edge_fraction,0.810521,
metric,"round_884",boundary_edge_fraction,0.189479,
metric,"round_884",partition_load_imbalance,1,
metric,"round_884",local_queue_size,11494,
metric,"round_884",boundary_queue_size,2687,
metric,"round_884",accepted_local_collapses,64,
metric,"round_884",accepted_boundary_collapses,16,
metric,"round_884",skipped_boundary_edges,0,
metric,"round_884",rejected_conflicts,8,
metric,"round_884",repartitioned,0,
metric,"round_885",interior_edge_fraction,1,
metric,"round_885",boundary_edge_fraction,0,
metric,"round_885",partition_load_imbalance,1,
metric,"round_885",local_queue_size,13941,
metric,"round_885",boundary_queue_size,0,
metric,"round_885",accepted_local_collapses,64,
metric,"round_885",accepted_boundary_collapses,0,
metric,"round_885",skipped_boundary_edges,0,
metric,"round_885",rejected_conflicts,9,
metric,"round_885",repartitioned,1,
metric,"round_886",interior_edge_fraction,0.935195,
metric,"round_886",boundary_edge_fraction,0.0648047,
metric,"round_886",partition_load_imbalance,1,
metric,"round_886",local_queue_size,12858,
metric,"round_886",boundary_queue_size,891,
metric,"round_886",accepted_local_collapses,64,
metric,"round_886",accepted_boundary_collapses,16,
metric,"round_886",skipped_boundary_edges,0,
metric,"round_886",rejected_conflicts,4,
metric,"round_886",repartitioned,0,
metric,"round_887",interior_edge_fraction,0.865497,
metric,"round_887",boundary_edge_fraction,0.134503,
metric,"round_887",partition_load_imbalance,1,
metric,"round_887",local_queue_size,11692,
metric,"round_887",boundary_queue_size,1817,
metric,"round_887",accepted_local_collapses,64,
metric,"round_887",accepted_boundary_collapses,16,
metric,"round_887",skipped_boundary_edges,0,
metric,"round_887",rejected_conflicts,4,
metric,"round_887",repartitioned,0,
metric,"round_888",interior_edge_fraction,0.793353,
metric,"round_888",boundary_edge_fraction,0.206647,
metric,"round_888",partition_load_imbalance,1,
metric,"round_888",local_queue_size,10527,
metric,"round_888",boundary_queue_size,2742,
metric,"round_888",accepted_local_collapses,64,
metric,"round_888",accepted_boundary_collapses,16,
metric,"round_888",skipped_boundary_edges,0,
metric,"round_888",rejected_conflicts,8,
metric,"round_888",repartitioned,0,
metric,"round_889",interior_edge_fraction,1,
metric,"round_889",boundary_edge_fraction,0,
metric,"round_889",partition_load_imbalance,1,
metric,"round_889",local_queue_size,13029,
metric,"round_889",boundary_queue_size,0,
metric,"round_889",accepted_local_collapses,64,
metric,"round_889",accepted_boundary_collapses,0,
metric,"round_889",skipped_boundary_edges,0,
metric,"round_889",rejected_conflicts,2,
metric,"round_889",repartitioned,1,
metric,"round_890",interior_edge_fraction,0.933006,
metric,"round_890",boundary_edge_fraction,0.0669938,
metric,"round_890",partition_load_imbalance,1,
metric,"round_890",local_queue_size,11977,
metric,"round_890",boundary_queue_size,860,
metric,"round_890",accepted_local_collapses,64,
metric,"round_890",accepted_boundary_collapses,16,
metric,"round_890",skipped_boundary_edges,0,
metric,"round_890",rejected_conflicts,7,
metric,"round_890",repartitioned,0,
metric,"round_891",interior_edge_fraction,0.856236,
metric,"round_891",boundary_edge_fraction,0.143764,
metric,"round_891",partition_load_imbalance,1,
metric,"round_891",local_queue_size,10786,
metric,"round_891",boundary_queue_size,1811,
metric,"round_891",accepted_local_collapses,64,
metric,"round_891",accepted_boundary_collapses,16,
metric,"round_891",skipped_boundary_edges,0,
metric,"round_891",rejected_conflicts,7,
metric,"round_891",repartitioned,0,
metric,"round_892",interior_edge_fraction,0.77794,
metric,"round_892",boundary_edge_fraction,0.22206,
metric,"round_892",partition_load_imbalance,1,
metric,"round_892",local_queue_size,9613,
metric,"round_892",boundary_queue_size,2744,
metric,"round_892",accepted_local_collapses,64,
metric,"round_892",accepted_boundary_collapses,16,
metric,"round_892",skipped_boundary_edges,0,
metric,"round_892",rejected_conflicts,6,
metric,"round_892",repartitioned,0,
metric,"round_893",interior_edge_fraction,1,
metric,"round_893",boundary_edge_fraction,0,
metric,"round_893",partition_load_imbalance,1,
metric,"round_893",local_queue_size,12117,
metric,"round_893",boundary_queue_size,0,
metric,"round_893",accepted_local_collapses,64,
metric,"round_893",accepted_boundary_collapses,0,
metric,"round_893",skipped_boundary_edges,0,
metric,"round_893",rejected_conflicts,7,
metric,"round_893",repartitioned,1,
metric,"round_894",interior_edge_fraction,0.925702,
metric,"round_894",boundary_edge_fraction,0.0742977,
metric,"round_894",partition_load_imbalance,1,
metric,"round_894",local_queue_size,11039,
metric,"round_894",boundary_queue_size,886,
metric,"round_894",accepted_local_collapses,64,
metric,"round_894",accepted_boundary_collapses,16,
metric,"round_894",skipped_boundary_edges,0,
metric,"round_894",rejected_conflicts,11,
metric,"round_894",repartitioned,0,
metric,"round_895",interior_edge_fraction,0.845186,
metric,"round_895",boundary_edge_fraction,0.154814,
metric,"round_895",partition_load_imbalance,1,
metric,"round_895",local_queue_size,9876,
metric,"round_895",boundary_queue_size,1809,
metric,"round_895",accepted_local_collapses,64,
metric,"round_895",accepted_boundary_collapses,16,
metric,"round_895",skipped_boundary_edges,0,
metric,"round_895",rejected_conflicts,12,
metric,"round_895",repartitioned,0,
metric,"round_896",interior_edge_fraction,0.764351,
metric,"round_896",boundary_edge_fraction,0.235649,
metric,"round_896",partition_load_imbalance,1,
metric,"round_896",local_queue_size,8748,
metric,"round_896",boundary_queue_size,2697,
metric,"round_896",accepted_local_collapses,64,
metric,"round_896",accepted_boundary_collapses,16,
metric,"round_896",skipped_boundary_edges,0,
metric,"round_896",rejected_conflicts,10,
metric,"round_896",repartitioned,0,
metric,"round_897",interior_edge_fraction,1,
metric,"round_897",boundary_edge_fraction,0,
metric,"round_897",partition_load_imbalance,1,
metric,"round_897",local_queue_size,11205,
metric,"round_897",boundary_queue_size,0,
metric,"round_897",accepted_local_collapses,64,
metric,"round_897",accepted_boundary_collapses,0,
metric,"round_897",skipped_boundary_edges,0,
metric,"round_897",rejected_conflicts,5,
metric,"round_897",repartitioned,1,
metric,"round_898",interior_edge_fraction,0.91619,
metric,"round_898",boundary_edge_fraction,0.08381,
metric,"round_898",partition_load_imbalance,1,
metric,"round_898",local_queue_size,10090,
metric,"round_898",boundary_queue_size,923,
metric,"round_898",accepted_local_collapses,64,
metric,"round_898",accepted_boundary_collapses,16,
metric,"round_898",skipped_boundary_edges,0,
metric,"round_898",rejected_conflicts,8,
metric,"round_898",repartitioned,0,
metric,"round_899",interior_edge_fraction,0.831895,
metric,"round_899",boundary_edge_fraction,0.168105,
metric,"round_899",partition_load_imbalance,1,
metric,"round_899",local_queue_size,8962,
metric,"round_899",boundary_queue_size,1811,
metric,"round_899",accepted_local_collapses,64,
metric,"round_899",accepted_boundary_collapses,16,
metric,"round_899",skipped_boundary_edges,0,
metric,"round_899",rejected_conflicts,7,
metric,"round_899",repartitioned,0,
metric,"round_900",interior_edge_fraction,0.743378,
metric,"round_900",boundary_edge_fraction,0.256622,
metric,"round_900",partition_load_imbalance,1,
metric,"round_900",local_queue_size,7830,
metric,"round_900",boundary_queue_size,2703,
metric,"round_900",accepted_local_collapses,64,
metric,"round_900",accepted_boundary_collapses,16,
metric,"round_900",skipped_boundary_edges,0,
metric,"round_900",rejected_conflicts,10,
metric,"round_900",repartitioned,0,
metric,"round_901",interior_edge_fraction,1,
metric,"round_901",boundary_edge_fraction,0,
metric,"round_901",partition_load_imbalance,1,
metric,"round_901",local_queue_size,10293,
metric,"round_901",boundary_queue_size,0,
metric,"round_901",accepted_local_collapses,64,
metric,"round_901",accepted_boundary_collapses,0,
metric,"round_901",skipped_boundary_edges,0,
metric,"round_901",rejected_conflicts,3,
metric,"round_901",repartitioned,1,
metric,"round_902",interior_edge_fraction,0.915058,
metric,"round_902",boundary_edge_fraction,0.0849421,
metric,"round_902",partition_load_imbalance,1,
metric,"round_902",local_queue_size,9243,
metric,"round_902",boundary_queue_size,858,
metric,"round_902",accepted_local_collapses,64,
metric,"round_902",accepted_boundary_collapses,16,
metric,"round_902",skipped_boundary_edges,0,
metric,"round_902",rejected_conflicts,10,
metric,"round_902",repartitioned,0,
metric,"round_903",interior_edge_fraction,0.81584,
metric,"round_903",boundary_edge_fraction,0.18416,
metric,"round_903",partition_load_imbalance,1,
metric,"round_903",local_queue_size,8045,
metric,"round_903",boundary_queue_size,1816,
metric,"round_903",accepted_local_collapses,64,
metric,"round_903",accepted_boundary_collapses,16,
metric,"round_903",skipped_boundary_edges,0,
metric,"round_903",rejected_conflicts,13,
metric,"round_903",repartitioned,0,
metric,"round_904",interior_edge_fraction,0.716558,
metric,"round_904",boundary_edge_fraction,0.283442,
metric,"round_904",partition_load_imbalance,1,
metric,"round_904",local_queue_size,6894,
metric,"round_904",boundary_queue_size,2727,
metric,"round_904",accepted_local_collapses,64,
metric,"round_904",accepted_boundary_collapses,16,
metric,"round_904",skipped_boundary_edges,0,
metric,"round_904",rejected_conflicts,12,
metric,"round_904",repartitioned,0,
metric,"round_905",interior_edge_fraction,1,
metric,"round_905",boundary_edge_fraction,0,
metric,"round_905",partition_load_imbalance,1,
metric,"round_905",local_queue_size,9381,
metric,"round_905",boundary_queue_size,0,
metric,"round_905",accepted_local_collapses,64,
metric,"round_905",accepted_boundary_collapses,0,
metric,"round_905",skipped_boundary_edges,0,
metric,"round_905",rejected_conflicts,13,
metric,"round_905",repartitioned,1,
metric,"round_906",interior_edge_fraction,0.904342,
metric,"round_906",boundary_edge_fraction,0.0956579,
metric,"round_906",partition_load_imbalance,1,
metric,"round_906",local_queue_size,8310,
metric,"round_906",boundary_queue_size,879,
metric,"round_906",accepted_local_collapses,64,
metric,"round_906",accepted_boundary_collapses,16,
metric,"round_906",skipped_boundary_edges,0,
metric,"round_906",rejected_conflicts,20,
metric,"round_906",repartitioned,0,
metric,"round_907",interior_edge_fraction,0.796737,
metric,"round_907",boundary_edge_fraction,0.203263,
metric,"round_907",partition_load_imbalance,1,
metric,"round_907",local_queue_size,7130,
metric,"round_907",boundary_queue_size,1819,
metric,"round_907",accepted_local_collapses,64,
metric,"round_907",accepted_boundary_collapses,16,
metric,"round_907",skipped_boundary_edges,0,
metric,"round_907",rejected_conflicts,18,
metric,"round_907",repartitioned,0,
metric,"round_908",interior_edge_fraction,0.694798,
metric,"round_908",boundary_edge_fraction,0.305202,
metric,"round_908",partition_load_imbalance,1,
metric,"round_908",local_queue_size,6051,
metric,"round_908",boundary_queue_size,2658,
metric,"round_908",accepted_local_collapses,64,
metric,"round_908",accepted_boundary_collapses,16,
metric,"round_908",skipped_boundary_edges,0,
metric,"round_908",rejected_conflicts,15,
metric,"round_908",repartitioned,0,
metric,"round_909",interior_edge_fraction,1,
metric,"round_909",boundary_edge_fraction,0,
metric,"round_909",partition_load_imbalance,1,
metric,"round_909",local_queue_size,8469,
metric,"round_909",boundary_queue_size,0,
metric,"round_909",accepted_local_collapses,64,
metric,"round_909",accepted_boundary_collapses,0,
metric,"round_909",skipped_boundary_edges,0,
metric,"round_909",rejected_conflicts,11,
metric,"round_909",repartitioned,1,
metric,"round_910",interior_edge_fraction,0.896581,
metric,"round_910",boundary_edge_fraction,0.103419,
metric,"round_910",partition_load_imbalance,1,
metric,"round_910",local_queue_size,7421,
metric,"round_910",boundary_queue_size,856,
metric,"round_910",accepted_local_collapses,64,
metric,"round_910",accepted_boundary_collapses,16,
metric,"round_910",skipped_boundary_edges,0,
metric,"round_910",rejected_conflicts,13,
metric,"round_910",repartitioned,0,
metric,"round_911",interior_edge_fraction,0.780391,
metric,"round_911",boundary_edge_fraction,0.219609,
metric,"round_911",partition_load_imbalance,1,
metric,"round_911",local_queue_size,6272,
metric,"round_911",boundary_queue_size,1765,
metric,"round_911",accepted_local_collapses,64,
metric,"round_911",accepted_boundary_collapses,16,
metric,"round_911",skipped_boundary_edges,0,
metric,"round_911",rejected_conflicts,15,
metric,"round_911",repartitioned,0,
metric,"round_912",interior_edge_fraction,0.66936,
metric,"round_912",boundary_edge_fraction,0.33064,
metric,"round_912",partition_load_imbalance,1,
metric,"round_912",local_queue_size,5219,
metric,"round_912",boundary_queue_size,2578,
metric,"round_912",accepted_local_collapses,64,
metric,"round_912",accepted_boundary_collapses,16,
metric,"round_912",skipped_boundary_edges,0,
metric,"round_912",rejected_conflicts,13,
metric,"round_912",repartitioned,0,
metric,"round_913",interior_edge_fraction,1,
metric,"round_913",boundary_edge_fraction,0,
metric,"round_913",partition_load_imbalance,1,
metric,"round_913",local_queue_size,7557,
metric,"round_913",boundary_queue_size,0,
metric,"round_913",accepted_local_collapses,64,
metric,"round_913",accepted_boundary_collapses,0,
metric,"round_913",skipped_boundary_edges,0,
metric,"round_913",rejected_conflicts,11,
metric,"round_913",repartitioned,1,
metric,"round_914",interior_edge_fraction,0.878887,
metric,"round_914",boundary_edge_fraction,0.121113,
metric,"round_914",partition_load_imbalance,1,
metric,"round_914",local_queue_size,6473,
metric,"round_914",boundary_queue_size,892,
metric,"round_914",accepted_local_collapses,64,
metric,"round_914",accepted_boundary_collapses,16,
metric,"round_914",skipped_boundary_edges,0,
metric,"round_914",rejected_conflicts,21,
metric,"round_914",repartitioned,0,
metric,"round_915",interior_edge_fraction,0.748211,
metric,"round_915",boundary_edge_fraction,0.251789,
metric,"round_915",partition_load_imbalance,1,
metric,"round_915",local_queue_size,5331,
metric,"round_915",boundary_queue_size,1794,
metric,"round_915",accepted_local_collapses,64,
metric,"round_915",accepted_boundary_collapses,16,
metric,"round_915",skipped_boundary_edges,0,
metric,"round_915",rejected_conflicts,21,
metric,"round_915",repartitioned,0,
metric,"round_916",interior_edge_fraction,0.619753,
metric,"round_916",boundary_edge_fraction,0.380247,
metric,"round_916",partition_load_imbalance,1,
metric,"round_916",local_queue_size,4267,
metric,"round_916",boundary_queue_size,2618,
metric,"round_916",accepted_local_collapses,64,
metric,"round_916",accepted_boundary_collapses,16,
metric,"round_916",skipped_boundary_edges,0,
metric,"round_916",rejected_conflicts,15,
metric,"round_916",repartitioned,0,
metric,"round_917",interior_edge_fraction,1,
metric,"round_917",boundary_edge_fraction,0,
metric,"round_917",partition_load_imbalance,1,
metric,"round_917",local_queue_size,6645,
metric,"round_917",boundary_queue_size,0,
metric,"round_917",accepted_local_collapses,64,
metric,"round_917",accepted_boundary_collapses,0,
metric,"round_917",skipped_boundary_edges,0,
metric,"round_917",rejected_conflicts,6,
metric,"round_917",repartitioned,1,
metric,"round_918",interior_edge_fraction,0.865334,
metric,"round_918",boundary_edge_fraction,0.134666,
metric,"round_918",partition_load_imbalance,1,
metric,"round_918",local_queue_size,5584,
metric,"round_918",boundary_queue_size,869,
metric,"round_918",accepted_local_collapses,64,
metric,"round_918",accepted_boundary_collapses,16,
metric,"round_918",skipped_boundary_edges,0,
metric,"round_918",rejected_conflicts,11,
metric,"round_918",repartitioned,0,
metric,"round_919",interior_edge_fraction,0.717528,
metric,"round_919",boundary_edge_fraction,0.282472,
metric,"round_919",partition_load_imbalance,1,
metric,"round_919",local_queue_size,4458,
metric,"round_919",boundary_queue_size,1755,
metric,"round_919",accepted_local_collapses,64,
metric,"round_919",accepted_boundary_collapses,16,
metric,"round_919",skipped_boundary_edges,0,
metric,"round_919",rejected_conflicts,18,
metric,"round_919",repartitioned,0,
metric,"round_920",interior_edge_fraction,0.578101,
metric,"round_920",boundary_edge_fraction,0.421899,
metric,"round_920",partition_load_imbalance,1,
metric,"round_920",local_queue_size,3453,
metric,"round_920",boundary_queue_size,2520,
metric,"round_920",accepted_local_collapses,64,
metric,"round_920",accepted_boundary_collapses,16,
metric,"round_920",skipped_boundary_edges,0,
metric,"round_920",rejected_conflicts,21,
metric,"round_920",repartitioned,0,
metric,"round_921",interior_edge_fraction,1,
metric,"round_921",boundary_edge_fraction,0,
metric,"round_921",partition_load_imbalance,1,
metric,"round_921",local_queue_size,5733,
metric,"round_921",boundary_queue_size,0,
metric,"round_921",accepted_local_collapses,64,
metric,"round_921",accepted_boundary_collapses,0,
metric,"round_921",skipped_boundary_edges,0,
metric,"round_921",rejected_conflicts,11,
metric,"round_921",repartitioned,1,
metric,"round_922",interior_edge_fraction,0.842267,
metric,"round_922",boundary_edge_fraction,0.157733,
metric,"round_922",partition_load_imbalance,1,
metric,"round_922",local_queue_size,4667,
metric,"round_922",boundary_queue_size,874,
metric,"round_922",accepted_local_collapses,64,
metric,"round_922",accepted_boundary_collapses,16,
metric,"round_922",skipped_boundary_edges,0,
metric,"round_922",rejected_conflicts,12,
metric,"round_922",repartitioned,0,
metric,"round_923",interior_edge_fraction,0.679872,
metric,"round_923",boundary_edge_fraction,0.320128,
metric,"round_923",partition_load_imbalance,1,
metric,"round_923",local_queue_size,3604,
metric,"round_923",boundary_queue_size,1697,
metric,"round_923",accepted_local_collapses,64,
metric,"round_923",accepted_boundary_collapses,16,
metric,"round_923",skipped_boundary_edges,0,
metric,"round_923",rejected_conflicts,22,
metric,"round_923",repartitioned,0,
metric,"round_924",interior_edge_fraction,0.52954,
metric,"round_924",boundary_edge_fraction,0.47046,
metric,"round_924",partition_load_imbalance,1,
metric,"round_924",local_queue_size,2680,
metric,"round_924",boundary_queue_size,2381,
metric,"round_924",accepted_local_collapses,64,
metric,"round_924",accepted_boundary_collapses,16,
metric,"round_924",skipped_boundary_edges,0,
metric,"round_924",rejected_conflicts,21,
metric,"round_924",repartitioned,0,
metric,"round_925",interior_edge_fraction,1,
metric,"round_925",boundary_edge_fraction,0,
metric,"round_925",partition_load_imbalance,1,
metric,"round_925",local_queue_size,4821,
metric,"round_925",boundary_queue_size,0,
metric,"round_925",accepted_local_collapses,64,
metric,"round_925",accepted_boundary_collapses,0,
metric,"round_925",skipped_boundary_edges,0,
metric,"round_925",rejected_conflicts,14,
metric,"round_925",repartitioned,1,
metric,"round_926",interior_edge_fraction,0.81011,
metric,"round_926",boundary_edge_fraction,0.18989,
metric,"round_926",partition_load_imbalance,1,
metric,"round_926",local_queue_size,3750,
metric,"round_926",boundary_queue_size,879,
metric,"round_926",accepted_local_collapses,64,
metric,"round_926",accepted_boundary_collapses,16,
metric,"round_926",skipped_boundary_edges,0,
metric,"round_926",rejected_conflicts,30,
metric,"round_926",repartitioned,0,
metric,"round_927",interior_edge_fraction,0.606744,
metric,"round_927",boundary_edge_fraction,0.393256,
metric,"round_927",partition_load_imbalance,1,
metric,"round_927",local_queue_size,2663,
metric,"round_927",boundary_queue_size,1726,
metric,"round_927",accepted_local_collapses,64,
metric,"round_927",accepted_boundary_collapses,16,
metric,"round_927",skipped_boundary_edges,0,
metric,"round_927",rejected_conflicts,29,
metric,"round_927",repartitioned,0,
metric,"round_928",interior_edge_fraction,1,
metric,"round_928",boundary_edge_fraction,0,
metric,"round_928",partition_load_imbalance,1,
metric,"round_928",local_queue_size,4149,
metric,"round_928",boundary_queue_size,0,
metric,"round_928",accepted_local_collapses,64,
metric,"round_928",accepted_boundary_collapses,0,
metric,"round_928",skipped_boundary_edges,0,
metric,"round_928",rejected_conflicts,24,
metric,"round_928",repartitioned,1,
metric,"round_929",interior_edge_fraction,0.784685,
metric,"round_929",boundary_edge_fraction,0.215315,
metric,"round_929",partition_load_imbalance,1,
metric,"round_929",local_queue_size,3105,
metric,"round_929",boundary_queue_size,852,
metric,"round_929",accepted_local_collapses,64,
metric,"round_929",accepted_boundary_collapses,16,
metric,"round_929",skipped_boundary_edges,0,
metric,"round_929",rejected_conflicts,35,
metric,"round_929",repartitioned,0,
metric,"round_930",interior_edge_fraction,0.55152,
metric,"round_930",boundary_edge_fraction,0.44848,
metric,"round_930",partition_load_imbalance,1,
metric,"round_930",local_queue_size,2050,
metric,"round_930",boundary_queue_size,1667,
metric,"round_930",accepted_local_collapses,64,
metric,"round_930",accepted_boundary_collapses,16,
metric,"round_930",skipped_boundary_edges,0,
metric,"round_930",rejected_conflicts,38,
metric,"round_930",repartitioned,0,
metric,"round_931",interior_edge_fraction,1,
metric,"round_931",boundary_edge_fraction,0,
metric,"round_931",partition_load_imbalance,1,
metric,"round_931",local_queue_size,3477,
metric,"round_931",boundary_queue_size,0,
metric,"round_931",accepted_local_collapses,64,
metric,"round_931",accepted_boundary_collapses,0,
metric,"round_931",skipped_boundary_edges,0,
metric,"round_931",rejected_conflicts,31,
metric,"round_931",repartitioned,1,
metric,"round_932",interior_edge_fraction,0.744901,
metric,"round_932",boundary_edge_fraction,0.255099,
metric,"round_932",partition_load_imbalance,1,
metric,"round_932",local_queue_size,2447,
metric,"round_932",boundary_queue_size,838,
metric,"round_932",accepted_local_collapses,64,
metric,"round_932",accepted_boundary_collapses,16,
metric,"round_932",skipped_boundary_edges,0,
metric,"round_932",rejected_conflicts,48,
metric,"round_932",repartitioned,0,
metric,"round_933",interior_edge_fraction,0.465353,
metric,"round_933",boundary_edge_fraction,0.534647,
metric,"round_933",partition_load_imbalance,1,
metric,"round_933",local_queue_size,1417,
metric,"round_933",boundary_queue_size,1628,
metric,"round_933",accepted_local_collapses,64,
metric,"round_933",accepted_boundary_collapses,16,
metric,"round_933",skipped_boundary_edges,0,
metric,"round_933",rejected_conflicts,75,
metric,"round_933",repartitioned,0,
metric,"round_934",interior_edge_fraction,1,
metric,"round_934",boundary_edge_fraction,0,
metric,"round_934",partition_load_imbalance,1,
metric,"round_934",local_queue_size,2805,
metric,"round_934",boundary_queue_size,0,
metric,"round_934",accepted_local_collapses,64,
metric,"round_934",accepted_boundary_collapses,0,
metric,"round_934",skipped_boundary_edges,0,
metric,"round_934",rejected_conflicts,47,
metric,"round_934",repartitioned,1,
metric,"round_935",interior_edge_fraction,0.681975,
metric,"round_935",boundary_edge_fraction,0.318025,
metric,"round_935",partition_load_imbalance,1,
metric,"round_935",local_queue_size,1782,
metric,"round_935",boundary_queue_size,831,
metric,"round_935",accepted_local_collapses,64,
metric,"round_935",accepted_boundary_collapses,16,
metric,"round_935",skipped_boundary_edges,0,
metric,"round_935",rejected_conflicts,50,
metric,"round_935",repartitioned,0,
metric,"round_936",interior_edge_fraction,0.346397,
metric,"round_936",boundary_edge_fraction,0.653603,
metric,"round_936",partition_load_imbalance,1,
metric,"round_936",local_queue_size,822,
metric,"round_936",boundary_queue_size,1551,
metric,"round_936",accepted_local_collapses,64,
metric,"round_936",accepted_boundary_collapses,16,
metric,"round_936",skipped_boundary_edges,0,
metric,"round_936",rejected_conflicts,82,
metric,"round_936",repartitioned,0,
metric,"round_937",interior_edge_fraction,1,
metric,"round_937",boundary_edge_fraction,0,
metric,"round_937",partition_load_imbalance,1,
metric,"round_937",local_queue_size,2133,
metric,"round_937",boundary_queue_size,0,
metric,"round_937",accepted_local_collapses,64,
metric,"round_937",accepted_boundary_collapses,0,
metric,"round_937",skipped_boundary_edges,0,
metric,"round_937",rejected_conflicts,39,
metric,"round_937",repartitioned,1,
metric,"round_938",interior_edge_fraction,0.586296,
metric,"round_938",boundary_edge_fraction,0.413704,
metric,"round_938",partition_load_imbalance,1,
metric,"round_938",local_queue_size,1138,
metric,"round_938",boundary_queue_size,803,
metric,"round_938",accepted_local_collapses,64,
metric,"round_938",accepted_boundary_collapses,16,
metric,"round_938",skipped_boundary_edges,0,
metric,"round_938",rejected_conflicts,59,
metric,"round_938",repartitioned,0,
metric,"round_939",interior_edge_fraction,1,
metric,"round_939",boundary_edge_fraction,0,
metric,"round_939",partition_load_imbalance,1,
metric,"round_939",local_queue_size,1701,
metric,"round_939",boundary_queue_size,0,
metric,"round_939",accepted_local_collapses,64,
metric,"round_939",accepted_boundary_collapses,0,
metric,"round_939",skipped_boundary_edges,0,
metric,"round_939",rejected_conflicts,128,
metric,"round_939",repartitioned,1,
metric,"round_940",interior_edge_fraction,0.453943,
metric,"round_940",boundary_edge_fraction,0.546057,
metric,"round_940",partition_load_imbalance,1,
metric,"round_940",local_queue_size,685,
metric,"round_940",boundary_queue_size,824,
metric,"round_940",accepted_local_collapses,64,
metric,"round_940",accepted_boundary_collapses,16,
metric,"round_940",skipped_boundary_edges,0,
metric,"round_940",rejected_conflicts,209,
metric,"round_940",repartitioned,0,
metric,"round_941",interior_edge_fraction,1,
metric,"round_941",boundary_edge_fraction,0,
metric,"round_941",partition_load_imbalance,1,
metric,"round_941",local_queue_size,1269,
metric,"round_941",boundary_queue_size,0,
metric,"round_941",accepted_local_collapses,64,
metric,"round_941",accepted_boundary_collapses,0,
metric,"round_941",skipped_boundary_edges,0,
metric,"round_941",rejected_conflicts,203,
metric,"round_941",repartitioned,1,
metric,"round_942",interior_edge_fraction,0.31662,
metric,"round_942",boundary_edge_fraction,0.68338,
metric,"round_942",partition_load_imbalance,1,
metric,"round_942",local_queue_size,341,
metric,"round_942",boundary_queue_size,736,
metric,"round_942",accepted_local_collapses,2,
metric,"round_942",accepted_boundary_collapses,0,
metric,"round_942",skipped_boundary_edges,0,
metric,"round_942",rejected_conflicts,296,
metric,"round_942",repartitioned,0,
