kind,scope,name,numeric_value,text_value
metadata,run,mode,,"partitioned_batch"
metadata,run,input_path,,"/afs/andrew.cmu.edu/usr20/eugenel/private/15418/mesh-simplification/bunny.obj"
metadata,run,output_path,,"./qes_batch/partitioned_batch/bunny_r0p5_t2.obj"
metadata,run,target_vertex_fraction,0.005,
metadata,run,threads,2,
metadata,run,partitions,2,
metadata,run,batch_size,64,
metadata,run,repartition_every,0,
phase,total,mesh_load_seconds,0.11452,
phase,total,"half_edge_build_seconds",0.251452,
phase,total,"initial_quadrics_seconds",0.0690528,
phase,total,"initial_queue_build_seconds",0.283278,
phase,total,"partition_build_seconds",9.02039,
phase,total,"local_selection_seconds",1.28921,
phase,total,"boundary_repair_seconds",4.61071,
phase,total,"queue_refresh_seconds",96.7528,
phase,total,mesh_write_seconds,0.00538561,
phase,total,total_seconds,133.972,
metric,summary,"initial_vertex_count",72027,
metric,summary,"initial_face_count",144046,
metric,summary,"target_vertex_count",361,
metric,summary,"final_vertex_count",361,
metric,summary,"final_face_count",714,
metric,summary,"requested_threads",2,
metric,summary,"requested_partitions",2,
metric,summary,"accepted_collapses",71666,
metric,summary,"accepted_local_collapses",64540,
metric,summary,"accepted_boundary_collapses",7126,
metric,summary,"skipped_boundary_edges",0,
metric,summary,"rejected_conflicts",123280,
metric,summary,"repartition_count",471,
metric,summary,"queue_refresh_count",515,
metric,summary,"round_count",516,
metric,summary,"interior_edge_fraction_avg",0.986177,
metric,summary,"boundary_edge_fraction_avg",0.0138226,
metric,summary,"local_queue_size_avg",105800,
metric,summary,"boundary_queue_size_avg",517.961,
metric,summary,"partition_load_imbalance_avg",30.9018,
metric,summary,"partition_load_imbalance_max",2164.35,
metric,"round_0",interior_edge_fraction,0.99316,
metric,"round_0",boundary_edge_fraction,0.00684041,
metric,"round_0",partition_load_imbalance,1.6937,
metric,"round_0",local_queue_size,214591,
metric,"round_0",boundary_queue_size,1478,
metric,"round_0",accepted_local_collapses,128,
metric,"round_0",accepted_boundary_collapses,32,
metric,"round_0",skipped_boundary_edges,0,
metric,"round_0",rejected_conflicts,151,
metric,"round_0",repartitioned,1,
metric,"round_1",interior_edge_fraction,0.993228,
metric,"round_1",boundary_edge_fraction,0.00677215,
metric,"round_1",partition_load_imbalance,1.69643,
metric,"round_1",local_queue_size,214129,
metric,"round_1",boundary_queue_size,1460,
metric,"round_1",accepted_local_collapses,128,
metric,"round_1",accepted_boundary_collapses,32,
metric,"round_1",skipped_boundary_edges,0,
metric,"round_1",rejected_conflicts,82,
metric,"round_1",repartitioned,1,
metric,"round_2",interior_edge_fraction,0.993287,
metric,"round_2",boundary_edge_fraction,0.00671288,
metric,"round_2",partition_load_imbalance,1.69823,
metric,"round_2",local_queue_size,213665,
metric,"round_2",boundary_queue_size,1444,
metric,"round_2",accepted_local_collapses,128,
metric,"round_2",accepted_boundary_collapses,32,
metric,"round_2",skipped_boundary_edges,0,
metric,"round_2",rejected_conflicts,46,
metric,"round_2",repartitioned,1,
metric,"round_3",interior_edge_fraction,0.993412,
metric,"round_3",boundary_edge_fraction,0.00658811,
metric,"round_3",partition_load_imbalance,1.70002,
metric,"round_3",local_queue_size,213215,
metric,"round_3",boundary_queue_size,1414,
metric,"round_3",accepted_local_collapses,128,
metric,"round_3",accepted_boundary_collapses,32,
metric,"round_3",skipped_boundary_edges,0,
metric,"round_3",rejected_conflicts,56,
metric,"round_3",repartitioned,1,
metric,"round_4",interior_edge_fraction,0.993584,
metric,"round_4",boundary_edge_fraction,0.00641609,
metric,"round_4",partition_load_imbalance,1.70173,
metric,"round_4",local_queue_size,212775,
metric,"round_4",boundary_queue_size,1374,
metric,"round_4",accepted_local_collapses,128,
metric,"round_4",accepted_boundary_collapses,32,
metric,"round_4",skipped_boundary_edges,0,
metric,"round_4",rejected_conflicts,28,
metric,"round_4",repartitioned,1,
metric,"round_5",interior_edge_fraction,0.993672,
metric,"round_5",boundary_edge_fraction,0.00632754,
metric,"round_5",partition_load_imbalance,1.70395,
metric,"round_5",local_queue_size,212317,
metric,"round_5",boundary_queue_size,1352,
metric,"round_5",accepted_local_collapses,128,
metric,"round_5",accepted_boundary_collapses,32,
metric,"round_5",skipped_boundary_edges,0,
metric,"round_5",rejected_conflicts,29,
metric,"round_5",repartitioned,1,
metric,"round_6",interior_edge_fraction,0.993846,
metric,"round_6",boundary_edge_fraction,0.00615416,
metric,"round_6",partition_load_imbalance,1.70572,
metric,"round_6",local_queue_size,211877,
metric,"round_6",boundary_queue_size,1312,
metric,"round_6",accepted_local_collapses,128,
metric,"round_6",accepted_boundary_collapses,32,
metric,"round_6",skipped_boundary_edges,0,
metric,"round_6",rejected_conflicts,27,
metric,"round_6",repartitioned,1,
metric,"round_7",interior_edge_fraction,0.994058,
metric,"round_7",boundary_edge_fraction,0.00594239,
metric,"round_7",partition_load_imbalance,1.70702,
metric,"round_7",local_queue_size,211445,
metric,"round_7",boundary_queue_size,1264,
metric,"round_7",accepted_local_collapses,128,
metric,"round_7",accepted_boundary_collapses,32,
metric,"round_7",skipped_boundary_edges,0,
metric,"round_7",rejected_conflicts,21,
metric,"round_7",repartitioned,1,
metric,"round_8",interior_edge_fraction,0.994167,
metric,"round_8",boundary_edge_fraction,0.00583332,
metric,"round_8",partition_load_imbalance,1.70876,
metric,"round_8",local_queue_size,210991,
metric,"round_8",boundary_queue_size,1238,
metric,"round_8",accepted_local_collapses,128,
metric,"round_8",accepted_boundary_collapses,32,
metric,"round_8",skipped_boundary_edges,0,
metric,"round_8",rejected_conflicts,21,
metric,"round_8",repartitioned,1,
metric,"round_9",interior_edge_fraction,0.994361,
metric,"round_9",boundary_edge_fraction,0.00563875,
metric,"round_9",partition_load_imbalance,1.71093,
metric,"round_9",local_queue_size,210555,
metric,"round_9",boundary_queue_size,1194,
metric,"round_9",accepted_local_collapses,128,
metric,"round_9",accepted_boundary_collapses,32,
metric,"round_9",skipped_boundary_edges,0,
metric,"round_9",rejected_conflicts,26,
metric,"round_9",repartitioned,1,
metric,"round_10",interior_edge_fraction,0.994396,
metric,"round_10",boundary_edge_fraction,0.00560423,
metric,"round_10",partition_load_imbalance,1.7134,
metric,"round_10",local_queue_size,210085,
metric,"round_10",boundary_queue_size,1184,
metric,"round_10",accepted_local_collapses,128,
metric,"round_10",accepted_boundary_collapses,32,
metric,"round_10",skipped_boundary_edges,0,
metric,"round_10",rejected_conflicts,23,
metric,"round_10",repartitioned,1,
metric,"round_11",interior_edge_fraction,0.994497,
metric,"round_11",boundary_edge_fraction,0.00550313,
metric,"round_11",partition_load_imbalance,1.71526,
metric,"round_11",local_queue_size,209629,
metric,"round_11",boundary_queue_size,1160,
metric,"round_11",accepted_local_collapses,128,
metric,"round_11",accepted_boundary_collapses,32,
metric,"round_11",skipped_boundary_edges,0,
metric,"round_11",rejected_conflicts,22,
metric,"round_11",repartitioned,1,
metric,"round_12",interior_edge_fraction,0.994713,
metric,"round_12",boundary_edge_fraction,0.00528746,
metric,"round_12",partition_load_imbalance,1.71737,
metric,"round_12",local_queue_size,209197,
metric,"round_12",boundary_queue_size,1112,
metric,"round_12",accepted_local_collapses,128,
metric,"round_12",accepted_boundary_collapses,32,
metric,"round_12",skipped_boundary_edges,0,
metric,"round_12",rejected_conflicts,19,
metric,"round_12",repartitioned,1,
metric,"round_13",interior_edge_fraction,0.994872,
metric,"round_13",boundary_edge_fraction,0.00512799,
metric,"round_13",partition_load_imbalance,1.71987,
metric,"round_13",local_queue_size,208753,
metric,"round_13",boundary_queue_size,1076,
metric,"round_13",accepted_local_collapses,128,
metric,"round_13",accepted_boundary_collapses,32,
metric,"round_13",skipped_boundary_edges,0,
metric,"round_13",rejected_conflicts,22,
metric,"round_13",repartitioned,1,
metric,"round_14",interior_edge_fraction,0.995023,
metric,"round_14",boundary_edge_fraction,0.00497733,
metric,"round_14",partition_load_imbalance,1.72194,
metric,"round_14",local_queue_size,208307,
metric,"round_14",boundary_queue_size,1042,
metric,"round_14",accepted_local_collapses,128,
metric,"round_14",accepted_boundary_collapses,32,
metric,"round_14",skipped_boundary_edges,0,
metric,"round_14",rejected_conflicts,22,
metric,"round_14",repartitioned,1,
metric,"round_15",interior_edge_fraction,0.99516,
metric,"round_15",boundary_edge_fraction,0.00484035,
metric,"round_15",partition_load_imbalance,1.72436,
metric,"round_15",local_queue_size,207858,
metric,"round_15",boundary_queue_size,1011,
metric,"round_15",accepted_local_collapses,128,
metric,"round_15",accepted_boundary_collapses,32,
metric,"round_15",skipped_boundary_edges,0,
metric,"round_15",rejected_conflicts,32,
metric,"round_15",repartitioned,1,
metric,"round_16",interior_edge_fraction,0.995369,
metric,"round_16",boundary_edge_fraction,0.00463076,
metric,"round_16",partition_load_imbalance,1.72657,
metric,"round_16",local_queue_size,207424,
metric,"round_16",boundary_queue_size,965,
metric,"round_16",accepted_local_collapses,128,
metric,"round_16",accepted_boundary_collapses,32,
metric,"round_16",skipped_boundary_edges,0,
metric,"round_16",rejected_conflicts,18,
metric,"round_16",repartitioned,1,
metric,"round_17",interior_edge_fraction,0.995522,
metric,"round_17",boundary_edge_fraction,0.00447792,
metric,"round_17",partition_load_imbalance,1.72835,
metric,"round_17",local_queue_size,206978,
metric,"round_17",boundary_queue_size,931,
metric,"round_17",accepted_local_collapses,128,
metric,"round_17",accepted_boundary_collapses,32,
metric,"round_17",skipped_boundary_edges,0,
metric,"round_17",rejected_conflicts,19,
metric,"round_17",repartitioned,1,
metric,"round_18",interior_edge_fraction,0.995738,
metric,"round_18",boundary_edge_fraction,0.0042617,
metric,"round_18",partition_load_imbalance,1.7306,
metric,"round_18",local_queue_size,206545,
metric,"round_18",boundary_queue_size,884,
metric,"round_18",accepted_local_collapses,128,
metric,"round_18",accepted_boundary_collapses,32,
metric,"round_18",skipped_boundary_edges,0,
metric,"round_18",rejected_conflicts,26,
metric,"round_18",repartitioned,1,
metric,"round_19",interior_edge_fraction,0.995873,
metric,"round_19",boundary_edge_fraction,0.00412662,
metric,"round_19",partition_load_imbalance,1.73274,
metric,"round_19",local_queue_size,206095,
metric,"round_19",boundary_queue_size,854,
metric,"round_19",accepted_local_collapses,128,
metric,"round_19",accepted_boundary_collapses,32,
metric,"round_19",skipped_boundary_edges,0,
metric,"round_19",rejected_conflicts,31,
metric,"round_19",repartitioned,1,
metric,"round_20",interior_edge_fraction,0.996019,
metric,"round_20",boundary_edge_fraction,0.00398123,
metric,"round_20",partition_load_imbalance,1.73478,
metric,"round_20",local_queue_size,205647,
metric,"round_20",boundary_queue_size,822,
metric,"round_20",accepted_local_collapses,128,
metric,"round_20",accepted_boundary_collapses,32,
metric,"round_20",skipped_boundary_edges,0,
metric,"round_20",rejected_conflicts,20,
metric,"round_20",repartitioned,1,
metric,"round_21",interior_edge_fraction,0.996097,
metric,"round_21",boundary_edge_fraction,0.00390312,
metric,"round_21",partition_load_imbalance,1.73733,
metric,"round_21",local_queue_size,205185,
metric,"round_21",boundary_queue_size,804,
metric,"round_21",accepted_local_collapses,128,
metric,"round_21",accepted_boundary_collapses,32,
metric,"round_21",skipped_boundary_edges,0,
metric,"round_21",rejected_conflicts,30,
metric,"round_21",repartitioned,1,
metric,"round_22",interior_edge_fraction,0.996214,
metric,"round_22",boundary_edge_fraction,0.00378572,
metric,"round_22",partition_load_imbalance,1.73965,
metric,"round_22",local_queue_size,204731,
metric,"round_22",boundary_queue_size,778,
metric,"round_22",accepted_local_collapses,128,
metric,"round_22",accepted_boundary_collapses,32,
metric,"round_22",skipped_boundary_edges,0,
metric,"round_22",rejected_conflicts,29,
metric,"round_22",repartitioned,1,
metric,"round_23",interior_edge_fraction,0.996371,
metric,"round_23",boundary_edge_fraction,0.00362875,
metric,"round_23",partition_load_imbalance,1.74157,
metric,"round_23",local_queue_size,204285,
metric,"round_23",boundary_queue_size,744,
metric,"round_23",accepted_local_collapses,128,
metric,"round_23",accepted_boundary_collapses,32,
metric,"round_23",skipped_boundary_edges,0,
metric,"round_23",rejected_conflicts,42,
metric,"round_23",repartitioned,1,
metric,"round_24",interior_edge_fraction,0.996412,
metric,"round_24",boundary_edge_fraction,0.00358838,
metric,"round_24",partition_load_imbalance,1.74339,
metric,"round_24",local_queue_size,203815,
metric,"round_24",boundary_queue_size,734,
metric,"round_24",accepted_local_collapses,128,
metric,"round_24",accepted_boundary_collapses,32,
metric,"round_24",skipped_boundary_edges,0,
metric,"round_24",rejected_conflicts,52,
metric,"round_24",repartitioned,1,
metric,"round_25",interior_edge_fraction,0.99657,
metric,"round_25",boundary_edge_fraction,0.00343021,
metric,"round_25",partition_load_imbalance,1.74556,
metric,"round_25",local_queue_size,203369,
metric,"round_25",boundary_queue_size,700,
metric,"round_25",accepted_local_collapses,128,
metric,"round_25",accepted_boundary_collapses,32,
metric,"round_25",skipped_boundary_edges,0,
metric,"round_25",rejected_conflicts,43,
metric,"round_25",repartitioned,1,
metric,"round_26",interior_edge_fraction,0.996601,
metric,"round_26",boundary_edge_fraction,0.003399,
metric,"round_26",partition_load_imbalance,1.74824,
metric,"round_26",local_queue_size,202897,
metric,"round_26",boundary_queue_size,692,
metric,"round_26",accepted_local_collapses,128,
metric,"round_26",accepted_boundary_collapses,32,
metric,"round_26",skipped_boundary_edges,0,
metric,"round_26",rejected_conflicts,46,
metric,"round_26",repartitioned,1,
metric,"round_27",interior_edge_fraction,0.996475,
metric,"round_27",boundary_edge_fraction,0.0035252,
metric,"round_27",partition_load_imbalance,1.74998,
metric,"round_27",local_queue_size,202393,
metric,"round_27",boundary_queue_size,716,
metric,"round_27",accepted_local_collapses,128,
metric,"round_27",accepted_boundary_collapses,32,
metric,"round_27",skipped_boundary_edges,0,
metric,"round_27",rejected_conflicts,56,
metric,"round_27",repartitioned,1,
metric,"round_28",interior_edge_fraction,0.996575,
metric,"round_28",boundary_edge_fraction,0.00342498,
metric,"round_28",partition_load_imbalance,1.75217,
metric,"round_28",local_queue_size,201935,
metric,"round_28",boundary_queue_size,694,
metric,"round_28",accepted_local_collapses,128,
metric,"round_28",accepted_boundary_collapses,32,
metric,"round_28",skipped_boundary_edges,0,
metric,"round_28",rejected_conflicts,60,
metric,"round_28",repartitioned,1,
metric,"round_29",interior_edge_fraction,0.996804,
metric,"round_29",boundary_edge_fraction,0.00319566,
metric,"round_29",partition_load_imbalance,1.75447,
metric,"round_29",local_queue_size,201503,
metric,"round_29",boundary_queue_size,646,
metric,"round_29",accepted_local_collapses,128,
metric,"round_29",accepted_boundary_collapses,32,
metric,"round_29",skipped_boundary_edges,0,
metric,"round_29",rejected_conflicts,36,
metric,"round_29",repartitioned,1,
metric,"round_30",interior_edge_fraction,0.996995,
metric,"round_30",boundary_edge_fraction,0.00300492,
metric,"round_30",partition_load_imbalance,1.75701,
metric,"round_30",local_queue_size,201063,
metric,"round_30",boundary_queue_size,606,
metric,"round_30",accepted_local_collapses,128,
metric,"round_30",accepted_boundary_collapses,32,
metric,"round_30",skipped_boundary_edges,0,
metric,"round_30",rejected_conflicts,29,
metric,"round_30",repartitioned,1,
metric,"round_31",interior_edge_fraction,0.996958,
metric,"round_31",boundary_edge_fraction,0.00304192,
metric,"round_31",partition_load_imbalance,1.75885,
metric,"round_31",local_queue_size,200577,
metric,"round_31",boundary_queue_size,612,
metric,"round_31",accepted_local_collapses,128,
metric,"round_31",accepted_boundary_collapses,32,
metric,"round_31",skipped_boundary_edges,0,
metric,"round_31",rejected_conflicts,51,
metric,"round_31",repartitioned,1,
metric,"round_32",interior_edge_fraction,0.99706,
metric,"round_32",boundary_edge_fraction,0.00293958,
metric,"round_32",partition_load_imbalance,1.76091,
metric,"round_32",local_queue_size,200119,
metric,"round_32",boundary_queue_size,590,
metric,"round_32",accepted_local_collapses,128,
metric,"round_32",accepted_boundary_collapses,32,
metric,"round_32",skipped_boundary_edges,0,
metric,"round_32",rejected_conflicts,59,
metric,"round_32",repartitioned,1,
metric,"round_33",interior_edge_fraction,0.997203,
metric,"round_33",boundary_edge_fraction,0.0027968,
metric,"round_33",partition_load_imbalance,1.76343,
metric,"round_33",local_queue_size,199669,
metric,"round_33",boundary_queue_size,560,
metric,"round_33",accepted_local_collapses,128,
metric,"round_33",accepted_boundary_collapses,32,
metric,"round_33",skipped_boundary_edges,0,
metric,"round_33",rejected_conflicts,57,
metric,"round_33",repartitioned,1,
metric,"round_34",interior_edge_fraction,0.997156,
metric,"round_34",boundary_edge_fraction,0.00284357,
metric,"round_34",partition_load_imbalance,1.76502,
metric,"round_34",local_queue_size,199181,
metric,"round_34",boundary_queue_size,568,
metric,"round_34",accepted_local_collapses,128,
metric,"round_34",accepted_boundary_collapses,32,
metric,"round_34",skipped_boundary_edges,0,
metric,"round_34",rejected_conflicts,65,
metric,"round_34",repartitioned,1,
metric,"round_35",interior_edge_fraction,0.99713,
metric,"round_35",boundary_edge_fraction,0.00287049,
metric,"round_35",partition_load_imbalance,1.76691,
metric,"round_35",local_queue_size,198697,
metric,"round_35",boundary_queue_size,572,
metric,"round_35",accepted_local_collapses,128,
metric,"round_35",accepted_boundary_collapses,32,
metric,"round_35",skipped_boundary_edges,0,
metric,"round_35",rejected_conflicts,125,
metric,"round_35",repartitioned,1,
metric,"round_36",interior_edge_fraction,0.997304,
metric,"round_36",boundary_edge_fraction,0.00269633,
metric,"round_36",partition_load_imbalance,1.76932,
metric,"round_36",local_queue_size,198253,
metric,"round_36",boundary_queue_size,536,
metric,"round_36",accepted_local_collapses,128,
metric,"round_36",accepted_boundary_collapses,32,
metric,"round_36",skipped_boundary_edges,0,
metric,"round_36",rejected_conflicts,113,
metric,"round_36",repartitioned,1,
metric,"round_37",interior_edge_fraction,0.997479,
metric,"round_37",boundary_edge_fraction,0.00252132,
metric,"round_37",partition_load_imbalance,1.77109,
metric,"round_37",local_queue_size,197809,
metric,"round_37",boundary_queue_size,500,
metric,"round_37",accepted_local_collapses,128,
metric,"round_37",accepted_boundary_collapses,32,
metric,"round_37",skipped_boundary_edges,0,
metric,"round_37",rejected_conflicts,92,
metric,"round_37",repartitioned,1,
metric,"round_38",interior_edge_fraction,0.997574,
metric,"round_38",boundary_edge_fraction,0.00242634,
metric,"round_38",partition_load_imbalance,1.77351,
metric,"round_38",local_queue_size,197349,
metric,"round_38",boundary_queue_size,480,
metric,"round_38",accepted_local_collapses,128,
metric,"round_38",accepted_boundary_collapses,32,
metric,"round_38",skipped_boundary_edges,0,
metric,"round_38",rejected_conflicts,109,
metric,"round_38",repartitioned,1,
metric,"round_39",interior_edge_fraction,0.997497,
metric,"round_39",boundary_edge_fraction,0.00250318,
metric,"round_39",partition_load_imbalance,1.77609,
metric,"round_39",local_queue_size,196855,
metric,"round_39",boundary_queue_size,494,
metric,"round_39",accepted_local_collapses,128,
metric,"round_39",accepted_boundary_collapses,32,
metric,"round_39",skipped_boundary_edges,0,
metric,"round_39",rejected_conflicts,131,
metric,"round_39",repartitioned,1,
metric,"round_40",interior_edge_fraction,0.997536,
metric,"round_40",boundary_edge_fraction,0.00246357,
metric,"round_40",partition_load_imbalance,1.77834,
metric,"round_40",local_queue_size,196384,
metric,"round_40",boundary_queue_size,485,
metric,"round_40",accepted_local_collapses,128,
metric,"round_40",accepted_boundary_collapses,32,
metric,"round_40",skipped_boundary_edges,0,
metric,"round_40",rejected_conflicts,129,
metric,"round_40",repartitioned,1,
metric,"round_41",interior_edge_fraction,0.997622,
metric,"round_41",boundary_edge_fraction,0.00237793,
metric,"round_41",partition_load_imbalance,1.78002,
metric,"round_41",local_queue_size,195922,
metric,"round_41",boundary_queue_size,467,
metric,"round_41",accepted_local_collapses,128,
metric,"round_41",accepted_boundary_collapses,32,
metric,"round_41",skipped_boundary_edges,0,
metric,"round_41",rejected_conflicts,121,
metric,"round_41",repartitioned,1,
metric,"round_42",interior_edge_fraction,0.997514,
metric,"round_42",boundary_edge_fraction,0.00248585,
metric,"round_42",partition_load_imbalance,1.78292,
metric,"round_42",local_queue_size,195422,
metric,"round_42",boundary_queue_size,487,
metric,"round_42",accepted_local_collapses,128,
metric,"round_42",accepted_boundary_collapses,32,
metric,"round_42",skipped_boundary_edges,0,
metric,"round_42",rejected_conflicts,150,
metric,"round_42",repartitioned,1,
metric,"round_43",interior_edge_fraction,0.997457,
metric,"round_43",boundary_edge_fraction,0.00254312,
metric,"round_43",partition_load_imbalance,1.78598,
metric,"round_43",local_queue_size,194932,
metric,"round_43",boundary_queue_size,497,
metric,"round_43",accepted_local_collapses,128,
metric,"round_43",accepted_boundary_collapses,32,
metric,"round_43",skipped_boundary_edges,0,
metric,"round_43",rejected_conflicts,171,
metric,"round_43",repartitioned,1,
metric,"round_44",interior_edge_fraction,0.997502,
metric,"round_44",boundary_edge_fraction,0.00249809,
metric,"round_44",partition_load_imbalance,1.78803,
metric,"round_44",local_queue_size,194462,
metric,"round_44",boundary_queue_size,487,
metric,"round_44",accepted_local_collapses,128,
metric,"round_44",accepted_boundary_collapses,32,
metric,"round_44",skipped_boundary_edges,0,
metric,"round_44",rejected_conflicts,156,
metric,"round_44",repartitioned,1,
metric,"round_45",interior_edge_fraction,0.997599,
metric,"round_45",boundary_edge_fraction,0.00240141,
metric,"round_45",partition_load_imbalance,1.79019,
metric,"round_45",local_queue_size,194002,
metric,"round_45",boundary_queue_size,467,
metric,"round_45",accepted_local_collapses,128,
metric,"round_45",accepted_boundary_collapses,32,
metric,"round_45",skipped_boundary_edges,0,
metric,"round_45",rejected_conflicts,170,
metric,"round_45",repartitioned,1,
metric,"round_46",interior_edge_fraction,0.99752,
metric,"round_46",boundary_edge_fraction,0.00247952,
metric,"round_46",partition_load_imbalance,1.79248,
metric,"round_46",local_queue_size,193508,
metric,"round_46",boundary_queue_size,481,
metric,"round_46",accepted_local_collapses,128,
metric,"round_46",accepted_boundary_collapses,32,
metric,"round_46",skipped_boundary_edges,0,
metric,"round_46",rejected_conflicts,209,
metric,"round_46",repartitioned,1,
metric,"round_47",interior_edge_fraction,0.997669,
metric,"round_47",boundary_edge_fraction,0.00233064,
metric,"round_47",partition_load_imbalance,1.79527,
metric,"round_47",local_queue_size,193058,
metric,"round_47",boundary_queue_size,451,
metric,"round_47",accepted_local_collapses,128,
metric,"round_47",accepted_boundary_collapses,32,
metric,"round_47",skipped_boundary_edges,0,
metric,"round_47",rejected_conflicts,227,
metric,"round_47",repartitioned,1,
metric,"round_48",interior_edge_fraction,0.997446,
metric,"round_48",boundary_edge_fraction,0.00255402,
metric,"round_48",partition_load_imbalance,1.7989,
metric,"round_48",local_queue_size,192536,
metric,"round_48",boundary_queue_size,493,
metric,"round_48",accepted_local_collapses,128,
metric,"round_48",accepted_boundary_collapses,32,
metric,"round_48",skipped_boundary_edges,0,
metric,"round_48",rejected_conflicts,215,
metric,"round_48",repartitioned,1,
metric,"round_49",interior_edge_fraction,0.997595,
metric,"round_49",boundary_edge_fraction,0.00240458,
metric,"round_49",partition_load_imbalance,1.8007,
metric,"round_49",local_queue_size,192086,
metric,"round_49",boundary_queue_size,463,
metric,"round_49",accepted_local_collapses,128,
metric,"round_49",accepted_boundary_collapses,32,
metric,"round_49",skipped_boundary_edges,0,
metric,"round_49",rejected_conflicts,223,
metric,"round_49",repartitioned,1,
metric,"round_50",interior_edge_fraction,0.997798,
metric,"round_50",boundary_edge_fraction,0.00220233,
metric,"round_50",partition_load_imbalance,1.80254,
metric,"round_50",local_queue_size,191646,
metric,"round_50",boundary_queue_size,423,
metric,"round_50",accepted_local_collapses,128,
metric,"round_50",accepted_boundary_collapses,32,
metric,"round_50",skipped_boundary_edges,0,
metric,"round_50",rejected_conflicts,194,
metric,"round_50",repartitioned,1,
metric,"round_51",interior_edge_fraction,0.997902,
metric,"round_51",boundary_edge_fraction,0.00209824,
metric,"round_51",partition_load_imbalance,1.80613,
metric,"round_51",local_queue_size,191187,
metric,"round_51",boundary_queue_size,402,
metric,"round_51",accepted_local_collapses,128,
metric,"round_51",accepted_boundary_collapses,32,
metric,"round_51",skipped_boundary_edges,0,
metric,"round_51",rejected_conflicts,204,
metric,"round_51",repartitioned,1,
metric,"round_52",interior_edge_fraction,0.997692,
metric,"round_52",boundary_edge_fraction,0.00230758,
metric,"round_52",partition_load_imbalance,1.81064,
metric,"round_52",local_queue_size,190668,
metric,"round_52",boundary_queue_size,441,
metric,"round_52",accepted_local_collapses,128,
metric,"round_52",accepted_boundary_collapses,32,
metric,"round_52",skipped_boundary_edges,0,
metric,"round_52",rejected_conflicts,221,
metric,"round_52",repartitioned,1,
metric,"round_53",interior_edge_fraction,0.997792,
metric,"round_53",boundary_edge_fraction,0.00220848,
metric,"round_53",partition_load_imbalance,1.8131,
metric,"round_53",local_queue_size,190208,
metric,"round_53",boundary_queue_size,421,
metric,"round_53",accepted_local_collapses,128,
metric,"round_53",accepted_boundary_collapses,32,
metric,"round_53",skipped_boundary_edges,0,
metric,"round_53",rejected_conflicts,227,
metric,"round_53",repartitioned,1,
metric,"round_54",interior_edge_fraction,0.997697,
metric,"round_54",boundary_edge_fraction,0.00230346,
metric,"round_54",partition_load_imbalance,1.81525,
metric,"round_54",local_queue_size,189711,
metric,"round_54",boundary_queue_size,438,
metric,"round_54",accepted_local_collapses,128,
metric,"round_54",accepted_boundary_collapses,32,
metric,"round_54",skipped_boundary_edges,0,
metric,"round_54",rejected_conflicts,255,
metric,"round_54",repartitioned,1,
metric,"round_55",interior_edge_fraction,0.997543,
metric,"round_55",boundary_edge_fraction,0.00245691,
metric,"round_55",partition_load_imbalance,1.81867,
metric,"round_55",local_queue_size,189203,
metric,"round_55",boundary_queue_size,466,
metric,"round_55",accepted_local_collapses,128,
metric,"round_55",accepted_boundary_collapses,32,
metric,"round_55",skipped_boundary_edges,0,
metric,"round_55",rejected_conflicts,344,
metric,"round_55",repartitioned,1,
metric,"round_56",interior_edge_fraction,0.997727,
metric,"round_56",boundary_edge_fraction,0.00227286,
metric,"round_56",partition_load_imbalance,1.82176,
metric,"round_56",local_queue_size,188759,
metric,"round_56",boundary_queue_size,430,
metric,"round_56",accepted_local_collapses,128,
metric,"round_56",accepted_boundary_collapses,32,
metric,"round_56",skipped_boundary_edges,0,
metric,"round_56",rejected_conflicts,320,
metric,"round_56",repartitioned,1,
metric,"round_57",interior_edge_fraction,0.997573,
metric,"round_57",boundary_edge_fraction,0.00242702,
metric,"round_57",partition_load_imbalance,1.82549,
metric,"round_57",local_queue_size,188251,
metric,"round_57",boundary_queue_size,458,
metric,"round_57",accepted_local_collapses,128,
metric,"round_57",accepted_boundary_collapses,32,
metric,"round_57",skipped_boundary_edges,0,
metric,"round_57",rejected_conflicts,367,
metric,"round_57",repartitioned,1,
metric,"round_58",interior_edge_fraction,0.997344,
metric,"round_58",boundary_edge_fraction,0.00265634,
metric,"round_58",partition_load_imbalance,1.82609,
metric,"round_58",local_queue_size,187729,
metric,"round_58",boundary_queue_size,500,
metric,"round_58",accepted_local_collapses,128,
metric,"round_58",accepted_boundary_collapses,32,
metric,"round_58",skipped_boundary_edges,0,
metric,"round_58",rejected_conflicts,404,
metric,"round_58",repartitioned,1,
metric,"round_59",interior_edge_fraction,0.997348,
metric,"round_59",boundary_edge_fraction,0.00265248,
metric,"round_59",partition_load_imbalance,1.82754,
metric,"round_59",local_queue_size,187251,
metric,"round_59",boundary_queue_size,498,
metric,"round_59",accepted_local_collapses,128,
metric,"round_59",accepted_boundary_collapses,29,
metric,"round_59",skipped_boundary_edges,0,
metric,"round_59",rejected_conflicts,454,
metric,"round_59",repartitioned,1,
metric,"round_60",interior_edge_fraction,0.997437,
metric,"round_60",boundary_edge_fraction,0.00256303,
metric,"round_60",partition_load_imbalance,1.83122,
metric,"round_60",local_queue_size,186798,
metric,"round_60",boundary_queue_size,480,
metric,"round_60",accepted_local_collapses,128,
metric,"round_60",accepted_boundary_collapses,31,
metric,"round_60",skipped_boundary_edges,0,
metric,"round_60",rejected_conflicts,431,
metric,"round_60",repartitioned,1,
metric,"round_61",interior_edge_fraction,0.997329,
metric,"round_61",boundary_edge_fraction,0.00267129,
metric,"round_61",partition_load_imbalance,1.83565,
metric,"round_61",local_queue_size,186302,
metric,"round_61",boundary_queue_size,499,
metric,"round_61",accepted_local_collapses,128,
metric,"round_61",accepted_boundary_collapses,31,
metric,"round_61",skipped_boundary_edges,0,
metric,"round_61",rejected_conflicts,459,
metric,"round_61",repartitioned,1,
metric,"round_62",interior_edge_fraction,0.997376,
metric,"round_62",boundary_edge_fraction,0.00262446,
metric,"round_62",partition_load_imbalance,1.83713,
metric,"round_62",local_queue_size,185835,
metric,"round_62",boundary_queue_size,489,
metric,"round_62",accepted_local_collapses,128,
metric,"round_62",accepted_boundary_collapses,30,
metric,"round_62",skipped_boundary_edges,0,
metric,"round_62",rejected_conflicts,449,
metric,"round_62",repartitioned,1,
metric,"round_63",interior_edge_fraction,0.997326,
metric,"round_63",boundary_edge_fraction,0.0026742,
metric,"round_63",partition_load_imbalance,1.84014,
metric,"round_63",local_queue_size,185353,
metric,"round_63",boundary_queue_size,497,
metric,"round_63",accepted_local_collapses,128,
metric,"round_63",accepted_boundary_collapses,29,
metric,"round_63",skipped_boundary_edges,0,
metric,"round_63",rejected_conflicts,460,
metric,"round_63",repartitioned,1,
metric,"round_64",interior_edge_fraction,0.997556,
metric,"round_64",boundary_edge_fraction,0.00244364,
metric,"round_64",partition_load_imbalance,1.84235,
metric,"round_64",local_queue_size,184926,
metric,"round_64",boundary_queue_size,453,
metric,"round_64",accepted_local_collapses,128,
metric,"round_64",accepted_boundary_collapses,27,
metric,"round_64",skipped_boundary_edges,0,
metric,"round_64",rejected_conflicts,415,
metric,"round_64",repartitioned,1,
metric,"round_65",interior_edge_fraction,0.997247,
metric,"round_65",boundary_edge_fraction,0.00275263,
metric,"round_65",partition_load_imbalance,1.84277,
metric,"round_65",local_queue_size,184405,
metric,"round_65",boundary_queue_size,509,
metric,"round_65",accepted_local_collapses,128,
metric,"round_65",accepted_boundary_collapses,25,
metric,"round_65",skipped_boundary_edges,0,
metric,"round_65",rejected_conflicts,467,
metric,"round_65",repartitioned,1,
metric,"round_66",interior_edge_fraction,0.997436,
metric,"round_66",boundary_edge_fraction,0.00256431,
metric,"round_66",partition_load_imbalance,1.84494,
metric,"round_66",local_queue_size,183982,
metric,"round_66",boundary_queue_size,473,
metric,"round_66",accepted_local_collapses,128,
metric,"round_66",accepted_boundary_collapses,26,
metric,"round_66",skipped_boundary_edges,0,
metric,"round_66",rejected_conflicts,437,
metric,"round_66",repartitioned,1,
metric,"round_67",interior_edge_fraction,0.997402,
metric,"round_67",boundary_edge_fraction,0.00259792,
metric,"round_67",partition_load_imbalance,1.84855,
metric,"round_67",local_queue_size,183515,
metric,"round_67",boundary_queue_size,478,
metric,"round_67",accepted_local_collapses,128,
metric,"round_67",accepted_boundary_collapses,26,
metric,"round_67",skipped_boundary_edges,0,
metric,"round_67",rejected_conflicts,447,
metric,"round_67",repartitioned,1,
metric,"round_68",interior_edge_fraction,0.996998,
metric,"round_68",boundary_edge_fraction,0.00300222,
metric,"round_68",partition_load_imbalance,1.85131,
metric,"round_68",local_queue_size,182980,
metric,"round_68",boundary_queue_size,551,
metric,"round_68",accepted_local_collapses,128,
metric,"round_68",accepted_boundary_collapses,26,
metric,"round_68",skipped_boundary_edges,0,
metric,"round_68",rejected_conflicts,515,
metric,"round_68",repartitioned,1,
metric,"round_69",interior_edge_fraction,0.996968,
metric,"round_69",boundary_edge_fraction,0.00303164,
metric,"round_69",partition_load_imbalance,1.85437,
metric,"round_69",local_queue_size,182514,
metric,"round_69",boundary_queue_size,555,
metric,"round_69",accepted_local_collapses,128,
metric,"round_69",accepted_boundary_collapses,26,
metric,"round_69",skipped_boundary_edges,0,
metric,"round_69",rejected_conflicts,522,
metric,"round_69",repartitioned,1,
metric,"round_70",interior_edge_fraction,0.996868,
metric,"round_70",boundary_edge_fraction,0.00313241,
metric,"round_70",partition_load_imbalance,1.85657,
metric,"round_70",local_queue_size,182035,
metric,"round_70",boundary_queue_size,572,
metric,"round_70",accepted_local_collapses,128,
metric,"round_70",accepted_boundary_collapses,24,
metric,"round_70",skipped_boundary_edges,0,
metric,"round_70",rejected_conflicts,532,
metric,"round_70",repartitioned,1,
metric,"round_71",interior_edge_fraction,0.996986,
metric,"round_71",boundary_edge_fraction,0.00301398,
metric,"round_71",partition_load_imbalance,1.85992,
metric,"round_71",local_queue_size,181602,
metric,"round_71",boundary_queue_size,549,
metric,"round_71",accepted_local_collapses,128,
metric,"round_71",accepted_boundary_collapses,24,
metric,"round_71",skipped_boundary_edges,0,
metric,"round_71",rejected_conflicts,510,
metric,"round_71",repartitioned,1,
metric,"round_72",interior_edge_fraction,0.997243,
metric,"round_72",boundary_edge_fraction,0.00275737,
metric,"round_72",partition_load_imbalance,1.86255,
metric,"round_72",local_queue_size,181194,
metric,"round_72",boundary_queue_size,501,
metric,"round_72",accepted_local_collapses,128,
metric,"round_72",accepted_boundary_collapses,23,
metric,"round_72",skipped_boundary_edges,0,
metric,"round_72",rejected_conflicts,463,
metric,"round_72",repartitioned,1,
metric,"round_73",interior_edge_fraction,0.997467,
metric,"round_73",boundary_edge_fraction,0.00253253,
metric,"round_73",partition_load_imbalance,1.86543,
metric,"round_73",local_queue_size,180783,
metric,"round_73",boundary_queue_size,459,
metric,"round_73",accepted_local_collapses,128,
metric,"round_73",accepted_boundary_collapses,22,
metric,"round_73",skipped_boundary_edges,0,
metric,"round_73",rejected_conflicts,427,
metric,"round_73",repartitioned,1,
metric,"round_74",interior_edge_fraction,0.997583,
metric,"round_74",boundary_edge_fraction,0.00241714,
metric,"round_74",partition_load_imbalance,1.86783,
metric,"round_74",local_queue_size,180355,
metric,"round_74",boundary_queue_size,437,
metric,"round_74",accepted_local_collapses,128,
metric,"round_74",accepted_boundary_collapses,23,
metric,"round_74",skipped_boundary_edges,0,
metric,"round_74",rejected_conflicts,402,
metric,"round_74",repartitioned,1,
metric,"round_75",interior_edge_fraction,0.997732,
metric,"round_75",boundary_edge_fraction,0.00226795,
metric,"round_75",partition_load_imbalance,1.87011,
metric,"round_75",local_queue_size,179930,
metric,"round_75",boundary_queue_size,409,
metric,"round_75",accepted_local_collapses,128,
metric,"round_75",accepted_boundary_collapses,23,
metric,"round_75",skipped_boundary_edges,0,
metric,"round_75",rejected_conflicts,370,
metric,"round_75",repartitioned,1,
metric,"round_76",interior_edge_fraction,0.997849,
metric,"round_76",boundary_edge_fraction,0.00215136,
metric,"round_76",partition_load_imbalance,1.87364,
metric,"round_76",local_queue_size,179499,
metric,"round_76",boundary_queue_size,387,
metric,"round_76",accepted_local_collapses,128,
metric,"round_76",accepted_boundary_collapses,22,
metric,"round_76",skipped_boundary_edges,0,
metric,"round_76",rejected_conflicts,349,
metric,"round_76",repartitioned,1,
metric,"round_77",interior_edge_fraction,0.998088,
metric,"round_77",boundary_edge_fraction,0.00191155,
metric,"round_77",partition_load_imbalance,1.87649,
metric,"round_77",local_queue_size,179093,
metric,"round_77",boundary_queue_size,343,
metric,"round_77",accepted_local_collapses,128,
metric,"round_77",accepted_boundary_collapses,21,
metric,"round_77",skipped_boundary_edges,0,
metric,"round_77",rejected_conflicts,309,
metric,"round_77",repartitioned,1,
metric,"round_78",interior_edge_fraction,0.997899,
metric,"round_78",boundary_edge_fraction,0.00210069,
metric,"round_78",partition_load_imbalance,1.88164,
metric,"round_78",local_queue_size,178613,
metric,"round_78",boundary_queue_size,376,
metric,"round_78",accepted_local_collapses,128,
metric,"round_78",accepted_boundary_collapses,19,
metric,"round_78",skipped_boundary_edges,0,
metric,"round_78",rejected_conflicts,334,
metric,"round_78",repartitioned,1,
metric,"round_79",interior_edge_fraction,0.998129,
metric,"round_79",boundary_edge_fraction,0.00187065,
metric,"round_79",partition_load_imbalance,1.88433,
metric,"round_79",local_queue_size,178214,
metric,"round_79",boundary_queue_size,334,
metric,"round_79",accepted_local_collapses,128,
metric,"round_79",accepted_boundary_collapses,17,
metric,"round_79",skipped_boundary_edges,0,
metric,"round_79",rejected_conflicts,294,
metric,"round_79",repartitioned,1,
metric,"round_80",interior_edge_fraction,0.997569,
metric,"round_80",boundary_edge_fraction,0.00243104,
metric,"round_80",partition_load_imbalance,1.88896,
metric,"round_80",local_queue_size,177680,
metric,"round_80",boundary_queue_size,433,
metric,"round_80",accepted_local_collapses,128,
metric,"round_80",accepted_boundary_collapses,18,
metric,"round_80",skipped_boundary_edges,0,
metric,"round_80",rejected_conflicts,387,
metric,"round_80",repartitioned,1,
metric,"round_81",interior_edge_fraction,0.997766,
metric,"round_81",boundary_edge_fraction,0.00223442,
metric,"round_81",partition_load_imbalance,1.89188,
metric,"round_81",local_queue_size,177278,
metric,"round_81",boundary_queue_size,397,
metric,"round_81",accepted_local_collapses,128,
metric,"round_81",accepted_boundary_collapses,18,
metric,"round_81",skipped_boundary_edges,0,
metric,"round_81",rejected_conflicts,357,
metric,"round_81",repartitioned,1,
metric,"round_82",interior_edge_fraction,0.997557,
metric,"round_82",boundary_edge_fraction,0.00244306,
metric,"round_82",partition_load_imbalance,1.89354,
metric,"round_82",local_queue_size,176804,
metric,"round_82",boundary_queue_size,433,
metric,"round_82",accepted_local_collapses,128,
metric,"round_82",accepted_boundary_collapses,18,
metric,"round_82",skipped_boundary_edges,0,
metric,"round_82",rejected_conflicts,389,
metric,"round_82",repartitioned,1,
metric,"round_83",interior_edge_fraction,0.997743,
metric,"round_83",boundary_edge_fraction,0.0022568,
metric,"round_83",partition_load_imbalance,1.8965,
metric,"round_83",local_queue_size,176400,
metric,"round_83",boundary_queue_size,399,
metric,"round_83",accepted_local_collapses,128,
metric,"round_83",accepted_boundary_collapses,18,
metric,"round_83",skipped_boundary_edges,0,
metric,"round_83",rejected_conflicts,361,
metric,"round_83",repartitioned,1,
metric,"round_84",interior_edge_fraction,0.997874,
metric,"round_84",boundary_edge_fraction,0.00212632,
metric,"round_84",partition_load_imbalance,1.89923,
metric,"round_84",local_queue_size,175986,
metric,"round_84",boundary_queue_size,375,
metric,"round_84",accepted_local_collapses,128,
metric,"round_84",accepted_boundary_collapses,17,
metric,"round_84",skipped_boundary_edges,0,
metric,"round_84",rejected_conflicts,345,
metric,"round_84",repartitioned,1,
metric,"round_85",interior_edge_fraction,0.997152,
metric,"round_85",boundary_edge_fraction,0.00284779,
metric,"round_85",partition_load_imbalance,1.90424,
metric,"round_85",local_queue_size,175425,
metric,"round_85",boundary_queue_size,501,
metric,"round_85",accepted_local_collapses,128,
metric,"round_85",accepted_boundary_collapses,17,
metric,"round_85",skipped_boundary_edges,0,
metric,"round_85",rejected_conflicts,464,
metric,"round_85",repartitioned,1,
metric,"round_86",interior_edge_fraction,0.997111,
metric,"round_86",boundary_edge_fraction,0.00288904,
metric,"round_86",partition_load_imbalance,1.90777,
metric,"round_86",local_queue_size,174984,
metric,"round_86",boundary_queue_size,507,
metric,"round_86",accepted_local_collapses,128,
metric,"round_86",accepted_boundary_collapses,17,
metric,"round_86",skipped_boundary_edges,0,
metric,"round_86",rejected_conflicts,472,
metric,"round_86",repartitioned,1,
metric,"round_87",interior_edge_fraction,0.997298,
metric,"round_87",boundary_edge_fraction,0.00270199,
metric,"round_87",partition_load_imbalance,1.91078,
metric,"round_87",local_queue_size,174583,
metric,"round_87",boundary_queue_size,473,
metric,"round_87",accepted_local_collapses,128,
metric,"round_87",accepted_boundary_collapses,17,
metric,"round_87",skipped_boundary_edges,0,
metric,"round_87",rejected_conflicts,435,
metric,"round_87",repartitioned,1,
metric,"round_88",interior_edge_fraction,0.997486,
metric,"round_88",boundary_edge_fraction,0.00251402,
metric,"round_88",partition_load_imbalance,1.91381,
metric,"round_88",local_queue_size,174182,
metric,"round_88",boundary_queue_size,439,
metric,"round_88",accepted_local_collapses,128,
metric,"round_88",accepted_boundary_collapses,17,
metric,"round_88",skipped_boundary_edges,0,
metric,"round_88",rejected_conflicts,408,
metric,"round_88",repartitioned,1,
metric,"round_89",interior_edge_fraction,0.997675,
metric,"round_89",boundary_edge_fraction,0.0023251,
metric,"round_89",partition_load_imbalance,1.91687,
metric,"round_89",local_queue_size,173781,
metric,"round_89",boundary_queue_size,405,
metric,"round_89",accepted_local_collapses,128,
metric,"round_89",accepted_boundary_collapses,16,
metric,"round_89",skipped_boundary_edges,0,
metric,"round_89",rejected_conflicts,373,
metric,"round_89",repartitioned,1,
metric,"round_90",interior_edge_fraction,0.997732,
metric,"round_90",boundary_edge_fraction,0.00226757,
metric,"round_90",partition_load_imbalance,1.92068,
metric,"round_90",local_queue_size,173360,
metric,"round_90",boundary_queue_size,394,
metric,"round_90",accepted_local_collapses,128,
metric,"round_90",accepted_boundary_collapses,17,
metric,"round_90",skipped_boundary_edges,0,
metric,"round_90",rejected_conflicts,361,
metric,"round_90",repartitioned,1,
metric,"round_91",interior_edge_fraction,0.997629,
metric,"round_91",boundary_edge_fraction,0.00237135,
metric,"round_91",partition_load_imbalance,1.92292,
metric,"round_91",local_queue_size,172908,
metric,"round_91",boundary_queue_size,411,
metric,"round_91",accepted_local_collapses,128,
metric,"round_91",accepted_boundary_collapses,17,
metric,"round_91",skipped_boundary_edges,0,
metric,"round_91",rejected_conflicts,383,
metric,"round_91",repartitioned,1,
metric,"round_92",interior_edge_fraction,0.997819,
metric,"round_92",boundary_edge_fraction,0.00218065,
metric,"round_92",partition_load_imbalance,1.92618,
metric,"round_92",local_queue_size,172507,
metric,"round_92",boundary_queue_size,377,
metric,"round_92",accepted_local_collapses,128,
metric,"round_92",accepted_boundary_collapses,17,
metric,"round_92",skipped_boundary_edges,0,
metric,"round_92",rejected_conflicts,351,
metric,"round_92",repartitioned,1,
metric,"round_93",interior_edge_fraction,0.997663,
metric,"round_93",boundary_edge_fraction,0.00233692,
metric,"round_93",partition_load_imbalance,1.93139,
metric,"round_93",local_queue_size,172046,
metric,"round_93",boundary_queue_size,403,
metric,"round_93",accepted_local_collapses,128,
metric,"round_93",accepted_boundary_collapses,15,
metric,"round_93",skipped_boundary_edges,0,
metric,"round_93",rejected_conflicts,375,
metric,"round_93",repartitioned,1,
metric,"round_94",interior_edge_fraction,0.997274,
metric,"round_94",boundary_edge_fraction,0.00272643,
metric,"round_94",partition_load_imbalance,1.93611,
metric,"round_94",local_queue_size,171551,
metric,"round_94",boundary_queue_size,469,
metric,"round_94",accepted_local_collapses,128,
metric,"round_94",accepted_boundary_collapses,17,
metric,"round_94",skipped_boundary_edges,0,
metric,"round_94",rejected_conflicts,442,
metric,"round_94",repartitioned,1,
metric,"round_95",interior_edge_fraction,0.997325,
metric,"round_95",boundary_edge_fraction,0.00267506,
metric,"round_95",partition_load_imbalance,1.9389,
metric,"round_95",local_queue_size,171126,
metric,"round_95",boundary_queue_size,459,
metric,"round_95",accepted_local_collapses,128,
metric,"round_95",accepted_boundary_collapses,15,
metric,"round_95",skipped_boundary_edges,0,
metric,"round_95",rejected_conflicts,437,
metric,"round_95",repartitioned,1,
metric,"round_96",interior_edge_fraction,0.997412,
metric,"round_96",boundary_edge_fraction,0.00258828,
metric,"round_96",partition_load_imbalance,1.94262,
metric,"round_96",local_queue_size,170713,
metric,"round_96",boundary_queue_size,443,
metric,"round_96",accepted_local_collapses,128,
metric,"round_96",accepted_boundary_collapses,15,
metric,"round_96",skipped_boundary_edges,0,
metric,"round_96",rejected_conflicts,421,
metric,"round_96",repartitioned,1,
metric,"round_97",interior_edge_fraction,0.997276,
metric,"round_97",boundary_edge_fraction,0.00272365,
metric,"round_97",partition_load_imbalance,1.945,
metric,"round_97",local_queue_size,170262,
metric,"round_97",boundary_queue_size,465,
metric,"round_97",accepted_local_collapses,128,
metric,"round_97",accepted_boundary_collapses,15,
metric,"round_97",skipped_boundary_edges,0,
metric,"round_97",rejected_conflicts,444,
metric,"round_97",repartitioned,1,
metric,"round_98",interior_edge_fraction,0.99717,
metric,"round_98",boundary_edge_fraction,0.00283033,
metric,"round_98",partition_load_imbalance,1.94748,
metric,"round_98",local_queue_size,169816,
metric,"round_98",boundary_queue_size,482,
metric,"round_98",accepted_local_collapses,128,
metric,"round_98",accepted_boundary_collapses,15,
metric,"round_98",skipped_boundary_edges,0,
metric,"round_98",rejected_conflicts,459,
metric,"round_98",repartitioned,1,
metric,"round_99",interior_edge_fraction,0.996909,
metric,"round_99",boundary_edge_fraction,0.00309062,
metric,"round_99",partition_load_imbalance,1.94932,
metric,"round_99",local_queue_size,169344,
metric,"round_99",boundary_queue_size,525,
metric,"round_99",accepted_local_collapses,128,
metric,"round_99",accepted_boundary_collapses,15,
metric,"round_99",skipped_boundary_edges,0,
metric,"round_99",rejected_conflicts,496,
metric,"round_99",repartitioned,1,
metric,"round_100",interior_edge_fraction,0.99709,
metric,"round_100",boundary_edge_fraction,0.00290958,
metric,"round_100",partition_load_imbalance,1.95259,
metric,"round_100",local_queue_size,168947,
metric,"round_100",boundary_queue_size,493,
metric,"round_100",accepted_local_collapses,128,
metric,"round_100",accepted_boundary_collapses,15,
metric,"round_100",skipped_boundary_edges,0,
metric,"round_100",rejected_conflicts,468,
metric,"round_100",repartitioned,1,
metric,"round_101",interior_edge_fraction,0.9969,
metric,"round_101",boundary_edge_fraction,0.00310039,
metric,"round_101",partition_load_imbalance,1.95472,
metric,"round_101",local_queue_size,168487,
metric,"round_101",boundary_queue_size,524,
metric,"round_101",accepted_local_collapses,128,
metric,"round_101",accepted_boundary_collapses,15,
metric,"round_101",skipped_boundary_edges,0,
metric,"round_101",rejected_conflicts,498,
metric,"round_101",repartitioned,1,
metric,"round_102",interior_edge_fraction,0.99707,
metric,"round_102",boundary_edge_fraction,0.00293032,
metric,"round_102",partition_load_imbalance,1.95799,
metric,"round_102",local_queue_size,168088,
metric,"round_102",boundary_queue_size,494,
metric,"round_102",accepted_local_collapses,128,
metric,"round_102",accepted_boundary_collapses,14,
metric,"round_102",skipped_boundary_edges,0,
metric,"round_102",rejected_conflicts,470,
metric,"round_102",repartitioned,1,
metric,"round_103",interior_edge_fraction,0.996991,
metric,"round_103",boundary_edge_fraction,0.00300911,
metric,"round_103",partition_load_imbalance,1.96269,
metric,"round_103",local_queue_size,167650,
metric,"round_103",boundary_queue_size,506,
metric,"round_103",accepted_local_collapses,128,
metric,"round_103",accepted_boundary_collapses,15,
metric,"round_103",skipped_boundary_edges,0,
metric,"round_103",rejected_conflicts,485,
metric,"round_103",repartitioned,1,
metric,"round_104",interior_edge_fraction,0.997162,
metric,"round_104",boundary_edge_fraction,0.00283794,
metric,"round_104",partition_load_imbalance,1.96597,
metric,"round_104",local_queue_size,167251,
metric,"round_104",boundary_queue_size,476,
metric,"round_104",accepted_local_collapses,128,
metric,"round_104",accepted_boundary_collapses,14,
metric,"round_104",skipped_boundary_edges,0,
metric,"round_104",rejected_conflicts,455,
metric,"round_104",repartitioned,1,
metric,"round_105",interior_edge_fraction,0.997322,
metric,"round_105",boundary_edge_fraction,0.00267781,
metric,"round_105",partition_load_imbalance,1.96928,
metric,"round_105",local_queue_size,166853,
metric,"round_105",boundary_queue_size,448,
metric,"round_105",accepted_local_collapses,128,
metric,"round_105",accepted_boundary_collapses,14,
metric,"round_105",skipped_boundary_edges,0,
metric,"round_105",rejected_conflicts,429,
metric,"round_105",repartitioned,1,
metric,"round_106",interior_edge_fraction,0.997483,
metric,"round_106",boundary_edge_fraction,0.00251685,
metric,"round_106",partition_load_imbalance,1.97262,
metric,"round_106",local_queue_size,166455,
metric,"round_106",boundary_queue_size,420,
metric,"round_106",accepted_local_collapses,128,
metric,"round_106",accepted_boundary_collapses,14,
metric,"round_106",skipped_boundary_edges,0,
metric,"round_106",rejected_conflicts,398,
metric,"round_106",repartitioned,1,
metric,"round_107",interior_edge_fraction,0.997441,
metric,"round_107",boundary_edge_fraction,0.00255934,
metric,"round_107",partition_load_imbalance,1.97538,
metric,"round_107",local_queue_size,166023,
metric,"round_107",boundary_queue_size,426,
metric,"round_107",accepted_local_collapses,128,
metric,"round_107",accepted_boundary_collapses,14,
metric,"round_107",skipped_boundary_edges,0,
metric,"round_107",rejected_conflicts,405,
metric,"round_107",repartitioned,1,
metric,"round_108",interior_edge_fraction,0.997603,
metric,"round_108",boundary_edge_fraction,0.00239726,
metric,"round_108",partition_load_imbalance,1.97876,
metric,"round_108",local_queue_size,165625,
metric,"round_108",boundary_queue_size,398,
metric,"round_108",accepted_local_collapses,128,
metric,"round_108",accepted_boundary_collapses,14,
metric,"round_108",skipped_boundary_edges,0,
metric,"round_108",rejected_conflicts,382,
metric,"round_108",repartitioned,1,
metric,"round_109",interior_edge_fraction,0.997772,
metric,"round_109",boundary_edge_fraction,0.0022283,
metric,"round_109",partition_load_imbalance,1.98219,
metric,"round_109",local_queue_size,165228,
metric,"round_109",boundary_queue_size,369,
metric,"round_109",accepted_local_collapses,128,
metric,"round_109",accepted_boundary_collapses,14,
metric,"round_109",skipped_boundary_edges,0,
metric,"round_109",rejected_conflicts,352,
metric,"round_109",repartitioned,1,
metric,"round_110",interior_edge_fraction,0.997935,
metric,"round_110",boundary_edge_fraction,0.00206453,
metric,"round_110",partition_load_imbalance,1.98567,
metric,"round_110",local_queue_size,164830,
metric,"round_110",boundary_queue_size,341,
metric,"round_110",accepted_local_collapses,128,
metric,"round_110",accepted_boundary_collapses,13,
metric,"round_110",skipped_boundary_edges,0,
metric,"round_110",rejected_conflicts,326,
metric,"round_110",repartitioned,1,
metric,"round_111",interior_edge_fraction,0.998088,
metric,"round_111",boundary_edge_fraction,0.00191201,
metric,"round_111",partition_load_imbalance,1.98915,
metric,"round_111",local_queue_size,164433,
metric,"round_111",boundary_queue_size,315,
metric,"round_111",accepted_local_collapses,128,
metric,"round_111",accepted_boundary_collapses,13,
metric,"round_111",skipped_boundary_edges,0,
metric,"round_111",rejected_conflicts,301,
metric,"round_111",repartitioned,1,
metric,"round_112",interior_edge_fraction,0.997919,
metric,"round_112",boundary_edge_fraction,0.00208124,
metric,"round_112",partition_load_imbalance,1.99463,
metric,"round_112",local_queue_size,163983,
metric,"round_112",boundary_queue_size,342,
metric,"round_112",accepted_local_collapses,128,
metric,"round_112",accepted_boundary_collapses,12,
metric,"round_112",skipped_boundary_edges,0,
metric,"round_112",rejected_conflicts,319,
metric,"round_112",repartitioned,1,
metric,"round_113",interior_edge_fraction,0.99806,
metric,"round_113",boundary_edge_fraction,0.00194015,
metric,"round_113",partition_load_imbalance,1.99819,
metric,"round_113",local_queue_size,163587,
metric,"round_113",boundary_queue_size,318,
metric,"round_113",accepted_local_collapses,128,
metric,"round_113",accepted_boundary_collapses,12,
metric,"round_113",skipped_boundary_edges,0,
metric,"round_113",rejected_conflicts,299,
metric,"round_113",repartitioned,1,
metric,"round_114",interior_edge_fraction,0.998202,
metric,"round_114",boundary_edge_fraction,0.00179833,
metric,"round_114",partition_load_imbalance,2.00177,
metric,"round_114",local_queue_size,163191,
metric,"round_114",boundary_queue_size,294,
metric,"round_114",accepted_local_collapses,128,
metric,"round_114",accepted_boundary_collapses,12,
metric,"round_114",skipped_boundary_edges,0,
metric,"round_114",rejected_conflicts,275,
metric,"round_114",repartitioned,1,
metric,"round_115",interior_edge_fraction,0.998148,
metric,"round_115",boundary_edge_fraction,0.00185202,
metric,"round_115",partition_load_imbalance,2.00478,
metric,"round_115",local_queue_size,162763,
metric,"round_115",boundary_queue_size,302,
metric,"round_115",accepted_local_collapses,128,
metric,"round_115",accepted_boundary_collapses,12,
metric,"round_115",skipped_boundary_edges,0,
metric,"round_115",rejected_conflicts,282,
metric,"round_115",repartitioned,1,
metric,"round_116",interior_edge_fraction,0.998088,
metric,"round_116",boundary_edge_fraction,0.00191214,
metric,"round_116",partition_load_imbalance,2.0078,
metric,"round_116",local_queue_size,162334,
metric,"round_116",boundary_queue_size,311,
metric,"round_116",accepted_local_collapses,128,
metric,"round_116",accepted_boundary_collapses,12,
metric,"round_116",skipped_boundary_edges,0,
metric,"round_116",rejected_conflicts,293,
metric,"round_116",repartitioned,1,
metric,"round_117",interior_edge_fraction,0.998027,
metric,"round_117",boundary_edge_fraction,0.00197257,
metric,"round_117",partition_load_imbalance,2.01269,
metric,"round_117",local_queue_size,161905,
metric,"round_117",boundary_queue_size,320,
metric,"round_117",accepted_local_collapses,128,
metric,"round_117",accepted_boundary_collapses,13,
metric,"round_117",skipped_boundary_edges,0,
metric,"round_117",rejected_conflicts,296,
metric,"round_117",repartitioned,1,
metric,"round_118",interior_edge_fraction,0.998183,
metric,"round_118",boundary_edge_fraction,0.00181704,
metric,"round_118",partition_load_imbalance,2.01642,
metric,"round_118",local_queue_size,161508,
metric,"round_118",boundary_queue_size,294,
metric,"round_118",accepted_local_collapses,128,
metric,"round_118",accepted_boundary_collapses,13,
metric,"round_118",skipped_boundary_edges,0,
metric,"round_118",rejected_conflicts,276,
metric,"round_118",repartitioned,1,
metric,"round_119",interior_edge_fraction,0.998339,
metric,"round_119",boundary_edge_fraction,0.00166069,
metric,"round_119",partition_load_imbalance,2.02011,
metric,"round_119",local_queue_size,161111,
metric,"round_119",boundary_queue_size,268,
metric,"round_119",accepted_local_collapses,128,
metric,"round_119",accepted_boundary_collapses,13,
metric,"round_119",skipped_boundary_edges,0,
metric,"round_119",rejected_conflicts,253,
metric,"round_119",repartitioned,1,
metric,"round_120",interior_edge_fraction,0.998496,
metric,"round_120",boundary_edge_fraction,0.00150352,
metric,"round_120",partition_load_imbalance,2.0239,
metric,"round_120",local_queue_size,160714,
metric,"round_120",boundary_queue_size,242,
metric,"round_120",accepted_local_collapses,128,
metric,"round_120",accepted_boundary_collapses,12,
metric,"round_120",skipped_boundary_edges,0,
metric,"round_120",rejected_conflicts,225,
metric,"round_120",repartitioned,1,
metric,"round_121",interior_edge_fraction,0.998436,
metric,"round_121",boundary_edge_fraction,0.00156351,
metric,"round_121",partition_load_imbalance,2.02704,
metric,"round_121",local_queue_size,160285,
metric,"round_121",boundary_queue_size,251,
metric,"round_121",accepted_local_collapses,128,
metric,"round_121",accepted_boundary_collapses,12,
metric,"round_121",skipped_boundary_edges,0,
metric,"round_121",rejected_conflicts,227,
metric,"round_121",repartitioned,1,
metric,"round_122",interior_edge_fraction,0.998364,
metric,"round_122",boundary_edge_fraction,0.00163631,
metric,"round_122",partition_load_imbalance,2.03242,
metric,"round_122",local_queue_size,159854,
metric,"round_122",boundary_queue_size,262,
metric,"round_122",accepted_local_collapses,128,
metric,"round_122",accepted_boundary_collapses,11,
metric,"round_122",skipped_boundary_edges,0,
metric,"round_122",rejected_conflicts,241,
metric,"round_122",repartitioned,1,
metric,"round_123",interior_edge_fraction,0.998491,
metric,"round_123",boundary_edge_fraction,0.00150909,
metric,"round_123",partition_load_imbalance,2.03643,
metric,"round_123",local_queue_size,159458,
metric,"round_123",boundary_queue_size,241,
metric,"round_123",accepted_local_collapses,128,
metric,"round_123",accepted_boundary_collapses,11,
metric,"round_123",skipped_boundary_edges,0,
metric,"round_123",rejected_conflicts,224,
metric,"round_123",repartitioned,1,
metric,"round_124",interior_edge_fraction,0.997916,
metric,"round_124",boundary_edge_fraction,0.00208435,
metric,"round_124",partition_load_imbalance,2.04211,
metric,"round_124",local_queue_size,158950,
metric,"round_124",boundary_queue_size,332,
metric,"round_124",accepted_local_collapses,128,
metric,"round_124",accepted_boundary_collapses,11,
metric,"round_124",skipped_boundary_edges,0,
metric,"round_124",rejected_conflicts,309,
metric,"round_124",repartitioned,1,
metric,"round_125",interior_edge_fraction,0.998049,
metric,"round_125",boundary_edge_fraction,0.00195134,
metric,"round_125",partition_load_imbalance,2.04609,
metric,"round_125",local_queue_size,158555,
metric,"round_125",boundary_queue_size,310,
metric,"round_125",accepted_local_collapses,128,
metric,"round_125",accepted_boundary_collapses,11,
metric,"round_125",skipped_boundary_edges,0,
metric,"round_125",rejected_conflicts,287,
metric,"round_125",repartitioned,1,
metric,"round_126",interior_edge_fraction,0.998182,
metric,"round_126",boundary_edge_fraction,0.00181763,
metric,"round_126",partition_load_imbalance,2.05004,
metric,"round_126",local_queue_size,158160,
metric,"round_126",boundary_queue_size,288,
metric,"round_126",accepted_local_collapses,128,
metric,"round_126",accepted_boundary_collapses,11,
metric,"round_126",skipped_boundary_edges,0,
metric,"round_126",rejected_conflicts,270,
metric,"round_126",repartitioned,1,
metric,"round_127",interior_edge_fraction,0.997671,
metric,"round_127",boundary_edge_fraction,0.00232866,
metric,"round_127",partition_load_imbalance,2.05815,
metric,"round_127",local_queue_size,157663,
metric,"round_127",boundary_queue_size,368,
metric,"round_127",accepted_local_collapses,128,
metric,"round_127",accepted_boundary_collapses,11,
metric,"round_127",skipped_boundary_edges,0,
metric,"round_127",rejected_conflicts,341,
metric,"round_127",repartitioned,1,
metric,"round_128",interior_edge_fraction,0.997805,
metric,"round_128",boundary_edge_fraction,0.00219524,
metric,"round_128",partition_load_imbalance,2.06225,
metric,"round_128",local_queue_size,157268,
metric,"round_128",boundary_queue_size,346,
metric,"round_128",accepted_local_collapses,128,
metric,"round_128",accepted_boundary_collapses,11,
metric,"round_128",skipped_boundary_edges,0,
metric,"round_128",rejected_conflicts,321,
metric,"round_128",repartitioned,1,
metric,"round_129",interior_edge_fraction,0.997653,
metric,"round_129",boundary_edge_fraction,0.00234737,
metric,"round_129",partition_load_imbalance,2.0682,
metric,"round_129",local_queue_size,156828,
metric,"round_129",boundary_queue_size,369,
metric,"round_129",accepted_local_collapses,128,
metric,"round_129",accepted_boundary_collapses,12,
metric,"round_129",skipped_boundary_edges,0,
metric,"round_129",rejected_conflicts,342,
metric,"round_129",repartitioned,1,
metric,"round_130",interior_edge_fraction,0.997799,
metric,"round_130",boundary_edge_fraction,0.00220058,
metric,"round_130",partition_load_imbalance,2.07235,
metric,"round_130",local_queue_size,156432,
metric,"round_130",boundary_queue_size,345,
metric,"round_130",accepted_local_collapses,128,
metric,"round_130",accepted_boundary_collapses,11,
metric,"round_130",skipped_boundary_edges,0,
metric,"round_130",rejected_conflicts,313,
metric,"round_130",repartitioned,1,
metric,"round_131",interior_edge_fraction,0.997768,
metric,"round_131",boundary_edge_fraction,0.00223203,
metric,"round_131",partition_load_imbalance,2.07769,
metric,"round_131",local_queue_size,156011,
metric,"round_131",boundary_queue_size,349,
metric,"round_131",accepted_local_collapses,128,
metric,"round_131",accepted_boundary_collapses,11,
metric,"round_131",skipped_boundary_edges,0,
metric,"round_131",rejected_conflicts,323,
metric,"round_131",repartitioned,1,
metric,"round_132",interior_edge_fraction,0.996698,
metric,"round_132",boundary_edge_fraction,0.00330249,
metric,"round_132",partition_load_imbalance,2.07894,
metric,"round_132",local_queue_size,155428,
metric,"round_132",boundary_queue_size,515,
metric,"round_132",accepted_local_collapses,128,
metric,"round_132",accepted_boundary_collapses,11,
metric,"round_132",skipped_boundary_edges,0,
metric,"round_132",rejected_conflicts,475,
metric,"round_132",repartitioned,1,
metric,"round_133",interior_edge_fraction,0.99683,
metric,"round_133",boundary_edge_fraction,0.00316989,
metric,"round_133",partition_load_imbalance,2.08327,
metric,"round_133",local_queue_size,155033,
metric,"round_133",boundary_queue_size,493,
metric,"round_133",accepted_local_collapses,128,
metric,"round_133",accepted_boundary_collapses,11,
metric,"round_133",skipped_boundary_edges,0,
metric,"round_133",rejected_conflicts,454,
metric,"round_133",repartitioned,1,
metric,"round_134",interior_edge_fraction,0.996686,
metric,"round_134",boundary_edge_fraction,0.0033138,
metric,"round_134",partition_load_imbalance,2.08943,
metric,"round_134",local_queue_size,154595,
metric,"round_134",boundary_queue_size,514,
metric,"round_134",accepted_local_collapses,128,
metric,"round_134",accepted_boundary_collapses,12,
metric,"round_134",skipped_boundary_edges,0,
metric,"round_134",rejected_conflicts,473,
metric,"round_134",repartitioned,1,
metric,"round_135",interior_edge_fraction,0.996832,
metric,"round_135",boundary_edge_fraction,0.00316765,
metric,"round_135",partition_load_imbalance,2.09382,
metric,"round_135",local_queue_size,154199,
metric,"round_135",boundary_queue_size,490,
metric,"round_135",accepted_local_collapses,128,
metric,"round_135",accepted_boundary_collapses,11,
metric,"round_135",skipped_boundary_edges,0,
metric,"round_135",rejected_conflicts,457,
metric,"round_135",repartitioned,1,
metric,"round_136",interior_edge_fraction,0.996966,
metric,"round_136",boundary_edge_fraction,0.0030336,
metric,"round_136",partition_load_imbalance,2.09826,
metric,"round_136",local_queue_size,153804,
metric,"round_136",boundary_queue_size,468,
metric,"round_136",accepted_local_collapses,128,
metric,"round_136",accepted_boundary_collapses,11,
metric,"round_136",skipped_boundary_edges,0,
metric,"round_136",rejected_conflicts,428,
metric,"round_136",repartitioned,1,
metric,"round_137",interior_edge_fraction,0.997101,
metric,"round_137",boundary_edge_fraction,0.00289883,
metric,"round_137",partition_load_imbalance,2.10274,
metric,"round_137",local_queue_size,153409,
metric,"round_137",boundary_queue_size,446,
metric,"round_137",accepted_local_collapses,128,
metric,"round_137",accepted_boundary_collapses,11,
metric,"round_137",skipped_boundary_edges,0,
metric,"round_137",rejected_conflicts,410,
metric,"round_137",repartitioned,1,
metric,"round_138",interior_edge_fraction,0.996624,
metric,"round_138",boundary_edge_fraction,0.00337596,
metric,"round_138",partition_load_imbalance,2.10636,
metric,"round_138",local_queue_size,152920,
metric,"round_138",boundary_queue_size,518,
metric,"round_138",accepted_local_collapses,128,
metric,"round_138",accepted_boundary_collapses,12,
metric,"round_138",skipped_boundary_edges,0,
metric,"round_138",rejected_conflicts,474,
metric,"round_138",repartitioned,1,
metric,"round_139",interior_edge_fraction,0.996772,
metric,"round_139",boundary_edge_fraction,0.00322838,
metric,"round_139",partition_load_imbalance,2.11089,
metric,"round_139",local_queue_size,152524,
metric,"round_139",boundary_queue_size,494,
metric,"round_139",accepted_local_collapses,128,
metric,"round_139",accepted_boundary_collapses,11,
metric,"round_139",skipped_boundary_edges,0,
metric,"round_139",rejected_conflicts,455,
metric,"round_139",repartitioned,1,
metric,"round_140",interior_edge_fraction,0.996914,
metric,"round_140",boundary_edge_fraction,0.00308648,
metric,"round_140",partition_load_imbalance,2.11538,
metric,"round_140",local_queue_size,152130,
metric,"round_140",boundary_queue_size,471,
metric,"round_140",accepted_local_collapses,128,
metric,"round_140",accepted_boundary_collapses,11,
metric,"round_140",skipped_boundary_edges,0,
metric,"round_140",rejected_conflicts,435,
metric,"round_140",repartitioned,1,
metric,"round_141",interior_edge_fraction,0.996609,
metric,"round_141",boundary_edge_fraction,0.00339063,
metric,"round_141",partition_load_imbalance,2.12293,
metric,"round_141",local_queue_size,151668,
metric,"round_141",boundary_queue_size,516,
metric,"round_141",accepted_local_collapses,128,
metric,"round_141",accepted_boundary_collapses,11,
metric,"round_141",skipped_boundary_edges,0,
metric,"round_141",rejected_conflicts,474,
metric,"round_141",repartitioned,1,
metric,"round_142",interior_edge_fraction,0.996745,
metric,"round_142",boundary_edge_fraction,0.00325499,
metric,"round_142",partition_load_imbalance,2.12761,
metric,"round_142",local_queue_size,151273,
metric,"round_142",boundary_queue_size,494,
metric,"round_142",accepted_local_collapses,128,
metric,"round_142",accepted_boundary_collapses,10,
metric,"round_142",skipped_boundary_edges,0,
metric,"round_142",rejected_conflicts,458,
metric,"round_142",repartitioned,1,
metric,"round_143",interior_edge_fraction,0.996868,
metric,"round_143",boundary_edge_fraction,0.00313175,
metric,"round_143",partition_load_imbalance,2.13228,
metric,"round_143",local_queue_size,150879,
metric,"round_143",boundary_queue_size,474,
metric,"round_143",accepted_local_collapses,128,
metric,"round_143",accepted_boundary_collapses,10,
metric,"round_143",skipped_boundary_edges,0,
metric,"round_143",rejected_conflicts,438,
metric,"round_143",repartitioned,1,
metric,"round_144",interior_edge_fraction,0.996992,
metric,"round_144",boundary_edge_fraction,0.00300784,
metric,"round_144",partition_load_imbalance,2.137,
metric,"round_144",local_queue_size,150485,
metric,"round_144",boundary_queue_size,454,
metric,"round_144",accepted_local_collapses,128,
metric,"round_144",accepted_boundary_collapses,10,
metric,"round_144",skipped_boundary_edges,0,
metric,"round_144",rejected_conflicts,416,
metric,"round_144",repartitioned,1,
metric,"round_145",interior_edge_fraction,0.99715,
metric,"round_145",boundary_edge_fraction,0.00285002,
metric,"round_145",partition_load_imbalance,2.14186,
metric,"round_145",local_queue_size,150096,
metric,"round_145",boundary_queue_size,429,
metric,"round_145",accepted_local_collapses,128,
metric,"round_145",accepted_boundary_collapses,9,
metric,"round_145",skipped_boundary_edges,0,
metric,"round_145",rejected_conflicts,399,
metric,"round_145",repartitioned,1,
metric,"round_146",interior_edge_fraction,0.997262,
metric,"round_146",boundary_edge_fraction,0.00273792,
metric,"round_146",partition_load_imbalance,2.14667,
metric,"round_146",local_queue_size,149703,
metric,"round_146",boundary_queue_size,411,
metric,"round_146",accepted_local_collapses,128,
metric,"round_146",accepted_boundary_collapses,9,
metric,"round_146",skipped_boundary_edges,0,
metric,"round_146",rejected_conflicts,383,
metric,"round_146",repartitioned,1,
metric,"round_147",interior_edge_fraction,0.997381,
metric,"round_147",boundary_edge_fraction,0.00261852,
metric,"round_147",partition_load_imbalance,2.15148,
metric,"round_147",local_queue_size,149311,
metric,"round_147",boundary_queue_size,392,
metric,"round_147",accepted_local_collapses,128,
metric,"round_147",accepted_boundary_collapses,9,
metric,"round_147",skipped_boundary_edges,0,
metric,"round_147",rejected_conflicts,371,
metric,"round_147",repartitioned,1,
metric,"round_148",interior_edge_fraction,0.997234,
metric,"round_148",boundary_edge_fraction,0.00276639,
metric,"round_148",partition_load_imbalance,2.15823,
metric,"round_148",local_queue_size,148879,
metric,"round_148",boundary_queue_size,413,
metric,"round_148",accepted_local_collapses,128,
metric,"round_148",accepted_boundary_collapses,9,
metric,"round_148",skipped_boundary_edges,0,
metric,"round_148",rejected_conflicts,389,
metric,"round_148",repartitioned,1,
metric,"round_149",interior_edge_fraction,0.997347,
metric,"round_149",boundary_edge_fraction,0.00265313,
metric,"round_149",partition_load_imbalance,2.16318,
metric,"round_149",local_queue_size,148486,
metric,"round_149",boundary_queue_size,395,
metric,"round_149",accepted_local_collapses,128,
metric,"round_149",accepted_boundary_collapses,9,
metric,"round_149",skipped_boundary_edges,0,
metric,"round_149",rejected_conflicts,381,
metric,"round_149",repartitioned,1,
metric,"round_150",interior_edge_fraction,0.997461,
metric,"round_150",boundary_edge_fraction,0.00253923,
metric,"round_150",partition_load_imbalance,2.16817,
metric,"round_150",local_queue_size,148093,
metric,"round_150",boundary_queue_size,377,
metric,"round_150",accepted_local_collapses,128,
metric,"round_150",accepted_boundary_collapses,9,
metric,"round_150",skipped_boundary_edges,0,
metric,"round_150",rejected_conflicts,357,
metric,"round_150",repartitioned,1,
metric,"round_151",interior_edge_fraction,0.997575,
metric,"round_151",boundary_edge_fraction,0.00242471,
metric,"round_151",partition_load_imbalance,2.17321,
metric,"round_151",local_queue_size,147700,
metric,"round_151",boundary_queue_size,359,
metric,"round_151",accepted_local_collapses,128,
metric,"round_151",accepted_boundary_collapses,9,
metric,"round_151",skipped_boundary_edges,0,
metric,"round_151",rejected_conflicts,337,
metric,"round_151",repartitioned,1,
metric,"round_152",interior_edge_fraction,0.997331,
metric,"round_152",boundary_edge_fraction,0.00266851,
metric,"round_152",partition_load_imbalance,2.18084,
metric,"round_152",local_queue_size,147254,
metric,"round_152",boundary_queue_size,394,
metric,"round_152",accepted_local_collapses,128,
metric,"round_152",accepted_boundary_collapses,9,
metric,"round_152",skipped_boundary_edges,0,
metric,"round_152",rejected_conflicts,370,
metric,"round_152",repartitioned,1,
metric,"round_153",interior_edge_fraction,0.997446,
metric,"round_153",boundary_edge_fraction,0.00255371,
metric,"round_153",partition_load_imbalance,2.18598,
metric,"round_153",local_queue_size,146861,
metric,"round_153",boundary_queue_size,376,
metric,"round_153",accepted_local_collapses,128,
metric,"round_153",accepted_boundary_collapses,9,
metric,"round_153",skipped_boundary_edges,0,
metric,"round_153",rejected_conflicts,351,
metric,"round_153",repartitioned,1,
metric,"round_154",interior_edge_fraction,0.997439,
metric,"round_154",boundary_edge_fraction,0.00256085,
metric,"round_154",partition_load_imbalance,2.19202,
metric,"round_154",local_queue_size,146450,
metric,"round_154",boundary_queue_size,376,
metric,"round_154",accepted_local_collapses,128,
metric,"round_154",accepted_boundary_collapses,9,
metric,"round_154",skipped_boundary_edges,0,
metric,"round_154",rejected_conflicts,351,
metric,"round_154",repartitioned,1,
metric,"round_155",interior_edge_fraction,0.997555,
metric,"round_155",boundary_edge_fraction,0.0024451,
metric,"round_155",partition_load_imbalance,2.19725,
metric,"round_155",local_queue_size,146057,
metric,"round_155",boundary_queue_size,358,
metric,"round_155",accepted_local_collapses,128,
metric,"round_155",accepted_boundary_collapses,9,
metric,"round_155",skipped_boundary_edges,0,
metric,"round_155",rejected_conflicts,340,
metric,"round_155",repartitioned,1,
metric,"round_156",interior_edge_fraction,0.997671,
metric,"round_156",boundary_edge_fraction,0.0023287,
metric,"round_156",partition_load_imbalance,2.20253,
metric,"round_156",local_queue_size,145664,
metric,"round_156",boundary_queue_size,340,
metric,"round_156",accepted_local_collapses,128,
metric,"round_156",accepted_boundary_collapses,9,
metric,"round_156",skipped_boundary_edges,0,
metric,"round_156",rejected_conflicts,318,
metric,"round_156",repartitioned,1,
metric,"round_157",interior_edge_fraction,0.997802,
metric,"round_157",boundary_edge_fraction,0.00219791,
metric,"round_157",partition_load_imbalance,2.20776,
metric,"round_157",local_queue_size,145273,
metric,"round_157",boundary_queue_size,320,
metric,"round_157",accepted_local_collapses,128,
metric,"round_157",accepted_boundary_collapses,9,
metric,"round_157",skipped_boundary_edges,0,
metric,"round_157",rejected_conflicts,296,
metric,"round_157",repartitioned,1,
metric,"round_158",interior_edge_fraction,0.99792,
metric,"round_158",boundary_edge_fraction,0.00208015,
metric,"round_158",partition_load_imbalance,2.21313,
metric,"round_158",local_queue_size,144880,
metric,"round_158",boundary_queue_size,302,
metric,"round_158",accepted_local_collapses,128,
metric,"round_158",accepted_boundary_collapses,8,
metric,"round_158",skipped_boundary_edges,0,
metric,"round_158",rejected_conflicts,280,
metric,"round_158",repartitioned,1,
metric,"round_159",interior_edge_fraction,0.998025,
metric,"round_159",boundary_edge_fraction,0.00197549,
metric,"round_159",partition_load_imbalance,2.2185,
metric,"round_159",local_queue_size,144488,
metric,"round_159",boundary_queue_size,286,
metric,"round_159",accepted_local_collapses,128,
metric,"round_159",accepted_boundary_collapses,8,
metric,"round_159",skipped_boundary_edges,0,
metric,"round_159",rejected_conflicts,268,
metric,"round_159",repartitioned,1,
metric,"round_160",interior_edge_fraction,0.99813,
metric,"round_160",boundary_edge_fraction,0.00187025,
metric,"round_160",partition_load_imbalance,2.22391,
metric,"round_160",local_queue_size,144096,
metric,"round_160",boundary_queue_size,270,
metric,"round_160",accepted_local_collapses,128,
metric,"round_160",accepted_boundary_collapses,8,
metric,"round_160",skipped_boundary_edges,0,
metric,"round_160",rejected_conflicts,255,
metric,"round_160",repartitioned,1,
metric,"round_161",interior_edge_fraction,0.998236,
metric,"round_161",boundary_edge_fraction,0.0017644,
metric,"round_161",partition_load_imbalance,2.22938,
metric,"round_161",local_queue_size,143704,
metric,"round_161",boundary_queue_size,254,
metric,"round_161",accepted_local_collapses,128,
metric,"round_161",accepted_boundary_collapses,8,
metric,"round_161",skipped_boundary_edges,0,
metric,"round_161",rejected_conflicts,237,
metric,"round_161",repartitioned,1,
metric,"round_162",interior_edge_fraction,0.998342,
metric,"round_162",boundary_edge_fraction,0.00165796,
metric,"round_162",partition_load_imbalance,2.23489,
metric,"round_162",local_queue_size,143312,
metric,"round_162",boundary_queue_size,238,
metric,"round_162",accepted_local_collapses,128,
metric,"round_162",accepted_boundary_collapses,8,
metric,"round_162",skipped_boundary_edges,0,
metric,"round_162",rejected_conflicts,224,
metric,"round_162",repartitioned,1,
metric,"round_163",interior_edge_fraction,0.998295,
metric,"round_163",boundary_edge_fraction,0.0017046,
metric,"round_163",partition_load_imbalance,2.24157,
metric,"round_163",local_queue_size,142898,
metric,"round_163",boundary_queue_size,244,
metric,"round_163",accepted_local_collapses,128,
metric,"round_163",accepted_boundary_collapses,8,
metric,"round_163",skipped_boundary_edges,0,
metric,"round_163",rejected_conflicts,226,
metric,"round_163",repartitioned,1,
metric,"round_164",interior_edge_fraction,0.998403,
metric,"round_164",boundary_edge_fraction,0.00159738,
metric,"round_164",partition_load_imbalance,2.24719,
metric,"round_164",local_queue_size,142506,
metric,"round_164",boundary_queue_size,228,
metric,"round_164",accepted_local_collapses,128,
metric,"round_164",accepted_boundary_collapses,8,
metric,"round_164",skipped_boundary_edges,0,
metric,"round_164",rejected_conflicts,213,
metric,"round_164",repartitioned,1,
metric,"round_165",interior_edge_fraction,0.99851,
metric,"round_165",boundary_edge_fraction,0.00148954,
metric,"round_165",partition_load_imbalance,2.25286,
metric,"round_165",local_queue_size,142114,
metric,"round_165",boundary_queue_size,212,
metric,"round_165",accepted_local_collapses,128,
metric,"round_165",accepted_boundary_collapses,8,
metric,"round_165",skipped_boundary_edges,0,
metric,"round_165",rejected_conflicts,196,
metric,"round_165",repartitioned,1,
metric,"round_166",interior_edge_fraction,0.998619,
metric,"round_166",boundary_edge_fraction,0.00138108,
metric,"round_166",partition_load_imbalance,2.25858,
metric,"round_166",local_queue_size,141722,
metric,"round_166",boundary_queue_size,196,
metric,"round_166",accepted_local_collapses,128,
metric,"round_166",accepted_boundary_collapses,8,
metric,"round_166",skipped_boundary_edges,0,
metric,"round_166",rejected_conflicts,183,
metric,"round_166",repartitioned,1,
metric,"round_167",interior_edge_fraction,0.998728,
metric,"round_167",boundary_edge_fraction,0.00127199,
metric,"round_167",partition_load_imbalance,2.26435,
metric,"round_167",local_queue_size,141330,
metric,"round_167",boundary_queue_size,180,
metric,"round_167",accepted_local_collapses,128,
metric,"round_167",accepted_boundary_collapses,8,
metric,"round_167",skipped_boundary_edges,0,
metric,"round_167",rejected_conflicts,169,
metric,"round_167",repartitioned,1,
metric,"round_168",interior_edge_fraction,0.998838,
metric,"round_168",boundary_edge_fraction,0.00116228,
metric,"round_168",partition_load_imbalance,2.2701,
metric,"round_168",local_queue_size,140938,
metric,"round_168",boundary_queue_size,164,
metric,"round_168",accepted_local_collapses,128,
metric,"round_168",accepted_boundary_collapses,8,
metric,"round_168",skipped_boundary_edges,0,
metric,"round_168",rejected_conflicts,153,
metric,"round_168",repartitioned,1,
metric,"round_169",interior_edge_fraction,0.998692,
metric,"round_169",boundary_edge_fraction,0.0013078,
metric,"round_169",partition_load_imbalance,2.27491,
metric,"round_169",local_queue_size,140510,
metric,"round_169",boundary_queue_size,184,
metric,"round_169",accepted_local_collapses,128,
metric,"round_169",accepted_boundary_collapses,9,
metric,"round_169",skipped_boundary_edges,0,
metric,"round_169",rejected_conflicts,166,
metric,"round_169",repartitioned,1,
metric,"round_170",interior_edge_fraction,0.998603,
metric,"round_170",boundary_edge_fraction,0.00139718,
metric,"round_170",partition_load_imbalance,2.27988,
metric,"round_170",local_queue_size,140087,
metric,"round_170",boundary_queue_size,196,
metric,"round_170",accepted_local_collapses,128,
metric,"round_170",accepted_boundary_collapses,9,
metric,"round_170",skipped_boundary_edges,0,
metric,"round_170",rejected_conflicts,174,
metric,"round_170",repartitioned,1,
metric,"round_171",interior_edge_fraction,0.998727,
metric,"round_171",boundary_edge_fraction,0.00127259,
metric,"round_171",partition_load_imbalance,2.28576,
metric,"round_171",local_queue_size,139694,
metric,"round_171",boundary_queue_size,178,
metric,"round_171",accepted_local_collapses,128,
metric,"round_171",accepted_boundary_collapses,9,
metric,"round_171",skipped_boundary_edges,0,
metric,"round_171",rejected_conflicts,161,
metric,"round_171",repartitioned,1,
metric,"round_172",interior_edge_fraction,0.998673,
metric,"round_172",boundary_edge_fraction,0.00132654,
metric,"round_172",partition_load_imbalance,2.29304,
metric,"round_172",local_queue_size,139276,
metric,"round_172",boundary_queue_size,185,
metric,"round_172",accepted_local_collapses,128,
metric,"round_172",accepted_boundary_collapses,10,
metric,"round_172",skipped_boundary_edges,0,
metric,"round_172",rejected_conflicts,166,
metric,"round_172",repartitioned,1,
metric,"round_173",interior_edge_fraction,0.998511,
metric,"round_173",boundary_edge_fraction,0.00148871,
metric,"round_173",partition_load_imbalance,2.29755,
metric,"round_173",local_queue_size,138840,
metric,"round_173",boundary_queue_size,207,
metric,"round_173",accepted_local_collapses,128,
metric,"round_173",accepted_boundary_collapses,10,
metric,"round_173",skipped_boundary_edges,0,
metric,"round_173",rejected_conflicts,191,
metric,"round_173",repartitioned,1,
metric,"round_174",interior_edge_fraction,0.998651,
metric,"round_174",boundary_edge_fraction,0.00134889,
metric,"round_174",partition_load_imbalance,2.30349,
metric,"round_174",local_queue_size,138446,
metric,"round_174",boundary_queue_size,187,
metric,"round_174",accepted_local_collapses,128,
metric,"round_174",accepted_boundary_collapses,10,
metric,"round_174",skipped_boundary_edges,0,
metric,"round_174",rejected_conflicts,172,
metric,"round_174",repartitioned,1,
metric,"round_175",interior_edge_fraction,0.997569,
metric,"round_175",boundary_edge_fraction,0.00243092,
metric,"round_175",partition_load_imbalance,2.30544,
metric,"round_175",local_queue_size,137883,
metric,"round_175",boundary_queue_size,336,
metric,"round_175",accepted_local_collapses,128,
metric,"round_175",accepted_boundary_collapses,9,
metric,"round_175",skipped_boundary_edges,0,
metric,"round_175",rejected_conflicts,304,
metric,"round_175",repartitioned,1,
metric,"round_176",interior_edge_fraction,0.99746,
metric,"round_176",boundary_edge_fraction,0.00253977,
metric,"round_176",partition_load_imbalance,2.31073,
metric,"round_176",local_queue_size,137458,
metric,"round_176",boundary_queue_size,350,
metric,"round_176",accepted_local_collapses,128,
metric,"round_176",accepted_boundary_collapses,10,
metric,"round_176",skipped_boundary_edges,0,
metric,"round_176",rejected_conflicts,328,
metric,"round_176",repartitioned,1,
metric,"round_177",interior_edge_fraction,0.997598,
metric,"round_177",boundary_edge_fraction,0.00240185,
metric,"round_177",partition_load_imbalance,2.31689,
metric,"round_177",local_queue_size,137064,
metric,"round_177",boundary_queue_size,330,
metric,"round_177",accepted_local_collapses,128,
metric,"round_177",accepted_boundary_collapses,9,
metric,"round_177",skipped_boundary_edges,0,
metric,"round_177",rejected_conflicts,306,
metric,"round_177",repartitioned,1,
metric,"round_178",interior_edge_fraction,0.997722,
metric,"round_178",boundary_edge_fraction,0.00227765,
metric,"round_178",partition_load_imbalance,2.32298,
metric,"round_178",local_queue_size,136671,
metric,"round_178",boundary_queue_size,312,
metric,"round_178",accepted_local_collapses,128,
metric,"round_178",accepted_boundary_collapses,8,
metric,"round_178",skipped_boundary_edges,0,
metric,"round_178",rejected_conflicts,291,
metric,"round_178",repartitioned,1,
metric,"round_179",interior_edge_fraction,0.997855,
metric,"round_179",boundary_edge_fraction,0.00214534,
metric,"round_179",partition_load_imbalance,2.32899,
metric,"round_179",local_queue_size,136282,
metric,"round_179",boundary_queue_size,293,
metric,"round_179",accepted_local_collapses,128,
metric,"round_179",accepted_boundary_collapses,8,
metric,"round_179",skipped_boundary_edges,0,
metric,"round_179",rejected_conflicts,272,
metric,"round_179",repartitioned,1,
metric,"round_180",interior_edge_fraction,0.997048,
metric,"round_180",boundary_edge_fraction,0.00295226,
metric,"round_180",partition_load_imbalance,2.3424,
metric,"round_180",local_queue_size,135765,
metric,"round_180",boundary_queue_size,402,
metric,"round_180",accepted_local_collapses,128,
metric,"round_180",accepted_boundary_collapses,8,
metric,"round_180",skipped_boundary_edges,0,
metric,"round_180",rejected_conflicts,376,
metric,"round_180",repartitioned,1,
metric,"round_181",interior_edge_fraction,0.997157,
metric,"round_181",boundary_edge_fraction,0.00284327,
metric,"round_181",partition_load_imbalance,2.34874,
metric,"round_181",local_queue_size,135373,
metric,"round_181",boundary_queue_size,386,
metric,"round_181",accepted_local_collapses,128,
metric,"round_181",accepted_boundary_collapses,8,
metric,"round_181",skipped_boundary_edges,0,
metric,"round_181",rejected_conflicts,361,
metric,"round_181",repartitioned,1,
metric,"round_182",interior_edge_fraction,0.997266,
metric,"round_182",boundary_edge_fraction,0.00273363,
metric,"round_182",partition_load_imbalance,2.35515,
metric,"round_182",local_queue_size,134981,
metric,"round_182",boundary_queue_size,370,
metric,"round_182",accepted_local_collapses,128,
metric,"round_182",accepted_boundary_collapses,8,
metric,"round_182",skipped_boundary_edges,0,
metric,"round_182",rejected_conflicts,349,
metric,"round_182",repartitioned,1,
metric,"round_183",interior_edge_fraction,0.997399,
metric,"round_183",boundary_edge_fraction,0.0026011,
metric,"round_183",partition_load_imbalance,2.36144,
metric,"round_183",local_queue_size,134592,
metric,"round_183",boundary_queue_size,351,
metric,"round_183",accepted_local_collapses,128,
metric,"round_183",accepted_boundary_collapses,8,
metric,"round_183",skipped_boundary_edges,0,
metric,"round_183",rejected_conflicts,335,
metric,"round_183",repartitioned,1,
metric,"round_184",interior_edge_fraction,0.997272,
metric,"round_184",boundary_edge_fraction,0.00272791,
metric,"round_184",partition_load_imbalance,2.36995,
metric,"round_184",local_queue_size,134168,
metric,"round_184",boundary_queue_size,367,
metric,"round_184",accepted_local_collapses,128,
metric,"round_184",accepted_boundary_collapses,8,
metric,"round_184",skipped_boundary_edges,0,
metric,"round_184",rejected_conflicts,349,
metric,"round_184",repartitioned,1,
metric,"round_185",interior_edge_fraction,0.997383,
metric,"round_185",boundary_edge_fraction,0.00261692,
metric,"round_185",partition_load_imbalance,2.37656,
metric,"round_185",local_queue_size,133776,
metric,"round_185",boundary_queue_size,351,
metric,"round_185",accepted_local_collapses,128,
metric,"round_185",accepted_boundary_collapses,8,
metric,"round_185",skipped_boundary_edges,0,
metric,"round_185",rejected_conflicts,333,
metric,"round_185",repartitioned,1,
metric,"round_186",interior_edge_fraction,0.997495,
metric,"round_186",boundary_edge_fraction,0.00250525,
metric,"round_186",partition_load_imbalance,2.38323,
metric,"round_186",local_queue_size,133384,
metric,"round_186",boundary_queue_size,335,
metric,"round_186",accepted_local_collapses,128,
metric,"round_186",accepted_boundary_collapses,7,
metric,"round_186",skipped_boundary_edges,0,
metric,"round_186",rejected_conflicts,319,
metric,"round_186",repartitioned,1,
metric,"round_187",interior_edge_fraction,0.997592,
metric,"round_187",boundary_edge_fraction,0.00240785,
metric,"round_187",partition_load_imbalance,2.39,
metric,"round_187",local_queue_size,132993,
metric,"round_187",boundary_queue_size,321,
metric,"round_187",accepted_local_collapses,128,
metric,"round_187",accepted_boundary_collapses,7,
metric,"round_187",skipped_boundary_edges,0,
metric,"round_187",rejected_conflicts,307,
metric,"round_187",repartitioned,1,
metric,"round_188",interior_edge_fraction,0.996592,
metric,"round_188",boundary_edge_fraction,0.00340835,
metric,"round_188",partition_load_imbalance,2.39248,
metric,"round_188",local_queue_size,132456,
metric,"round_188",boundary_queue_size,453,
metric,"round_188",accepted_local_collapses,128,
metric,"round_188",accepted_boundary_collapses,7,
metric,"round_188",skipped_boundary_edges,0,
metric,"round_188",rejected_conflicts,425,
metric,"round_188",repartitioned,1,
metric,"round_189",interior_edge_fraction,0.996687,
metric,"round_189",boundary_edge_fraction,0.00331311,
metric,"round_189",partition_load_imbalance,2.39936,
metric,"round_189",local_queue_size,132065,
metric,"round_189",boundary_queue_size,439,
metric,"round_189",accepted_local_collapses,128,
metric,"round_189",accepted_boundary_collapses,7,
metric,"round_189",skipped_boundary_edges,0,
metric,"round_189",rejected_conflicts,415,
metric,"round_189",repartitioned,1,
metric,"round_190",interior_edge_fraction,0.996783,
metric,"round_190",boundary_edge_fraction,0.00321728,
metric,"round_190",partition_load_imbalance,2.4063,
metric,"round_190",local_queue_size,131674,
metric,"round_190",boundary_queue_size,425,
metric,"round_190",accepted_local_collapses,128,
metric,"round_190",accepted_boundary_collapses,7,
metric,"round_190",skipped_boundary_edges,0,
metric,"round_190",rejected_conflicts,405,
metric,"round_190",repartitioned,1,
metric,"round_191",interior_edge_fraction,0.996879,
metric,"round_191",boundary_edge_fraction,0.00312087,
metric,"round_191",partition_load_imbalance,2.41332,
metric,"round_191",local_queue_size,131283,
metric,"round_191",boundary_queue_size,411,
metric,"round_191",accepted_local_collapses,128,
metric,"round_191",accepted_boundary_collapses,7,
metric,"round_191",skipped_boundary_edges,0,
metric,"round_191",rejected_conflicts,388,
metric,"round_191",repartitioned,1,
metric,"round_192",interior_edge_fraction,0.997007,
metric,"round_192",boundary_edge_fraction,0.0029934,
metric,"round_192",partition_load_imbalance,2.42051,
metric,"round_192",local_queue_size,130896,
metric,"round_192",boundary_queue_size,393,
metric,"round_192",accepted_local_collapses,128,
metric,"round_192",accepted_boundary_collapses,6,
metric,"round_192",skipped_boundary_edges,0,
metric,"round_192",rejected_conflicts,373,
metric,"round_192",repartitioned,1,
metric,"round_193",interior_edge_fraction,0.997089,
metric,"round_193",boundary_edge_fraction,0.00291091,
metric,"round_193",partition_load_imbalance,2.42769,
metric,"round_193",local_queue_size,130506,
metric,"round_193",boundary_queue_size,381,
metric,"round_193",accepted_local_collapses,128,
metric,"round_193",accepted_boundary_collapses,6,
metric,"round_193",skipped_boundary_edges,0,
metric,"round_193",rejected_conflicts,359,
metric,"round_193",repartitioned,1,
metric,"round_194",interior_edge_fraction,0.997172,
metric,"round_194",boundary_edge_fraction,0.00282791,
metric,"round_194",partition_load_imbalance,2.43495,
metric,"round_194",local_queue_size,130116,
metric,"round_194",boundary_queue_size,369,
metric,"round_194",accepted_local_collapses,128,
metric,"round_194",accepted_boundary_collapses,6,
metric,"round_194",skipped_boundary_edges,0,
metric,"round_194",rejected_conflicts,349,
metric,"round_194",repartitioned,1,
metric,"round_195",interior_edge_fraction,0.997256,
metric,"round_195",boundary_edge_fraction,0.0027444,
metric,"round_195",partition_load_imbalance,2.44229,
metric,"round_195",local_queue_size,129726,
metric,"round_195",boundary_queue_size,357,
metric,"round_195",accepted_local_collapses,128,
metric,"round_195",accepted_boundary_collapses,6,
metric,"round_195",skipped_boundary_edges,0,
metric,"round_195",rejected_conflicts,339,
metric,"round_195",repartitioned,1,
metric,"round_196",interior_edge_fraction,0.99734,
metric,"round_196",boundary_edge_fraction,0.00266037,
metric,"round_196",partition_load_imbalance,2.4497,
metric,"round_196",local_queue_size,129336,
metric,"round_196",boundary_queue_size,345,
metric,"round_196",accepted_local_collapses,128,
metric,"round_196",accepted_boundary_collapses,6,
metric,"round_196",skipped_boundary_edges,0,
metric,"round_196",rejected_conflicts,323,
metric,"round_196",repartitioned,1,
metric,"round_197",interior_edge_fraction,0.997424,
metric,"round_197",boundary_edge_fraction,0.00257582,
metric,"round_197",partition_load_imbalance,2.45718,
metric,"round_197",local_queue_size,128946,
metric,"round_197",boundary_queue_size,333,
metric,"round_197",accepted_local_collapses,128,
metric,"round_197",accepted_boundary_collapses,6,
metric,"round_197",skipped_boundary_edges,0,
metric,"round_197",rejected_conflicts,314,
metric,"round_197",repartitioned,1,
metric,"round_198",interior_edge_fraction,0.997509,
metric,"round_198",boundary_edge_fraction,0.00249075,
metric,"round_198",partition_load_imbalance,2.46484,
metric,"round_198",local_queue_size,128556,
metric,"round_198",boundary_queue_size,321,
metric,"round_198",accepted_local_collapses,128,
metric,"round_198",accepted_boundary_collapses,5,
metric,"round_198",skipped_boundary_edges,0,
metric,"round_198",rejected_conflicts,302,
metric,"round_198",repartitioned,1,
metric,"round_199",interior_edge_fraction,0.997385,
metric,"round_199",boundary_edge_fraction,0.00261523,
metric,"round_199",partition_load_imbalance,2.47419,
metric,"round_199",local_queue_size,128142,
metric,"round_199",boundary_queue_size,336,
metric,"round_199",accepted_local_collapses,128,
metric,"round_199",accepted_boundary_collapses,5,
metric,"round_199",skipped_boundary_edges,0,
metric,"round_199",rejected_conflicts,311,
metric,"round_199",repartitioned,1,
metric,"round_200",interior_edge_fraction,0.997455,
metric,"round_200",boundary_edge_fraction,0.0025453,
metric,"round_200",partition_load_imbalance,2.48196,
metric,"round_200",local_queue_size,127753,
metric,"round_200",boundary_queue_size,326,
metric,"round_200",accepted_local_collapses,128,
metric,"round_200",accepted_boundary_collapses,5,
metric,"round_200",skipped_boundary_edges,0,
metric,"round_200",rejected_conflicts,305,
metric,"round_200",repartitioned,1,
metric,"round_201",interior_edge_fraction,0.997525,
metric,"round_201",boundary_edge_fraction,0.00247494,
metric,"round_201",partition_load_imbalance,2.48981,
metric,"round_201",local_queue_size,127364,
metric,"round_201",boundary_queue_size,316,
metric,"round_201",accepted_local_collapses,128,
metric,"round_201",accepted_boundary_collapses,5,
metric,"round_201",skipped_boundary_edges,0,
metric,"round_201",rejected_conflicts,295,
metric,"round_201",repartitioned,1,
metric,"round_202",interior_edge_fraction,0.997596,
metric,"round_202",boundary_edge_fraction,0.00240413,
metric,"round_202",partition_load_imbalance,2.49774,
metric,"round_202",local_queue_size,126975,
metric,"round_202",boundary_queue_size,306,
metric,"round_202",accepted_local_collapses,128,
metric,"round_202",accepted_boundary_collapses,5,
metric,"round_202",skipped_boundary_edges,0,
metric,"round_202",rejected_conflicts,290,
metric,"round_202",repartitioned,1,
metric,"round_203",interior_edge_fraction,0.997667,
metric,"round_203",boundary_edge_fraction,0.00233288,
metric,"round_203",partition_load_imbalance,2.50576,
metric,"round_203",local_queue_size,126586,
metric,"round_203",boundary_queue_size,296,
metric,"round_203",accepted_local_collapses,128,
metric,"round_203",accepted_boundary_collapses,5,
metric,"round_203",skipped_boundary_edges,0,
metric,"round_203",rejected_conflicts,280,
metric,"round_203",repartitioned,1,
metric,"round_204",interior_edge_fraction,0.997739,
metric,"round_204",boundary_edge_fraction,0.00226117,
metric,"round_204",partition_load_imbalance,2.51387,
metric,"round_204",local_queue_size,126197,
metric,"round_204",boundary_queue_size,286,
metric,"round_204",accepted_local_collapses,128,
metric,"round_204",accepted_boundary_collapses,5,
metric,"round_204",skipped_boundary_edges,0,
metric,"round_204",rejected_conflicts,273,
metric,"round_204",repartitioned,1,
metric,"round_205",interior_edge_fraction,0.997811,
metric,"round_205",boundary_edge_fraction,0.00218902,
metric,"round_205",partition_load_imbalance,2.52206,
metric,"round_205",local_queue_size,125808,
metric,"round_205",boundary_queue_size,276,
metric,"round_205",accepted_local_collapses,128,
metric,"round_205",accepted_boundary_collapses,5,
metric,"round_205",skipped_boundary_edges,0,
metric,"round_205",rejected_conflicts,265,
metric,"round_205",repartitioned,1,
metric,"round_206",interior_edge_fraction,0.997884,
metric,"round_206",boundary_edge_fraction,0.0021164,
metric,"round_206",partition_load_imbalance,2.53034,
metric,"round_206",local_queue_size,125419,
metric,"round_206",boundary_queue_size,266,
metric,"round_206",accepted_local_collapses,128,
metric,"round_206",accepted_boundary_collapses,5,
metric,"round_206",skipped_boundary_edges,0,
metric,"round_206",rejected_conflicts,254,
metric,"round_206",repartitioned,1,
metric,"round_207",interior_edge_fraction,0.997957,
metric,"round_207",boundary_edge_fraction,0.00204332,
metric,"round_207",partition_load_imbalance,2.53872,
metric,"round_207",local_queue_size,125030,
metric,"round_207",boundary_queue_size,256,
metric,"round_207",accepted_local_collapses,128,
metric,"round_207",accepted_boundary_collapses,5,
metric,"round_207",skipped_boundary_edges,0,
metric,"round_207",rejected_conflicts,244,
metric,"round_207",repartitioned,1,
metric,"round_208",interior_edge_fraction,0.99803,
metric,"round_208",boundary_edge_fraction,0.00196978,
metric,"round_208",partition_load_imbalance,2.54719,
metric,"round_208",local_queue_size,124641,
metric,"round_208",boundary_queue_size,246,
metric,"round_208",accepted_local_collapses,128,
metric,"round_208",accepted_boundary_collapses,5,
metric,"round_208",skipped_boundary_edges,0,
metric,"round_208",rejected_conflicts,236,
metric,"round_208",repartitioned,1,
metric,"round_209",interior_edge_fraction,0.998104,
metric,"round_209",boundary_edge_fraction,0.00189577,
metric,"round_209",partition_load_imbalance,2.55575,
metric,"round_209",local_queue_size,124252,
metric,"round_209",boundary_queue_size,236,
metric,"round_209",accepted_local_collapses,128,
metric,"round_209",accepted_boundary_collapses,5,
metric,"round_209",skipped_boundary_edges,0,
metric,"round_209",rejected_conflicts,226,
metric,"round_209",repartitioned,1,
metric,"round_210",interior_edge_fraction,0.998203,
metric,"round_210",boundary_edge_fraction,0.0017971,
metric,"round_210",partition_load_imbalance,2.56418,
metric,"round_210",local_queue_size,123866,
metric,"round_210",boundary_queue_size,223,
metric,"round_210",accepted_local_collapses,128,
metric,"round_210",accepted_boundary_collapses,5,
metric,"round_210",skipped_boundary_edges,0,
metric,"round_210",rejected_conflicts,216,
metric,"round_210",repartitioned,1,
metric,"round_211",interior_edge_fraction,0.998278,
metric,"round_211",boundary_edge_fraction,0.00172205,
metric,"round_211",partition_load_imbalance,2.57293,
metric,"round_211",local_queue_size,123477,
metric,"round_211",boundary_queue_size,213,
metric,"round_211",accepted_local_collapses,128,
metric,"round_211",accepted_boundary_collapses,5,
metric,"round_211",skipped_boundary_edges,0,
metric,"round_211",rejected_conflicts,203,
metric,"round_211",repartitioned,1,
metric,"round_212",interior_edge_fraction,0.998353,
metric,"round_212",boundary_edge_fraction,0.00164651,
metric,"round_212",partition_load_imbalance,2.58168,
metric,"round_212",local_queue_size,123088,
metric,"round_212",boundary_queue_size,203,
metric,"round_212",accepted_local_collapses,128,
metric,"round_212",accepted_boundary_collapses,4,
metric,"round_212",skipped_boundary_edges,0,
metric,"round_212",rejected_conflicts,197,
metric,"round_212",repartitioned,1,
metric,"round_213",interior_edge_fraction,0.998413,
metric,"round_213",boundary_edge_fraction,0.00158672,
metric,"round_213",partition_load_imbalance,2.59055,
metric,"round_213",local_queue_size,122700,
metric,"round_213",boundary_queue_size,195,
metric,"round_213",accepted_local_collapses,128,
metric,"round_213",accepted_boundary_collapses,4,
metric,"round_213",skipped_boundary_edges,0,
metric,"round_213",rejected_conflicts,185,
metric,"round_213",repartitioned,1,
metric,"round_214",interior_edge_fraction,0.997943,
metric,"round_214",boundary_edge_fraction,0.00205716,
metric,"round_214",partition_load_imbalance,2.59762,
metric,"round_214",local_queue_size,122247,
metric,"round_214",boundary_queue_size,252,
metric,"round_214",accepted_local_collapses,128,
metric,"round_214",accepted_boundary_collapses,5,
metric,"round_214",skipped_boundary_edges,0,
metric,"round_214",rejected_conflicts,237,
metric,"round_214",repartitioned,1,
metric,"round_215",interior_edge_fraction,0.998018,
metric,"round_215",boundary_edge_fraction,0.00198198,
metric,"round_215",partition_load_imbalance,2.60665,
metric,"round_215",local_queue_size,121858,
metric,"round_215",boundary_queue_size,242,
metric,"round_215",accepted_local_collapses,128,
metric,"round_215",accepted_boundary_collapses,5,
metric,"round_215",skipped_boundary_edges,0,
metric,"round_215",rejected_conflicts,228,
metric,"round_215",repartitioned,1,
metric,"round_216",interior_edge_fraction,0.997412,
metric,"round_216",boundary_edge_fraction,0.00258831,
metric,"round_216",partition_load_imbalance,2.61322,
metric,"round_216",local_queue_size,121386,
metric,"round_216",boundary_queue_size,315,
metric,"round_216",accepted_local_collapses,128,
metric,"round_216",accepted_boundary_collapses,5,
metric,"round_216",skipped_boundary_edges,0,
metric,"round_216",rejected_conflicts,294,
metric,"round_216",repartitioned,1,
metric,"round_217",interior_edge_fraction,0.997486,
metric,"round_217",boundary_edge_fraction,0.00251439,
metric,"round_217",partition_load_imbalance,2.62245,
metric,"round_217",local_queue_size,120997,
metric,"round_217",boundary_queue_size,305,
metric,"round_217",accepted_local_collapses,128,
metric,"round_217",accepted_boundary_collapses,5,
metric,"round_217",skipped_boundary_edges,0,
metric,"round_217",rejected_conflicts,287,
metric,"round_217",repartitioned,1,
metric,"round_218",interior_edge_fraction,0.99756,
metric,"round_218",boundary_edge_fraction,0.00243997,
metric,"round_218",partition_load_imbalance,2.6319,
metric,"round_218",local_queue_size,120608,
metric,"round_218",boundary_queue_size,295,
metric,"round_218",accepted_local_collapses,128,
metric,"round_218",accepted_boundary_collapses,4,
metric,"round_218",skipped_boundary_edges,0,
metric,"round_218",rejected_conflicts,278,
metric,"round_218",repartitioned,1,
metric,"round_219",interior_edge_fraction,0.997618,
metric,"round_219",boundary_edge_fraction,0.0023816,
metric,"round_219",partition_load_imbalance,2.64138,
metric,"round_219",local_queue_size,120220,
metric,"round_219",boundary_queue_size,287,
metric,"round_219",accepted_local_collapses,128,
metric,"round_219",accepted_boundary_collapses,4,
metric,"round_219",skipped_boundary_edges,0,
metric,"round_219",rejected_conflicts,271,
metric,"round_219",repartitioned,1,
metric,"round_220",interior_edge_fraction,0.997677,
metric,"round_220",boundary_edge_fraction,0.00232285,
metric,"round_220",partition_load_imbalance,2.65097,
metric,"round_220",local_queue_size,119832,
metric,"round_220",boundary_queue_size,279,
metric,"round_220",accepted_local_collapses,128,
metric,"round_220",accepted_boundary_collapses,4,
metric,"round_220",skipped_boundary_edges,0,
metric,"round_220",rejected_conflicts,271,
metric,"round_220",repartitioned,1,
metric,"round_221",interior_edge_fraction,0.997736,
metric,"round_221",boundary_edge_fraction,0.00226371,
metric,"round_221",partition_load_imbalance,2.66067,
metric,"round_221",local_queue_size,119444,
metric,"round_221",boundary_queue_size,271,
metric,"round_221",accepted_local_collapses,128,
metric,"round_221",accepted_boundary_collapses,4,
metric,"round_221",skipped_boundary_edges,0,
metric,"round_221",rejected_conflicts,262,
metric,"round_221",repartitioned,1,
metric,"round_222",interior_edge_fraction,0.997796,
metric,"round_222",boundary_edge_fraction,0.00220418,
metric,"round_222",partition_load_imbalance,2.67049,
metric,"round_222",local_queue_size,119056,
metric,"round_222",boundary_queue_size,263,
metric,"round_222",accepted_local_collapses,128,
metric,"round_222",accepted_boundary_collapses,4,
metric,"round_222",skipped_boundary_edges,0,
metric,"round_222",rejected_conflicts,253,
metric,"round_222",repartitioned,1,
metric,"round_223",interior_edge_fraction,0.997856,
metric,"round_223",boundary_edge_fraction,0.00214424,
metric,"round_223",partition_load_imbalance,2.68043,
metric,"round_223",local_queue_size,118668,
metric,"round_223",boundary_queue_size,255,
metric,"round_223",accepted_local_collapses,128,
metric,"round_223",accepted_boundary_collapses,4,
metric,"round_223",skipped_boundary_edges,0,
metric,"round_223",rejected_conflicts,241,
metric,"round_223",repartitioned,1,
metric,"round_224",interior_edge_fraction,0.997916,
metric,"round_224",boundary_edge_fraction,0.00208391,
metric,"round_224",partition_load_imbalance,2.69048,
metric,"round_224",local_queue_size,118280,
metric,"round_224",boundary_queue_size,247,
metric,"round_224",accepted_local_collapses,128,
metric,"round_224",accepted_boundary_collapses,4,
metric,"round_224",skipped_boundary_edges,0,
metric,"round_224",rejected_conflicts,237,
metric,"round_224",repartitioned,1,
metric,"round_225",interior_edge_fraction,0.997977,
metric,"round_225",boundary_edge_fraction,0.00202318,
metric,"round_225",partition_load_imbalance,2.70066,
metric,"round_225",local_queue_size,117892,
metric,"round_225",boundary_queue_size,239,
metric,"round_225",accepted_local_collapses,128,
metric,"round_225",accepted_boundary_collapses,4,
metric,"round_225",skipped_boundary_edges,0,
metric,"round_225",rejected_conflicts,234,
metric,"round_225",repartitioned,1,
metric,"round_226",interior_edge_fraction,0.998038,
metric,"round_226",boundary_edge_fraction,0.00196203,
metric,"round_226",partition_load_imbalance,2.71097,
metric,"round_226",local_queue_size,117504,
metric,"round_226",boundary_queue_size,231,
metric,"round_226",accepted_local_collapses,128,
metric,"round_226",accepted_boundary_collapses,4,
metric,"round_226",skipped_boundary_edges,0,
metric,"round_226",rejected_conflicts,223,
metric,"round_226",repartitioned,1,
metric,"round_227",interior_edge_fraction,0.9981,
metric,"round_227",boundary_edge_fraction,0.00190048,
metric,"round_227",partition_load_imbalance,2.72139,
metric,"round_227",local_queue_size,117116,
metric,"round_227",boundary_queue_size,223,
metric,"round_227",accepted_local_collapses,128,
metric,"round_227",accepted_boundary_collapses,4,
metric,"round_227",skipped_boundary_edges,0,
metric,"round_227",rejected_conflicts,218,
metric,"round_227",repartitioned,1,
metric,"round_228",interior_edge_fraction,0.998161,
metric,"round_228",boundary_edge_fraction,0.0018385,
metric,"round_228",partition_load_imbalance,2.73195,
metric,"round_228",local_queue_size,116728,
metric,"round_228",boundary_queue_size,215,
metric,"round_228",accepted_local_collapses,128,
metric,"round_228",accepted_boundary_collapses,4,
metric,"round_228",skipped_boundary_edges,0,
metric,"round_228",rejected_conflicts,213,
metric,"round_228",repartitioned,1,
metric,"round_229",interior_edge_fraction,0.998224,
metric,"round_229",boundary_edge_fraction,0.00177611,
metric,"round_229",partition_load_imbalance,2.74264,
metric,"round_229",local_queue_size,116340,
metric,"round_229",boundary_queue_size,207,
metric,"round_229",accepted_local_collapses,128,
metric,"round_229",accepted_boundary_collapses,4,
metric,"round_229",skipped_boundary_edges,0,
metric,"round_229",rejected_conflicts,211,
metric,"round_229",repartitioned,1,
metric,"round_230",interior_edge_fraction,0.998287,
metric,"round_230",boundary_edge_fraction,0.00171329,
metric,"round_230",partition_load_imbalance,2.75346,
metric,"round_230",local_queue_size,115952,
metric,"round_230",boundary_queue_size,199,
metric,"round_230",accepted_local_collapses,128,
metric,"round_230",accepted_boundary_collapses,4,
metric,"round_230",skipped_boundary_edges,0,
metric,"round_230",rejected_conflicts,195,
metric,"round_230",repartitioned,1,
metric,"round_231",interior_edge_fraction,0.99835,
metric,"round_231",boundary_edge_fraction,0.00165004,
metric,"round_231",partition_load_imbalance,2.76442,
metric,"round_231",local_queue_size,115564,
metric,"round_231",boundary_queue_size,191,
metric,"round_231",accepted_local_collapses,128,
metric,"round_231",accepted_boundary_collapses,4,
metric,"round_231",skipped_boundary_edges,0,
metric,"round_231",rejected_conflicts,188,
metric,"round_231",repartitioned,1,
metric,"round_232",interior_edge_fraction,0.998414,
metric,"round_232",boundary_edge_fraction,0.00158635,
metric,"round_232",partition_load_imbalance,2.77552,
metric,"round_232",local_queue_size,115176,
metric,"round_232",boundary_queue_size,183,
metric,"round_232",accepted_local_collapses,128,
metric,"round_232",accepted_boundary_collapses,4,
metric,"round_232",skipped_boundary_edges,0,
metric,"round_232",rejected_conflicts,181,
metric,"round_232",repartitioned,1,
metric,"round_233",interior_edge_fraction,0.998478,
metric,"round_233",boundary_edge_fraction,0.00152223,
metric,"round_233",partition_load_imbalance,2.78676,
metric,"round_233",local_queue_size,114788,
metric,"round_233",boundary_queue_size,175,
metric,"round_233",accepted_local_collapses,128,
metric,"round_233",accepted_boundary_collapses,4,
metric,"round_233",skipped_boundary_edges,0,
metric,"round_233",rejected_conflicts,175,
metric,"round_233",repartitioned,1,
metric,"round_234",interior_edge_fraction,0.998542,
metric,"round_234",boundary_edge_fraction,0.00145766,
metric,"round_234",partition_load_imbalance,2.79814,
metric,"round_234",local_queue_size,114400,
metric,"round_234",boundary_queue_size,167,
metric,"round_234",accepted_local_collapses,128,
metric,"round_234",accepted_boundary_collapses,4,
metric,"round_234",skipped_boundary_edges,0,
metric,"round_234",rejected_conflicts,163,
metric,"round_234",repartitioned,1,
metric,"round_235",interior_edge_fraction,0.998607,
metric,"round_235",boundary_edge_fraction,0.00139265,
metric,"round_235",partition_load_imbalance,2.80967,
metric,"round_235",local_queue_size,114012,
metric,"round_235",boundary_queue_size,159,
metric,"round_235",accepted_local_collapses,128,
metric,"round_235",accepted_boundary_collapses,4,
metric,"round_235",skipped_boundary_edges,0,
metric,"round_235",rejected_conflicts,155,
metric,"round_235",repartitioned,1,
metric,"round_236",interior_edge_fraction,0.9984,
metric,"round_236",boundary_edge_fraction,0.00159965,
metric,"round_236",partition_load_imbalance,2.82429,
metric,"round_236",local_queue_size,113593,
metric,"round_236",boundary_queue_size,182,
metric,"round_236",accepted_local_collapses,128,
metric,"round_236",accepted_boundary_collapses,5,
metric,"round_236",skipped_boundary_edges,0,
metric,"round_236",rejected_conflicts,171,
metric,"round_236",repartitioned,1,
metric,"round_237",interior_edge_fraction,0.998086,
metric,"round_237",boundary_edge_fraction,0.00191399,
metric,"round_237",partition_load_imbalance,2.84059,
metric,"round_237",local_queue_size,113159,
metric,"round_237",boundary_queue_size,217,
metric,"round_237",accepted_local_collapses,128,
metric,"round_237",accepted_boundary_collapses,6,
metric,"round_237",skipped_boundary_edges,0,
metric,"round_237",rejected_conflicts,207,
metric,"round_237",repartitioned,1,
metric,"round_238",interior_edge_fraction,0.998185,
metric,"round_238",boundary_edge_fraction,0.00181458,
metric,"round_238",partition_load_imbalance,2.85285,
metric,"round_238",local_queue_size,112769,
metric,"round_238",boundary_queue_size,205,
metric,"round_238",accepted_local_collapses,128,
metric,"round_238",accepted_boundary_collapses,6,
metric,"round_238",skipped_boundary_edges,0,
metric,"round_238",rejected_conflicts,191,
metric,"round_238",repartitioned,1,
metric,"round_239",interior_edge_fraction,0.998286,
metric,"round_239",boundary_edge_fraction,0.00171446,
metric,"round_239",partition_load_imbalance,2.86527,
metric,"round_239",local_queue_size,112379,
metric,"round_239",boundary_queue_size,193,
metric,"round_239",accepted_local_collapses,128,
metric,"round_239",accepted_boundary_collapses,6,
metric,"round_239",skipped_boundary_edges,0,
metric,"round_239",rejected_conflicts,180,
metric,"round_239",repartitioned,1,
metric,"round_240",interior_edge_fraction,0.998386,
metric,"round_240",boundary_edge_fraction,0.00161362,
metric,"round_240",partition_load_imbalance,2.87774,
metric,"round_240",local_queue_size,111989,
metric,"round_240",boundary_queue_size,181,
metric,"round_240",accepted_local_collapses,128,
metric,"round_240",accepted_boundary_collapses,6,
metric,"round_240",skipped_boundary_edges,0,
metric,"round_240",rejected_conflicts,170,
metric,"round_240",repartitioned,1,
metric,"round_241",interior_edge_fraction,0.998488,
metric,"round_241",boundary_edge_fraction,0.00151206,
metric,"round_241",partition_load_imbalance,2.8905,
metric,"round_241",local_queue_size,111599,
metric,"round_241",boundary_queue_size,169,
metric,"round_241",accepted_local_collapses,128,
metric,"round_241",accepted_boundary_collapses,6,
metric,"round_241",skipped_boundary_edges,0,
metric,"round_241",rejected_conflicts,165,
metric,"round_241",repartitioned,1,
metric,"round_242",interior_edge_fraction,0.99859,
metric,"round_242",boundary_edge_fraction,0.00140977,
metric,"round_242",partition_load_imbalance,2.9033,
metric,"round_242",local_queue_size,111209,
metric,"round_242",boundary_queue_size,157,
metric,"round_242",accepted_local_collapses,128,
metric,"round_242",accepted_boundary_collapses,5,
metric,"round_242",skipped_boundary_edges,0,
metric,"round_242",rejected_conflicts,159,
metric,"round_242",repartitioned,1,
metric,"round_243",interior_edge_fraction,0.998675,
metric,"round_243",boundary_edge_fraction,0.00132472,
metric,"round_243",partition_load_imbalance,2.91632,
metric,"round_243",local_queue_size,110820,
metric,"round_243",boundary_queue_size,147,
metric,"round_243",accepted_local_collapses,128,
metric,"round_243",accepted_boundary_collapses,5,
metric,"round_243",skipped_boundary_edges,0,
metric,"round_243",rejected_conflicts,142,
metric,"round_243",repartitioned,1,
metric,"round_244",interior_edge_fraction,0.998761,
metric,"round_244",boundary_edge_fraction,0.00123906,
metric,"round_244",partition_load_imbalance,2.92951,
metric,"round_244",local_queue_size,110431,
metric,"round_244",boundary_queue_size,137,
metric,"round_244",accepted_local_collapses,128,
metric,"round_244",accepted_boundary_collapses,5,
metric,"round_244",skipped_boundary_edges,0,
metric,"round_244",rejected_conflicts,135,
metric,"round_244",repartitioned,1,
metric,"round_245",interior_edge_fraction,0.998539,
metric,"round_245",boundary_edge_fraction,0.00146139,
metric,"round_245",partition_load_imbalance,2.94167,
metric,"round_245",local_queue_size,110008,
metric,"round_245",boundary_queue_size,161,
metric,"round_245",accepted_local_collapses,128,
metric,"round_245",accepted_boundary_collapses,5,
metric,"round_245",skipped_boundary_edges,0,
metric,"round_245",rejected_conflicts,161,
metric,"round_245",repartitioned,1,
metric,"round_246",interior_edge_fraction,0.998624,
metric,"round_246",boundary_edge_fraction,0.0013756,
metric,"round_246",partition_load_imbalance,2.95522,
metric,"round_246",local_queue_size,109619,
metric,"round_246",boundary_queue_size,151,
metric,"round_246",accepted_local_collapses,128,
metric,"round_246",accepted_boundary_collapses,5,
metric,"round_246",skipped_boundary_edges,0,
metric,"round_246",rejected_conflicts,146,
metric,"round_246",repartitioned,1,
metric,"round_247",interior_edge_fraction,0.998711,
metric,"round_247",boundary_edge_fraction,0.00128919,
metric,"round_247",partition_load_imbalance,2.96897,
metric,"round_247",local_queue_size,109230,
metric,"round_247",boundary_queue_size,141,
metric,"round_247",accepted_local_collapses,128,
metric,"round_247",accepted_boundary_collapses,5,
metric,"round_247",skipped_boundary_edges,0,
metric,"round_247",rejected_conflicts,139,
metric,"round_247",repartitioned,1,
metric,"round_248",interior_edge_fraction,0.998798,
metric,"round_248",boundary_edge_fraction,0.00120214,
metric,"round_248",partition_load_imbalance,2.98291,
metric,"round_248",local_queue_size,108841,
metric,"round_248",boundary_queue_size,131,
metric,"round_248",accepted_local_collapses,128,
metric,"round_248",accepted_boundary_collapses,5,
metric,"round_248",skipped_boundary_edges,0,
metric,"round_248",rejected_conflicts,127,
metric,"round_248",repartitioned,1,
metric,"round_249",interior_edge_fraction,0.998886,
metric,"round_249",boundary_edge_fraction,0.00111446,
metric,"round_249",partition_load_imbalance,2.99705,
metric,"round_249",local_queue_size,108452,
metric,"round_249",boundary_queue_size,121,
metric,"round_249",accepted_local_collapses,128,
metric,"round_249",accepted_boundary_collapses,5,
metric,"round_249",skipped_boundary_edges,0,
metric,"round_249",rejected_conflicts,117,
metric,"round_249",repartitioned,1,
metric,"round_250",interior_edge_fraction,0.998983,
metric,"round_250",boundary_edge_fraction,0.00101688,
metric,"round_250",partition_load_imbalance,3.01128,
metric,"round_250",local_queue_size,108064,
metric,"round_250",boundary_queue_size,110,
metric,"round_250",accepted_local_collapses,128,
metric,"round_250",accepted_boundary_collapses,4,
metric,"round_250",skipped_boundary_edges,0,
metric,"round_250",rejected_conflicts,109,
metric,"round_250",repartitioned,1,
metric,"round_251",interior_edge_fraction,0.999054,
metric,"round_251",boundary_edge_fraction,0.00094639,
metric,"round_251",partition_load_imbalance,3.02572,
metric,"round_251",local_queue_size,107676,
metric,"round_251",boundary_queue_size,102,
metric,"round_251",accepted_local_collapses,128,
metric,"round_251",accepted_boundary_collapses,4,
metric,"round_251",skipped_boundary_edges,0,
metric,"round_251",rejected_conflicts,97,
metric,"round_251",repartitioned,1,
metric,"round_252",interior_edge_fraction,0.999125,
metric,"round_252",boundary_edge_fraction,0.000875379,
metric,"round_252",partition_load_imbalance,3.04037,
metric,"round_252",local_queue_size,107288,
metric,"round_252",boundary_queue_size,94,
metric,"round_252",accepted_local_collapses,128,
metric,"round_252",accepted_boundary_collapses,4,
metric,"round_252",skipped_boundary_edges,0,
metric,"round_252",rejected_conflicts,94,
metric,"round_252",repartitioned,1,
metric,"round_253",interior_edge_fraction,0.999196,
metric,"round_253",boundary_edge_fraction,0.000803843,
metric,"round_253",partition_load_imbalance,3.05523,
metric,"round_253",local_queue_size,106900,
metric,"round_253",boundary_queue_size,86,
metric,"round_253",accepted_local_collapses,128,
metric,"round_253",accepted_boundary_collapses,4,
metric,"round_253",skipped_boundary_edges,0,
metric,"round_253",rejected_conflicts,85,
metric,"round_253",repartitioned,1,
metric,"round_254",interior_edge_fraction,0.999268,
metric,"round_254",boundary_edge_fraction,0.000731776,
metric,"round_254",partition_load_imbalance,3.07031,
metric,"round_254",local_queue_size,106512,
metric,"round_254",boundary_queue_size,78,
metric,"round_254",accepted_local_collapses,128,
metric,"round_254",accepted_boundary_collapses,4,
metric,"round_254",skipped_boundary_edges,0,
metric,"round_254",rejected_conflicts,75,
metric,"round_254",repartitioned,1,
metric,"round_255",interior_edge_fraction,0.999341,
metric,"round_255",boundary_edge_fraction,0.000659171,
metric,"round_255",partition_load_imbalance,3.08562,
metric,"round_255",local_queue_size,106124,
metric,"round_255",boundary_queue_size,70,
metric,"round_255",accepted_local_collapses,128,
metric,"round_255",accepted_boundary_collapses,4,
metric,"round_255",skipped_boundary_edges,0,
metric,"round_255",rejected_conflicts,70,
metric,"round_255",repartitioned,1,
metric,"round_256",interior_edge_fraction,0.999414,
metric,"round_256",boundary_edge_fraction,0.000586022,
metric,"round_256",partition_load_imbalance,3.10116,
metric,"round_256",local_queue_size,105736,
metric,"round_256",boundary_queue_size,62,
metric,"round_256",accepted_local_collapses,128,
metric,"round_256",accepted_boundary_collapses,4,
metric,"round_256",skipped_boundary_edges,0,
metric,"round_256",rejected_conflicts,59,
metric,"round_256",repartitioned,1,
metric,"round_257",interior_edge_fraction,0.99925,
metric,"round_257",boundary_edge_fraction,0.000749511,
metric,"round_257",partition_load_imbalance,3.11997,
metric,"round_257",local_queue_size,105323,
metric,"round_257",boundary_queue_size,79,
metric,"round_257",accepted_local_collapses,128,
metric,"round_257",accepted_boundary_collapses,5,
metric,"round_257",skipped_boundary_edges,0,
metric,"round_257",rejected_conflicts,75,
metric,"round_257",repartitioned,1,
metric,"round_258",interior_edge_fraction,0.99881,
metric,"round_258",boundary_edge_fraction,0.00119044,
metric,"round_258",partition_load_imbalance,3.13394,
metric,"round_258",local_queue_size,104878,
metric,"round_258",boundary_queue_size,125,
metric,"round_258",accepted_local_collapses,128,
metric,"round_258",accepted_boundary_collapses,5,
metric,"round_258",skipped_boundary_edges,0,
metric,"round_258",rejected_conflicts,112,
metric,"round_258",repartitioned,1,
metric,"round_259",interior_edge_fraction,0.99891,
metric,"round_259",boundary_edge_fraction,0.00108982,
metric,"round_259",partition_load_imbalance,3.15022,
metric,"round_259",local_queue_size,104490,
metric,"round_259",boundary_queue_size,114,
metric,"round_259",accepted_local_collapses,128,
metric,"round_259",accepted_boundary_collapses,5,
metric,"round_259",skipped_boundary_edges,0,
metric,"round_259",rejected_conflicts,107,
metric,"round_259",repartitioned,1,
metric,"round_260",interior_edge_fraction,0.999002,
metric,"round_260",boundary_edge_fraction,0.000998033,
metric,"round_260",partition_load_imbalance,3.16687,
metric,"round_260",local_queue_size,104101,
metric,"round_260",boundary_queue_size,104,
metric,"round_260",accepted_local_collapses,128,
metric,"round_260",accepted_boundary_collapses,4,
metric,"round_260",skipped_boundary_edges,0,
metric,"round_260",rejected_conflicts,102,
metric,"round_260",repartitioned,1,
metric,"round_261",interior_edge_fraction,0.999075,
metric,"round_261",boundary_edge_fraction,0.000924775,
metric,"round_261",partition_load_imbalance,3.18366,
metric,"round_261",local_queue_size,103713,
metric,"round_261",boundary_queue_size,96,
metric,"round_261",accepted_local_collapses,128,
metric,"round_261",accepted_boundary_collapses,4,
metric,"round_261",skipped_boundary_edges,0,
metric,"round_261",rejected_conflicts,91,
metric,"round_261",repartitioned,1,
metric,"round_262",interior_edge_fraction,0.998782,
metric,"round_262",boundary_edge_fraction,0.00121842,
metric,"round_262",partition_load_imbalance,3.19917,
metric,"round_262",local_queue_size,103287,
metric,"round_262",boundary_queue_size,126,
metric,"round_262",accepted_local_collapses,128,
metric,"round_262",accepted_boundary_collapses,4,
metric,"round_262",skipped_boundary_edges,0,
metric,"round_262",rejected_conflicts,121,
metric,"round_262",repartitioned,1,
metric,"round_263",interior_edge_fraction,0.998194,
metric,"round_263",boundary_edge_fraction,0.00180553,
metric,"round_263",partition_load_imbalance,3.21369,
metric,"round_263",local_queue_size,102831,
metric,"round_263",boundary_queue_size,186,
metric,"round_263",accepted_local_collapses,128,
metric,"round_263",accepted_boundary_collapses,4,
metric,"round_263",skipped_boundary_edges,0,
metric,"round_263",rejected_conflicts,175,
metric,"round_263",repartitioned,1,
metric,"round_264",interior_edge_fraction,0.998265,
metric,"round_264",boundary_edge_fraction,0.00173454,
metric,"round_264",partition_load_imbalance,3.23126,
metric,"round_264",local_queue_size,102443,
metric,"round_264",boundary_queue_size,178,
metric,"round_264",accepted_local_collapses,128,
metric,"round_264",accepted_boundary_collapses,4,
metric,"round_264",skipped_boundary_edges,0,
metric,"round_264",rejected_conflicts,164,
metric,"round_264",repartitioned,1,
metric,"round_265",interior_edge_fraction,0.998337,
metric,"round_265",boundary_edge_fraction,0.001663,
metric,"round_265",partition_load_imbalance,3.2491,
metric,"round_265",local_queue_size,102055,
metric,"round_265",boundary_queue_size,170,
metric,"round_265",accepted_local_collapses,128,
metric,"round_265",accepted_boundary_collapses,4,
metric,"round_265",skipped_boundary_edges,0,
metric,"round_265",rejected_conflicts,161,
metric,"round_265",repartitioned,1,
metric,"round_266",interior_edge_fraction,0.998409,
metric,"round_266",boundary_edge_fraction,0.0015909,
metric,"round_266",partition_load_imbalance,3.26724,
metric,"round_266",local_queue_size,101667,
metric,"round_266",boundary_queue_size,162,
metric,"round_266",accepted_local_collapses,128,
metric,"round_266",accepted_boundary_collapses,4,
metric,"round_266",skipped_boundary_edges,0,
metric,"round_266",rejected_conflicts,154,
metric,"round_266",repartitioned,1,
metric,"round_267",interior_edge_fraction,0.998482,
metric,"round_267",boundary_edge_fraction,0.00151824,
metric,"round_267",partition_load_imbalance,3.28567,
metric,"round_267",local_queue_size,101279,
metric,"round_267",boundary_queue_size,154,
metric,"round_267",accepted_local_collapses,128,
metric,"round_267",accepted_boundary_collapses,4,
metric,"round_267",skipped_boundary_edges,0,
metric,"round_267",rejected_conflicts,150,
metric,"round_267",repartitioned,1,
metric,"round_268",interior_edge_fraction,0.998585,
metric,"round_268",boundary_edge_fraction,0.00141532,
metric,"round_268",partition_load_imbalance,3.30398,
metric,"round_268",local_queue_size,100894,
metric,"round_268",boundary_queue_size,143,
metric,"round_268",accepted_local_collapses,128,
metric,"round_268",accepted_boundary_collapses,4,
metric,"round_268",skipped_boundary_edges,0,
metric,"round_268",rejected_conflicts,140,
metric,"round_268",repartitioned,1,
metric,"round_269",interior_edge_fraction,0.998271,
metric,"round_269",boundary_edge_fraction,0.00172892,
metric,"round_269",partition_load_imbalance,3.32861,
metric,"round_269",local_queue_size,100467,
metric,"round_269",boundary_queue_size,174,
metric,"round_269",accepted_local_collapses,128,
metric,"round_269",accepted_boundary_collapses,4,
metric,"round_269",skipped_boundary_edges,0,
metric,"round_269",rejected_conflicts,171,
metric,"round_269",repartitioned,1,
metric,"round_270",interior_edge_fraction,0.998344,
metric,"round_270",boundary_edge_fraction,0.00165594,
metric,"round_270",partition_load_imbalance,3.34805,
metric,"round_270",local_queue_size,100079,
metric,"round_270",boundary_queue_size,166,
metric,"round_270",accepted_local_collapses,128,
metric,"round_270",accepted_boundary_collapses,4,
metric,"round_270",skipped_boundary_edges,0,
metric,"round_270",rejected_conflicts,156,
metric,"round_270",repartitioned,1,
metric,"round_271",interior_edge_fraction,0.998418,
metric,"round_271",boundary_edge_fraction,0.00158239,
metric,"round_271",partition_load_imbalance,3.36781,
metric,"round_271",local_queue_size,99691,
metric,"round_271",boundary_queue_size,158,
metric,"round_271",accepted_local_collapses,128,
metric,"round_271",accepted_boundary_collapses,4,
metric,"round_271",skipped_boundary_edges,0,
metric,"round_271",rejected_conflicts,154,
metric,"round_271",repartitioned,1,
metric,"round_272",interior_edge_fraction,0.998492,
metric,"round_272",boundary_edge_fraction,0.00150825,
metric,"round_272",partition_load_imbalance,3.38792,
metric,"round_272",local_queue_size,99303,
metric,"round_272",boundary_queue_size,150,
metric,"round_272",accepted_local_collapses,128,
metric,"round_272",accepted_boundary_collapses,4,
metric,"round_272",skipped_boundary_edges,0,
metric,"round_272",rejected_conflicts,151,
metric,"round_272",repartitioned,1,
metric,"round_273",interior_edge_fraction,0.998566,
metric,"round_273",boundary_edge_fraction,0.00143352,
metric,"round_273",partition_load_imbalance,3.40837,
metric,"round_273",local_queue_size,98915,
metric,"round_273",boundary_queue_size,142,
metric,"round_273",accepted_local_collapses,128,
metric,"round_273",accepted_boundary_collapses,4,
metric,"round_273",skipped_boundary_edges,0,
metric,"round_273",rejected_conflicts,140,
metric,"round_273",repartitioned,1,
metric,"round_274",interior_edge_fraction,0.998642,
metric,"round_274",boundary_edge_fraction,0.00135819,
metric,"round_274",partition_load_imbalance,3.42918,
metric,"round_274",local_queue_size,98527,
metric,"round_274",boundary_queue_size,134,
metric,"round_274",accepted_local_collapses,128,
metric,"round_274",accepted_boundary_collapses,4,
metric,"round_274",skipped_boundary_edges,0,
metric,"round_274",rejected_conflicts,130,
metric,"round_274",repartitioned,1,
metric,"round_275",interior_edge_fraction,0.998718,
metric,"round_275",boundary_edge_fraction,0.00128225,
metric,"round_275",partition_load_imbalance,3.45034,
metric,"round_275",local_queue_size,98139,
metric,"round_275",boundary_queue_size,126,
metric,"round_275",accepted_local_collapses,128,
metric,"round_275",accepted_boundary_collapses,4,
metric,"round_275",skipped_boundary_edges,0,
metric,"round_275",rejected_conflicts,127,
metric,"round_275",repartitioned,1,
metric,"round_276",interior_edge_fraction,0.998794,
metric,"round_276",boundary_edge_fraction,0.00120569,
metric,"round_276",partition_load_imbalance,3.47189,
metric,"round_276",local_queue_size,97751,
metric,"round_276",boundary_queue_size,118,
metric,"round_276",accepted_local_collapses,128,
metric,"round_276",accepted_boundary_collapses,4,
metric,"round_276",skipped_boundary_edges,0,
metric,"round_276",rejected_conflicts,118,
metric,"round_276",repartitioned,1,
metric,"round_277",interior_edge_fraction,0.998871,
metric,"round_277",boundary_edge_fraction,0.00112852,
metric,"round_277",partition_load_imbalance,3.49382,
metric,"round_277",local_queue_size,97363,
metric,"round_277",boundary_queue_size,110,
metric,"round_277",accepted_local_collapses,128,
metric,"round_277",accepted_boundary_collapses,4,
metric,"round_277",skipped_boundary_edges,0,
metric,"round_277",rejected_conflicts,108,
metric,"round_277",repartitioned,1,
metric,"round_278",interior_edge_fraction,0.998949,
metric,"round_278",boundary_edge_fraction,0.00105071,
metric,"round_278",partition_load_imbalance,3.51614,
metric,"round_278",local_queue_size,96975,
metric,"round_278",boundary_queue_size,102,
metric,"round_278",accepted_local_collapses,128,
metric,"round_278",accepted_boundary_collapses,4,
metric,"round_278",skipped_boundary_edges,0,
metric,"round_278",rejected_conflicts,103,
metric,"round_278",repartitioned,1,
metric,"round_279",interior_edge_fraction,0.999028,
metric,"round_279",boundary_edge_fraction,0.00097227,
metric,"round_279",partition_load_imbalance,3.53886,
metric,"round_279",local_queue_size,96587,
metric,"round_279",boundary_queue_size,94,
metric,"round_279",accepted_local_collapses,128,
metric,"round_279",accepted_boundary_collapses,4,
metric,"round_279",skipped_boundary_edges,0,
metric,"round_279",rejected_conflicts,90,
metric,"round_279",repartitioned,1,
metric,"round_280",interior_edge_fraction,0.999107,
metric,"round_280",boundary_edge_fraction,0.000893182,
metric,"round_280",partition_load_imbalance,3.56201,
metric,"round_280",local_queue_size,96199,
metric,"round_280",boundary_queue_size,86,
metric,"round_280",accepted_local_collapses,128,
metric,"round_280",accepted_boundary_collapses,4,
metric,"round_280",skipped_boundary_edges,0,
metric,"round_280",rejected_conflicts,81,
metric,"round_280",repartitioned,1,
metric,"round_281",interior_edge_fraction,0.999187,
metric,"round_281",boundary_edge_fraction,0.000813441,
metric,"round_281",partition_load_imbalance,3.58557,
metric,"round_281",local_queue_size,95811,
metric,"round_281",boundary_queue_size,78,
metric,"round_281",accepted_local_collapses,128,
metric,"round_281",accepted_boundary_collapses,4,
metric,"round_281",skipped_boundary_edges,0,
metric,"round_281",rejected_conflicts,76,
metric,"round_281",repartitioned,1,
metric,"round_282",interior_edge_fraction,0.999277,
metric,"round_282",boundary_edge_fraction,0.000722566,
metric,"round_282",partition_load_imbalance,3.60963,
metric,"round_282",local_queue_size,95424,
metric,"round_282",boundary_queue_size,69,
metric,"round_282",accepted_local_collapses,128,
metric,"round_282",accepted_boundary_collapses,4,
metric,"round_282",skipped_boundary_edges,0,
metric,"round_282",rejected_conflicts,68,
metric,"round_282",repartitioned,1,
metric,"round_283",interior_edge_fraction,0.997297,
metric,"round_283",boundary_edge_fraction,0.0027025,
metric,"round_283",partition_load_imbalance,3.62431,
metric,"round_283",local_queue_size,94840,
metric,"round_283",boundary_queue_size,257,
metric,"round_283",accepted_local_collapses,128,
metric,"round_283",accepted_boundary_collapses,4,
metric,"round_283",skipped_boundary_edges,0,
metric,"round_283",rejected_conflicts,233,
metric,"round_283",repartitioned,1,
metric,"round_284",interior_edge_fraction,0.997371,
metric,"round_284",boundary_edge_fraction,0.00262933,
metric,"round_284",partition_load_imbalance,3.64914,
metric,"round_284",local_queue_size,94452,
metric,"round_284",boundary_queue_size,249,
metric,"round_284",accepted_local_collapses,128,
metric,"round_284",accepted_boundary_collapses,4,
metric,"round_284",skipped_boundary_edges,0,
metric,"round_284",rejected_conflicts,222,
metric,"round_284",repartitioned,1,
metric,"round_285",interior_edge_fraction,0.997444,
metric,"round_285",boundary_edge_fraction,0.00255554,
metric,"round_285",partition_load_imbalance,3.67445,
metric,"round_285",local_queue_size,94064,
metric,"round_285",boundary_queue_size,241,
metric,"round_285",accepted_local_collapses,128,
metric,"round_285",accepted_boundary_collapses,4,
metric,"round_285",skipped_boundary_edges,0,
metric,"round_285",rejected_conflicts,213,
metric,"round_285",repartitioned,1,
metric,"round_286",interior_edge_fraction,0.996859,
metric,"round_286",boundary_edge_fraction,0.00314134,
metric,"round_286",partition_load_imbalance,3.69714,
metric,"round_286",local_queue_size,93614,
metric,"round_286",boundary_queue_size,295,
metric,"round_286",accepted_local_collapses,128,
metric,"round_286",accepted_boundary_collapses,4,
metric,"round_286",skipped_boundary_edges,0,
metric,"round_286",rejected_conflicts,264,
metric,"round_286",repartitioned,1,
metric,"round_287",interior_edge_fraction,0.996386,
metric,"round_287",boundary_edge_fraction,0.00361447,
metric,"round_287",partition_load_imbalance,3.73306,
metric,"round_287",local_queue_size,93175,
metric,"round_287",boundary_queue_size,338,
metric,"round_287",accepted_local_collapses,128,
metric,"round_287",accepted_boundary_collapses,5,
metric,"round_287",skipped_boundary_edges,0,
metric,"round_287",rejected_conflicts,305,
metric,"round_287",repartitioned,1,
metric,"round_288",interior_edge_fraction,0.996488,
metric,"round_288",boundary_edge_fraction,0.00351182,
metric,"round_288",partition_load_imbalance,3.76002,
metric,"round_288",local_queue_size,92787,
metric,"round_288",boundary_queue_size,327,
metric,"round_288",accepted_local_collapses,128,
metric,"round_288",accepted_boundary_collapses,4,
metric,"round_288",skipped_boundary_edges,0,
metric,"round_288",rejected_conflicts,300,
metric,"round_288",repartitioned,1,
metric,"round_289",interior_edge_fraction,0.996559,
metric,"round_289",boundary_edge_fraction,0.00344054,
metric,"round_289",partition_load_imbalance,3.78751,
metric,"round_289",local_queue_size,92399,
metric,"round_289",boundary_queue_size,319,
metric,"round_289",accepted_local_collapses,128,
metric,"round_289",accepted_boundary_collapses,4,
metric,"round_289",skipped_boundary_edges,0,
metric,"round_289",rejected_conflicts,294,
metric,"round_289",repartitioned,1,
metric,"round_290",interior_edge_fraction,0.996631,
metric,"round_290",boundary_edge_fraction,0.00336864,
metric,"round_290",partition_load_imbalance,3.81556,
metric,"round_290",local_queue_size,92011,
metric,"round_290",boundary_queue_size,311,
metric,"round_290",accepted_local_collapses,128,
metric,"round_290",accepted_boundary_collapses,4,
metric,"round_290",skipped_boundary_edges,0,
metric,"round_290",rejected_conflicts,293,
metric,"round_290",repartitioned,1,
metric,"round_291",interior_edge_fraction,0.996704,
metric,"round_291",boundary_edge_fraction,0.00329613,
metric,"round_291",partition_load_imbalance,3.84419,
metric,"round_291",local_queue_size,91623,
metric,"round_291",boundary_queue_size,303,
metric,"round_291",accepted_local_collapses,128,
metric,"round_291",accepted_boundary_collapses,4,
metric,"round_291",skipped_boundary_edges,0,
metric,"round_291",rejected_conflicts,276,
metric,"round_291",repartitioned,1,
metric,"round_292",interior_edge_fraction,0.996777,
metric,"round_292",boundary_edge_fraction,0.00322299,
metric,"round_292",partition_load_imbalance,3.8734,
metric,"round_292",local_queue_size,91235,
metric,"round_292",boundary_queue_size,295,
metric,"round_292",accepted_local_collapses,128,
metric,"round_292",accepted_boundary_collapses,4,
metric,"round_292",skipped_boundary_edges,0,
metric,"round_292",rejected_conflicts,277,
metric,"round_292",repartitioned,1,
metric,"round_293",interior_edge_fraction,0.996851,
metric,"round_293",boundary_edge_fraction,0.00314921,
metric,"round_293",partition_load_imbalance,3.90323,
metric,"round_293",local_queue_size,90847,
metric,"round_293",boundary_queue_size,287,
metric,"round_293",accepted_local_collapses,128,
metric,"round_293",accepted_boundary_collapses,4,
metric,"round_293",skipped_boundary_edges,0,
metric,"round_293",rejected_conflicts,269,
metric,"round_293",repartitioned,1,
metric,"round_294",interior_edge_fraction,0.996925,
metric,"round_294",boundary_edge_fraction,0.00307479,
metric,"round_294",partition_load_imbalance,3.93368,
metric,"round_294",local_queue_size,90459,
metric,"round_294",boundary_queue_size,279,
metric,"round_294",accepted_local_collapses,128,
metric,"round_294",accepted_boundary_collapses,4,
metric,"round_294",skipped_boundary_edges,0,
metric,"round_294",rejected_conflicts,257,
metric,"round_294",repartitioned,1,
metric,"round_295",interior_edge_fraction,0.997,
metric,"round_295",boundary_edge_fraction,0.00299971,
metric,"round_295",partition_load_imbalance,3.96478,
metric,"round_295",local_queue_size,90071,
metric,"round_295",boundary_queue_size,271,
metric,"round_295",accepted_local_collapses,128,
metric,"round_295",accepted_boundary_collapses,4,
metric,"round_295",skipped_boundary_edges,0,
metric,"round_295",rejected_conflicts,253,
metric,"round_295",repartitioned,1,
metric,"round_296",interior_edge_fraction,0.99632,
metric,"round_296",boundary_edge_fraction,0.00367999,
metric,"round_296",partition_load_imbalance,3.99276,
metric,"round_296",local_queue_size,89615,
metric,"round_296",boundary_queue_size,331,
metric,"round_296",accepted_local_collapses,128,
metric,"round_296",accepted_boundary_collapses,4,
metric,"round_296",skipped_boundary_edges,0,
metric,"round_296",rejected_conflicts,307,
metric,"round_296",repartitioned,1,
metric,"round_297",interior_edge_fraction,0.996393,
metric,"round_297",boundary_edge_fraction,0.00360692,
metric,"round_297",partition_load_imbalance,4.02517,
metric,"round_297",local_queue_size,89227,
metric,"round_297",boundary_queue_size,323,
metric,"round_297",accepted_local_collapses,128,
metric,"round_297",accepted_boundary_collapses,4,
metric,"round_297",skipped_boundary_edges,0,
metric,"round_297",rejected_conflicts,298,
metric,"round_297",repartitioned,1,
metric,"round_298",interior_edge_fraction,0.996467,
metric,"round_298",boundary_edge_fraction,0.00353321,
metric,"round_298",partition_load_imbalance,4.0583,
metric,"round_298",local_queue_size,88839,
metric,"round_298",boundary_queue_size,315,
metric,"round_298",accepted_local_collapses,128,
metric,"round_298",accepted_boundary_collapses,4,
metric,"round_298",skipped_boundary_edges,0,
metric,"round_298",rejected_conflicts,294,
metric,"round_298",repartitioned,1,
metric,"round_299",interior_edge_fraction,0.996541,
metric,"round_299",boundary_edge_fraction,0.00345884,
metric,"round_299",partition_load_imbalance,4.09217,
metric,"round_299",local_queue_size,88451,
metric,"round_299",boundary_queue_size,307,
metric,"round_299",accepted_local_collapses,128,
metric,"round_299",accepted_boundary_collapses,4,
metric,"round_299",skipped_boundary_edges,0,
metric,"round_299",rejected_conflicts,282,
metric,"round_299",repartitioned,1,
metric,"round_300",interior_edge_fraction,0.996616,
metric,"round_300",boundary_edge_fraction,0.00338381,
metric,"round_300",partition_load_imbalance,4.1268,
metric,"round_300",local_queue_size,88063,
metric,"round_300",boundary_queue_size,299,
metric,"round_300",accepted_local_collapses,128,
metric,"round_300",accepted_boundary_collapses,4,
metric,"round_300",skipped_boundary_edges,0,
metric,"round_300",rejected_conflicts,276,
metric,"round_300",repartitioned,1,
metric,"round_301",interior_edge_fraction,0.996692,
metric,"round_301",boundary_edge_fraction,0.0033081,
metric,"round_301",partition_load_imbalance,4.16221,
metric,"round_301",local_queue_size,87675,
metric,"round_301",boundary_queue_size,291,
metric,"round_301",accepted_local_collapses,128,
metric,"round_301",accepted_boundary_collapses,4,
metric,"round_301",skipped_boundary_edges,0,
metric,"round_301",rejected_conflicts,275,
metric,"round_301",repartitioned,1,
metric,"round_302",interior_edge_fraction,0.996768,
metric,"round_302",boundary_edge_fraction,0.0032317,
metric,"round_302",partition_load_imbalance,4.19844,
metric,"round_302",local_queue_size,87287,
metric,"round_302",boundary_queue_size,283,
metric,"round_302",accepted_local_collapses,128,
metric,"round_302",accepted_boundary_collapses,4,
metric,"round_302",skipped_boundary_edges,0,
metric,"round_302",rejected_conflicts,263,
metric,"round_302",repartitioned,1,
metric,"round_303",interior_edge_fraction,0.996845,
metric,"round_303",boundary_edge_fraction,0.00315461,
metric,"round_303",partition_load_imbalance,4.23551,
metric,"round_303",local_queue_size,86899,
metric,"round_303",boundary_queue_size,275,
metric,"round_303",accepted_local_collapses,128,
metric,"round_303",accepted_boundary_collapses,4,
metric,"round_303",skipped_boundary_edges,0,
metric,"round_303",rejected_conflicts,261,
metric,"round_303",repartitioned,1,
metric,"round_304",interior_edge_fraction,0.996923,
metric,"round_304",boundary_edge_fraction,0.00307682,
metric,"round_304",partition_load_imbalance,4.27345,
metric,"round_304",local_queue_size,86511,
metric,"round_304",boundary_queue_size,267,
metric,"round_304",accepted_local_collapses,128,
metric,"round_304",accepted_boundary_collapses,4,
metric,"round_304",skipped_boundary_edges,0,
metric,"round_304",rejected_conflicts,252,
metric,"round_304",repartitioned,1,
metric,"round_305",interior_edge_fraction,0.997002,
metric,"round_305",boundary_edge_fraction,0.00299831,
metric,"round_305",partition_load_imbalance,4.3123,
metric,"round_305",local_queue_size,86123,
metric,"round_305",boundary_queue_size,259,
metric,"round_305",accepted_local_collapses,128,
metric,"round_305",accepted_boundary_collapses,4,
metric,"round_305",skipped_boundary_edges,0,
metric,"round_305",rejected_conflicts,241,
metric,"round_305",repartitioned,1,
metric,"round_306",interior_edge_fraction,0.997081,
metric,"round_306",boundary_edge_fraction,0.00291908,
metric,"round_306",partition_load_imbalance,4.35208,
metric,"round_306",local_queue_size,85735,
metric,"round_306",boundary_queue_size,251,
metric,"round_306",accepted_local_collapses,128,
metric,"round_306",accepted_boundary_collapses,4,
metric,"round_306",skipped_boundary_edges,0,
metric,"round_306",rejected_conflicts,239,
metric,"round_306",repartitioned,1,
metric,"round_307",interior_edge_fraction,0.997161,
metric,"round_307",boundary_edge_fraction,0.00283912,
metric,"round_307",partition_load_imbalance,4.39283,
metric,"round_307",local_queue_size,85347,
metric,"round_307",boundary_queue_size,243,
metric,"round_307",accepted_local_collapses,128,
metric,"round_307",accepted_boundary_collapses,4,
metric,"round_307",skipped_boundary_edges,0,
metric,"round_307",rejected_conflicts,237,
metric,"round_307",repartitioned,1,
metric,"round_308",interior_edge_fraction,0.997242,
metric,"round_308",boundary_edge_fraction,0.00275841,
metric,"round_308",partition_load_imbalance,4.43459,
metric,"round_308",local_queue_size,84959,
metric,"round_308",boundary_queue_size,235,
metric,"round_308",accepted_local_collapses,128,
metric,"round_308",accepted_boundary_collapses,4,
metric,"round_308",skipped_boundary_edges,0,
metric,"round_308",rejected_conflicts,218,
metric,"round_308",repartitioned,1,
metric,"round_309",interior_edge_fraction,0.997323,
metric,"round_309",boundary_edge_fraction,0.00267695,
metric,"round_309",partition_load_imbalance,4.4774,
metric,"round_309",local_queue_size,84571,
metric,"round_309",boundary_queue_size,227,
metric,"round_309",accepted_local_collapses,128,
metric,"round_309",accepted_boundary_collapses,4,
metric,"round_309",skipped_boundary_edges,0,
metric,"round_309",rejected_conflicts,218,
metric,"round_309",repartitioned,1,
metric,"round_310",interior_edge_fraction,0.997405,
metric,"round_310",boundary_edge_fraction,0.00259473,
metric,"round_310",partition_load_imbalance,4.52128,
metric,"round_310",local_queue_size,84183,
metric,"round_310",boundary_queue_size,219,
metric,"round_310",accepted_local_collapses,128,
metric,"round_310",accepted_boundary_collapses,4,
metric,"round_310",skipped_boundary_edges,0,
metric,"round_310",rejected_conflicts,208,
metric,"round_310",repartitioned,1,
metric,"round_311",interior_edge_fraction,0.997488,
metric,"round_311",boundary_edge_fraction,0.00251173,
metric,"round_311",partition_load_imbalance,4.56629,
metric,"round_311",local_queue_size,83795,
metric,"round_311",boundary_queue_size,211,
metric,"round_311",accepted_local_collapses,128,
metric,"round_311",accepted_boundary_collapses,4,
metric,"round_311",skipped_boundary_edges,0,
metric,"round_311",rejected_conflicts,199,
metric,"round_311",repartitioned,1,
metric,"round_312",interior_edge_fraction,0.996998,
metric,"round_312",boundary_edge_fraction,0.00300203,
metric,"round_312",partition_load_imbalance,4.62742,
metric,"round_312",local_queue_size,83359,
metric,"round_312",boundary_queue_size,251,
metric,"round_312",accepted_local_collapses,128,
metric,"round_312",accepted_boundary_collapses,4,
metric,"round_312",skipped_boundary_edges,0,
metric,"round_312",rejected_conflicts,241,
metric,"round_312",repartitioned,1,
metric,"round_313",interior_edge_fraction,0.99708,
metric,"round_313",boundary_edge_fraction,0.00292018,
metric,"round_313",partition_load_imbalance,4.67517,
metric,"round_313",local_queue_size,82971,
metric,"round_313",boundary_queue_size,243,
metric,"round_313",accepted_local_collapses,128,
metric,"round_313",accepted_boundary_collapses,4,
metric,"round_313",skipped_boundary_edges,0,
metric,"round_313",rejected_conflicts,231,
metric,"round_313",repartitioned,1,
metric,"round_314",interior_edge_fraction,0.997162,
metric,"round_314",boundary_edge_fraction,0.00283755,
metric,"round_314",partition_load_imbalance,4.7242,
metric,"round_314",local_queue_size,82583,
metric,"round_314",boundary_queue_size,235,
metric,"round_314",accepted_local_collapses,128,
metric,"round_314",accepted_boundary_collapses,4,
metric,"round_314",skipped_boundary_edges,0,
metric,"round_314",rejected_conflicts,228,
metric,"round_314",repartitioned,1,
metric,"round_315",interior_edge_fraction,0.997246,
metric,"round_315",boundary_edge_fraction,0.00275412,
metric,"round_315",partition_load_imbalance,4.77455,
metric,"round_315",local_queue_size,82195,
metric,"round_315",boundary_queue_size,227,
metric,"round_315",accepted_local_collapses,128,
metric,"round_315",accepted_boundary_collapses,4,
metric,"round_315",skipped_boundary_edges,0,
metric,"round_315",rejected_conflicts,223,
metric,"round_315",repartitioned,1,
metric,"round_316",interior_edge_fraction,0.997062,
metric,"round_316",boundary_edge_fraction,0.00293809,
metric,"round_316",partition_load_imbalance,4.82473,
metric,"round_316",local_queue_size,81785,
metric,"round_316",boundary_queue_size,241,
metric,"round_316",accepted_local_collapses,128,
metric,"round_316",accepted_boundary_collapses,4,
metric,"round_316",skipped_boundary_edges,0,
metric,"round_316",rejected_conflicts,233,
metric,"round_316",repartitioned,1,
metric,"round_317",interior_edge_fraction,0.997146,
metric,"round_317",boundary_edge_fraction,0.00285434,
metric,"round_317",partition_load_imbalance,4.87789,
metric,"round_317",local_queue_size,81397,
metric,"round_317",boundary_queue_size,233,
metric,"round_317",accepted_local_collapses,128,
metric,"round_317",accepted_boundary_collapses,4,
metric,"round_317",skipped_boundary_edges,0,
metric,"round_317",rejected_conflicts,224,
metric,"round_317",repartitioned,1,
metric,"round_318",interior_edge_fraction,0.99723,
metric,"round_318",boundary_edge_fraction,0.00276978,
metric,"round_318",partition_load_imbalance,4.93255,
metric,"round_318",local_queue_size,81009,
metric,"round_318",boundary_queue_size,225,
metric,"round_318",accepted_local_collapses,128,
metric,"round_318",accepted_boundary_collapses,4,
metric,"round_318",skipped_boundary_edges,0,
metric,"round_318",rejected_conflicts,212,
metric,"round_318",repartitioned,1,
metric,"round_319",interior_edge_fraction,0.997316,
metric,"round_319",boundary_edge_fraction,0.00268438,
metric,"round_319",partition_load_imbalance,4.98878,
metric,"round_319",local_queue_size,80621,
metric,"round_319",boundary_queue_size,217,
metric,"round_319",accepted_local_collapses,128,
metric,"round_319",accepted_boundary_collapses,4,
metric,"round_319",skipped_boundary_edges,0,
metric,"round_319",rejected_conflicts,205,
metric,"round_319",repartitioned,1,
metric,"round_320",interior_edge_fraction,0.997402,
metric,"round_320",boundary_edge_fraction,0.00259815,
metric,"round_320",partition_load_imbalance,5.04665,
metric,"round_320",local_queue_size,80233,
metric,"round_320",boundary_queue_size,209,
metric,"round_320",accepted_local_collapses,128,
metric,"round_320",accepted_boundary_collapses,4,
metric,"round_320",skipped_boundary_edges,0,
metric,"round_320",rejected_conflicts,206,
metric,"round_320",repartitioned,1,
metric,"round_321",interior_edge_fraction,0.997489,
metric,"round_321",boundary_edge_fraction,0.00251106,
metric,"round_321",partition_load_imbalance,5.10623,
metric,"round_321",local_queue_size,79845,
metric,"round_321",boundary_queue_size,201,
metric,"round_321",accepted_local_collapses,128,
metric,"round_321",accepted_boundary_collapses,4,
metric,"round_321",skipped_boundary_edges,0,
metric,"round_321",rejected_conflicts,203,
metric,"round_321",repartitioned,1,
metric,"round_322",interior_edge_fraction,0.997577,
metric,"round_322",boundary_edge_fraction,0.0024231,
metric,"round_322",partition_load_imbalance,5.16759,
metric,"round_322",local_queue_size,79457,
metric,"round_322",boundary_queue_size,193,
metric,"round_322",accepted_local_collapses,128,
metric,"round_322",accepted_boundary_collapses,4,
metric,"round_322",skipped_boundary_edges,0,
metric,"round_322",rejected_conflicts,188,
metric,"round_322",repartitioned,1,
metric,"round_323",interior_edge_fraction,0.997666,
metric,"round_323",boundary_edge_fraction,0.00233427,
metric,"round_323",partition_load_imbalance,5.23081,
metric,"round_323",local_queue_size,79069,
metric,"round_323",boundary_queue_size,185,
metric,"round_323",accepted_local_collapses,128,
metric,"round_323",accepted_boundary_collapses,4,
metric,"round_323",skipped_boundary_edges,0,
metric,"round_323",rejected_conflicts,184,
metric,"round_323",repartitioned,1,
metric,"round_324",interior_edge_fraction,0.997755,
metric,"round_324",boundary_edge_fraction,0.00224454,
metric,"round_324",partition_load_imbalance,5.29599,
metric,"round_324",local_queue_size,78681,
metric,"round_324",boundary_queue_size,177,
metric,"round_324",accepted_local_collapses,128,
metric,"round_324",accepted_boundary_collapses,4,
metric,"round_324",skipped_boundary_edges,0,
metric,"round_324",rejected_conflicts,183,
metric,"round_324",repartitioned,1,
metric,"round_325",interior_edge_fraction,0.997846,
metric,"round_325",boundary_edge_fraction,0.00215391,
metric,"round_325",partition_load_imbalance,5.36322,
metric,"round_325",local_queue_size,78293,
metric,"round_325",boundary_queue_size,169,
metric,"round_325",accepted_local_collapses,128,
metric,"round_325",accepted_boundary_collapses,4,
metric,"round_325",skipped_boundary_edges,0,
metric,"round_325",rejected_conflicts,170,
metric,"round_325",repartitioned,1,
metric,"round_326",interior_edge_fraction,0.997938,
metric,"round_326",boundary_edge_fraction,0.00206236,
metric,"round_326",partition_load_imbalance,5.43258,
metric,"round_326",local_queue_size,77905,
metric,"round_326",boundary_queue_size,161,
metric,"round_326",accepted_local_collapses,128,
metric,"round_326",accepted_boundary_collapses,4,
metric,"round_326",skipped_boundary_edges,0,
metric,"round_326",rejected_conflicts,157,
metric,"round_326",repartitioned,1,
metric,"round_327",interior_edge_fraction,0.997927,
metric,"round_327",boundary_edge_fraction,0.00207287,
metric,"round_327",partition_load_imbalance,5.50789,
metric,"round_327",local_queue_size,77509,
metric,"round_327",boundary_queue_size,161,
metric,"round_327",accepted_local_collapses,128,
metric,"round_327",accepted_boundary_collapses,5,
metric,"round_327",skipped_boundary_edges,0,
metric,"round_327",rejected_conflicts,163,
metric,"round_327",repartitioned,1,
metric,"round_328",interior_edge_fraction,0.997269,
metric,"round_328",boundary_edge_fraction,0.00273065,
metric,"round_328",partition_load_imbalance,5.57396,
metric,"round_328",local_queue_size,77060,
metric,"round_328",boundary_queue_size,211,
metric,"round_328",accepted_local_collapses,128,
metric,"round_328",accepted_boundary_collapses,4,
metric,"round_328",skipped_boundary_edges,0,
metric,"round_328",rejected_conflicts,205,
metric,"round_328",repartitioned,1,
metric,"round_329",interior_edge_fraction,0.997359,
metric,"round_329",boundary_edge_fraction,0.00264065,
metric,"round_329",partition_load_imbalance,5.65036,
metric,"round_329",local_queue_size,76672,
metric,"round_329",boundary_queue_size,203,
metric,"round_329",accepted_local_collapses,128,
metric,"round_329",accepted_boundary_collapses,4,
metric,"round_329",skipped_boundary_edges,0,
metric,"round_329",rejected_conflicts,199,
metric,"round_329",repartitioned,1,
metric,"round_330",interior_edge_fraction,0.99745,
metric,"round_330",boundary_edge_fraction,0.00254972,
metric,"round_330",partition_load_imbalance,5.72936,
metric,"round_330",local_queue_size,76284,
metric,"round_330",boundary_queue_size,195,
metric,"round_330",accepted_local_collapses,128,
metric,"round_330",accepted_boundary_collapses,4,
metric,"round_330",skipped_boundary_edges,0,
metric,"round_330",rejected_conflicts,194,
metric,"round_330",repartitioned,1,
metric,"round_331",interior_edge_fraction,0.997542,
metric,"round_331",boundary_edge_fraction,0.00245784,
metric,"round_331",partition_load_imbalance,5.81109,
metric,"round_331",local_queue_size,75896,
metric,"round_331",boundary_queue_size,187,
metric,"round_331",accepted_local_collapses,128,
metric,"round_331",accepted_boundary_collapses,3,
metric,"round_331",skipped_boundary_edges,0,
metric,"round_331",rejected_conflicts,186,
metric,"round_331",repartitioned,1,
metric,"round_332",interior_edge_fraction,0.997609,
metric,"round_332",boundary_edge_fraction,0.00239133,
metric,"round_332",partition_load_imbalance,5.8958,
metric,"round_332",local_queue_size,75509,
metric,"round_332",boundary_queue_size,181,
metric,"round_332",accepted_local_collapses,128,
metric,"round_332",accepted_boundary_collapses,3,
metric,"round_332",skipped_boundary_edges,0,
metric,"round_332",rejected_conflicts,186,
metric,"round_332",repartitioned,1,
metric,"round_333",interior_edge_fraction,0.997676,
metric,"round_333",boundary_edge_fraction,0.00232413,
metric,"round_333",partition_load_imbalance,5.98355,
metric,"round_333",local_queue_size,75122,
metric,"round_333",boundary_queue_size,175,
metric,"round_333",accepted_local_collapses,128,
metric,"round_333",accepted_boundary_collapses,3,
metric,"round_333",skipped_boundary_edges,0,
metric,"round_333",rejected_conflicts,174,
metric,"round_333",repartitioned,1,
metric,"round_334",interior_edge_fraction,0.997744,
metric,"round_334",boundary_edge_fraction,0.00225622,
metric,"round_334",partition_load_imbalance,6.0745,
metric,"round_334",local_queue_size,74735,
metric,"round_334",boundary_queue_size,169,
metric,"round_334",accepted_local_collapses,128,
metric,"round_334",accepted_boundary_collapses,3,
metric,"round_334",skipped_boundary_edges,0,
metric,"round_334",rejected_conflicts,173,
metric,"round_334",repartitioned,1,
metric,"round_335",interior_edge_fraction,0.997812,
metric,"round_335",boundary_edge_fraction,0.0021876,
metric,"round_335",partition_load_imbalance,6.16884,
metric,"round_335",local_queue_size,74348,
metric,"round_335",boundary_queue_size,163,
metric,"round_335",accepted_local_collapses,128,
metric,"round_335",accepted_boundary_collapses,3,
metric,"round_335",skipped_boundary_edges,0,
metric,"round_335",rejected_conflicts,164,
metric,"round_335",repartitioned,1,
metric,"round_336",interior_edge_fraction,0.997895,
metric,"round_336",boundary_edge_fraction,0.00210475,
metric,"round_336",partition_load_imbalance,6.26614,
metric,"round_336",local_queue_size,73962,
metric,"round_336",boundary_queue_size,156,
metric,"round_336",accepted_local_collapses,128,
metric,"round_336",accepted_boundary_collapses,3,
metric,"round_336",skipped_boundary_edges,0,
metric,"round_336",rejected_conflicts,169,
metric,"round_336",repartitioned,1,
metric,"round_337",interior_edge_fraction,0.997314,
metric,"round_337",boundary_edge_fraction,0.00268566,
metric,"round_337",partition_load_imbalance,6.39857,
metric,"round_337",local_queue_size,73527,
metric,"round_337",boundary_queue_size,198,
metric,"round_337",accepted_local_collapses,128,
metric,"round_337",accepted_boundary_collapses,3,
metric,"round_337",skipped_boundary_edges,0,
metric,"round_337",rejected_conflicts,205,
metric,"round_337",repartitioned,1,
metric,"round_338",interior_edge_fraction,0.997382,
metric,"round_338",boundary_edge_fraction,0.00261823,
metric,"round_338",partition_load_imbalance,6.50539,
metric,"round_338",local_queue_size,73140,
metric,"round_338",boundary_queue_size,192,
metric,"round_338",accepted_local_collapses,128,
metric,"round_338",accepted_boundary_collapses,3,
metric,"round_338",skipped_boundary_edges,0,
metric,"round_338",rejected_conflicts,191,
metric,"round_338",repartitioned,1,
metric,"round_339",interior_edge_fraction,0.99745,
metric,"round_339",boundary_edge_fraction,0.00255008,
metric,"round_339",partition_load_imbalance,6.61652,
metric,"round_339",local_queue_size,72753,
metric,"round_339",boundary_queue_size,186,
metric,"round_339",accepted_local_collapses,128,
metric,"round_339",accepted_boundary_collapses,3,
metric,"round_339",skipped_boundary_edges,0,
metric,"round_339",rejected_conflicts,189,
metric,"round_339",repartitioned,1,
metric,"round_340",interior_edge_fraction,0.997519,
metric,"round_340",boundary_edge_fraction,0.00248118,
metric,"round_340",partition_load_imbalance,6.73224,
metric,"round_340",local_queue_size,72366,
metric,"round_340",boundary_queue_size,180,
metric,"round_340",accepted_local_collapses,128,
metric,"round_340",accepted_boundary_collapses,3,
metric,"round_340",skipped_boundary_edges,0,
metric,"round_340",rejected_conflicts,193,
metric,"round_340",repartitioned,1,
metric,"round_341",interior_edge_fraction,0.997588,
metric,"round_341",boundary_edge_fraction,0.00241154,
metric,"round_341",partition_load_imbalance,6.85283,
metric,"round_341",local_queue_size,71979,
metric,"round_341",boundary_queue_size,174,
metric,"round_341",accepted_local_collapses,128,
metric,"round_341",accepted_boundary_collapses,3,
metric,"round_341",skipped_boundary_edges,0,
metric,"round_341",rejected_conflicts,177,
metric,"round_341",repartitioned,1,
metric,"round_342",interior_edge_fraction,0.997659,
metric,"round_342",boundary_edge_fraction,0.00234114,
metric,"round_342",partition_load_imbalance,6.9786,
metric,"round_342",local_queue_size,71592,
metric,"round_342",boundary_queue_size,168,
metric,"round_342",accepted_local_collapses,128,
metric,"round_342",accepted_boundary_collapses,3,
metric,"round_342",skipped_boundary_edges,0,
metric,"round_342",rejected_conflicts,175,
metric,"round_342",repartitioned,1,
metric,"round_343",interior_edge_fraction,0.99773,
metric,"round_343",boundary_edge_fraction,0.00226996,
metric,"round_343",partition_load_imbalance,7.10991,
metric,"round_343",local_queue_size,71205,
metric,"round_343",boundary_queue_size,162,
metric,"round_343",accepted_local_collapses,128,
metric,"round_343",accepted_boundary_collapses,3,
metric,"round_343",skipped_boundary_edges,0,
metric,"round_343",rejected_conflicts,172,
metric,"round_343",repartitioned,1,
metric,"round_344",interior_edge_fraction,0.997802,
metric,"round_344",boundary_edge_fraction,0.00219799,
metric,"round_344",partition_load_imbalance,7.24712,
metric,"round_344",local_queue_size,70818,
metric,"round_344",boundary_queue_size,156,
metric,"round_344",accepted_local_collapses,128,
metric,"round_344",accepted_boundary_collapses,3,
metric,"round_344",skipped_boundary_edges,0,
metric,"round_344",rejected_conflicts,157,
metric,"round_344",repartitioned,1,
metric,"round_345",interior_edge_fraction,0.997875,
metric,"round_345",boundary_edge_fraction,0.00212522,
metric,"round_345",partition_load_imbalance,7.39064,
metric,"round_345",local_queue_size,70431,
metric,"round_345",boundary_queue_size,150,
metric,"round_345",accepted_local_collapses,128,
metric,"round_345",accepted_boundary_collapses,3,
metric,"round_345",skipped_boundary_edges,0,
metric,"round_345",rejected_conflicts,157,
metric,"round_345",repartitioned,1,
metric,"round_346",interior_edge_fraction,0.997948,
metric,"round_346",boundary_edge_fraction,0.00205163,
metric,"round_346",partition_load_imbalance,7.54091,
metric,"round_346",local_queue_size,70044,
metric,"round_346",boundary_queue_size,144,
metric,"round_346",accepted_local_collapses,128,
metric,"round_346",accepted_boundary_collapses,3,
metric,"round_346",skipped_boundary_edges,0,
metric,"round_346",rejected_conflicts,146,
metric,"round_346",repartitioned,1,
metric,"round_347",interior_edge_fraction,0.998023,
metric,"round_347",boundary_edge_fraction,0.00197722,
metric,"round_347",partition_load_imbalance,7.69843,
metric,"round_347",local_queue_size,69657,
metric,"round_347",boundary_queue_size,138,
metric,"round_347",accepted_local_collapses,128,
metric,"round_347",accepted_boundary_collapses,3,
metric,"round_347",skipped_boundary_edges,0,
metric,"round_347",rejected_conflicts,147,
metric,"round_347",repartitioned,1,
metric,"round_348",interior_edge_fraction,0.998098,
metric,"round_348",boundary_edge_fraction,0.00190196,
metric,"round_348",partition_load_imbalance,7.86372,
metric,"round_348",local_queue_size,69270,
metric,"round_348",boundary_queue_size,132,
metric,"round_348",accepted_local_collapses,128,
metric,"round_348",accepted_boundary_collapses,3,
metric,"round_348",skipped_boundary_edges,0,
metric,"round_348",rejected_conflicts,147,
metric,"round_348",repartitioned,1,
metric,"round_349",interior_edge_fraction,0.998174,
metric,"round_349",boundary_edge_fraction,0.00182585,
metric,"round_349",partition_load_imbalance,8.03739,
metric,"round_349",local_queue_size,68883,
metric,"round_349",boundary_queue_size,126,
metric,"round_349",accepted_local_collapses,128,
metric,"round_349",accepted_boundary_collapses,3,
metric,"round_349",skipped_boundary_edges,0,
metric,"round_349",rejected_conflicts,131,
metric,"round_349",repartitioned,1,
metric,"round_350",interior_edge_fraction,0.998251,
metric,"round_350",boundary_edge_fraction,0.00174886,
metric,"round_350",partition_load_imbalance,8.22008,
metric,"round_350",local_queue_size,68496,
metric,"round_350",boundary_queue_size,120,
metric,"round_350",accepted_local_collapses,128,
metric,"round_350",accepted_boundary_collapses,3,
metric,"round_350",skipped_boundary_edges,0,
metric,"round_350",rejected_conflicts,125,
metric,"round_350",repartitioned,1,
metric,"round_351",interior_edge_fraction,0.998329,
metric,"round_351",boundary_edge_fraction,0.00167099,
metric,"round_351",partition_load_imbalance,8.41252,
metric,"round_351",local_queue_size,68109,
metric,"round_351",boundary_queue_size,114,
metric,"round_351",accepted_local_collapses,128,
metric,"round_351",accepted_boundary_collapses,3,
metric,"round_351",skipped_boundary_edges,0,
metric,"round_351",rejected_conflicts,124,
metric,"round_351",repartitioned,1,
metric,"round_352",interior_edge_fraction,0.998408,
metric,"round_352",boundary_edge_fraction,0.00159222,
metric,"round_352",partition_load_imbalance,8.6155,
metric,"round_352",local_queue_size,67722,
metric,"round_352",boundary_queue_size,108,
metric,"round_352",accepted_local_collapses,128,
metric,"round_352",accepted_boundary_collapses,3,
metric,"round_352",skipped_boundary_edges,0,
metric,"round_352",rejected_conflicts,117,
metric,"round_352",repartitioned,1,
metric,"round_353",interior_edge_fraction,0.998487,
metric,"round_353",boundary_edge_fraction,0.00151252,
metric,"round_353",partition_load_imbalance,8.82993,
metric,"round_353",local_queue_size,67335,
metric,"round_353",boundary_queue_size,102,
metric,"round_353",accepted_local_collapses,128,
metric,"round_353",accepted_boundary_collapses,3,
metric,"round_353",skipped_boundary_edges,0,
metric,"round_353",rejected_conflicts,113,
metric,"round_353",repartitioned,1,
metric,"round_354",interior_edge_fraction,0.998568,
metric,"round_354",boundary_edge_fraction,0.0014319,
metric,"round_354",partition_load_imbalance,9.05678,
metric,"round_354",local_queue_size,66948,
metric,"round_354",boundary_queue_size,96,
metric,"round_354",accepted_local_collapses,128,
metric,"round_354",accepted_boundary_collapses,3,
metric,"round_354",skipped_boundary_edges,0,
metric,"round_354",rejected_conflicts,105,
metric,"round_354",repartitioned,1,
metric,"round_355",interior_edge_fraction,0.99865,
metric,"round_355",boundary_edge_fraction,0.00135032,
metric,"round_355",partition_load_imbalance,9.29718,
metric,"round_355",local_queue_size,66561,
metric,"round_355",boundary_queue_size,90,
metric,"round_355",accepted_local_collapses,128,
metric,"round_355",accepted_boundary_collapses,3,
metric,"round_355",skipped_boundary_edges,0,
metric,"round_355",rejected_conflicts,108,
metric,"round_355",repartitioned,1,
metric,"round_356",interior_edge_fraction,0.998732,
metric,"round_356",boundary_edge_fraction,0.00126777,
metric,"round_356",partition_load_imbalance,9.55238,
metric,"round_356",local_queue_size,66174,
metric,"round_356",boundary_queue_size,84,
metric,"round_356",accepted_local_collapses,128,
metric,"round_356",accepted_boundary_collapses,3,
metric,"round_356",skipped_boundary_edges,0,
metric,"round_356",rejected_conflicts,99,
metric,"round_356",repartitioned,1,
metric,"round_357",interior_edge_fraction,0.998816,
metric,"round_357",boundary_edge_fraction,0.00118424,
metric,"round_357",partition_load_imbalance,9.82379,
metric,"round_357",local_queue_size,65787,
metric,"round_357",boundary_queue_size,78,
metric,"round_357",accepted_local_collapses,128,
metric,"round_357",accepted_boundary_collapses,3,
metric,"round_357",skipped_boundary_edges,0,
metric,"round_357",rejected_conflicts,92,
metric,"round_357",repartitioned,1,
metric,"round_358",interior_edge_fraction,0.9989,
metric,"round_358",boundary_edge_fraction,0.00109971,
metric,"round_358",partition_load_imbalance,10.113,
metric,"round_358",local_queue_size,65400,
metric,"round_358",boundary_queue_size,72,
metric,"round_358",accepted_local_collapses,128,
metric,"round_358",accepted_boundary_collapses,3,
metric,"round_358",skipped_boundary_edges,0,
metric,"round_358",rejected_conflicts,80,
metric,"round_358",repartitioned,1,
metric,"round_359",interior_edge_fraction,0.998986,
metric,"round_359",boundary_edge_fraction,0.00101415,
metric,"round_359",partition_load_imbalance,10.4218,
metric,"round_359",local_queue_size,65013,
metric,"round_359",boundary_queue_size,66,
metric,"round_359",accepted_local_collapses,128,
metric,"round_359",accepted_boundary_collapses,3,
metric,"round_359",skipped_boundary_edges,0,
metric,"round_359",rejected_conflicts,80,
metric,"round_359",repartitioned,1,
metric,"round_360",interior_edge_fraction,0.999072,
metric,"round_360",boundary_edge_fraction,0.000927558,
metric,"round_360",partition_load_imbalance,10.7523,
metric,"round_360",local_queue_size,64626,
metric,"round_360",boundary_queue_size,60,
metric,"round_360",accepted_local_collapses,128,
metric,"round_360",accepted_boundary_collapses,2,
metric,"round_360",skipped_boundary_edges,0,
metric,"round_360",rejected_conflicts,78,
metric,"round_360",repartitioned,1,
metric,"round_361",interior_edge_fraction,0.999129,
metric,"round_361",boundary_edge_fraction,0.000870972,
metric,"round_361",partition_load_imbalance,11.107,
metric,"round_361",local_queue_size,64240,
metric,"round_361",boundary_queue_size,56,
metric,"round_361",accepted_local_collapses,128,
metric,"round_361",accepted_boundary_collapses,3,
metric,"round_361",skipped_boundary_edges,0,
metric,"round_361",rejected_conflicts,77,
metric,"round_361",repartitioned,1,
metric,"round_362",interior_edge_fraction,0.994805,
metric,"round_362",boundary_edge_fraction,0.00519537,
metric,"round_362",partition_load_imbalance,11.5337,
metric,"round_362",local_queue_size,63571,
metric,"round_362",boundary_queue_size,332,
metric,"round_362",accepted_local_collapses,128,
metric,"round_362",accepted_boundary_collapses,3,
metric,"round_362",skipped_boundary_edges,0,
metric,"round_362",rejected_conflicts,315,
metric,"round_362",repartitioned,1,
metric,"round_363",interior_edge_fraction,0.994867,
metric,"round_363",boundary_edge_fraction,0.00513305,
metric,"round_363",partition_load_imbalance,11.9502,
metric,"round_363",local_queue_size,63184,
metric,"round_363",boundary_queue_size,326,
metric,"round_363",accepted_local_collapses,128,
metric,"round_363",accepted_boundary_collapses,3,
metric,"round_363",skipped_boundary_edges,0,
metric,"round_363",rejected_conflicts,310,
metric,"round_363",repartitioned,1,
metric,"round_364",interior_edge_fraction,0.99493,
metric,"round_364",boundary_edge_fraction,0.00506995,
metric,"round_364",partition_load_imbalance,12.401,
metric,"round_364",local_queue_size,62797,
metric,"round_364",boundary_queue_size,320,
metric,"round_364",accepted_local_collapses,128,
metric,"round_364",accepted_boundary_collapses,3,
metric,"round_364",skipped_boundary_edges,0,
metric,"round_364",rejected_conflicts,303,
metric,"round_364",repartitioned,1,
metric,"round_365",interior_edge_fraction,0.994994,
metric,"round_365",boundary_edge_fraction,0.00500606,
metric,"round_365",partition_load_imbalance,12.8905,
metric,"round_365",local_queue_size,62410,
metric,"round_365",boundary_queue_size,314,
metric,"round_365",accepted_local_collapses,128,
metric,"round_365",accepted_boundary_collapses,3,
metric,"round_365",skipped_boundary_edges,0,
metric,"round_365",rejected_conflicts,300,
metric,"round_365",repartitioned,1,
metric,"round_366",interior_edge_fraction,0.995059,
metric,"round_366",boundary_edge_fraction,0.00494136,
metric,"round_366",partition_load_imbalance,13.424,
metric,"round_366",local_queue_size,62023,
metric,"round_366",boundary_queue_size,308,
metric,"round_366",accepted_local_collapses,128,
metric,"round_366",accepted_boundary_collapses,3,
metric,"round_366",skipped_boundary_edges,0,
metric,"round_366",rejected_conflicts,297,
metric,"round_366",repartitioned,1,
metric,"round_367",interior_edge_fraction,0.995124,
metric,"round_367",boundary_edge_fraction,0.00487584,
metric,"round_367",partition_load_imbalance,14.0075,
metric,"round_367",local_queue_size,61636,
metric,"round_367",boundary_queue_size,302,
metric,"round_367",accepted_local_collapses,128,
metric,"round_367",accepted_boundary_collapses,3,
metric,"round_367",skipped_boundary_edges,0,
metric,"round_367",rejected_conflicts,300,
metric,"round_367",repartitioned,1,
metric,"round_368",interior_edge_fraction,0.995191,
metric,"round_368",boundary_edge_fraction,0.00480949,
metric,"round_368",partition_load_imbalance,14.6487,
metric,"round_368",local_queue_size,61249,
metric,"round_368",boundary_queue_size,296,
metric,"round_368",accepted_local_collapses,128,
metric,"round_368",accepted_boundary_collapses,3,
metric,"round_368",skipped_boundary_edges,0,
metric,"round_368",rejected_conflicts,294,
metric,"round_368",repartitioned,1,
metric,"round_369",interior_edge_fraction,0.995258,
metric,"round_369",boundary_edge_fraction,0.00474228,
metric,"round_369",partition_load_imbalance,15.3564,
metric,"round_369",local_queue_size,60862,
metric,"round_369",boundary_queue_size,290,
metric,"round_369",accepted_local_collapses,128,
metric,"round_369",accepted_boundary_collapses,3,
metric,"round_369",skipped_boundary_edges,0,
metric,"round_369",rejected_conflicts,302,
metric,"round_369",repartitioned,1,
metric,"round_370",interior_edge_fraction,0.995326,
metric,"round_370",boundary_edge_fraction,0.0046742,
metric,"round_370",partition_load_imbalance,16.1414,
metric,"round_370",local_queue_size,60475,
metric,"round_370",boundary_queue_size,284,
metric,"round_370",accepted_local_collapses,128,
metric,"round_370",accepted_boundary_collapses,3,
metric,"round_370",skipped_boundary_edges,0,
metric,"round_370",rejected_conflicts,295,
metric,"round_370",repartitioned,1,
metric,"round_371",interior_edge_fraction,0.995395,
metric,"round_371",boundary_edge_fraction,0.00460524,
metric,"round_371",partition_load_imbalance,17.0174,
metric,"round_371",local_queue_size,60088,
metric,"round_371",boundary_queue_size,278,
metric,"round_371",accepted_local_collapses,128,
metric,"round_371",accepted_boundary_collapses,3,
metric,"round_371",skipped_boundary_edges,0,
metric,"round_371",rejected_conflicts,278,
metric,"round_371",repartitioned,1,
metric,"round_372",interior_edge_fraction,0.995465,
metric,"round_372",boundary_edge_fraction,0.00453537,
metric,"round_372",partition_load_imbalance,18.001,
metric,"round_372",local_queue_size,59701,
metric,"round_372",boundary_queue_size,272,
metric,"round_372",accepted_local_collapses,128,
metric,"round_372",accepted_boundary_collapses,3,
metric,"round_372",skipped_boundary_edges,0,
metric,"round_372",rejected_conflicts,277,
metric,"round_372",repartitioned,1,
metric,"round_373",interior_edge_fraction,0.995535,
metric,"round_373",boundary_edge_fraction,0.00446459,
metric,"round_373",partition_load_imbalance,19.1133,
metric,"round_373",local_queue_size,59314,
metric,"round_373",boundary_queue_size,266,
metric,"round_373",accepted_local_collapses,128,
metric,"round_373",accepted_boundary_collapses,3,
metric,"round_373",skipped_boundary_edges,0,
metric,"round_373",rejected_conflicts,278,
metric,"round_373",repartitioned,1,
metric,"round_374",interior_edge_fraction,0.995607,
metric,"round_374",boundary_edge_fraction,0.00439286,
metric,"round_374",partition_load_imbalance,20.3813,
metric,"round_374",local_queue_size,58927,
metric,"round_374",boundary_queue_size,260,
metric,"round_374",accepted_local_collapses,128,
metric,"round_374",accepted_boundary_collapses,3,
metric,"round_374",skipped_boundary_edges,0,
metric,"round_374",rejected_conflicts,276,
metric,"round_374",repartitioned,1,
metric,"round_375",interior_edge_fraction,0.99568,
metric,"round_375",boundary_edge_fraction,0.00432017,
metric,"round_375",partition_load_imbalance,21.8404,
metric,"round_375",local_queue_size,58540,
metric,"round_375",boundary_queue_size,254,
metric,"round_375",accepted_local_collapses,128,
metric,"round_375",accepted_boundary_collapses,3,
metric,"round_375",skipped_boundary_edges,0,
metric,"round_375",rejected_conflicts,267,
metric,"round_375",repartitioned,1,
metric,"round_376",interior_edge_fraction,0.995753,
metric,"round_376",boundary_edge_fraction,0.0042465,
metric,"round_376",partition_load_imbalance,23.5371,
metric,"round_376",local_queue_size,58153,
metric,"round_376",boundary_queue_size,248,
metric,"round_376",accepted_local_collapses,128,
metric,"round_376",accepted_boundary_collapses,3,
metric,"round_376",skipped_boundary_edges,0,
metric,"round_376",rejected_conflicts,274,
metric,"round_376",repartitioned,1,
metric,"round_377",interior_edge_fraction,0.995828,
metric,"round_377",boundary_edge_fraction,0.00417184,
metric,"round_377",partition_load_imbalance,25.5347,
metric,"round_377",local_queue_size,57766,
metric,"round_377",boundary_queue_size,242,
metric,"round_377",accepted_local_collapses,128,
metric,"round_377",accepted_boundary_collapses,3,
metric,"round_377",skipped_boundary_edges,0,
metric,"round_377",rejected_conflicts,290,
metric,"round_377",repartitioned,1,
metric,"round_378",interior_edge_fraction,0.995904,
metric,"round_378",boundary_edge_fraction,0.00409616,
metric,"round_378",partition_load_imbalance,27.9209,
metric,"round_378",local_queue_size,57379,
metric,"round_378",boundary_queue_size,236,
metric,"round_378",accepted_local_collapses,128,
metric,"round_378",accepted_boundary_collapses,3,
metric,"round_378",skipped_boundary_edges,0,
metric,"round_378",rejected_conflicts,292,
metric,"round_378",repartitioned,1,
metric,"round_379",interior_edge_fraction,0.99467,
metric,"round_379",boundary_edge_fraction,0.00533012,
metric,"round_379",partition_load_imbalance,30.7795,
metric,"round_379",local_queue_size,56917,
metric,"round_379",boundary_queue_size,305,
metric,"round_379",accepted_local_collapses,128,
metric,"round_379",accepted_boundary_collapses,3,
metric,"round_379",skipped_boundary_edges,0,
metric,"round_379",rejected_conflicts,391,
metric,"round_379",repartitioned,1,
metric,"round_380",interior_edge_fraction,0.994739,
metric,"round_380",boundary_edge_fraction,0.0052614,
metric,"round_380",partition_load_imbalance,34.3755,
metric,"round_380",local_queue_size,56530,
metric,"round_380",boundary_queue_size,299,
metric,"round_380",accepted_local_collapses,128,
metric,"round_380",accepted_boundary_collapses,3,
metric,"round_380",skipped_boundary_edges,0,
metric,"round_380",rejected_conflicts,417,
metric,"round_380",repartitioned,1,
metric,"round_381",interior_edge_fraction,0.994808,
metric,"round_381",boundary_edge_fraction,0.00519172,
metric,"round_381",partition_load_imbalance,38.9594,
metric,"round_381",local_queue_size,56143,
metric,"round_381",boundary_queue_size,293,
metric,"round_381",accepted_local_collapses,128,
metric,"round_381",accepted_boundary_collapses,3,
metric,"round_381",skipped_boundary_edges,0,
metric,"round_381",rejected_conflicts,460,
metric,"round_381",repartitioned,1,
metric,"round_382",interior_edge_fraction,0.994879,
metric,"round_382",boundary_edge_fraction,0.00512107,
metric,"round_382",partition_load_imbalance,45.0033,
metric,"round_382",local_queue_size,55756,
metric,"round_382",boundary_queue_size,287,
metric,"round_382",accepted_local_collapses,128,
metric,"round_382",accepted_boundary_collapses,3,
metric,"round_382",skipped_boundary_edges,0,
metric,"round_382",rejected_conflicts,567,
metric,"round_382",repartitioned,1,
metric,"round_383",interior_edge_fraction,0.994951,
metric,"round_383",boundary_edge_fraction,0.00504942,
metric,"round_383",partition_load_imbalance,53.3366,
metric,"round_383",local_queue_size,55369,
metric,"round_383",boundary_queue_size,281,
metric,"round_383",accepted_local_collapses,126,
metric,"round_383",accepted_boundary_collapses,3,
metric,"round_383",skipped_boundary_edges,0,
metric,"round_383",rejected_conflicts,1194,
metric,"round_383",repartitioned,1,
metric,"round_384",interior_edge_fraction,0.994264,
metric,"round_384",boundary_edge_fraction,0.00573621,
metric,"round_384",partition_load_imbalance,65.0409,
metric,"round_384",local_queue_size,54946,
metric,"round_384",boundary_queue_size,317,
metric,"round_384",accepted_local_collapses,113,
metric,"round_384",accepted_boundary_collapses,4,
metric,"round_384",skipped_boundary_edges,0,
metric,"round_384",rejected_conflicts,1039,
metric,"round_384",repartitioned,1,
metric,"round_385",interior_edge_fraction,0.993972,
metric,"round_385",boundary_edge_fraction,0.00602783,
metric,"round_385",partition_load_imbalance,81.4486,
metric,"round_385",local_queue_size,54581,
metric,"round_385",boundary_queue_size,331,
metric,"round_385",accepted_local_collapses,107,
metric,"round_385",accepted_boundary_collapses,4,
metric,"round_385",skipped_boundary_edges,0,
metric,"round_385",rejected_conflicts,890,
metric,"round_385",repartitioned,1,
metric,"round_386",interior_edge_fraction,0.994082,
metric,"round_386",boundary_edge_fraction,0.00591803,
metric,"round_386",partition_load_imbalance,100.985,
metric,"round_386",local_queue_size,54256,
metric,"round_386",boundary_queue_size,323,
metric,"round_386",accepted_local_collapses,96,
metric,"round_386",accepted_boundary_collapses,4,
metric,"round_386",skipped_boundary_edges,0,
metric,"round_386",rejected_conflicts,768,
metric,"round_386",repartitioned,1,
metric,"round_387",interior_edge_fraction,0.994749,
metric,"round_387",boundary_edge_fraction,0.00525065,
metric,"round_387",partition_load_imbalance,124.86,
metric,"round_387",local_queue_size,53994,
metric,"round_387",boundary_queue_size,285,
metric,"round_387",accepted_local_collapses,91,
metric,"round_387",accepted_boundary_collapses,4,
metric,"round_387",skipped_boundary_edges,0,
metric,"round_387",rejected_conflicts,630,
metric,"round_387",repartitioned,1,
metric,"round_388",interior_edge_fraction,0.994944,
metric,"round_388",boundary_edge_fraction,0.00505612,
metric,"round_388",partition_load_imbalance,152.489,
metric,"round_388",local_queue_size,53721,
metric,"round_388",boundary_queue_size,273,
metric,"round_388",accepted_local_collapses,85,
metric,"round_388",accepted_boundary_collapses,3,
metric,"round_388",skipped_boundary_edges,0,
metric,"round_388",rejected_conflicts,540,
metric,"round_388",repartitioned,1,
metric,"round_389",interior_edge_fraction,0.995031,
metric,"round_389",boundary_edge_fraction,0.00496929,
metric,"round_389",partition_load_imbalance,185.934,
metric,"round_389",local_queue_size,53463,
metric,"round_389",boundary_queue_size,267,
metric,"round_389",accepted_local_collapses,80,
metric,"round_389",accepted_boundary_collapses,3,
metric,"round_389",skipped_boundary_edges,0,
metric,"round_389",rejected_conflicts,488,
metric,"round_389",repartitioned,1,
metric,"round_390",interior_edge_fraction,0.99512,
metric,"round_390",boundary_edge_fraction,0.00488024,
metric,"round_390",partition_load_imbalance,223.557,
metric,"round_390",local_queue_size,53220,
metric,"round_390",boundary_queue_size,261,
metric,"round_390",accepted_local_collapses,77,
metric,"round_390",accepted_boundary_collapses,3,
metric,"round_390",skipped_boundary_edges,0,
metric,"round_390",rejected_conflicts,431,
metric,"round_390",repartitioned,1,
metric,"round_391",interior_edge_fraction,0.99521,
metric,"round_391",boundary_edge_fraction,0.00478954,
metric,"round_391",partition_load_imbalance,267.964,
metric,"round_391",local_queue_size,52986,
metric,"round_391",boundary_queue_size,255,
metric,"round_391",accepted_local_collapses,76,
metric,"round_391",accepted_boundary_collapses,3,
metric,"round_391",skipped_boundary_edges,0,
metric,"round_391",rejected_conflicts,392,
metric,"round_391",repartitioned,1,
metric,"round_392",interior_edge_fraction,0.995302,
metric,"round_392",boundary_edge_fraction,0.00469776,
metric,"round_392",partition_load_imbalance,328.719,
metric,"round_392",local_queue_size,52755,
metric,"round_392",boundary_queue_size,249,
metric,"round_392",accepted_local_collapses,72,
metric,"round_392",accepted_boundary_collapses,3,
metric,"round_392",skipped_boundary_edges,0,
metric,"round_392",rejected_conflicts,356,
metric,"round_392",repartitioned,1,
metric,"round_393",interior_edge_fraction,0.995396,
metric,"round_393",boundary_edge_fraction,0.0046041,
metric,"round_393",partition_load_imbalance,388.156,
metric,"round_393",local_queue_size,52536,
metric,"round_393",boundary_queue_size,243,
metric,"round_393",accepted_local_collapses,71,
metric,"round_393",accepted_boundary_collapses,3,
metric,"round_393",skipped_boundary_edges,0,
metric,"round_393",rejected_conflicts,328,
metric,"round_393",repartitioned,1,
metric,"round_394",interior_edge_fraction,0.995491,
metric,"round_394",boundary_edge_fraction,0.00450939,
metric,"round_394",partition_load_imbalance,462.009,
metric,"round_394",local_queue_size,52320,
metric,"round_394",boundary_queue_size,237,
metric,"round_394",accepted_local_collapses,70,
metric,"round_394",accepted_boundary_collapses,3,
metric,"round_394",skipped_boundary_edges,0,
metric,"round_394",rejected_conflicts,305,
metric,"round_394",repartitioned,1,
metric,"round_395",interior_edge_fraction,0.995586,
metric,"round_395",boundary_edge_fraction,0.00441362,
metric,"round_395",partition_load_imbalance,553.33,
metric,"round_395",local_queue_size,52107,
metric,"round_395",boundary_queue_size,231,
metric,"round_395",accepted_local_collapses,69,
metric,"round_395",accepted_boundary_collapses,3,
metric,"round_395",skipped_boundary_edges,0,
metric,"round_395",rejected_conflicts,290,
metric,"round_395",repartitioned,1,
metric,"round_396",interior_edge_fraction,0.992556,
metric,"round_396",boundary_edge_fraction,0.00744407,
metric,"round_396",partition_load_imbalance,629.902,
metric,"round_396",local_queue_size,51734,
metric,"round_396",boundary_queue_size,388,
metric,"round_396",accepted_local_collapses,69,
metric,"round_396",accepted_boundary_collapses,3,
metric,"round_396",skipped_boundary_edges,0,
metric,"round_396",rejected_conflicts,415,
metric,"round_396",repartitioned,1,
metric,"round_397",interior_edge_fraction,0.992641,
metric,"round_397",boundary_edge_fraction,0.00735946,
metric,"round_397",partition_load_imbalance,768.015,
metric,"round_397",local_queue_size,51524,
metric,"round_397",boundary_queue_size,382,
metric,"round_397",accepted_local_collapses,67,
metric,"round_397",accepted_boundary_collapses,3,
metric,"round_397",skipped_boundary_edges,0,
metric,"round_397",rejected_conflicts,397,
metric,"round_397",repartitioned,1,
metric,"round_398",interior_edge_fraction,0.992727,
metric,"round_398",boundary_edge_fraction,0.00727329,
metric,"round_398",partition_load_imbalance,883.828,
metric,"round_398",local_queue_size,51320,
metric,"round_398",boundary_queue_size,376,
metric,"round_398",accepted_local_collapses,66,
metric,"round_398",accepted_boundary_collapses,3,
metric,"round_398",skipped_boundary_edges,0,
metric,"round_398",rejected_conflicts,381,
metric,"round_398",repartitioned,1,
metric,"round_399",interior_edge_fraction,0.992814,
metric,"round_399",boundary_edge_fraction,0.007186,
metric,"round_399",partition_load_imbalance,982.058,
metric,"round_399",local_queue_size,51119,
metric,"round_399",boundary_queue_size,370,
metric,"round_399",accepted_local_collapses,66,
metric,"round_399",accepted_boundary_collapses,3,
metric,"round_399",skipped_boundary_edges,0,
metric,"round_399",rejected_conflicts,373,
metric,"round_399",repartitioned,1,
metric,"round_400",interior_edge_fraction,0.992902,
metric,"round_400",boundary_edge_fraction,0.00709801,
metric,"round_400",partition_load_imbalance,1105.91,
metric,"round_400",local_queue_size,50918,
metric,"round_400",boundary_queue_size,364,
metric,"round_400",accepted_local_collapses,66,
metric,"round_400",accepted_boundary_collapses,3,
metric,"round_400",skipped_boundary_edges,0,
metric,"round_400",rejected_conflicts,367,
metric,"round_400",repartitioned,1,
metric,"round_401",interior_edge_fraction,0.991444,
metric,"round_401",boundary_edge_fraction,0.00855605,
metric,"round_401",partition_load_imbalance,766.242,
metric,"round_401",local_queue_size,50638,
metric,"round_401",boundary_queue_size,437,
metric,"round_401",accepted_local_collapses,69,
metric,"round_401",accepted_boundary_collapses,7,
metric,"round_401",skipped_boundary_edges,0,
metric,"round_401",rejected_conflicts,442,
metric,"round_401",repartitioned,1,
metric,"round_402",interior_edge_fraction,0.991681,
metric,"round_402",boundary_edge_fraction,0.00831907,
metric,"round_402",partition_load_imbalance,987.706,
metric,"round_402",local_queue_size,50424,
metric,"round_402",boundary_queue_size,423,
metric,"round_402",accepted_local_collapses,67,
metric,"round_402",accepted_boundary_collapses,7,
metric,"round_402",skipped_boundary_edges,0,
metric,"round_402",rejected_conflicts,424,
metric,"round_402",repartitioned,1,
metric,"round_403",interior_edge_fraction,0.991921,
metric,"round_403",boundary_edge_fraction,0.00807901,
metric,"round_403",partition_load_imbalance,1223.78,
metric,"round_403",local_queue_size,50216,
metric,"round_403",boundary_queue_size,409,
metric,"round_403",accepted_local_collapses,67,
metric,"round_403",accepted_boundary_collapses,7,
metric,"round_403",skipped_boundary_edges,0,
metric,"round_403",rejected_conflicts,407,
metric,"round_403",repartitioned,1,
metric,"round_404",interior_edge_fraction,0.992123,
metric,"round_404",boundary_edge_fraction,0.00787652,
metric,"round_404",partition_load_imbalance,1723.34,
metric,"round_404",local_queue_size,50006,
metric,"round_404",boundary_queue_size,397,
metric,"round_404",accepted_local_collapses,66,
metric,"round_404",accepted_boundary_collapses,5,
metric,"round_404",skipped_boundary_edges,0,
metric,"round_404",rejected_conflicts,320,
metric,"round_404",repartitioned,1,
metric,"round_405",interior_edge_fraction,0.992289,
metric,"round_405",boundary_edge_fraction,0.0077107,
metric,"round_405",partition_load_imbalance,2164.35,
metric,"round_405",local_queue_size,49803,
metric,"round_405",boundary_queue_size,387,
metric,"round_405",accepted_local_collapses,66,
metric,"round_405",accepted_boundary_collapses,5,
metric,"round_405",skipped_boundary_edges,0,
metric,"round_405",rejected_conflicts,291,
metric,"round_405",repartitioned,1,
metric,"round_406",interior_edge_fraction,0.983292,
metric,"round_406",boundary_edge_fraction,0.0167077,
metric,"round_406",partition_load_imbalance,1.14641,
metric,"round_406",local_queue_size,49142,
metric,"round_406",boundary_queue_size,835,
metric,"round_406",accepted_local_collapses,128,
metric,"round_406",accepted_boundary_collapses,32,
metric,"round_406",skipped_boundary_edges,0,
metric,"round_406",rejected_conflicts,32,
metric,"round_406",repartitioned,1,
metric,"round_407",interior_edge_fraction,0.944704,
metric,"round_407",boundary_edge_fraction,0.0552963,
metric,"round_407",partition_load_imbalance,1.15216,
metric,"round_407",local_queue_size,46760,
metric,"round_407",boundary_queue_size,2737,
metric,"round_407",accepted_local_collapses,128,
metric,"round_407",accepted_boundary_collapses,32,
metric,"round_407",skipped_boundary_edges,0,
metric,"round_407",rejected_conflicts,8,
metric,"round_407",repartitioned,0,
metric,"round_408",interior_edge_fraction,0.983659,
metric,"round_408",boundary_edge_fraction,0.0163413,
metric,"round_408",partition_load_imbalance,1.14981,
metric,"round_408",local_queue_size,48216,
metric,"round_408",boundary_queue_size,801,
metric,"round_408",accepted_local_collapses,128,
metric,"round_408",accepted_boundary_collapses,32,
metric,"round_408",skipped_boundary_edges,0,
metric,"round_408",rejected_conflicts,25,
metric,"round_408",repartitioned,1,
metric,"round_409",interior_edge_fraction,0.944434,
metric,"round_409",boundary_edge_fraction,0.0555659,
metric,"round_409",partition_load_imbalance,1.16165,
metric,"round_409",local_queue_size,45840,
metric,"round_409",boundary_queue_size,2697,
metric,"round_409",accepted_local_collapses,128,
metric,"round_409",accepted_boundary_collapses,32,
metric,"round_409",skipped_boundary_edges,0,
metric,"round_409",rejected_conflicts,17,
metric,"round_409",repartitioned,0,
metric,"round_410",interior_edge_fraction,0.984248,
metric,"round_410",boundary_edge_fraction,0.0157521,
metric,"round_410",partition_load_imbalance,1.15323,
metric,"round_410",local_queue_size,47300,
metric,"round_410",boundary_queue_size,757,
metric,"round_410",accepted_local_collapses,128,
metric,"round_410",accepted_boundary_collapses,32,
metric,"round_410",skipped_boundary_edges,0,
metric,"round_410",rejected_conflicts,27,
metric,"round_410",repartitioned,1,
metric,"round_411",interior_edge_fraction,0.944553,
metric,"round_411",boundary_edge_fraction,0.055447,
metric,"round_411",partition_load_imbalance,1.16178,
metric,"round_411",local_queue_size,44939,
metric,"round_411",boundary_queue_size,2638,
metric,"round_411",accepted_local_collapses,128,
metric,"round_411",accepted_boundary_collapses,32,
metric,"round_411",skipped_boundary_edges,0,
metric,"round_411",rejected_conflicts,9,
metric,"round_411",repartitioned,0,
metric,"round_412",interior_edge_fraction,0.985116,
metric,"round_412",boundary_edge_fraction,0.0148842,
metric,"round_412",partition_load_imbalance,1.15555,
metric,"round_412",local_queue_size,46396,
metric,"round_412",boundary_queue_size,701,
metric,"round_412",accepted_local_collapses,128,
metric,"round_412",accepted_boundary_collapses,32,
metric,"round_412",skipped_boundary_edges,0,
metric,"round_412",rejected_conflicts,25,
metric,"round_412",repartitioned,1,
metric,"round_413",interior_edge_fraction,0.944655,
metric,"round_413",boundary_edge_fraction,0.0553446,
metric,"round_413",partition_load_imbalance,1.1675,
metric,"round_413",local_queue_size,44037,
metric,"round_413",boundary_queue_size,2580,
metric,"round_413",accepted_local_collapses,128,
metric,"round_413",accepted_boundary_collapses,32,
metric,"round_413",skipped_boundary_edges,0,
metric,"round_413",rejected_conflicts,5,
metric,"round_413",repartitioned,0,
metric,"round_414",interior_edge_fraction,0.985456,
metric,"round_414",boundary_edge_fraction,0.0145436,
metric,"round_414",partition_load_imbalance,1.15714,
metric,"round_414",local_queue_size,45466,
metric,"round_414",boundary_queue_size,671,
metric,"round_414",accepted_local_collapses,128,
metric,"round_414",accepted_boundary_collapses,32,
metric,"round_414",skipped_boundary_edges,0,
metric,"round_414",rejected_conflicts,28,
metric,"round_414",repartitioned,1,
metric,"round_415",interior_edge_fraction,0.943229,
metric,"round_415",boundary_edge_fraction,0.0567711,
metric,"round_415",partition_load_imbalance,1.1693,
metric,"round_415",local_queue_size,43065,
metric,"round_415",boundary_queue_size,2592,
metric,"round_415",accepted_local_collapses,128,
metric,"round_415",accepted_boundary_collapses,32,
metric,"round_415",skipped_boundary_edges,0,
metric,"round_415",rejected_conflicts,13,
metric,"round_415",repartitioned,0,
metric,"round_416",interior_edge_fraction,0.985944,
metric,"round_416",boundary_edge_fraction,0.0140558,
metric,"round_416",partition_load_imbalance,1.15909,
metric,"round_416",local_queue_size,44542,
metric,"round_416",boundary_queue_size,635,
metric,"round_416",accepted_local_collapses,128,
metric,"round_416",accepted_boundary_collapses,32,
metric,"round_416",skipped_boundary_edges,0,
metric,"round_416",rejected_conflicts,43,
metric,"round_416",repartitioned,1,
metric,"round_417",interior_edge_fraction,0.942614,
metric,"round_417",boundary_edge_fraction,0.0573864,
metric,"round_417",partition_load_imbalance,1.16684,
metric,"round_417",local_queue_size,42132,
metric,"round_417",boundary_queue_size,2565,
metric,"round_417",accepted_local_collapses,128,
metric,"round_417",accepted_boundary_collapses,32,
metric,"round_417",skipped_boundary_edges,0,
metric,"round_417",rejected_conflicts,12,
metric,"round_417",repartitioned,0,
metric,"round_418",interior_edge_fraction,0.986679,
metric,"round_418",boundary_edge_fraction,0.0133207,
metric,"round_418",partition_load_imbalance,1.1613,
metric,"round_418",local_queue_size,43628,
metric,"round_418",boundary_queue_size,589,
metric,"round_418",accepted_local_collapses,128,
metric,"round_418",accepted_boundary_collapses,32,
metric,"round_418",skipped_boundary_edges,0,
metric,"round_418",rejected_conflicts,37,
metric,"round_418",repartitioned,1,
metric,"round_419",interior_edge_fraction,0.9414,
metric,"round_419",boundary_edge_fraction,0.0586003,
metric,"round_419",partition_load_imbalance,1.17162,
metric,"round_419",local_queue_size,41174,
metric,"round_419",boundary_queue_size,2563,
metric,"round_419",accepted_local_collapses,128,
metric,"round_419",accepted_boundary_collapses,32,
metric,"round_419",skipped_boundary_edges,0,
metric,"round_419",rejected_conflicts,14,
metric,"round_419",repartitioned,0,
metric,"round_420",interior_edge_fraction,0.987216,
metric,"round_420",boundary_edge_fraction,0.0127841,
metric,"round_420",partition_load_imbalance,1.16332,
metric,"round_420",local_queue_size,42704,
metric,"round_420",boundary_queue_size,553,
metric,"round_420",accepted_local_collapses,128,
metric,"round_420",accepted_boundary_collapses,32,
metric,"round_420",skipped_boundary_edges,0,
metric,"round_420",rejected_conflicts,40,
metric,"round_420",repartitioned,1,
metric,"round_421",interior_edge_fraction,0.941511,
metric,"round_421",boundary_edge_fraction,0.0584894,
metric,"round_421",partition_load_imbalance,1.16987,
metric,"round_421",local_queue_size,40275,
metric,"round_421",boundary_queue_size,2502,
metric,"round_421",accepted_local_collapses,128,
metric,"round_421",accepted_boundary_collapses,32,
metric,"round_421",skipped_boundary_edges,0,
metric,"round_421",rejected_conflicts,12,
metric,"round_421",repartitioned,0,
metric,"round_422",interior_edge_fraction,0.98825,
metric,"round_422",boundary_edge_fraction,0.0117502,
metric,"round_422",partition_load_imbalance,1.163,
metric,"round_422",local_queue_size,41800,
metric,"round_422",boundary_queue_size,497,
metric,"round_422",accepted_local_collapses,128,
metric,"round_422",accepted_boundary_collapses,32,
metric,"round_422",skipped_boundary_edges,0,
metric,"round_422",rejected_conflicts,64,
metric,"round_422",repartitioned,1,
metric,"round_423",interior_edge_fraction,0.940981,
metric,"round_423",boundary_edge_fraction,0.0590191,
metric,"round_423",partition_load_imbalance,1.17146,
metric,"round_423",local_queue_size,39349,
metric,"round_423",boundary_queue_size,2468,
metric,"round_423",accepted_local_collapses,128,
metric,"round_423",accepted_boundary_collapses,32,
metric,"round_423",skipped_boundary_edges,0,
metric,"round_423",rejected_conflicts,12,
metric,"round_423",repartitioned,0,
metric,"round_424",interior_edge_fraction,0.988606,
metric,"round_424",boundary_edge_fraction,0.0113942,
metric,"round_424",partition_load_imbalance,1.16658,
metric,"round_424",local_queue_size,40866,
metric,"round_424",boundary_queue_size,471,
metric,"round_424",accepted_local_collapses,128,
metric,"round_424",accepted_boundary_collapses,32,
metric,"round_424",skipped_boundary_edges,0,
metric,"round_424",rejected_conflicts,59,
metric,"round_424",repartitioned,1,
metric,"round_425",interior_edge_fraction,0.939472,
metric,"round_425",boundary_edge_fraction,0.0605282,
metric,"round_425",partition_load_imbalance,1.1819,
metric,"round_425",local_queue_size,38384,
metric,"round_425",boundary_queue_size,2473,
metric,"round_425",accepted_local_collapses,128,
metric,"round_425",accepted_boundary_collapses,32,
metric,"round_425",skipped_boundary_edges,0,
metric,"round_425",rejected_conflicts,8,
metric,"round_425",repartitioned,0,
metric,"round_426",interior_edge_fraction,0.98883,
metric,"round_426",boundary_edge_fraction,0.0111697,
metric,"round_426",partition_load_imbalance,1.17213,
metric,"round_426",local_queue_size,39926,
metric,"round_426",boundary_queue_size,451,
metric,"round_426",accepted_local_collapses,128,
metric,"round_426",accepted_boundary_collapses,32,
metric,"round_426",skipped_boundary_edges,0,
metric,"round_426",rejected_conflicts,78,
metric,"round_426",repartitioned,1,
metric,"round_427",interior_edge_fraction,0.938667,
metric,"round_427",boundary_edge_fraction,0.0613329,
metric,"round_427",partition_load_imbalance,1.18699,
metric,"round_427",local_queue_size,37450,
metric,"round_427",boundary_queue_size,2447,
metric,"round_427",accepted_local_collapses,128,
metric,"round_427",accepted_boundary_collapses,32,
metric,"round_427",skipped_boundary_edges,0,
metric,"round_427",rejected_conflicts,9,
metric,"round_427",repartitioned,0,
metric,"round_428",interior_edge_fraction,0.98871,
metric,"round_428",boundary_edge_fraction,0.0112895,
metric,"round_428",partition_load_imbalance,1.17769,
metric,"round_428",local_queue_size,38972,
metric,"round_428",boundary_queue_size,445,
metric,"round_428",accepted_local_collapses,128,
metric,"round_428",accepted_boundary_collapses,32,
metric,"round_428",skipped_boundary_edges,0,
metric,"round_428",rejected_conflicts,136,
metric,"round_428",repartitioned,1,
metric,"round_429",interior_edge_fraction,0.937078,
metric,"round_429",boundary_edge_fraction,0.0629222,
metric,"round_429",partition_load_imbalance,1.19378,
metric,"round_429",local_queue_size,36487,
metric,"round_429",boundary_queue_size,2450,
metric,"round_429",accepted_local_collapses,128,
metric,"round_429",accepted_boundary_collapses,32,
metric,"round_429",skipped_boundary_edges,0,
metric,"round_429",rejected_conflicts,18,
metric,"round_429",repartitioned,0,
metric,"round_430",interior_edge_fraction,0.988845,
metric,"round_430",boundary_edge_fraction,0.0111553,
metric,"round_430",partition_load_imbalance,1.17988,
metric,"round_430",local_queue_size,38028,
metric,"round_430",boundary_queue_size,429,
metric,"round_430",accepted_local_collapses,128,
metric,"round_430",accepted_boundary_collapses,32,
metric,"round_430",skipped_boundary_edges,0,
metric,"round_430",rejected_conflicts,115,
metric,"round_430",repartitioned,1,
metric,"round_431",interior_edge_fraction,0.935698,
metric,"round_431",boundary_edge_fraction,0.0643021,
metric,"round_431",partition_load_imbalance,1.19501,
metric,"round_431",local_queue_size,35535,
metric,"round_431",boundary_queue_size,2442,
metric,"round_431",accepted_local_collapses,128,
metric,"round_431",accepted_boundary_collapses,32,
metric,"round_431",skipped_boundary_edges,0,
metric,"round_431",rejected_conflicts,12,
metric,"round_431",repartitioned,0,
metric,"round_432",interior_edge_fraction,0.989466,
metric,"round_432",boundary_edge_fraction,0.0105342,
metric,"round_432",partition_load_imbalance,1.1862,
metric,"round_432",local_queue_size,37102,
metric,"round_432",boundary_queue_size,395,
metric,"round_432",accepted_local_collapses,128,
metric,"round_432",accepted_boundary_collapses,32,
metric,"round_432",skipped_boundary_edges,0,
metric,"round_432",rejected_conflicts,126,
metric,"round_432",repartitioned,1,
metric,"round_433",interior_edge_fraction,0.933274,
metric,"round_433",boundary_edge_fraction,0.0667261,
metric,"round_433",partition_load_imbalance,1.20213,
metric,"round_433",local_queue_size,34547,
metric,"round_433",boundary_queue_size,2470,
metric,"round_433",accepted_local_collapses,128,
metric,"round_433",accepted_boundary_collapses,32,
metric,"round_433",skipped_boundary_edges,0,
metric,"round_433",rejected_conflicts,19,
metric,"round_433",repartitioned,0,
metric,"round_434",interior_edge_fraction,0.99012,
metric,"round_434",boundary_edge_fraction,0.0098804,
metric,"round_434",partition_load_imbalance,1.18957,
metric,"round_434",local_queue_size,36176,
metric,"round_434",boundary_queue_size,361,
metric,"round_434",accepted_local_collapses,128,
metric,"round_434",accepted_boundary_collapses,32,
metric,"round_434",skipped_boundary_edges,0,
metric,"round_434",rejected_conflicts,198,
metric,"round_434",repartitioned,1,
metric,"round_435",interior_edge_fraction,0.933882,
metric,"round_435",boundary_edge_fraction,0.0661175,
metric,"round_435",partition_load_imbalance,1.20836,
metric,"round_435",local_queue_size,33673,
metric,"round_435",boundary_queue_size,2384,
metric,"round_435",accepted_local_collapses,128,
metric,"round_435",accepted_boundary_collapses,32,
metric,"round_435",skipped_boundary_edges,0,
metric,"round_435",rejected_conflicts,12,
metric,"round_435",repartitioned,0,
metric,"round_436",interior_edge_fraction,0.990134,
metric,"round_436",boundary_edge_fraction,0.00986592,
metric,"round_436",partition_load_imbalance,1.19244,
metric,"round_436",local_queue_size,35226,
metric,"round_436",boundary_queue_size,351,
metric,"round_436",accepted_local_collapses,128,
metric,"round_436",accepted_boundary_collapses,31,
metric,"round_436",skipped_boundary_edges,0,
metric,"round_436",rejected_conflicts,314,
metric,"round_436",repartitioned,1,
metric,"round_437",interior_edge_fraction,0.927322,
metric,"round_437",boundary_edge_fraction,0.0726781,
metric,"round_437",partition_load_imbalance,1.21031,
metric,"round_437",local_queue_size,32549,
metric,"round_437",boundary_queue_size,2551,
metric,"round_437",accepted_local_collapses,128,
metric,"round_437",accepted_boundary_collapses,32,
metric,"round_437",skipped_boundary_edges,0,
metric,"round_437",rejected_conflicts,18,
metric,"round_437",repartitioned,0,
metric,"round_438",interior_edge_fraction,0.989284,
metric,"round_438",boundary_edge_fraction,0.0107163,
metric,"round_438",partition_load_imbalance,1.19362,
metric,"round_438",local_queue_size,34249,
metric,"round_438",boundary_queue_size,371,
metric,"round_438",accepted_local_collapses,128,
metric,"round_438",accepted_boundary_collapses,32,
metric,"round_438",skipped_boundary_edges,0,
metric,"round_438",rejected_conflicts,195,
metric,"round_438",repartitioned,1,
metric,"round_439",interior_edge_fraction,0.929438,
metric,"round_439",boundary_edge_fraction,0.0705624,
metric,"round_439",partition_load_imbalance,1.20492,
metric,"round_439",local_queue_size,31731,
metric,"round_439",boundary_queue_size,2409,
metric,"round_439",accepted_local_collapses,128,
metric,"round_439",accepted_boundary_collapses,32,
metric,"round_439",skipped_boundary_edges,0,
metric,"round_439",rejected_conflicts,23,
metric,"round_439",repartitioned,0,
metric,"round_440",interior_edge_fraction,0.989127,
metric,"round_440",boundary_edge_fraction,0.0108734,
metric,"round_440",partition_load_imbalance,1.19719,
metric,"round_440",local_queue_size,33294,
metric,"round_440",boundary_queue_size,366,
metric,"round_440",accepted_local_collapses,128,
metric,"round_440",accepted_boundary_collapses,29,
metric,"round_440",skipped_boundary_edges,0,
metric,"round_440",rejected_conflicts,333,
metric,"round_440",repartitioned,1,
metric,"round_441",interior_edge_fraction,0.925668,
metric,"round_441",boundary_edge_fraction,0.0743319,
metric,"round_441",partition_load_imbalance,1.20672,
metric,"round_441",local_queue_size,30722,
metric,"round_441",boundary_queue_size,2467,
metric,"round_441",accepted_local_collapses,128,
metric,"round_441",accepted_boundary_collapses,32,
metric,"round_441",skipped_boundary_edges,0,
metric,"round_441",rejected_conflicts,17,
metric,"round_441",repartitioned,0,
metric,"round_442",interior_edge_fraction,0.989789,
metric,"round_442",boundary_edge_fraction,0.0102113,
metric,"round_442",partition_load_imbalance,1.20193,
metric,"round_442",local_queue_size,32375,
metric,"round_442",boundary_queue_size,334,
metric,"round_442",accepted_local_collapses,128,
metric,"round_442",accepted_boundary_collapses,30,
metric,"round_442",skipped_boundary_edges,0,
metric,"round_442",rejected_conflicts,305,
metric,"round_442",repartitioned,1,
metric,"round_443",interior_edge_fraction,0.922848,
metric,"round_443",boundary_edge_fraction,0.0771522,
metric,"round_443",partition_load_imbalance,1.23032,
metric,"round_443",local_queue_size,29748,
metric,"round_443",boundary_queue_size,2487,
metric,"round_443",accepted_local_collapses,128,
metric,"round_443",accepted_boundary_collapses,32,
metric,"round_443",skipped_boundary_edges,0,
metric,"round_443",rejected_conflicts,16,
metric,"round_443",repartitioned,0,
metric,"round_444",interior_edge_fraction,0.989734,
metric,"round_444",boundary_edge_fraction,0.0102661,
metric,"round_444",partition_load_imbalance,1.20849,
metric,"round_444",local_queue_size,31429,
metric,"round_444",boundary_queue_size,326,
metric,"round_444",accepted_local_collapses,128,
metric,"round_444",accepted_boundary_collapses,29,
metric,"round_444",skipped_boundary_edges,0,
metric,"round_444",rejected_conflicts,294,
metric,"round_444",repartitioned,1,
metric,"round_445",interior_edge_fraction,0.92274,
metric,"round_445",boundary_edge_fraction,0.0772599,
metric,"round_445",partition_load_imbalance,1.22688,
metric,"round_445",local_queue_size,28867,
metric,"round_445",boundary_queue_size,2417,
metric,"round_445",accepted_local_collapses,128,
metric,"round_445",accepted_boundary_collapses,32,
metric,"round_445",skipped_boundary_edges,0,
metric,"round_445",rejected_conflicts,12,
metric,"round_445",repartitioned,0,
metric,"round_446",interior_edge_fraction,0.989157,
metric,"round_446",boundary_edge_fraction,0.0108427,
metric,"round_446",partition_load_imbalance,1.21294,
metric,"round_446",local_queue_size,30470,
metric,"round_446",boundary_queue_size,334,
metric,"round_446",accepted_local_collapses,128,
metric,"round_446",accepted_boundary_collapses,29,
metric,"round_446",skipped_boundary_edges,0,
metric,"round_446",rejected_conflicts,296,
metric,"round_446",repartitioned,1,
metric,"round_447",interior_edge_fraction,0.925362,
metric,"round_447",boundary_edge_fraction,0.0746382,
metric,"round_447",partition_load_imbalance,1.23248,
metric,"round_447",local_queue_size,28069,
metric,"round_447",boundary_queue_size,2264,
metric,"round_447",accepted_local_collapses,128,
metric,"round_447",accepted_boundary_collapses,32,
metric,"round_447",skipped_boundary_edges,0,
metric,"round_447",rejected_conflicts,17,
metric,"round_447",repartitioned,0,
metric,"round_448",interior_edge_fraction,0.98985,
metric,"round_448",boundary_edge_fraction,0.0101497,
metric,"round_448",partition_load_imbalance,1.21864,
metric,"round_448",local_queue_size,29550,
metric,"round_448",boundary_queue_size,303,
metric,"round_448",accepted_local_collapses,128,
metric,"round_448",accepted_boundary_collapses,25,
metric,"round_448",skipped_boundary_edges,0,
metric,"round_448",rejected_conflicts,270,
metric,"round_448",repartitioned,1,
metric,"round_449",interior_edge_fraction,0.919882,
metric,"round_449",boundary_edge_fraction,0.0801184,
metric,"round_449",partition_load_imbalance,1.25663,
metric,"round_449",local_queue_size,27039,
metric,"round_449",boundary_queue_size,2355,
metric,"round_449",accepted_local_collapses,128,
metric,"round_449",accepted_boundary_collapses,32,
metric,"round_449",skipped_boundary_edges,0,
metric,"round_449",rejected_conflicts,25,
metric,"round_449",repartitioned,0,
metric,"round_450",interior_edge_fraction,0.990212,
metric,"round_450",boundary_edge_fraction,0.00978765,
metric,"round_450",partition_load_imbalance,1.22204,
metric,"round_450",local_queue_size,28631,
metric,"round_450",boundary_queue_size,283,
metric,"round_450",accepted_local_collapses,128,
metric,"round_450",accepted_boundary_collapses,25,
metric,"round_450",skipped_boundary_edges,0,
metric,"round_450",rejected_conflicts,246,
metric,"round_450",repartitioned,1,
metric,"round_451",interior_edge_fraction,0.919241,
metric,"round_451",boundary_edge_fraction,0.0807591,
metric,"round_451",partition_load_imbalance,1.24524,
metric,"round_451",local_queue_size,26157,
metric,"round_451",boundary_queue_size,2298,
metric,"round_451",accepted_local_collapses,128,
metric,"round_451",accepted_boundary_collapses,32,
metric,"round_451",skipped_boundary_edges,0,
metric,"round_451",rejected_conflicts,18,
metric,"round_451",repartitioned,0,
metric,"round_452",interior_edge_fraction,0.990241,
metric,"round_452",boundary_edge_fraction,0.00975871,
metric,"round_452",partition_load_imbalance,1.22846,
metric,"round_452",local_queue_size,27702,
metric,"round_452",boundary_queue_size,273,
metric,"round_452",accepted_local_collapses,128,
metric,"round_452",accepted_boundary_collapses,21,
metric,"round_452",skipped_boundary_edges,0,
metric,"round_452",rejected_conflicts,251,
metric,"round_452",repartitioned,1,
metric,"round_453",interior_edge_fraction,0.92128,
metric,"round_453",boundary_edge_fraction,0.0787198,
metric,"round_453",partition_load_imbalance,1.25391,
metric,"round_453",local_queue_size,25361,
metric,"round_453",boundary_queue_size,2167,
metric,"round_453",accepted_local_collapses,128,
metric,"round_453",accepted_boundary_collapses,32,
metric,"round_453",skipped_boundary_edges,0,
metric,"round_453",rejected_conflicts,17,
metric,"round_453",repartitioned,0,
metric,"round_454",interior_edge_fraction,0.990794,
metric,"round_454",boundary_edge_fraction,0.00920586,
metric,"round_454",partition_load_imbalance,1.23586,
metric,"round_454",local_queue_size,26799,
metric,"round_454",boundary_queue_size,249,
metric,"round_454",accepted_local_collapses,128,
metric,"round_454",accepted_boundary_collapses,19,
metric,"round_454",skipped_boundary_edges,0,
metric,"round_454",rejected_conflicts,226,
metric,"round_454",repartitioned,1,
metric,"round_455",interior_edge_fraction,0.916789,
metric,"round_455",boundary_edge_fraction,0.0832112,
metric,"round_455",partition_load_imbalance,1.26764,
metric,"round_455",local_queue_size,24393,
metric,"round_455",boundary_queue_size,2214,
metric,"round_455",accepted_local_collapses,128,
metric,"round_455",accepted_boundary_collapses,32,
metric,"round_455",skipped_boundary_edges,0,
metric,"round_455",rejected_conflicts,27,
metric,"round_455",repartitioned,0,
metric,"round_456",interior_edge_fraction,0.991618,
metric,"round_456",boundary_edge_fraction,0.00838213,
metric,"round_456",partition_load_imbalance,1.24156,
metric,"round_456",local_queue_size,25908,
metric,"round_456",boundary_queue_size,219,
metric,"round_456",accepted_local_collapses,128,
metric,"round_456",accepted_boundary_collapses,19,
metric,"round_456",skipped_boundary_edges,0,
metric,"round_456",rejected_conflicts,198,
metric,"round_456",repartitioned,1,
metric,"round_457",interior_edge_fraction,0.915324,
metric,"round_457",boundary_edge_fraction,0.0846765,
metric,"round_457",partition_load_imbalance,1.27643,
metric,"round_457",local_queue_size,23511,
metric,"round_457",boundary_queue_size,2175,
metric,"round_457",accepted_local_collapses,128,
metric,"round_457",accepted_boundary_collapses,32,
metric,"round_457",skipped_boundary_edges,0,
metric,"round_457",rejected_conflicts,18,
metric,"round_457",repartitioned,0,
metric,"round_458",interior_edge_fraction,0.992105,
metric,"round_458",boundary_edge_fraction,0.00789495,
metric,"round_458",partition_load_imbalance,1.24822,
metric,"round_458",local_queue_size,25007,
metric,"round_458",boundary_queue_size,199,
metric,"round_458",accepted_local_collapses,128,
metric,"round_458",accepted_boundary_collapses,17,
metric,"round_458",skipped_boundary_edges,0,
metric,"round_458",rejected_conflicts,188,
metric,"round_458",repartitioned,1,
metric,"round_459",interior_edge_fraction,0.913689,
metric,"round_459",boundary_edge_fraction,0.0863106,
metric,"round_459",partition_load_imbalance,1.28455,
metric,"round_459",local_queue_size,22633,
metric,"round_459",boundary_queue_size,2138,
metric,"round_459",accepted_local_collapses,128,
metric,"round_459",accepted_boundary_collapses,32,
metric,"round_459",skipped_boundary_edges,0,
metric,"round_459",rejected_conflicts,14,
metric,"round_459",repartitioned,0,
metric,"round_460",interior_edge_fraction,0.992466,
metric,"round_460",boundary_edge_fraction,0.00753365,
metric,"round_460",partition_load_imbalance,1.25245,
metric,"round_460",local_queue_size,24108,
metric,"round_460",boundary_queue_size,183,
metric,"round_460",accepted_local_collapses,128,
metric,"round_460",accepted_boundary_collapses,15,
metric,"round_460",skipped_boundary_edges,0,
metric,"round_460",rejected_conflicts,175,
metric,"round_460",repartitioned,1,
metric,"round_461",interior_edge_fraction,0.910737,
metric,"round_461",boundary_edge_fraction,0.0892633,
metric,"round_461",partition_load_imbalance,1.27942,
metric,"round_461",local_queue_size,21732,
metric,"round_461",boundary_queue_size,2130,
metric,"round_461",accepted_local_collapses,128,
metric,"round_461",accepted_boundary_collapses,32,
metric,"round_461",skipped_boundary_edges,0,
metric,"round_461",rejected_conflicts,28,
metric,"round_461",repartitioned,0,
metric,"round_462",interior_edge_fraction,0.991062,
metric,"round_462",boundary_edge_fraction,0.0089385,
metric,"round_462",partition_load_imbalance,1.26387,
metric,"round_462",local_queue_size,23173,
metric,"round_462",boundary_queue_size,209,
metric,"round_462",accepted_local_collapses,128,
metric,"round_462",accepted_boundary_collapses,17,
metric,"round_462",skipped_boundary_edges,0,
metric,"round_462",rejected_conflicts,192,
metric,"round_462",repartitioned,1,
metric,"round_463",interior_edge_fraction,0.901207,
metric,"round_463",boundary_edge_fraction,0.0987929,
metric,"round_463",partition_load_imbalance,1.31917,
metric,"round_463",local_queue_size,20680,
metric,"round_463",boundary_queue_size,2267,
metric,"round_463",accepted_local_collapses,128,
metric,"round_463",accepted_boundary_collapses,32,
metric,"round_463",skipped_boundary_edges,0,
metric,"round_463",rejected_conflicts,25,
metric,"round_463",repartitioned,0,
metric,"round_464",interior_edge_fraction,0.991499,
metric,"round_464",boundary_edge_fraction,0.00850136,
metric,"round_464",partition_load_imbalance,1.2682,
metric,"round_464",local_queue_size,22276,
metric,"round_464",boundary_queue_size,191,
metric,"round_464",accepted_local_collapses,128,
metric,"round_464",accepted_boundary_collapses,15,
metric,"round_464",skipped_boundary_edges,0,
metric,"round_464",rejected_conflicts,171,
metric,"round_464",repartitioned,1,
metric,"round_465",interior_edge_fraction,0.902396,
metric,"round_465",boundary_edge_fraction,0.0976041,
metric,"round_465",partition_load_imbalance,1.31083,
metric,"round_465",local_queue_size,19887,
metric,"round_465",boundary_queue_size,2151,
metric,"round_465",accepted_local_collapses,128,
metric,"round_465",accepted_boundary_collapses,32,
metric,"round_465",skipped_boundary_edges,0,
metric,"round_465",rejected_conflicts,14,
metric,"round_465",repartitioned,0,
metric,"round_466",interior_edge_fraction,0.989888,
metric,"round_466",boundary_edge_fraction,0.0101123,
metric,"round_466",partition_load_imbalance,1.28333,
metric,"round_466",local_queue_size,21340,
metric,"round_466",boundary_queue_size,218,
metric,"round_466",accepted_local_collapses,128,
metric,"round_466",accepted_boundary_collapses,14,
metric,"round_466",skipped_boundary_edges,0,
metric,"round_466",rejected_conflicts,200,
metric,"round_466",repartitioned,1,
metric,"round_467",interior_edge_fraction,0.897643,
metric,"round_467",boundary_edge_fraction,0.102357,
metric,"round_467",partition_load_imbalance,1.3381,
metric,"round_467",local_queue_size,18969,
metric,"round_467",boundary_queue_size,2163,
metric,"round_467",accepted_local_collapses,128,
metric,"round_467",accepted_boundary_collapses,32,
metric,"round_467",skipped_boundary_edges,0,
metric,"round_467",rejected_conflicts,18,
metric,"round_467",repartitioned,0,
metric,"round_468",interior_edge_fraction,0.989057,
metric,"round_468",boundary_edge_fraction,0.0109433,
metric,"round_468",partition_load_imbalance,1.29867,
metric,"round_468",local_queue_size,20426,
metric,"round_468",boundary_queue_size,226,
metric,"round_468",accepted_local_collapses,128,
metric,"round_468",accepted_boundary_collapses,13,
metric,"round_468",skipped_boundary_edges,0,
metric,"round_468",rejected_conflicts,211,
metric,"round_468",repartitioned,1,
metric,"round_469",interior_edge_fraction,0.895991,
metric,"round_469",boundary_edge_fraction,0.104009,
metric,"round_469",partition_load_imbalance,1.34628,
metric,"round_469",local_queue_size,18125,
metric,"round_469",boundary_queue_size,2104,
metric,"round_469",accepted_local_collapses,128,
metric,"round_469",accepted_boundary_collapses,32,
metric,"round_469",skipped_boundary_edges,0,
metric,"round_469",rejected_conflicts,27,
metric,"round_469",repartitioned,0,
metric,"round_470",interior_edge_fraction,0.988101,
metric,"round_470",boundary_edge_fraction,0.0118993,
metric,"round_470",partition_load_imbalance,1.30281,
metric,"round_470",local_queue_size,19514,
metric,"round_470",boundary_queue_size,235,
metric,"round_470",accepted_local_collapses,128,
metric,"round_470",accepted_boundary_collapses,15,
metric,"round_470",skipped_boundary_edges,0,
metric,"round_470",rejected_conflicts,221,
metric,"round_470",repartitioned,1,
metric,"round_471",interior_edge_fraction,0.89001,
metric,"round_471",boundary_edge_fraction,0.10999,
metric,"round_471",partition_load_imbalance,1.34424,
metric,"round_471",local_queue_size,17195,
metric,"round_471",boundary_queue_size,2125,
metric,"round_471",accepted_local_collapses,128,
metric,"round_471",accepted_boundary_collapses,32,
metric,"round_471",skipped_boundary_edges,0,
metric,"round_471",rejected_conflicts,37,
metric,"round_471",repartitioned,0,
metric,"round_472",interior_edge_fraction,0.988694,
metric,"round_472",boundary_edge_fraction,0.0113057,
metric,"round_472",partition_load_imbalance,1.30761,
metric,"round_472",local_queue_size,18627,
metric,"round_472",boundary_queue_size,213,
metric,"round_472",accepted_local_collapses,128,
metric,"round_472",accepted_boundary_collapses,14,
metric,"round_472",skipped_boundary_edges,0,
metric,"round_472",rejected_conflicts,206,
metric,"round_472",repartitioned,1,
metric,"round_473",interior_edge_fraction,0.88058,
metric,"round_473",boundary_edge_fraction,0.11942,
metric,"round_473",partition_load_imbalance,1.37027,
metric,"round_473",local_queue_size,16215,
metric,"round_473",boundary_queue_size,2199,
metric,"round_473",accepted_local_collapses,128,
metric,"round_473",accepted_boundary_collapses,32,
metric,"round_473",skipped_boundary_edges,0,
metric,"round_473",rejected_conflicts,38,
metric,"round_473",repartitioned,0,
metric,"round_474",interior_edge_fraction,0.989684,
metric,"round_474",boundary_edge_fraction,0.0103156,
metric,"round_474",partition_load_imbalance,1.31952,
metric,"round_474",local_queue_size,17749,
metric,"round_474",boundary_queue_size,185,
metric,"round_474",accepted_local_collapses,128,
metric,"round_474",accepted_boundary_collapses,11,
metric,"round_474",skipped_boundary_edges,0,
metric,"round_474",rejected_conflicts,178,
metric,"round_474",repartitioned,1,
metric,"round_475",interior_edge_fraction,0.883313,
metric,"round_475",boundary_edge_fraction,0.116687,
metric,"round_475",partition_load_imbalance,1.3688,
metric,"round_475",local_queue_size,15473,
metric,"round_475",boundary_queue_size,2044,
metric,"round_475",accepted_local_collapses,128,
metric,"round_475",accepted_boundary_collapses,32,
metric,"round_475",skipped_boundary_edges,0,
metric,"round_475",rejected_conflicts,28,
metric,"round_475",repartitioned,0,
metric,"round_476",interior_edge_fraction,0.990726,
metric,"round_476",boundary_edge_fraction,0.00927393,
metric,"round_476",partition_load_imbalance,1.32621,
metric,"round_476",local_queue_size,16879,
metric,"round_476",boundary_queue_size,158,
metric,"round_476",accepted_local_collapses,128,
metric,"round_476",accepted_boundary_collapses,12,
metric,"round_476",skipped_boundary_edges,0,
metric,"round_476",rejected_conflicts,165,
metric,"round_476",repartitioned,1,
metric,"round_477",interior_edge_fraction,0.87591,
metric,"round_477",boundary_edge_fraction,0.12409,
metric,"round_477",partition_load_imbalance,1.359,
metric,"round_477",local_queue_size,14555,
metric,"round_477",boundary_queue_size,2062,
metric,"round_477",accepted_local_collapses,128,
metric,"round_477",accepted_boundary_collapses,32,
metric,"round_477",skipped_boundary_edges,0,
metric,"round_477",rejected_conflicts,28,
metric,"round_477",repartitioned,0,
metric,"round_478",interior_edge_fraction,0.990457,
metric,"round_478",boundary_edge_fraction,0.00954329,
metric,"round_478",partition_load_imbalance,1.32886,
metric,"round_478",local_queue_size,15983,
metric,"round_478",boundary_queue_size,154,
metric,"round_478",accepted_local_collapses,128,
metric,"round_478",accepted_boundary_collapses,11,
metric,"round_478",skipped_boundary_edges,0,
metric,"round_478",rejected_conflicts,160,
metric,"round_478",repartitioned,1,
metric,"round_479",interior_edge_fraction,0.874427,
metric,"round_479",boundary_edge_fraction,0.125573,
metric,"round_479",partition_load_imbalance,1.39728,
metric,"round_479",local_queue_size,13746,
metric,"round_479",boundary_queue_size,1974,
metric,"round_479",accepted_local_collapses,128,
metric,"round_479",accepted_boundary_collapses,32,
metric,"round_479",skipped_boundary_edges,0,
metric,"round_479",rejected_conflicts,47,
metric,"round_479",repartitioned,0,
metric,"round_480",interior_edge_fraction,0.990682,
metric,"round_480",boundary_edge_fraction,0.00931759,
metric,"round_480",partition_load_imbalance,1.3415,
metric,"round_480",local_queue_size,15098,
metric,"round_480",boundary_queue_size,142,
metric,"round_480",accepted_local_collapses,128,
metric,"round_480",accepted_boundary_collapses,11,
metric,"round_480",skipped_boundary_edges,0,
metric,"round_480",rejected_conflicts,153,
metric,"round_480",repartitioned,1,
metric,"round_481",interior_edge_fraction,0.867368,
metric,"round_481",boundary_edge_fraction,0.132632,
metric,"round_481",partition_load_imbalance,1.39601,
metric,"round_481",local_queue_size,12857,
metric,"round_481",boundary_queue_size,1966,
metric,"round_481",accepted_local_collapses,128,
metric,"round_481",accepted_boundary_collapses,32,
metric,"round_481",skipped_boundary_edges,0,
metric,"round_481",rejected_conflicts,51,
metric,"round_481",repartitioned,0,
metric,"round_482",interior_edge_fraction,0.98996,
metric,"round_482",boundary_edge_fraction,0.0100397,
metric,"round_482",partition_load_imbalance,1.345,
metric,"round_482",local_queue_size,14199,
metric,"round_482",boundary_queue_size,144,
metric,"round_482",accepted_local_collapses,128,
metric,"round_482",accepted_boundary_collapses,11,
metric,"round_482",skipped_boundary_edges,0,
metric,"round_482",rejected_conflicts,151,
metric,"round_482",repartitioned,1,
metric,"round_483",interior_edge_fraction,0.856097,
metric,"round_483",boundary_edge_fraction,0.143903,
metric,"round_483",partition_load_imbalance,1.43356,
metric,"round_483",local_queue_size,11922,
metric,"round_483",boundary_queue_size,2004,
metric,"round_483",accepted_local_collapses,128,
metric,"round_483",accepted_boundary_collapses,32,
metric,"round_483",skipped_boundary_edges,0,
metric,"round_483",rejected_conflicts,32,
metric,"round_483",repartitioned,0,
metric,"round_484",interior_edge_fraction,0.989067,
metric,"round_484",boundary_edge_fraction,0.0109326,
metric,"round_484",partition_load_imbalance,1.35631,
metric,"round_484",local_queue_size,13299,
metric,"round_484",boundary_queue_size,147,
metric,"round_484",accepted_local_collapses,128,
metric,"round_484",accepted_boundary_collapses,11,
metric,"round_484",skipped_boundary_edges,0,
metric,"round_484",rejected_conflicts,160,
metric,"round_484",repartitioned,1,
metric,"round_485",interior_edge_fraction,0.837363,
metric,"round_485",boundary_edge_fraction,0.162637,
metric,"round_485",partition_load_imbalance,1.47673,
metric,"round_485",local_queue_size,10910,
metric,"round_485",boundary_queue_size,2119,
metric,"round_485",accepted_local_collapses,128,
metric,"round_485",accepted_boundary_collapses,32,
metric,"round_485",skipped_boundary_edges,0,
metric,"round_485",rejected_conflicts,45,
metric,"round_485",repartitioned,0,
metric,"round_486",interior_edge_fraction,0.98717,
metric,"round_486",boundary_edge_fraction,0.0128297,
metric,"round_486",partition_load_imbalance,1.36683,
metric,"round_486",local_queue_size,12388,
metric,"round_486",boundary_queue_size,161,
metric,"round_486",accepted_local_collapses,128,
metric,"round_486",accepted_boundary_collapses,10,
metric,"round_486",skipped_boundary_edges,0,
metric,"round_486",rejected_conflicts,170,
metric,"round_486",repartitioned,1,
metric,"round_487",interior_edge_fraction,0.837083,
metric,"round_487",boundary_edge_fraction,0.162917,
metric,"round_487",partition_load_imbalance,1.45007,
metric,"round_487",local_queue_size,10158,
metric,"round_487",boundary_queue_size,1977,
metric,"round_487",accepted_local_collapses,128,
metric,"round_487",accepted_boundary_collapses,32,
metric,"round_487",skipped_boundary_edges,0,
metric,"round_487",rejected_conflicts,36,
metric,"round_487",repartitioned,0,
metric,"round_488",interior_edge_fraction,0.986272,
metric,"round_488",boundary_edge_fraction,0.013728,
metric,"round_488",partition_load_imbalance,1.38436,
metric,"round_488",local_queue_size,11495,
metric,"round_488",boundary_queue_size,160,
metric,"round_488",accepted_local_collapses,128,
metric,"round_488",accepted_boundary_collapses,11,
metric,"round_488",skipped_boundary_edges,0,
metric,"round_488",rejected_conflicts,163,
metric,"round_488",repartitioned,1,
metric,"round_489",interior_edge_fraction,0.816782,
metric,"round_489",boundary_edge_fraction,0.183218,
metric,"round_489",partition_load_imbalance,1.53704,
metric,"round_489",local_queue_size,9179,
metric,"round_489",boundary_queue_size,2059,
metric,"round_489",accepted_local_collapses,128,
metric,"round_489",accepted_boundary_collapses,32,
metric,"round_489",skipped_boundary_edges,0,
metric,"round_489",rejected_conflicts,51,
metric,"round_489",repartitioned,0,
metric,"round_490",interior_edge_fraction,0.975088,
metric,"round_490",boundary_edge_fraction,0.0249117,
metric,"round_490",partition_load_imbalance,1.44522,
metric,"round_490",local_queue_size,10490,
metric,"round_490",boundary_queue_size,268,
metric,"round_490",accepted_local_collapses,128,
metric,"round_490",accepted_boundary_collapses,11,
metric,"round_490",skipped_boundary_edges,0,
metric,"round_490",rejected_conflicts,278,
metric,"round_490",repartitioned,1,
metric,"round_491",interior_edge_fraction,0.795764,
metric,"round_491",boundary_edge_fraction,0.204236,
metric,"round_491",partition_load_imbalance,1.56515,
metric,"round_491",local_queue_size,8229,
metric,"round_491",boundary_queue_size,2112,
metric,"round_491",accepted_local_collapses,128,
metric,"round_491",accepted_boundary_collapses,32,
metric,"round_491",skipped_boundary_edges,0,
metric,"round_491",rejected_conflicts,65,
metric,"round_491",repartitioned,0,
metric,"round_492",interior_edge_fraction,0.972417,
metric,"round_492",boundary_edge_fraction,0.0275834,
metric,"round_492",partition_load_imbalance,1.46187,
metric,"round_492",local_queue_size,9589,
metric,"round_492",boundary_queue_size,272,
metric,"round_492",accepted_local_collapses,128,
metric,"round_492",accepted_boundary_collapses,11,
metric,"round_492",skipped_boundary_edges,0,
metric,"round_492",rejected_conflicts,278,
metric,"round_492",repartitioned,1,
metric,"round_493",interior_edge_fraction,0.783672,
metric,"round_493",boundary_edge_fraction,0.216328,
metric,"round_493",partition_load_imbalance,1.62075,
metric,"round_493",local_queue_size,7401,
metric,"round_493",boundary_queue_size,2043,
metric,"round_493",accepted_local_collapses,128,
metric,"round_493",accepted_boundary_collapses,32,
metric,"round_493",skipped_boundary_edges,0,
metric,"round_493",rejected_conflicts,68,
metric,"round_493",repartitioned,0,
metric,"round_494",interior_edge_fraction,0.970326,
metric,"round_494",boundary_edge_fraction,0.0296743,
metric,"round_494",partition_load_imbalance,1.48372,
metric,"round_494",local_queue_size,8698,
metric,"round_494",boundary_queue_size,266,
metric,"round_494",accepted_local_collapses,128,
metric,"round_494",accepted_boundary_collapses,12,
metric,"round_494",skipped_boundary_edges,0,
metric,"round_494",rejected_conflicts,255,
metric,"round_494",repartitioned,1,
metric,"round_495",interior_edge_fraction,0.764864,
metric,"round_495",boundary_edge_fraction,0.235136,
metric,"round_495",partition_load_imbalance,1.69152,
metric,"round_495",local_queue_size,6535,
metric,"round_495",boundary_queue_size,2009,
metric,"round_495",accepted_local_collapses,128,
metric,"round_495",accepted_boundary_collapses,32,
metric,"round_495",skipped_boundary_edges,0,
metric,"round_495",rejected_conflicts,59,
metric,"round_495",repartitioned,0,
metric,"round_496",interior_edge_fraction,0.970238,
metric,"round_496",boundary_edge_fraction,0.0297619,
metric,"round_496",partition_load_imbalance,1.51495,
metric,"round_496",local_queue_size,7824,
metric,"round_496",boundary_queue_size,240,
metric,"round_496",accepted_local_collapses,128,
metric,"round_496",accepted_boundary_collapses,9,
metric,"round_496",skipped_boundary_edges,0,
metric,"round_496",rejected_conflicts,263,
metric,"round_496",repartitioned,1,
metric,"round_497",interior_edge_fraction,0.967072,
metric,"round_497",boundary_edge_fraction,0.0329283,
metric,"round_497",partition_load_imbalance,1.53459,
metric,"round_497",local_queue_size,7401,
metric,"round_497",boundary_queue_size,252,
metric,"round_497",accepted_local_collapses,128,
metric,"round_497",accepted_boundary_collapses,9,
metric,"round_497",skipped_boundary_edges,0,
metric,"round_497",rejected_conflicts,272,
metric,"round_497",repartitioned,1,
metric,"round_498",interior_edge_fraction,0.967688,
metric,"round_498",boundary_edge_fraction,0.0323115,
metric,"round_498",partition_load_imbalance,1.5708,
metric,"round_498",local_queue_size,7008,
metric,"round_498",boundary_queue_size,234,
metric,"round_498",accepted_local_collapses,128,
metric,"round_498",accepted_boundary_collapses,9,
metric,"round_498",skipped_boundary_edges,0,
metric,"round_498",rejected_conflicts,253,
metric,"round_498",repartitioned,1,
metric,"round_499",interior_edge_fraction,0.963841,
metric,"round_499",boundary_edge_fraction,0.0361587,
metric,"round_499",partition_load_imbalance,1.63994,
metric,"round_499",local_queue_size,6584,
metric,"round_499",boundary_queue_size,247,
metric,"round_499",accepted_local_collapses,128,
metric,"round_499",accepted_boundary_collapses,9,
metric,"round_499",skipped_boundary_edges,0,
metric,"round_499",rejected_conflicts,270,
metric,"round_499",repartitioned,1,
metric,"round_500",interior_edge_fraction,0.965421,
metric,"round_500",boundary_edge_fraction,0.0345794,
metric,"round_500",partition_load_imbalance,1.68894,
metric,"round_500",local_queue_size,6198,
metric,"round_500",boundary_queue_size,222,
metric,"round_500",accepted_local_collapses,128,
metric,"round_500",accepted_boundary_collapses,8,
metric,"round_500",skipped_boundary_edges,0,
metric,"round_500",rejected_conflicts,244,
metric,"round_500",repartitioned,1,
metric,"round_501",interior_edge_fraction,0.961577,
metric,"round_501",boundary_edge_fraction,0.0384232,
metric,"round_501",partition_load_imbalance,1.77399,
metric,"round_501",local_queue_size,5781,
metric,"round_501",boundary_queue_size,231,
metric,"round_501",accepted_local_collapses,128,
metric,"round_501",accepted_boundary_collapses,8,
metric,"round_501",skipped_boundary_edges,0,
metric,"round_501",rejected_conflicts,307,
metric,"round_501",repartitioned,1,
metric,"round_502",interior_edge_fraction,0.959136,
metric,"round_502",boundary_edge_fraction,0.0408637,
metric,"round_502",partition_load_imbalance,1.84693,
metric,"round_502",local_queue_size,5375,
metric,"round_502",boundary_queue_size,229,
metric,"round_502",accepted_local_collapses,128,
metric,"round_502",accepted_boundary_collapses,8,
metric,"round_502",skipped_boundary_edges,0,
metric,"round_502",rejected_conflicts,325,
metric,"round_502",repartitioned,1,
metric,"round_503",interior_edge_fraction,0.959007,
metric,"round_503",boundary_edge_fraction,0.0409931,
metric,"round_503",partition_load_imbalance,1.94678,
metric,"round_503",local_queue_size,4983,
metric,"round_503",boundary_queue_size,213,
metric,"round_503",accepted_local_collapses,128,
metric,"round_503",accepted_boundary_collapses,8,
metric,"round_503",skipped_boundary_edges,0,
metric,"round_503",rejected_conflicts,308,
metric,"round_503",repartitioned,1,
metric,"round_504",interior_edge_fraction,0.958855,
metric,"round_504",boundary_edge_fraction,0.0411445,
metric,"round_504",partition_load_imbalance,2.0709,
metric,"round_504",local_queue_size,4591,
metric,"round_504",boundary_queue_size,197,
metric,"round_504",accepted_local_collapses,128,
metric,"round_504",accepted_boundary_collapses,7,
metric,"round_504",skipped_boundary_edges,0,
metric,"round_504",rejected_conflicts,322,
metric,"round_504",repartitioned,1,
metric,"round_505",interior_edge_fraction,0.955282,
metric,"round_505",boundary_edge_fraction,0.0447182,
metric,"round_505",partition_load_imbalance,2.25837,
metric,"round_505",local_queue_size,4187,
metric,"round_505",boundary_queue_size,196,
metric,"round_505",accepted_local_collapses,128,
metric,"round_505",accepted_boundary_collapses,7,
metric,"round_505",skipped_boundary_edges,0,
metric,"round_505",rejected_conflicts,352,
metric,"round_505",repartitioned,1,
metric,"round_506",interior_edge_fraction,0.954248,
metric,"round_506",boundary_edge_fraction,0.0457516,
metric,"round_506",partition_load_imbalance,2.48897,
metric,"round_506",local_queue_size,3796,
metric,"round_506",boundary_queue_size,182,
metric,"round_506",accepted_local_collapses,128,
metric,"round_506",accepted_boundary_collapses,7,
metric,"round_506",skipped_boundary_edges,0,
metric,"round_506",rejected_conflicts,573,
metric,"round_506",repartitioned,1,
metric,"round_507",interior_edge_fraction,0.949062,
metric,"round_507",boundary_edge_fraction,0.0509376,
metric,"round_507",partition_load_imbalance,2.87543,
metric,"round_507",local_queue_size,3391,
metric,"round_507",boundary_queue_size,182,
metric,"round_507",accepted_local_collapses,118,
metric,"round_507",accepted_boundary_collapses,7,
metric,"round_507",skipped_boundary_edges,0,
metric,"round_507",rejected_conflicts,955,
metric,"round_507",repartitioned,1,
metric,"round_508",interior_edge_fraction,0.948093,
metric,"round_508",boundary_edge_fraction,0.0519074,
metric,"round_508",partition_load_imbalance,3.18207,
metric,"round_508",local_queue_size,3032,
metric,"round_508",boundary_queue_size,166,
metric,"round_508",accepted_local_collapses,116,
metric,"round_508",accepted_boundary_collapses,6,
metric,"round_508",skipped_boundary_edges,0,
metric,"round_508",rejected_conflicts,789,
metric,"round_508",repartitioned,1,
metric,"round_509",interior_edge_fraction,0.934675,
metric,"round_509",boundary_edge_fraction,0.0653249,
metric,"round_509",partition_load_imbalance,3.87477,
metric,"round_509",local_queue_size,2647,
metric,"round_509",boundary_queue_size,185,
metric,"round_509",accepted_local_collapses,97,
metric,"round_509",accepted_boundary_collapses,8,
metric,"round_509",skipped_boundary_edges,0,
metric,"round_509",rejected_conflicts,652,
metric,"round_509",repartitioned,1,
metric,"round_510",interior_edge_fraction,0.93524,
metric,"round_510",boundary_edge_fraction,0.0647596,
metric,"round_510",partition_load_imbalance,4.3018,
metric,"round_510",local_queue_size,2354,
metric,"round_510",boundary_queue_size,163,
metric,"round_510",accepted_local_collapses,92,
metric,"round_510",accepted_boundary_collapses,6,
metric,"round_510",skipped_boundary_edges,0,
metric,"round_510",rejected_conflicts,531,
metric,"round_510",repartitioned,1,
metric,"round_511",interior_edge_fraction,0.926676,
metric,"round_511",boundary_edge_fraction,0.0733243,
metric,"round_511",partition_load_imbalance,4.70637,
metric,"round_511",local_queue_size,2060,
metric,"round_511",boundary_queue_size,163,
metric,"round_511",accepted_local_collapses,88,
metric,"round_511",accepted_boundary_collapses,5,
metric,"round_511",skipped_boundary_edges,0,
metric,"round_511",rejected_conflicts,554,
metric,"round_511",repartitioned,1,
metric,"round_512",interior_edge_fraction,0.921296,
metric,"round_512",boundary_edge_fraction,0.0787037,
metric,"round_512",partition_load_imbalance,5.26224,
metric,"round_512",local_queue_size,1791,
metric,"round_512",boundary_queue_size,153,
metric,"round_512",accepted_local_collapses,82,
metric,"round_512",accepted_boundary_collapses,6,
metric,"round_512",skipped_boundary_edges,0,
metric,"round_512",rejected_conflicts,499,
metric,"round_512",repartitioned,1,
metric,"round_513",interior_edge_fraction,0.916071,
metric,"round_513",boundary_edge_fraction,0.0839286,
metric,"round_513",partition_load_imbalance,5.72052,
metric,"round_513",local_queue_size,1539,
metric,"round_513",boundary_queue_size,141,
metric,"round_513",accepted_local_collapses,78,
metric,"round_513",accepted_boundary_collapses,5,
metric,"round_513",skipped_boundary_edges,0,
metric,"round_513",rejected_conflicts,446,
metric,"round_513",repartitioned,1,
metric,"round_514",interior_edge_fraction,0.907757,
metric,"round_514",boundary_edge_fraction,0.0922432,
metric,"round_514",partition_load_imbalance,5.76562,
metric,"round_514",local_queue_size,1299,
metric,"round_514",boundary_queue_size,132,
metric,"round_514",accepted_local_collapses,75,
metric,"round_514",accepted_boundary_collapses,5,
metric,"round_514",skipped_boundary_edges,0,
metric,"round_514",rejected_conflicts,501,
metric,"round_514",repartitioned,1,
metric,"round_515",interior_edge_fraction,0.897565,
metric,"round_515",boundary_edge_fraction,0.102435,
metric,"round_515",partition_load_imbalance,5.76582,
metric,"round_515",local_queue_size,1069,
metric,"round_515",boundary_queue_size,122,
metric,"round_515",accepted_local_collapses,40,
metric,"round_515",accepted_boundary_collapses,0,
metric,"round_515",skipped_boundary_edges,0,
metric,"round_515",rejected_conflicts,939,
metric,"round_515",repartitioned,1,
